card_id,role_label,role_summary,deck_usage_summary,price_value,price_currency,price_source,price_url,updated_at,meta_relevance_score,top_leaders_json,rulings_summary,price_trend_note,confidence_score,source_summary,last_verified_at,legality_state,legality_note,rulings_sources_json,usage_profile_json,section_confidence_json,source_agreement_json,projection_sections_json,projection_source_updated_at,last_sync_reason,last_sync_mode,last_priority_score,last_priority_context_json,publication_readiness,publication_guardrail,publication_rationale,publication_updated_at,approval_state,promotion_state,promotion_rationale,promotion_updated_at,publication_candidate_score,publication_candidate_score_band,publication_candidate_profile,publication_candidate_reasons_json,publication_candidate_risks_json,publication_candidate_updated_at,publish_status,publish_reasons_json,publish_risks_json,publish_payload_json,publish_updated_at,dossier_gap_class,dossier_gap_tags_json,coverage_value_score,coverage_value_band,coverage_gap_summary,revalidation_status,revalidation_reason,revalidation_priority_score,revalidation_priority_bucket,revalidation_updated_at
1,,,,,,,,2026-03-22 02:13:36,,[],,,0.95,"{""agreement_level"": ""full"", ""sections"": {""identity"": 6, ""legality"": 0, ""market"": 0, ""rulings"": 0, ""usage"": 0}, ""source_count"": 3, ""total_sources"": 6}",2026-03-22 02:13:36,,,[],"{""leader_count"": 0, ""meta_relevance_score"": null, ""top_leaders"": [], ""tracked_deck_count"": 0}","{""identity"": 0.95, ""legality"": 0.0, ""market"": 0.0, ""rulings"": 0.0, ""text_effects"": 0.95, ""translation"": 0.0, ""usage_meta"": 0.0}","{""agree_count"": 9, ""agreement_level"": ""full"", ""card_code"": ""EB01-001"", ""checked_fields"": [""card_name"", ""set_code"", ""set_name"", ""rarity"", ""color"", ""card_type"", ""cost"", ""power"", ""counter"", ""attribute"", ""traits"", ""life"", ""effect_text"", ""trigger_text""], ""conflict_count"": 0, ""source_count"": 3}","[""identity"", ""text_effects"", ""provenance""]",2026-03-22 02:13:36,leader_staple_meta_followup,incremental,479.55,"{""priority_bucket"": ""critical"", ""priority_factors"": {""agreement_level"": ""full"", ""available_sections"": [""identity"", ""text_effects""], ""base_priority"": 340, ""candidate_sections"": [""identity""], ""canonical_confidence"": 0.93, ""gap_class"": ""missing_usage_meta"", ""is_leader"": true, ""leader_significance"": true, ""legality_sensitive"": false, ""missing_sections"": [], ""priority_objectives"": [""usage_meta_fill"", ""leader_profile_expand"", ""stale_refresh""], ""publication_proximity"": false, ""reason"": ""leader_staple_meta_followup"", ""source_count"": 3, ""stale_promising"": true, ""thin_source_support"": false}, ""priority_objectives"": [""usage_meta_fill"", ""leader_profile_expand"", ""stale_refresh""], ""priority_summary"": ""leader_staple_meta_followup: confidence=0.93, sources=3, gap=missing_usage_meta, leader-significant, stale-but-promising"", ""selection_reasons"": [""gap=missing_usage_meta"", ""leader-significant"", ""stale-but-promising""]}",blocked_by_guardrail,Blocked,The card does not yet have enough dossier-backed sections for a safe publish-oriented recommendation.,2026-03-19T22:37:03Z,,blocked_from_promotion,Current readiness guardrails block this item from future promotion.,2026-03-19T22:37:03Z,0.0,blocked,blocked,"[""Confidence is strong at 0.93.""]","[""Current readiness guardrails still block this candidate."", ""Source agreement is only single_source."", ""Only a narrow slice of the dossier is populated."", ""Strict insight output still falls back to insufficient data.""]",2026-03-19T22:37:03Z,publish_blocked,"[""The final publish gate is blocked by current guardrails or weak evidence."", ""Confidence clears the publish gate at 0.93.""]","[""Source agreement remains single_source."", ""Source support is still thin for a final release gate."", ""Current readiness guardrails still block this candidate."", ""Source agreement is only single_source."", ""Only a narrow slice of the dossier is populated.""]","{""approval_state"": """", ""card_id"": ""EB01-001"", ""confidence_indicators"": {""agreement_level"": ""single_source"", ""confidence_level"": ""high"", ""last_verified_at"": ""2026-03-16 12:21:58"", ""score"": 0.93, ""source_count"": 1}, ""flags"": {""confidence_level"": ""high"", ""legality_sensitive"": false, ""review_required"": false}, ""insight_summary"": ""Not enough verified data yet."", ""name"": ""Kouzuki Oden"", ""promotion_state"": ""blocked_from_promotion"", ""publish_status"": ""publish_blocked"", ""score"": 0.0, ""score_band"": ""blocked"", ""source_attribution"": {""agreement_level"": ""single_source"", ""source_count"": 1, ""source_summary"": ""{'total_sources': 1, 'agreement_level': 'single_source', 'source_count': 0, 'sections': {'identity': 1, 'rulings': 0, 'legality': 0, 'usage': 0, 'market': 0}}""}, ""supporting_sections"": []}",2026-03-19T22:37:03Z,missing_usage_meta,"[""thin_source_support"", ""missing_usage_meta"", ""ready_for_revalidation""]",100.0,high_value,"missing usage meta: leader card, sources=1, objectives=usage_meta_fill,leader_profile_expand,source_depth_fill",recheck_soon,Usage and meta coverage would materially improve this high-value card.,182.0,critical,2026-03-19T22:37:03Z
2,,,,,,,,2026-03-22 02:13:40,,[],,,0.95,"{""agreement_level"": ""full"", ""sections"": {""identity"": 6, ""legality"": 0, ""market"": 0, ""rulings"": 0, ""usage"": 0}, ""source_count"": 3, ""total_sources"": 6}",2026-03-22 02:13:40,,,[],"{""leader_count"": 0, ""meta_relevance_score"": null, ""top_leaders"": [], ""tracked_deck_count"": 0}","{""identity"": 0.95, ""legality"": 0.0, ""market"": 0.0, ""rulings"": 0.0, ""text_effects"": 0.95, ""translation"": 0.0, ""usage_meta"": 0.0}","{""agree_count"": 9, ""agreement_level"": ""full"", ""card_code"": ""EB01-002"", ""checked_fields"": [""card_name"", ""set_code"", ""set_name"", ""rarity"", ""color"", ""card_type"", ""cost"", ""power"", ""counter"", ""attribute"", ""traits"", ""life"", ""effect_text"", ""trigger_text""], ""conflict_count"": 0, ""source_count"": 3}","[""identity"", ""text_effects"", ""provenance""]",2026-03-22 02:13:40,publish_eligible_allowlist,publish_eligible_allowlist,800.0,"{""priority_bucket"": ""high"", ""priority_factors"": {""base_priority"": 800, ""reason"": ""publish_eligible_allowlist""}, ""priority_objectives"": [], ""priority_summary"": ""Bounded allowlist sync: explicit card codes only (operator-safe publication path)."", ""selection_reasons"": []}",,,,,,,,,,,,[],[],,,[],[],{},,,[],,,,,,,,
3,,,,,,,,2026-03-22 02:13:43,,[],,,0.93,"{""agreement_level"": ""full"", ""sections"": {""identity"": 6, ""legality"": 0, ""market"": 0, ""rulings"": 0, ""usage"": 0}, ""source_count"": 3, ""total_sources"": 6}",2026-03-22 02:13:43,,,[],"{""leader_count"": 0, ""meta_relevance_score"": null, ""top_leaders"": [], ""tracked_deck_count"": 0}","{""identity"": 0.93, ""legality"": 0.0, ""market"": 0.0, ""rulings"": 0.0, ""text_effects"": 0.93, ""translation"": 0.0, ""usage_meta"": 0.0}","{""agree_count"": 9, ""agreement_level"": ""full"", ""card_code"": ""EB01-003"", ""checked_fields"": [""card_name"", ""set_code"", ""set_name"", ""rarity"", ""color"", ""card_type"", ""cost"", ""power"", ""counter"", ""attribute"", ""traits"", ""life"", ""effect_text"", ""trigger_text""], ""conflict_count"": 0, ""source_count"": 3}","[""identity"", ""text_effects"", ""provenance""]",2026-03-22 02:13:43,publish_eligible_allowlist,publish_eligible_allowlist,800.0,"{""priority_bucket"": ""high"", ""priority_factors"": {""base_priority"": 800, ""reason"": ""publish_eligible_allowlist""}, ""priority_objectives"": [], ""priority_summary"": ""Bounded allowlist sync: explicit card codes only (operator-safe publication path)."", ""selection_reasons"": []}",,,,,,,,,,,,[],[],,,[],[],{},,,[],,,,,,,,
4,,,,,,,,2026-03-22 02:13:46,,[],,,0.93,"{""agreement_level"": ""full"", ""sections"": {""identity"": 6, ""legality"": 0, ""market"": 0, ""rulings"": 0, ""usage"": 0}, ""source_count"": 3, ""total_sources"": 6}",2026-03-22 02:13:46,,,[],"{""leader_count"": 0, ""meta_relevance_score"": null, ""top_leaders"": [], ""tracked_deck_count"": 0}","{""identity"": 0.93, ""legality"": 0.0, ""market"": 0.0, ""rulings"": 0.0, ""text_effects"": 0.93, ""translation"": 0.0, ""usage_meta"": 0.0}","{""agree_count"": 10, ""agreement_level"": ""full"", ""card_code"": ""EB01-004"", ""checked_fields"": [""card_name"", ""set_code"", ""set_name"", ""rarity"", ""color"", ""card_type"", ""cost"", ""power"", ""counter"", ""attribute"", ""traits"", ""life"", ""effect_text"", ""trigger_text""], ""conflict_count"": 0, ""source_count"": 3}","[""identity"", ""text_effects"", ""provenance""]",2026-03-22 02:13:46,publish_eligible_allowlist,publish_eligible_allowlist,800.0,"{""priority_bucket"": ""high"", ""priority_factors"": {""base_priority"": 800, ""reason"": ""publish_eligible_allowlist""}, ""priority_objectives"": [], ""priority_summary"": ""Bounded allowlist sync: explicit card codes only (operator-safe publication path)."", ""selection_reasons"": []}",,,,,,,,,,,,[],[],,,[],[],{},,,[],,,,,,,,
5,,,,,,,,2026-03-22 02:13:49,,[],,,0.95,"{""agreement_level"": ""full"", ""sections"": {""identity"": 6, ""legality"": 0, ""market"": 0, ""rulings"": 0, ""usage"": 0}, ""source_count"": 3, ""total_sources"": 6}",2026-03-22 02:13:49,,,[],"{""leader_count"": 0, ""meta_relevance_score"": null, ""top_leaders"": [], ""tracked_deck_count"": 0}","{""identity"": 0.95, ""legality"": 0.0, ""market"": 0.0, ""rulings"": 0.0, ""text_effects"": 0.95, ""translation"": 0.0, ""usage_meta"": 0.0}","{""agree_count"": 9, ""agreement_level"": ""full"", ""card_code"": ""EB01-005"", ""checked_fields"": [""card_name"", ""set_code"", ""set_name"", ""rarity"", ""color"", ""card_type"", ""cost"", ""power"", ""counter"", ""attribute"", ""traits"", ""life"", ""effect_text"", ""trigger_text""], ""conflict_count"": 0, ""source_count"": 3}","[""identity"", ""text_effects"", ""provenance""]",2026-03-22 02:13:49,publish_eligible_allowlist,publish_eligible_allowlist,800.0,"{""priority_bucket"": ""high"", ""priority_factors"": {""base_priority"": 800, ""reason"": ""publish_eligible_allowlist""}, ""priority_objectives"": [], ""priority_summary"": ""Bounded allowlist sync: explicit card codes only (operator-safe publication path)."", ""selection_reasons"": []}",,,,,,,,,,,,[],[],,,[],[],{},,,[],,,,,,,,
6,,,,,,,,2026-03-22 02:13:53,,[],,,0.93,"{""agreement_level"": ""full"", ""sections"": {""identity"": 6, ""legality"": 0, ""market"": 0, ""rulings"": 0, ""usage"": 0}, ""source_count"": 3, ""total_sources"": 6}",2026-03-22 02:13:53,,,[],"{""leader_count"": 0, ""meta_relevance_score"": null, ""top_leaders"": [], ""tracked_deck_count"": 0}","{""identity"": 0.93, ""legality"": 0.0, ""market"": 0.0, ""rulings"": 0.0, ""text_effects"": 0.93, ""translation"": 0.0, ""usage_meta"": 0.0}","{""agree_count"": 10, ""agreement_level"": ""full"", ""card_code"": ""EB01-006"", ""checked_fields"": [""card_name"", ""set_code"", ""set_name"", ""rarity"", ""color"", ""card_type"", ""cost"", ""power"", ""counter"", ""attribute"", ""traits"", ""life"", ""effect_text"", ""trigger_text""], ""conflict_count"": 0, ""source_count"": 3}","[""identity"", ""text_effects"", ""provenance""]",2026-03-22 02:13:53,publish_eligible_allowlist,publish_eligible_allowlist,800.0,"{""priority_bucket"": ""high"", ""priority_factors"": {""base_priority"": 800, ""reason"": ""publish_eligible_allowlist""}, ""priority_objectives"": [], ""priority_summary"": ""Bounded allowlist sync: explicit card codes only (operator-safe publication path)."", ""selection_reasons"": []}",,,,,,,,,,,,[],[],,,[],[],{},,,[],,,,,,,,
7,,,,,,,,2026-03-22 02:13:56,,[],,,0.93,"{""agreement_level"": ""full"", ""sections"": {""identity"": 6, ""legality"": 0, ""market"": 0, ""rulings"": 0, ""usage"": 0}, ""source_count"": 3, ""total_sources"": 6}",2026-03-22 02:13:56,,,[],"{""leader_count"": 0, ""meta_relevance_score"": null, ""top_leaders"": [], ""tracked_deck_count"": 0}","{""identity"": 0.93, ""legality"": 0.0, ""market"": 0.0, ""rulings"": 0.0, ""text_effects"": 0.93, ""translation"": 0.0, ""usage_meta"": 0.0}","{""agree_count"": 10, ""agreement_level"": ""full"", ""card_code"": ""EB01-007"", ""checked_fields"": [""card_name"", ""set_code"", ""set_name"", ""rarity"", ""color"", ""card_type"", ""cost"", ""power"", ""counter"", ""attribute"", ""traits"", ""life"", ""effect_text"", ""trigger_text""], ""conflict_count"": 0, ""source_count"": 3}","[""identity"", ""text_effects"", ""provenance""]",2026-03-22 02:13:56,publish_eligible_allowlist,publish_eligible_allowlist,800.0,"{""priority_bucket"": ""high"", ""priority_factors"": {""base_priority"": 800, ""reason"": ""publish_eligible_allowlist""}, ""priority_objectives"": [], ""priority_summary"": ""Bounded allowlist sync: explicit card codes only (operator-safe publication path)."", ""selection_reasons"": []}",,,,,,,,,,,,[],[],,,[],[],{},,,[],,,,,,,,
8,,,,,,,,2026-03-22 02:13:59,,[],,,0.93,"{""agreement_level"": ""full"", ""sections"": {""identity"": 6, ""legality"": 0, ""market"": 0, ""rulings"": 0, ""usage"": 0}, ""source_count"": 3, ""total_sources"": 6}",2026-03-22 02:13:59,,,[],"{""leader_count"": 0, ""meta_relevance_score"": null, ""top_leaders"": [], ""tracked_deck_count"": 0}","{""identity"": 0.93, ""legality"": 0.0, ""market"": 0.0, ""rulings"": 0.0, ""text_effects"": 0.93, ""translation"": 0.0, ""usage_meta"": 0.0}","{""agree_count"": 10, ""agreement_level"": ""full"", ""card_code"": ""EB01-008"", ""checked_fields"": [""card_name"", ""set_code"", ""set_name"", ""rarity"", ""color"", ""card_type"", ""cost"", ""power"", ""counter"", ""attribute"", ""traits"", ""life"", ""effect_text"", ""trigger_text""], ""conflict_count"": 0, ""source_count"": 3}","[""identity"", ""text_effects"", ""provenance""]",2026-03-22 02:13:59,publish_eligible_allowlist,publish_eligible_allowlist,800.0,"{""priority_bucket"": ""high"", ""priority_factors"": {""base_priority"": 800, ""reason"": ""publish_eligible_allowlist""}, ""priority_objectives"": [], ""priority_summary"": ""Bounded allowlist sync: explicit card codes only (operator-safe publication path)."", ""selection_reasons"": []}",,,,,,,,,,,,[],[],,,[],[],{},,,[],,,,,,,,
9,,,,,,,,2026-03-22 02:14:02,,[],,,0.93,"{""agreement_level"": ""full"", ""sections"": {""identity"": 6, ""legality"": 0, ""market"": 0, ""rulings"": 0, ""usage"": 0}, ""source_count"": 3, ""total_sources"": 6}",2026-03-22 02:14:02,,,[],"{""leader_count"": 0, ""meta_relevance_score"": null, ""top_leaders"": [], ""tracked_deck_count"": 0}","{""identity"": 0.93, ""legality"": 0.0, ""market"": 0.0, ""rulings"": 0.0, ""text_effects"": 0.93, ""translation"": 0.0, ""usage_meta"": 0.0}","{""agree_count"": 8, ""agreement_level"": ""full"", ""card_code"": ""EB01-009"", ""checked_fields"": [""card_name"", ""set_code"", ""set_name"", ""rarity"", ""color"", ""card_type"", ""cost"", ""power"", ""counter"", ""attribute"", ""traits"", ""life"", ""effect_text"", ""trigger_text""], ""conflict_count"": 0, ""source_count"": 3}","[""identity"", ""text_effects"", ""provenance""]",2026-03-22 02:14:02,publish_eligible_allowlist,publish_eligible_allowlist,800.0,"{""priority_bucket"": ""high"", ""priority_factors"": {""base_priority"": 800, ""reason"": ""publish_eligible_allowlist""}, ""priority_objectives"": [], ""priority_summary"": ""Bounded allowlist sync: explicit card codes only (operator-safe publication path)."", ""selection_reasons"": []}",,,,,,,,,,,,[],[],,,[],[],{},,,[],,,,,,,,
10,,,,,,,,2026-03-22 02:14:04,,[],,,0.93,"{""agreement_level"": ""full"", ""sections"": {""identity"": 6, ""legality"": 0, ""market"": 0, ""rulings"": 0, ""usage"": 0}, ""source_count"": 3, ""total_sources"": 6}",2026-03-22 02:14:04,,,[],"{""leader_count"": 0, ""meta_relevance_score"": null, ""top_leaders"": [], ""tracked_deck_count"": 0}","{""identity"": 0.93, ""legality"": 0.0, ""market"": 0.0, ""rulings"": 0.0, ""text_effects"": 0.93, ""translation"": 0.0, ""usage_meta"": 0.0}","{""agree_count"": 8, ""agreement_level"": ""full"", ""card_code"": ""EB01-010"", ""checked_fields"": [""card_name"", ""set_code"", ""set_name"", ""rarity"", ""color"", ""card_type"", ""cost"", ""power"", ""counter"", ""attribute"", ""traits"", ""life"", ""effect_text"", ""trigger_text""], ""conflict_count"": 0, ""source_count"": 3}","[""identity"", ""text_effects"", ""provenance""]",2026-03-22 02:14:04,publish_eligible_allowlist,publish_eligible_allowlist,800.0,"{""priority_bucket"": ""high"", ""priority_factors"": {""base_priority"": 800, ""reason"": ""publish_eligible_allowlist""}, ""priority_objectives"": [], ""priority_summary"": ""Bounded allowlist sync: explicit card codes only (operator-safe publication path)."", ""selection_reasons"": []}",,,,,,,,,,,,[],[],,,[],[],{},,,[],,,,,,,,
11,,,,,,,,2026-03-22 02:14:07,,[],,,0.93,"{""agreement_level"": ""full"", ""sections"": {""identity"": 6, ""legality"": 0, ""market"": 0, ""rulings"": 0, ""usage"": 0}, ""source_count"": 3, ""total_sources"": 6}",2026-03-22 02:14:07,,,[],"{""leader_count"": 0, ""meta_relevance_score"": null, ""top_leaders"": [], ""tracked_deck_count"": 0}","{""identity"": 0.93, ""legality"": 0.0, ""market"": 0.0, ""rulings"": 0.0, ""text_effects"": 0.93, ""translation"": 0.0, ""usage_meta"": 0.0}","{""agree_count"": 8, ""agreement_level"": ""full"", ""card_code"": ""EB01-011"", ""checked_fields"": [""card_name"", ""set_code"", ""set_name"", ""rarity"", ""color"", ""card_type"", ""cost"", ""power"", ""counter"", ""attribute"", ""traits"", ""life"", ""effect_text"", ""trigger_text""], ""conflict_count"": 0, ""source_count"": 3}","[""identity"", ""text_effects"", ""provenance""]",2026-03-22 02:14:07,publish_eligible_allowlist,publish_eligible_allowlist,800.0,"{""priority_bucket"": ""high"", ""priority_factors"": {""base_priority"": 800, ""reason"": ""publish_eligible_allowlist""}, ""priority_objectives"": [], ""priority_summary"": ""Bounded allowlist sync: explicit card codes only (operator-safe publication path)."", ""selection_reasons"": []}",,,,,,,,,,,,[],[],,,[],[],{},,,[],,,,,,,,
12,,,,,,,,2026-03-22 02:14:10,,[],,,0.95,"{""agreement_level"": ""full"", ""sections"": {""identity"": 6, ""legality"": 0, ""market"": 0, ""rulings"": 0, ""usage"": 0}, ""source_count"": 3, ""total_sources"": 6}",2026-03-22 02:14:10,,,[],"{""leader_count"": 0, ""meta_relevance_score"": null, ""top_leaders"": [], ""tracked_deck_count"": 0}","{""identity"": 0.95, ""legality"": 0.0, ""market"": 0.0, ""rulings"": 0.0, ""text_effects"": 0.95, ""translation"": 0.0, ""usage_meta"": 0.0}","{""agree_count"": 10, ""agreement_level"": ""full"", ""card_code"": ""EB01-012"", ""checked_fields"": [""card_name"", ""set_code"", ""set_name"", ""rarity"", ""color"", ""card_type"", ""cost"", ""power"", ""counter"", ""attribute"", ""traits"", ""life"", ""effect_text"", ""trigger_text""], ""conflict_count"": 0, ""source_count"": 3}","[""identity"", ""text_effects"", ""provenance""]",2026-03-22 02:14:10,publish_eligible_allowlist,publish_eligible_allowlist,800.0,"{""priority_bucket"": ""high"", ""priority_factors"": {""base_priority"": 800, ""reason"": ""publish_eligible_allowlist""}, ""priority_objectives"": [], ""priority_summary"": ""Bounded allowlist sync: explicit card codes only (operator-safe publication path)."", ""selection_reasons"": []}",,,,,,,,,,,,[],[],,,[],[],{},,,[],,,,,,,,
13,,,,,,,,2026-03-22 02:14:13,,[],,,0.95,"{""agreement_level"": ""full"", ""sections"": {""identity"": 6, ""legality"": 0, ""market"": 0, ""rulings"": 0, ""usage"": 0}, ""source_count"": 3, ""total_sources"": 6}",2026-03-22 02:14:13,,,[],"{""leader_count"": 0, ""meta_relevance_score"": null, ""top_leaders"": [], ""tracked_deck_count"": 0}","{""identity"": 0.95, ""legality"": 0.0, ""market"": 0.0, ""rulings"": 0.0, ""text_effects"": 0.95, ""translation"": 0.0, ""usage_meta"": 0.0}","{""agree_count"": 10, ""agreement_level"": ""full"", ""card_code"": ""EB01-013"", ""checked_fields"": [""card_name"", ""set_code"", ""set_name"", ""rarity"", ""color"", ""card_type"", ""cost"", ""power"", ""counter"", ""attribute"", ""traits"", ""life"", ""effect_text"", ""trigger_text""], ""conflict_count"": 0, ""source_count"": 3}","[""identity"", ""text_effects"", ""provenance""]",2026-03-22 02:14:13,publish_eligible_allowlist,publish_eligible_allowlist,800.0,"{""priority_bucket"": ""high"", ""priority_factors"": {""base_priority"": 800, ""reason"": ""publish_eligible_allowlist""}, ""priority_objectives"": [], ""priority_summary"": ""Bounded allowlist sync: explicit card codes only (operator-safe publication path)."", ""selection_reasons"": []}",,,,,,,,,,,,[],[],,,[],[],{},,,[],,,,,,,,
14,,,,,,,,2026-03-22 02:14:16,,[],,,0.95,"{""agreement_level"": ""full"", ""sections"": {""identity"": 6, ""legality"": 0, ""market"": 0, ""rulings"": 0, ""usage"": 0}, ""source_count"": 3, ""total_sources"": 6}",2026-03-22 02:14:16,,,[],"{""leader_count"": 0, ""meta_relevance_score"": null, ""top_leaders"": [], ""tracked_deck_count"": 0}","{""identity"": 0.95, ""legality"": 0.0, ""market"": 0.0, ""rulings"": 0.0, ""text_effects"": 0.95, ""translation"": 0.0, ""usage_meta"": 0.0}","{""agree_count"": 10, ""agreement_level"": ""full"", ""card_code"": ""EB01-014"", ""checked_fields"": [""card_name"", ""set_code"", ""set_name"", ""rarity"", ""color"", ""card_type"", ""cost"", ""power"", ""counter"", ""attribute"", ""traits"", ""life"", ""effect_text"", ""trigger_text""], ""conflict_count"": 0, ""source_count"": 3}","[""identity"", ""text_effects"", ""provenance""]",2026-03-22 02:14:16,publish_eligible_allowlist,publish_eligible_allowlist,800.0,"{""priority_bucket"": ""high"", ""priority_factors"": {""base_priority"": 800, ""reason"": ""publish_eligible_allowlist""}, ""priority_objectives"": [], ""priority_summary"": ""Bounded allowlist sync: explicit card codes only (operator-safe publication path)."", ""selection_reasons"": []}",,,,,,,,,,,,[],[],,,[],[],{},,,[],,,,,,,,
15,,,,,,,,2026-03-22 02:14:19,,[],,,0.95,"{""agreement_level"": ""full"", ""sections"": {""identity"": 6, ""legality"": 0, ""market"": 0, ""rulings"": 0, ""usage"": 0}, ""source_count"": 3, ""total_sources"": 6}",2026-03-22 02:14:19,,,[],"{""leader_count"": 0, ""meta_relevance_score"": null, ""top_leaders"": [], ""tracked_deck_count"": 0}","{""identity"": 0.95, ""legality"": 0.0, ""market"": 0.0, ""rulings"": 0.0, ""text_effects"": 0.95, ""translation"": 0.0, ""usage_meta"": 0.0}","{""agree_count"": 10, ""agreement_level"": ""full"", ""card_code"": ""EB01-015"", ""checked_fields"": [""card_name"", ""set_code"", ""set_name"", ""rarity"", ""color"", ""card_type"", ""cost"", ""power"", ""counter"", ""attribute"", ""traits"", ""life"", ""effect_text"", ""trigger_text""], ""conflict_count"": 0, ""source_count"": 3}","[""identity"", ""text_effects"", ""provenance""]",2026-03-22 02:14:19,publish_eligible_allowlist,publish_eligible_allowlist,800.0,"{""priority_bucket"": ""high"", ""priority_factors"": {""base_priority"": 800, ""reason"": ""publish_eligible_allowlist""}, ""priority_objectives"": [], ""priority_summary"": ""Bounded allowlist sync: explicit card codes only (operator-safe publication path)."", ""selection_reasons"": []}",,,,,,,,,,,,[],[],,,[],[],{},,,[],,,,,,,,
16,,,,,,,,2026-03-22 02:14:22,,[],,,0.95,"{""agreement_level"": ""full"", ""sections"": {""identity"": 6, ""legality"": 0, ""market"": 0, ""rulings"": 0, ""usage"": 0}, ""source_count"": 3, ""total_sources"": 6}",2026-03-22 02:14:22,,,[],"{""leader_count"": 0, ""meta_relevance_score"": null, ""top_leaders"": [], ""tracked_deck_count"": 0}","{""identity"": 0.95, ""legality"": 0.0, ""market"": 0.0, ""rulings"": 0.0, ""text_effects"": 0.95, ""translation"": 0.0, ""usage_meta"": 0.0}","{""agree_count"": 10, ""agreement_level"": ""full"", ""card_code"": ""EB01-016"", ""checked_fields"": [""card_name"", ""set_code"", ""set_name"", ""rarity"", ""color"", ""card_type"", ""cost"", ""power"", ""counter"", ""attribute"", ""traits"", ""life"", ""effect_text"", ""trigger_text""], ""conflict_count"": 0, ""source_count"": 3}","[""identity"", ""text_effects"", ""provenance""]",2026-03-22 02:14:22,publish_eligible_allowlist,publish_eligible_allowlist,800.0,"{""priority_bucket"": ""high"", ""priority_factors"": {""base_priority"": 800, ""reason"": ""publish_eligible_allowlist""}, ""priority_objectives"": [], ""priority_summary"": ""Bounded allowlist sync: explicit card codes only (operator-safe publication path)."", ""selection_reasons"": []}",,,,,,,,,,,,[],[],,,[],[],{},,,[],,,,,,,,
17,,,,,,,,2026-03-22 02:14:25,,[],,,0.95,"{""agreement_level"": ""full"", ""sections"": {""identity"": 6, ""legality"": 0, ""market"": 0, ""rulings"": 0, ""usage"": 0}, ""source_count"": 3, ""total_sources"": 6}",2026-03-22 02:14:25,,,[],"{""leader_count"": 0, ""meta_relevance_score"": null, ""top_leaders"": [], ""tracked_deck_count"": 0}","{""identity"": 0.95, ""legality"": 0.0, ""market"": 0.0, ""rulings"": 0.0, ""text_effects"": 0.95, ""translation"": 0.0, ""usage_meta"": 0.0}","{""agree_count"": 10, ""agreement_level"": ""full"", ""card_code"": ""EB01-017"", ""checked_fields"": [""card_name"", ""set_code"", ""set_name"", ""rarity"", ""color"", ""card_type"", ""cost"", ""power"", ""counter"", ""attribute"", ""traits"", ""life"", ""effect_text"", ""trigger_text""], ""conflict_count"": 0, ""source_count"": 3}","[""identity"", ""text_effects"", ""provenance""]",2026-03-22 02:14:25,publish_eligible_allowlist,publish_eligible_allowlist,800.0,"{""priority_bucket"": ""high"", ""priority_factors"": {""base_priority"": 800, ""reason"": ""publish_eligible_allowlist""}, ""priority_objectives"": [], ""priority_summary"": ""Bounded allowlist sync: explicit card codes only (operator-safe publication path)."", ""selection_reasons"": []}",,,,,,,,,,,,[],[],,,[],[],{},,,[],,,,,,,,
18,,,,,,,,2026-03-22 02:14:28,,[],,,0.93,"{""agreement_level"": ""full"", ""sections"": {""identity"": 6, ""legality"": 0, ""market"": 0, ""rulings"": 0, ""usage"": 0}, ""source_count"": 3, ""total_sources"": 6}",2026-03-22 02:14:28,,,[],"{""leader_count"": 0, ""meta_relevance_score"": null, ""top_leaders"": [], ""tracked_deck_count"": 0}","{""identity"": 0.93, ""legality"": 0.0, ""market"": 0.0, ""rulings"": 0.0, ""text_effects"": 0.93, ""translation"": 0.0, ""usage_meta"": 0.0}","{""agree_count"": 9, ""agreement_level"": ""full"", ""card_code"": ""EB01-018"", ""checked_fields"": [""card_name"", ""set_code"", ""set_name"", ""rarity"", ""color"", ""card_type"", ""cost"", ""power"", ""counter"", ""attribute"", ""traits"", ""life"", ""effect_text"", ""trigger_text""], ""conflict_count"": 0, ""source_count"": 3}","[""identity"", ""text_effects"", ""provenance""]",2026-03-22 02:14:28,publish_eligible_allowlist,publish_eligible_allowlist,800.0,"{""priority_bucket"": ""high"", ""priority_factors"": {""base_priority"": 800, ""reason"": ""publish_eligible_allowlist""}, ""priority_objectives"": [], ""priority_summary"": ""Bounded allowlist sync: explicit card codes only (operator-safe publication path)."", ""selection_reasons"": []}",,,,,,,,,,,,[],[],,,[],[],{},,,[],,,,,,,,
19,,,,,,,,2026-03-22 02:14:31,,[],,,0.93,"{""agreement_level"": ""full"", ""sections"": {""identity"": 6, ""legality"": 0, ""market"": 0, ""rulings"": 0, ""usage"": 0}, ""source_count"": 3, ""total_sources"": 6}",2026-03-22 02:14:31,,,[],"{""leader_count"": 0, ""meta_relevance_score"": null, ""top_leaders"": [], ""tracked_deck_count"": 0}","{""identity"": 0.93, ""legality"": 0.0, ""market"": 0.0, ""rulings"": 0.0, ""text_effects"": 0.93, ""translation"": 0.0, ""usage_meta"": 0.0}","{""agree_count"": 8, ""agreement_level"": ""full"", ""card_code"": ""EB01-019"", ""checked_fields"": [""card_name"", ""set_code"", ""set_name"", ""rarity"", ""color"", ""card_type"", ""cost"", ""power"", ""counter"", ""attribute"", ""traits"", ""life"", ""effect_text"", ""trigger_text""], ""conflict_count"": 0, ""source_count"": 3}","[""identity"", ""text_effects"", ""provenance""]",2026-03-22 02:14:31,publish_eligible_allowlist,publish_eligible_allowlist,800.0,"{""priority_bucket"": ""high"", ""priority_factors"": {""base_priority"": 800, ""reason"": ""publish_eligible_allowlist""}, ""priority_objectives"": [], ""priority_summary"": ""Bounded allowlist sync: explicit card codes only (operator-safe publication path)."", ""selection_reasons"": []}",,,,,,,,,,,,[],[],,,[],[],{},,,[],,,,,,,,
20,,,,,,,,2026-03-22 02:14:33,,[],,,0.93,"{""agreement_level"": ""full"", ""sections"": {""identity"": 6, ""legality"": 0, ""market"": 0, ""rulings"": 0, ""usage"": 0}, ""source_count"": 3, ""total_sources"": 6}",2026-03-22 02:14:33,,,[],"{""leader_count"": 0, ""meta_relevance_score"": null, ""top_leaders"": [], ""tracked_deck_count"": 0}","{""identity"": 0.93, ""legality"": 0.0, ""market"": 0.0, ""rulings"": 0.0, ""text_effects"": 0.93, ""translation"": 0.0, ""usage_meta"": 0.0}","{""agree_count"": 8, ""agreement_level"": ""full"", ""card_code"": ""EB01-020"", ""checked_fields"": [""card_name"", ""set_code"", ""set_name"", ""rarity"", ""color"", ""card_type"", ""cost"", ""power"", ""counter"", ""attribute"", ""traits"", ""life"", ""effect_text"", ""trigger_text""], ""conflict_count"": 0, ""source_count"": 3}","[""identity"", ""text_effects"", ""provenance""]",2026-03-22 02:14:33,publish_eligible_allowlist,publish_eligible_allowlist,800.0,"{""priority_bucket"": ""high"", ""priority_factors"": {""base_priority"": 800, ""reason"": ""publish_eligible_allowlist""}, ""priority_objectives"": [], ""priority_summary"": ""Bounded allowlist sync: explicit card codes only (operator-safe publication path)."", ""selection_reasons"": []}",,,,,,,,,,,,[],[],,,[],[],{},,,[],,,,,,,,
21,,,,,,,,2026-03-22 02:14:36,,[],,,0.93,"{""agreement_level"": ""full"", ""sections"": {""identity"": 6, ""legality"": 0, ""market"": 0, ""rulings"": 0, ""usage"": 0}, ""source_count"": 3, ""total_sources"": 6}",2026-03-22 02:14:36,,,[],"{""leader_count"": 0, ""meta_relevance_score"": null, ""top_leaders"": [], ""tracked_deck_count"": 0}","{""identity"": 0.93, ""legality"": 0.0, ""market"": 0.0, ""rulings"": 0.0, ""text_effects"": 0.93, ""translation"": 0.0, ""usage_meta"": 0.0}","{""agree_count"": 9, ""agreement_level"": ""full"", ""card_code"": ""EB01-021"", ""checked_fields"": [""card_name"", ""set_code"", ""set_name"", ""rarity"", ""color"", ""card_type"", ""cost"", ""power"", ""counter"", ""attribute"", ""traits"", ""life"", ""effect_text"", ""trigger_text""], ""conflict_count"": 0, ""source_count"": 3}","[""identity"", ""text_effects"", ""provenance""]",2026-03-22 02:14:36,leader_staple_meta_followup,incremental,479.55,"{""priority_bucket"": ""critical"", ""priority_factors"": {""agreement_level"": ""full"", ""available_sections"": [""identity"", ""text_effects""], ""base_priority"": 340, ""candidate_sections"": [""identity""], ""canonical_confidence"": 0.93, ""gap_class"": ""missing_usage_meta"", ""is_leader"": true, ""leader_significance"": true, ""legality_sensitive"": false, ""missing_sections"": [], ""priority_objectives"": [""usage_meta_fill"", ""leader_profile_expand"", ""stale_refresh""], ""publication_proximity"": false, ""reason"": ""leader_staple_meta_followup"", ""source_count"": 3, ""stale_promising"": true, ""thin_source_support"": false}, ""priority_objectives"": [""usage_meta_fill"", ""leader_profile_expand"", ""stale_refresh""], ""priority_summary"": ""leader_staple_meta_followup: confidence=0.93, sources=3, gap=missing_usage_meta, leader-significant, stale-but-promising"", ""selection_reasons"": [""gap=missing_usage_meta"", ""leader-significant"", ""stale-but-promising""]}",blocked_by_guardrail,Blocked,The card does not yet have enough dossier-backed sections for a safe publish-oriented recommendation.,2026-03-19T22:37:03Z,,blocked_from_promotion,Current readiness guardrails block this item from future promotion.,2026-03-19T22:37:03Z,0.0,blocked,blocked,"[""Confidence is strong at 0.93.""]","[""Current readiness guardrails still block this candidate."", ""Source agreement is only single_source."", ""Only a narrow slice of the dossier is populated."", ""Strict insight output still falls back to insufficient data.""]",2026-03-19T22:37:03Z,publish_blocked,"[""The final publish gate is blocked by current guardrails or weak evidence."", ""Confidence clears the publish gate at 0.93.""]","[""Source agreement remains single_source."", ""Source support is still thin for a final release gate."", ""Current readiness guardrails still block this candidate."", ""Source agreement is only single_source."", ""Only a narrow slice of the dossier is populated.""]","{""approval_state"": """", ""card_id"": ""EB01-021"", ""confidence_indicators"": {""agreement_level"": ""single_source"", ""confidence_level"": ""high"", ""last_verified_at"": ""2026-03-16 12:21:58"", ""score"": 0.93, ""source_count"": 1}, ""flags"": {""confidence_level"": ""high"", ""legality_sensitive"": false, ""review_required"": false}, ""insight_summary"": ""Not enough verified data yet."", ""name"": ""Hannyabal"", ""promotion_state"": ""blocked_from_promotion"", ""publish_status"": ""publish_blocked"", ""score"": 0.0, ""score_band"": ""blocked"", ""source_attribution"": {""agreement_level"": ""single_source"", ""source_count"": 1, ""source_summary"": ""{'total_sources': 1, 'agreement_level': 'single_source', 'source_count': 0, 'sections': {'identity': 1, 'rulings': 0, 'legality': 0, 'usage': 0, 'market': 0}}""}, ""supporting_sections"": []}",2026-03-19T22:37:03Z,missing_usage_meta,"[""thin_source_support"", ""missing_usage_meta"", ""ready_for_revalidation""]",100.0,high_value,"missing usage meta: leader card, sources=1, objectives=usage_meta_fill,leader_profile_expand,source_depth_fill",recheck_soon,Usage and meta coverage would materially improve this high-value card.,182.0,critical,2026-03-19T22:37:03Z
22,,,,,,,,2026-03-22 02:14:39,,[],,,0.93,"{""agreement_level"": ""full"", ""sections"": {""identity"": 6, ""legality"": 0, ""market"": 0, ""rulings"": 0, ""usage"": 0}, ""source_count"": 3, ""total_sources"": 6}",2026-03-22 02:14:39,,,[],"{""leader_count"": 0, ""meta_relevance_score"": null, ""top_leaders"": [], ""tracked_deck_count"": 0}","{""identity"": 0.93, ""legality"": 0.0, ""market"": 0.0, ""rulings"": 0.0, ""text_effects"": 0.93, ""translation"": 0.0, ""usage_meta"": 0.0}","{""agree_count"": 10, ""agreement_level"": ""full"", ""card_code"": ""EB01-022"", ""checked_fields"": [""card_name"", ""set_code"", ""set_name"", ""rarity"", ""color"", ""card_type"", ""cost"", ""power"", ""counter"", ""attribute"", ""traits"", ""life"", ""effect_text"", ""trigger_text""], ""conflict_count"": 0, ""source_count"": 3}","[""identity"", ""text_effects"", ""provenance""]",2026-03-22 02:14:39,publish_eligible_allowlist,publish_eligible_allowlist,800.0,"{""priority_bucket"": ""high"", ""priority_factors"": {""base_priority"": 800, ""reason"": ""publish_eligible_allowlist""}, ""priority_objectives"": [], ""priority_summary"": ""Bounded allowlist sync: explicit card codes only (operator-safe publication path)."", ""selection_reasons"": []}",,,,,,,,,,,,[],[],,,[],[],{},,,[],,,,,,,,
23,,,,,,,,2026-03-22 02:14:41,,[],,,0.93,"{""agreement_level"": ""conflict"", ""sections"": {""identity"": 6, ""legality"": 0, ""market"": 0, ""rulings"": 0, ""usage"": 0}, ""source_count"": 3, ""total_sources"": 6}",2026-03-22 02:14:41,,,[],"{""leader_count"": 0, ""meta_relevance_score"": null, ""top_leaders"": [], ""tracked_deck_count"": 0}","{""identity"": 0.93, ""legality"": 0.0, ""market"": 0.0, ""rulings"": 0.0, ""text_effects"": 0.93, ""translation"": 0.0, ""usage_meta"": 0.0}","{""agree_count"": 5, ""agreement_level"": ""conflict"", ""card_code"": ""EB01-023"", ""checked_fields"": [""card_name"", ""set_code"", ""set_name"", ""rarity"", ""color"", ""card_type"", ""cost"", ""power"", ""counter"", ""attribute"", ""traits"", ""life"", ""effect_text"", ""trigger_text""], ""conflict_count"": 4, ""source_count"": 3}","[""identity"", ""text_effects"", ""provenance""]",2026-03-22 02:14:41,publish_eligible_allowlist,publish_eligible_allowlist,800.0,"{""priority_bucket"": ""high"", ""priority_factors"": {""base_priority"": 800, ""reason"": ""publish_eligible_allowlist""}, ""priority_objectives"": [], ""priority_summary"": ""Bounded allowlist sync: explicit card codes only (operator-safe publication path)."", ""selection_reasons"": []}",,,,,,,,,,,,[],[],,,[],[],{},,,[],,,,,,,,
24,,,,,,,,2026-03-22 02:14:43,,[],,,0.93,"{""agreement_level"": ""conflict"", ""sections"": {""identity"": 6, ""legality"": 0, ""market"": 0, ""rulings"": 0, ""usage"": 0}, ""source_count"": 3, ""total_sources"": 6}",2026-03-22 02:14:43,,,[],"{""leader_count"": 0, ""meta_relevance_score"": null, ""top_leaders"": [], ""tracked_deck_count"": 0}","{""identity"": 0.93, ""legality"": 0.0, ""market"": 0.0, ""rulings"": 0.0, ""text_effects"": 0.93, ""translation"": 0.0, ""usage_meta"": 0.0}","{""agree_count"": 6, ""agreement_level"": ""conflict"", ""card_code"": ""EB01-024"", ""checked_fields"": [""card_name"", ""set_code"", ""set_name"", ""rarity"", ""color"", ""card_type"", ""cost"", ""power"", ""counter"", ""attribute"", ""traits"", ""life"", ""effect_text"", ""trigger_text""], ""conflict_count"": 4, ""source_count"": 3}","[""identity"", ""text_effects"", ""provenance""]",2026-03-22 02:14:43,publish_eligible_allowlist,publish_eligible_allowlist,800.0,"{""priority_bucket"": ""high"", ""priority_factors"": {""base_priority"": 800, ""reason"": ""publish_eligible_allowlist""}, ""priority_objectives"": [], ""priority_summary"": ""Bounded allowlist sync: explicit card codes only (operator-safe publication path)."", ""selection_reasons"": []}",,,,,,,,,,,,[],[],,,[],[],{},,,[],,,,,,,,
25,,,,,,,,2026-03-22 02:14:46,,[],,,0.93,"{""agreement_level"": ""conflict"", ""sections"": {""identity"": 6, ""legality"": 0, ""market"": 0, ""rulings"": 0, ""usage"": 0}, ""source_count"": 3, ""total_sources"": 6}",2026-03-22 02:14:46,,,[],"{""leader_count"": 0, ""meta_relevance_score"": null, ""top_leaders"": [], ""tracked_deck_count"": 0}","{""identity"": 0.93, ""legality"": 0.0, ""market"": 0.0, ""rulings"": 0.0, ""text_effects"": 0.93, ""translation"": 0.0, ""usage_meta"": 0.0}","{""agree_count"": 6, ""agreement_level"": ""conflict"", ""card_code"": ""EB01-025"", ""checked_fields"": [""card_name"", ""set_code"", ""set_name"", ""rarity"", ""color"", ""card_type"", ""cost"", ""power"", ""counter"", ""attribute"", ""traits"", ""life"", ""effect_text"", ""trigger_text""], ""conflict_count"": 3, ""source_count"": 3}","[""identity"", ""text_effects"", ""provenance""]",2026-03-22 02:14:46,publish_eligible_allowlist,publish_eligible_allowlist,800.0,"{""priority_bucket"": ""high"", ""priority_factors"": {""base_priority"": 800, ""reason"": ""publish_eligible_allowlist""}, ""priority_objectives"": [], ""priority_summary"": ""Bounded allowlist sync: explicit card codes only (operator-safe publication path)."", ""selection_reasons"": []}",,,,,,,,,,,,[],[],,,[],[],{},,,[],,,,,,,,
26,,,,,,,,2026-03-22 02:12:34,,[],,,0.93,"{""agreement_level"": ""conflict"", ""sections"": {""identity"": 6, ""legality"": 0, ""market"": 0, ""rulings"": 0, ""usage"": 0}, ""source_count"": 3, ""total_sources"": 6}",2026-03-22 02:12:34,,,[],"{""leader_count"": 0, ""meta_relevance_score"": null, ""top_leaders"": [], ""tracked_deck_count"": 0}","{""identity"": 0.93, ""legality"": 0.0, ""market"": 0.0, ""rulings"": 0.0, ""text_effects"": 0.93, ""translation"": 0.0, ""usage_meta"": 0.0}","{""agree_count"": 6, ""agreement_level"": ""conflict"", ""card_code"": ""EB01-026"", ""checked_fields"": [""card_name"", ""set_code"", ""set_name"", ""rarity"", ""color"", ""card_type"", ""cost"", ""power"", ""counter"", ""attribute"", ""traits"", ""life"", ""effect_text"", ""trigger_text""], ""conflict_count"": 4, ""source_count"": 3}","[""identity"", ""text_effects"", ""provenance""]",2026-03-22 02:12:34,publish_eligible_allowlist,publish_eligible_allowlist,800.0,"{""priority_bucket"": ""high"", ""priority_factors"": {""base_priority"": 800, ""reason"": ""publish_eligible_allowlist""}, ""priority_objectives"": [], ""priority_summary"": ""Bounded allowlist sync: explicit card codes only (operator-safe publication path)."", ""selection_reasons"": []}",,,,,,,,,,,,[],[],,,[],[],{},,,[],,,,,,,,
27,,,,,,,,2026-03-22 02:12:36,,[],,,0.93,"{""agreement_level"": ""conflict"", ""sections"": {""identity"": 6, ""legality"": 0, ""market"": 0, ""rulings"": 0, ""usage"": 0}, ""source_count"": 3, ""total_sources"": 6}",2026-03-22 02:12:36,,,[],"{""leader_count"": 0, ""meta_relevance_score"": null, ""top_leaders"": [], ""tracked_deck_count"": 0}","{""identity"": 0.93, ""legality"": 0.0, ""market"": 0.0, ""rulings"": 0.0, ""text_effects"": 0.93, ""translation"": 0.0, ""usage_meta"": 0.0}","{""agree_count"": 6, ""agreement_level"": ""conflict"", ""card_code"": ""EB01-027"", ""checked_fields"": [""card_name"", ""set_code"", ""set_name"", ""rarity"", ""color"", ""card_type"", ""cost"", ""power"", ""counter"", ""attribute"", ""traits"", ""life"", ""effect_text"", ""trigger_text""], ""conflict_count"": 4, ""source_count"": 3}","[""identity"", ""text_effects"", ""provenance""]",2026-03-22 02:12:36,publish_eligible_allowlist,publish_eligible_allowlist,800.0,"{""priority_bucket"": ""high"", ""priority_factors"": {""base_priority"": 800, ""reason"": ""publish_eligible_allowlist""}, ""priority_objectives"": [], ""priority_summary"": ""Bounded allowlist sync: explicit card codes only (operator-safe publication path)."", ""selection_reasons"": []}",,,,,,,,,,,,[],[],,,[],[],{},,,[],,,,,,,,
28,,,,,,,,2026-03-22 02:12:37,,[],,,0.93,"{""agreement_level"": ""full"", ""sections"": {""identity"": 4, ""legality"": 0, ""market"": 0, ""rulings"": 0, ""usage"": 0}, ""source_count"": 2, ""total_sources"": 4}",2026-03-22 02:12:37,,,[],"{""leader_count"": 0, ""meta_relevance_score"": null, ""top_leaders"": [], ""tracked_deck_count"": 0}","{""identity"": 0.93, ""legality"": 0.0, ""market"": 0.0, ""rulings"": 0.0, ""text_effects"": 0.93, ""translation"": 0.0, ""usage_meta"": 0.0}","{""agree_count"": 8, ""agreement_level"": ""full"", ""card_code"": ""EB01-028"", ""checked_fields"": [""card_name"", ""set_code"", ""set_name"", ""rarity"", ""color"", ""card_type"", ""cost"", ""power"", ""counter"", ""attribute"", ""traits"", ""life"", ""effect_text"", ""trigger_text""], ""conflict_count"": 0, ""source_count"": 2}","[""identity"", ""text_effects"", ""provenance""]",2026-03-22 02:12:37,publish_eligible_allowlist,publish_eligible_allowlist,800.0,"{""priority_bucket"": ""high"", ""priority_factors"": {""base_priority"": 800, ""reason"": ""publish_eligible_allowlist""}, ""priority_objectives"": [], ""priority_summary"": ""Bounded allowlist sync: explicit card codes only (operator-safe publication path)."", ""selection_reasons"": []}",,,,,,,,,,,,[],[],,,[],[],{},,,[],,,,,,,,
29,,,,,,,,2026-03-22 02:12:41,,[],,,0.93,"{""agreement_level"": ""full"", ""sections"": {""identity"": 4, ""legality"": 0, ""market"": 0, ""rulings"": 0, ""usage"": 0}, ""source_count"": 2, ""total_sources"": 4}",2026-03-22 02:12:41,,,[],"{""leader_count"": 0, ""meta_relevance_score"": null, ""top_leaders"": [], ""tracked_deck_count"": 0}","{""identity"": 0.93, ""legality"": 0.0, ""market"": 0.0, ""rulings"": 0.0, ""text_effects"": 0.93, ""translation"": 0.0, ""usage_meta"": 0.0}","{""agree_count"": 8, ""agreement_level"": ""full"", ""card_code"": ""EB01-029"", ""checked_fields"": [""card_name"", ""set_code"", ""set_name"", ""rarity"", ""color"", ""card_type"", ""cost"", ""power"", ""counter"", ""attribute"", ""traits"", ""life"", ""effect_text"", ""trigger_text""], ""conflict_count"": 0, ""source_count"": 2}","[""identity"", ""text_effects"", ""provenance""]",2026-03-22 02:12:41,publish_eligible_allowlist,publish_eligible_allowlist,800.0,"{""priority_bucket"": ""high"", ""priority_factors"": {""base_priority"": 800, ""reason"": ""publish_eligible_allowlist""}, ""priority_objectives"": [], ""priority_summary"": ""Bounded allowlist sync: explicit card codes only (operator-safe publication path)."", ""selection_reasons"": []}",,,,,,,,,,,,[],[],,,[],[],{},,,[],,,,,,,,
30,,,,,,,,2026-03-22 02:12:45,,[],,,0.93,"{""agreement_level"": ""full"", ""sections"": {""identity"": 4, ""legality"": 0, ""market"": 0, ""rulings"": 0, ""usage"": 0}, ""source_count"": 2, ""total_sources"": 4}",2026-03-22 02:12:45,,,[],"{""leader_count"": 0, ""meta_relevance_score"": null, ""top_leaders"": [], ""tracked_deck_count"": 0}","{""identity"": 0.93, ""legality"": 0.0, ""market"": 0.0, ""rulings"": 0.0, ""text_effects"": 0.93, ""translation"": 0.0, ""usage_meta"": 0.0}","{""agree_count"": 8, ""agreement_level"": ""full"", ""card_code"": ""EB01-030"", ""checked_fields"": [""card_name"", ""set_code"", ""set_name"", ""rarity"", ""color"", ""card_type"", ""cost"", ""power"", ""counter"", ""attribute"", ""traits"", ""life"", ""effect_text"", ""trigger_text""], ""conflict_count"": 0, ""source_count"": 2}","[""identity"", ""text_effects"", ""provenance""]",2026-03-22 02:12:45,publish_eligible_allowlist,publish_eligible_allowlist,800.0,"{""priority_bucket"": ""high"", ""priority_factors"": {""base_priority"": 800, ""reason"": ""publish_eligible_allowlist""}, ""priority_objectives"": [], ""priority_summary"": ""Bounded allowlist sync: explicit card codes only (operator-safe publication path)."", ""selection_reasons"": []}",,,,,,,,,,,,[],[],,,[],[],{},,,[],,,,,,,,
31,,,,,,,,2026-03-22 02:12:50,,[],,,0.93,"{""agreement_level"": ""full"", ""sections"": {""identity"": 4, ""legality"": 0, ""market"": 0, ""rulings"": 0, ""usage"": 0}, ""source_count"": 2, ""total_sources"": 4}",2026-03-22 02:12:50,,,[],"{""leader_count"": 0, ""meta_relevance_score"": null, ""top_leaders"": [], ""tracked_deck_count"": 0}","{""identity"": 0.93, ""legality"": 0.0, ""market"": 0.0, ""rulings"": 0.0, ""text_effects"": 0.93, ""translation"": 0.0, ""usage_meta"": 0.0}","{""agree_count"": 10, ""agreement_level"": ""full"", ""card_code"": ""EB01-031"", ""checked_fields"": [""card_name"", ""set_code"", ""set_name"", ""rarity"", ""color"", ""card_type"", ""cost"", ""power"", ""counter"", ""attribute"", ""traits"", ""life"", ""effect_text"", ""trigger_text""], ""conflict_count"": 0, ""source_count"": 2}","[""identity"", ""text_effects"", ""provenance""]",2026-03-22 02:12:50,publish_eligible_allowlist,publish_eligible_allowlist,800.0,"{""priority_bucket"": ""high"", ""priority_factors"": {""base_priority"": 800, ""reason"": ""publish_eligible_allowlist""}, ""priority_objectives"": [], ""priority_summary"": ""Bounded allowlist sync: explicit card codes only (operator-safe publication path)."", ""selection_reasons"": []}",,,,,,,,,,,,[],[],,,[],[],{},,,[],,,,,,,,
32,,,,,,,,2026-03-22 02:12:54,,[],,,0.93,"{""agreement_level"": ""full"", ""sections"": {""identity"": 4, ""legality"": 0, ""market"": 0, ""rulings"": 0, ""usage"": 0}, ""source_count"": 2, ""total_sources"": 4}",2026-03-22 02:12:54,,,[],"{""leader_count"": 0, ""meta_relevance_score"": null, ""top_leaders"": [], ""tracked_deck_count"": 0}","{""identity"": 0.93, ""legality"": 0.0, ""market"": 0.0, ""rulings"": 0.0, ""text_effects"": 0.93, ""translation"": 0.0, ""usage_meta"": 0.0}","{""agree_count"": 9, ""agreement_level"": ""full"", ""card_code"": ""EB01-032"", ""checked_fields"": [""card_name"", ""set_code"", ""set_name"", ""rarity"", ""color"", ""card_type"", ""cost"", ""power"", ""counter"", ""attribute"", ""traits"", ""life"", ""effect_text"", ""trigger_text""], ""conflict_count"": 0, ""source_count"": 2}","[""identity"", ""text_effects"", ""provenance""]",2026-03-22 02:12:54,publish_eligible_allowlist,publish_eligible_allowlist,800.0,"{""priority_bucket"": ""high"", ""priority_factors"": {""base_priority"": 800, ""reason"": ""publish_eligible_allowlist""}, ""priority_objectives"": [], ""priority_summary"": ""Bounded allowlist sync: explicit card codes only (operator-safe publication path)."", ""selection_reasons"": []}",,,,,,,,,,,,[],[],,,[],[],{},,,[],,,,,,,,
33,,,,,,,,2026-03-22 02:12:57,,[],,,0.93,"{""agreement_level"": ""full"", ""sections"": {""identity"": 4, ""legality"": 0, ""market"": 0, ""rulings"": 0, ""usage"": 0}, ""source_count"": 2, ""total_sources"": 4}",2026-03-22 02:12:57,,,[],"{""leader_count"": 0, ""meta_relevance_score"": null, ""top_leaders"": [], ""tracked_deck_count"": 0}","{""identity"": 0.93, ""legality"": 0.0, ""market"": 0.0, ""rulings"": 0.0, ""text_effects"": 0.93, ""translation"": 0.0, ""usage_meta"": 0.0}","{""agree_count"": 10, ""agreement_level"": ""full"", ""card_code"": ""EB01-033"", ""checked_fields"": [""card_name"", ""set_code"", ""set_name"", ""rarity"", ""color"", ""card_type"", ""cost"", ""power"", ""counter"", ""attribute"", ""traits"", ""life"", ""effect_text"", ""trigger_text""], ""conflict_count"": 0, ""source_count"": 2}","[""identity"", ""text_effects"", ""provenance""]",2026-03-22 02:12:57,publish_eligible_allowlist,publish_eligible_allowlist,800.0,"{""priority_bucket"": ""high"", ""priority_factors"": {""base_priority"": 800, ""reason"": ""publish_eligible_allowlist""}, ""priority_objectives"": [], ""priority_summary"": ""Bounded allowlist sync: explicit card codes only (operator-safe publication path)."", ""selection_reasons"": []}",,,,,,,,,,,,[],[],,,[],[],{},,,[],,,,,,,,
34,,,,,,,,2026-03-22 02:12:58,,[],,,0.93,"{""agreement_level"": ""full"", ""sections"": {""identity"": 4, ""legality"": 0, ""market"": 0, ""rulings"": 0, ""usage"": 0}, ""source_count"": 2, ""total_sources"": 4}",2026-03-22 02:12:58,,,[],"{""leader_count"": 0, ""meta_relevance_score"": null, ""top_leaders"": [], ""tracked_deck_count"": 0}","{""identity"": 0.93, ""legality"": 0.0, ""market"": 0.0, ""rulings"": 0.0, ""text_effects"": 0.93, ""translation"": 0.0, ""usage_meta"": 0.0}","{""agree_count"": 10, ""agreement_level"": ""full"", ""card_code"": ""EB01-034"", ""checked_fields"": [""card_name"", ""set_code"", ""set_name"", ""rarity"", ""color"", ""card_type"", ""cost"", ""power"", ""counter"", ""attribute"", ""traits"", ""life"", ""effect_text"", ""trigger_text""], ""conflict_count"": 0, ""source_count"": 2}","[""identity"", ""text_effects"", ""provenance""]",2026-03-22 02:12:58,publish_eligible_allowlist,publish_eligible_allowlist,800.0,"{""priority_bucket"": ""high"", ""priority_factors"": {""base_priority"": 800, ""reason"": ""publish_eligible_allowlist""}, ""priority_objectives"": [], ""priority_summary"": ""Bounded allowlist sync: explicit card codes only (operator-safe publication path)."", ""selection_reasons"": []}",,,,,,,,,,,,[],[],,,[],[],{},,,[],,,,,,,,
35,,,,,,,,2026-03-22 02:13:00,,[],,,0.93,"{""agreement_level"": ""full"", ""sections"": {""identity"": 4, ""legality"": 0, ""market"": 0, ""rulings"": 0, ""usage"": 0}, ""source_count"": 2, ""total_sources"": 4}",2026-03-22 02:13:00,,,[],"{""leader_count"": 0, ""meta_relevance_score"": null, ""top_leaders"": [], ""tracked_deck_count"": 0}","{""identity"": 0.93, ""legality"": 0.0, ""market"": 0.0, ""rulings"": 0.0, ""text_effects"": 0.93, ""translation"": 0.0, ""usage_meta"": 0.0}","{""agree_count"": 9, ""agreement_level"": ""full"", ""card_code"": ""EB01-035"", ""checked_fields"": [""card_name"", ""set_code"", ""set_name"", ""rarity"", ""color"", ""card_type"", ""cost"", ""power"", ""counter"", ""attribute"", ""traits"", ""life"", ""effect_text"", ""trigger_text""], ""conflict_count"": 0, ""source_count"": 2}","[""identity"", ""text_effects"", ""provenance""]",2026-03-22 02:13:00,publish_eligible_allowlist,publish_eligible_allowlist,800.0,"{""priority_bucket"": ""high"", ""priority_factors"": {""base_priority"": 800, ""reason"": ""publish_eligible_allowlist""}, ""priority_objectives"": [], ""priority_summary"": ""Bounded allowlist sync: explicit card codes only (operator-safe publication path)."", ""selection_reasons"": []}",,,,,,,,,,,,[],[],,,[],[],{},,,[],,,,,,,,
36,,,,,,,,2026-03-22 02:13:02,,[],,,0.93,"{""agreement_level"": ""full"", ""sections"": {""identity"": 4, ""legality"": 0, ""market"": 0, ""rulings"": 0, ""usage"": 0}, ""source_count"": 2, ""total_sources"": 4}",2026-03-22 02:13:02,,,[],"{""leader_count"": 0, ""meta_relevance_score"": null, ""top_leaders"": [], ""tracked_deck_count"": 0}","{""identity"": 0.93, ""legality"": 0.0, ""market"": 0.0, ""rulings"": 0.0, ""text_effects"": 0.93, ""translation"": 0.0, ""usage_meta"": 0.0}","{""agree_count"": 9, ""agreement_level"": ""full"", ""card_code"": ""EB01-036"", ""checked_fields"": [""card_name"", ""set_code"", ""set_name"", ""rarity"", ""color"", ""card_type"", ""cost"", ""power"", ""counter"", ""attribute"", ""traits"", ""life"", ""effect_text"", ""trigger_text""], ""conflict_count"": 0, ""source_count"": 2}","[""identity"", ""text_effects"", ""provenance""]",2026-03-22 02:13:02,publish_eligible_allowlist,publish_eligible_allowlist,800.0,"{""priority_bucket"": ""high"", ""priority_factors"": {""base_priority"": 800, ""reason"": ""publish_eligible_allowlist""}, ""priority_objectives"": [], ""priority_summary"": ""Bounded allowlist sync: explicit card codes only (operator-safe publication path)."", ""selection_reasons"": []}",,,,,,,,,,,,[],[],,,[],[],{},,,[],,,,,,,,
37,,,,,,,,2026-03-22 02:13:03,,[],,,0.93,"{""agreement_level"": ""full"", ""sections"": {""identity"": 4, ""legality"": 0, ""market"": 0, ""rulings"": 0, ""usage"": 0}, ""source_count"": 2, ""total_sources"": 4}",2026-03-22 02:13:03,,,[],"{""leader_count"": 0, ""meta_relevance_score"": null, ""top_leaders"": [], ""tracked_deck_count"": 0}","{""identity"": 0.93, ""legality"": 0.0, ""market"": 0.0, ""rulings"": 0.0, ""text_effects"": 0.93, ""translation"": 0.0, ""usage_meta"": 0.0}","{""agree_count"": 10, ""agreement_level"": ""full"", ""card_code"": ""EB01-037"", ""checked_fields"": [""card_name"", ""set_code"", ""set_name"", ""rarity"", ""color"", ""card_type"", ""cost"", ""power"", ""counter"", ""attribute"", ""traits"", ""life"", ""effect_text"", ""trigger_text""], ""conflict_count"": 0, ""source_count"": 2}","[""identity"", ""text_effects"", ""provenance""]",2026-03-22 02:13:03,publish_eligible_allowlist,publish_eligible_allowlist,800.0,"{""priority_bucket"": ""high"", ""priority_factors"": {""base_priority"": 800, ""reason"": ""publish_eligible_allowlist""}, ""priority_objectives"": [], ""priority_summary"": ""Bounded allowlist sync: explicit card codes only (operator-safe publication path)."", ""selection_reasons"": []}",,,,,,,,,,,,[],[],,,[],[],{},,,[],,,,,,,,
38,,,,,,,,2026-03-22 02:13:05,,[],,,0.93,"{""agreement_level"": ""full"", ""sections"": {""identity"": 4, ""legality"": 0, ""market"": 0, ""rulings"": 0, ""usage"": 0}, ""source_count"": 2, ""total_sources"": 4}",2026-03-22 02:13:05,,,[],"{""leader_count"": 0, ""meta_relevance_score"": null, ""top_leaders"": [], ""tracked_deck_count"": 0}","{""identity"": 0.93, ""legality"": 0.0, ""market"": 0.0, ""rulings"": 0.0, ""text_effects"": 0.93, ""translation"": 0.0, ""usage_meta"": 0.0}","{""agree_count"": 8, ""agreement_level"": ""full"", ""card_code"": ""EB01-038"", ""checked_fields"": [""card_name"", ""set_code"", ""set_name"", ""rarity"", ""color"", ""card_type"", ""cost"", ""power"", ""counter"", ""attribute"", ""traits"", ""life"", ""effect_text"", ""trigger_text""], ""conflict_count"": 0, ""source_count"": 2}","[""identity"", ""text_effects"", ""provenance""]",2026-03-22 02:13:05,publish_eligible_allowlist,publish_eligible_allowlist,800.0,"{""priority_bucket"": ""high"", ""priority_factors"": {""base_priority"": 800, ""reason"": ""publish_eligible_allowlist""}, ""priority_objectives"": [], ""priority_summary"": ""Bounded allowlist sync: explicit card codes only (operator-safe publication path)."", ""selection_reasons"": []}",,,,,,,,,,,,[],[],,,[],[],{},,,[],,,,,,,,
39,,,,,,,,2026-03-22 02:13:06,,[],,,0.93,"{""agreement_level"": ""full"", ""sections"": {""identity"": 4, ""legality"": 0, ""market"": 0, ""rulings"": 0, ""usage"": 0}, ""source_count"": 2, ""total_sources"": 4}",2026-03-22 02:13:06,,,[],"{""leader_count"": 0, ""meta_relevance_score"": null, ""top_leaders"": [], ""tracked_deck_count"": 0}","{""identity"": 0.93, ""legality"": 0.0, ""market"": 0.0, ""rulings"": 0.0, ""text_effects"": 0.93, ""translation"": 0.0, ""usage_meta"": 0.0}","{""agree_count"": 8, ""agreement_level"": ""full"", ""card_code"": ""EB01-039"", ""checked_fields"": [""card_name"", ""set_code"", ""set_name"", ""rarity"", ""color"", ""card_type"", ""cost"", ""power"", ""counter"", ""attribute"", ""traits"", ""life"", ""effect_text"", ""trigger_text""], ""conflict_count"": 0, ""source_count"": 2}","[""identity"", ""text_effects"", ""provenance""]",2026-03-22 02:13:06,publish_eligible_allowlist,publish_eligible_allowlist,800.0,"{""priority_bucket"": ""high"", ""priority_factors"": {""base_priority"": 800, ""reason"": ""publish_eligible_allowlist""}, ""priority_objectives"": [], ""priority_summary"": ""Bounded allowlist sync: explicit card codes only (operator-safe publication path)."", ""selection_reasons"": []}",,,,,,,,,,,,[],[],,,[],[],{},,,[],,,,,,,,
40,,,,,,,,2026-03-22 02:13:08,,[],,,0.93,"{""agreement_level"": ""full"", ""sections"": {""identity"": 4, ""legality"": 0, ""market"": 0, ""rulings"": 0, ""usage"": 0}, ""source_count"": 2, ""total_sources"": 4}",2026-03-22 02:13:08,,,[],"{""leader_count"": 0, ""meta_relevance_score"": null, ""top_leaders"": [], ""tracked_deck_count"": 0}","{""identity"": 0.93, ""legality"": 0.0, ""market"": 0.0, ""rulings"": 0.0, ""text_effects"": 0.93, ""translation"": 0.0, ""usage_meta"": 0.0}","{""agree_count"": 10, ""agreement_level"": ""full"", ""card_code"": ""EB01-040"", ""checked_fields"": [""card_name"", ""set_code"", ""set_name"", ""rarity"", ""color"", ""card_type"", ""cost"", ""power"", ""counter"", ""attribute"", ""traits"", ""life"", ""effect_text"", ""trigger_text""], ""conflict_count"": 0, ""source_count"": 2}","[""identity"", ""text_effects"", ""provenance""]",2026-03-22 02:13:08,leader_staple_meta_followup,incremental,472.55,"{""priority_bucket"": ""critical"", ""priority_factors"": {""agreement_level"": ""full"", ""available_sections"": [""identity"", ""text_effects""], ""base_priority"": 340, ""candidate_sections"": [""identity""], ""canonical_confidence"": 0.93, ""gap_class"": ""missing_usage_meta"", ""is_leader"": true, ""leader_significance"": true, ""legality_sensitive"": false, ""missing_sections"": [], ""priority_objectives"": [""usage_meta_fill"", ""leader_profile_expand"", ""stale_refresh""], ""publication_proximity"": false, ""reason"": ""leader_staple_meta_followup"", ""source_count"": 2, ""stale_promising"": true, ""thin_source_support"": false}, ""priority_objectives"": [""usage_meta_fill"", ""leader_profile_expand"", ""stale_refresh""], ""priority_summary"": ""leader_staple_meta_followup: confidence=0.93, sources=2, gap=missing_usage_meta, leader-significant, stale-but-promising"", ""selection_reasons"": [""gap=missing_usage_meta"", ""leader-significant"", ""stale-but-promising""]}",blocked_by_guardrail,Blocked,The card does not yet have enough dossier-backed sections for a safe publish-oriented recommendation.,2026-03-19T22:37:03Z,,blocked_from_promotion,Current readiness guardrails block this item from future promotion.,2026-03-19T22:37:03Z,0.0,blocked,blocked,"[""Confidence is strong at 0.93.""]","[""Current readiness guardrails still block this candidate."", ""Source agreement is only single_source."", ""Only a narrow slice of the dossier is populated."", ""Strict insight output still falls back to insufficient data.""]",2026-03-19T22:37:03Z,publish_blocked,"[""The final publish gate is blocked by current guardrails or weak evidence."", ""Confidence clears the publish gate at 0.93.""]","[""Source agreement remains single_source."", ""Source support is still thin for a final release gate."", ""Current readiness guardrails still block this candidate."", ""Source agreement is only single_source."", ""Only a narrow slice of the dossier is populated.""]","{""approval_state"": """", ""card_id"": ""EB01-040"", ""confidence_indicators"": {""agreement_level"": ""single_source"", ""confidence_level"": ""high"", ""last_verified_at"": ""2026-03-16 12:21:58"", ""score"": 0.93, ""source_count"": 1}, ""flags"": {""confidence_level"": ""high"", ""legality_sensitive"": false, ""review_required"": false}, ""insight_summary"": ""Not enough verified data yet."", ""name"": ""Kyros"", ""promotion_state"": ""blocked_from_promotion"", ""publish_status"": ""publish_blocked"", ""score"": 0.0, ""score_band"": ""blocked"", ""source_attribution"": {""agreement_level"": ""single_source"", ""source_count"": 1, ""source_summary"": ""{'total_sources': 1, 'agreement_level': 'single_source', 'source_count': 0, 'sections': {'identity': 1, 'rulings': 0, 'legality': 0, 'usage': 0, 'market': 0}}""}, ""supporting_sections"": []}",2026-03-19T22:37:03Z,missing_usage_meta,"[""thin_source_support"", ""missing_usage_meta"", ""ready_for_revalidation""]",100.0,high_value,"missing usage meta: leader card, sources=1, objectives=usage_meta_fill,leader_profile_expand,source_depth_fill",recheck_soon,Usage and meta coverage would materially improve this high-value card.,182.0,critical,2026-03-19T22:37:03Z
41,,,,,,,,2026-03-22 02:13:09,,[],,,0.93,"{""agreement_level"": ""full"", ""sections"": {""identity"": 4, ""legality"": 0, ""market"": 0, ""rulings"": 0, ""usage"": 0}, ""source_count"": 2, ""total_sources"": 4}",2026-03-22 02:13:09,,,[],"{""leader_count"": 0, ""meta_relevance_score"": null, ""top_leaders"": [], ""tracked_deck_count"": 0}","{""identity"": 0.93, ""legality"": 0.0, ""market"": 0.0, ""rulings"": 0.0, ""text_effects"": 0.93, ""translation"": 0.0, ""usage_meta"": 0.0}","{""agree_count"": 9, ""agreement_level"": ""full"", ""card_code"": ""EB01-041"", ""checked_fields"": [""card_name"", ""set_code"", ""set_name"", ""rarity"", ""color"", ""card_type"", ""cost"", ""power"", ""counter"", ""attribute"", ""traits"", ""life"", ""effect_text"", ""trigger_text""], ""conflict_count"": 0, ""source_count"": 2}","[""identity"", ""text_effects"", ""provenance""]",2026-03-22 02:13:09,publish_eligible_allowlist,publish_eligible_allowlist,800.0,"{""priority_bucket"": ""high"", ""priority_factors"": {""base_priority"": 800, ""reason"": ""publish_eligible_allowlist""}, ""priority_objectives"": [], ""priority_summary"": ""Bounded allowlist sync: explicit card codes only (operator-safe publication path)."", ""selection_reasons"": []}",,,,,,,,,,,,[],[],,,[],[],{},,,[],,,,,,,,
42,,,,,,,,2026-03-22 02:13:11,,[],,,0.93,"{""agreement_level"": ""full"", ""sections"": {""identity"": 4, ""legality"": 0, ""market"": 0, ""rulings"": 0, ""usage"": 0}, ""source_count"": 2, ""total_sources"": 4}",2026-03-22 02:13:11,,,[],"{""leader_count"": 0, ""meta_relevance_score"": null, ""top_leaders"": [], ""tracked_deck_count"": 0}","{""identity"": 0.93, ""legality"": 0.0, ""market"": 0.0, ""rulings"": 0.0, ""text_effects"": 0.93, ""translation"": 0.0, ""usage_meta"": 0.0}","{""agree_count"": 10, ""agreement_level"": ""full"", ""card_code"": ""EB01-042"", ""checked_fields"": [""card_name"", ""set_code"", ""set_name"", ""rarity"", ""color"", ""card_type"", ""cost"", ""power"", ""counter"", ""attribute"", ""traits"", ""life"", ""effect_text"", ""trigger_text""], ""conflict_count"": 0, ""source_count"": 2}","[""identity"", ""text_effects"", ""provenance""]",2026-03-22 02:13:11,publish_eligible_allowlist,publish_eligible_allowlist,800.0,"{""priority_bucket"": ""high"", ""priority_factors"": {""base_priority"": 800, ""reason"": ""publish_eligible_allowlist""}, ""priority_objectives"": [], ""priority_summary"": ""Bounded allowlist sync: explicit card codes only (operator-safe publication path)."", ""selection_reasons"": []}",,,,,,,,,,,,[],[],,,[],[],{},,,[],,,,,,,,
43,,,,,,,,2026-03-22 02:13:12,,[],,,0.93,"{""agreement_level"": ""full"", ""sections"": {""identity"": 4, ""legality"": 0, ""market"": 0, ""rulings"": 0, ""usage"": 0}, ""source_count"": 2, ""total_sources"": 4}",2026-03-22 02:13:12,,,[],"{""leader_count"": 0, ""meta_relevance_score"": null, ""top_leaders"": [], ""tracked_deck_count"": 0}","{""identity"": 0.93, ""legality"": 0.0, ""market"": 0.0, ""rulings"": 0.0, ""text_effects"": 0.93, ""translation"": 0.0, ""usage_meta"": 0.0}","{""agree_count"": 10, ""agreement_level"": ""full"", ""card_code"": ""EB01-043"", ""checked_fields"": [""card_name"", ""set_code"", ""set_name"", ""rarity"", ""color"", ""card_type"", ""cost"", ""power"", ""counter"", ""attribute"", ""traits"", ""life"", ""effect_text"", ""trigger_text""], ""conflict_count"": 0, ""source_count"": 2}","[""identity"", ""text_effects"", ""provenance""]",2026-03-22 02:13:12,publish_eligible_allowlist,publish_eligible_allowlist,800.0,"{""priority_bucket"": ""high"", ""priority_factors"": {""base_priority"": 800, ""reason"": ""publish_eligible_allowlist""}, ""priority_objectives"": [], ""priority_summary"": ""Bounded allowlist sync: explicit card codes only (operator-safe publication path)."", ""selection_reasons"": []}",,,,,,,,,,,,[],[],,,[],[],{},,,[],,,,,,,,
44,,,,,,,,2026-03-22 02:13:13,,[],,,0.93,"{""agreement_level"": ""full"", ""sections"": {""identity"": 4, ""legality"": 0, ""market"": 0, ""rulings"": 0, ""usage"": 0}, ""source_count"": 2, ""total_sources"": 4}",2026-03-22 02:13:13,,,[],"{""leader_count"": 0, ""meta_relevance_score"": null, ""top_leaders"": [], ""tracked_deck_count"": 0}","{""identity"": 0.93, ""legality"": 0.0, ""market"": 0.0, ""rulings"": 0.0, ""text_effects"": 0.93, ""translation"": 0.0, ""usage_meta"": 0.0}","{""agree_count"": 10, ""agreement_level"": ""full"", ""card_code"": ""EB01-044"", ""checked_fields"": [""card_name"", ""set_code"", ""set_name"", ""rarity"", ""color"", ""card_type"", ""cost"", ""power"", ""counter"", ""attribute"", ""traits"", ""life"", ""effect_text"", ""trigger_text""], ""conflict_count"": 0, ""source_count"": 2}","[""identity"", ""text_effects"", ""provenance""]",2026-03-22 02:13:13,publish_eligible_allowlist,publish_eligible_allowlist,800.0,"{""priority_bucket"": ""high"", ""priority_factors"": {""base_priority"": 800, ""reason"": ""publish_eligible_allowlist""}, ""priority_objectives"": [], ""priority_summary"": ""Bounded allowlist sync: explicit card codes only (operator-safe publication path)."", ""selection_reasons"": []}",,,,,,,,,,,,[],[],,,[],[],{},,,[],,,,,,,,
45,,,,,,,,2026-03-22 02:13:14,,[],,,0.93,"{""agreement_level"": ""full"", ""sections"": {""identity"": 4, ""legality"": 0, ""market"": 0, ""rulings"": 0, ""usage"": 0}, ""source_count"": 2, ""total_sources"": 4}",2026-03-22 02:13:14,,,[],"{""leader_count"": 0, ""meta_relevance_score"": null, ""top_leaders"": [], ""tracked_deck_count"": 0}","{""identity"": 0.93, ""legality"": 0.0, ""market"": 0.0, ""rulings"": 0.0, ""text_effects"": 0.93, ""translation"": 0.0, ""usage_meta"": 0.0}","{""agree_count"": 10, ""agreement_level"": ""full"", ""card_code"": ""EB01-045"", ""checked_fields"": [""card_name"", ""set_code"", ""set_name"", ""rarity"", ""color"", ""card_type"", ""cost"", ""power"", ""counter"", ""attribute"", ""traits"", ""life"", ""effect_text"", ""trigger_text""], ""conflict_count"": 0, ""source_count"": 2}","[""identity"", ""text_effects"", ""provenance""]",2026-03-22 02:13:14,publish_eligible_allowlist,publish_eligible_allowlist,800.0,"{""priority_bucket"": ""high"", ""priority_factors"": {""base_priority"": 800, ""reason"": ""publish_eligible_allowlist""}, ""priority_objectives"": [], ""priority_summary"": ""Bounded allowlist sync: explicit card codes only (operator-safe publication path)."", ""selection_reasons"": []}",,,,,,,,,,,,[],[],,,[],[],{},,,[],,,,,,,,
46,,,,,,,,2026-03-22 02:13:15,,[],,,0.93,"{""agreement_level"": ""full"", ""sections"": {""identity"": 4, ""legality"": 0, ""market"": 0, ""rulings"": 0, ""usage"": 0}, ""source_count"": 2, ""total_sources"": 4}",2026-03-22 02:13:15,,,[],"{""leader_count"": 0, ""meta_relevance_score"": null, ""top_leaders"": [], ""tracked_deck_count"": 0}","{""identity"": 0.93, ""legality"": 0.0, ""market"": 0.0, ""rulings"": 0.0, ""text_effects"": 0.93, ""translation"": 0.0, ""usage_meta"": 0.0}","{""agree_count"": 10, ""agreement_level"": ""full"", ""card_code"": ""EB01-046"", ""checked_fields"": [""card_name"", ""set_code"", ""set_name"", ""rarity"", ""color"", ""card_type"", ""cost"", ""power"", ""counter"", ""attribute"", ""traits"", ""life"", ""effect_text"", ""trigger_text""], ""conflict_count"": 0, ""source_count"": 2}","[""identity"", ""text_effects"", ""provenance""]",2026-03-22 02:13:15,publish_eligible_allowlist,publish_eligible_allowlist,800.0,"{""priority_bucket"": ""high"", ""priority_factors"": {""base_priority"": 800, ""reason"": ""publish_eligible_allowlist""}, ""priority_objectives"": [], ""priority_summary"": ""Bounded allowlist sync: explicit card codes only (operator-safe publication path)."", ""selection_reasons"": []}",,,,,,,,,,,,[],[],,,[],[],{},,,[],,,,,,,,
47,,,,,,,,2026-03-22 02:13:16,,[],,,0.93,"{""agreement_level"": ""full"", ""sections"": {""identity"": 4, ""legality"": 0, ""market"": 0, ""rulings"": 0, ""usage"": 0}, ""source_count"": 2, ""total_sources"": 4}",2026-03-22 02:13:16,,,[],"{""leader_count"": 0, ""meta_relevance_score"": null, ""top_leaders"": [], ""tracked_deck_count"": 0}","{""identity"": 0.93, ""legality"": 0.0, ""market"": 0.0, ""rulings"": 0.0, ""text_effects"": 0.93, ""translation"": 0.0, ""usage_meta"": 0.0}","{""agree_count"": 9, ""agreement_level"": ""full"", ""card_code"": ""EB01-047"", ""checked_fields"": [""card_name"", ""set_code"", ""set_name"", ""rarity"", ""color"", ""card_type"", ""cost"", ""power"", ""counter"", ""attribute"", ""traits"", ""life"", ""effect_text"", ""trigger_text""], ""conflict_count"": 0, ""source_count"": 2}","[""identity"", ""text_effects"", ""provenance""]",2026-03-22 02:13:16,publish_eligible_allowlist,publish_eligible_allowlist,800.0,"{""priority_bucket"": ""high"", ""priority_factors"": {""base_priority"": 800, ""reason"": ""publish_eligible_allowlist""}, ""priority_objectives"": [], ""priority_summary"": ""Bounded allowlist sync: explicit card codes only (operator-safe publication path)."", ""selection_reasons"": []}",,,,,,,,,,,,[],[],,,[],[],{},,,[],,,,,,,,
48,,,,,,,,2026-03-22 02:13:17,,[],,,0.93,"{""agreement_level"": ""full"", ""sections"": {""identity"": 4, ""legality"": 0, ""market"": 0, ""rulings"": 0, ""usage"": 0}, ""source_count"": 2, ""total_sources"": 4}",2026-03-22 02:13:17,,,[],"{""leader_count"": 0, ""meta_relevance_score"": null, ""top_leaders"": [], ""tracked_deck_count"": 0}","{""identity"": 0.93, ""legality"": 0.0, ""market"": 0.0, ""rulings"": 0.0, ""text_effects"": 0.93, ""translation"": 0.0, ""usage_meta"": 0.0}","{""agree_count"": 9, ""agreement_level"": ""full"", ""card_code"": ""EB01-048"", ""checked_fields"": [""card_name"", ""set_code"", ""set_name"", ""rarity"", ""color"", ""card_type"", ""cost"", ""power"", ""counter"", ""attribute"", ""traits"", ""life"", ""effect_text"", ""trigger_text""], ""conflict_count"": 0, ""source_count"": 2}","[""identity"", ""text_effects"", ""provenance""]",2026-03-22 02:13:17,publish_eligible_allowlist,publish_eligible_allowlist,800.0,"{""priority_bucket"": ""high"", ""priority_factors"": {""base_priority"": 800, ""reason"": ""publish_eligible_allowlist""}, ""priority_objectives"": [], ""priority_summary"": ""Bounded allowlist sync: explicit card codes only (operator-safe publication path)."", ""selection_reasons"": []}",,,,,,,,,,,,[],[],,,[],[],{},,,[],,,,,,,,
49,,,,,,,,2026-03-22 02:13:18,,[],,,0.93,"{""agreement_level"": ""full"", ""sections"": {""identity"": 4, ""legality"": 0, ""market"": 0, ""rulings"": 0, ""usage"": 0}, ""source_count"": 2, ""total_sources"": 4}",2026-03-22 02:13:18,,,[],"{""leader_count"": 0, ""meta_relevance_score"": null, ""top_leaders"": [], ""tracked_deck_count"": 0}","{""identity"": 0.93, ""legality"": 0.0, ""market"": 0.0, ""rulings"": 0.0, ""text_effects"": 0.93, ""translation"": 0.0, ""usage_meta"": 0.0}","{""agree_count"": 9, ""agreement_level"": ""full"", ""card_code"": ""EB01-049"", ""checked_fields"": [""card_name"", ""set_code"", ""set_name"", ""rarity"", ""color"", ""card_type"", ""cost"", ""power"", ""counter"", ""attribute"", ""traits"", ""life"", ""effect_text"", ""trigger_text""], ""conflict_count"": 0, ""source_count"": 2}","[""identity"", ""text_effects"", ""provenance""]",2026-03-22 02:13:18,publish_eligible_allowlist,publish_eligible_allowlist,800.0,"{""priority_bucket"": ""high"", ""priority_factors"": {""base_priority"": 800, ""reason"": ""publish_eligible_allowlist""}, ""priority_objectives"": [], ""priority_summary"": ""Bounded allowlist sync: explicit card codes only (operator-safe publication path)."", ""selection_reasons"": []}",,,,,,,,,,,,[],[],,,[],[],{},,,[],,,,,,,,
50,,,,,,,,2026-03-22 02:13:19,,[],,,0.93,"{""agreement_level"": ""full"", ""sections"": {""identity"": 4, ""legality"": 0, ""market"": 0, ""rulings"": 0, ""usage"": 0}, ""source_count"": 2, ""total_sources"": 4}",2026-03-22 02:13:19,,,[],"{""leader_count"": 0, ""meta_relevance_score"": null, ""top_leaders"": [], ""tracked_deck_count"": 0}","{""identity"": 0.93, ""legality"": 0.0, ""market"": 0.0, ""rulings"": 0.0, ""text_effects"": 0.93, ""translation"": 0.0, ""usage_meta"": 0.0}","{""agree_count"": 8, ""agreement_level"": ""full"", ""card_code"": ""EB01-050"", ""checked_fields"": [""card_name"", ""set_code"", ""set_name"", ""rarity"", ""color"", ""card_type"", ""cost"", ""power"", ""counter"", ""attribute"", ""traits"", ""life"", ""effect_text"", ""trigger_text""], ""conflict_count"": 0, ""source_count"": 2}","[""identity"", ""text_effects"", ""provenance""]",2026-03-22 02:13:19,publish_eligible_allowlist,publish_eligible_allowlist,800.0,"{""priority_bucket"": ""high"", ""priority_factors"": {""base_priority"": 800, ""reason"": ""publish_eligible_allowlist""}, ""priority_objectives"": [], ""priority_summary"": ""Bounded allowlist sync: explicit card codes only (operator-safe publication path)."", ""selection_reasons"": []}",,,,,,,,,,,,[],[],,,[],[],{},,,[],,,,,,,,
51,,,,,,,,2026-03-22 02:13:20,,[],,,0.93,"{""agreement_level"": ""full"", ""sections"": {""identity"": 4, ""legality"": 0, ""market"": 0, ""rulings"": 0, ""usage"": 0}, ""source_count"": 2, ""total_sources"": 4}",2026-03-22 02:13:20,,,[],"{""leader_count"": 0, ""meta_relevance_score"": null, ""top_leaders"": [], ""tracked_deck_count"": 0}","{""identity"": 0.93, ""legality"": 0.0, ""market"": 0.0, ""rulings"": 0.0, ""text_effects"": 0.93, ""translation"": 0.0, ""usage_meta"": 0.0}","{""agree_count"": 8, ""agreement_level"": ""full"", ""card_code"": ""EB01-051"", ""checked_fields"": [""card_name"", ""set_code"", ""set_name"", ""rarity"", ""color"", ""card_type"", ""cost"", ""power"", ""counter"", ""attribute"", ""traits"", ""life"", ""effect_text"", ""trigger_text""], ""conflict_count"": 0, ""source_count"": 2}","[""identity"", ""text_effects"", ""provenance""]",2026-03-22 02:13:20,publish_eligible_allowlist,publish_eligible_allowlist,800.0,"{""priority_bucket"": ""high"", ""priority_factors"": {""base_priority"": 800, ""reason"": ""publish_eligible_allowlist""}, ""priority_objectives"": [], ""priority_summary"": ""Bounded allowlist sync: explicit card codes only (operator-safe publication path)."", ""selection_reasons"": []}",,,,,,,,,,,,[],[],,,[],[],{},,,[],,,,,,,,
52,,,,,,,,2026-03-22 02:13:21,,[],,,0.93,"{""agreement_level"": ""full"", ""sections"": {""identity"": 4, ""legality"": 0, ""market"": 0, ""rulings"": 0, ""usage"": 0}, ""source_count"": 2, ""total_sources"": 4}",2026-03-22 02:13:21,,,[],"{""leader_count"": 0, ""meta_relevance_score"": null, ""top_leaders"": [], ""tracked_deck_count"": 0}","{""identity"": 0.93, ""legality"": 0.0, ""market"": 0.0, ""rulings"": 0.0, ""text_effects"": 0.93, ""translation"": 0.0, ""usage_meta"": 0.0}","{""agree_count"": 10, ""agreement_level"": ""full"", ""card_code"": ""EB01-052"", ""checked_fields"": [""card_name"", ""set_code"", ""set_name"", ""rarity"", ""color"", ""card_type"", ""cost"", ""power"", ""counter"", ""attribute"", ""traits"", ""life"", ""effect_text"", ""trigger_text""], ""conflict_count"": 0, ""source_count"": 2}","[""identity"", ""text_effects"", ""provenance""]",2026-03-22 02:13:21,publish_eligible_allowlist,publish_eligible_allowlist,800.0,"{""priority_bucket"": ""high"", ""priority_factors"": {""base_priority"": 800, ""reason"": ""publish_eligible_allowlist""}, ""priority_objectives"": [], ""priority_summary"": ""Bounded allowlist sync: explicit card codes only (operator-safe publication path)."", ""selection_reasons"": []}",,,,,,,,,,,,[],[],,,[],[],{},,,[],,,,,,,,
53,,,,,,,,2026-03-22 02:13:22,,[],,,0.93,"{""agreement_level"": ""full"", ""sections"": {""identity"": 4, ""legality"": 0, ""market"": 0, ""rulings"": 0, ""usage"": 0}, ""source_count"": 2, ""total_sources"": 4}",2026-03-22 02:13:22,,,[],"{""leader_count"": 0, ""meta_relevance_score"": null, ""top_leaders"": [], ""tracked_deck_count"": 0}","{""identity"": 0.93, ""legality"": 0.0, ""market"": 0.0, ""rulings"": 0.0, ""text_effects"": 0.93, ""translation"": 0.0, ""usage_meta"": 0.0}","{""agree_count"": 9, ""agreement_level"": ""full"", ""card_code"": ""EB01-053"", ""checked_fields"": [""card_name"", ""set_code"", ""set_name"", ""rarity"", ""color"", ""card_type"", ""cost"", ""power"", ""counter"", ""attribute"", ""traits"", ""life"", ""effect_text"", ""trigger_text""], ""conflict_count"": 0, ""source_count"": 2}","[""identity"", ""text_effects"", ""provenance""]",2026-03-22 02:13:22,publish_eligible_allowlist,publish_eligible_allowlist,800.0,"{""priority_bucket"": ""high"", ""priority_factors"": {""base_priority"": 800, ""reason"": ""publish_eligible_allowlist""}, ""priority_objectives"": [], ""priority_summary"": ""Bounded allowlist sync: explicit card codes only (operator-safe publication path)."", ""selection_reasons"": []}",,,,,,,,,,,,[],[],,,[],[],{},,,[],,,,,,,,
54,,,,,,,,2026-03-22 02:13:23,,[],,,0.93,"{""agreement_level"": ""full"", ""sections"": {""identity"": 4, ""legality"": 0, ""market"": 0, ""rulings"": 0, ""usage"": 0}, ""source_count"": 2, ""total_sources"": 4}",2026-03-22 02:13:23,,,[],"{""leader_count"": 0, ""meta_relevance_score"": null, ""top_leaders"": [], ""tracked_deck_count"": 0}","{""identity"": 0.93, ""legality"": 0.0, ""market"": 0.0, ""rulings"": 0.0, ""text_effects"": 0.93, ""translation"": 0.0, ""usage_meta"": 0.0}","{""agree_count"": 10, ""agreement_level"": ""full"", ""card_code"": ""EB01-054"", ""checked_fields"": [""card_name"", ""set_code"", ""set_name"", ""rarity"", ""color"", ""card_type"", ""cost"", ""power"", ""counter"", ""attribute"", ""traits"", ""life"", ""effect_text"", ""trigger_text""], ""conflict_count"": 0, ""source_count"": 2}","[""identity"", ""text_effects"", ""provenance""]",2026-03-22 02:13:23,publish_eligible_allowlist,publish_eligible_allowlist,800.0,"{""priority_bucket"": ""high"", ""priority_factors"": {""base_priority"": 800, ""reason"": ""publish_eligible_allowlist""}, ""priority_objectives"": [], ""priority_summary"": ""Bounded allowlist sync: explicit card codes only (operator-safe publication path)."", ""selection_reasons"": []}",,,,,,,,,,,,[],[],,,[],[],{},,,[],,,,,,,,
55,,,,,,,,2026-03-22 02:13:24,,[],,,0.93,"{""agreement_level"": ""full"", ""sections"": {""identity"": 4, ""legality"": 0, ""market"": 0, ""rulings"": 0, ""usage"": 0}, ""source_count"": 2, ""total_sources"": 4}",2026-03-22 02:13:24,,,[],"{""leader_count"": 0, ""meta_relevance_score"": null, ""top_leaders"": [], ""tracked_deck_count"": 0}","{""identity"": 0.93, ""legality"": 0.0, ""market"": 0.0, ""rulings"": 0.0, ""text_effects"": 0.93, ""translation"": 0.0, ""usage_meta"": 0.0}","{""agree_count"": 9, ""agreement_level"": ""full"", ""card_code"": ""EB01-055"", ""checked_fields"": [""card_name"", ""set_code"", ""set_name"", ""rarity"", ""color"", ""card_type"", ""cost"", ""power"", ""counter"", ""attribute"", ""traits"", ""life"", ""effect_text"", ""trigger_text""], ""conflict_count"": 0, ""source_count"": 2}","[""identity"", ""text_effects"", ""provenance""]",2026-03-22 02:13:24,publish_eligible_allowlist,publish_eligible_allowlist,800.0,"{""priority_bucket"": ""high"", ""priority_factors"": {""base_priority"": 800, ""reason"": ""publish_eligible_allowlist""}, ""priority_objectives"": [], ""priority_summary"": ""Bounded allowlist sync: explicit card codes only (operator-safe publication path)."", ""selection_reasons"": []}",,,,,,,,,,,,[],[],,,[],[],{},,,[],,,,,,,,
56,,,,,,,,2026-03-22 02:13:25,,[],,,0.93,"{""agreement_level"": ""full"", ""sections"": {""identity"": 4, ""legality"": 0, ""market"": 0, ""rulings"": 0, ""usage"": 0}, ""source_count"": 2, ""total_sources"": 4}",2026-03-22 02:13:25,,,[],"{""leader_count"": 0, ""meta_relevance_score"": null, ""top_leaders"": [], ""tracked_deck_count"": 0}","{""identity"": 0.93, ""legality"": 0.0, ""market"": 0.0, ""rulings"": 0.0, ""text_effects"": 0.93, ""translation"": 0.0, ""usage_meta"": 0.0}","{""agree_count"": 10, ""agreement_level"": ""full"", ""card_code"": ""EB01-056"", ""checked_fields"": [""card_name"", ""set_code"", ""set_name"", ""rarity"", ""color"", ""card_type"", ""cost"", ""power"", ""counter"", ""attribute"", ""traits"", ""life"", ""effect_text"", ""trigger_text""], ""conflict_count"": 0, ""source_count"": 2}","[""identity"", ""text_effects"", ""provenance""]",2026-03-22 02:13:25,publish_eligible_allowlist,publish_eligible_allowlist,800.0,"{""priority_bucket"": ""high"", ""priority_factors"": {""base_priority"": 800, ""reason"": ""publish_eligible_allowlist""}, ""priority_objectives"": [], ""priority_summary"": ""Bounded allowlist sync: explicit card codes only (operator-safe publication path)."", ""selection_reasons"": []}",,,,,,,,,,,,[],[],,,[],[],{},,,[],,,,,,,,
57,,,,,,,,2026-03-22 02:13:27,,[],,,0.93,"{""agreement_level"": ""full"", ""sections"": {""identity"": 4, ""legality"": 0, ""market"": 0, ""rulings"": 0, ""usage"": 0}, ""source_count"": 2, ""total_sources"": 4}",2026-03-22 02:13:27,,,[],"{""leader_count"": 0, ""meta_relevance_score"": null, ""top_leaders"": [], ""tracked_deck_count"": 0}","{""identity"": 0.93, ""legality"": 0.0, ""market"": 0.0, ""rulings"": 0.0, ""text_effects"": 0.93, ""translation"": 0.0, ""usage_meta"": 0.0}","{""agree_count"": 10, ""agreement_level"": ""full"", ""card_code"": ""EB01-057"", ""checked_fields"": [""card_name"", ""set_code"", ""set_name"", ""rarity"", ""color"", ""card_type"", ""cost"", ""power"", ""counter"", ""attribute"", ""traits"", ""life"", ""effect_text"", ""trigger_text""], ""conflict_count"": 0, ""source_count"": 2}","[""identity"", ""text_effects"", ""provenance""]",2026-03-22 02:13:27,publish_eligible_allowlist,publish_eligible_allowlist,800.0,"{""priority_bucket"": ""high"", ""priority_factors"": {""base_priority"": 800, ""reason"": ""publish_eligible_allowlist""}, ""priority_objectives"": [], ""priority_summary"": ""Bounded allowlist sync: explicit card codes only (operator-safe publication path)."", ""selection_reasons"": []}",,,,,,,,,,,,[],[],,,[],[],{},,,[],,,,,,,,
58,,,,,,,,2026-03-22 02:13:28,,[],,,0.93,"{""agreement_level"": ""full"", ""sections"": {""identity"": 4, ""legality"": 0, ""market"": 0, ""rulings"": 0, ""usage"": 0}, ""source_count"": 2, ""total_sources"": 4}",2026-03-22 02:13:28,,,[],"{""leader_count"": 0, ""meta_relevance_score"": null, ""top_leaders"": [], ""tracked_deck_count"": 0}","{""identity"": 0.93, ""legality"": 0.0, ""market"": 0.0, ""rulings"": 0.0, ""text_effects"": 0.93, ""translation"": 0.0, ""usage_meta"": 0.0}","{""agree_count"": 10, ""agreement_level"": ""full"", ""card_code"": ""EB01-058"", ""checked_fields"": [""card_name"", ""set_code"", ""set_name"", ""rarity"", ""color"", ""card_type"", ""cost"", ""power"", ""counter"", ""attribute"", ""traits"", ""life"", ""effect_text"", ""trigger_text""], ""conflict_count"": 0, ""source_count"": 2}","[""identity"", ""text_effects"", ""provenance""]",2026-03-22 02:13:28,publish_eligible_allowlist,publish_eligible_allowlist,800.0,"{""priority_bucket"": ""high"", ""priority_factors"": {""base_priority"": 800, ""reason"": ""publish_eligible_allowlist""}, ""priority_objectives"": [], ""priority_summary"": ""Bounded allowlist sync: explicit card codes only (operator-safe publication path)."", ""selection_reasons"": []}",,,,,,,,,,,,[],[],,,[],[],{},,,[],,,,,,,,
59,,,,,,,,2026-03-22 02:13:29,,[],,,0.93,"{""agreement_level"": ""conflict"", ""sections"": {""identity"": 9, ""legality"": 1, ""market"": 0, ""rulings"": 0, ""usage"": 0}, ""source_count"": 5, ""total_sources"": 10}",2026-03-22 02:13:29,banned,Current official standard legality is banned.,[],"{""leader_count"": 0, ""meta_relevance_score"": null, ""top_leaders"": [], ""tracked_deck_count"": 0}","{""identity"": 0.93, ""legality"": 0.9, ""market"": 0.0, ""rulings"": 0.0, ""text_effects"": 0.93, ""translation"": 0.0, ""usage_meta"": 0.0}","{""agree_count"": 6, ""agreement_level"": ""conflict"", ""card_code"": ""EB01-059"", ""checked_fields"": [""card_name"", ""set_code"", ""set_name"", ""rarity"", ""color"", ""card_type"", ""cost"", ""power"", ""counter"", ""attribute"", ""traits"", ""life"", ""effect_text"", ""trigger_text""], ""conflict_count"": 2, ""source_count"": 5}","[""identity"", ""text_effects"", ""legality"", ""provenance""]",2026-03-22 02:13:29,publish_eligible_allowlist,publish_eligible_allowlist,800.0,"{""priority_bucket"": ""high"", ""priority_factors"": {""base_priority"": 800, ""reason"": ""publish_eligible_allowlist""}, ""priority_objectives"": [], ""priority_summary"": ""Bounded allowlist sync: explicit card codes only (operator-safe publication path)."", ""selection_reasons"": []}",ready_for_review,Review required,Legality-sensitive dossier content should receive human review before Miru treats it as publish-ready.,2026-03-20T04:11:46Z,rejected,blocked_from_promotion,A recorded review decision currently blocks promotion for this item.,2026-03-25T23:01:52Z,73.96,solid,high_value_review_heavy,"[""The dossier is strong enough for human review before future surfacing."", ""Confidence is strong at 0.93."", ""A strict dossier-backed insight is available."", ""Legality context is stored.""]","[""Source agreement is only single_source."", ""Only a narrow slice of the dossier is populated."", ""Legality timing or context keeps this candidate review-heavy."", ""No explicit approval decision is stored yet.""]",2026-03-20T04:11:46Z,publish_requires_review,"[""The candidate is meaningful, but the final publish gate still requires explicit review."", ""Confidence clears the publish gate at 0.93.""]","[""Legality-sensitive material still needs explicit review before any future storefront release."", ""Source agreement remains single_source."", ""Source support is still thin for a final release gate."", ""Source agreement is only single_source."", ""Only a narrow slice of the dossier is populated.""]","{""approval_state"": ""pending_review"", ""card_id"": ""EB01-059"", ""confidence_indicators"": {""agreement_level"": ""single_source"", ""confidence_level"": ""high"", ""last_verified_at"": ""2026-03-20"", ""score"": 0.93, ""source_count"": 1}, ""flags"": {""confidence_level"": ""high"", ""legality_sensitive"": true, ""review_required"": true}, ""insight_summary"": ""Current official standard legality is banned."", ""name"": ""Kingdom Come"", ""promotion_state"": ""candidate_only"", ""publish_status"": ""publish_requires_review"", ""score"": 73.96, ""score_band"": ""solid"", ""source_attribution"": {""agreement_level"": ""single_source"", ""source_count"": 1, ""source_summary"": ""{'total_sources': 4, 'agreement_level': 'single_source', 'source_count': 1, 'sections': {'identity': 3, 'rulings': 0, 'legality': 1, 'usage': 0, 'market': 0}}""}, ""supporting_sections"": [""legality""]}",2026-03-29 16:21:43,missing_usage_meta,"[""thin_source_support"", ""missing_usage_meta"", ""partial_but_promising"", ""ready_for_revalidation""]",94.49,high_value,"missing usage meta: legality-sensitive, candidate=74.0, sources=1, objectives=source_depth_fill,legality_recheck,stale_refresh",recheck_soon,Usage and meta coverage would materially improve this high-value card.,186.49,critical,2026-03-20T04:11:46Z
60,,,,,,,,2026-03-22 02:13:30,,[],,,0.93,"{""agreement_level"": ""full"", ""sections"": {""identity"": 4, ""legality"": 0, ""market"": 0, ""rulings"": 0, ""usage"": 0}, ""source_count"": 2, ""total_sources"": 4}",2026-03-22 02:13:30,,,[],"{""leader_count"": 0, ""meta_relevance_score"": null, ""top_leaders"": [], ""tracked_deck_count"": 0}","{""identity"": 0.93, ""legality"": 0.0, ""market"": 0.0, ""rulings"": 0.0, ""text_effects"": 0.93, ""translation"": 0.0, ""usage_meta"": 0.0}","{""agree_count"": 8, ""agreement_level"": ""full"", ""card_code"": ""EB01-060"", ""checked_fields"": [""card_name"", ""set_code"", ""set_name"", ""rarity"", ""color"", ""card_type"", ""cost"", ""power"", ""counter"", ""attribute"", ""traits"", ""life"", ""effect_text"", ""trigger_text""], ""conflict_count"": 0, ""source_count"": 2}","[""identity"", ""text_effects"", ""provenance""]",2026-03-22 02:13:30,publish_eligible_allowlist,publish_eligible_allowlist,800.0,"{""priority_bucket"": ""high"", ""priority_factors"": {""base_priority"": 800, ""reason"": ""publish_eligible_allowlist""}, ""priority_objectives"": [], ""priority_summary"": ""Bounded allowlist sync: explicit card codes only (operator-safe publication path)."", ""selection_reasons"": []}",,,,,,,,,,,,[],[],,,[],[],{},,,[],,,,,,,,
61,,,,,,,,2026-03-22 02:13:31,,[],,,0.93,"{""agreement_level"": ""full"", ""sections"": {""identity"": 4, ""legality"": 0, ""market"": 0, ""rulings"": 0, ""usage"": 0}, ""source_count"": 2, ""total_sources"": 4}",2026-03-22 02:13:31,,,[],"{""leader_count"": 0, ""meta_relevance_score"": null, ""top_leaders"": [], ""tracked_deck_count"": 0}","{""identity"": 0.93, ""legality"": 0.0, ""market"": 0.0, ""rulings"": 0.0, ""text_effects"": 0.93, ""translation"": 0.0, ""usage_meta"": 0.0}","{""agree_count"": 10, ""agreement_level"": ""full"", ""card_code"": ""EB01-061"", ""checked_fields"": [""card_name"", ""set_code"", ""set_name"", ""rarity"", ""color"", ""card_type"", ""cost"", ""power"", ""counter"", ""attribute"", ""traits"", ""life"", ""effect_text"", ""trigger_text""], ""conflict_count"": 0, ""source_count"": 2}","[""identity"", ""text_effects"", ""provenance""]",2026-03-22 02:13:31,publish_eligible_allowlist,publish_eligible_allowlist,800.0,"{""priority_bucket"": ""high"", ""priority_factors"": {""base_priority"": 800, ""reason"": ""publish_eligible_allowlist""}, ""priority_objectives"": [], ""priority_summary"": ""Bounded allowlist sync: explicit card codes only (operator-safe publication path)."", ""selection_reasons"": []}",,,,,,,,,,,,[],[],,,[],[],{},,,[],,,,,,,,
62,,,,,,,,2026-03-16 12:21:58,,[],,,0.93,"{""agreement_level"": ""single_source"", ""sections"": {""identity"": 1, ""legality"": 0, ""market"": 0, ""rulings"": 0, ""usage"": 0}, ""source_count"": 0, ""total_sources"": 1}",2026-03-16 12:21:58,,,[],"{""leader_count"": 0, ""meta_relevance_score"": null, ""top_leaders"": [], ""tracked_deck_count"": 0}","{""identity"": 0.93, ""legality"": 0.0, ""market"": 0.0, ""rulings"": 0.0, ""text_effects"": 0.93, ""translation"": 0.0, ""usage_meta"": 0.0}","{""agree_count"": 0, ""agreement_level"": ""single_source"", ""card_code"": ""EB02-001"", ""checked_fields"": [""card_name"", ""set_code"", ""set_name"", ""rarity"", ""color"", ""card_type"", ""cost"", ""power"", ""counter"", ""attribute"", ""traits"", ""life"", ""effect_text"", ""trigger_text""], ""conflict_count"": 0, ""source_count"": 0}","[""identity"", ""text_effects"", ""provenance""]",2026-03-16 12:21:58,force_rebuild,force_rebuild,999.0,"{""priority_bucket"": ""critical"", ""priority_factors"": {""base_priority"": 999, ""reason"": ""force_rebuild""}, ""priority_objectives"": [], ""priority_summary"": ""force_rebuild: explicit full refresh request."", ""selection_reasons"": []}",,,,,,,,,,,,[],[],,,[],[],{},,,[],,,,,,,,
63,,,,,,,,2026-03-16 12:21:58,,[],,,0.93,"{""agreement_level"": ""single_source"", ""sections"": {""identity"": 1, ""legality"": 0, ""market"": 0, ""rulings"": 0, ""usage"": 0}, ""source_count"": 0, ""total_sources"": 1}",2026-03-16 12:21:58,,,[],"{""leader_count"": 0, ""meta_relevance_score"": null, ""top_leaders"": [], ""tracked_deck_count"": 0}","{""identity"": 0.93, ""legality"": 0.0, ""market"": 0.0, ""rulings"": 0.0, ""text_effects"": 0.93, ""translation"": 0.0, ""usage_meta"": 0.0}","{""agree_count"": 0, ""agreement_level"": ""single_source"", ""card_code"": ""EB02-002"", ""checked_fields"": [""card_name"", ""set_code"", ""set_name"", ""rarity"", ""color"", ""card_type"", ""cost"", ""power"", ""counter"", ""attribute"", ""traits"", ""life"", ""effect_text"", ""trigger_text""], ""conflict_count"": 0, ""source_count"": 0}","[""identity"", ""text_effects"", ""provenance""]",2026-03-16 12:21:58,force_rebuild,force_rebuild,999.0,"{""priority_bucket"": ""critical"", ""priority_factors"": {""base_priority"": 999, ""reason"": ""force_rebuild""}, ""priority_objectives"": [], ""priority_summary"": ""force_rebuild: explicit full refresh request."", ""selection_reasons"": []}",,,,,,,,,,,,[],[],,,[],[],{},,,[],,,,,,,,
64,,,,,,,,2026-03-16 12:21:58,,[],,,0.93,"{""agreement_level"": ""single_source"", ""sections"": {""identity"": 1, ""legality"": 0, ""market"": 0, ""rulings"": 0, ""usage"": 0}, ""source_count"": 0, ""total_sources"": 1}",2026-03-16 12:21:58,,,[],"{""leader_count"": 0, ""meta_relevance_score"": null, ""top_leaders"": [], ""tracked_deck_count"": 0}","{""identity"": 0.93, ""legality"": 0.0, ""market"": 0.0, ""rulings"": 0.0, ""text_effects"": 0.93, ""translation"": 0.0, ""usage_meta"": 0.0}","{""agree_count"": 0, ""agreement_level"": ""single_source"", ""card_code"": ""EB02-003"", ""checked_fields"": [""card_name"", ""set_code"", ""set_name"", ""rarity"", ""color"", ""card_type"", ""cost"", ""power"", ""counter"", ""attribute"", ""traits"", ""life"", ""effect_text"", ""trigger_text""], ""conflict_count"": 0, ""source_count"": 0}","[""identity"", ""text_effects"", ""provenance""]",2026-03-16 12:21:58,force_rebuild,force_rebuild,999.0,"{""priority_bucket"": ""critical"", ""priority_factors"": {""base_priority"": 999, ""reason"": ""force_rebuild""}, ""priority_objectives"": [], ""priority_summary"": ""force_rebuild: explicit full refresh request."", ""selection_reasons"": []}",,,,,,,,,,,,[],[],,,[],[],{},,,[],,,,,,,,
65,,,,,,,,2026-03-16 12:21:58,,[],,,0.93,"{""agreement_level"": ""single_source"", ""sections"": {""identity"": 1, ""legality"": 0, ""market"": 0, ""rulings"": 0, ""usage"": 0}, ""source_count"": 0, ""total_sources"": 1}",2026-03-16 12:21:58,,,[],"{""leader_count"": 0, ""meta_relevance_score"": null, ""top_leaders"": [], ""tracked_deck_count"": 0}","{""identity"": 0.93, ""legality"": 0.0, ""market"": 0.0, ""rulings"": 0.0, ""text_effects"": 0.93, ""translation"": 0.0, ""usage_meta"": 0.0}","{""agree_count"": 0, ""agreement_level"": ""single_source"", ""card_code"": ""EB02-004"", ""checked_fields"": [""card_name"", ""set_code"", ""set_name"", ""rarity"", ""color"", ""card_type"", ""cost"", ""power"", ""counter"", ""attribute"", ""traits"", ""life"", ""effect_text"", ""trigger_text""], ""conflict_count"": 0, ""source_count"": 0}","[""identity"", ""text_effects"", ""provenance""]",2026-03-16 12:21:58,force_rebuild,force_rebuild,999.0,"{""priority_bucket"": ""critical"", ""priority_factors"": {""base_priority"": 999, ""reason"": ""force_rebuild""}, ""priority_objectives"": [], ""priority_summary"": ""force_rebuild: explicit full refresh request."", ""selection_reasons"": []}",,,,,,,,,,,,[],[],,,[],[],{},,,[],,,,,,,,
66,,,,,,,,2026-03-16 12:21:58,,[],,,0.93,"{""agreement_level"": ""single_source"", ""sections"": {""identity"": 1, ""legality"": 0, ""market"": 0, ""rulings"": 0, ""usage"": 0}, ""source_count"": 0, ""total_sources"": 1}",2026-03-16 12:21:58,,,[],"{""leader_count"": 0, ""meta_relevance_score"": null, ""top_leaders"": [], ""tracked_deck_count"": 0}","{""identity"": 0.93, ""legality"": 0.0, ""market"": 0.0, ""rulings"": 0.0, ""text_effects"": 0.93, ""translation"": 0.0, ""usage_meta"": 0.0}","{""agree_count"": 0, ""agreement_level"": ""single_source"", ""card_code"": ""EB02-005"", ""checked_fields"": [""card_name"", ""set_code"", ""set_name"", ""rarity"", ""color"", ""card_type"", ""cost"", ""power"", ""counter"", ""attribute"", ""traits"", ""life"", ""effect_text"", ""trigger_text""], ""conflict_count"": 0, ""source_count"": 0}","[""identity"", ""text_effects"", ""provenance""]",2026-03-16 12:21:58,force_rebuild,force_rebuild,999.0,"{""priority_bucket"": ""critical"", ""priority_factors"": {""base_priority"": 999, ""reason"": ""force_rebuild""}, ""priority_objectives"": [], ""priority_summary"": ""force_rebuild: explicit full refresh request."", ""selection_reasons"": []}",,,,,,,,,,,,[],[],,,[],[],{},,,[],,,,,,,,
67,,,,,,,,2026-03-16 12:21:58,,[],,,0.93,"{""agreement_level"": ""single_source"", ""sections"": {""identity"": 1, ""legality"": 0, ""market"": 0, ""rulings"": 0, ""usage"": 0}, ""source_count"": 0, ""total_sources"": 1}",2026-03-16 12:21:58,,,[],"{""leader_count"": 0, ""meta_relevance_score"": null, ""top_leaders"": [], ""tracked_deck_count"": 0}","{""identity"": 0.93, ""legality"": 0.0, ""market"": 0.0, ""rulings"": 0.0, ""text_effects"": 0.93, ""translation"": 0.0, ""usage_meta"": 0.0}","{""agree_count"": 0, ""agreement_level"": ""single_source"", ""card_code"": ""EB02-006"", ""checked_fields"": [""card_name"", ""set_code"", ""set_name"", ""rarity"", ""color"", ""card_type"", ""cost"", ""power"", ""counter"", ""attribute"", ""traits"", ""life"", ""effect_text"", ""trigger_text""], ""conflict_count"": 0, ""source_count"": 0}","[""identity"", ""text_effects"", ""provenance""]",2026-03-16 12:21:58,force_rebuild,force_rebuild,999.0,"{""priority_bucket"": ""critical"", ""priority_factors"": {""base_priority"": 999, ""reason"": ""force_rebuild""}, ""priority_objectives"": [], ""priority_summary"": ""force_rebuild: explicit full refresh request."", ""selection_reasons"": []}",,,,,,,,,,,,[],[],,,[],[],{},,,[],,,,,,,,
68,,,,,,,,2026-03-16 12:21:58,,[],,,0.93,"{""agreement_level"": ""single_source"", ""sections"": {""identity"": 1, ""legality"": 0, ""market"": 0, ""rulings"": 0, ""usage"": 0}, ""source_count"": 0, ""total_sources"": 1}",2026-03-16 12:21:58,,,[],"{""leader_count"": 0, ""meta_relevance_score"": null, ""top_leaders"": [], ""tracked_deck_count"": 0}","{""identity"": 0.93, ""legality"": 0.0, ""market"": 0.0, ""rulings"": 0.0, ""text_effects"": 0.93, ""translation"": 0.0, ""usage_meta"": 0.0}","{""agree_count"": 0, ""agreement_level"": ""single_source"", ""card_code"": ""EB02-007"", ""checked_fields"": [""card_name"", ""set_code"", ""set_name"", ""rarity"", ""color"", ""card_type"", ""cost"", ""power"", ""counter"", ""attribute"", ""traits"", ""life"", ""effect_text"", ""trigger_text""], ""conflict_count"": 0, ""source_count"": 0}","[""identity"", ""text_effects"", ""provenance""]",2026-03-16 12:21:58,force_rebuild,force_rebuild,999.0,"{""priority_bucket"": ""critical"", ""priority_factors"": {""base_priority"": 999, ""reason"": ""force_rebuild""}, ""priority_objectives"": [], ""priority_summary"": ""force_rebuild: explicit full refresh request."", ""selection_reasons"": []}",,,,,,,,,,,,[],[],,,[],[],{},,,[],,,,,,,,
69,,,,,,,,2026-03-16 12:21:58,,[],,,0.93,"{""agreement_level"": ""single_source"", ""sections"": {""identity"": 1, ""legality"": 0, ""market"": 0, ""rulings"": 0, ""usage"": 0}, ""source_count"": 0, ""total_sources"": 1}",2026-03-16 12:21:58,,,[],"{""leader_count"": 0, ""meta_relevance_score"": null, ""top_leaders"": [], ""tracked_deck_count"": 0}","{""identity"": 0.93, ""legality"": 0.0, ""market"": 0.0, ""rulings"": 0.0, ""text_effects"": 0.93, ""translation"": 0.0, ""usage_meta"": 0.0}","{""agree_count"": 0, ""agreement_level"": ""single_source"", ""card_code"": ""EB02-008"", ""checked_fields"": [""card_name"", ""set_code"", ""set_name"", ""rarity"", ""color"", ""card_type"", ""cost"", ""power"", ""counter"", ""attribute"", ""traits"", ""life"", ""effect_text"", ""trigger_text""], ""conflict_count"": 0, ""source_count"": 0}","[""identity"", ""text_effects"", ""provenance""]",2026-03-16 12:21:58,force_rebuild,force_rebuild,999.0,"{""priority_bucket"": ""critical"", ""priority_factors"": {""base_priority"": 999, ""reason"": ""force_rebuild""}, ""priority_objectives"": [], ""priority_summary"": ""force_rebuild: explicit full refresh request."", ""selection_reasons"": []}",,,,,,,,,,,,[],[],,,[],[],{},,,[],,,,,,,,
70,,,,,,,,2026-03-16 12:21:58,,[],,,0.93,"{""agreement_level"": ""single_source"", ""sections"": {""identity"": 1, ""legality"": 0, ""market"": 0, ""rulings"": 0, ""usage"": 0}, ""source_count"": 0, ""total_sources"": 1}",2026-03-16 12:21:58,,,[],"{""leader_count"": 0, ""meta_relevance_score"": null, ""top_leaders"": [], ""tracked_deck_count"": 0}","{""identity"": 0.93, ""legality"": 0.0, ""market"": 0.0, ""rulings"": 0.0, ""text_effects"": 0.93, ""translation"": 0.0, ""usage_meta"": 0.0}","{""agree_count"": 0, ""agreement_level"": ""single_source"", ""card_code"": ""EB02-009"", ""checked_fields"": [""card_name"", ""set_code"", ""set_name"", ""rarity"", ""color"", ""card_type"", ""cost"", ""power"", ""counter"", ""attribute"", ""traits"", ""life"", ""effect_text"", ""trigger_text""], ""conflict_count"": 0, ""source_count"": 0}","[""identity"", ""text_effects"", ""provenance""]",2026-03-16 12:21:58,force_rebuild,force_rebuild,999.0,"{""priority_bucket"": ""critical"", ""priority_factors"": {""base_priority"": 999, ""reason"": ""force_rebuild""}, ""priority_objectives"": [], ""priority_summary"": ""force_rebuild: explicit full refresh request."", ""selection_reasons"": []}",,,,,,,,,,,,[],[],,,[],[],{},,,[],,,,,,,,
71,,,,,,,,2026-03-16 12:21:58,,[],,,0.93,"{""agreement_level"": ""single_source"", ""sections"": {""identity"": 1, ""legality"": 0, ""market"": 0, ""rulings"": 0, ""usage"": 0}, ""source_count"": 0, ""total_sources"": 1}",2026-03-16 12:21:58,,,[],"{""leader_count"": 0, ""meta_relevance_score"": null, ""top_leaders"": [], ""tracked_deck_count"": 0}","{""identity"": 0.93, ""legality"": 0.0, ""market"": 0.0, ""rulings"": 0.0, ""text_effects"": 0.93, ""translation"": 0.0, ""usage_meta"": 0.0}","{""agree_count"": 0, ""agreement_level"": ""single_source"", ""card_code"": ""EB02-010"", ""checked_fields"": [""card_name"", ""set_code"", ""set_name"", ""rarity"", ""color"", ""card_type"", ""cost"", ""power"", ""counter"", ""attribute"", ""traits"", ""life"", ""effect_text"", ""trigger_text""], ""conflict_count"": 0, ""source_count"": 0}","[""identity"", ""text_effects"", ""provenance""]",2026-03-09 02:49:11,leader_staple_meta_followup,incremental,458.55,"{""priority_bucket"": ""high"", ""priority_factors"": {""agreement_level"": ""single_source"", ""available_sections"": [""identity"", ""text_effects""], ""base_priority"": 340, ""candidate_sections"": [""identity""], ""canonical_confidence"": 0.93, ""gap_class"": ""missing_usage_meta"", ""is_leader"": true, ""leader_significance"": true, ""legality_sensitive"": false, ""missing_sections"": [], ""priority_objectives"": [""usage_meta_fill"", ""leader_profile_expand"", ""source_depth_fill"", ""stale_refresh""], ""publication_proximity"": false, ""reason"": ""leader_staple_meta_followup"", ""source_count"": 0, ""stale_promising"": true, ""thin_source_support"": true}, ""priority_objectives"": [""usage_meta_fill"", ""leader_profile_expand"", ""source_depth_fill"", ""stale_refresh""], ""priority_summary"": ""leader_staple_meta_followup: confidence=0.93, gap=missing_usage_meta, leader-significant, thin-source-support"", ""selection_reasons"": [""gap=missing_usage_meta"", ""leader-significant"", ""thin-source-support"", ""stale-but-promising""]}",blocked_by_guardrail,Blocked,The card does not yet have enough dossier-backed sections for a safe publish-oriented recommendation.,2026-03-19T22:37:02Z,,blocked_from_promotion,Current readiness guardrails block this item from future promotion.,2026-03-19T22:37:02Z,0.0,blocked,blocked,"[""Confidence is strong at 0.93.""]","[""Current readiness guardrails still block this candidate."", ""Source agreement is only single_source."", ""Only a narrow slice of the dossier is populated."", ""Strict insight output still falls back to insufficient data.""]",2026-03-19T22:37:02Z,publish_blocked,"[""The final publish gate is blocked by current guardrails or weak evidence."", ""Confidence clears the publish gate at 0.93.""]","[""Source agreement remains single_source."", ""Source support is still thin for a final release gate."", ""Current readiness guardrails still block this candidate."", ""Source agreement is only single_source."", ""Only a narrow slice of the dossier is populated.""]","{""approval_state"": """", ""card_id"": ""EB02-010"", ""confidence_indicators"": {""agreement_level"": ""single_source"", ""confidence_level"": ""high"", ""last_verified_at"": ""2026-03-16 12:21:58"", ""score"": 0.93, ""source_count"": 1}, ""flags"": {""confidence_level"": ""high"", ""legality_sensitive"": false, ""review_required"": false}, ""insight_summary"": ""Not enough verified data yet."", ""name"": ""Monkey.D.Luffy"", ""promotion_state"": ""blocked_from_promotion"", ""publish_status"": ""publish_blocked"", ""score"": 0.0, ""score_band"": ""blocked"", ""source_attribution"": {""agreement_level"": ""single_source"", ""source_count"": 1, ""source_summary"": ""{'total_sources': 1, 'agreement_level': 'single_source', 'source_count': 0, 'sections': {'identity': 1, 'rulings': 0, 'legality': 0, 'usage': 0, 'market': 0}}""}, ""supporting_sections"": []}",2026-03-19T22:37:02Z,missing_usage_meta,"[""thin_source_support"", ""missing_usage_meta"", ""ready_for_revalidation""]",100.0,high_value,"missing usage meta: leader card, sources=1, objectives=usage_meta_fill,leader_profile_expand,source_depth_fill",recheck_soon,Usage and meta coverage would materially improve this high-value card.,182.0,critical,2026-03-19T22:37:02Z
72,,,,,,,,2026-03-16 12:21:58,,[],,,0.93,"{""agreement_level"": ""single_source"", ""sections"": {""identity"": 1, ""legality"": 0, ""market"": 0, ""rulings"": 0, ""usage"": 0}, ""source_count"": 0, ""total_sources"": 1}",2026-03-16 12:21:58,,,[],"{""leader_count"": 0, ""meta_relevance_score"": null, ""top_leaders"": [], ""tracked_deck_count"": 0}","{""identity"": 0.93, ""legality"": 0.0, ""market"": 0.0, ""rulings"": 0.0, ""text_effects"": 0.93, ""translation"": 0.0, ""usage_meta"": 0.0}","{""agree_count"": 0, ""agreement_level"": ""single_source"", ""card_code"": ""EB02-011"", ""checked_fields"": [""card_name"", ""set_code"", ""set_name"", ""rarity"", ""color"", ""card_type"", ""cost"", ""power"", ""counter"", ""attribute"", ""traits"", ""life"", ""effect_text"", ""trigger_text""], ""conflict_count"": 0, ""source_count"": 0}","[""identity"", ""text_effects"", ""provenance""]",2026-03-16 12:21:58,force_rebuild,force_rebuild,999.0,"{""priority_bucket"": ""critical"", ""priority_factors"": {""base_priority"": 999, ""reason"": ""force_rebuild""}, ""priority_objectives"": [], ""priority_summary"": ""force_rebuild: explicit full refresh request."", ""selection_reasons"": []}",,,,,,,,,,,,[],[],,,[],[],{},,,[],,,,,,,,
73,,,,,,,,2026-03-16 12:21:58,,[],,,0.93,"{""agreement_level"": ""single_source"", ""sections"": {""identity"": 1, ""legality"": 0, ""market"": 0, ""rulings"": 0, ""usage"": 0}, ""source_count"": 0, ""total_sources"": 1}",2026-03-16 12:21:58,,,[],"{""leader_count"": 0, ""meta_relevance_score"": null, ""top_leaders"": [], ""tracked_deck_count"": 0}","{""identity"": 0.93, ""legality"": 0.0, ""market"": 0.0, ""rulings"": 0.0, ""text_effects"": 0.93, ""translation"": 0.0, ""usage_meta"": 0.0}","{""agree_count"": 0, ""agreement_level"": ""single_source"", ""card_code"": ""EB02-012"", ""checked_fields"": [""card_name"", ""set_code"", ""set_name"", ""rarity"", ""color"", ""card_type"", ""cost"", ""power"", ""counter"", ""attribute"", ""traits"", ""life"", ""effect_text"", ""trigger_text""], ""conflict_count"": 0, ""source_count"": 0}","[""identity"", ""text_effects"", ""provenance""]",2026-03-16 12:21:58,force_rebuild,force_rebuild,999.0,"{""priority_bucket"": ""critical"", ""priority_factors"": {""base_priority"": 999, ""reason"": ""force_rebuild""}, ""priority_objectives"": [], ""priority_summary"": ""force_rebuild: explicit full refresh request."", ""selection_reasons"": []}",,,,,,,,,,,,[],[],,,[],[],{},,,[],,,,,,,,
74,,,,,,,,2026-03-16 12:21:58,,[],,,0.93,"{""agreement_level"": ""single_source"", ""sections"": {""identity"": 1, ""legality"": 0, ""market"": 0, ""rulings"": 0, ""usage"": 0}, ""source_count"": 0, ""total_sources"": 1}",2026-03-16 12:21:58,,,[],"{""leader_count"": 0, ""meta_relevance_score"": null, ""top_leaders"": [], ""tracked_deck_count"": 0}","{""identity"": 0.93, ""legality"": 0.0, ""market"": 0.0, ""rulings"": 0.0, ""text_effects"": 0.93, ""translation"": 0.0, ""usage_meta"": 0.0}","{""agree_count"": 0, ""agreement_level"": ""single_source"", ""card_code"": ""EB02-013"", ""checked_fields"": [""card_name"", ""set_code"", ""set_name"", ""rarity"", ""color"", ""card_type"", ""cost"", ""power"", ""counter"", ""attribute"", ""traits"", ""life"", ""effect_text"", ""trigger_text""], ""conflict_count"": 0, ""source_count"": 0}","[""identity"", ""text_effects"", ""provenance""]",2026-03-16 12:21:58,force_rebuild,force_rebuild,999.0,"{""priority_bucket"": ""critical"", ""priority_factors"": {""base_priority"": 999, ""reason"": ""force_rebuild""}, ""priority_objectives"": [], ""priority_summary"": ""force_rebuild: explicit full refresh request."", ""selection_reasons"": []}",,,,,,,,,,,,[],[],,,[],[],{},,,[],,,,,,,,
75,,,,,,,,2026-03-16 12:21:58,,[],,,0.93,"{""agreement_level"": ""single_source"", ""sections"": {""identity"": 1, ""legality"": 0, ""market"": 0, ""rulings"": 0, ""usage"": 0}, ""source_count"": 0, ""total_sources"": 1}",2026-03-16 12:21:58,,,[],"{""leader_count"": 0, ""meta_relevance_score"": null, ""top_leaders"": [], ""tracked_deck_count"": 0}","{""identity"": 0.93, ""legality"": 0.0, ""market"": 0.0, ""rulings"": 0.0, ""text_effects"": 0.93, ""translation"": 0.0, ""usage_meta"": 0.0}","{""agree_count"": 0, ""agreement_level"": ""single_source"", ""card_code"": ""EB02-014"", ""checked_fields"": [""card_name"", ""set_code"", ""set_name"", ""rarity"", ""color"", ""card_type"", ""cost"", ""power"", ""counter"", ""attribute"", ""traits"", ""life"", ""effect_text"", ""trigger_text""], ""conflict_count"": 0, ""source_count"": 0}","[""identity"", ""text_effects"", ""provenance""]",2026-03-16 12:21:58,force_rebuild,force_rebuild,999.0,"{""priority_bucket"": ""critical"", ""priority_factors"": {""base_priority"": 999, ""reason"": ""force_rebuild""}, ""priority_objectives"": [], ""priority_summary"": ""force_rebuild: explicit full refresh request."", ""selection_reasons"": []}",,,,,,,,,,,,[],[],,,[],[],{},,,[],,,,,,,,
76,,,,,,,,2026-03-16 12:21:59,,[],,,0.93,"{""agreement_level"": ""single_source"", ""sections"": {""identity"": 1, ""legality"": 0, ""market"": 0, ""rulings"": 0, ""usage"": 0}, ""source_count"": 0, ""total_sources"": 1}",2026-03-16 12:21:59,,,[],"{""leader_count"": 0, ""meta_relevance_score"": null, ""top_leaders"": [], ""tracked_deck_count"": 0}","{""identity"": 0.93, ""legality"": 0.0, ""market"": 0.0, ""rulings"": 0.0, ""text_effects"": 0.93, ""translation"": 0.0, ""usage_meta"": 0.0}","{""agree_count"": 0, ""agreement_level"": ""single_source"", ""card_code"": ""EB02-015"", ""checked_fields"": [""card_name"", ""set_code"", ""set_name"", ""rarity"", ""color"", ""card_type"", ""cost"", ""power"", ""counter"", ""attribute"", ""traits"", ""life"", ""effect_text"", ""trigger_text""], ""conflict_count"": 0, ""source_count"": 0}","[""identity"", ""text_effects"", ""provenance""]",2026-03-16 12:21:59,force_rebuild,force_rebuild,999.0,"{""priority_bucket"": ""critical"", ""priority_factors"": {""base_priority"": 999, ""reason"": ""force_rebuild""}, ""priority_objectives"": [], ""priority_summary"": ""force_rebuild: explicit full refresh request."", ""selection_reasons"": []}",,,,,,,,,,,,[],[],,,[],[],{},,,[],,,,,,,,
77,,,,,,,,2026-03-16 12:21:59,,[],,,0.93,"{""agreement_level"": ""single_source"", ""sections"": {""identity"": 1, ""legality"": 0, ""market"": 0, ""rulings"": 0, ""usage"": 0}, ""source_count"": 0, ""total_sources"": 1}",2026-03-16 12:21:59,,,[],"{""leader_count"": 0, ""meta_relevance_score"": null, ""top_leaders"": [], ""tracked_deck_count"": 0}","{""identity"": 0.93, ""legality"": 0.0, ""market"": 0.0, ""rulings"": 0.0, ""text_effects"": 0.93, ""translation"": 0.0, ""usage_meta"": 0.0}","{""agree_count"": 0, ""agreement_level"": ""single_source"", ""card_code"": ""EB02-016"", ""checked_fields"": [""card_name"", ""set_code"", ""set_name"", ""rarity"", ""color"", ""card_type"", ""cost"", ""power"", ""counter"", ""attribute"", ""traits"", ""life"", ""effect_text"", ""trigger_text""], ""conflict_count"": 0, ""source_count"": 0}","[""identity"", ""text_effects"", ""provenance""]",2026-03-16 12:21:59,force_rebuild,force_rebuild,999.0,"{""priority_bucket"": ""critical"", ""priority_factors"": {""base_priority"": 999, ""reason"": ""force_rebuild""}, ""priority_objectives"": [], ""priority_summary"": ""force_rebuild: explicit full refresh request."", ""selection_reasons"": []}",,,,,,,,,,,,[],[],,,[],[],{},,,[],,,,,,,,
78,,,,,,,,2026-03-16 12:21:59,,[],,,0.93,"{""agreement_level"": ""single_source"", ""sections"": {""identity"": 1, ""legality"": 0, ""market"": 0, ""rulings"": 0, ""usage"": 0}, ""source_count"": 0, ""total_sources"": 1}",2026-03-16 12:21:59,,,[],"{""leader_count"": 0, ""meta_relevance_score"": null, ""top_leaders"": [], ""tracked_deck_count"": 0}","{""identity"": 0.93, ""legality"": 0.0, ""market"": 0.0, ""rulings"": 0.0, ""text_effects"": 0.93, ""translation"": 0.0, ""usage_meta"": 0.0}","{""agree_count"": 0, ""agreement_level"": ""single_source"", ""card_code"": ""EB02-017"", ""checked_fields"": [""card_name"", ""set_code"", ""set_name"", ""rarity"", ""color"", ""card_type"", ""cost"", ""power"", ""counter"", ""attribute"", ""traits"", ""life"", ""effect_text"", ""trigger_text""], ""conflict_count"": 0, ""source_count"": 0}","[""identity"", ""text_effects"", ""provenance""]",2026-03-16 12:21:59,force_rebuild,force_rebuild,999.0,"{""priority_bucket"": ""critical"", ""priority_factors"": {""base_priority"": 999, ""reason"": ""force_rebuild""}, ""priority_objectives"": [], ""priority_summary"": ""force_rebuild: explicit full refresh request."", ""selection_reasons"": []}",,,,,,,,,,,,[],[],,,[],[],{},,,[],,,,,,,,
79,,,,,,,,2026-03-16 12:21:59,,[],,,0.93,"{""agreement_level"": ""single_source"", ""sections"": {""identity"": 1, ""legality"": 0, ""market"": 0, ""rulings"": 0, ""usage"": 0}, ""source_count"": 0, ""total_sources"": 1}",2026-03-16 12:21:59,,,[],"{""leader_count"": 0, ""meta_relevance_score"": null, ""top_leaders"": [], ""tracked_deck_count"": 0}","{""identity"": 0.93, ""legality"": 0.0, ""market"": 0.0, ""rulings"": 0.0, ""text_effects"": 0.93, ""translation"": 0.0, ""usage_meta"": 0.0}","{""agree_count"": 0, ""agreement_level"": ""single_source"", ""card_code"": ""EB02-018"", ""checked_fields"": [""card_name"", ""set_code"", ""set_name"", ""rarity"", ""color"", ""card_type"", ""cost"", ""power"", ""counter"", ""attribute"", ""traits"", ""life"", ""effect_text"", ""trigger_text""], ""conflict_count"": 0, ""source_count"": 0}","[""identity"", ""text_effects"", ""provenance""]",2026-03-16 12:21:59,force_rebuild,force_rebuild,999.0,"{""priority_bucket"": ""critical"", ""priority_factors"": {""base_priority"": 999, ""reason"": ""force_rebuild""}, ""priority_objectives"": [], ""priority_summary"": ""force_rebuild: explicit full refresh request."", ""selection_reasons"": []}",,,,,,,,,,,,[],[],,,[],[],{},,,[],,,,,,,,
80,,,,,,,,2026-03-16 12:21:59,,[],,,0.93,"{""agreement_level"": ""single_source"", ""sections"": {""identity"": 1, ""legality"": 0, ""market"": 0, ""rulings"": 0, ""usage"": 0}, ""source_count"": 0, ""total_sources"": 1}",2026-03-16 12:21:59,,,[],"{""leader_count"": 0, ""meta_relevance_score"": null, ""top_leaders"": [], ""tracked_deck_count"": 0}","{""identity"": 0.93, ""legality"": 0.0, ""market"": 0.0, ""rulings"": 0.0, ""text_effects"": 0.93, ""translation"": 0.0, ""usage_meta"": 0.0}","{""agree_count"": 0, ""agreement_level"": ""single_source"", ""card_code"": ""EB02-019"", ""checked_fields"": [""card_name"", ""set_code"", ""set_name"", ""rarity"", ""color"", ""card_type"", ""cost"", ""power"", ""counter"", ""attribute"", ""traits"", ""life"", ""effect_text"", ""trigger_text""], ""conflict_count"": 0, ""source_count"": 0}","[""identity"", ""text_effects"", ""provenance""]",2026-03-16 12:21:59,force_rebuild,force_rebuild,999.0,"{""priority_bucket"": ""critical"", ""priority_factors"": {""base_priority"": 999, ""reason"": ""force_rebuild""}, ""priority_objectives"": [], ""priority_summary"": ""force_rebuild: explicit full refresh request."", ""selection_reasons"": []}",,,,,,,,,,,,[],[],,,[],[],{},,,[],,,,,,,,
81,,,,,,,,2026-03-16 12:21:59,,[],,,0.93,"{""agreement_level"": ""single_source"", ""sections"": {""identity"": 1, ""legality"": 0, ""market"": 0, ""rulings"": 0, ""usage"": 0}, ""source_count"": 0, ""total_sources"": 1}",2026-03-16 12:21:59,,,[],"{""leader_count"": 0, ""meta_relevance_score"": null, ""top_leaders"": [], ""tracked_deck_count"": 0}","{""identity"": 0.93, ""legality"": 0.0, ""market"": 0.0, ""rulings"": 0.0, ""text_effects"": 0.93, ""translation"": 0.0, ""usage_meta"": 0.0}","{""agree_count"": 0, ""agreement_level"": ""single_source"", ""card_code"": ""EB02-020"", ""checked_fields"": [""card_name"", ""set_code"", ""set_name"", ""rarity"", ""color"", ""card_type"", ""cost"", ""power"", ""counter"", ""attribute"", ""traits"", ""life"", ""effect_text"", ""trigger_text""], ""conflict_count"": 0, ""source_count"": 0}","[""identity"", ""text_effects"", ""provenance""]",2026-03-16 12:21:59,force_rebuild,force_rebuild,999.0,"{""priority_bucket"": ""critical"", ""priority_factors"": {""base_priority"": 999, ""reason"": ""force_rebuild""}, ""priority_objectives"": [], ""priority_summary"": ""force_rebuild: explicit full refresh request."", ""selection_reasons"": []}",,,,,,,,,,,,[],[],,,[],[],{},,,[],,,,,,,,
82,,,,,,,,2026-03-16 12:21:59,,[],,,0.93,"{""agreement_level"": ""single_source"", ""sections"": {""identity"": 1, ""legality"": 0, ""market"": 0, ""rulings"": 0, ""usage"": 0}, ""source_count"": 0, ""total_sources"": 1}",2026-03-16 12:21:59,,,[],"{""leader_count"": 0, ""meta_relevance_score"": null, ""top_leaders"": [], ""tracked_deck_count"": 0}","{""identity"": 0.93, ""legality"": 0.0, ""market"": 0.0, ""rulings"": 0.0, ""text_effects"": 0.93, ""translation"": 0.0, ""usage_meta"": 0.0}","{""agree_count"": 0, ""agreement_level"": ""single_source"", ""card_code"": ""EB02-021"", ""checked_fields"": [""card_name"", ""set_code"", ""set_name"", ""rarity"", ""color"", ""card_type"", ""cost"", ""power"", ""counter"", ""attribute"", ""traits"", ""life"", ""effect_text"", ""trigger_text""], ""conflict_count"": 0, ""source_count"": 0}","[""identity"", ""text_effects"", ""provenance""]",2026-03-16 12:21:59,force_rebuild,force_rebuild,999.0,"{""priority_bucket"": ""critical"", ""priority_factors"": {""base_priority"": 999, ""reason"": ""force_rebuild""}, ""priority_objectives"": [], ""priority_summary"": ""force_rebuild: explicit full refresh request."", ""selection_reasons"": []}",,,,,,,,,,,,[],[],,,[],[],{},,,[],,,,,,,,
83,,,,,,,,2026-03-16 12:21:59,,[],,,0.93,"{""agreement_level"": ""single_source"", ""sections"": {""identity"": 1, ""legality"": 0, ""market"": 0, ""rulings"": 0, ""usage"": 0}, ""source_count"": 0, ""total_sources"": 1}",2026-03-16 12:21:59,,,[],"{""leader_count"": 0, ""meta_relevance_score"": null, ""top_leaders"": [], ""tracked_deck_count"": 0}","{""identity"": 0.93, ""legality"": 0.0, ""market"": 0.0, ""rulings"": 0.0, ""text_effects"": 0.93, ""translation"": 0.0, ""usage_meta"": 0.0}","{""agree_count"": 0, ""agreement_level"": ""single_source"", ""card_code"": ""EB02-022"", ""checked_fields"": [""card_name"", ""set_code"", ""set_name"", ""rarity"", ""color"", ""card_type"", ""cost"", ""power"", ""counter"", ""attribute"", ""traits"", ""life"", ""effect_text"", ""trigger_text""], ""conflict_count"": 0, ""source_count"": 0}","[""identity"", ""text_effects"", ""provenance""]",2026-03-16 12:21:59,force_rebuild,force_rebuild,999.0,"{""priority_bucket"": ""critical"", ""priority_factors"": {""base_priority"": 999, ""reason"": ""force_rebuild""}, ""priority_objectives"": [], ""priority_summary"": ""force_rebuild: explicit full refresh request."", ""selection_reasons"": []}",,,,,,,,,,,,[],[],,,[],[],{},,,[],,,,,,,,
84,,,,,,,,2026-03-16 12:21:59,,[],,,0.93,"{""agreement_level"": ""single_source"", ""sections"": {""identity"": 1, ""legality"": 0, ""market"": 0, ""rulings"": 0, ""usage"": 0}, ""source_count"": 0, ""total_sources"": 1}",2026-03-16 12:21:59,,,[],"{""leader_count"": 0, ""meta_relevance_score"": null, ""top_leaders"": [], ""tracked_deck_count"": 0}","{""identity"": 0.93, ""legality"": 0.0, ""market"": 0.0, ""rulings"": 0.0, ""text_effects"": 0.93, ""translation"": 0.0, ""usage_meta"": 0.0}","{""agree_count"": 0, ""agreement_level"": ""single_source"", ""card_code"": ""EB02-023"", ""checked_fields"": [""card_name"", ""set_code"", ""set_name"", ""rarity"", ""color"", ""card_type"", ""cost"", ""power"", ""counter"", ""attribute"", ""traits"", ""life"", ""effect_text"", ""trigger_text""], ""conflict_count"": 0, ""source_count"": 0}","[""identity"", ""text_effects"", ""provenance""]",2026-03-16 12:21:59,force_rebuild,force_rebuild,999.0,"{""priority_bucket"": ""critical"", ""priority_factors"": {""base_priority"": 999, ""reason"": ""force_rebuild""}, ""priority_objectives"": [], ""priority_summary"": ""force_rebuild: explicit full refresh request."", ""selection_reasons"": []}",,,,,,,,,,,,[],[],,,[],[],{},,,[],,,,,,,,
85,,,,,,,,2026-03-16 12:21:59,,[],,,0.93,"{""agreement_level"": ""single_source"", ""sections"": {""identity"": 1, ""legality"": 0, ""market"": 0, ""rulings"": 0, ""usage"": 0}, ""source_count"": 0, ""total_sources"": 1}",2026-03-16 12:21:59,,,[],"{""leader_count"": 0, ""meta_relevance_score"": null, ""top_leaders"": [], ""tracked_deck_count"": 0}","{""identity"": 0.93, ""legality"": 0.0, ""market"": 0.0, ""rulings"": 0.0, ""text_effects"": 0.93, ""translation"": 0.0, ""usage_meta"": 0.0}","{""agree_count"": 0, ""agreement_level"": ""single_source"", ""card_code"": ""EB02-024"", ""checked_fields"": [""card_name"", ""set_code"", ""set_name"", ""rarity"", ""color"", ""card_type"", ""cost"", ""power"", ""counter"", ""attribute"", ""traits"", ""life"", ""effect_text"", ""trigger_text""], ""conflict_count"": 0, ""source_count"": 0}","[""identity"", ""text_effects"", ""provenance""]",2026-03-16 12:21:59,force_rebuild,force_rebuild,999.0,"{""priority_bucket"": ""critical"", ""priority_factors"": {""base_priority"": 999, ""reason"": ""force_rebuild""}, ""priority_objectives"": [], ""priority_summary"": ""force_rebuild: explicit full refresh request."", ""selection_reasons"": []}",,,,,,,,,,,,[],[],,,[],[],{},,,[],,,,,,,,
86,,,,,,,,2026-03-16 12:21:59,,[],,,0.93,"{""agreement_level"": ""single_source"", ""sections"": {""identity"": 1, ""legality"": 0, ""market"": 0, ""rulings"": 0, ""usage"": 0}, ""source_count"": 0, ""total_sources"": 1}",2026-03-16 12:21:59,,,[],"{""leader_count"": 0, ""meta_relevance_score"": null, ""top_leaders"": [], ""tracked_deck_count"": 0}","{""identity"": 0.93, ""legality"": 0.0, ""market"": 0.0, ""rulings"": 0.0, ""text_effects"": 0.93, ""translation"": 0.0, ""usage_meta"": 0.0}","{""agree_count"": 0, ""agreement_level"": ""single_source"", ""card_code"": ""EB02-025"", ""checked_fields"": [""card_name"", ""set_code"", ""set_name"", ""rarity"", ""color"", ""card_type"", ""cost"", ""power"", ""counter"", ""attribute"", ""traits"", ""life"", ""effect_text"", ""trigger_text""], ""conflict_count"": 0, ""source_count"": 0}","[""identity"", ""text_effects"", ""provenance""]",2026-03-16 12:21:59,force_rebuild,force_rebuild,999.0,"{""priority_bucket"": ""critical"", ""priority_factors"": {""base_priority"": 999, ""reason"": ""force_rebuild""}, ""priority_objectives"": [], ""priority_summary"": ""force_rebuild: explicit full refresh request."", ""selection_reasons"": []}",,,,,,,,,,,,[],[],,,[],[],{},,,[],,,,,,,,
87,,,,,,,,2026-03-16 12:21:59,,[],,,0.93,"{""agreement_level"": ""single_source"", ""sections"": {""identity"": 1, ""legality"": 0, ""market"": 0, ""rulings"": 0, ""usage"": 0}, ""source_count"": 0, ""total_sources"": 1}",2026-03-16 12:21:59,,,[],"{""leader_count"": 0, ""meta_relevance_score"": null, ""top_leaders"": [], ""tracked_deck_count"": 0}","{""identity"": 0.93, ""legality"": 0.0, ""market"": 0.0, ""rulings"": 0.0, ""text_effects"": 0.93, ""translation"": 0.0, ""usage_meta"": 0.0}","{""agree_count"": 0, ""agreement_level"": ""single_source"", ""card_code"": ""EB02-026"", ""checked_fields"": [""card_name"", ""set_code"", ""set_name"", ""rarity"", ""color"", ""card_type"", ""cost"", ""power"", ""counter"", ""attribute"", ""traits"", ""life"", ""effect_text"", ""trigger_text""], ""conflict_count"": 0, ""source_count"": 0}","[""identity"", ""text_effects"", ""provenance""]",2026-03-16 12:21:59,force_rebuild,force_rebuild,999.0,"{""priority_bucket"": ""critical"", ""priority_factors"": {""base_priority"": 999, ""reason"": ""force_rebuild""}, ""priority_objectives"": [], ""priority_summary"": ""force_rebuild: explicit full refresh request."", ""selection_reasons"": []}",,,,,,,,,,,,[],[],,,[],[],{},,,[],,,,,,,,
88,,,,,,,,2026-03-16 12:21:59,,[],,,0.93,"{""agreement_level"": ""single_source"", ""sections"": {""identity"": 1, ""legality"": 0, ""market"": 0, ""rulings"": 0, ""usage"": 0}, ""source_count"": 0, ""total_sources"": 1}",2026-03-16 12:21:59,,,[],"{""leader_count"": 0, ""meta_relevance_score"": null, ""top_leaders"": [], ""tracked_deck_count"": 0}","{""identity"": 0.93, ""legality"": 0.0, ""market"": 0.0, ""rulings"": 0.0, ""text_effects"": 0.93, ""translation"": 0.0, ""usage_meta"": 0.0}","{""agree_count"": 0, ""agreement_level"": ""single_source"", ""card_code"": ""EB02-027"", ""checked_fields"": [""card_name"", ""set_code"", ""set_name"", ""rarity"", ""color"", ""card_type"", ""cost"", ""power"", ""counter"", ""attribute"", ""traits"", ""life"", ""effect_text"", ""trigger_text""], ""conflict_count"": 0, ""source_count"": 0}","[""identity"", ""text_effects"", ""provenance""]",2026-03-16 12:21:59,force_rebuild,force_rebuild,999.0,"{""priority_bucket"": ""critical"", ""priority_factors"": {""base_priority"": 999, ""reason"": ""force_rebuild""}, ""priority_objectives"": [], ""priority_summary"": ""force_rebuild: explicit full refresh request."", ""selection_reasons"": []}",,,,,,,,,,,,[],[],,,[],[],{},,,[],,,,,,,,
89,,,,,,,,2026-03-16 12:21:59,,[],,,0.93,"{""agreement_level"": ""single_source"", ""sections"": {""identity"": 1, ""legality"": 0, ""market"": 0, ""rulings"": 0, ""usage"": 0}, ""source_count"": 0, ""total_sources"": 1}",2026-03-16 12:21:59,,,[],"{""leader_count"": 0, ""meta_relevance_score"": null, ""top_leaders"": [], ""tracked_deck_count"": 0}","{""identity"": 0.93, ""legality"": 0.0, ""market"": 0.0, ""rulings"": 0.0, ""text_effects"": 0.93, ""translation"": 0.0, ""usage_meta"": 0.0}","{""agree_count"": 0, ""agreement_level"": ""single_source"", ""card_code"": ""EB02-028"", ""checked_fields"": [""card_name"", ""set_code"", ""set_name"", ""rarity"", ""color"", ""card_type"", ""cost"", ""power"", ""counter"", ""attribute"", ""traits"", ""life"", ""effect_text"", ""trigger_text""], ""conflict_count"": 0, ""source_count"": 0}","[""identity"", ""text_effects"", ""provenance""]",2026-03-16 12:21:59,force_rebuild,force_rebuild,999.0,"{""priority_bucket"": ""critical"", ""priority_factors"": {""base_priority"": 999, ""reason"": ""force_rebuild""}, ""priority_objectives"": [], ""priority_summary"": ""force_rebuild: explicit full refresh request."", ""selection_reasons"": []}",,,,,,,,,,,,[],[],,,[],[],{},,,[],,,,,,,,
90,,,,,,,,2026-03-16 12:21:59,,[],,,0.93,"{""agreement_level"": ""single_source"", ""sections"": {""identity"": 1, ""legality"": 0, ""market"": 0, ""rulings"": 0, ""usage"": 0}, ""source_count"": 0, ""total_sources"": 1}",2026-03-16 12:21:59,,,[],"{""leader_count"": 0, ""meta_relevance_score"": null, ""top_leaders"": [], ""tracked_deck_count"": 0}","{""identity"": 0.93, ""legality"": 0.0, ""market"": 0.0, ""rulings"": 0.0, ""text_effects"": 0.93, ""translation"": 0.0, ""usage_meta"": 0.0}","{""agree_count"": 0, ""agreement_level"": ""single_source"", ""card_code"": ""EB02-029"", ""checked_fields"": [""card_name"", ""set_code"", ""set_name"", ""rarity"", ""color"", ""card_type"", ""cost"", ""power"", ""counter"", ""attribute"", ""traits"", ""life"", ""effect_text"", ""trigger_text""], ""conflict_count"": 0, ""source_count"": 0}","[""identity"", ""text_effects"", ""provenance""]",2026-03-16 12:21:59,force_rebuild,force_rebuild,999.0,"{""priority_bucket"": ""critical"", ""priority_factors"": {""base_priority"": 999, ""reason"": ""force_rebuild""}, ""priority_objectives"": [], ""priority_summary"": ""force_rebuild: explicit full refresh request."", ""selection_reasons"": []}",,,,,,,,,,,,[],[],,,[],[],{},,,[],,,,,,,,
91,,,,,,,,2026-03-16 12:21:59,,[],,,0.93,"{""agreement_level"": ""single_source"", ""sections"": {""identity"": 1, ""legality"": 0, ""market"": 0, ""rulings"": 0, ""usage"": 0}, ""source_count"": 0, ""total_sources"": 1}",2026-03-16 12:21:59,,,[],"{""leader_count"": 0, ""meta_relevance_score"": null, ""top_leaders"": [], ""tracked_deck_count"": 0}","{""identity"": 0.93, ""legality"": 0.0, ""market"": 0.0, ""rulings"": 0.0, ""text_effects"": 0.93, ""translation"": 0.0, ""usage_meta"": 0.0}","{""agree_count"": 0, ""agreement_level"": ""single_source"", ""card_code"": ""EB02-030"", ""checked_fields"": [""card_name"", ""set_code"", ""set_name"", ""rarity"", ""color"", ""card_type"", ""cost"", ""power"", ""counter"", ""attribute"", ""traits"", ""life"", ""effect_text"", ""trigger_text""], ""conflict_count"": 0, ""source_count"": 0}","[""identity"", ""text_effects"", ""provenance""]",2026-03-16 12:21:59,force_rebuild,force_rebuild,999.0,"{""priority_bucket"": ""critical"", ""priority_factors"": {""base_priority"": 999, ""reason"": ""force_rebuild""}, ""priority_objectives"": [], ""priority_summary"": ""force_rebuild: explicit full refresh request."", ""selection_reasons"": []}",,,,,,,,,,,,[],[],,,[],[],{},,,[],,,,,,,,
92,,,,,,,,2026-03-16 12:21:59,,[],,,0.93,"{""agreement_level"": ""single_source"", ""sections"": {""identity"": 1, ""legality"": 0, ""market"": 0, ""rulings"": 0, ""usage"": 0}, ""source_count"": 0, ""total_sources"": 1}",2026-03-16 12:21:59,,,[],"{""leader_count"": 0, ""meta_relevance_score"": null, ""top_leaders"": [], ""tracked_deck_count"": 0}","{""identity"": 0.93, ""legality"": 0.0, ""market"": 0.0, ""rulings"": 0.0, ""text_effects"": 0.93, ""translation"": 0.0, ""usage_meta"": 0.0}","{""agree_count"": 0, ""agreement_level"": ""single_source"", ""card_code"": ""EB02-031"", ""checked_fields"": [""card_name"", ""set_code"", ""set_name"", ""rarity"", ""color"", ""card_type"", ""cost"", ""power"", ""counter"", ""attribute"", ""traits"", ""life"", ""effect_text"", ""trigger_text""], ""conflict_count"": 0, ""source_count"": 0}","[""identity"", ""text_effects"", ""provenance""]",2026-03-16 12:21:59,force_rebuild,force_rebuild,999.0,"{""priority_bucket"": ""critical"", ""priority_factors"": {""base_priority"": 999, ""reason"": ""force_rebuild""}, ""priority_objectives"": [], ""priority_summary"": ""force_rebuild: explicit full refresh request."", ""selection_reasons"": []}",,,,,,,,,,,,[],[],,,[],[],{},,,[],,,,,,,,
93,,,,,,,,2026-03-16 12:21:59,,[],,,0.93,"{""agreement_level"": ""single_source"", ""sections"": {""identity"": 1, ""legality"": 0, ""market"": 0, ""rulings"": 0, ""usage"": 0}, ""source_count"": 0, ""total_sources"": 1}",2026-03-16 12:21:59,,,[],"{""leader_count"": 0, ""meta_relevance_score"": null, ""top_leaders"": [], ""tracked_deck_count"": 0}","{""identity"": 0.93, ""legality"": 0.0, ""market"": 0.0, ""rulings"": 0.0, ""text_effects"": 0.93, ""translation"": 0.0, ""usage_meta"": 0.0}","{""agree_count"": 0, ""agreement_level"": ""single_source"", ""card_code"": ""EB02-032"", ""checked_fields"": [""card_name"", ""set_code"", ""set_name"", ""rarity"", ""color"", ""card_type"", ""cost"", ""power"", ""counter"", ""attribute"", ""traits"", ""life"", ""effect_text"", ""trigger_text""], ""conflict_count"": 0, ""source_count"": 0}","[""identity"", ""text_effects"", ""provenance""]",2026-03-16 12:21:59,force_rebuild,force_rebuild,999.0,"{""priority_bucket"": ""critical"", ""priority_factors"": {""base_priority"": 999, ""reason"": ""force_rebuild""}, ""priority_objectives"": [], ""priority_summary"": ""force_rebuild: explicit full refresh request."", ""selection_reasons"": []}",,,,,,,,,,,,[],[],,,[],[],{},,,[],,,,,,,,
94,,,,,,,,2026-03-16 12:21:59,,[],,,0.93,"{""agreement_level"": ""single_source"", ""sections"": {""identity"": 1, ""legality"": 0, ""market"": 0, ""rulings"": 0, ""usage"": 0}, ""source_count"": 0, ""total_sources"": 1}",2026-03-16 12:21:59,,,[],"{""leader_count"": 0, ""meta_relevance_score"": null, ""top_leaders"": [], ""tracked_deck_count"": 0}","{""identity"": 0.93, ""legality"": 0.0, ""market"": 0.0, ""rulings"": 0.0, ""text_effects"": 0.93, ""translation"": 0.0, ""usage_meta"": 0.0}","{""agree_count"": 0, ""agreement_level"": ""single_source"", ""card_code"": ""EB02-033"", ""checked_fields"": [""card_name"", ""set_code"", ""set_name"", ""rarity"", ""color"", ""card_type"", ""cost"", ""power"", ""counter"", ""attribute"", ""traits"", ""life"", ""effect_text"", ""trigger_text""], ""conflict_count"": 0, ""source_count"": 0}","[""identity"", ""text_effects"", ""provenance""]",2026-03-16 12:21:59,force_rebuild,force_rebuild,999.0,"{""priority_bucket"": ""critical"", ""priority_factors"": {""base_priority"": 999, ""reason"": ""force_rebuild""}, ""priority_objectives"": [], ""priority_summary"": ""force_rebuild: explicit full refresh request."", ""selection_reasons"": []}",,,,,,,,,,,,[],[],,,[],[],{},,,[],,,,,,,,
95,,,,,,,,2026-03-16 12:21:59,,[],,,0.93,"{""agreement_level"": ""single_source"", ""sections"": {""identity"": 1, ""legality"": 0, ""market"": 0, ""rulings"": 0, ""usage"": 0}, ""source_count"": 0, ""total_sources"": 1}",2026-03-16 12:21:59,,,[],"{""leader_count"": 0, ""meta_relevance_score"": null, ""top_leaders"": [], ""tracked_deck_count"": 0}","{""identity"": 0.93, ""legality"": 0.0, ""market"": 0.0, ""rulings"": 0.0, ""text_effects"": 0.93, ""translation"": 0.0, ""usage_meta"": 0.0}","{""agree_count"": 0, ""agreement_level"": ""single_source"", ""card_code"": ""EB02-034"", ""checked_fields"": [""card_name"", ""set_code"", ""set_name"", ""rarity"", ""color"", ""card_type"", ""cost"", ""power"", ""counter"", ""attribute"", ""traits"", ""life"", ""effect_text"", ""trigger_text""], ""conflict_count"": 0, ""source_count"": 0}","[""identity"", ""text_effects"", ""provenance""]",2026-03-16 12:21:59,force_rebuild,force_rebuild,999.0,"{""priority_bucket"": ""critical"", ""priority_factors"": {""base_priority"": 999, ""reason"": ""force_rebuild""}, ""priority_objectives"": [], ""priority_summary"": ""force_rebuild: explicit full refresh request."", ""selection_reasons"": []}",,,,,,,,,,,,[],[],,,[],[],{},,,[],,,,,,,,
96,,,,,,,,2026-03-16 12:21:59,,[],,,0.93,"{""agreement_level"": ""single_source"", ""sections"": {""identity"": 1, ""legality"": 0, ""market"": 0, ""rulings"": 0, ""usage"": 0}, ""source_count"": 0, ""total_sources"": 1}",2026-03-16 12:21:59,,,[],"{""leader_count"": 0, ""meta_relevance_score"": null, ""top_leaders"": [], ""tracked_deck_count"": 0}","{""identity"": 0.93, ""legality"": 0.0, ""market"": 0.0, ""rulings"": 0.0, ""text_effects"": 0.93, ""translation"": 0.0, ""usage_meta"": 0.0}","{""agree_count"": 0, ""agreement_level"": ""single_source"", ""card_code"": ""EB02-035"", ""checked_fields"": [""card_name"", ""set_code"", ""set_name"", ""rarity"", ""color"", ""card_type"", ""cost"", ""power"", ""counter"", ""attribute"", ""traits"", ""life"", ""effect_text"", ""trigger_text""], ""conflict_count"": 0, ""source_count"": 0}","[""identity"", ""text_effects"", ""provenance""]",2026-03-16 12:21:59,force_rebuild,force_rebuild,999.0,"{""priority_bucket"": ""critical"", ""priority_factors"": {""base_priority"": 999, ""reason"": ""force_rebuild""}, ""priority_objectives"": [], ""priority_summary"": ""force_rebuild: explicit full refresh request."", ""selection_reasons"": []}",,,,,,,,,,,,[],[],,,[],[],{},,,[],,,,,,,,
97,,,,,,,,2026-03-16 12:21:59,,[],,,0.93,"{""agreement_level"": ""single_source"", ""sections"": {""identity"": 1, ""legality"": 0, ""market"": 0, ""rulings"": 0, ""usage"": 0}, ""source_count"": 0, ""total_sources"": 1}",2026-03-16 12:21:59,,,[],"{""leader_count"": 0, ""meta_relevance_score"": null, ""top_leaders"": [], ""tracked_deck_count"": 0}","{""identity"": 0.93, ""legality"": 0.0, ""market"": 0.0, ""rulings"": 0.0, ""text_effects"": 0.93, ""translation"": 0.0, ""usage_meta"": 0.0}","{""agree_count"": 0, ""agreement_level"": ""single_source"", ""card_code"": ""EB02-036"", ""checked_fields"": [""card_name"", ""set_code"", ""set_name"", ""rarity"", ""color"", ""card_type"", ""cost"", ""power"", ""counter"", ""attribute"", ""traits"", ""life"", ""effect_text"", ""trigger_text""], ""conflict_count"": 0, ""source_count"": 0}","[""identity"", ""text_effects"", ""provenance""]",2026-03-16 12:21:59,force_rebuild,force_rebuild,999.0,"{""priority_bucket"": ""critical"", ""priority_factors"": {""base_priority"": 999, ""reason"": ""force_rebuild""}, ""priority_objectives"": [], ""priority_summary"": ""force_rebuild: explicit full refresh request."", ""selection_reasons"": []}",,,,,,,,,,,,[],[],,,[],[],{},,,[],,,,,,,,
98,,,,,,,,2026-03-16 12:21:59,,[],,,0.93,"{""agreement_level"": ""single_source"", ""sections"": {""identity"": 1, ""legality"": 0, ""market"": 0, ""rulings"": 0, ""usage"": 0}, ""source_count"": 0, ""total_sources"": 1}",2026-03-16 12:21:59,,,[],"{""leader_count"": 0, ""meta_relevance_score"": null, ""top_leaders"": [], ""tracked_deck_count"": 0}","{""identity"": 0.93, ""legality"": 0.0, ""market"": 0.0, ""rulings"": 0.0, ""text_effects"": 0.93, ""translation"": 0.0, ""usage_meta"": 0.0}","{""agree_count"": 0, ""agreement_level"": ""single_source"", ""card_code"": ""EB02-037"", ""checked_fields"": [""card_name"", ""set_code"", ""set_name"", ""rarity"", ""color"", ""card_type"", ""cost"", ""power"", ""counter"", ""attribute"", ""traits"", ""life"", ""effect_text"", ""trigger_text""], ""conflict_count"": 0, ""source_count"": 0}","[""identity"", ""text_effects"", ""provenance""]",2026-03-16 12:21:59,force_rebuild,force_rebuild,999.0,"{""priority_bucket"": ""critical"", ""priority_factors"": {""base_priority"": 999, ""reason"": ""force_rebuild""}, ""priority_objectives"": [], ""priority_summary"": ""force_rebuild: explicit full refresh request."", ""selection_reasons"": []}",,,,,,,,,,,,[],[],,,[],[],{},,,[],,,,,,,,
99,,,,,,,,2026-03-16 12:21:59,,[],,,0.93,"{""agreement_level"": ""single_source"", ""sections"": {""identity"": 1, ""legality"": 0, ""market"": 0, ""rulings"": 0, ""usage"": 0}, ""source_count"": 0, ""total_sources"": 1}",2026-03-16 12:21:59,,,[],"{""leader_count"": 0, ""meta_relevance_score"": null, ""top_leaders"": [], ""tracked_deck_count"": 0}","{""identity"": 0.93, ""legality"": 0.0, ""market"": 0.0, ""rulings"": 0.0, ""text_effects"": 0.93, ""translation"": 0.0, ""usage_meta"": 0.0}","{""agree_count"": 0, ""agreement_level"": ""single_source"", ""card_code"": ""EB02-038"", ""checked_fields"": [""card_name"", ""set_code"", ""set_name"", ""rarity"", ""color"", ""card_type"", ""cost"", ""power"", ""counter"", ""attribute"", ""traits"", ""life"", ""effect_text"", ""trigger_text""], ""conflict_count"": 0, ""source_count"": 0}","[""identity"", ""text_effects"", ""provenance""]",2026-03-16 12:21:59,force_rebuild,force_rebuild,999.0,"{""priority_bucket"": ""critical"", ""priority_factors"": {""base_priority"": 999, ""reason"": ""force_rebuild""}, ""priority_objectives"": [], ""priority_summary"": ""force_rebuild: explicit full refresh request."", ""selection_reasons"": []}",,,,,,,,,,,,[],[],,,[],[],{},,,[],,,,,,,,
100,,,,,,,,2026-03-16 12:21:59,,[],,,0.93,"{""agreement_level"": ""single_source"", ""sections"": {""identity"": 1, ""legality"": 0, ""market"": 0, ""rulings"": 0, ""usage"": 0}, ""source_count"": 0, ""total_sources"": 1}",2026-03-16 12:21:59,,,[],"{""leader_count"": 0, ""meta_relevance_score"": null, ""top_leaders"": [], ""tracked_deck_count"": 0}","{""identity"": 0.93, ""legality"": 0.0, ""market"": 0.0, ""rulings"": 0.0, ""text_effects"": 0.93, ""translation"": 0.0, ""usage_meta"": 0.0}","{""agree_count"": 0, ""agreement_level"": ""single_source"", ""card_code"": ""EB02-039"", ""checked_fields"": [""card_name"", ""set_code"", ""set_name"", ""rarity"", ""color"", ""card_type"", ""cost"", ""power"", ""counter"", ""attribute"", ""traits"", ""life"", ""effect_text"", ""trigger_text""], ""conflict_count"": 0, ""source_count"": 0}","[""identity"", ""text_effects"", ""provenance""]",2026-03-16 12:21:59,force_rebuild,force_rebuild,999.0,"{""priority_bucket"": ""critical"", ""priority_factors"": {""base_priority"": 999, ""reason"": ""force_rebuild""}, ""priority_objectives"": [], ""priority_summary"": ""force_rebuild: explicit full refresh request."", ""selection_reasons"": []}",,,,,,,,,,,,[],[],,,[],[],{},,,[],,,,,,,,
101,,,,,,,,2026-03-16 12:21:59,,[],,,0.93,"{""agreement_level"": ""single_source"", ""sections"": {""identity"": 1, ""legality"": 0, ""market"": 0, ""rulings"": 0, ""usage"": 0}, ""source_count"": 0, ""total_sources"": 1}",2026-03-16 12:21:59,,,[],"{""leader_count"": 0, ""meta_relevance_score"": null, ""top_leaders"": [], ""tracked_deck_count"": 0}","{""identity"": 0.93, ""legality"": 0.0, ""market"": 0.0, ""rulings"": 0.0, ""text_effects"": 0.93, ""translation"": 0.0, ""usage_meta"": 0.0}","{""agree_count"": 0, ""agreement_level"": ""single_source"", ""card_code"": ""EB02-040"", ""checked_fields"": [""card_name"", ""set_code"", ""set_name"", ""rarity"", ""color"", ""card_type"", ""cost"", ""power"", ""counter"", ""attribute"", ""traits"", ""life"", ""effect_text"", ""trigger_text""], ""conflict_count"": 0, ""source_count"": 0}","[""identity"", ""text_effects"", ""provenance""]",2026-03-16 12:21:59,force_rebuild,force_rebuild,999.0,"{""priority_bucket"": ""critical"", ""priority_factors"": {""base_priority"": 999, ""reason"": ""force_rebuild""}, ""priority_objectives"": [], ""priority_summary"": ""force_rebuild: explicit full refresh request."", ""selection_reasons"": []}",,,,,,,,,,,,[],[],,,[],[],{},,,[],,,,,,,,
102,,,,,,,,2026-03-16 12:21:59,,[],,,0.93,"{""agreement_level"": ""single_source"", ""sections"": {""identity"": 1, ""legality"": 0, ""market"": 0, ""rulings"": 0, ""usage"": 0}, ""source_count"": 0, ""total_sources"": 1}",2026-03-16 12:21:59,,,[],"{""leader_count"": 0, ""meta_relevance_score"": null, ""top_leaders"": [], ""tracked_deck_count"": 0}","{""identity"": 0.93, ""legality"": 0.0, ""market"": 0.0, ""rulings"": 0.0, ""text_effects"": 0.93, ""translation"": 0.0, ""usage_meta"": 0.0}","{""agree_count"": 0, ""agreement_level"": ""single_source"", ""card_code"": ""EB02-041"", ""checked_fields"": [""card_name"", ""set_code"", ""set_name"", ""rarity"", ""color"", ""card_type"", ""cost"", ""power"", ""counter"", ""attribute"", ""traits"", ""life"", ""effect_text"", ""trigger_text""], ""conflict_count"": 0, ""source_count"": 0}","[""identity"", ""text_effects"", ""provenance""]",2026-03-16 12:21:59,force_rebuild,force_rebuild,999.0,"{""priority_bucket"": ""critical"", ""priority_factors"": {""base_priority"": 999, ""reason"": ""force_rebuild""}, ""priority_objectives"": [], ""priority_summary"": ""force_rebuild: explicit full refresh request."", ""selection_reasons"": []}",,,,,,,,,,,,[],[],,,[],[],{},,,[],,,,,,,,
103,,,,,,,,2026-03-16 12:21:59,,[],,,0.93,"{""agreement_level"": ""single_source"", ""sections"": {""identity"": 1, ""legality"": 0, ""market"": 0, ""rulings"": 0, ""usage"": 0}, ""source_count"": 0, ""total_sources"": 1}",2026-03-16 12:21:59,,,[],"{""leader_count"": 0, ""meta_relevance_score"": null, ""top_leaders"": [], ""tracked_deck_count"": 0}","{""identity"": 0.93, ""legality"": 0.0, ""market"": 0.0, ""rulings"": 0.0, ""text_effects"": 0.93, ""translation"": 0.0, ""usage_meta"": 0.0}","{""agree_count"": 0, ""agreement_level"": ""single_source"", ""card_code"": ""EB02-042"", ""checked_fields"": [""card_name"", ""set_code"", ""set_name"", ""rarity"", ""color"", ""card_type"", ""cost"", ""power"", ""counter"", ""attribute"", ""traits"", ""life"", ""effect_text"", ""trigger_text""], ""conflict_count"": 0, ""source_count"": 0}","[""identity"", ""text_effects"", ""provenance""]",2026-03-16 12:21:59,force_rebuild,force_rebuild,999.0,"{""priority_bucket"": ""critical"", ""priority_factors"": {""base_priority"": 999, ""reason"": ""force_rebuild""}, ""priority_objectives"": [], ""priority_summary"": ""force_rebuild: explicit full refresh request."", ""selection_reasons"": []}",,,,,,,,,,,,[],[],,,[],[],{},,,[],,,,,,,,
104,,,,,,,,2026-03-16 12:21:59,,[],,,0.93,"{""agreement_level"": ""single_source"", ""sections"": {""identity"": 1, ""legality"": 0, ""market"": 0, ""rulings"": 0, ""usage"": 0}, ""source_count"": 0, ""total_sources"": 1}",2026-03-16 12:21:59,,,[],"{""leader_count"": 0, ""meta_relevance_score"": null, ""top_leaders"": [], ""tracked_deck_count"": 0}","{""identity"": 0.93, ""legality"": 0.0, ""market"": 0.0, ""rulings"": 0.0, ""text_effects"": 0.93, ""translation"": 0.0, ""usage_meta"": 0.0}","{""agree_count"": 0, ""agreement_level"": ""single_source"", ""card_code"": ""EB02-043"", ""checked_fields"": [""card_name"", ""set_code"", ""set_name"", ""rarity"", ""color"", ""card_type"", ""cost"", ""power"", ""counter"", ""attribute"", ""traits"", ""life"", ""effect_text"", ""trigger_text""], ""conflict_count"": 0, ""source_count"": 0}","[""identity"", ""text_effects"", ""provenance""]",2026-03-16 12:21:59,force_rebuild,force_rebuild,999.0,"{""priority_bucket"": ""critical"", ""priority_factors"": {""base_priority"": 999, ""reason"": ""force_rebuild""}, ""priority_objectives"": [], ""priority_summary"": ""force_rebuild: explicit full refresh request."", ""selection_reasons"": []}",,,,,,,,,,,,[],[],,,[],[],{},,,[],,,,,,,,
105,,,,,,,,2026-03-16 12:21:59,,[],,,0.93,"{""agreement_level"": ""single_source"", ""sections"": {""identity"": 1, ""legality"": 0, ""market"": 0, ""rulings"": 0, ""usage"": 0}, ""source_count"": 0, ""total_sources"": 1}",2026-03-16 12:21:59,,,[],"{""leader_count"": 0, ""meta_relevance_score"": null, ""top_leaders"": [], ""tracked_deck_count"": 0}","{""identity"": 0.93, ""legality"": 0.0, ""market"": 0.0, ""rulings"": 0.0, ""text_effects"": 0.93, ""translation"": 0.0, ""usage_meta"": 0.0}","{""agree_count"": 0, ""agreement_level"": ""single_source"", ""card_code"": ""EB02-044"", ""checked_fields"": [""card_name"", ""set_code"", ""set_name"", ""rarity"", ""color"", ""card_type"", ""cost"", ""power"", ""counter"", ""attribute"", ""traits"", ""life"", ""effect_text"", ""trigger_text""], ""conflict_count"": 0, ""source_count"": 0}","[""identity"", ""text_effects"", ""provenance""]",2026-03-16 12:21:59,force_rebuild,force_rebuild,999.0,"{""priority_bucket"": ""critical"", ""priority_factors"": {""base_priority"": 999, ""reason"": ""force_rebuild""}, ""priority_objectives"": [], ""priority_summary"": ""force_rebuild: explicit full refresh request."", ""selection_reasons"": []}",,,,,,,,,,,,[],[],,,[],[],{},,,[],,,,,,,,
106,,,,,,,,2026-03-16 12:21:59,,[],,,0.93,"{""agreement_level"": ""single_source"", ""sections"": {""identity"": 1, ""legality"": 0, ""market"": 0, ""rulings"": 0, ""usage"": 0}, ""source_count"": 0, ""total_sources"": 1}",2026-03-16 12:21:59,,,[],"{""leader_count"": 0, ""meta_relevance_score"": null, ""top_leaders"": [], ""tracked_deck_count"": 0}","{""identity"": 0.93, ""legality"": 0.0, ""market"": 0.0, ""rulings"": 0.0, ""text_effects"": 0.93, ""translation"": 0.0, ""usage_meta"": 0.0}","{""agree_count"": 0, ""agreement_level"": ""single_source"", ""card_code"": ""EB02-045"", ""checked_fields"": [""card_name"", ""set_code"", ""set_name"", ""rarity"", ""color"", ""card_type"", ""cost"", ""power"", ""counter"", ""attribute"", ""traits"", ""life"", ""effect_text"", ""trigger_text""], ""conflict_count"": 0, ""source_count"": 0}","[""identity"", ""text_effects"", ""provenance""]",2026-03-16 12:21:59,force_rebuild,force_rebuild,999.0,"{""priority_bucket"": ""critical"", ""priority_factors"": {""base_priority"": 999, ""reason"": ""force_rebuild""}, ""priority_objectives"": [], ""priority_summary"": ""force_rebuild: explicit full refresh request."", ""selection_reasons"": []}",,,,,,,,,,,,[],[],,,[],[],{},,,[],,,,,,,,
107,,,,,,,,2026-03-16 12:21:59,,[],,,0.93,"{""agreement_level"": ""single_source"", ""sections"": {""identity"": 1, ""legality"": 0, ""market"": 0, ""rulings"": 0, ""usage"": 0}, ""source_count"": 0, ""total_sources"": 1}",2026-03-16 12:21:59,,,[],"{""leader_count"": 0, ""meta_relevance_score"": null, ""top_leaders"": [], ""tracked_deck_count"": 0}","{""identity"": 0.93, ""legality"": 0.0, ""market"": 0.0, ""rulings"": 0.0, ""text_effects"": 0.93, ""translation"": 0.0, ""usage_meta"": 0.0}","{""agree_count"": 0, ""agreement_level"": ""single_source"", ""card_code"": ""EB02-046"", ""checked_fields"": [""card_name"", ""set_code"", ""set_name"", ""rarity"", ""color"", ""card_type"", ""cost"", ""power"", ""counter"", ""attribute"", ""traits"", ""life"", ""effect_text"", ""trigger_text""], ""conflict_count"": 0, ""source_count"": 0}","[""identity"", ""text_effects"", ""provenance""]",2026-03-16 12:21:59,force_rebuild,force_rebuild,999.0,"{""priority_bucket"": ""critical"", ""priority_factors"": {""base_priority"": 999, ""reason"": ""force_rebuild""}, ""priority_objectives"": [], ""priority_summary"": ""force_rebuild: explicit full refresh request."", ""selection_reasons"": []}",,,,,,,,,,,,[],[],,,[],[],{},,,[],,,,,,,,
108,,,,,,,,2026-03-16 12:21:59,,[],,,0.93,"{""agreement_level"": ""single_source"", ""sections"": {""identity"": 1, ""legality"": 0, ""market"": 0, ""rulings"": 0, ""usage"": 0}, ""source_count"": 0, ""total_sources"": 1}",2026-03-16 12:21:59,,,[],"{""leader_count"": 0, ""meta_relevance_score"": null, ""top_leaders"": [], ""tracked_deck_count"": 0}","{""identity"": 0.93, ""legality"": 0.0, ""market"": 0.0, ""rulings"": 0.0, ""text_effects"": 0.93, ""translation"": 0.0, ""usage_meta"": 0.0}","{""agree_count"": 0, ""agreement_level"": ""single_source"", ""card_code"": ""EB02-047"", ""checked_fields"": [""card_name"", ""set_code"", ""set_name"", ""rarity"", ""color"", ""card_type"", ""cost"", ""power"", ""counter"", ""attribute"", ""traits"", ""life"", ""effect_text"", ""trigger_text""], ""conflict_count"": 0, ""source_count"": 0}","[""identity"", ""text_effects"", ""provenance""]",2026-03-16 12:21:59,force_rebuild,force_rebuild,999.0,"{""priority_bucket"": ""critical"", ""priority_factors"": {""base_priority"": 999, ""reason"": ""force_rebuild""}, ""priority_objectives"": [], ""priority_summary"": ""force_rebuild: explicit full refresh request."", ""selection_reasons"": []}",,,,,,,,,,,,[],[],,,[],[],{},,,[],,,,,,,,
109,,,,,,,,2026-03-16 12:21:59,,[],,,0.93,"{""agreement_level"": ""single_source"", ""sections"": {""identity"": 1, ""legality"": 0, ""market"": 0, ""rulings"": 0, ""usage"": 0}, ""source_count"": 0, ""total_sources"": 1}",2026-03-16 12:21:59,,,[],"{""leader_count"": 0, ""meta_relevance_score"": null, ""top_leaders"": [], ""tracked_deck_count"": 0}","{""identity"": 0.93, ""legality"": 0.0, ""market"": 0.0, ""rulings"": 0.0, ""text_effects"": 0.93, ""translation"": 0.0, ""usage_meta"": 0.0}","{""agree_count"": 0, ""agreement_level"": ""single_source"", ""card_code"": ""EB02-048"", ""checked_fields"": [""card_name"", ""set_code"", ""set_name"", ""rarity"", ""color"", ""card_type"", ""cost"", ""power"", ""counter"", ""attribute"", ""traits"", ""life"", ""effect_text"", ""trigger_text""], ""conflict_count"": 0, ""source_count"": 0}","[""identity"", ""text_effects"", ""provenance""]",2026-03-16 12:21:59,force_rebuild,force_rebuild,999.0,"{""priority_bucket"": ""critical"", ""priority_factors"": {""base_priority"": 999, ""reason"": ""force_rebuild""}, ""priority_objectives"": [], ""priority_summary"": ""force_rebuild: explicit full refresh request."", ""selection_reasons"": []}",,,,,,,,,,,,[],[],,,[],[],{},,,[],,,,,,,,
110,,,,,,,,2026-03-16 12:21:59,,[],,,0.93,"{""agreement_level"": ""single_source"", ""sections"": {""identity"": 1, ""legality"": 0, ""market"": 0, ""rulings"": 0, ""usage"": 0}, ""source_count"": 0, ""total_sources"": 1}",2026-03-16 12:21:59,,,[],"{""leader_count"": 0, ""meta_relevance_score"": null, ""top_leaders"": [], ""tracked_deck_count"": 0}","{""identity"": 0.93, ""legality"": 0.0, ""market"": 0.0, ""rulings"": 0.0, ""text_effects"": 0.93, ""translation"": 0.0, ""usage_meta"": 0.0}","{""agree_count"": 0, ""agreement_level"": ""single_source"", ""card_code"": ""EB02-049"", ""checked_fields"": [""card_name"", ""set_code"", ""set_name"", ""rarity"", ""color"", ""card_type"", ""cost"", ""power"", ""counter"", ""attribute"", ""traits"", ""life"", ""effect_text"", ""trigger_text""], ""conflict_count"": 0, ""source_count"": 0}","[""identity"", ""text_effects"", ""provenance""]",2026-03-16 12:21:59,force_rebuild,force_rebuild,999.0,"{""priority_bucket"": ""critical"", ""priority_factors"": {""base_priority"": 999, ""reason"": ""force_rebuild""}, ""priority_objectives"": [], ""priority_summary"": ""force_rebuild: explicit full refresh request."", ""selection_reasons"": []}",,,,,,,,,,,,[],[],,,[],[],{},,,[],,,,,,,,
111,,,,,,,,2026-03-16 12:21:59,,[],,,0.93,"{""agreement_level"": ""single_source"", ""sections"": {""identity"": 1, ""legality"": 0, ""market"": 0, ""rulings"": 0, ""usage"": 0}, ""source_count"": 0, ""total_sources"": 1}",2026-03-16 12:21:59,,,[],"{""leader_count"": 0, ""meta_relevance_score"": null, ""top_leaders"": [], ""tracked_deck_count"": 0}","{""identity"": 0.93, ""legality"": 0.0, ""market"": 0.0, ""rulings"": 0.0, ""text_effects"": 0.93, ""translation"": 0.0, ""usage_meta"": 0.0}","{""agree_count"": 0, ""agreement_level"": ""single_source"", ""card_code"": ""EB02-050"", ""checked_fields"": [""card_name"", ""set_code"", ""set_name"", ""rarity"", ""color"", ""card_type"", ""cost"", ""power"", ""counter"", ""attribute"", ""traits"", ""life"", ""effect_text"", ""trigger_text""], ""conflict_count"": 0, ""source_count"": 0}","[""identity"", ""text_effects"", ""provenance""]",2026-03-16 12:21:59,force_rebuild,force_rebuild,999.0,"{""priority_bucket"": ""critical"", ""priority_factors"": {""base_priority"": 999, ""reason"": ""force_rebuild""}, ""priority_objectives"": [], ""priority_summary"": ""force_rebuild: explicit full refresh request."", ""selection_reasons"": []}",,,,,,,,,,,,[],[],,,[],[],{},,,[],,,,,,,,
112,,,,,,,,2026-03-16 12:21:59,,[],,,0.93,"{""agreement_level"": ""single_source"", ""sections"": {""identity"": 1, ""legality"": 0, ""market"": 0, ""rulings"": 0, ""usage"": 0}, ""source_count"": 0, ""total_sources"": 1}",2026-03-16 12:21:59,,,[],"{""leader_count"": 0, ""meta_relevance_score"": null, ""top_leaders"": [], ""tracked_deck_count"": 0}","{""identity"": 0.93, ""legality"": 0.0, ""market"": 0.0, ""rulings"": 0.0, ""text_effects"": 0.93, ""translation"": 0.0, ""usage_meta"": 0.0}","{""agree_count"": 0, ""agreement_level"": ""single_source"", ""card_code"": ""EB02-051"", ""checked_fields"": [""card_name"", ""set_code"", ""set_name"", ""rarity"", ""color"", ""card_type"", ""cost"", ""power"", ""counter"", ""attribute"", ""traits"", ""life"", ""effect_text"", ""trigger_text""], ""conflict_count"": 0, ""source_count"": 0}","[""identity"", ""text_effects"", ""provenance""]",2026-03-16 12:21:59,force_rebuild,force_rebuild,999.0,"{""priority_bucket"": ""critical"", ""priority_factors"": {""base_priority"": 999, ""reason"": ""force_rebuild""}, ""priority_objectives"": [], ""priority_summary"": ""force_rebuild: explicit full refresh request."", ""selection_reasons"": []}",,,,,,,,,,,,[],[],,,[],[],{},,,[],,,,,,,,
113,,,,,,,,2026-03-16 12:21:59,,[],,,0.93,"{""agreement_level"": ""single_source"", ""sections"": {""identity"": 1, ""legality"": 0, ""market"": 0, ""rulings"": 0, ""usage"": 0}, ""source_count"": 0, ""total_sources"": 1}",2026-03-16 12:21:59,,,[],"{""leader_count"": 0, ""meta_relevance_score"": null, ""top_leaders"": [], ""tracked_deck_count"": 0}","{""identity"": 0.93, ""legality"": 0.0, ""market"": 0.0, ""rulings"": 0.0, ""text_effects"": 0.93, ""translation"": 0.0, ""usage_meta"": 0.0}","{""agree_count"": 0, ""agreement_level"": ""single_source"", ""card_code"": ""EB02-052"", ""checked_fields"": [""card_name"", ""set_code"", ""set_name"", ""rarity"", ""color"", ""card_type"", ""cost"", ""power"", ""counter"", ""attribute"", ""traits"", ""life"", ""effect_text"", ""trigger_text""], ""conflict_count"": 0, ""source_count"": 0}","[""identity"", ""text_effects"", ""provenance""]",2026-03-16 12:21:59,force_rebuild,force_rebuild,999.0,"{""priority_bucket"": ""critical"", ""priority_factors"": {""base_priority"": 999, ""reason"": ""force_rebuild""}, ""priority_objectives"": [], ""priority_summary"": ""force_rebuild: explicit full refresh request."", ""selection_reasons"": []}",,,,,,,,,,,,[],[],,,[],[],{},,,[],,,,,,,,
114,,,,,,,,2026-03-16 12:21:59,,[],,,0.93,"{""agreement_level"": ""single_source"", ""sections"": {""identity"": 1, ""legality"": 0, ""market"": 0, ""rulings"": 0, ""usage"": 0}, ""source_count"": 0, ""total_sources"": 1}",2026-03-16 12:21:59,,,[],"{""leader_count"": 0, ""meta_relevance_score"": null, ""top_leaders"": [], ""tracked_deck_count"": 0}","{""identity"": 0.93, ""legality"": 0.0, ""market"": 0.0, ""rulings"": 0.0, ""text_effects"": 0.93, ""translation"": 0.0, ""usage_meta"": 0.0}","{""agree_count"": 0, ""agreement_level"": ""single_source"", ""card_code"": ""EB02-053"", ""checked_fields"": [""card_name"", ""set_code"", ""set_name"", ""rarity"", ""color"", ""card_type"", ""cost"", ""power"", ""counter"", ""attribute"", ""traits"", ""life"", ""effect_text"", ""trigger_text""], ""conflict_count"": 0, ""source_count"": 0}","[""identity"", ""text_effects"", ""provenance""]",2026-03-16 12:21:59,force_rebuild,force_rebuild,999.0,"{""priority_bucket"": ""critical"", ""priority_factors"": {""base_priority"": 999, ""reason"": ""force_rebuild""}, ""priority_objectives"": [], ""priority_summary"": ""force_rebuild: explicit full refresh request."", ""selection_reasons"": []}",,,,,,,,,,,,[],[],,,[],[],{},,,[],,,,,,,,
115,,,,,,,,2026-03-16 12:21:59,,[],,,0.93,"{""agreement_level"": ""single_source"", ""sections"": {""identity"": 1, ""legality"": 0, ""market"": 0, ""rulings"": 0, ""usage"": 0}, ""source_count"": 0, ""total_sources"": 1}",2026-03-16 12:21:59,,,[],"{""leader_count"": 0, ""meta_relevance_score"": null, ""top_leaders"": [], ""tracked_deck_count"": 0}","{""identity"": 0.93, ""legality"": 0.0, ""market"": 0.0, ""rulings"": 0.0, ""text_effects"": 0.93, ""translation"": 0.0, ""usage_meta"": 0.0}","{""agree_count"": 0, ""agreement_level"": ""single_source"", ""card_code"": ""EB02-054"", ""checked_fields"": [""card_name"", ""set_code"", ""set_name"", ""rarity"", ""color"", ""card_type"", ""cost"", ""power"", ""counter"", ""attribute"", ""traits"", ""life"", ""effect_text"", ""trigger_text""], ""conflict_count"": 0, ""source_count"": 0}","[""identity"", ""text_effects"", ""provenance""]",2026-03-16 12:21:59,force_rebuild,force_rebuild,999.0,"{""priority_bucket"": ""critical"", ""priority_factors"": {""base_priority"": 999, ""reason"": ""force_rebuild""}, ""priority_objectives"": [], ""priority_summary"": ""force_rebuild: explicit full refresh request."", ""selection_reasons"": []}",,,,,,,,,,,,[],[],,,[],[],{},,,[],,,,,,,,
116,,,,,,,,2026-03-16 12:21:59,,[],,,0.93,"{""agreement_level"": ""single_source"", ""sections"": {""identity"": 1, ""legality"": 0, ""market"": 0, ""rulings"": 0, ""usage"": 0}, ""source_count"": 0, ""total_sources"": 1}",2026-03-16 12:21:59,,,[],"{""leader_count"": 0, ""meta_relevance_score"": null, ""top_leaders"": [], ""tracked_deck_count"": 0}","{""identity"": 0.93, ""legality"": 0.0, ""market"": 0.0, ""rulings"": 0.0, ""text_effects"": 0.93, ""translation"": 0.0, ""usage_meta"": 0.0}","{""agree_count"": 0, ""agreement_level"": ""single_source"", ""card_code"": ""EB02-055"", ""checked_fields"": [""card_name"", ""set_code"", ""set_name"", ""rarity"", ""color"", ""card_type"", ""cost"", ""power"", ""counter"", ""attribute"", ""traits"", ""life"", ""effect_text"", ""trigger_text""], ""conflict_count"": 0, ""source_count"": 0}","[""identity"", ""text_effects"", ""provenance""]",2026-03-16 12:21:59,force_rebuild,force_rebuild,999.0,"{""priority_bucket"": ""critical"", ""priority_factors"": {""base_priority"": 999, ""reason"": ""force_rebuild""}, ""priority_objectives"": [], ""priority_summary"": ""force_rebuild: explicit full refresh request."", ""selection_reasons"": []}",,,,,,,,,,,,[],[],,,[],[],{},,,[],,,,,,,,
117,,,,,,,,2026-03-16 12:21:59,,[],,,0.93,"{""agreement_level"": ""single_source"", ""sections"": {""identity"": 1, ""legality"": 0, ""market"": 0, ""rulings"": 0, ""usage"": 0}, ""source_count"": 0, ""total_sources"": 1}",2026-03-16 12:21:59,,,[],"{""leader_count"": 0, ""meta_relevance_score"": null, ""top_leaders"": [], ""tracked_deck_count"": 0}","{""identity"": 0.93, ""legality"": 0.0, ""market"": 0.0, ""rulings"": 0.0, ""text_effects"": 0.93, ""translation"": 0.0, ""usage_meta"": 0.0}","{""agree_count"": 0, ""agreement_level"": ""single_source"", ""card_code"": ""EB02-056"", ""checked_fields"": [""card_name"", ""set_code"", ""set_name"", ""rarity"", ""color"", ""card_type"", ""cost"", ""power"", ""counter"", ""attribute"", ""traits"", ""life"", ""effect_text"", ""trigger_text""], ""conflict_count"": 0, ""source_count"": 0}","[""identity"", ""text_effects"", ""provenance""]",2026-03-16 12:21:59,force_rebuild,force_rebuild,999.0,"{""priority_bucket"": ""critical"", ""priority_factors"": {""base_priority"": 999, ""reason"": ""force_rebuild""}, ""priority_objectives"": [], ""priority_summary"": ""force_rebuild: explicit full refresh request."", ""selection_reasons"": []}",,,,,,,,,,,,[],[],,,[],[],{},,,[],,,,,,,,
118,,,,,,,,2026-03-16 12:21:59,,[],,,0.93,"{""agreement_level"": ""single_source"", ""sections"": {""identity"": 1, ""legality"": 0, ""market"": 0, ""rulings"": 0, ""usage"": 0}, ""source_count"": 0, ""total_sources"": 1}",2026-03-16 12:21:59,,,[],"{""leader_count"": 0, ""meta_relevance_score"": null, ""top_leaders"": [], ""tracked_deck_count"": 0}","{""identity"": 0.93, ""legality"": 0.0, ""market"": 0.0, ""rulings"": 0.0, ""text_effects"": 0.93, ""translation"": 0.0, ""usage_meta"": 0.0}","{""agree_count"": 0, ""agreement_level"": ""single_source"", ""card_code"": ""EB02-057"", ""checked_fields"": [""card_name"", ""set_code"", ""set_name"", ""rarity"", ""color"", ""card_type"", ""cost"", ""power"", ""counter"", ""attribute"", ""traits"", ""life"", ""effect_text"", ""trigger_text""], ""conflict_count"": 0, ""source_count"": 0}","[""identity"", ""text_effects"", ""provenance""]",2026-03-16 12:21:59,force_rebuild,force_rebuild,999.0,"{""priority_bucket"": ""critical"", ""priority_factors"": {""base_priority"": 999, ""reason"": ""force_rebuild""}, ""priority_objectives"": [], ""priority_summary"": ""force_rebuild: explicit full refresh request."", ""selection_reasons"": []}",,,,,,,,,,,,[],[],,,[],[],{},,,[],,,,,,,,
119,,,,,,,,2026-03-16 12:21:59,,[],,,0.93,"{""agreement_level"": ""single_source"", ""sections"": {""identity"": 1, ""legality"": 0, ""market"": 0, ""rulings"": 0, ""usage"": 0}, ""source_count"": 0, ""total_sources"": 1}",2026-03-16 12:21:59,,,[],"{""leader_count"": 0, ""meta_relevance_score"": null, ""top_leaders"": [], ""tracked_deck_count"": 0}","{""identity"": 0.93, ""legality"": 0.0, ""market"": 0.0, ""rulings"": 0.0, ""text_effects"": 0.93, ""translation"": 0.0, ""usage_meta"": 0.0}","{""agree_count"": 0, ""agreement_level"": ""single_source"", ""card_code"": ""EB02-058"", ""checked_fields"": [""card_name"", ""set_code"", ""set_name"", ""rarity"", ""color"", ""card_type"", ""cost"", ""power"", ""counter"", ""attribute"", ""traits"", ""life"", ""effect_text"", ""trigger_text""], ""conflict_count"": 0, ""source_count"": 0}","[""identity"", ""text_effects"", ""provenance""]",2026-03-16 12:21:59,force_rebuild,force_rebuild,999.0,"{""priority_bucket"": ""critical"", ""priority_factors"": {""base_priority"": 999, ""reason"": ""force_rebuild""}, ""priority_objectives"": [], ""priority_summary"": ""force_rebuild: explicit full refresh request."", ""selection_reasons"": []}",,,,,,,,,,,,[],[],,,[],[],{},,,[],,,,,,,,
120,,,,,,,,2026-03-16 12:21:59,,[],,,0.93,"{""agreement_level"": ""single_source"", ""sections"": {""identity"": 1, ""legality"": 0, ""market"": 0, ""rulings"": 0, ""usage"": 0}, ""source_count"": 0, ""total_sources"": 1}",2026-03-16 12:21:59,,,[],"{""leader_count"": 0, ""meta_relevance_score"": null, ""top_leaders"": [], ""tracked_deck_count"": 0}","{""identity"": 0.93, ""legality"": 0.0, ""market"": 0.0, ""rulings"": 0.0, ""text_effects"": 0.93, ""translation"": 0.0, ""usage_meta"": 0.0}","{""agree_count"": 0, ""agreement_level"": ""single_source"", ""card_code"": ""EB02-059"", ""checked_fields"": [""card_name"", ""set_code"", ""set_name"", ""rarity"", ""color"", ""card_type"", ""cost"", ""power"", ""counter"", ""attribute"", ""traits"", ""life"", ""effect_text"", ""trigger_text""], ""conflict_count"": 0, ""source_count"": 0}","[""identity"", ""text_effects"", ""provenance""]",2026-03-16 12:21:59,force_rebuild,force_rebuild,999.0,"{""priority_bucket"": ""critical"", ""priority_factors"": {""base_priority"": 999, ""reason"": ""force_rebuild""}, ""priority_objectives"": [], ""priority_summary"": ""force_rebuild: explicit full refresh request."", ""selection_reasons"": []}",,,,,,,,,,,,[],[],,,[],[],{},,,[],,,,,,,,
121,,,,,,,,2026-03-16 12:21:59,,[],,,0.93,"{""agreement_level"": ""single_source"", ""sections"": {""identity"": 1, ""legality"": 0, ""market"": 0, ""rulings"": 0, ""usage"": 0}, ""source_count"": 0, ""total_sources"": 1}",2026-03-16 12:21:59,,,[],"{""leader_count"": 0, ""meta_relevance_score"": null, ""top_leaders"": [], ""tracked_deck_count"": 0}","{""identity"": 0.93, ""legality"": 0.0, ""market"": 0.0, ""rulings"": 0.0, ""text_effects"": 0.93, ""translation"": 0.0, ""usage_meta"": 0.0}","{""agree_count"": 0, ""agreement_level"": ""single_source"", ""card_code"": ""EB02-060"", ""checked_fields"": [""card_name"", ""set_code"", ""set_name"", ""rarity"", ""color"", ""card_type"", ""cost"", ""power"", ""counter"", ""attribute"", ""traits"", ""life"", ""effect_text"", ""trigger_text""], ""conflict_count"": 0, ""source_count"": 0}","[""identity"", ""text_effects"", ""provenance""]",2026-03-16 12:21:59,force_rebuild,force_rebuild,999.0,"{""priority_bucket"": ""critical"", ""priority_factors"": {""base_priority"": 999, ""reason"": ""force_rebuild""}, ""priority_objectives"": [], ""priority_summary"": ""force_rebuild: explicit full refresh request."", ""selection_reasons"": []}",,,,,,,,,,,,[],[],,,[],[],{},,,[],,,,,,,,
122,,,,,,,,2026-03-16 12:21:59,,[],,,0.93,"{""agreement_level"": ""single_source"", ""sections"": {""identity"": 1, ""legality"": 0, ""market"": 0, ""rulings"": 0, ""usage"": 0}, ""source_count"": 0, ""total_sources"": 1}",2026-03-16 12:21:59,,,[],"{""leader_count"": 0, ""meta_relevance_score"": null, ""top_leaders"": [], ""tracked_deck_count"": 0}","{""identity"": 0.93, ""legality"": 0.0, ""market"": 0.0, ""rulings"": 0.0, ""text_effects"": 0.93, ""translation"": 0.0, ""usage_meta"": 0.0}","{""agree_count"": 0, ""agreement_level"": ""single_source"", ""card_code"": ""EB02-061"", ""checked_fields"": [""card_name"", ""set_code"", ""set_name"", ""rarity"", ""color"", ""card_type"", ""cost"", ""power"", ""counter"", ""attribute"", ""traits"", ""life"", ""effect_text"", ""trigger_text""], ""conflict_count"": 0, ""source_count"": 0}","[""identity"", ""text_effects"", ""provenance""]",2026-03-16 12:21:59,force_rebuild,force_rebuild,999.0,"{""priority_bucket"": ""critical"", ""priority_factors"": {""base_priority"": 999, ""reason"": ""force_rebuild""}, ""priority_objectives"": [], ""priority_summary"": ""force_rebuild: explicit full refresh request."", ""selection_reasons"": []}",,,,,,,,,,,,[],[],,,[],[],{},,,[],,,,,,,,
123,,,,,,,,2026-03-16 12:21:59,,[],,,0.93,"{""agreement_level"": ""single_source"", ""sections"": {""identity"": 1, ""legality"": 0, ""market"": 0, ""rulings"": 0, ""usage"": 0}, ""source_count"": 0, ""total_sources"": 1}",2026-03-16 12:21:59,,,[],"{""leader_count"": 0, ""meta_relevance_score"": null, ""top_leaders"": [], ""tracked_deck_count"": 0}","{""identity"": 0.93, ""legality"": 0.0, ""market"": 0.0, ""rulings"": 0.0, ""text_effects"": 0.93, ""translation"": 0.0, ""usage_meta"": 0.0}","{""agree_count"": 0, ""agreement_level"": ""single_source"", ""card_code"": ""EB03-001"", ""checked_fields"": [""card_name"", ""set_code"", ""set_name"", ""rarity"", ""color"", ""card_type"", ""cost"", ""power"", ""counter"", ""attribute"", ""traits"", ""life"", ""effect_text"", ""trigger_text""], ""conflict_count"": 0, ""source_count"": 0}","[""identity"", ""text_effects"", ""provenance""]",2026-03-09 02:49:13,leader_staple_meta_followup,incremental,458.55,"{""priority_bucket"": ""high"", ""priority_factors"": {""agreement_level"": ""single_source"", ""available_sections"": [""identity"", ""text_effects""], ""base_priority"": 340, ""candidate_sections"": [""identity""], ""canonical_confidence"": 0.93, ""gap_class"": ""missing_usage_meta"", ""is_leader"": true, ""leader_significance"": true, ""legality_sensitive"": false, ""missing_sections"": [], ""priority_objectives"": [""usage_meta_fill"", ""leader_profile_expand"", ""source_depth_fill"", ""stale_refresh""], ""publication_proximity"": false, ""reason"": ""leader_staple_meta_followup"", ""source_count"": 0, ""stale_promising"": true, ""thin_source_support"": true}, ""priority_objectives"": [""usage_meta_fill"", ""leader_profile_expand"", ""source_depth_fill"", ""stale_refresh""], ""priority_summary"": ""leader_staple_meta_followup: confidence=0.93, gap=missing_usage_meta, leader-significant, thin-source-support"", ""selection_reasons"": [""gap=missing_usage_meta"", ""leader-significant"", ""thin-source-support"", ""stale-but-promising""]}",blocked_by_guardrail,Blocked,The card does not yet have enough dossier-backed sections for a safe publish-oriented recommendation.,2026-03-19T22:37:02Z,,blocked_from_promotion,Current readiness guardrails block this item from future promotion.,2026-03-19T22:37:02Z,0.0,blocked,blocked,"[""Confidence is strong at 0.93.""]","[""Current readiness guardrails still block this candidate."", ""Source agreement is only single_source."", ""Only a narrow slice of the dossier is populated."", ""Strict insight output still falls back to insufficient data.""]",2026-03-19T22:37:02Z,publish_blocked,"[""The final publish gate is blocked by current guardrails or weak evidence."", ""Confidence clears the publish gate at 0.93.""]","[""Source agreement remains single_source."", ""Source support is still thin for a final release gate."", ""Current readiness guardrails still block this candidate."", ""Source agreement is only single_source."", ""Only a narrow slice of the dossier is populated.""]","{""approval_state"": """", ""card_id"": ""EB03-001"", ""confidence_indicators"": {""agreement_level"": ""single_source"", ""confidence_level"": ""high"", ""last_verified_at"": ""2026-03-16 12:21:59"", ""score"": 0.93, ""source_count"": 1}, ""flags"": {""confidence_level"": ""high"", ""legality_sensitive"": false, ""review_required"": false}, ""insight_summary"": ""Not enough verified data yet."", ""name"": ""Nefeltari Vivi"", ""promotion_state"": ""blocked_from_promotion"", ""publish_status"": ""publish_blocked"", ""score"": 0.0, ""score_band"": ""blocked"", ""source_attribution"": {""agreement_level"": ""single_source"", ""source_count"": 1, ""source_summary"": ""{'total_sources': 1, 'agreement_level': 'single_source', 'source_count': 0, 'sections': {'identity': 1, 'rulings': 0, 'legality': 0, 'usage': 0, 'market': 0}}""}, ""supporting_sections"": []}",2026-03-19T22:37:02Z,missing_usage_meta,"[""thin_source_support"", ""missing_usage_meta"", ""ready_for_revalidation""]",100.0,high_value,"missing usage meta: leader card, sources=1, objectives=usage_meta_fill,leader_profile_expand,source_depth_fill",recheck_soon,Usage and meta coverage would materially improve this high-value card.,182.0,critical,2026-03-19T22:37:02Z
124,,,,,,,,2026-03-16 12:21:59,,[],,,0.93,"{""agreement_level"": ""single_source"", ""sections"": {""identity"": 1, ""legality"": 0, ""market"": 0, ""rulings"": 0, ""usage"": 0}, ""source_count"": 0, ""total_sources"": 1}",2026-03-16 12:21:59,,,[],"{""leader_count"": 0, ""meta_relevance_score"": null, ""top_leaders"": [], ""tracked_deck_count"": 0}","{""identity"": 0.93, ""legality"": 0.0, ""market"": 0.0, ""rulings"": 0.0, ""text_effects"": 0.93, ""translation"": 0.0, ""usage_meta"": 0.0}","{""agree_count"": 0, ""agreement_level"": ""single_source"", ""card_code"": ""EB03-002"", ""checked_fields"": [""card_name"", ""set_code"", ""set_name"", ""rarity"", ""color"", ""card_type"", ""cost"", ""power"", ""counter"", ""attribute"", ""traits"", ""life"", ""effect_text"", ""trigger_text""], ""conflict_count"": 0, ""source_count"": 0}","[""identity"", ""text_effects"", ""provenance""]",2026-03-16 12:21:59,force_rebuild,force_rebuild,999.0,"{""priority_bucket"": ""critical"", ""priority_factors"": {""base_priority"": 999, ""reason"": ""force_rebuild""}, ""priority_objectives"": [], ""priority_summary"": ""force_rebuild: explicit full refresh request."", ""selection_reasons"": []}",,,,,,,,,,,,[],[],,,[],[],{},,,[],,,,,,,,
125,,,,,,,,2026-03-16 12:21:59,,[],,,0.93,"{""agreement_level"": ""single_source"", ""sections"": {""identity"": 1, ""legality"": 0, ""market"": 0, ""rulings"": 0, ""usage"": 0}, ""source_count"": 0, ""total_sources"": 1}",2026-03-16 12:21:59,,,[],"{""leader_count"": 0, ""meta_relevance_score"": null, ""top_leaders"": [], ""tracked_deck_count"": 0}","{""identity"": 0.93, ""legality"": 0.0, ""market"": 0.0, ""rulings"": 0.0, ""text_effects"": 0.93, ""translation"": 0.0, ""usage_meta"": 0.0}","{""agree_count"": 0, ""agreement_level"": ""single_source"", ""card_code"": ""EB03-003"", ""checked_fields"": [""card_name"", ""set_code"", ""set_name"", ""rarity"", ""color"", ""card_type"", ""cost"", ""power"", ""counter"", ""attribute"", ""traits"", ""life"", ""effect_text"", ""trigger_text""], ""conflict_count"": 0, ""source_count"": 0}","[""identity"", ""text_effects"", ""provenance""]",2026-03-16 12:21:59,force_rebuild,force_rebuild,999.0,"{""priority_bucket"": ""critical"", ""priority_factors"": {""base_priority"": 999, ""reason"": ""force_rebuild""}, ""priority_objectives"": [], ""priority_summary"": ""force_rebuild: explicit full refresh request."", ""selection_reasons"": []}",,,,,,,,,,,,[],[],,,[],[],{},,,[],,,,,,,,
126,,,,,,,,2026-03-16 12:21:59,,[],,,0.93,"{""agreement_level"": ""single_source"", ""sections"": {""identity"": 1, ""legality"": 0, ""market"": 0, ""rulings"": 0, ""usage"": 0}, ""source_count"": 0, ""total_sources"": 1}",2026-03-16 12:21:59,,,[],"{""leader_count"": 0, ""meta_relevance_score"": null, ""top_leaders"": [], ""tracked_deck_count"": 0}","{""identity"": 0.93, ""legality"": 0.0, ""market"": 0.0, ""rulings"": 0.0, ""text_effects"": 0.93, ""translation"": 0.0, ""usage_meta"": 0.0}","{""agree_count"": 0, ""agreement_level"": ""single_source"", ""card_code"": ""EB03-004"", ""checked_fields"": [""card_name"", ""set_code"", ""set_name"", ""rarity"", ""color"", ""card_type"", ""cost"", ""power"", ""counter"", ""attribute"", ""traits"", ""life"", ""effect_text"", ""trigger_text""], ""conflict_count"": 0, ""source_count"": 0}","[""identity"", ""text_effects"", ""provenance""]",2026-03-16 12:21:59,force_rebuild,force_rebuild,999.0,"{""priority_bucket"": ""critical"", ""priority_factors"": {""base_priority"": 999, ""reason"": ""force_rebuild""}, ""priority_objectives"": [], ""priority_summary"": ""force_rebuild: explicit full refresh request."", ""selection_reasons"": []}",,,,,,,,,,,,[],[],,,[],[],{},,,[],,,,,,,,
127,,,,,,,,2026-03-16 12:21:59,,[],,,0.93,"{""agreement_level"": ""single_source"", ""sections"": {""identity"": 1, ""legality"": 0, ""market"": 0, ""rulings"": 0, ""usage"": 0}, ""source_count"": 0, ""total_sources"": 1}",2026-03-16 12:21:59,,,[],"{""leader_count"": 0, ""meta_relevance_score"": null, ""top_leaders"": [], ""tracked_deck_count"": 0}","{""identity"": 0.93, ""legality"": 0.0, ""market"": 0.0, ""rulings"": 0.0, ""text_effects"": 0.93, ""translation"": 0.0, ""usage_meta"": 0.0}","{""agree_count"": 0, ""agreement_level"": ""single_source"", ""card_code"": ""EB03-005"", ""checked_fields"": [""card_name"", ""set_code"", ""set_name"", ""rarity"", ""color"", ""card_type"", ""cost"", ""power"", ""counter"", ""attribute"", ""traits"", ""life"", ""effect_text"", ""trigger_text""], ""conflict_count"": 0, ""source_count"": 0}","[""identity"", ""text_effects"", ""provenance""]",2026-03-16 12:21:59,force_rebuild,force_rebuild,999.0,"{""priority_bucket"": ""critical"", ""priority_factors"": {""base_priority"": 999, ""reason"": ""force_rebuild""}, ""priority_objectives"": [], ""priority_summary"": ""force_rebuild: explicit full refresh request."", ""selection_reasons"": []}",,,,,,,,,,,,[],[],,,[],[],{},,,[],,,,,,,,
128,,,,,,,,2026-03-16 12:21:59,,[],,,0.93,"{""agreement_level"": ""single_source"", ""sections"": {""identity"": 1, ""legality"": 0, ""market"": 0, ""rulings"": 0, ""usage"": 0}, ""source_count"": 0, ""total_sources"": 1}",2026-03-16 12:21:59,,,[],"{""leader_count"": 0, ""meta_relevance_score"": null, ""top_leaders"": [], ""tracked_deck_count"": 0}","{""identity"": 0.93, ""legality"": 0.0, ""market"": 0.0, ""rulings"": 0.0, ""text_effects"": 0.93, ""translation"": 0.0, ""usage_meta"": 0.0}","{""agree_count"": 0, ""agreement_level"": ""single_source"", ""card_code"": ""EB03-006"", ""checked_fields"": [""card_name"", ""set_code"", ""set_name"", ""rarity"", ""color"", ""card_type"", ""cost"", ""power"", ""counter"", ""attribute"", ""traits"", ""life"", ""effect_text"", ""trigger_text""], ""conflict_count"": 0, ""source_count"": 0}","[""identity"", ""text_effects"", ""provenance""]",2026-03-16 12:21:59,force_rebuild,force_rebuild,999.0,"{""priority_bucket"": ""critical"", ""priority_factors"": {""base_priority"": 999, ""reason"": ""force_rebuild""}, ""priority_objectives"": [], ""priority_summary"": ""force_rebuild: explicit full refresh request."", ""selection_reasons"": []}",,,,,,,,,,,,[],[],,,[],[],{},,,[],,,,,,,,
129,,,,,,,,2026-03-16 12:21:59,,[],,,0.93,"{""agreement_level"": ""single_source"", ""sections"": {""identity"": 1, ""legality"": 0, ""market"": 0, ""rulings"": 0, ""usage"": 0}, ""source_count"": 0, ""total_sources"": 1}",2026-03-16 12:21:59,,,[],"{""leader_count"": 0, ""meta_relevance_score"": null, ""top_leaders"": [], ""tracked_deck_count"": 0}","{""identity"": 0.93, ""legality"": 0.0, ""market"": 0.0, ""rulings"": 0.0, ""text_effects"": 0.93, ""translation"": 0.0, ""usage_meta"": 0.0}","{""agree_count"": 0, ""agreement_level"": ""single_source"", ""card_code"": ""EB03-007"", ""checked_fields"": [""card_name"", ""set_code"", ""set_name"", ""rarity"", ""color"", ""card_type"", ""cost"", ""power"", ""counter"", ""attribute"", ""traits"", ""life"", ""effect_text"", ""trigger_text""], ""conflict_count"": 0, ""source_count"": 0}","[""identity"", ""text_effects"", ""provenance""]",2026-03-16 12:21:59,force_rebuild,force_rebuild,999.0,"{""priority_bucket"": ""critical"", ""priority_factors"": {""base_priority"": 999, ""reason"": ""force_rebuild""}, ""priority_objectives"": [], ""priority_summary"": ""force_rebuild: explicit full refresh request."", ""selection_reasons"": []}",,,,,,,,,,,,[],[],,,[],[],{},,,[],,,,,,,,
130,,,,,,,,2026-03-16 12:21:59,,[],,,0.93,"{""agreement_level"": ""single_source"", ""sections"": {""identity"": 1, ""legality"": 0, ""market"": 0, ""rulings"": 0, ""usage"": 0}, ""source_count"": 0, ""total_sources"": 1}",2026-03-16 12:21:59,,,[],"{""leader_count"": 0, ""meta_relevance_score"": null, ""top_leaders"": [], ""tracked_deck_count"": 0}","{""identity"": 0.93, ""legality"": 0.0, ""market"": 0.0, ""rulings"": 0.0, ""text_effects"": 0.93, ""translation"": 0.0, ""usage_meta"": 0.0}","{""agree_count"": 0, ""agreement_level"": ""single_source"", ""card_code"": ""EB03-008"", ""checked_fields"": [""card_name"", ""set_code"", ""set_name"", ""rarity"", ""color"", ""card_type"", ""cost"", ""power"", ""counter"", ""attribute"", ""traits"", ""life"", ""effect_text"", ""trigger_text""], ""conflict_count"": 0, ""source_count"": 0}","[""identity"", ""text_effects"", ""provenance""]",2026-03-16 12:21:59,force_rebuild,force_rebuild,999.0,"{""priority_bucket"": ""critical"", ""priority_factors"": {""base_priority"": 999, ""reason"": ""force_rebuild""}, ""priority_objectives"": [], ""priority_summary"": ""force_rebuild: explicit full refresh request."", ""selection_reasons"": []}",,,,,,,,,,,,[],[],,,[],[],{},,,[],,,,,,,,
131,,,,,,,,2026-03-16 12:21:59,,[],,,0.93,"{""agreement_level"": ""single_source"", ""sections"": {""identity"": 1, ""legality"": 0, ""market"": 0, ""rulings"": 0, ""usage"": 0}, ""source_count"": 0, ""total_sources"": 1}",2026-03-16 12:21:59,,,[],"{""leader_count"": 0, ""meta_relevance_score"": null, ""top_leaders"": [], ""tracked_deck_count"": 0}","{""identity"": 0.93, ""legality"": 0.0, ""market"": 0.0, ""rulings"": 0.0, ""text_effects"": 0.93, ""translation"": 0.0, ""usage_meta"": 0.0}","{""agree_count"": 0, ""agreement_level"": ""single_source"", ""card_code"": ""EB03-009"", ""checked_fields"": [""card_name"", ""set_code"", ""set_name"", ""rarity"", ""color"", ""card_type"", ""cost"", ""power"", ""counter"", ""attribute"", ""traits"", ""life"", ""effect_text"", ""trigger_text""], ""conflict_count"": 0, ""source_count"": 0}","[""identity"", ""text_effects"", ""provenance""]",2026-03-16 12:21:59,force_rebuild,force_rebuild,999.0,"{""priority_bucket"": ""critical"", ""priority_factors"": {""base_priority"": 999, ""reason"": ""force_rebuild""}, ""priority_objectives"": [], ""priority_summary"": ""force_rebuild: explicit full refresh request."", ""selection_reasons"": []}",,,,,,,,,,,,[],[],,,[],[],{},,,[],,,,,,,,
132,,,,,,,,2026-03-16 12:21:59,,[],,,0.93,"{""agreement_level"": ""single_source"", ""sections"": {""identity"": 1, ""legality"": 0, ""market"": 0, ""rulings"": 0, ""usage"": 0}, ""source_count"": 0, ""total_sources"": 1}",2026-03-16 12:21:59,,,[],"{""leader_count"": 0, ""meta_relevance_score"": null, ""top_leaders"": [], ""tracked_deck_count"": 0}","{""identity"": 0.93, ""legality"": 0.0, ""market"": 0.0, ""rulings"": 0.0, ""text_effects"": 0.93, ""translation"": 0.0, ""usage_meta"": 0.0}","{""agree_count"": 0, ""agreement_level"": ""single_source"", ""card_code"": ""EB03-010"", ""checked_fields"": [""card_name"", ""set_code"", ""set_name"", ""rarity"", ""color"", ""card_type"", ""cost"", ""power"", ""counter"", ""attribute"", ""traits"", ""life"", ""effect_text"", ""trigger_text""], ""conflict_count"": 0, ""source_count"": 0}","[""identity"", ""text_effects"", ""provenance""]",2026-03-16 12:21:59,force_rebuild,force_rebuild,999.0,"{""priority_bucket"": ""critical"", ""priority_factors"": {""base_priority"": 999, ""reason"": ""force_rebuild""}, ""priority_objectives"": [], ""priority_summary"": ""force_rebuild: explicit full refresh request."", ""selection_reasons"": []}",,,,,,,,,,,,[],[],,,[],[],{},,,[],,,,,,,,
133,,,,,,,,2026-03-16 12:21:59,,[],,,0.93,"{""agreement_level"": ""single_source"", ""sections"": {""identity"": 1, ""legality"": 0, ""market"": 0, ""rulings"": 0, ""usage"": 0}, ""source_count"": 0, ""total_sources"": 1}",2026-03-16 12:21:59,,,[],"{""leader_count"": 0, ""meta_relevance_score"": null, ""top_leaders"": [], ""tracked_deck_count"": 0}","{""identity"": 0.93, ""legality"": 0.0, ""market"": 0.0, ""rulings"": 0.0, ""text_effects"": 0.93, ""translation"": 0.0, ""usage_meta"": 0.0}","{""agree_count"": 0, ""agreement_level"": ""single_source"", ""card_code"": ""EB03-011"", ""checked_fields"": [""card_name"", ""set_code"", ""set_name"", ""rarity"", ""color"", ""card_type"", ""cost"", ""power"", ""counter"", ""attribute"", ""traits"", ""life"", ""effect_text"", ""trigger_text""], ""conflict_count"": 0, ""source_count"": 0}","[""identity"", ""text_effects"", ""provenance""]",2026-03-16 12:21:59,force_rebuild,force_rebuild,999.0,"{""priority_bucket"": ""critical"", ""priority_factors"": {""base_priority"": 999, ""reason"": ""force_rebuild""}, ""priority_objectives"": [], ""priority_summary"": ""force_rebuild: explicit full refresh request."", ""selection_reasons"": []}",,,,,,,,,,,,[],[],,,[],[],{},,,[],,,,,,,,
134,,,,,,,,2026-03-16 12:21:59,,[],,,0.93,"{""agreement_level"": ""single_source"", ""sections"": {""identity"": 1, ""legality"": 0, ""market"": 0, ""rulings"": 0, ""usage"": 0}, ""source_count"": 0, ""total_sources"": 1}",2026-03-16 12:21:59,,,[],"{""leader_count"": 0, ""meta_relevance_score"": null, ""top_leaders"": [], ""tracked_deck_count"": 0}","{""identity"": 0.93, ""legality"": 0.0, ""market"": 0.0, ""rulings"": 0.0, ""text_effects"": 0.93, ""translation"": 0.0, ""usage_meta"": 0.0}","{""agree_count"": 0, ""agreement_level"": ""single_source"", ""card_code"": ""EB03-012"", ""checked_fields"": [""card_name"", ""set_code"", ""set_name"", ""rarity"", ""color"", ""card_type"", ""cost"", ""power"", ""counter"", ""attribute"", ""traits"", ""life"", ""effect_text"", ""trigger_text""], ""conflict_count"": 0, ""source_count"": 0}","[""identity"", ""text_effects"", ""provenance""]",2026-03-16 12:21:59,force_rebuild,force_rebuild,999.0,"{""priority_bucket"": ""critical"", ""priority_factors"": {""base_priority"": 999, ""reason"": ""force_rebuild""}, ""priority_objectives"": [], ""priority_summary"": ""force_rebuild: explicit full refresh request."", ""selection_reasons"": []}",,,,,,,,,,,,[],[],,,[],[],{},,,[],,,,,,,,
135,,,,,,,,2026-03-16 12:21:59,,[],,,0.93,"{""agreement_level"": ""single_source"", ""sections"": {""identity"": 1, ""legality"": 0, ""market"": 0, ""rulings"": 0, ""usage"": 0}, ""source_count"": 0, ""total_sources"": 1}",2026-03-16 12:21:59,,,[],"{""leader_count"": 0, ""meta_relevance_score"": null, ""top_leaders"": [], ""tracked_deck_count"": 0}","{""identity"": 0.93, ""legality"": 0.0, ""market"": 0.0, ""rulings"": 0.0, ""text_effects"": 0.93, ""translation"": 0.0, ""usage_meta"": 0.0}","{""agree_count"": 0, ""agreement_level"": ""single_source"", ""card_code"": ""EB03-013"", ""checked_fields"": [""card_name"", ""set_code"", ""set_name"", ""rarity"", ""color"", ""card_type"", ""cost"", ""power"", ""counter"", ""attribute"", ""traits"", ""life"", ""effect_text"", ""trigger_text""], ""conflict_count"": 0, ""source_count"": 0}","[""identity"", ""text_effects"", ""provenance""]",2026-03-16 12:21:59,force_rebuild,force_rebuild,999.0,"{""priority_bucket"": ""critical"", ""priority_factors"": {""base_priority"": 999, ""reason"": ""force_rebuild""}, ""priority_objectives"": [], ""priority_summary"": ""force_rebuild: explicit full refresh request."", ""selection_reasons"": []}",,,,,,,,,,,,[],[],,,[],[],{},,,[],,,,,,,,
136,,,,,,,,2026-03-16 12:21:59,,[],,,0.93,"{""agreement_level"": ""single_source"", ""sections"": {""identity"": 1, ""legality"": 0, ""market"": 0, ""rulings"": 0, ""usage"": 0}, ""source_count"": 0, ""total_sources"": 1}",2026-03-16 12:21:59,,,[],"{""leader_count"": 0, ""meta_relevance_score"": null, ""top_leaders"": [], ""tracked_deck_count"": 0}","{""identity"": 0.93, ""legality"": 0.0, ""market"": 0.0, ""rulings"": 0.0, ""text_effects"": 0.93, ""translation"": 0.0, ""usage_meta"": 0.0}","{""agree_count"": 0, ""agreement_level"": ""single_source"", ""card_code"": ""EB03-014"", ""checked_fields"": [""card_name"", ""set_code"", ""set_name"", ""rarity"", ""color"", ""card_type"", ""cost"", ""power"", ""counter"", ""attribute"", ""traits"", ""life"", ""effect_text"", ""trigger_text""], ""conflict_count"": 0, ""source_count"": 0}","[""identity"", ""text_effects"", ""provenance""]",2026-03-16 12:21:59,force_rebuild,force_rebuild,999.0,"{""priority_bucket"": ""critical"", ""priority_factors"": {""base_priority"": 999, ""reason"": ""force_rebuild""}, ""priority_objectives"": [], ""priority_summary"": ""force_rebuild: explicit full refresh request."", ""selection_reasons"": []}",,,,,,,,,,,,[],[],,,[],[],{},,,[],,,,,,,,
137,,,,,,,,2026-03-16 12:21:59,,[],,,0.93,"{""agreement_level"": ""single_source"", ""sections"": {""identity"": 1, ""legality"": 0, ""market"": 0, ""rulings"": 0, ""usage"": 0}, ""source_count"": 0, ""total_sources"": 1}",2026-03-16 12:21:59,,,[],"{""leader_count"": 0, ""meta_relevance_score"": null, ""top_leaders"": [], ""tracked_deck_count"": 0}","{""identity"": 0.93, ""legality"": 0.0, ""market"": 0.0, ""rulings"": 0.0, ""text_effects"": 0.93, ""translation"": 0.0, ""usage_meta"": 0.0}","{""agree_count"": 0, ""agreement_level"": ""single_source"", ""card_code"": ""EB03-015"", ""checked_fields"": [""card_name"", ""set_code"", ""set_name"", ""rarity"", ""color"", ""card_type"", ""cost"", ""power"", ""counter"", ""attribute"", ""traits"", ""life"", ""effect_text"", ""trigger_text""], ""conflict_count"": 0, ""source_count"": 0}","[""identity"", ""text_effects"", ""provenance""]",2026-03-16 12:21:59,force_rebuild,force_rebuild,999.0,"{""priority_bucket"": ""critical"", ""priority_factors"": {""base_priority"": 999, ""reason"": ""force_rebuild""}, ""priority_objectives"": [], ""priority_summary"": ""force_rebuild: explicit full refresh request."", ""selection_reasons"": []}",,,,,,,,,,,,[],[],,,[],[],{},,,[],,,,,,,,
138,,,,,,,,2026-03-16 12:21:59,,[],,,0.93,"{""agreement_level"": ""single_source"", ""sections"": {""identity"": 1, ""legality"": 0, ""market"": 0, ""rulings"": 0, ""usage"": 0}, ""source_count"": 0, ""total_sources"": 1}",2026-03-16 12:21:59,,,[],"{""leader_count"": 0, ""meta_relevance_score"": null, ""top_leaders"": [], ""tracked_deck_count"": 0}","{""identity"": 0.93, ""legality"": 0.0, ""market"": 0.0, ""rulings"": 0.0, ""text_effects"": 0.93, ""translation"": 0.0, ""usage_meta"": 0.0}","{""agree_count"": 0, ""agreement_level"": ""single_source"", ""card_code"": ""EB03-016"", ""checked_fields"": [""card_name"", ""set_code"", ""set_name"", ""rarity"", ""color"", ""card_type"", ""cost"", ""power"", ""counter"", ""attribute"", ""traits"", ""life"", ""effect_text"", ""trigger_text""], ""conflict_count"": 0, ""source_count"": 0}","[""identity"", ""text_effects"", ""provenance""]",2026-03-16 12:21:59,force_rebuild,force_rebuild,999.0,"{""priority_bucket"": ""critical"", ""priority_factors"": {""base_priority"": 999, ""reason"": ""force_rebuild""}, ""priority_objectives"": [], ""priority_summary"": ""force_rebuild: explicit full refresh request."", ""selection_reasons"": []}",,,,,,,,,,,,[],[],,,[],[],{},,,[],,,,,,,,
139,,,,,,,,2026-03-16 12:21:59,,[],,,0.93,"{""agreement_level"": ""single_source"", ""sections"": {""identity"": 1, ""legality"": 0, ""market"": 0, ""rulings"": 0, ""usage"": 0}, ""source_count"": 0, ""total_sources"": 1}",2026-03-16 12:21:59,,,[],"{""leader_count"": 0, ""meta_relevance_score"": null, ""top_leaders"": [], ""tracked_deck_count"": 0}","{""identity"": 0.93, ""legality"": 0.0, ""market"": 0.0, ""rulings"": 0.0, ""text_effects"": 0.93, ""translation"": 0.0, ""usage_meta"": 0.0}","{""agree_count"": 0, ""agreement_level"": ""single_source"", ""card_code"": ""EB03-017"", ""checked_fields"": [""card_name"", ""set_code"", ""set_name"", ""rarity"", ""color"", ""card_type"", ""cost"", ""power"", ""counter"", ""attribute"", ""traits"", ""life"", ""effect_text"", ""trigger_text""], ""conflict_count"": 0, ""source_count"": 0}","[""identity"", ""text_effects"", ""provenance""]",2026-03-16 12:21:59,force_rebuild,force_rebuild,999.0,"{""priority_bucket"": ""critical"", ""priority_factors"": {""base_priority"": 999, ""reason"": ""force_rebuild""}, ""priority_objectives"": [], ""priority_summary"": ""force_rebuild: explicit full refresh request."", ""selection_reasons"": []}",,,,,,,,,,,,[],[],,,[],[],{},,,[],,,,,,,,
140,,,,,,,,2026-03-16 12:21:59,,[],,,0.93,"{""agreement_level"": ""single_source"", ""sections"": {""identity"": 1, ""legality"": 0, ""market"": 0, ""rulings"": 0, ""usage"": 0}, ""source_count"": 0, ""total_sources"": 1}",2026-03-16 12:21:59,,,[],"{""leader_count"": 0, ""meta_relevance_score"": null, ""top_leaders"": [], ""tracked_deck_count"": 0}","{""identity"": 0.93, ""legality"": 0.0, ""market"": 0.0, ""rulings"": 0.0, ""text_effects"": 0.93, ""translation"": 0.0, ""usage_meta"": 0.0}","{""agree_count"": 0, ""agreement_level"": ""single_source"", ""card_code"": ""EB03-018"", ""checked_fields"": [""card_name"", ""set_code"", ""set_name"", ""rarity"", ""color"", ""card_type"", ""cost"", ""power"", ""counter"", ""attribute"", ""traits"", ""life"", ""effect_text"", ""trigger_text""], ""conflict_count"": 0, ""source_count"": 0}","[""identity"", ""text_effects"", ""provenance""]",2026-03-16 12:21:59,force_rebuild,force_rebuild,999.0,"{""priority_bucket"": ""critical"", ""priority_factors"": {""base_priority"": 999, ""reason"": ""force_rebuild""}, ""priority_objectives"": [], ""priority_summary"": ""force_rebuild: explicit full refresh request."", ""selection_reasons"": []}",,,,,,,,,,,,[],[],,,[],[],{},,,[],,,,,,,,
141,,,,,,,,2026-03-16 12:21:59,,[],,,0.93,"{""agreement_level"": ""single_source"", ""sections"": {""identity"": 1, ""legality"": 0, ""market"": 0, ""rulings"": 0, ""usage"": 0}, ""source_count"": 0, ""total_sources"": 1}",2026-03-16 12:21:59,,,[],"{""leader_count"": 0, ""meta_relevance_score"": null, ""top_leaders"": [], ""tracked_deck_count"": 0}","{""identity"": 0.93, ""legality"": 0.0, ""market"": 0.0, ""rulings"": 0.0, ""text_effects"": 0.93, ""translation"": 0.0, ""usage_meta"": 0.0}","{""agree_count"": 0, ""agreement_level"": ""single_source"", ""card_code"": ""EB03-019"", ""checked_fields"": [""card_name"", ""set_code"", ""set_name"", ""rarity"", ""color"", ""card_type"", ""cost"", ""power"", ""counter"", ""attribute"", ""traits"", ""life"", ""effect_text"", ""trigger_text""], ""conflict_count"": 0, ""source_count"": 0}","[""identity"", ""text_effects"", ""provenance""]",2026-03-16 12:21:59,force_rebuild,force_rebuild,999.0,"{""priority_bucket"": ""critical"", ""priority_factors"": {""base_priority"": 999, ""reason"": ""force_rebuild""}, ""priority_objectives"": [], ""priority_summary"": ""force_rebuild: explicit full refresh request."", ""selection_reasons"": []}",,,,,,,,,,,,[],[],,,[],[],{},,,[],,,,,,,,
142,,,,,,,,2026-03-16 12:21:59,,[],,,0.93,"{""agreement_level"": ""single_source"", ""sections"": {""identity"": 1, ""legality"": 0, ""market"": 0, ""rulings"": 0, ""usage"": 0}, ""source_count"": 0, ""total_sources"": 1}",2026-03-16 12:21:59,,,[],"{""leader_count"": 0, ""meta_relevance_score"": null, ""top_leaders"": [], ""tracked_deck_count"": 0}","{""identity"": 0.93, ""legality"": 0.0, ""market"": 0.0, ""rulings"": 0.0, ""text_effects"": 0.93, ""translation"": 0.0, ""usage_meta"": 0.0}","{""agree_count"": 0, ""agreement_level"": ""single_source"", ""card_code"": ""EB03-020"", ""checked_fields"": [""card_name"", ""set_code"", ""set_name"", ""rarity"", ""color"", ""card_type"", ""cost"", ""power"", ""counter"", ""attribute"", ""traits"", ""life"", ""effect_text"", ""trigger_text""], ""conflict_count"": 0, ""source_count"": 0}","[""identity"", ""text_effects"", ""provenance""]",2026-03-16 12:21:59,force_rebuild,force_rebuild,999.0,"{""priority_bucket"": ""critical"", ""priority_factors"": {""base_priority"": 999, ""reason"": ""force_rebuild""}, ""priority_objectives"": [], ""priority_summary"": ""force_rebuild: explicit full refresh request."", ""selection_reasons"": []}",,,,,,,,,,,,[],[],,,[],[],{},,,[],,,,,,,,
143,,,,,,,,2026-03-16 12:21:59,,[],,,0.93,"{""agreement_level"": ""single_source"", ""sections"": {""identity"": 1, ""legality"": 0, ""market"": 0, ""rulings"": 0, ""usage"": 0}, ""source_count"": 0, ""total_sources"": 1}",2026-03-16 12:21:59,,,[],"{""leader_count"": 0, ""meta_relevance_score"": null, ""top_leaders"": [], ""tracked_deck_count"": 0}","{""identity"": 0.93, ""legality"": 0.0, ""market"": 0.0, ""rulings"": 0.0, ""text_effects"": 0.93, ""translation"": 0.0, ""usage_meta"": 0.0}","{""agree_count"": 0, ""agreement_level"": ""single_source"", ""card_code"": ""EB03-021"", ""checked_fields"": [""card_name"", ""set_code"", ""set_name"", ""rarity"", ""color"", ""card_type"", ""cost"", ""power"", ""counter"", ""attribute"", ""traits"", ""life"", ""effect_text"", ""trigger_text""], ""conflict_count"": 0, ""source_count"": 0}","[""identity"", ""text_effects"", ""provenance""]",2026-03-16 12:21:59,force_rebuild,force_rebuild,999.0,"{""priority_bucket"": ""critical"", ""priority_factors"": {""base_priority"": 999, ""reason"": ""force_rebuild""}, ""priority_objectives"": [], ""priority_summary"": ""force_rebuild: explicit full refresh request."", ""selection_reasons"": []}",,,,,,,,,,,,[],[],,,[],[],{},,,[],,,,,,,,
144,,,,,,,,2026-03-16 12:21:59,,[],,,0.93,"{""agreement_level"": ""single_source"", ""sections"": {""identity"": 1, ""legality"": 0, ""market"": 0, ""rulings"": 0, ""usage"": 0}, ""source_count"": 0, ""total_sources"": 1}",2026-03-16 12:21:59,,,[],"{""leader_count"": 0, ""meta_relevance_score"": null, ""top_leaders"": [], ""tracked_deck_count"": 0}","{""identity"": 0.93, ""legality"": 0.0, ""market"": 0.0, ""rulings"": 0.0, ""text_effects"": 0.93, ""translation"": 0.0, ""usage_meta"": 0.0}","{""agree_count"": 0, ""agreement_level"": ""single_source"", ""card_code"": ""EB03-022"", ""checked_fields"": [""card_name"", ""set_code"", ""set_name"", ""rarity"", ""color"", ""card_type"", ""cost"", ""power"", ""counter"", ""attribute"", ""traits"", ""life"", ""effect_text"", ""trigger_text""], ""conflict_count"": 0, ""source_count"": 0}","[""identity"", ""text_effects"", ""provenance""]",2026-03-16 12:21:59,force_rebuild,force_rebuild,999.0,"{""priority_bucket"": ""critical"", ""priority_factors"": {""base_priority"": 999, ""reason"": ""force_rebuild""}, ""priority_objectives"": [], ""priority_summary"": ""force_rebuild: explicit full refresh request."", ""selection_reasons"": []}",,,,,,,,,,,,[],[],,,[],[],{},,,[],,,,,,,,
145,,,,,,,,2026-03-16 12:21:59,,[],,,0.93,"{""agreement_level"": ""single_source"", ""sections"": {""identity"": 1, ""legality"": 0, ""market"": 0, ""rulings"": 0, ""usage"": 0}, ""source_count"": 0, ""total_sources"": 1}",2026-03-16 12:21:59,,,[],"{""leader_count"": 0, ""meta_relevance_score"": null, ""top_leaders"": [], ""tracked_deck_count"": 0}","{""identity"": 0.93, ""legality"": 0.0, ""market"": 0.0, ""rulings"": 0.0, ""text_effects"": 0.93, ""translation"": 0.0, ""usage_meta"": 0.0}","{""agree_count"": 0, ""agreement_level"": ""single_source"", ""card_code"": ""EB03-023"", ""checked_fields"": [""card_name"", ""set_code"", ""set_name"", ""rarity"", ""color"", ""card_type"", ""cost"", ""power"", ""counter"", ""attribute"", ""traits"", ""life"", ""effect_text"", ""trigger_text""], ""conflict_count"": 0, ""source_count"": 0}","[""identity"", ""text_effects"", ""provenance""]",2026-03-16 12:21:59,force_rebuild,force_rebuild,999.0,"{""priority_bucket"": ""critical"", ""priority_factors"": {""base_priority"": 999, ""reason"": ""force_rebuild""}, ""priority_objectives"": [], ""priority_summary"": ""force_rebuild: explicit full refresh request."", ""selection_reasons"": []}",,,,,,,,,,,,[],[],,,[],[],{},,,[],,,,,,,,
146,,,,,,,,2026-03-16 12:21:59,,[],,,0.93,"{""agreement_level"": ""single_source"", ""sections"": {""identity"": 1, ""legality"": 0, ""market"": 0, ""rulings"": 0, ""usage"": 0}, ""source_count"": 0, ""total_sources"": 1}",2026-03-16 12:21:59,,,[],"{""leader_count"": 0, ""meta_relevance_score"": null, ""top_leaders"": [], ""tracked_deck_count"": 0}","{""identity"": 0.93, ""legality"": 0.0, ""market"": 0.0, ""rulings"": 0.0, ""text_effects"": 0.93, ""translation"": 0.0, ""usage_meta"": 0.0}","{""agree_count"": 0, ""agreement_level"": ""single_source"", ""card_code"": ""EB03-024"", ""checked_fields"": [""card_name"", ""set_code"", ""set_name"", ""rarity"", ""color"", ""card_type"", ""cost"", ""power"", ""counter"", ""attribute"", ""traits"", ""life"", ""effect_text"", ""trigger_text""], ""conflict_count"": 0, ""source_count"": 0}","[""identity"", ""text_effects"", ""provenance""]",2026-03-16 12:21:59,force_rebuild,force_rebuild,999.0,"{""priority_bucket"": ""critical"", ""priority_factors"": {""base_priority"": 999, ""reason"": ""force_rebuild""}, ""priority_objectives"": [], ""priority_summary"": ""force_rebuild: explicit full refresh request."", ""selection_reasons"": []}",,,,,,,,,,,,[],[],,,[],[],{},,,[],,,,,,,,
147,,,,,,,,2026-03-16 12:21:59,,[],,,0.93,"{""agreement_level"": ""single_source"", ""sections"": {""identity"": 1, ""legality"": 0, ""market"": 0, ""rulings"": 0, ""usage"": 0}, ""source_count"": 0, ""total_sources"": 1}",2026-03-16 12:21:59,,,[],"{""leader_count"": 0, ""meta_relevance_score"": null, ""top_leaders"": [], ""tracked_deck_count"": 0}","{""identity"": 0.93, ""legality"": 0.0, ""market"": 0.0, ""rulings"": 0.0, ""text_effects"": 0.93, ""translation"": 0.0, ""usage_meta"": 0.0}","{""agree_count"": 0, ""agreement_level"": ""single_source"", ""card_code"": ""EB03-025"", ""checked_fields"": [""card_name"", ""set_code"", ""set_name"", ""rarity"", ""color"", ""card_type"", ""cost"", ""power"", ""counter"", ""attribute"", ""traits"", ""life"", ""effect_text"", ""trigger_text""], ""conflict_count"": 0, ""source_count"": 0}","[""identity"", ""text_effects"", ""provenance""]",2026-03-16 12:21:59,force_rebuild,force_rebuild,999.0,"{""priority_bucket"": ""critical"", ""priority_factors"": {""base_priority"": 999, ""reason"": ""force_rebuild""}, ""priority_objectives"": [], ""priority_summary"": ""force_rebuild: explicit full refresh request."", ""selection_reasons"": []}",,,,,,,,,,,,[],[],,,[],[],{},,,[],,,,,,,,
148,,,,,,,,2026-03-16 12:21:59,,[],,,0.93,"{""agreement_level"": ""single_source"", ""sections"": {""identity"": 1, ""legality"": 0, ""market"": 0, ""rulings"": 0, ""usage"": 0}, ""source_count"": 0, ""total_sources"": 1}",2026-03-16 12:21:59,,,[],"{""leader_count"": 0, ""meta_relevance_score"": null, ""top_leaders"": [], ""tracked_deck_count"": 0}","{""identity"": 0.93, ""legality"": 0.0, ""market"": 0.0, ""rulings"": 0.0, ""text_effects"": 0.93, ""translation"": 0.0, ""usage_meta"": 0.0}","{""agree_count"": 0, ""agreement_level"": ""single_source"", ""card_code"": ""EB03-026"", ""checked_fields"": [""card_name"", ""set_code"", ""set_name"", ""rarity"", ""color"", ""card_type"", ""cost"", ""power"", ""counter"", ""attribute"", ""traits"", ""life"", ""effect_text"", ""trigger_text""], ""conflict_count"": 0, ""source_count"": 0}","[""identity"", ""text_effects"", ""provenance""]",2026-03-16 12:21:59,force_rebuild,force_rebuild,999.0,"{""priority_bucket"": ""critical"", ""priority_factors"": {""base_priority"": 999, ""reason"": ""force_rebuild""}, ""priority_objectives"": [], ""priority_summary"": ""force_rebuild: explicit full refresh request."", ""selection_reasons"": []}",,,,,,,,,,,,[],[],,,[],[],{},,,[],,,,,,,,
149,,,,,,,,2026-03-16 12:21:59,,[],,,0.93,"{""agreement_level"": ""single_source"", ""sections"": {""identity"": 1, ""legality"": 0, ""market"": 0, ""rulings"": 0, ""usage"": 0}, ""source_count"": 0, ""total_sources"": 1}",2026-03-16 12:21:59,,,[],"{""leader_count"": 0, ""meta_relevance_score"": null, ""top_leaders"": [], ""tracked_deck_count"": 0}","{""identity"": 0.93, ""legality"": 0.0, ""market"": 0.0, ""rulings"": 0.0, ""text_effects"": 0.93, ""translation"": 0.0, ""usage_meta"": 0.0}","{""agree_count"": 0, ""agreement_level"": ""single_source"", ""card_code"": ""EB03-027"", ""checked_fields"": [""card_name"", ""set_code"", ""set_name"", ""rarity"", ""color"", ""card_type"", ""cost"", ""power"", ""counter"", ""attribute"", ""traits"", ""life"", ""effect_text"", ""trigger_text""], ""conflict_count"": 0, ""source_count"": 0}","[""identity"", ""text_effects"", ""provenance""]",2026-03-16 12:21:59,force_rebuild,force_rebuild,999.0,"{""priority_bucket"": ""critical"", ""priority_factors"": {""base_priority"": 999, ""reason"": ""force_rebuild""}, ""priority_objectives"": [], ""priority_summary"": ""force_rebuild: explicit full refresh request."", ""selection_reasons"": []}",,,,,,,,,,,,[],[],,,[],[],{},,,[],,,,,,,,
150,,,,,,,,2026-03-16 12:21:59,,[],,,0.93,"{""agreement_level"": ""single_source"", ""sections"": {""identity"": 1, ""legality"": 0, ""market"": 0, ""rulings"": 0, ""usage"": 0}, ""source_count"": 0, ""total_sources"": 1}",2026-03-16 12:21:59,,,[],"{""leader_count"": 0, ""meta_relevance_score"": null, ""top_leaders"": [], ""tracked_deck_count"": 0}","{""identity"": 0.93, ""legality"": 0.0, ""market"": 0.0, ""rulings"": 0.0, ""text_effects"": 0.93, ""translation"": 0.0, ""usage_meta"": 0.0}","{""agree_count"": 0, ""agreement_level"": ""single_source"", ""card_code"": ""EB03-028"", ""checked_fields"": [""card_name"", ""set_code"", ""set_name"", ""rarity"", ""color"", ""card_type"", ""cost"", ""power"", ""counter"", ""attribute"", ""traits"", ""life"", ""effect_text"", ""trigger_text""], ""conflict_count"": 0, ""source_count"": 0}","[""identity"", ""text_effects"", ""provenance""]",2026-03-16 12:21:59,force_rebuild,force_rebuild,999.0,"{""priority_bucket"": ""critical"", ""priority_factors"": {""base_priority"": 999, ""reason"": ""force_rebuild""}, ""priority_objectives"": [], ""priority_summary"": ""force_rebuild: explicit full refresh request."", ""selection_reasons"": []}",,,,,,,,,,,,[],[],,,[],[],{},,,[],,,,,,,,
151,,,,,,,,2026-03-16 12:21:59,,[],,,0.93,"{""agreement_level"": ""single_source"", ""sections"": {""identity"": 1, ""legality"": 0, ""market"": 0, ""rulings"": 0, ""usage"": 0}, ""source_count"": 0, ""total_sources"": 1}",2026-03-16 12:21:59,,,[],"{""leader_count"": 0, ""meta_relevance_score"": null, ""top_leaders"": [], ""tracked_deck_count"": 0}","{""identity"": 0.93, ""legality"": 0.0, ""market"": 0.0, ""rulings"": 0.0, ""text_effects"": 0.93, ""translation"": 0.0, ""usage_meta"": 0.0}","{""agree_count"": 0, ""agreement_level"": ""single_source"", ""card_code"": ""EB03-029"", ""checked_fields"": [""card_name"", ""set_code"", ""set_name"", ""rarity"", ""color"", ""card_type"", ""cost"", ""power"", ""counter"", ""attribute"", ""traits"", ""life"", ""effect_text"", ""trigger_text""], ""conflict_count"": 0, ""source_count"": 0}","[""identity"", ""text_effects"", ""provenance""]",2026-03-16 12:21:59,force_rebuild,force_rebuild,999.0,"{""priority_bucket"": ""critical"", ""priority_factors"": {""base_priority"": 999, ""reason"": ""force_rebuild""}, ""priority_objectives"": [], ""priority_summary"": ""force_rebuild: explicit full refresh request."", ""selection_reasons"": []}",,,,,,,,,,,,[],[],,,[],[],{},,,[],,,,,,,,
152,,,,,,,,2026-03-16 12:21:59,,[],,,0.93,"{""agreement_level"": ""single_source"", ""sections"": {""identity"": 1, ""legality"": 0, ""market"": 0, ""rulings"": 0, ""usage"": 0}, ""source_count"": 0, ""total_sources"": 1}",2026-03-16 12:21:59,,,[],"{""leader_count"": 0, ""meta_relevance_score"": null, ""top_leaders"": [], ""tracked_deck_count"": 0}","{""identity"": 0.93, ""legality"": 0.0, ""market"": 0.0, ""rulings"": 0.0, ""text_effects"": 0.93, ""translation"": 0.0, ""usage_meta"": 0.0}","{""agree_count"": 0, ""agreement_level"": ""single_source"", ""card_code"": ""EB03-030"", ""checked_fields"": [""card_name"", ""set_code"", ""set_name"", ""rarity"", ""color"", ""card_type"", ""cost"", ""power"", ""counter"", ""attribute"", ""traits"", ""life"", ""effect_text"", ""trigger_text""], ""conflict_count"": 0, ""source_count"": 0}","[""identity"", ""text_effects"", ""provenance""]",2026-03-16 12:21:59,force_rebuild,force_rebuild,999.0,"{""priority_bucket"": ""critical"", ""priority_factors"": {""base_priority"": 999, ""reason"": ""force_rebuild""}, ""priority_objectives"": [], ""priority_summary"": ""force_rebuild: explicit full refresh request."", ""selection_reasons"": []}",,,,,,,,,,,,[],[],,,[],[],{},,,[],,,,,,,,
153,,,,,,,,2026-03-16 12:21:59,,[],,,0.93,"{""agreement_level"": ""single_source"", ""sections"": {""identity"": 1, ""legality"": 0, ""market"": 0, ""rulings"": 0, ""usage"": 0}, ""source_count"": 0, ""total_sources"": 1}",2026-03-16 12:21:59,,,[],"{""leader_count"": 0, ""meta_relevance_score"": null, ""top_leaders"": [], ""tracked_deck_count"": 0}","{""identity"": 0.93, ""legality"": 0.0, ""market"": 0.0, ""rulings"": 0.0, ""text_effects"": 0.93, ""translation"": 0.0, ""usage_meta"": 0.0}","{""agree_count"": 0, ""agreement_level"": ""single_source"", ""card_code"": ""EB03-031"", ""checked_fields"": [""card_name"", ""set_code"", ""set_name"", ""rarity"", ""color"", ""card_type"", ""cost"", ""power"", ""counter"", ""attribute"", ""traits"", ""life"", ""effect_text"", ""trigger_text""], ""conflict_count"": 0, ""source_count"": 0}","[""identity"", ""text_effects"", ""provenance""]",2026-03-16 12:21:59,force_rebuild,force_rebuild,999.0,"{""priority_bucket"": ""critical"", ""priority_factors"": {""base_priority"": 999, ""reason"": ""force_rebuild""}, ""priority_objectives"": [], ""priority_summary"": ""force_rebuild: explicit full refresh request."", ""selection_reasons"": []}",,,,,,,,,,,,[],[],,,[],[],{},,,[],,,,,,,,
154,,,,,,,,2026-03-16 12:21:59,,[],,,0.93,"{""agreement_level"": ""single_source"", ""sections"": {""identity"": 1, ""legality"": 0, ""market"": 0, ""rulings"": 0, ""usage"": 0}, ""source_count"": 0, ""total_sources"": 1}",2026-03-16 12:21:59,,,[],"{""leader_count"": 0, ""meta_relevance_score"": null, ""top_leaders"": [], ""tracked_deck_count"": 0}","{""identity"": 0.93, ""legality"": 0.0, ""market"": 0.0, ""rulings"": 0.0, ""text_effects"": 0.93, ""translation"": 0.0, ""usage_meta"": 0.0}","{""agree_count"": 0, ""agreement_level"": ""single_source"", ""card_code"": ""EB03-032"", ""checked_fields"": [""card_name"", ""set_code"", ""set_name"", ""rarity"", ""color"", ""card_type"", ""cost"", ""power"", ""counter"", ""attribute"", ""traits"", ""life"", ""effect_text"", ""trigger_text""], ""conflict_count"": 0, ""source_count"": 0}","[""identity"", ""text_effects"", ""provenance""]",2026-03-16 12:21:59,force_rebuild,force_rebuild,999.0,"{""priority_bucket"": ""critical"", ""priority_factors"": {""base_priority"": 999, ""reason"": ""force_rebuild""}, ""priority_objectives"": [], ""priority_summary"": ""force_rebuild: explicit full refresh request."", ""selection_reasons"": []}",,,,,,,,,,,,[],[],,,[],[],{},,,[],,,,,,,,
155,,,,,,,,2026-03-16 12:21:59,,[],,,0.93,"{""agreement_level"": ""single_source"", ""sections"": {""identity"": 1, ""legality"": 0, ""market"": 0, ""rulings"": 0, ""usage"": 0}, ""source_count"": 0, ""total_sources"": 1}",2026-03-16 12:21:59,,,[],"{""leader_count"": 0, ""meta_relevance_score"": null, ""top_leaders"": [], ""tracked_deck_count"": 0}","{""identity"": 0.93, ""legality"": 0.0, ""market"": 0.0, ""rulings"": 0.0, ""text_effects"": 0.93, ""translation"": 0.0, ""usage_meta"": 0.0}","{""agree_count"": 0, ""agreement_level"": ""single_source"", ""card_code"": ""EB03-033"", ""checked_fields"": [""card_name"", ""set_code"", ""set_name"", ""rarity"", ""color"", ""card_type"", ""cost"", ""power"", ""counter"", ""attribute"", ""traits"", ""life"", ""effect_text"", ""trigger_text""], ""conflict_count"": 0, ""source_count"": 0}","[""identity"", ""text_effects"", ""provenance""]",2026-03-16 12:21:59,force_rebuild,force_rebuild,999.0,"{""priority_bucket"": ""critical"", ""priority_factors"": {""base_priority"": 999, ""reason"": ""force_rebuild""}, ""priority_objectives"": [], ""priority_summary"": ""force_rebuild: explicit full refresh request."", ""selection_reasons"": []}",,,,,,,,,,,,[],[],,,[],[],{},,,[],,,,,,,,
156,,,,,,,,2026-03-16 12:21:59,,[],,,0.93,"{""agreement_level"": ""single_source"", ""sections"": {""identity"": 1, ""legality"": 0, ""market"": 0, ""rulings"": 0, ""usage"": 0}, ""source_count"": 0, ""total_sources"": 1}",2026-03-16 12:21:59,,,[],"{""leader_count"": 0, ""meta_relevance_score"": null, ""top_leaders"": [], ""tracked_deck_count"": 0}","{""identity"": 0.93, ""legality"": 0.0, ""market"": 0.0, ""rulings"": 0.0, ""text_effects"": 0.93, ""translation"": 0.0, ""usage_meta"": 0.0}","{""agree_count"": 0, ""agreement_level"": ""single_source"", ""card_code"": ""EB03-034"", ""checked_fields"": [""card_name"", ""set_code"", ""set_name"", ""rarity"", ""color"", ""card_type"", ""cost"", ""power"", ""counter"", ""attribute"", ""traits"", ""life"", ""effect_text"", ""trigger_text""], ""conflict_count"": 0, ""source_count"": 0}","[""identity"", ""text_effects"", ""provenance""]",2026-03-16 12:21:59,force_rebuild,force_rebuild,999.0,"{""priority_bucket"": ""critical"", ""priority_factors"": {""base_priority"": 999, ""reason"": ""force_rebuild""}, ""priority_objectives"": [], ""priority_summary"": ""force_rebuild: explicit full refresh request."", ""selection_reasons"": []}",,,,,,,,,,,,[],[],,,[],[],{},,,[],,,,,,,,
157,,,,,,,,2026-03-16 12:21:59,,[],,,0.93,"{""agreement_level"": ""single_source"", ""sections"": {""identity"": 1, ""legality"": 0, ""market"": 0, ""rulings"": 0, ""usage"": 0}, ""source_count"": 0, ""total_sources"": 1}",2026-03-16 12:21:59,,,[],"{""leader_count"": 0, ""meta_relevance_score"": null, ""top_leaders"": [], ""tracked_deck_count"": 0}","{""identity"": 0.93, ""legality"": 0.0, ""market"": 0.0, ""rulings"": 0.0, ""text_effects"": 0.93, ""translation"": 0.0, ""usage_meta"": 0.0}","{""agree_count"": 0, ""agreement_level"": ""single_source"", ""card_code"": ""EB03-035"", ""checked_fields"": [""card_name"", ""set_code"", ""set_name"", ""rarity"", ""color"", ""card_type"", ""cost"", ""power"", ""counter"", ""attribute"", ""traits"", ""life"", ""effect_text"", ""trigger_text""], ""conflict_count"": 0, ""source_count"": 0}","[""identity"", ""text_effects"", ""provenance""]",2026-03-16 12:21:59,force_rebuild,force_rebuild,999.0,"{""priority_bucket"": ""critical"", ""priority_factors"": {""base_priority"": 999, ""reason"": ""force_rebuild""}, ""priority_objectives"": [], ""priority_summary"": ""force_rebuild: explicit full refresh request."", ""selection_reasons"": []}",,,,,,,,,,,,[],[],,,[],[],{},,,[],,,,,,,,
158,,,,,,,,2026-03-16 12:21:59,,[],,,0.93,"{""agreement_level"": ""single_source"", ""sections"": {""identity"": 1, ""legality"": 0, ""market"": 0, ""rulings"": 0, ""usage"": 0}, ""source_count"": 0, ""total_sources"": 1}",2026-03-16 12:21:59,,,[],"{""leader_count"": 0, ""meta_relevance_score"": null, ""top_leaders"": [], ""tracked_deck_count"": 0}","{""identity"": 0.93, ""legality"": 0.0, ""market"": 0.0, ""rulings"": 0.0, ""text_effects"": 0.93, ""translation"": 0.0, ""usage_meta"": 0.0}","{""agree_count"": 0, ""agreement_level"": ""single_source"", ""card_code"": ""EB03-036"", ""checked_fields"": [""card_name"", ""set_code"", ""set_name"", ""rarity"", ""color"", ""card_type"", ""cost"", ""power"", ""counter"", ""attribute"", ""traits"", ""life"", ""effect_text"", ""trigger_text""], ""conflict_count"": 0, ""source_count"": 0}","[""identity"", ""text_effects"", ""provenance""]",2026-03-16 12:21:59,force_rebuild,force_rebuild,999.0,"{""priority_bucket"": ""critical"", ""priority_factors"": {""base_priority"": 999, ""reason"": ""force_rebuild""}, ""priority_objectives"": [], ""priority_summary"": ""force_rebuild: explicit full refresh request."", ""selection_reasons"": []}",,,,,,,,,,,,[],[],,,[],[],{},,,[],,,,,,,,
159,,,,,,,,2026-03-16 12:21:59,,[],,,0.93,"{""agreement_level"": ""single_source"", ""sections"": {""identity"": 1, ""legality"": 0, ""market"": 0, ""rulings"": 0, ""usage"": 0}, ""source_count"": 0, ""total_sources"": 1}",2026-03-16 12:21:59,,,[],"{""leader_count"": 0, ""meta_relevance_score"": null, ""top_leaders"": [], ""tracked_deck_count"": 0}","{""identity"": 0.93, ""legality"": 0.0, ""market"": 0.0, ""rulings"": 0.0, ""text_effects"": 0.93, ""translation"": 0.0, ""usage_meta"": 0.0}","{""agree_count"": 0, ""agreement_level"": ""single_source"", ""card_code"": ""EB03-037"", ""checked_fields"": [""card_name"", ""set_code"", ""set_name"", ""rarity"", ""color"", ""card_type"", ""cost"", ""power"", ""counter"", ""attribute"", ""traits"", ""life"", ""effect_text"", ""trigger_text""], ""conflict_count"": 0, ""source_count"": 0}","[""identity"", ""text_effects"", ""provenance""]",2026-03-16 12:21:59,force_rebuild,force_rebuild,999.0,"{""priority_bucket"": ""critical"", ""priority_factors"": {""base_priority"": 999, ""reason"": ""force_rebuild""}, ""priority_objectives"": [], ""priority_summary"": ""force_rebuild: explicit full refresh request."", ""selection_reasons"": []}",,,,,,,,,,,,[],[],,,[],[],{},,,[],,,,,,,,
160,,,,,,,,2026-03-16 12:21:59,,[],,,0.93,"{""agreement_level"": ""single_source"", ""sections"": {""identity"": 1, ""legality"": 0, ""market"": 0, ""rulings"": 0, ""usage"": 0}, ""source_count"": 0, ""total_sources"": 1}",2026-03-16 12:21:59,,,[],"{""leader_count"": 0, ""meta_relevance_score"": null, ""top_leaders"": [], ""tracked_deck_count"": 0}","{""identity"": 0.93, ""legality"": 0.0, ""market"": 0.0, ""rulings"": 0.0, ""text_effects"": 0.93, ""translation"": 0.0, ""usage_meta"": 0.0}","{""agree_count"": 0, ""agreement_level"": ""single_source"", ""card_code"": ""EB03-038"", ""checked_fields"": [""card_name"", ""set_code"", ""set_name"", ""rarity"", ""color"", ""card_type"", ""cost"", ""power"", ""counter"", ""attribute"", ""traits"", ""life"", ""effect_text"", ""trigger_text""], ""conflict_count"": 0, ""source_count"": 0}","[""identity"", ""text_effects"", ""provenance""]",2026-03-16 12:21:59,force_rebuild,force_rebuild,999.0,"{""priority_bucket"": ""critical"", ""priority_factors"": {""base_priority"": 999, ""reason"": ""force_rebuild""}, ""priority_objectives"": [], ""priority_summary"": ""force_rebuild: explicit full refresh request."", ""selection_reasons"": []}",,,,,,,,,,,,[],[],,,[],[],{},,,[],,,,,,,,
161,,,,,,,,2026-03-16 12:21:59,,[],,,0.93,"{""agreement_level"": ""single_source"", ""sections"": {""identity"": 1, ""legality"": 0, ""market"": 0, ""rulings"": 0, ""usage"": 0}, ""source_count"": 0, ""total_sources"": 1}",2026-03-16 12:21:59,,,[],"{""leader_count"": 0, ""meta_relevance_score"": null, ""top_leaders"": [], ""tracked_deck_count"": 0}","{""identity"": 0.93, ""legality"": 0.0, ""market"": 0.0, ""rulings"": 0.0, ""text_effects"": 0.93, ""translation"": 0.0, ""usage_meta"": 0.0}","{""agree_count"": 0, ""agreement_level"": ""single_source"", ""card_code"": ""EB03-039"", ""checked_fields"": [""card_name"", ""set_code"", ""set_name"", ""rarity"", ""color"", ""card_type"", ""cost"", ""power"", ""counter"", ""attribute"", ""traits"", ""life"", ""effect_text"", ""trigger_text""], ""conflict_count"": 0, ""source_count"": 0}","[""identity"", ""text_effects"", ""provenance""]",2026-03-16 12:21:59,force_rebuild,force_rebuild,999.0,"{""priority_bucket"": ""critical"", ""priority_factors"": {""base_priority"": 999, ""reason"": ""force_rebuild""}, ""priority_objectives"": [], ""priority_summary"": ""force_rebuild: explicit full refresh request."", ""selection_reasons"": []}",,,,,,,,,,,,[],[],,,[],[],{},,,[],,,,,,,,
162,,,,,,,,2026-03-16 12:21:59,,[],,,0.93,"{""agreement_level"": ""single_source"", ""sections"": {""identity"": 1, ""legality"": 0, ""market"": 0, ""rulings"": 0, ""usage"": 0}, ""source_count"": 0, ""total_sources"": 1}",2026-03-16 12:21:59,,,[],"{""leader_count"": 0, ""meta_relevance_score"": null, ""top_leaders"": [], ""tracked_deck_count"": 0}","{""identity"": 0.93, ""legality"": 0.0, ""market"": 0.0, ""rulings"": 0.0, ""text_effects"": 0.93, ""translation"": 0.0, ""usage_meta"": 0.0}","{""agree_count"": 0, ""agreement_level"": ""single_source"", ""card_code"": ""EB03-040"", ""checked_fields"": [""card_name"", ""set_code"", ""set_name"", ""rarity"", ""color"", ""card_type"", ""cost"", ""power"", ""counter"", ""attribute"", ""traits"", ""life"", ""effect_text"", ""trigger_text""], ""conflict_count"": 0, ""source_count"": 0}","[""identity"", ""text_effects"", ""provenance""]",2026-03-16 12:21:59,force_rebuild,force_rebuild,999.0,"{""priority_bucket"": ""critical"", ""priority_factors"": {""base_priority"": 999, ""reason"": ""force_rebuild""}, ""priority_objectives"": [], ""priority_summary"": ""force_rebuild: explicit full refresh request."", ""selection_reasons"": []}",,,,,,,,,,,,[],[],,,[],[],{},,,[],,,,,,,,
163,,,,,,,,2026-03-16 12:21:59,,[],,,0.93,"{""agreement_level"": ""single_source"", ""sections"": {""identity"": 1, ""legality"": 0, ""market"": 0, ""rulings"": 0, ""usage"": 0}, ""source_count"": 0, ""total_sources"": 1}",2026-03-16 12:21:59,,,[],"{""leader_count"": 0, ""meta_relevance_score"": null, ""top_leaders"": [], ""tracked_deck_count"": 0}","{""identity"": 0.93, ""legality"": 0.0, ""market"": 0.0, ""rulings"": 0.0, ""text_effects"": 0.93, ""translation"": 0.0, ""usage_meta"": 0.0}","{""agree_count"": 0, ""agreement_level"": ""single_source"", ""card_code"": ""EB03-041"", ""checked_fields"": [""card_name"", ""set_code"", ""set_name"", ""rarity"", ""color"", ""card_type"", ""cost"", ""power"", ""counter"", ""attribute"", ""traits"", ""life"", ""effect_text"", ""trigger_text""], ""conflict_count"": 0, ""source_count"": 0}","[""identity"", ""text_effects"", ""provenance""]",2026-03-16 12:21:59,force_rebuild,force_rebuild,999.0,"{""priority_bucket"": ""critical"", ""priority_factors"": {""base_priority"": 999, ""reason"": ""force_rebuild""}, ""priority_objectives"": [], ""priority_summary"": ""force_rebuild: explicit full refresh request."", ""selection_reasons"": []}",,,,,,,,,,,,[],[],,,[],[],{},,,[],,,,,,,,
164,,,,,,,,2026-03-16 12:21:59,,[],,,0.93,"{""agreement_level"": ""single_source"", ""sections"": {""identity"": 1, ""legality"": 0, ""market"": 0, ""rulings"": 0, ""usage"": 0}, ""source_count"": 0, ""total_sources"": 1}",2026-03-16 12:21:59,,,[],"{""leader_count"": 0, ""meta_relevance_score"": null, ""top_leaders"": [], ""tracked_deck_count"": 0}","{""identity"": 0.93, ""legality"": 0.0, ""market"": 0.0, ""rulings"": 0.0, ""text_effects"": 0.93, ""translation"": 0.0, ""usage_meta"": 0.0}","{""agree_count"": 0, ""agreement_level"": ""single_source"", ""card_code"": ""EB03-042"", ""checked_fields"": [""card_name"", ""set_code"", ""set_name"", ""rarity"", ""color"", ""card_type"", ""cost"", ""power"", ""counter"", ""attribute"", ""traits"", ""life"", ""effect_text"", ""trigger_text""], ""conflict_count"": 0, ""source_count"": 0}","[""identity"", ""text_effects"", ""provenance""]",2026-03-16 12:21:59,force_rebuild,force_rebuild,999.0,"{""priority_bucket"": ""critical"", ""priority_factors"": {""base_priority"": 999, ""reason"": ""force_rebuild""}, ""priority_objectives"": [], ""priority_summary"": ""force_rebuild: explicit full refresh request."", ""selection_reasons"": []}",,,,,,,,,,,,[],[],,,[],[],{},,,[],,,,,,,,
165,,,,,,,,2026-03-16 12:21:59,,[],,,0.93,"{""agreement_level"": ""single_source"", ""sections"": {""identity"": 1, ""legality"": 0, ""market"": 0, ""rulings"": 0, ""usage"": 0}, ""source_count"": 0, ""total_sources"": 1}",2026-03-16 12:21:59,,,[],"{""leader_count"": 0, ""meta_relevance_score"": null, ""top_leaders"": [], ""tracked_deck_count"": 0}","{""identity"": 0.93, ""legality"": 0.0, ""market"": 0.0, ""rulings"": 0.0, ""text_effects"": 0.93, ""translation"": 0.0, ""usage_meta"": 0.0}","{""agree_count"": 0, ""agreement_level"": ""single_source"", ""card_code"": ""EB03-043"", ""checked_fields"": [""card_name"", ""set_code"", ""set_name"", ""rarity"", ""color"", ""card_type"", ""cost"", ""power"", ""counter"", ""attribute"", ""traits"", ""life"", ""effect_text"", ""trigger_text""], ""conflict_count"": 0, ""source_count"": 0}","[""identity"", ""text_effects"", ""provenance""]",2026-03-16 12:21:59,force_rebuild,force_rebuild,999.0,"{""priority_bucket"": ""critical"", ""priority_factors"": {""base_priority"": 999, ""reason"": ""force_rebuild""}, ""priority_objectives"": [], ""priority_summary"": ""force_rebuild: explicit full refresh request."", ""selection_reasons"": []}",,,,,,,,,,,,[],[],,,[],[],{},,,[],,,,,,,,
166,,,,,,,,2026-03-16 12:21:59,,[],,,0.93,"{""agreement_level"": ""single_source"", ""sections"": {""identity"": 1, ""legality"": 0, ""market"": 0, ""rulings"": 0, ""usage"": 0}, ""source_count"": 0, ""total_sources"": 1}",2026-03-16 12:21:59,,,[],"{""leader_count"": 0, ""meta_relevance_score"": null, ""top_leaders"": [], ""tracked_deck_count"": 0}","{""identity"": 0.93, ""legality"": 0.0, ""market"": 0.0, ""rulings"": 0.0, ""text_effects"": 0.93, ""translation"": 0.0, ""usage_meta"": 0.0}","{""agree_count"": 0, ""agreement_level"": ""single_source"", ""card_code"": ""EB03-044"", ""checked_fields"": [""card_name"", ""set_code"", ""set_name"", ""rarity"", ""color"", ""card_type"", ""cost"", ""power"", ""counter"", ""attribute"", ""traits"", ""life"", ""effect_text"", ""trigger_text""], ""conflict_count"": 0, ""source_count"": 0}","[""identity"", ""text_effects"", ""provenance""]",2026-03-16 12:21:59,force_rebuild,force_rebuild,999.0,"{""priority_bucket"": ""critical"", ""priority_factors"": {""base_priority"": 999, ""reason"": ""force_rebuild""}, ""priority_objectives"": [], ""priority_summary"": ""force_rebuild: explicit full refresh request."", ""selection_reasons"": []}",,,,,,,,,,,,[],[],,,[],[],{},,,[],,,,,,,,
167,,,,,,,,2026-03-16 12:21:59,,[],,,0.93,"{""agreement_level"": ""single_source"", ""sections"": {""identity"": 1, ""legality"": 0, ""market"": 0, ""rulings"": 0, ""usage"": 0}, ""source_count"": 0, ""total_sources"": 1}",2026-03-16 12:21:59,,,[],"{""leader_count"": 0, ""meta_relevance_score"": null, ""top_leaders"": [], ""tracked_deck_count"": 0}","{""identity"": 0.93, ""legality"": 0.0, ""market"": 0.0, ""rulings"": 0.0, ""text_effects"": 0.93, ""translation"": 0.0, ""usage_meta"": 0.0}","{""agree_count"": 0, ""agreement_level"": ""single_source"", ""card_code"": ""EB03-045"", ""checked_fields"": [""card_name"", ""set_code"", ""set_name"", ""rarity"", ""color"", ""card_type"", ""cost"", ""power"", ""counter"", ""attribute"", ""traits"", ""life"", ""effect_text"", ""trigger_text""], ""conflict_count"": 0, ""source_count"": 0}","[""identity"", ""text_effects"", ""provenance""]",2026-03-16 12:21:59,force_rebuild,force_rebuild,999.0,"{""priority_bucket"": ""critical"", ""priority_factors"": {""base_priority"": 999, ""reason"": ""force_rebuild""}, ""priority_objectives"": [], ""priority_summary"": ""force_rebuild: explicit full refresh request."", ""selection_reasons"": []}",,,,,,,,,,,,[],[],,,[],[],{},,,[],,,,,,,,
168,,,,,,,,2026-03-16 12:21:59,,[],,,0.93,"{""agreement_level"": ""single_source"", ""sections"": {""identity"": 1, ""legality"": 0, ""market"": 0, ""rulings"": 0, ""usage"": 0}, ""source_count"": 0, ""total_sources"": 1}",2026-03-16 12:21:59,,,[],"{""leader_count"": 0, ""meta_relevance_score"": null, ""top_leaders"": [], ""tracked_deck_count"": 0}","{""identity"": 0.93, ""legality"": 0.0, ""market"": 0.0, ""rulings"": 0.0, ""text_effects"": 0.93, ""translation"": 0.0, ""usage_meta"": 0.0}","{""agree_count"": 0, ""agreement_level"": ""single_source"", ""card_code"": ""EB03-046"", ""checked_fields"": [""card_name"", ""set_code"", ""set_name"", ""rarity"", ""color"", ""card_type"", ""cost"", ""power"", ""counter"", ""attribute"", ""traits"", ""life"", ""effect_text"", ""trigger_text""], ""conflict_count"": 0, ""source_count"": 0}","[""identity"", ""text_effects"", ""provenance""]",2026-03-16 12:21:59,force_rebuild,force_rebuild,999.0,"{""priority_bucket"": ""critical"", ""priority_factors"": {""base_priority"": 999, ""reason"": ""force_rebuild""}, ""priority_objectives"": [], ""priority_summary"": ""force_rebuild: explicit full refresh request."", ""selection_reasons"": []}",,,,,,,,,,,,[],[],,,[],[],{},,,[],,,,,,,,
169,,,,,,,,2026-03-16 12:21:59,,[],,,0.93,"{""agreement_level"": ""single_source"", ""sections"": {""identity"": 1, ""legality"": 0, ""market"": 0, ""rulings"": 0, ""usage"": 0}, ""source_count"": 0, ""total_sources"": 1}",2026-03-16 12:21:59,,,[],"{""leader_count"": 0, ""meta_relevance_score"": null, ""top_leaders"": [], ""tracked_deck_count"": 0}","{""identity"": 0.93, ""legality"": 0.0, ""market"": 0.0, ""rulings"": 0.0, ""text_effects"": 0.93, ""translation"": 0.0, ""usage_meta"": 0.0}","{""agree_count"": 0, ""agreement_level"": ""single_source"", ""card_code"": ""EB03-047"", ""checked_fields"": [""card_name"", ""set_code"", ""set_name"", ""rarity"", ""color"", ""card_type"", ""cost"", ""power"", ""counter"", ""attribute"", ""traits"", ""life"", ""effect_text"", ""trigger_text""], ""conflict_count"": 0, ""source_count"": 0}","[""identity"", ""text_effects"", ""provenance""]",2026-03-16 12:21:59,force_rebuild,force_rebuild,999.0,"{""priority_bucket"": ""critical"", ""priority_factors"": {""base_priority"": 999, ""reason"": ""force_rebuild""}, ""priority_objectives"": [], ""priority_summary"": ""force_rebuild: explicit full refresh request."", ""selection_reasons"": []}",,,,,,,,,,,,[],[],,,[],[],{},,,[],,,,,,,,
170,,,,,,,,2026-03-16 12:21:59,,[],,,0.93,"{""agreement_level"": ""single_source"", ""sections"": {""identity"": 1, ""legality"": 0, ""market"": 0, ""rulings"": 0, ""usage"": 0}, ""source_count"": 0, ""total_sources"": 1}",2026-03-16 12:21:59,,,[],"{""leader_count"": 0, ""meta_relevance_score"": null, ""top_leaders"": [], ""tracked_deck_count"": 0}","{""identity"": 0.93, ""legality"": 0.0, ""market"": 0.0, ""rulings"": 0.0, ""text_effects"": 0.93, ""translation"": 0.0, ""usage_meta"": 0.0}","{""agree_count"": 0, ""agreement_level"": ""single_source"", ""card_code"": ""EB03-048"", ""checked_fields"": [""card_name"", ""set_code"", ""set_name"", ""rarity"", ""color"", ""card_type"", ""cost"", ""power"", ""counter"", ""attribute"", ""traits"", ""life"", ""effect_text"", ""trigger_text""], ""conflict_count"": 0, ""source_count"": 0}","[""identity"", ""text_effects"", ""provenance""]",2026-03-16 12:21:59,force_rebuild,force_rebuild,999.0,"{""priority_bucket"": ""critical"", ""priority_factors"": {""base_priority"": 999, ""reason"": ""force_rebuild""}, ""priority_objectives"": [], ""priority_summary"": ""force_rebuild: explicit full refresh request."", ""selection_reasons"": []}",,,,,,,,,,,,[],[],,,[],[],{},,,[],,,,,,,,
171,,,,,,,,2026-03-16 12:21:59,,[],,,0.93,"{""agreement_level"": ""single_source"", ""sections"": {""identity"": 1, ""legality"": 0, ""market"": 0, ""rulings"": 0, ""usage"": 0}, ""source_count"": 0, ""total_sources"": 1}",2026-03-16 12:21:59,,,[],"{""leader_count"": 0, ""meta_relevance_score"": null, ""top_leaders"": [], ""tracked_deck_count"": 0}","{""identity"": 0.93, ""legality"": 0.0, ""market"": 0.0, ""rulings"": 0.0, ""text_effects"": 0.93, ""translation"": 0.0, ""usage_meta"": 0.0}","{""agree_count"": 0, ""agreement_level"": ""single_source"", ""card_code"": ""EB03-049"", ""checked_fields"": [""card_name"", ""set_code"", ""set_name"", ""rarity"", ""color"", ""card_type"", ""cost"", ""power"", ""counter"", ""attribute"", ""traits"", ""life"", ""effect_text"", ""trigger_text""], ""conflict_count"": 0, ""source_count"": 0}","[""identity"", ""text_effects"", ""provenance""]",2026-03-16 12:21:59,force_rebuild,force_rebuild,999.0,"{""priority_bucket"": ""critical"", ""priority_factors"": {""base_priority"": 999, ""reason"": ""force_rebuild""}, ""priority_objectives"": [], ""priority_summary"": ""force_rebuild: explicit full refresh request."", ""selection_reasons"": []}",,,,,,,,,,,,[],[],,,[],[],{},,,[],,,,,,,,
172,,,,,,,,2026-03-16 12:21:59,,[],,,0.93,"{""agreement_level"": ""single_source"", ""sections"": {""identity"": 1, ""legality"": 0, ""market"": 0, ""rulings"": 0, ""usage"": 0}, ""source_count"": 0, ""total_sources"": 1}",2026-03-16 12:21:59,,,[],"{""leader_count"": 0, ""meta_relevance_score"": null, ""top_leaders"": [], ""tracked_deck_count"": 0}","{""identity"": 0.93, ""legality"": 0.0, ""market"": 0.0, ""rulings"": 0.0, ""text_effects"": 0.93, ""translation"": 0.0, ""usage_meta"": 0.0}","{""agree_count"": 0, ""agreement_level"": ""single_source"", ""card_code"": ""EB03-050"", ""checked_fields"": [""card_name"", ""set_code"", ""set_name"", ""rarity"", ""color"", ""card_type"", ""cost"", ""power"", ""counter"", ""attribute"", ""traits"", ""life"", ""effect_text"", ""trigger_text""], ""conflict_count"": 0, ""source_count"": 0}","[""identity"", ""text_effects"", ""provenance""]",2026-03-16 12:21:59,force_rebuild,force_rebuild,999.0,"{""priority_bucket"": ""critical"", ""priority_factors"": {""base_priority"": 999, ""reason"": ""force_rebuild""}, ""priority_objectives"": [], ""priority_summary"": ""force_rebuild: explicit full refresh request."", ""selection_reasons"": []}",,,,,,,,,,,,[],[],,,[],[],{},,,[],,,,,,,,
173,,,,,,,,2026-03-16 12:21:59,,[],,,0.93,"{""agreement_level"": ""single_source"", ""sections"": {""identity"": 1, ""legality"": 0, ""market"": 0, ""rulings"": 0, ""usage"": 0}, ""source_count"": 0, ""total_sources"": 1}",2026-03-16 12:21:59,,,[],"{""leader_count"": 0, ""meta_relevance_score"": null, ""top_leaders"": [], ""tracked_deck_count"": 0}","{""identity"": 0.93, ""legality"": 0.0, ""market"": 0.0, ""rulings"": 0.0, ""text_effects"": 0.93, ""translation"": 0.0, ""usage_meta"": 0.0}","{""agree_count"": 0, ""agreement_level"": ""single_source"", ""card_code"": ""EB03-051"", ""checked_fields"": [""card_name"", ""set_code"", ""set_name"", ""rarity"", ""color"", ""card_type"", ""cost"", ""power"", ""counter"", ""attribute"", ""traits"", ""life"", ""effect_text"", ""trigger_text""], ""conflict_count"": 0, ""source_count"": 0}","[""identity"", ""text_effects"", ""provenance""]",2026-03-16 12:21:59,force_rebuild,force_rebuild,999.0,"{""priority_bucket"": ""critical"", ""priority_factors"": {""base_priority"": 999, ""reason"": ""force_rebuild""}, ""priority_objectives"": [], ""priority_summary"": ""force_rebuild: explicit full refresh request."", ""selection_reasons"": []}",,,,,,,,,,,,[],[],,,[],[],{},,,[],,,,,,,,
174,,,,,,,,2026-03-16 12:21:59,,[],,,0.93,"{""agreement_level"": ""single_source"", ""sections"": {""identity"": 1, ""legality"": 0, ""market"": 0, ""rulings"": 0, ""usage"": 0}, ""source_count"": 0, ""total_sources"": 1}",2026-03-16 12:21:59,,,[],"{""leader_count"": 0, ""meta_relevance_score"": null, ""top_leaders"": [], ""tracked_deck_count"": 0}","{""identity"": 0.93, ""legality"": 0.0, ""market"": 0.0, ""rulings"": 0.0, ""text_effects"": 0.93, ""translation"": 0.0, ""usage_meta"": 0.0}","{""agree_count"": 0, ""agreement_level"": ""single_source"", ""card_code"": ""EB03-052"", ""checked_fields"": [""card_name"", ""set_code"", ""set_name"", ""rarity"", ""color"", ""card_type"", ""cost"", ""power"", ""counter"", ""attribute"", ""traits"", ""life"", ""effect_text"", ""trigger_text""], ""conflict_count"": 0, ""source_count"": 0}","[""identity"", ""text_effects"", ""provenance""]",2026-03-16 12:21:59,force_rebuild,force_rebuild,999.0,"{""priority_bucket"": ""critical"", ""priority_factors"": {""base_priority"": 999, ""reason"": ""force_rebuild""}, ""priority_objectives"": [], ""priority_summary"": ""force_rebuild: explicit full refresh request."", ""selection_reasons"": []}",,,,,,,,,,,,[],[],,,[],[],{},,,[],,,,,,,,
175,,,,39.47,USD,prices.json,,2026-03-16 12:21:59,,[],,Single stored watch-price point only.,0.74,"{""agreement_level"": ""single_source"", ""sections"": {""identity"": 1, ""legality"": 0, ""market"": 1, ""rulings"": 0, ""usage"": 0}, ""source_count"": 0, ""total_sources"": 2}",2026-03-16 12:21:59,,,[],"{""leader_count"": 0, ""meta_relevance_score"": null, ""top_leaders"": [], ""tracked_deck_count"": 0}","{""identity"": 0.93, ""legality"": 0.0, ""market"": 0.55, ""rulings"": 0.0, ""text_effects"": 0.93, ""translation"": 0.0, ""usage_meta"": 0.0}","{""agree_count"": 0, ""agreement_level"": ""single_source"", ""card_code"": ""EB03-053"", ""checked_fields"": [""card_name"", ""set_code"", ""set_name"", ""rarity"", ""color"", ""card_type"", ""cost"", ""power"", ""counter"", ""attribute"", ""traits"", ""life"", ""effect_text"", ""trigger_text""], ""conflict_count"": 0, ""source_count"": 0}","[""identity"", ""text_effects"", ""market"", ""provenance""]",2026-03-16T18:27:01Z,force_rebuild,force_rebuild,999.0,"{""priority_bucket"": ""critical"", ""priority_factors"": {""base_priority"": 999, ""reason"": ""force_rebuild""}, ""priority_objectives"": [], ""priority_summary"": ""force_rebuild: explicit full refresh request."", ""selection_reasons"": []}",not_ready,Read-only,"Only a sparse watch-price signal is stored, so Miru should keep this as a market observation rather than a publish candidate.",2026-03-19T02:18:31Z,,,,,,,,[],[],,,[],[],{},,,[],,,,,,,,
176,,,,,,,,2026-03-16 12:21:59,,[],,,0.93,"{""agreement_level"": ""single_source"", ""sections"": {""identity"": 1, ""legality"": 0, ""market"": 0, ""rulings"": 0, ""usage"": 0}, ""source_count"": 0, ""total_sources"": 1}",2026-03-16 12:21:59,,,[],"{""leader_count"": 0, ""meta_relevance_score"": null, ""top_leaders"": [], ""tracked_deck_count"": 0}","{""identity"": 0.93, ""legality"": 0.0, ""market"": 0.0, ""rulings"": 0.0, ""text_effects"": 0.93, ""translation"": 0.0, ""usage_meta"": 0.0}","{""agree_count"": 0, ""agreement_level"": ""single_source"", ""card_code"": ""EB03-054"", ""checked_fields"": [""card_name"", ""set_code"", ""set_name"", ""rarity"", ""color"", ""card_type"", ""cost"", ""power"", ""counter"", ""attribute"", ""traits"", ""life"", ""effect_text"", ""trigger_text""], ""conflict_count"": 0, ""source_count"": 0}","[""identity"", ""text_effects"", ""provenance""]",2026-03-16 12:21:59,force_rebuild,force_rebuild,999.0,"{""priority_bucket"": ""critical"", ""priority_factors"": {""base_priority"": 999, ""reason"": ""force_rebuild""}, ""priority_objectives"": [], ""priority_summary"": ""force_rebuild: explicit full refresh request."", ""selection_reasons"": []}",,,,,,,,,,,,[],[],,,[],[],{},,,[],,,,,,,,
177,,,,,,,,2026-03-16 12:21:59,,[],,,0.93,"{""agreement_level"": ""single_source"", ""sections"": {""identity"": 1, ""legality"": 0, ""market"": 0, ""rulings"": 0, ""usage"": 0}, ""source_count"": 0, ""total_sources"": 1}",2026-03-16 12:21:59,,,[],"{""leader_count"": 0, ""meta_relevance_score"": null, ""top_leaders"": [], ""tracked_deck_count"": 0}","{""identity"": 0.93, ""legality"": 0.0, ""market"": 0.0, ""rulings"": 0.0, ""text_effects"": 0.93, ""translation"": 0.0, ""usage_meta"": 0.0}","{""agree_count"": 0, ""agreement_level"": ""single_source"", ""card_code"": ""EB03-055"", ""checked_fields"": [""card_name"", ""set_code"", ""set_name"", ""rarity"", ""color"", ""card_type"", ""cost"", ""power"", ""counter"", ""attribute"", ""traits"", ""life"", ""effect_text"", ""trigger_text""], ""conflict_count"": 0, ""source_count"": 0}","[""identity"", ""text_effects"", ""provenance""]",2026-03-16 12:21:59,force_rebuild,force_rebuild,999.0,"{""priority_bucket"": ""critical"", ""priority_factors"": {""base_priority"": 999, ""reason"": ""force_rebuild""}, ""priority_objectives"": [], ""priority_summary"": ""force_rebuild: explicit full refresh request."", ""selection_reasons"": []}",,,,,,,,,,,,[],[],,,[],[],{},,,[],,,,,,,,
178,,,,,,,,2026-03-16 12:21:59,,[],,,0.93,"{""agreement_level"": ""single_source"", ""sections"": {""identity"": 1, ""legality"": 0, ""market"": 0, ""rulings"": 0, ""usage"": 0}, ""source_count"": 0, ""total_sources"": 1}",2026-03-16 12:21:59,,,[],"{""leader_count"": 0, ""meta_relevance_score"": null, ""top_leaders"": [], ""tracked_deck_count"": 0}","{""identity"": 0.93, ""legality"": 0.0, ""market"": 0.0, ""rulings"": 0.0, ""text_effects"": 0.93, ""translation"": 0.0, ""usage_meta"": 0.0}","{""agree_count"": 0, ""agreement_level"": ""single_source"", ""card_code"": ""EB03-056"", ""checked_fields"": [""card_name"", ""set_code"", ""set_name"", ""rarity"", ""color"", ""card_type"", ""cost"", ""power"", ""counter"", ""attribute"", ""traits"", ""life"", ""effect_text"", ""trigger_text""], ""conflict_count"": 0, ""source_count"": 0}","[""identity"", ""text_effects"", ""provenance""]",2026-03-16 12:21:59,force_rebuild,force_rebuild,999.0,"{""priority_bucket"": ""critical"", ""priority_factors"": {""base_priority"": 999, ""reason"": ""force_rebuild""}, ""priority_objectives"": [], ""priority_summary"": ""force_rebuild: explicit full refresh request."", ""selection_reasons"": []}",,,,,,,,,,,,[],[],,,[],[],{},,,[],,,,,,,,
179,,,,,,,,2026-03-16 12:21:59,,[],,,0.93,"{""agreement_level"": ""single_source"", ""sections"": {""identity"": 1, ""legality"": 0, ""market"": 0, ""rulings"": 0, ""usage"": 0}, ""source_count"": 0, ""total_sources"": 1}",2026-03-16 12:21:59,,,[],"{""leader_count"": 0, ""meta_relevance_score"": null, ""top_leaders"": [], ""tracked_deck_count"": 0}","{""identity"": 0.93, ""legality"": 0.0, ""market"": 0.0, ""rulings"": 0.0, ""text_effects"": 0.93, ""translation"": 0.0, ""usage_meta"": 0.0}","{""agree_count"": 0, ""agreement_level"": ""single_source"", ""card_code"": ""EB03-057"", ""checked_fields"": [""card_name"", ""set_code"", ""set_name"", ""rarity"", ""color"", ""card_type"", ""cost"", ""power"", ""counter"", ""attribute"", ""traits"", ""life"", ""effect_text"", ""trigger_text""], ""conflict_count"": 0, ""source_count"": 0}","[""identity"", ""text_effects"", ""provenance""]",2026-03-16 12:21:59,force_rebuild,force_rebuild,999.0,"{""priority_bucket"": ""critical"", ""priority_factors"": {""base_priority"": 999, ""reason"": ""force_rebuild""}, ""priority_objectives"": [], ""priority_summary"": ""force_rebuild: explicit full refresh request."", ""selection_reasons"": []}",,,,,,,,,,,,[],[],,,[],[],{},,,[],,,,,,,,
180,,,,,,,,2026-03-16 12:21:59,,[],,,0.93,"{""agreement_level"": ""single_source"", ""sections"": {""identity"": 1, ""legality"": 0, ""market"": 0, ""rulings"": 0, ""usage"": 0}, ""source_count"": 0, ""total_sources"": 1}",2026-03-16 12:21:59,,,[],"{""leader_count"": 0, ""meta_relevance_score"": null, ""top_leaders"": [], ""tracked_deck_count"": 0}","{""identity"": 0.93, ""legality"": 0.0, ""market"": 0.0, ""rulings"": 0.0, ""text_effects"": 0.93, ""translation"": 0.0, ""usage_meta"": 0.0}","{""agree_count"": 0, ""agreement_level"": ""single_source"", ""card_code"": ""EB03-058"", ""checked_fields"": [""card_name"", ""set_code"", ""set_name"", ""rarity"", ""color"", ""card_type"", ""cost"", ""power"", ""counter"", ""attribute"", ""traits"", ""life"", ""effect_text"", ""trigger_text""], ""conflict_count"": 0, ""source_count"": 0}","[""identity"", ""text_effects"", ""provenance""]",2026-03-16 12:21:59,force_rebuild,force_rebuild,999.0,"{""priority_bucket"": ""critical"", ""priority_factors"": {""base_priority"": 999, ""reason"": ""force_rebuild""}, ""priority_objectives"": [], ""priority_summary"": ""force_rebuild: explicit full refresh request."", ""selection_reasons"": []}",,,,,,,,,,,,[],[],,,[],[],{},,,[],,,,,,,,
181,,,,,,,,2026-03-16 12:21:59,,[],,,0.93,"{""agreement_level"": ""single_source"", ""sections"": {""identity"": 1, ""legality"": 0, ""market"": 0, ""rulings"": 0, ""usage"": 0}, ""source_count"": 0, ""total_sources"": 1}",2026-03-16 12:21:59,,,[],"{""leader_count"": 0, ""meta_relevance_score"": null, ""top_leaders"": [], ""tracked_deck_count"": 0}","{""identity"": 0.93, ""legality"": 0.0, ""market"": 0.0, ""rulings"": 0.0, ""text_effects"": 0.93, ""translation"": 0.0, ""usage_meta"": 0.0}","{""agree_count"": 0, ""agreement_level"": ""single_source"", ""card_code"": ""EB03-059"", ""checked_fields"": [""card_name"", ""set_code"", ""set_name"", ""rarity"", ""color"", ""card_type"", ""cost"", ""power"", ""counter"", ""attribute"", ""traits"", ""life"", ""effect_text"", ""trigger_text""], ""conflict_count"": 0, ""source_count"": 0}","[""identity"", ""text_effects"", ""provenance""]",2026-03-16 12:21:59,force_rebuild,force_rebuild,999.0,"{""priority_bucket"": ""critical"", ""priority_factors"": {""base_priority"": 999, ""reason"": ""force_rebuild""}, ""priority_objectives"": [], ""priority_summary"": ""force_rebuild: explicit full refresh request."", ""selection_reasons"": []}",,,,,,,,,,,,[],[],,,[],[],{},,,[],,,,,,,,
182,,,,,,,,2026-03-16 12:21:59,,[],,,0.93,"{""agreement_level"": ""single_source"", ""sections"": {""identity"": 1, ""legality"": 0, ""market"": 0, ""rulings"": 0, ""usage"": 0}, ""source_count"": 0, ""total_sources"": 1}",2026-03-16 12:21:59,,,[],"{""leader_count"": 0, ""meta_relevance_score"": null, ""top_leaders"": [], ""tracked_deck_count"": 0}","{""identity"": 0.93, ""legality"": 0.0, ""market"": 0.0, ""rulings"": 0.0, ""text_effects"": 0.93, ""translation"": 0.0, ""usage_meta"": 0.0}","{""agree_count"": 0, ""agreement_level"": ""single_source"", ""card_code"": ""EB03-060"", ""checked_fields"": [""card_name"", ""set_code"", ""set_name"", ""rarity"", ""color"", ""card_type"", ""cost"", ""power"", ""counter"", ""attribute"", ""traits"", ""life"", ""effect_text"", ""trigger_text""], ""conflict_count"": 0, ""source_count"": 0}","[""identity"", ""text_effects"", ""provenance""]",2026-03-16 12:21:59,force_rebuild,force_rebuild,999.0,"{""priority_bucket"": ""critical"", ""priority_factors"": {""base_priority"": 999, ""reason"": ""force_rebuild""}, ""priority_objectives"": [], ""priority_summary"": ""force_rebuild: explicit full refresh request."", ""selection_reasons"": []}",,,,,,,,,,,,[],[],,,[],[],{},,,[],,,,,,,,
183,,,,,,,,2026-03-16 12:21:59,,[],,,0.93,"{""agreement_level"": ""single_source"", ""sections"": {""identity"": 1, ""legality"": 0, ""market"": 0, ""rulings"": 0, ""usage"": 0}, ""source_count"": 0, ""total_sources"": 1}",2026-03-16 12:21:59,,,[],"{""leader_count"": 0, ""meta_relevance_score"": null, ""top_leaders"": [], ""tracked_deck_count"": 0}","{""identity"": 0.93, ""legality"": 0.0, ""market"": 0.0, ""rulings"": 0.0, ""text_effects"": 0.93, ""translation"": 0.0, ""usage_meta"": 0.0}","{""agree_count"": 0, ""agreement_level"": ""single_source"", ""card_code"": ""EB03-061"", ""checked_fields"": [""card_name"", ""set_code"", ""set_name"", ""rarity"", ""color"", ""card_type"", ""cost"", ""power"", ""counter"", ""attribute"", ""traits"", ""life"", ""effect_text"", ""trigger_text""], ""conflict_count"": 0, ""source_count"": 0}","[""identity"", ""text_effects"", ""provenance""]",2026-03-16 12:21:59,force_rebuild,force_rebuild,999.0,"{""priority_bucket"": ""critical"", ""priority_factors"": {""base_priority"": 999, ""reason"": ""force_rebuild""}, ""priority_objectives"": [], ""priority_summary"": ""force_rebuild: explicit full refresh request."", ""selection_reasons"": []}",,,,,,,,,,,,[],[],,,[],[],{},,,[],,,,,,,,
184,,,,22.52,USD,prices.json,,2026-03-16 12:21:59,,[],,Single stored watch-price point only.,0.74,"{""agreement_level"": ""single_source"", ""sections"": {""identity"": 1, ""legality"": 0, ""market"": 1, ""rulings"": 0, ""usage"": 0}, ""source_count"": 0, ""total_sources"": 2}",2026-03-16 12:21:59,,,[],"{""leader_count"": 0, ""meta_relevance_score"": null, ""top_leaders"": [], ""tracked_deck_count"": 0}","{""identity"": 0.93, ""legality"": 0.0, ""market"": 0.55, ""rulings"": 0.0, ""text_effects"": 0.93, ""translation"": 0.0, ""usage_meta"": 0.0}","{""agree_count"": 0, ""agreement_level"": ""single_source"", ""card_code"": ""EB03-062"", ""checked_fields"": [""card_name"", ""set_code"", ""set_name"", ""rarity"", ""color"", ""card_type"", ""cost"", ""power"", ""counter"", ""attribute"", ""traits"", ""life"", ""effect_text"", ""trigger_text""], ""conflict_count"": 0, ""source_count"": 0}","[""identity"", ""text_effects"", ""market"", ""provenance""]",2026-03-16T18:27:01Z,publish_eligible_allowlist,publish_eligible_allowlist,800.0,"{""priority_bucket"": ""high"", ""priority_factors"": {""base_priority"": 800, ""reason"": ""publish_eligible_allowlist""}, ""priority_objectives"": [], ""priority_summary"": ""Bounded allowlist sync: explicit card codes only (operator-safe publication path)."", ""selection_reasons"": []}",not_ready,Read-only,"Only a sparse watch-price signal is stored, so Miru should keep this as a market observation rather than a publish candidate.",2026-03-25T04:33:40Z,approved_for_candidate,review_approved_candidate,"A human review approval is stored, so this item is prepared for a future publish candidate step.",2026-03-25T22:59:23Z,35.282,blocked,weak_partial,"[""Confidence is strong at 0.95."", ""2 stored source references support the dossier."", ""A strict dossier-backed insight is available.""]","[""Readiness is still watch-only, so this is not a publish-ready candidate yet."", ""Source agreement is only single_source."", ""Only a narrow slice of the dossier is populated."", ""Market evidence is still just a single watch-price point.""]",2026-03-25T04:33:40Z,publish_deferred,"[""The candidate is still deferred or watch-only for future publication."", ""Confidence clears the publish gate at 0.95."", ""2 stored sources support the payload contract.""]","[""Current readiness is still not_ready."", ""Source agreement remains single_source."", ""Readiness is still watch-only, so this is not a publish-ready candidate yet."", ""Source agreement is only single_source."", ""Only a narrow slice of the dossier is populated.""]","{""approval_state"": """", ""card_id"": ""EB03-062"", ""confidence_indicators"": {""agreement_level"": ""single_source"", ""confidence_level"": ""high"", ""last_verified_at"": ""2026-03-16 12:21:59"", ""score"": 0.95, ""source_count"": 2}, ""flags"": {""confidence_level"": ""high"", ""legality_sensitive"": false, ""review_required"": false}, ""insight_summary"": ""This is the card that really pushed Rosinante into a different tier. It comes in swinging with Rush, and then you can activate its effect to trash it, add a Life card back, and drop another Law from your hand. So one card becomes an attack, some Life recovery, and a fresh threat. Once you see it go off for the first time it makes total sense."", ""name"": ""Trafalgar Law"", ""promotion_state"": ""blocked_from_promotion"", ""publish_status"": ""publish_deferred"", ""score"": 35.282, ""score_band"": ""blocked"", ""source_attribution"": {""agreement_level"": ""single_source"", ""source_count"": 2, ""source_summary"": ""{'total_sources': 2, 'agreement_level': 'single_source', 'source_count': 0, 'sections': {'identity': 1, 'rulings': 0, 'legality': 0, 'usage': 0, 'market': 1}}""}, ""supporting_sections"": [""market""]}",2026-03-25T04:33:40Z,,[],,,,,,,,
185,,,,,,,,2026-03-22 01:13:10,,[],,,0.95,"{""agreement_level"": ""single_source"", ""sections"": {""identity"": 2, ""legality"": 0, ""market"": 0, ""rulings"": 0, ""usage"": 0}, ""source_count"": 1, ""total_sources"": 2}",2026-03-22 01:13:10,,,[],"{""leader_count"": 0, ""meta_relevance_score"": null, ""top_leaders"": [], ""tracked_deck_count"": 0}","{""identity"": 0.95, ""legality"": 0.0, ""market"": 0.0, ""rulings"": 0.0, ""text_effects"": 0.95, ""translation"": 0.0, ""usage_meta"": 0.0}","{""agree_count"": 0, ""agreement_level"": ""single_source"", ""card_code"": ""EB04-001"", ""checked_fields"": [""card_name"", ""set_code"", ""set_name"", ""rarity"", ""color"", ""card_type"", ""cost"", ""power"", ""counter"", ""attribute"", ""traits"", ""life"", ""effect_text"", ""trigger_text""], ""conflict_count"": 0, ""source_count"": 1}","[""identity"", ""text_effects"", ""provenance""]",2026-03-22 01:13:10,leader_staple_meta_followup,incremental,465.55,"{""priority_bucket"": ""high"", ""priority_factors"": {""agreement_level"": ""single_source"", ""available_sections"": [""identity"", ""text_effects""], ""base_priority"": 340, ""candidate_sections"": [""identity""], ""canonical_confidence"": 0.93, ""gap_class"": ""missing_usage_meta"", ""is_leader"": true, ""leader_significance"": true, ""legality_sensitive"": false, ""missing_sections"": [], ""priority_objectives"": [""usage_meta_fill"", ""leader_profile_expand"", ""source_depth_fill"", ""stale_refresh""], ""publication_proximity"": false, ""reason"": ""leader_staple_meta_followup"", ""source_count"": 1, ""stale_promising"": true, ""thin_source_support"": true}, ""priority_objectives"": [""usage_meta_fill"", ""leader_profile_expand"", ""source_depth_fill"", ""stale_refresh""], ""priority_summary"": ""leader_staple_meta_followup: confidence=0.93, sources=1, gap=missing_usage_meta, leader-significant, thin-source-support"", ""selection_reasons"": [""gap=missing_usage_meta"", ""leader-significant"", ""thin-source-support"", ""stale-but-promising""]}",blocked_by_guardrail,Blocked,The card does not yet have enough dossier-backed sections for a safe publish-oriented recommendation.,2026-03-20T04:11:52Z,,blocked_from_promotion,Current readiness guardrails block this item from future promotion.,2026-03-20T04:11:52Z,0.0,blocked,blocked,"[""Confidence is strong at 0.93.""]","[""Current readiness guardrails still block this candidate."", ""Source agreement is only single_source."", ""Only a narrow slice of the dossier is populated."", ""Strict insight output still falls back to insufficient data.""]",2026-03-20T04:11:52Z,publish_blocked,"[""The final publish gate is blocked by current guardrails or weak evidence."", ""Confidence clears the publish gate at 0.93.""]","[""Source agreement remains single_source."", ""Source support is still thin for a final release gate."", ""Current readiness guardrails still block this candidate."", ""Source agreement is only single_source."", ""Only a narrow slice of the dossier is populated.""]","{""approval_state"": """", ""card_id"": ""EB04-001"", ""confidence_indicators"": {""agreement_level"": ""single_source"", ""confidence_level"": ""high"", ""last_verified_at"": ""2026-03-16 03:42:49"", ""score"": 0.93, ""source_count"": 1}, ""flags"": {""confidence_level"": ""high"", ""legality_sensitive"": false, ""review_required"": false}, ""insight_summary"": ""Not enough verified data yet."", ""name"": ""Jewelry Bonney"", ""promotion_state"": ""blocked_from_promotion"", ""publish_status"": ""publish_blocked"", ""score"": 0.0, ""score_band"": ""blocked"", ""source_attribution"": {""agreement_level"": ""single_source"", ""source_count"": 1, ""source_summary"": ""{'total_sources': 2, 'agreement_level': 'single_source', 'source_count': 1, 'sections': {'identity': 2, 'rulings': 0, 'legality': 0, 'usage': 0, 'market': 0}}""}, ""supporting_sections"": []}",2026-03-20T04:11:52Z,missing_usage_meta,"[""thin_source_support"", ""missing_usage_meta"", ""ready_for_revalidation""]",100.0,high_value,"missing usage meta: leader card, sources=1, objectives=usage_meta_fill,leader_profile_expand,source_depth_fill",recheck_soon,Usage and meta coverage would materially improve this high-value card.,182.0,critical,2026-03-20T04:11:52Z
186,,,,,,,,2026-03-22 01:13:10,,[],,,0.95,"{""agreement_level"": ""single_source"", ""sections"": {""identity"": 2, ""legality"": 0, ""market"": 0, ""rulings"": 0, ""usage"": 0}, ""source_count"": 1, ""total_sources"": 2}",2026-03-22 01:13:10,,,[],"{""leader_count"": 0, ""meta_relevance_score"": null, ""top_leaders"": [], ""tracked_deck_count"": 0}","{""identity"": 0.95, ""legality"": 0.0, ""market"": 0.0, ""rulings"": 0.0, ""text_effects"": 0.95, ""translation"": 0.0, ""usage_meta"": 0.0}","{""agree_count"": 0, ""agreement_level"": ""single_source"", ""card_code"": ""EB04-002"", ""checked_fields"": [""card_name"", ""set_code"", ""set_name"", ""rarity"", ""color"", ""card_type"", ""cost"", ""power"", ""counter"", ""attribute"", ""traits"", ""life"", ""effect_text"", ""trigger_text""], ""conflict_count"": 0, ""source_count"": 1}","[""identity"", ""text_effects"", ""provenance""]",2026-03-22 01:13:10,force_rebuild,force_rebuild,999.0,"{""priority_bucket"": ""critical"", ""priority_factors"": {""base_priority"": 999, ""reason"": ""force_rebuild""}, ""priority_objectives"": [], ""priority_summary"": ""force_rebuild: explicit full refresh request."", ""selection_reasons"": []}",,,,,,,,,,,,[],[],,,[],[],{},,,[],,,,,,,,
187,,,,,,,,2026-03-22 01:13:10,,[],,,0.95,"{""agreement_level"": ""single_source"", ""sections"": {""identity"": 2, ""legality"": 0, ""market"": 0, ""rulings"": 0, ""usage"": 0}, ""source_count"": 1, ""total_sources"": 2}",2026-03-22 01:13:10,,,[],"{""leader_count"": 0, ""meta_relevance_score"": null, ""top_leaders"": [], ""tracked_deck_count"": 0}","{""identity"": 0.95, ""legality"": 0.0, ""market"": 0.0, ""rulings"": 0.0, ""text_effects"": 0.95, ""translation"": 0.0, ""usage_meta"": 0.0}","{""agree_count"": 0, ""agreement_level"": ""single_source"", ""card_code"": ""EB04-003"", ""checked_fields"": [""card_name"", ""set_code"", ""set_name"", ""rarity"", ""color"", ""card_type"", ""cost"", ""power"", ""counter"", ""attribute"", ""traits"", ""life"", ""effect_text"", ""trigger_text""], ""conflict_count"": 0, ""source_count"": 1}","[""identity"", ""text_effects"", ""provenance""]",2026-03-22 01:13:10,force_rebuild,force_rebuild,999.0,"{""priority_bucket"": ""critical"", ""priority_factors"": {""base_priority"": 999, ""reason"": ""force_rebuild""}, ""priority_objectives"": [], ""priority_summary"": ""force_rebuild: explicit full refresh request."", ""selection_reasons"": []}",,,,,,,,,,,,[],[],,,[],[],{},,,[],,,,,,,,
188,,,,,,,,2026-03-22 01:13:10,,[],,,0.95,"{""agreement_level"": ""single_source"", ""sections"": {""identity"": 2, ""legality"": 0, ""market"": 0, ""rulings"": 0, ""usage"": 0}, ""source_count"": 1, ""total_sources"": 2}",2026-03-22 01:13:10,,,[],"{""leader_count"": 0, ""meta_relevance_score"": null, ""top_leaders"": [], ""tracked_deck_count"": 0}","{""identity"": 0.95, ""legality"": 0.0, ""market"": 0.0, ""rulings"": 0.0, ""text_effects"": 0.95, ""translation"": 0.0, ""usage_meta"": 0.0}","{""agree_count"": 0, ""agreement_level"": ""single_source"", ""card_code"": ""EB04-004"", ""checked_fields"": [""card_name"", ""set_code"", ""set_name"", ""rarity"", ""color"", ""card_type"", ""cost"", ""power"", ""counter"", ""attribute"", ""traits"", ""life"", ""effect_text"", ""trigger_text""], ""conflict_count"": 0, ""source_count"": 1}","[""identity"", ""text_effects"", ""provenance""]",2026-03-22 01:13:10,force_rebuild,force_rebuild,999.0,"{""priority_bucket"": ""critical"", ""priority_factors"": {""base_priority"": 999, ""reason"": ""force_rebuild""}, ""priority_objectives"": [], ""priority_summary"": ""force_rebuild: explicit full refresh request."", ""selection_reasons"": []}",,,,,,,,,,,,[],[],,,[],[],{},,,[],,,,,,,,
189,,,,,,,,2026-03-22 01:13:10,,[],,,0.95,"{""agreement_level"": ""single_source"", ""sections"": {""identity"": 2, ""legality"": 0, ""market"": 0, ""rulings"": 0, ""usage"": 0}, ""source_count"": 1, ""total_sources"": 2}",2026-03-22 01:13:10,,,[],"{""leader_count"": 0, ""meta_relevance_score"": null, ""top_leaders"": [], ""tracked_deck_count"": 0}","{""identity"": 0.95, ""legality"": 0.0, ""market"": 0.0, ""rulings"": 0.0, ""text_effects"": 0.95, ""translation"": 0.0, ""usage_meta"": 0.0}","{""agree_count"": 0, ""agreement_level"": ""single_source"", ""card_code"": ""EB04-005"", ""checked_fields"": [""card_name"", ""set_code"", ""set_name"", ""rarity"", ""color"", ""card_type"", ""cost"", ""power"", ""counter"", ""attribute"", ""traits"", ""life"", ""effect_text"", ""trigger_text""], ""conflict_count"": 0, ""source_count"": 1}","[""identity"", ""text_effects"", ""provenance""]",2026-03-22 01:13:10,force_rebuild,force_rebuild,999.0,"{""priority_bucket"": ""critical"", ""priority_factors"": {""base_priority"": 999, ""reason"": ""force_rebuild""}, ""priority_objectives"": [], ""priority_summary"": ""force_rebuild: explicit full refresh request."", ""selection_reasons"": []}",,,,,,,,,,,,[],[],,,[],[],{},,,[],,,,,,,,
190,,,,,,,,2026-03-22 01:13:10,,[],,,0.95,"{""agreement_level"": ""single_source"", ""sections"": {""identity"": 2, ""legality"": 0, ""market"": 0, ""rulings"": 0, ""usage"": 0}, ""source_count"": 1, ""total_sources"": 2}",2026-03-22 01:13:10,,,[],"{""leader_count"": 0, ""meta_relevance_score"": null, ""top_leaders"": [], ""tracked_deck_count"": 0}","{""identity"": 0.95, ""legality"": 0.0, ""market"": 0.0, ""rulings"": 0.0, ""text_effects"": 0.95, ""translation"": 0.0, ""usage_meta"": 0.0}","{""agree_count"": 0, ""agreement_level"": ""single_source"", ""card_code"": ""EB04-006"", ""checked_fields"": [""card_name"", ""set_code"", ""set_name"", ""rarity"", ""color"", ""card_type"", ""cost"", ""power"", ""counter"", ""attribute"", ""traits"", ""life"", ""effect_text"", ""trigger_text""], ""conflict_count"": 0, ""source_count"": 1}","[""identity"", ""text_effects"", ""provenance""]",2026-03-22 01:13:10,force_rebuild,force_rebuild,999.0,"{""priority_bucket"": ""critical"", ""priority_factors"": {""base_priority"": 999, ""reason"": ""force_rebuild""}, ""priority_objectives"": [], ""priority_summary"": ""force_rebuild: explicit full refresh request."", ""selection_reasons"": []}",,,,,,,,,,,,[],[],,,[],[],{},,,[],,,,,,,,
191,,,,,,,,2026-03-22 01:13:10,,[],,,0.95,"{""agreement_level"": ""single_source"", ""sections"": {""identity"": 2, ""legality"": 0, ""market"": 0, ""rulings"": 0, ""usage"": 0}, ""source_count"": 1, ""total_sources"": 2}",2026-03-22 01:13:10,,,[],"{""leader_count"": 0, ""meta_relevance_score"": null, ""top_leaders"": [], ""tracked_deck_count"": 0}","{""identity"": 0.95, ""legality"": 0.0, ""market"": 0.0, ""rulings"": 0.0, ""text_effects"": 0.95, ""translation"": 0.0, ""usage_meta"": 0.0}","{""agree_count"": 0, ""agreement_level"": ""single_source"", ""card_code"": ""EB04-007"", ""checked_fields"": [""card_name"", ""set_code"", ""set_name"", ""rarity"", ""color"", ""card_type"", ""cost"", ""power"", ""counter"", ""attribute"", ""traits"", ""life"", ""effect_text"", ""trigger_text""], ""conflict_count"": 0, ""source_count"": 1}","[""identity"", ""text_effects"", ""provenance""]",2026-03-22 01:13:10,force_rebuild,force_rebuild,999.0,"{""priority_bucket"": ""critical"", ""priority_factors"": {""base_priority"": 999, ""reason"": ""force_rebuild""}, ""priority_objectives"": [], ""priority_summary"": ""force_rebuild: explicit full refresh request."", ""selection_reasons"": []}",,,,,,,,,,,,[],[],,,[],[],{},,,[],,,,,,,,
192,,,,,,,,2026-03-22 01:13:10,,[],,,0.95,"{""agreement_level"": ""single_source"", ""sections"": {""identity"": 2, ""legality"": 0, ""market"": 0, ""rulings"": 0, ""usage"": 0}, ""source_count"": 1, ""total_sources"": 2}",2026-03-22 01:13:10,,,[],"{""leader_count"": 0, ""meta_relevance_score"": null, ""top_leaders"": [], ""tracked_deck_count"": 0}","{""identity"": 0.95, ""legality"": 0.0, ""market"": 0.0, ""rulings"": 0.0, ""text_effects"": 0.95, ""translation"": 0.0, ""usage_meta"": 0.0}","{""agree_count"": 0, ""agreement_level"": ""single_source"", ""card_code"": ""EB04-008"", ""checked_fields"": [""card_name"", ""set_code"", ""set_name"", ""rarity"", ""color"", ""card_type"", ""cost"", ""power"", ""counter"", ""attribute"", ""traits"", ""life"", ""effect_text"", ""trigger_text""], ""conflict_count"": 0, ""source_count"": 1}","[""identity"", ""text_effects"", ""provenance""]",2026-03-22 01:13:10,force_rebuild,force_rebuild,999.0,"{""priority_bucket"": ""critical"", ""priority_factors"": {""base_priority"": 999, ""reason"": ""force_rebuild""}, ""priority_objectives"": [], ""priority_summary"": ""force_rebuild: explicit full refresh request."", ""selection_reasons"": []}",,,,,,,,,,,,[],[],,,[],[],{},,,[],,,,,,,,
193,,,,,,,,2026-03-22 01:13:10,,[],,,0.95,"{""agreement_level"": ""single_source"", ""sections"": {""identity"": 2, ""legality"": 0, ""market"": 0, ""rulings"": 0, ""usage"": 0}, ""source_count"": 1, ""total_sources"": 2}",2026-03-22 01:13:10,,,[],"{""leader_count"": 0, ""meta_relevance_score"": null, ""top_leaders"": [], ""tracked_deck_count"": 0}","{""identity"": 0.95, ""legality"": 0.0, ""market"": 0.0, ""rulings"": 0.0, ""text_effects"": 0.95, ""translation"": 0.0, ""usage_meta"": 0.0}","{""agree_count"": 0, ""agreement_level"": ""single_source"", ""card_code"": ""EB04-009"", ""checked_fields"": [""card_name"", ""set_code"", ""set_name"", ""rarity"", ""color"", ""card_type"", ""cost"", ""power"", ""counter"", ""attribute"", ""traits"", ""life"", ""effect_text"", ""trigger_text""], ""conflict_count"": 0, ""source_count"": 1}","[""identity"", ""text_effects"", ""provenance""]",2026-03-22 01:13:10,force_rebuild,force_rebuild,999.0,"{""priority_bucket"": ""critical"", ""priority_factors"": {""base_priority"": 999, ""reason"": ""force_rebuild""}, ""priority_objectives"": [], ""priority_summary"": ""force_rebuild: explicit full refresh request."", ""selection_reasons"": []}",,,,,,,,,,,,[],[],,,[],[],{},,,[],,,,,,,,
194,,,,,,,,2026-03-22 01:13:10,,[],,,0.95,"{""agreement_level"": ""single_source"", ""sections"": {""identity"": 2, ""legality"": 0, ""market"": 0, ""rulings"": 0, ""usage"": 0}, ""source_count"": 1, ""total_sources"": 2}",2026-03-22 01:13:10,,,[],"{""leader_count"": 0, ""meta_relevance_score"": null, ""top_leaders"": [], ""tracked_deck_count"": 0}","{""identity"": 0.95, ""legality"": 0.0, ""market"": 0.0, ""rulings"": 0.0, ""text_effects"": 0.95, ""translation"": 0.0, ""usage_meta"": 0.0}","{""agree_count"": 0, ""agreement_level"": ""single_source"", ""card_code"": ""EB04-010"", ""checked_fields"": [""card_name"", ""set_code"", ""set_name"", ""rarity"", ""color"", ""card_type"", ""cost"", ""power"", ""counter"", ""attribute"", ""traits"", ""life"", ""effect_text"", ""trigger_text""], ""conflict_count"": 0, ""source_count"": 1}","[""identity"", ""text_effects"", ""provenance""]",2026-03-22 01:13:10,force_rebuild,force_rebuild,999.0,"{""priority_bucket"": ""critical"", ""priority_factors"": {""base_priority"": 999, ""reason"": ""force_rebuild""}, ""priority_objectives"": [], ""priority_summary"": ""force_rebuild: explicit full refresh request."", ""selection_reasons"": []}",,,,,,,,,,,,[],[],,,[],[],{},,,[],,,,,,,,
195,,,,,,,,2026-03-22 01:13:10,,[],,,0.95,"{""agreement_level"": ""single_source"", ""sections"": {""identity"": 2, ""legality"": 0, ""market"": 0, ""rulings"": 0, ""usage"": 0}, ""source_count"": 1, ""total_sources"": 2}",2026-03-22 01:13:10,,,[],"{""leader_count"": 0, ""meta_relevance_score"": null, ""top_leaders"": [], ""tracked_deck_count"": 0}","{""identity"": 0.95, ""legality"": 0.0, ""market"": 0.0, ""rulings"": 0.0, ""text_effects"": 0.95, ""translation"": 0.0, ""usage_meta"": 0.0}","{""agree_count"": 0, ""agreement_level"": ""single_source"", ""card_code"": ""EB04-011"", ""checked_fields"": [""card_name"", ""set_code"", ""set_name"", ""rarity"", ""color"", ""card_type"", ""cost"", ""power"", ""counter"", ""attribute"", ""traits"", ""life"", ""effect_text"", ""trigger_text""], ""conflict_count"": 0, ""source_count"": 1}","[""identity"", ""text_effects"", ""provenance""]",2026-03-22 01:13:10,force_rebuild,force_rebuild,999.0,"{""priority_bucket"": ""critical"", ""priority_factors"": {""base_priority"": 999, ""reason"": ""force_rebuild""}, ""priority_objectives"": [], ""priority_summary"": ""force_rebuild: explicit full refresh request."", ""selection_reasons"": []}",,,,,,,,,,,,[],[],,,[],[],{},,,[],,,,,,,,
196,,,,,,,,2026-03-22 01:13:10,,[],,,0.95,"{""agreement_level"": ""single_source"", ""sections"": {""identity"": 2, ""legality"": 0, ""market"": 0, ""rulings"": 0, ""usage"": 0}, ""source_count"": 1, ""total_sources"": 2}",2026-03-22 01:13:10,,,[],"{""leader_count"": 0, ""meta_relevance_score"": null, ""top_leaders"": [], ""tracked_deck_count"": 0}","{""identity"": 0.95, ""legality"": 0.0, ""market"": 0.0, ""rulings"": 0.0, ""text_effects"": 0.95, ""translation"": 0.0, ""usage_meta"": 0.0}","{""agree_count"": 0, ""agreement_level"": ""single_source"", ""card_code"": ""EB04-012"", ""checked_fields"": [""card_name"", ""set_code"", ""set_name"", ""rarity"", ""color"", ""card_type"", ""cost"", ""power"", ""counter"", ""attribute"", ""traits"", ""life"", ""effect_text"", ""trigger_text""], ""conflict_count"": 0, ""source_count"": 1}","[""identity"", ""text_effects"", ""provenance""]",2026-03-22 01:13:10,force_rebuild,force_rebuild,999.0,"{""priority_bucket"": ""critical"", ""priority_factors"": {""base_priority"": 999, ""reason"": ""force_rebuild""}, ""priority_objectives"": [], ""priority_summary"": ""force_rebuild: explicit full refresh request."", ""selection_reasons"": []}",,,,,,,,,,,,[],[],,,[],[],{},,,[],,,,,,,,
197,,,,,,,,2026-03-22 01:43:51,,[],,,0.95,"{""agreement_level"": ""single_source"", ""sections"": {""identity"": 2, ""legality"": 0, ""market"": 0, ""rulings"": 0, ""usage"": 0}, ""source_count"": 1, ""total_sources"": 2}",2026-03-22 01:43:51,,,[],"{""leader_count"": 0, ""meta_relevance_score"": null, ""top_leaders"": [], ""tracked_deck_count"": 0}","{""identity"": 0.95, ""legality"": 0.0, ""market"": 0.0, ""rulings"": 0.0, ""text_effects"": 0.95, ""translation"": 0.0, ""usage_meta"": 0.0}","{""agree_count"": 0, ""agreement_level"": ""single_source"", ""card_code"": ""EB04-013"", ""checked_fields"": [""card_name"", ""set_code"", ""set_name"", ""rarity"", ""color"", ""card_type"", ""cost"", ""power"", ""counter"", ""attribute"", ""traits"", ""life"", ""effect_text"", ""trigger_text""], ""conflict_count"": 0, ""source_count"": 1}","[""identity"", ""text_effects"", ""provenance""]",2026-03-22 01:43:51,force_rebuild,force_rebuild,999.0,"{""priority_bucket"": ""critical"", ""priority_factors"": {""base_priority"": 999, ""reason"": ""force_rebuild""}, ""priority_objectives"": [], ""priority_summary"": ""force_rebuild: explicit full refresh request."", ""selection_reasons"": []}",,,,,,,,,,,,[],[],,,[],[],{},,,[],,,,,,,,
198,,,,,,,,2026-03-20 06:12:24,,[],,,0.95,"{""agreement_level"": ""single_source"", ""sections"": {""identity"": 2, ""legality"": 0, ""market"": 0, ""rulings"": 0, ""usage"": 0}, ""source_count"": 1, ""total_sources"": 2}",2026-03-20 06:12:24,,,[],"{""leader_count"": 0, ""meta_relevance_score"": null, ""top_leaders"": [], ""tracked_deck_count"": 0}","{""identity"": 0.95, ""legality"": 0.0, ""market"": 0.0, ""rulings"": 0.0, ""text_effects"": 0.95, ""translation"": 0.0, ""usage_meta"": 0.0}","{""agree_count"": 0, ""agreement_level"": ""single_source"", ""card_code"": ""EB04-014"", ""checked_fields"": [""card_name"", ""set_code"", ""set_name"", ""rarity"", ""color"", ""card_type"", ""cost"", ""power"", ""counter"", ""attribute"", ""traits"", ""life"", ""effect_text"", ""trigger_text""], ""conflict_count"": 0, ""source_count"": 1}","[""identity"", ""text_effects"", ""provenance""]",2026-03-20 06:12:24,force_rebuild,force_rebuild,999.0,"{""priority_bucket"": ""critical"", ""priority_factors"": {""base_priority"": 999, ""reason"": ""force_rebuild""}, ""priority_objectives"": [], ""priority_summary"": ""force_rebuild: explicit full refresh request."", ""selection_reasons"": []}",,,,,,,,,,,,[],[],,,[],[],{},,,[],,,,,,,,
199,,,,,,,,2026-03-20 06:12:24,,[],,,0.95,"{""agreement_level"": ""single_source"", ""sections"": {""identity"": 2, ""legality"": 0, ""market"": 0, ""rulings"": 0, ""usage"": 0}, ""source_count"": 1, ""total_sources"": 2}",2026-03-20 06:12:24,,,[],"{""leader_count"": 0, ""meta_relevance_score"": null, ""top_leaders"": [], ""tracked_deck_count"": 0}","{""identity"": 0.95, ""legality"": 0.0, ""market"": 0.0, ""rulings"": 0.0, ""text_effects"": 0.95, ""translation"": 0.0, ""usage_meta"": 0.0}","{""agree_count"": 0, ""agreement_level"": ""single_source"", ""card_code"": ""EB04-015"", ""checked_fields"": [""card_name"", ""set_code"", ""set_name"", ""rarity"", ""color"", ""card_type"", ""cost"", ""power"", ""counter"", ""attribute"", ""traits"", ""life"", ""effect_text"", ""trigger_text""], ""conflict_count"": 0, ""source_count"": 1}","[""identity"", ""text_effects"", ""provenance""]",2026-03-20 06:12:24,force_rebuild,force_rebuild,999.0,"{""priority_bucket"": ""critical"", ""priority_factors"": {""base_priority"": 999, ""reason"": ""force_rebuild""}, ""priority_objectives"": [], ""priority_summary"": ""force_rebuild: explicit full refresh request."", ""selection_reasons"": []}",,,,,,,,,,,,[],[],,,[],[],{},,,[],,,,,,,,
200,,,,,,,,2026-03-20 06:12:24,,[],,,0.95,"{""agreement_level"": ""single_source"", ""sections"": {""identity"": 2, ""legality"": 0, ""market"": 0, ""rulings"": 0, ""usage"": 0}, ""source_count"": 1, ""total_sources"": 2}",2026-03-20 06:12:24,,,[],"{""leader_count"": 0, ""meta_relevance_score"": null, ""top_leaders"": [], ""tracked_deck_count"": 0}","{""identity"": 0.95, ""legality"": 0.0, ""market"": 0.0, ""rulings"": 0.0, ""text_effects"": 0.95, ""translation"": 0.0, ""usage_meta"": 0.0}","{""agree_count"": 0, ""agreement_level"": ""single_source"", ""card_code"": ""EB04-016"", ""checked_fields"": [""card_name"", ""set_code"", ""set_name"", ""rarity"", ""color"", ""card_type"", ""cost"", ""power"", ""counter"", ""attribute"", ""traits"", ""life"", ""effect_text"", ""trigger_text""], ""conflict_count"": 0, ""source_count"": 1}","[""identity"", ""text_effects"", ""provenance""]",2026-03-20 06:12:24,force_rebuild,force_rebuild,999.0,"{""priority_bucket"": ""critical"", ""priority_factors"": {""base_priority"": 999, ""reason"": ""force_rebuild""}, ""priority_objectives"": [], ""priority_summary"": ""force_rebuild: explicit full refresh request."", ""selection_reasons"": []}",,,,,,,,,,,,[],[],,,[],[],{},,,[],,,,,,,,
