canonical_code,variant_key,variant_label,print_id,release_set_name,image_path,is_base,is_sp,is_tr,is_alt,is_manga_rare,is_golden_manga_rare,is_illustration_rare
EB01-001,base,Base,EB01-001,Memorial Collection,,1,0,0,0,0,0,0
EB01-001,parallel 1,Parallel 1,EB01-001_p1,Memorial Collection,,0,0,0,0,0,0,0
EB01-001,parallel 2,Parallel 2,EB01-001_p2,Anime 25th Collection,EB01/parallel/EB01-001_p2.png,0,0,0,0,0,0,0
EB01-003,base,Base,EB01-003,Memorial Collection,EB01/sp/EB01-003_sp.png,1,1,0,0,0,0,0
EB01-003,parallel 1,Parallel 1,EB01-003_p1,Memorial Collection,EB01/parallel/EB01-003_p1.png,0,1,0,0,0,0,0
EB01-003,parallel 2,Parallel 2,EB01-003_p2,Promotion Card,EB01/parallel/EB01-003_p2.png,0,1,0,0,0,0,0
EB01-003,parallel 3,Parallel 3,EB01-003_p3,Promotion Card,EB01/parallel/EB01-003_p3.png,0,1,0,0,0,0,0
EB01-003,parallel 4,Parallel 4,EB01-003_p4,Promotion Card,EB01/parallel/EB01-003_p4.png,0,1,0,0,0,0,0
EB01-003,parallel 5,Parallel 5,EB01-003_p5,The Azure Sea’s Seven,EB01/parallel/EB01-003_p5.png,0,1,0,0,0,0,0
EB01-006,base,Base,EB01-006,Memorial Collection,,1,0,0,0,0,0,0
EB01-006,parallel 1,Parallel 1,EB01-006_p1,Memorial Collection,EB01/parallel/EB01-006_p1.png,0,0,0,0,0,0,0
EB01-006,parallel 2,Parallel 2,EB01-006_p2,Memorial Collection,EB01/parallel/EB01-006_p2.png,0,0,0,0,0,0,0
EB01-006,parallel 3,Parallel 3,EB01-006_p3,Promotion Card,EB01/parallel/EB01-006_p3.png,0,0,0,0,0,0,0
EB01-006,r1,R1,EB01-006_r1,One Piece Card The Best,EB01/base/EB01-006_r1.png,0,0,0,0,0,0,0
EB01-007,base,Base,EB01-007,Memorial Collection,,1,0,0,0,0,0,0
EB01-007,parallel 1,Parallel 1,EB01-007_p1,Other Product Card,EB01/parallel/EB01-007_p1.png,0,0,0,0,0,0,0
EB01-009,base,Base,EB01-009,Memorial Collection,,1,0,0,0,0,0,0
EB01-009,parallel 1,Parallel 1,EB01-009_p1,One Piece Card The Best Vol.2,EB01/parallel/EB01-009_p1.png,0,0,0,0,0,0,0
EB01-009,r1,R1,EB01-009_r1,One Piece Card The Best Vol.2,EB01/base/EB01-009_r1.png,0,0,0,0,0,0,0
EB01-012,base,Base,EB01-012,Memorial Collection,,1,0,0,0,0,0,0
EB01-012,parallel 1,Parallel 1,EB01-012_p1,Memorial Collection,EB01/parallel/EB01-012_p1.png,0,0,0,0,0,0,0
EB01-012,parallel 3,Parallel 3,EB01-012_p3,Promotion Card,EB01/parallel/EB01-012_p3.png,0,0,0,0,0,0,0
EB01-012,r1,R1,EB01-012_r1,One Piece Card The Best Vol.2,EB01/base/EB01-012_r1.png,0,0,0,0,0,0,0
EB01-013,base,Base,EB01-013,Memorial Collection,,1,0,0,0,0,0,0
EB01-013,parallel 1,Parallel 1,EB01-013_p1,Memorial Collection,EB01/parallel/EB01-013_p1.png,0,0,0,0,0,0,0
EB01-014,base,Base,EB01-014,Memorial Collection,,1,0,0,0,0,0,0
EB01-014,parallel 1,Parallel 1,EB01-014_p1,Promotion Card,EB01/parallel/EB01-014_p1.png,0,0,0,0,0,0,0
EB01-015,base,Base,EB01-015,Memorial Collection,,1,0,0,0,0,0,0
EB01-015,parallel 1,Parallel 1,EB01-015_p1,Promotion Card,EB01/parallel/EB01-015_p1.png,0,0,0,0,0,0,0
EB01-015,parallel 2,Parallel 2,EB01-015_p2,Promotion Card,EB01/parallel/EB01-015_p2.png,0,0,0,0,0,0,0
EB01-015,parallel 3,Parallel 3,EB01-015_p3,Green Jewelry Bonney,EB01/parallel/EB01-015_p3.png,0,0,0,0,0,0,0
EB01-015,parallel 4,Parallel 4,EB01-015_p4,Promotion Card,EB01/parallel/EB01-015_p4.png,0,0,0,0,0,0,0
EB01-015,parallel 5,Parallel 5,EB01-015_p5,One Piece Card The Best Vol.2,EB01/parallel/EB01-015_p5.png,0,0,0,0,0,0,0
EB01-015,r1,R1,EB01-015_r1,One Piece Card The Best Vol.2,EB01/base/EB01-015_r1.png,0,0,0,0,0,0,0
EB01-018,base,Base,EB01-018,Memorial Collection,,1,0,0,0,0,0,0
EB01-018,parallel 1,Parallel 1,EB01-018_p1,One Piece Card The Best Vol.2,EB01/parallel/EB01-018_p1.png,0,0,0,0,0,0,0
EB01-018,r1,R1,EB01-018_r1,One Piece Card The Best Vol.2,EB01/base/EB01-018_r1.png,0,0,0,0,0,0,0
EB01-021,base,Base,EB01-021,Memorial Collection,,1,0,0,0,0,0,0
EB01-021,parallel 1,Parallel 1,EB01-021_p1,Memorial Collection,EB01/parallel/EB01-021_p1.png,0,0,0,0,0,0,0
EB01-021,parallel 2,Parallel 2,EB01-021_p2,Anime 25th Collection,EB01/parallel/EB01-021_p2.png,0,0,0,0,0,0,0
EB01-022,base,Base,EB01-022,Memorial Collection,,1,0,0,0,0,0,0
EB01-022,parallel 1,Parallel 1,EB01-022_p1,Memorial Collection,EB01/parallel/EB01-022_p1.png,0,0,0,0,0,0,0
EB01-023,base,Base,EB01-023,Memorial Collection,EB01/sp/EB01-023_sp.png,1,1,0,0,0,0,0
EB01-023,parallel 1,Parallel 1,EB01-023_p1,The Azure Sea’s Seven,EB01/parallel/EB01-023_p1.png,0,1,0,0,0,0,0
EB01-023,parallel 2,Parallel 2,EB01-023_p2,Other Product Card,EB01/parallel/EB01-023_p2.png,0,1,0,0,0,0,0
EB01-027,base,Base,EB01-027,Memorial Collection,,1,0,0,0,0,0,0
EB01-027,parallel 1,Parallel 1,EB01-027_p1,Memorial Collection,EB01/parallel/EB01-027_p1.png,0,0,0,0,0,0,0
EB01-031,base,Base,EB01-031,Memorial Collection,,1,0,0,0,0,0,0
EB01-031,parallel 1,Parallel 1,EB01-031_p1,Memorial Collection,EB01/parallel/EB01-031_p1.png,0,0,0,0,0,0,0
EB01-034,base,Base,EB01-034,Memorial Collection,,1,0,0,0,0,0,0
EB01-034,parallel 1,Parallel 1,EB01-034_p1,Memorial Collection,EB01/parallel/EB01-034_p1.png,0,0,0,0,0,0,0
EB01-038,base,Base,EB01-038,Memorial Collection,,1,0,0,0,0,0,0
EB01-038,parallel 1,Parallel 1,EB01-038_p1,One Piece Card The Best Vol.2,EB01/parallel/EB01-038_p1.png,0,0,0,0,0,0,0
EB01-038,r1,R1,EB01-038_r1,One Piece Card The Best Vol.2,EB01/base/EB01-038_r1.png,0,0,0,0,0,0,0
EB01-040,base,Base,EB01-040,Memorial Collection,,1,0,0,0,0,0,0
EB01-040,parallel 1,Parallel 1,EB01-040_p1,Memorial Collection,EB01/parallel/EB01-040_p1.png,0,0,0,0,0,0,0
EB01-040,parallel 2,Parallel 2,EB01-040_p2,Anime 25th Collection,EB01/parallel/EB01-040_p2.png,0,0,0,0,0,0,0
EB01-043,base,Base,EB01-043,Memorial Collection,,1,0,0,0,0,0,0
EB01-043,parallel 1,Parallel 1,EB01-043_p1,Promotion Card,EB01/parallel/EB01-043_p1.png,0,0,0,0,0,0,0
EB01-043,parallel 2,Parallel 2,EB01-043_p2,Promotion Card,EB01/parallel/EB01-043_p2.png,0,0,0,0,0,0,0
EB01-043,parallel 3,Parallel 3,EB01-043_p3,Promotion Card,EB01/parallel/EB01-043_p3.png,0,0,0,0,0,0,0
EB01-043,parallel 4,Parallel 4,EB01-043_p4,Promotion Card,EB01/parallel/EB01-043_p4.png,0,0,0,0,0,0,0
EB01-043,parallel 5,Parallel 5,EB01-043_p5,Promotion Card,EB01/parallel/EB01-043_p5.png,0,0,0,0,0,0,0
EB01-043,parallel 6,Parallel 6,EB01-043_p6,Promotion Card,EB01/parallel/EB01-043_p6.png,0,0,0,0,0,0,0
EB01-046,base,Base,EB01-046,Memorial Collection,,1,0,0,0,0,0,0
EB01-046,parallel 1,Parallel 1,EB01-046_p1,Memorial Collection,EB01/parallel/EB01-046_p1.png,0,0,0,0,0,0,0
EB01-046,r1,R1,EB01-046_r1,One Piece Card The Best Vol.2,EB01/base/EB01-046_r1.png,0,0,0,0,0,0,0
EB01-048,base,Base,EB01-048,Memorial Collection,,1,0,0,0,0,0,0
EB01-048,parallel 1,Parallel 1,EB01-048_p1,Memorial Collection,EB01/parallel/EB01-048_p1.png,0,0,0,0,0,0,0
EB01-048,parallel 2,Parallel 2,EB01-048_p2,Promotion Card,EB01/parallel/EB01-048_p2.png,0,0,0,0,0,0,0
EB01-048,r1,R1,EB01-048_r1,One Piece Card The Best Vol.2,EB01/base/EB01-048_r1.png,0,0,0,0,0,0,0
EB01-049,base,Base,EB01-049,Memorial Collection,,1,0,0,0,0,0,0
EB01-049,parallel 1,Parallel 1,EB01-049_p1,Memorial Collection,EB01/parallel/EB01-049_p1.png,0,0,0,0,0,0,0
EB01-051,base,Base,EB01-051,Memorial Collection,,1,0,0,0,0,0,0
EB01-051,parallel 1,Parallel 1,EB01-051_p1,One Piece Card The Best Vol.2,EB01/parallel/EB01-051_p1.png,0,0,0,0,0,0,0
EB01-051,r1,R1,EB01-051_r1,One Piece Card The Best Vol.2,EB01/base/EB01-051_r1.png,0,0,0,0,0,0,0
EB01-052,base,Base,EB01-052,Memorial Collection,,1,0,0,0,0,0,0
EB01-052,parallel 1,Parallel 1,EB01-052_p1,Memorial Collection,EB01/parallel/EB01-052_p1.png,0,0,0,0,0,0,0
EB01-056,base,Base,EB01-056,Memorial Collection,,1,0,0,0,0,0,0
EB01-056,parallel 1,Parallel 1,EB01-056_p1,Memorial Collection,EB01/parallel/EB01-056_p1.png,0,0,0,0,0,0,0
EB01-056,parallel 2,Parallel 2,EB01-056_p2,Royal Blood,EB01/parallel/EB01-056_p2.png,0,0,0,0,0,0,0
EB01-057,base,Base,EB01-057,Memorial Collection,EB01/sp/EB01-057_sp.png,1,1,0,0,0,0,0
EB01-057,parallel 1,Parallel 1,EB01-057_p1,Memorial Collection,EB01/parallel/EB01-057_p1.png,0,1,0,0,0,0,0
EB01-057,parallel 2,Parallel 2,EB01-057_p2,A Fist Of Divine Speed,EB01/parallel/EB01-057_p2.png,0,1,0,0,0,0,0
EB01-057,r1,R1,EB01-057_r1,One Piece Card The Best Vol.2,EB01/base/EB01-057_r1.png,0,1,0,0,0,0,0
EB01-060,base,Base,EB01-060,Memorial Collection,,1,0,0,0,0,0,0
EB01-060,parallel 1,Parallel 1,EB01-060_p1,One Piece Card The Best Vol.2,EB01/parallel/EB01-060_p1.png,0,0,0,0,0,0,0
EB01-060,r1,R1,EB01-060_r1,One Piece Card The Best Vol.2,EB01/base/EB01-060_r1.png,0,0,0,0,0,0,0
EB01-061,base,Base,EB01-061,Memorial Collection,,1,0,0,0,0,0,0
EB01-061,parallel 1,Parallel 1,EB01-061_p1,Memorial Collection,EB01/parallel/EB01-061_p1.png,0,0,0,0,0,0,0
EB01-061,r1,R1,EB01-061_r1,One Piece Card The Best Vol.2,EB01/base/EB01-061_r1.png,0,0,0,0,0,0,0
EB02-003,base,Base,EB02-003,Anime 25th Collection,,1,0,0,0,0,0,0
EB02-003,parallel 1,Parallel 1,EB02-003_p1,Anime 25th Collection,EB02/parallel/EB02-003_p1.png,0,0,0,0,0,0,0
EB02-006,base,Base,EB02-006,Anime 25th Collection,,1,0,0,0,0,0,0
EB02-006,parallel 1,Parallel 1,EB02-006_p1,Anime 25th Collection,EB02/parallel/EB02-006_p1.png,0,0,0,0,0,0,0
EB02-010,base,Base,EB02-010,Anime 25th Collection,,1,0,0,0,0,0,0
EB02-010,parallel 1,Parallel 1,EB02-010_p1,Anime 25th Collection,EB02/parallel/EB02-010_p1.png,0,0,0,0,0,0,0
EB02-010,parallel 2,Parallel 2,EB02-010_p2,Promotion Card,EB02/parallel/EB02-010_p2.png,0,0,0,0,0,0,0
EB02-011,base,Base,EB02-011,Anime 25th Collection,,1,0,0,0,0,0,0
EB02-011,parallel 1,Parallel 1,EB02-011_p1,Anime 25th Collection,EB02/parallel/EB02-011_p1.png,0,0,0,0,0,0,0
EB02-015,base,Base,EB02-015,Anime 25th Collection,,1,0,0,0,0,0,0
EB02-015,parallel 1,Parallel 1,EB02-015_p1,Anime 25th Collection,EB02/parallel/EB02-015_p1.png,0,0,0,0,0,0,0
EB02-017,base,Base,EB02-017,Anime 25th Collection,,1,0,0,0,0,0,0
EB02-017,parallel 1,Parallel 1,EB02-017_p1,Anime 25th Collection,EB02/parallel/EB02-017_p1.png,0,0,0,0,0,0,0
EB02-019,base,Base,EB02-019,Anime 25th Collection,,1,0,0,0,0,0,0
EB02-019,parallel 1,Parallel 1,EB02-019_p1,Promotion Card,EB02/parallel/EB02-019_p1.png,0,0,0,0,0,0,0
EB02-019,parallel 2,Parallel 2,EB02-019_p2,Promotion Card,EB02/parallel/EB02-019_p2.png,0,0,0,0,0,0,0
EB02-022,base,Base,EB02-022,Anime 25th Collection,,1,0,0,0,0,0,0
EB02-022,parallel 1,Parallel 1,EB02-022_p1,Anime 25th Collection,EB02/parallel/EB02-022_p1.png,0,0,0,0,0,0,0
EB02-026,base,Base,EB02-026,Anime 25th Collection,,1,0,0,0,0,0,0
EB02-026,parallel 1,Parallel 1,EB02-026_p1,Anime 25th Collection,EB02/parallel/EB02-026_p1.png,0,0,0,0,0,0,0
EB02-026,parallel 2,Parallel 2,EB02-026_p2,Promotion Card,EB02/parallel/EB02-026_p2.png,0,0,0,0,0,0,0
EB02-028,base,Base,EB02-028,Anime 25th Collection,EB02/sp/EB02-028_sp.png,1,1,0,0,0,0,0
EB02-028,parallel 1,Parallel 1,EB02-028_p1,Carrying On His Will,EB02/parallel/EB02-028_p1.png,0,1,0,0,0,0,0
EB02-035,base,Base,EB02-035,Anime 25th Collection,,1,0,0,0,0,0,0
EB02-035,parallel 1,Parallel 1,EB02-035_p1,Anime 25th Collection,EB02/parallel/EB02-035_p1.png,0,0,0,0,0,0,0
EB02-036,base,Base,EB02-036,Anime 25th Collection,,1,0,0,0,0,0,0
EB02-036,parallel 1,Parallel 1,EB02-036_p1,Anime 25th Collection,EB02/parallel/EB02-036_p1.png,0,0,0,0,0,0,0
EB02-041,base,Base,EB02-041,Anime 25th Collection,,1,0,0,0,0,0,0
EB02-041,parallel 1,Parallel 1,EB02-041_p1,Other Product Card,EB02/parallel/EB02-041_p1.png,0,0,0,0,0,0,0
EB02-044,base,Base,EB02-044,Anime 25th Collection,,1,0,0,0,0,0,0
EB02-044,parallel 1,Parallel 1,EB02-044_p1,Anime 25th Collection,EB02/parallel/EB02-044_p1.png,0,0,0,0,0,0,0
EB02-045,base,Base,EB02-045,Anime 25th Collection,,1,0,0,0,0,0,0
EB02-045,parallel 1,Parallel 1,EB02-045_p1,Anime 25th Collection,EB02/parallel/EB02-045_p1.png,0,0,0,0,0,0,0
EB02-048,base,Base,EB02-048,Anime 25th Collection,,1,0,0,0,0,0,0
EB02-048,parallel 1,Parallel 1,EB02-048_p1,Anime 25th Collection,EB02/parallel/EB02-048_p1.png,0,0,0,0,0,0,0
EB02-052,base,Base,EB02-052,Anime 25th Collection,,1,0,0,0,0,0,0
EB02-052,parallel 1,Parallel 1,EB02-052_p1,Anime 25th Collection,EB02/parallel/EB02-052_p1.png,0,0,0,0,0,0,0
EB02-054,base,Base,EB02-054,Anime 25th Collection,,1,0,0,0,0,0,0
EB02-054,parallel 1,Parallel 1,EB02-054_p1,Anime 25th Collection,EB02/parallel/EB02-054_p1.png,0,0,0,0,0,0,0
EB02-055,base,Base,EB02-055,Anime 25th Collection,,1,0,0,0,0,0,0
EB02-055,parallel 1,Parallel 1,EB02-055_p1,Promotion Card,EB02/parallel/EB02-055_p1.png,0,0,0,0,0,0,0
EB02-055,parallel 2,Parallel 2,EB02-055_p2,Promotion Card,EB02/parallel/EB02-055_p2.png,0,0,0,0,0,0,0
EB02-056,base,Base,EB02-056,Anime 25th Collection,,1,0,0,0,0,0,0
EB02-056,parallel 1,Parallel 1,EB02-056_p1,Anime 25th Collection,EB02/parallel/EB02-056_p1.png,0,0,0,0,0,0,0
EB02-061,base,Base,EB02-061,Anime 25th Collection,,1,0,0,0,0,0,0
EB02-061,parallel 1,Parallel 1,EB02-061_p1,Anime 25th Collection,EB02/parallel/EB02-061_p1.png,0,0,0,0,0,0,0
EB02-061,parallel 2,Parallel 2,EB02-061_p2,Anime 25th Collection,EB02/parallel/EB02-061_p2.png,0,0,0,0,0,0,0
EB02-061,parallel 3,Parallel 3,EB02-061_p3,One Piece Card The Best Vol.2,EB02/parallel/EB02-061_p3.png,0,0,0,0,0,0,0
EB02-061,r1,R1,EB02-061_r1,One Piece Card The Best Vol.2,EB02/base/EB02-061_r1.png,0,0,0,0,0,0,0
EB03-001,base,Base,EB03-001,One Piece Heroines Edition,,1,0,0,0,0,0,0
EB03-001,parallel 1,Parallel 1,EB03-001_p1,One Piece Heroines Edition,EB03/parallel/EB03-001_p1.png,0,0,0,0,0,0,0
EB03-003,base,Base,EB03-003,One Piece Heroines Edition,EB03/sp/EB03-003_sp.png,1,1,0,0,0,0,0
EB03-003,parallel 1,Parallel 1,EB03-003_p1,One Piece Heroines Edition,EB03/parallel/EB03-003_p1.png,0,1,0,0,0,0,0
EB03-003,parallel 2,Parallel 2,EB03-003_p2,One Piece Heroines Edition,EB03/parallel/EB03-003_p2.png,0,1,0,0,0,0,0
EB03-008,base,Base,EB03-008,One Piece Heroines Edition,,1,0,0,0,0,0,0
EB03-008,parallel 1,Parallel 1,EB03-008_p1,One Piece Heroines Edition,EB03/parallel/EB03-008_p1.png,0,0,0,0,0,0,0
EB03-013,base,Base,EB03-013,One Piece Heroines Edition,,1,0,0,0,0,0,0
EB03-013,parallel 1,Parallel 1,EB03-013_p1,One Piece Heroines Edition,EB03/parallel/EB03-013_p1.png,0,0,0,0,0,0,0
EB03-018,base,Base,EB03-018,One Piece Heroines Edition,EB03/sp/EB03-018_sp.png,1,1,0,0,0,0,0
EB03-018,parallel 1,Parallel 1,EB03-018_p1,One Piece Heroines Edition,EB03/parallel/EB03-018_p1.png,0,1,0,0,0,0,0
EB03-018,parallel 2,Parallel 2,EB03-018_p2,One Piece Heroines Edition,EB03/parallel/EB03-018_p2.png,0,1,0,0,0,0,0
EB03-024,base,Base,EB03-024,One Piece Heroines Edition,EB03/sp/EB03-024_sp.png,1,1,0,0,0,0,0
EB03-024,parallel 1,Parallel 1,EB03-024_p1,One Piece Heroines Edition,EB03/parallel/EB03-024_p1.png,0,1,0,0,0,0,0
EB03-024,parallel 2,Parallel 2,EB03-024_p2,One Piece Heroines Edition,EB03/parallel/EB03-024_p2.png,0,1,0,0,0,0,0
EB03-025,base,Base,EB03-025,One Piece Heroines Edition,,1,0,0,0,0,0,0
EB03-025,parallel 1,Parallel 1,EB03-025_p1,One Piece Heroines Edition,EB03/parallel/EB03-025_p1.png,0,0,0,0,0,0,0
EB03-026,base,Base,EB03-026,One Piece Heroines Edition,EB03/sp/EB03-026_sp.png,1,1,0,0,0,0,0
EB03-026,parallel 1,Parallel 1,EB03-026_p1,One Piece Heroines Edition,EB03/parallel/EB03-026_p1.png,0,1,0,0,0,0,0
EB03-026,parallel 2,Parallel 2,EB03-026_p2,One Piece Heroines Edition,EB03/parallel/EB03-026_p2.png,0,1,0,0,0,0,0
EB03-031,base,Base,EB03-031,One Piece Heroines Edition,EB03/sp/EB03-031_sp.png,1,1,0,0,0,0,0
EB03-031,parallel 1,Parallel 1,EB03-031_p1,One Piece Heroines Edition,EB03/parallel/EB03-031_p1.png,0,1,0,0,0,0,0
EB03-031,parallel 2,Parallel 2,EB03-031_p2,One Piece Heroines Edition,EB03/parallel/EB03-031_p2.png,0,1,0,0,0,0,0
EB03-034,base,Base,EB03-034,One Piece Heroines Edition,,1,0,0,0,0,0,0
EB03-034,parallel 1,Parallel 1,EB03-034_p1,One Piece Heroines Edition,EB03/parallel/EB03-034_p1.png,0,0,0,0,0,0,0
EB03-041,base,Base,EB03-041,One Piece Heroines Edition,,1,0,0,0,0,0,0
EB03-041,parallel 1,Parallel 1,EB03-041_p1,One Piece Heroines Edition,EB03/parallel/EB03-041_p1.png,0,0,0,0,0,0,0
EB03-042,base,Base,EB03-042,One Piece Heroines Edition,EB03/sp/EB03-042_sp.png,1,1,0,0,0,0,0
EB03-042,parallel 1,Parallel 1,EB03-042_p1,One Piece Heroines Edition,EB03/parallel/EB03-042_p1.png,0,1,0,0,0,0,0
EB03-042,parallel 2,Parallel 2,EB03-042_p2,One Piece Heroines Edition,EB03/parallel/EB03-042_p2.png,0,1,0,0,0,0,0
EB03-045,base,Base,EB03-045,One Piece Heroines Edition,EB03/sp/EB03-045_sp.png,1,1,0,0,0,0,0
EB03-045,parallel 1,Parallel 1,EB03-045_p1,One Piece Heroines Edition,EB03/parallel/EB03-045_p1.png,0,1,0,0,0,0,0
EB03-045,parallel 2,Parallel 2,EB03-045_p2,One Piece Heroines Edition,EB03/parallel/EB03-045_p2.png,0,1,0,0,0,0,0
EB03-053,base,Base,EB03-053,One Piece Heroines Edition,EB03/sp/EB03-053_sp.png,1,1,0,0,0,0,0
EB03-053,parallel 1,Parallel 1,EB03-053_p1,One Piece Heroines Edition,EB03/parallel/EB03-053_p1.png,0,1,0,0,0,0,0
EB03-053,parallel 2,Parallel 2,EB03-053_p2,One Piece Heroines Edition,EB03/parallel/EB03-053_p2.png,0,1,0,0,0,0,0
EB03-055,base,Base,EB03-055,One Piece Heroines Edition,EB03/sp/EB03-055_sp.png,1,1,0,0,0,0,0
EB03-055,parallel 1,Parallel 1,EB03-055_p1,One Piece Heroines Edition,EB03/parallel/EB03-055_p1.png,0,1,0,0,0,0,0
EB03-055,parallel 2,Parallel 2,EB03-055_p2,One Piece Heroines Edition,EB03/parallel/EB03-055_p2.png,0,1,0,0,0,0,0
EB03-057,base,Base,EB03-057,One Piece Heroines Edition,,1,0,0,0,0,0,0
EB03-057,parallel 1,Parallel 1,EB03-057_p1,One Piece Heroines Edition,EB03/parallel/EB03-057_p1.png,0,0,0,0,0,0,0
EB03-061,base,Base,EB03-061,One Piece Heroines Edition,,1,0,0,0,0,0,0
EB03-061,parallel 1,Parallel 1,EB03-061_p1,One Piece Heroines Edition,EB03/parallel/EB03-061_p1.png,0,0,0,0,0,0,0
EB03-061,parallel 2,Parallel 2,EB03-061_p2,One Piece Heroines Edition,EB03/parallel/EB03-061_p2.png,0,0,0,0,0,0,0
EB03-062,base,Base,EB03-062,One Piece Heroines Edition,,1,0,0,0,0,0,0
EB03-062,parallel 1,Parallel 1,EB03-062_p1,One Piece Heroines Edition,EB03/parallel/EB03-062_p1.png,0,0,0,0,0,0,0
EB04-012,base,Base,EB04-012,The Azure Sea’s Seven,,1,0,0,0,0,0,0
EB04-012,parallel 1,Parallel 1,EB04-012_p1,The Azure Sea’s Seven,EB04/parallel/EB04-012_p1.png,0,0,0,0,0,0,0
EB04-013,base,Base,EB04-013,The Azure Sea’s Seven,,1,0,0,0,0,0,0
EB04-013,parallel 1,Parallel 1,EB04-013_p1,The Azure Sea’s Seven,EB04/parallel/EB04-013_p1.png,0,0,0,0,0,0,0
EB04-018,base,Base,EB04-018,The Azure Sea’s Seven,,1,0,0,0,0,0,0
EB04-018,parallel 1,Parallel 1,EB04-018_p1,The Azure Sea’s Seven,EB04/parallel/EB04-018_p1.png,0,0,0,0,0,0,0
EB04-022,base,Base,EB04-022,The Azure Sea’s Seven,,1,0,0,0,0,0,0
EB04-022,parallel 1,Parallel 1,EB04-022_p1,The Azure Sea’s Seven,EB04/parallel/EB04-022_p1.png,0,0,0,0,0,0,0
EB04-025,base,Base,EB04-025,The Azure Sea’s Seven,,1,0,0,0,0,0,0
EB04-025,parallel 1,Parallel 1,EB04-025_p1,The Azure Sea’s Seven,EB04/parallel/EB04-025_p1.png,0,0,0,0,0,0,0
EB04-031,base,Base,EB04-031,The Azure Sea’s Seven,,1,0,0,0,0,0,0
EB04-031,parallel 1,Parallel 1,EB04-031_p1,The Azure Sea’s Seven,EB04/parallel/EB04-031_p1.png,0,0,0,0,0,0,0
EB04-036,base,Base,EB04-036,The Azure Sea’s Seven,,1,0,0,0,0,0,0
EB04-036,parallel 1,Parallel 1,EB04-036_p1,The Azure Sea’s Seven,EB04/parallel/EB04-036_p1.png,0,0,0,0,0,0,0
EB04-038,base,Base,EB04-038,The Azure Sea’s Seven,,1,0,0,0,0,0,0
EB04-038,parallel 1,Parallel 1,EB04-038_p1,The Azure Sea’s Seven,EB04/parallel/EB04-038_p1.png,0,0,0,0,0,0,0
EB04-039,base,Base,EB04-039,The Azure Sea’s Seven,EB04/base/EB04-039.png,1,0,0,0,0,0,0
EB04-039,parallel 1,Parallel 1,EB04-039_p1,The Azure Sea’s Seven,EB04/parallel/EB04-039_p1.png,0,0,0,0,0,0,0
OP01-001,base,Base,OP01-001,Romance Dawn,,1,0,0,0,0,0,0
OP01-001,parallel 1,Parallel 1,OP01-001_p1,Romance Dawn,OP01/parallel/OP01-001_p1.png,0,0,0,0,0,0,0
OP01-001,parallel 2,Parallel 2,OP01-001_p2,Other Product Card,OP01/parallel/OP01-001_p2.png,0,0,0,0,0,0,0
OP01-002,base,Base,OP01-002,Romance Dawn,,1,0,0,0,0,0,0
OP01-002,parallel 1,Parallel 1,OP01-002_p1,Romance Dawn,OP01/parallel/OP01-002_p1.png,0,0,0,0,0,0,0
OP01-003,base,Base,OP01-003,Romance Dawn,,1,0,0,0,0,0,0
OP01-003,parallel 1,Parallel 1,OP01-003_p1,Romance Dawn,OP01/parallel/OP01-003_p1.png,0,0,0,0,0,0,0
OP01-004,base,Base,OP01-004,Romance Dawn,,1,0,0,0,0,0,0
OP01-004,parallel 1,Parallel 1,OP01-004_p1,Other Product Card,OP01/parallel/OP01-004_p1.png,0,0,0,0,0,0,0
OP01-005,base,Base,OP01-005,Romance Dawn,,1,0,0,0,0,0,0
OP01-005,parallel 1,Parallel 1,OP01-005_p1,Other Product Card,OP01/parallel/OP01-005_p1.png,0,0,0,0,0,0,0
OP01-005,parallel 2,Parallel 2,OP01-005_p2,Other Product Card,OP01/parallel/OP01-005_p2.png,0,0,0,0,0,0,0
OP01-006,base,Base,OP01-006,Romance Dawn,,1,0,0,0,0,0,0
OP01-006,parallel 1,Parallel 1,OP01-006_p1,Other Product Card,OP01/parallel/OP01-006_p1.png,0,0,0,0,0,0,0
OP01-006,parallel 3,Parallel 3,OP01-006_p3,One Piece Card The Best,OP01/parallel/OP01-006_p3.png,0,0,0,0,0,0,0
OP01-006,parallel 4,Parallel 4,OP01-006_p4,One Piece Card The Best,OP01/parallel/OP01-006_p4.png,0,0,0,0,0,0,0
OP01-006,parallel 5,Parallel 5,OP01-006_p5,One Piece Card The Best,OP01/parallel/OP01-006_p5.png,0,0,0,0,0,0,0
OP01-006,r1,R1,OP01-006_r1,One Piece Card The Best,OP01/base/OP01-006_r1.png,0,0,0,0,0,0,0
OP01-008,base,Base,OP01-008,Romance Dawn,,1,0,0,0,0,0,0
OP01-008,parallel 1,Parallel 1,OP01-008_p1,Romance Dawn,OP01/parallel/OP01-008_p1.png,0,0,0,0,0,0,0
OP01-013,base,Base,OP01-013,Romance Dawn,,1,0,0,0,0,0,0
OP01-013,parallel 1,Parallel 1,OP01-013_p1,Romance Dawn,OP01/parallel/OP01-013_p1.png,0,0,0,0,0,0,0
OP01-013,parallel 2,Parallel 2,OP01-013_p2,Other Product Card,OP01/parallel/OP01-013_p2.png,0,0,0,0,0,0,0
OP01-013,parallel 3,Parallel 3,OP01-013_p3,Other Product Card,OP01/parallel/OP01-013_p3.png,0,0,0,0,0,0,0
OP01-013,parallel 4,Parallel 4,OP01-013_p4,Other Product Card,OP01/parallel/OP01-013_p4.png,0,0,0,0,0,0,0
OP01-014,base,Base,OP01-014,Romance Dawn,,1,0,0,0,0,0,0
OP01-014,parallel 1,Parallel 1,OP01-014_p1,Other Product Card,OP01/parallel/OP01-014_p1.png,0,0,0,0,0,0,0
OP01-015,base,Base,OP01-015,Romance Dawn,,1,0,0,0,0,0,0
OP01-015,parallel 1,Parallel 1,OP01-015_p1,Promotion Card,OP01/parallel/OP01-015_p1.png,0,0,0,0,0,0,0
OP01-016,base,Base,OP01-016,Romance Dawn,,1,0,0,0,0,0,0
OP01-016,parallel 1,Parallel 1,OP01-016_p1,Romance Dawn,OP01/parallel/OP01-016_p1.png,0,0,0,0,0,0,0
OP01-016,parallel 2,Parallel 2,OP01-016_p2,Other Product Card,OP01/parallel/OP01-016_p2.png,0,0,0,0,0,0,0
OP01-016,parallel 3,Parallel 3,OP01-016_p3,The Three Captains,OP01/parallel/OP01-016_p3.png,0,0,0,0,0,0,0
OP01-016,parallel 4,Parallel 4,OP01-016_p4,Awakening Of The New Era,OP01/parallel/OP01-016_p4.png,0,0,0,0,0,0,0
OP01-016,parallel 5,Parallel 5,OP01-016_p5,Other Product Card,OP01/parallel/OP01-016_p5.png,0,0,0,0,0,0,0
OP01-016,parallel 7,Parallel 7,OP01-016_p7,Other Product Card,OP01/parallel/OP01-016_p7.png,0,0,0,0,0,0,0
OP01-016,parallel 8,Parallel 8,OP01-016_p8,One Piece Card The Best,OP01/parallel/OP01-016_p8.png,0,0,0,0,0,0,0
OP01-017,base,Base,OP01-017,Romance Dawn,,1,0,0,0,0,0,0
OP01-017,parallel 1,Parallel 1,OP01-017_p1,Other Product Card,OP01/parallel/OP01-017_p1.png,0,0,0,0,0,0,0
OP01-017,parallel 2,Parallel 2,OP01-017_p2,Other Product Card,OP01/parallel/OP01-017_p2.png,0,0,0,0,0,0,0
OP01-021,base,Base,OP01-021,Romance Dawn,,1,0,0,0,0,0,0
OP01-021,parallel 1,Parallel 1,OP01-021_p1,Other Product Card,OP01/parallel/OP01-021_p1.png,0,0,0,0,0,0,0
OP01-021,parallel 2,Parallel 2,OP01-021_p2,Promotion Card,OP01/parallel/OP01-021_p2.png,0,0,0,0,0,0,0
OP01-021,parallel 3,Parallel 3,OP01-021_p3,Other Product Card,OP01/parallel/OP01-021_p3.png,0,0,0,0,0,0,0
OP01-022,base,Base,OP01-022,Romance Dawn,,1,0,0,0,0,0,0
OP01-022,parallel 1,Parallel 1,OP01-022_p1,Other Product Card,OP01/parallel/OP01-022_p1.png,0,0,0,0,0,0,0
OP01-024,base,Base,OP01-024,Romance Dawn,,1,0,0,0,0,0,0
OP01-024,parallel 1,Parallel 1,OP01-024_p1,Romance Dawn,OP01/parallel/OP01-024_p1.png,0,0,0,0,0,0,0
OP01-024,parallel 3,Parallel 3,OP01-024_p3,One Piece Card The Best,OP01/parallel/OP01-024_p3.png,0,0,0,0,0,0,0
OP01-024,r1,R1,OP01-024_r1,One Piece Card The Best,OP01/base/OP01-024_r1.png,0,0,0,0,0,0,0
OP01-025,base,Base,OP01-025,Romance Dawn,,1,0,0,0,0,0,0
OP01-025,parallel 1,Parallel 1,OP01-025_p1,Romance Dawn,OP01/parallel/OP01-025_p1.png,0,0,0,0,0,0,0
OP01-025,parallel 2,Parallel 2,OP01-025_p2,The Three Captains,OP01/parallel/OP01-025_p2.png,0,0,0,0,0,0,0
OP01-025,parallel 3,Parallel 3,OP01-025_p3,Other Product Card,OP01/parallel/OP01-025_p3.png,0,0,0,0,0,0,0
OP01-029,base,Base,OP01-029,Romance Dawn,,1,0,0,0,0,0,0
OP01-029,parallel 2,Parallel 2,OP01-029_p2,One Piece Card The Best,OP01/parallel/OP01-029_p2.png,0,0,0,0,0,0,0
OP01-029,parallel 3,Parallel 3,OP01-029_p3,One Piece Card The Best,OP01/parallel/OP01-029_p3.png,0,0,0,0,0,0,0
OP01-029,parallel 4,Parallel 4,OP01-029_p4,Other Product Card,OP01/parallel/OP01-029_p4.png,0,0,0,0,0,0,0
OP01-029,r1,R1,OP01-029_r1,One Piece Card The Best,OP01/base/OP01-029_r1.png,0,0,0,0,0,0,0
OP01-030,base,Base,OP01-030,Romance Dawn,,1,0,0,0,0,0,0
OP01-030,parallel 1,Parallel 1,OP01-030_p1,Other Product Card,OP01/parallel/OP01-030_p1.png,0,0,0,0,0,0,0
OP01-031,base,Base,OP01-031,Romance Dawn,,1,0,0,0,0,0,0
OP01-031,parallel 1,Parallel 1,OP01-031_p1,Romance Dawn,OP01/parallel/OP01-031_p1.png,0,0,0,0,0,0,0
OP01-033,base,Base,OP01-033,Romance Dawn,,1,0,0,0,0,0,0
OP01-033,parallel 1,Parallel 1,OP01-033_p1,Promotion Card,OP01/parallel/OP01-033_p1.png,0,0,0,0,0,0,0
OP01-033,parallel 3,Parallel 3,OP01-033_p3,One Piece Card The Best,OP01/parallel/OP01-033_p3.png,0,0,0,0,0,0,0
OP01-033,parallel 4,Parallel 4,OP01-033_p4,One Piece Card The Best,OP01/parallel/OP01-033_p4.png,0,0,0,0,0,0,0
OP01-033,parallel 5,Parallel 5,OP01-033_p5,One Piece Card The Best,OP01/parallel/OP01-033_p5.png,0,0,0,0,0,0,0
OP01-033,parallel 6,Parallel 6,OP01-033_p6,Other Product Card,OP01/parallel/OP01-033_p6.png,0,0,0,0,0,0,0
OP01-033,r1,R1,OP01-033_r1,One Piece Card The Best,OP01/base/OP01-033_r1.png,0,0,0,0,0,0,0
OP01-034,base,Base,OP01-034,Romance Dawn,,1,0,0,0,0,0,0
OP01-034,parallel 1,Parallel 1,OP01-034_p1,Romance Dawn,OP01/parallel/OP01-034_p1.png,0,0,0,0,0,0,0
OP01-035,base,Base,OP01-035,Romance Dawn,,1,0,0,0,0,0,0
OP01-035,parallel 1,Parallel 1,OP01-035_p1,Promotion Card,OP01/parallel/OP01-035_p1.png,0,0,0,0,0,0,0
OP01-035,parallel 2,Parallel 2,OP01-035_p2,500 Years In The Future,OP01/parallel/OP01-035_p2.png,0,0,0,0,0,0,0
OP01-035,parallel 3,Parallel 3,OP01-035_p3,Other Product Card,OP01/parallel/OP01-035_p3.png,0,0,0,0,0,0,0
OP01-039,base,Base,OP01-039,Romance Dawn,,1,0,0,0,0,0,0
OP01-039,parallel 1,Parallel 1,OP01-039_p1,One Piece Card The Best Vol.2,OP01/parallel/OP01-039_p1.png,0,0,0,0,0,0,0
OP01-039,r1,R1,OP01-039_r1,One Piece Card The Best Vol.2,OP01/base/OP01-039_r1.png,0,0,0,0,0,0,0
OP01-040,base,Base,OP01-040,Romance Dawn,,1,0,0,0,0,0,0
OP01-040,parallel 1,Parallel 1,OP01-040_p1,Romance Dawn,OP01/parallel/OP01-040_p1.png,0,0,0,0,0,0,0
OP01-041,base,Base,OP01-041,Romance Dawn,,1,0,0,0,0,0,0
OP01-041,parallel 1,Parallel 1,OP01-041_p1,Promotion Card,OP01/parallel/OP01-041_p1.png,0,0,0,0,0,0,0
OP01-041,parallel 3,Parallel 3,OP01-041_p3,One Piece Card The Best,OP01/parallel/OP01-041_p3.png,0,0,0,0,0,0,0
OP01-041,parallel 4,Parallel 4,OP01-041_p4,One Piece Card The Best,OP01/parallel/OP01-041_p4.png,0,0,0,0,0,0,0
OP01-041,parallel 5,Parallel 5,OP01-041_p5,One Piece Card The Best,OP01/parallel/OP01-041_p5.png,0,0,0,0,0,0,0
OP01-041,r1,R1,OP01-041_r1,One Piece Card The Best,OP01/base/OP01-041_r1.png,0,0,0,0,0,0,0
OP01-047,base,Base,OP01-047,Romance Dawn,,1,0,0,0,0,0,0
OP01-047,parallel 1,Parallel 1,OP01-047_p1,Romance Dawn,OP01/parallel/OP01-047_p1.png,0,0,0,0,0,0,0
OP01-047,parallel 2,Parallel 2,OP01-047_p2,Kingdoms Of Intrigue,OP01/parallel/OP01-047_p2.png,0,0,0,0,0,0,0
OP01-047,parallel 4,Parallel 4,OP01-047_p4,One Piece Card The Best,OP01/parallel/OP01-047_p4.png,0,0,0,0,0,0,0
OP01-047,r1,R1,OP01-047_r1,One Piece Card The Best,OP01/base/OP01-047_r1.png,0,0,0,0,0,0,0
OP01-048,base,Base,OP01-048,Romance Dawn,,1,0,0,0,0,0,0
OP01-048,parallel 1,Parallel 1,OP01-048_p1,Romance Dawn,OP01/parallel/OP01-048_p1.png,0,0,0,0,0,0,0
OP01-051,base,Base,OP01-051,Romance Dawn,,1,0,0,0,0,0,0
OP01-051,parallel 1,Parallel 1,OP01-051_p1,Romance Dawn,OP01/parallel/OP01-051_p1.png,0,0,0,0,0,0,0
OP01-051,parallel 2,Parallel 2,OP01-051_p2,Pillars Of Strength,OP01/parallel/OP01-051_p2.png,0,0,0,0,0,0,0
OP01-051,parallel 4,Parallel 4,OP01-051_p4,One Piece Card The Best,OP01/parallel/OP01-051_p4.png,0,0,0,0,0,0,0
OP01-051,r1,R1,OP01-051_r1,One Piece Card The Best,OP01/base/OP01-051_r1.png,0,0,0,0,0,0,0
OP01-052,base,Base,OP01-052,Romance Dawn,,1,0,0,0,0,0,0
OP01-052,parallel 1,Parallel 1,OP01-052_p1,Promotion Card,OP01/parallel/OP01-052_p1.png,0,0,0,0,0,0,0
OP01-052,parallel 3,Parallel 3,OP01-052_p3,One Piece Card The Best,OP01/parallel/OP01-052_p3.png,0,0,0,0,0,0,0
OP01-052,parallel 4,Parallel 4,OP01-052_p4,One Piece Card The Best,OP01/parallel/OP01-052_p4.png,0,0,0,0,0,0,0
OP01-052,r1,R1,OP01-052_r1,One Piece Card The Best,OP01/base/OP01-052_r1.png,0,0,0,0,0,0,0
OP01-055,base,Base,OP01-055,Romance Dawn,,1,0,0,0,0,0,0
OP01-055,parallel 1,Parallel 1,OP01-055_p1,One Piece Card The Best Vol.2,OP01/parallel/OP01-055_p1.png,0,0,0,0,0,0,0
OP01-055,r1,R1,OP01-055_r1,One Piece Card The Best Vol.2,OP01/base/OP01-055_r1.png,0,0,0,0,0,0,0
OP01-057,base,Base,OP01-057,Romance Dawn,,1,0,0,0,0,0,0
OP01-057,parallel 1,Parallel 1,OP01-057_p1,Other Product Card,OP01/parallel/OP01-057_p1.png,0,0,0,0,0,0,0
OP01-060,base,Base,OP01-060,Romance Dawn,,1,0,0,0,0,0,0
OP01-060,parallel 1,Parallel 1,OP01-060_p1,Romance Dawn,OP01/parallel/OP01-060_p1.png,0,0,0,0,0,0,0
OP01-060,parallel 2,Parallel 2,OP01-060_p2,Blue Donquixote Doflamingo,OP01/parallel/OP01-060_p2.png,0,0,0,0,0,0,0
OP01-061,base,Base,OP01-061,Romance Dawn,,1,0,0,0,0,0,0
OP01-061,parallel 1,Parallel 1,OP01-061_p1,Romance Dawn,OP01/parallel/OP01-061_p1.png,0,0,0,0,0,0,0
OP01-062,base,Base,OP01-062,Romance Dawn,,1,0,0,0,0,0,0
OP01-062,parallel 1,Parallel 1,OP01-062_p1,Romance Dawn,OP01/parallel/OP01-062_p1.png,0,0,0,0,0,0,0
OP01-064,base,Base,OP01-064,Romance Dawn,,1,0,0,0,0,0,0
OP01-064,parallel 1,Parallel 1,OP01-064_p1,Romance Dawn,OP01/parallel/OP01-064_p1.png,0,0,0,0,0,0,0
OP01-067,base,Base,OP01-067,Romance Dawn,,1,0,0,0,0,0,0
OP01-067,parallel 1,Parallel 1,OP01-067_p1,Romance Dawn,OP01/parallel/OP01-067_p1.png,0,0,0,0,0,0,0
OP01-070,base,Base,OP01-070,Romance Dawn,,1,0,0,0,0,0,0
OP01-070,parallel 1,Parallel 1,OP01-070_p1,Romance Dawn,OP01/parallel/OP01-070_p1.png,0,0,0,0,0,0,0
OP01-070,parallel 2,Parallel 2,OP01-070_p2,Promotion Card,OP01/parallel/OP01-070_p2.png,0,0,0,0,0,0,0
OP01-070,parallel 4,Parallel 4,OP01-070_p4,One Piece Card The Best,OP01/parallel/OP01-070_p4.png,0,0,0,0,0,0,0
OP01-070,r1,R1,OP01-070_r1,One Piece Card The Best,OP01/base/OP01-070_r1.png,0,0,0,0,0,0,0
OP01-073,base,Base,OP01-073,Romance Dawn,,1,0,0,0,0,0,0
OP01-073,parallel 1,Parallel 1,OP01-073_p1,Romance Dawn,OP01/parallel/OP01-073_p1.png,0,0,0,0,0,0,0
OP01-073,parallel 2,Parallel 2,OP01-073_p2,500 Years In The Future,OP01/parallel/OP01-073_p2.png,0,0,0,0,0,0,0
OP01-073,r1,R1,OP01-073_r1,Blue Donquixote Doflamingo,OP01/base/OP01-073_r1.png,0,0,0,0,0,0,0
OP01-077,base,Base,OP01-077,Romance Dawn,,1,0,0,0,0,0,0
OP01-077,parallel 1,Parallel 1,OP01-077_p1,Romance Dawn,OP01/parallel/OP01-077_p1.png,0,0,0,0,0,0,0
OP01-078,base,Base,OP01-078,Romance Dawn,,1,0,0,0,0,0,0
OP01-078,parallel 1,Parallel 1,OP01-078_p1,Romance Dawn,OP01/parallel/OP01-078_p1.png,0,0,0,0,0,0,0
OP01-078,parallel 2,Parallel 2,OP01-078_p2,Kingdoms Of Intrigue,OP01/parallel/OP01-078_p2.png,0,0,0,0,0,0,0
OP01-078,parallel 4,Parallel 4,OP01-078_p4,One Piece Card The Best,OP01/parallel/OP01-078_p4.png,0,0,0,0,0,0,0
OP01-078,r1,R1,OP01-078_r1,One Piece Card The Best,OP01/base/OP01-078_r1.png,0,0,0,0,0,0,0
OP01-086,base,Base,OP01-086,Romance Dawn,,1,0,0,0,0,0,0
OP01-086,r1,R1,OP01-086_r1,Blue Donquixote Doflamingo,OP01/base/OP01-086_r1.png,0,0,0,0,0,0,0
OP01-091,base,Base,OP01-091,Romance Dawn,,1,0,0,0,0,0,0
OP01-091,parallel 1,Parallel 1,OP01-091_p1,Romance Dawn,OP01/parallel/OP01-091_p1.png,0,0,0,0,0,0,0
OP01-093,base,Base,OP01-093,Romance Dawn,,1,0,0,0,0,0,0
OP01-093,parallel 1,Parallel 1,OP01-093_p1,Romance Dawn,OP01/parallel/OP01-093_p1.png,0,0,0,0,0,0,0
OP01-094,base,Base,OP01-094,Romance Dawn,,1,0,0,0,0,0,0
OP01-094,parallel 1,Parallel 1,OP01-094_p1,Romance Dawn,OP01/parallel/OP01-094_p1.png,0,0,0,0,0,0,0
OP01-096,base,Base,OP01-096,Romance Dawn,,1,0,0,0,0,0,0
OP01-096,parallel 1,Parallel 1,OP01-096_p1,Romance Dawn,OP01/parallel/OP01-096_p1.png,0,0,0,0,0,0,0
OP01-097,base,Base,OP01-097,Romance Dawn,,1,0,0,0,0,0,0
OP01-097,parallel 1,Parallel 1,OP01-097_p1,Romance Dawn,OP01/parallel/OP01-097_p1.png,0,0,0,0,0,0,0
OP01-101,base,Base,OP01-101,Romance Dawn,,1,0,0,0,0,0,0
OP01-101,parallel 1,Parallel 1,OP01-101_p1,Promotion Card,OP01/parallel/OP01-101_p1.png,0,0,0,0,0,0,0
OP01-102,base,Base,OP01-102,Romance Dawn,,1,0,0,0,0,0,0
OP01-102,parallel 1,Parallel 1,OP01-102_p1,Romance Dawn,OP01/parallel/OP01-102_p1.png,0,0,0,0,0,0,0
OP01-109,base,Base,OP01-109,Romance Dawn,,1,0,0,0,0,0,0
OP01-109,parallel 1,Parallel 1,OP01-109_p1,Romance Dawn,OP01/parallel/OP01-109_p1.png,0,0,0,0,0,0,0
OP01-120,base,Base,OP01-120,Romance Dawn,,1,0,0,0,0,0,0
OP01-120,parallel 1,Parallel 1,OP01-120_p1,Romance Dawn,OP01/parallel/OP01-120_p1.png,0,0,0,0,0,0,0
OP01-120,parallel 2,Parallel 2,OP01-120_p2,Romance Dawn,OP01/parallel/OP01-120_p2.png,0,0,0,0,0,0,0
OP01-120,parallel 5,Parallel 5,OP01-120_p5,One Piece Card The Best,OP01/parallel/OP01-120_p5.png,0,0,0,0,0,0,0
OP01-120,r1,R1,OP01-120_r1,One Piece Card The Best,OP01/base/OP01-120_r1.png,0,0,0,0,0,0,0
OP01-120,r2,R2,OP01-120_r2,One Piece Card The Best,OP01/base/OP01-120_r2.png,0,0,0,0,0,0,0
OP01-121,base,Base,OP01-121,Romance Dawn,,1,0,0,0,0,0,0
OP01-121,parallel 1,Parallel 1,OP01-121_p1,Romance Dawn,OP01/parallel/OP01-121_p1.png,0,0,0,0,0,0,0
OP01-121,parallel 2,Parallel 2,OP01-121_p2,Awakening Of The New Era,OP01/parallel/OP01-121_p2.png,0,0,0,0,0,0,0
OP01-121,parallel 4,Parallel 4,OP01-121_p4,One Piece Card The Best,OP01/parallel/OP01-121_p4.png,0,0,0,0,0,0,0
OP01-121,r1,R1,OP01-121_r1,One Piece Card The Best,OP01/base/OP01-121_r1.png,0,0,0,0,0,0,0
OP02-001,base,Base,OP02-001,Paramount War,,1,0,0,0,0,0,0
OP02-001,parallel 1,Parallel 1,OP02-001_p1,Paramount War,OP02/parallel/OP02-001_p1.png,0,0,0,0,0,0,0
OP02-001,parallel 2,Parallel 2,OP02-001_p2,Red Edward.newgate,OP02/parallel/OP02-001_p2.png,0,0,0,0,0,0,0
OP02-002,base,Base,OP02-002,Paramount War,,1,0,0,0,0,0,0
OP02-002,parallel 1,Parallel 1,OP02-002_p1,Paramount War,OP02/parallel/OP02-002_p1.png,0,0,0,0,0,0,0
OP02-004,base,Base,OP02-004,Paramount War,,1,0,0,0,0,0,0
OP02-004,parallel 1,Parallel 1,OP02-004_p1,Paramount War,OP02/parallel/OP02-004_p1.png,0,0,0,0,0,0,0
OP02-004,parallel 2,Parallel 2,OP02-004_p2,Kingdoms Of Intrigue,OP02/parallel/OP02-004_p2.png,0,0,0,0,0,0,0
OP02-004,parallel 4,Parallel 4,OP02-004_p4,One Piece Card The Best,OP02/parallel/OP02-004_p4.png,0,0,0,0,0,0,0
OP02-004,r1,R1,OP02-004_r1,One Piece Card The Best,OP02/base/OP02-004_r1.png,0,0,0,0,0,0,0
OP02-005,base,Base,OP02-005,Paramount War,,1,0,0,0,0,0,0
OP02-005,parallel 1,Parallel 1,OP02-005_p1,One Piece Card The Best Vol.2,OP02/parallel/OP02-005_p1.png,0,0,0,0,0,0,0
OP02-005,parallel 2,Parallel 2,OP02-005_p2,Other Product Card,OP02/parallel/OP02-005_p2.png,0,0,0,0,0,0,0
OP02-005,r1,R1,OP02-005_r1,One Piece Card The Best Vol.2,OP02/base/OP02-005_r1.png,0,0,0,0,0,0,0
OP02-008,base,Base,OP02-008,Paramount War,,1,0,0,0,0,0,0
OP02-008,r1,R1,OP02-008_r1,Red Edward.newgate,OP02/base/OP02-008_r1.png,0,0,0,0,0,0,0
OP02-009,base,Base,OP02-009,Paramount War,,1,0,0,0,0,0,0
OP02-009,parallel 1,Parallel 1,OP02-009_p1,Paramount War,OP02/parallel/OP02-009_p1.png,0,0,0,0,0,0,0
OP02-013,base,Base,OP02-013,Paramount War,,1,0,0,0,0,0,0
OP02-013,parallel 1,Parallel 1,OP02-013_p1,Paramount War,OP02/parallel/OP02-013_p1.png,0,0,0,0,0,0,0
OP02-013,parallel 2,Parallel 2,OP02-013_p2,Paramount War,OP02/parallel/OP02-013_p2.png,0,0,0,0,0,0,0
OP02-013,parallel 3,Parallel 3,OP02-013_p3,Two Legends,OP02/parallel/OP02-013_p3.png,0,0,0,0,0,0,0
OP02-013,parallel 5,Parallel 5,OP02-013_p5,Other Product Card,OP02/parallel/OP02-013_p5.png,0,0,0,0,0,0,0
OP02-013,r1,R1,OP02-013_r1,One Piece Card The Best,OP02/base/OP02-013_r1.png,0,0,0,0,0,0,0
OP02-015,base,Base,OP02-015,Paramount War,,1,0,0,0,0,0,0
OP02-015,parallel 1,Parallel 1,OP02-015_p1,Other Product Card,OP02/parallel/OP02-015_p1.png,0,0,0,0,0,0,0
OP02-015,parallel 3,Parallel 3,OP02-015_p3,One Piece Card The Best,OP02/parallel/OP02-015_p3.png,0,0,0,0,0,0,0
OP02-015,parallel 4,Parallel 4,OP02-015_p4,One Piece Card The Best,OP02/parallel/OP02-015_p4.png,0,0,0,0,0,0,0
OP02-015,r1,R1,OP02-015_r1,One Piece Card The Best,OP02/base/OP02-015_r1.png,0,0,0,0,0,0,0
OP02-017,base,Base,OP02-017,Paramount War,,1,0,0,0,0,0,0
OP02-017,parallel 1,Parallel 1,OP02-017_p1,Paramount War,OP02/parallel/OP02-017_p1.png,0,0,0,0,0,0,0
OP02-018,base,Base,OP02-018,Paramount War,,1,0,0,0,0,0,0
OP02-018,parallel 1,Parallel 1,OP02-018_p1,Paramount War,OP02/parallel/OP02-018_p1.png,0,0,0,0,0,0,0
OP02-018,parallel 4,Parallel 4,OP02-018_p4,One Piece Card The Best,OP02/parallel/OP02-018_p4.png,0,0,0,0,0,0,0
OP02-018,parallel 5,Parallel 5,OP02-018_p5,One Piece Card The Best,OP02/parallel/OP02-018_p5.png,0,0,0,0,0,0,0
OP02-018,parallel 6,Parallel 6,OP02-018_p6,One Piece Card The Best,OP02/parallel/OP02-018_p6.png,0,0,0,0,0,0,0
OP02-018,r1,R1,OP02-018_r1,Red Edward.newgate,OP02/base/OP02-018_r1.png,0,0,0,0,0,0,0
OP02-018,r2,R2,OP02-018_r2,One Piece Card The Best,OP02/base/OP02-018_r2.png,0,0,0,0,0,0,0
OP02-019,base,Base,OP02-019,Paramount War,,1,0,0,0,0,0,0
OP02-019,r1,R1,OP02-019_r1,Red Edward.newgate,OP02/base/OP02-019_r1.png,0,0,0,0,0,0,0
OP02-022,base,Base,OP02-022,Paramount War,,1,0,0,0,0,0,0
OP02-022,parallel 1,Parallel 1,OP02-022_p1,Promotion Card,OP02/parallel/OP02-022_p1.png,0,0,0,0,0,0,0
OP02-023,base,Base,OP02-023,Paramount War,,1,0,0,0,0,0,0
OP02-023,r1,R1,OP02-023_r1,Red Edward.newgate,OP02/base/OP02-023_r1.png,0,0,0,0,0,0,0
OP02-025,base,Base,OP02-025,Paramount War,,1,0,0,0,0,0,0
OP02-025,parallel 1,Parallel 1,OP02-025_p1,Paramount War,OP02/parallel/OP02-025_p1.png,0,0,0,0,0,0,0
OP02-026,base,Base,OP02-026,Paramount War,,1,0,0,0,0,0,0
OP02-026,parallel 1,Parallel 1,OP02-026_p1,Paramount War,OP02/parallel/OP02-026_p1.png,0,0,0,0,0,0,0
OP02-028,base,Base,OP02-028,Paramount War,,1,0,0,0,0,0,0
OP02-028,parallel 1,Parallel 1,OP02-028_p1,Uta,OP02/parallel/OP02-028_p1.png,0,0,0,0,0,0,0
OP02-030,base,Base,OP02-030,Paramount War,,1,0,0,0,0,0,0
OP02-030,parallel 1,Parallel 1,OP02-030_p1,Paramount War,OP02/parallel/OP02-030_p1.png,0,0,0,0,0,0,0
OP02-031,base,Base,OP02-031,Paramount War,,1,0,0,0,0,0,0
OP02-031,parallel 1,Parallel 1,OP02-031_p1,Paramount War,OP02/parallel/OP02-031_p1.png,0,0,0,0,0,0,0
OP02-033,base,Base,OP02-033,Paramount War,,1,0,0,0,0,0,0
OP02-033,parallel 1,Parallel 1,OP02-033_p1,Uta,OP02/parallel/OP02-033_p1.png,0,0,0,0,0,0,0
OP02-034,base,Base,OP02-034,Paramount War,,1,0,0,0,0,0,0
OP02-034,parallel 1,Parallel 1,OP02-034_p1,Uta,OP02/parallel/OP02-034_p1.png,0,0,0,0,0,0,0
OP02-034,parallel 2,Parallel 2,OP02-034_p2,Promotion Card,OP02/parallel/OP02-034_p2.png,0,0,0,0,0,0,0
OP02-035,base,Base,OP02-035,Paramount War,,1,0,0,0,0,0,0
OP02-035,parallel 1,Parallel 1,OP02-035_p1,Promotion Card,OP02/parallel/OP02-035_p1.png,0,0,0,0,0,0,0
OP02-035,parallel 2,Parallel 2,OP02-035_p2,Uta,OP02/parallel/OP02-035_p2.png,0,0,0,0,0,0,0
OP02-036,base,Base,OP02-036,Paramount War,,1,0,0,0,0,0,0
OP02-036,parallel 1,Parallel 1,OP02-036_p1,Paramount War,OP02/parallel/OP02-036_p1.png,0,0,0,0,0,0,0
OP02-036,parallel 2,Parallel 2,OP02-036_p2,Other Product Card,OP02/parallel/OP02-036_p2.png,0,0,0,0,0,0,0
OP02-037,base,Base,OP02-037,Paramount War,,1,0,0,0,0,0,0
OP02-037,parallel 1,Parallel 1,OP02-037_p1,Uta,OP02/parallel/OP02-037_p1.png,0,0,0,0,0,0,0
OP02-039,base,Base,OP02-039,Paramount War,,1,0,0,0,0,0,0
OP02-039,parallel 1,Parallel 1,OP02-039_p1,Uta,OP02/parallel/OP02-039_p1.png,0,0,0,0,0,0,0
OP02-040,base,Base,OP02-040,Paramount War,,1,0,0,0,0,0,0
OP02-040,parallel 1,Parallel 1,OP02-040_p1,Uta,OP02/parallel/OP02-040_p1.png,0,0,0,0,0,0,0
OP02-041,base,Base,OP02-041,Paramount War,,1,0,0,0,0,0,0
OP02-041,parallel 1,Parallel 1,OP02-041_p1,Paramount War,OP02/parallel/OP02-041_p1.png,0,0,0,0,0,0,0
OP02-041,parallel 2,Parallel 2,OP02-041_p2,Uta,OP02/parallel/OP02-041_p2.png,0,0,0,0,0,0,0
OP02-043,base,Base,OP02-043,Paramount War,,1,0,0,0,0,0,0
OP02-043,parallel 1,Parallel 1,OP02-043_p1,Uta,OP02/parallel/OP02-043_p1.png,0,0,0,0,0,0,0
OP02-045,base,Base,OP02-045,Paramount War,,1,0,0,0,0,0,0
OP02-045,parallel 1,Parallel 1,OP02-045_p1,Uta,OP02/parallel/OP02-045_p1.png,0,0,0,0,0,0,0
OP02-049,base,Base,OP02-049,Paramount War,,1,0,0,0,0,0,0
OP02-049,parallel 1,Parallel 1,OP02-049_p1,Paramount War,OP02/parallel/OP02-049_p1.png,0,0,0,0,0,0,0
OP02-051,base,Base,OP02-051,Paramount War,,1,0,0,0,0,0,0
OP02-051,parallel 1,Parallel 1,OP02-051_p1,Paramount War,OP02/parallel/OP02-051_p1.png,0,0,0,0,0,0,0
OP02-054,base,Base,OP02-054,Paramount War,,1,0,0,0,0,0,0
OP02-054,r1,R1,OP02-054_r1,Blue Donquixote Doflamingo,OP02/base/OP02-054_r1.png,0,0,0,0,0,0,0
OP02-057,base,Base,OP02-057,Paramount War,,1,0,0,0,0,0,0
OP02-057,r1,R1,OP02-057_r1,Blue Donquixote Doflamingo,OP02/base/OP02-057_r1.png,0,0,0,0,0,0,0
OP02-058,base,Base,OP02-058,Paramount War,,1,0,0,0,0,0,0
OP02-058,parallel 1,Parallel 1,OP02-058_p1,Paramount War,OP02/parallel/OP02-058_p1.png,0,0,0,0,0,0,0
OP02-059,base,Base,OP02-059,Paramount War,,1,0,0,0,0,0,0
OP02-059,parallel 1,Parallel 1,OP02-059_p1,Paramount War,OP02/parallel/OP02-059_p1.png,0,0,0,0,0,0,0
OP02-059,parallel 2,Parallel 2,OP02-059_p2,Other Product Card,OP02/parallel/OP02-059_p2.png,0,0,0,0,0,0,0
OP02-062,base,Base,OP02-062,Paramount War,,1,0,0,0,0,0,0
OP02-062,parallel 1,Parallel 1,OP02-062_p1,Paramount War,OP02/parallel/OP02-062_p1.png,0,0,0,0,0,0,0
OP02-063,base,Base,OP02-063,Paramount War,,1,0,0,0,0,0,0
OP02-063,parallel 1,Parallel 1,OP02-063_p1,Promotion Card,OP02/parallel/OP02-063_p1.png,0,0,0,0,0,0,0
OP02-068,base,Base,OP02-068,Paramount War,,1,0,0,0,0,0,0
OP02-068,parallel 1,Parallel 1,OP02-068_p1,One Piece Card The Best Vol.2,OP02/parallel/OP02-068_p1.png,0,0,0,0,0,0,0
OP02-068,r1,R1,OP02-068_r1,One Piece Card The Best Vol.2,OP02/base/OP02-068_r1.png,0,0,0,0,0,0,0
OP02-071,base,Base,OP02-071,Paramount War,,1,0,0,0,0,0,0
OP02-071,parallel 1,Parallel 1,OP02-071_p1,Paramount War,OP02/parallel/OP02-071_p1.png,0,0,0,0,0,0,0
OP02-072,base,Base,OP02-072,Paramount War,,1,0,0,0,0,0,0
OP02-072,parallel 1,Parallel 1,OP02-072_p1,Paramount War,OP02/parallel/OP02-072_p1.png,0,0,0,0,0,0,0
OP02-073,base,Base,OP02-073,Paramount War,,1,0,0,0,0,0,0
OP02-073,parallel 1,Parallel 1,OP02-073_p1,Paramount War,OP02/parallel/OP02-073_p1.png,0,0,0,0,0,0,0
OP02-085,base,Base,OP02-085,Paramount War,,1,0,0,0,0,0,0
OP02-085,parallel 1,Parallel 1,OP02-085_p1,Paramount War,OP02/parallel/OP02-085_p1.png,0,0,0,0,0,0,0
OP02-085,parallel 2,Parallel 2,OP02-085_p2,Kingdoms Of Intrigue,OP02/parallel/OP02-085_p2.png,0,0,0,0,0,0,0
OP02-086,base,Base,OP02-086,Paramount War,,1,0,0,0,0,0,0
OP02-086,parallel 1,Parallel 1,OP02-086_p1,Paramount War,OP02/parallel/OP02-086_p1.png,0,0,0,0,0,0,0
OP02-089,base,Base,OP02-089,Paramount War,,1,0,0,0,0,0,0
OP02-089,parallel 2,Parallel 2,OP02-089_p2,One Piece Card The Best,OP02/parallel/OP02-089_p2.png,0,0,0,0,0,0,0
OP02-089,parallel 3,Parallel 3,OP02-089_p3,One Piece Card The Best,OP02/parallel/OP02-089_p3.png,0,0,0,0,0,0,0
OP02-089,parallel 4,Parallel 4,OP02-089_p4,One Piece Card The Best,OP02/parallel/OP02-089_p4.png,0,0,0,0,0,0,0
OP02-089,r1,R1,OP02-089_r1,One Piece Card The Best,OP02/base/OP02-089_r1.png,0,0,0,0,0,0,0
OP02-093,base,Base,OP02-093,Paramount War,,1,0,0,0,0,0,0
OP02-093,parallel 1,Parallel 1,OP02-093_p1,Paramount War,OP02/parallel/OP02-093_p1.png,0,0,0,0,0,0,0
OP02-093,parallel 2,Parallel 2,OP02-093_p2,Black Smoker,OP02/parallel/OP02-093_p2.png,0,0,0,0,0,0,0
OP02-096,base,Base,OP02-096,Paramount War,,1,0,0,0,0,0,0
OP02-096,parallel 1,Parallel 1,OP02-096_p1,Paramount War,OP02/parallel/OP02-096_p1.png,0,0,0,0,0,0,0
OP02-096,parallel 3,Parallel 3,OP02-096_p3,One Piece Card The Best,OP02/parallel/OP02-096_p3.png,0,0,0,0,0,0,0
OP02-096,r1,R1,OP02-096_r1,One Piece Card The Best,OP02/base/OP02-096_r1.png,0,0,0,0,0,0,0
OP02-098,base,Base,OP02-098,Paramount War,,1,0,0,0,0,0,0
OP02-098,parallel 1,Parallel 1,OP02-098_p1,Promotion Card,OP02/parallel/OP02-098_p1.png,0,0,0,0,0,0,0
OP02-098,r1,R1,OP02-098_r1,Black Smoker,OP02/base/OP02-098_r1.png,0,0,0,0,0,0,0
OP02-099,base,Base,OP02-099,Paramount War,,1,0,0,0,0,0,0
OP02-099,parallel 1,Parallel 1,OP02-099_p1,Paramount War,OP02/parallel/OP02-099_p1.png,0,0,0,0,0,0,0
OP02-099,parallel 2,Parallel 2,OP02-099_p2,Kingdoms Of Intrigue,OP02/parallel/OP02-099_p2.png,0,0,0,0,0,0,0
OP02-099,parallel 4,Parallel 4,OP02-099_p4,One Piece Card The Best,OP02/parallel/OP02-099_p4.png,0,0,0,0,0,0,0
OP02-099,r1,R1,OP02-099_r1,One Piece Card The Best,OP02/base/OP02-099_r1.png,0,0,0,0,0,0,0
OP02-105,base,Base,OP02-105,Paramount War,,1,0,0,0,0,0,0
OP02-105,parallel 1,Parallel 1,OP02-105_p1,Paramount War,OP02/parallel/OP02-105_p1.png,0,0,0,0,0,0,0
OP02-106,base,Base,OP02-106,Paramount War,,1,0,0,0,0,0,0
OP02-106,parallel 1,Parallel 1,OP02-106_p1,Promotion Card,OP02/parallel/OP02-106_p1.png,0,0,0,0,0,0,0
OP02-106,parallel 4,Parallel 4,OP02-106_p4,One Piece Card The Best,OP02/parallel/OP02-106_p4.png,0,0,0,0,0,0,0
OP02-106,parallel 5,Parallel 5,OP02-106_p5,One Piece Card The Best,OP02/parallel/OP02-106_p5.png,0,0,0,0,0,0,0
OP02-106,parallel 6,Parallel 6,OP02-106_p6,Other Product Card,OP02/parallel/OP02-106_p6.png,0,0,0,0,0,0,0
OP02-106,r1,R1,OP02-106_r1,Black Smoker,OP02/base/OP02-106_r1.png,0,0,0,0,0,0,0
OP02-106,r2,R2,OP02-106_r2,One Piece Card The Best,OP02/base/OP02-106_r2.png,0,0,0,0,0,0,0
OP02-108,base,Base,OP02-108,Paramount War,,1,0,0,0,0,0,0
OP02-108,parallel 1,Parallel 1,OP02-108_p1,Paramount War,OP02/parallel/OP02-108_p1.png,0,0,0,0,0,0,0
OP02-108,r1,R1,OP02-108_r1,Black Smoker,OP02/base/OP02-108_r1.png,0,0,0,0,0,0,0
OP02-109,base,Base,OP02-109,Paramount War,,1,0,0,0,0,0,0
OP02-109,r1,R1,OP02-109_r1,Black Smoker,OP02/base/OP02-109_r1.png,0,0,0,0,0,0,0
OP02-113,base,Base,OP02-113,Paramount War,,1,0,0,0,0,0,0
OP02-113,r1,R1,OP02-113_r1,Black Smoker,OP02/base/OP02-113_r1.png,0,0,0,0,0,0,0
OP02-114,base,Base,OP02-114,Paramount War,,1,0,0,0,0,0,0
OP02-114,parallel 1,Parallel 1,OP02-114_p1,Paramount War,OP02/parallel/OP02-114_p1.png,0,0,0,0,0,0,0
OP02-114,parallel 3,Parallel 3,OP02-114_p3,One Piece Card The Best,OP02/parallel/OP02-114_p3.png,0,0,0,0,0,0,0
OP02-114,r1,R1,OP02-114_r1,One Piece Card The Best,OP02/base/OP02-114_r1.png,0,0,0,0,0,0,0
OP02-115,base,Base,OP02-115,Paramount War,,1,0,0,0,0,0,0
OP02-115,parallel 1,Parallel 1,OP02-115_p1,Paramount War,OP02/parallel/OP02-115_p1.png,0,0,0,0,0,0,0
OP02-116,base,Base,OP02-116,Paramount War,,1,0,0,0,0,0,0
OP02-116,r1,R1,OP02-116_r1,Black Smoker,OP02/base/OP02-116_r1.png,0,0,0,0,0,0,0
OP02-117,base,Base,OP02-117,Paramount War,,1,0,0,0,0,0,0
OP02-117,parallel 5,Parallel 5,OP02-117_p5,One Piece Card The Best,OP02/parallel/OP02-117_p5.png,0,0,0,0,0,0,0
OP02-117,parallel 6,Parallel 6,OP02-117_p6,One Piece Card The Best,OP02/parallel/OP02-117_p6.png,0,0,0,0,0,0,0
OP02-117,parallel 7,Parallel 7,OP02-117_p7,Other Product Card,OP02/parallel/OP02-117_p7.png,0,0,0,0,0,0,0
OP02-117,r1,R1,OP02-117_r1,Black Smoker,OP02/base/OP02-117_r1.png,0,0,0,0,0,0,0
OP02-117,r2,R2,OP02-117_r2,One Piece Card The Best,OP02/base/OP02-117_r2.png,0,0,0,0,0,0,0
OP02-120,base,Base,OP02-120,Paramount War,,1,0,0,0,0,0,0
OP02-120,parallel 1,Parallel 1,OP02-120_p1,Paramount War,OP02/parallel/OP02-120_p1.png,0,0,0,0,0,0,0
OP02-120,parallel 2,Parallel 2,OP02-120_p2,Awakening Of The New Era,OP02/parallel/OP02-120_p2.png,0,0,0,0,0,0,0
OP02-121,base,Base,OP02-121,Paramount War,,1,0,0,0,0,0,0
OP02-121,parallel 1,Parallel 1,OP02-121_p1,Paramount War,OP02/parallel/OP02-121_p1.png,0,0,0,0,0,0,0
OP02-121,parallel 3,Parallel 3,OP02-121_p3,One Piece Card The Best,OP02/parallel/OP02-121_p3.png,0,0,0,0,0,0,0
OP02-121,r1,R1,OP02-121_r1,One Piece Card The Best,OP02/base/OP02-121_r1.png,0,0,0,0,0,0,0
OP03-001,base,Base,OP03-001,Pillars Of Strength,,1,0,0,0,0,0,0
OP03-001,parallel 1,Parallel 1,OP03-001_p1,Pillars Of Strength,OP03/parallel/OP03-001_p1.png,0,0,0,0,0,0,0
OP03-001,parallel 2,Parallel 2,OP03-001_p2,Other Product Card,OP03/parallel/OP03-001_p2.png,0,0,0,0,0,0,0
OP03-003,base,Base,OP03-003,Pillars Of Strength,,1,0,0,0,0,0,0
OP03-003,parallel 1,Parallel 1,OP03-003_p1,500 Years In The Future,OP03/parallel/OP03-003_p1.png,0,0,0,0,0,0,0
OP03-003,parallel 4,Parallel 4,OP03-003_p4,One Piece Card The Best,OP03/parallel/OP03-003_p4.png,0,0,0,0,0,0,0
OP03-003,parallel 5,Parallel 5,OP03-003_p5,One Piece Card The Best,OP03/parallel/OP03-003_p5.png,0,0,0,0,0,0,0
OP03-003,parallel 6,Parallel 6,OP03-003_p6,One Piece Card The Best,OP03/parallel/OP03-003_p6.png,0,0,0,0,0,0,0
OP03-003,r1,R1,OP03-003_r1,Red Edward.newgate,OP03/base/OP03-003_r1.png,0,0,0,0,0,0,0
OP03-003,r2,R2,OP03-003_r2,One Piece Card The Best,OP03/base/OP03-003_r2.png,0,0,0,0,0,0,0
OP03-006,base,Base,OP03-006,Pillars Of Strength,,1,0,0,0,0,0,0
OP03-006,r1,R1,OP03-006_r1,Red Edward.newgate,OP03/base/OP03-006_r1.png,0,0,0,0,0,0,0
OP03-007,base,Base,OP03-007,Pillars Of Strength,,1,0,0,0,0,0,0
OP03-007,r1,R1,OP03-007_r1,Red Edward.newgate,OP03/base/OP03-007_r1.png,0,0,0,0,0,0,0
OP03-008,base,Base,OP03-008,Pillars Of Strength,OP03/sp/OP03-008_sp.png,1,1,0,0,0,0,0
OP03-008,parallel 1,Parallel 1,OP03-008_p1,Wings Of The Captain,OP03/parallel/OP03-008_p1.png,0,1,0,0,0,0,0
OP03-008,parallel 2,Parallel 2,OP03-008_p2,One Piece Card The Best Vol.2,OP03/parallel/OP03-008_p2.png,0,1,0,0,0,0,0
OP03-008,r1,R1,OP03-008_r1,One Piece Card The Best Vol.2,OP03/base/OP03-008_r1.png,0,1,0,0,0,0,0
OP03-009,base,Base,OP03-009,Pillars Of Strength,,1,0,0,0,0,0,0
OP03-009,r1,R1,OP03-009_r1,Red Edward.newgate,OP03/base/OP03-009_r1.png,0,0,0,0,0,0,0
OP03-010,base,Base,OP03-010,Pillars Of Strength,,1,0,0,0,0,0,0
OP03-010,r1,R1,OP03-010_r1,Red Edward.newgate,OP03/base/OP03-010_r1.png,0,0,0,0,0,0,0
OP03-013,base,Base,OP03-013,Pillars Of Strength,,1,0,0,0,0,0,0
OP03-013,parallel 1,Parallel 1,OP03-013_p1,Pillars Of Strength,OP03/parallel/OP03-013_p1.png,0,0,0,0,0,0,0
OP03-013,parallel 2,Parallel 2,OP03-013_p2,Other Product Card,OP03/parallel/OP03-013_p2.png,0,0,0,0,0,0,0
OP03-018,base,Base,OP03-018,Pillars Of Strength,,1,0,0,0,0,0,0
OP03-018,parallel 1,Parallel 1,OP03-018_p1,Pillars Of Strength,OP03/parallel/OP03-018_p1.png,0,0,0,0,0,0,0
OP03-021,base,Base,OP03-021,Pillars Of Strength,,1,0,0,0,0,0,0
OP03-021,parallel 1,Parallel 1,OP03-021_p1,Pillars Of Strength,OP03/parallel/OP03-021_p1.png,0,0,0,0,0,0,0
OP03-022,base,Base,OP03-022,Pillars Of Strength,,1,0,0,0,0,0,0
OP03-022,parallel 1,Parallel 1,OP03-022_p1,Pillars Of Strength,OP03/parallel/OP03-022_p1.png,0,0,0,0,0,0,0
OP03-024,base,Base,OP03-024,Pillars Of Strength,,1,0,0,0,0,0,0
OP03-024,parallel 1,Parallel 1,OP03-024_p1,Pillars Of Strength,OP03/parallel/OP03-024_p1.png,0,0,0,0,0,0,0
OP03-025,base,Base,OP03-025,Pillars Of Strength,,1,0,0,0,0,0,0
OP03-025,parallel 1,Parallel 1,OP03-025_p1,Pillars Of Strength,OP03/parallel/OP03-025_p1.png,0,0,0,0,0,0,0
OP03-033,base,Base,OP03-033,Pillars Of Strength,,1,0,0,0,0,0,0
OP03-033,parallel 1,Parallel 1,OP03-033_p1,Promotion Card,OP03/parallel/OP03-033_p1.png,0,0,0,0,0,0,0
OP03-040,base,Base,OP03-040,Pillars Of Strength,,1,0,0,0,0,0,0
OP03-040,parallel 1,Parallel 1,OP03-040_p1,Pillars Of Strength,OP03/parallel/OP03-040_p1.png,0,0,0,0,0,0,0
OP03-041,base,Base,OP03-041,Pillars Of Strength,,1,0,0,0,0,0,0
OP03-041,parallel 1,Parallel 1,OP03-041_p1,Pillars Of Strength,OP03/parallel/OP03-041_p1.png,0,0,0,0,0,0,0
OP03-044,base,Base,OP03-044,Pillars Of Strength,,1,0,0,0,0,0,0
OP03-044,parallel 1,Parallel 1,OP03-044_p1,Promotion Card,OP03/parallel/OP03-044_p1.png,0,0,0,0,0,0,0
OP03-044,parallel 2,Parallel 2,OP03-044_p2,Other Product Card,OP03/parallel/OP03-044_p2.png,0,0,0,0,0,0,0
OP03-044,r1,R1,OP03-044_r1,One Piece Card The Best Vol.2,OP03/base/OP03-044_r1.png,0,0,0,0,0,0,0
OP03-047,base,Base,OP03-047,Pillars Of Strength,,1,0,0,0,0,0,0
OP03-047,parallel 1,Parallel 1,OP03-047_p1,Pillars Of Strength,OP03/parallel/OP03-047_p1.png,0,0,0,0,0,0,0
OP03-048,base,Base,OP03-048,Pillars Of Strength,,1,0,0,0,0,0,0
OP03-048,parallel 1,Parallel 1,OP03-048_p1,One Piece Card The Best Vol.2,OP03/parallel/OP03-048_p1.png,0,0,0,0,0,0,0
OP03-048,r1,R1,OP03-048_r1,One Piece Card The Best Vol.2,OP03/base/OP03-048_r1.png,0,0,0,0,0,0,0
OP03-055,base,Base,OP03-055,Pillars Of Strength,,1,0,0,0,0,0,0
OP03-055,parallel 2,Parallel 2,OP03-055_p2,One Piece Card The Best,OP03/parallel/OP03-055_p2.png,0,0,0,0,0,0,0
OP03-055,parallel 3,Parallel 3,OP03-055_p3,One Piece Card The Best,OP03/parallel/OP03-055_p3.png,0,0,0,0,0,0,0
OP03-055,r1,R1,OP03-055_r1,One Piece Card The Best,OP03/base/OP03-055_r1.png,0,0,0,0,0,0,0
OP03-056,base,Base,OP03-056,Pillars Of Strength,,1,0,0,0,0,0,0
OP03-056,parallel 2,Parallel 2,OP03-056_p2,One Piece Card The Best,OP03/parallel/OP03-056_p2.png,0,0,0,0,0,0,0
OP03-056,parallel 3,Parallel 3,OP03-056_p3,One Piece Card The Best,OP03/parallel/OP03-056_p3.png,0,0,0,0,0,0,0
OP03-056,parallel 4,Parallel 4,OP03-056_p4,One Piece Card The Best,OP03/parallel/OP03-056_p4.png,0,0,0,0,0,0,0
OP03-056,r1,R1,OP03-056_r1,One Piece Card The Best,OP03/base/OP03-056_r1.png,0,0,0,0,0,0,0
OP03-057,base,Base,OP03-057,Pillars Of Strength,,1,0,0,0,0,0,0
OP03-057,parallel 2,Parallel 2,OP03-057_p2,One Piece Card The Best,OP03/parallel/OP03-057_p2.png,0,0,0,0,0,0,0
OP03-057,parallel 3,Parallel 3,OP03-057_p3,One Piece Card The Best,OP03/parallel/OP03-057_p3.png,0,0,0,0,0,0,0
OP03-057,parallel 4,Parallel 4,OP03-057_p4,One Piece Card The Best,OP03/parallel/OP03-057_p4.png,0,0,0,0,0,0,0
OP03-057,r1,R1,OP03-057_r1,One Piece Card The Best,OP03/base/OP03-057_r1.png,0,0,0,0,0,0,0
OP03-058,base,Base,OP03-058,Pillars Of Strength,,1,0,0,0,0,0,0
OP03-058,parallel 1,Parallel 1,OP03-058_p1,Pillars Of Strength,OP03/parallel/OP03-058_p1.png,0,0,0,0,0,0,0
OP03-060,base,Base,OP03-060,Pillars Of Strength,,1,0,0,0,0,0,0
OP03-060,parallel 2,Parallel 2,OP03-060_p2,One Piece Card The Best,OP03/parallel/OP03-060_p2.png,0,0,0,0,0,0,0
OP03-060,parallel 3,Parallel 3,OP03-060_p3,One Piece Card The Best,OP03/parallel/OP03-060_p3.png,0,0,0,0,0,0,0
OP03-060,r1,R1,OP03-060_r1,One Piece Card The Best,OP03/base/OP03-060_r1.png,0,0,0,0,0,0,0
OP03-066,base,Base,OP03-066,Pillars Of Strength,,1,0,0,0,0,0,0
OP03-066,parallel 1,Parallel 1,OP03-066_p1,Pillars Of Strength,OP03/parallel/OP03-066_p1.png,0,0,0,0,0,0,0
OP03-072,base,Base,OP03-072,Pillars Of Strength,,1,0,0,0,0,0,0
OP03-072,parallel 1,Parallel 1,OP03-072_p1,One Piece Card The Best Vol.2,OP03/parallel/OP03-072_p1.png,0,0,0,0,0,0,0
OP03-072,r1,R1,OP03-072_r1,One Piece Card The Best Vol.2,OP03/base/OP03-072_r1.png,0,0,0,0,0,0,0
OP03-076,base,Base,OP03-076,Pillars Of Strength,,1,0,0,0,0,0,0
OP03-076,parallel 1,Parallel 1,OP03-076_p1,Pillars Of Strength,OP03/parallel/OP03-076_p1.png,0,0,0,0,0,0,0
OP03-077,base,Base,OP03-077,Pillars Of Strength,,1,0,0,0,0,0,0
OP03-077,parallel 1,Parallel 1,OP03-077_p1,Pillars Of Strength,OP03/parallel/OP03-077_p1.png,0,0,0,0,0,0,0
OP03-078,base,Base,OP03-078,Pillars Of Strength,,1,0,0,0,0,0,0
OP03-078,parallel 1,Parallel 1,OP03-078_p1,Pillars Of Strength,OP03/parallel/OP03-078_p1.png,0,0,0,0,0,0,0
OP03-078,parallel 2,Parallel 2,OP03-078_p2,500 Years In The Future,OP03/parallel/OP03-078_p2.png,0,0,0,0,0,0,0
OP03-079,base,Base,OP03-079,Pillars Of Strength,,1,0,0,0,0,0,0
OP03-079,parallel 3,Parallel 3,OP03-079_p3,One Piece Card The Best,OP03/parallel/OP03-079_p3.png,0,0,0,0,0,0,0
OP03-079,parallel 4,Parallel 4,OP03-079_p4,One Piece Card The Best,OP03/parallel/OP03-079_p4.png,0,0,0,0,0,0,0
OP03-079,r1,R1,OP03-079_r1,Black Smoker,OP03/base/OP03-079_r1.png,0,0,0,0,0,0,0
OP03-079,r2,R2,OP03-079_r2,One Piece Card The Best,OP03/base/OP03-079_r2.png,0,0,0,0,0,0,0
OP03-080,base,Base,OP03-080,Pillars Of Strength,,1,0,0,0,0,0,0
OP03-080,parallel 1,Parallel 1,OP03-080_p1,Pillars Of Strength,OP03/parallel/OP03-080_p1.png,0,0,0,0,0,0,0
OP03-081,base,Base,OP03-081,Pillars Of Strength,,1,0,0,0,0,0,0
OP03-081,parallel 1,Parallel 1,OP03-081_p1,Pillars Of Strength,OP03/parallel/OP03-081_p1.png,0,0,0,0,0,0,0
OP03-086,base,Base,OP03-086,Pillars Of Strength,,1,0,0,0,0,0,0
OP03-086,parallel 1,Parallel 1,OP03-086_p1,Pillars Of Strength,OP03/parallel/OP03-086_p1.png,0,0,0,0,0,0,0
OP03-088,base,Base,OP03-088,Pillars Of Strength,,1,0,0,0,0,0,0
OP03-088,parallel 1,Parallel 1,OP03-088_p1,Promotion Card,OP03/parallel/OP03-088_p1.png,0,0,0,0,0,0,0
OP03-088,parallel 2,Parallel 2,OP03-088_p2,Other Product Card,OP03/parallel/OP03-088_p2.png,0,0,0,0,0,0,0
OP03-089,base,Base,OP03-089,Pillars Of Strength,,1,0,0,0,0,0,0
OP03-089,parallel 1,Parallel 1,OP03-089_p1,Promotion Card,OP03/parallel/OP03-089_p1.png,0,0,0,0,0,0,0
OP03-089,parallel 4,Parallel 4,OP03-089_p4,One Piece Card The Best,OP03/parallel/OP03-089_p4.png,0,0,0,0,0,0,0
OP03-089,parallel 5,Parallel 5,OP03-089_p5,One Piece Card The Best,OP03/parallel/OP03-089_p5.png,0,0,0,0,0,0,0
OP03-089,parallel 6,Parallel 6,OP03-089_p6,One Piece Card The Best,OP03/parallel/OP03-089_p6.png,0,0,0,0,0,0,0
OP03-089,r1,R1,OP03-089_r1,Black Smoker,OP03/base/OP03-089_r1.png,0,0,0,0,0,0,0
OP03-089,r2,R2,OP03-089_r2,One Piece Card The Best,OP03/base/OP03-089_r2.png,0,0,0,0,0,0,0
OP03-092,base,Base,OP03-092,Pillars Of Strength,,1,0,0,0,0,0,0
OP03-092,parallel 1,Parallel 1,OP03-092_p1,Pillars Of Strength,OP03/parallel/OP03-092_p1.png,0,0,0,0,0,0,0
OP03-092,parallel 2,Parallel 2,OP03-092_p2,Awakening Of The New Era,OP03/parallel/OP03-092_p2.png,0,0,0,0,0,0,0
OP03-094,base,Base,OP03-094,Pillars Of Strength,,1,0,0,0,0,0,0
OP03-094,parallel 2,Parallel 2,OP03-094_p2,One Piece Card The Best,OP03/parallel/OP03-094_p2.png,0,0,0,0,0,0,0
OP03-094,parallel 3,Parallel 3,OP03-094_p3,One Piece Card The Best,OP03/parallel/OP03-094_p3.png,0,0,0,0,0,0,0
OP03-094,r1,R1,OP03-094_r1,One Piece Card The Best,OP03/base/OP03-094_r1.png,0,0,0,0,0,0,0
OP03-097,base,Base,OP03-097,Pillars Of Strength,,1,0,0,0,0,0,0
OP03-097,r1,R1,OP03-097_r1,One Piece Card The Best Vol.2,OP03/base/OP03-097_r1.png,0,0,0,0,0,0,0
OP03-099,base,Base,OP03-099,Pillars Of Strength,,1,0,0,0,0,0,0
OP03-099,parallel 1,Parallel 1,OP03-099_p1,Pillars Of Strength,OP03/parallel/OP03-099_p1.png,0,0,0,0,0,0,0
OP03-099,parallel 2,Parallel 2,OP03-099_p2,Yellow Charlotte Katakuri,OP03/parallel/OP03-099_p2.png,0,0,0,0,0,0,0
OP03-102,base,Base,OP03-102,Pillars Of Strength,,1,0,0,0,0,0,0
OP03-102,parallel 1,Parallel 1,OP03-102_p1,Promotion Card,OP03/parallel/OP03-102_p1.png,0,0,0,0,0,0,0
OP03-102,parallel 2,Parallel 2,OP03-102_p2,Other Product Card,OP03/parallel/OP03-102_p2.png,0,0,0,0,0,0,0
OP03-106,base,Base,OP03-106,Pillars Of Strength,,1,0,0,0,0,0,0
OP03-106,r1,R1,OP03-106_r1,Yellow Charlotte Katakuri,OP03/base/OP03-106_r1.png,0,0,0,0,0,0,0
OP03-107,base,Base,OP03-107,Pillars Of Strength,,1,0,0,0,0,0,0
OP03-107,r1,R1,OP03-107_r1,Yellow Charlotte Katakuri,OP03/base/OP03-107_r1.png,0,0,0,0,0,0,0
OP03-108,base,Base,OP03-108,Pillars Of Strength,,1,0,0,0,0,0,0
OP03-108,parallel 1,Parallel 1,OP03-108_p1,Pillars Of Strength,OP03/parallel/OP03-108_p1.png,0,0,0,0,0,0,0
OP03-108,parallel 3,Parallel 3,OP03-108_p3,One Piece Card The Best,OP03/parallel/OP03-108_p3.png,0,0,0,0,0,0,0
OP03-108,r1,R1,OP03-108_r1,One Piece Card The Best,OP03/base/OP03-108_r1.png,0,0,0,0,0,0,0
OP03-110,base,Base,OP03-110,Pillars Of Strength,,1,0,0,0,0,0,0
OP03-110,parallel 3,Parallel 3,OP03-110_p3,One Piece Card The Best,OP03/parallel/OP03-110_p3.png,0,0,0,0,0,0,0
OP03-110,parallel 4,Parallel 4,OP03-110_p4,One Piece Card The Best,OP03/parallel/OP03-110_p4.png,0,0,0,0,0,0,0
OP03-110,parallel 5,Parallel 5,OP03-110_p5,One Piece Card The Best,OP03/parallel/OP03-110_p5.png,0,0,0,0,0,0,0
OP03-110,r1,R1,OP03-110_r1,Yellow Charlotte Katakuri,OP03/base/OP03-110_r1.png,0,0,0,0,0,0,0
OP03-110,r2,R2,OP03-110_r2,One Piece Card The Best,OP03/base/OP03-110_r2.png,0,0,0,0,0,0,0
OP03-112,base,Base,OP03-112,Pillars Of Strength,,1,0,0,0,0,0,0
OP03-112,parallel 1,Parallel 1,OP03-112_p1,Pillars Of Strength,OP03/parallel/OP03-112_p1.png,0,0,0,0,0,0,0
OP03-112,parallel 2,Parallel 2,OP03-112_p2,Promotion Card,OP03/parallel/OP03-112_p2.png,0,0,0,0,0,0,0
OP03-112,parallel 3,Parallel 3,OP03-112_p3,Promotion Card,OP03/parallel/OP03-112_p3.png,0,0,0,0,0,0,0
OP03-112,parallel 4,Parallel 4,OP03-112_p4,Two Legends,OP03/parallel/OP03-112_p4.png,0,0,0,0,0,0,0
OP03-112,parallel 6,Parallel 6,OP03-112_p6,Promotion Card,OP03/parallel/OP03-112_p6.png,0,0,0,0,0,0,0
OP03-112,r1,R1,OP03-112_r1,Yellow Charlotte Katakuri,OP03/base/OP03-112_r1.png,0,0,0,0,0,0,0
OP03-113,base,Base,OP03-113,Pillars Of Strength,,1,0,0,0,0,0,0
OP03-113,parallel 1,Parallel 1,OP03-113_p1,Pillars Of Strength,OP03/parallel/OP03-113_p1.png,0,0,0,0,0,0,0
OP03-113,parallel 3,Parallel 3,OP03-113_p3,One Piece Card The Best,OP03/parallel/OP03-113_p3.png,0,0,0,0,0,0,0
OP03-113,r1,R1,OP03-113_r1,One Piece Card The Best,OP03/base/OP03-113_r1.png,0,0,0,0,0,0,0
OP03-114,base,Base,OP03-114,Pillars Of Strength,OP03/sp/OP03-114_sp.png,1,1,0,0,0,0,0
OP03-114,parallel 1,Parallel 1,OP03-114_p1,Pillars Of Strength,OP03/parallel/OP03-114_p1.png,0,1,0,0,0,0,0
OP03-114,parallel 2,Parallel 2,OP03-114_p2,Wings Of The Captain,OP03/parallel/OP03-114_p2.png,0,1,0,0,0,0,0
OP03-114,parallel 3,Parallel 3,OP03-114_p3,Promotion Card,OP03/parallel/OP03-114_p3.png,0,1,0,0,0,0,0
OP03-115,base,Base,OP03-115,Pillars Of Strength,,1,0,0,0,0,0,0
OP03-115,r1,R1,OP03-115_r1,Yellow Charlotte Katakuri,OP03/base/OP03-115_r1.png,0,0,0,0,0,0,0
OP03-116,base,Base,OP03-116,Pillars Of Strength,,1,0,0,0,0,0,0
OP03-116,parallel 1,Parallel 1,OP03-116_p1,Promotion Card,OP03/parallel/OP03-116_p1.png,0,0,0,0,0,0,0
OP03-116,parallel 2,Parallel 2,OP03-116_p2,Promotion Card,OP03/parallel/OP03-116_p2.png,0,0,0,0,0,0,0
OP03-116,parallel 3,Parallel 3,OP03-116_p3,Promotion Card,OP03/parallel/OP03-116_p3.png,0,0,0,0,0,0,0
OP03-116,parallel 5,Parallel 5,OP03-116_p5,One Piece Card The Best,OP03/parallel/OP03-116_p5.png,0,0,0,0,0,0,0
OP03-116,parallel 6,Parallel 6,OP03-116_p6,One Piece Card The Best,OP03/parallel/OP03-116_p6.png,0,0,0,0,0,0,0
OP03-116,parallel 7,Parallel 7,OP03-116_p7,Other Product Card,OP03/parallel/OP03-116_p7.png,0,0,0,0,0,0,0
OP03-116,r1,R1,OP03-116_r1,One Piece Card The Best,OP03/base/OP03-116_r1.png,0,0,0,0,0,0,0
OP03-118,base,Base,OP03-118,Pillars Of Strength,,1,0,0,0,0,0,0
OP03-118,r1,R1,OP03-118_r1,Yellow Charlotte Katakuri,OP03/base/OP03-118_r1.png,0,0,0,0,0,0,0
OP03-121,base,Base,OP03-121,Pillars Of Strength,,1,0,0,0,0,0,0
OP03-121,parallel 3,Parallel 3,OP03-121_p3,One Piece Card The Best,OP03/parallel/OP03-121_p3.png,0,0,0,0,0,0,0
OP03-121,parallel 4,Parallel 4,OP03-121_p4,One Piece Card The Best,OP03/parallel/OP03-121_p4.png,0,0,0,0,0,0,0
OP03-121,parallel 5,Parallel 5,OP03-121_p5,Other Product Card,OP03/parallel/OP03-121_p5.png,0,0,0,0,0,0,0
OP03-121,r1,R1,OP03-121_r1,Yellow Charlotte Katakuri,OP03/base/OP03-121_r1.png,0,0,0,0,0,0,0
OP03-121,r2,R2,OP03-121_r2,One Piece Card The Best,OP03/base/OP03-121_r2.png,0,0,0,0,0,0,0
OP03-122,base,Base,OP03-122,Pillars Of Strength,,1,0,0,0,0,0,0
OP03-122,parallel 1,Parallel 1,OP03-122_p1,Pillars Of Strength,OP03/parallel/OP03-122_p1.png,0,0,0,0,0,0,0
OP03-122,parallel 2,Parallel 2,OP03-122_p2,Pillars Of Strength,OP03/parallel/OP03-122_p2.png,0,0,0,0,0,0,0
OP03-122,r1,R1,OP03-122_r1,One Piece Card The Best,OP03/base/OP03-122_r1.png,0,0,0,0,0,0,0
OP03-123,base,Base,OP03-123,Pillars Of Strength,,1,0,0,0,0,0,0
OP03-123,parallel 1,Parallel 1,OP03-123_p1,Pillars Of Strength,OP03/parallel/OP03-123_p1.png,0,0,0,0,0,0,0
OP03-123,parallel 2,Parallel 2,OP03-123_p2,Promotion Card,OP03/parallel/OP03-123_p2.png,0,0,0,0,0,0,0
OP03-123,parallel 4,Parallel 4,OP03-123_p4,One Piece Card The Best,OP03/parallel/OP03-123_p4.png,0,0,0,0,0,0,0
OP03-123,r1,R1,OP03-123_r1,One Piece Card The Best,OP03/base/OP03-123_r1.png,0,0,0,0,0,0,0
OP04-001,base,Base,OP04-001,Kingdoms Of Intrigue,,1,0,0,0,0,0,0
OP04-001,parallel 1,Parallel 1,OP04-001_p1,Kingdoms Of Intrigue,OP04/parallel/OP04-001_p1.png,0,0,0,0,0,0,0
OP04-010,base,Base,OP04-010,Kingdoms Of Intrigue,,1,0,0,0,0,0,0
OP04-010,parallel 1,Parallel 1,OP04-010_p1,Promotion Card,OP04/parallel/OP04-010_p1.png,0,0,0,0,0,0,0
OP04-010,parallel 2,Parallel 2,OP04-010_p2,Promotion Card,OP04/parallel/OP04-010_p2.png,0,0,0,0,0,0,0
OP04-013,base,Base,OP04-013,Kingdoms Of Intrigue,,1,0,0,0,0,0,0
OP04-013,parallel 1,Parallel 1,OP04-013_p1,Kingdoms Of Intrigue,OP04/parallel/OP04-013_p1.png,0,0,0,0,0,0,0
OP04-016,base,Base,OP04-016,Kingdoms Of Intrigue,,1,0,0,0,0,0,0
OP04-016,parallel 1,Parallel 1,OP04-016_p1,One Piece Card The Best Vol.2,OP04/parallel/OP04-016_p1.png,0,0,0,0,0,0,0
OP04-016,r1,R1,OP04-016_r1,One Piece Card The Best Vol.2,OP04/base/OP04-016_r1.png,0,0,0,0,0,0,0
OP04-019,base,Base,OP04-019,Kingdoms Of Intrigue,,1,0,0,0,0,0,0
OP04-019,parallel 1,Parallel 1,OP04-019_p1,Kingdoms Of Intrigue,OP04/parallel/OP04-019_p1.png,0,0,0,0,0,0,0
OP04-020,base,Base,OP04-020,Kingdoms Of Intrigue,,1,0,0,0,0,0,0
OP04-020,parallel 1,Parallel 1,OP04-020_p1,Kingdoms Of Intrigue,OP04/parallel/OP04-020_p1.png,0,0,0,0,0,0,0
OP04-024,base,Base,OP04-024,Kingdoms Of Intrigue,OP04/sp/OP04-024_sp.png,1,1,0,0,0,0,0
OP04-024,parallel 1,Parallel 1,OP04-024_p1,Kingdoms Of Intrigue,OP04/parallel/OP04-024_p1.png,0,1,0,0,0,0,0
OP04-024,parallel 2,Parallel 2,OP04-024_p2,Wings Of The Captain,OP04/parallel/OP04-024_p2.png,0,1,0,0,0,0,0
OP04-028,base,Base,OP04-028,Kingdoms Of Intrigue,,1,0,0,0,0,0,0
OP04-028,parallel 1,Parallel 1,OP04-028_p1,Kingdoms Of Intrigue,OP04/parallel/OP04-028_p1.png,0,0,0,0,0,0,0
OP04-029,base,Base,OP04-029,Kingdoms Of Intrigue,,1,0,0,0,0,0,0
OP04-029,parallel 2,Parallel 2,OP04-029_p2,One Piece Card The Best,OP04/parallel/OP04-029_p2.png,0,0,0,0,0,0,0
OP04-029,parallel 3,Parallel 3,OP04-029_p3,One Piece Card The Best,OP04/parallel/OP04-029_p3.png,0,0,0,0,0,0,0
OP04-029,r1,R1,OP04-029_r1,One Piece Card The Best,OP04/base/OP04-029_r1.png,0,0,0,0,0,0,0
OP04-030,base,Base,OP04-030,Kingdoms Of Intrigue,,1,0,0,0,0,0,0
OP04-030,parallel 1,Parallel 1,OP04-030_p1,Kingdoms Of Intrigue,OP04/parallel/OP04-030_p1.png,0,0,0,0,0,0,0
OP04-031,base,Base,OP04-031,Kingdoms Of Intrigue,,1,0,0,0,0,0,0
OP04-031,parallel 1,Parallel 1,OP04-031_p1,Kingdoms Of Intrigue,OP04/parallel/OP04-031_p1.png,0,0,0,0,0,0,0
OP04-031,parallel 3,Parallel 3,OP04-031_p3,One Piece Card The Best,OP04/parallel/OP04-031_p3.png,0,0,0,0,0,0,0
OP04-031,r1,R1,OP04-031_r1,One Piece Card The Best,OP04/base/OP04-031_r1.png,0,0,0,0,0,0,0
OP04-032,base,Base,OP04-032,Kingdoms Of Intrigue,,1,0,0,0,0,0,0
OP04-032,parallel 2,Parallel 2,OP04-032_p2,One Piece Card The Best,OP04/parallel/OP04-032_p2.png,0,0,0,0,0,0,0
OP04-032,parallel 3,Parallel 3,OP04-032_p3,One Piece Card The Best,OP04/parallel/OP04-032_p3.png,0,0,0,0,0,0,0
OP04-032,parallel 4,Parallel 4,OP04-032_p4,Other Product Card,OP04/parallel/OP04-032_p4.png,0,0,0,0,0,0,0
OP04-032,r1,R1,OP04-032_r1,One Piece Card The Best,OP04/base/OP04-032_r1.png,0,0,0,0,0,0,0
OP04-036,base,Base,OP04-036,Kingdoms Of Intrigue,,1,0,0,0,0,0,0
OP04-036,parallel 2,Parallel 2,OP04-036_p2,One Piece Card The Best,OP04/parallel/OP04-036_p2.png,0,0,0,0,0,0,0
OP04-036,parallel 3,Parallel 3,OP04-036_p3,One Piece Card The Best,OP04/parallel/OP04-036_p3.png,0,0,0,0,0,0,0
OP04-036,r1,R1,OP04-036_r1,One Piece Card The Best,OP04/base/OP04-036_r1.png,0,0,0,0,0,0,0
OP04-039,base,Base,OP04-039,Kingdoms Of Intrigue,,1,0,0,0,0,0,0
OP04-039,parallel 1,Parallel 1,OP04-039_p1,Kingdoms Of Intrigue,OP04/parallel/OP04-039_p1.png,0,0,0,0,0,0,0
OP04-040,base,Base,OP04-040,Kingdoms Of Intrigue,,1,0,0,0,0,0,0
OP04-040,parallel 1,Parallel 1,OP04-040_p1,Kingdoms Of Intrigue,OP04/parallel/OP04-040_p1.png,0,0,0,0,0,0,0
OP04-044,base,Base,OP04-044,Kingdoms Of Intrigue,,1,0,0,0,0,0,0
OP04-044,parallel 1,Parallel 1,OP04-044_p1,Kingdoms Of Intrigue,OP04/parallel/OP04-044_p1.png,0,0,0,0,0,0,0
OP04-044,parallel 2,Parallel 2,OP04-044_p2,Awakening Of The New Era,OP04/parallel/OP04-044_p2.png,0,0,0,0,0,0,0
OP04-044,parallel 4,Parallel 4,OP04-044_p4,One Piece Card The Best,OP04/parallel/OP04-044_p4.png,0,0,0,0,0,0,0
OP04-044,r1,R1,OP04-044_r1,One Piece Card The Best,OP04/base/OP04-044_r1.png,0,0,0,0,0,0,0
OP04-051,base,Base,OP04-051,Kingdoms Of Intrigue,,1,0,0,0,0,0,0
OP04-051,parallel 1,Parallel 1,OP04-051_p1,Kingdoms Of Intrigue,OP04/parallel/OP04-051_p1.png,0,0,0,0,0,0,0
OP04-056,base,Base,OP04-056,Kingdoms Of Intrigue,,1,0,0,0,0,0,0
OP04-056,parallel 2,Parallel 2,OP04-056_p2,One Piece Card The Best,OP04/parallel/OP04-056_p2.png,0,0,0,0,0,0,0
OP04-056,parallel 3,Parallel 3,OP04-056_p3,One Piece Card The Best,OP04/parallel/OP04-056_p3.png,0,0,0,0,0,0,0
OP04-056,parallel 4,Parallel 4,OP04-056_p4,One Piece Card The Best,OP04/parallel/OP04-056_p4.png,0,0,0,0,0,0,0
OP04-056,r1,R1,OP04-056_r1,One Piece Card The Best,OP04/base/OP04-056_r1.png,0,0,0,0,0,0,0
OP04-058,base,Base,OP04-058,Kingdoms Of Intrigue,,1,0,0,0,0,0,0
OP04-058,parallel 1,Parallel 1,OP04-058_p1,Kingdoms Of Intrigue,OP04/parallel/OP04-058_p1.png,0,0,0,0,0,0,0
OP04-060,base,Base,OP04-060,Kingdoms Of Intrigue,,1,0,0,0,0,0,0
OP04-060,parallel 1,Parallel 1,OP04-060_p1,Kingdoms Of Intrigue,OP04/parallel/OP04-060_p1.png,0,0,0,0,0,0,0
OP04-064,base,Base,OP04-064,Kingdoms Of Intrigue,OP04/sp/OP04-064_sp.png,1,1,0,0,0,0,0
OP04-064,parallel 1,Parallel 1,OP04-064_p1,Kingdoms Of Intrigue,OP04/parallel/OP04-064_p1.png,0,1,0,0,0,0,0
OP04-064,parallel 2,Parallel 2,OP04-064_p2,Wings Of The Captain,OP04/parallel/OP04-064_p2.png,0,1,0,0,0,0,0
OP04-072,base,Base,OP04-072,Kingdoms Of Intrigue,,1,0,0,0,0,0,0
OP04-072,parallel 1,Parallel 1,OP04-072_p1,Kingdoms Of Intrigue,OP04/parallel/OP04-072_p1.png,0,0,0,0,0,0,0
OP04-077,base,Base,OP04-077,Kingdoms Of Intrigue,,1,0,0,0,0,0,0
OP04-077,parallel 1,Parallel 1,OP04-077_p1,One Piece Card The Best Vol.2,OP04/parallel/OP04-077_p1.png,0,0,0,0,0,0,0
OP04-077,r1,R1,OP04-077_r1,One Piece Card The Best Vol.2,OP04/base/OP04-077_r1.png,0,0,0,0,0,0,0
OP04-082,base,Base,OP04-082,Kingdoms Of Intrigue,,1,0,0,0,0,0,0
OP04-082,parallel 1,Parallel 1,OP04-082_p1,Kingdoms Of Intrigue,OP04/parallel/OP04-082_p1.png,0,0,0,0,0,0,0
OP04-083,base,Base,OP04-083,Kingdoms Of Intrigue,,1,0,0,0,0,0,0
OP04-083,parallel 1,Parallel 1,OP04-083_p1,Kingdoms Of Intrigue,OP04/parallel/OP04-083_p1.png,0,0,0,0,0,0,0
OP04-083,parallel 2,Parallel 2,OP04-083_p2,Kingdoms Of Intrigue,OP04/parallel/OP04-083_p2.png,0,0,0,0,0,0,0
OP04-083,parallel 3,Parallel 3,OP04-083_p3,Promotion Card,OP04/parallel/OP04-083_p3.png,0,0,0,0,0,0,0
OP04-083,parallel 5,Parallel 5,OP04-083_p5,Other Product Card,OP04/parallel/OP04-083_p5.png,0,0,0,0,0,0,0
OP04-083,r1,R1,OP04-083_r1,One Piece Card The Best,OP04/base/OP04-083_r1.png,0,0,0,0,0,0,0
OP04-083,r2,R2,OP04-083_r2,One Piece Card The Best Vol.2,OP04/base/OP04-083_r2.png,0,0,0,0,0,0,0
OP04-089,base,Base,OP04-089,Kingdoms Of Intrigue,,1,0,0,0,0,0,0
OP04-089,parallel 2,Parallel 2,OP04-089_p2,One Piece Card The Best,OP04/parallel/OP04-089_p2.png,0,0,0,0,0,0,0
OP04-089,parallel 3,Parallel 3,OP04-089_p3,One Piece Card The Best,OP04/parallel/OP04-089_p3.png,0,0,0,0,0,0,0
OP04-089,parallel 4,Parallel 4,OP04-089_p4,One Piece Card The Best,OP04/parallel/OP04-089_p4.png,0,0,0,0,0,0,0
OP04-089,r1,R1,OP04-089_r1,One Piece Card The Best,OP04/base/OP04-089_r1.png,0,0,0,0,0,0,0
OP04-090,base,Base,OP04-090,Kingdoms Of Intrigue,,1,0,0,0,0,0,0
OP04-090,parallel 1,Parallel 1,OP04-090_p1,Kingdoms Of Intrigue,OP04/parallel/OP04-090_p1.png,0,0,0,0,0,0,0
OP04-092,base,Base,OP04-092,Kingdoms Of Intrigue,,1,0,0,0,0,0,0
OP04-092,parallel 1,Parallel 1,OP04-092_p1,Promotion Card,OP04/parallel/OP04-092_p1.png,0,0,0,0,0,0,0
OP04-092,parallel 2,Parallel 2,OP04-092_p2,Promotion Card,OP04/parallel/OP04-092_p2.png,0,0,0,0,0,0,0
OP04-092,parallel 3,Parallel 3,OP04-092_p3,Promotion Card,OP04/parallel/OP04-092_p3.png,0,0,0,0,0,0,0
OP04-095,base,Base,OP04-095,Kingdoms Of Intrigue,,1,0,0,0,0,0,0
OP04-095,parallel 2,Parallel 2,OP04-095_p2,One Piece Card The Best,OP04/parallel/OP04-095_p2.png,0,0,0,0,0,0,0
OP04-095,parallel 3,Parallel 3,OP04-095_p3,One Piece Card The Best,OP04/parallel/OP04-095_p3.png,0,0,0,0,0,0,0
OP04-095,r1,R1,OP04-095_r1,One Piece Card The Best,OP04/base/OP04-095_r1.png,0,0,0,0,0,0,0
OP04-096,base,Base,OP04-096,Kingdoms Of Intrigue,,1,0,0,0,0,0,0
OP04-096,parallel 1,Parallel 1,OP04-096_p1,One Piece Card The Best Vol.2,OP04/parallel/OP04-096_p1.png,0,0,0,0,0,0,0
OP04-096,r1,R1,OP04-096_r1,One Piece Card The Best Vol.2,OP04/base/OP04-096_r1.png,0,0,0,0,0,0,0
OP04-100,base,Base,OP04-100,Kingdoms Of Intrigue,,1,0,0,0,0,0,0
OP04-100,parallel 1,Parallel 1,OP04-100_p1,Kingdoms Of Intrigue,OP04/parallel/OP04-100_p1.png,0,0,0,0,0,0,0
OP04-100,parallel 3,Parallel 3,OP04-100_p3,One Piece Card The Best,OP04/parallel/OP04-100_p3.png,0,0,0,0,0,0,0
OP04-100,parallel 4,Parallel 4,OP04-100_p4,One Piece Card The Best,OP04/parallel/OP04-100_p4.png,0,0,0,0,0,0,0
OP04-100,parallel 5,Parallel 5,OP04-100_p5,One Piece Card The Best,OP04/parallel/OP04-100_p5.png,0,0,0,0,0,0,0
OP04-100,r1,R1,OP04-100_r1,One Piece Card The Best,OP04/base/OP04-100_r1.png,0,0,0,0,0,0,0
OP04-104,base,Base,OP04-104,Kingdoms Of Intrigue,,1,0,0,0,0,0,0
OP04-104,parallel 1,Parallel 1,OP04-104_p1,Kingdoms Of Intrigue,OP04/parallel/OP04-104_p1.png,0,0,0,0,0,0,0
OP04-104,parallel 3,Parallel 3,OP04-104_p3,One Piece Card The Best,OP04/parallel/OP04-104_p3.png,0,0,0,0,0,0,0
OP04-104,r1,R1,OP04-104_r1,One Piece Card The Best,OP04/base/OP04-104_r1.png,0,0,0,0,0,0,0
OP04-105,base,Base,OP04-105,Kingdoms Of Intrigue,,1,0,0,0,0,0,0
OP04-105,parallel 1,Parallel 1,OP04-105_p1,Other Product Card,OP04/parallel/OP04-105_p1.png,0,0,0,0,0,0,0
OP04-112,base,Base,OP04-112,Kingdoms Of Intrigue,,1,0,0,0,0,0,0
OP04-112,parallel 1,Parallel 1,OP04-112_p1,Kingdoms Of Intrigue,OP04/parallel/OP04-112_p1.png,0,0,0,0,0,0,0
OP04-112,parallel 3,Parallel 3,OP04-112_p3,One Piece Card The Best,OP04/parallel/OP04-112_p3.png,0,0,0,0,0,0,0
OP04-112,r1,R1,OP04-112_r1,One Piece Card The Best,OP04/base/OP04-112_r1.png,0,0,0,0,0,0,0
OP04-118,base,Base,OP04-118,Kingdoms Of Intrigue,,1,0,0,0,0,0,0
OP04-118,parallel 1,Parallel 1,OP04-118_p1,Kingdoms Of Intrigue,OP04/parallel/OP04-118_p1.png,0,0,0,0,0,0,0
OP04-119,base,Base,OP04-119,Kingdoms Of Intrigue,,1,0,0,0,0,0,0
OP04-119,parallel 1,Parallel 1,OP04-119_p1,Kingdoms Of Intrigue,OP04/parallel/OP04-119_p1.png,0,0,0,0,0,0,0
OP04-119,parallel 2,Parallel 2,OP04-119_p2,Emperors In The New World,OP04/parallel/OP04-119_p2.png,0,0,0,0,0,0,0
OP05-001,base,Base,OP05-001,Awakening Of The New Era,,1,0,0,0,0,0,0
OP05-001,parallel 1,Parallel 1,OP05-001_p1,Awakening Of The New Era,OP05/parallel/OP05-001_p1.png,0,0,0,0,0,0,0
OP05-001,parallel 2,Parallel 2,OP05-001_p2,Anime 25th Collection,OP05/parallel/OP05-001_p2.png,0,0,0,0,0,0,0
OP05-002,base,Base,OP05-002,Awakening Of The New Era,,1,0,0,0,0,0,0
OP05-002,parallel 1,Parallel 1,OP05-002_p1,Awakening Of The New Era,OP05/parallel/OP05-002_p1.png,0,0,0,0,0,0,0
OP05-002,parallel 2,Parallel 2,OP05-002_p2,Anime 25th Collection,OP05/parallel/OP05-002_p2.png,0,0,0,0,0,0,0
OP05-004,base,Base,OP05-004,Awakening Of The New Era,,1,0,0,0,0,0,0
OP05-004,parallel 1,Parallel 1,OP05-004_p1,One Piece Card The Best Vol.2,OP05/parallel/OP05-004_p1.png,0,0,0,0,0,0,0
OP05-004,parallel 2,Parallel 2,OP05-004_p2,Other Product Card,OP05/parallel/OP05-004_p2.png,0,0,0,0,0,0,0
OP05-004,r1,R1,OP05-004_r1,One Piece Card The Best Vol.2,OP05/base/OP05-004_r1.png,0,0,0,0,0,0,0
OP05-006,base,Base,OP05-006,Awakening Of The New Era,,1,0,0,0,0,0,0
OP05-006,parallel 1,Parallel 1,OP05-006_p1,Awakening Of The New Era,OP05/parallel/OP05-006_p1.png,0,0,0,0,0,0,0
OP05-006,parallel 3,Parallel 3,OP05-006_p3,One Piece Card The Best,OP05/parallel/OP05-006_p3.png,0,0,0,0,0,0,0
OP05-006,parallel 4,Parallel 4,OP05-006_p4,Promotion Card,OP05/parallel/OP05-006_p4.png,0,0,0,0,0,0,0
OP05-006,r1,R1,OP05-006_r1,One Piece Card The Best,OP05/base/OP05-006_r1.png,0,0,0,0,0,0,0
OP05-007,base,Base,OP05-007,Awakening Of The New Era,,1,0,0,0,0,0,0
OP05-007,parallel 1,Parallel 1,OP05-007_p1,Awakening Of The New Era,OP05/parallel/OP05-007_p1.png,0,0,0,0,0,0,0
OP05-007,parallel 3,Parallel 3,OP05-007_p3,One Piece Card The Best,OP05/parallel/OP05-007_p3.png,0,0,0,0,0,0,0
OP05-007,parallel 4,Parallel 4,OP05-007_p4,Other Product Card,OP05/parallel/OP05-007_p4.png,0,0,0,0,0,0,0
OP05-007,r1,R1,OP05-007_r1,One Piece Card The Best,OP05/base/OP05-007_r1.png,0,0,0,0,0,0,0
OP05-010,base,Base,OP05-010,Awakening Of The New Era,,1,0,0,0,0,0,0
OP05-010,parallel 2,Parallel 2,OP05-010_p2,One Piece Card The Best,OP05/parallel/OP05-010_p2.png,0,0,0,0,0,0,0
OP05-010,parallel 3,Parallel 3,OP05-010_p3,One Piece Card The Best,OP05/parallel/OP05-010_p3.png,0,0,0,0,0,0,0
OP05-010,r1,R1,OP05-010_r1,One Piece Card The Best,OP05/base/OP05-010_r1.png,0,0,0,0,0,0,0
OP05-011,base,Base,OP05-011,Awakening Of The New Era,,1,0,0,0,0,0,0
OP05-011,parallel 1,Parallel 1,OP05-011_p1,Other Product Card,OP05/parallel/OP05-011_p1.png,0,0,0,0,0,0,0
OP05-015,base,Base,OP05-015,Awakening Of The New Era,,1,0,0,0,0,0,0
OP05-015,parallel 1,Parallel 1,OP05-015_p1,Awakening Of The New Era,OP05/parallel/OP05-015_p1.png,0,0,0,0,0,0,0
OP05-015,parallel 3,Parallel 3,OP05-015_p3,One Piece Card The Best,OP05/parallel/OP05-015_p3.png,0,0,0,0,0,0,0
OP05-015,parallel 4,Parallel 4,OP05-015_p4,One Piece Card The Best,OP05/parallel/OP05-015_p4.png,0,0,0,0,0,0,0
OP05-015,parallel 5,Parallel 5,OP05-015_p5,One Piece Card The Best,OP05/parallel/OP05-015_p5.png,0,0,0,0,0,0,0
OP05-015,r1,R1,OP05-015_r1,One Piece Card The Best,OP05/base/OP05-015_r1.png,0,0,0,0,0,0,0
OP05-021,base,Base,OP05-021,Awakening Of The New Era,,1,0,0,0,0,0,0
OP05-021,parallel 1,Parallel 1,OP05-021_p1,One Piece Card The Best Vol.2,OP05/parallel/OP05-021_p1.png,0,0,0,0,0,0,0
OP05-021,r1,R1,OP05-021_r1,One Piece Card The Best Vol.2,OP05/base/OP05-021_r1.png,0,0,0,0,0,0,0
OP05-022,base,Base,OP05-022,Awakening Of The New Era,,1,0,0,0,0,0,0
OP05-022,parallel 1,Parallel 1,OP05-022_p1,Awakening Of The New Era,OP05/parallel/OP05-022_p1.png,0,0,0,0,0,0,0
OP05-022,parallel 2,Parallel 2,OP05-022_p2,Anime 25th Collection,OP05/parallel/OP05-022_p2.png,0,0,0,0,0,0,0
OP05-030,base,Base,OP05-030,Awakening Of The New Era,,1,0,0,0,0,0,0
OP05-030,parallel 1,Parallel 1,OP05-030_p1,One Piece Card The Best Vol.2,OP05/parallel/OP05-030_p1.png,0,0,0,0,0,0,0
OP05-030,parallel 2,Parallel 2,OP05-030_p2,Other Product Card,OP05/parallel/OP05-030_p2.png,0,0,0,0,0,0,0
OP05-030,r1,R1,OP05-030_r1,One Piece Card The Best Vol.2,OP05/base/OP05-030_r1.png,0,0,0,0,0,0,0
OP05-032,base,Base,OP05-032,Awakening Of The New Era,,1,0,0,0,0,0,0
OP05-032,parallel 1,Parallel 1,OP05-032_p1,Awakening Of The New Era,OP05/parallel/OP05-032_p1.png,0,0,0,0,0,0,0
OP05-034,base,Base,OP05-034,Awakening Of The New Era,,1,0,0,0,0,0,0
OP05-034,parallel 1,Parallel 1,OP05-034_p1,Awakening Of The New Era,OP05/parallel/OP05-034_p1.png,0,0,0,0,0,0,0
OP05-034,parallel 3,Parallel 3,OP05-034_p3,One Piece Card The Best,OP05/parallel/OP05-034_p3.png,0,0,0,0,0,0,0
OP05-034,parallel 4,Parallel 4,OP05-034_p4,One Piece Card The Best,OP05/parallel/OP05-034_p4.png,0,0,0,0,0,0,0
OP05-034,parallel 5,Parallel 5,OP05-034_p5,One Piece Card The Best,OP05/parallel/OP05-034_p5.png,0,0,0,0,0,0,0
OP05-034,r1,R1,OP05-034_r1,One Piece Card The Best,OP05/base/OP05-034_r1.png,0,0,0,0,0,0,0
OP05-036,base,Base,OP05-036,Awakening Of The New Era,,1,0,0,0,0,0,0
OP05-036,parallel 1,Parallel 1,OP05-036_p1,Promotion Card,OP05/parallel/OP05-036_p1.png,0,0,0,0,0,0,0
OP05-036,parallel 2,Parallel 2,OP05-036_p2,One Piece Card The Best Vol.2,OP05/parallel/OP05-036_p2.png,0,0,0,0,0,0,0
OP05-036,r1,R1,OP05-036_r1,One Piece Card The Best Vol.2,OP05/base/OP05-036_r1.png,0,0,0,0,0,0,0
OP05-037,base,Base,OP05-037,Awakening Of The New Era,,1,0,0,0,0,0,0
OP05-037,parallel 1,Parallel 1,OP05-037_p1,Promotion Card,OP05/parallel/OP05-037_p1.png,0,0,0,0,0,0,0
OP05-037,parallel 2,Parallel 2,OP05-037_p2,Promotion Card,OP05/parallel/OP05-037_p2.png,0,0,0,0,0,0,0
OP05-037,r1,R1,OP05-037_r1,One Piece Card The Best Vol.2,OP05/base/OP05-037_r1.png,0,0,0,0,0,0,0
OP05-041,base,Base,OP05-041,Awakening Of The New Era,,1,0,0,0,0,0,0
OP05-041,parallel 1,Parallel 1,OP05-041_p1,Awakening Of The New Era,OP05/parallel/OP05-041_p1.png,0,0,0,0,0,0,0
OP05-043,base,Base,OP05-043,Awakening Of The New Era,,1,0,0,0,0,0,0
OP05-043,parallel 1,Parallel 1,OP05-043_p1,Awakening Of The New Era,OP05/parallel/OP05-043_p1.png,0,0,0,0,0,0,0
OP05-043,parallel 3,Parallel 3,OP05-043_p3,One Piece Card The Best,OP05/parallel/OP05-043_p3.png,0,0,0,0,0,0,0
OP05-043,r1,R1,OP05-043_r1,One Piece Card The Best,OP05/base/OP05-043_r1.png,0,0,0,0,0,0,0
OP05-051,base,Base,OP05-051,Awakening Of The New Era,OP05/sp/OP05-051_sp.png,1,1,0,0,0,0,0
OP05-051,parallel 1,Parallel 1,OP05-051_p1,Awakening Of The New Era,OP05/parallel/OP05-051_p1.png,0,1,0,0,0,0,0
OP05-051,parallel 2,Parallel 2,OP05-051_p2,Wings Of The Captain,OP05/parallel/OP05-051_p2.png,0,1,0,0,0,0,0
OP05-052,base,Base,OP05-052,Awakening Of The New Era,,1,0,0,0,0,0,0
OP05-052,parallel 1,Parallel 1,OP05-052_p1,One Piece Card The Best Vol.2,OP05/parallel/OP05-052_p1.png,0,0,0,0,0,0,0
OP05-052,r1,R1,OP05-052_r1,One Piece Card The Best Vol.2,OP05/base/OP05-052_r1.png,0,0,0,0,0,0,0
OP05-055,base,Base,OP05-055,Awakening Of The New Era,,1,0,0,0,0,0,0
OP05-055,parallel 1,Parallel 1,OP05-055_p1,Awakening Of The New Era,OP05/parallel/OP05-055_p1.png,0,0,0,0,0,0,0
OP05-057,base,Base,OP05-057,Awakening Of The New Era,,1,0,0,0,0,0,0
OP05-057,parallel 2,Parallel 2,OP05-057_p2,One Piece Card The Best,OP05/parallel/OP05-057_p2.png,0,0,0,0,0,0,0
OP05-057,parallel 3,Parallel 3,OP05-057_p3,One Piece Card The Best,OP05/parallel/OP05-057_p3.png,0,0,0,0,0,0,0
OP05-057,parallel 4,Parallel 4,OP05-057_p4,One Piece Card The Best,OP05/parallel/OP05-057_p4.png,0,0,0,0,0,0,0
OP05-057,r1,R1,OP05-057_r1,One Piece Card The Best,OP05/base/OP05-057_r1.png,0,0,0,0,0,0,0
OP05-060,base,Base,OP05-060,Awakening Of The New Era,,1,0,0,0,0,0,0
OP05-060,parallel 1,Parallel 1,OP05-060_p1,Awakening Of The New Era,OP05/parallel/OP05-060_p1.png,0,0,0,0,0,0,0
OP05-060,parallel 2,Parallel 2,OP05-060_p2,Promotion Card,OP05/parallel/OP05-060_p2.png,0,0,0,0,0,0,0
OP05-060,parallel 3,Parallel 3,OP05-060_p3,Purple Monkey.d.luffy,OP05/parallel/OP05-060_p3.png,0,0,0,0,0,0,0
OP05-060,parallel 4,Parallel 4,OP05-060_p4,Anime 25th Collection,OP05/parallel/OP05-060_p4.png,0,0,0,0,0,0,0
OP05-061,base,Base,OP05-061,Awakening Of The New Era,,1,0,0,0,0,0,0
OP05-061,r1,R1,OP05-061_r1,Purple Monkey.d.luffy,OP05/base/OP05-061_r1.png,0,0,0,0,0,0,0
OP05-063,base,Base,OP05-063,Awakening Of The New Era,,1,0,0,0,0,0,0
OP05-063,r1,R1,OP05-063_r1,Purple Monkey.d.luffy,OP05/base/OP05-063_r1.png,0,0,0,0,0,0,0
OP05-065,base,Base,OP05-065,Awakening Of The New Era,,1,0,0,0,0,0,0
OP05-065,r1,R1,OP05-065_r1,Purple/black Monkey.d.luffy,OP05/base/OP05-065_r1.png,0,0,0,0,0,0,0
OP05-066,base,Base,OP05-066,Awakening Of The New Era,,1,0,0,0,0,0,0
OP05-066,r1,R1,OP05-066_r1,Purple Monkey.d.luffy,OP05/base/OP05-066_r1.png,0,0,0,0,0,0,0
OP05-066,r2,R2,OP05-066_r2,Purple/black Monkey.d.luffy,OP05/base/OP05-066_r2.png,0,0,0,0,0,0,0
OP05-067,base,Base,OP05-067,Awakening Of The New Era,,1,0,0,0,0,0,0
OP05-067,parallel 1,Parallel 1,OP05-067_p1,Awakening Of The New Era,OP05/parallel/OP05-067_p1.png,0,0,0,0,0,0,0
OP05-067,parallel 2,Parallel 2,OP05-067_p2,Promotion Card,OP05/parallel/OP05-067_p2.png,0,0,0,0,0,0,0
OP05-067,parallel 4,Parallel 4,OP05-067_p4,Emperors In The New World,OP05/parallel/OP05-067_p4.png,0,0,0,0,0,0,0
OP05-067,parallel 5,Parallel 5,OP05-067_p5,Promotion Card,OP05/parallel/OP05-067_p5.png,0,0,0,0,0,0,0
OP05-067,parallel 6,Parallel 6,OP05-067_p6,Promotion Card,OP05/parallel/OP05-067_p6.png,0,0,0,0,0,0,0
OP05-067,r1,R1,OP05-067_r1,Purple Monkey.d.luffy,OP05/base/OP05-067_r1.png,0,0,0,0,0,0,0
OP05-068,base,Base,OP05-068,Awakening Of The New Era,,1,0,0,0,0,0,0
OP05-068,r1,R1,OP05-068_r1,Purple Monkey.d.luffy,OP05/base/OP05-068_r1.png,0,0,0,0,0,0,0
OP05-069,base,Base,OP05-069,Awakening Of The New Era,,1,0,0,0,0,0,0
OP05-069,parallel 1,Parallel 1,OP05-069_p1,Awakening Of The New Era,OP05/parallel/OP05-069_p1.png,0,0,0,0,0,0,0
OP05-069,parallel 2,Parallel 2,OP05-069_p2,Awakening Of The New Era,OP05/parallel/OP05-069_p2.png,0,0,0,0,0,0,0
OP05-069,r1,R1,OP05-069_r1,One Piece Card The Best,OP05/base/OP05-069_r1.png,0,0,0,0,0,0,0
OP05-070,base,Base,OP05-070,Awakening Of The New Era,,1,0,0,0,0,0,0
OP05-070,r1,R1,OP05-070_r1,Purple Monkey.d.luffy,OP05/base/OP05-070_r1.png,0,0,0,0,0,0,0
OP05-070,r2,R2,OP05-070_r2,Purple/black Monkey.d.luffy,OP05/base/OP05-070_r2.png,0,0,0,0,0,0,0
OP05-072,base,Base,OP05-072,Awakening Of The New Era,,1,0,0,0,0,0,0
OP05-072,r1,R1,OP05-072_r1,Purple Monkey.d.luffy,OP05/base/OP05-072_r1.png,0,0,0,0,0,0,0
OP05-073,base,Base,OP05-073,Awakening Of The New Era,,1,0,0,0,0,0,0
OP05-073,parallel 2,Parallel 2,OP05-073_p2,One Piece Card The Best,OP05/parallel/OP05-073_p2.png,0,0,0,0,0,0,0
OP05-073,parallel 3,Parallel 3,OP05-073_p3,One Piece Card The Best,OP05/parallel/OP05-073_p3.png,0,0,0,0,0,0,0
OP05-073,r1,R1,OP05-073_r1,One Piece Card The Best,OP05/base/OP05-073_r1.png,0,0,0,0,0,0,0
OP05-074,base,Base,OP05-074,Awakening Of The New Era,,1,0,0,0,0,0,0
OP05-074,parallel 1,Parallel 1,OP05-074_p1,Awakening Of The New Era,OP05/parallel/OP05-074_p1.png,0,0,0,0,0,0,0
OP05-074,parallel 2,Parallel 2,OP05-074_p2,Awakening Of The New Era,OP05/parallel/OP05-074_p2.png,0,0,0,0,0,0,0
OP05-074,parallel 3,Parallel 3,OP05-074_p3,500 Years In The Future,OP05/parallel/OP05-074_p3.png,0,0,0,0,0,0,0
OP05-074,parallel 5,Parallel 5,OP05-074_p5,One Piece Card The Best,OP05/parallel/OP05-074_p5.png,0,0,0,0,0,0,0
OP05-074,r1,R1,OP05-074_r1,One Piece Card The Best,OP05/base/OP05-074_r1.png,0,0,0,0,0,0,0
OP05-074,r2,R2,OP05-074_r2,One Piece Card The Best,OP05/base/OP05-074_r2.png,0,0,0,0,0,0,0
OP05-076,base,Base,OP05-076,Awakening Of The New Era,,1,0,0,0,0,0,0
OP05-076,parallel 1,Parallel 1,OP05-076_p1,Purple Monkey.d.luffy,OP05/parallel/OP05-076_p1.png,0,0,0,0,0,0,0
OP05-076,parallel 2,Parallel 2,OP05-076_p2,Promotion Card,OP05/parallel/OP05-076_p2.png,0,0,0,0,0,0,0
OP05-076,parallel 3,Parallel 3,OP05-076_p3,Promotion Card,OP05/parallel/OP05-076_p3.png,0,0,0,0,0,0,0
OP05-076,parallel 4,Parallel 4,OP05-076_p4,Promotion Card,OP05/parallel/OP05-076_p4.png,0,0,0,0,0,0,0
OP05-077,base,Base,OP05-077,Awakening Of The New Era,,1,0,0,0,0,0,0
OP05-077,parallel 1,Parallel 1,OP05-077_p1,One Piece Card The Best Vol.2,OP05/parallel/OP05-077_p1.png,0,0,0,0,0,0,0
OP05-077,r1,R1,OP05-077_r1,One Piece Card The Best Vol.2,OP05/base/OP05-077_r1.png,0,0,0,0,0,0,0
OP05-081,base,Base,OP05-081,Awakening Of The New Era,,1,0,0,0,0,0,0
OP05-081,parallel 2,Parallel 2,OP05-081_p2,One Piece Card The Best,OP05/parallel/OP05-081_p2.png,0,0,0,0,0,0,0
OP05-081,parallel 3,Parallel 3,OP05-081_p3,One Piece Card The Best,OP05/parallel/OP05-081_p3.png,0,0,0,0,0,0,0
OP05-081,parallel 4,Parallel 4,OP05-081_p4,One Piece Card The Best,OP05/parallel/OP05-081_p4.png,0,0,0,0,0,0,0
OP05-081,r1,R1,OP05-081_r1,One Piece Card The Best,OP05/base/OP05-081_r1.png,0,0,0,0,0,0,0
OP05-082,base,Base,OP05-082,Awakening Of The New Era,,1,0,0,0,0,0,0
OP05-082,parallel 2,Parallel 2,OP05-082_p2,One Piece Card The Best,OP05/parallel/OP05-082_p2.png,0,0,0,0,0,0,0
OP05-082,parallel 3,Parallel 3,OP05-082_p3,One Piece Card The Best,OP05/parallel/OP05-082_p3.png,0,0,0,0,0,0,0
OP05-082,parallel 4,Parallel 4,OP05-082_p4,One Piece Card The Best,OP05/parallel/OP05-082_p4.png,0,0,0,0,0,0,0
OP05-082,r1,R1,OP05-082_r1,One Piece Card The Best,OP05/base/OP05-082_r1.png,0,0,0,0,0,0,0
OP05-086,base,Base,OP05-086,Awakening Of The New Era,,1,0,0,0,0,0,0
OP05-086,parallel 1,Parallel 1,OP05-086_p1,Promotion Card,OP05/parallel/OP05-086_p1.png,0,0,0,0,0,0,0
OP05-088,base,Base,OP05-088,Awakening Of The New Era,,1,0,0,0,0,0,0
OP05-088,parallel 1,Parallel 1,OP05-088_p1,Awakening Of The New Era,OP05/parallel/OP05-088_p1.png,0,0,0,0,0,0,0
OP05-091,base,Base,OP05-091,Awakening Of The New Era,OP05/sp/OP05-091_sp.png,1,1,0,0,0,0,0
OP05-091,parallel 1,Parallel 1,OP05-091_p1,Awakening Of The New Era,OP05/parallel/OP05-091_p1.png,0,1,0,0,0,0,0
OP05-091,parallel 2,Parallel 2,OP05-091_p2,Wings Of The Captain,OP05/parallel/OP05-091_p2.png,0,1,0,0,0,0,0
OP05-091,parallel 3,Parallel 3,OP05-091_p3,Promotion Card,OP05/parallel/OP05-091_p3.png,0,1,0,0,0,0,0
OP05-091,parallel 4,Parallel 4,OP05-091_p4,One Piece Card The Best Vol.2,OP05/parallel/OP05-091_p4.png,0,1,0,0,0,0,0
OP05-091,r1,R1,OP05-091_r1,One Piece Card The Best Vol.2,OP05/base/OP05-091_r1.png,0,1,0,0,0,0,0
OP05-093,base,Base,OP05-093,Awakening Of The New Era,,1,0,0,0,0,0,0
OP05-093,parallel 1,Parallel 1,OP05-093_p1,Awakening Of The New Era,OP05/parallel/OP05-093_p1.png,0,0,0,0,0,0,0
OP05-093,parallel 2,Parallel 2,OP05-093_p2,Emperors In The New World,OP05/parallel/OP05-093_p2.png,0,0,0,0,0,0,0
OP05-097,base,Base,OP05-097,Awakening Of The New Era,,1,0,0,0,0,0,0
OP05-097,parallel 1,Parallel 1,OP05-097_p1,One Piece Card The Best Vol.2,OP05/parallel/OP05-097_p1.png,0,0,0,0,0,0,0
OP05-097,parallel 2,Parallel 2,OP05-097_p2,One Piece Card The Best Vol.2,OP05/parallel/OP05-097_p2.png,0,0,0,0,0,0,0
OP05-097,r1,R1,OP05-097_r1,One Piece Card The Best Vol.2,OP05/base/OP05-097_r1.png,0,0,0,0,0,0,0
OP05-098,base,Base,OP05-098,Awakening Of The New Era,,1,0,0,0,0,0,0
OP05-098,parallel 1,Parallel 1,OP05-098_p1,Awakening Of The New Era,OP05/parallel/OP05-098_p1.png,0,0,0,0,0,0,0
OP05-098,parallel 2,Parallel 2,OP05-098_p2,Anime 25th Collection,OP05/parallel/OP05-098_p2.png,0,0,0,0,0,0,0
OP05-100,base,Base,OP05-100,Awakening Of The New Era,,1,0,0,0,0,0,0
OP05-100,parallel 1,Parallel 1,OP05-100_p1,Awakening Of The New Era,OP05/parallel/OP05-100_p1.png,0,0,0,0,0,0,0
OP05-100,parallel 2,Parallel 2,OP05-100_p2,Awakening Of The New Era,OP05/parallel/OP05-100_p2.png,0,0,0,0,0,0,0
OP05-102,base,Base,OP05-102,Awakening Of The New Era,,1,0,0,0,0,0,0
OP05-102,parallel 1,Parallel 1,OP05-102_p1,Awakening Of The New Era,OP05/parallel/OP05-102_p1.png,0,0,0,0,0,0,0
OP05-102,r1,R1,OP05-102_r1,One Piece Card The Best Vol.2,OP05/base/OP05-102_r1.png,0,0,0,0,0,0,0
OP05-105,base,Base,OP05-105,Awakening Of The New Era,,1,0,0,0,0,0,0
OP05-105,parallel 2,Parallel 2,OP05-105_p2,One Piece Card The Best,OP05/parallel/OP05-105_p2.png,0,0,0,0,0,0,0
OP05-105,parallel 3,Parallel 3,OP05-105_p3,One Piece Card The Best,OP05/parallel/OP05-105_p3.png,0,0,0,0,0,0,0
OP05-105,parallel 4,Parallel 4,OP05-105_p4,One Piece Card The Best,OP05/parallel/OP05-105_p4.png,0,0,0,0,0,0,0
OP05-105,r1,R1,OP05-105_r1,One Piece Card The Best,OP05/base/OP05-105_r1.png,0,0,0,0,0,0,0
OP05-106,base,Base,OP05-106,Awakening Of The New Era,,1,0,0,0,0,0,0
OP05-106,parallel 1,Parallel 1,OP05-106_p1,Promotion Card,OP05/parallel/OP05-106_p1.png,0,0,0,0,0,0,0
OP05-114,base,Base,OP05-114,Awakening Of The New Era,,1,0,0,0,0,0,0
OP05-114,parallel 2,Parallel 2,OP05-114_p2,One Piece Card The Best,OP05/parallel/OP05-114_p2.png,0,0,0,0,0,0,0
OP05-114,parallel 3,Parallel 3,OP05-114_p3,One Piece Card The Best,OP05/parallel/OP05-114_p3.png,0,0,0,0,0,0,0
OP05-114,r1,R1,OP05-114_r1,One Piece Card The Best,OP05/base/OP05-114_r1.png,0,0,0,0,0,0,0
OP05-115,base,Base,OP05-115,Awakening Of The New Era,,1,0,0,0,0,0,0
OP05-115,parallel 2,Parallel 2,OP05-115_p2,One Piece Card The Best,OP05/parallel/OP05-115_p2.png,0,0,0,0,0,0,0
OP05-115,parallel 3,Parallel 3,OP05-115_p3,One Piece Card The Best,OP05/parallel/OP05-115_p3.png,0,0,0,0,0,0,0
OP05-115,parallel 4,Parallel 4,OP05-115_p4,One Piece Card The Best,OP05/parallel/OP05-115_p4.png,0,0,0,0,0,0,0
OP05-115,r1,R1,OP05-115_r1,One Piece Card The Best,OP05/base/OP05-115_r1.png,0,0,0,0,0,0,0
OP05-117,base,Base,OP05-117,Awakening Of The New Era,,1,0,0,0,0,0,0
OP05-117,parallel 2,Parallel 2,OP05-117_p2,One Piece Card The Best,OP05/parallel/OP05-117_p2.png,0,0,0,0,0,0,0
OP05-117,parallel 3,Parallel 3,OP05-117_p3,One Piece Card The Best,OP05/parallel/OP05-117_p3.png,0,0,0,0,0,0,0
OP05-117,parallel 4,Parallel 4,OP05-117_p4,One Piece Card The Best,OP05/parallel/OP05-117_p4.png,0,0,0,0,0,0,0
OP05-117,r1,R1,OP05-117_r1,One Piece Card The Best,OP05/base/OP05-117_r1.png,0,0,0,0,0,0,0
OP05-118,base,Base,OP05-118,Awakening Of The New Era,,1,0,0,0,0,0,0
OP05-118,parallel 1,Parallel 1,OP05-118_p1,Awakening Of The New Era,OP05/parallel/OP05-118_p1.png,0,0,0,0,0,0,0
OP05-118,parallel 3,Parallel 3,OP05-118_p3,One Piece Card The Best,OP05/parallel/OP05-118_p3.png,0,0,0,0,0,0,0
OP05-118,r1,R1,OP05-118_r1,One Piece Card The Best,OP05/base/OP05-118_r1.png,0,0,0,0,0,0,0
OP05-119,base,Base,OP05-119,Awakening Of The New Era,,1,0,0,0,0,0,0
OP05-119,parallel 1,Parallel 1,OP05-119_p1,Awakening Of The New Era,OP05/parallel/OP05-119_p1.png,0,0,0,0,0,0,0
OP05-119,parallel 2,Parallel 2,OP05-119_p2,Awakening Of The New Era,OP05/parallel/OP05-119_p2.png,0,0,0,0,0,0,0
OP05-119,parallel 4,Parallel 4,OP05-119_p4,One Piece Card The Best,OP05/parallel/OP05-119_p4.png,0,0,0,0,0,0,0
OP05-119,parallel 6,Parallel 6,OP05-119_p6,Emperors In The New World,OP05/parallel/OP05-119_p6.png,0,0,0,0,0,0,0
OP05-119,parallel 7,Parallel 7,OP05-119_p7,A Fist Of Divine Speed,OP05/parallel/OP05-119_p7.png,0,0,0,0,0,0,0
OP05-119,parallel 8,Parallel 8,OP05-119_p8,A Fist Of Divine Speed,OP05/parallel/OP05-119_p8.png,0,0,0,0,0,0,0
OP05-119,r1,R1,OP05-119_r1,One Piece Card The Best,OP05/base/OP05-119_r1.png,0,0,0,0,0,0,0
OP05-119,r2,R2,OP05-119_r2,One Piece Card The Best,OP05/base/OP05-119_r2.png,0,0,0,0,0,0,0
OP06-001,base,Base,OP06-001,Wings Of The Captain,,1,0,0,0,0,0,0
OP06-001,parallel 1,Parallel 1,OP06-001_p1,Wings Of The Captain,OP06/parallel/OP06-001_p1.png,0,0,0,0,0,0,0
OP06-001,parallel 2,Parallel 2,OP06-001_p2,Anime 25th Collection,OP06/parallel/OP06-001_p2.png,0,0,0,0,0,0,0
OP06-003,base,Base,OP06-003,Wings Of The Captain,,1,0,0,0,0,0,0
OP06-003,parallel 2,Parallel 2,OP06-003_p2,One Piece Card The Best,OP06/parallel/OP06-003_p2.png,0,0,0,0,0,0,0
OP06-003,parallel 3,Parallel 3,OP06-003_p3,One Piece Card The Best,OP06/parallel/OP06-003_p3.png,0,0,0,0,0,0,0
OP06-003,r1,R1,OP06-003_r1,One Piece Card The Best,OP06/base/OP06-003_r1.png,0,0,0,0,0,0,0
OP06-007,base,Base,OP06-007,Wings Of The Captain,,1,0,0,0,0,0,0
OP06-007,parallel 1,Parallel 1,OP06-007_p1,Wings Of The Captain,OP06/parallel/OP06-007_p1.png,0,0,0,0,0,0,0
OP06-007,parallel 2,Parallel 2,OP06-007_p2,One Piece Card The Best Vol.2,OP06/parallel/OP06-007_p2.png,0,0,0,0,0,0,0
OP06-007,r1,R1,OP06-007_r1,One Piece Card The Best Vol.2,OP06/base/OP06-007_r1.png,0,0,0,0,0,0,0
OP06-009,base,Base,OP06-009,Wings Of The Captain,,1,0,0,0,0,0,0
OP06-009,parallel 1,Parallel 1,OP06-009_p1,Wings Of The Captain,OP06/parallel/OP06-009_p1.png,0,0,0,0,0,0,0
OP06-013,base,Base,OP06-013,Wings Of The Captain,,1,0,0,0,0,0,0
OP06-013,parallel 1,Parallel 1,OP06-013_p1,Wings Of The Captain,OP06/parallel/OP06-013_p1.png,0,0,0,0,0,0,0
OP06-016,base,Base,OP06-016,Wings Of The Captain,,1,0,0,0,0,0,0
OP06-016,parallel 1,Parallel 1,OP06-016_p1,Other Product Card,OP06/parallel/OP06-016_p1.png,0,0,0,0,0,0,0
OP06-020,base,Base,OP06-020,Wings Of The Captain,,1,0,0,0,0,0,0
OP06-020,parallel 1,Parallel 1,OP06-020_p1,Wings Of The Captain,OP06/parallel/OP06-020_p1.png,0,0,0,0,0,0,0
OP06-020,parallel 2,Parallel 2,OP06-020_p2,Anime 25th Collection,OP06/parallel/OP06-020_p2.png,0,0,0,0,0,0,0
OP06-021,base,Base,OP06-021,Wings Of The Captain,,1,0,0,0,0,0,0
OP06-021,parallel 1,Parallel 1,OP06-021_p1,Wings Of The Captain,OP06/parallel/OP06-021_p1.png,0,0,0,0,0,0,0
OP06-021,parallel 2,Parallel 2,OP06-021_p2,Anime 25th Collection,OP06/parallel/OP06-021_p2.png,0,0,0,0,0,0,0
OP06-022,base,Base,OP06-022,Wings Of The Captain,,1,0,0,0,0,0,0
OP06-022,parallel 1,Parallel 1,OP06-022_p1,Wings Of The Captain,OP06/parallel/OP06-022_p1.png,0,0,0,0,0,0,0
OP06-022,parallel 2,Parallel 2,OP06-022_p2,Anime 25th Collection,OP06/parallel/OP06-022_p2.png,0,0,0,0,0,0,0
OP06-022,parallel 3,Parallel 3,OP06-022_p3,Green/yellow Yamato,OP06/parallel/OP06-022_p3.png,0,0,0,0,0,0,0
OP06-023,base,Base,OP06-023,Wings Of The Captain,,1,0,0,0,0,0,0
OP06-023,parallel 2,Parallel 2,OP06-023_p2,One Piece Card The Best,OP06/parallel/OP06-023_p2.png,0,0,0,0,0,0,0
OP06-023,parallel 3,Parallel 3,OP06-023_p3,One Piece Card The Best,OP06/parallel/OP06-023_p3.png,0,0,0,0,0,0,0
OP06-023,parallel 4,Parallel 4,OP06-023_p4,One Piece Card The Best,OP06/parallel/OP06-023_p4.png,0,0,0,0,0,0,0
OP06-023,r1,R1,OP06-023_r1,One Piece Card The Best,OP06/base/OP06-023_r1.png,0,0,0,0,0,0,0
OP06-025,base,Base,OP06-025,Wings Of The Captain,,1,0,0,0,0,0,0
OP06-025,parallel 1,Parallel 1,OP06-025_p1,Wings Of The Captain,OP06/parallel/OP06-025_p1.png,0,0,0,0,0,0,0
OP06-035,base,Base,OP06-035,Wings Of The Captain,,1,0,0,0,0,0,0
OP06-035,parallel 1,Parallel 1,OP06-035_p1,Wings Of The Captain,OP06/parallel/OP06-035_p1.png,0,0,0,0,0,0,0
OP06-035,parallel 3,Parallel 3,OP06-035_p3,One Piece Card The Best,OP06/parallel/OP06-035_p3.png,0,0,0,0,0,0,0
OP06-035,r1,R1,OP06-035_r1,One Piece Card The Best,OP06/base/OP06-035_r1.png,0,0,0,0,0,0,0
OP06-036,base,Base,OP06-036,Wings Of The Captain,,1,0,0,0,0,0,0
OP06-036,parallel 2,Parallel 2,OP06-036_p2,One Piece Card The Best,OP06/parallel/OP06-036_p2.png,0,0,0,0,0,0,0
OP06-036,parallel 3,Parallel 3,OP06-036_p3,One Piece Card The Best,OP06/parallel/OP06-036_p3.png,0,0,0,0,0,0,0
OP06-036,parallel 4,Parallel 4,OP06-036_p4,One Piece Card The Best,OP06/parallel/OP06-036_p4.png,0,0,0,0,0,0,0
OP06-036,r1,R1,OP06-036_r1,One Piece Card The Best,OP06/base/OP06-036_r1.png,0,0,0,0,0,0,0
OP06-038,base,Base,OP06-038,Wings Of The Captain,,1,0,0,0,0,0,0
OP06-038,parallel 2,Parallel 2,OP06-038_p2,One Piece Card The Best,OP06/parallel/OP06-038_p2.png,0,0,0,0,0,0,0
OP06-038,parallel 3,Parallel 3,OP06-038_p3,One Piece Card The Best,OP06/parallel/OP06-038_p3.png,0,0,0,0,0,0,0
OP06-038,r1,R1,OP06-038_r1,One Piece Card The Best,OP06/base/OP06-038_r1.png,0,0,0,0,0,0,0
OP06-042,base,Base,OP06-042,Wings Of The Captain,,1,0,0,0,0,0,0
OP06-042,parallel 1,Parallel 1,OP06-042_p1,Wings Of The Captain,OP06/parallel/OP06-042_p1.png,0,0,0,0,0,0,0
OP06-042,parallel 2,Parallel 2,OP06-042_p2,Anime 25th Collection,OP06/parallel/OP06-042_p2.png,0,0,0,0,0,0,0
OP06-043,base,Base,OP06-043,Wings Of The Captain,,1,0,0,0,0,0,0
OP06-043,parallel 1,Parallel 1,OP06-043_p1,Wings Of The Captain,OP06/parallel/OP06-043_p1.png,0,0,0,0,0,0,0
OP06-044,base,Base,OP06-044,Wings Of The Captain,,1,0,0,0,0,0,0
OP06-044,parallel 1,Parallel 1,OP06-044_p1,One Piece Card The Best Vol.2,OP06/parallel/OP06-044_p1.png,0,0,0,0,0,0,0
OP06-044,r1,R1,OP06-044_r1,One Piece Card The Best Vol.2,OP06/base/OP06-044_r1.png,0,0,0,0,0,0,0
OP06-047,base,Base,OP06-047,Wings Of The Captain,,1,0,0,0,0,0,0
OP06-047,parallel 1,Parallel 1,OP06-047_p1,Promotion Card,OP06/parallel/OP06-047_p1.png,0,0,0,0,0,0,0
OP06-047,parallel 2,Parallel 2,OP06-047_p2,One Piece Card The Best Vol.2,OP06/parallel/OP06-047_p2.png,0,0,0,0,0,0,0
OP06-047,r1,R1,OP06-047_r1,One Piece Card The Best Vol.2,OP06/base/OP06-047_r1.png,0,0,0,0,0,0,0
OP06-049,base,Base,OP06-049,Wings Of The Captain,,1,0,0,0,0,0,0
OP06-049,parallel 1,Parallel 1,OP06-049_p1,One Piece Card The Best Vol.2,OP06/parallel/OP06-049_p1.png,0,0,0,0,0,0,0
OP06-049,r1,R1,OP06-049_r1,One Piece Card The Best Vol.2,OP06/base/OP06-049_r1.png,0,0,0,0,0,0,0
OP06-050,base,Base,OP06-050,Wings Of The Captain,OP06/sp/OP06-050_sp.png,1,1,0,0,0,0,0
OP06-050,parallel 1,Parallel 1,OP06-050_p1,Wings Of The Captain,OP06/parallel/OP06-050_p1.png,0,1,0,0,0,0,0
OP06-050,parallel 2,Parallel 2,OP06-050_p2,Legacy Of The Master,OP06/parallel/OP06-050_p2.png,0,1,0,0,0,0,0
OP06-051,base,Base,OP06-051,Wings Of The Captain,,1,0,0,0,0,0,0
OP06-051,parallel 1,Parallel 1,OP06-051_p1,Promotion Card,OP06/parallel/OP06-051_p1.png,0,0,0,0,0,0,0
OP06-051,parallel 2,Parallel 2,OP06-051_p2,Promotion Card,OP06/parallel/OP06-051_p2.png,0,0,0,0,0,0,0
OP06-056,base,Base,OP06-056,Wings Of The Captain,,1,0,0,0,0,0,0
OP06-056,parallel 2,Parallel 2,OP06-056_p2,One Piece Card The Best,OP06/parallel/OP06-056_p2.png,0,0,0,0,0,0,0
OP06-056,parallel 3,Parallel 3,OP06-056_p3,One Piece Card The Best,OP06/parallel/OP06-056_p3.png,0,0,0,0,0,0,0
OP06-056,parallel 4,Parallel 4,OP06-056_p4,One Piece Card The Best Vol.2,OP06/parallel/OP06-056_p4.png,0,0,0,0,0,0,0
OP06-056,r1,R1,OP06-056_r1,One Piece Card The Best,OP06/base/OP06-056_r1.png,0,0,0,0,0,0,0
OP06-056,r2,R2,OP06-056_r2,One Piece Card The Best Vol.2,OP06/base/OP06-056_r2.png,0,0,0,0,0,0,0
OP06-058,base,Base,OP06-058,Wings Of The Captain,,1,0,0,0,0,0,0
OP06-058,parallel 1,Parallel 1,OP06-058_p1,One Piece Card The Best Vol.2,OP06/parallel/OP06-058_p1.png,0,0,0,0,0,0,0
OP06-058,r1,R1,OP06-058_r1,One Piece Card The Best Vol.2,OP06/base/OP06-058_r1.png,0,0,0,0,0,0,0
OP06-059,base,Base,OP06-059,Wings Of The Captain,,1,0,0,0,0,0,0
OP06-059,parallel 1,Parallel 1,OP06-059_p1,One Piece Card The Best Vol.2,OP06/parallel/OP06-059_p1.png,0,0,0,0,0,0,0
OP06-059,r1,R1,OP06-059_r1,One Piece Card The Best Vol.2,OP06/base/OP06-059_r1.png,0,0,0,0,0,0,0
OP06-060,base,Base,OP06-060,Wings Of The Captain,,1,0,0,0,0,0,0
OP06-060,parallel 2,Parallel 2,OP06-060_p2,One Piece Card The Best,OP06/parallel/OP06-060_p2.png,0,0,0,0,0,0,0
OP06-060,parallel 3,Parallel 3,OP06-060_p3,One Piece Card The Best,OP06/parallel/OP06-060_p3.png,0,0,0,0,0,0,0
OP06-060,r1,R1,OP06-060_r1,One Piece Card The Best,OP06/base/OP06-060_r1.png,0,0,0,0,0,0,0
OP06-061,base,Base,OP06-061,Wings Of The Captain,,1,0,0,0,0,0,0
OP06-061,parallel 1,Parallel 1,OP06-061_p1,Wings Of The Captain,OP06/parallel/OP06-061_p1.png,0,0,0,0,0,0,0
OP06-062,base,Base,OP06-062,Wings Of The Captain,,1,0,0,0,0,0,0
OP06-062,parallel 1,Parallel 1,OP06-062_p1,Wings Of The Captain,OP06/parallel/OP06-062_p1.png,0,0,0,0,0,0,0
OP06-063,base,Base,OP06-063,Wings Of The Captain,,1,0,0,0,0,0,0
OP06-063,parallel 1,Parallel 1,OP06-063_p1,One Piece Card The Best Vol.2,OP06/parallel/OP06-063_p1.png,0,0,0,0,0,0,0
OP06-063,parallel 2,Parallel 2,OP06-063_p2,Promotion Card,OP06/parallel/OP06-063_p2.png,0,0,0,0,0,0,0
OP06-063,parallel 3,Parallel 3,OP06-063_p3,Promotion Card,OP06/parallel/OP06-063_p3.png,0,0,0,0,0,0,0
OP06-063,parallel 4,Parallel 4,OP06-063_p4,Promotion Card,OP06/parallel/OP06-063_p4.png,0,0,0,0,0,0,0
OP06-063,r1,R1,OP06-063_r1,One Piece Card The Best Vol.2,OP06/base/OP06-063_r1.png,0,0,0,0,0,0,0
OP06-064,base,Base,OP06-064,Wings Of The Captain,,1,0,0,0,0,0,0
OP06-064,parallel 2,Parallel 2,OP06-064_p2,One Piece Card The Best,OP06/parallel/OP06-064_p2.png,0,0,0,0,0,0,0
OP06-064,parallel 3,Parallel 3,OP06-064_p3,One Piece Card The Best,OP06/parallel/OP06-064_p3.png,0,0,0,0,0,0,0
OP06-064,r1,R1,OP06-064_r1,One Piece Card The Best,OP06/base/OP06-064_r1.png,0,0,0,0,0,0,0
OP06-065,base,Base,OP06-065,Wings Of The Captain,,1,0,0,0,0,0,0
OP06-065,parallel 2,Parallel 2,OP06-065_p2,One Piece Card The Best,OP06/parallel/OP06-065_p2.png,0,0,0,0,0,0,0
OP06-065,parallel 3,Parallel 3,OP06-065_p3,One Piece Card The Best,OP06/parallel/OP06-065_p3.png,0,0,0,0,0,0,0
OP06-065,parallel 4,Parallel 4,OP06-065_p4,One Piece Card The Best,OP06/parallel/OP06-065_p4.png,0,0,0,0,0,0,0
OP06-065,r1,R1,OP06-065_r1,One Piece Card The Best,OP06/base/OP06-065_r1.png,0,0,0,0,0,0,0
OP06-066,base,Base,OP06-066,Wings Of The Captain,,1,0,0,0,0,0,0
OP06-066,parallel 2,Parallel 2,OP06-066_p2,One Piece Card The Best,OP06/parallel/OP06-066_p2.png,0,0,0,0,0,0,0
OP06-066,parallel 3,Parallel 3,OP06-066_p3,One Piece Card The Best,OP06/parallel/OP06-066_p3.png,0,0,0,0,0,0,0
OP06-066,r1,R1,OP06-066_r1,One Piece Card The Best,OP06/base/OP06-066_r1.png,0,0,0,0,0,0,0
OP06-067,base,Base,OP06-067,Wings Of The Captain,,1,0,0,0,0,0,0
OP06-067,parallel 2,Parallel 2,OP06-067_p2,One Piece Card The Best,OP06/parallel/OP06-067_p2.png,0,0,0,0,0,0,0
OP06-067,parallel 3,Parallel 3,OP06-067_p3,One Piece Card The Best,OP06/parallel/OP06-067_p3.png,0,0,0,0,0,0,0
OP06-067,parallel 4,Parallel 4,OP06-067_p4,One Piece Card The Best,OP06/parallel/OP06-067_p4.png,0,0,0,0,0,0,0
OP06-067,r1,R1,OP06-067_r1,One Piece Card The Best,OP06/base/OP06-067_r1.png,0,0,0,0,0,0,0
OP06-068,base,Base,OP06-068,Wings Of The Captain,,1,0,0,0,0,0,0
OP06-068,parallel 2,Parallel 2,OP06-068_p2,One Piece Card The Best,OP06/parallel/OP06-068_p2.png,0,0,0,0,0,0,0
OP06-068,parallel 3,Parallel 3,OP06-068_p3,One Piece Card The Best,OP06/parallel/OP06-068_p3.png,0,0,0,0,0,0,0
OP06-068,r1,R1,OP06-068_r1,One Piece Card The Best,OP06/base/OP06-068_r1.png,0,0,0,0,0,0,0
OP06-069,base,Base,OP06-069,Wings Of The Captain,,1,0,0,0,0,0,0
OP06-069,parallel 1,Parallel 1,OP06-069_p1,Wings Of The Captain,OP06/parallel/OP06-069_p1.png,0,0,0,0,0,0,0
OP06-069,parallel 2,Parallel 2,OP06-069_p2,Promotion Card,OP06/parallel/OP06-069_p2.png,0,0,0,0,0,0,0
OP06-069,parallel 4,Parallel 4,OP06-069_p4,One Piece Card The Best,OP06/parallel/OP06-069_p4.png,0,0,0,0,0,0,0
OP06-069,r1,R1,OP06-069_r1,One Piece Card The Best,OP06/base/OP06-069_r1.png,0,0,0,0,0,0,0
OP06-073,base,Base,OP06-073,Wings Of The Captain,,1,0,0,0,0,0,0
OP06-073,parallel 1,Parallel 1,OP06-073_p1,One Piece Card The Best Vol.2,OP06/parallel/OP06-073_p1.png,0,0,0,0,0,0,0
OP06-073,r1,R1,OP06-073_r1,One Piece Card The Best Vol.2,OP06/base/OP06-073_r1.png,0,0,0,0,0,0,0
OP06-076,base,Base,OP06-076,Wings Of The Captain,,1,0,0,0,0,0,0
OP06-076,parallel 1,Parallel 1,OP06-076_p1,Promotion Card,OP06/parallel/OP06-076_p1.png,0,0,0,0,0,0,0
OP06-076,parallel 2,Parallel 2,OP06-076_p2,One Piece Card The Best Vol.2,OP06/parallel/OP06-076_p2.png,0,0,0,0,0,0,0
OP06-076,r1,R1,OP06-076_r1,One Piece Card The Best Vol.2,OP06/base/OP06-076_r1.png,0,0,0,0,0,0,0
OP06-078,base,Base,OP06-078,Wings Of The Captain,,1,0,0,0,0,0,0
OP06-078,parallel 1,Parallel 1,OP06-078_p1,One Piece Card The Best Vol.2,OP06/parallel/OP06-078_p1.png,0,0,0,0,0,0,0
OP06-078,r1,R1,OP06-078_r1,One Piece Card The Best Vol.2,OP06/base/OP06-078_r1.png,0,0,0,0,0,0,0
OP06-079,base,Base,OP06-079,Wings Of The Captain,,1,0,0,0,0,0,0
OP06-079,parallel 2,Parallel 2,OP06-079_p2,One Piece Card The Best,OP06/parallel/OP06-079_p2.png,0,0,0,0,0,0,0
OP06-079,parallel 3,Parallel 3,OP06-079_p3,One Piece Card The Best,OP06/parallel/OP06-079_p3.png,0,0,0,0,0,0,0
OP06-079,parallel 4,Parallel 4,OP06-079_p4,One Piece Card The Best,OP06/parallel/OP06-079_p4.png,0,0,0,0,0,0,0
OP06-079,r1,R1,OP06-079_r1,One Piece Card The Best,OP06/base/OP06-079_r1.png,0,0,0,0,0,0,0
OP06-080,base,Base,OP06-080,Wings Of The Captain,,1,0,0,0,0,0,0
OP06-080,parallel 1,Parallel 1,OP06-080_p1,Wings Of The Captain,OP06/parallel/OP06-080_p1.png,0,0,0,0,0,0,0
OP06-080,parallel 2,Parallel 2,OP06-080_p2,Anime 25th Collection,OP06/parallel/OP06-080_p2.png,0,0,0,0,0,0,0
OP06-081,base,Base,OP06-081,Wings Of The Captain,,1,0,0,0,0,0,0
OP06-081,parallel 1,Parallel 1,OP06-081_p1,Wings Of The Captain,OP06/parallel/OP06-081_p1.png,0,0,0,0,0,0,0
OP06-086,base,Base,OP06-086,Wings Of The Captain,,1,0,0,0,0,0,0
OP06-086,parallel 1,Parallel 1,OP06-086_p1,Wings Of The Captain,OP06/parallel/OP06-086_p1.png,0,0,0,0,0,0,0
OP06-086,parallel 3,Parallel 3,OP06-086_p3,One Piece Card The Best,OP06/parallel/OP06-086_p3.png,0,0,0,0,0,0,0
OP06-086,r1,R1,OP06-086_r1,One Piece Card The Best,OP06/base/OP06-086_r1.png,0,0,0,0,0,0,0
OP06-090,base,Base,OP06-090,Wings Of The Captain,,1,0,0,0,0,0,0
OP06-090,parallel 1,Parallel 1,OP06-090_p1,Other Product Card,OP06/parallel/OP06-090_p1.png,0,0,0,0,0,0,0
OP06-091,base,Base,OP06-091,Wings Of The Captain,,1,0,0,0,0,0,0
OP06-091,parallel 2,Parallel 2,OP06-091_p2,One Piece Card The Best,OP06/parallel/OP06-091_p2.png,0,0,0,0,0,0,0
OP06-091,parallel 3,Parallel 3,OP06-091_p3,One Piece Card The Best,OP06/parallel/OP06-091_p3.png,0,0,0,0,0,0,0
OP06-091,r1,R1,OP06-091_r1,One Piece Card The Best,OP06/base/OP06-091_r1.png,0,0,0,0,0,0,0
OP06-093,base,Base,OP06-093,Wings Of The Captain,OP06/sp/OP06-093_sp.png,1,1,0,0,0,0,0
OP06-093,parallel 1,Parallel 1,OP06-093_p1,Wings Of The Captain,OP06/parallel/OP06-093_p1.png,0,1,0,0,0,0,0
OP06-093,parallel 3,Parallel 3,OP06-093_p3,Promotion Card,OP06/parallel/OP06-093_p3.png,0,1,0,0,0,0,0
OP06-093,parallel 4,Parallel 4,OP06-093_p4,Promotion Card,OP06/parallel/OP06-093_p4.png,0,1,0,0,0,0,0
OP06-093,parallel 5,Parallel 5,OP06-093_p5,The Azure Sea’s Seven,OP06/parallel/OP06-093_p5.png,0,1,0,0,0,0,0
OP06-100,base,Base,OP06-100,Wings Of The Captain,,1,0,0,0,0,0,0
OP06-100,parallel 2,Parallel 2,OP06-100_p2,One Piece Card The Best,OP06/parallel/OP06-100_p2.png,0,0,0,0,0,0,0
OP06-100,parallel 3,Parallel 3,OP06-100_p3,One Piece Card The Best,OP06/parallel/OP06-100_p3.png,0,0,0,0,0,0,0
OP06-100,r1,R1,OP06-100_r1,One Piece Card The Best,OP06/base/OP06-100_r1.png,0,0,0,0,0,0,0
OP06-100,r2,R2,OP06-100_r2,Green/yellow Yamato,OP06/base/OP06-100_r2.png,0,0,0,0,0,0,0
OP06-101,base,Base,OP06-101,Wings Of The Captain,,1,0,0,0,0,0,0
OP06-101,parallel 1,Parallel 1,OP06-101_p1,Wings Of The Captain,OP06/parallel/OP06-101_p1.png,0,0,0,0,0,0,0
OP06-101,parallel 2,Parallel 2,OP06-101_p2,500 Years In The Future,OP06/parallel/OP06-101_p2.png,0,0,0,0,0,0,0
OP06-101,parallel 3,Parallel 3,OP06-101_p3,Promotion Card,OP06/parallel/OP06-101_p3.png,0,0,0,0,0,0,0
OP06-101,parallel 4,Parallel 4,OP06-101_p4,Promotion Card,OP06/parallel/OP06-101_p4.png,0,0,0,0,0,0,0
OP06-101,parallel 5,Parallel 5,OP06-101_p5,Promotion Card,OP06/parallel/OP06-101_p5.png,0,0,0,0,0,0,0
OP06-103,base,Base,OP06-103,Wings Of The Captain,,1,0,0,0,0,0,0
OP06-103,r1,R1,OP06-103_r1,Green/yellow Yamato,OP06/base/OP06-103_r1.png,0,0,0,0,0,0,0
OP06-104,base,Base,OP06-104,Wings Of The Captain,,1,0,0,0,0,0,0
OP06-104,r1,R1,OP06-104_r1,Green/yellow Yamato,OP06/base/OP06-104_r1.png,0,0,0,0,0,0,0
OP06-106,base,Base,OP06-106,Wings Of The Captain,,1,0,0,0,0,0,0
OP06-106,parallel 1,Parallel 1,OP06-106_p1,Wings Of The Captain,OP06/parallel/OP06-106_p1.png,0,0,0,0,0,0,0
OP06-106,parallel 3,Parallel 3,OP06-106_p3,One Piece Card The Best,OP06/parallel/OP06-106_p3.png,0,0,0,0,0,0,0
OP06-106,r1,R1,OP06-106_r1,One Piece Card The Best,OP06/base/OP06-106_r1.png,0,0,0,0,0,0,0
OP06-107,base,Base,OP06-107,Wings Of The Captain,,1,0,0,0,0,0,0
OP06-107,parallel 1,Parallel 1,OP06-107_p1,Wings Of The Captain,OP06/parallel/OP06-107_p1.png,0,0,0,0,0,0,0
OP06-107,r1,R1,OP06-107_r1,One Piece Card The Best Vol.2,OP06/base/OP06-107_r1.png,0,0,0,0,0,0,0
OP06-109,base,Base,OP06-109,Wings Of The Captain,,1,0,0,0,0,0,0
OP06-109,r1,R1,OP06-109_r1,Green/yellow Yamato,OP06/base/OP06-109_r1.png,0,0,0,0,0,0,0
OP06-110,base,Base,OP06-110,Wings Of The Captain,,1,0,0,0,0,0,0
OP06-110,parallel 1,Parallel 1,OP06-110_p1,Promotion Card,OP06/parallel/OP06-110_p1.png,0,0,0,0,0,0,0
OP06-110,parallel 3,Parallel 3,OP06-110_p3,One Piece Card The Best,OP06/parallel/OP06-110_p3.png,0,0,0,0,0,0,0
OP06-110,parallel 4,Parallel 4,OP06-110_p4,One Piece Card The Best,OP06/parallel/OP06-110_p4.png,0,0,0,0,0,0,0
OP06-110,r1,R1,OP06-110_r1,One Piece Card The Best,OP06/base/OP06-110_r1.png,0,0,0,0,0,0,0
OP06-110,r2,R2,OP06-110_r2,Green/yellow Yamato,OP06/base/OP06-110_r2.png,0,0,0,0,0,0,0
OP06-112,base,Base,OP06-112,Wings Of The Captain,,1,0,0,0,0,0,0
OP06-112,r1,R1,OP06-112_r1,Green/yellow Yamato,OP06/base/OP06-112_r1.png,0,0,0,0,0,0,0
OP06-114,base,Base,OP06-114,Wings Of The Captain,,1,0,0,0,0,0,0
OP06-114,parallel 2,Parallel 2,OP06-114_p2,One Piece Card The Best,OP06/parallel/OP06-114_p2.png,0,0,0,0,0,0,0
OP06-114,parallel 3,Parallel 3,OP06-114_p3,One Piece Card The Best,OP06/parallel/OP06-114_p3.png,0,0,0,0,0,0,0
OP06-114,r1,R1,OP06-114_r1,One Piece Card The Best,OP06/base/OP06-114_r1.png,0,0,0,0,0,0,0
OP06-115,base,Base,OP06-115,Wings Of The Captain,,1,0,0,0,0,0,0
OP06-115,parallel 1,Parallel 1,OP06-115_p1,One Piece Card The Best Vol.2,OP06/parallel/OP06-115_p1.png,0,0,0,0,0,0,0
OP06-115,r1,R1,OP06-115_r1,One Piece Card The Best Vol.2,OP06/base/OP06-115_r1.png,0,0,0,0,0,0,0
OP06-118,base,Base,OP06-118,Wings Of The Captain,,1,0,0,0,0,0,0
OP06-118,parallel 1,Parallel 1,OP06-118_p1,Wings Of The Captain,OP06/parallel/OP06-118_p1.png,0,0,0,0,0,0,0
OP06-118,parallel 2,Parallel 2,OP06-118_p2,Wings Of The Captain,OP06/parallel/OP06-118_p2.png,0,0,0,0,0,0,0
OP06-118,parallel 4,Parallel 4,OP06-118_p4,Other Product Card,OP06/parallel/OP06-118_p4.png,0,0,0,0,0,0,0
OP06-118,r1,R1,OP06-118_r1,One Piece Card The Best,OP06/base/OP06-118_r1.png,0,0,0,0,0,0,0
OP06-118,r2,R2,OP06-118_r2,One Piece Card The Best Vol.2,OP06/base/OP06-118_r2.png,0,0,0,0,0,0,0
OP06-119,base,Base,OP06-119,Wings Of The Captain,OP06/sp/OP06-119_sp.png,1,1,0,0,0,0,0
OP06-119,parallel 1,Parallel 1,OP06-119_p1,Wings Of The Captain,OP06/parallel/OP06-119_p1.png,0,1,0,0,0,0,0
OP06-119,parallel 2,Parallel 2,OP06-119_p2,A Fist Of Divine Speed,OP06/parallel/OP06-119_p2.png,0,1,0,0,0,0,0
OP06-119,parallel 3,Parallel 3,OP06-119_p3,One Piece Card The Best Vol.2,OP06/parallel/OP06-119_p3.png,0,1,0,0,0,0,0
OP06-119,r1,R1,OP06-119_r1,One Piece Card The Best Vol.2,OP06/base/OP06-119_r1.png,0,1,0,0,0,0,0
OP07-001,base,Base,OP07-001,500 Years In The Future,,1,0,0,0,0,0,0
OP07-001,parallel 1,Parallel 1,OP07-001_p1,500 Years In The Future,OP07/parallel/OP07-001_p1.png,0,0,0,0,0,0,0
OP07-001,parallel 2,Parallel 2,OP07-001_p2,Anime 25th Collection,OP07/parallel/OP07-001_p2.png,0,0,0,0,0,0,0
OP07-005,base,Base,OP07-005,500 Years In The Future,,1,0,0,0,0,0,0
OP07-005,parallel 1,Parallel 1,OP07-005_p1,500 Years In The Future,OP07/parallel/OP07-005_p1.png,0,0,0,0,0,0,0
OP07-014,base,Base,OP07-014,500 Years In The Future,,1,0,0,0,0,0,0
OP07-014,parallel 1,Parallel 1,OP07-014_p1,One Piece Card The Best Vol.2,OP07/parallel/OP07-014_p1.png,0,0,0,0,0,0,0
OP07-014,r1,R1,OP07-014_r1,One Piece Card The Best Vol.2,OP07/base/OP07-014_r1.png,0,0,0,0,0,0,0
OP07-015,base,Base,OP07-015,500 Years In The Future,,1,0,0,0,0,0,0
OP07-015,parallel 1,Parallel 1,OP07-015_p1,500 Years In The Future,OP07/parallel/OP07-015_p1.png,0,0,0,0,0,0,0
OP07-015,parallel 2,Parallel 2,OP07-015_p2,Emperors In The New World,OP07/parallel/OP07-015_p2.png,0,0,0,0,0,0,0
OP07-015,r1,R1,OP07-015_r1,One Piece Card The Best Vol.2,OP07/base/OP07-015_r1.png,0,0,0,0,0,0,0
OP07-017,base,Base,OP07-017,500 Years In The Future,,1,0,0,0,0,0,0
OP07-017,parallel 1,Parallel 1,OP07-017_p1,One Piece Card The Best Vol.2,OP07/parallel/OP07-017_p1.png,0,0,0,0,0,0,0
OP07-017,r1,R1,OP07-017_r1,One Piece Card The Best Vol.2,OP07/base/OP07-017_r1.png,0,0,0,0,0,0,0
OP07-019,base,Base,OP07-019,500 Years In The Future,,1,0,0,0,0,0,0
OP07-019,parallel 1,Parallel 1,OP07-019_p1,500 Years In The Future,OP07/parallel/OP07-019_p1.png,0,0,0,0,0,0,0
OP07-019,parallel 2,Parallel 2,OP07-019_p2,Anime 25th Collection,OP07/parallel/OP07-019_p2.png,0,0,0,0,0,0,0
OP07-019,parallel 3,Parallel 3,OP07-019_p3,Green Jewelry Bonney,OP07/parallel/OP07-019_p3.png,0,0,0,0,0,0,0
OP07-021,base,Base,OP07-021,500 Years In The Future,,1,0,0,0,0,0,0
OP07-021,parallel 1,Parallel 1,OP07-021_p1,Promotion Card,OP07/parallel/OP07-021_p1.png,0,0,0,0,0,0,0
OP07-021,parallel 2,Parallel 2,OP07-021_p2,Royal Blood,OP07/parallel/OP07-021_p2.png,0,0,0,0,0,0,0
OP07-021,parallel 3,Parallel 3,OP07-021_p3,Promotion Card,OP07/parallel/OP07-021_p3.png,0,0,0,0,0,0,0
OP07-021,parallel 4,Parallel 4,OP07-021_p4,Promotion Card,OP07/parallel/OP07-021_p4.png,0,0,0,0,0,0,0
OP07-021,parallel 5,Parallel 5,OP07-021_p5,Promotion Card,OP07/parallel/OP07-021_p5.png,0,0,0,0,0,0,0
OP07-021,parallel 6,Parallel 6,OP07-021_p6,Promotion Card,OP07/parallel/OP07-021_p6.png,0,0,0,0,0,0,0
OP07-021,parallel 7,Parallel 7,OP07-021_p7,Promotion Card,OP07/parallel/OP07-021_p7.png,0,0,0,0,0,0,0
OP07-021,parallel 8,Parallel 8,OP07-021_p8,One Piece Card The Best Vol.2,OP07/parallel/OP07-021_p8.png,0,0,0,0,0,0,0
OP07-021,r1,R1,OP07-021_r1,Green Jewelry Bonney,OP07/base/OP07-021_r1.png,0,0,0,0,0,0,0
OP07-021,r2,R2,OP07-021_r2,One Piece Card The Best Vol.2,OP07/base/OP07-021_r2.png,0,0,0,0,0,0,0
OP07-022,base,Base,OP07-022,500 Years In The Future,,1,0,0,0,0,0,0
OP07-022,parallel 1,Parallel 1,OP07-022_p1,500 Years In The Future,OP07/parallel/OP07-022_p1.png,0,0,0,0,0,0,0
OP07-023,base,Base,OP07-023,500 Years In The Future,,1,0,0,0,0,0,0
OP07-023,r1,R1,OP07-023_r1,Green Jewelry Bonney,OP07/base/OP07-023_r1.png,0,0,0,0,0,0,0
OP07-025,base,Base,OP07-025,500 Years In The Future,,1,0,0,0,0,0,0
OP07-025,r1,R1,OP07-025_r1,Green Jewelry Bonney,OP07/base/OP07-025_r1.png,0,0,0,0,0,0,0
OP07-026,base,Base,OP07-026,500 Years In The Future,,1,0,0,0,0,0,0
OP07-026,parallel 1,Parallel 1,OP07-026_p1,500 Years In The Future,OP07/parallel/OP07-026_p1.png,0,0,0,0,0,0,0
OP07-026,r1,R1,OP07-026_r1,One Piece Card The Best Vol.2,OP07/base/OP07-026_r1.png,0,0,0,0,0,0,0
OP07-029,base,Base,OP07-029,500 Years In The Future,,1,0,0,0,0,0,0
OP07-029,parallel 1,Parallel 1,OP07-029_p1,500 Years In The Future,OP07/parallel/OP07-029_p1.png,0,0,0,0,0,0,0
OP07-029,r1,R1,OP07-029_r1,One Piece Card The Best Vol.2,OP07/base/OP07-029_r1.png,0,0,0,0,0,0,0
OP07-031,base,Base,OP07-031,500 Years In The Future,,1,0,0,0,0,0,0
OP07-031,parallel 1,Parallel 1,OP07-031_p1,One Piece Card The Best Vol.2,OP07/parallel/OP07-031_p1.png,0,0,0,0,0,0,0
OP07-031,r1,R1,OP07-031_r1,Green Jewelry Bonney,OP07/base/OP07-031_r1.png,0,0,0,0,0,0,0
OP07-031,r2,R2,OP07-031_r2,One Piece Card The Best Vol.2,OP07/base/OP07-031_r2.png,0,0,0,0,0,0,0
OP07-033,base,Base,OP07-033,500 Years In The Future,,1,0,0,0,0,0,0
OP07-033,r1,R1,OP07-033_r1,Green Jewelry Bonney,OP07/base/OP07-033_r1.png,0,0,0,0,0,0,0
OP07-034,base,Base,OP07-034,500 Years In The Future,,1,0,0,0,0,0,0
OP07-034,r1,R1,OP07-034_r1,Green Jewelry Bonney,OP07/base/OP07-034_r1.png,0,0,0,0,0,0,0
OP07-036,base,Base,OP07-036,500 Years In The Future,,1,0,0,0,0,0,0
OP07-036,parallel 1,Parallel 1,OP07-036_p1,Green Jewelry Bonney,OP07/parallel/OP07-036_p1.png,0,0,0,0,0,0,0
OP07-037,base,Base,OP07-037,500 Years In The Future,,1,0,0,0,0,0,0
OP07-037,parallel 1,Parallel 1,OP07-037_p1,Other Product Card,OP07/parallel/OP07-037_p1.png,0,0,0,0,0,0,0
OP07-037,r1,R1,OP07-037_r1,Green Jewelry Bonney,OP07/base/OP07-037_r1.png,0,0,0,0,0,0,0
OP07-038,base,Base,OP07-038,500 Years In The Future,,1,0,0,0,0,0,0
OP07-038,parallel 1,Parallel 1,OP07-038_p1,500 Years In The Future,OP07/parallel/OP07-038_p1.png,0,0,0,0,0,0,0
OP07-038,parallel 2,Parallel 2,OP07-038_p2,Anime 25th Collection,OP07/parallel/OP07-038_p2.png,0,0,0,0,0,0,0
OP07-040,base,Base,OP07-040,500 Years In The Future,,1,0,0,0,0,0,0
OP07-040,parallel 1,Parallel 1,OP07-040_p1,Promotion Card,OP07/parallel/OP07-040_p1.png,0,0,0,0,0,0,0
OP07-040,parallel 2,Parallel 2,OP07-040_p2,One Piece Card The Best Vol.2,OP07/parallel/OP07-040_p2.png,0,0,0,0,0,0,0
OP07-040,parallel 3,Parallel 3,OP07-040_p3,One Piece Card The Best Vol.2,OP07/parallel/OP07-040_p3.png,0,0,0,0,0,0,0
OP07-040,parallel 4,Parallel 4,OP07-040_p4,Other Product Card,OP07/parallel/OP07-040_p4.png,0,0,0,0,0,0,0
OP07-040,r1,R1,OP07-040_r1,One Piece Card The Best Vol.2,OP07/base/OP07-040_r1.png,0,0,0,0,0,0,0
OP07-044,base,Base,OP07-044,500 Years In The Future,,1,0,0,0,0,0,0
OP07-044,parallel 1,Parallel 1,OP07-044_p1,Other Product Card,OP07/parallel/OP07-044_p1.png,0,0,0,0,0,0,0
OP07-045,base,Base,OP07-045,500 Years In The Future,,1,0,0,0,0,0,0
OP07-045,parallel 1,Parallel 1,OP07-045_p1,500 Years In The Future,OP07/parallel/OP07-045_p1.png,0,0,0,0,0,0,0
OP07-046,base,Base,OP07-046,500 Years In The Future,OP07/sp/OP07-046_sp.png,1,1,0,0,0,0,0
OP07-046,parallel 1,Parallel 1,OP07-046_p1,500 Years In The Future,OP07/parallel/OP07-046_p1.png,0,1,0,0,0,0,0
OP07-046,parallel 2,Parallel 2,OP07-046_p2,The Azure Sea’s Seven,OP07/parallel/OP07-046_p2.png,0,1,0,0,0,0,0
OP07-047,base,Base,OP07-047,500 Years In The Future,,1,0,0,0,0,0,0
OP07-047,parallel 1,Parallel 1,OP07-047_p1,500 Years In The Future,OP07/parallel/OP07-047_p1.png,0,0,0,0,0,0,0
OP07-047,parallel 2,Parallel 2,OP07-047_p2,Promotion Card,OP07/parallel/OP07-047_p2.png,0,0,0,0,0,0,0
OP07-047,parallel 3,Parallel 3,OP07-047_p3,Promotion Card,OP07/parallel/OP07-047_p3.png,0,0,0,0,0,0,0
OP07-047,parallel 4,Parallel 4,OP07-047_p4,Promotion Card,OP07/parallel/OP07-047_p4.png,0,0,0,0,0,0,0
OP07-047,parallel 5,Parallel 5,OP07-047_p5,Other Product Card,OP07/parallel/OP07-047_p5.png,0,0,0,0,0,0,0
OP07-048,base,Base,OP07-048,500 Years In The Future,,1,0,0,0,0,0,0
OP07-048,parallel 1,Parallel 1,OP07-048_p1,Other Product Card,OP07/parallel/OP07-048_p1.png,0,0,0,0,0,0,0
OP07-051,base,Base,OP07-051,500 Years In The Future,,1,0,0,0,0,0,0
OP07-051,parallel 1,Parallel 1,OP07-051_p1,500 Years In The Future,OP07/parallel/OP07-051_p1.png,0,0,0,0,0,0,0
OP07-051,parallel 2,Parallel 2,OP07-051_p2,500 Years In The Future,OP07/parallel/OP07-051_p2.png,0,0,0,0,0,0,0
OP07-051,parallel 3,Parallel 3,OP07-051_p3,Emperors In The New World,OP07/parallel/OP07-051_p3.png,0,0,0,0,0,0,0
OP07-051,parallel 4,Parallel 4,OP07-051_p4,Other Product Card,OP07/parallel/OP07-051_p4.png,0,0,0,0,0,0,0
OP07-051,parallel 5,Parallel 5,OP07-051_p5,Other Product Card,OP07/parallel/OP07-051_p5.png,0,0,0,0,0,0,0
OP07-053,base,Base,OP07-053,500 Years In The Future,,1,0,0,0,0,0,0
OP07-053,parallel 1,Parallel 1,OP07-053_p1,Promotion Card,OP07/parallel/OP07-053_p1.png,0,0,0,0,0,0,0
OP07-053,parallel 2,Parallel 2,OP07-053_p2,Promotion Card,OP07/parallel/OP07-053_p2.png,0,0,0,0,0,0,0
OP07-053,parallel 3,Parallel 3,OP07-053_p3,Promotion Card,OP07/parallel/OP07-053_p3.png,0,0,0,0,0,0,0
OP07-053,parallel 4,Parallel 4,OP07-053_p4,Promotion Card,OP07/parallel/OP07-053_p4.png,0,0,0,0,0,0,0
OP07-056,base,Base,OP07-056,500 Years In The Future,,1,0,0,0,0,0,0
OP07-056,parallel 1,Parallel 1,OP07-056_p1,One Piece Card The Best Vol.2,OP07/parallel/OP07-056_p1.png,0,0,0,0,0,0,0
OP07-056,r1,R1,OP07-056_r1,One Piece Card The Best Vol.2,OP07/base/OP07-056_r1.png,0,0,0,0,0,0,0
OP07-057,base,Base,OP07-057,500 Years In The Future,,1,0,0,0,0,0,0
OP07-057,parallel 1,Parallel 1,OP07-057_p1,Other Product Card,OP07/parallel/OP07-057_p1.png,0,0,0,0,0,0,0
OP07-059,base,Base,OP07-059,500 Years In The Future,,1,0,0,0,0,0,0
OP07-059,parallel 1,Parallel 1,OP07-059_p1,500 Years In The Future,OP07/parallel/OP07-059_p1.png,0,0,0,0,0,0,0
OP07-059,parallel 2,Parallel 2,OP07-059_p2,Anime 25th Collection,OP07/parallel/OP07-059_p2.png,0,0,0,0,0,0,0
OP07-064,base,Base,OP07-064,500 Years In The Future,,1,0,0,0,0,0,0
OP07-064,parallel 1,Parallel 1,OP07-064_p1,500 Years In The Future,OP07/parallel/OP07-064_p1.png,0,0,0,0,0,0,0
OP07-064,parallel 2,Parallel 2,OP07-064_p2,Other Product Card,OP07/parallel/OP07-064_p2.png,0,0,0,0,0,0,0
OP07-064,r1,R1,OP07-064_r1,One Piece Card The Best Vol.2,OP07/base/OP07-064_r1.png,0,0,0,0,0,0,0
OP07-066,base,Base,OP07-066,500 Years In The Future,,1,0,0,0,0,0,0
OP07-066,parallel 1,Parallel 1,OP07-066_p1,Promotion Card,OP07/parallel/OP07-066_p1.png,0,0,0,0,0,0,0
OP07-066,parallel 2,Parallel 2,OP07-066_p2,Promotion Card,OP07/parallel/OP07-066_p2.png,0,0,0,0,0,0,0
OP07-071,base,Base,OP07-071,500 Years In The Future,,1,0,0,0,0,0,0
OP07-071,parallel 1,Parallel 1,OP07-071_p1,500 Years In The Future,OP07/parallel/OP07-071_p1.png,0,0,0,0,0,0,0
OP07-072,base,Base,OP07-072,500 Years In The Future,,1,0,0,0,0,0,0
OP07-072,parallel 1,Parallel 1,OP07-072_p1,500 Years In The Future,OP07/parallel/OP07-072_p1.png,0,0,0,0,0,0,0
OP07-073,base,Base,OP07-073,500 Years In The Future,,1,0,0,0,0,0,0
OP07-073,parallel 1,Parallel 1,OP07-073_p1,Promotion Card,OP07/parallel/OP07-073_p1.png,0,0,0,0,0,0,0
OP07-076,base,Base,OP07-076,500 Years In The Future,,1,0,0,0,0,0,0
OP07-076,parallel 1,Parallel 1,OP07-076_p1,One Piece Card The Best Vol.2,OP07/parallel/OP07-076_p1.png,0,0,0,0,0,0,0
OP07-076,r1,R1,OP07-076_r1,One Piece Card The Best Vol.2,OP07/base/OP07-076_r1.png,0,0,0,0,0,0,0
OP07-079,base,Base,OP07-079,500 Years In The Future,,1,0,0,0,0,0,0
OP07-079,parallel 1,Parallel 1,OP07-079_p1,500 Years In The Future,OP07/parallel/OP07-079_p1.png,0,0,0,0,0,0,0
OP07-079,parallel 2,Parallel 2,OP07-079_p2,Anime 25th Collection,OP07/parallel/OP07-079_p2.png,0,0,0,0,0,0,0
OP07-080,base,Base,OP07-080,500 Years In The Future,,1,0,0,0,0,0,0
OP07-080,parallel 1,Parallel 1,OP07-080_p1,Promotion Card,OP07/parallel/OP07-080_p1.png,0,0,0,0,0,0,0
OP07-085,base,Base,OP07-085,500 Years In The Future,OP07/sp/OP07-085_sp.png,1,1,0,0,0,0,0
OP07-085,parallel 1,Parallel 1,OP07-085_p1,500 Years In The Future,OP07/parallel/OP07-085_p1.png,0,1,0,0,0,0,0
OP07-085,parallel 2,Parallel 2,OP07-085_p2,A Fist Of Divine Speed,OP07/parallel/OP07-085_p2.png,0,1,0,0,0,0,0
OP07-091,base,Base,OP07-091,500 Years In The Future,,1,0,0,0,0,0,0
OP07-091,parallel 1,Parallel 1,OP07-091_p1,Promotion Card,OP07/parallel/OP07-091_p1.png,0,0,0,0,0,0,0
OP07-097,base,Base,OP07-097,500 Years In The Future,,1,0,0,0,0,0,0
OP07-097,parallel 1,Parallel 1,OP07-097_p1,500 Years In The Future,OP07/parallel/OP07-097_p1.png,0,0,0,0,0,0,0
OP07-097,parallel 2,Parallel 2,OP07-097_p2,Anime 25th Collection,OP07/parallel/OP07-097_p2.png,0,0,0,0,0,0,0
OP07-100,base,Base,OP07-100,500 Years In The Future,,1,0,0,0,0,0,0
OP07-100,parallel 1,Parallel 1,OP07-100_p1,Promotion Card,OP07/parallel/OP07-100_p1.png,0,0,0,0,0,0,0
OP07-100,parallel 2,Parallel 2,OP07-100_p2,Promotion Card,OP07/parallel/OP07-100_p2.png,0,0,0,0,0,0,0
OP07-107,base,Base,OP07-107,500 Years In The Future,,1,0,0,0,0,0,0
OP07-107,parallel 1,Parallel 1,OP07-107_p1,500 Years In The Future,OP07/parallel/OP07-107_p1.png,0,0,0,0,0,0,0
OP07-107,r1,R1,OP07-107_r1,One Piece Card The Best Vol.2,OP07/base/OP07-107_r1.png,0,0,0,0,0,0,0
OP07-109,base,Base,OP07-109,500 Years In The Future,,1,0,0,0,0,0,0
OP07-109,parallel 1,Parallel 1,OP07-109_p1,500 Years In The Future,OP07/parallel/OP07-109_p1.png,0,0,0,0,0,0,0
OP07-109,parallel 2,Parallel 2,OP07-109_p2,Two Legends,OP07/parallel/OP07-109_p2.png,0,0,0,0,0,0,0
OP07-109,parallel 3,Parallel 3,OP07-109_p3,Promotion Card,OP07/parallel/OP07-109_p3.png,0,0,0,0,0,0,0
OP07-109,parallel 4,Parallel 4,OP07-109_p4,Promotion Card,OP07/parallel/OP07-109_p4.png,0,0,0,0,0,0,0
OP07-109,r1,R1,OP07-109_r1,One Piece Card The Best Vol.2,OP07/base/OP07-109_r1.png,0,0,0,0,0,0,0
OP07-111,base,Base,OP07-111,500 Years In The Future,OP07/sp/OP07-111_sp.png,1,1,0,0,0,0,0
OP07-111,parallel 1,Parallel 1,OP07-111_p1,500 Years In The Future,OP07/parallel/OP07-111_p1.png,0,1,0,0,0,0,0
OP07-111,parallel 2,Parallel 2,OP07-111_p2,Carrying On His Will,OP07/parallel/OP07-111_p2.png,0,1,0,0,0,0,0
OP07-113,base,Base,OP07-113,500 Years In The Future,,1,0,0,0,0,0,0
OP07-113,parallel 1,Parallel 1,OP07-113_p1,Promotion Card,OP07/parallel/OP07-113_p1.png,0,0,0,0,0,0,0
OP07-114,base,Base,OP07-114,500 Years In The Future,,1,0,0,0,0,0,0
OP07-114,parallel 1,Parallel 1,OP07-114_p1,One Piece Card The Best Vol.2,OP07/parallel/OP07-114_p1.png,0,0,0,0,0,0,0
OP07-114,r1,R1,OP07-114_r1,One Piece Card The Best Vol.2,OP07/base/OP07-114_r1.png,0,0,0,0,0,0,0
OP07-116,base,Base,OP07-116,500 Years In The Future,,1,0,0,0,0,0,0
OP07-116,parallel 1,Parallel 1,OP07-116_p1,Green/yellow Yamato,OP07/parallel/OP07-116_p1.png,0,0,0,0,0,0,0
OP07-116,parallel 2,Parallel 2,OP07-116_p2,Other Product Card,OP07/parallel/OP07-116_p2.png,0,0,0,0,0,0,0
OP07-118,base,Base,OP07-118,500 Years In The Future,OP07/sp/OP07-118_sp.png,1,1,0,0,0,0,0
OP07-118,parallel 1,Parallel 1,OP07-118_p1,500 Years In The Future,OP07/parallel/OP07-118_p1.png,0,1,0,0,0,0,0
OP07-118,parallel 2,Parallel 2,OP07-118_p2,Carrying On His Will,OP07/parallel/OP07-118_p2.png,0,1,0,0,0,0,0
OP07-118,parallel 3,Parallel 3,OP07-118_p3,Other Product Card,OP07/parallel/OP07-118_p3.png,0,1,0,0,0,0,0
OP07-118,r1,R1,OP07-118_r1,One Piece Card The Best Vol.2,OP07/base/OP07-118_r1.png,0,1,0,0,0,0,0
OP07-119,base,Base,OP07-119,500 Years In The Future,,1,0,0,0,0,0,0
OP07-119,parallel 1,Parallel 1,OP07-119_p1,500 Years In The Future,OP07/parallel/OP07-119_p1.png,0,0,0,0,0,0,0
OP07-119,parallel 2,Parallel 2,OP07-119_p2,Promotion Card,OP07/parallel/OP07-119_p2.png,0,0,0,0,0,0,0
OP07-119,r1,R1,OP07-119_r1,One Piece Card The Best Vol.2,OP07/base/OP07-119_r1.png,0,0,0,0,0,0,0
OP08-001,base,Base,OP08-001,Two Legends,,1,0,0,0,0,0,0
OP08-001,parallel 1,Parallel 1,OP08-001_p1,Two Legends,OP08/parallel/OP08-001_p1.png,0,0,0,0,0,0,0
OP08-001,parallel 2,Parallel 2,OP08-001_p2,Anime 25th Collection,OP08/parallel/OP08-001_p2.png,0,0,0,0,0,0,0
OP08-002,base,Base,OP08-002,Two Legends,,1,0,0,0,0,0,0
OP08-002,parallel 1,Parallel 1,OP08-002_p1,Two Legends,OP08/parallel/OP08-002_p1.png,0,0,0,0,0,0,0
OP08-002,parallel 2,Parallel 2,OP08-002_p2,Anime 25th Collection,OP08/parallel/OP08-002_p2.png,0,0,0,0,0,0,0
OP08-007,base,Base,OP08-007,Two Legends,,1,0,0,0,0,0,0
OP08-007,parallel 1,Parallel 1,OP08-007_p1,Two Legends,OP08/parallel/OP08-007_p1.png,0,0,0,0,0,0,0
OP08-015,base,Base,OP08-015,Two Legends,,1,0,0,0,0,0,0
OP08-015,parallel 1,Parallel 1,OP08-015_p1,Two Legends,OP08/parallel/OP08-015_p1.png,0,0,0,0,0,0,0
OP08-021,base,Base,OP08-021,Two Legends,,1,0,0,0,0,0,0
OP08-021,parallel 1,Parallel 1,OP08-021_p1,Two Legends,OP08/parallel/OP08-021_p1.png,0,0,0,0,0,0,0
OP08-021,parallel 2,Parallel 2,OP08-021_p2,Anime 25th Collection,OP08/parallel/OP08-021_p2.png,0,0,0,0,0,0,0
OP08-023,base,Base,OP08-023,Two Legends,,1,0,0,0,0,0,0
OP08-023,parallel 1,Parallel 1,OP08-023_p1,Two Legends,OP08/parallel/OP08-023_p1.png,0,0,0,0,0,0,0
OP08-023,parallel 2,Parallel 2,OP08-023_p2,One Piece Card The Best Vol.2,OP08/parallel/OP08-023_p2.png,0,0,0,0,0,0,0
OP08-023,r1,R1,OP08-023_r1,One Piece Card The Best Vol.2,OP08/base/OP08-023_r1.png,0,0,0,0,0,0,0
OP08-030,base,Base,OP08-030,Two Legends,,1,0,0,0,0,0,0
OP08-030,parallel 1,Parallel 1,OP08-030_p1,Two Legends,OP08/parallel/OP08-030_p1.png,0,0,0,0,0,0,0
OP08-036,base,Base,OP08-036,Two Legends,,1,0,0,0,0,0,0
OP08-036,parallel 1,Parallel 1,OP08-036_p1,Other Product Card,OP08/parallel/OP08-036_p1.png,0,0,0,0,0,0,0
OP08-040,base,Base,OP08-040,Two Legends,,1,0,0,0,0,0,0
OP08-040,parallel 1,Parallel 1,OP08-040_p1,Other Product Card,OP08/parallel/OP08-040_p1.png,0,0,0,0,0,0,0
OP08-043,base,Base,OP08-043,Two Legends,,1,0,0,0,0,0,0
OP08-043,parallel 1,Parallel 1,OP08-043_p1,Two Legends,OP08/parallel/OP08-043_p1.png,0,0,0,0,0,0,0
OP08-052,base,Base,OP08-052,Two Legends,OP08/tr/OP08-052_tr.png,1,0,1,0,0,0,0
OP08-052,parallel 1,Parallel 1,OP08-052_p1,Two Legends,OP08/parallel/OP08-052_p1.png,0,0,1,0,0,0,0
OP08-052,parallel 2,Parallel 2,OP08-052_p2,Royal Blood,OP08/parallel/OP08-052_p2.png,0,0,1,0,0,0,0
OP08-057,base,Base,OP08-057,Two Legends,,1,0,0,0,0,0,0
OP08-057,parallel 1,Parallel 1,OP08-057_p1,Two Legends,OP08/parallel/OP08-057_p1.png,0,0,0,0,0,0,0
OP08-057,parallel 2,Parallel 2,OP08-057_p2,Anime 25th Collection,OP08/parallel/OP08-057_p2.png,0,0,0,0,0,0,0
OP08-058,base,Base,OP08-058,Two Legends,,1,0,0,0,0,0,0
OP08-058,parallel 1,Parallel 1,OP08-058_p1,Two Legends,OP08/parallel/OP08-058_p1.png,0,0,0,0,0,0,0
OP08-058,parallel 2,Parallel 2,OP08-058_p2,Anime 25th Collection,OP08/parallel/OP08-058_p2.png,0,0,0,0,0,0,0
OP08-062,base,Base,OP08-062,Two Legends,,1,0,0,0,0,0,0
OP08-062,parallel 1,Parallel 1,OP08-062_p1,Promotion Card,OP08/parallel/OP08-062_p1.png,0,0,0,0,0,0,0
OP08-062,parallel 2,Parallel 2,OP08-062_p2,Promotion Card,OP08/parallel/OP08-062_p2.png,0,0,0,0,0,0,0
OP08-067,base,Base,OP08-067,Two Legends,,1,0,0,0,0,0,0
OP08-067,parallel 1,Parallel 1,OP08-067_p1,Two Legends,OP08/parallel/OP08-067_p1.png,0,0,0,0,0,0,0
OP08-067,parallel 2,Parallel 2,OP08-067_p2,Promotion Card,OP08/parallel/OP08-067_p2.png,0,0,0,0,0,0,0
OP08-067,r1,R1,OP08-067_r1,One Piece Card The Best Vol.2,OP08/base/OP08-067_r1.png,0,0,0,0,0,0,0
OP08-069,base,Base,OP08-069,Two Legends,,1,0,0,0,0,0,0
OP08-069,parallel 1,Parallel 1,OP08-069_p1,Two Legends,OP08/parallel/OP08-069_p1.png,0,0,0,0,0,0,0
OP08-069,parallel 2,Parallel 2,OP08-069_p2,Other Product Card,OP08/parallel/OP08-069_p2.png,0,0,0,0,0,0,0
OP08-074,base,Base,OP08-074,Two Legends,,1,0,0,0,0,0,0
OP08-074,parallel 1,Parallel 1,OP08-074_p1,Two Legends,OP08/parallel/OP08-074_p1.png,0,0,0,0,0,0,0
OP08-074,r1,R1,OP08-074_r1,One Piece Card The Best Vol.2,OP08/base/OP08-074_r1.png,0,0,0,0,0,0,0
OP08-076,base,Base,OP08-076,Two Legends,,1,0,0,0,0,0,0
OP08-076,parallel 1,Parallel 1,OP08-076_p1,One Piece Card The Best Vol.2,OP08/parallel/OP08-076_p1.png,0,0,0,0,0,0,0
OP08-076,r1,R1,OP08-076_r1,One Piece Card The Best Vol.2,OP08/base/OP08-076_r1.png,0,0,0,0,0,0,0
OP08-079,base,Base,OP08-079,Two Legends,,1,0,0,0,0,0,0
OP08-079,parallel 1,Parallel 1,OP08-079_p1,Two Legends,OP08/parallel/OP08-079_p1.png,0,0,0,0,0,0,0
OP08-080,base,Base,OP08-080,Two Legends,,1,0,0,0,0,0,0
OP08-080,parallel 1,Parallel 1,OP08-080_p1,Two Legends,OP08/parallel/OP08-080_p1.png,0,0,0,0,0,0,0
OP08-084,base,Base,OP08-084,Two Legends,,1,0,0,0,0,0,0
OP08-084,parallel 1,Parallel 1,OP08-084_p1,Two Legends,OP08/parallel/OP08-084_p1.png,0,0,0,0,0,0,0
OP08-084,parallel 2,Parallel 2,OP08-084_p2,Promotion Card,OP08/parallel/OP08-084_p2.png,0,0,0,0,0,0,0
OP08-087,base,Base,OP08-087,Two Legends,,1,0,0,0,0,0,0
OP08-087,parallel 1,Parallel 1,OP08-087_p1,One Piece Card The Best Vol.2,OP08/parallel/OP08-087_p1.png,0,0,0,0,0,0,0
OP08-087,r1,R1,OP08-087_r1,One Piece Card The Best Vol.2,OP08/base/OP08-087_r1.png,0,0,0,0,0,0,0
OP08-098,base,Base,OP08-098,Two Legends,,1,0,0,0,0,0,0
OP08-098,parallel 1,Parallel 1,OP08-098_p1,Two Legends,OP08/parallel/OP08-098_p1.png,0,0,0,0,0,0,0
OP08-098,parallel 2,Parallel 2,OP08-098_p2,Anime 25th Collection,OP08/parallel/OP08-098_p2.png,0,0,0,0,0,0,0
OP08-099,base,Base,OP08-099,Two Legends,,1,0,0,0,0,0,0
OP08-099,parallel 1,Parallel 1,OP08-099_p1,One Piece Card The Best Vol.2,OP08/parallel/OP08-099_p1.png,0,0,0,0,0,0,0
OP08-099,parallel 2,Parallel 2,OP08-099_p2,Other Product Card,OP08/parallel/OP08-099_p2.png,0,0,0,0,0,0,0
OP08-099,r1,R1,OP08-099_r1,One Piece Card The Best Vol.2,OP08/base/OP08-099_r1.png,0,0,0,0,0,0,0
OP08-105,base,Base,OP08-105,Two Legends,,1,0,0,0,0,0,0
OP08-105,parallel 1,Parallel 1,OP08-105_p1,Two Legends,OP08/parallel/OP08-105_p1.png,0,0,0,0,0,0,0
OP08-106,base,Base,OP08-106,Two Legends,,1,0,0,0,0,0,0
OP08-106,parallel 1,Parallel 1,OP08-106_p1,Two Legends,OP08/parallel/OP08-106_p1.png,0,0,0,0,0,0,0
OP08-106,parallel 2,Parallel 2,OP08-106_p2,Emperors In The New World,OP08/parallel/OP08-106_p2.png,0,0,0,0,0,0,0
OP08-110,base,Base,OP08-110,Two Legends,,1,0,0,0,0,0,0
OP08-110,parallel 1,Parallel 1,OP08-110_p1,Two Legends,OP08/parallel/OP08-110_p1.png,0,0,0,0,0,0,0
OP08-110,parallel 2,Parallel 2,OP08-110_p2,Promotion Card,OP08/parallel/OP08-110_p2.png,0,0,0,0,0,0,0
OP08-110,parallel 3,Parallel 3,OP08-110_p3,Promotion Card,OP08/parallel/OP08-110_p3.png,0,0,0,0,0,0,0
OP08-110,parallel 4,Parallel 4,OP08-110_p4,Promotion Card,OP08/parallel/OP08-110_p4.png,0,0,0,0,0,0,0
OP08-112,base,Base,OP08-112,Two Legends,,1,0,0,0,0,0,0
OP08-112,parallel 1,Parallel 1,OP08-112_p1,Two Legends,OP08/parallel/OP08-112_p1.png,0,0,0,0,0,0,0
OP08-118,base,Base,OP08-118,Two Legends,,1,0,0,0,0,0,0
OP08-118,parallel 1,Parallel 1,OP08-118_p1,Two Legends,OP08/parallel/OP08-118_p1.png,0,0,0,0,0,0,0
OP08-118,parallel 2,Parallel 2,OP08-118_p2,Two Legends,OP08/parallel/OP08-118_p2.png,0,0,0,0,0,0,0
OP08-118,r1,R1,OP08-118_r1,One Piece Card The Best Vol.2,OP08/base/OP08-118_r1.png,0,0,0,0,0,0,0
OP08-119,base,Base,OP08-119,Two Legends,,1,0,0,0,0,0,0
OP08-119,parallel 1,Parallel 1,OP08-119_p1,Two Legends,OP08/parallel/OP08-119_p1.png,0,0,0,0,0,0,0
OP09-001,base,Base,OP09-001,Emperors In The New World,,1,0,0,0,0,0,0
OP09-001,parallel 1,Parallel 1,OP09-001_p1,Emperors In The New World,OP09/parallel/OP09-001_p1.png,0,0,0,0,0,0,0
OP09-001,parallel 2,Parallel 2,OP09-001_p2,Red Shanks,OP09/parallel/OP09-001_p2.png,0,0,0,0,0,0,0
OP09-002,base,Base,OP09-002,Emperors In The New World,,1,0,0,0,0,0,0
OP09-002,parallel 1,Parallel 1,OP09-002_p1,Emperors In The New World,OP09/parallel/OP09-002_p1.png,0,0,0,0,0,0,0
OP09-002,parallel 2,Parallel 2,OP09-002_p2,Promotion Card,OP09/parallel/OP09-002_p2.png,0,0,0,0,0,0,0
OP09-002,r1,R1,OP09-002_r1,One Piece Card The Best Vol.2,OP09/base/OP09-002_r1.png,0,0,0,0,0,0,0
OP09-004,base,Base,OP09-004,Emperors In The New World,,1,0,0,0,0,0,0
OP09-004,parallel 1,Parallel 1,OP09-004_p1,Emperors In The New World,OP09/parallel/OP09-004_p1.png,0,0,0,0,0,0,0
OP09-004,parallel 2,Parallel 2,OP09-004_p2,Emperors In The New World,OP09/parallel/OP09-004_p2.png,0,0,0,0,0,0,0
OP09-004,parallel 3,Parallel 3,OP09-004_p3,Emperors In The New World,OP09/parallel/OP09-004_p3.png,0,0,0,0,0,0,0
OP09-004,parallel 4,Parallel 4,OP09-004_p4,Promotion Card,OP09/parallel/OP09-004_p4.png,0,0,0,0,0,0,0
OP09-004,parallel 5,Parallel 5,OP09-004_p5,Carrying On His Will,OP09/parallel/OP09-004_p5.png,0,0,0,0,0,0,0
OP09-004,parallel 6,Parallel 6,OP09-004_p6,Carrying On His Will,OP09/parallel/OP09-004_p6.png,0,0,0,0,0,0,0
OP09-004,r1,R1,OP09-004_r1,One Piece Card The Best Vol.2,OP09/base/OP09-004_r1.png,0,0,0,0,0,0,0
OP09-005,base,Base,OP09-005,Emperors In The New World,OP09/sp/OP09-005_sp.png,1,1,0,0,0,0,0
OP09-005,parallel 1,Parallel 1,OP09-005_p1,A Fist Of Divine Speed,OP09/parallel/OP09-005_p1.png,0,1,0,0,0,0,0
OP09-005,r1,R1,OP09-005_r1,One Piece Card The Best Vol.2,OP09/base/OP09-005_r1.png,0,1,0,0,0,0,0
OP09-006,base,Base,OP09-006,Emperors In The New World,,1,0,0,0,0,0,0
OP09-006,r1,R1,OP09-006_r1,Red Shanks,OP09/base/OP09-006_r1.png,0,0,0,0,0,0,0
OP09-008,base,Base,OP09-008,Emperors In The New World,,1,0,0,0,0,0,0
OP09-008,parallel 1,Parallel 1,OP09-008_p1,Other Product Card,OP09/parallel/OP09-008_p1.png,0,0,0,0,0,0,0
OP09-009,base,Base,OP09-009,Emperors In The New World,OP09/sp/OP09-009_sp.png,1,1,0,0,0,0,0
OP09-009,parallel 1,Parallel 1,OP09-009_p1,Emperors In The New World,OP09/parallel/OP09-009_p1.png,0,1,0,0,0,0,0
OP09-009,parallel 2,Parallel 2,OP09-009_p2,Promotion Card,OP09/parallel/OP09-009_p2.png,0,1,0,0,0,0,0
OP09-009,parallel 3,Parallel 3,OP09-009_p3,Carrying On His Will,OP09/parallel/OP09-009_p3.png,0,1,0,0,0,0,0
OP09-009,r1,R1,OP09-009_r1,One Piece Card The Best Vol.2,OP09/base/OP09-009_r1.png,0,1,0,0,0,0,0
OP09-010,base,Base,OP09-010,Emperors In The New World,,1,0,0,0,0,0,0
OP09-010,r1,R1,OP09-010_r1,Red Shanks,OP09/base/OP09-010_r1.png,0,0,0,0,0,0,0
OP09-011,base,Base,OP09-011,Emperors In The New World,,1,0,0,0,0,0,0
OP09-011,parallel 1,Parallel 1,OP09-011_p1,Promotion Card,OP09/parallel/OP09-011_p1.png,0,0,0,0,0,0,0
OP09-011,parallel 2,Parallel 2,OP09-011_p2,Promotion Card,OP09/parallel/OP09-011_p2.png,0,0,0,0,0,0,0
OP09-011,parallel 3,Parallel 3,OP09-011_p3,Promotion Card,OP09/parallel/OP09-011_p3.png,0,0,0,0,0,0,0
OP09-011,r1,R1,OP09-011_r1,Red Shanks,OP09/base/OP09-011_r1.png,0,0,0,0,0,0,0
OP09-012,base,Base,OP09-012,Emperors In The New World,,1,0,0,0,0,0,0
OP09-012,r1,R1,OP09-012_r1,Red Shanks,OP09/base/OP09-012_r1.png,0,0,0,0,0,0,0
OP09-013,base,Base,OP09-013,Emperors In The New World,OP09/sp/OP09-013_sp.png,1,1,0,0,0,0,0
OP09-013,parallel 1,Parallel 1,OP09-013_p1,Promotion Card,OP09/parallel/OP09-013_p1.png,0,1,0,0,0,0,0
OP09-013,parallel 2,Parallel 2,OP09-013_p2,Legacy Of The Master,OP09/parallel/OP09-013_p2.png,0,1,0,0,0,0,0
OP09-013,r1,R1,OP09-013_r1,Red Shanks,OP09/base/OP09-013_r1.png,0,1,0,0,0,0,0
OP09-014,base,Base,OP09-014,Emperors In The New World,,1,0,0,0,0,0,0
OP09-014,parallel 1,Parallel 1,OP09-014_p1,One Piece Card The Best Vol.2,OP09/parallel/OP09-014_p1.png,0,0,0,0,0,0,0
OP09-014,parallel 2,Parallel 2,OP09-014_p2,One Piece Card The Best Vol.2,OP09/parallel/OP09-014_p2.png,0,0,0,0,0,0,0
OP09-014,r1,R1,OP09-014_r1,Red Shanks,OP09/base/OP09-014_r1.png,0,0,0,0,0,0,0
OP09-014,r2,R2,OP09-014_r2,One Piece Card The Best Vol.2,OP09/base/OP09-014_r2.png,0,0,0,0,0,0,0
OP09-015,base,Base,OP09-015,Emperors In The New World,OP09/tr/OP09-015_tr.png,1,0,1,0,0,0,0
OP09-015,parallel 1,Parallel 1,OP09-015_p1,A Fist Of Divine Speed,OP09/parallel/OP09-015_p1.png,0,0,1,0,0,0,0
OP09-015,r1,R1,OP09-015_r1,Red Shanks,OP09/base/OP09-015_r1.png,0,0,1,0,0,0,0
OP09-016,base,Base,OP09-016,Emperors In The New World,,1,0,0,0,0,0,0
OP09-016,r1,R1,OP09-016_r1,Red Shanks,OP09/base/OP09-016_r1.png,0,0,0,0,0,0,0
OP09-020,base,Base,OP09-020,Emperors In The New World,,1,0,0,0,0,0,0
OP09-020,parallel 2,Parallel 2,OP09-020_p2,One Piece Card The Best Vol.2,OP09/parallel/OP09-020_p2.png,0,0,0,0,0,0,0
OP09-020,r1,R1,OP09-020_r1,Red Shanks,OP09/base/OP09-020_r1.png,0,0,0,0,0,0,0
OP09-020,r2,R2,OP09-020_r2,One Piece Card The Best Vol.2,OP09/base/OP09-020_r2.png,0,0,0,0,0,0,0
OP09-022,base,Base,OP09-022,Emperors In The New World,,1,0,0,0,0,0,0
OP09-022,parallel 1,Parallel 1,OP09-022_p1,Emperors In The New World,OP09/parallel/OP09-022_p1.png,0,0,0,0,0,0,0
OP09-023,base,Base,OP09-023,Emperors In The New World,,1,0,0,0,0,0,0
OP09-023,parallel 1,Parallel 1,OP09-023_p1,Emperors In The New World,OP09/parallel/OP09-023_p1.png,0,0,0,0,0,0,0
OP09-027,base,Base,OP09-027,Emperors In The New World,,1,0,0,0,0,0,0
OP09-027,parallel 1,Parallel 1,OP09-027_p1,One Piece Card The Best Vol.2,OP09/parallel/OP09-027_p1.png,0,0,0,0,0,0,0
OP09-027,parallel 2,Parallel 2,OP09-027_p2,Promotion Card,OP09/parallel/OP09-027_p2.png,0,0,0,0,0,0,0
OP09-027,parallel 3,Parallel 3,OP09-027_p3,Promotion Card,OP09/parallel/OP09-027_p3.png,0,0,0,0,0,0,0
OP09-027,r1,R1,OP09-027_r1,One Piece Card The Best Vol.2,OP09/base/OP09-027_r1.png,0,0,0,0,0,0,0
OP09-033,base,Base,OP09-033,Emperors In The New World,,1,0,0,0,0,0,0
OP09-033,parallel 1,Parallel 1,OP09-033_p1,One Piece Card The Best Vol.2,OP09/parallel/OP09-033_p1.png,0,0,0,0,0,0,0
OP09-033,r1,R1,OP09-033_r1,One Piece Card The Best Vol.2,OP09/base/OP09-033_r1.png,0,0,0,0,0,0,0
OP09-034,base,Base,OP09-034,Emperors In The New World,,1,0,0,0,0,0,0
OP09-034,parallel 1,Parallel 1,OP09-034_p1,Emperors In The New World,OP09/parallel/OP09-034_p1.png,0,0,0,0,0,0,0
OP09-034,parallel 2,Parallel 2,OP09-034_p2,Promotion Card,OP09/parallel/OP09-034_p2.png,0,0,0,0,0,0,0
OP09-035,base,Base,OP09-035,Emperors In The New World,,1,0,0,0,0,0,0
OP09-035,r1,R1,OP09-035_r1,Green/yellow Yamato,OP09/base/OP09-035_r1.png,0,0,0,0,0,0,0
OP09-037,base,Base,OP09-037,Emperors In The New World,OP09/sp/OP09-037_sp.png,1,1,0,0,0,0,0
OP09-037,parallel 1,Parallel 1,OP09-037_p1,Emperors In The New World,OP09/parallel/OP09-037_p1.png,0,1,0,0,0,0,0
OP09-037,parallel 2,Parallel 2,OP09-037_p2,Legacy Of The Master,OP09/parallel/OP09-037_p2.png,0,1,0,0,0,0,0
OP09-042,base,Base,OP09-042,Emperors In The New World,,1,0,0,0,0,0,0
OP09-042,parallel 1,Parallel 1,OP09-042_p1,Emperors In The New World,OP09/parallel/OP09-042_p1.png,0,0,0,0,0,0,0
OP09-042,parallel 2,Parallel 2,OP09-042_p2,Blue Buggy,OP09/parallel/OP09-042_p2.png,0,0,0,0,0,0,0
OP09-043,base,Base,OP09-043,Emperors In The New World,,1,0,0,0,0,0,0
OP09-043,parallel 1,Parallel 1,OP09-043_p1,Promotion Card,OP09/parallel/OP09-043_p1.png,0,0,0,0,0,0,0
OP09-043,parallel 2,Parallel 2,OP09-043_p2,Promotion Card,OP09/parallel/OP09-043_p2.png,0,0,0,0,0,0,0
OP09-043,parallel 3,Parallel 3,OP09-043_p3,Promotion Card,OP09/parallel/OP09-043_p3.png,0,0,0,0,0,0,0
OP09-043,r1,R1,OP09-043_r1,Blue Buggy,OP09/base/OP09-043_r1.png,0,0,0,0,0,0,0
OP09-045,base,Base,OP09-045,Emperors In The New World,,1,0,0,0,0,0,0
OP09-045,r1,R1,OP09-045_r1,Blue Buggy,OP09/base/OP09-045_r1.png,0,0,0,0,0,0,0
OP09-046,base,Base,OP09-046,Emperors In The New World,,1,0,0,0,0,0,0
OP09-046,parallel 1,Parallel 1,OP09-046_p1,Emperors In The New World,OP09/parallel/OP09-046_p1.png,0,0,0,0,0,0,0
OP09-046,r1,R1,OP09-046_r1,One Piece Card The Best Vol.2,OP09/base/OP09-046_r1.png,0,0,0,0,0,0,0
OP09-048,base,Base,OP09-048,Emperors In The New World,,1,0,0,0,0,0,0
OP09-048,parallel 1,Parallel 1,OP09-048_p1,Emperors In The New World,OP09/parallel/OP09-048_p1.png,0,0,0,0,0,0,0
OP09-048,r1,R1,OP09-048_r1,One Piece Card The Best Vol.2,OP09/base/OP09-048_r1.png,0,0,0,0,0,0,0
OP09-050,base,Base,OP09-050,Emperors In The New World,,1,0,0,0,0,0,0
OP09-050,parallel 1,Parallel 1,OP09-050_p1,Emperors In The New World,OP09/parallel/OP09-050_p1.png,0,0,0,0,0,0,0
OP09-050,parallel 2,Parallel 2,OP09-050_p2,Promotion Card,OP09/parallel/OP09-050_p2.png,0,0,0,0,0,0,0
OP09-051,base,Base,OP09-051,Emperors In The New World,,1,0,0,0,0,0,0
OP09-051,parallel 1,Parallel 1,OP09-051_p1,Emperors In The New World,OP09/parallel/OP09-051_p1.png,0,0,0,0,0,0,0
OP09-051,parallel 2,Parallel 2,OP09-051_p2,Emperors In The New World,OP09/parallel/OP09-051_p2.png,0,0,0,0,0,0,0
OP09-051,parallel 3,Parallel 3,OP09-051_p3,Emperors In The New World,OP09/parallel/OP09-051_p3.png,0,0,0,0,0,0,0
OP09-051,parallel 4,Parallel 4,OP09-051_p4,The Azure Sea’s Seven,OP09/parallel/OP09-051_p4.png,0,0,0,0,0,0,0
OP09-051,parallel 5,Parallel 5,OP09-051_p5,The Azure Sea’s Seven,OP09/parallel/OP09-051_p5.png,0,0,0,0,0,0,0
OP09-051,r1,R1,OP09-051_r1,Blue Buggy,OP09/base/OP09-051_r1.png,0,0,0,0,0,0,0
OP09-053,base,Base,OP09-053,Emperors In The New World,,1,0,0,0,0,0,0
OP09-053,r1,R1,OP09-053_r1,Blue Buggy,OP09/base/OP09-053_r1.png,0,0,0,0,0,0,0
OP09-054,base,Base,OP09-054,Emperors In The New World,,1,0,0,0,0,0,0
OP09-054,r1,R1,OP09-054_r1,Blue Buggy,OP09/base/OP09-054_r1.png,0,0,0,0,0,0,0
OP09-055,base,Base,OP09-055,Emperors In The New World,,1,0,0,0,0,0,0
OP09-055,r1,R1,OP09-055_r1,Blue Buggy,OP09/base/OP09-055_r1.png,0,0,0,0,0,0,0
OP09-056,base,Base,OP09-056,Emperors In The New World,,1,0,0,0,0,0,0
OP09-056,parallel 1,Parallel 1,OP09-056_p1,One Piece Card The Best Vol.2,OP09/parallel/OP09-056_p1.png,0,0,0,0,0,0,0
OP09-056,r1,R1,OP09-056_r1,Blue Buggy,OP09/base/OP09-056_r1.png,0,0,0,0,0,0,0
OP09-056,r2,R2,OP09-056_r2,One Piece Card The Best Vol.2,OP09/base/OP09-056_r2.png,0,0,0,0,0,0,0
OP09-057,base,Base,OP09-057,Emperors In The New World,,1,0,0,0,0,0,0
OP09-057,parallel 2,Parallel 2,OP09-057_p2,One Piece Card The Best Vol.2,OP09/parallel/OP09-057_p2.png,0,0,0,0,0,0,0
OP09-057,r1,R1,OP09-057_r1,Blue Buggy,OP09/base/OP09-057_r1.png,0,0,0,0,0,0,0
OP09-057,r2,R2,OP09-057_r2,One Piece Card The Best Vol.2,OP09/base/OP09-057_r2.png,0,0,0,0,0,0,0
OP09-061,base,Base,OP09-061,Emperors In The New World,,1,0,0,0,0,0,0
OP09-061,parallel 1,Parallel 1,OP09-061_p1,Emperors In The New World,OP09/parallel/OP09-061_p1.png,0,0,0,0,0,0,0
OP09-061,parallel 2,Parallel 2,OP09-061_p2,Purple/black Monkey.d.luffy,OP09/parallel/OP09-061_p2.png,0,0,0,0,0,0,0
OP09-062,base,Base,OP09-062,Emperors In The New World,,1,0,0,0,0,0,0
OP09-062,parallel 1,Parallel 1,OP09-062_p1,Emperors In The New World,OP09/parallel/OP09-062_p1.png,0,0,0,0,0,0,0
OP09-063,base,Base,OP09-063,Emperors In The New World,,1,0,0,0,0,0,0
OP09-063,r1,R1,OP09-063_r1,Purple/black Monkey.d.luffy,OP09/base/OP09-063_r1.png,0,0,0,0,0,0,0
OP09-065,base,Base,OP09-065,Emperors In The New World,,1,0,0,0,0,0,0
OP09-065,parallel 1,Parallel 1,OP09-065_p1,Emperors In The New World,OP09/parallel/OP09-065_p1.png,0,0,0,0,0,0,0
OP09-065,parallel 2,Parallel 2,OP09-065_p2,Promotion Card,OP09/parallel/OP09-065_p2.png,0,0,0,0,0,0,0
OP09-065,r1,R1,OP09-065_r1,One Piece Card The Best Vol.2,OP09/base/OP09-065_r1.png,0,0,0,0,0,0,0
OP09-069,base,Base,OP09-069,Emperors In The New World,,1,0,0,0,0,0,0
OP09-069,parallel 1,Parallel 1,OP09-069_p1,Emperors In The New World,OP09/parallel/OP09-069_p1.png,0,0,0,0,0,0,0
OP09-069,parallel 2,Parallel 2,OP09-069_p2,Promotion Card,OP09/parallel/OP09-069_p2.png,0,0,0,0,0,0,0
OP09-069,r1,R1,OP09-069_r1,One Piece Card The Best Vol.2,OP09/base/OP09-069_r1.png,0,0,0,0,0,0,0
OP09-070,base,Base,OP09-070,Emperors In The New World,,1,0,0,0,0,0,0
OP09-070,parallel 1,Parallel 1,OP09-070_p1,Other Product Card,OP09/parallel/OP09-070_p1.png,0,0,0,0,0,0,0
OP09-070,r1,R1,OP09-070_r1,Purple/black Monkey.d.luffy,OP09/base/OP09-070_r1.png,0,0,0,0,0,0,0
OP09-072,base,Base,OP09-072,Emperors In The New World,,1,0,0,0,0,0,0
OP09-072,parallel 1,Parallel 1,OP09-072_p1,Emperors In The New World,OP09/parallel/OP09-072_p1.png,0,0,0,0,0,0,0
OP09-072,r1,R1,OP09-072_r1,One Piece Card The Best Vol.2,OP09/base/OP09-072_r1.png,0,0,0,0,0,0,0
OP09-076,base,Base,OP09-076,Emperors In The New World,,1,0,0,0,0,0,0
OP09-076,parallel 1,Parallel 1,OP09-076_p1,Promotion Card,OP09/parallel/OP09-076_p1.png,0,0,0,0,0,0,0
OP09-076,parallel 2,Parallel 2,OP09-076_p2,One Piece Card The Best Vol.2,OP09/parallel/OP09-076_p2.png,0,0,0,0,0,0,0
OP09-076,r1,R1,OP09-076_r1,Purple/black Monkey.d.luffy,OP09/base/OP09-076_r1.png,0,0,0,0,0,0,0
OP09-076,r2,R2,OP09-076_r2,One Piece Card The Best Vol.2,OP09/base/OP09-076_r2.png,0,0,0,0,0,0,0
OP09-077,base,Base,OP09-077,Emperors In The New World,,1,0,0,0,0,0,0
OP09-077,parallel 1,Parallel 1,OP09-077_p1,One Piece Card The Best Vol.2,OP09/parallel/OP09-077_p1.png,0,0,0,0,0,0,0
OP09-077,parallel 2,Parallel 2,OP09-077_p2,Other Product Card,OP09/parallel/OP09-077_p2.png,0,0,0,0,0,0,0
OP09-077,r1,R1,OP09-077_r1,Purple/black Monkey.d.luffy,OP09/base/OP09-077_r1.png,0,0,0,0,0,0,0
OP09-077,r2,R2,OP09-077_r2,One Piece Card The Best Vol.2,OP09/base/OP09-077_r2.png,0,0,0,0,0,0,0
OP09-078,base,Base,OP09-078,Emperors In The New World,,1,0,0,0,0,0,0
OP09-078,parallel 1,Parallel 1,OP09-078_p1,Purple/black Monkey.d.luffy,OP09/parallel/OP09-078_p1.png,0,0,0,0,0,0,0
OP09-078,parallel 2,Parallel 2,OP09-078_p2,One Piece Card The Best Vol.2,OP09/parallel/OP09-078_p2.png,0,0,0,0,0,0,0
OP09-078,r1,R1,OP09-078_r1,One Piece Card The Best Vol.2,OP09/base/OP09-078_r1.png,0,0,0,0,0,0,0
OP09-079,base,Base,OP09-079,Emperors In The New World,,1,0,0,0,0,0,0
OP09-079,parallel 1,Parallel 1,OP09-079_p1,One Piece Card The Best Vol.2,OP09/parallel/OP09-079_p1.png,0,0,0,0,0,0,0
OP09-079,r1,R1,OP09-079_r1,One Piece Card The Best Vol.2,OP09/base/OP09-079_r1.png,0,0,0,0,0,0,0
OP09-081,base,Base,OP09-081,Emperors In The New World,,1,0,0,0,0,0,0
OP09-081,parallel 1,Parallel 1,OP09-081_p1,Emperors In The New World,OP09/parallel/OP09-081_p1.png,0,0,0,0,0,0,0
OP09-081,parallel 2,Parallel 2,OP09-081_p2,Black Marshall.d.teach,OP09/parallel/OP09-081_p2.png,0,0,0,0,0,0,0
OP09-083,base,Base,OP09-083,Emperors In The New World,,1,0,0,0,0,0,0
OP09-083,r1,R1,OP09-083_r1,Black Marshall.d.teach,OP09/base/OP09-083_r1.png,0,0,0,0,0,0,0
OP09-084,base,Base,OP09-084,Emperors In The New World,,1,0,0,0,0,0,0
OP09-084,parallel 1,Parallel 1,OP09-084_p1,One Piece Card The Best Vol.2,OP09/parallel/OP09-084_p1.png,0,0,0,0,0,0,0
OP09-084,r1,R1,OP09-084_r1,One Piece Card The Best Vol.2,OP09/base/OP09-084_r1.png,0,0,0,0,0,0,0
OP09-086,base,Base,OP09-086,Emperors In The New World,,1,0,0,0,0,0,0
OP09-086,parallel 1,Parallel 1,OP09-086_p1,One Piece Card The Best Vol.2,OP09/parallel/OP09-086_p1.png,0,0,0,0,0,0,0
OP09-086,r1,R1,OP09-086_r1,Black Marshall.d.teach,OP09/base/OP09-086_r1.png,0,0,0,0,0,0,0
OP09-086,r2,R2,OP09-086_r2,One Piece Card The Best Vol.2,OP09/base/OP09-086_r2.png,0,0,0,0,0,0,0
OP09-088,base,Base,OP09-088,Emperors In The New World,,1,0,0,0,0,0,0
OP09-088,r1,R1,OP09-088_r1,Black Marshall.d.teach,OP09/base/OP09-088_r1.png,0,0,0,0,0,0,0
OP09-089,base,Base,OP09-089,Emperors In The New World,,1,0,0,0,0,0,0
OP09-089,parallel 1,Parallel 1,OP09-089_p1,Promotion Card,OP09/parallel/OP09-089_p1.png,0,0,0,0,0,0,0
OP09-089,parallel 2,Parallel 2,OP09-089_p2,Promotion Card,OP09/parallel/OP09-089_p2.png,0,0,0,0,0,0,0
OP09-089,parallel 3,Parallel 3,OP09-089_p3,Promotion Card,OP09/parallel/OP09-089_p3.png,0,0,0,0,0,0,0
OP09-089,r1,R1,OP09-089_r1,Black Marshall.d.teach,OP09/base/OP09-089_r1.png,0,0,0,0,0,0,0
OP09-090,base,Base,OP09-090,Emperors In The New World,,1,0,0,0,0,0,0
OP09-090,r1,R1,OP09-090_r1,Black Marshall.d.teach,OP09/base/OP09-090_r1.png,0,0,0,0,0,0,0
OP09-091,base,Base,OP09-091,Emperors In The New World,,1,0,0,0,0,0,0
OP09-091,r1,R1,OP09-091_r1,Black Marshall.d.teach,OP09/base/OP09-091_r1.png,0,0,0,0,0,0,0
OP09-093,base,Base,OP09-093,Emperors In The New World,,1,0,0,0,0,0,0
OP09-093,parallel 1,Parallel 1,OP09-093_p1,Emperors In The New World,OP09/parallel/OP09-093_p1.png,0,0,0,0,0,0,0
OP09-093,parallel 2,Parallel 2,OP09-093_p2,Emperors In The New World,OP09/parallel/OP09-093_p2.png,0,0,0,0,0,0,0
OP09-093,parallel 3,Parallel 3,OP09-093_p3,Emperors In The New World,OP09/parallel/OP09-093_p3.png,0,0,0,0,0,0,0
OP09-093,parallel 4,Parallel 4,OP09-093_p4,Legacy Of The Master,OP09/parallel/OP09-093_p4.png,0,0,0,0,0,0,0
OP09-093,parallel 5,Parallel 5,OP09-093_p5,Legacy Of The Master,OP09/parallel/OP09-093_p5.png,0,0,0,0,0,0,0
OP09-093,r1,R1,OP09-093_r1,One Piece Card The Best Vol.2,OP09/base/OP09-093_r1.png,0,0,0,0,0,0,0
OP09-095,base,Base,OP09-095,Emperors In The New World,,1,0,0,0,0,0,0
OP09-095,parallel 1,Parallel 1,OP09-095_p1,Other Product Card,OP09/parallel/OP09-095_p1.png,0,0,0,0,0,0,0
OP09-095,r1,R1,OP09-095_r1,Black Marshall.d.teach,OP09/base/OP09-095_r1.png,0,0,0,0,0,0,0
OP09-096,base,Base,OP09-096,Emperors In The New World,,1,0,0,0,0,0,0
OP09-096,parallel 1,Parallel 1,OP09-096_p1,One Piece Card The Best Vol.2,OP09/parallel/OP09-096_p1.png,0,0,0,0,0,0,0
OP09-096,r1,R1,OP09-096_r1,One Piece Card The Best Vol.2,OP09/base/OP09-096_r1.png,0,0,0,0,0,0,0
OP09-097,base,Base,OP09-097,Emperors In The New World,,1,0,0,0,0,0,0
OP09-097,parallel 1,Parallel 1,OP09-097_p1,One Piece Card The Best Vol.2,OP09/parallel/OP09-097_p1.png,0,0,0,0,0,0,0
OP09-097,r1,R1,OP09-097_r1,One Piece Card The Best Vol.2,OP09/base/OP09-097_r1.png,0,0,0,0,0,0,0
OP09-098,base,Base,OP09-098,Emperors In The New World,,1,0,0,0,0,0,0
OP09-098,parallel 1,Parallel 1,OP09-098_p1,One Piece Card The Best Vol.2,OP09/parallel/OP09-098_p1.png,0,0,0,0,0,0,0
OP09-098,r1,R1,OP09-098_r1,One Piece Card The Best Vol.2,OP09/base/OP09-098_r1.png,0,0,0,0,0,0,0
OP09-099,base,Base,OP09-099,Emperors In The New World,,1,0,0,0,0,0,0
OP09-099,r1,R1,OP09-099_r1,Black Marshall.d.teach,OP09/base/OP09-099_r1.png,0,0,0,0,0,0,0
OP09-103,base,Base,OP09-103,Emperors In The New World,,1,0,0,0,0,0,0
OP09-103,parallel 1,Parallel 1,OP09-103_p1,Emperors In The New World,OP09/parallel/OP09-103_p1.png,0,0,0,0,0,0,0
OP09-106,base,Base,OP09-106,Emperors In The New World,,1,0,0,0,0,0,0
OP09-106,parallel 1,Parallel 1,OP09-106_p1,Promotion Card,OP09/parallel/OP09-106_p1.png,0,0,0,0,0,0,0
OP09-106,parallel 2,Parallel 2,OP09-106_p2,Promotion Card,OP09/parallel/OP09-106_p2.png,0,0,0,0,0,0,0
OP09-106,parallel 3,Parallel 3,OP09-106_p3,Promotion Card,OP09/parallel/OP09-106_p3.png,0,0,0,0,0,0,0
OP09-106,parallel 4,Parallel 4,OP09-106_p4,Promotion Card,OP09/parallel/OP09-106_p4.png,0,0,0,0,0,0,0
OP09-106,parallel 5,Parallel 5,OP09-106_p5,Promotion Card,OP09/parallel/OP09-106_p5.png,0,0,0,0,0,0,0
OP09-106,parallel 6,Parallel 6,OP09-106_p6,Promotion Card,OP09/parallel/OP09-106_p6.png,0,0,0,0,0,0,0
OP09-107,base,Base,OP09-107,Emperors In The New World,,1,0,0,0,0,0,0
OP09-107,parallel 1,Parallel 1,OP09-107_p1,Emperors In The New World,OP09/parallel/OP09-107_p1.png,0,0,0,0,0,0,0
OP09-108,base,Base,OP09-108,Emperors In The New World,,1,0,0,0,0,0,0
OP09-108,parallel 1,Parallel 1,OP09-108_p1,Promotion Card,OP09/parallel/OP09-108_p1.png,0,0,0,0,0,0,0
OP09-108,parallel 2,Parallel 2,OP09-108_p2,Promotion Card,OP09/parallel/OP09-108_p2.png,0,0,0,0,0,0,0
OP09-117,base,Base,OP09-117,Emperors In The New World,,1,0,0,0,0,0,0
OP09-117,parallel 1,Parallel 1,OP09-117_p1,Other Product Card,OP09/parallel/OP09-117_p1.png,0,0,0,0,0,0,0
OP09-118,base,Base,OP09-118,Emperors In The New World,,1,0,0,0,0,0,0
OP09-118,parallel 1,Parallel 1,OP09-118_p1,Emperors In The New World,OP09/parallel/OP09-118_p1.png,0,0,0,0,0,0,0
OP09-118,parallel 2,Parallel 2,OP09-118_p2,Emperors In The New World,OP09/parallel/OP09-118_p2.png,0,0,0,0,0,0,0
OP09-118,parallel 3,Parallel 3,OP09-118_p3,Carrying On His Will,OP09/parallel/OP09-118_p3.png,0,0,0,0,0,0,0
OP09-119,base,Base,OP09-119,Emperors In The New World,OP09/sp/OP09-119_sp.png,1,1,0,0,0,0,0
OP09-119,parallel 1,Parallel 1,OP09-119_p1,Emperors In The New World,OP09/parallel/OP09-119_p1.png,0,1,0,0,0,0,0
OP09-119,parallel 2,Parallel 2,OP09-119_p2,Emperors In The New World,OP09/parallel/OP09-119_p2.png,0,1,0,0,0,0,0
OP09-119,parallel 3,Parallel 3,OP09-119_p3,Carrying On His Will,OP09/parallel/OP09-119_p3.png,0,1,0,0,0,0,0
OP09-119,parallel 4,Parallel 4,OP09-119_p4,Other Product Card,OP09/parallel/OP09-119_p4.png,0,1,0,0,0,0,0
OP10-001,base,Base,OP10-001,Royal Blood,,1,0,0,0,0,0,0
OP10-001,parallel 1,Parallel 1,OP10-001_p1,Royal Blood,OP10/parallel/OP10-001_p1.png,0,0,0,0,0,0,0
OP10-002,base,Base,OP10-002,Royal Blood,,1,0,0,0,0,0,0
OP10-002,parallel 1,Parallel 1,OP10-002_p1,Royal Blood,OP10/parallel/OP10-002_p1.png,0,0,0,0,0,0,0
OP10-003,base,Base,OP10-003,Royal Blood,,1,0,0,0,0,0,0
OP10-003,parallel 1,Parallel 1,OP10-003_p1,Royal Blood,OP10/parallel/OP10-003_p1.png,0,0,0,0,0,0,0
OP10-005,base,Base,OP10-005,Royal Blood,,1,0,0,0,0,0,0
OP10-005,parallel 1,Parallel 1,OP10-005_p1,Royal Blood,OP10/parallel/OP10-005_p1.png,0,0,0,0,0,0,0
OP10-005,parallel 2,Parallel 2,OP10-005_p2,Promotion Card,OP10/parallel/OP10-005_p2.png,0,0,0,0,0,0,0
OP10-011,base,Base,OP10-011,Royal Blood,,1,0,0,0,0,0,0
OP10-011,parallel 1,Parallel 1,OP10-011_p1,One Piece Card The Best Vol.2,OP10/parallel/OP10-011_p1.png,0,0,0,0,0,0,0
OP10-011,r1,R1,OP10-011_r1,One Piece Card The Best Vol.2,OP10/base/OP10-011_r1.png,0,0,0,0,0,0,0
OP10-016,base,Base,OP10-016,Royal Blood,,1,0,0,0,0,0,0
OP10-016,parallel 1,Parallel 1,OP10-016_p1,Royal Blood,OP10/parallel/OP10-016_p1.png,0,0,0,0,0,0,0
OP10-018,base,Base,OP10-018,Royal Blood,,1,0,0,0,0,0,0
OP10-018,parallel 2,Parallel 2,OP10-018_p2,One Piece Card The Best Vol.2,OP10/parallel/OP10-018_p2.png,0,0,0,0,0,0,0
OP10-018,r1,R1,OP10-018_r1,One Piece Card The Best Vol.2,OP10/base/OP10-018_r1.png,0,0,0,0,0,0,0
OP10-019,base,Base,OP10-019,Royal Blood,,1,0,0,0,0,0,0
OP10-019,parallel 1,Parallel 1,OP10-019_p1,Royal Blood,OP10/parallel/OP10-019_p1.png,0,0,0,0,0,0,0
OP10-022,base,Base,OP10-022,Royal Blood,,1,0,0,0,0,0,0
OP10-022,parallel 1,Parallel 1,OP10-022_p1,Royal Blood,OP10/parallel/OP10-022_p1.png,0,0,0,0,0,0,0
OP10-028,base,Base,OP10-028,Royal Blood,,1,0,0,0,0,0,0
OP10-028,parallel 1,Parallel 1,OP10-028_p1,Other Product Card,OP10/parallel/OP10-028_p1.png,0,0,0,0,0,0,0
OP10-030,base,Base,OP10-030,Royal Blood,OP10/sp/OP10-030_sp.png,1,1,0,0,0,0,0
OP10-030,parallel 1,Parallel 1,OP10-030_p1,Royal Blood,OP10/parallel/OP10-030_p1.png,0,1,0,0,0,0,0
OP10-030,parallel 2,Parallel 2,OP10-030_p2,Carrying On His Will,OP10/parallel/OP10-030_p2.png,0,1,0,0,0,0,0
OP10-032,base,Base,OP10-032,Royal Blood,,1,0,0,0,0,0,0
OP10-032,parallel 1,Parallel 1,OP10-032_p1,Royal Blood,OP10/parallel/OP10-032_p1.png,0,0,0,0,0,0,0
OP10-032,r1,R1,OP10-032_r1,One Piece Card The Best Vol.2,OP10/base/OP10-032_r1.png,0,0,0,0,0,0,0
OP10-033,base,Base,OP10-033,Royal Blood,,1,0,0,0,0,0,0
OP10-033,parallel 1,Parallel 1,OP10-033_p1,Promotion Card,OP10/parallel/OP10-033_p1.png,0,0,0,0,0,0,0
OP10-033,parallel 2,Parallel 2,OP10-033_p2,Promotion Card,OP10/parallel/OP10-033_p2.png,0,0,0,0,0,0,0
OP10-037,base,Base,OP10-037,Royal Blood,,1,0,0,0,0,0,0
OP10-037,parallel 1,Parallel 1,OP10-037_p1,Royal Blood,OP10/parallel/OP10-037_p1.png,0,0,0,0,0,0,0
OP10-042,base,Base,OP10-042,Royal Blood,,1,0,0,0,0,0,0
OP10-042,parallel 1,Parallel 1,OP10-042_p1,Royal Blood,OP10/parallel/OP10-042_p1.png,0,0,0,0,0,0,0
OP10-042,parallel 2,Parallel 2,OP10-042_p2,Other Product Card,OP10/parallel/OP10-042_p2.png,0,0,0,0,0,0,0
OP10-045,base,Base,OP10-045,Royal Blood,,1,0,0,0,0,0,0
OP10-045,parallel 1,Parallel 1,OP10-045_p1,Royal Blood,OP10/parallel/OP10-045_p1.png,0,0,0,0,0,0,0
OP10-046,base,Base,OP10-046,Royal Blood,,1,0,0,0,0,0,0
OP10-046,parallel 1,Parallel 1,OP10-046_p1,Royal Blood,OP10/parallel/OP10-046_p1.png,0,0,0,0,0,0,0
OP10-046,r1,R1,OP10-046_r1,One Piece Card The Best Vol.2,OP10/base/OP10-046_r1.png,0,0,0,0,0,0,0
OP10-049,base,Base,OP10-049,Royal Blood,,1,0,0,0,0,0,0
OP10-049,parallel 1,Parallel 1,OP10-049_p1,Other Product Card,OP10/parallel/OP10-049_p1.png,0,0,0,0,0,0,0
OP10-058,base,Base,OP10-058,Royal Blood,,1,0,0,0,0,0,0
OP10-058,parallel 1,Parallel 1,OP10-058_p1,Royal Blood,OP10/parallel/OP10-058_p1.png,0,0,0,0,0,0,0
OP10-063,base,Base,OP10-063,Royal Blood,OP10/tr/OP10-063_tr.png,1,0,1,0,0,0,0
OP10-063,parallel 1,Parallel 1,OP10-063_p1,Legacy Of The Master,OP10/parallel/OP10-063_p1.png,0,0,1,0,0,0,0
OP10-065,base,Base,OP10-065,Royal Blood,OP10/sp/OP10-065_sp.png,1,1,0,0,0,0,0
OP10-065,parallel 1,Parallel 1,OP10-065_p1,The Azure Sea’s Seven,OP10/parallel/OP10-065_p1.png,0,1,0,0,0,0,0
OP10-067,base,Base,OP10-067,Royal Blood,,1,0,0,0,0,0,0
OP10-067,parallel 1,Parallel 1,OP10-067_p1,Royal Blood,OP10/parallel/OP10-067_p1.png,0,0,0,0,0,0,0
OP10-071,base,Base,OP10-071,Royal Blood,,1,0,0,0,0,0,0
OP10-071,parallel 1,Parallel 1,OP10-071_p1,Royal Blood,OP10/parallel/OP10-071_p1.png,0,0,0,0,0,0,0
OP10-072,base,Base,OP10-072,Royal Blood,,1,0,0,0,0,0,0
OP10-072,parallel 1,Parallel 1,OP10-072_p1,Royal Blood,OP10/parallel/OP10-072_p1.png,0,0,0,0,0,0,0
OP10-079,base,Base,OP10-079,Royal Blood,,1,0,0,0,0,0,0
OP10-079,parallel 1,Parallel 1,OP10-079_p1,One Piece Card The Best Vol.2,OP10/parallel/OP10-079_p1.png,0,0,0,0,0,0,0
OP10-079,r1,R1,OP10-079_r1,One Piece Card The Best Vol.2,OP10/base/OP10-079_r1.png,0,0,0,0,0,0,0
OP10-082,base,Base,OP10-082,Royal Blood,OP10/sp/OP10-082_sp.png,1,1,0,0,0,0,0
OP10-082,parallel 1,Parallel 1,OP10-082_p1,Royal Blood,OP10/parallel/OP10-082_p1.png,0,1,0,0,0,0,0
OP10-082,parallel 2,Parallel 2,OP10-082_p2,Legacy Of The Master,OP10/parallel/OP10-082_p2.png,0,1,0,0,0,0,0
OP10-084,base,Base,OP10-084,Royal Blood,,1,0,0,0,0,0,0
OP10-084,r1,R1,OP10-084_r1,Black Marshall.d.teach,OP10/base/OP10-084_r1.png,0,0,0,0,0,0,0
OP10-090,base,Base,OP10-090,Royal Blood,,1,0,0,0,0,0,0
OP10-090,parallel 1,Parallel 1,OP10-090_p1,Royal Blood,OP10/parallel/OP10-090_p1.png,0,0,0,0,0,0,0
OP10-092,base,Base,OP10-092,Royal Blood,,1,0,0,0,0,0,0
OP10-092,parallel 1,Parallel 1,OP10-092_p1,Promotion Card,OP10/parallel/OP10-092_p1.png,0,0,0,0,0,0,0
OP10-092,parallel 2,Parallel 2,OP10-092_p2,Promotion Card,OP10/parallel/OP10-092_p2.png,0,0,0,0,0,0,0
OP10-092,parallel 3,Parallel 3,OP10-092_p3,Other Product Card,OP10/parallel/OP10-092_p3.png,0,0,0,0,0,0,0
OP10-095,base,Base,OP10-095,Royal Blood,,1,0,0,0,0,0,0
OP10-095,parallel 1,Parallel 1,OP10-095_p1,One Piece Card The Best Vol.2,OP10/parallel/OP10-095_p1.png,0,0,0,0,0,0,0
OP10-095,r1,R1,OP10-095_r1,One Piece Card The Best Vol.2,OP10/base/OP10-095_r1.png,0,0,0,0,0,0,0
OP10-099,base,Base,OP10-099,Royal Blood,,1,0,0,0,0,0,0
OP10-099,parallel 1,Parallel 1,OP10-099_p1,Royal Blood,OP10/parallel/OP10-099_p1.png,0,0,0,0,0,0,0
OP10-105,base,Base,OP10-105,Royal Blood,,1,0,0,0,0,0,0
OP10-105,parallel 1,Parallel 1,OP10-105_p1,One Piece Card The Best Vol.2,OP10/parallel/OP10-105_p1.png,0,0,0,0,0,0,0
OP10-105,r1,R1,OP10-105_r1,One Piece Card The Best Vol.2,OP10/base/OP10-105_r1.png,0,0,0,0,0,0,0
OP10-107,base,Base,OP10-107,Royal Blood,,1,0,0,0,0,0,0
OP10-107,parallel 1,Parallel 1,OP10-107_p1,Promotion Card,OP10/parallel/OP10-107_p1.png,0,0,0,0,0,0,0
OP10-107,parallel 2,Parallel 2,OP10-107_p2,Promotion Card,OP10/parallel/OP10-107_p2.png,0,0,0,0,0,0,0
OP10-107,parallel 3,Parallel 3,OP10-107_p3,Promotion Card,OP10/parallel/OP10-107_p3.png,0,0,0,0,0,0,0
OP10-108,base,Base,OP10-108,Royal Blood,,1,0,0,0,0,0,0
OP10-108,parallel 1,Parallel 1,OP10-108_p1,One Piece Card The Best Vol.2,OP10/parallel/OP10-108_p1.png,0,0,0,0,0,0,0
OP10-108,r1,R1,OP10-108_r1,One Piece Card The Best Vol.2,OP10/base/OP10-108_r1.png,0,0,0,0,0,0,0
OP10-109,base,Base,OP10-109,Royal Blood,,1,0,0,0,0,0,0
OP10-109,parallel 1,Parallel 1,OP10-109_p1,One Piece Card The Best Vol.2,OP10/parallel/OP10-109_p1.png,0,0,0,0,0,0,0
OP10-109,r1,R1,OP10-109_r1,One Piece Card The Best Vol.2,OP10/base/OP10-109_r1.png,0,0,0,0,0,0,0
OP10-111,base,Base,OP10-111,Royal Blood,,1,0,0,0,0,0,0
OP10-111,parallel 1,Parallel 1,OP10-111_p1,Royal Blood,OP10/parallel/OP10-111_p1.png,0,0,0,0,0,0,0
OP10-112,base,Base,OP10-112,Royal Blood,,1,0,0,0,0,0,0
OP10-112,parallel 1,Parallel 1,OP10-112_p1,Royal Blood,OP10/parallel/OP10-112_p1.png,0,0,0,0,0,0,0
OP10-112,r1,R1,OP10-112_r1,One Piece Card The Best Vol.2,OP10/base/OP10-112_r1.png,0,0,0,0,0,0,0
OP10-114,base,Base,OP10-114,Royal Blood,,1,0,0,0,0,0,0
OP10-114,parallel 1,Parallel 1,OP10-114_p1,One Piece Card The Best Vol.2,OP10/parallel/OP10-114_p1.png,0,0,0,0,0,0,0
OP10-114,parallel 2,Parallel 2,OP10-114_p2,One Piece Card The Best Vol.2,OP10/parallel/OP10-114_p2.png,0,0,0,0,0,0,0
OP10-114,r1,R1,OP10-114_r1,One Piece Card The Best Vol.2,OP10/base/OP10-114_r1.png,0,0,0,0,0,0,0
OP10-118,base,Base,OP10-118,Royal Blood,,1,0,0,0,0,0,0
OP10-118,parallel 1,Parallel 1,OP10-118_p1,Royal Blood,OP10/parallel/OP10-118_p1.png,0,0,0,0,0,0,0
OP10-119,base,Base,OP10-119,Royal Blood,,1,0,0,0,0,0,0
OP10-119,parallel 1,Parallel 1,OP10-119_p1,Royal Blood,OP10/parallel/OP10-119_p1.png,0,0,0,0,0,0,0
OP10-119,parallel 2,Parallel 2,OP10-119_p2,Royal Blood,OP10/parallel/OP10-119_p2.png,0,0,0,0,0,0,0
OP10-119,parallel 3,Parallel 3,OP10-119_p3,One Piece Card The Best Vol.2,OP10/parallel/OP10-119_p3.png,0,0,0,0,0,0,0
OP10-119,r1,R1,OP10-119_r1,One Piece Card The Best Vol.2,OP10/base/OP10-119_r1.png,0,0,0,0,0,0,0
OP11-001,base,Base,OP11-001,A Fist Of Divine Speed,,1,0,0,0,0,0,0
OP11-001,parallel 1,Parallel 1,OP11-001_p1,A Fist Of Divine Speed,OP11/parallel/OP11-001_p1.png,0,0,0,0,0,0,0
OP11-004,base,Base,OP11-004,A Fist Of Divine Speed,,1,0,0,0,0,0,0
OP11-004,parallel 1,Parallel 1,OP11-004_p1,A Fist Of Divine Speed,OP11/parallel/OP11-004_p1.png,0,0,0,0,0,0,0
OP11-004,parallel 2,Parallel 2,OP11-004_p2,Promotion Card,OP11/parallel/OP11-004_p2.png,0,0,0,0,0,0,0
OP11-008,base,Base,OP11-008,A Fist Of Divine Speed,,1,0,0,0,0,0,0
OP11-008,parallel 1,Parallel 1,OP11-008_p1,A Fist Of Divine Speed,OP11/parallel/OP11-008_p1.png,0,0,0,0,0,0,0
OP11-010,base,Base,OP11-010,A Fist Of Divine Speed,,1,0,0,0,0,0,0
OP11-010,parallel 1,Parallel 1,OP11-010_p1,A Fist Of Divine Speed,OP11/parallel/OP11-010_p1.png,0,0,0,0,0,0,0
OP11-010,parallel 2,Parallel 2,OP11-010_p2,Promotion Card,OP11/parallel/OP11-010_p2.png,0,0,0,0,0,0,0
OP11-018,base,Base,OP11-018,A Fist Of Divine Speed,,1,0,0,0,0,0,0
OP11-018,parallel 1,Parallel 1,OP11-018_p1,A Fist Of Divine Speed,OP11/parallel/OP11-018_p1.png,0,0,0,0,0,0,0
OP11-021,base,Base,OP11-021,A Fist Of Divine Speed,,1,0,0,0,0,0,0
OP11-021,parallel 1,Parallel 1,OP11-021_p1,A Fist Of Divine Speed,OP11/parallel/OP11-021_p1.png,0,0,0,0,0,0,0
OP11-022,base,Base,OP11-022,A Fist Of Divine Speed,,1,0,0,0,0,0,0
OP11-022,parallel 1,Parallel 1,OP11-022_p1,A Fist Of Divine Speed,OP11/parallel/OP11-022_p1.png,0,0,0,0,0,0,0
OP11-023,base,Base,OP11-023,A Fist Of Divine Speed,,1,0,0,0,0,0,0
OP11-023,parallel 1,Parallel 1,OP11-023_p1,A Fist Of Divine Speed,OP11/parallel/OP11-023_p1.png,0,0,0,0,0,0,0
OP11-031,base,Base,OP11-031,A Fist Of Divine Speed,,1,0,0,0,0,0,0
OP11-031,parallel 1,Parallel 1,OP11-031_p1,A Fist Of Divine Speed,OP11/parallel/OP11-031_p1.png,0,0,0,0,0,0,0
OP11-040,base,Base,OP11-040,A Fist Of Divine Speed,,1,0,0,0,0,0,0
OP11-040,parallel 1,Parallel 1,OP11-040_p1,A Fist Of Divine Speed,OP11/parallel/OP11-040_p1.png,0,0,0,0,0,0,0
OP11-041,base,Base,OP11-041,A Fist Of Divine Speed,,1,0,0,0,0,0,0
OP11-041,parallel 1,Parallel 1,OP11-041_p1,A Fist Of Divine Speed,OP11/parallel/OP11-041_p1.png,0,0,0,0,0,0,0
OP11-041,parallel 2,Parallel 2,OP11-041_p2,Other Product Card,OP11/parallel/OP11-041_p2.png,0,0,0,0,0,0,0
OP11-047,base,Base,OP11-047,A Fist Of Divine Speed,,1,0,0,0,0,0,0
OP11-047,parallel 1,Parallel 1,OP11-047_p1,A Fist Of Divine Speed,OP11/parallel/OP11-047_p1.png,0,0,0,0,0,0,0
OP11-051,base,Base,OP11-051,A Fist Of Divine Speed,,1,0,0,0,0,0,0
OP11-051,parallel 1,Parallel 1,OP11-051_p1,A Fist Of Divine Speed,OP11/parallel/OP11-051_p1.png,0,0,0,0,0,0,0
OP11-054,base,Base,OP11-054,A Fist Of Divine Speed,,1,0,0,0,0,0,0
OP11-054,parallel 1,Parallel 1,OP11-054_p1,A Fist Of Divine Speed,OP11/parallel/OP11-054_p1.png,0,0,0,0,0,0,0
OP11-054,parallel 2,Parallel 2,OP11-054_p2,Other Product Card,OP11/parallel/OP11-054_p2.png,0,0,0,0,0,0,0
OP11-058,base,Base,OP11-058,A Fist Of Divine Speed,OP11/tr/OP11-058_tr.png,1,0,1,0,0,0,0
OP11-058,parallel 1,Parallel 1,OP11-058_p1,Carrying On His Will,OP11/parallel/OP11-058_p1.png,0,0,1,0,0,0,0
OP11-060,base,Base,OP11-060,A Fist Of Divine Speed,,1,0,0,0,0,0,0
OP11-060,parallel 1,Parallel 1,OP11-060_p1,Other Product Card,OP11/parallel/OP11-060_p1.png,0,0,0,0,0,0,0
OP11-062,base,Base,OP11-062,A Fist Of Divine Speed,,1,0,0,0,0,0,0
OP11-062,parallel 1,Parallel 1,OP11-062_p1,A Fist Of Divine Speed,OP11/parallel/OP11-062_p1.png,0,0,0,0,0,0,0
OP11-067,base,Base,OP11-067,A Fist Of Divine Speed,,1,0,0,0,0,0,0
OP11-067,parallel 1,Parallel 1,OP11-067_p1,A Fist Of Divine Speed,OP11/parallel/OP11-067_p1.png,0,0,0,0,0,0,0
OP11-067,parallel 2,Parallel 2,OP11-067_p2,Other Product Card,OP11/parallel/OP11-067_p2.png,0,0,0,0,0,0,0
OP11-070,base,Base,OP11-070,A Fist Of Divine Speed,,1,0,0,0,0,0,0
OP11-070,parallel 1,Parallel 1,OP11-070_p1,A Fist Of Divine Speed,OP11/parallel/OP11-070_p1.png,0,0,0,0,0,0,0
OP11-073,base,Base,OP11-073,A Fist Of Divine Speed,,1,0,0,0,0,0,0
OP11-073,parallel 1,Parallel 1,OP11-073_p1,A Fist Of Divine Speed,OP11/parallel/OP11-073_p1.png,0,0,0,0,0,0,0
OP11-080,base,Base,OP11-080,A Fist Of Divine Speed,,1,0,0,0,0,0,0
OP11-080,parallel 1,Parallel 1,OP11-080_p1,A Fist Of Divine Speed,OP11/parallel/OP11-080_p1.png,0,0,0,0,0,0,0
OP11-084,base,Base,OP11-084,A Fist Of Divine Speed,,1,0,0,0,0,0,0
OP11-084,parallel 1,Parallel 1,OP11-084_p1,A Fist Of Divine Speed,OP11/parallel/OP11-084_p1.png,0,0,0,0,0,0,0
OP11-092,base,Base,OP11-092,A Fist Of Divine Speed,,1,0,0,0,0,0,0
OP11-092,parallel 1,Parallel 1,OP11-092_p1,A Fist Of Divine Speed,OP11/parallel/OP11-092_p1.png,0,0,0,0,0,0,0
OP11-095,base,Base,OP11-095,A Fist Of Divine Speed,,1,0,0,0,0,0,0
OP11-095,parallel 1,Parallel 1,OP11-095_p1,A Fist Of Divine Speed,OP11/parallel/OP11-095_p1.png,0,0,0,0,0,0,0
OP11-101,base,Base,OP11-101,A Fist Of Divine Speed,,1,0,0,0,0,0,0
OP11-101,parallel 1,Parallel 1,OP11-101_p1,A Fist Of Divine Speed,OP11/parallel/OP11-101_p1.png,0,0,0,0,0,0,0
OP11-106,base,Base,OP11-106,A Fist Of Divine Speed,OP11/sp/OP11-106_sp.png,1,1,0,0,0,0,0
OP11-106,parallel 1,Parallel 1,OP11-106_p1,A Fist Of Divine Speed,OP11/parallel/OP11-106_p1.png,0,1,0,0,0,0,0
OP11-114,base,Base,OP11-114,A Fist Of Divine Speed,,1,0,0,0,0,0,0
OP11-114,parallel 1,Parallel 1,OP11-114_p1,A Fist Of Divine Speed,OP11/parallel/OP11-114_p1.png,0,0,0,0,0,0,0
OP11-118,base,Base,OP11-118,A Fist Of Divine Speed,,1,0,0,0,0,0,0
OP11-118,parallel 1,Parallel 1,OP11-118_p1,A Fist Of Divine Speed,OP11/parallel/OP11-118_p1.png,0,0,0,0,0,0,0
OP11-118,parallel 2,Parallel 2,OP11-118_p2,A Fist Of Divine Speed,OP11/parallel/OP11-118_p2.png,0,0,0,0,0,0,0
OP11-119,base,Base,OP11-119,A Fist Of Divine Speed,,1,0,0,0,0,0,0
OP11-119,parallel 1,Parallel 1,OP11-119_p1,A Fist Of Divine Speed,OP11/parallel/OP11-119_p1.png,0,0,0,0,0,0,0
OP11-119,parallel 2,Parallel 2,OP11-119_p2,Promotion Card,OP11/parallel/OP11-119_p2.png,0,0,0,0,0,0,0
OP12-001,base,Base,OP12-001,Legacy Of The Master,,1,0,0,0,0,0,0
OP12-001,parallel 1,Parallel 1,OP12-001_p1,Legacy Of The Master,OP12/parallel/OP12-001_p1.png,0,0,0,0,0,0,0
OP12-006,base,Base,OP12-006,Legacy Of The Master,,1,0,0,0,0,0,0
OP12-006,parallel 1,Parallel 1,OP12-006_p1,Other Product Card,OP12/parallel/OP12-006_p1.png,0,0,0,0,0,0,0
OP12-008,base,Base,OP12-008,Legacy Of The Master,,1,0,0,0,0,0,0
OP12-008,parallel 1,Parallel 1,OP12-008_p1,Legacy Of The Master,OP12/parallel/OP12-008_p1.png,0,0,0,0,0,0,0
OP12-014,base,Base,OP12-014,Legacy Of The Master,,1,0,0,0,0,0,0
OP12-014,parallel 1,Parallel 1,OP12-014_p1,Legacy Of The Master,OP12/parallel/OP12-014_p1.png,0,0,0,0,0,0,0
OP12-015,base,Base,OP12-015,Legacy Of The Master,,1,0,0,0,0,0,0
OP12-015,parallel 1,Parallel 1,OP12-015_p1,Legacy Of The Master,OP12/parallel/OP12-015_p1.png,0,0,0,0,0,0,0
OP12-015,parallel 2,Parallel 2,OP12-015_p2,Promotion Card,OP12/parallel/OP12-015_p2.png,0,0,0,0,0,0,0
OP12-020,base,Base,OP12-020,Legacy Of The Master,,1,0,0,0,0,0,0
OP12-020,parallel 1,Parallel 1,OP12-020_p1,Legacy Of The Master,OP12/parallel/OP12-020_p1.png,0,0,0,0,0,0,0
OP12-020,parallel 2,Parallel 2,OP12-020_p2,Promotion Card,OP12/parallel/OP12-020_p2.png,0,0,0,0,0,0,0
OP12-020,parallel 3,Parallel 3,OP12-020_p3,Other Product Card,OP12/parallel/OP12-020_p3.png,0,0,0,0,0,0,0
OP12-020,parallel 4,Parallel 4,OP12-020_p4,Other Product Card,OP12/parallel/OP12-020_p4.png,0,0,0,0,0,0,0
OP12-026,base,Base,OP12-026,Legacy Of The Master,,1,0,0,0,0,0,0
OP12-026,parallel 1,Parallel 1,OP12-026_p1,Other Product Card,OP12/parallel/OP12-026_p1.png,0,0,0,0,0,0,0
OP12-030,base,Base,OP12-030,Legacy Of The Master,OP12/sp/OP12-030_sp.png,1,1,0,0,0,0,0
OP12-030,parallel 1,Parallel 1,OP12-030_p1,Legacy Of The Master,OP12/parallel/OP12-030_p1.png,0,1,0,0,0,0,0
OP12-030,parallel 2,Parallel 2,OP12-030_p2,The Azure Sea’s Seven,OP12/parallel/OP12-030_p2.png,0,1,0,0,0,0,0
OP12-031,base,Base,OP12-031,Legacy Of The Master,,1,0,0,0,0,0,0
OP12-031,parallel 1,Parallel 1,OP12-031_p1,Legacy Of The Master,OP12/parallel/OP12-031_p1.png,0,0,0,0,0,0,0
OP12-031,parallel 2,Parallel 2,OP12-031_p2,Promotion Card,OP12/parallel/OP12-031_p2.png,0,0,0,0,0,0,0
OP12-034,base,Base,OP12-034,Legacy Of The Master,,1,0,0,0,0,0,0
OP12-034,parallel 1,Parallel 1,OP12-034_p1,Legacy Of The Master,OP12/parallel/OP12-034_p1.png,0,0,0,0,0,0,0
OP12-034,parallel 2,Parallel 2,OP12-034_p2,Other Product Card,OP12/parallel/OP12-034_p2.png,0,0,0,0,0,0,0
OP12-037,base,Base,OP12-037,Legacy Of The Master,,1,0,0,0,0,0,0
OP12-037,parallel 1,Parallel 1,OP12-037_p1,Legacy Of The Master,OP12/parallel/OP12-037_p1.png,0,0,0,0,0,0,0
OP12-039,base,Base,OP12-039,Legacy Of The Master,,1,0,0,0,0,0,0
OP12-039,parallel 1,Parallel 1,OP12-039_p1,Other Product Card,OP12/parallel/OP12-039_p1.png,0,0,0,0,0,0,0
OP12-040,base,Base,OP12-040,Legacy Of The Master,,1,0,0,0,0,0,0
OP12-040,parallel 1,Parallel 1,OP12-040_p1,Legacy Of The Master,OP12/parallel/OP12-040_p1.png,0,0,0,0,0,0,0
OP12-041,base,Base,OP12-041,Legacy Of The Master,,1,0,0,0,0,0,0
OP12-041,parallel 1,Parallel 1,OP12-041_p1,Legacy Of The Master,OP12/parallel/OP12-041_p1.png,0,0,0,0,0,0,0
OP12-043,base,Base,OP12-043,Legacy Of The Master,,1,0,0,0,0,0,0
OP12-043,parallel 1,Parallel 1,OP12-043_p1,Legacy Of The Master,OP12/parallel/OP12-043_p1.png,0,0,0,0,0,0,0
OP12-051,base,Base,OP12-051,Legacy Of The Master,,1,0,0,0,0,0,0
OP12-051,parallel 1,Parallel 1,OP12-051_p1,Other Product Card,OP12/parallel/OP12-051_p1.png,0,0,0,0,0,0,0
OP12-056,base,Base,OP12-056,Legacy Of The Master,,1,0,0,0,0,0,0
OP12-056,parallel 1,Parallel 1,OP12-056_p1,Legacy Of The Master,OP12/parallel/OP12-056_p1.png,0,0,0,0,0,0,0
OP12-060,base,Base,OP12-060,Legacy Of The Master,,1,0,0,0,0,0,0
OP12-060,parallel 1,Parallel 1,OP12-060_p1,Legacy Of The Master,OP12/parallel/OP12-060_p1.png,0,0,0,0,0,0,0
OP12-061,base,Base,OP12-061,Legacy Of The Master,,1,0,0,0,0,0,0
OP12-061,parallel 1,Parallel 1,OP12-061_p1,Legacy Of The Master,OP12/parallel/OP12-061_p1.png,0,0,0,0,0,0,0
OP12-063,base,Base,OP12-063,Legacy Of The Master,,1,0,0,0,0,0,0
OP12-063,parallel 1,Parallel 1,OP12-063_p1,Legacy Of The Master,OP12/parallel/OP12-063_p1.png,0,0,0,0,0,0,0
OP12-070,base,Base,OP12-070,Legacy Of The Master,,1,0,0,0,0,0,0
OP12-070,parallel 1,Parallel 1,OP12-070_p1,Legacy Of The Master,OP12/parallel/OP12-070_p1.png,0,0,0,0,0,0,0
OP12-073,base,Base,OP12-073,Legacy Of The Master,,1,0,0,0,0,0,0
OP12-073,parallel 1,Parallel 1,OP12-073_p1,Legacy Of The Master,OP12/parallel/OP12-073_p1.png,0,0,0,0,0,0,0
OP12-079,base,Base,OP12-079,Legacy Of The Master,,1,0,0,0,0,0,0
OP12-079,parallel 1,Parallel 1,OP12-079_p1,Other Product Card,OP12/parallel/OP12-079_p1.png,0,0,0,0,0,0,0
OP12-081,base,Base,OP12-081,Legacy Of The Master,,1,0,0,0,0,0,0
OP12-081,parallel 1,Parallel 1,OP12-081_p1,Legacy Of The Master,OP12/parallel/OP12-081_p1.png,0,0,0,0,0,0,0
OP12-086,base,Base,OP12-086,Legacy Of The Master,,1,0,0,0,0,0,0
OP12-086,parallel 1,Parallel 1,OP12-086_p1,Legacy Of The Master,OP12/parallel/OP12-086_p1.png,0,0,0,0,0,0,0
OP12-087,base,Base,OP12-087,Legacy Of The Master,,1,0,0,0,0,0,0
OP12-087,parallel 1,Parallel 1,OP12-087_p1,Legacy Of The Master,OP12/parallel/OP12-087_p1.png,0,0,0,0,0,0,0
OP12-094,base,Base,OP12-094,Legacy Of The Master,,1,0,0,0,0,0,0
OP12-094,parallel 1,Parallel 1,OP12-094_p1,Legacy Of The Master,OP12/parallel/OP12-094_p1.png,0,0,0,0,0,0,0
OP12-094,parallel 2,Parallel 2,OP12-094_p2,Other Product Card,OP12/parallel/OP12-094_p2.png,0,0,0,0,0,0,0
OP12-098,base,Base,OP12-098,Legacy Of The Master,,1,0,0,0,0,0,0
OP12-098,parallel 1,Parallel 1,OP12-098_p1,Other Product Card,OP12/parallel/OP12-098_p1.png,0,0,0,0,0,0,0
OP12-102,base,Base,OP12-102,Legacy Of The Master,,1,0,0,0,0,0,0
OP12-102,parallel 1,Parallel 1,OP12-102_p1,Legacy Of The Master,OP12/parallel/OP12-102_p1.png,0,0,0,0,0,0,0
OP12-108,base,Base,OP12-108,Legacy Of The Master,OP12/tr/OP12-108_tr.png,1,0,1,0,0,0,0
OP12-108,parallel 1,Parallel 1,OP12-108_p1,Legacy Of The Master,OP12/parallel/OP12-108_p1.png,0,0,1,0,0,0,0
OP12-108,parallel 2,Parallel 2,OP12-108_p2,The Azure Sea’s Seven,OP12/parallel/OP12-108_p2.png,0,0,1,0,0,0,0
OP12-108,parallel 3,Parallel 3,OP12-108_p3,Other Product Card,OP12/parallel/OP12-108_p3.png,0,0,1,0,0,0,0
OP12-112,base,Base,OP12-112,Legacy Of The Master,,1,0,0,0,0,0,0
OP12-112,parallel 1,Parallel 1,OP12-112_p1,Other Product Card,OP12/parallel/OP12-112_p1.png,0,0,0,0,0,0,0
OP12-118,base,Base,OP12-118,Legacy Of The Master,,1,0,0,0,0,0,0
OP12-118,parallel 1,Parallel 1,OP12-118_p1,Legacy Of The Master,OP12/parallel/OP12-118_p1.png,0,0,0,0,0,0,0
OP12-118,parallel 2,Parallel 2,OP12-118_p2,Legacy Of The Master,OP12/parallel/OP12-118_p2.png,0,0,0,0,0,0,0
OP12-119,base,Base,OP12-119,Legacy Of The Master,,1,0,0,0,0,0,0
OP12-119,parallel 1,Parallel 1,OP12-119_p1,Legacy Of The Master,OP12/parallel/OP12-119_p1.png,0,0,0,0,0,0,0
OP12-119,parallel 2,Parallel 2,OP12-119_p2,Other Product Card,OP12/parallel/OP12-119_p2.png,0,0,0,0,0,0,0
OP13-001,base,Base,OP13-001,Carrying On His Will,,1,0,0,0,0,0,0
OP13-001,parallel 1,Parallel 1,OP13-001_p1,Carrying On His Will,OP13/parallel/OP13-001_p1.png,0,0,0,0,0,0,0
OP13-002,base,Base,OP13-002,Carrying On His Will,,1,0,0,0,0,0,0
OP13-002,parallel 1,Parallel 1,OP13-002_p1,Carrying On His Will,OP13/parallel/OP13-002_p1.png,0,0,0,0,0,0,0
OP13-003,base,Base,OP13-003,Carrying On His Will,,1,0,0,0,0,0,0
OP13-003,parallel 1,Parallel 1,OP13-003_p1,Carrying On His Will,OP13/parallel/OP13-003_p1.png,0,0,0,0,0,0,0
OP13-004,base,Base,OP13-004,Carrying On His Will,,1,0,0,0,0,0,0
OP13-004,parallel 1,Parallel 1,OP13-004_p1,Carrying On His Will,OP13/parallel/OP13-004_p1.png,0,0,0,0,0,0,0
OP13-007,base,Base,OP13-007,Carrying On His Will,,1,0,0,0,0,0,0
OP13-007,parallel 1,Parallel 1,OP13-007_p1,Carrying On His Will,OP13/parallel/OP13-007_p1.png,0,0,0,0,0,0,0
OP13-016,base,Base,OP13-016,Carrying On His Will,,1,0,0,0,0,0,0
OP13-016,parallel 1,Parallel 1,OP13-016_p1,Carrying On His Will,OP13/parallel/OP13-016_p1.png,0,0,0,0,0,0,0
OP13-023,base,Base,OP13-023,Carrying On His Will,,1,0,0,0,0,0,0
OP13-023,parallel 1,Parallel 1,OP13-023_p1,Carrying On His Will,OP13/parallel/OP13-023_p1.png,0,0,0,0,0,0,0
OP13-027,base,Base,OP13-027,Carrying On His Will,,1,0,0,0,0,0,0
OP13-027,parallel 1,Parallel 1,OP13-027_p1,Carrying On His Will,OP13/parallel/OP13-027_p1.png,0,0,0,0,0,0,0
OP13-028,base,Base,OP13-028,Carrying On His Will,,1,0,0,0,0,0,0
OP13-028,parallel 1,Parallel 1,OP13-028_p1,Carrying On His Will,OP13/parallel/OP13-028_p1.png,0,0,0,0,0,0,0
OP13-042,base,Base,OP13-042,Carrying On His Will,,1,0,0,0,0,0,0
OP13-042,parallel 1,Parallel 1,OP13-042_p1,Carrying On His Will,OP13/parallel/OP13-042_p1.png,0,0,0,0,0,0,0
OP13-051,base,Base,OP13-051,Carrying On His Will,,1,0,0,0,0,0,0
OP13-051,parallel 1,Parallel 1,OP13-051_p1,Carrying On His Will,OP13/parallel/OP13-051_p1.png,0,0,0,0,0,0,0
OP13-054,base,Base,OP13-054,Carrying On His Will,,1,0,0,0,0,0,0
OP13-054,parallel 1,Parallel 1,OP13-054_p1,Carrying On His Will,OP13/parallel/OP13-054_p1.png,0,0,0,0,0,0,0
OP13-063,base,Base,OP13-063,Carrying On His Will,,1,0,0,0,0,0,0
OP13-063,parallel 1,Parallel 1,OP13-063_p1,Other Product Card,OP13/parallel/OP13-063_p1.png,0,0,0,0,0,0,0
OP13-064,base,Base,OP13-064,Carrying On His Will,,1,0,0,0,0,0,0
OP13-064,parallel 1,Parallel 1,OP13-064_p1,Carrying On His Will,OP13/parallel/OP13-064_p1.png,0,0,0,0,0,0,0
OP13-065,base,Base,OP13-065,Carrying On His Will,,1,0,0,0,0,0,0
OP13-065,parallel 1,Parallel 1,OP13-065_p1,Carrying On His Will,OP13/parallel/OP13-065_p1.png,0,0,0,0,0,0,0
OP13-066,base,Base,OP13-066,Carrying On His Will,,1,0,0,0,0,0,0
OP13-066,parallel 1,Parallel 1,OP13-066_p1,Carrying On His Will,OP13/parallel/OP13-066_p1.png,0,0,0,0,0,0,0
OP13-076,base,Base,OP13-076,Carrying On His Will,,1,0,0,0,0,0,0
OP13-076,parallel 1,Parallel 1,OP13-076_p1,Carrying On His Will,OP13/parallel/OP13-076_p1.png,0,0,0,0,0,0,0
OP13-079,base,Base,OP13-079,Carrying On His Will,,1,0,0,0,0,0,0
OP13-079,parallel 1,Parallel 1,OP13-079_p1,Carrying On His Will,OP13/parallel/OP13-079_p1.png,0,0,0,0,0,0,0
OP13-080,base,Base,OP13-080,Carrying On His Will,,1,0,0,0,0,0,0
OP13-080,parallel 1,Parallel 1,OP13-080_p1,Carrying On His Will,OP13/parallel/OP13-080_p1.png,0,0,0,0,0,0,0
OP13-080,parallel 2,Parallel 2,OP13-080_p2,Carrying On His Will,OP13/parallel/OP13-080_p2.png,0,0,0,0,0,0,0
OP13-082,base,Base,OP13-082,Carrying On His Will,,1,0,0,0,0,0,0
OP13-082,parallel 1,Parallel 1,OP13-082_p1,Carrying On His Will,OP13/parallel/OP13-082_p1.png,0,0,0,0,0,0,0
OP13-083,base,Base,OP13-083,Carrying On His Will,,1,0,0,0,0,0,0
OP13-083,parallel 1,Parallel 1,OP13-083_p1,Carrying On His Will,OP13/parallel/OP13-083_p1.png,0,0,0,0,0,0,0
OP13-083,parallel 2,Parallel 2,OP13-083_p2,Carrying On His Will,OP13/parallel/OP13-083_p2.png,0,0,0,0,0,0,0
OP13-084,base,Base,OP13-084,Carrying On His Will,,1,0,0,0,0,0,0
OP13-084,parallel 1,Parallel 1,OP13-084_p1,Carrying On His Will,OP13/parallel/OP13-084_p1.png,0,0,0,0,0,0,0
OP13-084,parallel 2,Parallel 2,OP13-084_p2,Carrying On His Will,OP13/parallel/OP13-084_p2.png,0,0,0,0,0,0,0
OP13-086,base,Base,OP13-086,Carrying On His Will,,1,0,0,0,0,0,0
OP13-086,parallel 1,Parallel 1,OP13-086_p1,Other Product Card,OP13/parallel/OP13-086_p1.png,0,0,0,0,0,0,0
OP13-089,base,Base,OP13-089,Carrying On His Will,,1,0,0,0,0,0,0
OP13-089,parallel 1,Parallel 1,OP13-089_p1,Carrying On His Will,OP13/parallel/OP13-089_p1.png,0,0,0,0,0,0,0
OP13-089,parallel 2,Parallel 2,OP13-089_p2,Carrying On His Will,OP13/parallel/OP13-089_p2.png,0,0,0,0,0,0,0
OP13-091,base,Base,OP13-091,Carrying On His Will,,1,0,0,0,0,0,0
OP13-091,parallel 1,Parallel 1,OP13-091_p1,Carrying On His Will,OP13/parallel/OP13-091_p1.png,0,0,0,0,0,0,0
OP13-091,parallel 2,Parallel 2,OP13-091_p2,Carrying On His Will,OP13/parallel/OP13-091_p2.png,0,0,0,0,0,0,0
OP13-100,base,Base,OP13-100,Carrying On His Will,,1,0,0,0,0,0,0
OP13-100,parallel 1,Parallel 1,OP13-100_p1,Carrying On His Will,OP13/parallel/OP13-100_p1.png,0,0,0,0,0,0,0
OP13-108,base,Base,OP13-108,Carrying On His Will,,1,0,0,0,0,0,0
OP13-108,parallel 1,Parallel 1,OP13-108_p1,Carrying On His Will,OP13/parallel/OP13-108_p1.png,0,0,0,0,0,0,0
OP13-110,base,Base,OP13-110,Carrying On His Will,,1,0,0,0,0,0,0
OP13-110,parallel 1,Parallel 1,OP13-110_p1,Carrying On His Will,OP13/parallel/OP13-110_p1.png,0,0,0,0,0,0,0
OP13-113,base,Base,OP13-113,Carrying On His Will,,1,0,0,0,0,0,0
OP13-113,parallel 1,Parallel 1,OP13-113_p1,Carrying On His Will,OP13/parallel/OP13-113_p1.png,0,0,0,0,0,0,0
OP13-114,base,Base,OP13-114,Carrying On His Will,,1,0,0,0,0,0,0
OP13-114,parallel 1,Parallel 1,OP13-114_p1,Carrying On His Will,OP13/parallel/OP13-114_p1.png,0,0,0,0,0,0,0
OP13-118,base,Base,OP13-118,Carrying On His Will,,1,0,0,0,0,0,0
OP13-118,parallel 1,Parallel 1,OP13-118_p1,Carrying On His Will,OP13/parallel/OP13-118_p1.png,0,0,0,0,0,0,0
OP13-118,parallel 2,Parallel 2,OP13-118_p2,Carrying On His Will,OP13/parallel/OP13-118_p2.png,0,0,0,0,0,0,0
OP13-118,parallel 3,Parallel 3,OP13-118_p3,Carrying On His Will,OP13/parallel/OP13-118_p3.png,0,0,0,0,0,0,0
OP13-118,parallel 4,Parallel 4,OP13-118_p4,Carrying On His Will,OP13/parallel/OP13-118_p4.png,0,0,0,0,0,0,0
OP13-119,base,Base,OP13-119,Carrying On His Will,,1,0,0,0,0,0,0
OP13-119,parallel 1,Parallel 1,OP13-119_p1,Carrying On His Will,OP13/parallel/OP13-119_p1.png,0,0,0,0,0,0,0
OP13-119,parallel 2,Parallel 2,OP13-119_p2,Carrying On His Will,OP13/parallel/OP13-119_p2.png,0,0,0,0,0,0,0
OP13-119,parallel 3,Parallel 3,OP13-119_p3,Carrying On His Will,OP13/parallel/OP13-119_p3.png,0,0,0,0,0,0,0
OP13-119,parallel 4,Parallel 4,OP13-119_p4,Carrying On His Will,OP13/parallel/OP13-119_p4.png,0,0,0,0,0,0,0
OP13-120,base,Base,OP13-120,Carrying On His Will,,1,0,0,0,0,0,0
OP13-120,parallel 1,Parallel 1,OP13-120_p1,Carrying On His Will,OP13/parallel/OP13-120_p1.png,0,0,0,0,0,0,0
OP13-120,parallel 2,Parallel 2,OP13-120_p2,Carrying On His Will,OP13/parallel/OP13-120_p2.png,0,0,0,0,0,0,0
OP13-120,parallel 3,Parallel 3,OP13-120_p3,Carrying On His Will,OP13/parallel/OP13-120_p3.png,0,0,0,0,0,0,0
OP13-120,parallel 4,Parallel 4,OP13-120_p4,Carrying On His Will,OP13/parallel/OP13-120_p4.png,0,0,0,0,0,0,0
OP14-001,base,Base,OP14-001,The Azure Sea’s Seven,,1,0,0,0,0,0,0
OP14-001,parallel 1,Parallel 1,OP14-001_p1,The Azure Sea’s Seven,OP14/parallel/OP14-001_p1.png,0,0,0,0,0,0,0
OP14-009,base,Base,OP14-009,The Azure Sea’s Seven,,1,0,0,0,0,0,0
OP14-009,parallel 1,Parallel 1,OP14-009_p1,The Azure Sea’s Seven,OP14/parallel/OP14-009_p1.png,0,0,0,0,0,0,0
OP14-013,base,Base,OP14-013,The Azure Sea’s Seven,,1,0,0,0,0,0,0
OP14-013,parallel 1,Parallel 1,OP14-013_p1,The Azure Sea’s Seven,OP14/parallel/OP14-013_p1.png,0,0,0,0,0,0,0
OP14-015,base,Base,OP14-015,The Azure Sea’s Seven,,1,0,0,0,0,0,0
OP14-015,parallel 1,Parallel 1,OP14-015_p1,The Azure Sea’s Seven,OP14/parallel/OP14-015_p1.png,0,0,0,0,0,0,0
OP14-020,base,Base,OP14-020,The Azure Sea’s Seven,,1,0,0,0,0,0,0
OP14-020,parallel 1,Parallel 1,OP14-020_p1,The Azure Sea’s Seven,OP14/parallel/OP14-020_p1.png,0,0,0,0,0,0,0
OP14-027,base,Base,OP14-027,The Azure Sea’s Seven,,1,0,0,0,0,0,0
OP14-027,parallel 1,Parallel 1,OP14-027_p1,The Azure Sea’s Seven,OP14/parallel/OP14-027_p1.png,0,0,0,0,0,0,0
OP14-031,base,Base,OP14-031,The Azure Sea’s Seven,,1,0,0,0,0,0,0
OP14-031,parallel 1,Parallel 1,OP14-031_p1,The Azure Sea’s Seven,OP14/parallel/OP14-031_p1.png,0,0,0,0,0,0,0
OP14-033,base,Base,OP14-033,The Azure Sea’s Seven,,1,0,0,0,0,0,0
OP14-033,parallel 1,Parallel 1,OP14-033_p1,The Azure Sea’s Seven,OP14/parallel/OP14-033_p1.png,0,0,0,0,0,0,0
OP14-040,base,Base,OP14-040,The Azure Sea’s Seven,,1,0,0,0,0,0,0
OP14-040,parallel 1,Parallel 1,OP14-040_p1,The Azure Sea’s Seven,OP14/parallel/OP14-040_p1.png,0,0,0,0,0,0,0
OP14-041,base,Base,OP14-041,The Azure Sea’s Seven,,1,0,0,0,0,0,0
OP14-041,parallel 1,Parallel 1,OP14-041_p1,The Azure Sea’s Seven,OP14/parallel/OP14-041_p1.png,0,0,0,0,0,0,0
OP14-042,base,Base,OP14-042,The Azure Sea’s Seven,,1,0,0,0,0,0,0
OP14-042,parallel 1,Parallel 1,OP14-042_p1,The Azure Sea’s Seven,OP14/parallel/OP14-042_p1.png,0,0,0,0,0,0,0
OP14-049,base,Base,OP14-049,The Azure Sea’s Seven,,1,0,0,0,0,0,0
OP14-049,parallel 1,Parallel 1,OP14-049_p1,The Azure Sea’s Seven,OP14/parallel/OP14-049_p1.png,0,0,0,0,0,0,0
OP14-060,base,Base,OP14-060,The Azure Sea’s Seven,,1,0,0,0,0,0,0
OP14-060,parallel 1,Parallel 1,OP14-060_p1,The Azure Sea’s Seven,OP14/parallel/OP14-060_p1.png,0,0,0,0,0,0,0
OP14-061,base,Base,OP14-061,The Azure Sea’s Seven,,1,0,0,0,0,0,0
OP14-061,parallel 1,Parallel 1,OP14-061_p1,The Azure Sea’s Seven,OP14/parallel/OP14-061_p1.png,0,0,0,0,0,0,0
OP14-069,base,Base,OP14-069,The Azure Sea’s Seven,,1,0,0,0,0,0,0
OP14-069,parallel 1,Parallel 1,OP14-069_p1,The Azure Sea’s Seven,OP14/parallel/OP14-069_p1.png,0,0,0,0,0,0,0
OP14-079,base,Base,OP14-079,The Azure Sea’s Seven,,1,0,0,0,0,0,0
OP14-079,parallel 1,Parallel 1,OP14-079_p1,The Azure Sea’s Seven,OP14/parallel/OP14-079_p1.png,0,0,0,0,0,0,0
OP14-080,base,Base,OP14-080,The Azure Sea’s Seven,,1,0,0,0,0,0,0
OP14-080,parallel 1,Parallel 1,OP14-080_p1,The Azure Sea’s Seven,OP14/parallel/OP14-080_p1.png,0,0,0,0,0,0,0
OP14-084,base,Base,OP14-084,The Azure Sea’s Seven,,1,0,0,0,0,0,0
OP14-084,parallel 1,Parallel 1,OP14-084_p1,The Azure Sea’s Seven,OP14/parallel/OP14-084_p1.png,0,0,0,0,0,0,0
OP14-090,base,Base,OP14-090,The Azure Sea’s Seven,,1,0,0,0,0,0,0
OP14-090,parallel 1,Parallel 1,OP14-090_p1,The Azure Sea’s Seven,OP14/parallel/OP14-090_p1.png,0,0,0,0,0,0,0
OP14-091,base,Base,OP14-091,The Azure Sea’s Seven,,1,0,0,0,0,0,0
OP14-091,parallel 1,Parallel 1,OP14-091_p1,The Azure Sea’s Seven,OP14/parallel/OP14-091_p1.png,0,0,0,0,0,0,0
OP14-096,base,Base,OP14-096,The Azure Sea’s Seven,,1,0,0,0,0,0,0
OP14-096,parallel 1,Parallel 1,OP14-096_p1,The Azure Sea’s Seven,OP14/parallel/OP14-096_p1.png,0,0,0,0,0,0,0
OP14-104,base,Base,OP14-104,The Azure Sea’s Seven,,1,0,0,0,0,0,0
OP14-104,parallel 1,Parallel 1,OP14-104_p1,The Azure Sea’s Seven,OP14/parallel/OP14-104_p1.png,0,0,0,0,0,0,0
OP14-111,base,Base,OP14-111,The Azure Sea’s Seven,,1,0,0,0,0,0,0
OP14-111,parallel 1,Parallel 1,OP14-111_p1,The Azure Sea’s Seven,OP14/parallel/OP14-111_p1.png,0,0,0,0,0,0,0
OP14-112,base,Base,OP14-112,The Azure Sea’s Seven,OP14/sp/OP14-112_sp.png,1,1,0,0,0,0,0
OP14-112,parallel 1,Parallel 1,OP14-112_p1,The Azure Sea’s Seven,OP14/parallel/OP14-112_p1.png,0,1,0,0,0,0,0
OP14-112,parallel 2,Parallel 2,OP14-112_p2,The Azure Sea’s Seven,OP14/parallel/OP14-112_p2.png,0,1,0,0,0,0,0
OP14-118,base,Base,OP14-118,The Azure Sea’s Seven,,1,0,0,0,0,0,0
OP14-118,parallel 1,Parallel 1,OP14-118_p1,The Azure Sea’s Seven,OP14/parallel/OP14-118_p1.png,0,0,0,0,0,0,0
OP14-119,base,Base,OP14-119,The Azure Sea’s Seven,,1,0,0,0,0,0,0
OP14-119,parallel 1,Parallel 1,OP14-119_p1,The Azure Sea’s Seven,OP14/parallel/OP14-119_p1.png,0,0,0,0,0,0,0
OP14-119,parallel 2,Parallel 2,OP14-119_p2,The Azure Sea’s Seven,OP14/parallel/OP14-119_p2.png,0,0,0,0,0,0,0
OP14-120,base,Base,OP14-120,The Azure Sea’s Seven,,1,0,0,0,0,0,0
OP14-120,parallel 1,Parallel 1,OP14-120_p1,The Azure Sea’s Seven,OP14/parallel/OP14-120_p1.png,0,0,0,0,0,0,0
P-001,base,Base,P-001,Promotion Card,,1,0,0,0,0,0,0
P-001,parallel 1,Parallel 1,P-001_p1,Promotion Card,P/base/P-001_p1.png,0,0,0,0,0,0,0
P-001,parallel 2,Parallel 2,P-001_p2,Promotion Card,P/base/P-001_p2.png,0,0,0,0,0,0,0
P-001,parallel 3,Parallel 3,P-001_p3,Other Product Card,P/base/P-001_p3.png,0,0,0,0,0,0,0
P-001,parallel 4,Parallel 4,P-001_p4,Other Product Card,P/base/P-001_p4.png,0,0,0,0,0,0,0
P-001,parallel 5,Parallel 5,P-001_p5,Promotion Card,P/base/P-001_p5.png,0,0,0,0,0,0,0
P-001,parallel 6,Parallel 6,P-001_p6,Other Product Card,P/base/P-001_p6.png,0,0,0,0,0,0,0
P-003,base,Base,P-003,Promotion Card,,1,0,0,0,0,0,0
P-003,parallel 1,Parallel 1,P-003_p1,Promotion Card,P/base/P-003_p1.png,0,0,0,0,0,0,0
P-014,base,Base,P-014,Promotion Card,,1,0,0,0,0,0,0
P-014,parallel 2,Parallel 2,P-014_p2,One Piece Card The Best,P/base/P-014_p2.png,0,0,0,0,0,0,0
P-014,parallel 3,Parallel 3,P-014_p3,One Piece Card The Best,P/base/P-014_p3.png,0,0,0,0,0,0,0
P-014,r1,R1,P-014_r1,One Piece Card The Best,P/base/P-014_r1.png,0,0,0,0,0,0,0
P-016,base,Base,P-016,Promotion Card,,1,0,0,0,0,0,0
P-016,parallel 1,Parallel 1,P-016_p1,Other Product Card,P/base/P-016_p1.png,0,0,0,0,0,0,0
P-017,base,Base,P-017,Promotion Card,,1,0,0,0,0,0,0
P-017,parallel 1,Parallel 1,P-017_p1,Promotion Card,P/base/P-017_p1.png,0,0,0,0,0,0,0
P-019,base,Base,P-019,Promotion Card,,1,0,0,0,0,0,0
P-019,parallel 1,Parallel 1,P-019_p1,Promotion Card,P/base/P-019_p1.png,0,0,0,0,0,0,0
P-022,base,Base,P-022,Promotion Card,,1,0,0,0,0,0,0
P-022,parallel 1,Parallel 1,P-022_p1,Other Product Card,P/base/P-022_p1.png,0,0,0,0,0,0,0
P-028,base,Base,P-028,Promotion Card,,1,0,0,0,0,0,0
P-028,parallel 1,Parallel 1,P-028_p1,Other Product Card,P/base/P-028_p1.png,0,0,0,0,0,0,0
P-029,base,Base,P-029,Promotion Card,,1,0,0,0,0,0,0
P-029,parallel 3,Parallel 3,P-029_p3,One Piece Card The Best,P/base/P-029_p3.png,0,0,0,0,0,0,0
P-029,parallel 4,Parallel 4,P-029_p4,One Piece Card The Best,P/base/P-029_p4.png,0,0,0,0,0,0,0
P-029,r1,R1,P-029_r1,Green Uta,P/base/P-029_r1.png,0,0,0,0,0,0,0
P-029,r2,R2,P-029_r2,One Piece Card The Best,P/base/P-029_r2.png,0,0,0,0,0,0,0
P-030,base,Base,P-030,Promotion Card,,1,0,0,0,0,0,0
P-030,parallel 2,Parallel 2,P-030_p2,Other Product Card,P/base/P-030_p2.png,0,0,0,0,0,0,0
P-030,parallel 3,Parallel 3,P-030_p3,Other Product Card,P/base/P-030_p3.png,0,0,0,0,0,0,0
P-030,r1,R1,P-030_r1,Blue Donquixote Doflamingo,P/base/P-030_r1.png,0,0,0,0,0,0,0
P-041,base,Base,P-041,Promotion Card,,1,0,0,0,0,0,0
P-041,parallel 1,Parallel 1,P-041_p1,Promotion Card,P/base/P-041_p1.png,0,0,0,0,0,0,0
P-041,r1,R1,P-041_r1,Purple Monkey.d.luffy,P/base/P-041_r1.png,0,0,0,0,0,0,0
P-044,base,Base,P-044,One Piece Card The Best Vol.2,,1,0,0,0,0,0,0
P-044,r1,R1,P-044_r1,One Piece Card The Best Vol.2,P/base/P-044_r1.png,0,0,0,0,0,0,0
P-045,base,Base,P-045,Promotion Card,,1,0,0,0,0,0,0
P-045,parallel 1,Parallel 1,P-045_p1,Promotion Card,P/base/P-045_p1.png,0,0,0,0,0,0,0
P-047,base,Base,P-047,Promotion Card,,1,0,0,0,0,0,0
P-047,parallel 1,Parallel 1,P-047_p1,Other Product Card,P/base/P-047_p1.png,0,0,0,0,0,0,0
P-048,base,Base,P-048,Promotion Card,,1,0,0,0,0,0,0
P-048,parallel 1,Parallel 1,P-048_p1,Other Product Card,P/base/P-048_p1.png,0,0,0,0,0,0,0
P-049,base,Base,P-049,Promotion Card,,1,0,0,0,0,0,0
P-049,parallel 1,Parallel 1,P-049_p1,Other Product Card,P/base/P-049_p1.png,0,0,0,0,0,0,0
P-050,base,Base,P-050,Promotion Card,,1,0,0,0,0,0,0
P-050,parallel 1,Parallel 1,P-050_p1,Other Product Card,P/base/P-050_p1.png,0,0,0,0,0,0,0
P-051,base,Base,P-051,Promotion Card,,1,0,0,0,0,0,0
P-051,parallel 1,Parallel 1,P-051_p1,Other Product Card,P/base/P-051_p1.png,0,0,0,0,0,0,0
P-052,base,Base,P-052,Promotion Card,,1,0,0,0,0,0,0
P-052,parallel 1,Parallel 1,P-052_p1,Other Product Card,P/base/P-052_p1.png,0,0,0,0,0,0,0
P-053,base,Base,P-053,Promotion Card,,1,0,0,0,0,0,0
P-053,parallel 2,Parallel 2,P-053_p2,One Piece Card The Best,P/base/P-053_p2.png,0,0,0,0,0,0,0
P-053,parallel 3,Parallel 3,P-053_p3,One Piece Card The Best,P/base/P-053_p3.png,0,0,0,0,0,0,0
P-053,parallel 4,Parallel 4,P-053_p4,Other Product Card,P/base/P-053_p4.png,0,0,0,0,0,0,0
P-053,r1,R1,P-053_r1,One Piece Card The Best,P/base/P-053_r1.png,0,0,0,0,0,0,0
P-055,base,Base,P-055,Promotion Card,,1,0,0,0,0,0,0
P-055,parallel 2,Parallel 2,P-055_p2,One Piece Card The Best,P/base/P-055_p2.png,0,0,0,0,0,0,0
P-055,parallel 3,Parallel 3,P-055_p3,One Piece Card The Best,P/base/P-055_p3.png,0,0,0,0,0,0,0
P-055,parallel 4,Parallel 4,P-055_p4,Other Product Card,P/base/P-055_p4.png,0,0,0,0,0,0,0
P-055,r1,R1,P-055_r1,One Piece Card The Best,P/base/P-055_r1.png,0,0,0,0,0,0,0
P-056,base,Base,P-056,Promotion Card,,1,0,0,0,0,0,0
P-056,parallel 1,Parallel 1,P-056_p1,Other Product Card,P/base/P-056_p1.png,0,0,0,0,0,0,0
P-057,base,Base,P-057,Promotion Card,,1,0,0,0,0,0,0
P-057,parallel 1,Parallel 1,P-057_p1,Green Uta,P/base/P-057_p1.png,0,0,0,0,0,0,0
P-058,base,Base,P-058,Promotion Card,,1,0,0,0,0,0,0
P-058,parallel 1,Parallel 1,P-058_p1,Green Uta,P/base/P-058_p1.png,0,0,0,0,0,0,0
P-059,base,Base,P-059,Promotion Card,,1,0,0,0,0,0,0
P-059,parallel 1,Parallel 1,P-059_p1,Green Uta,P/base/P-059_p1.png,0,0,0,0,0,0,0
P-060,base,Base,P-060,Promotion Card,,1,0,0,0,0,0,0
P-060,parallel 1,Parallel 1,P-060_p1,Green Uta,P/base/P-060_p1.png,0,0,0,0,0,0,0
P-061,base,Base,P-061,Promotion Card,,1,0,0,0,0,0,0
P-061,r1,R1,P-061_r1,Green Uta,P/base/P-061_r1.png,0,0,0,0,0,0,0
P-063,base,Base,P-063,One Piece Card The Best Vol.2,,1,0,0,0,0,0,0
P-063,parallel 1,Parallel 1,P-063_p1,One Piece Card The Best Vol.2,P/base/P-063_p1.png,0,0,0,0,0,0,0
P-063,r1,R1,P-063_r1,One Piece Card The Best Vol.2,P/base/P-063_r1.png,0,0,0,0,0,0,0
P-065,base,Base,P-065,Promotion Card,,1,0,0,0,0,0,0
P-065,parallel 1,Parallel 1,P-065_p1,Promotion Card,P/base/P-065_p1.png,0,0,0,0,0,0,0
P-065,parallel 2,Parallel 2,P-065_p2,Promotion Card,P/base/P-065_p2.png,0,0,0,0,0,0,0
P-068,base,Base,P-068,Promotion Card,,1,0,0,0,0,0,0
P-068,parallel 1,Parallel 1,P-068_p1,One Piece Card The Best Vol.2,P/base/P-068_p1.png,0,0,0,0,0,0,0
P-068,r1,R1,P-068_r1,One Piece Card The Best Vol.2,P/base/P-068_r1.png,0,0,0,0,0,0,0
P-069,base,Base,P-069,Promotion Card,,1,0,0,0,0,0,0
P-069,parallel 1,Parallel 1,P-069_p1,Promotion Card,P/base/P-069_p1.png,0,0,0,0,0,0,0
P-069,parallel 2,Parallel 2,P-069_p2,Promotion Card,P/base/P-069_p2.png,0,0,0,0,0,0,0
P-069,parallel 3,Parallel 3,P-069_p3,One Piece Card The Best Vol.2,P/base/P-069_p3.png,0,0,0,0,0,0,0
P-069,parallel 4,Parallel 4,P-069_p4,Promotion Card,P/base/P-069_p4.png,0,0,0,0,0,0,0
P-069,parallel 5,Parallel 5,P-069_p5,Promotion Card,P/base/P-069_p5.png,0,0,0,0,0,0,0
P-069,parallel 6,Parallel 6,P-069_p6,Promotion Card,P/base/P-069_p6.png,0,0,0,0,0,0,0
P-069,r1,R1,P-069_r1,One Piece Card The Best Vol.2,P/base/P-069_r1.png,0,0,0,0,0,0,0
P-070,base,Base,P-070,Promotion Card,,1,0,0,0,0,0,0
P-070,parallel 1,Parallel 1,P-070_p1,Promotion Card,P/base/P-070_p1.png,0,0,0,0,0,0,0
P-070,parallel 2,Parallel 2,P-070_p2,Promotion Card,P/base/P-070_p2.png,0,0,0,0,0,0,0
P-070,parallel 3,Parallel 3,P-070_p3,One Piece Card The Best Vol.2,P/base/P-070_p3.png,0,0,0,0,0,0,0
P-070,r1,R1,P-070_r1,One Piece Card The Best Vol.2,P/base/P-070_r1.png,0,0,0,0,0,0,0
P-073,base,Base,P-073,One Piece Card The Best Vol.2,,1,0,0,0,0,0,0
P-073,parallel 1,Parallel 1,P-073_p1,Other Product Card,P/base/P-073_p1.png,0,0,0,0,0,0,0
P-073,r1,R1,P-073_r1,One Piece Card The Best Vol.2,P/base/P-073_r1.png,0,0,0,0,0,0,0
P-074,base,Base,P-074,One Piece Card The Best Vol.2,,1,0,0,0,0,0,0
P-074,parallel 1,Parallel 1,P-074_p1,Other Product Card,P/base/P-074_p1.png,0,0,0,0,0,0,0
P-074,r1,R1,P-074_r1,One Piece Card The Best Vol.2,P/base/P-074_r1.png,0,0,0,0,0,0,0
P-075,base,Base,P-075,One Piece Card The Best Vol.2,,1,0,0,0,0,0,0
P-075,parallel 1,Parallel 1,P-075_p1,Other Product Card,P/base/P-075_p1.png,0,0,0,0,0,0,0
P-075,r1,R1,P-075_r1,One Piece Card The Best Vol.2,P/base/P-075_r1.png,0,0,0,0,0,0,0
P-077,base,Base,P-077,Promotion Card,,1,0,0,0,0,0,0
P-077,parallel 1,Parallel 1,P-077_p1,Promotion Card,P/base/P-077_p1.png,0,0,0,0,0,0,0
P-077,parallel 2,Parallel 2,P-077_p2,Promotion Card,P/base/P-077_p2.png,0,0,0,0,0,0,0
P-078,base,Base,P-078,Promotion Card,,1,0,0,0,0,0,0
P-078,parallel 1,Parallel 1,P-078_p1,Promotion Card,P/base/P-078_p1.png,0,0,0,0,0,0,0
P-078,parallel 2,Parallel 2,P-078_p2,Promotion Card,P/base/P-078_p2.png,0,0,0,0,0,0,0
P-078,parallel 3,Parallel 3,P-078_p3,Promotion Card,P/base/P-078_p3.png,0,0,0,0,0,0,0
P-078,parallel 4,Parallel 4,P-078_p4,Promotion Card,P/base/P-078_p4.png,0,0,0,0,0,0,0
P-078,parallel 5,Parallel 5,P-078_p5,Promotion Card,P/base/P-078_p5.png,0,0,0,0,0,0,0
P-078,parallel 6,Parallel 6,P-078_p6,One Piece Card The Best Vol.2,P/base/P-078_p6.png,0,0,0,0,0,0,0
P-078,r1,R1,P-078_r1,One Piece Card The Best Vol.2,P/base/P-078_r1.png,0,0,0,0,0,0,0
P-079,base,Base,P-079,Promotion Card,,1,0,0,0,0,0,0
P-079,parallel 1,Parallel 1,P-079_p1,Promotion Card,P/base/P-079_p1.png,0,0,0,0,0,0,0
P-079,parallel 2,Parallel 2,P-079_p2,Promotion Card,P/base/P-079_p2.png,0,0,0,0,0,0,0
P-079,parallel 3,Parallel 3,P-079_p3,One Piece Card The Best Vol.2,P/base/P-079_p3.png,0,0,0,0,0,0,0
P-079,r1,R1,P-079_r1,One Piece Card The Best Vol.2,P/base/P-079_r1.png,0,0,0,0,0,0,0
P-081,base,Base,P-081,Promotion Card,,1,0,0,0,0,0,0
P-081,parallel 1,Parallel 1,P-081_p1,Promotion Card,P/base/P-081_p1.png,0,0,0,0,0,0,0
P-081,parallel 2,Parallel 2,P-081_p2,One Piece Card The Best Vol.2,P/base/P-081_p2.png,0,0,0,0,0,0,0
P-081,r1,R1,P-081_r1,One Piece Card The Best Vol.2,P/base/P-081_r1.png,0,0,0,0,0,0,0
P-082,base,Base,P-082,Promotion Card,,1,0,0,0,0,0,0
P-082,parallel 1,Parallel 1,P-082_p1,Promotion Card,P/base/P-082_p1.png,0,0,0,0,0,0,0
P-082,parallel 2,Parallel 2,P-082_p2,One Piece Card The Best Vol.2,P/base/P-082_p2.png,0,0,0,0,0,0,0
P-082,r1,R1,P-082_r1,One Piece Card The Best Vol.2,P/base/P-082_r1.png,0,0,0,0,0,0,0
P-083,base,Base,P-083,Promotion Card,,1,0,0,0,0,0,0
P-083,parallel 1,Parallel 1,P-083_p1,Promotion Card,P/base/P-083_p1.png,0,0,0,0,0,0,0
P-083,parallel 2,Parallel 2,P-083_p2,Promotion Card,P/base/P-083_p2.png,0,0,0,0,0,0,0
P-083,parallel 3,Parallel 3,P-083_p3,One Piece Card The Best Vol.2,P/base/P-083_p3.png,0,0,0,0,0,0,0
P-083,r1,R1,P-083_r1,One Piece Card The Best Vol.2,P/base/P-083_r1.png,0,0,0,0,0,0,0
P-085,base,Base,P-085,Promotion Card,,1,0,0,0,0,0,0
P-085,parallel 1,Parallel 1,P-085_p1,Promotion Card,P/base/P-085_p1.png,0,0,0,0,0,0,0
P-085,parallel 2,Parallel 2,P-085_p2,Promotion Card,P/base/P-085_p2.png,0,0,0,0,0,0,0
P-085,parallel 3,Parallel 3,P-085_p3,One Piece Card The Best Vol.2,P/base/P-085_p3.png,0,0,0,0,0,0,0
P-085,r1,R1,P-085_r1,One Piece Card The Best Vol.2,P/base/P-085_r1.png,0,0,0,0,0,0,0
P-088,base,Base,P-088,Promotion Card,,1,0,0,0,0,0,0
P-088,parallel 3,Parallel 3,P-088_p3,One Piece Card The Best Vol.2,P/base/P-088_p3.png,0,0,0,0,0,0,0
P-088,r1,R1,P-088_r1,One Piece Card The Best Vol.2,P/base/P-088_r1.png,0,0,0,0,0,0,0
P-089,base,Base,P-089,Promotion Card,,1,0,0,0,0,0,0
P-089,parallel 1,Parallel 1,P-089_p1,Promotion Card,P/base/P-089_p1.png,0,0,0,0,0,0,0
P-089,parallel 2,Parallel 2,P-089_p2,Promotion Card,P/base/P-089_p2.png,0,0,0,0,0,0,0
P-092,base,Base,P-092,Promotion Card,,1,0,0,0,0,0,0
P-092,parallel 1,Parallel 1,P-092_p1,Promotion Card,P/base/P-092_p1.png,0,0,0,0,0,0,0
P-092,parallel 2,Parallel 2,P-092_p2,Promotion Card,P/base/P-092_p2.png,0,0,0,0,0,0,0
P-096,base,Base,P-096,Promotion Card,,1,0,0,0,0,0,0
P-096,parallel 1,Parallel 1,P-096_p1,Promotion Card,P/base/P-096_p1.png,0,0,0,0,0,0,0
P-111,base,Base,P-111,Promotion Card,,1,0,0,0,0,0,0
P-111,parallel 1,Parallel 1,P-111_p1,Promotion Card,P/base/P-111_p1.png,0,0,0,0,0,0,0
P-112,base,Base,P-112,Promotion Card,,1,0,0,0,0,0,0
P-112,parallel 1,Parallel 1,P-112_p1,Promotion Card,P/base/P-112_p1.png,0,0,0,0,0,0,0
P-113,base,Base,P-113,Promotion Card,,1,0,0,0,0,0,0
P-113,parallel 1,Parallel 1,P-113_p1,Promotion Card,P/base/P-113_p1.png,0,0,0,0,0,0,0
PRB01-001,base,Base,PRB01-001,One Piece Card The Best,,1,0,0,0,0,0,0
PRB01-001,parallel 1,Parallel 1,PRB01-001_p1,One Piece Card The Best,PRB01/parallel/PRB01-001_p1.png,0,0,0,0,0,0,0
PRB02-001,base,Base,PRB02-001,One Piece Card The Best Vol.2,,1,0,0,0,0,0,0
PRB02-001,parallel 1,Parallel 1,PRB02-001_p1,One Piece Card The Best Vol.2,PRB02/parallel/PRB02-001_p1.png,0,0,0,0,0,0,0
PRB02-002,base,Base,PRB02-002,One Piece Card The Best Vol.2,,1,0,0,0,0,0,0
PRB02-002,parallel 1,Parallel 1,PRB02-002_p1,One Piece Card The Best Vol.2,PRB02/parallel/PRB02-002_p1.png,0,0,0,0,0,0,0
PRB02-003,base,Base,PRB02-003,One Piece Card The Best Vol.2,,1,0,0,0,0,0,0
PRB02-003,parallel 1,Parallel 1,PRB02-003_p1,One Piece Card The Best Vol.2,PRB02/parallel/PRB02-003_p1.png,0,0,0,0,0,0,0
PRB02-004,base,Base,PRB02-004,One Piece Card The Best Vol.2,,1,0,0,0,0,0,0
PRB02-004,parallel 1,Parallel 1,PRB02-004_p1,One Piece Card The Best Vol.2,PRB02/parallel/PRB02-004_p1.png,0,0,0,0,0,0,0
PRB02-005,base,Base,PRB02-005,One Piece Card The Best Vol.2,,1,0,0,0,0,0,0
PRB02-005,parallel 1,Parallel 1,PRB02-005_p1,One Piece Card The Best Vol.2,PRB02/parallel/PRB02-005_p1.png,0,0,0,0,0,0,0
PRB02-006,base,Base,PRB02-006,One Piece Card The Best Vol.2,PRB02/sp/PRB02-006_sp.png,1,1,0,0,0,0,0
PRB02-006,parallel 1,Parallel 1,PRB02-006_p1,One Piece Card The Best Vol.2,PRB02/parallel/PRB02-006_p1.png,0,1,0,0,0,0,0
PRB02-006,parallel 2,Parallel 2,PRB02-006_p2,The Azure Sea’s Seven,PRB02/parallel/PRB02-006_p2.png,0,1,0,0,0,0,0
PRB02-007,base,Base,PRB02-007,One Piece Card The Best Vol.2,,1,0,0,0,0,0,0
PRB02-007,parallel 1,Parallel 1,PRB02-007_p1,One Piece Card The Best Vol.2,PRB02/parallel/PRB02-007_p1.png,0,0,0,0,0,0,0
PRB02-008,base,Base,PRB02-008,One Piece Card The Best Vol.2,,1,0,0,0,0,0,0
PRB02-008,parallel 1,Parallel 1,PRB02-008_p1,One Piece Card The Best Vol.2,PRB02/parallel/PRB02-008_p1.png,0,0,0,0,0,0,0
PRB02-009,base,Base,PRB02-009,One Piece Card The Best Vol.2,,1,0,0,0,0,0,0
PRB02-009,parallel 1,Parallel 1,PRB02-009_p1,One Piece Card The Best Vol.2,PRB02/parallel/PRB02-009_p1.png,0,0,0,0,0,0,0
PRB02-010,base,Base,PRB02-010,One Piece Card The Best Vol.2,,1,0,0,0,0,0,0
PRB02-010,parallel 1,Parallel 1,PRB02-010_p1,One Piece Card The Best Vol.2,PRB02/parallel/PRB02-010_p1.png,0,0,0,0,0,0,0
PRB02-011,base,Base,PRB02-011,One Piece Card The Best Vol.2,,1,0,0,0,0,0,0
PRB02-011,parallel 1,Parallel 1,PRB02-011_p1,One Piece Card The Best Vol.2,PRB02/parallel/PRB02-011_p1.png,0,0,0,0,0,0,0
PRB02-012,base,Base,PRB02-012,One Piece Card The Best Vol.2,,1,0,0,0,0,0,0
PRB02-012,parallel 1,Parallel 1,PRB02-012_p1,One Piece Card The Best Vol.2,PRB02/parallel/PRB02-012_p1.png,0,0,0,0,0,0,0
PRB02-013,base,Base,PRB02-013,One Piece Card The Best Vol.2,,1,0,0,0,0,0,0
PRB02-013,parallel 1,Parallel 1,PRB02-013_p1,One Piece Card The Best Vol.2,PRB02/parallel/PRB02-013_p1.png,0,0,0,0,0,0,0
PRB02-014,base,Base,PRB02-014,One Piece Card The Best Vol.2,PRB02/sp/PRB02-014_sp.png,1,1,0,0,0,0,0
PRB02-014,parallel 1,Parallel 1,PRB02-014_p1,One Piece Card The Best Vol.2,PRB02/parallel/PRB02-014_p1.png,0,1,0,0,0,0,0
PRB02-015,base,Base,PRB02-015,One Piece Card The Best Vol.2,,1,0,0,0,0,0,0
PRB02-015,parallel 1,Parallel 1,PRB02-015_p1,One Piece Card The Best Vol.2,PRB02/parallel/PRB02-015_p1.png,0,0,0,0,0,0,0
PRB02-016,base,Base,PRB02-016,One Piece Card The Best Vol.2,,1,0,0,0,0,0,0
PRB02-016,parallel 1,Parallel 1,PRB02-016_p1,One Piece Card The Best Vol.2,PRB02/parallel/PRB02-016_p1.png,0,0,0,0,0,0,0
PRB02-017,base,Base,PRB02-017,One Piece Card The Best Vol.2,,1,0,0,0,0,0,0
PRB02-017,parallel 1,Parallel 1,PRB02-017_p1,One Piece Card The Best Vol.2,PRB02/parallel/PRB02-017_p1.png,0,0,0,0,0,0,0
PRB02-018,base,Base,PRB02-018,One Piece Card The Best Vol.2,,1,0,0,0,0,0,0
PRB02-018,parallel 1,Parallel 1,PRB02-018_p1,One Piece Card The Best Vol.2,PRB02/parallel/PRB02-018_p1.png,0,0,0,0,0,0,0
ST01-002,base,Base,ST01-002,Straw Hat Crew,,1,0,0,0,0,0,0
ST01-002,parallel 1,Parallel 1,ST01-002_p1,Other Product Card,ST01/parallel/ST01-002_p1.png,0,0,0,0,0,0,0
ST01-002,parallel 2,Parallel 2,ST01-002_p2,Other Product Card,ST01/parallel/ST01-002_p2.png,0,0,0,0,0,0,0
ST01-004,base,Base,ST01-004,Straw Hat Crew,,1,0,0,0,0,0,0
ST01-004,parallel 1,Parallel 1,ST01-004_p1,Promotion Card,ST01/parallel/ST01-004_p1.png,0,0,0,0,0,0,0
ST01-004,parallel 2,Parallel 2,ST01-004_p2,Other Product Card,ST01/parallel/ST01-004_p2.png,0,0,0,0,0,0,0
ST01-005,base,Base,ST01-005,Straw Hat Crew,,1,0,0,0,0,0,0
ST01-005,parallel 1,Parallel 1,ST01-005_p1,Other Product Card,ST01/parallel/ST01-005_p1.png,0,0,0,0,0,0,0
ST01-005,parallel 2,Parallel 2,ST01-005_p2,Other Product Card,ST01/parallel/ST01-005_p2.png,0,0,0,0,0,0,0
ST01-006,base,Base,ST01-006,Straw Hat Crew,,1,0,0,0,0,0,0
ST01-006,parallel 1,Parallel 1,ST01-006_p1,Other Product Card,ST01/parallel/ST01-006_p1.png,0,0,0,0,0,0,0
ST01-006,parallel 2,Parallel 2,ST01-006_p2,Other Product Card,ST01/parallel/ST01-006_p2.png,0,0,0,0,0,0,0
ST01-006,parallel 3,Parallel 3,ST01-006_p3,Other Product Card,ST01/parallel/ST01-006_p3.png,0,0,0,0,0,0,0
ST01-006,parallel 4,Parallel 4,ST01-006_p4,Other Product Card,ST01/parallel/ST01-006_p4.png,0,0,0,0,0,0,0
ST01-006,parallel 6,Parallel 6,ST01-006_p6,One Piece Card The Best,ST01/parallel/ST01-006_p6.png,0,0,0,0,0,0,0
ST01-006,parallel 7,Parallel 7,ST01-006_p7,One Piece Card The Best,ST01/parallel/ST01-006_p7.png,0,0,0,0,0,0,0
ST01-006,parallel 8,Parallel 8,ST01-006_p8,One Piece Card The Best,ST01/parallel/ST01-006_p8.png,0,0,0,0,0,0,0
ST01-006,r1,R1,ST01-006_r1,One Piece Card The Best,ST01/base/ST01-006_r1.png,0,0,0,0,0,0,0
ST01-007,base,Base,ST01-007,Straw Hat Crew,ST01/tr/ST01-007_tr.png,1,0,1,0,0,0,0
ST01-007,parallel 1,Parallel 1,ST01-007_p1,Other Product Card,ST01/parallel/ST01-007_p1.png,0,0,1,0,0,0,0
ST01-007,parallel 2,Parallel 2,ST01-007_p2,Promotion Card,ST01/parallel/ST01-007_p2.png,0,0,1,0,0,0,0
ST01-007,parallel 3,Parallel 3,ST01-007_p3,Wings Of The Captain,ST01/parallel/ST01-007_p3.png,0,0,1,0,0,0,0
ST01-007,parallel 4,Parallel 4,ST01-007_p4,Promotion Card,ST01/parallel/ST01-007_p4.png,0,0,1,0,0,0,0
ST01-007,parallel 5,Parallel 5,ST01-007_p5,Promotion Card,ST01/parallel/ST01-007_p5.png,0,0,1,0,0,0,0
ST01-008,base,Base,ST01-008,Straw Hat Crew,,1,0,0,0,0,0,0
ST01-008,parallel 1,Parallel 1,ST01-008_p1,Other Product Card,ST01/parallel/ST01-008_p1.png,0,0,0,0,0,0,0
ST01-008,parallel 2,Parallel 2,ST01-008_p2,Other Product Card,ST01/parallel/ST01-008_p2.png,0,0,0,0,0,0,0
ST01-009,base,Base,ST01-009,Straw Hat Crew,,1,0,0,0,0,0,0
ST01-009,parallel 1,Parallel 1,ST01-009_p1,Promotion Card,ST01/parallel/ST01-009_p1.png,0,0,0,0,0,0,0
ST01-010,base,Base,ST01-010,Straw Hat Crew,,1,0,0,0,0,0,0
ST01-010,parallel 1,Parallel 1,ST01-010_p1,Other Product Card,ST01/parallel/ST01-010_p1.png,0,0,0,0,0,0,0
ST01-010,parallel 2,Parallel 2,ST01-010_p2,Other Product Card,ST01/parallel/ST01-010_p2.png,0,0,0,0,0,0,0
ST01-011,base,Base,ST01-011,Straw Hat Crew,,1,0,0,0,0,0,0
ST01-011,parallel 1,Parallel 1,ST01-011_p1,Other Product Card,ST01/parallel/ST01-011_p1.png,0,0,0,0,0,0,0
ST01-011,parallel 2,Parallel 2,ST01-011_p2,Promotion Card,ST01/parallel/ST01-011_p2.png,0,0,0,0,0,0,0
ST01-011,parallel 3,Parallel 3,ST01-011_p3,Other Product Card,ST01/parallel/ST01-011_p3.png,0,0,0,0,0,0,0
ST01-011,parallel 4,Parallel 4,ST01-011_p4,One Piece Card The Best Vol.2,ST01/parallel/ST01-011_p4.png,0,0,0,0,0,0,0
ST01-011,parallel 5,Parallel 5,ST01-011_p5,Other Product Card,ST01/parallel/ST01-011_p5.png,0,0,0,0,0,0,0
ST01-011,r1,R1,ST01-011_r1,One Piece Card The Best Vol.2,ST01/base/ST01-011_r1.png,0,0,0,0,0,0,0
ST01-012,base,Base,ST01-012,Straw Hat Crew,,1,0,0,0,0,0,0
ST01-012,parallel 1,Parallel 1,ST01-012_p1,Pillars Of Strength,ST01/parallel/ST01-012_p1.png,0,0,0,0,0,0,0
ST01-012,parallel 2,Parallel 2,ST01-012_p2,Awakening Of The New Era,ST01/parallel/ST01-012_p2.png,0,0,0,0,0,0,0
ST01-012,parallel 3,Parallel 3,ST01-012_p3,Awakening Of The New Era,ST01/parallel/ST01-012_p3.png,0,0,0,0,0,0,0
ST01-012,parallel 4,Parallel 4,ST01-012_p4,Promotion Card,ST01/parallel/ST01-012_p4.png,0,0,0,0,0,0,0
ST01-012,parallel 5,Parallel 5,ST01-012_p5,Promotion Card,ST01/parallel/ST01-012_p5.png,0,0,0,0,0,0,0
ST01-012,parallel 6,Parallel 6,ST01-012_p6,Promotion Card,ST01/parallel/ST01-012_p6.png,0,0,0,0,0,0,0
ST01-013,base,Base,ST01-013,Straw Hat Crew,,1,0,0,0,0,0,0
ST01-013,parallel 1,Parallel 1,ST01-013_p1,Other Product Card,ST01/parallel/ST01-013_p1.png,0,0,0,0,0,0,0
ST01-013,parallel 2,Parallel 2,ST01-013_p2,Other Product Card,ST01/parallel/ST01-013_p2.png,0,0,0,0,0,0,0
ST01-014,base,Base,ST01-014,Straw Hat Crew,,1,0,0,0,0,0,0
ST01-014,parallel 2,Parallel 2,ST01-014_p2,One Piece Card The Best,ST01/parallel/ST01-014_p2.png,0,0,0,0,0,0,0
ST01-014,parallel 3,Parallel 3,ST01-014_p3,One Piece Card The Best,ST01/parallel/ST01-014_p3.png,0,0,0,0,0,0,0
ST01-014,r1,R1,ST01-014_r1,One Piece Card The Best,ST01/base/ST01-014_r1.png,0,0,0,0,0,0,0
ST01-015,base,Base,ST01-015,Straw Hat Crew,,1,0,0,0,0,0,0
ST01-015,parallel 1,Parallel 1,ST01-015_p1,Promotion Card,ST01/parallel/ST01-015_p1.png,0,0,0,0,0,0,0
ST02-004,base,Base,ST02-004,Worst Generation,,1,0,0,0,0,0,0
ST02-004,parallel 2,Parallel 2,ST02-004_p2,One Piece Card The Best,ST02/parallel/ST02-004_p2.png,0,0,0,0,0,0,0
ST02-004,parallel 3,Parallel 3,ST02-004_p3,One Piece Card The Best,ST02/parallel/ST02-004_p3.png,0,0,0,0,0,0,0
ST02-004,parallel 4,Parallel 4,ST02-004_p4,One Piece Card The Best,ST02/parallel/ST02-004_p4.png,0,0,0,0,0,0,0
ST02-004,r1,R1,ST02-004_r1,One Piece Card The Best,ST02/base/ST02-004_r1.png,0,0,0,0,0,0,0
ST02-007,base,Base,ST02-007,Worst Generation,,1,0,0,0,0,0,0
ST02-007,parallel 1,Parallel 1,ST02-007_p1,Promotion Card,ST02/parallel/ST02-007_p1.png,0,0,0,0,0,0,0
ST02-007,parallel 2,Parallel 2,ST02-007_p2,Two Legends,ST02/parallel/ST02-007_p2.png,0,0,0,0,0,0,0
ST02-007,parallel 3,Parallel 3,ST02-007_p3,One Piece Card The Best Vol.2,ST02/parallel/ST02-007_p3.png,0,0,0,0,0,0,0
ST02-007,r1,R1,ST02-007_r1,One Piece Card The Best Vol.2,ST02/base/ST02-007_r1.png,0,0,0,0,0,0,0
ST02-008,base,Base,ST02-008,Worst Generation,,1,0,0,0,0,0,0
ST02-008,parallel 1,Parallel 1,ST02-008_p1,Promotion Card,ST02/parallel/ST02-008_p1.png,0,0,0,0,0,0,0
ST02-013,base,Base,ST02-013,Worst Generation,,1,0,0,0,0,0,0
ST02-013,parallel 1,Parallel 1,ST02-013_p1,Promotion Card,ST02/parallel/ST02-013_p1.png,0,0,0,0,0,0,0
ST03-002,base,Base,ST03-002,The Seven Warlords Of The Sea,,1,0,0,0,0,0,0
ST03-002,r1,R1,ST03-002_r1,Blue Donquixote Doflamingo,ST03/base/ST03-002_r1.png,0,0,0,0,0,0,0
ST03-003,base,Base,ST03-003,The Seven Warlords Of The Sea,,1,0,0,0,0,0,0
ST03-003,parallel 1,Parallel 1,ST03-003_p1,Promotion Card,ST03/parallel/ST03-003_p1.png,0,0,0,0,0,0,0
ST03-004,base,Base,ST03-004,The Seven Warlords Of The Sea,,1,0,0,0,0,0,0
ST03-004,parallel 1,Parallel 1,ST03-004_p1,Two Legends,ST03/parallel/ST03-004_p1.png,0,0,0,0,0,0,0
ST03-004,parallel 3,Parallel 3,ST03-004_p3,Other Product Card,ST03/parallel/ST03-004_p3.png,0,0,0,0,0,0,0
ST03-004,r1,R1,ST03-004_r1,Blue Donquixote Doflamingo,ST03/base/ST03-004_r1.png,0,0,0,0,0,0,0
ST03-005,base,Base,ST03-005,The Seven Warlords Of The Sea,,1,0,0,0,0,0,0
ST03-005,parallel 1,Parallel 1,ST03-005_p1,Promotion Card,ST03/parallel/ST03-005_p1.png,0,0,0,0,0,0,0
ST03-005,parallel 4,Parallel 4,ST03-005_p4,One Piece Card The Best,ST03/parallel/ST03-005_p4.png,0,0,0,0,0,0,0
ST03-005,parallel 5,Parallel 5,ST03-005_p5,One Piece Card The Best,ST03/parallel/ST03-005_p5.png,0,0,0,0,0,0,0
ST03-005,r1,R1,ST03-005_r1,Blue Donquixote Doflamingo,ST03/base/ST03-005_r1.png,0,0,0,0,0,0,0
ST03-005,r2,R2,ST03-005_r2,One Piece Card The Best,ST03/base/ST03-005_r2.png,0,0,0,0,0,0,0
ST03-007,base,Base,ST03-007,The Seven Warlords Of The Sea,,1,0,0,0,0,0,0
ST03-007,parallel 1,Parallel 1,ST03-007_p1,Promotion Card,ST03/parallel/ST03-007_p1.png,0,0,0,0,0,0,0
ST03-007,parallel 2,Parallel 2,ST03-007_p2,Other Product Card,ST03/parallel/ST03-007_p2.png,0,0,0,0,0,0,0
ST03-008,base,Base,ST03-008,The Seven Warlords Of The Sea,,1,0,0,0,0,0,0
ST03-008,parallel 1,Parallel 1,ST03-008_p1,Other Product Card,ST03/parallel/ST03-008_p1.png,0,0,0,0,0,0,0
ST03-008,parallel 2,Parallel 2,ST03-008_p2,Promotion Card,ST03/parallel/ST03-008_p2.png,0,0,0,0,0,0,0
ST03-008,parallel 3,Parallel 3,ST03-008_p3,Promotion Card,ST03/parallel/ST03-008_p3.png,0,0,0,0,0,0,0
ST03-008,parallel 6,Parallel 6,ST03-008_p6,One Piece Card The Best,ST03/parallel/ST03-008_p6.png,0,0,0,0,0,0,0
ST03-008,parallel 7,Parallel 7,ST03-008_p7,One Piece Card The Best,ST03/parallel/ST03-008_p7.png,0,0,0,0,0,0,0
ST03-008,r1,R1,ST03-008_r1,Blue Donquixote Doflamingo,ST03/base/ST03-008_r1.png,0,0,0,0,0,0,0
ST03-008,r2,R2,ST03-008_r2,One Piece Card The Best,ST03/base/ST03-008_r2.png,0,0,0,0,0,0,0
ST03-009,base,Base,ST03-009,The Seven Warlords Of The Sea,,1,0,0,0,0,0,0
ST03-009,parallel 1,Parallel 1,ST03-009_p1,Pillars Of Strength,ST03/parallel/ST03-009_p1.png,0,0,0,0,0,0,0
ST03-012,base,Base,ST03-012,The Seven Warlords Of The Sea,,1,0,0,0,0,0,0
ST03-012,parallel 1,Parallel 1,ST03-012_p1,Other Product Card,ST03/parallel/ST03-012_p1.png,0,0,0,0,0,0,0
ST03-013,base,Base,ST03-013,The Seven Warlords Of The Sea,,1,0,0,0,0,0,0
ST03-013,parallel 2,Parallel 2,ST03-013_p2,One Piece Card The Best,ST03/parallel/ST03-013_p2.png,0,0,0,0,0,0,0
ST03-013,parallel 3,Parallel 3,ST03-013_p3,One Piece Card The Best,ST03/parallel/ST03-013_p3.png,0,0,0,0,0,0,0
ST03-013,parallel 4,Parallel 4,ST03-013_p4,One Piece Card The Best,ST03/parallel/ST03-013_p4.png,0,0,0,0,0,0,0
ST03-013,r1,R1,ST03-013_r1,One Piece Card The Best,ST03/base/ST03-013_r1.png,0,0,0,0,0,0,0
ST03-014,base,Base,ST03-014,The Seven Warlords Of The Sea,,1,0,0,0,0,0,0
ST03-014,parallel 1,Parallel 1,ST03-014_p1,Promotion Card,ST03/parallel/ST03-014_p1.png,0,0,0,0,0,0,0
ST03-017,base,Base,ST03-017,The Seven Warlords Of The Sea,,1,0,0,0,0,0,0
ST03-017,parallel 1,Parallel 1,ST03-017_p1,Other Product Card,ST03/parallel/ST03-017_p1.png,0,0,0,0,0,0,0
ST04-002,base,Base,ST04-002,Animal Kingdom Pirates,,1,0,0,0,0,0,0
ST04-002,parallel 1,Parallel 1,ST04-002_p1,Other Product Card,ST04/parallel/ST04-002_p1.png,0,0,0,0,0,0,0
ST04-003,base,Base,ST04-003,Animal Kingdom Pirates,,1,0,0,0,0,0,0
ST04-003,parallel 1,Parallel 1,ST04-003_p1,Pillars Of Strength,ST04/parallel/ST04-003_p1.png,0,0,0,0,0,0,0
ST04-003,parallel 2,Parallel 2,ST04-003_p2,Promotion Card,ST04/parallel/ST04-003_p2.png,0,0,0,0,0,0,0
ST04-003,parallel 4,Parallel 4,ST04-003_p4,One Piece Card The Best,ST04/parallel/ST04-003_p4.png,0,0,0,0,0,0,0
ST04-003,r1,R1,ST04-003_r1,One Piece Card The Best,ST04/base/ST04-003_r1.png,0,0,0,0,0,0,0
ST04-005,base,Base,ST04-005,Animal Kingdom Pirates,,1,0,0,0,0,0,0
ST04-005,parallel 1,Parallel 1,ST04-005_p1,Two Legends,ST04/parallel/ST04-005_p1.png,0,0,0,0,0,0,0
ST04-005,parallel 3,Parallel 3,ST04-005_p3,One Piece Card The Best,ST04/parallel/ST04-005_p3.png,0,0,0,0,0,0,0
ST04-005,parallel 4,Parallel 4,ST04-005_p4,One Piece Card The Best,ST04/parallel/ST04-005_p4.png,0,0,0,0,0,0,0
ST04-005,r1,R1,ST04-005_r1,One Piece Card The Best,ST04/base/ST04-005_r1.png,0,0,0,0,0,0,0
ST04-008,base,Base,ST04-008,Animal Kingdom Pirates,,1,0,0,0,0,0,0
ST04-008,parallel 1,Parallel 1,ST04-008_p1,Promotion Card,ST04/parallel/ST04-008_p1.png,0,0,0,0,0,0,0
ST04-008,parallel 2,Parallel 2,ST04-008_p2,Other Product Card,ST04/parallel/ST04-008_p2.png,0,0,0,0,0,0,0
ST04-010,base,Base,ST04-010,Animal Kingdom Pirates,,1,0,0,0,0,0,0
ST04-010,parallel 1,Parallel 1,ST04-010_p1,Promotion Card,ST04/parallel/ST04-010_p1.png,0,0,0,0,0,0,0
ST04-011,base,Base,ST04-011,Animal Kingdom Pirates,,1,0,0,0,0,0,0
ST04-011,parallel 1,Parallel 1,ST04-011_p1,Promotion Card,ST04/parallel/ST04-011_p1.png,0,0,0,0,0,0,0
ST04-011,parallel 2,Parallel 2,ST04-011_p2,Other Product Card,ST04/parallel/ST04-011_p2.png,0,0,0,0,0,0,0
ST04-016,base,Base,ST04-016,Animal Kingdom Pirates,,1,0,0,0,0,0,0
ST04-016,parallel 2,Parallel 2,ST04-016_p2,One Piece Card The Best,ST04/parallel/ST04-016_p2.png,0,0,0,0,0,0,0
ST04-016,parallel 3,Parallel 3,ST04-016_p3,One Piece Card The Best,ST04/parallel/ST04-016_p3.png,0,0,0,0,0,0,0
ST04-016,parallel 4,Parallel 4,ST04-016_p4,Other Product Card,ST04/parallel/ST04-016_p4.png,0,0,0,0,0,0,0
ST04-016,r1,R1,ST04-016_r1,One Piece Card The Best,ST04/base/ST04-016_r1.png,0,0,0,0,0,0,0
ST05-002,base,Base,ST05-002,One Piece Film Edition,,1,0,0,0,0,0,0
ST05-002,parallel 1,Parallel 1,ST05-002_p1,Other Product Card,ST05/parallel/ST05-002_p1.png,0,0,0,0,0,0,0
ST05-014,base,Base,ST05-014,One Piece Film Edition,,1,0,0,0,0,0,0
ST05-014,parallel 1,Parallel 1,ST05-014_p1,Other Product Card,ST05/parallel/ST05-014_p1.png,0,0,0,0,0,0,0
ST06-006,base,Base,ST06-006,Absolute Justice,,1,0,0,0,0,0,0
ST06-006,parallel 1,Parallel 1,ST06-006_p1,Promotion Card,ST06/parallel/ST06-006_p1.png,0,0,0,0,0,0,0
ST06-006,parallel 2,Parallel 2,ST06-006_p2,Two Legends,ST06/parallel/ST06-006_p2.png,0,0,0,0,0,0,0
ST06-006,parallel 3,Parallel 3,ST06-006_p3,Promotion Card,ST06/parallel/ST06-006_p3.png,0,0,0,0,0,0,0
ST06-006,parallel 4,Parallel 4,ST06-006_p4,Other Product Card,ST06/parallel/ST06-006_p4.png,0,0,0,0,0,0,0
ST06-008,base,Base,ST06-008,Absolute Justice,,1,0,0,0,0,0,0
ST06-008,parallel 1,Parallel 1,ST06-008_p1,One Piece Card The Best Vol.2,ST06/parallel/ST06-008_p1.png,0,0,0,0,0,0,0
ST06-008,r1,R1,ST06-008_r1,One Piece Card The Best Vol.2,ST06/base/ST06-008_r1.png,0,0,0,0,0,0,0
ST06-010,base,Base,ST06-010,Absolute Justice,,1,0,0,0,0,0,0
ST06-010,parallel 2,Parallel 2,ST06-010_p2,One Piece Card The Best,ST06/parallel/ST06-010_p2.png,0,0,0,0,0,0,0
ST06-010,parallel 3,Parallel 3,ST06-010_p3,One Piece Card The Best,ST06/parallel/ST06-010_p3.png,0,0,0,0,0,0,0
ST06-010,r1,R1,ST06-010_r1,One Piece Card The Best,ST06/base/ST06-010_r1.png,0,0,0,0,0,0,0
ST06-014,base,Base,ST06-014,Absolute Justice,,1,0,0,0,0,0,0
ST06-014,parallel 2,Parallel 2,ST06-014_p2,One Piece Card The Best,ST06/parallel/ST06-014_p2.png,0,0,0,0,0,0,0
ST06-014,parallel 3,Parallel 3,ST06-014_p3,One Piece Card The Best,ST06/parallel/ST06-014_p3.png,0,0,0,0,0,0,0
ST06-014,r1,R1,ST06-014_r1,One Piece Card The Best,ST06/base/ST06-014_r1.png,0,0,0,0,0,0,0
ST07-005,base,Base,ST07-005,Big Mom Pirates,,1,0,0,0,0,0,0
ST07-005,r1,R1,ST07-005_r1,Yellow Charlotte Katakuri,ST07/base/ST07-005_r1.png,0,0,0,0,0,0,0
ST07-007,base,Base,ST07-007,Big Mom Pirates,,1,0,0,0,0,0,0
ST07-007,parallel 2,Parallel 2,ST07-007_p2,One Piece Card The Best,ST07/parallel/ST07-007_p2.png,0,0,0,0,0,0,0
ST07-007,parallel 3,Parallel 3,ST07-007_p3,One Piece Card The Best,ST07/parallel/ST07-007_p3.png,0,0,0,0,0,0,0
ST07-007,r1,R1,ST07-007_r1,One Piece Card The Best,ST07/base/ST07-007_r1.png,0,0,0,0,0,0,0
ST07-008,base,Base,ST07-008,Big Mom Pirates,,1,0,0,0,0,0,0
ST07-008,parallel 1,Parallel 1,ST07-008_p1,Promotion Card,ST07/parallel/ST07-008_p1.png,0,0,0,0,0,0,0
ST07-014,base,Base,ST07-014,Big Mom Pirates,,1,0,0,0,0,0,0
ST07-014,r1,R1,ST07-014_r1,Yellow Charlotte Katakuri,ST07/base/ST07-014_r1.png,0,0,0,0,0,0,0
ST09-012,base,Base,ST09-012,Yamato,,1,0,0,0,0,0,0
ST09-012,parallel 1,Parallel 1,ST09-012_p1,Other Product Card,ST09/parallel/ST09-012_p1.png,0,0,0,0,0,0,0
ST09-014,base,Base,ST09-014,Yamato,,1,0,0,0,0,0,0
ST09-014,parallel 2,Parallel 2,ST09-014_p2,One Piece Card The Best,ST09/parallel/ST09-014_p2.png,0,0,0,0,0,0,0
ST09-014,parallel 3,Parallel 3,ST09-014_p3,One Piece Card The Best,ST09/parallel/ST09-014_p3.png,0,0,0,0,0,0,0
ST09-014,r1,R1,ST09-014_r1,One Piece Card The Best,ST09/base/ST09-014_r1.png,0,0,0,0,0,0,0
ST10-005,base,Base,ST10-005,The Three Captains,,1,0,0,0,0,0,0
ST10-005,parallel 1,Parallel 1,ST10-005_p1,Other Product Card,ST10/parallel/ST10-005_p1.png,0,0,0,0,0,0,0
ST10-005,parallel 2,Parallel 2,ST10-005_p2,One Piece Card The Best Vol.2,ST10/parallel/ST10-005_p2.png,0,0,0,0,0,0,0
ST10-005,r1,R1,ST10-005_r1,One Piece Card The Best Vol.2,ST10/base/ST10-005_r1.png,0,0,0,0,0,0,0
ST10-006,base,Base,ST10-006,The Three Captains,,1,0,0,0,0,0,0
ST10-006,parallel 1,Parallel 1,ST10-006_p1,Promotion Card,ST10/parallel/ST10-006_p1.png,0,0,0,0,0,0,0
ST10-006,parallel 2,Parallel 2,ST10-006_p2,Other Product Card,ST10/parallel/ST10-006_p2.png,0,0,0,0,0,0,0
ST10-006,parallel 4,Parallel 4,ST10-006_p4,Promotion Card,ST10/parallel/ST10-006_p4.png,0,0,0,0,0,0,0
ST10-008,base,Base,ST10-008,The Three Captains,,1,0,0,0,0,0,0
ST10-008,parallel 1,Parallel 1,ST10-008_p1,Promotion Card,ST10/parallel/ST10-008_p1.png,0,0,0,0,0,0,0
ST10-008,parallel 2,Parallel 2,ST10-008_p2,Promotion Card,ST10/parallel/ST10-008_p2.png,0,0,0,0,0,0,0
ST10-008,parallel 3,Parallel 3,ST10-008_p3,One Piece Card The Best Vol.2,ST10/parallel/ST10-008_p3.png,0,0,0,0,0,0,0
ST10-008,r1,R1,ST10-008_r1,One Piece Card The Best Vol.2,ST10/base/ST10-008_r1.png,0,0,0,0,0,0,0
ST10-010,base,Base,ST10-010,The Three Captains,,1,0,0,0,0,0,0
ST10-010,parallel 1,Parallel 1,ST10-010_p1,Promotion Card,ST10/parallel/ST10-010_p1.png,0,0,0,0,0,0,0
ST10-010,parallel 2,Parallel 2,ST10-010_p2,500 Years In The Future,ST10/parallel/ST10-010_p2.png,0,0,0,0,0,0,0
ST10-010,parallel 4,Parallel 4,ST10-010_p4,One Piece Card The Best,ST10/parallel/ST10-010_p4.png,0,0,0,0,0,0,0
ST10-010,r1,R1,ST10-010_r1,One Piece Card The Best,ST10/base/ST10-010_r1.png,0,0,0,0,0,0,0
ST10-013,base,Base,ST10-013,The Three Captains,,1,0,0,0,0,0,0
ST10-013,parallel 1,Parallel 1,ST10-013_p1,Promotion Card,ST10/parallel/ST10-013_p1.png,0,0,0,0,0,0,0
ST11-001,base,Base,ST11-001,Uta,,1,0,0,0,0,0,0
ST11-001,parallel 1,Parallel 1,ST11-001_p1,Green Uta,ST11/parallel/ST11-001_p1.png,0,0,0,0,0,0,0
ST11-003,base,Base,ST11-003,Uta,,1,0,0,0,0,0,0
ST11-003,parallel 1,Parallel 1,ST11-003_p1,Promotion Card,ST11/parallel/ST11-003_p1.png,0,0,0,0,0,0,0
ST11-003,parallel 2,Parallel 2,ST11-003_p2,Green Uta,ST11/parallel/ST11-003_p2.png,0,0,0,0,0,0,0
ST11-004,base,Base,ST11-004,Uta,,1,0,0,0,0,0,0
ST11-004,parallel 1,Parallel 1,ST11-004_p1,Promotion Card,ST11/parallel/ST11-004_p1.png,0,0,0,0,0,0,0
ST11-004,parallel 2,Parallel 2,ST11-004_p2,Green Uta,ST11/parallel/ST11-004_p2.png,0,0,0,0,0,0,0
ST11-005,base,Base,ST11-005,Uta,,1,0,0,0,0,0,0
ST11-005,parallel 1,Parallel 1,ST11-005_p1,Promotion Card,ST11/parallel/ST11-005_p1.png,0,0,0,0,0,0,0
ST11-005,parallel 2,Parallel 2,ST11-005_p2,Green Uta,ST11/parallel/ST11-005_p2.png,0,0,0,0,0,0,0
ST12-005,base,Base,ST12-005,Zoro And Sanji,,1,0,0,0,0,0,0
ST12-005,parallel 1,Parallel 1,ST12-005_p1,One Piece Card The Best Vol.2,ST12/parallel/ST12-005_p1.png,0,0,0,0,0,0,0
ST12-005,r1,R1,ST12-005_r1,One Piece Card The Best Vol.2,ST12/base/ST12-005_r1.png,0,0,0,0,0,0,0
ST12-008,base,Base,ST12-008,Zoro And Sanji,,1,0,0,0,0,0,0
ST12-008,parallel 1,Parallel 1,ST12-008_p1,Promotion Card,ST12/parallel/ST12-008_p1.png,0,0,0,0,0,0,0
ST12-012,base,Base,ST12-012,Zoro And Sanji,,1,0,0,0,0,0,0
ST12-012,parallel 1,Parallel 1,ST12-012_p1,Royal Blood,ST12/parallel/ST12-012_p1.png,0,0,0,0,0,0,0
ST12-014,base,Base,ST12-014,Zoro And Sanji,,1,0,0,0,0,0,0
ST12-014,parallel 2,Parallel 2,ST12-014_p2,One Piece Card The Best,ST12/parallel/ST12-014_p2.png,0,0,0,0,0,0,0
ST12-014,parallel 3,Parallel 3,ST12-014_p3,One Piece Card The Best,ST12/parallel/ST12-014_p3.png,0,0,0,0,0,0,0
ST12-014,r1,R1,ST12-014_r1,One Piece Card The Best,ST12/base/ST12-014_r1.png,0,0,0,0,0,0,0
ST12-017,base,Base,ST12-017,Zoro And Sanji,,1,0,0,0,0,0,0
ST12-017,parallel 1,Parallel 1,ST12-017_p1,One Piece Card The Best Vol.2,ST12/parallel/ST12-017_p1.png,0,0,0,0,0,0,0
ST12-017,r1,R1,ST12-017_r1,One Piece Card The Best Vol.2,ST12/base/ST12-017_r1.png,0,0,0,0,0,0,0
ST13-001,base,Base,ST13-001,The Three Brothers,,1,0,0,0,0,0,0
ST13-001,parallel 1,Parallel 1,ST13-001_p1,The Three Brothers,ST13/parallel/ST13-001_p1.png,0,0,0,0,0,0,0
ST13-002,base,Base,ST13-002,The Three Brothers,,1,0,0,0,0,0,0
ST13-002,parallel 1,Parallel 1,ST13-002_p1,The Three Brothers,ST13/parallel/ST13-002_p1.png,0,0,0,0,0,0,0
ST13-003,base,Base,ST13-003,The Three Brothers,,1,0,0,0,0,0,0
ST13-003,parallel 1,Parallel 1,ST13-003_p1,The Three Brothers,ST13/parallel/ST13-003_p1.png,0,0,0,0,0,0,0
ST13-003,parallel 2,Parallel 2,ST13-003_p2,Promotion Card,ST13/parallel/ST13-003_p2.png,0,0,0,0,0,0,0
ST13-004,base,Base,ST13-004,The Three Brothers,,1,0,0,0,0,0,0
ST13-004,parallel 1,Parallel 1,ST13-004_p1,The Three Brothers,ST13/parallel/ST13-004_p1.png,0,0,0,0,0,0,0
ST13-004,parallel 2,Parallel 2,ST13-004_p2,One Piece Card The Best Vol.2,ST13/parallel/ST13-004_p2.png,0,0,0,0,0,0,0
ST13-004,r1,R1,ST13-004_r1,One Piece Card The Best Vol.2,ST13/base/ST13-004_r1.png,0,0,0,0,0,0,0
ST13-005,base,Base,ST13-005,The Three Brothers,,1,0,0,0,0,0,0
ST13-005,parallel 1,Parallel 1,ST13-005_p1,The Three Brothers,ST13/parallel/ST13-005_p1.png,0,0,0,0,0,0,0
ST13-006,base,Base,ST13-006,The Three Brothers,,1,0,0,0,0,0,0
ST13-006,parallel 1,Parallel 1,ST13-006_p1,The Three Brothers,ST13/parallel/ST13-006_p1.png,0,0,0,0,0,0,0
ST13-007,base,Base,ST13-007,The Three Brothers,,1,0,0,0,0,0,0
ST13-007,parallel 1,Parallel 1,ST13-007_p1,The Three Brothers,ST13/parallel/ST13-007_p1.png,0,0,0,0,0,0,0
ST13-007,parallel 2,Parallel 2,ST13-007_p2,One Piece Card The Best Vol.2,ST13/parallel/ST13-007_p2.png,0,0,0,0,0,0,0
ST13-007,r1,R1,ST13-007_r1,One Piece Card The Best Vol.2,ST13/base/ST13-007_r1.png,0,0,0,0,0,0,0
ST13-008,base,Base,ST13-008,The Three Brothers,,1,0,0,0,0,0,0
ST13-008,parallel 1,Parallel 1,ST13-008_p1,The Three Brothers,ST13/parallel/ST13-008_p1.png,0,0,0,0,0,0,0
ST13-009,base,Base,ST13-009,The Three Brothers,,1,0,0,0,0,0,0
ST13-009,parallel 1,Parallel 1,ST13-009_p1,The Three Brothers,ST13/parallel/ST13-009_p1.png,0,0,0,0,0,0,0
ST13-010,base,Base,ST13-010,The Three Brothers,,1,0,0,0,0,0,0
ST13-010,parallel 1,Parallel 1,ST13-010_p1,The Three Brothers,ST13/parallel/ST13-010_p1.png,0,0,0,0,0,0,0
ST13-010,parallel 2,Parallel 2,ST13-010_p2,One Piece Card The Best Vol.2,ST13/parallel/ST13-010_p2.png,0,0,0,0,0,0,0
ST13-010,r1,R1,ST13-010_r1,One Piece Card The Best Vol.2,ST13/base/ST13-010_r1.png,0,0,0,0,0,0,0
ST13-011,base,Base,ST13-011,The Three Brothers,ST13/sp/ST13-011_sp.png,1,1,0,0,0,0,0
ST13-011,parallel 1,Parallel 1,ST13-011_p1,The Three Brothers,ST13/parallel/ST13-011_p1.png,0,1,0,0,0,0,0
ST13-011,parallel 2,Parallel 2,ST13-011_p2,Legacy Of The Master,ST13/parallel/ST13-011_p2.png,0,1,0,0,0,0,0
ST13-012,base,Base,ST13-012,The Three Brothers,,1,0,0,0,0,0,0
ST13-012,parallel 1,Parallel 1,ST13-012_p1,The Three Brothers,ST13/parallel/ST13-012_p1.png,0,0,0,0,0,0,0
ST13-012,parallel 2,Parallel 2,ST13-012_p2,Other Product Card,ST13/parallel/ST13-012_p2.png,0,0,0,0,0,0,0
ST13-013,base,Base,ST13-013,The Three Brothers,,1,0,0,0,0,0,0
ST13-013,parallel 1,Parallel 1,ST13-013_p1,The Three Brothers,ST13/parallel/ST13-013_p1.png,0,0,0,0,0,0,0
ST13-014,base,Base,ST13-014,The Three Brothers,,1,0,0,0,0,0,0
ST13-014,parallel 1,Parallel 1,ST13-014_p1,The Three Brothers,ST13/parallel/ST13-014_p1.png,0,0,0,0,0,0,0
ST13-014,parallel 2,Parallel 2,ST13-014_p2,One Piece Card The Best Vol.2,ST13/parallel/ST13-014_p2.png,0,0,0,0,0,0,0
ST13-014,r1,R1,ST13-014_r1,One Piece Card The Best Vol.2,ST13/base/ST13-014_r1.png,0,0,0,0,0,0,0
ST13-015,base,Base,ST13-015,The Three Brothers,,1,0,0,0,0,0,0
ST13-015,parallel 1,Parallel 1,ST13-015_p1,The Three Brothers,ST13/parallel/ST13-015_p1.png,0,0,0,0,0,0,0
ST13-015,parallel 2,Parallel 2,ST13-015_p2,Other Product Card,ST13/parallel/ST13-015_p2.png,0,0,0,0,0,0,0
ST13-016,base,Base,ST13-016,The Three Brothers,,1,0,0,0,0,0,0
ST13-016,parallel 1,Parallel 1,ST13-016_p1,The Three Brothers,ST13/parallel/ST13-016_p1.png,0,0,0,0,0,0,0
ST13-016,r1,R1,ST13-016_r1,Green/yellow Yamato,ST13/base/ST13-016_r1.png,0,0,0,0,0,0,0
ST13-019,base,Base,ST13-019,The Three Brothers,,1,0,0,0,0,0,0
ST13-019,parallel 1,Parallel 1,ST13-019_p1,One Piece Card The Best Vol.2,ST13/parallel/ST13-019_p1.png,0,0,0,0,0,0,0
ST13-019,r1,R1,ST13-019_r1,One Piece Card The Best Vol.2,ST13/base/ST13-019_r1.png,0,0,0,0,0,0,0
ST14-003,base,Base,ST14-003,3d2y,,1,0,0,0,0,0,0
ST14-003,parallel 1,Parallel 1,ST14-003_p1,Royal Blood,ST14/parallel/ST14-003_p1.png,0,0,0,0,0,0,0
ST14-007,base,Base,ST14-007,3d2y,,1,0,0,0,0,0,0
ST14-007,parallel 1,Parallel 1,ST14-007_p1,One Piece Card The Best Vol.2,ST14/parallel/ST14-007_p1.png,0,0,0,0,0,0,0
ST14-007,r1,R1,ST14-007_r1,One Piece Card The Best Vol.2,ST14/base/ST14-007_r1.png,0,0,0,0,0,0,0
ST14-010,base,Base,ST14-010,3d2y,,1,0,0,0,0,0,0
ST14-010,parallel 1,Parallel 1,ST14-010_p1,One Piece Card The Best Vol.2,ST14/parallel/ST14-010_p1.png,0,0,0,0,0,0,0
ST14-010,r1,R1,ST14-010_r1,Purple/black Monkey.d.luffy,ST14/base/ST14-010_r1.png,0,0,0,0,0,0,0
ST14-010,r2,R2,ST14-010_r2,One Piece Card The Best Vol.2,ST14/base/ST14-010_r2.png,0,0,0,0,0,0,0
ST14-013,base,Base,ST14-013,3d2y,,1,0,0,0,0,0,0
ST14-013,parallel 1,Parallel 1,ST14-013_p1,One Piece Card The Best Vol.2,ST14/parallel/ST14-013_p1.png,0,0,0,0,0,0,0
ST14-013,r1,R1,ST14-013_r1,One Piece Card The Best Vol.2,ST14/base/ST14-013_r1.png,0,0,0,0,0,0,0
ST14-016,base,Base,ST14-016,3d2y,,1,0,0,0,0,0,0
ST14-016,parallel 1,Parallel 1,ST14-016_p1,One Piece Card The Best Vol.2,ST14/parallel/ST14-016_p1.png,0,0,0,0,0,0,0
ST14-016,r1,R1,ST14-016_r1,One Piece Card The Best Vol.2,ST14/base/ST14-016_r1.png,0,0,0,0,0,0,0
ST14-017,base,Base,ST14-017,3d2y,,1,0,0,0,0,0,0
ST14-017,parallel 1,Parallel 1,ST14-017_p1,One Piece Card The Best Vol.2,ST14/parallel/ST14-017_p1.png,0,0,0,0,0,0,0
ST14-017,r1,R1,ST14-017_r1,One Piece Card The Best Vol.2,ST14/base/ST14-017_r1.png,0,0,0,0,0,0,0
ST15-002,base,Base,ST15-002,Red Edward.newgate,,1,0,0,0,0,0,0
ST15-002,parallel 1,Parallel 1,ST15-002_p1,Royal Blood,ST15/parallel/ST15-002_p1.png,0,0,0,0,0,0,0
ST15-002,parallel 2,Parallel 2,ST15-002_p2,One Piece Card The Best Vol.2,ST15/parallel/ST15-002_p2.png,0,0,0,0,0,0,0
ST15-002,r1,R1,ST15-002_r1,One Piece Card The Best Vol.2,ST15/base/ST15-002_r1.png,0,0,0,0,0,0,0
ST15-005,base,Base,ST15-005,Red Edward.newgate,,1,0,0,0,0,0,0
ST15-005,parallel 1,Parallel 1,ST15-005_p1,Promotion Card,ST15/parallel/ST15-005_p1.png,0,0,0,0,0,0,0
ST15-005,parallel 2,Parallel 2,ST15-005_p2,Promotion Card,ST15/parallel/ST15-005_p2.png,0,0,0,0,0,0,0
ST15-005,parallel 3,Parallel 3,ST15-005_p3,Other Product Card,ST15/parallel/ST15-005_p3.png,0,0,0,0,0,0,0
ST15-005,parallel 4,Parallel 4,ST15-005_p4,Other Product Card,ST15/parallel/ST15-005_p4.png,0,0,0,0,0,0,0
ST16-003,base,Base,ST16-003,Green Uta,,1,0,0,0,0,0,0
ST16-003,parallel 1,Parallel 1,ST16-003_p1,One Piece Card The Best Vol.2,ST16/parallel/ST16-003_p1.png,0,0,0,0,0,0,0
ST16-003,r1,R1,ST16-003_r1,One Piece Card The Best Vol.2,ST16/base/ST16-003_r1.png,0,0,0,0,0,0,0
ST16-004,base,Base,ST16-004,Green Uta,ST16/sp/ST16-004_sp.png,1,1,0,0,0,0,0
ST16-004,parallel 1,Parallel 1,ST16-004_p1,A Fist Of Divine Speed,ST16/parallel/ST16-004_p1.png,0,1,0,0,0,0,0
ST16-004,parallel 2,Parallel 2,ST16-004_p2,One Piece Card The Best Vol.2,ST16/parallel/ST16-004_p2.png,0,1,0,0,0,0,0
ST16-004,r1,R1,ST16-004_r1,One Piece Card The Best Vol.2,ST16/base/ST16-004_r1.png,0,1,0,0,0,0,0
ST16-005,base,Base,ST16-005,Green Uta,,1,0,0,0,0,0,0
ST16-005,parallel 1,Parallel 1,ST16-005_p1,One Piece Card The Best Vol.2,ST16/parallel/ST16-005_p1.png,0,0,0,0,0,0,0
ST16-005,r1,R1,ST16-005_r1,One Piece Card The Best Vol.2,ST16/base/ST16-005_r1.png,0,0,0,0,0,0,0
ST17-002,base,Base,ST17-002,Blue Donquixote Doflamingo,,1,0,0,0,0,0,0
ST17-002,parallel 1,Parallel 1,ST17-002_p1,One Piece Card The Best Vol.2,ST17/parallel/ST17-002_p1.png,0,0,0,0,0,0,0
ST17-002,r1,R1,ST17-002_r1,One Piece Card The Best Vol.2,ST17/base/ST17-002_r1.png,0,0,0,0,0,0,0
ST17-003,base,Base,ST17-003,Blue Donquixote Doflamingo,,1,0,0,0,0,0,0
ST17-003,parallel 1,Parallel 1,ST17-003_p1,Promotion Card,ST17/parallel/ST17-003_p1.png,0,0,0,0,0,0,0
ST17-003,parallel 2,Parallel 2,ST17-003_p2,Promotion Card,ST17/parallel/ST17-003_p2.png,0,0,0,0,0,0,0
ST17-003,parallel 3,Parallel 3,ST17-003_p3,One Piece Card The Best Vol.2,ST17/parallel/ST17-003_p3.png,0,0,0,0,0,0,0
ST17-003,parallel 4,Parallel 4,ST17-003_p4,Other Product Card,ST17/parallel/ST17-003_p4.png,0,0,0,0,0,0,0
ST17-003,r1,R1,ST17-003_r1,One Piece Card The Best Vol.2,ST17/base/ST17-003_r1.png,0,0,0,0,0,0,0
ST17-005,base,Base,ST17-005,Blue Donquixote Doflamingo,,1,0,0,0,0,0,0
ST17-005,parallel 1,Parallel 1,ST17-005_p1,One Piece Card The Best Vol.2,ST17/parallel/ST17-005_p1.png,0,0,0,0,0,0,0
ST17-005,parallel 2,Parallel 2,ST17-005_p2,Other Product Card,ST17/parallel/ST17-005_p2.png,0,0,0,0,0,0,0
ST17-005,r1,R1,ST17-005_r1,One Piece Card The Best Vol.2,ST17/base/ST17-005_r1.png,0,0,0,0,0,0,0
ST18-001,base,Base,ST18-001,Purple Monkey.d.luffy,,1,0,0,0,0,0,0
ST18-001,parallel 1,Parallel 1,ST18-001_p1,Royal Blood,ST18/parallel/ST18-001_p1.png,0,0,0,0,0,0,0
ST18-001,parallel 2,Parallel 2,ST18-001_p2,One Piece Card The Best Vol.2,ST18/parallel/ST18-001_p2.png,0,0,0,0,0,0,0
ST18-001,parallel 3,Parallel 3,ST18-001_p3,One Piece Card The Best Vol.2,ST18/parallel/ST18-001_p3.png,0,0,0,0,0,0,0
ST18-001,r1,R1,ST18-001_r1,One Piece Card The Best Vol.2,ST18/base/ST18-001_r1.png,0,0,0,0,0,0,0
ST18-002,base,Base,ST18-002,Purple Monkey.d.luffy,,1,0,0,0,0,0,0
ST18-002,parallel 1,Parallel 1,ST18-002_p1,One Piece Card The Best Vol.2,ST18/parallel/ST18-002_p1.png,0,0,0,0,0,0,0
ST18-002,parallel 2,Parallel 2,ST18-002_p2,Promotion Card,ST18/parallel/ST18-002_p2.png,0,0,0,0,0,0,0
ST18-002,r1,R1,ST18-002_r1,One Piece Card The Best Vol.2,ST18/base/ST18-002_r1.png,0,0,0,0,0,0,0
ST18-003,base,Base,ST18-003,Purple Monkey.d.luffy,,1,0,0,0,0,0,0
ST18-003,parallel 1,Parallel 1,ST18-003_p1,Promotion Card,ST18/parallel/ST18-003_p1.png,0,0,0,0,0,0,0
ST18-003,parallel 2,Parallel 2,ST18-003_p2,One Piece Card The Best Vol.2,ST18/parallel/ST18-003_p2.png,0,0,0,0,0,0,0
ST18-003,r1,R1,ST18-003_r1,One Piece Card The Best Vol.2,ST18/base/ST18-003_r1.png,0,0,0,0,0,0,0
ST18-004,base,Base,ST18-004,Purple Monkey.d.luffy,ST18/sp/ST18-004_sp.png,1,1,0,0,0,0,0
ST18-004,parallel 1,Parallel 1,ST18-004_p1,Emperors In The New World,ST18/parallel/ST18-004_p1.png,0,1,0,0,0,0,0
ST18-004,parallel 2,Parallel 2,ST18-004_p2,Legacy Of The Master,ST18/parallel/ST18-004_p2.png,0,1,0,0,0,0,0
ST18-005,base,Base,ST18-005,Purple Monkey.d.luffy,ST18/sp/ST18-005_sp.png,1,1,0,0,0,0,0
ST18-005,parallel 1,Parallel 1,ST18-005_p1,A Fist Of Divine Speed,ST18/parallel/ST18-005_p1.png,0,1,0,0,0,0,0
ST19-002,base,Base,ST19-002,Black Smoker,,1,0,0,0,0,0,0
ST19-002,parallel 1,Parallel 1,ST19-002_p1,Promotion Card,ST19/parallel/ST19-002_p1.png,0,0,0,0,0,0,0
ST19-002,parallel 2,Parallel 2,ST19-002_p2,Promotion Card,ST19/parallel/ST19-002_p2.png,0,0,0,0,0,0,0
ST19-002,parallel 3,Parallel 3,ST19-002_p3,One Piece Card The Best Vol.2,ST19/parallel/ST19-002_p3.png,0,0,0,0,0,0,0
ST19-002,r1,R1,ST19-002_r1,One Piece Card The Best Vol.2,ST19/base/ST19-002_r1.png,0,0,0,0,0,0,0
ST20-003,base,Base,ST20-003,Yellow Charlotte Katakuri,,1,0,0,0,0,0,0
ST20-003,parallel 1,Parallel 1,ST20-003_p1,One Piece Card The Best Vol.2,ST20/parallel/ST20-003_p1.png,0,0,0,0,0,0,0
ST20-003,r1,R1,ST20-003_r1,One Piece Card The Best Vol.2,ST20/base/ST20-003_r1.png,0,0,0,0,0,0,0
ST21-001,base,Base,ST21-001,Ex -gear5,,1,0,0,0,0,0,0
ST21-001,parallel 1,Parallel 1,ST21-001_p1,Ex -gear5,ST21/parallel/ST21-001_p1.png,0,0,0,0,0,0,0
ST21-001,parallel 2,Parallel 2,ST21-001_p2,Other Product Card,ST21/parallel/ST21-001_p2.png,0,0,0,0,0,0,0
ST21-002,base,Base,ST21-002,Ex -gear5,,1,0,0,0,0,0,0
ST21-002,parallel 1,Parallel 1,ST21-002_p1,Ex -gear5,ST21/parallel/ST21-002_p1.png,0,0,0,0,0,0,0
ST21-003,base,Base,ST21-003,Ex -gear5,,1,0,0,0,0,0,0
ST21-003,parallel 1,Parallel 1,ST21-003_p1,Ex -gear5,ST21/parallel/ST21-003_p1.png,0,0,0,0,0,0,0
ST21-003,parallel 2,Parallel 2,ST21-003_p2,One Piece Card The Best Vol.2,ST21/parallel/ST21-003_p2.png,0,0,0,0,0,0,0
ST21-003,r1,R1,ST21-003_r1,One Piece Card The Best Vol.2,ST21/base/ST21-003_r1.png,0,0,0,0,0,0,0
ST21-004,base,Base,ST21-004,Ex -gear5,,1,0,0,0,0,0,0
ST21-004,parallel 1,Parallel 1,ST21-004_p1,Ex -gear5,ST21/parallel/ST21-004_p1.png,0,0,0,0,0,0,0
ST21-005,base,Base,ST21-005,Ex -gear5,,1,0,0,0,0,0,0
ST21-005,parallel 1,Parallel 1,ST21-005_p1,Ex -gear5,ST21/parallel/ST21-005_p1.png,0,0,0,0,0,0,0
ST21-006,base,Base,ST21-006,Ex -gear5,,1,0,0,0,0,0,0
ST21-006,parallel 1,Parallel 1,ST21-006_p1,Ex -gear5,ST21/parallel/ST21-006_p1.png,0,0,0,0,0,0,0
ST21-007,base,Base,ST21-007,Ex -gear5,,1,0,0,0,0,0,0
ST21-007,parallel 1,Parallel 1,ST21-007_p1,Ex -gear5,ST21/parallel/ST21-007_p1.png,0,0,0,0,0,0,0
ST21-008,base,Base,ST21-008,Ex -gear5,,1,0,0,0,0,0,0
ST21-008,parallel 1,Parallel 1,ST21-008_p1,Ex -gear5,ST21/parallel/ST21-008_p1.png,0,0,0,0,0,0,0
ST21-009,base,Base,ST21-009,Ex -gear5,,1,0,0,0,0,0,0
ST21-009,parallel 1,Parallel 1,ST21-009_p1,Ex -gear5,ST21/parallel/ST21-009_p1.png,0,0,0,0,0,0,0
ST21-010,base,Base,ST21-010,Ex -gear5,,1,0,0,0,0,0,0
ST21-010,parallel 1,Parallel 1,ST21-010_p1,Ex -gear5,ST21/parallel/ST21-010_p1.png,0,0,0,0,0,0,0
ST21-011,base,Base,ST21-011,Ex -gear5,,1,0,0,0,0,0,0
ST21-011,parallel 1,Parallel 1,ST21-011_p1,Ex -gear5,ST21/parallel/ST21-011_p1.png,0,0,0,0,0,0,0
ST21-012,base,Base,ST21-012,Ex -gear5,,1,0,0,0,0,0,0
ST21-012,parallel 1,Parallel 1,ST21-012_p1,Ex -gear5,ST21/parallel/ST21-012_p1.png,0,0,0,0,0,0,0
ST21-013,base,Base,ST21-013,Ex -gear5,,1,0,0,0,0,0,0
ST21-013,parallel 1,Parallel 1,ST21-013_p1,Ex -gear5,ST21/parallel/ST21-013_p1.png,0,0,0,0,0,0,0
ST21-014,base,Base,ST21-014,Ex -gear5,,1,0,0,0,0,0,0
ST21-014,parallel 1,Parallel 1,ST21-014_p1,Ex -gear5,ST21/parallel/ST21-014_p1.png,0,0,0,0,0,0,0
ST21-015,base,Base,ST21-015,Ex -gear5,,1,0,0,0,0,0,0
ST21-015,parallel 1,Parallel 1,ST21-015_p1,Ex -gear5,ST21/parallel/ST21-015_p1.png,0,0,0,0,0,0,0
ST21-015,parallel 2,Parallel 2,ST21-015_p2,Promotion Card,ST21/parallel/ST21-015_p2.png,0,0,0,0,0,0,0
ST21-015,parallel 3,Parallel 3,ST21-015_p3,Promotion Card,ST21/parallel/ST21-015_p3.png,0,0,0,0,0,0,0
ST21-015,parallel 4,Parallel 4,ST21-015_p4,Promotion Card,ST21/parallel/ST21-015_p4.png,0,0,0,0,0,0,0
ST21-017,base,Base,ST21-017,Ex -gear5,,1,0,0,0,0,0,0
ST21-017,parallel 1,Parallel 1,ST21-017_p1,Other Product Card,ST21/parallel/ST21-017_p1.png,0,0,0,0,0,0,0
ST22-001,base,Base,ST22-001,Ace & Newgate,,1,0,0,0,0,0,0
ST22-001,parallel 1,Parallel 1,ST22-001_p1,Ace & Newgate,ST22/parallel/ST22-001_p1.png,0,0,0,0,0,0,0
ST22-002,base,Base,ST22-002,Ace & Newgate,,1,0,0,0,0,0,0
ST22-002,parallel 1,Parallel 1,ST22-002_p1,Ace & Newgate,ST22/parallel/ST22-002_p1.png,0,0,0,0,0,0,0
ST22-003,base,Base,ST22-003,Ace & Newgate,,1,0,0,0,0,0,0
ST22-003,parallel 1,Parallel 1,ST22-003_p1,Ace & Newgate,ST22/parallel/ST22-003_p1.png,0,0,0,0,0,0,0
ST22-004,base,Base,ST22-004,Ace & Newgate,,1,0,0,0,0,0,0
ST22-004,parallel 1,Parallel 1,ST22-004_p1,Ace & Newgate,ST22/parallel/ST22-004_p1.png,0,0,0,0,0,0,0
ST22-005,base,Base,ST22-005,Ace & Newgate,,1,0,0,0,0,0,0
ST22-005,parallel 1,Parallel 1,ST22-005_p1,Ace & Newgate,ST22/parallel/ST22-005_p1.png,0,0,0,0,0,0,0
ST22-006,base,Base,ST22-006,Ace & Newgate,,1,0,0,0,0,0,0
ST22-006,parallel 1,Parallel 1,ST22-006_p1,Ace & Newgate,ST22/parallel/ST22-006_p1.png,0,0,0,0,0,0,0
ST22-007,base,Base,ST22-007,Ace & Newgate,,1,0,0,0,0,0,0
ST22-007,parallel 1,Parallel 1,ST22-007_p1,Ace & Newgate,ST22/parallel/ST22-007_p1.png,0,0,0,0,0,0,0
ST22-008,base,Base,ST22-008,Ace & Newgate,,1,0,0,0,0,0,0
ST22-008,parallel 1,Parallel 1,ST22-008_p1,Ace & Newgate,ST22/parallel/ST22-008_p1.png,0,0,0,0,0,0,0
ST22-009,base,Base,ST22-009,Ace & Newgate,,1,0,0,0,0,0,0
ST22-009,parallel 1,Parallel 1,ST22-009_p1,Ace & Newgate,ST22/parallel/ST22-009_p1.png,0,0,0,0,0,0,0
ST22-010,base,Base,ST22-010,Ace & Newgate,,1,0,0,0,0,0,0
ST22-010,parallel 1,Parallel 1,ST22-010_p1,Ace & Newgate,ST22/parallel/ST22-010_p1.png,0,0,0,0,0,0,0
ST22-011,base,Base,ST22-011,Ace & Newgate,,1,0,0,0,0,0,0
ST22-011,parallel 1,Parallel 1,ST22-011_p1,Ace & Newgate,ST22/parallel/ST22-011_p1.png,0,0,0,0,0,0,0
ST22-012,base,Base,ST22-012,Ace & Newgate,,1,0,0,0,0,0,0
ST22-012,parallel 1,Parallel 1,ST22-012_p1,Ace & Newgate,ST22/parallel/ST22-012_p1.png,0,0,0,0,0,0,0
ST22-013,base,Base,ST22-013,Ace & Newgate,,1,0,0,0,0,0,0
ST22-013,parallel 1,Parallel 1,ST22-013_p1,Ace & Newgate,ST22/parallel/ST22-013_p1.png,0,0,0,0,0,0,0
ST22-014,base,Base,ST22-014,Ace & Newgate,,1,0,0,0,0,0,0
ST22-014,parallel 1,Parallel 1,ST22-014_p1,Ace & Newgate,ST22/parallel/ST22-014_p1.png,0,0,0,0,0,0,0
ST29-001,base,Base,ST29-001,Egghead,,1,0,0,0,0,0,0
ST29-001,parallel 1,Parallel 1,ST29-001_p1,Egghead,ST29/parallel/ST29-001_p1.png,0,0,0,0,0,0,0
ST29-002,base,Base,ST29-002,Egghead,,1,0,0,0,0,0,0
ST29-002,parallel 1,Parallel 1,ST29-002_p1,Egghead,ST29/parallel/ST29-002_p1.png,0,0,0,0,0,0,0
ST29-003,base,Base,ST29-003,Egghead,,1,0,0,0,0,0,0
ST29-003,parallel 1,Parallel 1,ST29-003_p1,Egghead,ST29/parallel/ST29-003_p1.png,0,0,0,0,0,0,0
ST29-004,base,Base,ST29-004,Egghead,,1,0,0,0,0,0,0
ST29-004,parallel 1,Parallel 1,ST29-004_p1,Egghead,ST29/parallel/ST29-004_p1.png,0,0,0,0,0,0,0
ST29-005,base,Base,ST29-005,Egghead,,1,0,0,0,0,0,0
ST29-005,parallel 1,Parallel 1,ST29-005_p1,Egghead,ST29/parallel/ST29-005_p1.png,0,0,0,0,0,0,0
ST29-006,base,Base,ST29-006,Egghead,,1,0,0,0,0,0,0
ST29-006,parallel 1,Parallel 1,ST29-006_p1,Egghead,ST29/parallel/ST29-006_p1.png,0,0,0,0,0,0,0
ST29-007,base,Base,ST29-007,Egghead,,1,0,0,0,0,0,0
ST29-007,parallel 1,Parallel 1,ST29-007_p1,Egghead,ST29/parallel/ST29-007_p1.png,0,0,0,0,0,0,0
ST29-008,base,Base,ST29-008,Egghead,,1,0,0,0,0,0,0
ST29-008,parallel 1,Parallel 1,ST29-008_p1,Egghead,ST29/parallel/ST29-008_p1.png,0,0,0,0,0,0,0
ST29-009,base,Base,ST29-009,Egghead,,1,0,0,0,0,0,0
ST29-009,parallel 1,Parallel 1,ST29-009_p1,Egghead,ST29/parallel/ST29-009_p1.png,0,0,0,0,0,0,0
ST29-010,base,Base,ST29-010,Egghead,,1,0,0,0,0,0,0
ST29-010,parallel 1,Parallel 1,ST29-010_p1,Egghead,ST29/parallel/ST29-010_p1.png,0,0,0,0,0,0,0
ST29-011,base,Base,ST29-011,Egghead,,1,0,0,0,0,0,0
ST29-011,parallel 1,Parallel 1,ST29-011_p1,Egghead,ST29/parallel/ST29-011_p1.png,0,0,0,0,0,0,0
ST29-012,base,Base,ST29-012,Egghead,,1,0,0,0,0,0,0
ST29-012,parallel 1,Parallel 1,ST29-012_p1,Egghead,ST29/parallel/ST29-012_p1.png,0,0,0,0,0,0,0
ST29-013,base,Base,ST29-013,Egghead,,1,0,0,0,0,0,0
ST29-013,parallel 1,Parallel 1,ST29-013_p1,Egghead,ST29/parallel/ST29-013_p1.png,0,0,0,0,0,0,0
ST29-014,base,Base,ST29-014,Egghead,,1,0,0,0,0,0,0
ST29-014,parallel 1,Parallel 1,ST29-014_p1,Egghead,ST29/parallel/ST29-014_p1.png,0,0,0,0,0,0,0
