card_variant_id,candidate_market_product_pk,has_price_via_overlay,notes,mpr_market_price,mpr_mid_price,mpr_low_price,mpr_high_price,mpr_direct_low_price,mpr_listed_median_price,captured_at,subtype_name,source_name,mpr_row_id
4,3907,1,at_least_one_price_column_non_null,301.14,825.0,499.99,900.0,,,2026-04-02 03:06:19,Foil,tcgcsv,3735
15,5235,1,at_least_one_price_column_non_null,93.86,98.27,88.0,241.74,,,2026-04-02 03:06:21,Foil,tcgcsv,5093
28,3372,1,at_least_one_price_column_non_null,1704.75,6409.5,3000.0,200000.0,,,2026-04-02 03:06:19,Foil,tcgcsv,3168
31,2719,1,at_least_one_price_column_non_null,0.17,0.2,0.05,5.0,,,2026-04-02 03:06:18,Normal,tcgcsv,2527
48,4786,1,at_least_one_price_column_non_null,1.12,2.25,0.75,18.99,,,2026-04-02 03:06:21,Foil,tcgcsv,4642
55,2728,1,at_least_one_price_column_non_null,0.89,1.0,0.5,50.0,,,2026-04-02 03:06:18,Foil,tcgcsv,2536
56,2728,1,at_least_one_price_column_non_null,0.89,1.0,0.5,50.0,,,2026-04-02 03:06:18,Foil,tcgcsv,2536
59,2729,1,at_least_one_price_column_non_null,1.8,2.24,0.74,25.0,,,2026-04-02 03:06:18,Foil,tcgcsv,2537
60,2729,1,at_least_one_price_column_non_null,1.8,2.24,0.74,25.0,,,2026-04-02 03:06:18,Foil,tcgcsv,2537
61,2729,1,at_least_one_price_column_non_null,1.8,2.24,0.74,25.0,,,2026-04-02 03:06:18,Foil,tcgcsv,2537
62,4198,1,at_least_one_price_column_non_null,0.14,0.25,0.01,10.0,,,2026-04-02 03:06:20,Normal,tcgcsv,4025
63,2729,1,at_least_one_price_column_non_null,1.8,2.24,0.74,25.0,,,2026-04-02 03:06:18,Foil,tcgcsv,2537
65,2729,1,at_least_one_price_column_non_null,1.8,2.24,0.74,25.0,,,2026-04-02 03:06:18,Foil,tcgcsv,2537
83,3908,0,no_market_prices_row_for_product_pk,,,,,,,,,,
90,5111,1,at_least_one_price_column_non_null,62.26,69.99,60.92,248.69,,,2026-04-02 03:06:21,Foil,tcgcsv,4969
91,2739,1,at_least_one_price_column_non_null,2.77,4.05,1.41,25.0,,,2026-04-02 03:06:18,Foil,tcgcsv,2547
92,2739,1,at_least_one_price_column_non_null,2.77,4.05,1.41,25.0,,,2026-04-02 03:06:18,Foil,tcgcsv,2547
137,3909,1,at_least_one_price_column_non_null,124.57,355.0,295.0,379.99,,,2026-04-02 03:06:19,Foil,tcgcsv,3736
144,2763,1,at_least_one_price_column_non_null,0.35,0.45,0.2,25.0,,,2026-04-02 03:06:18,Foil,tcgcsv,2571
145,2763,1,at_least_one_price_column_non_null,0.35,0.45,0.2,25.0,,,2026-04-02 03:06:18,Foil,tcgcsv,2571
146,2763,1,at_least_one_price_column_non_null,0.35,0.45,0.2,25.0,,,2026-04-02 03:06:18,Foil,tcgcsv,2571
147,2763,1,at_least_one_price_column_non_null,0.35,0.45,0.2,25.0,,,2026-04-02 03:06:18,Foil,tcgcsv,2571
148,2763,1,at_least_one_price_column_non_null,0.35,0.45,0.2,25.0,,,2026-04-02 03:06:18,Foil,tcgcsv,2571
149,2763,1,at_least_one_price_column_non_null,0.35,0.45,0.2,25.0,,,2026-04-02 03:06:18,Foil,tcgcsv,2571
150,2763,1,at_least_one_price_column_non_null,0.35,0.45,0.2,25.0,,,2026-04-02 03:06:18,Foil,tcgcsv,2571
151,2763,1,at_least_one_price_column_non_null,0.35,0.45,0.2,25.0,,,2026-04-02 03:06:18,Foil,tcgcsv,2571
160,4793,1,at_least_one_price_column_non_null,0.69,0.99,0.22,72.0,,,2026-04-02 03:06:21,Foil,tcgcsv,4649
168,4795,1,at_least_one_price_column_non_null,0.83,1.0,0.5,10.0,,,2026-04-02 03:06:21,Foil,tcgcsv,4651
178,2774,1,at_least_one_price_column_non_null,1.12,1.32,0.5,25.0,,,2026-04-02 03:06:18,Foil,tcgcsv,2582
194,3751,1,at_least_one_price_column_non_null,50.6,62.0,49.91,149.99,,,2026-04-02 03:06:19,Foil,tcgcsv,3578
200,4164,1,at_least_one_price_column_non_null,119.59,125.29,99.99,300.0,,,2026-04-02 03:06:20,Foil,tcgcsv,3991
201,4798,1,at_least_one_price_column_non_null,0.48,0.58,0.01,16.29,,,2026-04-02 03:06:21,Foil,tcgcsv,4654
215,4801,1,at_least_one_price_column_non_null,16.56,20.95,15.68,50.0,,,2026-04-02 03:06:21,Foil,tcgcsv,4657
220,3911,1,at_least_one_price_column_non_null,0.65,0.85,0.35,4.0,,,2026-04-02 03:06:19,Foil,tcgcsv,3738
274,3934,1,at_least_one_price_column_non_null,0.42,0.5,0.15,10.0,,,2026-04-02 03:06:19,Foil,tcgcsv,3761
275,3934,1,at_least_one_price_column_non_null,0.42,0.5,0.15,10.0,,,2026-04-02 03:06:19,Foil,tcgcsv,3761
276,3934,1,at_least_one_price_column_non_null,0.42,0.5,0.15,10.0,,,2026-04-02 03:06:19,Foil,tcgcsv,3761
277,3934,1,at_least_one_price_column_non_null,0.42,0.5,0.15,10.0,,,2026-04-02 03:06:19,Foil,tcgcsv,3761
303,4450,1,at_least_one_price_column_non_null,172.61,172.61,128.05,700.0,,,2026-04-02 03:06:20,Foil,tcgcsv,4277
304,3945,1,at_least_one_price_column_non_null,0.28,0.3,0.1,4.0,,,2026-04-02 03:06:19,Foil,tcgcsv,3772
335,3960,1,at_least_one_price_column_non_null,0.5,0.69,0.25,5.0,,,2026-04-02 03:06:19,Foil,tcgcsv,3787
336,3960,1,at_least_one_price_column_non_null,0.5,0.69,0.25,5.0,,,2026-04-02 03:06:19,Foil,tcgcsv,3787
377,3979,1,at_least_one_price_column_non_null,0.21,0.25,0.07,2.0,,,2026-04-02 03:06:19,Foil,tcgcsv,3806
378,3979,1,at_least_one_price_column_non_null,0.21,0.25,0.07,2.0,,,2026-04-02 03:06:19,Foil,tcgcsv,3806
379,3979,1,at_least_one_price_column_non_null,0.21,0.25,0.07,2.0,,,2026-04-02 03:06:19,Foil,tcgcsv,3806
708,328,1,at_least_one_price_column_non_null,564.49,571.83,460.0,1500.0,,,2026-04-01 22:09:08,Foil,tcgcsv,328
709,328,1,at_least_one_price_column_non_null,564.49,571.83,460.0,1500.0,,,2026-04-01 22:09:08,Foil,tcgcsv,328
713,329,1,at_least_one_price_column_non_null,480.23,466.51,413.68,3000.0,,,2026-04-01 22:09:08,Foil,tcgcsv,329
717,310,1,at_least_one_price_column_non_null,847.45,1100.0,823.99,3100.0,,,2026-04-01 22:09:08,Foil,tcgcsv,310
720,331,1,at_least_one_price_column_non_null,0.2,0.25,0.06,5.0,,,2026-04-01 22:09:08,Foil,tcgcsv,331
721,331,1,at_least_one_price_column_non_null,0.2,0.25,0.06,5.0,,,2026-04-01 22:09:08,Foil,tcgcsv,331
722,331,1,at_least_one_price_column_non_null,0.2,0.25,0.06,5.0,,,2026-04-01 22:09:08,Foil,tcgcsv,331
725,332,1,at_least_one_price_column_non_null,0.45,0.45,0.14,9.99,,,2026-04-01 22:09:08,Foil,tcgcsv,332
726,332,1,at_least_one_price_column_non_null,0.45,0.45,0.14,9.99,,,2026-04-01 22:09:08,Foil,tcgcsv,332
727,332,1,at_least_one_price_column_non_null,0.45,0.45,0.14,9.99,,,2026-04-01 22:09:08,Foil,tcgcsv,332
728,332,1,at_least_one_price_column_non_null,0.45,0.45,0.14,9.99,,,2026-04-01 22:09:08,Foil,tcgcsv,332
729,332,1,at_least_one_price_column_non_null,0.45,0.45,0.14,9.99,,,2026-04-01 22:09:08,Foil,tcgcsv,332
730,332,1,at_least_one_price_column_non_null,0.45,0.45,0.14,9.99,,,2026-04-01 22:09:08,Foil,tcgcsv,332
733,333,1,at_least_one_price_column_non_null,0.41,0.75,0.25,9.0,,,2026-04-01 22:09:08,Normal,tcgcsv,333
734,333,1,at_least_one_price_column_non_null,0.41,0.75,0.25,9.0,,,2026-04-01 22:09:08,Normal,tcgcsv,333
735,333,1,at_least_one_price_column_non_null,0.41,0.75,0.25,9.0,,,2026-04-01 22:09:08,Normal,tcgcsv,333
739,333,1,at_least_one_price_column_non_null,0.41,0.75,0.25,9.0,,,2026-04-01 22:09:08,Normal,tcgcsv,333
740,333,1,at_least_one_price_column_non_null,0.41,0.75,0.25,9.0,,,2026-04-01 22:09:08,Normal,tcgcsv,333
763,341,1,at_least_one_price_column_non_null,46.31,57.09,43.92,168.97,,,2026-04-01 22:09:08,Foil,tcgcsv,341
764,341,1,at_least_one_price_column_non_null,46.31,57.09,43.92,168.97,,,2026-04-01 22:09:08,Foil,tcgcsv,341
765,341,1,at_least_one_price_column_non_null,46.31,57.09,43.92,168.97,,,2026-04-01 22:09:08,Foil,tcgcsv,341
766,341,1,at_least_one_price_column_non_null,46.31,57.09,43.92,168.97,,,2026-04-01 22:09:08,Foil,tcgcsv,341
770,342,1,at_least_one_price_column_non_null,0.19,0.2,0.05,2.0,,,2026-04-01 22:09:08,Normal,tcgcsv,342
771,342,1,at_least_one_price_column_non_null,0.19,0.2,0.05,2.0,,,2026-04-01 22:09:08,Normal,tcgcsv,342
772,342,1,at_least_one_price_column_non_null,0.19,0.2,0.05,2.0,,,2026-04-01 22:09:08,Normal,tcgcsv,342
775,343,1,at_least_one_price_column_non_null,0.26,0.32,0.1,3.0,,,2026-04-01 22:09:08,Normal,tcgcsv,343
776,343,1,at_least_one_price_column_non_null,0.26,0.32,0.1,3.0,,,2026-04-01 22:09:08,Normal,tcgcsv,343
788,345,1,at_least_one_price_column_non_null,447.06,447.06,397.99,3000.0,,,2026-04-01 22:09:08,Foil,tcgcsv,345
789,345,1,at_least_one_price_column_non_null,447.06,447.06,397.99,3000.0,,,2026-04-01 22:09:08,Foil,tcgcsv,345
790,345,1,at_least_one_price_column_non_null,447.06,447.06,397.99,3000.0,,,2026-04-01 22:09:08,Foil,tcgcsv,345
792,345,1,at_least_one_price_column_non_null,447.06,447.06,397.99,3000.0,,,2026-04-01 22:09:08,Foil,tcgcsv,345
793,345,1,at_least_one_price_column_non_null,447.06,447.06,397.99,3000.0,,,2026-04-01 22:09:08,Foil,tcgcsv,345
798,346,1,at_least_one_price_column_non_null,0.39,0.49,0.1,9.99,,,2026-04-01 22:09:08,Foil,tcgcsv,346
799,346,1,at_least_one_price_column_non_null,0.39,0.49,0.1,9.99,,,2026-04-01 22:09:08,Foil,tcgcsv,346
800,346,1,at_least_one_price_column_non_null,0.39,0.49,0.1,9.99,,,2026-04-01 22:09:08,Foil,tcgcsv,346
801,346,1,at_least_one_price_column_non_null,0.39,0.49,0.1,9.99,,,2026-04-01 22:09:08,Foil,tcgcsv,346
802,346,1,at_least_one_price_column_non_null,0.39,0.49,0.1,9.99,,,2026-04-01 22:09:08,Foil,tcgcsv,346
803,346,1,at_least_one_price_column_non_null,0.39,0.49,0.1,9.99,,,2026-04-01 22:09:08,Foil,tcgcsv,346
804,346,1,at_least_one_price_column_non_null,0.39,0.49,0.1,9.99,,,2026-04-01 22:09:08,Foil,tcgcsv,346
813,350,1,at_least_one_price_column_non_null,0.2,0.21,0.01,2.0,,,2026-04-01 22:09:08,Normal,tcgcsv,350
814,350,1,at_least_one_price_column_non_null,0.2,0.21,0.01,2.0,,,2026-04-01 22:09:08,Normal,tcgcsv,350
815,350,1,at_least_one_price_column_non_null,0.2,0.21,0.01,2.0,,,2026-04-01 22:09:08,Normal,tcgcsv,350
816,350,1,at_least_one_price_column_non_null,0.2,0.21,0.01,2.0,,,2026-04-01 22:09:08,Normal,tcgcsv,350
817,350,1,at_least_one_price_column_non_null,0.2,0.21,0.01,2.0,,,2026-04-01 22:09:08,Normal,tcgcsv,350
818,350,1,at_least_one_price_column_non_null,0.2,0.21,0.01,2.0,,,2026-04-01 22:09:08,Normal,tcgcsv,350
819,350,1,at_least_one_price_column_non_null,0.2,0.21,0.01,2.0,,,2026-04-01 22:09:08,Normal,tcgcsv,350
820,350,1,at_least_one_price_column_non_null,0.2,0.21,0.01,2.0,,,2026-04-01 22:09:08,Normal,tcgcsv,350
823,351,1,at_least_one_price_column_non_null,0.29,0.3,0.1,4.25,,,2026-04-01 22:09:08,Normal,tcgcsv,351
824,351,1,at_least_one_price_column_non_null,0.29,0.3,0.1,4.25,,,2026-04-01 22:09:08,Normal,tcgcsv,351
830,313,1,at_least_one_price_column_non_null,138.63,144.95,107.0,1000.0,,,2026-04-01 22:09:08,Foil,tcgcsv,313
833,3253,1,at_least_one_price_column_non_null,26.87,40.0,23.99,300.0,,,2026-04-02 03:06:19,Foil,tcgcsv,3049
840,315,1,at_least_one_price_column_non_null,171.73,168.25,135.95,1200.0,,,2026-04-01 22:09:08,Foil,tcgcsv,315
841,315,1,at_least_one_price_column_non_null,171.73,168.25,135.95,1200.0,,,2026-04-01 22:09:08,Foil,tcgcsv,315
842,315,1,at_least_one_price_column_non_null,171.73,168.25,135.95,1200.0,,,2026-04-01 22:09:08,Foil,tcgcsv,315
852,356,1,at_least_one_price_column_non_null,0.45,0.48,0.15,20.0,,,2026-04-01 22:09:08,Normal,tcgcsv,356
855,356,1,at_least_one_price_column_non_null,0.45,0.48,0.15,20.0,,,2026-04-01 22:09:08,Normal,tcgcsv,356
859,316,1,at_least_one_price_column_non_null,1.58,1.99,0.2,5.0,,,2026-04-01 22:09:08,Normal,tcgcsv,316
860,316,1,at_least_one_price_column_non_null,1.58,1.99,0.2,5.0,,,2026-04-01 22:09:08,Normal,tcgcsv,316
864,358,1,at_least_one_price_column_non_null,114.24,114.99,99.0,420.69,,,2026-04-01 22:09:08,Foil,tcgcsv,358
869,360,1,at_least_one_price_column_non_null,0.33,0.4,0.1,10.0,,,2026-04-01 22:09:08,Normal,tcgcsv,360
870,360,1,at_least_one_price_column_non_null,0.33,0.4,0.1,10.0,,,2026-04-01 22:09:08,Normal,tcgcsv,360
871,360,1,at_least_one_price_column_non_null,0.33,0.4,0.1,10.0,,,2026-04-01 22:09:08,Normal,tcgcsv,360
875,360,1,at_least_one_price_column_non_null,0.33,0.4,0.1,10.0,,,2026-04-01 22:09:08,Normal,tcgcsv,360
876,360,1,at_least_one_price_column_non_null,0.33,0.4,0.1,10.0,,,2026-04-01 22:09:08,Normal,tcgcsv,360
884,362,1,at_least_one_price_column_non_null,0.32,0.32,0.14,4.99,,,2026-04-01 22:09:08,Foil,tcgcsv,362
885,362,1,at_least_one_price_column_non_null,0.32,0.32,0.14,4.99,,,2026-04-01 22:09:08,Foil,tcgcsv,362
886,362,1,at_least_one_price_column_non_null,0.32,0.32,0.14,4.99,,,2026-04-01 22:09:08,Foil,tcgcsv,362
887,2957,1,at_least_one_price_column_non_null,61.29,62.97,44.65,150.0,,,2026-04-02 03:06:18,Foil,tcgcsv,2764
888,362,1,at_least_one_price_column_non_null,0.32,0.32,0.14,4.99,,,2026-04-01 22:09:08,Foil,tcgcsv,362
889,362,1,at_least_one_price_column_non_null,0.32,0.32,0.14,4.99,,,2026-04-01 22:09:08,Foil,tcgcsv,362
898,366,1,at_least_one_price_column_non_null,0.28,0.31,0.06,5.0,,,2026-04-01 22:09:08,Normal,tcgcsv,366
904,367,1,at_least_one_price_column_non_null,5.76,11.0,5.48,64.49,,,2026-04-01 22:09:08,Foil,tcgcsv,367
907,368,1,at_least_one_price_column_non_null,0.41,0.41,0.11,5.0,,,2026-04-01 22:09:08,Foil,tcgcsv,368
908,368,1,at_least_one_price_column_non_null,0.41,0.41,0.11,5.0,,,2026-04-01 22:09:08,Foil,tcgcsv,368
912,368,1,at_least_one_price_column_non_null,0.41,0.41,0.11,5.0,,,2026-04-01 22:09:08,Foil,tcgcsv,368
914,368,1,at_least_one_price_column_non_null,0.41,0.41,0.11,5.0,,,2026-04-01 22:09:08,Foil,tcgcsv,368
928,319,1,at_least_one_price_column_non_null,43.64,45.02,34.38,99.99,,,2026-04-01 22:09:08,Foil,tcgcsv,319
932,3337,1,at_least_one_price_column_non_null,21.7,22.27,15.71,59.99,,,2026-04-02 03:06:19,Foil,tcgcsv,3133
945,379,1,at_least_one_price_column_non_null,20.27,23.49,17.86,145.0,,,2026-04-01 22:09:08,Foil,tcgcsv,379
949,3336,1,at_least_one_price_column_non_null,9.84,12.45,4.95,44.99,,,2026-04-02 03:06:19,Foil,tcgcsv,3132
953,380,1,at_least_one_price_column_non_null,0.1,0.2,0.02,2.0,,,2026-04-01 22:09:08,Normal,tcgcsv,380
954,380,1,at_least_one_price_column_non_null,0.1,0.2,0.02,2.0,,,2026-04-01 22:09:08,Normal,tcgcsv,380
955,380,1,at_least_one_price_column_non_null,0.1,0.2,0.02,2.0,,,2026-04-01 22:09:08,Normal,tcgcsv,380
958,380,1,at_least_one_price_column_non_null,0.1,0.2,0.02,2.0,,,2026-04-01 22:09:08,Normal,tcgcsv,380
972,385,1,at_least_one_price_column_non_null,1.54,1.99,1.0,5.0,,,2026-04-01 22:09:08,Normal,tcgcsv,385
973,385,1,at_least_one_price_column_non_null,1.54,1.99,1.0,5.0,,,2026-04-01 22:09:08,Normal,tcgcsv,385
981,389,1,at_least_one_price_column_non_null,280.31,275.5,203.37,3000.0,,,2026-04-01 22:09:08,Foil,tcgcsv,389
987,390,1,at_least_one_price_column_non_null,142.83,147.81,130.0,699.99,,,2026-04-01 22:09:08,Foil,tcgcsv,390
991,392,1,at_least_one_price_column_non_null,143.64,160.89,139.99,399.99,,,2026-04-01 22:09:08,Foil,tcgcsv,392
1005,397,1,at_least_one_price_column_non_null,13.17,16.34,9.0,100.0,,,2026-04-01 22:09:08,Foil,tcgcsv,397
1014,401,1,at_least_one_price_column_non_null,43.86,49.17,31.0,150.0,,,2026-04-01 22:09:08,Foil,tcgcsv,401
1015,401,1,at_least_one_price_column_non_null,43.86,49.17,31.0,150.0,,,2026-04-01 22:09:08,Foil,tcgcsv,401
1026,405,1,at_least_one_price_column_non_null,18.19,25.86,15.0,99.99,,,2026-04-01 22:09:08,Foil,tcgcsv,405
1028,3192,1,at_least_one_price_column_non_null,0.2,0.25,0.04,6.99,,,2026-04-02 03:06:19,Normal,tcgcsv,2993
1045,411,1,at_least_one_price_column_non_null,123.12,141.59,109.0,3000.0,,,2026-04-01 22:09:08,Foil,tcgcsv,411
1053,412,1,at_least_one_price_column_non_null,0.85,0.95,0.24,95.0,,,2026-04-01 22:09:08,Foil,tcgcsv,412
1080,425,1,at_least_one_price_column_non_null,115.29,119.99,95.68,499.99,,,2026-04-01 22:09:08,Foil,tcgcsv,425
1087,428,1,at_least_one_price_column_non_null,10.59,17.67,7.98,99.99,,,2026-04-01 22:09:08,Foil,tcgcsv,428
1092,429,1,at_least_one_price_column_non_null,26.45,29.62,22.0,160.0,,,2026-04-01 22:09:08,Foil,tcgcsv,429
1098,432,1,at_least_one_price_column_non_null,11.25,12.68,9.0,100.0,,,2026-04-01 22:09:08,Foil,tcgcsv,432
1101,434,1,at_least_one_price_column_non_null,6.43,8.72,4.35,75.0,,,2026-04-01 22:09:08,Foil,tcgcsv,434
1110,438,1,at_least_one_price_column_non_null,0.33,0.39,0.15,4.0,,,2026-04-01 22:09:08,Normal,tcgcsv,438
1111,438,1,at_least_one_price_column_non_null,0.33,0.39,0.15,4.0,,,2026-04-01 22:09:08,Normal,tcgcsv,438
1115,440,1,at_least_one_price_column_non_null,6.54,7.61,3.99,48.0,,,2026-04-01 22:09:08,Foil,tcgcsv,440
1128,462,1,at_least_one_price_column_non_null,0.14,0.2,0.05,4.0,,,2026-04-01 22:09:08,Normal,tcgcsv,462
1143,451,1,at_least_one_price_column_non_null,0.39,0.42,0.18,6.5,,,2026-04-01 22:09:08,Foil,tcgcsv,451
1169,461,1,at_least_one_price_column_non_null,104.03,109.99,93.0,320.0,,,2026-04-01 22:09:08,Foil,tcgcsv,461
1179,3156,1,at_least_one_price_column_non_null,1.09,1.14,0.49,25.0,,,2026-04-02 03:06:19,Foil,tcgcsv,2959
1192,2258,1,at_least_one_price_column_non_null,148.31,143.48,98.25,299.95,,,2026-04-02 03:06:18,Foil,tcgcsv,2069
1198,470,1,at_least_one_price_column_non_null,0.17,0.25,0.03,5.0,,,2026-04-02 02:58:10,Normal,tcgcsv,470
1199,470,1,at_least_one_price_column_non_null,0.17,0.25,0.03,5.0,,,2026-04-02 02:58:10,Normal,tcgcsv,470
1201,470,1,at_least_one_price_column_non_null,0.17,0.25,0.03,5.0,,,2026-04-02 02:58:10,Normal,tcgcsv,470
1208,473,1,at_least_one_price_column_non_null,0.79,0.87,0.46,25.0,,,2026-04-02 02:58:10,Foil,tcgcsv,473
1209,473,1,at_least_one_price_column_non_null,0.79,0.87,0.46,25.0,,,2026-04-02 02:58:10,Foil,tcgcsv,473
1210,3157,1,at_least_one_price_column_non_null,0.3,0.38,0.2,10.0,,,2026-04-02 03:06:19,Normal,tcgcsv,2960
1230,3364,1,at_least_one_price_column_non_null,797.28,2909.5,2750.0,3069.0,,,2026-04-02 03:06:19,Foil,tcgcsv,3160
1235,521,1,at_least_one_price_column_non_null,0.16,0.25,0.09,4.99,,,2026-04-02 02:58:10,Normal,tcgcsv,521
1236,521,1,at_least_one_price_column_non_null,0.16,0.25,0.09,4.99,,,2026-04-02 02:58:10,Normal,tcgcsv,521
1237,521,1,at_least_one_price_column_non_null,0.16,0.25,0.09,4.99,,,2026-04-02 02:58:10,Normal,tcgcsv,521
1240,521,1,at_least_one_price_column_non_null,0.16,0.25,0.09,4.99,,,2026-04-02 02:58:10,Normal,tcgcsv,521
1258,3158,1,at_least_one_price_column_non_null,0.12,0.15,0.03,1.34,,,2026-04-02 03:06:19,Normal,tcgcsv,2961
1262,3159,1,at_least_one_price_column_non_null,0.11,0.15,0.01,1.29,,,2026-04-02 03:06:19,Normal,tcgcsv,2962
1269,528,1,at_least_one_price_column_non_null,0.17,0.25,0.05,10.0,,,2026-04-02 02:58:10,Normal,tcgcsv,528
1290,535,1,at_least_one_price_column_non_null,0.55,0.61,0.25,10.0,,,2026-04-02 02:58:10,Foil,tcgcsv,535
1302,539,1,at_least_one_price_column_non_null,0.1,0.15,0.01,5.0,,,2026-04-02 02:58:10,Normal,tcgcsv,539
1306,540,1,at_least_one_price_column_non_null,0.27,0.35,0.19,25.0,,,2026-04-02 02:58:10,Normal,tcgcsv,540
1308,540,1,at_least_one_price_column_non_null,0.27,0.35,0.19,25.0,,,2026-04-02 02:58:10,Normal,tcgcsv,540
1311,541,1,at_least_one_price_column_non_null,0.13,0.17,0.02,5.0,,,2026-04-02 02:58:10,Normal,tcgcsv,541
1312,541,1,at_least_one_price_column_non_null,0.13,0.17,0.02,5.0,,,2026-04-02 02:58:10,Normal,tcgcsv,541
1366,559,1,at_least_one_price_column_non_null,0.12,0.15,0.01,5.0,,,2026-04-02 02:58:10,Normal,tcgcsv,561
1369,3193,1,at_least_one_price_column_non_null,0.06,0.15,0.01,1.29,,,2026-04-02 03:06:19,Normal,tcgcsv,2994
1376,3194,1,at_least_one_price_column_non_null,0.1,0.15,0.01,5.0,,,2026-04-02 03:06:19,Normal,tcgcsv,2995
1397,568,1,at_least_one_price_column_non_null,0.23,0.28,0.01,10.0,,,2026-04-02 02:58:10,Normal,tcgcsv,570
1398,568,1,at_least_one_price_column_non_null,0.23,0.28,0.01,10.0,,,2026-04-02 02:58:10,Normal,tcgcsv,570
1410,573,1,at_least_one_price_column_non_null,0.31,0.45,0.22,25.0,,,2026-04-02 02:58:10,Foil,tcgcsv,575
1454,2261,1,at_least_one_price_column_non_null,54.84,57.43,45.0,149.99,,,2026-04-02 03:06:18,Foil,tcgcsv,2072
1469,593,1,at_least_one_price_column_non_null,0.47,0.66,0.1,10.0,,,2026-04-02 02:58:10,Foil,tcgcsv,595
1481,3222,1,at_least_one_price_column_non_null,0.8,0.99,0.1,50.0,,,2026-04-02 03:06:19,Foil,tcgcsv,3019
1494,602,1,at_least_one_price_column_non_null,0.23,0.29,0.08,50.0,,,2026-04-02 02:58:10,Foil,tcgcsv,604
1495,602,1,at_least_one_price_column_non_null,0.23,0.29,0.08,50.0,,,2026-04-02 02:58:10,Foil,tcgcsv,604
1496,602,1,at_least_one_price_column_non_null,0.23,0.29,0.08,50.0,,,2026-04-02 02:58:10,Foil,tcgcsv,604
1497,3223,1,at_least_one_price_column_non_null,0.22,0.25,0.05,1.41,,,2026-04-02 03:06:19,Normal,tcgcsv,3020
1502,2262,1,at_least_one_price_column_non_null,61.29,62.31,49.5,120.99,,,2026-04-02 03:06:18,Foil,tcgcsv,2073
1523,608,1,at_least_one_price_column_non_null,0.17,0.25,0.1,10.0,,,2026-04-02 02:58:10,Normal,tcgcsv,610
1524,608,1,at_least_one_price_column_non_null,0.17,0.25,0.1,10.0,,,2026-04-02 02:58:10,Normal,tcgcsv,610
1526,608,1,at_least_one_price_column_non_null,0.17,0.25,0.1,10.0,,,2026-04-02 02:58:10,Normal,tcgcsv,610
1529,608,1,at_least_one_price_column_non_null,0.17,0.25,0.1,10.0,,,2026-04-02 02:58:10,Normal,tcgcsv,610
1530,608,1,at_least_one_price_column_non_null,0.17,0.25,0.1,10.0,,,2026-04-02 02:58:10,Normal,tcgcsv,610
1531,3224,1,at_least_one_price_column_non_null,0.15,0.22,0.04,2.0,,,2026-04-02 03:06:19,Normal,tcgcsv,3021
1540,3225,1,at_least_one_price_column_non_null,0.14,0.15,0.03,1.31,,,2026-04-02 03:06:19,Normal,tcgcsv,3022
1543,3226,1,at_least_one_price_column_non_null,0.05,0.12,0.01,1.29,,,2026-04-02 03:06:19,Normal,tcgcsv,3023
1545,612,1,at_least_one_price_column_non_null,0.32,0.38,0.17,25.0,,,2026-04-02 02:58:10,Foil,tcgcsv,614
1549,614,1,at_least_one_price_column_non_null,0.2,0.25,0.09,5.0,,,2026-04-02 02:58:10,Normal,tcgcsv,616
1552,3227,1,at_least_one_price_column_non_null,0.12,0.15,0.01,1.29,,,2026-04-02 03:06:19,Normal,tcgcsv,3024
1566,3228,1,at_least_one_price_column_non_null,0.09,0.11,0.01,1.29,,,2026-04-02 03:06:19,Normal,tcgcsv,3025
1569,618,1,at_least_one_price_column_non_null,0.15,0.2,0.01,6.98,,,2026-04-02 02:58:10,Normal,tcgcsv,620
1572,618,1,at_least_one_price_column_non_null,0.15,0.2,0.01,6.98,,,2026-04-02 02:58:10,Normal,tcgcsv,620
1584,2389,1,at_least_one_price_column_non_null,256.08,300.0,200.99,650.0,,,2026-04-02 03:06:18,Foil,tcgcsv,2200
1602,2959,1,at_least_one_price_column_non_null,59.87,68.59,46.0,150.0,,,2026-04-02 03:06:18,Foil,tcgcsv,2766
1606,2027,1,at_least_one_price_column_non_null,0.12,0.25,0.01,25.0,,,2026-04-02 03:06:17,Foil,tcgcsv,1840
1607,3160,1,at_least_one_price_column_non_null,0.16,0.2,0.04,1.35,,,2026-04-02 03:06:19,Normal,tcgcsv,2963
1609,2027,1,at_least_one_price_column_non_null,0.12,0.25,0.01,25.0,,,2026-04-02 03:06:17,Foil,tcgcsv,1840
1611,2028,1,at_least_one_price_column_non_null,0.04,0.12,0.01,1.58,,,2026-04-02 03:06:17,Normal,tcgcsv,1841
1616,2030,1,at_least_one_price_column_non_null,0.05,0.15,0.01,1.58,,,2026-04-02 03:06:17,Normal,tcgcsv,1843
1617,3161,1,at_least_one_price_column_non_null,0.03,0.1,0.01,1.0,,,2026-04-02 03:06:19,Normal,tcgcsv,2964
1620,3162,1,at_least_one_price_column_non_null,0.08,0.1,0.01,1.0,,,2026-04-02 03:06:19,Normal,tcgcsv,2965
1623,2032,1,at_least_one_price_column_non_null,0.44,0.45,0.15,25.0,,,2026-04-02 03:06:17,Normal,tcgcsv,1845
1624,2695,1,at_least_one_price_column_non_null,175.72,180.0,149.99,550.0,,,2026-04-02 03:06:18,Foil,tcgcsv,2503
1632,3163,1,at_least_one_price_column_non_null,0.05,0.11,0.01,1.29,,,2026-04-02 03:06:19,Normal,tcgcsv,2966
1636,2036,1,at_least_one_price_column_non_null,0.14,0.25,0.01,25.0,,,2026-04-02 03:06:17,Foil,tcgcsv,1849
1690,2049,1,at_least_one_price_column_non_null,0.04,0.15,0.01,1.58,,,2026-04-02 03:06:17,Normal,tcgcsv,1862
1693,2050,1,at_least_one_price_column_non_null,0.12,0.15,0.02,5.0,,,2026-04-02 03:06:17,Normal,tcgcsv,1863
1696,2051,1,at_least_one_price_column_non_null,0.49,0.69,0.09,5.0,,,2026-04-02 03:06:17,Normal,tcgcsv,1864
1697,2051,1,at_least_one_price_column_non_null,0.49,0.69,0.09,5.0,,,2026-04-02 03:06:17,Normal,tcgcsv,1864
1698,2051,1,at_least_one_price_column_non_null,0.49,0.69,0.09,5.0,,,2026-04-02 03:06:17,Normal,tcgcsv,1864
1725,2060,1,at_least_one_price_column_non_null,1.35,1.89,0.8,50.0,,,2026-04-02 03:06:17,Foil,tcgcsv,1873
1726,2060,1,at_least_one_price_column_non_null,1.35,1.89,0.8,50.0,,,2026-04-02 03:06:17,Foil,tcgcsv,1873
1727,2060,1,at_least_one_price_column_non_null,1.35,1.89,0.8,50.0,,,2026-04-02 03:06:17,Foil,tcgcsv,1873
1728,2060,1,at_least_one_price_column_non_null,1.35,1.89,0.8,50.0,,,2026-04-02 03:06:17,Foil,tcgcsv,1873
1729,2060,1,at_least_one_price_column_non_null,1.35,1.89,0.8,50.0,,,2026-04-02 03:06:17,Foil,tcgcsv,1873
1730,4818,1,at_least_one_price_column_non_null,0.59,0.6,0.15,4.0,,,2026-04-02 03:06:21,Foil,tcgcsv,4674
1731,2060,1,at_least_one_price_column_non_null,1.35,1.89,0.8,50.0,,,2026-04-02 03:06:17,Foil,tcgcsv,1873
1758,2070,1,at_least_one_price_column_non_null,0.08,0.15,0.01,1.98,,,2026-04-02 03:06:17,Normal,tcgcsv,1883
1767,2071,1,at_least_one_price_column_non_null,0.46,0.58,0.25,6.11,,,2026-04-02 03:06:17,Normal,tcgcsv,1884
1774,2072,1,at_least_one_price_column_non_null,0.25,0.26,0.08,6.0,,,2026-04-02 03:06:17,Foil,tcgcsv,1885
1786,2074,1,at_least_one_price_column_non_null,0.09,0.15,0.01,12.0,,,2026-04-02 03:06:17,Normal,tcgcsv,1887
1808,2082,1,at_least_one_price_column_non_null,0.06,0.15,0.01,1.58,,,2026-04-02 03:06:17,Normal,tcgcsv,1895
1811,2083,1,at_least_one_price_column_non_null,0.28,0.29,0.07,100.0,,,2026-04-02 03:06:17,Foil,tcgcsv,1896
1817,2085,1,at_least_one_price_column_non_null,0.72,1.0,0.25,19.0,,,2026-04-02 03:06:17,Foil,tcgcsv,1898
1837,2960,1,at_least_one_price_column_non_null,45.97,50.0,39.99,120.0,,,2026-04-02 03:06:18,Foil,tcgcsv,2767
1843,2089,1,at_least_one_price_column_non_null,0.06,0.15,0.01,5.0,,,2026-04-02 03:06:17,Normal,tcgcsv,1902
1844,3229,1,at_least_one_price_column_non_null,0.08,0.14,0.01,1.29,,,2026-04-02 03:06:19,Normal,tcgcsv,3026
1871,2101,1,at_least_one_price_column_non_null,0.1,0.18,0.01,5.0,,,2026-04-02 03:06:17,Normal,tcgcsv,1914
1872,2101,1,at_least_one_price_column_non_null,0.1,0.18,0.01,5.0,,,2026-04-02 03:06:17,Normal,tcgcsv,1914
1873,2101,1,at_least_one_price_column_non_null,0.1,0.18,0.01,5.0,,,2026-04-02 03:06:17,Normal,tcgcsv,1914
1874,2101,1,at_least_one_price_column_non_null,0.1,0.18,0.01,5.0,,,2026-04-02 03:06:17,Normal,tcgcsv,1914
1875,2101,1,at_least_one_price_column_non_null,0.1,0.18,0.01,5.0,,,2026-04-02 03:06:17,Normal,tcgcsv,1914
1878,2102,1,at_least_one_price_column_non_null,0.19,0.25,0.08,25.0,,,2026-04-02 03:06:17,Foil,tcgcsv,1915
1879,2102,1,at_least_one_price_column_non_null,0.19,0.25,0.08,25.0,,,2026-04-02 03:06:17,Foil,tcgcsv,1915
1883,2102,1,at_least_one_price_column_non_null,0.19,0.25,0.08,25.0,,,2026-04-02 03:06:17,Foil,tcgcsv,1915
1884,2102,1,at_least_one_price_column_non_null,0.19,0.25,0.08,25.0,,,2026-04-02 03:06:17,Foil,tcgcsv,1915
1885,3230,1,at_least_one_price_column_non_null,0.24,0.25,0.13,5.0,,,2026-04-02 03:06:19,Normal,tcgcsv,3027
1896,2390,1,at_least_one_price_column_non_null,74.9,80.5,66.69,300.0,,,2026-04-02 03:06:18,Foil,tcgcsv,2201
1910,4825,1,at_least_one_price_column_non_null,0.17,0.22,0.01,2.76,,,2026-04-02 03:06:21,Foil,tcgcsv,4681
1917,3239,1,at_least_one_price_column_non_null,1.16,1.17,0.48,25.0,,,2026-04-02 03:06:19,Foil,tcgcsv,3035
1925,2114,1,at_least_one_price_column_non_null,0.38,0.65,0.16,2.99,,,2026-04-02 03:06:17,Foil,tcgcsv,1927
1926,2114,1,at_least_one_price_column_non_null,0.38,0.65,0.16,2.99,,,2026-04-02 03:06:17,Foil,tcgcsv,1927
1927,2114,1,at_least_one_price_column_non_null,0.38,0.65,0.16,2.99,,,2026-04-02 03:06:17,Foil,tcgcsv,1927
1928,2114,1,at_least_one_price_column_non_null,0.38,0.65,0.16,2.99,,,2026-04-02 03:06:17,Foil,tcgcsv,1927
1937,3240,1,at_least_one_price_column_non_null,0.06,0.1,0.01,1.99,,,2026-04-02 03:06:19,Normal,tcgcsv,3036
1940,3241,1,at_least_one_price_column_non_null,0.12,0.18,0.04,5.0,,,2026-04-02 03:06:19,Normal,tcgcsv,3037
1955,2123,1,at_least_one_price_column_non_null,0.15,0.25,0.03,10.0,,,2026-04-02 03:06:17,Foil,tcgcsv,1936
1956,2123,1,at_least_one_price_column_non_null,0.15,0.25,0.03,10.0,,,2026-04-02 03:06:17,Foil,tcgcsv,1936
1957,3242,1,at_least_one_price_column_non_null,0.13,0.15,0.03,1.36,,,2026-04-02 03:06:19,Normal,tcgcsv,3038
1969,2976,1,at_least_one_price_column_non_null,120.3,130.33,100.0,300.0,,,2026-04-02 03:06:18,Foil,tcgcsv,2782
1971,3243,1,at_least_one_price_column_non_null,0.2,0.21,0.02,1.53,,,2026-04-02 03:06:19,Normal,tcgcsv,3039
1986,2696,1,at_least_one_price_column_non_null,75.86,78.25,55.0,150.0,,,2026-04-02 03:06:18,Foil,tcgcsv,2504
1993,2132,1,at_least_one_price_column_non_null,0.09,0.2,0.02,34.0,,,2026-04-02 03:06:17,Normal,tcgcsv,1946
1994,2132,1,at_least_one_price_column_non_null,0.09,0.2,0.02,34.0,,,2026-04-02 03:06:17,Normal,tcgcsv,1946
1995,2132,1,at_least_one_price_column_non_null,0.09,0.2,0.02,34.0,,,2026-04-02 03:06:17,Normal,tcgcsv,1946
1996,2132,1,at_least_one_price_column_non_null,0.09,0.2,0.02,34.0,,,2026-04-02 03:06:17,Normal,tcgcsv,1946
1997,2132,1,at_least_one_price_column_non_null,0.09,0.2,0.02,34.0,,,2026-04-02 03:06:17,Normal,tcgcsv,1946
2000,2132,1,at_least_one_price_column_non_null,0.09,0.2,0.02,34.0,,,2026-04-02 03:06:17,Normal,tcgcsv,1946
2002,2132,1,at_least_one_price_column_non_null,0.09,0.2,0.02,34.0,,,2026-04-02 03:06:17,Normal,tcgcsv,1946
2014,2137,1,at_least_one_price_column_non_null,0.06,0.15,0.01,2.0,,,2026-04-02 03:06:17,Normal,tcgcsv,1951
2017,2137,1,at_least_one_price_column_non_null,0.06,0.15,0.01,2.0,,,2026-04-02 03:06:17,Normal,tcgcsv,1951
2026,3365,1,at_least_one_price_column_non_null,518.82,1584.5,1500.0,1669.0,,,2026-04-02 03:06:19,Foil,tcgcsv,3161
2058,2272,1,at_least_one_price_column_non_null,0.15,0.2,0.03,5.0,,,2026-04-02 03:06:18,Normal,tcgcsv,2083
2059,2272,1,at_least_one_price_column_non_null,0.15,0.2,0.03,5.0,,,2026-04-02 03:06:18,Normal,tcgcsv,2083
2060,2272,1,at_least_one_price_column_non_null,0.15,0.2,0.03,5.0,,,2026-04-02 03:06:18,Normal,tcgcsv,2083
2076,2277,1,at_least_one_price_column_non_null,0.47,0.52,0.15,25.0,,,2026-04-02 03:06:18,Foil,tcgcsv,2088
2101,2697,1,at_least_one_price_column_non_null,91.45,90.63,72.98,249.99,,,2026-04-02 03:06:18,Foil,tcgcsv,2505
2116,2286,1,at_least_one_price_column_non_null,0.03,0.15,0.01,10.0,,,2026-04-02 03:06:18,Normal,tcgcsv,2097
2131,2287,1,at_least_one_price_column_non_null,0.12,0.2,0.05,5.0,,,2026-04-02 03:06:18,Normal,tcgcsv,2098
2134,2287,1,at_least_one_price_column_non_null,0.12,0.2,0.05,5.0,,,2026-04-02 03:06:18,Normal,tcgcsv,2098
2135,2287,1,at_least_one_price_column_non_null,0.12,0.2,0.05,5.0,,,2026-04-02 03:06:18,Normal,tcgcsv,2098
2172,2391,1,at_least_one_price_column_non_null,182.77,199.0,51.0,500.0,,,2026-04-02 03:06:18,Foil,tcgcsv,2202
2205,2307,1,at_least_one_price_column_non_null,1.29,3.5,1.0,12.99,,,2026-04-02 03:06:18,Foil,tcgcsv,2118
2230,2698,1,at_least_one_price_column_non_null,344.77,360.0,299.01,1050.69,,,2026-04-02 03:06:18,Foil,tcgcsv,2506
2283,3369,1,at_least_one_price_column_non_null,537.97,710.99,700.0,721.98,,,2026-04-02 03:06:19,Foil,tcgcsv,3165
2284,4840,1,at_least_one_price_column_non_null,0.34,0.48,0.1,10.0,,,2026-04-02 03:06:21,Foil,tcgcsv,4696
2300,2334,1,at_least_one_price_column_non_null,0.26,0.35,0.01,25.0,,,2026-04-02 03:06:18,Foil,tcgcsv,2145
2301,2334,1,at_least_one_price_column_non_null,0.26,0.35,0.01,25.0,,,2026-04-02 03:06:18,Foil,tcgcsv,2145
2303,2334,1,at_least_one_price_column_non_null,0.26,0.35,0.01,25.0,,,2026-04-02 03:06:18,Foil,tcgcsv,2145
2312,2336,1,at_least_one_price_column_non_null,0.28,0.49,0.15,25.0,,,2026-04-02 03:06:18,Foil,tcgcsv,2147
2313,2336,1,at_least_one_price_column_non_null,0.28,0.49,0.15,25.0,,,2026-04-02 03:06:18,Foil,tcgcsv,2147
2314,2336,1,at_least_one_price_column_non_null,0.28,0.49,0.15,25.0,,,2026-04-02 03:06:18,Foil,tcgcsv,2147
2315,2336,1,at_least_one_price_column_non_null,0.28,0.49,0.15,25.0,,,2026-04-02 03:06:18,Foil,tcgcsv,2147
2316,2336,1,at_least_one_price_column_non_null,0.28,0.49,0.15,25.0,,,2026-04-02 03:06:18,Foil,tcgcsv,2147
2323,2339,1,at_least_one_price_column_non_null,0.05,0.15,0.01,2.0,,,2026-04-02 03:06:18,Normal,tcgcsv,2150
2362,2347,1,at_least_one_price_column_non_null,0.16,0.25,0.01,10.0,,,2026-04-02 03:06:18,Foil,tcgcsv,2158
2363,2347,1,at_least_one_price_column_non_null,0.16,0.25,0.01,10.0,,,2026-04-02 03:06:18,Foil,tcgcsv,2158
2402,3584,1,at_least_one_price_column_non_null,181.81,199.49,174.95,400.0,,,2026-04-02 03:06:19,Foil,tcgcsv,3411
2408,3989,1,at_least_one_price_column_non_null,334.94,1287.5,775.0,1800.0,,,2026-04-02 03:06:19,Foil,tcgcsv,3816
2413,3990,1,at_least_one_price_column_non_null,261.14,899.99,450.0,999.99,,,2026-04-02 03:06:19,Foil,tcgcsv,3817
2418,2424,1,at_least_one_price_column_non_null,0.15,0.25,0.05,5.0,,,2026-04-02 03:06:18,Normal,tcgcsv,2234
2420,2424,1,at_least_one_price_column_non_null,0.15,0.25,0.05,5.0,,,2026-04-02 03:06:18,Normal,tcgcsv,2234
2424,2425,1,at_least_one_price_column_non_null,0.73,1.0,0.45,10.0,,,2026-04-02 03:06:18,Foil,tcgcsv,2235
2449,2428,1,at_least_one_price_column_non_null,0.11,0.2,0.03,5.0,,,2026-04-02 03:06:18,Normal,tcgcsv,2238
2453,2429,1,at_least_one_price_column_non_null,0.16,0.25,0.09,5.0,,,2026-04-02 03:06:18,Normal,tcgcsv,2239
2477,2437,1,at_least_one_price_column_non_null,0.31,0.32,0.05,5.0,,,2026-04-02 03:06:18,Foil,tcgcsv,2247
2488,3991,1,at_least_one_price_column_non_null,269.13,698.99,599.99,1000.0,,,2026-04-02 03:06:19,Foil,tcgcsv,3818
2505,2448,1,at_least_one_price_column_non_null,0.38,0.5,0.1,10.36,,,2026-04-02 03:06:18,Foil,tcgcsv,2258
2507,2448,1,at_least_one_price_column_non_null,0.38,0.5,0.1,10.36,,,2026-04-02 03:06:18,Foil,tcgcsv,2258
2508,2448,1,at_least_one_price_column_non_null,0.38,0.5,0.1,10.36,,,2026-04-02 03:06:18,Foil,tcgcsv,2258
2531,2454,1,at_least_one_price_column_non_null,0.06,0.15,0.01,1.58,,,2026-04-02 03:06:18,Normal,tcgcsv,2264
2532,2454,1,at_least_one_price_column_non_null,0.06,0.15,0.01,1.58,,,2026-04-02 03:06:18,Normal,tcgcsv,2264
2537,2455,1,at_least_one_price_column_non_null,0.26,0.37,0.14,5.0,,,2026-04-02 03:06:18,Foil,tcgcsv,2265
2538,2455,1,at_least_one_price_column_non_null,0.26,0.37,0.14,5.0,,,2026-04-02 03:06:18,Foil,tcgcsv,2265
2539,4870,1,at_least_one_price_column_non_null,0.24,0.26,0.01,5.29,,,2026-04-02 03:06:21,Foil,tcgcsv,4726
2578,2699,1,at_least_one_price_column_non_null,48.18,54.69,43.0,200.0,,,2026-04-02 03:06:18,Foil,tcgcsv,2507
2598,2473,1,at_least_one_price_column_non_null,0.13,0.22,0.01,5.0,,,2026-04-02 03:06:18,Foil,tcgcsv,2283
2609,3204,1,at_least_one_price_column_non_null,2.23,3.51,1.9,50.0,,,2026-04-02 03:06:19,Foil,tcgcsv,3003
2610,3992,1,at_least_one_price_column_non_null,1241.0,6500.0,2800.0,10000.0,,,2026-04-02 03:06:19,Foil,tcgcsv,3819
2616,3205,1,at_least_one_price_column_non_null,0.22,0.25,0.04,5.0,,,2026-04-02 03:06:19,Normal,tcgcsv,3004
2621,3206,1,at_least_one_price_column_non_null,0.12,0.15,0.01,1.29,,,2026-04-02 03:06:19,Normal,tcgcsv,3005
2626,4238,1,at_least_one_price_column_non_null,0.08,0.1,0.02,1.3,,,2026-04-02 03:06:20,Normal,tcgcsv,4065
2629,3207,1,at_least_one_price_column_non_null,0.08,0.11,0.01,1.99,,,2026-04-02 03:06:19,Normal,tcgcsv,3006
2630,4239,1,at_least_one_price_column_non_null,0.08,0.12,0.02,1.3,,,2026-04-02 03:06:20,Normal,tcgcsv,4066
2637,3585,1,at_least_one_price_column_non_null,556.44,716.97,600.0,1300.0,,,2026-04-02 03:06:19,Foil,tcgcsv,3412
2640,3208,1,at_least_one_price_column_non_null,0.26,0.27,0.1,5.0,,,2026-04-02 03:06:19,Normal,tcgcsv,3007
2644,3209,1,at_least_one_price_column_non_null,0.11,0.15,0.01,1.29,,,2026-04-02 03:06:19,Normal,tcgcsv,3008
2651,3370,1,at_least_one_price_column_non_null,904.94,1450.99,1400.0,1799.0,,,2026-04-02 03:06:19,Foil,tcgcsv,3166
2654,3210,1,at_least_one_price_column_non_null,0.17,0.17,0.02,1.3,,,2026-04-02 03:06:19,Normal,tcgcsv,3009
2655,4240,1,at_least_one_price_column_non_null,0.07,0.15,0.02,1.32,,,2026-04-02 03:06:20,Normal,tcgcsv,4067
2660,3211,1,at_least_one_price_column_non_null,0.08,0.11,0.01,1.29,,,2026-04-02 03:06:19,Normal,tcgcsv,3010
2672,2961,1,at_least_one_price_column_non_null,71.22,80.0,53.99,200.0,,,2026-04-02 03:06:18,Foil,tcgcsv,2768
2682,3212,1,at_least_one_price_column_non_null,0.26,0.28,0.03,10.0,,,2026-04-02 03:06:19,Normal,tcgcsv,3011
2683,2491,1,at_least_one_price_column_non_null,0.33,0.32,0.05,10.0,,,2026-04-02 03:06:18,Foil,tcgcsv,2301
2684,2491,1,at_least_one_price_column_non_null,0.33,0.32,0.05,10.0,,,2026-04-02 03:06:18,Foil,tcgcsv,2301
2685,2491,1,at_least_one_price_column_non_null,0.33,0.32,0.05,10.0,,,2026-04-02 03:06:18,Foil,tcgcsv,2301
2701,2496,1,at_least_one_price_column_non_null,0.17,0.25,0.05,1.98,,,2026-04-02 03:06:18,Normal,tcgcsv,2306
2708,2497,1,at_least_one_price_column_non_null,1.23,1.98,0.81,25.0,,,2026-04-02 03:06:18,Foil,tcgcsv,2307
2718,2501,1,at_least_one_price_column_non_null,0.3,0.3,0.1,10.0,,,2026-04-02 03:06:18,Foil,tcgcsv,2311
2719,2501,1,at_least_one_price_column_non_null,0.3,0.3,0.1,10.0,,,2026-04-02 03:06:18,Foil,tcgcsv,2311
2736,2700,1,at_least_one_price_column_non_null,125.17,136.15,95.0,300.0,,,2026-04-02 03:06:18,Foil,tcgcsv,2508
2749,3586,1,at_least_one_price_column_non_null,125.11,125.0,99.99,1000.0,,,2026-04-02 03:06:19,Foil,tcgcsv,3413
2761,2509,1,at_least_one_price_column_non_null,0.1,0.2,0.02,25.0,,,2026-04-02 03:06:18,Normal,tcgcsv,2319
2768,3993,1,at_least_one_price_column_non_null,414.65,799.0,625.0,897.78,,,2026-04-02 03:06:19,Foil,tcgcsv,3820
2784,4906,1,at_least_one_price_column_non_null,0.16,0.2,0.01,2.75,,,2026-04-02 03:06:21,Foil,tcgcsv,4762
2794,2516,1,at_least_one_price_column_non_null,0.23,0.27,0.09,5.0,,,2026-04-02 03:06:18,Foil,tcgcsv,2326
2798,2517,1,at_least_one_price_column_non_null,0.42,0.4,0.13,5.0,,,2026-04-02 03:06:18,Foil,tcgcsv,2327
2799,2517,1,at_least_one_price_column_non_null,0.42,0.4,0.13,5.0,,,2026-04-02 03:06:18,Foil,tcgcsv,2327
2800,2517,1,at_least_one_price_column_non_null,0.42,0.4,0.13,5.0,,,2026-04-02 03:06:18,Foil,tcgcsv,2327
2817,2525,1,at_least_one_price_column_non_null,0.09,0.15,0.01,1.75,,,2026-04-02 03:06:18,Normal,tcgcsv,2335
2826,2526,1,at_least_one_price_column_non_null,0.17,0.2,0.01,5.0,,,2026-04-02 03:06:18,Foil,tcgcsv,2336
2835,2528,1,at_least_one_price_column_non_null,0.12,0.17,0.01,5.0,,,2026-04-02 03:06:18,Normal,tcgcsv,2338
2851,3587,1,at_least_one_price_column_non_null,767.41,747.2,640.0,6000.0,,,2026-04-02 03:06:19,Foil,tcgcsv,3414
2867,3994,1,at_least_one_price_column_non_null,332.68,900.0,845.0,999.99,,,2026-04-02 03:06:19,Foil,tcgcsv,3821
2874,2615,1,at_least_one_price_column_non_null,0.17,0.24,0.05,20.0,,,2026-04-02 03:06:18,Normal,tcgcsv,2423
2911,2623,1,at_least_one_price_column_non_null,0.18,0.25,0.01,6.99,,,2026-04-02 03:06:18,Normal,tcgcsv,2431
2912,2623,1,at_least_one_price_column_non_null,0.18,0.25,0.01,6.99,,,2026-04-02 03:06:18,Normal,tcgcsv,2431
2923,3995,1,at_least_one_price_column_non_null,124.44,499.99,369.99,1850.0,,,2026-04-02 03:06:19,Foil,tcgcsv,3822
2928,3996,1,at_least_one_price_column_non_null,385.68,900.0,899.99,999.99,,,2026-04-02 03:06:19,Foil,tcgcsv,3823
2933,3997,1,at_least_one_price_column_non_null,521.23,1180.0,1149.99,4000.0,,,2026-04-02 03:06:19,Foil,tcgcsv,3824
2934,4266,1,at_least_one_price_column_non_null,1.81,2.6,0.5,10.0,,,2026-04-02 03:06:20,Foil,tcgcsv,4093
2941,2572,1,at_least_one_price_column_non_null,0.15,0.2,0.02,4.5,,,2026-04-02 03:06:18,Foil,tcgcsv,2381
2972,3428,1,at_least_one_price_column_non_null,37.03,43.45,26.3,120.0,,,2026-04-02 03:06:19,Foil,tcgcsv,3224
2974,3428,1,at_least_one_price_column_non_null,37.03,43.45,26.3,120.0,,,2026-04-02 03:06:19,Foil,tcgcsv,3224
2980,2580,1,at_least_one_price_column_non_null,0.16,0.2,0.02,4.5,,,2026-04-02 03:06:18,Foil,tcgcsv,2389
2986,2636,1,at_least_one_price_column_non_null,0.15,0.2,0.05,2.0,,,2026-04-02 03:06:18,Normal,tcgcsv,2444
3000,3998,1,at_least_one_price_column_non_null,448.47,969.69,969.69,969.69,,,2026-04-02 03:06:19,Foil,tcgcsv,3825
3015,2582,1,at_least_one_price_column_non_null,0.61,3.0,0.25,10.0,,,2026-04-02 03:06:18,Foil,tcgcsv,2391
3016,2582,1,at_least_one_price_column_non_null,0.61,3.0,0.25,10.0,,,2026-04-02 03:06:18,Foil,tcgcsv,2391
3017,2582,1,at_least_one_price_column_non_null,0.61,3.0,0.25,10.0,,,2026-04-02 03:06:18,Foil,tcgcsv,2391
3019,2582,1,at_least_one_price_column_non_null,0.61,3.0,0.25,10.0,,,2026-04-02 03:06:18,Foil,tcgcsv,2391
3031,4435,1,at_least_one_price_column_non_null,76.58,76.59,64.99,125.0,,,2026-04-02 03:06:20,Foil,tcgcsv,4262
3035,2587,1,at_least_one_price_column_non_null,0.36,0.5,0.2,10.45,,,2026-04-02 03:06:18,Foil,tcgcsv,2396
3036,2587,1,at_least_one_price_column_non_null,0.36,0.5,0.2,10.45,,,2026-04-02 03:06:18,Foil,tcgcsv,2396
3057,2608,1,at_least_one_price_column_non_null,3.42,3.88,2.5,11.62,,,2026-04-02 03:06:18,Foil,tcgcsv,2417
3067,2651,1,at_least_one_price_column_non_null,0.08,0.15,0.01,1.5,,,2026-04-02 03:06:18,Normal,tcgcsv,2459
3080,2652,1,at_least_one_price_column_non_null,0.13,0.21,0.02,2.0,,,2026-04-02 03:06:18,Normal,tcgcsv,2460
3081,2652,1,at_least_one_price_column_non_null,0.13,0.21,0.02,2.0,,,2026-04-02 03:06:18,Normal,tcgcsv,2460
3082,2652,1,at_least_one_price_column_non_null,0.13,0.21,0.02,2.0,,,2026-04-02 03:06:18,Normal,tcgcsv,2460
3088,2653,1,at_least_one_price_column_non_null,0.06,0.15,0.01,1.58,,,2026-04-02 03:06:18,Normal,tcgcsv,2461
3095,2605,1,at_least_one_price_column_non_null,0.1,0.2,0.01,10.11,,,2026-04-02 03:06:18,Foil,tcgcsv,2414
3101,2654,1,at_least_one_price_column_non_null,0.05,0.12,0.01,2.5,,,2026-04-02 03:06:18,Normal,tcgcsv,2462
3108,2606,1,at_least_one_price_column_non_null,0.1,0.18,0.01,10.1,,,2026-04-02 03:06:18,Foil,tcgcsv,2415
3109,2606,1,at_least_one_price_column_non_null,0.1,0.18,0.01,10.1,,,2026-04-02 03:06:18,Foil,tcgcsv,2415
3115,2655,1,at_least_one_price_column_non_null,0.13,0.15,0.01,5.0,,,2026-04-02 03:06:18,Normal,tcgcsv,2463
3123,3359,1,at_least_one_price_column_non_null,69.0,69.99,61.75,166.69,,,2026-04-02 03:06:19,Foil,tcgcsv,3155
3125,3359,1,at_least_one_price_column_non_null,69.0,69.99,61.75,166.69,,,2026-04-02 03:06:19,Foil,tcgcsv,3155
3142,2661,1,at_least_one_price_column_non_null,0.1,0.25,0.01,2.99,,,2026-04-02 03:06:18,Normal,tcgcsv,2469
3143,2661,1,at_least_one_price_column_non_null,0.1,0.25,0.01,2.99,,,2026-04-02 03:06:18,Normal,tcgcsv,2469
3157,2663,1,at_least_one_price_column_non_null,0.06,0.12,0.01,15.0,,,2026-04-02 03:06:18,Normal,tcgcsv,2471
3163,3999,1,at_least_one_price_column_non_null,267.4,490.0,460.0,1200.0,,,2026-04-02 03:06:19,Foil,tcgcsv,3826
3180,3300,1,at_least_one_price_column_non_null,20.8,25.0,20.0,89.99,,,2026-04-02 03:06:19,Foil,tcgcsv,3096
3182,3300,1,at_least_one_price_column_non_null,20.8,25.0,20.0,89.99,,,2026-04-02 03:06:19,Foil,tcgcsv,3096
3191,2601,1,at_least_one_price_column_non_null,0.39,0.42,0.1,10.27,,,2026-04-02 03:06:18,Foil,tcgcsv,2410
3192,2601,1,at_least_one_price_column_non_null,0.39,0.42,0.1,10.27,,,2026-04-02 03:06:18,Foil,tcgcsv,2410
3197,2671,1,at_least_one_price_column_non_null,0.17,0.24,0.08,1.98,,,2026-04-02 03:06:18,Normal,tcgcsv,2479
3201,2602,1,at_least_one_price_column_non_null,0.23,0.25,0.01,5.0,,,2026-04-02 03:06:18,Foil,tcgcsv,2411
3210,5237,1,at_least_one_price_column_non_null,153.17,190.0,134.97,1000.0,,,2026-04-02 03:06:21,Foil,tcgcsv,5095
3228,2677,1,at_least_one_price_column_non_null,0.07,0.15,0.01,1.58,,,2026-04-02 03:06:18,Normal,tcgcsv,2485
3230,4267,1,at_least_one_price_column_non_null,0.03,0.1,0.01,4.99,,,2026-04-02 03:06:20,Normal,tcgcsv,4094
3236,2962,1,at_least_one_price_column_non_null,344.57,499.99,319.99,2000.0,,,2026-04-02 03:06:18,Foil,tcgcsv,2769
3245,4268,1,at_least_one_price_column_non_null,0.05,0.13,0.01,4.99,,,2026-04-02 03:06:20,Normal,tcgcsv,4095
3248,2565,1,at_least_one_price_column_non_null,1.84,2.76,1.0,10.0,,,2026-04-02 03:06:18,Foil,tcgcsv,2374
3249,4269,1,at_least_one_price_column_non_null,1.35,1.6,0.84,6.0,,,2026-04-02 03:06:20,Normal,tcgcsv,4096
3256,3283,1,at_least_one_price_column_non_null,137.29,161.06,145.44,250.0,,,2026-04-02 03:06:19,Foil,tcgcsv,3079
3258,3283,1,at_least_one_price_column_non_null,137.29,161.06,145.44,250.0,,,2026-04-02 03:06:19,Foil,tcgcsv,3079
3263,4952,1,at_least_one_price_column_non_null,0.26,0.33,0.05,10.0,,,2026-04-02 03:06:21,Foil,tcgcsv,4809
3268,4270,1,at_least_one_price_column_non_null,0.05,0.14,0.01,4.99,,,2026-04-02 03:06:20,Normal,tcgcsv,4097
3271,2683,1,at_least_one_price_column_non_null,0.07,0.15,0.01,1.58,,,2026-04-02 03:06:18,Normal,tcgcsv,2491
3272,2683,1,at_least_one_price_column_non_null,0.07,0.15,0.01,1.58,,,2026-04-02 03:06:18,Normal,tcgcsv,2491
3276,4271,1,at_least_one_price_column_non_null,0.13,0.15,0.01,4.99,,,2026-04-02 03:06:20,Normal,tcgcsv,4098
3281,4272,1,at_least_one_price_column_non_null,0.04,0.1,0.01,4.99,,,2026-04-02 03:06:20,Normal,tcgcsv,4099
3292,2566,1,at_least_one_price_column_non_null,2.55,3.86,1.6,10.0,,,2026-04-02 03:06:18,Foil,tcgcsv,2375
3306,3374,1,at_least_one_price_column_non_null,1750.0,2179.0,1875.0,5000.0,,,2026-04-02 03:06:19,Foil,tcgcsv,3170
3307,4962,1,at_least_one_price_column_non_null,6.03,6.96,4.45,14.99,,,2026-04-02 03:06:21,Foil,tcgcsv,4820
3313,4167,1,at_least_one_price_column_non_null,174.69,173.99,159.98,500.0,,,2026-04-02 03:06:20,Foil,tcgcsv,3994
3320,2814,1,at_least_one_price_column_non_null,20.26,22.0,18.99,149.99,,,2026-04-02 03:06:18,Foil,tcgcsv,2621
3331,2819,1,at_least_one_price_column_non_null,4.87,7.51,4.39,50.0,,,2026-04-02 03:06:18,Foil,tcgcsv,2626
3355,2830,1,at_least_one_price_column_non_null,16.35,19.11,14.92,35.99,,,2026-04-02 03:06:18,Foil,tcgcsv,2637
3357,4970,1,at_least_one_price_column_non_null,0.44,0.5,0.08,10.0,,,2026-04-02 03:06:21,Foil,tcgcsv,4828
3370,2835,1,at_least_one_price_column_non_null,70.4,79.99,69.01,349.99,,,2026-04-02 03:06:18,Foil,tcgcsv,2642
3378,2837,1,at_least_one_price_column_non_null,0.1,0.2,0.01,5.0,,,2026-04-02 03:06:18,Foil,tcgcsv,2644
3379,3752,1,at_least_one_price_column_non_null,38.55,40.99,34.17,149.99,,,2026-04-02 03:06:19,Foil,tcgcsv,3579
3380,2837,1,at_least_one_price_column_non_null,0.1,0.2,0.01,5.0,,,2026-04-02 03:06:18,Foil,tcgcsv,2644
3381,2837,1,at_least_one_price_column_non_null,0.1,0.2,0.01,5.0,,,2026-04-02 03:06:18,Foil,tcgcsv,2644
3382,2837,1,at_least_one_price_column_non_null,0.1,0.2,0.01,5.0,,,2026-04-02 03:06:18,Foil,tcgcsv,2644
3383,2837,1,at_least_one_price_column_non_null,0.1,0.2,0.01,5.0,,,2026-04-02 03:06:18,Foil,tcgcsv,2644
3384,2837,1,at_least_one_price_column_non_null,0.1,0.2,0.01,5.0,,,2026-04-02 03:06:18,Foil,tcgcsv,2644
3386,2837,1,at_least_one_price_column_non_null,0.1,0.2,0.01,5.0,,,2026-04-02 03:06:18,Foil,tcgcsv,2644
3387,4200,1,at_least_one_price_column_non_null,0.07,0.15,0.02,1.3,,,2026-04-02 03:06:20,Normal,tcgcsv,4027
3389,2837,1,at_least_one_price_column_non_null,0.1,0.2,0.01,5.0,,,2026-04-02 03:06:18,Foil,tcgcsv,2644
3393,2839,1,at_least_one_price_column_non_null,8.03,8.94,6.6,50.0,,,2026-04-02 03:06:18,Foil,tcgcsv,2646
3396,4201,1,at_least_one_price_column_non_null,0.05,0.1,0.01,1.0,,,2026-04-02 03:06:20,Normal,tcgcsv,4028
3401,4202,1,at_least_one_price_column_non_null,0.06,0.1,0.01,1.29,,,2026-04-02 03:06:20,Normal,tcgcsv,4029
3405,2844,1,at_least_one_price_column_non_null,21.69,24.21,19.99,50.0,,,2026-04-02 03:06:18,Foil,tcgcsv,2651
3406,4978,1,at_least_one_price_column_non_null,0.53,0.61,0.15,10.0,,,2026-04-02 03:06:21,Foil,tcgcsv,4836
3414,2848,1,at_least_one_price_column_non_null,3.45,4.37,2.75,45.0,,,2026-04-02 03:06:18,Foil,tcgcsv,2655
3415,4981,1,at_least_one_price_column_non_null,0.2,0.25,0.01,25.0,,,2026-04-02 03:06:21,Foil,tcgcsv,4839
3421,4203,1,at_least_one_price_column_non_null,0.09,0.1,0.01,1.32,,,2026-04-02 03:06:20,Normal,tcgcsv,4030
3427,4204,1,at_least_one_price_column_non_null,0.16,0.16,0.01,1.32,,,2026-04-02 03:06:20,Normal,tcgcsv,4031
3430,4205,1,at_least_one_price_column_non_null,0.09,0.1,0.01,10.06,,,2026-04-02 03:06:20,Normal,tcgcsv,4032
3435,4206,1,at_least_one_price_column_non_null,0.14,0.15,0.03,10.0,,,2026-04-02 03:06:20,Normal,tcgcsv,4033
3438,2856,1,at_least_one_price_column_non_null,0.1,0.15,0.01,2.0,,,2026-04-02 03:06:18,Normal,tcgcsv,2663
3439,4207,1,at_least_one_price_column_non_null,0.06,0.15,0.01,1.49,,,2026-04-02 03:06:20,Normal,tcgcsv,4034
3443,2858,1,at_least_one_price_column_non_null,89.37,107.28,86.99,500.0,,,2026-04-02 03:06:18,Foil,tcgcsv,2665
3449,2860,1,at_least_one_price_column_non_null,0.17,0.22,0.01,3.0,,,2026-04-02 03:06:18,Normal,tcgcsv,2667
3452,2860,1,at_least_one_price_column_non_null,0.17,0.22,0.01,3.0,,,2026-04-02 03:06:18,Normal,tcgcsv,2667
3453,2860,1,at_least_one_price_column_non_null,0.17,0.22,0.01,3.0,,,2026-04-02 03:06:18,Normal,tcgcsv,2667
3463,2864,1,at_least_one_price_column_non_null,0.12,0.13,0.01,1.58,,,2026-04-02 03:06:18,Normal,tcgcsv,2671
3467,2866,1,at_least_one_price_column_non_null,13.93,17.25,6.77,61.0,,,2026-04-02 03:06:18,Foil,tcgcsv,2673
3471,2868,1,at_least_one_price_column_non_null,6.35,9.77,4.38,50.0,,,2026-04-02 03:06:18,Foil,tcgcsv,2675
3478,2870,1,at_least_one_price_column_non_null,5.46,6.41,4.18,50.0,,,2026-04-02 03:06:18,Foil,tcgcsv,2677
3479,2870,1,at_least_one_price_column_non_null,5.46,6.41,4.18,50.0,,,2026-04-02 03:06:18,Foil,tcgcsv,2677
3480,2870,1,at_least_one_price_column_non_null,5.46,6.41,4.18,50.0,,,2026-04-02 03:06:18,Foil,tcgcsv,2677
3481,2870,1,at_least_one_price_column_non_null,5.46,6.41,4.18,50.0,,,2026-04-02 03:06:18,Foil,tcgcsv,2677
3482,2870,1,at_least_one_price_column_non_null,5.46,6.41,4.18,50.0,,,2026-04-02 03:06:18,Foil,tcgcsv,2677
3485,2871,1,at_least_one_price_column_non_null,0.11,0.15,0.01,2.0,,,2026-04-02 03:06:18,Normal,tcgcsv,2678
3505,2878,1,at_least_one_price_column_non_null,0.24,0.25,0.04,10.0,,,2026-04-02 03:06:18,Foil,tcgcsv,2685
3506,2878,1,at_least_one_price_column_non_null,0.24,0.25,0.04,10.0,,,2026-04-02 03:06:18,Foil,tcgcsv,2685
3507,2878,1,at_least_one_price_column_non_null,0.24,0.25,0.04,10.0,,,2026-04-02 03:06:18,Foil,tcgcsv,2685
3508,2878,1,at_least_one_price_column_non_null,0.24,0.25,0.04,10.0,,,2026-04-02 03:06:18,Foil,tcgcsv,2685
3509,2878,1,at_least_one_price_column_non_null,0.24,0.25,0.04,10.0,,,2026-04-02 03:06:18,Foil,tcgcsv,2685
3520,2882,1,at_least_one_price_column_non_null,1.54,2.48,0.5,25.0,,,2026-04-02 03:06:18,Foil,tcgcsv,2689
3526,2885,1,at_least_one_price_column_non_null,25.73,28.8,23.2,189.99,,,2026-04-02 03:06:18,Foil,tcgcsv,2692
3541,2891,1,at_least_one_price_column_non_null,41.89,45.54,33.61,79.99,,,2026-04-02 03:06:18,Foil,tcgcsv,2698
3542,2891,1,at_least_one_price_column_non_null,41.89,45.54,33.61,79.99,,,2026-04-02 03:06:18,Foil,tcgcsv,2698
3543,4997,1,at_least_one_price_column_non_null,4.06,4.93,1.38,8.6,,,2026-04-02 03:06:21,Foil,tcgcsv,4855
3548,2893,1,at_least_one_price_column_non_null,0.79,0.95,0.25,97.0,,,2026-04-02 03:06:18,Foil,tcgcsv,2700
3549,2893,1,at_least_one_price_column_non_null,0.79,0.95,0.25,97.0,,,2026-04-02 03:06:18,Foil,tcgcsv,2700
3561,2899,1,at_least_one_price_column_non_null,6.32,8.99,5.46,29.99,,,2026-04-02 03:06:18,Foil,tcgcsv,2706
3565,2901,1,at_least_one_price_column_non_null,36.76,47.99,38.49,59.5,,,2026-04-02 03:06:18,Foil,tcgcsv,2708
3568,2902,1,at_least_one_price_column_non_null,0.23,0.25,0.01,5.0,,,2026-04-02 03:06:18,Foil,tcgcsv,2709
3584,2909,1,at_least_one_price_column_non_null,22.39,25.58,20.79,149.99,,,2026-04-02 03:06:18,Foil,tcgcsv,2716
3588,2910,1,at_least_one_price_column_non_null,0.09,0.19,0.01,5.0,,,2026-04-02 03:06:18,Foil,tcgcsv,2717
3589,2910,1,at_least_one_price_column_non_null,0.09,0.19,0.01,5.0,,,2026-04-02 03:06:18,Foil,tcgcsv,2717
3601,2916,1,at_least_one_price_column_non_null,16.81,20.0,14.88,60.0,,,2026-04-02 03:06:18,Foil,tcgcsv,2723
3616,2922,1,at_least_one_price_column_non_null,0.35,0.33,0.05,5.0,,,2026-04-02 03:06:18,Foil,tcgcsv,2729
3617,2922,1,at_least_one_price_column_non_null,0.35,0.33,0.05,5.0,,,2026-04-02 03:06:18,Foil,tcgcsv,2729
3632,2929,1,at_least_one_price_column_non_null,49.13,53.62,42.9,239.99,,,2026-04-02 03:06:18,Foil,tcgcsv,2736
3640,2932,1,at_least_one_price_column_non_null,0.12,0.15,0.01,1.58,,,2026-04-02 03:06:18,Normal,tcgcsv,2739
3641,2932,1,at_least_one_price_column_non_null,0.12,0.15,0.01,1.58,,,2026-04-02 03:06:18,Normal,tcgcsv,2739
3642,2932,1,at_least_one_price_column_non_null,0.12,0.15,0.01,1.58,,,2026-04-02 03:06:18,Normal,tcgcsv,2739
3658,2940,1,at_least_one_price_column_non_null,14.84,16.5,11.74,50.0,,,2026-04-02 03:06:18,Foil,tcgcsv,2747
3659,5003,1,at_least_one_price_column_non_null,0.23,0.25,0.01,2.8,,,2026-04-02 03:06:21,Foil,tcgcsv,4861
3668,2943,1,at_least_one_price_column_non_null,37.77,42.0,29.97,120.0,,,2026-04-02 03:06:18,Foil,tcgcsv,2750
3670,2943,1,at_least_one_price_column_non_null,37.77,42.0,29.97,120.0,,,2026-04-02 03:06:18,Foil,tcgcsv,2750
3671,2943,1,at_least_one_price_column_non_null,37.77,42.0,29.97,120.0,,,2026-04-02 03:06:18,Foil,tcgcsv,2750
3672,5005,1,at_least_one_price_column_non_null,0.67,0.98,0.25,8.99,,,2026-04-02 03:06:21,Foil,tcgcsv,4863
3678,2946,1,at_least_one_price_column_non_null,13.26,14.99,11.4,999.0,,,2026-04-02 03:06:18,Foil,tcgcsv,2753
3685,2948,1,at_least_one_price_column_non_null,0.16,0.2,0.02,5.0,,,2026-04-02 03:06:18,Normal,tcgcsv,2755
3694,4273,1,at_least_one_price_column_non_null,0.14,0.2,0.03,4.99,,,2026-04-02 03:06:20,Normal,tcgcsv,4100
3695,2951,1,at_least_one_price_column_non_null,0.26,0.3,0.1,5.0,,,2026-04-02 03:06:18,Foil,tcgcsv,2758
3701,2954,1,at_least_one_price_column_non_null,8.63,11.0,8.0,50.0,,,2026-04-02 03:06:18,Foil,tcgcsv,2761
3703,2954,1,at_least_one_price_column_non_null,8.63,11.0,8.0,50.0,,,2026-04-02 03:06:18,Foil,tcgcsv,2761
3704,5011,1,at_least_one_price_column_non_null,0.97,1.13,0.5,420.69,,,2026-04-02 03:06:21,Foil,tcgcsv,4869
3710,2956,1,at_least_one_price_column_non_null,20.12,29.99,20.25,79.99,,,2026-04-02 03:06:18,Foil,tcgcsv,2763
3711,2956,1,at_least_one_price_column_non_null,20.12,29.99,20.25,79.99,,,2026-04-02 03:06:18,Foil,tcgcsv,2763
3712,5013,1,at_least_one_price_column_non_null,1.81,2.67,1.0,19.95,,,2026-04-02 03:06:21,Foil,tcgcsv,4871
3716,2978,1,at_least_one_price_column_non_null,60.75,66.0,59.88,149.99,,,2026-04-02 03:06:18,Foil,tcgcsv,2784
3721,2980,1,at_least_one_price_column_non_null,17.76,19.45,14.99,99.99,,,2026-04-02 03:06:18,Foil,tcgcsv,2786
3734,2986,1,at_least_one_price_column_non_null,22.46,33.99,11.25,100.0,,,2026-04-02 03:06:18,Foil,tcgcsv,2792
3752,2995,1,at_least_one_price_column_non_null,2.0,4.04,1.49,10000.0,,,2026-04-02 03:06:18,Foil,tcgcsv,2801
3763,3000,1,at_least_one_price_column_non_null,0.03,0.1,0.01,1.98,,,2026-04-02 03:06:18,Normal,tcgcsv,2806
3767,3002,1,at_least_one_price_column_non_null,33.0,38.0,27.59,1000.0,,,2026-04-02 03:06:18,Foil,tcgcsv,2808
3774,3005,1,at_least_one_price_column_non_null,24.39,27.0,23.99,79.99,,,2026-04-02 03:06:18,Foil,tcgcsv,2811
3793,3013,1,at_least_one_price_column_non_null,4.96,6.58,4.01,50.0,,,2026-04-02 03:06:18,Foil,tcgcsv,2819
3806,3019,1,at_least_one_price_column_non_null,3.23,2.9,0.65,10.53,,,2026-04-02 03:06:18,Foil,tcgcsv,2825
3815,3023,1,at_least_one_price_column_non_null,0.37,0.46,0.01,2.0,,,2026-04-02 03:06:18,Normal,tcgcsv,2829
3816,3023,1,at_least_one_price_column_non_null,0.37,0.46,0.01,2.0,,,2026-04-02 03:06:18,Normal,tcgcsv,2829
3824,3027,1,at_least_one_price_column_non_null,6.95,9.52,6.14,100.0,,,2026-04-02 03:06:18,Foil,tcgcsv,2833
3844,3037,1,at_least_one_price_column_non_null,7.46,10.0,6.4,61.98,,,2026-04-02 03:06:18,Foil,tcgcsv,2843
3845,3901,1,at_least_one_price_column_non_null,47.01,51.98,39.99,490.0,,,2026-04-02 03:06:19,Foil,tcgcsv,3728
3857,3043,1,at_least_one_price_column_non_null,12.48,15.6,9.0,124.99,,,2026-04-02 03:06:18,Foil,tcgcsv,2849
3862,3045,1,at_least_one_price_column_non_null,33.06,39.99,33.0,420.69,,,2026-04-02 03:06:18,Foil,tcgcsv,2851
3872,3049,1,at_least_one_price_column_non_null,0.16,0.2,0.01,2.0,,,2026-04-02 03:06:18,Normal,tcgcsv,2855
3873,3049,1,at_least_one_price_column_non_null,0.16,0.2,0.01,2.0,,,2026-04-02 03:06:18,Normal,tcgcsv,2855
3886,3055,1,at_least_one_price_column_non_null,9.27,10.34,7.0,69.99,,,2026-04-02 03:06:18,Foil,tcgcsv,2861
3887,3055,1,at_least_one_price_column_non_null,9.27,10.34,7.0,69.99,,,2026-04-02 03:06:18,Foil,tcgcsv,2861
3888,5019,1,at_least_one_price_column_non_null,0.24,0.24,0.01,4.99,,,2026-04-02 03:06:21,Foil,tcgcsv,4877
3895,3058,1,at_least_one_price_column_non_null,7.98,9.12,6.52,50.0,,,2026-04-02 03:06:18,Foil,tcgcsv,2864
3896,3058,1,at_least_one_price_column_non_null,7.98,9.12,6.52,50.0,,,2026-04-02 03:06:18,Foil,tcgcsv,2864
3908,3064,1,at_least_one_price_column_non_null,10.91,12.0,7.75,50.0,,,2026-04-02 03:06:18,Foil,tcgcsv,2870
3909,5022,1,at_least_one_price_column_non_null,0.44,0.5,0.25,10.0,,,2026-04-02 03:06:21,Foil,tcgcsv,4880
3923,3070,1,at_least_one_price_column_non_null,8.17,10.06,7.45,59.99,,,2026-04-02 03:06:18,Foil,tcgcsv,2876
3927,3072,1,at_least_one_price_column_non_null,2.98,4.49,2.0,50.0,,,2026-04-02 03:06:18,Foil,tcgcsv,2878
3937,3077,1,at_least_one_price_column_non_null,3.06,4.72,2.6,50.0,,,2026-04-02 03:06:18,Foil,tcgcsv,2883
3938,3077,1,at_least_one_price_column_non_null,3.06,4.72,2.6,50.0,,,2026-04-02 03:06:18,Foil,tcgcsv,2883
3970,3092,1,at_least_one_price_column_non_null,34.47,39.99,34.23,149.99,,,2026-04-02 03:06:18,Foil,tcgcsv,2898
3975,3093,1,at_least_one_price_column_non_null,0.07,0.11,0.01,8.07,,,2026-04-02 03:06:18,Normal,tcgcsv,2899
3992,3100,1,at_least_one_price_column_non_null,9.36,12.63,7.69,60.0,,,2026-04-02 03:06:18,Foil,tcgcsv,2906
3996,3102,1,at_least_one_price_column_non_null,26.21,30.55,24.0,150.0,,,2026-04-02 03:06:18,Foil,tcgcsv,2908
4009,3107,1,at_least_one_price_column_non_null,5.0,6.0,3.95,50.0,,,2026-04-02 03:06:18,Foil,tcgcsv,2913
4010,3107,1,at_least_one_price_column_non_null,5.0,6.0,3.95,50.0,,,2026-04-02 03:06:18,Foil,tcgcsv,2913
4011,3107,1,at_least_one_price_column_non_null,5.0,6.0,3.95,50.0,,,2026-04-02 03:06:18,Foil,tcgcsv,2913
4012,3107,1,at_least_one_price_column_non_null,5.0,6.0,3.95,50.0,,,2026-04-02 03:06:18,Foil,tcgcsv,2913
4018,3110,1,at_least_one_price_column_non_null,10.32,14.57,8.25,80.0,,,2026-04-02 03:06:18,Foil,tcgcsv,2916
4035,5029,1,at_least_one_price_column_non_null,3.01,4.0,1.0,420.69,,,2026-04-02 03:06:21,Foil,tcgcsv,4887
4039,3120,1,at_least_one_price_column_non_null,10.01,13.17,8.78,999.0,,,2026-04-02 03:06:18,Foil,tcgcsv,2926
4043,3592,1,at_least_one_price_column_non_null,30.6,35.0,29.77,299.99,,,2026-04-02 03:06:19,Foil,tcgcsv,3419
4049,3594,1,at_least_one_price_column_non_null,4.31,6.0,3.32,50.0,,,2026-04-02 03:06:19,Foil,tcgcsv,3421
4050,3594,1,at_least_one_price_column_non_null,4.31,6.0,3.32,50.0,,,2026-04-02 03:06:19,Foil,tcgcsv,3421
4051,4829,1,at_least_one_price_column_non_null,0.16,0.22,0.01,5.0,,,2026-04-02 03:06:21,Foil,tcgcsv,4685
4064,4830,1,at_least_one_price_column_non_null,0.37,0.55,0.11,10.0,,,2026-04-02 03:06:21,Foil,tcgcsv,4686
4070,4169,1,at_least_one_price_column_non_null,67.77,86.0,58.3,500.0,,,2026-04-02 03:06:20,Foil,tcgcsv,3996
4071,4831,1,at_least_one_price_column_non_null,0.13,0.19,0.01,2.73,,,2026-04-02 03:06:21,Foil,tcgcsv,4687
4072,3600,1,at_least_one_price_column_non_null,0.12,0.2,0.01,5.0,,,2026-04-02 03:06:19,Foil,tcgcsv,3427
4075,4186,1,at_least_one_price_column_non_null,0.02,0.1,0.01,1.29,,,2026-04-02 03:06:20,Normal,tcgcsv,4013
4080,3603,1,at_least_one_price_column_non_null,0.12,0.2,0.04,2.0,,,2026-04-02 03:06:19,Normal,tcgcsv,3430
4084,3605,1,at_least_one_price_column_non_null,12.55,14.5,10.8,40.0,,,2026-04-02 03:06:19,Foil,tcgcsv,3432
4085,3605,1,at_least_one_price_column_non_null,12.55,14.5,10.8,40.0,,,2026-04-02 03:06:19,Foil,tcgcsv,3432
4087,4833,1,at_least_one_price_column_non_null,1.06,1.18,0.25,10.0,,,2026-04-02 03:06:21,Foil,tcgcsv,4689
4091,4187,1,at_least_one_price_column_non_null,0.03,0.1,0.01,1.32,,,2026-04-02 03:06:20,Normal,tcgcsv,4014
4094,3607,1,at_least_one_price_column_non_null,0.08,0.15,0.01,2.0,,,2026-04-02 03:06:19,Normal,tcgcsv,3434
4095,3607,1,at_least_one_price_column_non_null,0.08,0.15,0.01,2.0,,,2026-04-02 03:06:19,Normal,tcgcsv,3434
4096,3607,1,at_least_one_price_column_non_null,0.08,0.15,0.01,2.0,,,2026-04-02 03:06:19,Normal,tcgcsv,3434
4097,3607,1,at_least_one_price_column_non_null,0.08,0.15,0.01,2.0,,,2026-04-02 03:06:19,Normal,tcgcsv,3434
4098,4188,1,at_least_one_price_column_non_null,0.05,0.1,0.01,1.41,,,2026-04-02 03:06:20,Normal,tcgcsv,4015
4101,4189,1,at_least_one_price_column_non_null,0.03,0.1,0.01,1.32,,,2026-04-02 03:06:20,Normal,tcgcsv,4016
4104,3609,1,at_least_one_price_column_non_null,0.09,0.2,0.02,5.0,,,2026-04-02 03:06:19,Foil,tcgcsv,3436
4105,4433,1,at_least_one_price_column_non_null,43.5,46.13,41.23,199.99,,,2026-04-02 03:06:20,Foil,tcgcsv,4260
4106,4190,1,at_least_one_price_column_non_null,0.06,0.1,0.01,1.3,,,2026-04-02 03:06:20,Normal,tcgcsv,4017
4107,3609,1,at_least_one_price_column_non_null,0.09,0.2,0.02,5.0,,,2026-04-02 03:06:19,Foil,tcgcsv,3436
4112,3610,1,at_least_one_price_column_non_null,0.07,0.15,0.01,2.0,,,2026-04-02 03:06:19,Normal,tcgcsv,3437
4113,4192,1,at_least_one_price_column_non_null,0.05,0.1,0.01,1.33,,,2026-04-02 03:06:20,Normal,tcgcsv,4019
4117,4172,1,at_least_one_price_column_non_null,22.75,25.99,19.63,9999.0,,,2026-04-02 03:06:20,Foil,tcgcsv,3999
4118,4191,1,at_least_one_price_column_non_null,0.06,0.1,0.01,1.37,,,2026-04-02 03:06:20,Normal,tcgcsv,4018
4121,4193,1,at_least_one_price_column_non_null,0.05,0.1,0.01,2.75,,,2026-04-02 03:06:20,Normal,tcgcsv,4020
4131,3616,1,at_least_one_price_column_non_null,0.13,0.18,0.01,5.0,,,2026-04-02 03:06:19,Foil,tcgcsv,3443
4132,4194,1,at_least_one_price_column_non_null,0.05,0.12,0.01,1.33,,,2026-04-02 03:06:20,Normal,tcgcsv,4021
4139,3619,1,at_least_one_price_column_non_null,14.3,16.48,13.19,199.99,,,2026-04-02 03:06:19,Foil,tcgcsv,3446
4143,3621,1,at_least_one_price_column_non_null,1.23,2.0,0.99,50.0,,,2026-04-02 03:06:19,Foil,tcgcsv,3448
4153,3625,1,at_least_one_price_column_non_null,0.12,0.15,0.01,2.0,,,2026-04-02 03:06:19,Normal,tcgcsv,3452
4154,3625,1,at_least_one_price_column_non_null,0.12,0.15,0.01,2.0,,,2026-04-02 03:06:19,Normal,tcgcsv,3452
4173,3633,1,at_least_one_price_column_non_null,4.55,6.03,3.38,420.69,,,2026-04-02 03:06:19,Foil,tcgcsv,3460
4174,3633,1,at_least_one_price_column_non_null,4.55,6.03,3.38,420.69,,,2026-04-02 03:06:19,Foil,tcgcsv,3460
4177,4274,1,at_least_one_price_column_non_null,0.08,0.15,0.01,4.99,,,2026-04-02 03:06:20,Normal,tcgcsv,4101
4183,3637,1,at_least_one_price_column_non_null,4.45,5.44,3.69,29.99,,,2026-04-02 03:06:19,Foil,tcgcsv,3464
4197,3643,1,at_least_one_price_column_non_null,32.32,33.95,26.99,300.0,,,2026-04-02 03:06:19,Foil,tcgcsv,3470
4201,3644,1,at_least_one_price_column_non_null,0.1,0.15,0.01,2.0,,,2026-04-02 03:06:19,Normal,tcgcsv,3471
4202,3644,1,at_least_one_price_column_non_null,0.1,0.15,0.01,2.0,,,2026-04-02 03:06:19,Normal,tcgcsv,3471
4203,3644,1,at_least_one_price_column_non_null,0.1,0.15,0.01,2.0,,,2026-04-02 03:06:19,Normal,tcgcsv,3471
4204,4218,1,at_least_one_price_column_non_null,0.09,0.15,0.01,1.99,,,2026-04-02 03:06:20,Normal,tcgcsv,4045
4209,4219,1,at_least_one_price_column_non_null,0.09,0.15,0.01,1.32,,,2026-04-02 03:06:20,Normal,tcgcsv,4046
4213,3648,1,at_least_one_price_column_non_null,5.22,6.08,4.5,30.0,,,2026-04-02 03:06:19,Foil,tcgcsv,3475
4214,4857,1,at_least_one_price_column_non_null,0.27,0.33,0.01,10.0,,,2026-04-02 03:06:21,Foil,tcgcsv,4713
4220,3651,1,at_least_one_price_column_non_null,5.37,6.88,4.33,29.99,,,2026-04-02 03:06:19,Foil,tcgcsv,3478
4221,4860,1,at_least_one_price_column_non_null,0.35,0.4,0.16,35.0,,,2026-04-02 03:06:21,Foil,tcgcsv,4716
4227,3654,1,at_least_one_price_column_non_null,10.62,13.44,7.99,100.0,,,2026-04-02 03:06:19,Foil,tcgcsv,3481
4228,3654,1,at_least_one_price_column_non_null,10.62,13.44,7.99,100.0,,,2026-04-02 03:06:19,Foil,tcgcsv,3481
4237,4220,1,at_least_one_price_column_non_null,0.09,0.15,0.02,1.3,,,2026-04-02 03:06:20,Normal,tcgcsv,4047
4243,4221,1,at_least_one_price_column_non_null,0.08,0.1,0.02,1.3,,,2026-04-02 03:06:20,Normal,tcgcsv,4048
4246,4222,1,at_least_one_price_column_non_null,0.04,0.1,0.01,1.29,,,2026-04-02 03:06:20,Normal,tcgcsv,4049
4249,4223,1,at_least_one_price_column_non_null,0.06,0.1,0.01,1.0,,,2026-04-02 03:06:20,Normal,tcgcsv,4050
4253,3663,1,at_least_one_price_column_non_null,0.09,0.19,0.01,5.0,,,2026-04-02 03:06:19,Foil,tcgcsv,3490
4254,4224,1,at_least_one_price_column_non_null,0.1,0.14,0.02,1.3,,,2026-04-02 03:06:20,Normal,tcgcsv,4051
4259,3664,1,at_least_one_price_column_non_null,0.14,0.2,0.01,5.0,,,2026-04-02 03:06:19,Foil,tcgcsv,3491
4260,4225,1,at_least_one_price_column_non_null,0.11,0.15,0.01,1.29,,,2026-04-02 03:06:20,Normal,tcgcsv,4052
4271,3669,1,at_least_one_price_column_non_null,97.36,109.98,93.7,450.0,,,2026-04-02 03:06:19,Foil,tcgcsv,3496
4277,3671,1,at_least_one_price_column_non_null,77.77,86.96,78.49,699.99,,,2026-04-02 03:06:19,Foil,tcgcsv,3498
4280,4241,1,at_least_one_price_column_non_null,0.07,0.1,0.01,1.29,,,2026-04-02 03:06:20,Normal,tcgcsv,4068
4286,3675,1,at_least_one_price_column_non_null,9.22,13.0,6.5,49.99,,,2026-04-02 03:06:19,Foil,tcgcsv,3502
4287,3675,1,at_least_one_price_column_non_null,9.22,13.0,6.5,49.99,,,2026-04-02 03:06:19,Foil,tcgcsv,3502
4288,4873,1,at_least_one_price_column_non_null,0.31,0.5,0.18,5.0,,,2026-04-02 03:06:21,Foil,tcgcsv,4729
4299,3680,1,at_least_one_price_column_non_null,16.65,21.72,15.87,100.0,,,2026-04-02 03:06:19,Foil,tcgcsv,3507
4300,3680,1,at_least_one_price_column_non_null,16.65,21.72,15.87,100.0,,,2026-04-02 03:06:19,Foil,tcgcsv,3507
4301,4876,1,at_least_one_price_column_non_null,0.49,0.5,0.25,3.08,,,2026-04-02 03:06:21,Foil,tcgcsv,4732
4304,3681,1,at_least_one_price_column_non_null,0.14,0.16,0.01,20.0,,,2026-04-02 03:06:19,Normal,tcgcsv,3508
4305,4242,1,at_least_one_price_column_non_null,0.13,0.15,0.03,1.32,,,2026-04-02 03:06:20,Normal,tcgcsv,4069
4311,3684,1,at_least_one_price_column_non_null,6.65,9.0,5.25,34.99,,,2026-04-02 03:06:19,Foil,tcgcsv,3511
4312,4879,1,at_least_one_price_column_non_null,0.27,0.32,0.1,10.0,,,2026-04-02 03:06:21,Foil,tcgcsv,4735
4321,3688,1,at_least_one_price_column_non_null,0.2,0.24,0.02,5.0,,,2026-04-02 03:06:19,Foil,tcgcsv,3515
4323,3688,1,at_least_one_price_column_non_null,0.2,0.24,0.02,5.0,,,2026-04-02 03:06:19,Foil,tcgcsv,3515
4324,4243,1,at_least_one_price_column_non_null,0.13,0.15,0.03,1.98,,,2026-04-02 03:06:20,Normal,tcgcsv,4070
4329,3689,1,at_least_one_price_column_non_null,0.1,0.15,0.01,5.07,,,2026-04-02 03:06:19,Normal,tcgcsv,3516
4330,4244,1,at_least_one_price_column_non_null,0.07,0.12,0.02,1.86,,,2026-04-02 03:06:20,Normal,tcgcsv,4071
4334,4245,1,at_least_one_price_column_non_null,0.31,0.3,0.14,1.52,,,2026-04-02 03:06:20,Normal,tcgcsv,4072
4336,3690,1,at_least_one_price_column_non_null,0.77,0.99,0.25,7.0,,,2026-04-02 03:06:19,Foil,tcgcsv,3517
4347,3694,1,at_least_one_price_column_non_null,27.34,37.0,27.91,299.99,,,2026-04-02 03:06:19,Foil,tcgcsv,3521
4354,4255,1,at_least_one_price_column_non_null,0.11,0.15,0.02,4.99,,,2026-04-02 03:06:20,Normal,tcgcsv,4082
4364,3699,1,at_least_one_price_column_non_null,0.12,0.2,0.01,5.0,,,2026-04-02 03:06:19,Foil,tcgcsv,3526
4365,4256,1,at_least_one_price_column_non_null,0.1,0.18,0.03,4.99,,,2026-04-02 03:06:20,Normal,tcgcsv,4083
4371,4257,1,at_least_one_price_column_non_null,0.1,0.15,0.01,4.99,,,2026-04-02 03:06:20,Normal,tcgcsv,4084
4374,3702,1,at_least_one_price_column_non_null,0.1,0.2,0.01,2.0,,,2026-04-02 03:06:19,Normal,tcgcsv,3529
4375,3702,1,at_least_one_price_column_non_null,0.1,0.2,0.01,2.0,,,2026-04-02 03:06:19,Normal,tcgcsv,3529
4376,3702,1,at_least_one_price_column_non_null,0.1,0.2,0.01,2.0,,,2026-04-02 03:06:19,Normal,tcgcsv,3529
4377,4258,1,at_least_one_price_column_non_null,0.1,0.15,0.02,4.99,,,2026-04-02 03:06:20,Normal,tcgcsv,4085
4380,4259,1,at_least_one_price_column_non_null,0.11,0.12,0.02,4.99,,,2026-04-02 03:06:20,Normal,tcgcsv,4086
4383,4260,1,at_least_one_price_column_non_null,0.08,0.15,0.01,4.99,,,2026-04-02 03:06:20,Normal,tcgcsv,4087
4395,4888,1,at_least_one_price_column_non_null,0.36,0.4,0.05,10.0,,,2026-04-02 03:06:21,Foil,tcgcsv,4744
4403,3711,1,at_least_one_price_column_non_null,0.15,0.25,0.05,5.0,,,2026-04-02 03:06:19,Foil,tcgcsv,3538
4404,4261,1,at_least_one_price_column_non_null,0.08,0.15,0.02,4.99,,,2026-04-02 03:06:20,Normal,tcgcsv,4088
4408,3712,1,at_least_one_price_column_non_null,0.42,0.48,0.25,5.0,,,2026-04-02 03:06:19,Foil,tcgcsv,3539
4420,4262,1,at_least_one_price_column_non_null,0.07,0.15,0.02,4.99,,,2026-04-02 03:06:20,Normal,tcgcsv,4089
4430,3720,1,at_least_one_price_column_non_null,3.98,4.85,3.36,29.99,,,2026-04-02 03:06:19,Foil,tcgcsv,3547
4437,3723,1,at_least_one_price_column_non_null,0.12,0.15,0.01,3.82,,,2026-04-02 03:06:19,Normal,tcgcsv,3550
4438,3723,1,at_least_one_price_column_non_null,0.12,0.15,0.01,3.82,,,2026-04-02 03:06:19,Normal,tcgcsv,3550
4439,3723,1,at_least_one_price_column_non_null,0.12,0.15,0.01,3.82,,,2026-04-02 03:06:19,Normal,tcgcsv,3550
4440,3723,1,at_least_one_price_column_non_null,0.12,0.15,0.01,3.82,,,2026-04-02 03:06:19,Normal,tcgcsv,3550
4441,3723,1,at_least_one_price_column_non_null,0.12,0.15,0.01,3.82,,,2026-04-02 03:06:19,Normal,tcgcsv,3550
4442,3723,1,at_least_one_price_column_non_null,0.12,0.15,0.01,3.82,,,2026-04-02 03:06:19,Normal,tcgcsv,3550
4446,3725,1,at_least_one_price_column_non_null,39.19,43.69,33.75,420.69,,,2026-04-02 03:06:19,Foil,tcgcsv,3552
4449,3726,1,at_least_one_price_column_non_null,0.22,0.25,0.09,25.0,,,2026-04-02 03:06:19,Normal,tcgcsv,3553
4450,3726,1,at_least_one_price_column_non_null,0.22,0.25,0.09,25.0,,,2026-04-02 03:06:19,Normal,tcgcsv,3553
4469,3735,1,at_least_one_price_column_non_null,0.26,0.26,0.1,5.0,,,2026-04-02 03:06:19,Foil,tcgcsv,3562
4476,4621,1,at_least_one_price_column_non_null,234.17,254.97,191.98,500.0,,,2026-04-02 03:06:20,Foil,tcgcsv,4447
4484,4622,1,at_least_one_price_column_non_null,541.35,422.5,334.69,1300.0,,,2026-04-02 03:06:20,Foil,tcgcsv,4448
4490,3754,1,at_least_one_price_column_non_null,18.41,22.68,16.92,149.99,,,2026-04-02 03:06:19,Foil,tcgcsv,3581
4494,3756,1,at_least_one_price_column_non_null,10.36,12.0,8.7,59.99,,,2026-04-02 03:06:19,Foil,tcgcsv,3583
4498,3758,1,at_least_one_price_column_non_null,19.25,21.23,18.2,75.0,,,2026-04-02 03:06:19,Foil,tcgcsv,3585
4504,3761,1,at_least_one_price_column_non_null,21.12,23.73,20.0,65.0,,,2026-04-02 03:06:19,Foil,tcgcsv,3588
4505,3761,1,at_least_one_price_column_non_null,21.12,23.73,20.0,65.0,,,2026-04-02 03:06:19,Foil,tcgcsv,3588
4507,3762,1,at_least_one_price_column_non_null,0.06,0.1,0.01,2.0,,,2026-04-02 03:06:19,Normal,tcgcsv,3589
4519,3767,1,at_least_one_price_column_non_null,0.86,0.99,0.26,60.0,,,2026-04-02 03:06:19,Foil,tcgcsv,3594
4531,3773,1,at_least_one_price_column_non_null,4.83,5.79,4.0,39.99,,,2026-04-02 03:06:19,Foil,tcgcsv,3600
4541,3777,1,at_least_one_price_column_non_null,62.51,68.0,54.99,299.99,,,2026-04-02 03:06:19,Foil,tcgcsv,3604
4549,3781,1,at_least_one_price_column_non_null,24.94,27.7,19.77,199.99,,,2026-04-02 03:06:19,Foil,tcgcsv,3608
4562,3787,1,at_least_one_price_column_non_null,0.06,0.12,0.01,2.0,,,2026-04-02 03:06:19,Normal,tcgcsv,3614
4568,3790,1,at_least_one_price_column_non_null,11.98,17.2,9.48,50.0,,,2026-04-02 03:06:19,Foil,tcgcsv,3617
4578,3793,1,at_least_one_price_column_non_null,16.01,18.53,15.41,49.25,,,2026-04-02 03:06:19,Foil,tcgcsv,3620
4579,4903,1,at_least_one_price_column_non_null,1.8,2.29,1.0,25.0,,,2026-04-02 03:06:21,Foil,tcgcsv,4759
4582,3794,1,at_least_one_price_column_non_null,0.22,0.25,0.1,2.0,,,2026-04-02 03:06:19,Normal,tcgcsv,3621
4583,3794,1,at_least_one_price_column_non_null,0.22,0.25,0.1,2.0,,,2026-04-02 03:06:19,Normal,tcgcsv,3621
4593,3799,1,at_least_one_price_column_non_null,4.51,5.49,3.68,30.0,,,2026-04-02 03:06:19,Foil,tcgcsv,3626
4605,3805,1,at_least_one_price_column_non_null,30.28,35.0,30.0,199.99,,,2026-04-02 03:06:19,Foil,tcgcsv,3632
4606,3805,1,at_least_one_price_column_non_null,30.28,35.0,30.0,199.99,,,2026-04-02 03:06:19,Foil,tcgcsv,3632
4614,3809,1,at_least_one_price_column_non_null,53.36,50.38,43.0,75.0,,,2026-04-02 03:06:19,Foil,tcgcsv,3636
4618,3811,1,at_least_one_price_column_non_null,5.98,9.19,5.0,50.0,,,2026-04-02 03:06:19,Foil,tcgcsv,3638
4619,4908,1,at_least_one_price_column_non_null,0.27,0.27,0.01,10.0,,,2026-04-02 03:06:21,Foil,tcgcsv,4764
4626,3814,1,at_least_one_price_column_non_null,0.24,0.25,0.02,5.0,,,2026-04-02 03:06:19,Foil,tcgcsv,3641
4646,3824,1,at_least_one_price_column_non_null,13.49,15.14,11.68,99.99,,,2026-04-02 03:06:19,Foil,tcgcsv,3651
4657,4432,1,at_least_one_price_column_non_null,32.46,36.7,29.99,150.0,,,2026-04-02 03:06:20,Foil,tcgcsv,4259
4662,5241,1,at_least_one_price_column_non_null,174.34,180.0,165.0,295.0,,,2026-04-02 03:06:21,Foil,tcgcsv,5099
4663,3831,1,at_least_one_price_column_non_null,1.75,2.0,0.2,7.77,,,2026-04-02 03:06:19,Foil,tcgcsv,3658
4669,3834,1,at_least_one_price_column_non_null,4.27,5.0,3.0,40.0,,,2026-04-02 03:06:19,Foil,tcgcsv,3661
4679,3839,1,at_least_one_price_column_non_null,26.2,29.38,25.97,100.0,,,2026-04-02 03:06:19,Foil,tcgcsv,3666
4683,3841,1,at_least_one_price_column_non_null,27.41,29.95,24.99,50.0,,,2026-04-02 03:06:19,Foil,tcgcsv,3668
4707,3852,1,at_least_one_price_column_non_null,33.8,36.58,30.0,92.78,,,2026-04-02 03:06:19,Foil,tcgcsv,3679
4714,4263,1,at_least_one_price_column_non_null,0.04,0.1,0.01,4.99,,,2026-04-02 03:06:20,Normal,tcgcsv,4090
4728,3861,1,at_least_one_price_column_non_null,3.53,4.07,2.0,48.0,,,2026-04-02 03:06:19,Foil,tcgcsv,3688
4733,3863,1,at_least_one_price_column_non_null,0.15,0.15,0.01,1.6,,,2026-04-02 03:06:19,Normal,tcgcsv,3690
4734,3863,1,at_least_one_price_column_non_null,0.15,0.15,0.01,1.6,,,2026-04-02 03:06:19,Normal,tcgcsv,3690
4735,3863,1,at_least_one_price_column_non_null,0.15,0.15,0.01,1.6,,,2026-04-02 03:06:19,Normal,tcgcsv,3690
4743,3866,1,at_least_one_price_column_non_null,0.16,0.2,0.01,5.0,,,2026-04-02 03:06:19,Foil,tcgcsv,3693
4754,3871,1,at_least_one_price_column_non_null,28.03,37.0,26.98,149.99,,,2026-04-02 03:06:19,Foil,tcgcsv,3698
4773,3879,1,at_least_one_price_column_non_null,0.17,0.18,0.03,2.0,,,2026-04-02 03:06:19,Normal,tcgcsv,3706
4774,3879,1,at_least_one_price_column_non_null,0.17,0.18,0.03,2.0,,,2026-04-02 03:06:19,Normal,tcgcsv,3706
4775,3879,1,at_least_one_price_column_non_null,0.17,0.18,0.03,2.0,,,2026-04-02 03:06:19,Normal,tcgcsv,3706
4783,3881,1,at_least_one_price_column_non_null,0.41,0.51,0.09,49.0,,,2026-04-02 03:06:19,Foil,tcgcsv,3708
4790,3884,1,at_least_one_price_column_non_null,10.13,15.0,9.7,99.99,,,2026-04-02 03:06:19,Foil,tcgcsv,3711
4794,3886,1,at_least_one_price_column_non_null,23.86,25.5,20.0,75.0,,,2026-04-02 03:06:19,Foil,tcgcsv,3713
4795,4937,1,at_least_one_price_column_non_null,1.19,1.54,0.59,99.9,,,2026-04-02 03:06:21,Foil,tcgcsv,4794
4802,3888,1,at_least_one_price_column_non_null,0.11,0.2,0.01,2.0,,,2026-04-02 03:06:19,Normal,tcgcsv,3715
4813,3893,1,at_least_one_price_column_non_null,39.17,43.0,36.78,1000.0,,,2026-04-02 03:06:19,Foil,tcgcsv,3720
4818,3895,1,at_least_one_price_column_non_null,32.25,35.25,27.0,100.0,,,2026-04-02 03:06:19,Foil,tcgcsv,3722
4819,3895,1,at_least_one_price_column_non_null,32.25,35.25,27.0,100.0,,,2026-04-02 03:06:19,Foil,tcgcsv,3722
4858,4032,1,at_least_one_price_column_non_null,0.13,0.15,0.01,1.58,,,2026-04-02 03:06:20,Normal,tcgcsv,3859
4903,4054,1,at_least_one_price_column_non_null,0.2,0.23,0.03,3.75,,,2026-04-02 03:06:20,Foil,tcgcsv,3881
4953,4077,1,at_least_one_price_column_non_null,0.1,0.15,0.01,10.0,,,2026-04-02 03:06:20,Foil,tcgcsv,3904
4954,4077,1,at_least_one_price_column_non_null,0.1,0.15,0.01,10.0,,,2026-04-02 03:06:20,Foil,tcgcsv,3904
4980,4624,1,at_least_one_price_column_non_null,41.55,56.73,37.98,347.99,,,2026-04-02 03:06:20,Foil,tcgcsv,4450
4981,4088,1,at_least_one_price_column_non_null,0.15,0.15,0.01,23.0,,,2026-04-02 03:06:20,Normal,tcgcsv,3915
4982,4088,1,at_least_one_price_column_non_null,0.15,0.15,0.01,23.0,,,2026-04-02 03:06:20,Normal,tcgcsv,3915
4987,4090,1,at_least_one_price_column_non_null,0.22,0.25,0.04,2.99,,,2026-04-02 03:06:20,Foil,tcgcsv,3917
4988,4090,1,at_least_one_price_column_non_null,0.22,0.25,0.04,2.99,,,2026-04-02 03:06:20,Foil,tcgcsv,3917
5001,4096,1,at_least_one_price_column_non_null,0.11,0.15,0.01,1.58,,,2026-04-02 03:06:20,Normal,tcgcsv,3923
5020,4104,1,at_least_one_price_column_non_null,0.17,0.2,0.02,2.0,,,2026-04-02 03:06:20,Foil,tcgcsv,3931
5083,4134,1,at_least_one_price_column_non_null,0.18,0.2,0.01,2.8,,,2026-04-02 03:06:20,Normal,tcgcsv,3961
5160,4292,1,at_least_one_price_column_non_null,0.09,0.17,0.01,7.08,,,2026-04-02 03:06:20,Foil,tcgcsv,4119
5161,4292,1,at_least_one_price_column_non_null,0.09,0.17,0.01,7.08,,,2026-04-02 03:06:20,Foil,tcgcsv,4119
5193,4307,1,at_least_one_price_column_non_null,0.17,0.25,0.01,25.0,,,2026-04-02 03:06:20,Foil,tcgcsv,4134
5218,4316,1,at_least_one_price_column_non_null,0.19,0.24,0.1,2.83,,,2026-04-02 03:06:20,Normal,tcgcsv,4143
5219,4316,1,at_least_one_price_column_non_null,0.19,0.24,0.1,2.83,,,2026-04-02 03:06:20,Normal,tcgcsv,4143
5224,4318,1,at_least_one_price_column_non_null,0.17,0.2,0.02,6.26,,,2026-04-02 03:06:20,Foil,tcgcsv,4145
5225,4318,1,at_least_one_price_column_non_null,0.17,0.2,0.02,6.26,,,2026-04-02 03:06:20,Foil,tcgcsv,4145
5226,4318,1,at_least_one_price_column_non_null,0.17,0.2,0.02,6.26,,,2026-04-02 03:06:20,Foil,tcgcsv,4145
5233,5242,1,at_least_one_price_column_non_null,162.91,185.47,140.0,499.0,,,2026-04-02 03:06:21,Foil,tcgcsv,5100
5256,4329,1,at_least_one_price_column_non_null,0.11,0.12,0.01,8.11,,,2026-04-02 03:06:20,Normal,tcgcsv,4156
5266,4333,1,at_least_one_price_column_non_null,0.22,0.28,0.01,25.0,,,2026-04-02 03:06:20,Foil,tcgcsv,4160
5267,4333,1,at_least_one_price_column_non_null,0.22,0.28,0.01,25.0,,,2026-04-02 03:06:20,Foil,tcgcsv,4160
5298,4348,1,at_least_one_price_column_non_null,0.17,0.22,0.01,99.0,,,2026-04-02 03:06:20,Normal,tcgcsv,4175
5299,4348,1,at_least_one_price_column_non_null,0.17,0.22,0.01,99.0,,,2026-04-02 03:06:20,Normal,tcgcsv,4175
5329,4362,1,at_least_one_price_column_non_null,0.13,0.15,0.01,4.64,,,2026-04-02 03:06:20,Foil,tcgcsv,4189
5330,4362,1,at_least_one_price_column_non_null,0.13,0.15,0.01,4.64,,,2026-04-02 03:06:20,Foil,tcgcsv,4189
5355,4373,1,at_least_one_price_column_non_null,1.71,1.99,0.2,4.72,,,2026-04-02 03:06:20,Foil,tcgcsv,4200
5356,4373,1,at_least_one_price_column_non_null,1.71,1.99,0.2,4.72,,,2026-04-02 03:06:20,Foil,tcgcsv,4200
5375,4382,1,at_least_one_price_column_non_null,0.22,0.25,0.1,8.22,,,2026-04-02 03:06:20,Foil,tcgcsv,4209
5376,4382,1,at_least_one_price_column_non_null,0.22,0.25,0.1,8.22,,,2026-04-02 03:06:20,Foil,tcgcsv,4209
5403,4395,1,at_least_one_price_column_non_null,0.14,0.2,0.01,2.83,,,2026-04-02 03:06:20,Foil,tcgcsv,4222
5412,4399,1,at_least_one_price_column_non_null,0.12,0.16,0.01,1.58,,,2026-04-02 03:06:20,Normal,tcgcsv,4226
5413,4399,1,at_least_one_price_column_non_null,0.12,0.16,0.01,1.58,,,2026-04-02 03:06:20,Normal,tcgcsv,4226
5428,4405,1,at_least_one_price_column_non_null,0.12,0.19,0.06,1.49,,,2026-04-02 03:06:20,Normal,tcgcsv,4232
5429,4405,1,at_least_one_price_column_non_null,0.12,0.19,0.06,1.49,,,2026-04-02 03:06:20,Normal,tcgcsv,4232
5448,4414,1,at_least_one_price_column_non_null,0.1,0.15,0.01,5.0,,,2026-04-02 03:06:20,Normal,tcgcsv,4241
5449,4414,1,at_least_one_price_column_non_null,0.1,0.15,0.01,5.0,,,2026-04-02 03:06:20,Normal,tcgcsv,4241
5457,5114,1,at_least_one_price_column_non_null,33.67,39.0,30.54,134.64,,,2026-04-02 03:06:21,Foil,tcgcsv,4972
5468,4421,1,at_least_one_price_column_non_null,0.3,0.34,0.01,14.0,,,2026-04-02 03:06:20,Foil,tcgcsv,4248
5469,4421,1,at_least_one_price_column_non_null,0.3,0.34,0.01,14.0,,,2026-04-02 03:06:20,Foil,tcgcsv,4248
5470,4421,1,at_least_one_price_column_non_null,0.3,0.34,0.01,14.0,,,2026-04-02 03:06:20,Foil,tcgcsv,4248
5471,4421,1,at_least_one_price_column_non_null,0.3,0.34,0.01,14.0,,,2026-04-02 03:06:20,Foil,tcgcsv,4248
5474,4422,1,at_least_one_price_column_non_null,0.13,0.15,0.01,1.58,,,2026-04-02 03:06:20,Normal,tcgcsv,4249
5530,4469,1,at_least_one_price_column_non_null,0.19,0.25,0.01,2.99,,,2026-04-02 03:06:20,Foil,tcgcsv,4296
5547,4477,1,at_least_one_price_column_non_null,0.16,0.18,0.01,2.74,,,2026-04-02 03:06:20,Foil,tcgcsv,4304
5596,4501,1,at_least_one_price_column_non_null,0.23,0.25,0.01,25.0,,,2026-04-02 03:06:20,Foil,tcgcsv,4328
5637,4521,1,at_least_one_price_column_non_null,0.12,0.19,0.01,4.0,,,2026-04-02 03:06:20,Foil,tcgcsv,4348
5650,4527,1,at_least_one_price_column_non_null,0.15,0.16,0.01,1.58,,,2026-04-02 03:06:20,Normal,tcgcsv,4354
5651,4527,1,at_least_one_price_column_non_null,0.15,0.16,0.01,1.58,,,2026-04-02 03:06:20,Normal,tcgcsv,4354
5698,4551,1,at_least_one_price_column_non_null,548.98,532.51,440.54,2000.0,,,2026-04-02 03:06:20,Foil,tcgcsv,4378
5699,4551,1,at_least_one_price_column_non_null,548.98,532.51,440.54,2000.0,,,2026-04-02 03:06:20,Foil,tcgcsv,4378
5710,4557,1,at_least_one_price_column_non_null,521.35,547.42,490.0,2000.0,,,2026-04-02 03:06:20,Foil,tcgcsv,4384
5711,4557,1,at_least_one_price_column_non_null,521.35,547.42,490.0,2000.0,,,2026-04-02 03:06:20,Foil,tcgcsv,4384
5716,4560,1,at_least_one_price_column_non_null,497.48,439.99,385.0,2000.0,,,2026-04-02 03:06:20,Foil,tcgcsv,4387
5717,4560,1,at_least_one_price_column_non_null,497.48,439.99,385.0,2000.0,,,2026-04-02 03:06:20,Foil,tcgcsv,4387
5722,4562,1,at_least_one_price_column_non_null,0.43,0.5,0.25,3.06,,,2026-04-02 03:06:20,Normal,tcgcsv,4389
5723,4562,1,at_least_one_price_column_non_null,0.43,0.5,0.25,3.06,,,2026-04-02 03:06:20,Normal,tcgcsv,4389
5732,4567,1,at_least_one_price_column_non_null,467.73,480.74,402.25,2000.0,,,2026-04-02 03:06:20,Foil,tcgcsv,4394
5733,4567,1,at_least_one_price_column_non_null,467.73,480.74,402.25,2000.0,,,2026-04-02 03:06:20,Foil,tcgcsv,4394
5740,4571,1,at_least_one_price_column_non_null,520.26,548.16,503.77,2000.0,,,2026-04-02 03:06:20,Foil,tcgcsv,4398
5741,4571,1,at_least_one_price_column_non_null,520.26,548.16,503.77,2000.0,,,2026-04-02 03:06:20,Foil,tcgcsv,4398
5810,4606,1,at_least_one_price_column_non_null,73.12,100.0,67.99,1000.0,,,2026-04-02 03:06:20,Foil,tcgcsv,4433
5811,4606,1,at_least_one_price_column_non_null,73.12,100.0,67.99,1000.0,,,2026-04-02 03:06:20,Foil,tcgcsv,4433
5812,4606,1,at_least_one_price_column_non_null,73.12,100.0,67.99,1000.0,,,2026-04-02 03:06:20,Foil,tcgcsv,4433
5813,4606,1,at_least_one_price_column_non_null,73.12,100.0,67.99,1000.0,,,2026-04-02 03:06:20,Foil,tcgcsv,4433
5821,4611,1,at_least_one_price_column_non_null,21.24,30.0,19.0,500.0,,,2026-04-02 03:06:20,Foil,tcgcsv,4437
5822,4611,1,at_least_one_price_column_non_null,21.24,30.0,19.0,500.0,,,2026-04-02 03:06:20,Foil,tcgcsv,4437
5823,4611,1,at_least_one_price_column_non_null,21.24,30.0,19.0,500.0,,,2026-04-02 03:06:20,Foil,tcgcsv,4437
5824,4611,1,at_least_one_price_column_non_null,21.24,30.0,19.0,500.0,,,2026-04-02 03:06:20,Foil,tcgcsv,4437
5832,4616,1,at_least_one_price_column_non_null,23.15,29.95,23.15,200.0,,,2026-04-02 03:06:20,Foil,tcgcsv,4442
5833,4616,1,at_least_one_price_column_non_null,23.15,29.95,23.15,200.0,,,2026-04-02 03:06:20,Foil,tcgcsv,4442
5834,4616,1,at_least_one_price_column_non_null,23.15,29.95,23.15,200.0,,,2026-04-02 03:06:20,Foil,tcgcsv,4442
5835,4616,1,at_least_one_price_column_non_null,23.15,29.95,23.15,200.0,,,2026-04-02 03:06:20,Foil,tcgcsv,4442
5895,5152,1,at_least_one_price_column_non_null,0.37,0.5,0.15,9.95,,,2026-04-02 03:06:21,Foil,tcgcsv,5010
6100,5221,1,at_least_one_price_column_non_null,0.23,0.31,0.01,25.0,,,2026-04-02 03:06:21,Normal,tcgcsv,5079
6362,824,1,at_least_one_price_column_non_null,1.02,1.03,0.75,5.0,,,2026-04-02 03:06:17,Normal,tcgcsv,814
6370,3173,1,at_least_one_price_column_non_null,0.2,0.24,0.01,5.0,,,2026-04-02 03:06:19,Normal,tcgcsv,2975
6376,3195,1,at_least_one_price_column_non_null,0.26,0.27,0.02,5.0,,,2026-04-02 03:06:19,Normal,tcgcsv,2996
6397,3213,1,at_least_one_price_column_non_null,2.96,3.99,2.1,40.0,,,2026-04-02 03:06:19,Normal,tcgcsv,3012
6461,3178,1,at_least_one_price_column_non_null,1.85,2.0,0.99,20.0,,,2026-04-02 03:06:19,Normal,tcgcsv,2980
6592,1883,1,at_least_one_price_column_non_null,2.83,5.0,2.08,29.99,,,2026-04-02 03:06:17,Foil,tcgcsv,1716
6608,1830,1,at_least_one_price_column_non_null,0.43,0.6,0.1,85.0,,,2026-04-02 03:06:17,Normal,tcgcsv,1674
6611,1831,1,at_least_one_price_column_non_null,0.57,0.96,0.01,9999.0,,,2026-04-02 03:06:17,Normal,tcgcsv,1675
6614,1832,1,at_least_one_price_column_non_null,0.39,0.49,0.05,60.0,,,2026-04-02 03:06:17,Normal,tcgcsv,1676
6617,1833,1,at_least_one_price_column_non_null,0.31,0.39,0.1,70.0,,,2026-04-02 03:06:17,Normal,tcgcsv,1677
6620,1834,1,at_least_one_price_column_non_null,1.42,2.73,0.99,9999.0,,,2026-04-02 03:06:17,Normal,tcgcsv,1678
6623,1835,1,at_least_one_price_column_non_null,0.95,1.09,0.2,9999.0,,,2026-04-02 03:06:17,Normal,tcgcsv,1679
6624,1835,1,at_least_one_price_column_non_null,0.95,1.09,0.2,9999.0,,,2026-04-02 03:06:17,Normal,tcgcsv,1679
6690,5110,1,at_least_one_price_column_non_null,959.12,965.56,824.94,29999.0,,,2026-04-02 03:06:21,Foil,tcgcsv,4968
6743,628,1,at_least_one_price_column_non_null,32.9,34.98,15.89,120.99,,,2026-04-02 03:06:16,Foil,tcgcsv,630
6744,628,1,at_least_one_price_column_non_null,32.9,34.98,15.89,120.99,,,2026-04-02 03:06:16,Foil,tcgcsv,630
6747,629,1,at_least_one_price_column_non_null,0.11,0.2,0.02,3.5,,,2026-04-02 03:06:16,Normal,tcgcsv,631
6748,629,1,at_least_one_price_column_non_null,0.11,0.2,0.02,3.5,,,2026-04-02 03:06:16,Normal,tcgcsv,631
6749,629,1,at_least_one_price_column_non_null,0.11,0.2,0.02,3.5,,,2026-04-02 03:06:16,Normal,tcgcsv,631
6750,629,1,at_least_one_price_column_non_null,0.11,0.2,0.02,3.5,,,2026-04-02 03:06:16,Normal,tcgcsv,631
6751,629,1,at_least_one_price_column_non_null,0.11,0.2,0.02,3.5,,,2026-04-02 03:06:16,Normal,tcgcsv,631
6756,631,1,at_least_one_price_column_non_null,0.28,0.4,0.1,5.0,,,2026-04-02 03:06:16,Normal,tcgcsv,633
6757,631,1,at_least_one_price_column_non_null,0.28,0.4,0.1,5.0,,,2026-04-02 03:06:16,Normal,tcgcsv,633
6758,631,1,at_least_one_price_column_non_null,0.28,0.4,0.1,5.0,,,2026-04-02 03:06:16,Normal,tcgcsv,633
6759,631,1,at_least_one_price_column_non_null,0.28,0.4,0.1,5.0,,,2026-04-02 03:06:16,Normal,tcgcsv,633
6760,631,1,at_least_one_price_column_non_null,0.28,0.4,0.1,5.0,,,2026-04-02 03:06:16,Normal,tcgcsv,633
6763,632,1,at_least_one_price_column_non_null,0.13,0.2,0.01,2.0,,,2026-04-02 03:06:16,Normal,tcgcsv,634
6764,632,1,at_least_one_price_column_non_null,0.13,0.2,0.01,2.0,,,2026-04-02 03:06:16,Normal,tcgcsv,634
6765,632,1,at_least_one_price_column_non_null,0.13,0.2,0.01,2.0,,,2026-04-02 03:06:16,Normal,tcgcsv,634
6766,632,1,at_least_one_price_column_non_null,0.13,0.2,0.01,2.0,,,2026-04-02 03:06:16,Normal,tcgcsv,634
6769,633,1,at_least_one_price_column_non_null,0.2,0.25,0.08,5.0,,,2026-04-02 03:06:16,Normal,tcgcsv,635
6770,633,1,at_least_one_price_column_non_null,0.2,0.25,0.08,5.0,,,2026-04-02 03:06:16,Normal,tcgcsv,635
6771,633,1,at_least_one_price_column_non_null,0.2,0.25,0.08,5.0,,,2026-04-02 03:06:16,Normal,tcgcsv,635
6772,633,1,at_least_one_price_column_non_null,0.2,0.25,0.08,5.0,,,2026-04-02 03:06:16,Normal,tcgcsv,635
6773,633,1,at_least_one_price_column_non_null,0.2,0.25,0.08,5.0,,,2026-04-02 03:06:16,Normal,tcgcsv,635
6774,633,1,at_least_one_price_column_non_null,0.2,0.25,0.08,5.0,,,2026-04-02 03:06:16,Normal,tcgcsv,635
6775,633,1,at_least_one_price_column_non_null,0.2,0.25,0.08,5.0,,,2026-04-02 03:06:16,Normal,tcgcsv,635
6776,633,1,at_least_one_price_column_non_null,0.2,0.25,0.08,5.0,,,2026-04-02 03:06:16,Normal,tcgcsv,635
6777,633,1,at_least_one_price_column_non_null,0.2,0.25,0.08,5.0,,,2026-04-02 03:06:16,Normal,tcgcsv,635
6778,633,1,at_least_one_price_column_non_null,0.2,0.25,0.08,5.0,,,2026-04-02 03:06:16,Normal,tcgcsv,635
6779,633,1,at_least_one_price_column_non_null,0.2,0.25,0.08,5.0,,,2026-04-02 03:06:16,Normal,tcgcsv,635
6783,633,1,at_least_one_price_column_non_null,0.2,0.25,0.08,5.0,,,2026-04-02 03:06:16,Normal,tcgcsv,635
6787,634,1,at_least_one_price_column_non_null,1.5,1.85,0.65,28.7,,,2026-04-02 03:06:16,Normal,tcgcsv,636
6788,634,1,at_least_one_price_column_non_null,1.5,1.85,0.65,28.7,,,2026-04-02 03:06:16,Normal,tcgcsv,636
6789,634,1,at_least_one_price_column_non_null,1.5,1.85,0.65,28.7,,,2026-04-02 03:06:16,Normal,tcgcsv,636
6790,634,1,at_least_one_price_column_non_null,1.5,1.85,0.65,28.7,,,2026-04-02 03:06:16,Normal,tcgcsv,636
6791,634,1,at_least_one_price_column_non_null,1.5,1.85,0.65,28.7,,,2026-04-02 03:06:16,Normal,tcgcsv,636
6792,634,1,at_least_one_price_column_non_null,1.5,1.85,0.65,28.7,,,2026-04-02 03:06:16,Normal,tcgcsv,636
6793,634,1,at_least_one_price_column_non_null,1.5,1.85,0.65,28.7,,,2026-04-02 03:06:16,Normal,tcgcsv,636
6794,2694,1,at_least_one_price_column_non_null,219.13,214.0,152.63,500.0,,,2026-04-02 03:06:18,Foil,tcgcsv,2502
6795,634,1,at_least_one_price_column_non_null,1.5,1.85,0.65,28.7,,,2026-04-02 03:06:16,Normal,tcgcsv,636
6796,634,1,at_least_one_price_column_non_null,1.5,1.85,0.65,28.7,,,2026-04-02 03:06:16,Normal,tcgcsv,636
6797,634,1,at_least_one_price_column_non_null,1.5,1.85,0.65,28.7,,,2026-04-02 03:06:16,Normal,tcgcsv,636
6800,635,1,at_least_one_price_column_non_null,0.14,0.25,0.01,1.32,,,2026-04-02 03:06:16,Normal,tcgcsv,637
6801,635,1,at_least_one_price_column_non_null,0.14,0.25,0.01,1.32,,,2026-04-02 03:06:16,Normal,tcgcsv,637
6802,635,1,at_least_one_price_column_non_null,0.14,0.25,0.01,1.32,,,2026-04-02 03:06:16,Normal,tcgcsv,637
6803,635,1,at_least_one_price_column_non_null,0.14,0.25,0.01,1.32,,,2026-04-02 03:06:16,Normal,tcgcsv,637
6806,636,1,at_least_one_price_column_non_null,0.13,0.22,0.01,2.0,,,2026-04-02 03:06:16,Normal,tcgcsv,638
6807,636,1,at_least_one_price_column_non_null,0.13,0.22,0.01,2.0,,,2026-04-02 03:06:16,Normal,tcgcsv,638
6808,636,1,at_least_one_price_column_non_null,0.13,0.22,0.01,2.0,,,2026-04-02 03:06:16,Normal,tcgcsv,638
6811,637,1,at_least_one_price_column_non_null,0.13,0.2,0.04,2.0,,,2026-04-02 03:06:16,Normal,tcgcsv,639
6812,637,1,at_least_one_price_column_non_null,0.13,0.2,0.04,2.0,,,2026-04-02 03:06:16,Normal,tcgcsv,639
6813,637,1,at_least_one_price_column_non_null,0.13,0.2,0.04,2.0,,,2026-04-02 03:06:16,Normal,tcgcsv,639
6814,637,1,at_least_one_price_column_non_null,0.13,0.2,0.04,2.0,,,2026-04-02 03:06:16,Normal,tcgcsv,639
6817,638,1,at_least_one_price_column_non_null,0.37,0.5,0.1,19.0,,,2026-04-02 03:06:16,Normal,tcgcsv,640
6818,638,1,at_least_one_price_column_non_null,0.37,0.5,0.1,19.0,,,2026-04-02 03:06:16,Normal,tcgcsv,640
6819,638,1,at_least_one_price_column_non_null,0.37,0.5,0.1,19.0,,,2026-04-02 03:06:16,Normal,tcgcsv,640
6820,638,1,at_least_one_price_column_non_null,0.37,0.5,0.1,19.0,,,2026-04-02 03:06:16,Normal,tcgcsv,640
6821,638,1,at_least_one_price_column_non_null,0.37,0.5,0.1,19.0,,,2026-04-02 03:06:16,Normal,tcgcsv,640
6822,638,1,at_least_one_price_column_non_null,0.37,0.5,0.1,19.0,,,2026-04-02 03:06:16,Normal,tcgcsv,640
6823,638,1,at_least_one_price_column_non_null,0.37,0.5,0.1,19.0,,,2026-04-02 03:06:16,Normal,tcgcsv,640
6824,638,1,at_least_one_price_column_non_null,0.37,0.5,0.1,19.0,,,2026-04-02 03:06:16,Normal,tcgcsv,640
6826,638,1,at_least_one_price_column_non_null,0.37,0.5,0.1,19.0,,,2026-04-02 03:06:16,Normal,tcgcsv,640
6830,639,1,at_least_one_price_column_non_null,2.97,4.0,2.5,21.49,,,2026-04-02 03:06:16,Foil,tcgcsv,641
6831,639,1,at_least_one_price_column_non_null,2.97,4.0,2.5,21.49,,,2026-04-02 03:06:16,Foil,tcgcsv,641
6832,639,1,at_least_one_price_column_non_null,2.97,4.0,2.5,21.49,,,2026-04-02 03:06:16,Foil,tcgcsv,641
6833,639,1,at_least_one_price_column_non_null,2.97,4.0,2.5,21.49,,,2026-04-02 03:06:16,Foil,tcgcsv,641
6834,2144,1,at_least_one_price_column_non_null,436.78,402.5,300.0,1000.0,,,2026-04-02 03:06:17,Foil,tcgcsv,1958
6837,639,1,at_least_one_price_column_non_null,2.97,4.0,2.5,21.49,,,2026-04-02 03:06:16,Foil,tcgcsv,641
6838,639,1,at_least_one_price_column_non_null,2.97,4.0,2.5,21.49,,,2026-04-02 03:06:16,Foil,tcgcsv,641
6839,639,1,at_least_one_price_column_non_null,2.97,4.0,2.5,21.49,,,2026-04-02 03:06:16,Foil,tcgcsv,641
6840,639,1,at_least_one_price_column_non_null,2.97,4.0,2.5,21.49,,,2026-04-02 03:06:16,Foil,tcgcsv,641
6843,640,1,at_least_one_price_column_non_null,1.46,1.86,0.99,15.0,,,2026-04-02 03:06:16,Foil,tcgcsv,642
6845,640,1,at_least_one_price_column_non_null,1.46,1.86,0.99,15.0,,,2026-04-02 03:06:16,Foil,tcgcsv,642
6846,640,1,at_least_one_price_column_non_null,1.46,1.86,0.99,15.0,,,2026-04-02 03:06:16,Foil,tcgcsv,642
6847,640,1,at_least_one_price_column_non_null,1.46,1.86,0.99,15.0,,,2026-04-02 03:06:16,Foil,tcgcsv,642
6848,640,1,at_least_one_price_column_non_null,1.46,1.86,0.99,15.0,,,2026-04-02 03:06:16,Foil,tcgcsv,642
6849,640,1,at_least_one_price_column_non_null,1.46,1.86,0.99,15.0,,,2026-04-02 03:06:16,Foil,tcgcsv,642
6857,642,1,at_least_one_price_column_non_null,0.27,0.35,0.09,9.49,,,2026-04-02 03:06:16,Normal,tcgcsv,644
6858,642,1,at_least_one_price_column_non_null,0.27,0.35,0.09,9.49,,,2026-04-02 03:06:16,Normal,tcgcsv,644
6865,667,1,at_least_one_price_column_non_null,1.76,2.07,0.97,29.99,,,2026-04-02 03:06:17,Foil,tcgcsv,670
6872,670,1,at_least_one_price_column_non_null,0.1,0.15,0.01,7.0,,,2026-04-02 03:06:17,Normal,tcgcsv,673
6876,670,1,at_least_one_price_column_non_null,0.1,0.15,0.01,7.0,,,2026-04-02 03:06:17,Normal,tcgcsv,673
6884,673,1,at_least_one_price_column_non_null,1.03,1.25,0.8,5.97,,,2026-04-02 03:06:17,Normal,tcgcsv,676
6885,673,1,at_least_one_price_column_non_null,1.03,1.25,0.8,5.97,,,2026-04-02 03:06:17,Normal,tcgcsv,676
6886,3121,1,at_least_one_price_column_non_null,264.64,287.49,239.98,9999.0,,,2026-04-02 03:06:18,Foil,tcgcsv,2927
6889,673,1,at_least_one_price_column_non_null,1.03,1.25,0.8,5.97,,,2026-04-02 03:06:17,Normal,tcgcsv,676
6892,674,1,at_least_one_price_column_non_null,0.38,0.49,0.15,7.99,,,2026-04-02 03:06:17,Normal,tcgcsv,677
6893,674,1,at_least_one_price_column_non_null,0.38,0.49,0.15,7.99,,,2026-04-02 03:06:17,Normal,tcgcsv,677
6898,676,1,at_least_one_price_column_non_null,0.27,0.32,0.17,7.0,,,2026-04-02 03:06:17,Normal,tcgcsv,679
6905,679,1,at_least_one_price_column_non_null,1.46,1.6,0.9,11.45,,,2026-04-02 03:06:17,Foil,tcgcsv,682
6906,679,1,at_least_one_price_column_non_null,1.46,1.6,0.9,11.45,,,2026-04-02 03:06:17,Foil,tcgcsv,682
6917,686,1,at_least_one_price_column_non_null,2.44,3.77,0.5,19.99,,,2026-04-02 03:06:17,Foil,tcgcsv,689
6923,688,1,at_least_one_price_column_non_null,0.37,0.5,0.15,5.0,,,2026-04-02 03:06:17,Foil,tcgcsv,691
6924,688,1,at_least_one_price_column_non_null,0.37,0.5,0.15,5.0,,,2026-04-02 03:06:17,Foil,tcgcsv,691
6927,689,1,at_least_one_price_column_non_null,0.11,0.25,0.03,11.5,,,2026-04-02 03:06:17,Normal,tcgcsv,692
6928,3122,1,at_least_one_price_column_non_null,54.4,56.12,46.99,100.0,,,2026-04-02 03:06:18,Foil,tcgcsv,2928
6929,689,1,at_least_one_price_column_non_null,0.11,0.25,0.03,11.5,,,2026-04-02 03:06:17,Normal,tcgcsv,692
6931,689,1,at_least_one_price_column_non_null,0.11,0.25,0.03,11.5,,,2026-04-02 03:06:17,Normal,tcgcsv,692
6934,690,1,at_least_one_price_column_non_null,0.11,0.15,0.01,14.0,,,2026-04-02 03:06:17,Normal,tcgcsv,693
6935,690,1,at_least_one_price_column_non_null,0.11,0.15,0.01,14.0,,,2026-04-02 03:06:17,Normal,tcgcsv,693
6944,692,1,at_least_one_price_column_non_null,0.22,0.25,0.06,2.0,,,2026-04-02 03:06:17,Normal,tcgcsv,695
6945,692,1,at_least_one_price_column_non_null,0.22,0.25,0.06,2.0,,,2026-04-02 03:06:17,Normal,tcgcsv,695
6946,692,1,at_least_one_price_column_non_null,0.22,0.25,0.06,2.0,,,2026-04-02 03:06:17,Normal,tcgcsv,695
6949,693,1,at_least_one_price_column_non_null,0.12,0.19,0.02,2.0,,,2026-04-02 03:06:17,Normal,tcgcsv,696
6950,693,1,at_least_one_price_column_non_null,0.12,0.19,0.02,2.0,,,2026-04-02 03:06:17,Normal,tcgcsv,696
6951,693,1,at_least_one_price_column_non_null,0.12,0.19,0.02,2.0,,,2026-04-02 03:06:17,Normal,tcgcsv,696
6952,693,1,at_least_one_price_column_non_null,0.12,0.19,0.02,2.0,,,2026-04-02 03:06:17,Normal,tcgcsv,696
6953,693,1,at_least_one_price_column_non_null,0.12,0.19,0.02,2.0,,,2026-04-02 03:06:17,Normal,tcgcsv,696
6954,693,1,at_least_one_price_column_non_null,0.12,0.19,0.02,2.0,,,2026-04-02 03:06:17,Normal,tcgcsv,696
6955,693,1,at_least_one_price_column_non_null,0.12,0.19,0.02,2.0,,,2026-04-02 03:06:17,Normal,tcgcsv,696
6962,2145,1,at_least_one_price_column_non_null,98.3,98.3,70.0,300.0,,,2026-04-02 03:06:17,Foil,tcgcsv,1959
6963,694,1,at_least_one_price_column_non_null,2.72,2.99,1.49,10.0,,,2026-04-02 03:06:17,Foil,tcgcsv,697
6970,697,1,at_least_one_price_column_non_null,0.13,0.25,0.05,1.5,,,2026-04-02 03:06:17,Normal,tcgcsv,700
6971,697,1,at_least_one_price_column_non_null,0.13,0.25,0.05,1.5,,,2026-04-02 03:06:17,Normal,tcgcsv,700
6974,698,1,at_least_one_price_column_non_null,0.18,0.25,0.06,5.0,,,2026-04-02 03:06:17,Normal,tcgcsv,701
6975,698,1,at_least_one_price_column_non_null,0.18,0.25,0.06,5.0,,,2026-04-02 03:06:17,Normal,tcgcsv,701
6979,698,1,at_least_one_price_column_non_null,0.18,0.25,0.06,5.0,,,2026-04-02 03:06:17,Normal,tcgcsv,701
6983,699,1,at_least_one_price_column_non_null,0.19,0.25,0.13,4.99,,,2026-04-02 03:06:17,Normal,tcgcsv,702
6984,699,1,at_least_one_price_column_non_null,0.19,0.25,0.13,4.99,,,2026-04-02 03:06:17,Normal,tcgcsv,702
6991,702,1,at_least_one_price_column_non_null,2.46,3.01,1.99,9.75,,,2026-04-02 03:06:17,Normal,tcgcsv,705
6992,702,1,at_least_one_price_column_non_null,2.46,3.01,1.99,9.75,,,2026-04-02 03:06:17,Normal,tcgcsv,705
6997,649,1,at_least_one_price_column_non_null,0.23,0.28,0.1,3.94,,,2026-04-02 03:06:16,Normal,tcgcsv,651
6998,649,1,at_least_one_price_column_non_null,0.23,0.28,0.1,3.94,,,2026-04-02 03:06:16,Normal,tcgcsv,651
7001,650,1,at_least_one_price_column_non_null,0.36,0.5,0.1,12.0,,,2026-04-02 03:06:16,Foil,tcgcsv,652
7002,650,1,at_least_one_price_column_non_null,0.36,0.5,0.1,12.0,,,2026-04-02 03:06:16,Foil,tcgcsv,652
7003,650,1,at_least_one_price_column_non_null,0.36,0.5,0.1,12.0,,,2026-04-02 03:06:16,Foil,tcgcsv,652
7004,650,1,at_least_one_price_column_non_null,0.36,0.5,0.1,12.0,,,2026-04-02 03:06:16,Foil,tcgcsv,652
7005,2146,1,at_least_one_price_column_non_null,105.09,99.5,80.0,300.0,,,2026-04-02 03:06:17,Foil,tcgcsv,1960
7006,650,1,at_least_one_price_column_non_null,0.36,0.5,0.1,12.0,,,2026-04-02 03:06:16,Foil,tcgcsv,652
7007,3346,1,at_least_one_price_column_non_null,10.97,13.47,6.28,50.0,,,2026-04-02 03:06:19,Foil,tcgcsv,3142
7008,650,1,at_least_one_price_column_non_null,0.36,0.5,0.1,12.0,,,2026-04-02 03:06:16,Foil,tcgcsv,652
7009,3346,1,at_least_one_price_column_non_null,10.97,13.47,6.28,50.0,,,2026-04-02 03:06:19,Foil,tcgcsv,3142
7010,650,1,at_least_one_price_column_non_null,0.36,0.5,0.1,12.0,,,2026-04-02 03:06:16,Foil,tcgcsv,652
7015,652,1,at_least_one_price_column_non_null,0.24,0.29,0.02,35.7,,,2026-04-02 03:06:16,Normal,tcgcsv,655
7016,3123,1,at_least_one_price_column_non_null,51.51,54.79,44.0,175.0,,,2026-04-02 03:06:18,Foil,tcgcsv,2929
7020,652,1,at_least_one_price_column_non_null,0.24,0.29,0.02,35.7,,,2026-04-02 03:06:16,Normal,tcgcsv,655
7027,655,1,at_least_one_price_column_non_null,0.17,0.24,0.04,2.0,,,2026-04-02 03:06:16,Normal,tcgcsv,658
7028,655,1,at_least_one_price_column_non_null,0.17,0.24,0.04,2.0,,,2026-04-02 03:06:16,Normal,tcgcsv,658
7029,655,1,at_least_one_price_column_non_null,0.17,0.24,0.04,2.0,,,2026-04-02 03:06:16,Normal,tcgcsv,658
7034,657,1,at_least_one_price_column_non_null,0.15,0.25,0.05,1.5,,,2026-04-02 03:06:16,Normal,tcgcsv,660
7035,657,1,at_least_one_price_column_non_null,0.15,0.25,0.05,1.5,,,2026-04-02 03:06:16,Normal,tcgcsv,660
7038,658,1,at_least_one_price_column_non_null,0.11,0.2,0.03,2.45,,,2026-04-02 03:06:16,Normal,tcgcsv,661
7039,658,1,at_least_one_price_column_non_null,0.11,0.2,0.03,2.45,,,2026-04-02 03:06:16,Normal,tcgcsv,661
7040,658,1,at_least_one_price_column_non_null,0.11,0.2,0.03,2.45,,,2026-04-02 03:06:16,Normal,tcgcsv,661
7041,658,1,at_least_one_price_column_non_null,0.11,0.2,0.03,2.45,,,2026-04-02 03:06:16,Normal,tcgcsv,661
7042,658,1,at_least_one_price_column_non_null,0.11,0.2,0.03,2.45,,,2026-04-02 03:06:16,Normal,tcgcsv,661
7053,663,1,at_least_one_price_column_non_null,0.11,0.2,0.01,8.4,,,2026-04-02 03:06:16,Normal,tcgcsv,666
7056,663,1,at_least_one_price_column_non_null,0.11,0.2,0.01,8.4,,,2026-04-02 03:06:16,Normal,tcgcsv,666
7060,664,1,at_least_one_price_column_non_null,0.35,0.39,0.2,1.95,,,2026-04-02 03:06:16,Normal,tcgcsv,667
7065,1962,1,at_least_one_price_column_non_null,0.34,0.43,0.1,10.0,,,2026-04-02 03:06:17,Normal,tcgcsv,1776
7066,1962,1,at_least_one_price_column_non_null,0.34,0.43,0.1,10.0,,,2026-04-02 03:06:17,Normal,tcgcsv,1776
7071,1953,1,at_least_one_price_column_non_null,1.1,1.5,0.78,32.0,,,2026-04-02 03:06:17,Foil,tcgcsv,1768
7080,1956,1,at_least_one_price_column_non_null,0.22,0.25,0.1,10.0,,,2026-04-02 03:06:17,Normal,tcgcsv,1771
7093,1959,1,at_least_one_price_column_non_null,1.82,2.19,0.93,10.0,,,2026-04-02 03:06:17,Normal,tcgcsv,1774
7094,1959,1,at_least_one_price_column_non_null,1.82,2.19,0.93,10.0,,,2026-04-02 03:06:17,Normal,tcgcsv,1774
7105,1974,1,at_least_one_price_column_non_null,0.23,0.25,0.01,10.0,,,2026-04-02 03:06:17,Normal,tcgcsv,1787
7111,1981,1,at_least_one_price_column_non_null,0.11,0.2,0.03,1.5,,,2026-04-02 03:06:17,Normal,tcgcsv,1794
7113,1977,1,at_least_one_price_column_non_null,0.78,1.0,0.5,25.0,,,2026-04-02 03:06:17,Normal,tcgcsv,1790
7114,1977,1,at_least_one_price_column_non_null,0.78,1.0,0.5,25.0,,,2026-04-02 03:06:17,Normal,tcgcsv,1790
7115,1977,1,at_least_one_price_column_non_null,0.78,1.0,0.5,25.0,,,2026-04-02 03:06:17,Normal,tcgcsv,1790
7116,1977,1,at_least_one_price_column_non_null,0.78,1.0,0.5,25.0,,,2026-04-02 03:06:17,Normal,tcgcsv,1790
7117,3124,1,at_least_one_price_column_non_null,87.04,100.0,77.99,420.69,,,2026-04-02 03:06:18,Foil,tcgcsv,2930
7118,1977,1,at_least_one_price_column_non_null,0.78,1.0,0.5,25.0,,,2026-04-02 03:06:17,Normal,tcgcsv,1790
7119,1977,1,at_least_one_price_column_non_null,0.78,1.0,0.5,25.0,,,2026-04-02 03:06:17,Normal,tcgcsv,1790
7120,1977,1,at_least_one_price_column_non_null,0.78,1.0,0.5,25.0,,,2026-04-02 03:06:17,Normal,tcgcsv,1790
7125,1983,1,at_least_one_price_column_non_null,0.8,1.0,0.34,39.99,,,2026-04-02 03:06:17,Normal,tcgcsv,1796
7134,1976,1,at_least_one_price_column_non_null,0.14,0.21,0.01,3.99,,,2026-04-02 03:06:17,Normal,tcgcsv,1789
7140,1978,1,at_least_one_price_column_non_null,0.82,1.0,0.44,10.0,,,2026-04-02 03:06:17,Foil,tcgcsv,1791
7159,2154,1,at_least_one_price_column_non_null,0.79,1.06,0.48,25.0,,,2026-04-02 03:06:17,Foil,tcgcsv,1967
7163,2156,1,at_least_one_price_column_non_null,0.12,0.24,0.01,1.32,,,2026-04-02 03:06:17,Normal,tcgcsv,1969
7164,3244,1,at_least_one_price_column_non_null,0.13,0.13,0.02,4.99,,,2026-04-02 03:06:19,Normal,tcgcsv,3040
7169,2158,1,at_least_one_price_column_non_null,0.28,0.32,0.07,14.99,,,2026-04-02 03:06:17,Normal,tcgcsv,1971
7174,2159,1,at_least_one_price_column_non_null,0.2,0.25,0.08,1.98,,,2026-04-02 03:06:17,Normal,tcgcsv,1972
7175,2159,1,at_least_one_price_column_non_null,0.2,0.25,0.08,1.98,,,2026-04-02 03:06:17,Normal,tcgcsv,1972
7176,2159,1,at_least_one_price_column_non_null,0.2,0.25,0.08,1.98,,,2026-04-02 03:06:17,Normal,tcgcsv,1972
7178,2160,1,at_least_one_price_column_non_null,0.17,0.2,0.08,1.39,,,2026-04-02 03:06:17,Normal,tcgcsv,1973
7180,2161,1,at_least_one_price_column_non_null,2.53,3.61,2.25,35.0,,,2026-04-02 03:06:17,Foil,tcgcsv,1974
7181,2161,1,at_least_one_price_column_non_null,2.53,3.61,2.25,35.0,,,2026-04-02 03:06:17,Foil,tcgcsv,1974
7183,2162,1,at_least_one_price_column_non_null,0.24,0.25,0.04,1.53,,,2026-04-02 03:06:17,Normal,tcgcsv,1975
7185,2163,1,at_least_one_price_column_non_null,0.08,0.15,0.01,1.31,,,2026-04-02 03:06:17,Normal,tcgcsv,1976
7187,2164,1,at_least_one_price_column_non_null,0.16,0.22,0.1,1.0,,,2026-04-02 03:06:17,Normal,tcgcsv,1977
7189,2165,1,at_least_one_price_column_non_null,0.06,0.1,0.01,1.29,,,2026-04-02 03:06:17,Normal,tcgcsv,1978
7201,2175,1,at_least_one_price_column_non_null,0.94,1.64,0.69,50.0,,,2026-04-02 03:06:18,Foil,tcgcsv,1987
7209,2179,1,at_least_one_price_column_non_null,1.02,1.16,0.56,25.0,,,2026-04-02 03:06:18,Normal,tcgcsv,1991
7252,2200,1,at_least_one_price_column_non_null,0.2,0.22,0.09,1.98,,,2026-04-02 03:06:18,Normal,tcgcsv,2011
7253,2200,1,at_least_one_price_column_non_null,0.2,0.22,0.09,1.98,,,2026-04-02 03:06:18,Normal,tcgcsv,2011
7301,2966,1,at_least_one_price_column_non_null,80.6,82.08,74.99,475.0,,,2026-04-02 03:06:18,Foil,tcgcsv,2772
7324,3179,1,at_least_one_price_column_non_null,1.39,2.23,0.63,25.0,,,2026-04-02 03:06:19,Foil,tcgcsv,2981
7325,2539,1,at_least_one_price_column_non_null,3.02,3.04,1.35,25.0,,,2026-04-02 03:06:18,Foil,tcgcsv,2348
7328,2541,1,at_least_one_price_column_non_null,0.15,0.25,0.06,1.98,,,2026-04-02 03:06:18,Normal,tcgcsv,2350
7329,2541,1,at_least_one_price_column_non_null,0.15,0.25,0.06,1.98,,,2026-04-02 03:06:18,Normal,tcgcsv,2350
7330,3180,1,at_least_one_price_column_non_null,0.16,0.19,0.01,1.98,,,2026-04-02 03:06:19,Normal,tcgcsv,2982
7332,2542,1,at_least_one_price_column_non_null,0.32,0.5,0.2,6.5,,,2026-04-02 03:06:18,Foil,tcgcsv,2351
7333,2542,1,at_least_one_price_column_non_null,0.32,0.5,0.2,6.5,,,2026-04-02 03:06:18,Foil,tcgcsv,2351
7334,3181,1,at_least_one_price_column_non_null,0.26,0.26,0.09,5.0,,,2026-04-02 03:06:19,Normal,tcgcsv,2983
7336,2543,1,at_least_one_price_column_non_null,0.12,0.2,0.01,1.98,,,2026-04-02 03:06:18,Normal,tcgcsv,2352
7337,2543,1,at_least_one_price_column_non_null,0.12,0.2,0.01,1.98,,,2026-04-02 03:06:18,Normal,tcgcsv,2352
7338,3182,1,at_least_one_price_column_non_null,0.16,0.2,0.05,1.98,,,2026-04-02 03:06:19,Normal,tcgcsv,2984
7355,2793,1,at_least_one_price_column_non_null,0.76,0.76,0.5,25.0,,,2026-04-02 03:06:18,Normal,tcgcsv,2600
7356,2793,1,at_least_one_price_column_non_null,0.76,0.76,0.5,25.0,,,2026-04-02 03:06:18,Normal,tcgcsv,2600
7365,3897,1,at_least_one_price_column_non_null,63.28,69.3,57.47,140.0,,,2026-04-02 03:06:19,Foil,tcgcsv,3724
7366,2805,1,at_least_one_price_column_non_null,0.3,0.3,0.15,25.0,,,2026-04-02 03:06:18,Normal,tcgcsv,2612
7373,2807,1,at_least_one_price_column_non_null,0.16,0.2,0.05,5.5,,,2026-04-02 03:06:18,Normal,tcgcsv,2614
7435,4438,1,at_least_one_price_column_non_null,154.7,157.41,124.0,449.0,,,2026-04-02 03:06:20,Foil,tcgcsv,4265
7463,4275,1,at_least_one_price_column_non_null,0.08,0.15,0.01,4.99,,,2026-04-02 03:06:20,Normal,tcgcsv,4102
7478,3898,1,at_least_one_price_column_non_null,131.74,141.3,126.39,249.99,,,2026-04-02 03:06:19,Foil,tcgcsv,3725
7479,3138,1,at_least_one_price_column_non_null,1.91,2.99,1.25,50.0,,,2026-04-02 03:06:19,Foil,tcgcsv,2942
7497,4246,1,at_least_one_price_column_non_null,0.07,0.12,0.01,1.29,,,2026-04-02 03:06:20,Normal,tcgcsv,4073
7523,3899,1,at_least_one_price_column_non_null,212.37,214.99,199.01,499.99,,,2026-04-02 03:06:19,Foil,tcgcsv,3726
7525,3165,1,at_least_one_price_column_non_null,0.56,0.77,0.2,25.0,,,2026-04-02 03:06:19,Foil,tcgcsv,2968
7527,3165,1,at_least_one_price_column_non_null,0.56,0.77,0.2,25.0,,,2026-04-02 03:06:19,Foil,tcgcsv,2968
7534,3168,1,at_least_one_price_column_non_null,1.08,1.5,0.75,50.0,,,2026-04-02 03:06:19,Foil,tcgcsv,2971
7535,3168,1,at_least_one_price_column_non_null,1.08,1.5,0.75,50.0,,,2026-04-02 03:06:19,Foil,tcgcsv,2971
7536,3168,1,at_least_one_price_column_non_null,1.08,1.5,0.75,50.0,,,2026-04-02 03:06:19,Foil,tcgcsv,2971
7537,3168,1,at_least_one_price_column_non_null,1.08,1.5,0.75,50.0,,,2026-04-02 03:06:19,Foil,tcgcsv,2971
7540,3183,1,at_least_one_price_column_non_null,0.54,0.7,0.25,10.0,,,2026-04-02 03:06:19,Foil,tcgcsv,2985
7541,3183,1,at_least_one_price_column_non_null,0.54,0.7,0.25,10.0,,,2026-04-02 03:06:19,Foil,tcgcsv,2985
7550,4170,1,at_least_one_price_column_non_null,175.49,178.79,139.99,1499.99,,,2026-04-02 03:06:20,Foil,tcgcsv,3997
7552,3186,1,at_least_one_price_column_non_null,2.84,3.6,1.98,10.0,,,2026-04-02 03:06:19,Foil,tcgcsv,2988
7554,3186,1,at_least_one_price_column_non_null,2.84,3.6,1.98,10.0,,,2026-04-02 03:06:19,Foil,tcgcsv,2988
7564,3197,1,at_least_one_price_column_non_null,1.18,1.5,0.7,25.0,,,2026-04-02 03:06:19,Foil,tcgcsv,2998
7568,3198,1,at_least_one_price_column_non_null,0.27,0.35,0.25,10.0,,,2026-04-02 03:06:19,Normal,tcgcsv,2999
7569,3198,1,at_least_one_price_column_non_null,0.27,0.35,0.25,10.0,,,2026-04-02 03:06:19,Normal,tcgcsv,2999
7571,3198,1,at_least_one_price_column_non_null,0.27,0.35,0.25,10.0,,,2026-04-02 03:06:19,Normal,tcgcsv,2999
7575,3199,1,at_least_one_price_column_non_null,8.96,12.62,7.92,50.0,,,2026-04-02 03:06:19,Foil,tcgcsv,3000
7576,3199,1,at_least_one_price_column_non_null,8.96,12.62,7.92,50.0,,,2026-04-02 03:06:19,Foil,tcgcsv,3000
7580,3200,1,at_least_one_price_column_non_null,0.28,0.3,0.15,5.0,,,2026-04-02 03:06:19,Normal,tcgcsv,3001
7584,3900,1,at_least_one_price_column_non_null,144.63,170.0,132.99,299.0,,,2026-04-02 03:06:19,Foil,tcgcsv,3727
7587,3214,1,at_least_one_price_column_non_null,5.38,5.81,4.9,25.0,,,2026-04-02 03:06:19,Normal,tcgcsv,3013
7589,3214,1,at_least_one_price_column_non_null,5.38,5.81,4.9,25.0,,,2026-04-02 03:06:19,Normal,tcgcsv,3013
7593,3215,1,at_least_one_price_column_non_null,0.29,0.31,0.1,5.0,,,2026-04-02 03:06:19,Normal,tcgcsv,3014
7597,3216,1,at_least_one_price_column_non_null,0.22,0.25,0.08,1.99,,,2026-04-02 03:06:19,Normal,tcgcsv,3015
7602,3742,1,at_least_one_price_column_non_null,57.55,63.24,54.99,250.0,,,2026-04-02 03:06:19,Foil,tcgcsv,3569
7603,4436,1,at_least_one_price_column_non_null,198.85,200.0,155.0,373.0,,,2026-04-02 03:06:20,Foil,tcgcsv,4263
7604,3217,1,at_least_one_price_column_non_null,2.33,2.7,1.22,25.0,,,2026-04-02 03:06:19,Foil,tcgcsv,3016
7607,4171,1,at_least_one_price_column_non_null,410.18,393.75,314.49,2000.0,,,2026-04-02 03:06:20,Foil,tcgcsv,3998
7608,3218,1,at_least_one_price_column_non_null,2.84,3.5,1.85,95.0,,,2026-04-02 03:06:19,Foil,tcgcsv,3017
7613,3232,1,at_least_one_price_column_non_null,0.49,0.58,0.3,10.0,,,2026-04-02 03:06:19,Normal,tcgcsv,3029
7614,3232,1,at_least_one_price_column_non_null,0.49,0.58,0.3,10.0,,,2026-04-02 03:06:19,Normal,tcgcsv,3029
7708,4630,1,at_least_one_price_column_non_null,12.06,15.65,11.77,150.0,,,2026-04-02 03:06:20,Foil,tcgcsv,4456
7712,4632,1,at_least_one_price_column_non_null,9.45,12.0,9.24,32.0,,,2026-04-02 03:06:20,Foil,tcgcsv,4458
7716,4634,1,at_least_one_price_column_non_null,3.02,4.05,2.78,35.0,,,2026-04-02 03:06:20,Foil,tcgcsv,4460
7721,4636,1,at_least_one_price_column_non_null,0.39,0.45,0.24,2.99,,,2026-04-02 03:06:20,Foil,tcgcsv,4462
7725,4638,1,at_least_one_price_column_non_null,4.13,7.0,2.5,27.15,,,2026-04-02 03:06:20,Foil,tcgcsv,4464
7729,4640,1,at_least_one_price_column_non_null,1.48,1.75,1.18,6.64,,,2026-04-02 03:06:20,Foil,tcgcsv,4466
7733,4642,1,at_least_one_price_column_non_null,0.61,0.99,0.27,24.99,,,2026-04-02 03:06:20,Foil,tcgcsv,4468
7737,4644,1,at_least_one_price_column_non_null,0.3,0.5,0.2,24.99,,,2026-04-02 03:06:20,Foil,tcgcsv,4470
7741,4646,1,at_least_one_price_column_non_null,1.17,1.99,0.99,10.0,,,2026-04-02 03:06:20,Foil,tcgcsv,4472
7745,4648,1,at_least_one_price_column_non_null,5.25,7.21,5.0,10.0,,,2026-04-02 03:06:20,Foil,tcgcsv,4474
7749,4650,1,at_least_one_price_column_non_null,1.95,3.0,1.97,10.0,,,2026-04-02 03:06:20,Foil,tcgcsv,4476
7753,4652,1,at_least_one_price_column_non_null,2.4,3.48,1.99,15.0,,,2026-04-02 03:06:20,Foil,tcgcsv,4478
7757,4654,1,at_least_one_price_column_non_null,0.43,0.62,0.2,5.0,,,2026-04-02 03:06:20,Foil,tcgcsv,4480
7761,4656,1,at_least_one_price_column_non_null,0.27,0.42,0.15,5.0,,,2026-04-02 03:06:20,Foil,tcgcsv,4482
7826,5369,1,at_least_one_price_column_non_null,24.44,34.49,21.66,150.0,,,2026-04-02 03:06:21,Foil,tcgcsv,5231
