cards_table_id,card_canonical_code,card_name,card_rarity,card_source,cv_card_variant_id,cv_card_variants_card_id,cv_print_id,cv_tcgplayer_product_id,cv_variant,cv_variant_label,cv_variant_source,cv_image_path,cv_image_url,printing_market_map_id,printing_id,printing_market_map_market_product_internal_fk,pmm_mapping_confidence,pmm_mapping_method,mp_market_products_internal_id,mp_market_product_id,mp_product_name,mp_clean_name,mp_ext_number,mp_rarity_market,mp_subtype,mp_market_product_source,mpr_market_prices_id,market_product_fk,mpr_low_price,mpr_mid_price,mpr_high_price,mpr_market_price,mpr_direct_low_price,mpr_listed_median_price,mpr_captured_at,mpr_mpr_source_name,print_id_trim,has_printing_market_map,has_market_product_via_map,has_market_price_via_chain,has_tcgplayer_column_price,has_variant_image_fields,has_image_assets_row,failure_stage
1,EB01-001,Kouzuki Oden,L,,1,1,EB01-001,,sp,Base,image-review-reclassify,ORFC2025V2/sp/EB01-001_sp.png,https://en.onepiece-cardgame.com/images/cardlist/card/EB01-001.png?260305,2167,1,2709,MEDIUM,exact_code_set_fallback,2709,544523,Kouzuki Oden,Kouzuki Oden,EB01-001,L,,tcgcsv,2517,2709,0.1,0.24,5.0,0.22,,,2026-04-02 03:06:18,tcgcsv,EB01-001,1,1,1,0,1,0,missing_tcgplayer_product_id_only
1,EB01-001,Kouzuki Oden,L,,3,1,EB01-001_p1,,parallel_1,Parallel 1,official-cardlist,EB01/parallel/EB01-001_p1.png,https://en.onepiece-cardgame.com/images/cardlist/card/EB01-001_p1.png?260305,,,,,,,,,,,,,,,,,,,,,,,,EB01-001_p1,0,0,0,0,1,0,missing_printing_market_map
1,EB01-001,Kouzuki Oden,L,,4,1,EB01-001_p2,,parallel_2,Parallel 2,official-cardlist,EB02/parallel/EB01-001_p2.png,https://en.onepiece-cardgame.com/images/cardlist/card/EB01-001_p2.png?260305,,,,,,,,,,,,,,,,,,,,,,,,EB01-001_p2,0,0,0,0,1,0,missing_printing_market_map
2,EB01-002,Izo,R,,5,2,EB01-002,,base,Base,official-cardlist,EB01/base/EB01-002.png,https://en.onepiece-cardgame.com/images/cardlist/card/EB01-002.png?260305,2169,5,2711,HIGH,exact_code_plus_base_flag,2711,544525,Izo,Izo,EB01-002,R,,tcgcsv,2519,2711,0.25,0.99,25.0,0.83,,,2026-04-02 03:06:18,tcgcsv,EB01-002,1,1,1,0,1,0,missing_tcgplayer_product_id_only
3,EB01-003,Kid & Killer,R,OP14,7,3,EB01-003,,base,Base,official-cardlist,EB01/sp/EB01-003_sp.png,https://en.onepiece-cardgame.com/images/cardlist/card/EB01-003.png?260305,1191,7,1633,HIGH,exact_code_plus_base_flag,1633,646720,Kid & Killer (Offline Regional Champion Card Set 2025 Vol.2),Kid and Killer Offline Regional Champion Card Set 2025 Vol2,EB01-003,R,,tcgcsv,,,,,,,,,,,EB01-003,1,1,1,0,1,0,missing_tcgplayer_product_id_only
3,EB01-003,Kid & Killer,R,OP14,9,3,EB01-003::alt,,alt,Alt,local-catalog,thumbs/EB01-003alt.webp,,,,,,,,,,,,,,,,,,,,,,,,,EB01-003::alt,0,0,0,0,1,0,missing_printing_market_map
3,EB01-003,Kid & Killer,R,OP14,10,3,EB01-003::alt art 2,,alt,Alt Art 2,local-catalog,thumbs/EB01-003alt2.webp,,,,,,,,,,,,,,,,,,,,,,,,,EB01-003::alt art 2,0,0,0,0,1,0,missing_printing_market_map
3,EB01-003,Kid & Killer,R,OP14,11,3,EB01-003_p1,,parallel_1,Parallel 1,official-cardlist,EB01/parallel/EB01-003_p1.png,https://en.onepiece-cardgame.com/images/cardlist/card/EB01-003_p1.png?260305,,,,,,,,,,,,,,,,,,,,,,,,EB01-003_p1,0,0,0,0,1,0,missing_printing_market_map
3,EB01-003,Kid & Killer,R,OP14,12,3,EB01-003_p2,,parallel_2,Parallel 2,official-cardlist,_unclassified/parallel/EB01-003_p2.png,https://en.onepiece-cardgame.com/images/cardlist/card/EB01-003_p2.png?260305,,,,,,,,,,,,,,,,,,,,,,,,EB01-003_p2,0,0,0,0,1,0,missing_printing_market_map
3,EB01-003,Kid & Killer,R,OP14,13,3,EB01-003_p3,,parallel_3,Parallel 3,official-cardlist,ORFC2025V2/parallel/EB01-003_p3.png,https://en.onepiece-cardgame.com/images/cardlist/card/EB01-003_p3.png?260305,,,,,,,,,,,,,,,,,,,,,,,,EB01-003_p3,0,0,0,0,1,0,missing_printing_market_map
3,EB01-003,Kid & Killer,R,OP14,14,3,EB01-003_p4,,sp,Parallel 4,image-review-reclassify,ORFC2025V2/alt_art/EB01-003_alt.png,https://en.onepiece-cardgame.com/images/cardlist/card/EB01-003_p4.png?260305,,,,,,,,,,,,,,,,,,,,,,,,EB01-003_p4,0,0,0,0,1,0,missing_printing_market_map
3,EB01-003,Kid & Killer,R,OP14,15,3,EB01-003_p5,,parallel_5,Parallel 5,official-cardlist,OP14/parallel/EB01-003_p5.png,https://en.onepiece-cardgame.com/images/cardlist/card/EB01-003_p5.png?260305,,,,,,,,,,,,,,,,,,,,,,,,EB01-003_p5,0,0,0,0,1,0,missing_printing_market_map
3,EB01-003,Kid & Killer,R,OP14,16,3,EB01-003::sp,,sp,SP,local-catalog,thumbs/EB01-003(SP).webp,,,,,,,,,,,,,,,,,,,,,,,,,EB01-003::sp,0,0,0,0,1,0,missing_printing_market_map
4,EB01-004,Koza,C,,17,4,EB01-004,,base,Base,official-cardlist,EB01/base/EB01-004.png,https://en.onepiece-cardgame.com/images/cardlist/card/EB01-004.png?260305,2172,17,2714,HIGH,exact_code_plus_base_flag,2714,544528,Koza,Koza,EB01-004,C,,tcgcsv,2522,2714,0.01,0.15,1.58,0.08,,,2026-04-02 03:06:18,tcgcsv,EB01-004,1,1,1,0,1,0,missing_tcgplayer_product_id_only
5,EB01-005,Doma,C,,19,5,EB01-005,,base,Base,official-cardlist,EB01/base/EB01-005.png,https://en.onepiece-cardgame.com/images/cardlist/card/EB01-005.png?260305,2173,19,2715,HIGH,exact_code_plus_base_flag,2715,544529,Doma,Doma,EB01-005,C,,tcgcsv,2523,2715,0.01,0.15,1.58,0.05,,,2026-04-02 03:06:18,tcgcsv,EB01-005,1,1,1,0,1,0,missing_tcgplayer_product_id_only
6,EB01-006,Tony Tony.Chopper,SR,,21,6,EB01-006,,base,Base,official-cardlist,EB01/base/EB01-006.png,https://en.onepiece-cardgame.com/images/cardlist/card/EB01-006.png?260305,1021,21,1420,HIGH,exact_code_plus_base_flag,1420,590986,Tony Tony.Chopper (Treasure Cup 2024),Tony TonyChopper Treasure Cup 2024,EB01-006,SR,,tcgcsv,1313,1420,2299.99,2300.0,2500.0,923.8,,,2026-04-02 03:06:17,tcgcsv,EB01-006,1,1,1,0,1,0,missing_tcgplayer_product_id_only
6,EB01-006,Tony Tony.Chopper,SR,,23,6,EB01-006::alt,,alt,Alt,local-catalog,thumbs/EB01-006alt.webp,,,,,,,,,,,,,,,,,,,,,,,,,EB01-006::alt,0,0,0,0,1,0,missing_printing_market_map
6,EB01-006,Tony Tony.Chopper,SR,,24,6,EB01-006::manga,,mr,Manga,local-catalog,thumbs/EB01-006 Manga Rare.webp,,,,,,,,,,,,,,,,,,,,,,,,,EB01-006::manga,0,0,0,0,1,0,missing_printing_market_map
6,EB01-006,Tony Tony.Chopper,SR,,25,6,EB01-006_p1,,parallel_1,Parallel 1,official-cardlist,EB01/parallel/EB01-006_p1.png,https://en.onepiece-cardgame.com/images/cardlist/card/EB01-006_p1.png?260305,,,,,,,,,,,,,,,,,,,,,,,,EB01-006_p1,0,0,0,0,1,0,missing_printing_market_map
6,EB01-006,Tony Tony.Chopper,SR,,26,6,EB01-006_p2,,parallel_2,Parallel 2,official-cardlist,EB01/parallel/EB01-006_p2.png,https://en.onepiece-cardgame.com/images/cardlist/card/EB01-006_p2.png?260305,,,,,,,,,,,,,,,,,,,,,,,,EB01-006_p2,0,0,0,0,1,0,missing_printing_market_map
6,EB01-006,Tony Tony.Chopper,SR,,27,6,EB01-006_p3,,parallel_3,Parallel 3,official-cardlist,_unclassified/parallel/EB01-006_p3.png,https://en.onepiece-cardgame.com/images/cardlist/card/EB01-006_p3.png?260305,,,,,,,,,,,,,,,,,,,,,,,,EB01-006_p3,0,0,0,0,1,0,missing_printing_market_map
6,EB01-006,Tony Tony.Chopper,SR,,28,6,EB01-006_r1,,r1,R1,official-cardlist,PRB01/reprint/EB01-006_r1.png,https://en.onepiece-cardgame.com/images/cardlist/card/EB01-006_r1.png?260305,,,,,,,,,,,,,,,,,,,,,,,,EB01-006_r1,0,0,0,0,1,0,missing_printing_market_map
7,EB01-007,Yamato,C,,29,7,EB01-007,,base,Base,official-cardlist,EB01/base/EB01-007.png,https://en.onepiece-cardgame.com/images/cardlist/card/EB01-007.png?260305,1270,29,1718,HIGH,exact_code_plus_base_flag,1718,649682,Yamato (Premium Card Collection -Best Selection Vol. 4-),Yamato Premium Card Collection Best Selection Vol 4,EB01-007,C,,tcgcsv,1573,1718,8.99,10.18,39.0,9.31,,,2026-04-02 03:06:17,tcgcsv,EB01-007,1,1,1,0,1,0,missing_tcgplayer_product_id_only
7,EB01-007,Yamato,C,,31,7,EB01-007_p1,,parallel_1,Parallel 1,official-cardlist,BCV4/parallel/EB01-007_p1.png,https://en.onepiece-cardgame.com/images/cardlist/card/EB01-007_p1.png?260305,,,,,,,,,,,,,,,,,,,,,,,,EB01-007_p1,0,0,0,0,1,0,missing_printing_market_map
8,EB01-008,LittleOars Jr.,R,,32,8,EB01-008,,base,Base,official-cardlist,EB01/base/EB01-008.png,https://en.onepiece-cardgame.com/images/cardlist/card/EB01-008.png?260305,2178,32,2720,HIGH,exact_code_plus_base_flag,2720,544534,LittleOars Jr.,LittleOars Jr,EB01-008,R,,tcgcsv,2528,2720,0.05,0.25,25.0,0.16,,,2026-04-02 03:06:18,tcgcsv,EB01-008,1,1,1,0,1,0,missing_tcgplayer_product_id_only
9,EB01-009,Just Shut Up and Come with Us!!!!,C,,34,9,EB01-009,,base,Base,official-cardlist,EB01/base/EB01-009.png,https://en.onepiece-cardgame.com/images/cardlist/card/EB01-009.png?260305,2179,34,2721,HIGH,exact_code_plus_base_flag,2721,544535,Just Shut Up and Come with Us!!!!,Just Shut Up and Come with Us,EB01-009,C,,tcgcsv,2529,2721,0.06,0.24,2.75,0.12,,,2026-04-02 03:06:18,tcgcsv,EB01-009,1,1,1,0,1,0,missing_tcgplayer_product_id_only
9,EB01-009,Just Shut Up and Come with Us!!!!,C,,36,9,EB01-009_p1,,parallel_1,Parallel 1,official-cardlist,PRB02/parallel/EB01-009_p1.png,https://en.onepiece-cardgame.com/images/cardlist/card/EB01-009_p1.png?260305,,,,,,,,,,,,,,,,,,,,,,,,EB01-009_p1,0,0,0,0,1,0,missing_printing_market_map
9,EB01-009,Just Shut Up and Come with Us!!!!,C,,37,9,EB01-009_r1,,r1,R1,official-cardlist,PRB02/reprint/EB01-009_r1.png,https://en.onepiece-cardgame.com/images/cardlist/card/EB01-009_r1.png?260305,,,,,,,,,,,,,,,,,,,,,,,,EB01-009_r1,0,0,0,0,1,0,missing_printing_market_map
10,EB01-010,There's No Way You Could Defeat Me!!,R,,38,10,EB01-010,,base,Base,official-cardlist,EB01/base/EB01-010.png,https://en.onepiece-cardgame.com/images/cardlist/card/EB01-010.png?260305,2180,38,2722,HIGH,exact_code_plus_base_flag,2722,544536,There's No Way You Could Defeat Me!!,Theres No Way You Could Defeat Me,EB01-010,R,,tcgcsv,2530,2722,0.1,0.26,25.0,0.22,,,2026-04-02 03:06:18,tcgcsv,EB01-010,1,1,1,0,1,0,missing_tcgplayer_product_id_only
11,EB01-011,Mini-Merry,C,,40,11,EB01-011,,base,Base,official-cardlist,EB01/base/EB01-011.png,https://en.onepiece-cardgame.com/images/cardlist/card/EB01-011.png?260305,2181,40,2723,HIGH,exact_code_plus_base_flag,2723,544537,Mini-Merry,Mini Merry,EB01-011,C,,tcgcsv,2531,2723,0.01,0.15,5.0,0.06,,,2026-04-02 03:06:18,tcgcsv,EB01-011,1,1,1,0,1,0,missing_tcgplayer_product_id_only
12,EB01-012,Cavendish,SR,,42,12,EB01-012,,base,Base,official-cardlist,EB01/base/EB01-012.png,https://en.onepiece-cardgame.com/images/cardlist/card/EB01-012.png?260305,1022,42,1421,HIGH,exact_code_plus_base_flag,1421,590988,Cavendish (Treasure Cup 2024),Cavendish Treasure Cup 2024,EB01-012,SR,,tcgcsv,1314,1421,1499.99,1799.49,1799.5,1850.0,,,2026-04-02 03:06:17,tcgcsv,EB01-012,1,1,1,0,1,0,missing_tcgplayer_product_id_only
12,EB01-012,Cavendish,SR,,44,12,EB01-012::alt,,alt,Alt,local-catalog,thumbs/EB01-012alt.webp,,,,,,,,,,,,,,,,,,,,,,,,,EB01-012::alt,0,0,0,0,1,0,missing_printing_market_map
12,EB01-012,Cavendish,SR,,45,12,EB01-012::alt art 2,,alt,Alt Art 2,local-catalog,thumbs/EB01-012alt2.webp,,,,,,,,,,,,,,,,,,,,,,,,,EB01-012::alt art 2,0,0,0,0,1,0,missing_printing_market_map
12,EB01-012,Cavendish,SR,,46,12,EB01-012_p1,,parallel_1,Parallel 1,official-cardlist,EB01/parallel/EB01-012_p1.png,https://en.onepiece-cardgame.com/images/cardlist/card/EB01-012_p1.png?260305,,,,,,,,,,,,,,,,,,,,,,,,EB01-012_p1,0,0,0,0,1,0,missing_printing_market_map
12,EB01-012,Cavendish,SR,,47,12,EB01-012_p3,,parallel_3,Parallel 3,official-cardlist,EB01/parallel/EB01-012_p3.png,https://en.onepiece-cardgame.com/images/cardlist/card/EB01-012_p3.png?260305,,,,,,,,,,,,,,,,,,,,,,,,EB01-012_p3,0,0,0,0,1,0,missing_printing_market_map
12,EB01-012,Cavendish,SR,,48,12,EB01-012_r1,,r1,R1,official-cardlist,PRB02/reprint/EB01-012_r1.png,https://en.onepiece-cardgame.com/images/cardlist/card/EB01-012_r1.png?260305,,,,,,,,,,,,,,,,,,,,,,,,EB01-012_r1,0,0,0,0,1,0,missing_printing_market_map
13,EB01-013,Kouzuki Hiyori,R,,49,13,EB01-013,,base,Base,official-cardlist,EB01/base/EB01-013.png,https://en.onepiece-cardgame.com/images/cardlist/card/EB01-013.png?260305,2184,49,2726,HIGH,exact_code_plus_base_flag,2726,544540,Kouzuki Hiyori,Kouzuki Hiyori,EB01-013,R,,tcgcsv,2534,2726,2.99,5.06,50.0,4.6,,,2026-04-02 03:06:18,tcgcsv,EB01-013,1,1,1,0,1,0,missing_tcgplayer_product_id_only
13,EB01-013,Kouzuki Hiyori,R,,51,13,EB01-013::alt,,alt,Alt,local-catalog,thumbs/EB01-013alt.webp,,,,,,,,,,,,,,,,,,,,,,,,,EB01-013::alt,0,0,0,0,1,0,missing_printing_market_map
13,EB01-013,Kouzuki Hiyori,R,,52,13,EB01-013_p1,,parallel_1,Parallel 1,official-cardlist,EB01/parallel/EB01-013_p1.png,https://en.onepiece-cardgame.com/images/cardlist/card/EB01-013_p1.png?260305,,,,,,,,,,,,,,,,,,,,,,,,EB01-013_p1,0,0,0,0,1,0,missing_printing_market_map
14,EB01-014,Sanji,R,,53,14,EB01-014,,base,Base,official-cardlist,EB01/base/EB01-014.png,https://en.onepiece-cardgame.com/images/cardlist/card/EB01-014.png?260305,1036,53,1439,HIGH,exact_code_plus_base_flag,1439,607971,Sanji (Winner Pack 2025 Vol. 1),Sanji Winner Pack 2025 Vol 1,EB01-014,R,,tcgcsv,1332,1439,6.35,9.0,29.95,8.65,,,2026-04-02 03:06:17,tcgcsv,EB01-014,1,1,1,0,1,0,missing_tcgplayer_product_id_only
14,EB01-014,Sanji,R,,55,14,EB01-014::alt,,alt,Alt,local-catalog,thumbs/EB01-014alt.webp,,,,,,,,,,,,,,,,,,,,,,,,,EB01-014::alt,0,0,0,0,1,0,missing_printing_market_map
14,EB01-014,Sanji,R,,56,14,EB01-014_p1,,parallel_1,Parallel 1,official-cardlist,CS2526CP/parallel/EB01-014_p1.png,https://en.onepiece-cardgame.com/images/cardlist/card/EB01-014_p1.png?260305,,,,,,,,,,,,,,,,,,,,,,,,EB01-014_p1,0,0,0,0,1,0,missing_printing_market_map
15,EB01-015,Scratchmen Apoo,R,,57,15,EB01-015,,base,Base,official-cardlist,EB01/base/EB01-015.png,https://en.onepiece-cardgame.com/images/cardlist/card/EB01-015.png?260305,1089,57,1516,HIGH,exact_code_plus_base_flag,1516,622592,Scratchmen Apoo (Tournament Pack 2025 Vol. 2),Scratchmen Apoo Tournament Pack 2025 Vol 2,EB01-015,R,,tcgcsv,1405,1516,0.12,0.3,2.9,0.26,,,2026-04-02 03:06:17,tcgcsv,EB01-015,1,1,1,0,1,0,missing_tcgplayer_product_id_only
15,EB01-015,Scratchmen Apoo,R,,59,15,EB01-015::alt,,alt,Alt,local-catalog,thumbs/EB01-015alt.webp,,,,,,,,,,,,,,,,,,,,,,,,,EB01-015::alt,0,0,0,0,1,0,missing_printing_market_map
15,EB01-015,Scratchmen Apoo,R,,60,15,EB01-015_p1,,parallel_1,Parallel 1,official-cardlist,TK2025V2/parallel/EB01-015_p1.png,https://en.onepiece-cardgame.com/images/cardlist/card/EB01-015_p1.png?260305,,,,,,,,,,,,,,,,,,,,,,,,EB01-015_p1,0,0,0,0,1,0,missing_printing_market_map
15,EB01-015,Scratchmen Apoo,R,,61,15,EB01-015_p2,,parallel_2,Parallel 2,official-cardlist,_unclassified/parallel/EB01-015_p2.png,https://en.onepiece-cardgame.com/images/cardlist/card/EB01-015_p2.png?260305,,,,,,,,,,,,,,,,,,,,,,,,EB01-015_p2,0,0,0,0,1,0,missing_printing_market_map
15,EB01-015,Scratchmen Apoo,R,,62,15,EB01-015_p3,,parallel_3,Parallel 3,official-cardlist,ST24/parallel/EB01-015_p3.png,https://en.onepiece-cardgame.com/images/cardlist/card/EB01-015_p3.png?260305,,,,,,,,,,,,,,,,,,,,,,,,EB01-015_p3,0,0,0,0,1,0,missing_printing_market_map
15,EB01-015,Scratchmen Apoo,R,,63,15,EB01-015_p4,,parallel_4,Parallel 4,official-cardlist,CS2526CP/parallel/EB01-015_p4.png,https://en.onepiece-cardgame.com/images/cardlist/card/EB01-015_p4.png?260305,,,,,,,,,,,,,,,,,,,,,,,,EB01-015_p4,0,0,0,0,1,0,missing_printing_market_map
15,EB01-015,Scratchmen Apoo,R,,64,15,EB01-015_p5,,parallel_5,Parallel 5,official-cardlist,PRB02/parallel/EB01-015_p5.png,https://en.onepiece-cardgame.com/images/cardlist/card/EB01-015_p5.png?260305,,,,,,,,,,,,,,,,,,,,,,,,EB01-015_p5,0,0,0,0,1,0,missing_printing_market_map
15,EB01-015,Scratchmen Apoo,R,,65,15,EB01-015::prb02,,alt,Prb02,local-catalog,thumbs/EB01-015(PRB02).webp,,,,,,,,,,,,,,,,,,,,,,,,,EB01-015::prb02,0,0,0,0,1,0,missing_printing_market_map
15,EB01-015,Scratchmen Apoo,R,,66,15,EB01-015_r1,,r1,R1,official-cardlist,PRB02/reprint/EB01-015_r1.png,https://en.onepiece-cardgame.com/images/cardlist/card/EB01-015_r1.png?260305,,,,,,,,,,,,,,,,,,,,,,,,EB01-015_r1,0,0,0,0,1,0,missing_printing_market_map
16,EB01-016,Bingoh,C,,67,16,EB01-016,,base,Base,official-cardlist,EB01/base/EB01-016.png,https://en.onepiece-cardgame.com/images/cardlist/card/EB01-016.png?260305,2188,67,2730,HIGH,exact_code_plus_base_flag,2730,544544,Bingoh,Bingoh,EB01-016,C,,tcgcsv,2538,2730,0.01,0.11,1.52,0.03,,,2026-04-02 03:06:18,tcgcsv,EB01-016,1,1,1,0,1,0,missing_tcgplayer_product_id_only
17,EB01-017,Blueno,C,,69,17,EB01-017,,base,Base,official-cardlist,EB01/base/EB01-017.png,https://en.onepiece-cardgame.com/images/cardlist/card/EB01-017.png?260305,2189,69,2731,HIGH,exact_code_plus_base_flag,2731,544545,Blueno (017),Blueno 017,EB01-017,C,,tcgcsv,2539,2731,0.01,0.15,1.98,0.07,,,2026-04-02 03:06:18,tcgcsv,EB01-017,1,1,1,0,1,0,missing_tcgplayer_product_id_only
18,EB01-018,Mountain God,C,,71,18,EB01-018,,base,Base,official-cardlist,EB01/base/EB01-018.png,https://en.onepiece-cardgame.com/images/cardlist/card/EB01-018.png?260305,2190,71,2732,HIGH,exact_code_plus_base_flag,2732,544546,Mountain God,Mountain God,EB01-018,C,,tcgcsv,2540,2732,0.01,0.15,1.58,0.06,,,2026-04-02 03:06:18,tcgcsv,EB01-018,1,1,1,0,1,0,missing_tcgplayer_product_id_only
18,EB01-018,Mountain God,C,,73,18,EB01-018_p1,,parallel_1,Parallel 1,official-cardlist,PRB02/parallel/EB01-018_p1.png,https://en.onepiece-cardgame.com/images/cardlist/card/EB01-018_p1.png?260305,,,,,,,,,,,,,,,,,,,,,,,,EB01-018_p1,0,0,0,0,1,0,missing_printing_market_map
18,EB01-018,Mountain God,C,,74,18,EB01-018_r1,,r1,R1,official-cardlist,PRB02/reprint/EB01-018_r1.png,https://en.onepiece-cardgame.com/images/cardlist/card/EB01-018_r1.png?260305,,,,,,,,,,,,,,,,,,,,,,,,EB01-018_r1,0,0,0,0,1,0,missing_printing_market_map
19,EB01-019,Off-White,R,,75,19,EB01-019,,base,Base,official-cardlist,EB01/base/EB01-019.png,https://en.onepiece-cardgame.com/images/cardlist/card/EB01-019.png?260305,2191,75,2733,HIGH,exact_code_plus_base_flag,2733,544547,Off-White,Off White,EB01-019,R,,tcgcsv,2541,2733,0.25,0.5,25.0,0.43,,,2026-04-02 03:06:18,tcgcsv,EB01-019,1,1,1,0,1,0,missing_tcgplayer_product_id_only
20,EB01-020,Chambres,C,,77,20,EB01-020,,base,Base,official-cardlist,EB01/base/EB01-020.png,https://en.onepiece-cardgame.com/images/cardlist/card/EB01-020.png?260305,2192,77,2734,HIGH,exact_code_plus_base_flag,2734,544548,Chambres,Chambres,EB01-020,C,,tcgcsv,2542,2734,0.01,0.15,1.6,0.07,,,2026-04-02 03:06:18,tcgcsv,EB01-020,1,1,1,0,1,0,missing_tcgplayer_product_id_only
21,EB01-021,Hannyabal,L,,79,21,EB01-021,,base,Base,official-cardlist,EB01/base/EB01-021.png,https://en.onepiece-cardgame.com/images/cardlist/card/EB01-021.png?260305,2193,79,2735,HIGH,exact_code_plus_base_flag,2735,544549,Hannyabal,Hannyabal,EB01-021,L,,tcgcsv,2543,2735,0.05,0.2,5.0,0.16,,,2026-04-02 03:06:18,tcgcsv,EB01-021,1,1,1,0,1,0,missing_tcgplayer_product_id_only
21,EB01-021,Hannyabal,L,,81,21,EB01-021::alt,,alt,Alt,local-catalog,thumbs/EB01-021alt.webp,,,,,,,,,,,,,,,,,,,,,,,,,EB01-021::alt,0,0,0,0,1,0,missing_printing_market_map
21,EB01-021,Hannyabal,L,,82,21,EB01-021_p1,,parallel_1,Parallel 1,official-cardlist,EB01/parallel/EB01-021_p1.png,https://en.onepiece-cardgame.com/images/cardlist/card/EB01-021_p1.png?260305,,,,,,,,,,,,,,,,,,,,,,,,EB01-021_p1,0,0,0,0,1,0,missing_printing_market_map
21,EB01-021,Hannyabal,L,,83,21,EB01-021_p2,,parallel_2,Parallel 2,official-cardlist,EB02/parallel/EB01-021_p2.png,https://en.onepiece-cardgame.com/images/cardlist/card/EB01-021_p2.png?260305,,,,,,,,,,,,,,,,,,,,,,,,EB01-021_p2,0,0,0,0,1,0,missing_printing_market_map
22,EB01-022,Inazuma,SR,,84,22,EB01-022,,base,Base,official-cardlist,EB01/base/EB01-022.png,https://en.onepiece-cardgame.com/images/cardlist/card/EB01-022.png?260305,2195,84,2737,HIGH,exact_code_plus_base_flag,2737,544551,Inazuma,Inazuma,EB01-022,SR,,tcgcsv,2545,2737,1.0,4.97,25.0,4.51,,,2026-04-02 03:06:18,tcgcsv,EB01-022,1,1,1,0,1,0,missing_tcgplayer_product_id_only
22,EB01-022,Inazuma,SR,,86,22,EB01-022::alt,,alt,Alt,local-catalog,thumbs/EB01-022alt.webp,,,,,,,,,,,,,,,,,,,,,,,,,EB01-022::alt,0,0,0,0,1,0,missing_printing_market_map
22,EB01-022,Inazuma,SR,,87,22,EB01-022_p1,,parallel_1,Parallel 1,official-cardlist,EB01/parallel/EB01-022_p1.png,https://en.onepiece-cardgame.com/images/cardlist/card/EB01-022_p1.png?260305,,,,,,,,,,,,,,,,,,,,,,,,EB01-022_p1,0,0,0,0,1,0,missing_printing_market_map
23,EB01-023,Edward Weevil,R,EB01,88,23,EB01-023,,base,Base,official-cardlist,EB01/sp/EB01-023_sp.png,https://en.onepiece-cardgame.com/images/cardlist/card/EB01-023.png?260305,954,88,1348,HIGH,exact_code_plus_base_flag,1348,583745,Edward Weevil (Judge Pack Vol. 4),Edward Weevil Judge Pack Vol 4,EB01-023,R,,tcgcsv,1251,1348,0.5,2.25,28.95,1.39,,,2026-04-02 03:06:17,tcgcsv,EB01-023,1,1,1,0,1,0,missing_tcgplayer_product_id_only
23,EB01-023,Edward Weevil,R,EB01,90,23,EB01-023_p1,,parallel_1,Parallel 1,official-cardlist,EB04/parallel/EB01-023_p1.png,https://en.onepiece-cardgame.com/images/cardlist/card/EB01-023_p1.png?260305,,,,,,,,,,,,,,,,,,,,,,,,EB01-023_p1,0,0,0,0,1,0,missing_printing_market_map
23,EB01-023,Edward Weevil,R,EB01,91,23,EB01-023_p2,,parallel_2,Parallel 2,official-cardlist,SWBS01/parallel/EB01-023_p2.png,https://en.onepiece-cardgame.com/images/cardlist/card/EB01-023_p2.png?260305,,,,,,,,,,,,,,,,,,,,,,,,EB01-023_p2,0,0,0,0,1,0,missing_printing_market_map
23,EB01-023,Edward Weevil,R,EB01,92,23,EB01-023::sp,,sp,SP,local-catalog,thumbs/EB01-023(SP).webp,,,,,,,,,,,,,,,,,,,,,,,,,EB01-023::sp,0,0,0,0,1,0,missing_printing_market_map
24,EB01-024,Hamlet,C,,93,24,EB01-024,,base,Base,official-cardlist,EB01/base/EB01-024.png,https://en.onepiece-cardgame.com/images/cardlist/card/EB01-024.png?260305,2198,93,2740,HIGH,exact_code_plus_base_flag,2740,544554,Hamlet,Hamlet,EB01-024,C,,tcgcsv,2548,2740,0.01,0.12,1.5,0.05,,,2026-04-02 03:06:18,tcgcsv,EB01-024,1,1,1,0,1,0,missing_tcgplayer_product_id_only
25,EB01-025,Fourtricks,C,,95,25,EB01-025,,base,Base,official-cardlist,EB01/base/EB01-025.png,https://en.onepiece-cardgame.com/images/cardlist/card/EB01-025.png?260305,2199,95,2741,HIGH,exact_code_plus_base_flag,2741,544555,Fourtricks,Fourtricks,EB01-025,C,,tcgcsv,2549,2741,0.01,0.15,1.6,0.04,,,2026-04-02 03:06:18,tcgcsv,EB01-025,1,1,1,0,1,0,missing_tcgplayer_product_id_only
26,EB01-026,Prince Bellett,C,,97,26,EB01-026,,base,Base,official-cardlist,EB01/base/EB01-026.png,https://en.onepiece-cardgame.com/images/cardlist/card/EB01-026.png?260305,2200,97,2742,HIGH,exact_code_plus_base_flag,2742,544556,Prince Bellett,Prince Bellett,EB01-026,C,,tcgcsv,2550,2742,0.01,0.15,1.58,0.05,,,2026-04-02 03:06:18,tcgcsv,EB01-026,1,1,1,0,1,0,missing_tcgplayer_product_id_only
27,EB01-027,Mr.1(Daz.Bonez),R,,99,27,EB01-027,,base,Base,official-cardlist,EB01/base/EB01-027.png,https://en.onepiece-cardgame.com/images/cardlist/card/EB01-027.png?260305,1162,99,1597,HIGH,exact_code_plus_base_flag,1597,636548,Mr. 1 (Daz.Bonez) (Beginners Deck Party [ST-23] - [ST-28] Participation Pack),Mr 1 DazBonez Beginners Deck Party ST 23 ST 28 Participation Pack,EB01-027,R,,tcgcsv,1475,1597,0.2,0.5,20.0,0.46,,,2026-04-02 03:06:17,tcgcsv,EB01-027,1,1,1,0,1,0,missing_tcgplayer_product_id_only
27,EB01-027,Mr.1(Daz.Bonez),R,,101,27,EB01-027::alt,,alt,Alt,local-catalog,thumbs/EB01-027alt.webp,,,,,,,,,,,,,,,,,,,,,,,,,EB01-027::alt,0,0,0,0,1,0,missing_printing_market_map
27,EB01-027,Mr.1(Daz.Bonez),R,,102,27,EB01-027_p1,,parallel_1,Parallel 1,official-cardlist,EB01/parallel/EB01-027_p1.png,https://en.onepiece-cardgame.com/images/cardlist/card/EB01-027_p1.png?260305,,,,,,,,,,,,,,,,,,,,,,,,EB01-027_p1,0,0,0,0,1,0,missing_printing_market_map
28,EB01-028,Gum-Gum Champion Rifle,R,,103,28,EB01-028,,base,Base,official-cardlist,EB01/base/EB01-028.png,https://en.onepiece-cardgame.com/images/cardlist/card/EB01-028.png?260305,2203,103,2745,HIGH,exact_code_plus_base_flag,2745,544559,Gum-Gum Champion Rifle,Gum Gum Champion Rifle,EB01-028,R,,tcgcsv,2553,2745,0.5,3.0,25.0,1.84,,,2026-04-02 03:06:18,tcgcsv,EB01-028,1,1,1,0,1,0,missing_tcgplayer_product_id_only
29,EB01-029,Sorry. I'm a Goner.,C,,105,29,EB01-029,,base,Base,official-cardlist,EB01/base/EB01-029.png,https://en.onepiece-cardgame.com/images/cardlist/card/EB01-029.png?260305,2204,105,2746,HIGH,exact_code_plus_base_flag,2746,544560,Sorry. I'm a Goner.,Sorry Im a Goner,EB01-029,C,,tcgcsv,2554,2746,0.01,0.15,1.5,0.11,,,2026-04-02 03:06:18,tcgcsv,EB01-029,1,1,1,0,1,0,missing_tcgplayer_product_id_only
30,EB01-030,Loguetown,C,,107,30,EB01-030,,base,Base,official-cardlist,EB01/base/EB01-030.png,https://en.onepiece-cardgame.com/images/cardlist/card/EB01-030.png?260305,2205,107,2747,HIGH,exact_code_plus_base_flag,2747,544561,Loguetown,Loguetown,EB01-030,C,,tcgcsv,2555,2747,0.01,0.15,1.61,0.1,,,2026-04-02 03:06:18,tcgcsv,EB01-030,1,1,1,0,1,0,missing_tcgplayer_product_id_only
31,EB01-031,Kalifa,R,,109,31,EB01-031,,base,Base,official-cardlist,EB01/base/EB01-031.png,https://en.onepiece-cardgame.com/images/cardlist/card/EB01-031.png?260305,2206,109,2748,HIGH,exact_code_plus_base_flag,2748,544562,Kalifa,Kalifa,EB01-031,R,,tcgcsv,2556,2748,0.08,0.25,25.0,0.15,,,2026-04-02 03:06:18,tcgcsv,EB01-031,1,1,1,0,1,0,missing_tcgplayer_product_id_only
31,EB01-031,Kalifa,R,,111,31,EB01-031::alt,,alt,Alt,local-catalog,thumbs/EB01-031alt.webp,,,,,,,,,,,,,,,,,,,,,,,,,EB01-031::alt,0,0,0,0,1,0,missing_printing_market_map
31,EB01-031,Kalifa,R,,112,31,EB01-031_p1,,parallel_1,Parallel 1,official-cardlist,EB01/parallel/EB01-031_p1.png,https://en.onepiece-cardgame.com/images/cardlist/card/EB01-031_p1.png?260305,,,,,,,,,,,,,,,,,,,,,,,,EB01-031_p1,0,0,0,0,1,0,missing_printing_market_map
32,EB01-032,Army Wolves,C,,113,32,EB01-032,,base,Base,official-cardlist,EB01/base/EB01-032.png,https://en.onepiece-cardgame.com/images/cardlist/card/EB01-032.png?260305,2208,113,2750,HIGH,exact_code_plus_base_flag,2750,544564,Army Wolves,Army Wolves,EB01-032,C,,tcgcsv,2558,2750,0.01,0.13,1.58,0.06,,,2026-04-02 03:06:18,tcgcsv,EB01-032,1,1,1,0,1,0,missing_tcgplayer_product_id_only
33,EB01-033,Blueno,R,,115,33,EB01-033,,base,Base,official-cardlist,EB01/base/EB01-033.png,https://en.onepiece-cardgame.com/images/cardlist/card/EB01-033.png?260305,2209,115,2751,HIGH,exact_code_plus_base_flag,2751,544565,Blueno (033),Blueno 033,EB01-033,R,,tcgcsv,2559,2751,0.08,0.25,99.0,0.18,,,2026-04-02 03:06:18,tcgcsv,EB01-033,1,1,1,0,1,0,missing_tcgplayer_product_id_only
34,EB01-034,Ms. Wednesday,SR,,117,34,EB01-034,,base,Base,official-cardlist,EB01/base/EB01-034.png,https://en.onepiece-cardgame.com/images/cardlist/card/EB01-034.png?260305,2210,117,2752,HIGH,exact_code_plus_base_flag,2752,544566,Ms. Wednesday,Ms Wednesday,EB01-034,SR,,tcgcsv,2560,2752,1.04,3.34,50.0,2.89,,,2026-04-02 03:06:18,tcgcsv,EB01-034,1,1,1,0,1,0,missing_tcgplayer_product_id_only
34,EB01-034,Ms. Wednesday,SR,,119,34,EB01-034::alt,,alt,Alt,local-catalog,thumbs/EB01-034alt.webp,,,,,,,,,,,,,,,,,,,,,,,,,EB01-034::alt,0,0,0,0,1,0,missing_printing_market_map
34,EB01-034,Ms. Wednesday,SR,,120,34,EB01-034_p1,,parallel_1,Parallel 1,official-cardlist,EB01/parallel/EB01-034_p1.png,https://en.onepiece-cardgame.com/images/cardlist/card/EB01-034_p1.png?260305,,,,,,,,,,,,,,,,,,,,,,,,EB01-034_p1,0,0,0,0,1,0,missing_printing_market_map
35,EB01-035,Ms. Monday,C,,121,35,EB01-035,,base,Base,official-cardlist,EB01/base/EB01-035.png,https://en.onepiece-cardgame.com/images/cardlist/card/EB01-035.png?260305,2212,121,2754,HIGH,exact_code_plus_base_flag,2754,544568,Ms. Monday,Ms Monday,EB01-035,C,,tcgcsv,2562,2754,0.01,0.14,5.03,0.06,,,2026-04-02 03:06:18,tcgcsv,EB01-035,1,1,1,0,1,0,missing_tcgplayer_product_id_only
36,EB01-036,Minochihuahua,C,,123,36,EB01-036,,base,Base,official-cardlist,EB01/base/EB01-036.png,https://en.onepiece-cardgame.com/images/cardlist/card/EB01-036.png?260305,2213,123,2755,HIGH,exact_code_plus_base_flag,2755,544569,Minochihuahua,Minochihuahua,EB01-036,C,,tcgcsv,2563,2755,0.01,0.15,1.58,0.07,,,2026-04-02 03:06:18,tcgcsv,EB01-036,1,1,1,0,1,0,missing_tcgplayer_product_id_only
37,EB01-037,Mr. 9,C,,125,37,EB01-037,,base,Base,official-cardlist,EB01/base/EB01-037.png,https://en.onepiece-cardgame.com/images/cardlist/card/EB01-037.png?260305,2214,125,2756,HIGH,exact_code_plus_base_flag,2756,544570,Mr. 9,Mr 9,EB01-037,C,,tcgcsv,2564,2756,0.01,0.15,1.58,0.06,,,2026-04-02 03:06:18,tcgcsv,EB01-037,1,1,1,0,1,0,missing_tcgplayer_product_id_only
38,EB01-038,Oh Come My Way,C,,127,38,EB01-038,,base,Base,official-cardlist,EB01/base/EB01-038.png,https://en.onepiece-cardgame.com/images/cardlist/card/EB01-038.png?260305,2215,127,2757,HIGH,exact_code_plus_base_flag,2757,544571,Oh Come My Way,Oh Come My Way,EB01-038,C,,tcgcsv,2565,2757,0.01,0.15,1.58,0.07,,,2026-04-02 03:06:18,tcgcsv,EB01-038,1,1,1,0,1,0,missing_tcgplayer_product_id_only
38,EB01-038,Oh Come My Way,C,,129,38,EB01-038_p1,,parallel_1,Parallel 1,official-cardlist,PRB02/parallel/EB01-038_p1.png,https://en.onepiece-cardgame.com/images/cardlist/card/EB01-038_p1.png?260305,,,,,,,,,,,,,,,,,,,,,,,,EB01-038_p1,0,0,0,0,1,0,missing_printing_market_map
38,EB01-038,Oh Come My Way,C,,130,38,EB01-038_r1,,r1,R1,official-cardlist,PRB02/reprint/EB01-038_r1.png,https://en.onepiece-cardgame.com/images/cardlist/card/EB01-038_r1.png?260305,,,,,,,,,,,,,,,,,,,,,,,,EB01-038_r1,0,0,0,0,1,0,missing_printing_market_map
39,EB01-039,Conquerer of Three Worlds Ragnaraku,R,,131,39,EB01-039,,base,Base,official-cardlist,EB01/base/EB01-039.png,https://en.onepiece-cardgame.com/images/cardlist/card/EB01-039.png?260305,2216,131,2758,HIGH,exact_code_plus_base_flag,2758,544572,Conquerer of Three Worlds Ragnaraku,Conquerer of Three Worlds Ragnaraku,EB01-039,R,,tcgcsv,2566,2758,0.45,0.75,25.0,0.55,,,2026-04-02 03:06:18,tcgcsv,EB01-039,1,1,1,0,1,0,missing_tcgplayer_product_id_only
40,EB01-040,Kyros,L,,133,40,EB01-040,,base,Base,official-cardlist,EB01/base/EB01-040.png,https://en.onepiece-cardgame.com/images/cardlist/card/EB01-040.png?260305,2217,133,2759,HIGH,exact_code_plus_base_flag,2759,544573,Kyros,Kyros,EB01-040,L,,tcgcsv,2567,2759,0.09,0.2,5.0,0.18,,,2026-04-02 03:06:18,tcgcsv,EB01-040,1,1,1,0,1,0,missing_tcgplayer_product_id_only
40,EB01-040,Kyros,L,,135,40,EB01-040::alt,,alt,Alt,local-catalog,thumbs/EB01-040alt.webp,,,,,,,,,,,,,,,,,,,,,,,,,EB01-040::alt,0,0,0,0,1,0,missing_printing_market_map
40,EB01-040,Kyros,L,,136,40,EB01-040_p1,,parallel_1,Parallel 1,official-cardlist,EB01/parallel/EB01-040_p1.png,https://en.onepiece-cardgame.com/images/cardlist/card/EB01-040_p1.png?260305,,,,,,,,,,,,,,,,,,,,,,,,EB01-040_p1,0,0,0,0,1,0,missing_printing_market_map
40,EB01-040,Kyros,L,,137,40,EB01-040_p2,,parallel_2,Parallel 2,official-cardlist,EB02/parallel/EB01-040_p2.png,https://en.onepiece-cardgame.com/images/cardlist/card/EB01-040_p2.png?260305,,,,,,,,,,,,,,,,,,,,,,,,EB01-040_p2,0,0,0,0,1,0,missing_printing_market_map
41,EB01-041,Crocus,C,,138,41,EB01-041,,base,Base,official-cardlist,EB01/base/EB01-041.png,https://en.onepiece-cardgame.com/images/cardlist/card/EB01-041.png?260305,2219,138,2761,HIGH,exact_code_plus_base_flag,2761,544575,Crocus,Crocus,EB01-041,C,,tcgcsv,2569,2761,0.01,0.11,1.61,0.05,,,2026-04-02 03:06:18,tcgcsv,EB01-041,1,1,1,0,1,0,missing_tcgplayer_product_id_only
42,EB01-042,Scarlet,R,,140,42,EB01-042,,base,Base,official-cardlist,EB01/base/EB01-042.png,https://en.onepiece-cardgame.com/images/cardlist/card/EB01-042.png?260305,2220,140,2762,HIGH,exact_code_plus_base_flag,2762,544576,Scarlet,Scarlet,EB01-042,R,,tcgcsv,2570,2762,0.1,0.28,25.0,0.27,,,2026-04-02 03:06:18,tcgcsv,EB01-042,1,1,1,0,1,0,missing_tcgplayer_product_id_only
43,EB01-043,Spandine,R,,142,43,EB01-043,,base,Base,official-cardlist,EB01/base/EB01-043.png,https://en.onepiece-cardgame.com/images/cardlist/card/EB01-043.png?260305,1058,142,1469,HIGH,exact_code_plus_base_flag,1469,619195,Spandine (Offline Regional Participation Pack 2025 Vol.1),Spandine Offline Regional Participation Pack 2025 Vol1,EB01-043,R,,tcgcsv,1362,1469,4.95,9.49,34.0,8.16,,,2026-04-02 03:06:17,tcgcsv,EB01-043,1,1,1,0,1,0,missing_tcgplayer_product_id_only
43,EB01-043,Spandine,R,,144,43,EB01-043::2nd anniversary alt,,promo,2Nd Anniversary Alt,local-catalog,thumbs/EB01-043(2nd anniversary alt).webp,,,,,,,,,,,,,,,,,,,,,,,,,EB01-043::2nd anniversary alt,0,0,0,0,1,0,missing_printing_market_map
43,EB01-043,Spandine,R,,145,43,EB01-043::alt,,alt,Alt,local-catalog,thumbs/EB01-043alt.webp,,,,,,,,,,,,,,,,,,,,,,,,,EB01-043::alt,0,0,0,0,1,0,missing_printing_market_map
43,EB01-043,Spandine,R,,146,43,EB01-043_p1,,parallel_1,Parallel 1,official-cardlist,ORP2025V1/parallel/EB01-043_p1.png,https://en.onepiece-cardgame.com/images/cardlist/card/EB01-043_p1.png?260305,,,,,,,,,,,,,,,,,,,,,,,,EB01-043_p1,0,0,0,0,1,0,missing_printing_market_map
43,EB01-043,Spandine,R,,147,43,EB01-043_p2,,parallel_2,Parallel 2,official-cardlist,ORFC2526S1/parallel/EB01-043_p2.png,https://en.onepiece-cardgame.com/images/cardlist/card/EB01-043_p2.png?260305,,,,,,,,,,,,,,,,,,,,,,,,EB01-043_p2,0,0,0,0,1,0,missing_printing_market_map
43,EB01-043,Spandine,R,,148,43,EB01-043_p3,,parallel_3,Parallel 3,official-cardlist,_unclassified/parallel/EB01-043_p3.png,https://en.onepiece-cardgame.com/images/cardlist/card/EB01-043_p3.png?260305,,,,,,,,,,,,,,,,,,,,,,,,EB01-043_p3,0,0,0,0,1,0,missing_printing_market_map
43,EB01-043,Spandine,R,,149,43,EB01-043_p4,,parallel_4,Parallel 4,official-cardlist,_unclassified/parallel/EB01-043_p4.png,https://en.onepiece-cardgame.com/images/cardlist/card/EB01-043_p4.png?260305,,,,,,,,,,,,,,,,,,,,,,,,EB01-043_p4,0,0,0,0,1,0,missing_printing_market_map
43,EB01-043,Spandine,R,,150,43,EB01-043_p5,,parallel_5,Parallel 5,official-cardlist,_unclassified/parallel/EB01-043_p5.png,https://en.onepiece-cardgame.com/images/cardlist/card/EB01-043_p5.png?260305,,,,,,,,,,,,,,,,,,,,,,,,EB01-043_p5,0,0,0,0,1,0,missing_printing_market_map
43,EB01-043,Spandine,R,,151,43,EB01-043_p6,,parallel_6,Parallel 6,official-cardlist,_unclassified/parallel/EB01-043_p6.png,https://en.onepiece-cardgame.com/images/cardlist/card/EB01-043_p6.png?260305,,,,,,,,,,,,,,,,,,,,,,,,EB01-043_p6,0,0,0,0,1,0,missing_printing_market_map
44,EB01-044,Funkfreed,C,,152,44,EB01-044,,base,Base,official-cardlist,EB01/base/EB01-044.png,https://en.onepiece-cardgame.com/images/cardlist/card/EB01-044.png?260305,2222,152,2764,HIGH,exact_code_plus_base_flag,2764,544578,Funkfreed,Funkfreed,EB01-044,C,,tcgcsv,2572,2764,0.01,0.15,1.5,0.06,,,2026-04-02 03:06:18,tcgcsv,EB01-044,1,1,1,0,1,0,missing_tcgplayer_product_id_only
45,EB01-045,Brook,C,,154,45,EB01-045,,base,Base,official-cardlist,EB01/base/EB01-045.png,https://en.onepiece-cardgame.com/images/cardlist/card/EB01-045.png?260305,2223,154,2765,HIGH,exact_code_plus_base_flag,2765,544579,Brook (045),Brook 045,EB01-045,C,,tcgcsv,2573,2765,0.01,0.16,1.58,0.16,,,2026-04-02 03:06:18,tcgcsv,EB01-045,1,1,1,0,1,0,missing_tcgplayer_product_id_only
46,EB01-046,Brook,SR,,156,46,EB01-046,,base,Base,official-cardlist,EB01/base/EB01-046.png,https://en.onepiece-cardgame.com/images/cardlist/card/EB01-046.png?260305,2224,156,2766,HIGH,exact_code_plus_base_flag,2766,544580,Brook (046),Brook 046,EB01-046,SR,,tcgcsv,2574,2766,0.64,1.99,100.0,1.22,,,2026-04-02 03:06:18,tcgcsv,EB01-046,1,1,1,0,1,0,missing_tcgplayer_product_id_only
46,EB01-046,Brook,SR,,158,46,EB01-046::alt,,alt,Alt,local-catalog,thumbs/EB01-046alt.webp,,,,,,,,,,,,,,,,,,,,,,,,,EB01-046::alt,0,0,0,0,1,0,missing_printing_market_map
46,EB01-046,Brook,SR,,159,46,EB01-046_p1,,parallel_1,Parallel 1,official-cardlist,EB01/parallel/EB01-046_p1.png,https://en.onepiece-cardgame.com/images/cardlist/card/EB01-046_p1.png?260305,,,,,,,,,,,,,,,,,,,,,,,,EB01-046_p1,0,0,0,0,1,0,missing_printing_market_map
46,EB01-046,Brook,SR,,160,46,EB01-046_r1,,r1,R1,official-cardlist,PRB02/reprint/EB01-046_r1.png,https://en.onepiece-cardgame.com/images/cardlist/card/EB01-046_r1.png?260305,,,,,,,,,,,,,,,,,,,,,,,,EB01-046_r1,0,0,0,0,1,0,missing_printing_market_map
47,EB01-047,Laboon,C,,161,47,EB01-047,,base,Base,official-cardlist,EB01/base/EB01-047.png,https://en.onepiece-cardgame.com/images/cardlist/card/EB01-047.png?260305,2226,161,2768,HIGH,exact_code_plus_base_flag,2768,544582,Laboon (047),Laboon 047,EB01-047,C,,tcgcsv,2576,2768,0.01,0.2,5.0,0.13,,,2026-04-02 03:06:18,tcgcsv,EB01-047,1,1,1,0,1,0,missing_tcgplayer_product_id_only
48,EB01-048,Laboon,SR,,163,48,EB01-048,,base,Base,official-cardlist,EB01/base/EB01-048.png,https://en.onepiece-cardgame.com/images/cardlist/card/EB01-048.png?260305,1139,163,1570,HIGH,exact_code_plus_base_flag,1570,629758,Laboon (Treasure Cup 2025),Laboon Treasure Cup 2025,EB01-048,SR,,tcgcsv,1448,1570,1349.99,1397.5,1700.0,517.28,,,2026-04-02 03:06:17,tcgcsv,EB01-048,1,1,1,0,1,0,missing_tcgplayer_product_id_only
48,EB01-048,Laboon,SR,,165,48,EB01-048::alt,,alt,Alt,local-catalog,thumbs/EB01-048alt.webp,,,,,,,,,,,,,,,,,,,,,,,,,EB01-048::alt,0,0,0,0,1,0,missing_printing_market_map
48,EB01-048,Laboon,SR,,166,48,EB01-048_p1,,parallel_1,Parallel 1,official-cardlist,EB01/parallel/EB01-048_p1.png,https://en.onepiece-cardgame.com/images/cardlist/card/EB01-048_p1.png?260305,,,,,,,,,,,,,,,,,,,,,,,,EB01-048_p1,0,0,0,0,1,0,missing_printing_market_map
48,EB01-048,Laboon,SR,,167,48,EB01-048_p2,,parallel_2,Parallel 2,official-cardlist,_unclassified/parallel/EB01-048_p2.png,https://en.onepiece-cardgame.com/images/cardlist/card/EB01-048_p2.png?260305,,,,,,,,,,,,,,,,,,,,,,,,EB01-048_p2,0,0,0,0,1,0,missing_printing_market_map
48,EB01-048,Laboon,SR,,168,48,EB01-048_r1,,r1,R1,official-cardlist,PRB02/reprint/EB01-048_r1.png,https://en.onepiece-cardgame.com/images/cardlist/card/EB01-048_r1.png?260305,,,,,,,,,,,,,,,,,,,,,,,,EB01-048_r1,0,0,0,0,1,0,missing_printing_market_map
49,EB01-049,T-Bone,R,,169,49,EB01-049,,base,Base,official-cardlist,EB01/base/EB01-049.png,https://en.onepiece-cardgame.com/images/cardlist/card/EB01-049.png?260305,1069,169,1480,HIGH,exact_code_plus_base_flag,1480,619206,T-Bone (Judge Pack Vol. 5),T Bone Judge Pack Vol 5,EB01-049,R,,tcgcsv,1373,1480,0.5,0.99,4.0,0.99,,,2026-04-02 03:06:17,tcgcsv,EB01-049,1,1,1,0,1,0,missing_tcgplayer_product_id_only
49,EB01-049,T-Bone,R,,171,49,EB01-049::alt,,alt,Alt,local-catalog,thumbs/EB01-049alt.webp,,,,,,,,,,,,,,,,,,,,,,,,,EB01-049::alt,0,0,0,0,1,0,missing_printing_market_map
49,EB01-049,T-Bone,R,,172,49,EB01-049_p1,,parallel_1,Parallel 1,official-cardlist,EB01/parallel/EB01-049_p1.png,https://en.onepiece-cardgame.com/images/cardlist/card/EB01-049_p1.png?260305,,,,,,,,,,,,,,,,,,,,,,,,EB01-049_p1,0,0,0,0,1,0,missing_printing_market_map
50,EB01-050,...I Want to Live!!,C,,173,50,EB01-050,,base,Base,official-cardlist,EB01/base/EB01-050.png,https://en.onepiece-cardgame.com/images/cardlist/card/EB01-050.png?260305,2231,173,2773,HIGH,exact_code_plus_base_flag,2773,544587,...I Want to Live!!,I Want to Live,EB01-050,C,,tcgcsv,2581,2773,0.01,0.23,5.0,0.17,,,2026-04-02 03:06:18,tcgcsv,EB01-050,1,1,1,0,1,0,missing_tcgplayer_product_id_only
51,EB01-051,Finger Pistol,R,,175,51,EB01-051,,base,Base,official-cardlist,EB01/base/EB01-051.png,https://en.onepiece-cardgame.com/images/cardlist/card/EB01-051.png?260305,2232,175,2774,HIGH,exact_code_plus_base_flag,2774,544588,Finger Pistol,Finger Pistol,EB01-051,R,,tcgcsv,2582,2774,0.5,1.32,25.0,1.12,,,2026-04-02 03:06:18,tcgcsv,EB01-051,1,1,1,0,1,0,missing_tcgplayer_product_id_only
51,EB01-051,Finger Pistol,R,,177,51,EB01-051_p1,,parallel_1,Parallel 1,official-cardlist,PRB02/parallel/EB01-051_p1.png,https://en.onepiece-cardgame.com/images/cardlist/card/EB01-051_p1.png?260305,,,,,,,,,,,,,,,,,,,,,,,,EB01-051_p1,0,0,0,0,1,0,missing_printing_market_map
51,EB01-051,Finger Pistol,R,,178,51,EB01-051::prb02,,alt,Prb02,local-catalog,thumbs/EB01-051(PRB02).webp,,,,,,,,,,,,,,,,,,,,,,,,,EB01-051::prb02,0,0,0,0,1,0,missing_printing_market_map
51,EB01-051,Finger Pistol,R,,179,51,EB01-051_r1,,r1,R1,official-cardlist,PRB02/reprint/EB01-051_r1.png,https://en.onepiece-cardgame.com/images/cardlist/card/EB01-051_r1.png?260305,,,,,,,,,,,,,,,,,,,,,,,,EB01-051_r1,0,0,0,0,1,0,missing_printing_market_map
52,EB01-052,Viola,SR,,180,52,EB01-052,,base,Base,official-cardlist,EB01/base/EB01-052.png,https://en.onepiece-cardgame.com/images/cardlist/card/EB01-052.png?260305,2233,180,2775,HIGH,exact_code_plus_base_flag,2775,544589,Viola,Viola,EB01-052,SR,,tcgcsv,2583,2775,5.69,8.3,50.0,7.14,,,2026-04-02 03:06:18,tcgcsv,EB01-052,1,1,1,0,1,0,missing_tcgplayer_product_id_only
52,EB01-052,Viola,SR,,182,52,EB01-052::alt,,alt,Alt,local-catalog,thumbs/EB01-052alt.webp,,,,,,,,,,,,,,,,,,,,,,,,,EB01-052::alt,0,0,0,0,1,0,missing_printing_market_map
52,EB01-052,Viola,SR,,183,52,EB01-052_p1,,parallel_1,Parallel 1,official-cardlist,EB01/parallel/EB01-052_p1.png,https://en.onepiece-cardgame.com/images/cardlist/card/EB01-052_p1.png?260305,,,,,,,,,,,,,,,,,,,,,,,,EB01-052_p1,0,0,0,0,1,0,missing_printing_market_map
53,EB01-053,Gastino,C,,184,53,EB01-053,,base,Base,official-cardlist,EB01/base/EB01-053.png,https://en.onepiece-cardgame.com/images/cardlist/card/EB01-053.png?260305,2235,184,2777,HIGH,exact_code_plus_base_flag,2777,544591,Gastino,Gastino,EB01-053,C,,tcgcsv,2585,2777,0.01,0.15,1.58,0.06,,,2026-04-02 03:06:18,tcgcsv,EB01-053,1,1,1,0,1,0,missing_tcgplayer_product_id_only
54,EB01-054,Gan.Fall,R,,186,54,EB01-054,,base,Base,official-cardlist,EB01/base/EB01-054.png,https://en.onepiece-cardgame.com/images/cardlist/card/EB01-054.png?260305,2236,186,2778,HIGH,exact_code_plus_base_flag,2778,544592,Gan.Fall,GanFall,EB01-054,R,,tcgcsv,2586,2778,0.05,0.25,25.0,0.15,,,2026-04-02 03:06:18,tcgcsv,EB01-054,1,1,1,0,1,0,missing_tcgplayer_product_id_only
55,EB01-055,Charlotte Compote,C,,188,55,EB01-055,,base,Base,official-cardlist,EB01/base/EB01-055.png,https://en.onepiece-cardgame.com/images/cardlist/card/EB01-055.png?260305,2237,188,2779,HIGH,exact_code_plus_base_flag,2779,544593,Charlotte Compote,Charlotte Compote,EB01-055,C,,tcgcsv,2587,2779,0.01,0.15,1.6,0.07,,,2026-04-02 03:06:18,tcgcsv,EB01-055,1,1,1,0,1,0,missing_tcgplayer_product_id_only
56,EB01-056,Charlotte Flampe,R,,190,56,EB01-056,,base,Base,official-cardlist,EB01/base/EB01-056.png,https://en.onepiece-cardgame.com/images/cardlist/card/EB01-056.png?260305,2238,190,2780,HIGH,exact_code_plus_base_flag,2780,544594,Charlotte Flampe,Charlotte Flampe,EB01-056,R,,tcgcsv,2588,2780,1.99,6.99,25.0,6.57,,,2026-04-02 03:06:18,tcgcsv,EB01-056,1,1,1,0,1,0,missing_tcgplayer_product_id_only
56,EB01-056,Charlotte Flampe,R,,192,56,EB01-056::alt,,alt,Alt,local-catalog,thumbs/EB01-056alt.webp,,,,,,,,,,,,,,,,,,,,,,,,,EB01-056::alt,0,0,0,0,1,0,missing_printing_market_map
56,EB01-056,Charlotte Flampe,R,,193,56,EB01-056_p1,,parallel_1,Parallel 1,official-cardlist,EB01/parallel/EB01-056_p1.png,https://en.onepiece-cardgame.com/images/cardlist/card/EB01-056_p1.png?260305,,,,,,,,,,,,,,,,,,,,,,,,EB01-056_p1,0,0,0,0,1,0,missing_printing_market_map
56,EB01-056,Charlotte Flampe,R,,194,56,EB01-056_p2,,parallel_2,Parallel 2,official-cardlist,OP10/parallel/EB01-056_p2.png,https://en.onepiece-cardgame.com/images/cardlist/card/EB01-056_p2.png?260305,,,,,,,,,,,,,,,,,,,,,,,,EB01-056_p2,0,0,0,0,1,0,missing_printing_market_map
56,EB01-056,Charlotte Flampe,R,,195,56,EB01-056::s p,,sp,S P,local-catalog,thumbs/EB01-056SP.webp,,,,,,,,,,,,,,,,,,,,,,,,,EB01-056::s p,0,0,0,0,1,0,missing_printing_market_map
57,EB01-057,Shirahoshi,SR,EB01,196,57,EB01-057,,base,Base,official-cardlist,EB01/sp/EB01-057_sp.png,https://en.onepiece-cardgame.com/images/cardlist/card/EB01-057.png?260305,2240,196,2782,HIGH,exact_code_plus_base_flag,2782,544596,Shirahoshi,Shirahoshi,EB01-057,SR,,tcgcsv,2590,2782,0.3,1.4,99.9,0.66,,,2026-04-02 03:06:18,tcgcsv,EB01-057,1,1,1,0,1,0,missing_tcgplayer_product_id_only
57,EB01-057,Shirahoshi,SR,EB01,198,57,EB01-057::alt,,alt,Alt,local-catalog,thumbs/EB01-057alt.webp,,,,,,,,,,,,,,,,,,,,,,,,,EB01-057::alt,0,0,0,0,1,0,missing_printing_market_map
57,EB01-057,Shirahoshi,SR,EB01,199,57,EB01-057_p1,,parallel_1,Parallel 1,official-cardlist,EB01/parallel/EB01-057_p1.png,https://en.onepiece-cardgame.com/images/cardlist/card/EB01-057_p1.png?260305,,,,,,,,,,,,,,,,,,,,,,,,EB01-057_p1,0,0,0,0,1,0,missing_printing_market_map
57,EB01-057,Shirahoshi,SR,EB01,200,57,EB01-057_p2,,parallel_2,Parallel 2,official-cardlist,OP11/parallel/EB01-057_p2.png,https://en.onepiece-cardgame.com/images/cardlist/card/EB01-057_p2.png?260305,,,,,,,,,,,,,,,,,,,,,,,,EB01-057_p2,0,0,0,0,1,0,missing_printing_market_map
57,EB01-057,Shirahoshi,SR,EB01,201,57,EB01-057_r1,,r1,R1,official-cardlist,PRB02/reprint/EB01-057_r1.png,https://en.onepiece-cardgame.com/images/cardlist/card/EB01-057_r1.png?260305,,,,,,,,,,,,,,,,,,,,,,,,EB01-057_r1,0,0,0,0,1,0,missing_printing_market_map
57,EB01-057,Shirahoshi,SR,EB01,202,57,EB01-057::sp,,sp,SP,local-catalog,thumbs/EB01-057(SP).webp,,,,,,,,,,,,,,,,,,,,,,,,,EB01-057::sp,0,0,0,0,1,0,missing_printing_market_map
58,EB01-058,Mont Blanc Cricket,C,,203,58,EB01-058,,base,Base,official-cardlist,EB01/base/EB01-058.png,https://en.onepiece-cardgame.com/images/cardlist/card/EB01-058.png?260305,2242,203,2784,HIGH,exact_code_plus_base_flag,2784,544598,Mont Blanc Cricket,Mont Blanc Cricket,EB01-058,C,,tcgcsv,2592,2784,0.01,0.13,1.58,0.06,,,2026-04-02 03:06:18,tcgcsv,EB01-058,1,1,1,0,1,0,missing_tcgplayer_product_id_only
59,EB01-059,Kingdom Come,R,,205,59,EB01-059,,base,Base,official-cardlist,EB01/base/EB01-059.png,https://en.onepiece-cardgame.com/images/cardlist/card/EB01-059.png?260305,2243,205,2785,HIGH,exact_code_plus_base_flag,2785,544599,Kingdom Come,Kingdom Come,EB01-059,R,,tcgcsv,2593,2785,7.0,9.59,38.99,7.75,,,2026-04-02 03:06:18,tcgcsv,EB01-059,1,1,1,0,1,0,missing_tcgplayer_product_id_only
60,EB01-060,Did Someone Say...Kami?,C,,207,60,EB01-060,,base,Base,official-cardlist,EB01/base/EB01-060.png,https://en.onepiece-cardgame.com/images/cardlist/card/EB01-060.png?260305,2244,207,2786,HIGH,exact_code_plus_base_flag,2786,544600,Did Someone Say...Kami?,Did Someone SayKami,EB01-060,C,,tcgcsv,2594,2786,0.01,0.15,1.58,0.08,,,2026-04-02 03:06:18,tcgcsv,EB01-060,1,1,1,0,1,0,missing_tcgplayer_product_id_only
60,EB01-060,Did Someone Say...Kami?,C,,209,60,EB01-060_p1,,parallel_1,Parallel 1,official-cardlist,PRB02/parallel/EB01-060_p1.png,https://en.onepiece-cardgame.com/images/cardlist/card/EB01-060_p1.png?260305,,,,,,,,,,,,,,,,,,,,,,,,EB01-060_p1,0,0,0,0,1,0,missing_printing_market_map
60,EB01-060,Did Someone Say...Kami?,C,,210,60,EB01-060_r1,,r1,R1,official-cardlist,PRB02/reprint/EB01-060_r1.png,https://en.onepiece-cardgame.com/images/cardlist/card/EB01-060_r1.png?260305,,,,,,,,,,,,,,,,,,,,,,,,EB01-060_r1,0,0,0,0,1,0,missing_printing_market_map
61,EB01-061,Mr.2.Bon.Kurei(Bentham),SEC,,211,61,EB01-061,,base,Base,official-cardlist,EB01/base/EB01-061.png,https://en.onepiece-cardgame.com/images/cardlist/card/EB01-061.png?260305,2245,211,2787,HIGH,exact_code_plus_base_flag,2787,544601,Mr.2.Bon.Kurei (Bentham),Mr2BonKurei Bentham,EB01-061,SEC,,tcgcsv,2595,2787,19.0,25.5,99.99,21.79,,,2026-04-02 03:06:18,tcgcsv,EB01-061,1,1,1,0,1,0,missing_tcgplayer_product_id_only
61,EB01-061,Mr.2.Bon.Kurei(Bentham),SEC,,213,61,EB01-061::alt,,alt,Alt,local-catalog,thumbs/EB01-061alt.webp,,,,,,,,,,,,,,,,,,,,,,,,,EB01-061::alt,0,0,0,0,1,0,missing_printing_market_map
61,EB01-061,Mr.2.Bon.Kurei(Bentham),SEC,,214,61,EB01-061_p1,,parallel_1,Parallel 1,official-cardlist,EB01/parallel/EB01-061_p1.png,https://en.onepiece-cardgame.com/images/cardlist/card/EB01-061_p1.png?260305,,,,,,,,,,,,,,,,,,,,,,,,EB01-061_p1,0,0,0,0,1,0,missing_printing_market_map
61,EB01-061,Mr.2.Bon.Kurei(Bentham),SEC,,215,61,EB01-061_r1,,r1,R1,official-cardlist,PRB02/reprint/EB01-061_r1.png,https://en.onepiece-cardgame.com/images/cardlist/card/EB01-061_r1.png?260305,,,,,,,,,,,,,,,,,,,,,,,,EB01-061_r1,0,0,0,0,1,0,missing_printing_market_map
62,EB02-001,Karoo,C,,216,62,EB02-001,,base,Base,official-cardlist,EB02/base/EB02-001.png,https://en.onepiece-cardgame.com/images/cardlist/card/EB02-001.png?260305,3239,216,3910,HIGH,exact_code_plus_base_flag,3910,629089,Karoo,Karoo,EB02-001,C,,tcgcsv,3737,3910,0.01,0.16,1.5,0.12,,,2026-04-02 03:06:19,tcgcsv,EB02-001,1,1,1,0,1,0,missing_tcgplayer_product_id_only
63,EB02-002,Sabo,R,,218,63,EB02-002,,base,Base,official-cardlist,EB02/base/EB02-002.png,https://en.onepiece-cardgame.com/images/cardlist/card/EB02-002.png?260305,3240,218,3911,HIGH,exact_code_plus_base_flag,3911,629090,Sabo,Sabo,EB02-002,R,,tcgcsv,3738,3911,0.35,0.85,4.0,0.65,,,2026-04-02 03:06:19,tcgcsv,EB02-002,1,1,1,0,1,0,missing_tcgplayer_product_id_only
63,EB02-002,Sabo,R,,220,63,EB02-002::cn,,promo,Cn,local-catalog,thumbs/EB02-002(CN).webp,,,,,,,,,,,,,,,,,,,,,,,,,EB02-002::cn,0,0,0,0,1,0,missing_printing_market_map
64,EB02-003,Tony Tony.Chopper,R,,221,64,EB02-003,,base,Base,official-cardlist,EB02/base/EB02-003.png,https://en.onepiece-cardgame.com/images/cardlist/card/EB02-003.png?260305,3241,221,3912,HIGH,exact_code_plus_base_flag,3912,629091,Tony Tony.Chopper,Tony TonyChopper,EB02-003,R,,tcgcsv,3739,3912,0.25,0.65,5.0,0.58,,,2026-04-02 03:06:19,tcgcsv,EB02-003,1,1,1,0,1,0,missing_tcgplayer_product_id_only
64,EB02-003,Tony Tony.Chopper,R,,223,64,EB02-003::alt,,alt,Alt,local-catalog,thumbs/EB02-003(Alt).webp,,,,,,,,,,,,,,,,,,,,,,,,,EB02-003::alt,0,0,0,0,1,0,missing_printing_market_map
64,EB02-003,Tony Tony.Chopper,R,,224,64,EB02-003_p1,,parallel_1,Parallel 1,official-cardlist,EB02/parallel/EB02-003_p1.png,https://en.onepiece-cardgame.com/images/cardlist/card/EB02-003_p1.png?260305,,,,,,,,,,,,,,,,,,,,,,,,EB02-003_p1,0,0,0,0,1,0,missing_printing_market_map
65,EB02-004,Don Accino,C,,225,65,EB02-004,,base,Base,official-cardlist,EB02/base/EB02-004.png,https://en.onepiece-cardgame.com/images/cardlist/card/EB02-004.png?260305,3243,225,3914,HIGH,exact_code_plus_base_flag,3914,629093,Don Accino,Don Accino,EB02-004,C,,tcgcsv,3741,3914,0.01,0.1,1.49,0.06,,,2026-04-02 03:06:19,tcgcsv,EB02-004,1,1,1,0,1,0,missing_tcgplayer_product_id_only
66,EB02-005,Fake Straw Hat Crew,C,,227,66,EB02-005,,base,Base,official-cardlist,EB02/base/EB02-005.png,https://en.onepiece-cardgame.com/images/cardlist/card/EB02-005.png?260305,3244,227,3915,HIGH,exact_code_plus_base_flag,3915,629094,Fake Straw Hat Crew,Fake Straw Hat Crew,EB02-005,C,,tcgcsv,3742,3915,0.01,0.12,1.49,0.07,,,2026-04-02 03:06:19,tcgcsv,EB02-005,1,1,1,0,1,0,missing_tcgplayer_product_id_only
67,EB02-006,Yamato,SR,,229,67,EB02-006,,base,Base,official-cardlist,EB02/base/EB02-006.png,https://en.onepiece-cardgame.com/images/cardlist/card/EB02-006.png?260305,1283,229,1732,HIGH,exact_code_plus_base_flag,1732,649704,Yamato (Premium Card Collection -6 assort vol.1-),Yamato Premium Card Collection 6 assort vol1,EB02-006,SR,,tcgcsv,1587,1732,25.4,34.99,150.0,26.24,,,2026-04-02 03:06:17,tcgcsv,EB02-006,1,1,1,0,1,0,missing_tcgplayer_product_id_only
67,EB02-006,Yamato,SR,,231,67,EB02-006::alt,,alt,Alt,local-catalog,thumbs/EB02-006(Alt).webp,,,,,,,,,,,,,,,,,,,,,,,,,EB02-006::alt,0,0,0,0,1,0,missing_printing_market_map
67,EB02-006,Yamato,SR,,232,67,EB02-006::cn3rdann,,promo,Cn3Rdann,local-catalog,thumbs/EB02-006(CN3rdAnn).webp,,,,,,,,,,,,,,,,,,,,,,,,,EB02-006::cn3rdann,0,0,0,0,1,0,missing_printing_market_map
67,EB02-006,Yamato,SR,,233,67,EB02-006_p1,,parallel_1,Parallel 1,official-cardlist,EB02/parallel/EB02-006_p1.png,https://en.onepiece-cardgame.com/images/cardlist/card/EB02-006_p1.png?260305,,,,,,,,,,,,,,,,,,,,,,,,EB02-006_p1,0,0,0,0,1,0,missing_printing_market_map
67,EB02-006,Yamato,SR,,234,67,EB02-006::premiumvol 5,,promo,Premiumvol 5,local-catalog,thumbs/EB02-006(PremiumVol.5).webp,,,,,,,,,,,,,,,,,,,,,,,,,EB02-006::premiumvol 5,0,0,0,0,1,0,missing_printing_market_map
67,EB02-006,Yamato,SR,,235,67,EB02-006::serial,,promo,Serial,local-catalog,thumbs/EB02-006(serial).webp,,,,,,,,,,,,,,,,,,,,,,,,,EB02-006::serial,0,0,0,0,1,0,missing_printing_market_map
68,EB02-007,Cloven Rose Blizzard,C,,236,68,EB02-007,,base,Base,official-cardlist,EB02/base/EB02-007.png,https://en.onepiece-cardgame.com/images/cardlist/card/EB02-007.png?260305,3247,236,3918,HIGH,exact_code_plus_base_flag,3918,629097,Cloven Rose Blizzard,Cloven Rose Blizzard,EB02-007,C,,tcgcsv,3745,3918,0.01,0.11,1.99,0.07,,,2026-04-02 03:06:19,tcgcsv,EB02-007,1,1,1,0,1,0,missing_tcgplayer_product_id_only
69,EB02-008,The Peak,R,,238,69,EB02-008,,base,Base,official-cardlist,EB02/base/EB02-008.png,https://en.onepiece-cardgame.com/images/cardlist/card/EB02-008.png?260305,3248,238,3919,HIGH,exact_code_plus_base_flag,3919,629098,The Peak,The Peak,EB02-008,R,,tcgcsv,3746,3919,0.25,0.8,55.0,0.71,,,2026-04-02 03:06:19,tcgcsv,EB02-008,1,1,1,0,1,0,missing_tcgplayer_product_id_only
70,EB02-009,Thousand Sunny,C,,240,70,EB02-009,,base,Base,official-cardlist,EB02/base/EB02-009.png,https://en.onepiece-cardgame.com/images/cardlist/card/EB02-009.png?260305,3249,240,3920,HIGH,exact_code_plus_base_flag,3920,629099,Thousand Sunny,Thousand Sunny,EB02-009,C,,tcgcsv,3747,3920,0.01,0.12,1.5,0.11,,,2026-04-02 03:06:19,tcgcsv,EB02-009,1,1,1,0,1,0,missing_tcgplayer_product_id_only
71,EB02-010,Monkey.D.Luffy,L,,242,71,EB02-010,,base,Base,official-cardlist,EB02/base/EB02-010.png,https://en.onepiece-cardgame.com/images/cardlist/card/EB02-010.png?260305,1189,242,1627,HIGH,exact_code_plus_base_flag,1627,641620,Monkey.D.Luffy (010) (Dodgers x ONE PIECE),MonkeyDLuffy 010 Dodgers x ONE PIECE,EB02-010,L,,tcgcsv,1505,1627,1098.73,1800.0,20000.0,1069.58,,,2026-04-02 03:06:17,tcgcsv,EB02-010,1,1,1,0,1,0,missing_tcgplayer_product_id_only
71,EB02-010,Monkey.D.Luffy,L,,244,71,EB02-010::alt,,alt,Alt,local-catalog,thumbs/EB02-010(Alt).webp,,,,,,,,,,,,,,,,,,,,,,,,,EB02-010::alt,0,0,0,0,1,0,missing_printing_market_map
71,EB02-010,Monkey.D.Luffy,L,,245,71,EB02-010::ia,,ir,Ia,local-catalog,thumbs/EB02-010(IA).webp,,,,,,,,,,,,,,,,,,,,,,,,,EB02-010::ia,0,0,0,0,1,0,missing_printing_market_map
71,EB02-010,Monkey.D.Luffy,L,,246,71,EB02-010_p1,,parallel_1,Parallel 1,official-cardlist,EB02/parallel/EB02-010_p1.png,https://en.onepiece-cardgame.com/images/cardlist/card/EB02-010_p1.png?260305,,,,,,,,,,,,,,,,,,,,,,,,EB02-010_p1,0,0,0,0,1,0,missing_printing_market_map
71,EB02-010,Monkey.D.Luffy,L,,247,71,EB02-010_p2,,parallel_2,Parallel 2,official-cardlist,_unclassified/parallel/EB02-010_p2.png,https://en.onepiece-cardgame.com/images/cardlist/card/EB02-010_p2.png?260305,,,,,,,,,,,,,,,,,,,,,,,,EB02-010_p2,0,0,0,0,1,0,missing_printing_market_map
71,EB02-010,Monkey.D.Luffy,L,,248,71,EB02-010::soundloader,,promo,Soundloader,local-catalog,thumbs/EB02-010(Soundloader).webp,,,,,,,,,,,,,,,,,,,,,,,,,EB02-010::soundloader,0,0,0,0,1,0,missing_printing_market_map
72,EB02-011,Arlong,SR,,249,72,EB02-011,,base,Base,official-cardlist,EB02/base/EB02-011.png,https://en.onepiece-cardgame.com/images/cardlist/card/EB02-011.png?260305,3252,249,3923,HIGH,exact_code_plus_base_flag,3923,629102,Arlong,Arlong,EB02-011,SR,,tcgcsv,3750,3923,2.0,4.49,25.0,3.43,,,2026-04-02 03:06:19,tcgcsv,EB02-011,1,1,1,0,1,0,missing_tcgplayer_product_id_only
72,EB02-011,Arlong,SR,,251,72,EB02-011::alt,,alt,Alt,local-catalog,thumbs/EB02-011(Alt).webp,,,,,,,,,,,,,,,,,,,,,,,,,EB02-011::alt,0,0,0,0,1,0,missing_printing_market_map
72,EB02-011,Arlong,SR,,252,72,EB02-011_p1,,parallel_1,Parallel 1,official-cardlist,EB02/parallel/EB02-011_p1.png,https://en.onepiece-cardgame.com/images/cardlist/card/EB02-011_p1.png?260305,,,,,,,,,,,,,,,,,,,,,,,,EB02-011_p1,0,0,0,0,1,0,missing_printing_market_map
73,EB02-012,Gaimon,C,,253,73,EB02-012,,base,Base,official-cardlist,EB02/base/EB02-012.png,https://en.onepiece-cardgame.com/images/cardlist/card/EB02-012.png?260305,3254,253,3925,HIGH,exact_code_plus_base_flag,3925,629104,Gaimon,Gaimon,EB02-012,C,,tcgcsv,3752,3925,0.01,0.1,1.5,0.06,,,2026-04-02 03:06:19,tcgcsv,EB02-012,1,1,1,0,1,0,missing_tcgplayer_product_id_only
74,EB02-013,Carrot,C,,255,74,EB02-013,,base,Base,official-cardlist,EB02/base/EB02-013.png,https://en.onepiece-cardgame.com/images/cardlist/card/EB02-013.png?260305,3255,255,3926,HIGH,exact_code_plus_base_flag,3926,629105,Carrot,Carrot,EB02-013,C,,tcgcsv,3753,3926,0.01,0.27,2.39,0.27,,,2026-04-02 03:06:19,tcgcsv,EB02-013,1,1,1,0,1,0,missing_tcgplayer_product_id_only
75,EB02-014,Sarfunkel,C,,257,75,EB02-014,,base,Base,official-cardlist,EB02/base/EB02-014.png,https://en.onepiece-cardgame.com/images/cardlist/card/EB02-014.png?260305,3256,257,3927,HIGH,exact_code_plus_base_flag,3927,629106,Sarfunkel,Sarfunkel,EB02-014,C,,tcgcsv,3754,3927,0.01,0.1,1.5,0.07,,,2026-04-02 03:06:19,tcgcsv,EB02-014,1,1,1,0,1,0,missing_tcgplayer_product_id_only
76,EB02-015,Jewelry Bonney,SR,,259,76,EB02-015,,base,Base,official-cardlist,EB02/base/EB02-015.png,https://en.onepiece-cardgame.com/images/cardlist/card/EB02-015.png?260305,3257,259,3928,HIGH,exact_code_plus_base_flag,3928,629107,Jewelry Bonney,Jewelry Bonney,EB02-015,SR,,tcgcsv,3755,3928,1.0,2.14,15.0,1.87,,,2026-04-02 03:06:19,tcgcsv,EB02-015,1,1,1,0,1,0,missing_tcgplayer_product_id_only
76,EB02-015,Jewelry Bonney,SR,,261,76,EB02-015::alt,,alt,Alt,local-catalog,thumbs/EB02-015(Alt).webp,,,,,,,,,,,,,,,,,,,,,,,,,EB02-015::alt,0,0,0,0,1,0,missing_printing_market_map
76,EB02-015,Jewelry Bonney,SR,,262,76,EB02-015_p1,,parallel_1,Parallel 1,official-cardlist,EB02/parallel/EB02-015_p1.png,https://en.onepiece-cardgame.com/images/cardlist/card/EB02-015_p1.png?260305,,,,,,,,,,,,,,,,,,,,,,,,EB02-015_p1,0,0,0,0,1,0,missing_printing_market_map
77,EB02-016,Chopperman,C,,263,77,EB02-016,,base,Base,official-cardlist,EB02/base/EB02-016.png,https://en.onepiece-cardgame.com/images/cardlist/card/EB02-016.png?260305,3259,263,3930,HIGH,exact_code_plus_base_flag,3930,629109,Chopperman,Chopperman,EB02-016,C,,tcgcsv,3757,3930,0.01,0.24,1.99,0.22,,,2026-04-02 03:06:19,tcgcsv,EB02-016,1,1,1,0,1,0,missing_tcgplayer_product_id_only
78,EB02-017,Nami,R,,265,78,EB02-017,,base,Base,official-cardlist,EB02/base/EB02-017.png,https://en.onepiece-cardgame.com/images/cardlist/card/EB02-017.png?260305,3260,265,3931,HIGH,exact_code_plus_base_flag,3931,629110,Nami,Nami,EB02-017,R,,tcgcsv,3758,3931,4.75,20.0,60.0,12.22,,,2026-04-02 03:06:19,tcgcsv,EB02-017,1,1,1,0,1,0,missing_tcgplayer_product_id_only
78,EB02-017,Nami,R,,267,78,EB02-017::alt,,alt,Alt,local-catalog,thumbs/EB02-017(Alt).webp,,,,,,,,,,,,,,,,,,,,,,,,,EB02-017::alt,0,0,0,0,1,0,missing_printing_market_map
78,EB02-017,Nami,R,,268,78,EB02-017::alt art 2,,alt,Alt Art 2,local-catalog,thumbs/EB02-017(Alt2).webp,,,,,,,,,,,,,,,,,,,,,,,,,EB02-017::alt art 2,0,0,0,0,1,0,missing_printing_market_map
78,EB02-017,Nami,R,,269,78,EB02-017_p1,,parallel_1,Parallel 1,official-cardlist,EB02/parallel/EB02-017_p1.png,https://en.onepiece-cardgame.com/images/cardlist/card/EB02-017_p1.png?260305,,,,,,,,,,,,,,,,,,,,,,,,EB02-017_p1,0,0,0,0,1,0,missing_printing_market_map
79,EB02-018,Buggy,R,,270,79,EB02-018,,base,Base,official-cardlist,EB02/base/EB02-018.png,https://en.onepiece-cardgame.com/images/cardlist/card/EB02-018.png?260305,3262,270,3933,HIGH,exact_code_plus_base_flag,3933,629112,Buggy,Buggy,EB02-018,R,,tcgcsv,3760,3933,0.25,0.53,59.0,0.5,,,2026-04-02 03:06:19,tcgcsv,EB02-018,1,1,1,0,1,0,missing_tcgplayer_product_id_only
80,EB02-019,Roronoa Zoro,R,,272,80,EB02-019,,base,Base,official-cardlist,EB02/base/EB02-019.png,https://en.onepiece-cardgame.com/images/cardlist/card/EB02-019.png?260305,1171,272,1608,HIGH,exact_code_plus_base_flag,1608,641202,Roronoa Zoro (Tournament Pack 2025 Vol. 3),Roronoa Zoro Tournament Pack 2025 Vol 3,EB02-019,R,,tcgcsv,1486,1608,0.18,0.36,25.0,0.31,,,2026-04-02 03:06:17,tcgcsv,EB02-019,1,1,1,0,1,0,missing_tcgplayer_product_id_only
80,EB02-019,Roronoa Zoro,R,,274,80,EB02-019::alt art 1,,alt,Alt Art 1,local-catalog,thumbs/EB02-019(Alt1).webp,,,,,,,,,,,,,,,,,,,,,,,,,EB02-019::alt art 1,0,0,0,0,1,0,missing_printing_market_map
80,EB02-019,Roronoa Zoro,R,,275,80,EB02-019::alt art 2,,alt,Alt Art 2,local-catalog,thumbs/EB02-019(Alt2).webp,,,,,,,,,,,,,,,,,,,,,,,,,EB02-019::alt art 2,0,0,0,0,1,0,missing_printing_market_map
80,EB02-019,Roronoa Zoro,R,,276,80,EB02-019_p1,,parallel_1,Parallel 1,official-cardlist,TP2025V3/parallel/EB02-019_p1.png,https://en.onepiece-cardgame.com/images/cardlist/card/EB02-019_p1.png?260305,,,,,,,,,,,,,,,,,,,,,,,,EB02-019_p1,0,0,0,0,1,0,missing_printing_market_map
80,EB02-019,Roronoa Zoro,R,,277,80,EB02-019_p2,,parallel_2,Parallel 2,official-cardlist,_unclassified/parallel/EB02-019_p2.png,https://en.onepiece-cardgame.com/images/cardlist/card/EB02-019_p2.png?260305,,,,,,,,,,,,,,,,,,,,,,,,EB02-019_p2,0,0,0,0,1,0,missing_printing_market_map
81,EB02-020,We Are!,R,,278,81,EB02-020,,base,Base,official-cardlist,EB02/base/EB02-020.png,https://en.onepiece-cardgame.com/images/cardlist/card/EB02-020.png?260305,3264,278,3935,HIGH,exact_code_plus_base_flag,3935,629114,We Are!,We Are,EB02-020,R,,tcgcsv,3762,3935,0.75,1.77,15.0,1.25,,,2026-04-02 03:06:19,tcgcsv,EB02-020,1,1,1,0,1,0,missing_tcgplayer_product_id_only
82,EB02-021,Gum-Gum Giant Pistol,C,,280,82,EB02-021,,base,Base,official-cardlist,EB02/base/EB02-021.png,https://en.onepiece-cardgame.com/images/cardlist/card/EB02-021.png?260305,3265,280,3936,HIGH,exact_code_plus_base_flag,3936,629115,Gum-Gum Giant Pistol,Gum Gum Giant Pistol,EB02-021,C,,tcgcsv,3763,3936,0.01,0.2,1.99,0.16,,,2026-04-02 03:06:19,tcgcsv,EB02-021,1,1,1,0,1,0,missing_tcgplayer_product_id_only
83,EB02-022,Usopp,R,,282,83,EB02-022,,base,Base,official-cardlist,EB02/base/EB02-022.png,https://en.onepiece-cardgame.com/images/cardlist/card/EB02-022.png?260305,3266,282,3937,HIGH,exact_code_plus_base_flag,3937,629116,Usopp,Usopp,EB02-022,R,,tcgcsv,3764,3937,0.04,0.27,4.0,0.25,,,2026-04-02 03:06:19,tcgcsv,EB02-022,1,1,1,0,1,0,missing_tcgplayer_product_id_only
83,EB02-022,Usopp,R,,284,83,EB02-022::alt,,alt,Alt,local-catalog,thumbs/EB02-022(Alt).webp,,,,,,,,,,,,,,,,,,,,,,,,,EB02-022::alt,0,0,0,0,1,0,missing_printing_market_map
83,EB02-022,Usopp,R,,285,83,EB02-022_p1,,parallel_1,Parallel 1,official-cardlist,EB02/parallel/EB02-022_p1.png,https://en.onepiece-cardgame.com/images/cardlist/card/EB02-022_p1.png?260305,,,,,,,,,,,,,,,,,,,,,,,,EB02-022_p1,0,0,0,0,1,0,missing_printing_market_map
84,EB02-023,Crocodile,C,,286,84,EB02-023,,base,Base,official-cardlist,EB02/base/EB02-023.png,https://en.onepiece-cardgame.com/images/cardlist/card/EB02-023.png?260305,3268,286,3939,HIGH,exact_code_plus_base_flag,3939,629118,Crocodile,Crocodile,EB02-023,C,,tcgcsv,3766,3939,0.01,0.15,1.49,0.13,,,2026-04-02 03:06:19,tcgcsv,EB02-023,1,1,1,0,1,0,missing_tcgplayer_product_id_only
85,EB02-024,Sogeking,C,,288,85,EB02-024,,base,Base,official-cardlist,EB02/base/EB02-024.png,https://en.onepiece-cardgame.com/images/cardlist/card/EB02-024.png?260305,3269,288,3940,HIGH,exact_code_plus_base_flag,3940,629119,Sogeking,Sogeking,EB02-024,C,,tcgcsv,3767,3940,0.01,0.13,1.49,0.13,,,2026-04-02 03:06:19,tcgcsv,EB02-024,1,1,1,0,1,0,missing_tcgplayer_product_id_only
86,EB02-025,Donquixote Rosinante,R,,290,86,EB02-025,,base,Base,official-cardlist,EB02/base/EB02-025.png,https://en.onepiece-cardgame.com/images/cardlist/card/EB02-025.png?260305,3270,290,3941,HIGH,exact_code_plus_base_flag,3941,629120,Donquixote Rosinante,Donquixote Rosinante,EB02-025,R,,tcgcsv,3768,3941,0.07,0.25,5.0,0.22,,,2026-04-02 03:06:19,tcgcsv,EB02-025,1,1,1,0,1,0,missing_tcgplayer_product_id_only
87,EB02-026,Nefeltari Vivi,SR,,292,87,EB02-026,,base,Base,official-cardlist,EB02/base/EB02-026.png,https://en.onepiece-cardgame.com/images/cardlist/card/EB02-026.png?260305,3271,292,3942,HIGH,exact_code_plus_base_flag,3942,629121,Nefeltari Vivi,Nefeltari Vivi,EB02-026,SR,,tcgcsv,3769,3942,5.23,9.82,20.0,7.19,,,2026-04-02 03:06:19,tcgcsv,EB02-026,1,1,1,0,1,0,missing_tcgplayer_product_id_only
87,EB02-026,Nefeltari Vivi,SR,,294,87,EB02-026::alt,,alt,Alt,local-catalog,thumbs/EB02-026(Alt).webp,,,,,,,,,,,,,,,,,,,,,,,,,EB02-026::alt,0,0,0,0,1,0,missing_printing_market_map
87,EB02-026,Nefeltari Vivi,SR,,295,87,EB02-026::exe vol 3,,promo,Exe Vol 3,local-catalog,thumbs/EB02-026(EXE.Vol.3).webp,,,,,,,,,,,,,,,,,,,,,,,,,EB02-026::exe vol 3,0,0,0,0,1,0,missing_printing_market_map
87,EB02-026,Nefeltari Vivi,SR,,296,87,EB02-026_p1,,parallel_1,Parallel 1,official-cardlist,EB02/parallel/EB02-026_p1.png,https://en.onepiece-cardgame.com/images/cardlist/card/EB02-026_p1.png?260305,,,,,,,,,,,,,,,,,,,,,,,,EB02-026_p1,0,0,0,0,1,0,missing_printing_market_map
87,EB02-026,Nefeltari Vivi,SR,,297,87,EB02-026_p2,,parallel_2,Parallel 2,official-cardlist,_unclassified/parallel/EB02-026_p2.png,https://en.onepiece-cardgame.com/images/cardlist/card/EB02-026_p2.png?260305,,,,,,,,,,,,,,,,,,,,,,,,EB02-026_p2,0,0,0,0,1,0,missing_printing_market_map
87,EB02-026,Nefeltari Vivi,SR,,298,87,EB02-026::tr,,tr,Tr,local-catalog,thumbs/EB02-026(TR).webp,,,,,,,,,,,,,,,,,,,,,,,,,EB02-026::tr,0,0,0,0,1,0,missing_printing_market_map
88,EB02-027,Vista,C,,299,88,EB02-027,,base,Base,official-cardlist,EB02/base/EB02-027.png,https://en.onepiece-cardgame.com/images/cardlist/card/EB02-027.png?260305,3273,299,3944,HIGH,exact_code_plus_base_flag,3944,629123,Vista,Vista,EB02-027,C,,tcgcsv,3771,3944,0.01,0.1,1.5,0.07,,,2026-04-02 03:06:19,tcgcsv,EB02-027,1,1,1,0,1,0,missing_tcgplayer_product_id_only
89,EB02-028,Portgas.D.Ace,R,OP13,301,89,EB02-028,,base,Base,official-cardlist,EB02/sp/EB02-028_sp.png,https://en.onepiece-cardgame.com/images/cardlist/card/EB02-028.png?260305,3274,301,3945,HIGH,exact_code_plus_base_flag,3945,629124,Portgas.D.Ace,PortgasDAce,EB02-028,R,,tcgcsv,3772,3945,0.1,0.3,4.0,0.28,,,2026-04-02 03:06:19,tcgcsv,EB02-028,1,1,1,0,1,0,missing_tcgplayer_product_id_only
89,EB02-028,Portgas.D.Ace,R,OP13,303,89,EB02-028_p1,,parallel_1,Parallel 1,official-cardlist,OP13/parallel/EB02-028_p1.png,https://en.onepiece-cardgame.com/images/cardlist/card/EB02-028_p1.png?260305,,,,,,,,,,,,,,,,,,,,,,,,EB02-028_p1,0,0,0,0,1,0,missing_printing_market_map
89,EB02-028,Portgas.D.Ace,R,OP13,304,89,EB02-028::sp,,sp,SP,local-catalog,thumbs/EB02-028(SP).webp,,,,,,,,,,,,,,,,,,,,,,,,,EB02-028::sp,0,0,0,0,1,0,missing_printing_market_map
90,EB02-029,Grandpa Ryu,C,,305,90,EB02-029,,base,Base,official-cardlist,EB02/base/EB02-029.png,https://en.onepiece-cardgame.com/images/cardlist/card/EB02-029.png?260305,3275,305,3946,HIGH,exact_code_plus_base_flag,3946,629125,Grandpa Ryu,Grandpa Ryu,EB02-029,C,,tcgcsv,3773,3946,0.01,0.1,1.5,0.06,,,2026-04-02 03:06:19,tcgcsv,EB02-029,1,1,1,0,1,0,missing_tcgplayer_product_id_only
91,EB02-030,And That's When Somebody Makes Fun of Their Friend's Dream!!!!,C,,307,91,EB02-030,,base,Base,official-cardlist,EB02/base/EB02-030.png,https://en.onepiece-cardgame.com/images/cardlist/card/EB02-030.png?260305,3276,307,3947,HIGH,exact_code_plus_base_flag,3947,629126,And That's When Somebody Makes Fun of Their Friend's Dream!!!!,And Thats When Somebody Makes Fun of Their Friends Dream,EB02-030,C,,tcgcsv,3774,3947,0.01,0.15,1.5,0.1,,,2026-04-02 03:06:19,tcgcsv,EB02-030,1,1,1,0,1,0,missing_tcgplayer_product_id_only
92,EB02-031,Hope,R,,309,92,EB02-031,,base,Base,official-cardlist,EB02/base/EB02-031.png,https://en.onepiece-cardgame.com/images/cardlist/card/EB02-031.png?260305,3277,309,3948,HIGH,exact_code_plus_base_flag,3948,629127,Hope,Hope,EB02-031,R,,tcgcsv,3775,3948,0.21,0.5,5.0,0.44,,,2026-04-02 03:06:19,tcgcsv,EB02-031,1,1,1,0,1,0,missing_tcgplayer_product_id_only
93,EB02-032,Iceburg,C,,311,93,EB02-032,,base,Base,official-cardlist,EB02/base/EB02-032.png,https://en.onepiece-cardgame.com/images/cardlist/card/EB02-032.png?260305,3278,311,3949,HIGH,exact_code_plus_base_flag,3949,629128,Iceburg,Iceburg,EB02-032,C,,tcgcsv,3776,3949,0.01,0.11,1.5,0.06,,,2026-04-02 03:06:19,tcgcsv,EB02-032,1,1,1,0,1,0,missing_tcgplayer_product_id_only
94,EB02-033,Klabautermann,C,,313,94,EB02-033,,base,Base,official-cardlist,EB02/base/EB02-033.png,https://en.onepiece-cardgame.com/images/cardlist/card/EB02-033.png?260305,3279,313,3950,HIGH,exact_code_plus_base_flag,3950,629129,Klabautermann,Klabautermann,EB02-033,C,,tcgcsv,3777,3950,0.01,0.1,1.5,0.06,,,2026-04-02 03:06:19,tcgcsv,EB02-033,1,1,1,0,1,0,missing_tcgplayer_product_id_only
95,EB02-034,Komei,C,,315,95,EB02-034,,base,Base,official-cardlist,EB02/base/EB02-034.png,https://en.onepiece-cardgame.com/images/cardlist/card/EB02-034.png?260305,3280,315,3951,HIGH,exact_code_plus_base_flag,3951,629130,Komei,Komei,EB02-034,C,,tcgcsv,3778,3951,0.01,0.1,1.5,0.06,,,2026-04-02 03:06:19,tcgcsv,EB02-034,1,1,1,0,1,0,missing_tcgplayer_product_id_only
96,EB02-035,Sanji & Pudding,SR,,317,96,EB02-035,,base,Base,official-cardlist,EB02/base/EB02-035.png,https://en.onepiece-cardgame.com/images/cardlist/card/EB02-035.png?260305,3281,317,3952,HIGH,exact_code_plus_base_flag,3952,629131,Sanji & Pudding,Sanji and Pudding,EB02-035,SR,,tcgcsv,3779,3952,11.99,17.13,38.86,13.95,,,2026-04-02 03:06:19,tcgcsv,EB02-035,1,1,1,0,1,0,missing_tcgplayer_product_id_only
96,EB02-035,Sanji & Pudding,SR,,319,96,EB02-035::alt,,alt,Alt,local-catalog,thumbs/EB02-035(Alt).webp,,,,,,,,,,,,,,,,,,,,,,,,,EB02-035::alt,0,0,0,0,1,0,missing_printing_market_map
96,EB02-035,Sanji & Pudding,SR,,320,96,EB02-035_p1,,parallel_1,Parallel 1,official-cardlist,EB02/parallel/EB02-035_p1.png,https://en.onepiece-cardgame.com/images/cardlist/card/EB02-035_p1.png?260305,,,,,,,,,,,,,,,,,,,,,,,,EB02-035_p1,0,0,0,0,1,0,missing_printing_market_map
97,EB02-036,Nico Robin,R,,321,97,EB02-036,,base,Base,official-cardlist,EB02/base/EB02-036.png,https://en.onepiece-cardgame.com/images/cardlist/card/EB02-036.png?260305,3283,321,3954,HIGH,exact_code_plus_base_flag,3954,629133,Nico Robin,Nico Robin,EB02-036,R,,tcgcsv,3781,3954,0.5,1.0,5.0,0.97,,,2026-04-02 03:06:19,tcgcsv,EB02-036,1,1,1,0,1,0,missing_tcgplayer_product_id_only
97,EB02-036,Nico Robin,R,,323,97,EB02-036::alt,,alt,Alt,local-catalog,thumbs/EB02-036(Alt).webp,,,,,,,,,,,,,,,,,,,,,,,,,EB02-036::alt,0,0,0,0,1,0,missing_printing_market_map
97,EB02-036,Nico Robin,R,,324,97,EB02-036_p1,,parallel_1,Parallel 1,official-cardlist,EB02/parallel/EB02-036_p1.png,https://en.onepiece-cardgame.com/images/cardlist/card/EB02-036_p1.png?260305,,,,,,,,,,,,,,,,,,,,,,,,EB02-036_p1,0,0,0,0,1,0,missing_printing_market_map
98,EB02-037,Franky,R,,325,98,EB02-037,,base,Base,official-cardlist,EB02/base/EB02-037.png,https://en.onepiece-cardgame.com/images/cardlist/card/EB02-037.png?260305,3285,325,3956,HIGH,exact_code_plus_base_flag,3956,629135,Franky,Franky,EB02-037,R,,tcgcsv,3783,3956,0.1,0.33,3.0,0.31,,,2026-04-02 03:06:19,tcgcsv,EB02-037,1,1,1,0,1,0,missing_tcgplayer_product_id_only
99,EB02-038,Magellan,C,,327,99,EB02-038,,base,Base,official-cardlist,EB02/base/EB02-038.png,https://en.onepiece-cardgame.com/images/cardlist/card/EB02-038.png?260305,3286,327,3957,HIGH,exact_code_plus_base_flag,3957,629136,Magellan,Magellan,EB02-038,C,,tcgcsv,3784,3957,0.01,0.1,1.5,0.06,,,2026-04-02 03:06:19,tcgcsv,EB02-038,1,1,1,0,1,0,missing_tcgplayer_product_id_only
100,EB02-039,GERMA 66,C,,329,100,EB02-039,,base,Base,official-cardlist,EB02/base/EB02-039.png,https://en.onepiece-cardgame.com/images/cardlist/card/EB02-039.png?260305,3287,329,3958,HIGH,exact_code_plus_base_flag,3958,629137,GERMA 66,GERMA 66,EB02-039,C,,tcgcsv,3785,3958,0.01,0.12,1.5,0.09,,,2026-04-02 03:06:19,tcgcsv,EB02-039,1,1,1,0,1,0,missing_tcgplayer_product_id_only
101,EB02-040,BRAND NEW WORLD,R,,331,101,EB02-040,,base,Base,official-cardlist,EB02/base/EB02-040.png,https://en.onepiece-cardgame.com/images/cardlist/card/EB02-040.png?260305,3288,331,3959,HIGH,exact_code_plus_base_flag,3959,629138,BRAND NEW WORLD,BRAND NEW WORLD,EB02-040,R,,tcgcsv,3786,3959,0.23,0.54,5.0,0.5,,,2026-04-02 03:06:19,tcgcsv,EB02-040,1,1,1,0,1,0,missing_tcgplayer_product_id_only
102,EB02-041,Merry Go,R,,333,102,EB02-041,,base,Base,official-cardlist,EB02/base/EB02-041.png,https://en.onepiece-cardgame.com/images/cardlist/card/EB02-041.png?260305,1344,333,1802,HIGH,exact_code_plus_base_flag,1802,657833,Merry Go (Premium Card Collection -Best Selection Vol. 5-),Merry Go Premium Card Collection Best Selection Vol 5,EB02-041,R,,tcgcsv,1648,1802,3.5,5.0,49.99,4.05,,,2026-04-02 03:06:17,tcgcsv,EB02-041,1,1,1,0,1,0,missing_tcgplayer_product_id_only
102,EB02-041,Merry Go,R,,335,102,EB02-041_p1,,parallel_1,Parallel 1,official-cardlist,BCV5/parallel/EB02-041_p1.png,https://en.onepiece-cardgame.com/images/cardlist/card/EB02-041_p1.png?260305,,,,,,,,,,,,,,,,,,,,,,,,EB02-041_p1,0,0,0,0,1,0,missing_printing_market_map
102,EB02-041,Merry Go,R,,336,102,EB02-041::premiumvol 5,,promo,Premiumvol 5,local-catalog,thumbs/EB02-041(PremiumVol.5).webp,,,,,,,,,,,,,,,,,,,,,,,,,EB02-041::premiumvol 5,0,0,0,0,1,0,missing_printing_market_map
103,EB02-042,All-Hunt Grount,C,,337,103,EB02-042,,base,Base,official-cardlist,EB02/base/EB02-042.png,https://en.onepiece-cardgame.com/images/cardlist/card/EB02-042.png?260305,3290,337,3961,HIGH,exact_code_plus_base_flag,3961,629140,All-Hunt Grount,All Hunt Grount,EB02-042,C,,tcgcsv,3788,3961,0.01,0.1,1.5,0.07,,,2026-04-02 03:06:19,tcgcsv,EB02-042,1,1,1,0,1,0,missing_tcgplayer_product_id_only
104,EB02-043,Jonathan,C,,339,104,EB02-043,,base,Base,official-cardlist,EB02/base/EB02-043.png,https://en.onepiece-cardgame.com/images/cardlist/card/EB02-043.png?260305,3291,339,3962,HIGH,exact_code_plus_base_flag,3962,629141,Jonathan,Jonathan,EB02-043,C,,tcgcsv,3789,3962,0.01,0.1,1.5,0.05,,,2026-04-02 03:06:19,tcgcsv,EB02-043,1,1,1,0,1,0,missing_tcgplayer_product_id_only
105,EB02-044,Sengoku,SR,,341,105,EB02-044,,base,Base,official-cardlist,EB02/base/EB02-044.png,https://en.onepiece-cardgame.com/images/cardlist/card/EB02-044.png?260305,3292,341,3963,HIGH,exact_code_plus_base_flag,3963,629142,Sengoku,Sengoku,EB02-044,SR,,tcgcsv,3790,3963,1.8,4.99,25.0,2.37,,,2026-04-02 03:06:19,tcgcsv,EB02-044,1,1,1,0,1,0,missing_tcgplayer_product_id_only
105,EB02-044,Sengoku,SR,,343,105,EB02-044::alt,,alt,Alt,local-catalog,thumbs/EB02-044(Alt).webp,,,,,,,,,,,,,,,,,,,,,,,,,EB02-044::alt,0,0,0,0,1,0,missing_printing_market_map
105,EB02-044,Sengoku,SR,,344,105,EB02-044_p1,,parallel_1,Parallel 1,official-cardlist,EB02/parallel/EB02-044_p1.png,https://en.onepiece-cardgame.com/images/cardlist/card/EB02-044_p1.png?260305,,,,,,,,,,,,,,,,,,,,,,,,EB02-044_p1,0,0,0,0,1,0,missing_printing_market_map
106,EB02-045,Trafalgar Law,SR,,345,106,EB02-045,,base,Base,official-cardlist,EB02/base/EB02-045.png,https://en.onepiece-cardgame.com/images/cardlist/card/EB02-045.png?260305,3294,345,3965,HIGH,exact_code_plus_base_flag,3965,629144,Trafalgar Law,Trafalgar Law,EB02-045,SR,,tcgcsv,3792,3965,1.28,2.3,15.0,1.91,,,2026-04-02 03:06:19,tcgcsv,EB02-045,1,1,1,0,1,0,missing_tcgplayer_product_id_only
106,EB02-045,Trafalgar Law,SR,,347,106,EB02-045::alt,,alt,Alt,local-catalog,thumbs/EB02-045(Alt).webp,,,,,,,,,,,,,,,,,,,,,,,,,EB02-045::alt,0,0,0,0,1,0,missing_printing_market_map
106,EB02-045,Trafalgar Law,SR,,348,106,EB02-045_p1,,parallel_1,Parallel 1,official-cardlist,EB02/parallel/EB02-045_p1.png,https://en.onepiece-cardgame.com/images/cardlist/card/EB02-045_p1.png?260305,,,,,,,,,,,,,,,,,,,,,,,,EB02-045_p1,0,0,0,0,1,0,missing_printing_market_map
107,EB02-046,Hildon,C,,349,107,EB02-046,,base,Base,official-cardlist,EB02/base/EB02-046.png,https://en.onepiece-cardgame.com/images/cardlist/card/EB02-046.png?260305,3296,349,3967,HIGH,exact_code_plus_base_flag,3967,629146,Hildon,Hildon,EB02-046,C,,tcgcsv,3794,3967,0.01,0.1,1.5,0.07,,,2026-04-02 03:06:19,tcgcsv,EB02-046,1,1,1,0,1,0,missing_tcgplayer_product_id_only
108,EB02-047,Blueno,C,,351,108,EB02-047,,base,Base,official-cardlist,EB02/base/EB02-047.png,https://en.onepiece-cardgame.com/images/cardlist/card/EB02-047.png?260305,3297,351,3968,HIGH,exact_code_plus_base_flag,3968,629147,Blueno,Blueno,EB02-047,C,,tcgcsv,3795,3968,0.01,0.1,1.5,0.04,,,2026-04-02 03:06:19,tcgcsv,EB02-047,1,1,1,0,1,0,missing_tcgplayer_product_id_only
109,EB02-048,Brook,R,,353,109,EB02-048,,base,Base,official-cardlist,EB02/base/EB02-048.png,https://en.onepiece-cardgame.com/images/cardlist/card/EB02-048.png?260305,3298,353,3969,HIGH,exact_code_plus_base_flag,3969,629148,Brook,Brook,EB02-048,R,,tcgcsv,3796,3969,0.05,0.29,5.0,0.28,,,2026-04-02 03:06:19,tcgcsv,EB02-048,1,1,1,0,1,0,missing_tcgplayer_product_id_only
109,EB02-048,Brook,R,,355,109,EB02-048::alt,,alt,Alt,local-catalog,thumbs/EB02-048(Alt).webp,,,,,,,,,,,,,,,,,,,,,,,,,EB02-048::alt,0,0,0,0,1,0,missing_printing_market_map
109,EB02-048,Brook,R,,356,109,EB02-048_p1,,parallel_1,Parallel 1,official-cardlist,EB02/parallel/EB02-048_p1.png,https://en.onepiece-cardgame.com/images/cardlist/card/EB02-048_p1.png?260305,,,,,,,,,,,,,,,,,,,,,,,,EB02-048_p1,0,0,0,0,1,0,missing_printing_market_map
110,EB02-049,Monkey.D.Garp,R,,357,110,EB02-049,,base,Base,official-cardlist,EB02/base/EB02-049.png,https://en.onepiece-cardgame.com/images/cardlist/card/EB02-049.png?260305,3300,357,3971,HIGH,exact_code_plus_base_flag,3971,629150,Monkey.D.Garp,MonkeyDGarp,EB02-049,R,,tcgcsv,3798,3971,0.05,0.25,5.0,0.24,,,2026-04-02 03:06:19,tcgcsv,EB02-049,1,1,1,0,1,0,missing_tcgplayer_product_id_only
111,EB02-050,Kokoro no Chizu,R,,359,111,EB02-050,,base,Base,official-cardlist,EB02/base/EB02-050.png,https://en.onepiece-cardgame.com/images/cardlist/card/EB02-050.png?260305,3301,359,3972,HIGH,exact_code_plus_base_flag,3972,629151,Kokoro no Chizu,Kokoro no Chizu,EB02-050,R,,tcgcsv,3799,3972,0.1,0.5,4.99,0.45,,,2026-04-02 03:06:19,tcgcsv,EB02-050,1,1,1,0,1,0,missing_tcgplayer_product_id_only
112,EB02-051,Three-Pace Hum Soul Notch Slash,C,,361,112,EB02-051,,base,Base,official-cardlist,EB02/base/EB02-051.png,https://en.onepiece-cardgame.com/images/cardlist/card/EB02-051.png?260305,3302,361,3973,HIGH,exact_code_plus_base_flag,3973,629152,Three-Pace Hum Soul Notch Slash,Three Pace Hum Soul Notch Slash,EB02-051,C,,tcgcsv,3800,3973,0.01,0.12,1.5,0.09,,,2026-04-02 03:06:19,tcgcsv,EB02-051,1,1,1,0,1,0,missing_tcgplayer_product_id_only
113,EB02-052,Enel,SR,,363,113,EB02-052,,base,Base,official-cardlist,EB02/base/EB02-052.png,https://en.onepiece-cardgame.com/images/cardlist/card/EB02-052.png?260305,3303,363,3974,HIGH,exact_code_plus_base_flag,3974,629153,Enel,Enel,EB02-052,SR,,tcgcsv,3801,3974,20.0,24.99,49.95,23.45,,,2026-04-02 03:06:19,tcgcsv,EB02-052,1,1,1,0,1,0,missing_tcgplayer_product_id_only
113,EB02-052,Enel,SR,,365,113,EB02-052::alt,,alt,Alt,local-catalog,thumbs/EB02-052(Alt).webp,,,,,,,,,,,,,,,,,,,,,,,,,EB02-052::alt,0,0,0,0,1,0,missing_printing_market_map
113,EB02-052,Enel,SR,,366,113,EB02-052_p1,,parallel_1,Parallel 1,official-cardlist,EB02/parallel/EB02-052_p1.png,https://en.onepiece-cardgame.com/images/cardlist/card/EB02-052_p1.png?260305,,,,,,,,,,,,,,,,,,,,,,,,EB02-052_p1,0,0,0,0,1,0,missing_printing_market_map
114,EB02-053,Myskina Olga,C,,367,114,EB02-053,,base,Base,official-cardlist,EB02/base/EB02-053.png,https://en.onepiece-cardgame.com/images/cardlist/card/EB02-053.png?260305,3305,367,3976,HIGH,exact_code_plus_base_flag,3976,629155,Myskina Olga,Myskina Olga,EB02-053,C,,tcgcsv,3803,3976,0.01,0.1,2.0,0.06,,,2026-04-02 03:06:19,tcgcsv,EB02-053,1,1,1,0,1,0,missing_tcgplayer_product_id_only
115,EB02-054,Sanji,R,,369,115,EB02-054,,base,Base,official-cardlist,EB02/base/EB02-054.png,https://en.onepiece-cardgame.com/images/cardlist/card/EB02-054.png?260305,3306,369,3977,HIGH,exact_code_plus_base_flag,3977,629156,Sanji,Sanji,EB02-054,R,,tcgcsv,3804,3977,0.25,0.71,7.0,0.53,,,2026-04-02 03:06:19,tcgcsv,EB02-054,1,1,1,0,1,0,missing_tcgplayer_product_id_only
115,EB02-054,Sanji,R,,371,115,EB02-054::alt,,alt,Alt,local-catalog,thumbs/EB02-054(Alt).webp,,,,,,,,,,,,,,,,,,,,,,,,,EB02-054::alt,0,0,0,0,1,0,missing_printing_market_map
115,EB02-054,Sanji,R,,372,115,EB02-054::exe vol 3,,promo,Exe Vol 3,local-catalog,thumbs/EB02-054(EXE.Vol.3).webp,,,,,,,,,,,,,,,,,,,,,,,,,EB02-054::exe vol 3,0,0,0,0,1,0,missing_printing_market_map
115,EB02-054,Sanji,R,,373,115,EB02-054_p1,,parallel_1,Parallel 1,official-cardlist,EB02/parallel/EB02-054_p1.png,https://en.onepiece-cardgame.com/images/cardlist/card/EB02-054_p1.png?260305,,,,,,,,,,,,,,,,,,,,,,,,EB02-054_p1,0,0,0,0,1,0,missing_printing_market_map
115,EB02-054,Sanji,R,,374,115,EB02-054::promo,,promo,Promo,local-catalog,thumbs/EB02-054(promo).webp,,,,,,,,,,,,,,,,,,,,,,,,,EB02-054::promo,0,0,0,0,1,0,missing_printing_market_map
116,EB02-055,Jinbe,R,,375,116,EB02-055,,base,Base,official-cardlist,EB02/base/EB02-055.png,https://en.onepiece-cardgame.com/images/cardlist/card/EB02-055.png?260305,1173,375,1610,HIGH,exact_code_plus_base_flag,1610,641205,Jinbe (Tournament Pack 2025 Vol. 3),Jinbe Tournament Pack 2025 Vol 3,EB02-055,R,,tcgcsv,1488,1610,0.01,0.25,1.75,0.21,,,2026-04-02 03:06:17,tcgcsv,EB02-055,1,1,1,0,1,0,missing_tcgplayer_product_id_only
116,EB02-055,Jinbe,R,,377,116,EB02-055_p1,,parallel_1,Parallel 1,official-cardlist,TP2025V3/parallel/EB02-055_p1.png,https://en.onepiece-cardgame.com/images/cardlist/card/EB02-055_p1.png?260305,,,,,,,,,,,,,,,,,,,,,,,,EB02-055_p1,0,0,0,0,1,0,missing_printing_market_map
116,EB02-055,Jinbe,R,,378,116,EB02-055_p2,,parallel_2,Parallel 2,official-cardlist,_unclassified/parallel/EB02-055_p2.png,https://en.onepiece-cardgame.com/images/cardlist/card/EB02-055_p2.png?260305,,,,,,,,,,,,,,,,,,,,,,,,EB02-055_p2,0,0,0,0,1,0,missing_printing_market_map
116,EB02-055,Jinbe,R,,379,116,EB02-055::standardbattlevol11,,promo,Standardbattlevol11,local-catalog,thumbs/EB02-055(StandardBattleVol11).webp,,,,,,,,,,,,,,,,,,,,,,,,,EB02-055::standardbattlevol11,0,0,0,0,1,0,missing_printing_market_map
117,EB02-056,Vegapunk,SR,,380,117,EB02-056,,base,Base,official-cardlist,EB02/base/EB02-056.png,https://en.onepiece-cardgame.com/images/cardlist/card/EB02-056.png?260305,3309,380,3980,HIGH,exact_code_plus_base_flag,3980,629159,Vegapunk,Vegapunk,EB02-056,SR,,tcgcsv,3807,3980,4.69,7.99,20.0,6.43,,,2026-04-02 03:06:19,tcgcsv,EB02-056,1,1,1,0,1,0,missing_tcgplayer_product_id_only
117,EB02-056,Vegapunk,SR,,382,117,EB02-056::alt,,alt,Alt,local-catalog,thumbs/EB02-056(Alt).webp,,,,,,,,,,,,,,,,,,,,,,,,,EB02-056::alt,0,0,0,0,1,0,missing_printing_market_map
117,EB02-056,Vegapunk,SR,,383,117,EB02-056_p1,,parallel_1,Parallel 1,official-cardlist,EB02/parallel/EB02-056_p1.png,https://en.onepiece-cardgame.com/images/cardlist/card/EB02-056_p1.png?260305,,,,,,,,,,,,,,,,,,,,,,,,EB02-056_p1,0,0,0,0,1,0,missing_printing_market_map
118,EB02-057,Mad Treasure,C,,384,118,EB02-057,,base,Base,official-cardlist,EB02/base/EB02-057.png,https://en.onepiece-cardgame.com/images/cardlist/card/EB02-057.png?260305,3311,384,3982,HIGH,exact_code_plus_base_flag,3982,629161,Mad Treasure,Mad Treasure,EB02-057,C,,tcgcsv,3809,3982,0.01,0.1,1.5,0.05,,,2026-04-02 03:06:19,tcgcsv,EB02-057,1,1,1,0,1,0,missing_tcgplayer_product_id_only
119,EB02-058,UUUUUS!,R,,386,119,EB02-058,,base,Base,official-cardlist,EB02/base/EB02-058.png,https://en.onepiece-cardgame.com/images/cardlist/card/EB02-058.png?260305,3312,386,3983,HIGH,exact_code_plus_base_flag,3983,629162,UUUUUS!,UUUUUS,EB02-058,R,,tcgcsv,3810,3983,0.5,1.71,7.99,1.52,,,2026-04-02 03:06:19,tcgcsv,EB02-058,1,1,1,0,1,0,missing_tcgplayer_product_id_only
120,EB02-059,Without Your Help I Can't Become the King of the Pirates!!!!,C,,388,120,EB02-059,,base,Base,official-cardlist,EB02/base/EB02-059.png,https://en.onepiece-cardgame.com/images/cardlist/card/EB02-059.png?260305,3313,388,3984,HIGH,exact_code_plus_base_flag,3984,629163,Without Your Help I Can't Become the King of the Pirates!!!!,Without Your Help I Cant Become the King of the Pirates,EB02-059,C,,tcgcsv,3811,3984,0.01,0.12,1.49,0.08,,,2026-04-02 03:06:19,tcgcsv,EB02-059,1,1,1,0,1,0,missing_tcgplayer_product_id_only
121,EB02-060,Merry Go,C,,390,121,EB02-060,,base,Base,official-cardlist,EB02/base/EB02-060.png,https://en.onepiece-cardgame.com/images/cardlist/card/EB02-060.png?260305,3314,390,3985,HIGH,exact_code_plus_base_flag,3985,629164,Merry Go (060),Merry Go 060,EB02-060,C,,tcgcsv,3812,3985,0.01,0.11,1.99,0.1,,,2026-04-02 03:06:19,tcgcsv,EB02-060,1,1,1,0,1,0,missing_tcgplayer_product_id_only
122,EB02-061,Monkey.D.Luffy,SEC,,392,122,EB02-061,,base,Base,official-cardlist,EB02/base/EB02-061.png,https://en.onepiece-cardgame.com/images/cardlist/card/EB02-061.png?260305,3315,392,3986,HIGH,exact_code_plus_base_flag,3986,629165,Monkey.D.Luffy (061),MonkeyDLuffy 061,EB02-061,SEC,,tcgcsv,3813,3986,7.99,12.0,93.36,9.01,,,2026-04-02 03:06:19,tcgcsv,EB02-061,1,1,1,0,1,0,missing_tcgplayer_product_id_only
122,EB02-061,Monkey.D.Luffy,SEC,,394,122,EB02-061::alt,,alt,Alt,local-catalog,thumbs/EB02-061(Alt).webp,,,,,,,,,,,,,,,,,,,,,,,,,EB02-061::alt,0,0,0,0,1,0,missing_printing_market_map
122,EB02-061,Monkey.D.Luffy,SEC,,395,122,EB02-061::manga,,mr,Manga,local-catalog,thumbs/EB02-061(Manga).webp,,,,,,,,,,,,,,,,,,,,,,,,,EB02-061::manga,0,0,0,0,1,0,missing_printing_market_map
122,EB02-061,Monkey.D.Luffy,SEC,,396,122,EB02-061_p1,,parallel_1,Parallel 1,official-cardlist,EB02/parallel/EB02-061_p1.png,https://en.onepiece-cardgame.com/images/cardlist/card/EB02-061_p1.png?260305,,,,,,,,,,,,,,,,,,,,,,,,EB02-061_p1,0,0,0,0,1,0,missing_printing_market_map
122,EB02-061,Monkey.D.Luffy,SEC,,397,122,EB02-061_p2,,parallel_2,Parallel 2,official-cardlist,EB02/parallel/EB02-061_p2.png,https://en.onepiece-cardgame.com/images/cardlist/card/EB02-061_p2.png?260305,,,,,,,,,,,,,,,,,,,,,,,,EB02-061_p2,0,0,0,0,1,0,missing_printing_market_map
122,EB02-061,Monkey.D.Luffy,SEC,,398,122,EB02-061_p3,,parallel_3,Parallel 3,official-cardlist,PRB02/parallel/EB02-061_p3.png,https://en.onepiece-cardgame.com/images/cardlist/card/EB02-061_p3.png?260305,,,,,,,,,,,,,,,,,,,,,,,,EB02-061_p3,0,0,0,0,1,0,missing_printing_market_map
122,EB02-061,Monkey.D.Luffy,SEC,,399,122,EB02-061::prb02,,alt,Prb02,local-catalog,thumbs/EB02-061(PRB02).webp,,,,,,,,,,,,,,,,,,,,,,,,,EB02-061::prb02,0,0,0,0,1,0,missing_printing_market_map
122,EB02-061,Monkey.D.Luffy,SEC,,400,122,EB02-061_r1,,r1,R1,official-cardlist,PRB02/reprint/EB02-061_r1.png,https://en.onepiece-cardgame.com/images/cardlist/card/EB02-061_r1.png?260305,,,,,,,,,,,,,,,,,,,,,,,,EB02-061_r1,0,0,0,0,1,0,missing_printing_market_map
123,EB03-001,Nefeltari Vivi,L,,401,123,EB03-001,,base,Base,official-cardlist,EB03/base/EB03-001.png,https://en.onepiece-cardgame.com/images/cardlist/card/EB03-001.png?260305,4469,401,5262,HIGH,exact_code_plus_base_flag,5262,672739,Nefeltari Vivi (001),Nefeltari Vivi 001,EB03-001,L,,tcgcsv,5120,5262,0.01,0.2,25.0,0.14,,,2026-04-02 03:06:21,tcgcsv,EB03-001,1,1,1,0,1,0,missing_tcgplayer_product_id_only
123,EB03-001,Nefeltari Vivi,L,,403,123,EB03-001::alt,,alt,Alt,local-catalog,thumbs/EB03-001(alt).webp,,,,,,,,,,,,,,,,,,,,,,,,,EB03-001::alt,0,0,0,0,1,0,missing_printing_market_map
123,EB03-001,Nefeltari Vivi,L,,404,123,EB03-001_p1,,parallel_1,Parallel 1,official-cardlist,EB03/parallel/EB03-001_p1.png,https://en.onepiece-cardgame.com/images/cardlist/card/EB03-001_p1.png?260305,,,,,,,,,,,,,,,,,,,,,,,,EB03-001_p1,0,0,0,0,1,0,missing_printing_market_map
124,EB03-002,Ain,C,,405,124,EB03-002,,base,Base,official-cardlist,EB03/base/EB03-002.png,https://en.onepiece-cardgame.com/images/cardlist/card/EB03-002.png?260305,4471,405,5264,HIGH,exact_code_plus_base_flag,5264,672741,Ain,Ain,EB03-002,C,,tcgcsv,5122,5264,0.01,0.13,1.5,0.08,,,2026-04-02 03:06:21,tcgcsv,EB03-002,1,1,1,0,1,0,missing_tcgplayer_product_id_only
125,EB03-003,Uta,SR,EB03,407,125,EB03-003,,base,Base,official-cardlist,EB03/sp/EB03-003_sp.png,https://en.onepiece-cardgame.com/images/cardlist/card/EB03-003.png?260305,4472,407,5265,HIGH,exact_code_plus_base_flag,5265,672742,Uta (003),Uta 003,EB03-003,SR,,tcgcsv,5123,5265,0.15,0.8,99.9,0.47,,,2026-04-02 03:06:21,tcgcsv,EB03-003,1,1,1,0,1,0,missing_tcgplayer_product_id_only
125,EB03-003,Uta,SR,EB03,409,125,EB03-003::alt,,alt,Alt,local-catalog,thumbs/EB03-003(alt).webp,,,,,,,,,,,,,,,,,,,,,,,,,EB03-003::alt,0,0,0,0,1,0,missing_printing_market_map
125,EB03-003,Uta,SR,EB03,410,125,EB03-003_p1,,parallel_1,Parallel 1,official-cardlist,EB03/parallel/EB03-003_p1.png,https://en.onepiece-cardgame.com/images/cardlist/card/EB03-003_p1.png?260305,,,,,,,,,,,,,,,,,,,,,,,,EB03-003_p1,0,0,0,0,1,0,missing_printing_market_map
125,EB03-003,Uta,SR,EB03,411,125,EB03-003_p2,,parallel_2,Parallel 2,official-cardlist,EB03/parallel/EB03-003_p2.png,https://en.onepiece-cardgame.com/images/cardlist/card/EB03-003_p2.png?260305,,,,,,,,,,,,,,,,,,,,,,,,EB03-003_p2,0,0,0,0,1,0,missing_printing_market_map
125,EB03-003,Uta,SR,EB03,412,125,EB03-003::sp,,sp,SP,local-catalog,thumbs/EB03-003(SP).webp,,,,,,,,,,,,,,,,,,,,,,,,,EB03-003::sp,0,0,0,0,1,0,missing_printing_market_map
126,EB03-004,Carina,C,,413,126,EB03-004,,base,Base,official-cardlist,EB03/base/EB03-004.png,https://en.onepiece-cardgame.com/images/cardlist/card/EB03-004.png?260305,4474,413,5267,HIGH,exact_code_plus_base_flag,5267,672744,Carina,Carina,EB03-004,C,,tcgcsv,5125,5267,0.01,0.11,1.31,0.07,,,2026-04-02 03:06:21,tcgcsv,EB03-004,1,1,1,0,1,0,missing_tcgplayer_product_id_only
127,EB03-005,Sugar,R,,415,127,EB03-005,,base,Base,official-cardlist,EB03/base/EB03-005.png,https://en.onepiece-cardgame.com/images/cardlist/card/EB03-005.png?260305,4475,415,5268,HIGH,exact_code_plus_base_flag,5268,672745,Sugar,Sugar,EB03-005,R,,tcgcsv,5126,5268,0.01,0.23,5.0,0.12,,,2026-04-02 03:06:21,tcgcsv,EB03-005,1,1,1,0,1,0,missing_tcgplayer_product_id_only
128,EB03-006,Nami,R,,417,128,EB03-006,,base,Base,official-cardlist,EB03/base/EB03-006.png,https://en.onepiece-cardgame.com/images/cardlist/card/EB03-006.png?260305,4476,417,5269,HIGH,exact_code_plus_base_flag,5269,672746,Nami (006),Nami 006,EB03-006,R,,tcgcsv,5127,5269,0.2,1.0,99.9,0.5,,,2026-04-02 03:06:21,tcgcsv,EB03-006,1,1,1,0,1,0,missing_tcgplayer_product_id_only
129,EB03-007,Baccarat,C,,419,129,EB03-007,,base,Base,official-cardlist,EB03/base/EB03-007.png,https://en.onepiece-cardgame.com/images/cardlist/card/EB03-007.png?260305,4477,419,5270,HIGH,exact_code_plus_base_flag,5270,672747,Baccarat,Baccarat,EB03-007,C,,tcgcsv,5128,5270,0.01,0.1,1.31,0.07,,,2026-04-02 03:06:21,tcgcsv,EB03-007,1,1,1,0,1,0,missing_tcgplayer_product_id_only
130,EB03-008,Hibari,R,,421,130,EB03-008,,base,Base,official-cardlist,EB03/base/EB03-008.png,https://en.onepiece-cardgame.com/images/cardlist/card/EB03-008.png?260305,4478,421,5271,HIGH,exact_code_plus_base_flag,5271,672748,Hibari,Hibari,EB03-008,R,,tcgcsv,5129,5271,0.1,0.38,6.2,0.24,,,2026-04-02 03:06:21,tcgcsv,EB03-008,1,1,1,0,1,0,missing_tcgplayer_product_id_only
130,EB03-008,Hibari,R,,423,130,EB03-008::alt,,alt,Alt,local-catalog,thumbs/EB03-008(alt).webp,,,,,,,,,,,,,,,,,,,,,,,,,EB03-008::alt,0,0,0,0,1,0,missing_printing_market_map
130,EB03-008,Hibari,R,,424,130,EB03-008_p1,,parallel_1,Parallel 1,official-cardlist,EB03/parallel/EB03-008_p1.png,https://en.onepiece-cardgame.com/images/cardlist/card/EB03-008_p1.png?260305,,,,,,,,,,,,,,,,,,,,,,,,EB03-008_p1,0,0,0,0,1,0,missing_printing_market_map
131,EB03-009,Makino,C,,425,131,EB03-009,,base,Base,official-cardlist,EB03/base/EB03-009.png,https://en.onepiece-cardgame.com/images/cardlist/card/EB03-009.png?260305,4480,425,5273,HIGH,exact_code_plus_base_flag,5273,672750,Makino,Makino,EB03-009,C,,tcgcsv,5131,5273,0.01,0.1,1.31,0.06,,,2026-04-02 03:06:21,tcgcsv,EB03-009,1,1,1,0,1,0,missing_tcgplayer_product_id_only
132,EB03-010,Monet,R,,427,132,EB03-010,,base,Base,official-cardlist,EB03/base/EB03-010.png,https://en.onepiece-cardgame.com/images/cardlist/card/EB03-010.png?260305,4481,427,5274,HIGH,exact_code_plus_base_flag,5274,672751,Monet,Monet,EB03-010,R,,tcgcsv,5132,5274,0.01,0.25,5.0,0.17,,,2026-04-02 03:06:21,tcgcsv,EB03-010,1,1,1,0,1,0,missing_tcgplayer_product_id_only
133,EB03-011,But If We Ever See Each Other Again... Will You Call Me Your Shipmate?!!,C,,429,133,EB03-011,,base,Base,official-cardlist,EB03/base/EB03-011.png,https://en.onepiece-cardgame.com/images/cardlist/card/EB03-011.png?260305,4482,429,5275,HIGH,exact_code_plus_base_flag,5275,672752,But If We Ever See Each Other Again... Will You Call Me Your Shipmate?!!,But If We Ever See Each Other Again Will You Call Me Your Shipmate,EB03-011,C,,tcgcsv,5133,5275,0.01,0.15,2.0,0.11,,,2026-04-02 03:06:21,tcgcsv,EB03-011,1,1,1,0,1,0,missing_tcgplayer_product_id_only
134,EB03-012,Otama,R,,431,134,EB03-012,,base,Base,official-cardlist,EB03/base/EB03-012.png,https://en.onepiece-cardgame.com/images/cardlist/card/EB03-012.png?260305,4483,431,5276,HIGH,exact_code_plus_base_flag,5276,672753,Otama,Otama,EB03-012,R,,tcgcsv,5134,5276,0.01,0.2,8.0,0.12,,,2026-04-02 03:06:21,tcgcsv,EB03-012,1,1,1,0,1,0,missing_tcgplayer_product_id_only
135,EB03-013,Carrot,R,,433,135,EB03-013,,base,Base,official-cardlist,EB03/base/EB03-013.png,https://en.onepiece-cardgame.com/images/cardlist/card/EB03-013.png?260305,4484,433,5277,HIGH,exact_code_plus_base_flag,5277,672754,Carrot,Carrot,EB03-013,R,,tcgcsv,5135,5277,0.05,0.29,99.9,0.22,,,2026-04-02 03:06:21,tcgcsv,EB03-013,1,1,1,0,1,0,missing_tcgplayer_product_id_only
135,EB03-013,Carrot,R,,435,135,EB03-013::alt,,alt,Alt,local-catalog,thumbs/EB03-013(alt).webp,,,,,,,,,,,,,,,,,,,,,,,,,EB03-013::alt,0,0,0,0,1,0,missing_printing_market_map
135,EB03-013,Carrot,R,,436,135,EB03-013_p1,,parallel_1,Parallel 1,official-cardlist,EB03/parallel/EB03-013_p1.png,https://en.onepiece-cardgame.com/images/cardlist/card/EB03-013_p1.png?260305,,,,,,,,,,,,,,,,,,,,,,,,EB03-013_p1,0,0,0,0,1,0,missing_printing_market_map
136,EB03-014,Kuina,C,,437,136,EB03-014,,base,Base,official-cardlist,EB03/base/EB03-014.png,https://en.onepiece-cardgame.com/images/cardlist/card/EB03-014.png?260305,4486,437,5279,HIGH,exact_code_plus_base_flag,5279,672756,Kuina,Kuina,EB03-014,C,,tcgcsv,5137,5279,0.01,0.11,2.69,0.07,,,2026-04-02 03:06:21,tcgcsv,EB03-014,1,1,1,0,1,0,missing_tcgplayer_product_id_only
137,EB03-015,Camie,C,,439,137,EB03-015,,base,Base,official-cardlist,EB03/base/EB03-015.png,https://en.onepiece-cardgame.com/images/cardlist/card/EB03-015.png?260305,4487,439,5280,HIGH,exact_code_plus_base_flag,5280,672757,Camie,Camie,EB03-015,C,,tcgcsv,5138,5280,0.01,0.1,1.31,0.05,,,2026-04-02 03:06:21,tcgcsv,EB03-015,1,1,1,0,1,0,missing_tcgplayer_product_id_only
138,EB03-016,Kouzuki Hiyori,C,,441,138,EB03-016,,base,Base,official-cardlist,EB03/base/EB03-016.png,https://en.onepiece-cardgame.com/images/cardlist/card/EB03-016.png?260305,4488,441,5281,HIGH,exact_code_plus_base_flag,5281,672758,Kouzuki Hiyori,Kouzuki Hiyori,EB03-016,C,,tcgcsv,5139,5281,0.01,0.12,1.39,0.06,,,2026-04-02 03:06:21,tcgcsv,EB03-016,1,1,1,0,1,0,missing_tcgplayer_product_id_only
139,EB03-017,Jewelry Bonney,R,,443,139,EB03-017,,base,Base,official-cardlist,EB03/base/EB03-017.png,https://en.onepiece-cardgame.com/images/cardlist/card/EB03-017.png?260305,4489,443,5282,HIGH,exact_code_plus_base_flag,5282,672759,Jewelry Bonney,Jewelry Bonney,EB03-017,R,,tcgcsv,5140,5282,0.06,0.26,5.0,0.18,,,2026-04-02 03:06:21,tcgcsv,EB03-017,1,1,1,0,1,0,missing_tcgplayer_product_id_only
140,EB03-018,Tashigi,SR,EB03,445,140,EB03-018,,base,Base,official-cardlist,EB03/sp/EB03-018_sp.png,https://en.onepiece-cardgame.com/images/cardlist/card/EB03-018.png?260305,4490,445,5283,HIGH,exact_code_plus_base_flag,5283,672760,Tashigi,Tashigi,EB03-018,SR,,tcgcsv,5141,5283,0.25,1.0,99.9,0.69,,,2026-04-02 03:06:21,tcgcsv,EB03-018,1,1,1,0,1,0,missing_tcgplayer_product_id_only
140,EB03-018,Tashigi,SR,EB03,447,140,EB03-018::alt,,alt,Alt,local-catalog,thumbs/EB03-018(alt).webp,,,,,,,,,,,,,,,,,,,,,,,,,EB03-018::alt,0,0,0,0,1,0,missing_printing_market_map
140,EB03-018,Tashigi,SR,EB03,448,140,EB03-018_p1,,parallel_1,Parallel 1,official-cardlist,EB03/parallel/EB03-018_p1.png,https://en.onepiece-cardgame.com/images/cardlist/card/EB03-018_p1.png?260305,,,,,,,,,,,,,,,,,,,,,,,,EB03-018_p1,0,0,0,0,1,0,missing_printing_market_map
140,EB03-018,Tashigi,SR,EB03,449,140,EB03-018_p2,,parallel_2,Parallel 2,official-cardlist,EB03/parallel/EB03-018_p2.png,https://en.onepiece-cardgame.com/images/cardlist/card/EB03-018_p2.png?260305,,,,,,,,,,,,,,,,,,,,,,,,EB03-018_p2,0,0,0,0,1,0,missing_printing_market_map
140,EB03-018,Tashigi,SR,EB03,450,140,EB03-018::sp,,sp,SP,local-catalog,thumbs/EB03-018(SP).webp,,,,,,,,,,,,,,,,,,,,,,,,,EB03-018::sp,0,0,0,0,1,0,missing_printing_market_map
141,EB03-019,Wanda,C,,451,141,EB03-019,,base,Base,official-cardlist,EB03/base/EB03-019.png,https://en.onepiece-cardgame.com/images/cardlist/card/EB03-019.png?260305,4492,451,5285,HIGH,exact_code_plus_base_flag,5285,672762,Wanda,Wanda,EB03-019,C,,tcgcsv,5143,5285,0.01,0.11,1.5,0.07,,,2026-04-02 03:06:21,tcgcsv,EB03-019,1,1,1,0,1,0,missing_tcgplayer_product_id_only
142,EB03-020,"There You Are, Sore Loser!",C,,453,142,EB03-020,,base,Base,official-cardlist,EB03/base/EB03-020.png,https://en.onepiece-cardgame.com/images/cardlist/card/EB03-020.png?260305,4493,453,5286,HIGH,exact_code_plus_base_flag,5286,672763,"There You Are, Sore Loser!",There You Are Sore Loser,EB03-020,C,,tcgcsv,5144,5286,0.01,0.14,2.0,0.07,,,2026-04-02 03:06:21,tcgcsv,EB03-020,1,1,1,0,1,0,missing_tcgplayer_product_id_only
143,EB03-021,Alvida,C,,455,143,EB03-021,,base,Base,official-cardlist,EB03/base/EB03-021.png,https://en.onepiece-cardgame.com/images/cardlist/card/EB03-021.png?260305,4494,455,5287,HIGH,exact_code_plus_base_flag,5287,672764,Alvida,Alvida,EB03-021,C,,tcgcsv,5145,5287,0.01,0.14,12.0,0.08,,,2026-04-02 03:06:21,tcgcsv,EB03-021,1,1,1,0,1,0,missing_tcgplayer_product_id_only
144,EB03-022,Isuka,R,,457,144,EB03-022,,base,Base,official-cardlist,EB03/base/EB03-022.png,https://en.onepiece-cardgame.com/images/cardlist/card/EB03-022.png?260305,4495,457,5288,HIGH,exact_code_plus_base_flag,5288,672765,Isuka,Isuka,EB03-022,R,,tcgcsv,5146,5288,0.01,0.25,3.95,0.19,,,2026-04-02 03:06:21,tcgcsv,EB03-022,1,1,1,0,1,0,missing_tcgplayer_product_id_only
145,EB03-023,Kaya,C,,459,145,EB03-023,,base,Base,official-cardlist,EB03/base/EB03-023.png,https://en.onepiece-cardgame.com/images/cardlist/card/EB03-023.png?260305,4496,459,5289,HIGH,exact_code_plus_base_flag,5289,672766,Kaya,Kaya,EB03-023,C,,tcgcsv,5147,5289,0.01,0.15,1.5,0.13,,,2026-04-02 03:06:21,tcgcsv,EB03-023,1,1,1,0,1,0,missing_tcgplayer_product_id_only
146,EB03-024,Nefeltari Vivi,SR,EB03,461,146,EB03-024,,base,Base,official-cardlist,EB03/sp/EB03-024_sp.png,https://en.onepiece-cardgame.com/images/cardlist/card/EB03-024.png?260305,4497,461,5290,HIGH,exact_code_plus_base_flag,5290,672767,Nefeltari Vivi (024),Nefeltari Vivi 024,EB03-024,SR,,tcgcsv,5148,5290,2.5,6.0,99.9,3.45,,,2026-04-02 03:06:21,tcgcsv,EB03-024,1,1,1,0,1,0,missing_tcgplayer_product_id_only
146,EB03-024,Nefeltari Vivi,SR,EB03,463,146,EB03-024::alt,,alt,Alt,local-catalog,thumbs/EB03-024(alt).webp,,,,,,,,,,,,,,,,,,,,,,,,,EB03-024::alt,0,0,0,0,1,0,missing_printing_market_map
146,EB03-024,Nefeltari Vivi,SR,EB03,464,146,EB03-024_p1,,parallel_1,Parallel 1,official-cardlist,EB03/parallel/EB03-024_p1.png,https://en.onepiece-cardgame.com/images/cardlist/card/EB03-024_p1.png?260305,,,,,,,,,,,,,,,,,,,,,,,,EB03-024_p1,0,0,0,0,1,0,missing_printing_market_map
146,EB03-024,Nefeltari Vivi,SR,EB03,465,146,EB03-024_p2,,parallel_2,Parallel 2,official-cardlist,EB03/parallel/EB03-024_p2.png,https://en.onepiece-cardgame.com/images/cardlist/card/EB03-024_p2.png?260305,,,,,,,,,,,,,,,,,,,,,,,,EB03-024_p2,0,0,0,0,1,0,missing_printing_market_map
146,EB03-024,Nefeltari Vivi,SR,EB03,466,146,EB03-024::sp,,sp,SP,local-catalog,thumbs/EB03-024(SP).webp,,,,,,,,,,,,,,,,,,,,,,,,,EB03-024::sp,0,0,0,0,1,0,missing_printing_market_map
147,EB03-025,Hina,R,,467,147,EB03-025,,base,Base,official-cardlist,EB03/base/EB03-025.png,https://en.onepiece-cardgame.com/images/cardlist/card/EB03-025.png?260305,4499,467,5292,HIGH,exact_code_plus_base_flag,5292,672769,Hina,Hina,EB03-025,R,,tcgcsv,5150,5292,0.01,0.25,6.65,0.17,,,2026-04-02 03:06:21,tcgcsv,EB03-025,1,1,1,0,1,0,missing_tcgplayer_product_id_only
147,EB03-025,Hina,R,,469,147,EB03-025::alt,,alt,Alt,local-catalog,thumbs/EB03-025(alt).webp,,,,,,,,,,,,,,,,,,,,,,,,,EB03-025::alt,0,0,0,0,1,0,missing_printing_market_map
147,EB03-025,Hina,R,,470,147,EB03-025_p1,,parallel_1,Parallel 1,official-cardlist,EB03/parallel/EB03-025_p1.png,https://en.onepiece-cardgame.com/images/cardlist/card/EB03-025_p1.png?260305,,,,,,,,,,,,,,,,,,,,,,,,EB03-025_p1,0,0,0,0,1,0,missing_printing_market_map
148,EB03-026,Boa Hancock,SR,EB03,471,148,EB03-026,,base,Base,official-cardlist,EB03/sp/EB03-026_sp.png,https://en.onepiece-cardgame.com/images/cardlist/card/EB03-026.png?260305,4501,471,5294,HIGH,exact_code_plus_base_flag,5294,672771,Boa Hancock,Boa Hancock,EB03-026,SR,,tcgcsv,5152,5294,0.5,1.47,99.9,1.11,,,2026-04-02 03:06:21,tcgcsv,EB03-026,1,1,1,0,1,0,missing_tcgplayer_product_id_only
148,EB03-026,Boa Hancock,SR,EB03,473,148,EB03-026::alt,,alt,Alt,local-catalog,thumbs/EB03-026(alt).webp,,,,,,,,,,,,,,,,,,,,,,,,,EB03-026::alt,0,0,0,0,1,0,missing_printing_market_map
148,EB03-026,Boa Hancock,SR,EB03,474,148,EB03-026_p1,,parallel_1,Parallel 1,official-cardlist,EB03/parallel/EB03-026_p1.png,https://en.onepiece-cardgame.com/images/cardlist/card/EB03-026_p1.png?260305,,,,,,,,,,,,,,,,,,,,,,,,EB03-026_p1,0,0,0,0,1,0,missing_printing_market_map
148,EB03-026,Boa Hancock,SR,EB03,475,148,EB03-026_p2,,parallel_2,Parallel 2,official-cardlist,EB03/parallel/EB03-026_p2.png,https://en.onepiece-cardgame.com/images/cardlist/card/EB03-026_p2.png?260305,,,,,,,,,,,,,,,,,,,,,,,,EB03-026_p2,0,0,0,0,1,0,missing_printing_market_map
148,EB03-026,Boa Hancock,SR,EB03,476,148,EB03-026::sp,,sp,SP,local-catalog,thumbs/EB03-026(SP).webp,,,,,,,,,,,,,,,,,,,,,,,,,EB03-026::sp,0,0,0,0,1,0,missing_printing_market_map
149,EB03-027,Marguerite,R,,477,149,EB03-027,,base,Base,official-cardlist,EB03/base/EB03-027.png,https://en.onepiece-cardgame.com/images/cardlist/card/EB03-027.png?260305,4503,477,5296,HIGH,exact_code_plus_base_flag,5296,672773,Marguerite,Marguerite,EB03-027,R,,tcgcsv,5154,5296,0.01,0.2,5.0,0.15,,,2026-04-02 03:06:21,tcgcsv,EB03-027,1,1,1,0,1,0,missing_tcgplayer_product_id_only
150,EB03-028,Yu,C,,479,150,EB03-028,,base,Base,official-cardlist,EB03/base/EB03-028.png,https://en.onepiece-cardgame.com/images/cardlist/card/EB03-028.png?260305,4504,479,5297,HIGH,exact_code_plus_base_flag,5297,672774,Yu,Yu,EB03-028,C,,tcgcsv,5155,5297,0.01,0.11,1.5,0.05,,,2026-04-02 03:06:21,tcgcsv,EB03-028,1,1,1,0,1,0,missing_tcgplayer_product_id_only
151,EB03-029,Insolent Fool!! Stand Down!!,C,,481,151,EB03-029,,base,Base,official-cardlist,EB03/base/EB03-029.png,https://en.onepiece-cardgame.com/images/cardlist/card/EB03-029.png?260305,4505,481,5298,HIGH,exact_code_plus_base_flag,5298,672775,Insolent Fool!! Stand Down!!,Insolent Fool Stand Down,EB03-029,C,,tcgcsv,5156,5298,0.01,0.13,2.0,0.1,,,2026-04-02 03:06:21,tcgcsv,EB03-029,1,1,1,0,1,0,missing_tcgplayer_product_id_only
152,EB03-030,Viola,C,,483,152,EB03-030,,base,Base,official-cardlist,EB03/base/EB03-030.png,https://en.onepiece-cardgame.com/images/cardlist/card/EB03-030.png?260305,4506,483,5299,HIGH,exact_code_plus_base_flag,5299,672776,Viola,Viola,EB03-030,C,,tcgcsv,5157,5299,0.01,0.1,1.5,0.06,,,2026-04-02 03:06:21,tcgcsv,EB03-030,1,1,1,0,1,0,missing_tcgplayer_product_id_only
153,EB03-031,Vinsmoke Reiju,SR,EB03,485,153,EB03-031,,base,Base,official-cardlist,EB03/sp/EB03-031_sp.png,https://en.onepiece-cardgame.com/images/cardlist/card/EB03-031.png?260305,4507,485,5300,HIGH,exact_code_plus_base_flag,5300,672777,Vinsmoke Reiju,Vinsmoke Reiju,EB03-031,SR,,tcgcsv,5158,5300,1.0,3.0,99.9,1.94,,,2026-04-02 03:06:21,tcgcsv,EB03-031,1,1,1,0,1,0,missing_tcgplayer_product_id_only
153,EB03-031,Vinsmoke Reiju,SR,EB03,487,153,EB03-031::alt,,alt,Alt,local-catalog,thumbs/EB03-031(alt).webp,,,,,,,,,,,,,,,,,,,,,,,,,EB03-031::alt,0,0,0,0,1,0,missing_printing_market_map
153,EB03-031,Vinsmoke Reiju,SR,EB03,488,153,EB03-031_p1,,parallel_1,Parallel 1,official-cardlist,EB03/parallel/EB03-031_p1.png,https://en.onepiece-cardgame.com/images/cardlist/card/EB03-031_p1.png?260305,,,,,,,,,,,,,,,,,,,,,,,,EB03-031_p1,0,0,0,0,1,0,missing_printing_market_map
153,EB03-031,Vinsmoke Reiju,SR,EB03,489,153,EB03-031_p2,,parallel_2,Parallel 2,official-cardlist,EB03/parallel/EB03-031_p2.png,https://en.onepiece-cardgame.com/images/cardlist/card/EB03-031_p2.png?260305,,,,,,,,,,,,,,,,,,,,,,,,EB03-031_p2,0,0,0,0,1,0,missing_printing_market_map
153,EB03-031,Vinsmoke Reiju,SR,EB03,490,153,EB03-031::sp,,sp,SP,local-catalog,thumbs/EB03-031(SP).webp,,,,,,,,,,,,,,,,,,,,,,,,,EB03-031::sp,0,0,0,0,1,0,missing_printing_market_map
154,EB03-032,Charlotte Flampe,C,,491,154,EB03-032,,base,Base,official-cardlist,EB03/base/EB03-032.png,https://en.onepiece-cardgame.com/images/cardlist/card/EB03-032.png?260305,4509,491,5302,HIGH,exact_code_plus_base_flag,5302,672779,Charlotte Flampe,Charlotte Flampe,EB03-032,C,,tcgcsv,5160,5302,0.01,0.1,1.33,0.07,,,2026-04-02 03:06:21,tcgcsv,EB03-032,1,1,1,0,1,0,missing_tcgplayer_product_id_only
155,EB03-033,Charlotte Brulee,C,,493,155,EB03-033,,base,Base,official-cardlist,EB03/base/EB03-033.png,https://en.onepiece-cardgame.com/images/cardlist/card/EB03-033.png?260305,4510,493,5303,HIGH,exact_code_plus_base_flag,5303,672780,Charlotte Brulee,Charlotte Brulee,EB03-033,C,,tcgcsv,5161,5303,0.01,0.13,1.32,0.07,,,2026-04-02 03:06:21,tcgcsv,EB03-033,1,1,1,0,1,0,missing_tcgplayer_product_id_only
156,EB03-034,Charlotte Linlin,R,,495,156,EB03-034,,base,Base,official-cardlist,EB03/base/EB03-034.png,https://en.onepiece-cardgame.com/images/cardlist/card/EB03-034.png?260305,4511,495,5304,HIGH,exact_code_plus_base_flag,5304,672781,Charlotte Linlin,Charlotte Linlin,EB03-034,R,,tcgcsv,5162,5304,0.05,0.43,3.48,0.34,,,2026-04-02 03:06:21,tcgcsv,EB03-034,1,1,1,0,1,0,missing_tcgplayer_product_id_only
156,EB03-034,Charlotte Linlin,R,,497,156,EB03-034::alt,,alt,Alt,local-catalog,thumbs/EB03-034(alt).webp,,,,,,,,,,,,,,,,,,,,,,,,,EB03-034::alt,0,0,0,0,1,0,missing_printing_market_map
156,EB03-034,Charlotte Linlin,R,,498,156,EB03-034_p1,,parallel_1,Parallel 1,official-cardlist,EB03/parallel/EB03-034_p1.png,https://en.onepiece-cardgame.com/images/cardlist/card/EB03-034_p1.png?260305,,,,,,,,,,,,,,,,,,,,,,,,EB03-034_p1,0,0,0,0,1,0,missing_printing_market_map
157,EB03-035,Charlotte Pudding,R,,499,157,EB03-035,,base,Base,official-cardlist,EB03/base/EB03-035.png,https://en.onepiece-cardgame.com/images/cardlist/card/EB03-035.png?260305,4513,499,5306,HIGH,exact_code_plus_base_flag,5306,672783,Charlotte Pudding,Charlotte Pudding,EB03-035,R,,tcgcsv,5164,5306,0.02,0.3,6.0,0.22,,,2026-04-02 03:06:21,tcgcsv,EB03-035,1,1,1,0,1,0,missing_tcgplayer_product_id_only
158,EB03-036,Baby 5,C,,501,158,EB03-036,,base,Base,official-cardlist,EB03/base/EB03-036.png,https://en.onepiece-cardgame.com/images/cardlist/card/EB03-036.png?260305,4514,501,5307,HIGH,exact_code_plus_base_flag,5307,672784,Baby 5,Baby 5,EB03-036,C,,tcgcsv,5165,5307,0.01,0.1,1.31,0.05,,,2026-04-02 03:06:21,tcgcsv,EB03-036,1,1,1,0,1,0,missing_tcgplayer_product_id_only
159,EB03-037,Lim,R,,503,159,EB03-037,,base,Base,official-cardlist,EB03/base/EB03-037.png,https://en.onepiece-cardgame.com/images/cardlist/card/EB03-037.png?260305,4515,503,5308,HIGH,exact_code_plus_base_flag,5308,672785,Lim,Lim,EB03-037,R,,tcgcsv,5166,5308,0.01,0.22,15.0,0.1,,,2026-04-02 03:06:21,tcgcsv,EB03-037,1,1,1,0,1,0,missing_tcgplayer_product_id_only
160,EB03-038,Thanks for the Treat. ♡,C,,505,160,EB03-038,,base,Base,official-cardlist,EB03/base/EB03-038.png,https://en.onepiece-cardgame.com/images/cardlist/card/EB03-038.png?260305,4516,505,5309,HIGH,exact_code_plus_base_flag,5309,672786,Thanks for the Treat.,Thanks for the Treat,EB03-038,C,,tcgcsv,5167,5309,0.01,0.11,2.1,0.07,,,2026-04-02 03:06:21,tcgcsv,EB03-038,1,1,1,0,1,0,missing_tcgplayer_product_id_only
161,EB03-039,Ulti,R,,507,161,EB03-039,,base,Base,official-cardlist,EB03/base/EB03-039.png,https://en.onepiece-cardgame.com/images/cardlist/card/EB03-039.png?260305,4517,507,5310,HIGH,exact_code_plus_base_flag,5310,672787,Ulti,Ulti,EB03-039,R,,tcgcsv,5168,5310,0.01,0.2,5.0,0.17,,,2026-04-02 03:06:21,tcgcsv,EB03-039,1,1,1,0,1,0,missing_tcgplayer_product_id_only
162,EB03-040,Kalifa,C,,509,162,EB03-040,,base,Base,official-cardlist,EB03/base/EB03-040.png,https://en.onepiece-cardgame.com/images/cardlist/card/EB03-040.png?260305,4518,509,5311,HIGH,exact_code_plus_base_flag,5311,672788,Kalifa,Kalifa,EB03-040,C,,tcgcsv,5169,5311,0.01,0.1,1.41,0.09,,,2026-04-02 03:06:21,tcgcsv,EB03-040,1,1,1,0,1,0,missing_tcgplayer_product_id_only
163,EB03-041,Kujyaku,R,,511,163,EB03-041,,base,Base,official-cardlist,EB03/base/EB03-041.png,https://en.onepiece-cardgame.com/images/cardlist/card/EB03-041.png?260305,4519,511,5312,HIGH,exact_code_plus_base_flag,5312,672789,Kujyaku,Kujyaku,EB03-041,R,,tcgcsv,5170,5312,0.1,0.35,29.0,0.21,,,2026-04-02 03:06:21,tcgcsv,EB03-041,1,1,1,0,1,0,missing_tcgplayer_product_id_only
163,EB03-041,Kujyaku,R,,513,163,EB03-041::alt,,alt,Alt,local-catalog,thumbs/EB03-041(alt).webp,,,,,,,,,,,,,,,,,,,,,,,,,EB03-041::alt,0,0,0,0,1,0,missing_printing_market_map
163,EB03-041,Kujyaku,R,,514,163,EB03-041_p1,,parallel_1,Parallel 1,official-cardlist,EB03/parallel/EB03-041_p1.png,https://en.onepiece-cardgame.com/images/cardlist/card/EB03-041_p1.png?260305,,,,,,,,,,,,,,,,,,,,,,,,EB03-041_p1,0,0,0,0,1,0,missing_printing_market_map
164,EB03-042,Koala,SR,EB03,515,164,EB03-042,,base,Base,official-cardlist,EB03/sp/EB03-042_sp.png,https://en.onepiece-cardgame.com/images/cardlist/card/EB03-042.png?260305,4521,515,5314,HIGH,exact_code_plus_base_flag,5314,672791,Koala,Koala,EB03-042,SR,,tcgcsv,5172,5314,0.75,2.6,99.9,1.29,,,2026-04-02 03:06:21,tcgcsv,EB03-042,1,1,1,0,1,0,missing_tcgplayer_product_id_only
164,EB03-042,Koala,SR,EB03,517,164,EB03-042::alt,,alt,Alt,local-catalog,thumbs/EB03-042(alt).webp,,,,,,,,,,,,,,,,,,,,,,,,,EB03-042::alt,0,0,0,0,1,0,missing_printing_market_map
164,EB03-042,Koala,SR,EB03,518,164,EB03-042_p1,,parallel_1,Parallel 1,official-cardlist,EB03/parallel/EB03-042_p1.png,https://en.onepiece-cardgame.com/images/cardlist/card/EB03-042_p1.png?260305,,,,,,,,,,,,,,,,,,,,,,,,EB03-042_p1,0,0,0,0,1,0,missing_printing_market_map
164,EB03-042,Koala,SR,EB03,519,164,EB03-042_p2,,parallel_2,Parallel 2,official-cardlist,EB03/parallel/EB03-042_p2.png,https://en.onepiece-cardgame.com/images/cardlist/card/EB03-042_p2.png?260305,,,,,,,,,,,,,,,,,,,,,,,,EB03-042_p2,0,0,0,0,1,0,missing_printing_market_map
164,EB03-042,Koala,SR,EB03,520,164,EB03-042::sp,,sp,SP,local-catalog,thumbs/EB03-042(SP).webp,,,,,,,,,,,,,,,,,,,,,,,,,EB03-042::sp,0,0,0,0,1,0,missing_printing_market_map
165,EB03-043,Stussy,R,,521,165,EB03-043,,base,Base,official-cardlist,EB03/base/EB03-043.png,https://en.onepiece-cardgame.com/images/cardlist/card/EB03-043.png?260305,4523,521,5316,HIGH,exact_code_plus_base_flag,5316,672793,Stussy,Stussy,EB03-043,R,,tcgcsv,5174,5316,0.02,0.22,5.0,0.21,,,2026-04-02 03:06:21,tcgcsv,EB03-043,1,1,1,0,1,0,missing_tcgplayer_product_id_only
166,EB03-044,Black Maria,C,,523,166,EB03-044,,base,Base,official-cardlist,EB03/base/EB03-044.png,https://en.onepiece-cardgame.com/images/cardlist/card/EB03-044.png?260305,4524,523,5317,HIGH,exact_code_plus_base_flag,5317,672794,Black Maria,Black Maria,EB03-044,C,,tcgcsv,5175,5317,0.01,0.15,1.5,0.08,,,2026-04-02 03:06:21,tcgcsv,EB03-044,1,1,1,0,1,0,missing_tcgplayer_product_id_only
167,EB03-045,Perona,SR,EB03,525,167,EB03-045,,base,Base,official-cardlist,EB03/sp/EB03-045_sp.png,https://en.onepiece-cardgame.com/images/cardlist/card/EB03-045.png?260305,4525,525,5318,HIGH,exact_code_plus_base_flag,5318,672795,Perona (045),Perona 045,EB03-045,SR,,tcgcsv,5176,5318,0.5,1.7,235.0,1.1,,,2026-04-02 03:06:21,tcgcsv,EB03-045,1,1,1,0,1,0,missing_tcgplayer_product_id_only
167,EB03-045,Perona,SR,EB03,527,167,EB03-045::alt,,alt,Alt,local-catalog,thumbs/EB03-045(alt).webp,,,,,,,,,,,,,,,,,,,,,,,,,EB03-045::alt,0,0,0,0,1,0,missing_printing_market_map
167,EB03-045,Perona,SR,EB03,528,167,EB03-045_p1,,parallel_1,Parallel 1,official-cardlist,EB03/parallel/EB03-045_p1.png,https://en.onepiece-cardgame.com/images/cardlist/card/EB03-045_p1.png?260305,,,,,,,,,,,,,,,,,,,,,,,,EB03-045_p1,0,0,0,0,1,0,missing_printing_market_map
167,EB03-045,Perona,SR,EB03,529,167,EB03-045_p2,,parallel_2,Parallel 2,official-cardlist,EB03/parallel/EB03-045_p2.png,https://en.onepiece-cardgame.com/images/cardlist/card/EB03-045_p2.png?260305,,,,,,,,,,,,,,,,,,,,,,,,EB03-045_p2,0,0,0,0,1,0,missing_printing_market_map
167,EB03-045,Perona,SR,EB03,530,167,EB03-045::sp,,sp,SP,local-catalog,thumbs/EB03-045(SP).webp,,,,,,,,,,,,,,,,,,,,,,,,,EB03-045::sp,0,0,0,0,1,0,missing_printing_market_map
168,EB03-046,Miss Doublefinger(Zala),C,,531,168,EB03-046,,base,Base,official-cardlist,EB03/base/EB03-046.png,https://en.onepiece-cardgame.com/images/cardlist/card/EB03-046.png?260305,4527,531,5320,HIGH,exact_code_plus_base_flag,5320,672797,Miss Doublefinger(Zala),Miss DoublefingerZala,EB03-046,C,,tcgcsv,5178,5320,0.01,0.12,1.31,0.12,,,2026-04-02 03:06:21,tcgcsv,EB03-046,1,1,1,0,1,0,missing_tcgplayer_product_id_only
169,EB03-047,Miss.Valentine(Mikita),C,,533,169,EB03-047,,base,Base,official-cardlist,EB03/base/EB03-047.png,https://en.onepiece-cardgame.com/images/cardlist/card/EB03-047.png?260305,4528,533,5321,HIGH,exact_code_plus_base_flag,5321,672798,Miss.Valentine(Mikita),MissValentineMikita,EB03-047,C,,tcgcsv,5179,5321,0.01,0.12,1.31,0.12,,,2026-04-02 03:06:21,tcgcsv,EB03-047,1,1,1,0,1,0,missing_tcgplayer_product_id_only
170,EB03-048,Rebecca,R,,535,170,EB03-048,,base,Base,official-cardlist,EB03/base/EB03-048.png,https://en.onepiece-cardgame.com/images/cardlist/card/EB03-048.png?260305,4529,535,5322,HIGH,exact_code_plus_base_flag,5322,672799,Rebecca,Rebecca,EB03-048,R,,tcgcsv,5180,5322,0.01,0.25,5.0,0.22,,,2026-04-02 03:06:21,tcgcsv,EB03-048,1,1,1,0,1,0,missing_tcgplayer_product_id_only
171,EB03-049,I Knew You People Were Behind This.,C,,537,171,EB03-049,,base,Base,official-cardlist,EB03/base/EB03-049.png,https://en.onepiece-cardgame.com/images/cardlist/card/EB03-049.png?260305,4530,537,5323,HIGH,exact_code_plus_base_flag,5323,672800,I Knew You People Were Behind This.,I Knew You People Were Behind This,EB03-049,C,,tcgcsv,5181,5323,0.01,0.13,3.26,0.08,,,2026-04-02 03:06:21,tcgcsv,EB03-049,1,1,1,0,1,0,missing_tcgplayer_product_id_only
172,EB03-050,Conis,C,,539,172,EB03-050,,base,Base,official-cardlist,EB03/base/EB03-050.png,https://en.onepiece-cardgame.com/images/cardlist/card/EB03-050.png?260305,4531,539,5324,HIGH,exact_code_plus_base_flag,5324,672801,Conis,Conis,EB03-050,C,,tcgcsv,5182,5324,0.01,0.1,1.45,0.07,,,2026-04-02 03:06:21,tcgcsv,EB03-050,1,1,1,0,1,0,missing_tcgplayer_product_id_only
173,EB03-051,Charlotte Smoothie,C,,541,173,EB03-051,,base,Base,official-cardlist,EB03/base/EB03-051.png,https://en.onepiece-cardgame.com/images/cardlist/card/EB03-051.png?260305,4532,541,5325,HIGH,exact_code_plus_base_flag,5325,672802,Charlotte Smoothie,Charlotte Smoothie,EB03-051,C,,tcgcsv,5183,5325,0.01,0.13,1.41,0.1,,,2026-04-02 03:06:21,tcgcsv,EB03-051,1,1,1,0,1,0,missing_tcgplayer_product_id_only
174,EB03-052,Shirahoshi,R,,543,174,EB03-052,,base,Base,official-cardlist,EB03/base/EB03-052.png,https://en.onepiece-cardgame.com/images/cardlist/card/EB03-052.png?260305,4533,543,5326,HIGH,exact_code_plus_base_flag,5326,672803,Shirahoshi,Shirahoshi,EB03-052,R,,tcgcsv,5184,5326,0.09,0.36,99.9,0.22,,,2026-04-02 03:06:21,tcgcsv,EB03-052,1,1,1,0,1,0,missing_tcgplayer_product_id_only
175,EB03-053,Nami,SR,EB03,545,175,EB03-053,,base,Base,official-cardlist,EB03/sp/EB03-053_sp.png,https://en.onepiece-cardgame.com/images/cardlist/card/EB03-053.png?260305,4534,545,5327,HIGH,exact_code_plus_base_flag,5327,672804,Nami (053),Nami 053,EB03-053,SR,,tcgcsv,5185,5327,10.0,37.43,99.99,27.14,,,2026-04-02 03:06:21,tcgcsv,EB03-053,1,1,1,0,1,0,missing_tcgplayer_product_id_only
175,EB03-053,Nami,SR,EB03,547,175,EB03-053::alt,,alt,Alt,local-catalog,thumbs/EB03-053(alt).webp,,,,,,,,,,,,,,,,,,,,,,,,,EB03-053::alt,0,0,0,0,1,0,missing_printing_market_map
175,EB03-053,Nami,SR,EB03,548,175,EB03-053_p1,,parallel_1,Parallel 1,official-cardlist,EB03/parallel/EB03-053_p1.png,https://en.onepiece-cardgame.com/images/cardlist/card/EB03-053_p1.png?260305,,,,,,,,,,,,,,,,,,,,,,,,EB03-053_p1,0,0,0,0,1,0,missing_printing_market_map
175,EB03-053,Nami,SR,EB03,549,175,EB03-053_p2,,parallel_2,Parallel 2,official-cardlist,EB03/parallel/EB03-053_p2.png,https://en.onepiece-cardgame.com/images/cardlist/card/EB03-053_p2.png?260305,,,,,,,,,,,,,,,,,,,,,,,,EB03-053_p2,0,0,0,0,1,0,missing_printing_market_map
175,EB03-053,Nami,SR,EB03,550,175,EB03-053::sp,,sp,SP,local-catalog,thumbs/EB03-053(SP).webp,,,,,,,,,,,,,,,,,,,,,,,,,EB03-053::sp,0,0,0,0,1,0,missing_printing_market_map
176,EB03-054,Nico Robin,C,,551,176,EB03-054,,base,Base,official-cardlist,EB03/base/EB03-054.png,https://en.onepiece-cardgame.com/images/cardlist/card/EB03-054.png?260305,4536,551,5329,HIGH,exact_code_plus_base_flag,5329,672806,Nico Robin (054),Nico Robin 054,EB03-054,C,,tcgcsv,5187,5329,0.01,0.13,1.5,0.09,,,2026-04-02 03:06:21,tcgcsv,EB03-054,1,1,1,0,1,0,missing_tcgplayer_product_id_only
177,EB03-055,Nico Robin,SR,EB03,553,177,EB03-055,,base,Base,official-cardlist,EB03/sp/EB03-055_sp.png,https://en.onepiece-cardgame.com/images/cardlist/card/EB03-055.png?260305,4537,553,5330,HIGH,exact_code_plus_base_flag,5330,672807,Nico Robin (055),Nico Robin 055,EB03-055,SR,,tcgcsv,5188,5330,9.99,20.0,99.99,16.47,,,2026-04-02 03:06:21,tcgcsv,EB03-055,1,1,1,0,1,0,missing_tcgplayer_product_id_only
177,EB03-055,Nico Robin,SR,EB03,555,177,EB03-055::alt,,alt,Alt,local-catalog,thumbs/EB03-055(alt).webp,,,,,,,,,,,,,,,,,,,,,,,,,EB03-055::alt,0,0,0,0,1,0,missing_printing_market_map
177,EB03-055,Nico Robin,SR,EB03,556,177,EB03-055_p1,,parallel_1,Parallel 1,official-cardlist,EB03/parallel/EB03-055_p1.png,https://en.onepiece-cardgame.com/images/cardlist/card/EB03-055_p1.png?260305,,,,,,,,,,,,,,,,,,,,,,,,EB03-055_p1,0,0,0,0,1,0,missing_printing_market_map
177,EB03-055,Nico Robin,SR,EB03,557,177,EB03-055_p2,,parallel_2,Parallel 2,official-cardlist,EB03/parallel/EB03-055_p2.png,https://en.onepiece-cardgame.com/images/cardlist/card/EB03-055_p2.png?260305,,,,,,,,,,,,,,,,,,,,,,,,EB03-055_p2,0,0,0,0,1,0,missing_printing_market_map
177,EB03-055,Nico Robin,SR,EB03,558,177,EB03-055::sp,,sp,SP,local-catalog,thumbs/EB03-055(SP).webp,,,,,,,,,,,,,,,,,,,,,,,,,EB03-055::sp,0,0,0,0,1,0,missing_printing_market_map
178,EB03-056,Belo Betty,C,,559,178,EB03-056,,base,Base,official-cardlist,EB03/base/EB03-056.png,https://en.onepiece-cardgame.com/images/cardlist/card/EB03-056.png?260305,4539,559,5332,HIGH,exact_code_plus_base_flag,5332,672809,Belo Betty,Belo Betty,EB03-056,C,,tcgcsv,5190,5332,0.01,0.11,1.31,0.07,,,2026-04-02 03:06:21,tcgcsv,EB03-056,1,1,1,0,1,0,missing_tcgplayer_product_id_only
179,EB03-057,Yamato,R,,561,179,EB03-057,,base,Base,official-cardlist,EB03/base/EB03-057.png,https://en.onepiece-cardgame.com/images/cardlist/card/EB03-057.png?260305,4540,561,5333,HIGH,exact_code_plus_base_flag,5333,672810,Yamato,Yamato,EB03-057,R,,tcgcsv,5191,5333,0.15,0.66,99.9,0.34,,,2026-04-02 03:06:21,tcgcsv,EB03-057,1,1,1,0,1,0,missing_tcgplayer_product_id_only
179,EB03-057,Yamato,R,,563,179,EB03-057::alt,,alt,Alt,local-catalog,thumbs/EB03-057(alt).webp,,,,,,,,,,,,,,,,,,,,,,,,,EB03-057::alt,0,0,0,0,1,0,missing_printing_market_map
179,EB03-057,Yamato,R,,564,179,EB03-057_p1,,parallel_1,Parallel 1,official-cardlist,EB03/parallel/EB03-057_p1.png,https://en.onepiece-cardgame.com/images/cardlist/card/EB03-057_p1.png?260305,,,,,,,,,,,,,,,,,,,,,,,,EB03-057_p1,0,0,0,0,1,0,missing_printing_market_map
180,EB03-058,Lilith,R,,565,180,EB03-058,,base,Base,official-cardlist,EB03/base/EB03-058.png,https://en.onepiece-cardgame.com/images/cardlist/card/EB03-058.png?260305,4542,565,5335,HIGH,exact_code_plus_base_flag,5335,672812,Lilith,Lilith,EB03-058,R,,tcgcsv,5193,5335,0.01,0.25,5.99,0.26,,,2026-04-02 03:06:21,tcgcsv,EB03-058,1,1,1,0,1,0,missing_tcgplayer_product_id_only
181,EB03-059,S-Snake,R,,567,181,EB03-059,,base,Base,official-cardlist,EB03/base/EB03-059.png,https://en.onepiece-cardgame.com/images/cardlist/card/EB03-059.png?260305,4543,567,5336,HIGH,exact_code_plus_base_flag,5336,672813,S-Snake,S Snake,EB03-059,R,,tcgcsv,5194,5336,0.05,0.4,5.77,0.33,,,2026-04-02 03:06:21,tcgcsv,EB03-059,1,1,1,0,1,0,missing_tcgplayer_product_id_only
182,EB03-060,Will You Be My Servant?,C,,569,182,EB03-060,,base,Base,official-cardlist,EB03/base/EB03-060.png,https://en.onepiece-cardgame.com/images/cardlist/card/EB03-060.png?260305,4544,569,5337,HIGH,exact_code_plus_base_flag,5337,672814,Will You Be My Servant?,Will You Be My Servant,EB03-060,C,,tcgcsv,5195,5337,0.01,0.2,99.9,0.13,,,2026-04-02 03:06:21,tcgcsv,EB03-060,1,1,1,0,1,0,missing_tcgplayer_product_id_only
183,EB03-061,Uta,SEC,,571,183,EB03-061,,base,Base,official-cardlist,EB03/base/EB03-061.png,https://en.onepiece-cardgame.com/images/cardlist/card/EB03-061.png?260305,4545,571,5338,HIGH,exact_code_plus_base_flag,5338,672815,Uta (061),Uta 061,EB03-061,SEC,,tcgcsv,5196,5338,4.99,8.0,128.68,6.73,,,2026-04-02 03:06:21,tcgcsv,EB03-061,1,1,1,0,1,0,missing_tcgplayer_product_id_only
183,EB03-061,Uta,SEC,,573,183,EB03-061::alt,,alt,Alt,local-catalog,thumbs/EB03-061(alt).webp,,,,,,,,,,,,,,,,,,,,,,,,,EB03-061::alt,0,0,0,0,1,0,missing_printing_market_map
183,EB03-061,Uta,SEC,,574,183,EB03-061::manga,,mr,Manga,local-catalog,thumbs/EB03-061(manga).webp,,,,,,,,,,,,,,,,,,,,,,,,,EB03-061::manga,0,0,0,0,1,0,missing_printing_market_map
183,EB03-061,Uta,SEC,,575,183,EB03-061_p1,,parallel_1,Parallel 1,official-cardlist,EB03/parallel/EB03-061_p1.png,https://en.onepiece-cardgame.com/images/cardlist/card/EB03-061_p1.png?260305,,,,,,,,,,,,,,,,,,,,,,,,EB03-061_p1,0,0,0,0,1,0,missing_printing_market_map
183,EB03-061,Uta,SEC,,576,183,EB03-061_p2,,parallel_2,Parallel 2,official-cardlist,EB03/parallel/EB03-061_p2.png,https://en.onepiece-cardgame.com/images/cardlist/card/EB03-061_p2.png?260305,,,,,,,,,,,,,,,,,,,,,,,,EB03-061_p2,0,0,0,0,1,0,missing_printing_market_map
184,EB03-062,Trafalgar Law,SEC,,577,184,EB03-062,,base,Base,official-cardlist,EB03/base/EB03-062.png,https://en.onepiece-cardgame.com/images/cardlist/card/EB03-062.png?260305,4548,577,5341,HIGH,exact_code_plus_base_flag,5341,672818,Trafalgar Law,Trafalgar Law,EB03-062,SEC,,tcgcsv,5199,5341,16.68,23.87,249.99,17.72,,,2026-04-02 03:06:21,tcgcsv,EB03-062,1,1,1,0,1,0,missing_tcgplayer_product_id_only
184,EB03-062,Trafalgar Law,SEC,,579,184,EB03-062::alt,,alt,Alt,local-catalog,thumbs/EB03-062(alt).webp,,,,,,,,,,,,,,,,,,,,,,,,,EB03-062::alt,0,0,0,0,1,0,missing_printing_market_map
184,EB03-062,Trafalgar Law,SEC,,580,184,EB03-062_p1,,parallel_1,Parallel 1,official-cardlist,EB03/parallel/EB03-062_p1.png,https://en.onepiece-cardgame.com/images/cardlist/card/EB03-062_p1.png?260305,,,,,,,,,,,,,,,,,,,,,,,,EB03-062_p1,0,0,0,0,1,0,missing_printing_market_map
185,EB04-001,Jewelry Bonney,L,,582,185,EB04-001::alt,,alt,Alt,local-catalog,thumbs/EB04-001(alt).webp,,,,,,,,,,,,,,,,,,,,,,,,,EB04-001::alt,0,0,0,0,1,0,missing_printing_market_map
186,EB04-002,Jewelry Bonney,R,,584,186,EB04-002::alt,,alt,Alt,local-catalog,thumbs/EB04-002(alt).webp,,,,,,,,,,,,,,,,,,,,,,,,,EB04-002::alt,0,0,0,0,1,0,missing_printing_market_map
187,EB04-003,Smoker & Tashigi,R,OP15,586,187,EB04-003::sp,,sp,SP,local-catalog,thumbs/EB04-003(SP).webp,,,,,,,,,,,,,,,,,,,,,,,,,EB04-003::sp,0,0,0,0,1,0,missing_printing_market_map
191,EB04-007,Roronoa Zoro,SR,,591,191,EB04-007::alt,,alt,Alt,local-catalog,thumbs/EB04-007(alt).webp,,,,,,,,,,,,,,,,,,,,,,,,,EB04-007::alt,0,0,0,0,1,0,missing_printing_market_map
195,EB04-011,Scaled Neptunian,C,,595,195,EB04-011,,base,Base,official-cardlist,thumbs/EB04-011.webp,https://en.onepiece-cardgame.com/images/cardlist/card/EB04-011.png?260305,4333,595,5115,HIGH,exact_code_plus_base_flag,5115,671329,Scaled Neptunian,Scaled Neptunian,EB04-011,C,,tcgcsv,4973,5115,0.01,0.11,1.32,0.11,,,2026-04-02 03:06:21,tcgcsv,EB04-011,1,1,1,0,1,0,missing_tcgplayer_product_id_only
196,EB04-012,Kikunojo,SR,,597,196,EB04-012,,base,Base,official-cardlist,thumbs/EB04-012.webp,https://en.onepiece-cardgame.com/images/cardlist/card/EB04-012.png?260305,4308,597,5090,HIGH,exact_code_plus_base_flag,5090,668644,Kikunojo - EB04-012,Kikunojo EB04 012,EB04-012,SR,,tcgcsv,4948,5090,0.01,0.55,8.0,0.4,,,2026-04-02 03:06:21,tcgcsv,EB04-012,1,1,1,0,1,0,missing_tcgplayer_product_id_only
196,EB04-012,Kikunojo,SR,,599,196,EB04-012::alt,,alt,Alt,local-catalog,thumbs/EB04-012(alt).webp,,,,,,,,,,,,,,,,,,,,,,,,,EB04-012::alt,0,0,0,0,1,0,missing_printing_market_map
196,EB04-012,Kikunojo,SR,,600,196,EB04-012_p1,,parallel_1,Parallel 1,official-cardlist,EB04/parallel/EB04-012_p1.png,https://en.onepiece-cardgame.com/images/cardlist/card/EB04-012_p1.png?260305,,,,,,,,,,,,,,,,,,,,,,,,EB04-012_p1,0,0,0,0,1,0,missing_printing_market_map
197,EB04-013,Carrot,SR,,601,197,EB04-013,,base,Base,official-cardlist,thumbs/EB04-013.webp,https://en.onepiece-cardgame.com/images/cardlist/card/EB04-013.png?260305,4310,601,5092,HIGH,exact_code_plus_base_flag,5092,668658,Carrot,Carrot,EB04-013,SR,,tcgcsv,4950,5092,0.1,0.7,9.25,0.39,,,2026-04-02 03:06:21,tcgcsv,EB04-013,1,1,1,0,1,0,missing_tcgplayer_product_id_only
197,EB04-013,Carrot,SR,,603,197,EB04-013::alt,,alt,Alt,local-catalog,thumbs/EB04-013(alt).webp,,,,,,,,,,,,,,,,,,,,,,,,,EB04-013::alt,0,0,0,0,1,0,missing_printing_market_map
197,EB04-013,Carrot,SR,,604,197,EB04-013_p1,,parallel_1,Parallel 1,official-cardlist,EB04/parallel/EB04-013_p1.png,https://en.onepiece-cardgame.com/images/cardlist/card/EB04-013_p1.png?260305,,,,,,,,,,,,,,,,,,,,,,,,EB04-013_p1,0,0,0,0,1,0,missing_printing_market_map
198,EB04-014,Kozuki Sukiyaki,C,,605,198,EB04-014,,base,Base,official-cardlist,thumbs/EB04-014.webp,https://en.onepiece-cardgame.com/images/cardlist/card/EB04-014.png?260305,4334,605,5116,HIGH,exact_code_plus_base_flag,5116,671330,Kouzuki Sukiyaki,Kouzuki Sukiyaki,EB04-014,C,,tcgcsv,4974,5116,0.01,0.14,10.11,0.14,,,2026-04-02 03:06:21,tcgcsv,EB04-014,1,1,1,0,1,0,missing_tcgplayer_product_id_only
199,EB04-015,Jinbe,R,,607,199,EB04-015,,base,Base,official-cardlist,thumbs/EB04-015.webp,https://en.onepiece-cardgame.com/images/cardlist/card/EB04-015.png?260305,4276,607,5054,HIGH,exact_code_plus_base_flag,5054,666534,Jinbe - EB04-015,Jinbe EB04 015,EB04-015,R,,tcgcsv,4912,5054,0.01,0.19,10.18,0.15,,,2026-04-02 03:06:21,tcgcsv,EB04-015,1,1,1,0,1,0,missing_tcgplayer_product_id_only
200,EB04-016,Bird Neptunian,C,,609,200,EB04-016,,base,Base,official-cardlist,thumbs/EB04-016.webp,https://en.onepiece-cardgame.com/images/cardlist/card/EB04-016.png?260305,4335,609,5117,HIGH,exact_code_plus_base_flag,5117,671331,Bird Neptunian,Bird Neptunian,EB04-016,C,,tcgcsv,4975,5117,0.01,0.11,10.1,0.1,,,2026-04-02 03:06:21,tcgcsv,EB04-016,1,1,1,0,1,0,missing_tcgplayer_product_id_only
201,EB04-017,Mystoms,C,,611,201,EB04-017,,base,Base,official-cardlist,thumbs/EB04-017.webp,https://en.onepiece-cardgame.com/images/cardlist/card/EB04-017.png?260305,4336,611,5118,HIGH,exact_code_plus_base_flag,5118,671332,Mystoms,Mystoms,EB04-017,C,,tcgcsv,4976,5118,0.01,0.12,10.11,0.09,,,2026-04-02 03:06:21,tcgcsv,EB04-017,1,1,1,0,1,0,missing_tcgplayer_product_id_only
202,EB04-018,Megalo,R,,613,202,EB04-018,,base,Base,official-cardlist,thumbs/EB04-018.webp,https://en.onepiece-cardgame.com/images/cardlist/card/EB04-018.png?260305,4275,613,5053,HIGH,exact_code_plus_base_flag,5053,666532,Megalo (Alternate Art),Megalo Alternate Art,EB04-018,R,,tcgcsv,4911,5053,11.0,15.79,99.0,13.3,,,2026-04-02 03:06:21,tcgcsv,EB04-018,1,1,1,0,1,0,missing_tcgplayer_product_id_only
202,EB04-018,Megalo,R,,615,202,EB04-018::alt,,alt,Alt,local-catalog,thumbs/EB04-018(alt).webp,,,,,,,,,,,,,,,,,,,,,,,,,EB04-018::alt,0,0,0,0,1,0,missing_printing_market_map
202,EB04-018,Megalo,R,,616,202,EB04-018_p1,,parallel_1,Parallel 1,official-cardlist,EB04/parallel/EB04-018_p1.png,https://en.onepiece-cardgame.com/images/cardlist/card/EB04-018_p1.png?260305,,,,,,,,,,,,,,,,,,,,,,,,EB04-018_p1,0,0,0,0,1,0,missing_printing_market_map
203,EB04-019,Eleclaw,R,,617,203,EB04-019,,base,Base,official-cardlist,thumbs/EB04-019.webp,https://en.onepiece-cardgame.com/images/cardlist/card/EB04-019.png?260305,4277,617,5055,HIGH,exact_code_plus_base_flag,5055,666535,Eleclaw,Eleclaw,EB04-019,R,,tcgcsv,4913,5055,0.01,0.25,10.24,0.16,,,2026-04-02 03:06:21,tcgcsv,EB04-019,1,1,1,0,1,0,missing_tcgplayer_product_id_only
204,EB04-020,Shark Brick Fist,C,,619,204,EB04-020,,base,Base,official-cardlist,thumbs/EB04-020.webp,https://en.onepiece-cardgame.com/images/cardlist/card/EB04-020.png?260305,4338,619,5120,HIGH,exact_code_plus_base_flag,5120,671334,Shark Brick Fist,Shark Brick Fist,EB04-020,C,,tcgcsv,4978,5120,0.01,0.12,10.15,0.06,,,2026-04-02 03:06:21,tcgcsv,EB04-020,1,1,1,0,1,0,missing_tcgplayer_product_id_only
205,EB04-021,Igaram,C,,621,205,EB04-021,,base,Base,official-cardlist,thumbs/EB04-021.webp,https://en.onepiece-cardgame.com/images/cardlist/card/EB04-021.png?260305,4339,621,5121,HIGH,exact_code_plus_base_flag,5121,671335,Igaram,Igaram,EB04-021,C,,tcgcsv,4979,5121,0.01,0.1,10.09,0.06,,,2026-04-02 03:06:21,tcgcsv,EB04-021,1,1,1,0,1,0,missing_tcgplayer_product_id_only
206,EB04-022,Issho,R,,623,206,EB04-022,,base,Base,official-cardlist,thumbs/EB04-022.webp,https://en.onepiece-cardgame.com/images/cardlist/card/EB04-022.png?260305,4278,623,5056,HIGH,exact_code_plus_base_flag,5056,666537,Issho - EB04-022 (Alternate Art),Issho EB04 022 Alternate Art,EB04-022,R,,tcgcsv,4914,5056,7.25,11.0,55.0,8.7,,,2026-04-02 03:06:21,tcgcsv,EB04-022,1,1,1,0,1,0,missing_tcgplayer_product_id_only
206,EB04-022,Issho,R,,625,206,EB04-022::alt,,alt,Alt,local-catalog,thumbs/EB04-022(alt).webp,,,,,,,,,,,,,,,,,,,,,,,,,EB04-022::alt,0,0,0,0,1,0,missing_printing_market_map
206,EB04-022,Issho,R,,626,206,EB04-022_p1,,parallel_1,Parallel 1,official-cardlist,EB04/parallel/EB04-022_p1.png,https://en.onepiece-cardgame.com/images/cardlist/card/EB04-022_p1.png?260305,,,,,,,,,,,,,,,,,,,,,,,,EB04-022_p1,0,0,0,0,1,0,missing_printing_market_map
207,EB04-023,Chaka & Pell,R,,627,207,EB04-023,,base,Base,official-cardlist,thumbs/EB04-023.webp,https://en.onepiece-cardgame.com/images/cardlist/card/EB04-023.png?260305,4295,627,5077,HIGH,exact_code_plus_base_flag,5077,668529,Chaka & Pell - EB04-023,Chaka and Pell EB04 023,EB04-023,R,,tcgcsv,4935,5077,0.01,0.24,10.1,0.18,,,2026-04-02 03:06:21,tcgcsv,EB04-023,1,1,1,0,1,0,missing_tcgplayer_product_id_only
207,EB04-023,Chaka & Pell,R,,629,207,EB04-023::standardbattle,,promo,Standardbattle,local-catalog,thumbs/EB04-023(StandardBattle).webp,,,,,,,,,,,,,,,,,,,,,,,,,EB04-023::standardbattle,0,0,0,0,1,0,missing_printing_market_map
208,EB04-024,Terracotta,C,,630,208,EB04-024,,base,Base,official-cardlist,thumbs/EB04-024.webp,https://en.onepiece-cardgame.com/images/cardlist/card/EB04-024.png?260305,4341,630,5123,HIGH,exact_code_plus_base_flag,5123,671337,Terracotta,Terracotta,EB04-024,C,,tcgcsv,4981,5123,0.01,0.13,10.11,0.11,,,2026-04-02 03:06:21,tcgcsv,EB04-024,1,1,1,0,1,0,missing_tcgplayer_product_id_only
209,EB04-025,Nefeltari Vivi,SR,,632,209,EB04-025,,base,Base,official-cardlist,thumbs/EB04-025.webp,https://en.onepiece-cardgame.com/images/cardlist/card/EB04-025.png?260305,4312,632,5094,HIGH,exact_code_plus_base_flag,5094,668670,Nefeltari Vivi,Nefeltari Vivi,EB04-025,SR,,tcgcsv,4952,5094,0.5,1.5,19.95,1.04,,,2026-04-02 03:06:21,tcgcsv,EB04-025,1,1,1,0,1,0,missing_tcgplayer_product_id_only
209,EB04-025,Nefeltari Vivi,SR,,634,209,EB04-025::alt,,alt,Alt,local-catalog,thumbs/EB04-025(alt).webp,,,,,,,,,,,,,,,,,,,,,,,,,EB04-025::alt,0,0,0,0,1,0,missing_printing_market_map
209,EB04-025,Nefeltari Vivi,SR,,635,209,EB04-025_p1,,parallel_1,Parallel 1,official-cardlist,EB04/parallel/EB04-025_p1.png,https://en.onepiece-cardgame.com/images/cardlist/card/EB04-025_p1.png?260305,,,,,,,,,,,,,,,,,,,,,,,,EB04-025_p1,0,0,0,0,1,0,missing_printing_market_map
210,EB04-026,Bluegrass,C,,636,210,EB04-026,,base,Base,official-cardlist,thumbs/EB04-026.webp,https://en.onepiece-cardgame.com/images/cardlist/card/EB04-026.png?260305,4342,636,5124,HIGH,exact_code_plus_base_flag,5124,671338,Bluegrass,Bluegrass,EB04-026,C,,tcgcsv,4982,5124,0.01,0.13,10.14,0.09,,,2026-04-02 03:06:21,tcgcsv,EB04-026,1,1,1,0,1,0,missing_tcgplayer_product_id_only
211,EB04-027,Boa Hancock,R,,638,211,EB04-027,,base,Base,official-cardlist,thumbs/EB04-027.webp,https://en.onepiece-cardgame.com/images/cardlist/card/EB04-027.png?260305,4294,638,5076,HIGH,exact_code_plus_base_flag,5076,668528,Boa Hancock - EB04-027,Boa Hancock EB04 027,EB04-027,R,,tcgcsv,4934,5076,0.02,0.3,20.0,0.24,,,2026-04-02 03:06:21,tcgcsv,EB04-027,1,1,1,0,1,0,missing_tcgplayer_product_id_only
212,EB04-028,Ice Time,R,,640,212,EB04-028,,base,Base,official-cardlist,thumbs/EB04-028.webp,https://en.onepiece-cardgame.com/images/cardlist/card/EB04-028.png?260305,4343,640,5125,HIGH,exact_code_plus_base_flag,5125,671339,Ice Time,Ice Time,EB04-028,R,,tcgcsv,4983,5125,0.01,0.25,2.74,0.15,,,2026-04-02 03:06:21,tcgcsv,EB04-028,1,1,1,0,1,0,missing_tcgplayer_product_id_only
213,EB04-029,I Heard the Sound...of a Lady's Teardrops Falling,UC,,642,213,EB04-029,,base,Base,official-cardlist,thumbs/EB04-029.webp,https://en.onepiece-cardgame.com/images/cardlist/card/EB04-029.png?260305,4344,642,5126,HIGH,exact_code_plus_base_flag,5126,671340,I Heard the Sound...of a Lady's Teardrops Falling,I Heard the Soundof a Ladys Teardrops Falling,EB04-029,C,,tcgcsv,4984,5126,0.01,0.15,1.42,0.11,,,2026-04-02 03:06:21,tcgcsv,EB04-029,1,1,1,0,1,0,missing_tcgplayer_product_id_only
214,EB04-030,Kaido,R,,644,214,EB04-030,,base,Base,official-cardlist,thumbs/EB04-030.webp,https://en.onepiece-cardgame.com/images/cardlist/card/EB04-030.png?260305,4279,644,5057,HIGH,exact_code_plus_base_flag,5057,666539,Kaido,Kaido,EB04-030,R,,tcgcsv,4915,5057,0.01,0.23,15.0,0.17,,,2026-04-02 03:06:21,tcgcsv,EB04-030,1,1,1,0,1,0,missing_tcgplayer_product_id_only
215,EB04-031,King,R,,646,215,EB04-031,,base,Base,official-cardlist,thumbs/EB04-031.webp,https://en.onepiece-cardgame.com/images/cardlist/card/EB04-031.png?260305,4280,646,5058,HIGH,exact_code_plus_base_flag,5058,666540,King (Alternate Art),King Alternate Art,EB04-031,R,,tcgcsv,4916,5058,4.09,7.13,59.99,5.18,,,2026-04-02 03:06:21,tcgcsv,EB04-031,1,1,1,0,1,0,missing_tcgplayer_product_id_only
215,EB04-031,King,R,,648,215,EB04-031::alt,,alt,Alt,local-catalog,thumbs/EB04-031(alt).webp,,,,,,,,,,,,,,,,,,,,,,,,,EB04-031::alt,0,0,0,0,1,0,missing_printing_market_map
215,EB04-031,King,R,,649,215,EB04-031_p1,,parallel_1,Parallel 1,official-cardlist,EB04/parallel/EB04-031_p1.png,https://en.onepiece-cardgame.com/images/cardlist/card/EB04-031_p1.png?260305,,,,,,,,,,,,,,,,,,,,,,,,EB04-031_p1,0,0,0,0,1,0,missing_printing_market_map
216,EB04-032,Queen,R,,650,216,EB04-032,,base,Base,official-cardlist,thumbs/EB04-032.webp,https://en.onepiece-cardgame.com/images/cardlist/card/EB04-032.png?260305,4346,650,5128,HIGH,exact_code_plus_base_flag,5128,671342,Queen,Queen,EB04-032,R,,tcgcsv,4986,5128,0.01,0.25,10.33,0.18,,,2026-04-02 03:06:21,tcgcsv,EB04-032,1,1,1,0,1,0,missing_tcgplayer_product_id_only
217,EB04-033,Groggy Monsters,C,,652,217,EB04-033,,base,Base,official-cardlist,thumbs/EB04-033.webp,https://en.onepiece-cardgame.com/images/cardlist/card/EB04-033.png?260305,4347,652,5129,HIGH,exact_code_plus_base_flag,5129,671343,Groggy Monsters,Groggy Monsters,EB04-033,C,,tcgcsv,4987,5129,0.01,0.1,10.08,0.07,,,2026-04-02 03:06:21,tcgcsv,EB04-033,1,1,1,0,1,0,missing_tcgplayer_product_id_only
218,EB04-034,Charlotte Pudding,C,,654,218,EB04-034,,base,Base,official-cardlist,thumbs/EB04-034.webp,https://en.onepiece-cardgame.com/images/cardlist/card/EB04-034.png?260305,4348,654,5130,HIGH,exact_code_plus_base_flag,5130,671344,Charlotte Pudding,Charlotte Pudding,EB04-034,C,,tcgcsv,4988,5130,0.01,0.13,10.12,0.09,,,2026-04-02 03:06:21,tcgcsv,EB04-034,1,1,1,0,1,0,missing_tcgplayer_product_id_only
219,EB04-035,Hitokiri Kamazo,C,,656,219,EB04-035,,base,Base,official-cardlist,thumbs/EB04-035.webp,https://en.onepiece-cardgame.com/images/cardlist/card/EB04-035.png?260305,4349,656,5131,HIGH,exact_code_plus_base_flag,5131,671345,Hitokiri Kamazo,Hitokiri Kamazo,EB04-035,C,,tcgcsv,4989,5131,0.01,0.1,1.36,0.09,,,2026-04-02 03:06:21,tcgcsv,EB04-035,1,1,1,0,1,0,missing_tcgplayer_product_id_only
220,EB04-036,Foxy,SR,,658,220,EB04-036,,base,Base,official-cardlist,thumbs/EB04-036.webp,https://en.onepiece-cardgame.com/images/cardlist/card/EB04-036.png?260305,4314,658,5096,HIGH,exact_code_plus_base_flag,5096,668752,Foxy (Alternate Art),Foxy Alternate Art,EB04-036,SR,,tcgcsv,4954,5096,5.16,7.13,50.0,5.57,,,2026-04-02 03:06:21,tcgcsv,EB04-036,1,1,1,0,1,0,missing_tcgplayer_product_id_only
220,EB04-036,Foxy,SR,,660,220,EB04-036::alt,,alt,Alt,local-catalog,thumbs/EB04-036(alt).webp,,,,,,,,,,,,,,,,,,,,,,,,,EB04-036::alt,0,0,0,0,1,0,missing_printing_market_map
220,EB04-036,Foxy,SR,,661,220,EB04-036_p1,,parallel_1,Parallel 1,official-cardlist,EB04/parallel/EB04-036_p1.png,https://en.onepiece-cardgame.com/images/cardlist/card/EB04-036_p1.png?260305,,,,,,,,,,,,,,,,,,,,,,,,EB04-036_p1,0,0,0,0,1,0,missing_printing_market_map
221,EB04-037,Porche,C,,662,221,EB04-037,,base,Base,official-cardlist,thumbs/EB04-037.webp,https://en.onepiece-cardgame.com/images/cardlist/card/EB04-037.png?260305,4350,662,5132,HIGH,exact_code_plus_base_flag,5132,671346,Porche,Porche,EB04-037,C,,tcgcsv,4990,5132,0.01,0.12,10.08,0.1,,,2026-04-02 03:06:21,tcgcsv,EB04-037,1,1,1,0,1,0,missing_tcgplayer_product_id_only
222,EB04-038,Rosinante & Law,SR,,664,222,EB04-038,,base,Base,official-cardlist,thumbs/EB04-038.webp,https://en.onepiece-cardgame.com/images/cardlist/card/EB04-038.png?260305,4316,664,5098,HIGH,exact_code_plus_base_flag,5098,669239,Rosinante & Law,Rosinante and Law,EB04-038,SR,,tcgcsv,4956,5098,1.25,2.33,99.9,1.67,,,2026-04-02 03:06:21,tcgcsv,EB04-038,1,1,1,0,1,0,missing_tcgplayer_product_id_only
222,EB04-038,Rosinante & Law,SR,,666,222,EB04-038::alt,,alt,Alt,local-catalog,thumbs/EB04-038(alt).webp,,,,,,,,,,,,,,,,,,,,,,,,,EB04-038::alt,0,0,0,0,1,0,missing_printing_market_map
222,EB04-038,Rosinante & Law,SR,,667,222,EB04-038_p1,,parallel_1,Parallel 1,official-cardlist,EB04/parallel/EB04-038_p1.png,https://en.onepiece-cardgame.com/images/cardlist/card/EB04-038_p1.png?260305,,,,,,,,,,,,,,,,,,,,,,,,EB04-038_p1,0,0,0,0,1,0,missing_printing_market_map
223,EB04-039,"Eustass""Captain""Kid",R,,668,223,EB04-039,,base,Base,official-cardlist,EB04/base/EB04-039.png,https://en.onepiece-cardgame.com/images/cardlist/card/EB04-039.png?260305,4351,668,5133,HIGH,exact_code_plus_base_flag,5133,671347,"Eustass""Captain""Kid - EB04-039",EustassCaptainKid EB04 039,EB04-039,R,,tcgcsv,4991,5133,0.01,0.2,10.17,0.18,,,2026-04-02 03:06:21,tcgcsv,EB04-039,1,1,1,0,1,0,missing_tcgplayer_product_id_only
223,EB04-039,"Eustass""Captain""Kid",R,,670,223,EB04-039_p1,,parallel_1,Parallel 1,official-cardlist,EB04/parallel/EB04-039_p1.png,https://en.onepiece-cardgame.com/images/cardlist/card/EB04-039_p1.png?260305,,,,,,,,,,,,,,,,,,,,,,,,EB04-039_p1,0,0,0,0,1,0,missing_printing_market_map
223,EB04-039,"Eustass""Captain""Kid",R,,671,223,EB04-039::sp,,sp,SP,local-catalog,thumbs/EB04-039(SP).webp,,,,,,,,,,,,,,,,,,,,,,,,,EB04-039::sp,0,0,0,0,1,0,missing_printing_market_map
224,EB04-040,Flame Dragon Torch,R,,672,224,EB04-040,,base,Base,official-cardlist,thumbs/EB04-040.webp,https://en.onepiece-cardgame.com/images/cardlist/card/EB04-040.png?260305,4352,672,5134,HIGH,exact_code_plus_base_flag,5134,671348,Flame Dragon Torch,Flame Dragon Torch,EB04-040,R,,tcgcsv,4992,5134,0.01,0.22,10.31,0.17,,,2026-04-02 03:06:21,tcgcsv,EB04-040,1,1,1,0,1,0,missing_tcgplayer_product_id_only
225,EB04-041,Stealth Black,C,,674,225,EB04-041,,base,Base,official-cardlist,thumbs/EB04-041.webp,https://en.onepiece-cardgame.com/images/cardlist/card/EB04-041.png?260305,4293,674,5075,HIGH,exact_code_plus_base_flag,5075,668420,Stealth Black,Stealth Black,EB04-041,C,,tcgcsv,4933,5075,0.01,0.14,10.12,0.1,,,2026-04-02 03:06:21,tcgcsv,EB04-041,1,1,1,0,1,0,missing_tcgplayer_product_id_only
227,EB04-043,Kaku,R,,678,227,EB04-043::alt,,alt,Alt,local-catalog,thumbs/EB04-043(alt).webp,,,,,,,,,,,,,,,,,,,,,,,,,EB04-043::alt,0,0,0,0,1,0,missing_printing_market_map
228,EB04-044,Koby,SR,,680,228,EB04-044::alt,,alt,Alt,local-catalog,thumbs/EB04-044(alt).webp,,,,,,,,,,,,,,,,,,,,,,,,,EB04-044::alt,0,0,0,0,1,0,missing_printing_market_map
228,EB04-044,Koby,SR,,681,228,EB04-044::manga,,mr,Manga,local-catalog,thumbs/EB04-044(manga).webp,,,,,,,,,,,,,,,,,,,,,,,,,EB04-044::manga,0,0,0,0,1,0,missing_printing_market_map
232,EB04-048,Rob Lucci,SR,,686,232,EB04-048::alt,,alt,Alt,local-catalog,thumbs/EB04-048(alt).webp,,,,,,,,,,,,,,,,,,,,,,,,,EB04-048::alt,0,0,0,0,1,0,missing_printing_market_map
236,EB04-052,Sanji,R,,691,236,EB04-052::alt,,alt,Alt,local-catalog,thumbs/EB04-052(alt).webp,,,,,,,,,,,,,,,,,,,,,,,,,EB04-052::alt,0,0,0,0,1,0,missing_printing_market_map
242,EB04-058,Borsalino,SR,,698,242,EB04-058::alt,,alt,Alt,local-catalog,thumbs/EB04-058(alt).webp,,,,,,,,,,,,,,,,,,,,,,,,,EB04-058::alt,0,0,0,0,1,0,missing_printing_market_map
245,EB04-061,Monkey.D.Luffy,SEC,,702,245,EB04-061::alt,,alt,Alt,local-catalog,thumbs/EB04-061(alt).webp,,,,,,,,,,,,,,,,,,,,,,,,,EB04-061::alt,0,0,0,0,1,0,missing_printing_market_map
245,EB04-061,Monkey.D.Luffy,SEC,,703,245,EB04-061::serial,,promo,Serial,local-catalog,thumbs/EB04-061(serial).webp,,,,,,,,,,,,,,,,,,,,,,,,,EB04-061::serial,0,0,0,0,1,0,missing_printing_market_map
246,OP01-001,Monkey D. Luffy,L,,704,246,OP01-001,,base,Base,official-cardlist,OP01/base/OP01-001.png,https://en.onepiece-cardgame.com/images/cardlist/card/OP01-001.png?260305,487,704,814,HIGH,exact_code_plus_base_flag,814,485262,Roronoa Zoro - OP01-001 (Alternate Art),Roronoa Zoro OP01 001 Alternate Art,OP01-001,PR,,tcgcsv,804,814,62.0,74.79,9999.0,66.58,,,2026-04-02 03:06:17,tcgcsv,OP01-001,1,1,1,0,1,0,missing_tcgplayer_product_id_only
246,OP01-001,Monkey D. Luffy,L,,706,246,OP01-001::25th,,promo,25Th,local-catalog,thumbs/OP01-001(25th).webp,,,,,,,,,,,,,,,,,,,,,,,,,OP01-001::25th,0,0,0,0,1,0,missing_printing_market_map
246,OP01-001,Monkey D. Luffy,L,,707,246,OP01-001::alt,,alt,Alt,local-catalog,thumbs/OP01-001(alt).webp,,,,,,,,,,,,,,,,,,,,,,,,,OP01-001::alt,0,0,0,0,1,0,missing_printing_market_map
246,OP01-001,Monkey D. Luffy,L,,708,246,OP01-001_p1,,parallel_1,Parallel 1,official-cardlist,OP01/parallel/OP01-001_p1.png,https://en.onepiece-cardgame.com/images/cardlist/card/OP01-001_p1.png?260305,,,,,,,,,,,,,,,,,,,,,,,,OP01-001_p1,0,0,0,0,1,0,missing_printing_market_map
246,OP01-001,Monkey D. Luffy,L,,709,246,OP01-001_p2,,parallel_2,Parallel 2,official-cardlist,PCC25/parallel/OP01-001_p2.png,https://en.onepiece-cardgame.com/images/cardlist/card/OP01-001_p2.png?260305,,,,,,,,,,,,,,,,,,,,,,,,OP01-001_p2,0,0,0,0,1,0,missing_printing_market_map
247,OP01-002,Trafalgar Law,SR,,710,247,OP01-002,,base,Base,official-cardlist,OP01/base/OP01-002.png,https://en.onepiece-cardgame.com/images/cardlist/card/OP01-002.png?260305,4603,710,309,HIGH,exact_code_plus_base_flag,309,453505,Trafalgar Law (002),Trafalgar Law 002,OP01-002,L,,tcgcsv,309,309,0.28,1.18,5.0,1.13,,,2026-04-01 22:09:08,tcgcsv,OP01-002,1,1,1,0,1,0,missing_tcgplayer_product_id_only
247,OP01-002,Trafalgar Law,SR,,712,247,OP01-002::alt,,alt,Alt,local-catalog,thumbs/OP01-002(alt).webp,,,,,,,,,,,,,,,,,,,,,,,,,OP01-002::alt,0,0,0,0,1,0,missing_printing_market_map
247,OP01-002,Trafalgar Law,SR,,713,247,OP01-002_p1,,parallel_1,Parallel 1,official-cardlist,OP01/parallel/OP01-002_p1.png,https://en.onepiece-cardgame.com/images/cardlist/card/OP01-002_p1.png?260305,,,,,,,,,,,,,,,,,,,,,,,,OP01-002_p1,0,0,0,0,1,0,missing_printing_market_map
248,OP01-003,Monkey.D.Luffy,L,,714,248,OP01-003,,base,Base,official-cardlist,OP01/base/OP01-003.png,https://en.onepiece-cardgame.com/images/cardlist/card/OP01-003.png?260305,4604,714,310,HIGH,exact_code_plus_base_flag,310,453506,Monkey.D.Luffy (003) (Parallel),MonkeyDLuffy 003 Parallel,OP01-003,L,Parallel,tcgcsv,310,310,823.99,1100.0,3100.0,847.45,,,2026-04-01 22:09:08,tcgcsv,OP01-003,1,1,1,0,1,0,missing_tcgplayer_product_id_only
248,OP01-003,Monkey.D.Luffy,L,,716,248,OP01-003::alt,,alt,Alt,local-catalog,thumbs/OP01-003(alt).webp,,,,,,,,,,,,,,,,,,,,,,,,,OP01-003::alt,0,0,0,0,1,0,missing_printing_market_map
248,OP01-003,Monkey.D.Luffy,L,,717,248,OP01-003_p1,,parallel_1,Parallel 1,official-cardlist,OP01/parallel/OP01-003_p1.png,https://en.onepiece-cardgame.com/images/cardlist/card/OP01-003_p1.png?260305,,,,,,,,,,,,,,,,,,,,,,,,OP01-003_p1,0,0,0,0,1,0,missing_printing_market_map
249,OP01-004,Usopp,R,,718,249,OP01-004,,base,Base,official-cardlist,OP01/base/OP01-004.png,https://en.onepiece-cardgame.com/images/cardlist/card/OP01-004.png?260305,412,718,717,HIGH,exact_code_plus_base_flag,717,455814,Usopp - OP01-004 (Treasure Cup),Usopp OP01 004 Treasure Cup,OP01-004,PR,,tcgcsv,,,,,,,,,,,OP01-004,1,1,1,0,1,0,missing_tcgplayer_product_id_only
249,OP01-004,Usopp,R,,720,249,OP01-004::1st anniversary alt,,promo,1St Anniversary Alt,local-catalog,thumbs/OP01-004(1st anniversary alt).webp,,,,,,,,,,,,,,,,,,,,,,,,,OP01-004::1st anniversary alt,0,0,0,0,1,0,missing_printing_market_map
249,OP01-004,Usopp,R,,721,249,OP01-004::alt,,alt,Alt,local-catalog,thumbs/OP01-004(alt).webp,,,,,,,,,,,,,,,,,,,,,,,,,OP01-004::alt,0,0,0,0,1,0,missing_printing_market_map
249,OP01-004,Usopp,R,,722,249,OP01-004_p1,,parallel_1,Parallel 1,official-cardlist,ANN1EN/parallel/OP01-004_p1.png,https://en.onepiece-cardgame.com/images/cardlist/card/OP01-004_p1.png?260305,,,,,,,,,,,,,,,,,,,,,,,,OP01-004_p1,0,0,0,0,1,0,missing_printing_market_map
250,OP01-005,Uta,R,,723,250,OP01-005,,base,Base,official-cardlist,OP01/base/OP01-005.png,https://en.onepiece-cardgame.com/images/cardlist/card/OP01-005.png?260305,508,723,841,HIGH,exact_code_plus_base_flag,841,497386,Uta (Demo Deck 2023),Uta Demo Deck 2023,OP01-005,R,,tcgcsv,831,841,0.49,0.64,1.51,0.63,,,2026-04-02 03:06:17,tcgcsv,OP01-005,1,1,1,0,1,0,missing_tcgplayer_product_id_only
250,OP01-005,Uta,R,,725,250,OP01-005::alt,,alt,Alt,local-catalog,thumbs/OP01-005alt.webp,,,,,,,,,,,,,,,,,,,,,,,,,OP01-005::alt,0,0,0,0,1,0,missing_printing_market_map
250,OP01-005,Uta,R,,726,250,OP01-005::alt art 2,,alt,Alt Art 2,local-catalog,thumbs/OP01-005(alt2).webp,,,,,,,,,,,,,,,,,,,,,,,,,OP01-005::alt art 2,0,0,0,0,1,0,missing_printing_market_map
250,OP01-005,Uta,R,,727,250,OP01-005::film,,promo,Film,local-catalog,thumbs/OP01-005_Film.webp,,,,,,,,,,,,,,,,,,,,,,,,,OP01-005::film,0,0,0,0,1,0,missing_printing_market_map
250,OP01-005,Uta,R,,728,250,OP01-005::film2,,promo,Film2,local-catalog,thumbs/OP01-005_Film2.webp,,,,,,,,,,,,,,,,,,,,,,,,,OP01-005::film2,0,0,0,0,1,0,missing_printing_market_map
250,OP01-005,Uta,R,,729,250,OP01-005_p1,,parallel_1,Parallel 1,official-cardlist,PCCFR/parallel/OP01-005_p1.png,https://en.onepiece-cardgame.com/images/cardlist/card/OP01-005_p1.png?260305,,,,,,,,,,,,,,,,,,,,,,,,OP01-005_p1,0,0,0,0,1,0,missing_printing_market_map
250,OP01-005,Uta,R,,730,250,OP01-005_p2,,parallel_2,Parallel 2,official-cardlist,GC01/parallel/OP01-005_p2.png,https://en.onepiece-cardgame.com/images/cardlist/card/OP01-005_p2.png?260305,,,,,,,,,,,,,,,,,,,,,,,,OP01-005_p2,0,0,0,0,1,0,missing_printing_market_map
251,OP01-006,Otama,UC,,731,251,OP01-006,,base,Base,official-cardlist,OP01/base/OP01-006.png,https://en.onepiece-cardgame.com/images/cardlist/card/OP01-006.png?260305,515,731,848,HIGH,exact_code_plus_base_flag,848,499430,Otama (Judge),Otama Judge,OP01-006,PR,,tcgcsv,838,848,2.5,4.02,23.0,3.22,,,2026-04-02 03:06:17,tcgcsv,OP01-006,1,1,1,0,1,0,missing_tcgplayer_product_id_only
251,OP01-006,Otama,UC,,733,251,OP01-006::alt,,alt,Alt,local-catalog,thumbs/OP01-006(alt).webp,,,,,,,,,,,,,,,,,,,,,,,,,OP01-006::alt,0,0,0,0,1,0,missing_printing_market_map
251,OP01-006,Otama,UC,,734,251,OP01-006::alt art 2,,alt,Alt Art 2,local-catalog,thumbs/OP01-006alt2.webp,,,,,,,,,,,,,,,,,,,,,,,,,OP01-006::alt art 2,0,0,0,0,1,0,missing_printing_market_map
251,OP01-006,Otama,UC,,735,251,OP01-006_p1,,parallel_1,Parallel 1,official-cardlist,ANN1JP/parallel/OP01-006_p1.png,https://en.onepiece-cardgame.com/images/cardlist/card/OP01-006_p1.png?260305,,,,,,,,,,,,,,,,,,,,,,,,OP01-006_p1,0,0,0,0,1,0,missing_printing_market_map
251,OP01-006,Otama,UC,,736,251,OP01-006_p3,,parallel_3,Parallel 3,official-cardlist,PRB01/parallel/OP01-006_p3.png,https://en.onepiece-cardgame.com/images/cardlist/card/OP01-006_p3.png?260305,,,,,,,,,,,,,,,,,,,,,,,,OP01-006_p3,0,0,0,0,1,0,missing_printing_market_map
251,OP01-006,Otama,UC,,737,251,OP01-006_p4,,parallel_4,Parallel 4,official-cardlist,PRB01/parallel/OP01-006_p4.png,https://en.onepiece-cardgame.com/images/cardlist/card/OP01-006_p4.png?260305,,,,,,,,,,,,,,,,,,,,,,,,OP01-006_p4,0,0,0,0,1,0,missing_printing_market_map
251,OP01-006,Otama,UC,,738,251,OP01-006_p5,,parallel_5,Parallel 5,official-cardlist,PRB01/parallel/OP01-006_p5.png,https://en.onepiece-cardgame.com/images/cardlist/card/OP01-006_p5.png?260305,,,,,,,,,,,,,,,,,,,,,,,,OP01-006_p5,0,0,0,0,1,0,missing_printing_market_map
251,OP01-006,Otama,UC,,739,251,OP01-006::prb01alt1,,alt,Prb01Alt1,local-catalog,thumbs/OP01-006(PRB01alt1).webp,,,,,,,,,,,,,,,,,,,,,,,,,OP01-006::prb01alt1,0,0,0,0,1,0,missing_printing_market_map
251,OP01-006,Otama,UC,,740,251,OP01-006::prb01alt2,,alt,Prb01Alt2,local-catalog,thumbs/OP01-006(PRB01alt2).webp,,,,,,,,,,,,,,,,,,,,,,,,,OP01-006::prb01alt2,0,0,0,0,1,0,missing_printing_market_map
251,OP01-006,Otama,UC,,741,251,OP01-006_r1,,r1,R1,official-cardlist,PRB01/reprint/OP01-006_r1.png,https://en.onepiece-cardgame.com/images/cardlist/card/OP01-006_r1.png?260305,,,,,,,,,,,,,,,,,,,,,,,,OP01-006_r1,0,0,0,0,1,0,missing_printing_market_map
252,OP01-007,Caribou,C,,742,252,OP01-007,,base,Base,official-cardlist,OP01/base/OP01-007.png,https://en.onepiece-cardgame.com/images/cardlist/card/OP01-007.png?260305,4628,742,334,HIGH,exact_code_plus_base_flag,334,454519,Caribou,Caribou,OP01-007,C,,tcgcsv,334,334,0.01,0.15,2.0,0.06,,,2026-04-01 22:09:08,tcgcsv,OP01-007,1,1,1,0,1,0,missing_tcgplayer_product_id_only
253,OP01-008,Cavendish,C,,744,253,OP01-008,,base,Base,official-cardlist,OP01/base/OP01-008.png,https://en.onepiece-cardgame.com/images/cardlist/card/OP01-008.png?260305,4605,744,311,HIGH,exact_code_plus_base_flag,311,453507,Cavendish (Box Topper),Cavendish Box Topper,OP01-008,C,Box Topper,tcgcsv,311,311,2.19,4.12,50.0,2.59,,,2026-04-01 22:09:08,tcgcsv,OP01-008,1,1,1,0,1,0,missing_tcgplayer_product_id_only
253,OP01-008,Cavendish,C,,746,253,OP01-008::alt,,alt,Alt,local-catalog,thumbs/OP01-008(alt).webp,,,,,,,,,,,,,,,,,,,,,,,,,OP01-008::alt,0,0,0,0,1,0,missing_printing_market_map
253,OP01-008,Cavendish,C,,747,253,OP01-008_p1,,parallel_1,Parallel 1,official-cardlist,OP01/parallel/OP01-008_p1.png,https://en.onepiece-cardgame.com/images/cardlist/card/OP01-008_p1.png?260305,,,,,,,,,,,,,,,,,,,,,,,,OP01-008_p1,0,0,0,0,1,0,missing_printing_market_map
254,OP01-009,Carrot,C,,748,254,OP01-009,,base,Base,official-cardlist,OP01/base/OP01-009.png,https://en.onepiece-cardgame.com/images/cardlist/card/OP01-009.png?260305,4630,748,336,HIGH,exact_code_plus_base_flag,336,454522,Carrot,Carrot,OP01-009,C,,tcgcsv,336,336,0.02,0.17,2.0,0.11,,,2026-04-01 22:09:08,tcgcsv,OP01-009,1,1,1,0,1,0,missing_tcgplayer_product_id_only
255,OP01-010,Komachiyo,C,,750,255,OP01-010,,base,Base,official-cardlist,OP01/base/OP01-010.png,https://en.onepiece-cardgame.com/images/cardlist/card/OP01-010.png?260305,4631,750,337,HIGH,exact_code_plus_base_flag,337,454525,Komachiyo,Komachiyo,OP01-010,C,,tcgcsv,337,337,0.01,0.15,2.0,0.11,,,2026-04-01 22:09:08,tcgcsv,OP01-010,1,1,1,0,1,0,missing_tcgplayer_product_id_only
256,OP01-011,Gordon,UC,,752,256,OP01-011,,base,Base,official-cardlist,OP01/base/OP01-011.png,https://en.onepiece-cardgame.com/images/cardlist/card/OP01-011.png?260305,4632,752,338,HIGH,exact_code_plus_base_flag,338,454526,Gordon,Gordon,OP01-011,UC,,tcgcsv,338,338,0.05,0.2,2.0,0.12,,,2026-04-01 22:09:08,tcgcsv,OP01-011,1,1,1,0,1,0,missing_tcgplayer_product_id_only
257,OP01-012,Sai,C,,754,257,OP01-012,,base,Base,official-cardlist,OP01/base/OP01-012.png,https://en.onepiece-cardgame.com/images/cardlist/card/OP01-012.png?260305,4633,754,339,HIGH,exact_code_plus_base_flag,339,454527,Sai,Sai,OP01-012,C,,tcgcsv,339,339,0.01,0.15,2.0,0.06,,,2026-04-01 22:09:08,tcgcsv,OP01-012,1,1,1,0,1,0,missing_tcgplayer_product_id_only
258,OP01-013,Sanji,R,,756,258,OP01-013,,base,Base,official-cardlist,OP01/base/OP01-013.png,https://en.onepiece-cardgame.com/images/cardlist/card/OP01-013.png?260305,488,756,815,HIGH,exact_code_plus_base_flag,815,485263,Sanji - OP01-013 (Alternate Art),Sanji OP01 013 Alternate Art,OP01-013,PR,,tcgcsv,805,815,12.0,19.15,9999.0,13.2,,,2026-04-02 03:06:17,tcgcsv,OP01-013,1,1,1,0,1,0,missing_tcgplayer_product_id_only
258,OP01-013,Sanji,R,,758,258,OP01-013::1st anniversary alt,,promo,1St Anniversary Alt,local-catalog,thumbs/OP01-013(1st anniversary alt).webp,,,,,,,,,,,,,,,,,,,,,,,,,OP01-013::1st anniversary alt,0,0,0,0,1,0,missing_printing_market_map
258,OP01-013,Sanji,R,,759,258,OP01-013::25th,,promo,25Th,local-catalog,thumbs/OP01-013(25th).webp,,,,,,,,,,,,,,,,,,,,,,,,,OP01-013::25th,0,0,0,0,1,0,missing_printing_market_map
258,OP01-013,Sanji,R,,760,258,OP01-013::alt,,alt,Alt,local-catalog,thumbs/OP01-013(alt).webp,,,,,,,,,,,,,,,,,,,,,,,,,OP01-013::alt,0,0,0,0,1,0,missing_printing_market_map
258,OP01-013,Sanji,R,,761,258,OP01-013::alt art 2,,alt,Alt Art 2,local-catalog,thumbs/OP01-013(alt2).webp,,,,,,,,,,,,,,,,,,,,,,,,,OP01-013::alt art 2,0,0,0,0,1,0,missing_printing_market_map
258,OP01-013,Sanji,R,,762,258,OP01-013::alt art 3,,alt,Alt Art 3,local-catalog,thumbs/OP01-013alt3.webp,,,,,,,,,,,,,,,,,,,,,,,,,OP01-013::alt art 3,0,0,0,0,1,0,missing_printing_market_map
258,OP01-013,Sanji,R,,763,258,OP01-013_p1,,parallel_1,Parallel 1,official-cardlist,OP01/parallel/OP01-013_p1.png,https://en.onepiece-cardgame.com/images/cardlist/card/OP01-013_p1.png?260305,,,,,,,,,,,,,,,,,,,,,,,,OP01-013_p1,0,0,0,0,1,0,missing_printing_market_map
258,OP01-013,Sanji,R,,764,258,OP01-013_p2,,parallel_2,Parallel 2,official-cardlist,PCC25/parallel/OP01-013_p2.png,https://en.onepiece-cardgame.com/images/cardlist/card/OP01-013_p2.png?260305,,,,,,,,,,,,,,,,,,,,,,,,OP01-013_p2,0,0,0,0,1,0,missing_printing_market_map
258,OP01-013,Sanji,R,,765,258,OP01-013_p3,,parallel_3,Parallel 3,official-cardlist,GC01/parallel/OP01-013_p3.png,https://en.onepiece-cardgame.com/images/cardlist/card/OP01-013_p3.png?260305,,,,,,,,,,,,,,,,,,,,,,,,OP01-013_p3,0,0,0,0,1,0,missing_printing_market_map
258,OP01-013,Sanji,R,,766,258,OP01-013_p4,,parallel_4,Parallel 4,official-cardlist,ANN1EN/parallel/OP01-013_p4.png,https://en.onepiece-cardgame.com/images/cardlist/card/OP01-013_p4.png?260305,,,,,,,,,,,,,,,,,,,,,,,,OP01-013_p4,0,0,0,0,1,0,missing_printing_market_map
258,OP01-013,Sanji,R,,767,258,OP01-013::tr alt,,tr,Tr Alt,local-catalog,thumbs/OP01-013(TR-alt).webp,,,,,,,,,,,,,,,,,,,,,,,,,OP01-013::tr alt,0,0,0,0,1,0,missing_printing_market_map
259,OP01-014,Jinbe,UC,,768,259,OP01-014,,base,Base,official-cardlist,OP01/base/OP01-014.png,https://en.onepiece-cardgame.com/images/cardlist/card/OP01-014.png?260305,544,768,881,HIGH,exact_code_plus_base_flag,881,504469,Jinbe (Premium Card Collection -ONE PIECE FILM RED Edition-),Jinbe Premium Card Collection ONE PIECE FILM RED Edition,OP01-014,UC,,tcgcsv,867,881,2.38,4.82,19.99,3.35,,,2026-04-02 03:06:17,tcgcsv,OP01-014,1,1,1,0,1,0,missing_tcgplayer_product_id_only
259,OP01-014,Jinbe,UC,,770,259,OP01-014::film,,promo,Film,local-catalog,thumbs/OP01-014_Film.webp,,,,,,,,,,,,,,,,,,,,,,,,,OP01-014::film,0,0,0,0,1,0,missing_printing_market_map
259,OP01-014,Jinbe,UC,,771,259,OP01-014::film2,,promo,Film2,local-catalog,thumbs/OP01-014_Film2.webp,,,,,,,,,,,,,,,,,,,,,,,,,OP01-014::film2,0,0,0,0,1,0,missing_printing_market_map
259,OP01-014,Jinbe,UC,,772,259,OP01-014_p1,,parallel_1,Parallel 1,official-cardlist,PCCFR/parallel/OP01-014_p1.png,https://en.onepiece-cardgame.com/images/cardlist/card/OP01-014_p1.png?260305,,,,,,,,,,,,,,,,,,,,,,,,OP01-014_p1,0,0,0,0,1,0,missing_printing_market_map
260,OP01-015,Tony Tony.Chopper,UC,,773,260,OP01-015,,base,Base,official-cardlist,OP01/base/OP01-015.png,https://en.onepiece-cardgame.com/images/cardlist/card/OP01-015.png?260305,966,773,1360,HIGH,exact_code_plus_base_flag,1360,583757,Tony Tony.Chopper (Offline Regional 2024 Vol. 3) [Finalist],Tony TonyChopper Offline Regional 2024 Vol 3 Finalist,OP01-015,UC,,tcgcsv,1263,1360,499.0,499.0,499.0,171.27,,,2026-04-02 03:06:17,tcgcsv,OP01-015,1,1,1,0,1,0,missing_tcgplayer_product_id_only
260,OP01-015,Tony Tony.Chopper,UC,,775,260,OP01-015::alt,,alt,Alt,local-catalog,thumbs/OP01-015alt.webp,,,,,,,,,,,,,,,,,,,,,,,,,OP01-015::alt,0,0,0,0,1,0,missing_printing_market_map
260,OP01-015,Tony Tony.Chopper,UC,,776,260,OP01-015_p1,,parallel_1,Parallel 1,official-cardlist,ORP2024V3/parallel/OP01-015_p1.png,https://en.onepiece-cardgame.com/images/cardlist/card/OP01-015_p1.png?260305,,,,,,,,,,,,,,,,,,,,,,,,OP01-015_p1,0,0,0,0,1,0,missing_printing_market_map
261,OP01-016,Nami,R,,777,261,OP01-016,,base,Base,official-cardlist,OP01/base/OP01-016.png,https://en.onepiece-cardgame.com/images/cardlist/card/OP01-016.png?260305,490,777,817,HIGH,exact_code_plus_base_flag,817,485265,Nami - OP01-016 (Alternate Art),Nami OP01 016 Alternate Art,OP01-016,PR,,tcgcsv,807,817,69.99,96.0,9999.0,43.84,,,2026-04-02 03:06:17,tcgcsv,OP01-016,1,1,1,0,1,0,missing_tcgplayer_product_id_only
261,OP01-016,Nami,R,,779,261,OP01-016::1st anniversary alt,,promo,1St Anniversary Alt,local-catalog,thumbs/OP01-016(1st anniversary alt).webp,,,,,,,,,,,,,,,,,,,,,,,,,OP01-016::1st anniversary alt,0,0,0,0,1,0,missing_printing_market_map
261,OP01-016,Nami,R,,780,261,OP01-016::25th,,promo,25Th,local-catalog,thumbs/OP01-016 25th.webp,,,,,,,,,,,,,,,,,,,,,,,,,OP01-016::25th,0,0,0,0,1,0,missing_printing_market_map
261,OP01-016,Nami,R,,781,261,OP01-016::alt,,alt,Alt,local-catalog,thumbs/OP01-016alt.webp,,,,,,,,,,,,,,,,,,,,,,,,,OP01-016::alt,0,0,0,0,1,0,missing_printing_market_map
261,OP01-016,Nami,R,,783,261,OP01-016::alt art 2,,alt,Alt Art 2,local-catalog,thumbs/OP01-016(alt2).webp,,,,,,,,,,,,,,,,,,,,,,,,,OP01-016::alt art 2,0,0,0,0,1,0,missing_printing_market_map
261,OP01-016,Nami,R,,784,261,OP01-016::alt art 3,,alt,Alt Art 3,local-catalog,thumbs/OP01-016alt3.webp,,,,,,,,,,,,,,,,,,,,,,,,,OP01-016::alt art 3,0,0,0,0,1,0,missing_printing_market_map
261,OP01-016,Nami,R,,785,261,OP01-016::alt art 4,,alt,Alt Art 4,local-catalog,thumbs/OP01-016alt4.webp,,,,,,,,,,,,,,,,,,,,,,,,,OP01-016::alt art 4,0,0,0,0,1,0,missing_printing_market_map
261,OP01-016,Nami,R,,786,261,OP01-016::alt art 7,,alt,Alt Art 7,local-catalog,thumbs/OP01-016alt7.webp,,,,,,,,,,,,,,,,,,,,,,,,,OP01-016::alt art 7,0,0,0,0,1,0,missing_printing_market_map
261,OP01-016,Nami,R,,787,261,OP01-016::manga alt,,mr,Manga Alt,local-catalog,thumbs/OP01-016( manga alt ).webp,,,,,,,,,,,,,,,,,,,,,,,,,OP01-016::manga alt,0,0,0,0,1,0,missing_printing_market_map
261,OP01-016,Nami,R,,788,261,OP01-016_p1,,parallel_1,Parallel 1,official-cardlist,OP01/parallel/OP01-016_p1.png,https://en.onepiece-cardgame.com/images/cardlist/card/OP01-016_p1.png?260305,,,,,,,,,,,,,,,,,,,,,,,,OP01-016_p1,0,0,0,0,1,0,missing_printing_market_map
261,OP01-016,Nami,R,,789,261,OP01-016_p2,,parallel_2,Parallel 2,official-cardlist,PCC25/parallel/OP01-016_p2.png,https://en.onepiece-cardgame.com/images/cardlist/card/OP01-016_p2.png?260305,,,,,,,,,,,,,,,,,,,,,,,,OP01-016_p2,0,0,0,0,1,0,missing_printing_market_map
261,OP01-016,Nami,R,,790,261,OP01-016_p3,,parallel_3,Parallel 3,official-cardlist,OP01/parallel/OP01-016_p3.png,https://en.onepiece-cardgame.com/images/cardlist/card/OP01-016_p3.png?260305,,,,,,,,,,,,,,,,,,,,,,,,OP01-016_p3,0,0,0,0,1,0,missing_printing_market_map
261,OP01-016,Nami,R,,791,261,OP01-016_p4,,parallel_4,Parallel 4,official-cardlist,OP05/parallel/OP01-016_p4.png,https://en.onepiece-cardgame.com/images/cardlist/card/OP01-016_p4.png?260305,,,,,,,,,,,,,,,,,,,,,,,,OP01-016_p4,0,0,0,0,1,0,missing_printing_market_map
261,OP01-016,Nami,R,,792,261,OP01-016_p5,,parallel_5,Parallel 5,official-cardlist,GC01/parallel/OP01-016_p5.png,https://en.onepiece-cardgame.com/images/cardlist/card/OP01-016_p5.png?260305,,,,,,,,,,,,,,,,,,,,,,,,OP01-016_p5,0,0,0,0,1,0,missing_printing_market_map
261,OP01-016,Nami,R,,793,261,OP01-016_p7,,parallel_7,Parallel 7,official-cardlist,OP01/parallel/OP01-016_p7.png,https://en.onepiece-cardgame.com/images/cardlist/card/OP01-016_p7.png?260305,,,,,,,,,,,,,,,,,,,,,,,,OP01-016_p7,0,0,0,0,1,0,missing_printing_market_map
261,OP01-016,Nami,R,,794,261,OP01-016_p8,,parallel_8,Parallel 8,official-cardlist,OP01/parallel/OP01-016_p8.png,https://en.onepiece-cardgame.com/images/cardlist/card/OP01-016_p8.png?260305,,,,,,,,,,,,,,,,,,,,,,,,OP01-016_p8,0,0,0,0,1,0,missing_printing_market_map
261,OP01-016,Nami,R,,795,261,OP01-016::st10 alt,,alt,St10 Alt,local-catalog,thumbs/OP01-016(ST10 alt ).webp,,,,,,,,,,,,,,,,,,,,,,,,,OP01-016::st10 alt,0,0,0,0,1,0,missing_printing_market_map
262,OP01-017,Nico Robin,R,,796,262,OP01-017,,base,Base,official-cardlist,OP01/base/OP01-017.png,https://en.onepiece-cardgame.com/images/cardlist/card/OP01-017.png?260305,527,796,861,HIGH,exact_code_plus_base_flag,861,503020,Nico Robin (Store Championship Participation Pack),Nico Robin Store Championship Participation Pack,OP01-017,PR,,tcgcsv,850,861,32.0,45.0,249.99,38.59,,,2026-04-02 03:06:17,tcgcsv,OP01-017,1,1,1,0,1,0,missing_tcgplayer_product_id_only
262,OP01-017,Nico Robin,R,,798,262,OP01-017::1st anniversary alt,,promo,1St Anniversary Alt,local-catalog,thumbs/OP01-017(1st anniversary alt).webp,,,,,,,,,,,,,,,,,,,,,,,,,OP01-017::1st anniversary alt,0,0,0,0,1,0,missing_printing_market_map
262,OP01-017,Nico Robin,R,,799,262,OP01-017::alt,,alt,Alt,local-catalog,thumbs/OP01-017(alt).webp,,,,,,,,,,,,,,,,,,,,,,,,,OP01-017::alt,0,0,0,0,1,0,missing_printing_market_map
262,OP01-017,Nico Robin,R,,800,262,OP01-017::alt art 2,,alt,Alt Art 2,local-catalog,thumbs/OP01-017alt2.webp,,,,,,,,,,,,,,,,,,,,,,,,,OP01-017::alt art 2,0,0,0,0,1,0,missing_printing_market_map
262,OP01-017,Nico Robin,R,,801,262,OP01-017::film,,promo,Film,local-catalog,thumbs/OP01-017_Film.webp,,,,,,,,,,,,,,,,,,,,,,,,,OP01-017::film,0,0,0,0,1,0,missing_printing_market_map
262,OP01-017,Nico Robin,R,,802,262,OP01-017::film2,,promo,Film2,local-catalog,thumbs/OP01-017_Film2.webp,,,,,,,,,,,,,,,,,,,,,,,,,OP01-017::film2,0,0,0,0,1,0,missing_printing_market_map
262,OP01-017,Nico Robin,R,,803,262,OP01-017_p1,,parallel_1,Parallel 1,official-cardlist,PCCFR/parallel/OP01-017_p1.png,https://en.onepiece-cardgame.com/images/cardlist/card/OP01-017_p1.png?260305,,,,,,,,,,,,,,,,,,,,,,,,OP01-017_p1,0,0,0,0,1,0,missing_printing_market_map
262,OP01-017,Nico Robin,R,,804,262,OP01-017_p2,,parallel_2,Parallel 2,official-cardlist,ANN1EN/parallel/OP01-017_p2.png,https://en.onepiece-cardgame.com/images/cardlist/card/OP01-017_p2.png?260305,,,,,,,,,,,,,,,,,,,,,,,,OP01-017_p2,0,0,0,0,1,0,missing_printing_market_map
263,OP01-018,Hajrudin,C,,805,263,OP01-018,,base,Base,official-cardlist,OP01/base/OP01-018.png,https://en.onepiece-cardgame.com/images/cardlist/card/OP01-018.png?260305,4641,805,347,HIGH,exact_code_plus_base_flag,347,454540,Hajrudin,Hajrudin,OP01-018,C,,tcgcsv,347,347,0.01,0.15,2.0,0.07,,,2026-04-01 22:09:08,tcgcsv,OP01-018,1,1,1,0,1,0,missing_tcgplayer_product_id_only
264,OP01-019,Bartolomeo,C,,807,264,OP01-019,,base,Base,official-cardlist,OP01/base/OP01-019.png,https://en.onepiece-cardgame.com/images/cardlist/card/OP01-019.png?260305,4642,807,348,HIGH,exact_code_plus_base_flag,348,454542,Bartolomeo,Bartolomeo,OP01-019,C,,tcgcsv,348,348,0.03,0.2,2.0,0.12,,,2026-04-01 22:09:08,tcgcsv,OP01-019,1,1,1,0,1,0,missing_tcgplayer_product_id_only
265,OP01-020,Hyogoro,C,,809,265,OP01-020,,base,Base,official-cardlist,OP01/base/OP01-020.png,https://en.onepiece-cardgame.com/images/cardlist/card/OP01-020.png?260305,4643,809,349,HIGH,exact_code_plus_base_flag,349,454543,Hyogoro,Hyogoro,OP01-020,C,,tcgcsv,349,349,0.01,0.15,2.0,0.07,,,2026-04-01 22:09:08,tcgcsv,OP01-020,1,1,1,0,1,0,missing_tcgplayer_product_id_only
266,OP01-021,Franky,UC,,811,266,OP01-021,,base,Base,official-cardlist,OP01/base/OP01-021.png,https://en.onepiece-cardgame.com/images/cardlist/card/OP01-021.png?260305,463,811,781,HIGH,exact_code_plus_base_flag,781,483151,Franky (Tournament Pack Vol. 2),Franky Tournament Pack Vol 2,OP01-021,PR,,tcgcsv,776,781,0.17,0.38,10.0,0.32,,,2026-04-02 03:06:17,tcgcsv,OP01-021,1,1,1,0,1,0,missing_tcgplayer_product_id_only
266,OP01-021,Franky,UC,,813,266,OP01-021::alt,,alt,Alt,local-catalog,thumbs/OP01-021(Alt).webp,,,,,,,,,,,,,,,,,,,,,,,,,OP01-021::alt,0,0,0,0,1,0,missing_printing_market_map
266,OP01-021,Franky,UC,,814,266,OP01-021::alt art 2,,alt,Alt Art 2,local-catalog,thumbs/OP01-021(alt2).webp,,,,,,,,,,,,,,,,,,,,,,,,,OP01-021::alt art 2,0,0,0,0,1,0,missing_printing_market_map
266,OP01-021,Franky,UC,,815,266,OP01-021::film,,promo,Film,local-catalog,thumbs/OP01-021_Film.webp,,,,,,,,,,,,,,,,,,,,,,,,,OP01-021::film,0,0,0,0,1,0,missing_printing_market_map
266,OP01-021,Franky,UC,,816,266,OP01-021::film2,,promo,Film2,local-catalog,thumbs/OP01-021_Film2.webp,,,,,,,,,,,,,,,,,,,,,,,,,OP01-021::film2,0,0,0,0,1,0,missing_printing_market_map
266,OP01-021,Franky,UC,,817,266,OP01-021::fullalt,,alt,Fullalt,local-catalog,thumbs/OP01-021(fullalt).webp,,,,,,,,,,,,,,,,,,,,,,,,,OP01-021::fullalt,0,0,0,0,1,0,missing_printing_market_map
266,OP01-021,Franky,UC,,818,266,OP01-021_p1,,parallel_1,Parallel 1,official-cardlist,PCCFR/parallel/OP01-021_p1.png,https://en.onepiece-cardgame.com/images/cardlist/card/OP01-021_p1.png?260305,,,,,,,,,,,,,,,,,,,,,,,,OP01-021_p1,0,0,0,0,1,0,missing_printing_market_map
266,OP01-021,Franky,UC,,819,266,OP01-021_p2,,parallel_2,Parallel 2,official-cardlist,TP02/parallel/OP01-021_p2.png,https://en.onepiece-cardgame.com/images/cardlist/card/OP01-021_p2.png?260305,,,,,,,,,,,,,,,,,,,,,,,,OP01-021_p2,0,0,0,0,1,0,missing_printing_market_map
266,OP01-021,Franky,UC,,820,266,OP01-021_p3,,parallel_3,Parallel 3,official-cardlist,GC01/parallel/OP01-021_p3.png,https://en.onepiece-cardgame.com/images/cardlist/card/OP01-021_p3.png?260305,,,,,,,,,,,,,,,,,,,,,,,,OP01-021_p3,0,0,0,0,1,0,missing_printing_market_map
267,OP01-022,Brook,UC,,821,267,OP01-022,,base,Base,official-cardlist,OP01/base/OP01-022.png,https://en.onepiece-cardgame.com/images/cardlist/card/OP01-022.png?260305,494,821,821,HIGH,exact_code_plus_base_flag,821,485269,Brook - OP01-022 (Alternate Art),Brook OP01 022 Alternate Art,OP01-022,PR,,tcgcsv,811,821,9.0,13.99,9999.0,9.97,,,2026-04-02 03:06:17,tcgcsv,OP01-022,1,1,1,0,1,0,missing_tcgplayer_product_id_only
267,OP01-022,Brook,UC,,823,267,OP01-022::25th,,promo,25Th,local-catalog,thumbs/OP01-022 25th.webp,,,,,,,,,,,,,,,,,,,,,,,,,OP01-022::25th,0,0,0,0,1,0,missing_printing_market_map
267,OP01-022,Brook,UC,,824,267,OP01-022_p1,,parallel_1,Parallel 1,official-cardlist,PCC25/parallel/OP01-022_p1.png,https://en.onepiece-cardgame.com/images/cardlist/card/OP01-022_p1.png?260305,,,,,,,,,,,,,,,,,,,,,,,,OP01-022_p1,0,0,0,0,1,0,missing_printing_market_map
268,OP01-023,Marco,C,,825,268,OP01-023,,base,Base,official-cardlist,OP01/base/OP01-023.png,https://en.onepiece-cardgame.com/images/cardlist/card/OP01-023.png?260305,4646,825,352,HIGH,exact_code_plus_base_flag,352,454546,Marco,Marco,OP01-023,C,,tcgcsv,352,352,0.01,0.15,2.0,0.08,,,2026-04-01 22:09:08,tcgcsv,OP01-023,1,1,1,0,1,0,missing_tcgplayer_product_id_only
269,OP01-024,Monkey.D.Luffy,SR,,827,269,OP01-024,,base,Base,official-cardlist,OP01/base/OP01-024.png,https://en.onepiece-cardgame.com/images/cardlist/card/OP01-024.png?260305,2661,827,3253,HIGH,exact_code_plus_base_flag,3253,586178,Monkey.D.Luffy (OP01-024) (Alternate Art),MonkeyDLuffy OP01 024 Alternate Art,OP01-024,SR,,tcgcsv,3049,3253,23.99,40.0,300.0,26.87,,,2026-04-02 03:06:19,tcgcsv,OP01-024,1,1,1,0,1,0,missing_tcgplayer_product_id_only
269,OP01-024,Monkey.D.Luffy,SR,,829,269,OP01-024::alt,,alt,Alt,local-catalog,thumbs/OP01-024 (alt).webp,,,,,,,,,,,,,,,,,,,,,,,,,OP01-024::alt,0,0,0,0,1,0,missing_printing_market_map
269,OP01-024,Monkey.D.Luffy,SR,,830,269,OP01-024_p1,,parallel_1,Parallel 1,official-cardlist,OP01/parallel/OP01-024_p1.png,https://en.onepiece-cardgame.com/images/cardlist/card/OP01-024_p1.png?260305,,,,,,,,,,,,,,,,,,,,,,,,OP01-024_p1,0,0,0,0,1,0,missing_printing_market_map
269,OP01-024,Monkey.D.Luffy,SR,,831,269,OP01-024_p3,,parallel_3,Parallel 3,official-cardlist,PRB01/parallel/OP01-024_p3.png,https://en.onepiece-cardgame.com/images/cardlist/card/OP01-024_p3.png?260305,,,,,,,,,,,,,,,,,,,,,,,,OP01-024_p3,0,0,0,0,1,0,missing_printing_market_map
269,OP01-024,Monkey.D.Luffy,SR,,832,269,OP01-024::prb01alt,,alt,Prb01Alt,local-catalog,thumbs/OP01-024(PRB01alt).webp,,,,,,,,,,,,,,,,,,,,,,,,,OP01-024::prb01alt,0,0,0,0,1,0,missing_printing_market_map
269,OP01-024,Monkey.D.Luffy,SR,,833,269,OP01-024_r1,,r1,R1,official-cardlist,PRB01/reprint/OP01-024_r1.png,https://en.onepiece-cardgame.com/images/cardlist/card/OP01-024_r1.png?260305,,,,,,,,,,,,,,,,,,,,,,,,OP01-024_r1,0,0,0,0,1,0,missing_printing_market_map
270,OP01-025,Roronoa Zoro,SR,,834,270,OP01-025,,base,Base,official-cardlist,OP01/base/OP01-025.png,https://en.onepiece-cardgame.com/images/cardlist/card/OP01-025.png?260305,629,834,969,HIGH,exact_code_plus_base_flag,969,515356,Roronoa Zoro - OP01-025 (Treasure Cup),Roronoa Zoro OP01 025 Treasure Cup,OP01-025,SR,,tcgcsv,,,,,,,,,,,OP01-025,1,1,1,0,1,0,missing_tcgplayer_product_id_only
270,OP01-025,Roronoa Zoro,SR,,836,270,OP01-025::1st anniversary alt,,promo,1St Anniversary Alt,local-catalog,thumbs/OP01-025(1st anniversary alt).webp,,,,,,,,,,,,,,,,,,,,,,,,,OP01-025::1st anniversary alt,0,0,0,0,1,0,missing_printing_market_map
270,OP01-025,Roronoa Zoro,SR,,837,270,OP01-025::alt,,alt,Alt,local-catalog,thumbs/OP01-025(alt).webp,,,,,,,,,,,,,,,,,,,,,,,,,OP01-025::alt,0,0,0,0,1,0,missing_printing_market_map
270,OP01-025,Roronoa Zoro,SR,,838,270,OP01-025::alt art 2,,alt,Alt Art 2,local-catalog,thumbs/OP01-025alt2.webp,,,,,,,,,,,,,,,,,,,,,,,,,OP01-025::alt art 2,0,0,0,0,1,0,missing_printing_market_map
270,OP01-025,Roronoa Zoro,SR,,839,270,OP01-025::alt st10,,alt,Alt St10,local-catalog,thumbs/OP01-025(alt-st10).webp,,,,,,,,,,,,,,,,,,,,,,,,,OP01-025::alt st10,0,0,0,0,1,0,missing_printing_market_map
270,OP01-025,Roronoa Zoro,SR,,840,270,OP01-025_p1,,parallel_1,Parallel 1,official-cardlist,OP01/parallel/OP01-025_p1.png,https://en.onepiece-cardgame.com/images/cardlist/card/OP01-025_p1.png?260305,,,,,,,,,,,,,,,,,,,,,,,,OP01-025_p1,0,0,0,0,1,0,missing_printing_market_map
270,OP01-025,Roronoa Zoro,SR,,841,270,OP01-025_p2,,parallel_2,Parallel 2,official-cardlist,OP01/parallel/OP01-025_p2.png,https://en.onepiece-cardgame.com/images/cardlist/card/OP01-025_p2.png?260305,,,,,,,,,,,,,,,,,,,,,,,,OP01-025_p2,0,0,0,0,1,0,missing_printing_market_map
270,OP01-025,Roronoa Zoro,SR,,842,270,OP01-025_p3,,parallel_3,Parallel 3,official-cardlist,ANN1EN/parallel/OP01-025_p3.png,https://en.onepiece-cardgame.com/images/cardlist/card/OP01-025_p3.png?260305,,,,,,,,,,,,,,,,,,,,,,,,OP01-025_p3,0,0,0,0,1,0,missing_printing_market_map
270,OP01-025,Roronoa Zoro,SR,,843,270,OP01-025::winner alt,,alt,Winner Alt,local-catalog,thumbs/OP01-025 Winner_Alt.webp,,,,,,,,,,,,,,,,,,,,,,,,,OP01-025::winner alt,0,0,0,0,1,0,missing_printing_market_map
271,OP01-026,Gum-Gum Fire-Fist Pistol Red Hawk,R,,844,271,OP01-026,,base,Base,official-cardlist,OP01/base/OP01-026.png,https://en.onepiece-cardgame.com/images/cardlist/card/OP01-026.png?260305,4647,844,353,HIGH,exact_code_plus_base_flag,353,454547,Gum-Gum Fire-Fist Pistol Red Hawk,Gum Gum Fire Fist Pistol Red Hawk,OP01-026,R,,tcgcsv,353,353,0.7,1.25,10.0,0.83,,,2026-04-01 22:09:08,tcgcsv,OP01-026,1,1,1,0,1,0,missing_tcgplayer_product_id_only
272,OP01-027,Round Table,C,,846,272,OP01-027,,base,Base,official-cardlist,OP01/base/OP01-027.png,https://en.onepiece-cardgame.com/images/cardlist/card/OP01-027.png?260305,4648,846,354,HIGH,exact_code_plus_base_flag,354,454548,Round Table,Round Table,OP01-027,C,,tcgcsv,354,354,0.16,1.04,24.0,0.83,,,2026-04-01 22:09:08,tcgcsv,OP01-027,1,1,1,0,1,0,missing_tcgplayer_product_id_only
273,OP01-028,Green Star Rafflesia,C,,848,273,OP01-028,,base,Base,official-cardlist,OP01/base/OP01-028.png,https://en.onepiece-cardgame.com/images/cardlist/card/OP01-028.png?260305,4649,848,355,HIGH,exact_code_plus_base_flag,355,454549,Green Star Rafflesia,Green Star Rafflesia,OP01-028,C,,tcgcsv,355,355,0.01,0.15,2.0,0.08,,,2026-04-01 22:09:08,tcgcsv,OP01-028,1,1,1,0,1,0,missing_tcgplayer_product_id_only
274,OP01-029,Radical Beam!!,UC,,850,274,OP01-029,,base,Base,official-cardlist,OP01/base/OP01-029.png,https://en.onepiece-cardgame.com/images/cardlist/card/OP01-029.png?260305,831,850,1200,HIGH,exact_code_plus_base_flag,1200,546673,Radical Beam!! (Premium Card Collection -Best Selection Vol. 1-),Radical Beam Premium Card Collection Best Selection Vol 1,OP01-029,UC,,tcgcsv,1120,1200,6.5,10.0,49.99,7.41,,,2026-04-02 03:06:17,tcgcsv,OP01-029,1,1,1,0,1,0,missing_tcgplayer_product_id_only
274,OP01-029,Radical Beam!!,UC,,852,274,OP01-029::alt,,alt,Alt,local-catalog,thumbs/OP01-029alt.webp,,,,,,,,,,,,,,,,,,,,,,,,,OP01-029::alt,0,0,0,0,1,0,missing_printing_market_map
274,OP01-029,Radical Beam!!,UC,,853,274,OP01-029_p2,,parallel_2,Parallel 2,official-cardlist,PRB01/parallel/OP01-029_p2.png,https://en.onepiece-cardgame.com/images/cardlist/card/OP01-029_p2.png?260305,,,,,,,,,,,,,,,,,,,,,,,,OP01-029_p2,0,0,0,0,1,0,missing_printing_market_map
274,OP01-029,Radical Beam!!,UC,,854,274,OP01-029_p3,,parallel_3,Parallel 3,official-cardlist,PRB01/parallel/OP01-029_p3.png,https://en.onepiece-cardgame.com/images/cardlist/card/OP01-029_p3.png?260305,,,,,,,,,,,,,,,,,,,,,,,,OP01-029_p3,0,0,0,0,1,0,missing_printing_market_map
274,OP01-029,Radical Beam!!,UC,,855,274,OP01-029_p4,,parallel_4,Parallel 4,official-cardlist,BCV1/parallel/OP01-029_p4.png,https://en.onepiece-cardgame.com/images/cardlist/card/OP01-029_p4.png?260305,,,,,,,,,,,,,,,,,,,,,,,,OP01-029_p4,0,0,0,0,1,0,missing_printing_market_map
274,OP01-029,Radical Beam!!,UC,,856,274,OP01-029_r1,,r1,R1,official-cardlist,PRB01/reprint/OP01-029_r1.png,https://en.onepiece-cardgame.com/images/cardlist/card/OP01-029_r1.png?260305,,,,,,,,,,,,,,,,,,,,,,,,OP01-029_r1,0,0,0,0,1,0,missing_printing_market_map
275,OP01-030,In Two Years!! At the Sabaody Archipelago!!,UC,,857,275,OP01-030,,base,Base,official-cardlist,OP01/base/OP01-030.png,https://en.onepiece-cardgame.com/images/cardlist/card/OP01-030.png?260305,1049,857,1457,HIGH,exact_code_plus_base_flag,1457,617586,In Two Years!! At the Sabaody Archipelago!! (One Piece Japanese Version 2nd Anniversary Set),In Two Years At the Sabaody Archipelago One Piece Japanese Version 2nd Anniversary Set,OP01-030,UC,,tcgcsv,1350,1457,35.0,54.98,100.0,50.28,,,2026-04-02 03:06:17,tcgcsv,OP01-030,1,1,1,0,1,0,missing_tcgplayer_product_id_only
275,OP01-030,In Two Years!! At the Sabaody Archipelago!!,UC,,859,275,OP01-030::2nd anniversary alt,,promo,2Nd Anniversary Alt,local-catalog,thumbs/OP01-030(2nd Anniversary alt).webp,,,,,,,,,,,,,,,,,,,,,,,,,OP01-030::2nd anniversary alt,0,0,0,0,1,0,missing_printing_market_map
275,OP01-030,In Two Years!! At the Sabaody Archipelago!!,UC,,860,275,OP01-030_p1,,parallel_1,Parallel 1,official-cardlist,ANN2JP/parallel/OP01-030_p1.png,https://en.onepiece-cardgame.com/images/cardlist/card/OP01-030_p1.png?260305,,,,,,,,,,,,,,,,,,,,,,,,OP01-030_p1,0,0,0,0,1,0,missing_printing_market_map
276,OP01-031,Kouzuki Oden,L,,861,276,OP01-031,,base,Base,official-cardlist,OP01/base/OP01-031.png,https://en.onepiece-cardgame.com/images/cardlist/card/OP01-031.png?260305,4651,861,357,HIGH,exact_code_plus_base_flag,357,454551,Kouzuki Oden,Kouzuki Oden,OP01-031,L,,tcgcsv,357,357,0.15,0.3,4.99,0.28,,,2026-04-01 22:09:08,tcgcsv,OP01-031,1,1,1,0,1,0,missing_tcgplayer_product_id_only
276,OP01-031,Kouzuki Oden,L,,863,276,OP01-031::alt,,alt,Alt,local-catalog,thumbs/OP01-031 (Alt).webp,,,,,,,,,,,,,,,,,,,,,,,,,OP01-031::alt,0,0,0,0,1,0,missing_printing_market_map
276,OP01-031,Kouzuki Oden,L,,864,276,OP01-031_p1,,parallel_1,Parallel 1,official-cardlist,OP01/parallel/OP01-031_p1.png,https://en.onepiece-cardgame.com/images/cardlist/card/OP01-031_p1.png?260305,,,,,,,,,,,,,,,,,,,,,,,,OP01-031_p1,0,0,0,0,1,0,missing_printing_market_map
277,OP01-032,Ashura Doji,UC,,865,277,OP01-032,,base,Base,official-cardlist,OP01/base/OP01-032.png,https://en.onepiece-cardgame.com/images/cardlist/card/OP01-032.png?260305,4653,865,359,HIGH,exact_code_plus_base_flag,359,454553,Ashura Doji,Ashura Doji,OP01-032,UC,,tcgcsv,359,359,0.03,0.2,2.0,0.12,,,2026-04-01 22:09:08,tcgcsv,OP01-032,1,1,1,0,1,0,missing_tcgplayer_product_id_only
278,OP01-033,Izo,UC,,867,278,OP01-033,,base,Base,official-cardlist,OP01/base/OP01-033.png,https://en.onepiece-cardgame.com/images/cardlist/card/OP01-033.png?260305,465,867,783,HIGH,exact_code_plus_base_flag,783,483155,Izo (Tournament Pack Vol. 2),Izo Tournament Pack Vol 2,OP01-033,PR,,tcgcsv,778,783,0.2,1.0,7.88,0.82,,,2026-04-02 03:06:17,tcgcsv,OP01-033,1,1,1,0,1,0,missing_tcgplayer_product_id_only
278,OP01-033,Izo,UC,,869,278,OP01-033::alt,,alt,Alt,local-catalog,thumbs/OP01-033 (Alt).webp,,,,,,,,,,,,,,,,,,,,,,,,,OP01-033::alt,0,0,0,0,1,0,missing_printing_market_map
278,OP01-033,Izo,UC,,870,278,OP01-033::alt art 2,,alt,Alt Art 2,local-catalog,thumbs/OP01-033alt2.webp,,,,,,,,,,,,,,,,,,,,,,,,,OP01-033::alt art 2,0,0,0,0,1,0,missing_printing_market_map
278,OP01-033,Izo,UC,,871,278,OP01-033_p1,,parallel_1,Parallel 1,official-cardlist,TP02/parallel/OP01-033_p1.png,https://en.onepiece-cardgame.com/images/cardlist/card/OP01-033_p1.png?260305,,,,,,,,,,,,,,,,,,,,,,,,OP01-033_p1,0,0,0,0,1,0,missing_printing_market_map
278,OP01-033,Izo,UC,,872,278,OP01-033_p3,,parallel_3,Parallel 3,official-cardlist,PRB01/parallel/OP01-033_p3.png,https://en.onepiece-cardgame.com/images/cardlist/card/OP01-033_p3.png?260305,,,,,,,,,,,,,,,,,,,,,,,,OP01-033_p3,0,0,0,0,1,0,missing_printing_market_map
278,OP01-033,Izo,UC,,873,278,OP01-033_p4,,parallel_4,Parallel 4,official-cardlist,PRB01/parallel/OP01-033_p4.png,https://en.onepiece-cardgame.com/images/cardlist/card/OP01-033_p4.png?260305,,,,,,,,,,,,,,,,,,,,,,,,OP01-033_p4,0,0,0,0,1,0,missing_printing_market_map
278,OP01-033,Izo,UC,,874,278,OP01-033_p5,,parallel_5,Parallel 5,official-cardlist,PRB01/parallel/OP01-033_p5.png,https://en.onepiece-cardgame.com/images/cardlist/card/OP01-033_p5.png?260305,,,,,,,,,,,,,,,,,,,,,,,,OP01-033_p5,0,0,0,0,1,0,missing_printing_market_map
278,OP01-033,Izo,UC,,875,278,OP01-033_p6,,parallel_6,Parallel 6,official-cardlist,_unclassified/parallel/OP01-033_p6.png,https://en.onepiece-cardgame.com/images/cardlist/card/OP01-033_p6.png?260305,,,,,,,,,,,,,,,,,,,,,,,,OP01-033_p6,0,0,0,0,1,0,missing_printing_market_map
278,OP01-033,Izo,UC,,876,278,OP01-033::prb01alt,,alt,Prb01Alt,local-catalog,thumbs/OP01-033(PRB01alt).webp,,,,,,,,,,,,,,,,,,,,,,,,,OP01-033::prb01alt,0,0,0,0,1,0,missing_printing_market_map
278,OP01-033,Izo,UC,,877,278,OP01-033_r1,,r1,R1,official-cardlist,PRB01/reprint/OP01-033_r1.png,https://en.onepiece-cardgame.com/images/cardlist/card/OP01-033_r1.png?260305,,,,,,,,,,,,,,,,,,,,,,,,OP01-033_r1,0,0,0,0,1,0,missing_printing_market_map
279,OP01-034,Inuarashi,C,,878,279,OP01-034,,base,Base,official-cardlist,OP01/base/OP01-034.png,https://en.onepiece-cardgame.com/images/cardlist/card/OP01-034.png?260305,4611,878,317,HIGH,exact_code_plus_base_flag,317,453513,Inuarashi (Box Topper),Inuarashi Box Topper,OP01-034,C,Box Topper,tcgcsv,317,317,1.5,3.89,24.99,2.17,,,2026-04-01 22:09:08,tcgcsv,OP01-034,1,1,1,0,1,0,missing_tcgplayer_product_id_only
279,OP01-034,Inuarashi,C,,880,279,OP01-034::alt,,alt,Alt,local-catalog,thumbs/OP01-034 (alt).webp,,,,,,,,,,,,,,,,,,,,,,,,,OP01-034::alt,0,0,0,0,1,0,missing_printing_market_map
279,OP01-034,Inuarashi,C,,881,279,OP01-034_p1,,parallel_1,Parallel 1,official-cardlist,OP01/parallel/OP01-034_p1.png,https://en.onepiece-cardgame.com/images/cardlist/card/OP01-034_p1.png?260305,,,,,,,,,,,,,,,,,,,,,,,,OP01-034_p1,0,0,0,0,1,0,missing_printing_market_map
280,OP01-035,Okiku,SP CARD,,882,280,OP01-035,,base,Base,official-cardlist,OP01/base/OP01-035.png,https://en.onepiece-cardgame.com/images/cardlist/card/OP01-035.png?260305,517,882,850,HIGH,exact_code_plus_base_flag,850,499432,Okiku (Judge),Okiku Judge,OP01-035,PR,,tcgcsv,840,850,0.4,1.23,30.0,0.99,,,2026-04-02 03:06:17,tcgcsv,OP01-035,1,1,1,0,1,0,missing_tcgplayer_product_id_only
280,OP01-035,Okiku,SP CARD,,884,280,OP01-035::alt,,alt,Alt,local-catalog,thumbs/op01-035alt.webp,,,,,,,,,,,,,,,,,,,,,,,,,OP01-035::alt,0,0,0,0,1,0,missing_printing_market_map
280,OP01-035,Okiku,SP CARD,,885,280,OP01-035::alt art 2,,alt,Alt Art 2,local-catalog,thumbs/OP01-035alt2.webp,,,,,,,,,,,,,,,,,,,,,,,,,OP01-035::alt art 2,0,0,0,0,1,0,missing_printing_market_map
280,OP01-035,Okiku,SP CARD,,886,280,OP01-035_p1,,parallel_1,Parallel 1,official-cardlist,TP04/parallel/OP01-035_p1.png,https://en.onepiece-cardgame.com/images/cardlist/card/OP01-035_p1.png?260305,,,,,,,,,,,,,,,,,,,,,,,,OP01-035_p1,0,0,0,0,1,0,missing_printing_market_map
280,OP01-035,Okiku,SP CARD,,887,280,OP01-035_p2,,parallel_2,Parallel 2,official-cardlist,OP07/parallel/OP01-035_p2.png,https://en.onepiece-cardgame.com/images/cardlist/card/OP01-035_p2.png?260305,,,,,,,,,,,,,,,,,,,,,,,,OP01-035_p2,0,0,0,0,1,0,missing_printing_market_map
280,OP01-035,Okiku,SP CARD,,888,280,OP01-035_p3,,parallel_3,Parallel 3,official-cardlist,_unclassified/parallel/OP01-035_p3.png,https://en.onepiece-cardgame.com/images/cardlist/card/OP01-035_p3.png?260305,,,,,,,,,,,,,,,,,,,,,,,,OP01-035_p3,0,0,0,0,1,0,missing_printing_market_map
280,OP01-035,Okiku,SP CARD,,889,280,OP01-035::s p,,sp,S P,local-catalog,thumbs/OP01-035SP.webp,,,,,,,,,,,,,,,,,,,,,,,,,OP01-035::s p,0,0,0,0,1,0,missing_printing_market_map
281,OP01-036,Otsuru,C,,890,281,OP01-036,,base,Base,official-cardlist,OP01/base/OP01-036.png,https://en.onepiece-cardgame.com/images/cardlist/card/OP01-036.png?260305,4657,890,363,HIGH,exact_code_plus_base_flag,363,454558,Otsuru,Otsuru,OP01-036,C,,tcgcsv,363,363,0.01,0.15,2.0,0.08,,,2026-04-01 22:09:08,tcgcsv,OP01-036,1,1,1,0,1,0,missing_tcgplayer_product_id_only
282,OP01-037,Kawamatsu,C,,892,282,OP01-037,,base,Base,official-cardlist,OP01/base/OP01-037.png,https://en.onepiece-cardgame.com/images/cardlist/card/OP01-037.png?260305,4658,892,364,HIGH,exact_code_plus_base_flag,364,454560,Kawamatsu,Kawamatsu,OP01-037,C,,tcgcsv,364,364,0.01,0.15,2.0,0.07,,,2026-04-01 22:09:08,tcgcsv,OP01-037,1,1,1,0,1,0,missing_tcgplayer_product_id_only
283,OP01-038,Kanjuro,C,,894,283,OP01-038,,base,Base,official-cardlist,OP01/base/OP01-038.png,https://en.onepiece-cardgame.com/images/cardlist/card/OP01-038.png?260305,4659,894,365,HIGH,exact_code_plus_base_flag,365,454562,Kanjuro,Kanjuro,OP01-038,C,,tcgcsv,365,365,0.01,0.15,2.0,0.06,,,2026-04-01 22:09:08,tcgcsv,OP01-038,1,1,1,0,1,0,missing_tcgplayer_product_id_only
284,OP01-039,Killer,UC,,896,284,OP01-039,,base,Base,official-cardlist,OP01/base/OP01-039.png,https://en.onepiece-cardgame.com/images/cardlist/card/OP01-039.png?260305,458,896,772,HIGH,exact_code_plus_base_flag,772,483099,Killer (Promotion Pack 2023),Killer Promotion Pack 2023,OP01-039,PR,,tcgcsv,767,772,0.74,2.05,9.5,1.69,,,2026-04-02 03:06:17,tcgcsv,OP01-039,1,1,1,0,1,0,missing_tcgplayer_product_id_only
284,OP01-039,Killer,UC,,898,284,OP01-039::alt,,alt,Alt,local-catalog,thumbs/OP01-039alt.webp,,,,,,,,,,,,,,,,,,,,,,,,,OP01-039::alt,0,0,0,0,1,0,missing_printing_market_map
284,OP01-039,Killer,UC,,899,284,OP01-039_p1,,parallel_1,Parallel 1,official-cardlist,PRB02/parallel/OP01-039_p1.png,https://en.onepiece-cardgame.com/images/cardlist/card/OP01-039_p1.png?260305,,,,,,,,,,,,,,,,,,,,,,,,OP01-039_p1,0,0,0,0,1,0,missing_printing_market_map
284,OP01-039,Killer,UC,,900,284,OP01-039_r1,,r1,R1,official-cardlist,PRB02/reprint/OP01-039_r1.png,https://en.onepiece-cardgame.com/images/cardlist/card/OP01-039_r1.png?260305,,,,,,,,,,,,,,,,,,,,,,,,OP01-039_r1,0,0,0,0,1,0,missing_printing_market_map
285,OP01-040,Kin'emon,SR,,901,285,OP01-040,,base,Base,official-cardlist,OP01/base/OP01-040.png,https://en.onepiece-cardgame.com/images/cardlist/card/OP01-040.png?260305,4612,901,318,HIGH,exact_code_plus_base_flag,318,453514,Kin'emon,Kinemon,OP01-040,SR,,tcgcsv,318,318,0.15,0.99,14.5,0.66,,,2026-04-01 22:09:08,tcgcsv,OP01-040,1,1,1,0,1,0,missing_tcgplayer_product_id_only
285,OP01-040,Kin'emon,SR,,903,285,OP01-040::alt,,alt,Alt,local-catalog,thumbs/OP01-040 (Alt).webp,,,,,,,,,,,,,,,,,,,,,,,,,OP01-040::alt,0,0,0,0,1,0,missing_printing_market_map
285,OP01-040,Kin'emon,SR,,904,285,OP01-040_p1,,parallel_1,Parallel 1,official-cardlist,OP01/parallel/OP01-040_p1.png,https://en.onepiece-cardgame.com/images/cardlist/card/OP01-040_p1.png?260305,,,,,,,,,,,,,,,,,,,,,,,,OP01-040_p1,0,0,0,0,1,0,missing_printing_market_map
286,OP01-041,Kouzuki Momonosuke,R,,905,286,OP01-041,,base,Base,official-cardlist,OP01/base/OP01-041.png,https://en.onepiece-cardgame.com/images/cardlist/card/OP01-041.png?260305,846,905,1217,HIGH,exact_code_plus_base_flag,1217,548394,Kouzuki Momonosuke (Tournament Pack Vol. 7),Kouzuki Momonosuke Tournament Pack Vol 7,OP01-041,R,,tcgcsv,1137,1217,0.19,0.58,25.0,0.58,,,2026-04-02 03:06:17,tcgcsv,OP01-041,1,1,1,0,1,0,missing_tcgplayer_product_id_only
286,OP01-041,Kouzuki Momonosuke,R,,907,286,OP01-041::alt,,alt,Alt,local-catalog,thumbs/OP01-041alt.webp,,,,,,,,,,,,,,,,,,,,,,,,,OP01-041::alt,0,0,0,0,1,0,missing_printing_market_map
286,OP01-041,Kouzuki Momonosuke,R,,908,286,OP01-041_p1,,parallel_1,Parallel 1,official-cardlist,TP07/parallel/OP01-041_p1.png,https://en.onepiece-cardgame.com/images/cardlist/card/OP01-041_p1.png?260305,,,,,,,,,,,,,,,,,,,,,,,,OP01-041_p1,0,0,0,0,1,0,missing_printing_market_map
286,OP01-041,Kouzuki Momonosuke,R,,909,286,OP01-041_p3,,parallel_3,Parallel 3,official-cardlist,PRB01/parallel/OP01-041_p3.png,https://en.onepiece-cardgame.com/images/cardlist/card/OP01-041_p3.png?260305,,,,,,,,,,,,,,,,,,,,,,,,OP01-041_p3,0,0,0,0,1,0,missing_printing_market_map
286,OP01-041,Kouzuki Momonosuke,R,,910,286,OP01-041_p4,,parallel_4,Parallel 4,official-cardlist,PRB01/parallel/OP01-041_p4.png,https://en.onepiece-cardgame.com/images/cardlist/card/OP01-041_p4.png?260305,,,,,,,,,,,,,,,,,,,,,,,,OP01-041_p4,0,0,0,0,1,0,missing_printing_market_map
286,OP01-041,Kouzuki Momonosuke,R,,911,286,OP01-041_p5,,parallel_5,Parallel 5,official-cardlist,PRB01/parallel/OP01-041_p5.png,https://en.onepiece-cardgame.com/images/cardlist/card/OP01-041_p5.png?260305,,,,,,,,,,,,,,,,,,,,,,,,OP01-041_p5,0,0,0,0,1,0,missing_printing_market_map
286,OP01-041,Kouzuki Momonosuke,R,,912,286,OP01-041::prb01alt,,alt,Prb01Alt,local-catalog,thumbs/OP01-041(PRB01alt).webp,,,,,,,,,,,,,,,,,,,,,,,,,OP01-041::prb01alt,0,0,0,0,1,0,missing_printing_market_map
286,OP01-041,Kouzuki Momonosuke,R,,913,286,OP01-041_r1,,r1,R1,official-cardlist,PRB01/reprint/OP01-041_r1.png,https://en.onepiece-cardgame.com/images/cardlist/card/OP01-041_r1.png?260305,,,,,,,,,,,,,,,,,,,,,,,,OP01-041_r1,0,0,0,0,1,0,missing_printing_market_map
286,OP01-041,Kouzuki Momonosuke,R,,914,286,OP01-041::w inner alt,,alt,W Inner Alt,local-catalog,thumbs/OP01-041Winner alt.webp,,,,,,,,,,,,,,,,,,,,,,,,,OP01-041::w inner alt,0,0,0,0,1,0,missing_printing_market_map
287,OP01-042,Komurasaki,UC,,915,287,OP01-042,,base,Base,official-cardlist,OP01/base/OP01-042.png,https://en.onepiece-cardgame.com/images/cardlist/card/OP01-042.png?260305,4663,915,369,HIGH,exact_code_plus_base_flag,369,454566,Komurasaki,Komurasaki,OP01-042,UC,,tcgcsv,369,369,0.03,0.2,2.0,0.14,,,2026-04-01 22:09:08,tcgcsv,OP01-042,1,1,1,0,1,0,missing_tcgplayer_product_id_only
288,OP01-043,Shinobu,C,,917,288,OP01-043,,base,Base,official-cardlist,OP01/base/OP01-043.png,https://en.onepiece-cardgame.com/images/cardlist/card/OP01-043.png?260305,4664,917,370,HIGH,exact_code_plus_base_flag,370,454567,Shinobu,Shinobu,OP01-043,C,,tcgcsv,370,370,0.01,0.15,2.0,0.08,,,2026-04-01 22:09:08,tcgcsv,OP01-043,1,1,1,0,1,0,missing_tcgplayer_product_id_only
289,OP01-044,Shachi,C,,919,289,OP01-044,,base,Base,official-cardlist,OP01/base/OP01-044.png,https://en.onepiece-cardgame.com/images/cardlist/card/OP01-044.png?260305,4665,919,371,HIGH,exact_code_plus_base_flag,371,454568,Shachi,Shachi,OP01-044,C,,tcgcsv,371,371,0.01,0.15,2.0,0.09,,,2026-04-01 22:09:08,tcgcsv,OP01-044,1,1,1,0,1,0,missing_tcgplayer_product_id_only
290,OP01-045,Jean Bart,C,,921,290,OP01-045,,base,Base,official-cardlist,OP01/base/OP01-045.png,https://en.onepiece-cardgame.com/images/cardlist/card/OP01-045.png?260305,4666,921,372,HIGH,exact_code_plus_base_flag,372,454569,Jean Bart,Jean Bart,OP01-045,C,,tcgcsv,372,372,0.01,0.15,2.0,0.06,,,2026-04-01 22:09:08,tcgcsv,OP01-045,1,1,1,0,1,0,missing_tcgplayer_product_id_only
291,OP01-046,Denjiro,R,,923,291,OP01-046,,base,Base,official-cardlist,OP01/base/OP01-046.png,https://en.onepiece-cardgame.com/images/cardlist/card/OP01-046.png?260305,4667,923,373,HIGH,exact_code_plus_base_flag,373,454570,Denjiro,Denjiro,OP01-046,R,,tcgcsv,373,373,0.12,0.4,4.99,0.37,,,2026-04-01 22:09:08,tcgcsv,OP01-046,1,1,1,0,1,0,missing_tcgplayer_product_id_only
292,OP01-047,Trafalgar Law,SR,,925,292,OP01-047,,base,Base,official-cardlist,OP01/base/OP01-047.png,https://en.onepiece-cardgame.com/images/cardlist/card/OP01-047.png?260305,1751,925,2259,HIGH,exact_code_plus_base_flag,2259,516554,Trafalgar Law (SP),Trafalgar Law SP,OP01-047,SR,,tcgcsv,2070,2259,135.0,186.68,500.0,183.48,,,2026-04-02 03:06:18,tcgcsv,OP01-047,1,1,1,0,1,0,missing_tcgplayer_product_id_only
292,OP01-047,Trafalgar Law,SR,,927,292,OP01-047::alt,,alt,Alt,local-catalog,thumbs/OP01-047 (alt).webp,,,,,,,,,,,,,,,,,,,,,,,,,OP01-047::alt,0,0,0,0,1,0,missing_printing_market_map
292,OP01-047,Trafalgar Law,SR,,928,292,OP01-047_p1,,parallel_1,Parallel 1,official-cardlist,OP01/parallel/OP01-047_p1.png,https://en.onepiece-cardgame.com/images/cardlist/card/OP01-047_p1.png?260305,,,,,,,,,,,,,,,,,,,,,,,,OP01-047_p1,0,0,0,0,1,0,missing_printing_market_map
292,OP01-047,Trafalgar Law,SR,,929,292,OP01-047_p2,,parallel_2,Parallel 2,official-cardlist,OP04/parallel/OP01-047_p2.png,https://en.onepiece-cardgame.com/images/cardlist/card/OP01-047_p2.png?260305,,,,,,,,,,,,,,,,,,,,,,,,OP01-047_p2,0,0,0,0,1,0,missing_printing_market_map
292,OP01-047,Trafalgar Law,SR,,930,292,OP01-047_p4,,parallel_4,Parallel 4,official-cardlist,PRB01/parallel/OP01-047_p4.png,https://en.onepiece-cardgame.com/images/cardlist/card/OP01-047_p4.png?260305,,,,,,,,,,,,,,,,,,,,,,,,OP01-047_p4,0,0,0,0,1,0,missing_printing_market_map
292,OP01-047,Trafalgar Law,SR,,931,292,OP01-047::prb01alt2,,alt,Prb01Alt2,local-catalog,thumbs/OP01-047(PRB01alt2).webp,,,,,,,,,,,,,,,,,,,,,,,,,OP01-047::prb01alt2,0,0,0,0,1,0,missing_printing_market_map
292,OP01-047,Trafalgar Law,SR,,932,292,OP01-047_r1,,r1,R1,official-cardlist,PRB01/reprint/OP01-047_r1.png,https://en.onepiece-cardgame.com/images/cardlist/card/OP01-047_r1.png?260305,,,,,,,,,,,,,,,,,,,,,,,,OP01-047_r1,0,0,0,0,1,0,missing_printing_market_map
292,OP01-047,Trafalgar Law,SR,,933,292,OP01-047::s p,,sp,S P,local-catalog,thumbs/OP01-047SP.webp,,,,,,,,,,,,,,,,,,,,,,,,,OP01-047::s p,0,0,0,0,1,0,missing_printing_market_map
293,OP01-048,Nekomamushi,C,,934,293,OP01-048,,base,Base,official-cardlist,OP01/base/OP01-048.png,https://en.onepiece-cardgame.com/images/cardlist/card/OP01-048.png?260305,4614,934,320,HIGH,exact_code_plus_base_flag,320,453516,Nekomamushi (Box Topper),Nekomamushi Box Topper,OP01-048,C,Box Topper,tcgcsv,320,320,3.94,5.0,19.99,4.87,,,2026-04-01 22:09:08,tcgcsv,OP01-048,1,1,1,0,1,0,missing_tcgplayer_product_id_only
293,OP01-048,Nekomamushi,C,,936,293,OP01-048::alt,,alt,Alt,local-catalog,thumbs/OP01-048 (alt).webp,,,,,,,,,,,,,,,,,,,,,,,,,OP01-048::alt,0,0,0,0,1,0,missing_printing_market_map
293,OP01-048,Nekomamushi,C,,937,293,OP01-048_p1,,parallel_1,Parallel 1,official-cardlist,OP01/parallel/OP01-048_p1.png,https://en.onepiece-cardgame.com/images/cardlist/card/OP01-048_p1.png?260305,,,,,,,,,,,,,,,,,,,,,,,,OP01-048_p1,0,0,0,0,1,0,missing_printing_market_map
294,OP01-049,Bepo,R,,938,294,OP01-049,,base,Base,official-cardlist,OP01/base/OP01-049.png,https://en.onepiece-cardgame.com/images/cardlist/card/OP01-049.png?260305,4670,938,376,HIGH,exact_code_plus_base_flag,376,454573,Bepo,Bepo,OP01-049,R,,tcgcsv,376,376,0.11,0.29,2.5,0.29,,,2026-04-01 22:09:08,tcgcsv,OP01-049,1,1,1,0,1,0,missing_tcgplayer_product_id_only
295,OP01-050,Penguin,C,,940,295,OP01-050,,base,Base,official-cardlist,OP01/base/OP01-050.png,https://en.onepiece-cardgame.com/images/cardlist/card/OP01-050.png?260305,4671,940,377,HIGH,exact_code_plus_base_flag,377,454574,Penguin,Penguin,OP01-050,C,,tcgcsv,377,377,0.02,0.15,2.0,0.08,,,2026-04-01 22:09:08,tcgcsv,OP01-050,1,1,1,0,1,0,missing_tcgplayer_product_id_only
296,OP01-051,"Eustass""Captain""Kid",SR,,942,296,OP01-051,,base,Base,official-cardlist,OP01/base/OP01-051.png,https://en.onepiece-cardgame.com/images/cardlist/card/OP01-051.png?260305,1650,942,2143,HIGH,exact_code_plus_base_flag,2143,501677,"Eustass""Captain""Kid (Wanted Poster)",EustassCaptainKid Wanted Poster,OP01-051,SR,,tcgcsv,1957,2143,88.0,120.0,500.0,109.03,,,2026-04-02 03:06:17,tcgcsv,OP01-051,1,1,1,0,1,0,missing_tcgplayer_product_id_only
296,OP01-051,"Eustass""Captain""Kid",SR,,944,296,OP01-051::alt,,alt,Alt,local-catalog,thumbs/OP01-051 (Alt).webp,,,,,,,,,,,,,,,,,,,,,,,,,OP01-051::alt,0,0,0,0,1,0,missing_printing_market_map
296,OP01-051,"Eustass""Captain""Kid",SR,,945,296,OP01-051_p1,,parallel_1,Parallel 1,official-cardlist,OP01/parallel/OP01-051_p1.png,https://en.onepiece-cardgame.com/images/cardlist/card/OP01-051_p1.png?260305,,,,,,,,,,,,,,,,,,,,,,,,OP01-051_p1,0,0,0,0,1,0,missing_printing_market_map
296,OP01-051,"Eustass""Captain""Kid",SR,,946,296,OP01-051_p2,,parallel_2,Parallel 2,official-cardlist,OP03/parallel/OP01-051_p2.png,https://en.onepiece-cardgame.com/images/cardlist/card/OP01-051_p2.png?260305,,,,,,,,,,,,,,,,,,,,,,,,OP01-051_p2,0,0,0,0,1,0,missing_printing_market_map
296,OP01-051,"Eustass""Captain""Kid",SR,,947,296,OP01-051_p4,,parallel_4,Parallel 4,official-cardlist,PRB01/parallel/OP01-051_p4.png,https://en.onepiece-cardgame.com/images/cardlist/card/OP01-051_p4.png?260305,,,,,,,,,,,,,,,,,,,,,,,,OP01-051_p4,0,0,0,0,1,0,missing_printing_market_map
296,OP01-051,"Eustass""Captain""Kid",SR,,948,296,OP01-051::prb01alt,,alt,Prb01Alt,local-catalog,thumbs/OP01-051(PRB01alt).webp,,,,,,,,,,,,,,,,,,,,,,,,,OP01-051::prb01alt,0,0,0,0,1,0,missing_printing_market_map
296,OP01-051,"Eustass""Captain""Kid",SR,,949,296,OP01-051_r1,,r1,R1,official-cardlist,PRB01/reprint/OP01-051_r1.png,https://en.onepiece-cardgame.com/images/cardlist/card/OP01-051_r1.png?260305,,,,,,,,,,,,,,,,,,,,,,,,OP01-051_r1,0,0,0,0,1,0,missing_printing_market_map
296,OP01-051,"Eustass""Captain""Kid",SR,,950,296,OP01-051::wanted,,promo,Wanted,local-catalog,thumbs/OP01-051 wanted.webp,,,,,,,,,,,,,,,,,,,,,,,,,OP01-051::wanted,0,0,0,0,1,0,missing_printing_market_map
297,OP01-052,Raizo,UC,,951,297,OP01-052,,base,Base,official-cardlist,OP01/base/OP01-052.png,https://en.onepiece-cardgame.com/images/cardlist/card/OP01-052.png?260305,556,951,894,HIGH,exact_code_plus_base_flag,894,509459,Raizo (Event Pack Vol. 2),Raizo Event Pack Vol 2,OP01-052,PR,,tcgcsv,880,894,0.19,0.49,6.0,0.35,,,2026-04-02 03:06:17,tcgcsv,OP01-052,1,1,1,0,1,0,missing_tcgplayer_product_id_only
297,OP01-052,Raizo,UC,,953,297,OP01-052::alt,,alt,Alt,local-catalog,thumbs/OP01-052(alt).webp,,,,,,,,,,,,,,,,,,,,,,,,,OP01-052::alt,0,0,0,0,1,0,missing_printing_market_map
297,OP01-052,Raizo,UC,,954,297,OP01-052::alt art 2,,alt,Alt Art 2,local-catalog,thumbs/OP01-052alt2.webp,,,,,,,,,,,,,,,,,,,,,,,,,OP01-052::alt art 2,0,0,0,0,1,0,missing_printing_market_map
297,OP01-052,Raizo,UC,,955,297,OP01-052_p1,,parallel_1,Parallel 1,official-cardlist,EP02/parallel/OP01-052_p1.png,https://en.onepiece-cardgame.com/images/cardlist/card/OP01-052_p1.png?260305,,,,,,,,,,,,,,,,,,,,,,,,OP01-052_p1,0,0,0,0,1,0,missing_printing_market_map
297,OP01-052,Raizo,UC,,956,297,OP01-052_p3,,parallel_3,Parallel 3,official-cardlist,PRB01/parallel/OP01-052_p3.png,https://en.onepiece-cardgame.com/images/cardlist/card/OP01-052_p3.png?260305,,,,,,,,,,,,,,,,,,,,,,,,OP01-052_p3,0,0,0,0,1,0,missing_printing_market_map
297,OP01-052,Raizo,UC,,957,297,OP01-052_p4,,parallel_4,Parallel 4,official-cardlist,PRB01/parallel/OP01-052_p4.png,https://en.onepiece-cardgame.com/images/cardlist/card/OP01-052_p4.png?260305,,,,,,,,,,,,,,,,,,,,,,,,OP01-052_p4,0,0,0,0,1,0,missing_printing_market_map
297,OP01-052,Raizo,UC,,958,297,OP01-052::prb01alt,,alt,Prb01Alt,local-catalog,thumbs/OP01-052(PRB01alt).webp,,,,,,,,,,,,,,,,,,,,,,,,,OP01-052::prb01alt,0,0,0,0,1,0,missing_printing_market_map
297,OP01-052,Raizo,UC,,959,297,OP01-052_r1,,r1,R1,official-cardlist,PRB01/reprint/OP01-052_r1.png,https://en.onepiece-cardgame.com/images/cardlist/card/OP01-052_r1.png?260305,,,,,,,,,,,,,,,,,,,,,,,,OP01-052_r1,0,0,0,0,1,0,missing_printing_market_map
298,OP01-053,Wire,C,,960,298,OP01-053,,base,Base,official-cardlist,OP01/base/OP01-053.png,https://en.onepiece-cardgame.com/images/cardlist/card/OP01-053.png?260305,4675,960,381,HIGH,exact_code_plus_base_flag,381,454578,Wire,Wire,OP01-053,C,,tcgcsv,381,381,0.01,0.15,2.0,0.07,,,2026-04-01 22:09:08,tcgcsv,OP01-053,1,1,1,0,1,0,missing_tcgplayer_product_id_only
299,OP01-054,X.Drake,R,,962,299,OP01-054,,base,Base,official-cardlist,OP01/base/OP01-054.png,https://en.onepiece-cardgame.com/images/cardlist/card/OP01-054.png?260305,4676,962,382,HIGH,exact_code_plus_base_flag,382,454579,X.Drake (054),XDrake 054,OP01-054,R,,tcgcsv,382,382,0.19,0.4,6.99,0.37,,,2026-04-01 22:09:08,tcgcsv,OP01-054,1,1,1,0,1,0,missing_tcgplayer_product_id_only
300,OP01-055,You Can Be My Samurai!!,C,,964,300,OP01-055,,base,Base,official-cardlist,OP01/base/OP01-055.png,https://en.onepiece-cardgame.com/images/cardlist/card/OP01-055.png?260305,4031,964,4806,HIGH,exact_code_plus_base_flag,4806,656001,You Can Be My Samurai!! (Reprint),You Can Be My Samurai Reprint,OP01-055,C,,tcgcsv,4662,4806,0.01,0.13,1.58,0.1,,,2026-04-02 03:06:21,tcgcsv,OP01-055,1,1,1,0,1,0,missing_tcgplayer_product_id_only
300,OP01-055,You Can Be My Samurai!!,C,,966,300,OP01-055_p1,,parallel_1,Parallel 1,official-cardlist,PRB02/parallel/OP01-055_p1.png,https://en.onepiece-cardgame.com/images/cardlist/card/OP01-055_p1.png?260305,,,,,,,,,,,,,,,,,,,,,,,,OP01-055_p1,0,0,0,0,1,0,missing_printing_market_map
300,OP01-055,You Can Be My Samurai!!,C,,967,300,OP01-055_r1,,r1,R1,official-cardlist,PRB02/reprint/OP01-055_r1.png,https://en.onepiece-cardgame.com/images/cardlist/card/OP01-055_r1.png?260305,,,,,,,,,,,,,,,,,,,,,,,,OP01-055_r1,0,0,0,0,1,0,missing_printing_market_map
301,OP01-056,Demon Face,UC,,968,301,OP01-056,,base,Base,official-cardlist,OP01/base/OP01-056.png,https://en.onepiece-cardgame.com/images/cardlist/card/OP01-056.png?260305,4678,968,384,HIGH,exact_code_plus_base_flag,384,454581,Demon Face,Demon Face,OP01-056,UC,,tcgcsv,384,384,0.01,0.19,2.0,0.15,,,2026-04-01 22:09:08,tcgcsv,OP01-056,1,1,1,0,1,0,missing_tcgplayer_product_id_only
302,OP01-057,Paradise Waterfall,UC,,970,302,OP01-057,,base,Base,official-cardlist,OP01/base/OP01-057.png,https://en.onepiece-cardgame.com/images/cardlist/card/OP01-057.png?260305,834,970,1203,HIGH,exact_code_plus_base_flag,1203,546676,Paradise Waterfall (Premium Card Collection -Best Selection Vol. 1-),Paradise Waterfall Premium Card Collection Best Selection Vol 1,OP01-057,UC,,tcgcsv,1123,1203,5.15,10.99,250.0,8.55,,,2026-04-02 03:06:17,tcgcsv,OP01-057,1,1,1,0,1,0,missing_tcgplayer_product_id_only
302,OP01-057,Paradise Waterfall,UC,,972,302,OP01-057::alt,,alt,Alt,local-catalog,thumbs/OP01-057alt.webp,,,,,,,,,,,,,,,,,,,,,,,,,OP01-057::alt,0,0,0,0,1,0,missing_printing_market_map
302,OP01-057,Paradise Waterfall,UC,,973,302,OP01-057_p1,,parallel_1,Parallel 1,official-cardlist,BCV1/parallel/OP01-057_p1.png,https://en.onepiece-cardgame.com/images/cardlist/card/OP01-057_p1.png?260305,,,,,,,,,,,,,,,,,,,,,,,,OP01-057_p1,0,0,0,0,1,0,missing_printing_market_map
303,OP01-058,Punk Gibson,R,,974,303,OP01-058,,base,Base,official-cardlist,OP01/base/OP01-058.png,https://en.onepiece-cardgame.com/images/cardlist/card/OP01-058.png?260305,4680,974,386,HIGH,exact_code_plus_base_flag,386,454583,Punk Gibson,Punk Gibson,OP01-058,R,,tcgcsv,386,386,0.26,0.75,9.99,0.51,,,2026-04-01 22:09:08,tcgcsv,OP01-058,1,1,1,0,1,0,missing_tcgplayer_product_id_only
304,OP01-059,BE-BENG!!,C,,976,304,OP01-059,,base,Base,official-cardlist,OP01/base/OP01-059.png,https://en.onepiece-cardgame.com/images/cardlist/card/OP01-059.png?260305,4681,976,387,HIGH,exact_code_plus_base_flag,387,454584,BE-BENG!!,BE BENG,OP01-059,C,,tcgcsv,387,387,0.01,0.15,2.0,0.09,,,2026-04-01 22:09:08,tcgcsv,OP01-059,1,1,1,0,1,0,missing_tcgplayer_product_id_only
305,OP01-060,Donquixote Doflamingo,L,,978,305,OP01-060,,base,Base,official-cardlist,OP01/base/OP01-060.png,https://en.onepiece-cardgame.com/images/cardlist/card/OP01-060.png?260305,2611,978,3191,HIGH,exact_code_plus_base_flag,3191,581006,Donquixote Doflamingo (OP01-060),Donquixote Doflamingo OP01 060,OP01-060,L,,tcgcsv,2992,3191,0.5,1.73,50.0,1.3,,,2026-04-02 03:06:19,tcgcsv,OP01-060,1,1,1,0,1,0,missing_tcgplayer_product_id_only
305,OP01-060,Donquixote Doflamingo,L,,980,305,OP01-060::alt,,alt,Alt,local-catalog,thumbs/OP01-060 (alt).webp,,,,,,,,,,,,,,,,,,,,,,,,,OP01-060::alt,0,0,0,0,1,0,missing_printing_market_map
305,OP01-060,Donquixote Doflamingo,L,,981,305,OP01-060_p1,,parallel_1,Parallel 1,official-cardlist,OP01/parallel/OP01-060_p1.png,https://en.onepiece-cardgame.com/images/cardlist/card/OP01-060_p1.png?260305,,,,,,,,,,,,,,,,,,,,,,,,OP01-060_p1,0,0,0,0,1,0,missing_printing_market_map
305,OP01-060,Donquixote Doflamingo,L,,982,305,OP01-060_p2,,parallel_2,Parallel 2,official-cardlist,ST17/parallel/OP01-060_p2.png,https://en.onepiece-cardgame.com/images/cardlist/card/OP01-060_p2.png?260305,,,,,,,,,,,,,,,,,,,,,,,,OP01-060_p2,0,0,0,0,1,0,missing_printing_market_map
305,OP01-060,Donquixote Doflamingo,L,,983,305,OP01-060::st17alt,,alt,St17Alt,local-catalog,thumbs/OP01-060(ST17alt).webp,,,,,,,,,,,,,,,,,,,,,,,,,OP01-060::st17alt,0,0,0,0,1,0,missing_printing_market_map
306,OP01-061,Kaido,L,,984,306,OP01-061,,base,Base,official-cardlist,OP01/base/OP01-061.png,https://en.onepiece-cardgame.com/images/cardlist/card/OP01-061.png?260305,4615,984,321,HIGH,exact_code_plus_base_flag,321,453517,Kaido (061),Kaido 061,OP01-061,L,,tcgcsv,321,321,0.22,0.35,2.0,0.32,,,2026-04-01 22:09:08,tcgcsv,OP01-061,1,1,1,0,1,0,missing_tcgplayer_product_id_only
306,OP01-061,Kaido,L,,986,306,OP01-061::alt,,alt,Alt,local-catalog,thumbs/OP01-061 (alt).webp,,,,,,,,,,,,,,,,,,,,,,,,,OP01-061::alt,0,0,0,0,1,0,missing_printing_market_map
306,OP01-061,Kaido,L,,987,306,OP01-061_p1,,parallel_1,Parallel 1,official-cardlist,OP01/parallel/OP01-061_p1.png,https://en.onepiece-cardgame.com/images/cardlist/card/OP01-061_p1.png?260305,,,,,,,,,,,,,,,,,,,,,,,,OP01-061_p1,0,0,0,0,1,0,missing_printing_market_map
307,OP01-062,Crocodile,L,,988,307,OP01-062,,base,Base,official-cardlist,OP01/base/OP01-062.png,https://en.onepiece-cardgame.com/images/cardlist/card/OP01-062.png?260305,4685,988,391,HIGH,exact_code_plus_base_flag,391,454588,Crocodile (062),Crocodile 062,OP01-062,L,,tcgcsv,391,391,0.15,0.32,69.99,0.29,,,2026-04-01 22:09:08,tcgcsv,OP01-062,1,1,1,0,1,0,missing_tcgplayer_product_id_only
307,OP01-062,Crocodile,L,,990,307,OP01-062::alt,,alt,Alt,local-catalog,thumbs/OP01-062 (alt).webp,,,,,,,,,,,,,,,,,,,,,,,,,OP01-062::alt,0,0,0,0,1,0,missing_printing_market_map
307,OP01-062,Crocodile,L,,991,307,OP01-062_p1,,parallel_1,Parallel 1,official-cardlist,OP01/parallel/OP01-062_p1.png,https://en.onepiece-cardgame.com/images/cardlist/card/OP01-062_p1.png?260305,,,,,,,,,,,,,,,,,,,,,,,,OP01-062_p1,0,0,0,0,1,0,missing_printing_market_map
308,OP01-063,Arlong,UC,,992,308,OP01-063,,base,Base,official-cardlist,OP01/base/OP01-063.png,https://en.onepiece-cardgame.com/images/cardlist/card/OP01-063.png?260305,4687,992,393,HIGH,exact_code_plus_base_flag,393,454590,Arlong,Arlong,OP01-063,UC,,tcgcsv,393,393,0.02,0.2,5.1,0.18,,,2026-04-01 22:09:08,tcgcsv,OP01-063,1,1,1,0,1,0,missing_tcgplayer_product_id_only
309,OP01-064,Alvida,C,,994,309,OP01-064,,base,Base,official-cardlist,OP01/base/OP01-064.png,https://en.onepiece-cardgame.com/images/cardlist/card/OP01-064.png?260305,4616,994,322,HIGH,exact_code_plus_base_flag,322,453518,Alvida (Box Topper),Alvida Box Topper,OP01-064,C,Box Topper,tcgcsv,322,322,4.6,11.5,99.99,6.74,,,2026-04-01 22:09:08,tcgcsv,OP01-064,1,1,1,0,1,0,missing_tcgplayer_product_id_only
309,OP01-064,Alvida,C,,996,309,OP01-064::alt,,alt,Alt,local-catalog,thumbs/OP01-064alt.webp,,,,,,,,,,,,,,,,,,,,,,,,,OP01-064::alt,0,0,0,0,1,0,missing_printing_market_map
309,OP01-064,Alvida,C,,997,309,OP01-064_p1,,parallel_1,Parallel 1,official-cardlist,OP01/parallel/OP01-064_p1.png,https://en.onepiece-cardgame.com/images/cardlist/card/OP01-064_p1.png?260305,,,,,,,,,,,,,,,,,,,,,,,,OP01-064_p1,0,0,0,0,1,0,missing_printing_market_map
310,OP01-065,Vergo,C,,998,310,OP01-065,,base,Base,official-cardlist,OP01/base/OP01-065.png,https://en.onepiece-cardgame.com/images/cardlist/card/OP01-065.png?260305,4689,998,395,HIGH,exact_code_plus_base_flag,395,454592,Vergo,Vergo,OP01-065,C,,tcgcsv,395,395,0.01,0.15,2.0,0.07,,,2026-04-01 22:09:08,tcgcsv,OP01-065,1,1,1,0,1,0,missing_tcgplayer_product_id_only
311,OP01-066,Krieg,C,,1000,311,OP01-066,,base,Base,official-cardlist,OP01/base/OP01-066.png,https://en.onepiece-cardgame.com/images/cardlist/card/OP01-066.png?260305,4690,1000,396,HIGH,exact_code_plus_base_flag,396,454593,Krieg,Krieg,OP01-066,C,,tcgcsv,396,396,0.01,0.15,2.0,0.06,,,2026-04-01 22:09:08,tcgcsv,OP01-066,1,1,1,0,1,0,missing_tcgplayer_product_id_only
312,OP01-067,Crocodile,SR,,1002,312,OP01-067,,base,Base,official-cardlist,OP01/base/OP01-067.png,https://en.onepiece-cardgame.com/images/cardlist/card/OP01-067.png?260305,4617,1002,323,HIGH,exact_code_plus_base_flag,323,453519,Crocodile (067),Crocodile 067,OP01-067,SR,,tcgcsv,323,323,0.25,0.99,10.0,0.83,,,2026-04-01 22:09:08,tcgcsv,OP01-067,1,1,1,0,1,0,missing_tcgplayer_product_id_only
312,OP01-067,Crocodile,SR,,1004,312,OP01-067::alt,,alt,Alt,local-catalog,thumbs/OP01-067 (Alt).webp,,,,,,,,,,,,,,,,,,,,,,,,,OP01-067::alt,0,0,0,0,1,0,missing_printing_market_map
312,OP01-067,Crocodile,SR,,1005,312,OP01-067_p1,,parallel_1,Parallel 1,official-cardlist,OP01/parallel/OP01-067_p1.png,https://en.onepiece-cardgame.com/images/cardlist/card/OP01-067_p1.png?260305,,,,,,,,,,,,,,,,,,,,,,,,OP01-067_p1,0,0,0,0,1,0,missing_printing_market_map
313,OP01-068,Gecko Moria,R,,1006,313,OP01-068,,base,Base,official-cardlist,OP01/base/OP01-068.png,https://en.onepiece-cardgame.com/images/cardlist/card/OP01-068.png?260305,4692,1006,398,HIGH,exact_code_plus_base_flag,398,454596,Gecko Moria,Gecko Moria,OP01-068,R,,tcgcsv,398,398,0.15,0.29,1.98,0.29,,,2026-04-01 22:09:08,tcgcsv,OP01-068,1,1,1,0,1,0,missing_tcgplayer_product_id_only
314,OP01-069,Caesar Clown,R,,1008,314,OP01-069,,base,Base,official-cardlist,OP01/base/OP01-069.png,https://en.onepiece-cardgame.com/images/cardlist/card/OP01-069.png?260305,4693,1008,399,HIGH,exact_code_plus_base_flag,399,454597,Caesar Clown,Caesar Clown,OP01-069,R,,tcgcsv,399,399,0.1,0.35,4.99,0.38,,,2026-04-01 22:09:08,tcgcsv,OP01-069,1,1,1,0,1,0,missing_tcgplayer_product_id_only
315,OP01-070,Dracule Mihawk,SR,,1010,315,OP01-070,,base,Base,official-cardlist,OP01/base/OP01-070.png,https://en.onepiece-cardgame.com/images/cardlist/card/OP01-070.png?260305,894,1010,1273,HIGH,exact_code_plus_base_flag,1273,564532,Dracule Mihawk (Treasure Cup 2024),Dracule Mihawk Treasure Cup 2024,OP01-070,SR,,tcgcsv,,,,,,,,,,,OP01-070,1,1,1,0,1,0,missing_tcgplayer_product_id_only
315,OP01-070,Dracule Mihawk,SR,,1012,315,OP01-070::alt,,alt,Alt,local-catalog,thumbs/OP01-070 (alt).webp,,,,,,,,,,,,,,,,,,,,,,,,,OP01-070::alt,0,0,0,0,1,0,missing_printing_market_map
315,OP01-070,Dracule Mihawk,SR,,1013,315,OP01-070::alt art 2,,alt,Alt Art 2,local-catalog,thumbs/OP01-070alt2.webp,,,,,,,,,,,,,,,,,,,,,,,,,OP01-070::alt art 2,0,0,0,0,1,0,missing_printing_market_map
315,OP01-070,Dracule Mihawk,SR,,1014,315,OP01-070_p1,,parallel_1,Parallel 1,official-cardlist,OP01/parallel/OP01-070_p1.png,https://en.onepiece-cardgame.com/images/cardlist/card/OP01-070_p1.png?260305,,,,,,,,,,,,,,,,,,,,,,,,OP01-070_p1,0,0,0,0,1,0,missing_printing_market_map
315,OP01-070,Dracule Mihawk,SR,,1015,315,OP01-070_p2,,parallel_2,Parallel 2,official-cardlist,_unclassified/parallel/OP01-070_p2.png,https://en.onepiece-cardgame.com/images/cardlist/card/OP01-070_p2.png?260305,,,,,,,,,,,,,,,,,,,,,,,,OP01-070_p2,0,0,0,0,1,0,missing_printing_market_map
315,OP01-070,Dracule Mihawk,SR,,1016,315,OP01-070_p4,,parallel_4,Parallel 4,official-cardlist,PRB01/parallel/OP01-070_p4.png,https://en.onepiece-cardgame.com/images/cardlist/card/OP01-070_p4.png?260305,,,,,,,,,,,,,,,,,,,,,,,,OP01-070_p4,0,0,0,0,1,0,missing_printing_market_map
315,OP01-070,Dracule Mihawk,SR,,1017,315,OP01-070::prb01alt,,alt,Prb01Alt,local-catalog,thumbs/OP01-070(PRB01alt).webp,,,,,,,,,,,,,,,,,,,,,,,,,OP01-070::prb01alt,0,0,0,0,1,0,missing_printing_market_map
315,OP01-070,Dracule Mihawk,SR,,1018,315,OP01-070_r1,,r1,R1,official-cardlist,PRB01/reprint/OP01-070_r1.png,https://en.onepiece-cardgame.com/images/cardlist/card/OP01-070_r1.png?260305,,,,,,,,,,,,,,,,,,,,,,,,OP01-070_r1,0,0,0,0,1,0,missing_printing_market_map
316,OP01-071,Jinbe,R,,1019,316,OP01-071,,base,Base,official-cardlist,OP01/base/OP01-071.png,https://en.onepiece-cardgame.com/images/cardlist/card/OP01-071.png?260305,4696,1019,402,HIGH,exact_code_plus_base_flag,402,454600,Jinbe (071),Jinbe 071,OP01-071,R,,tcgcsv,402,402,0.1,0.25,4.99,0.19,,,2026-04-01 22:09:08,tcgcsv,OP01-071,1,1,1,0,1,0,missing_tcgplayer_product_id_only
317,OP01-072,Smiley,C,,1021,317,OP01-072,,base,Base,official-cardlist,OP01/base/OP01-072.png,https://en.onepiece-cardgame.com/images/cardlist/card/OP01-072.png?260305,4697,1021,403,HIGH,exact_code_plus_base_flag,403,454601,Smiley,Smiley,OP01-072,C,,tcgcsv,403,403,0.01,0.15,2.0,0.1,,,2026-04-01 22:09:08,tcgcsv,OP01-072,1,1,1,0,1,0,missing_tcgplayer_product_id_only
318,OP01-073,Donquixote Doflamingo,SP CARD,,1023,318,OP01-073,,base,Base,official-cardlist,OP01/base/OP01-073.png,https://en.onepiece-cardgame.com/images/cardlist/card/OP01-073.png?260305,519,1023,852,HIGH,exact_code_plus_base_flag,852,499434,Donquixote Doflamingo (Judge),Donquixote Doflamingo Judge,OP01-073,PR,,tcgcsv,842,852,4.17,8.0,25.0,5.59,,,2026-04-02 03:06:17,tcgcsv,OP01-073,1,1,1,0,1,0,missing_tcgplayer_product_id_only
318,OP01-073,Donquixote Doflamingo,SP CARD,,1025,318,OP01-073::alt,,alt,Alt,local-catalog,thumbs/OP01-073 (Alt).webp,,,,,,,,,,,,,,,,,,,,,,,,,OP01-073::alt,0,0,0,0,1,0,missing_printing_market_map
318,OP01-073,Donquixote Doflamingo,SP CARD,,1026,318,OP01-073_p1,,parallel_1,Parallel 1,official-cardlist,OP01/parallel/OP01-073_p1.png,https://en.onepiece-cardgame.com/images/cardlist/card/OP01-073_p1.png?260305,,,,,,,,,,,,,,,,,,,,,,,,OP01-073_p1,0,0,0,0,1,0,missing_printing_market_map
318,OP01-073,Donquixote Doflamingo,SP CARD,,1027,318,OP01-073_p2,,parallel_2,Parallel 2,official-cardlist,OP07/parallel/OP01-073_p2.png,https://en.onepiece-cardgame.com/images/cardlist/card/OP01-073_p2.png?260305,,,,,,,,,,,,,,,,,,,,,,,,OP01-073_p2,0,0,0,0,1,0,missing_printing_market_map
318,OP01-073,Donquixote Doflamingo,SP CARD,,1028,318,OP01-073_r1,,r1,R1,official-cardlist,ST17/reprint/OP01-073_r1.png,https://en.onepiece-cardgame.com/images/cardlist/card/OP01-073_r1.png?260305,,,,,,,,,,,,,,,,,,,,,,,,OP01-073_r1,0,0,0,0,1,0,missing_printing_market_map
318,OP01-073,Donquixote Doflamingo,SP CARD,,1029,318,OP01-073::s p,,sp,S P,local-catalog,thumbs/OP01-073SP.webp,,,,,,,,,,,,,,,,,,,,,,,,,OP01-073::s p,0,0,0,0,1,0,missing_printing_market_map
319,OP01-074,Bartholomew Kuma,R,,1030,319,OP01-074,,base,Base,official-cardlist,OP01/base/OP01-074.png,https://en.onepiece-cardgame.com/images/cardlist/card/OP01-074.png?260305,4700,1030,406,HIGH,exact_code_plus_base_flag,406,454604,Bartholomew Kuma,Bartholomew Kuma,OP01-074,R,,tcgcsv,406,406,0.07,0.31,4.99,0.28,,,2026-04-01 22:09:08,tcgcsv,OP01-074,1,1,1,0,1,0,missing_tcgplayer_product_id_only
320,OP01-075,Pacifista,C,,1032,320,OP01-075,,base,Base,official-cardlist,OP01/base/OP01-075.png,https://en.onepiece-cardgame.com/images/cardlist/card/OP01-075.png?260305,787,1032,1148,HIGH,exact_code_plus_base_flag,1148,544614,Pacifista (Judge Pack Vol. 3),Pacifista Judge Pack Vol 3,OP01-075,C,,tcgcsv,1078,1148,0.25,0.55,3.99,0.47,,,2026-04-02 03:06:17,tcgcsv,OP01-075,1,1,1,0,1,0,missing_tcgplayer_product_id_only
321,OP01-076,Bellamy,C,,1034,321,OP01-076,,base,Base,official-cardlist,OP01/base/OP01-076.png,https://en.onepiece-cardgame.com/images/cardlist/card/OP01-076.png?260305,4702,1034,408,HIGH,exact_code_plus_base_flag,408,454606,Bellamy,Bellamy,OP01-076,C,,tcgcsv,408,408,0.01,0.15,2.0,0.07,,,2026-04-01 22:09:08,tcgcsv,OP01-076,1,1,1,0,1,0,missing_tcgplayer_product_id_only
322,OP01-077,Perona,UC,,1036,322,OP01-077,,base,Base,official-cardlist,OP01/base/OP01-077.png,https://en.onepiece-cardgame.com/images/cardlist/card/OP01-077.png?260305,597,1036,936,HIGH,exact_code_plus_base_flag,936,514055,Perona (Judge Pack Vol. 2),Perona Judge Pack Vol 2,OP01-077,PR,,tcgcsv,911,936,9.12,14.15,29.99,9.65,,,2026-04-02 03:06:17,tcgcsv,OP01-077,1,1,1,0,1,0,missing_tcgplayer_product_id_only
322,OP01-077,Perona,UC,,1038,322,OP01-077::alt,,alt,Alt,local-catalog,thumbs/OP01-077 (alt).webp,,,,,,,,,,,,,,,,,,,,,,,,,OP01-077::alt,0,0,0,0,1,0,missing_printing_market_map
322,OP01-077,Perona,UC,,1039,322,OP01-077::alt art 2,,alt,Alt Art 2,local-catalog,thumbs/OP01-077alt2.webp,,,,,,,,,,,,,,,,,,,,,,,,,OP01-077::alt art 2,0,0,0,0,1,0,missing_printing_market_map
322,OP01-077,Perona,UC,,1040,322,OP01-077::alt art 3,,alt,Alt Art 3,local-catalog,thumbs/OP01-077Alt3.webp,,,,,,,,,,,,,,,,,,,,,,,,,OP01-077::alt art 3,0,0,0,0,1,0,missing_printing_market_map
322,OP01-077,Perona,UC,,1041,322,OP01-077_p1,,parallel_1,Parallel 1,official-cardlist,OP01/parallel/OP01-077_p1.png,https://en.onepiece-cardgame.com/images/cardlist/card/OP01-077_p1.png?260305,,,,,,,,,,,,,,,,,,,,,,,,OP01-077_p1,0,0,0,0,1,0,missing_printing_market_map
323,OP01-078,Boa Hancock,SR,,1042,323,OP01-078,,base,Base,official-cardlist,OP01/base/OP01-078.png,https://en.onepiece-cardgame.com/images/cardlist/card/OP01-078.png?260305,1752,1042,2260,HIGH,exact_code_plus_base_flag,2260,516555,Boa Hancock (SP),Boa Hancock SP,OP01-078,SR,,tcgcsv,2071,2260,680.0,799.97,5000.0,772.5,,,2026-04-02 03:06:18,tcgcsv,OP01-078,1,1,1,0,1,0,missing_tcgplayer_product_id_only
323,OP01-078,Boa Hancock,SR,,1044,323,OP01-078::alt,,alt,Alt,local-catalog,thumbs/OP01-078 (Alt).webp,,,,,,,,,,,,,,,,,,,,,,,,,OP01-078::alt,0,0,0,0,1,0,missing_printing_market_map
323,OP01-078,Boa Hancock,SR,,1045,323,OP01-078_p1,,parallel_1,Parallel 1,official-cardlist,OP01/parallel/OP01-078_p1.png,https://en.onepiece-cardgame.com/images/cardlist/card/OP01-078_p1.png?260305,,,,,,,,,,,,,,,,,,,,,,,,OP01-078_p1,0,0,0,0,1,0,missing_printing_market_map
323,OP01-078,Boa Hancock,SR,,1046,323,OP01-078_p2,,parallel_2,Parallel 2,official-cardlist,OP04/parallel/OP01-078_p2.png,https://en.onepiece-cardgame.com/images/cardlist/card/OP01-078_p2.png?260305,,,,,,,,,,,,,,,,,,,,,,,,OP01-078_p2,0,0,0,0,1,0,missing_printing_market_map
323,OP01-078,Boa Hancock,SR,,1047,323,OP01-078_p4,,parallel_4,Parallel 4,official-cardlist,PRB01/parallel/OP01-078_p4.png,https://en.onepiece-cardgame.com/images/cardlist/card/OP01-078_p4.png?260305,,,,,,,,,,,,,,,,,,,,,,,,OP01-078_p4,0,0,0,0,1,0,missing_printing_market_map
323,OP01-078,Boa Hancock,SR,,1048,323,OP01-078::prb01alt,,alt,Prb01Alt,local-catalog,thumbs/OP01-078(PRB01alt).webp,,,,,,,,,,,,,,,,,,,,,,,,,OP01-078::prb01alt,0,0,0,0,1,0,missing_printing_market_map
323,OP01-078,Boa Hancock,SR,,1049,323,OP01-078_r1,,r1,R1,official-cardlist,PRB01/reprint/OP01-078_r1.png,https://en.onepiece-cardgame.com/images/cardlist/card/OP01-078_r1.png?260305,,,,,,,,,,,,,,,,,,,,,,,,OP01-078_r1,0,0,0,0,1,0,missing_printing_market_map
323,OP01-078,Boa Hancock,SR,,1050,323,OP01-078::s p,,sp,S P,local-catalog,thumbs/OP01-078SP.webp,,,,,,,,,,,,,,,,,,,,,,,,,OP01-078::s p,0,0,0,0,1,0,missing_printing_market_map
324,OP01-079,Ms. All Sunday,R,,1051,324,OP01-079,,base,Base,official-cardlist,OP01/base/OP01-079.png,https://en.onepiece-cardgame.com/images/cardlist/card/OP01-079.png?260305,459,1051,773,HIGH,exact_code_plus_base_flag,773,483103,Ms. All Sunday (Promotion Pack 2023),Ms All Sunday Promotion Pack 2023,OP01-079,PR,,tcgcsv,768,773,8.97,14.97,48.99,18.18,,,2026-04-02 03:06:17,tcgcsv,OP01-079,1,1,1,0,1,0,missing_tcgplayer_product_id_only
324,OP01-079,Ms. All Sunday,R,,1053,324,OP01-079::alt,,alt,Alt,local-catalog,thumbs/OP01-079(alt).webp,,,,,,,,,,,,,,,,,,,,,,,,,OP01-079::alt,0,0,0,0,1,0,missing_printing_market_map
325,OP01-080,Miss Doublefinger(Zala),C,,1054,325,OP01-080,,base,Base,official-cardlist,OP01/base/OP01-080.png,https://en.onepiece-cardgame.com/images/cardlist/card/OP01-080.png?260305,4707,1054,413,HIGH,exact_code_plus_base_flag,413,454611,Miss Doublefinger(Zala),Miss DoublefingerZala,OP01-080,C,Zala,tcgcsv,413,413,0.03,0.15,2.0,0.09,,,2026-04-01 22:09:08,tcgcsv,OP01-080,1,1,1,0,1,0,missing_tcgplayer_product_id_only
326,OP01-081,Mocha,C,,1056,326,OP01-081,,base,Base,official-cardlist,OP01/base/OP01-081.png,https://en.onepiece-cardgame.com/images/cardlist/card/OP01-081.png?260305,4708,1056,414,HIGH,exact_code_plus_base_flag,414,454612,Mocha,Mocha,OP01-081,C,,tcgcsv,414,414,0.01,0.15,2.0,0.06,,,2026-04-01 22:09:08,tcgcsv,OP01-081,1,1,1,0,1,0,missing_tcgplayer_product_id_only
327,OP01-082,Monet,C,,1058,327,OP01-082,,base,Base,official-cardlist,OP01/base/OP01-082.png,https://en.onepiece-cardgame.com/images/cardlist/card/OP01-082.png?260305,4709,1058,415,HIGH,exact_code_plus_base_flag,415,454613,Monet,Monet,OP01-082,C,,tcgcsv,415,415,0.02,0.15,2.0,0.1,,,2026-04-01 22:09:08,tcgcsv,OP01-082,1,1,1,0,1,0,missing_tcgplayer_product_id_only
328,OP01-083,Mr.1(Daz.Bonez),UC,,1060,328,OP01-083,,base,Base,official-cardlist,OP01/base/OP01-083.png,https://en.onepiece-cardgame.com/images/cardlist/card/OP01-083.png?260305,4710,1060,416,HIGH,exact_code_plus_base_flag,416,454614,Mr.1 (Daz.Bonez),Mr1 DazBonez,OP01-083,UC,Daz.Bonez,tcgcsv,416,416,0.01,0.2,2.0,0.1,,,2026-04-01 22:09:08,tcgcsv,OP01-083,1,1,1,0,1,0,missing_tcgplayer_product_id_only
329,OP01-084,Mr.2.Bon.Kurei(Bentham),UC,,1062,329,OP01-084,,base,Base,official-cardlist,OP01/base/OP01-084.png,https://en.onepiece-cardgame.com/images/cardlist/card/OP01-084.png?260305,568,1062,906,HIGH,exact_code_plus_base_flag,906,510707,Mr.2.Bon.Kurei (Bentham) (Store Championship Participation Pack Vol. 2),Mr2BonKurei Bentham Store Championship Participation Pack Vol 2,OP01-084,PR,,tcgcsv,891,906,7.99,16.25,59.99,15.04,,,2026-04-02 03:06:17,tcgcsv,OP01-084,1,1,1,0,1,0,missing_tcgplayer_product_id_only
330,OP01-085,Mr.3(Galdino),UC,,1064,330,OP01-085,,base,Base,official-cardlist,OP01/base/OP01-085.png,https://en.onepiece-cardgame.com/images/cardlist/card/OP01-085.png?260305,4712,1064,418,HIGH,exact_code_plus_base_flag,418,454616,Mr.3 (Galdino),Mr3 Galdino,OP01-085,UC,Galdino,tcgcsv,418,418,0.03,0.2,2.0,0.13,,,2026-04-01 22:09:08,tcgcsv,OP01-085,1,1,1,0,1,0,missing_tcgplayer_product_id_only
331,OP01-086,Overheat,R,,1066,331,OP01-086,,base,Base,official-cardlist,OP01/base/OP01-086.png,https://en.onepiece-cardgame.com/images/cardlist/card/OP01-086.png?260305,4713,1066,419,HIGH,exact_code_plus_base_flag,419,454617,Overheat,Overheat,OP01-086,R,,tcgcsv,419,419,0.04,0.34,4.99,0.32,,,2026-04-01 22:09:08,tcgcsv,OP01-086,1,1,1,0,1,0,missing_tcgplayer_product_id_only
331,OP01-086,Overheat,R,,1068,331,OP01-086_r1,,r1,R1,official-cardlist,ST17/reprint/OP01-086_r1.png,https://en.onepiece-cardgame.com/images/cardlist/card/OP01-086_r1.png?260305,,,,,,,,,,,,,,,,,,,,,,,,OP01-086_r1,0,0,0,0,1,0,missing_printing_market_map
332,OP01-087,Officer Agents,C,,1069,332,OP01-087,,base,Base,official-cardlist,OP01/base/OP01-087.png,https://en.onepiece-cardgame.com/images/cardlist/card/OP01-087.png?260305,4714,1069,420,HIGH,exact_code_plus_base_flag,420,454618,Officer Agents,Officer Agents,OP01-087,C,,tcgcsv,420,420,0.01,0.15,2.0,0.08,,,2026-04-01 22:09:08,tcgcsv,OP01-087,1,1,1,0,1,0,missing_tcgplayer_product_id_only
333,OP01-088,Desert Spada,UC,,1071,333,OP01-088,,base,Base,official-cardlist,OP01/base/OP01-088.png,https://en.onepiece-cardgame.com/images/cardlist/card/OP01-088.png?260305,4715,1071,421,HIGH,exact_code_plus_base_flag,421,454619,Desert Spada,Desert Spada,OP01-088,UC,,tcgcsv,421,421,0.2,0.55,3.99,0.37,,,2026-04-01 22:09:08,tcgcsv,OP01-088,1,1,1,0,1,0,missing_tcgplayer_product_id_only
334,OP01-089,Crescent Cutlass,C,,1073,334,OP01-089,,base,Base,official-cardlist,OP01/base/OP01-089.png,https://en.onepiece-cardgame.com/images/cardlist/card/OP01-089.png?260305,4716,1073,422,HIGH,exact_code_plus_base_flag,422,454620,Crescent Cutlass,Crescent Cutlass,OP01-089,C,,tcgcsv,422,422,0.01,0.15,2.0,0.09,,,2026-04-01 22:09:08,tcgcsv,OP01-089,1,1,1,0,1,0,missing_tcgplayer_product_id_only
335,OP01-090,Baroque Works,UC,,1075,335,OP01-090,,base,Base,official-cardlist,OP01/base/OP01-090.png,https://en.onepiece-cardgame.com/images/cardlist/card/OP01-090.png?260305,4717,1075,423,HIGH,exact_code_plus_base_flag,423,454621,Baroque Works,Baroque Works,OP01-090,UC,,tcgcsv,423,423,0.05,0.2,2.0,0.15,,,2026-04-01 22:09:08,tcgcsv,OP01-090,1,1,1,0,1,0,missing_tcgplayer_product_id_only
336,OP01-091,King,L,,1077,336,OP01-091,,base,Base,official-cardlist,OP01/base/OP01-091.png,https://en.onepiece-cardgame.com/images/cardlist/card/OP01-091.png?260305,4718,1077,424,HIGH,exact_code_plus_base_flag,424,454622,King (091),King 091,OP01-091,L,,tcgcsv,424,424,0.1,0.28,4.99,0.28,,,2026-04-01 22:09:08,tcgcsv,OP01-091,1,1,1,0,1,0,missing_tcgplayer_product_id_only
336,OP01-091,King,L,,1079,336,OP01-091::alt,,alt,Alt,local-catalog,thumbs/OP01-091 (alt).webp,,,,,,,,,,,,,,,,,,,,,,,,,OP01-091::alt,0,0,0,0,1,0,missing_printing_market_map
336,OP01-091,King,L,,1080,336,OP01-091_p1,,parallel_1,Parallel 1,official-cardlist,OP01/parallel/OP01-091_p1.png,https://en.onepiece-cardgame.com/images/cardlist/card/OP01-091_p1.png?260305,,,,,,,,,,,,,,,,,,,,,,,,OP01-091_p1,0,0,0,0,1,0,missing_printing_market_map
337,OP01-092,Urashima,C,,1081,337,OP01-092,,base,Base,official-cardlist,OP01/base/OP01-092.png,https://en.onepiece-cardgame.com/images/cardlist/card/OP01-092.png?260305,4720,1081,426,HIGH,exact_code_plus_base_flag,426,454624,Urashima,Urashima,OP01-092,C,,tcgcsv,426,426,0.01,0.15,2.0,0.07,,,2026-04-01 22:09:08,tcgcsv,OP01-092,1,1,1,0,1,0,missing_tcgplayer_product_id_only
338,OP01-093,Ulti,R,,1083,338,OP01-093,,base,Base,official-cardlist,OP01/base/OP01-093.png,https://en.onepiece-cardgame.com/images/cardlist/card/OP01-093.png?260305,460,1083,774,HIGH,exact_code_plus_base_flag,774,483104,Ulti (Promotion Pack 2023),Ulti Promotion Pack 2023,OP01-093,PR,,tcgcsv,769,774,0.65,1.64,9.0,1.02,,,2026-04-02 03:06:17,tcgcsv,OP01-093,1,1,1,0,1,0,missing_tcgplayer_product_id_only
338,OP01-093,Ulti,R,,1085,338,OP01-093::alt,,alt,Alt,local-catalog,thumbs/OP01-093 (alt).webp,,,,,,,,,,,,,,,,,,,,,,,,,OP01-093::alt,0,0,0,0,1,0,missing_printing_market_map
338,OP01-093,Ulti,R,,1086,338,OP01-093::alt art 2,,alt,Alt Art 2,local-catalog,thumbs/OP01-093(alt2).webp,,,,,,,,,,,,,,,,,,,,,,,,,OP01-093::alt art 2,0,0,0,0,1,0,missing_printing_market_map
338,OP01-093,Ulti,R,,1087,338,OP01-093_p1,,parallel_1,Parallel 1,official-cardlist,OP01/parallel/OP01-093_p1.png,https://en.onepiece-cardgame.com/images/cardlist/card/OP01-093_p1.png?260305,,,,,,,,,,,,,,,,,,,,,,,,OP01-093_p1,0,0,0,0,1,0,missing_printing_market_map
339,OP01-094,Kaido,SR,,1088,339,OP01-094,,base,Base,official-cardlist,OP01/base/OP01-094.png,https://en.onepiece-cardgame.com/images/cardlist/card/OP01-094.png?260305,869,1088,1247,HIGH,exact_code_plus_base_flag,1247,561170,Kaido (Treasure Cup),Kaido Treasure Cup,OP01-094,SR,,tcgcsv,,,,,,,,,,,OP01-094,1,1,1,0,1,0,missing_tcgplayer_product_id_only
339,OP01-094,Kaido,SR,,1090,339,OP01-094::alt,,alt,Alt,local-catalog,thumbs/OP01-094 (alt).webp,,,,,,,,,,,,,,,,,,,,,,,,,OP01-094::alt,0,0,0,0,1,0,missing_printing_market_map
339,OP01-094,Kaido,SR,,1091,339,OP01-094::alt art 2,,alt,Alt Art 2,local-catalog,thumbs/OP01-094alt2.webp,,,,,,,,,,,,,,,,,,,,,,,,,OP01-094::alt art 2,0,0,0,0,1,0,missing_printing_market_map
339,OP01-094,Kaido,SR,,1092,339,OP01-094_p1,,parallel_1,Parallel 1,official-cardlist,OP01/parallel/OP01-094_p1.png,https://en.onepiece-cardgame.com/images/cardlist/card/OP01-094_p1.png?260305,,,,,,,,,,,,,,,,,,,,,,,,OP01-094_p1,0,0,0,0,1,0,missing_printing_market_map
340,OP01-095,Kyoshirou,UC,,1093,340,OP01-095,,base,Base,official-cardlist,OP01/base/OP01-095.png,https://en.onepiece-cardgame.com/images/cardlist/card/OP01-095.png?260305,4724,1093,430,HIGH,exact_code_plus_base_flag,430,454628,Kyoshirou,Kyoshirou,OP01-095,UC,,tcgcsv,430,430,0.05,0.2,2.0,0.14,,,2026-04-01 22:09:08,tcgcsv,OP01-095,1,1,1,0,1,0,missing_tcgplayer_product_id_only
341,OP01-096,King,SR,,1095,341,OP01-096,,base,Base,official-cardlist,OP01/base/OP01-096.png,https://en.onepiece-cardgame.com/images/cardlist/card/OP01-096.png?260305,4725,1095,431,HIGH,exact_code_plus_base_flag,431,454629,King (096),King 096,OP01-096,SR,,tcgcsv,431,431,0.45,0.95,10.0,0.66,,,2026-04-01 22:09:08,tcgcsv,OP01-096,1,1,1,0,1,0,missing_tcgplayer_product_id_only
341,OP01-096,King,SR,,1097,341,OP01-096::alt,,alt,Alt,local-catalog,thumbs/OP01-096 (Alt).webp,,,,,,,,,,,,,,,,,,,,,,,,,OP01-096::alt,0,0,0,0,1,0,missing_printing_market_map
341,OP01-096,King,SR,,1098,341,OP01-096_p1,,parallel_1,Parallel 1,official-cardlist,OP01/parallel/OP01-096_p1.png,https://en.onepiece-cardgame.com/images/cardlist/card/OP01-096_p1.png?260305,,,,,,,,,,,,,,,,,,,,,,,,OP01-096_p1,0,0,0,0,1,0,missing_printing_market_map
342,OP01-097,Queen,R,,1099,342,OP01-097,,base,Base,official-cardlist,OP01/base/OP01-097.png,https://en.onepiece-cardgame.com/images/cardlist/card/OP01-097.png?260305,4727,1099,433,HIGH,exact_code_plus_base_flag,433,454631,Queen,Queen,OP01-097,R,,tcgcsv,433,433,0.06,0.25,4.99,0.23,,,2026-04-01 22:09:08,tcgcsv,OP01-097,1,1,1,0,1,0,missing_tcgplayer_product_id_only
342,OP01-097,Queen,R,,1101,342,OP01-097_p1,,parallel_1,Parallel 1,official-cardlist,OP01/parallel/OP01-097_p1.png,https://en.onepiece-cardgame.com/images/cardlist/card/OP01-097_p1.png?260305,,,,,,,,,,,,,,,,,,,,,,,,OP01-097_p1,0,0,0,0,1,0,missing_printing_market_map
343,OP01-098,Kurozumi Orochi,UC,,1102,343,OP01-098,,base,Base,official-cardlist,OP01/base/OP01-098.png,https://en.onepiece-cardgame.com/images/cardlist/card/OP01-098.png?260305,4729,1102,435,HIGH,exact_code_plus_base_flag,435,454633,Kurozumi Orochi,Kurozumi Orochi,OP01-098,UC,,tcgcsv,435,435,0.09,0.25,2.5,0.15,,,2026-04-01 22:09:08,tcgcsv,OP01-098,1,1,1,0,1,0,missing_tcgplayer_product_id_only
344,OP01-099,Kurozumi Semimaru,C,,1104,344,OP01-099,,base,Base,official-cardlist,OP01/base/OP01-099.png,https://en.onepiece-cardgame.com/images/cardlist/card/OP01-099.png?260305,4730,1104,436,HIGH,exact_code_plus_base_flag,436,454634,Kurozumi Semimaru,Kurozumi Semimaru,OP01-099,C,,tcgcsv,436,436,0.01,0.15,2.0,0.07,,,2026-04-01 22:09:08,tcgcsv,OP01-099,1,1,1,0,1,0,missing_tcgplayer_product_id_only
345,OP01-100,Kurozumi Higurashi,C,,1106,345,OP01-100,,base,Base,official-cardlist,OP01/base/OP01-100.png,https://en.onepiece-cardgame.com/images/cardlist/card/OP01-100.png?260305,513,1106,846,HIGH,exact_code_plus_base_flag,846,499428,Kurozumi Higurashi (Judge),Kurozumi Higurashi Judge,OP01-100,PR,,tcgcsv,836,846,0.29,0.99,7.0,0.58,,,2026-04-02 03:06:17,tcgcsv,OP01-100,1,1,1,0,1,0,missing_tcgplayer_product_id_only
346,OP01-101,Sasaki,UC,,1108,346,OP01-101,,base,Base,official-cardlist,OP01/base/OP01-101.png,https://en.onepiece-cardgame.com/images/cardlist/card/OP01-101.png?260305,557,1108,895,HIGH,exact_code_plus_base_flag,895,509460,Sasaki (Event Pack Vol. 2),Sasaki Event Pack Vol 2,OP01-101,PR,,tcgcsv,881,895,1.0,2.59,5.0,2.67,,,2026-04-02 03:06:17,tcgcsv,OP01-101,1,1,1,0,1,0,missing_tcgplayer_product_id_only
346,OP01-101,Sasaki,UC,,1110,346,OP01-101::alt,,alt,Alt,local-catalog,thumbs/OP01-101(alt).webp,,,,,,,,,,,,,,,,,,,,,,,,,OP01-101::alt,0,0,0,0,1,0,missing_printing_market_map
346,OP01-101,Sasaki,UC,,1111,346,OP01-101_p1,,parallel_1,Parallel 1,official-cardlist,EP02/parallel/OP01-101_p1.png,https://en.onepiece-cardgame.com/images/cardlist/card/OP01-101_p1.png?260305,,,,,,,,,,,,,,,,,,,,,,,,OP01-101_p1,0,0,0,0,1,0,missing_printing_market_map
347,OP01-102,Jack,R,,1112,347,OP01-102,,base,Base,official-cardlist,OP01/base/OP01-102.png,https://en.onepiece-cardgame.com/images/cardlist/card/OP01-102.png?260305,4733,1112,439,HIGH,exact_code_plus_base_flag,439,454637,Jack,Jack,OP01-102,R,,tcgcsv,439,439,0.06,0.3,4.99,0.31,,,2026-04-01 22:09:08,tcgcsv,OP01-102,1,1,1,0,1,0,missing_tcgplayer_product_id_only
347,OP01-102,Jack,R,,1114,347,OP01-102::alt,,alt,Alt,local-catalog,thumbs/OP01-102 (Alt).webp,,,,,,,,,,,,,,,,,,,,,,,,,OP01-102::alt,0,0,0,0,1,0,missing_printing_market_map
347,OP01-102,Jack,R,,1115,347,OP01-102_p1,,parallel_1,Parallel 1,official-cardlist,OP01/parallel/OP01-102_p1.png,https://en.onepiece-cardgame.com/images/cardlist/card/OP01-102_p1.png?260305,,,,,,,,,,,,,,,,,,,,,,,,OP01-102_p1,0,0,0,0,1,0,missing_printing_market_map
348,OP01-103,Scratchmen Apoo,C,,1116,348,OP01-103,,base,Base,official-cardlist,OP01/base/OP01-103.png,https://en.onepiece-cardgame.com/images/cardlist/card/OP01-103.png?260305,4735,1116,441,HIGH,exact_code_plus_base_flag,441,454639,Scratchmen Apoo,Scratchmen Apoo,OP01-103,C,,tcgcsv,441,441,0.01,0.16,2.0,0.1,,,2026-04-01 22:09:08,tcgcsv,OP01-103,1,1,1,0,1,0,missing_tcgplayer_product_id_only
349,OP01-104,Speed,C,,1118,349,OP01-104,,base,Base,official-cardlist,OP01/base/OP01-104.png,https://en.onepiece-cardgame.com/images/cardlist/card/OP01-104.png?260305,4736,1118,442,HIGH,exact_code_plus_base_flag,442,454640,Speed,Speed,OP01-104,C,,tcgcsv,442,442,0.02,0.15,2.0,0.09,,,2026-04-01 22:09:08,tcgcsv,OP01-104,1,1,1,0,1,0,missing_tcgplayer_product_id_only
350,OP01-105,Bao Huang,C,,1120,350,OP01-105,,base,Base,official-cardlist,OP01/base/OP01-105.png,https://en.onepiece-cardgame.com/images/cardlist/card/OP01-105.png?260305,4737,1120,443,HIGH,exact_code_plus_base_flag,443,454641,Bao Huang,Bao Huang,OP01-105,C,,tcgcsv,443,443,0.01,0.15,2.0,0.07,,,2026-04-01 22:09:08,tcgcsv,OP01-105,1,1,1,0,1,0,missing_tcgplayer_product_id_only
351,OP01-106,Basil Hawkins,UC,,1122,351,OP01-106,,base,Base,official-cardlist,OP01/base/OP01-106.png,https://en.onepiece-cardgame.com/images/cardlist/card/OP01-106.png?260305,4738,1122,444,HIGH,exact_code_plus_base_flag,444,454642,Basil Hawkins,Basil Hawkins,OP01-106,UC,,tcgcsv,444,444,0.1,0.33,5.0,0.26,,,2026-04-01 22:09:08,tcgcsv,OP01-106,1,1,1,0,1,0,missing_tcgplayer_product_id_only
352,OP01-107,Babanuki,C,,1124,352,OP01-107,,base,Base,official-cardlist,OP01/base/OP01-107.png,https://en.onepiece-cardgame.com/images/cardlist/card/OP01-107.png?260305,4739,1124,445,HIGH,exact_code_plus_base_flag,445,454643,Babanuki,Babanuki,OP01-107,C,,tcgcsv,445,445,0.01,0.15,2.0,0.08,,,2026-04-01 22:09:08,tcgcsv,OP01-107,1,1,1,0,1,0,missing_tcgplayer_product_id_only
353,OP01-108,Hitokiri Kamazo,UC,,1126,353,OP01-108,,base,Base,official-cardlist,OP01/base/OP01-108.png,https://en.onepiece-cardgame.com/images/cardlist/card/OP01-108.png?260305,526,1126,860,HIGH,exact_code_plus_base_flag,860,503019,Hitokiri Kamazo (Store Championship Participation Pack),Hitokiri Kamazo Store Championship Participation Pack,OP01-108,PR,,tcgcsv,849,860,2.88,5.51,50.0,6.86,,,2026-04-02 03:06:17,tcgcsv,OP01-108,1,1,1,0,1,0,missing_tcgplayer_product_id_only
353,OP01-108,Hitokiri Kamazo,UC,,1128,353,OP01-108::alt,,alt,Alt,local-catalog,thumbs/OP01-108(ALT).webp,,,,,,,,,,,,,,,,,,,,,,,,,OP01-108::alt,0,0,0,0,1,0,missing_printing_market_map
354,OP01-109,Who's.Who,UC,,1129,354,OP01-109,,base,Base,official-cardlist,OP01/base/OP01-109.png,https://en.onepiece-cardgame.com/images/cardlist/card/OP01-109.png?260305,4620,1129,326,HIGH,exact_code_plus_base_flag,326,453522,Who's.Who (Box Topper),WhosWho Box Topper,OP01-109,UC,Box Topper,tcgcsv,326,326,1.55,3.7,35.0,2.16,,,2026-04-01 22:09:08,tcgcsv,OP01-109,1,1,1,0,1,0,missing_tcgplayer_product_id_only
354,OP01-109,Who's.Who,UC,,1131,354,OP01-109::alt,,alt,Alt,local-catalog,thumbs/OP01-109 (alt).webp,,,,,,,,,,,,,,,,,,,,,,,,,OP01-109::alt,0,0,0,0,1,0,missing_printing_market_map
354,OP01-109,Who's.Who,UC,,1132,354,OP01-109_p1,,parallel_1,Parallel 1,official-cardlist,OP01/parallel/OP01-109_p1.png,https://en.onepiece-cardgame.com/images/cardlist/card/OP01-109_p1.png?260305,,,,,,,,,,,,,,,,,,,,,,,,OP01-109_p1,0,0,0,0,1,0,missing_printing_market_map
355,OP01-110,Fukurokuju,C,,1133,355,OP01-110,,base,Base,official-cardlist,OP01/base/OP01-110.png,https://en.onepiece-cardgame.com/images/cardlist/card/OP01-110.png?260305,4741,1133,447,HIGH,exact_code_plus_base_flag,447,454645,Fukurokuju,Fukurokuju,OP01-110,C,,tcgcsv,447,447,0.01,0.15,2.0,0.07,,,2026-04-01 22:09:08,tcgcsv,OP01-110,1,1,1,0,1,0,missing_tcgplayer_product_id_only
356,OP01-111,Black Maria,R,,1135,356,OP01-111,,base,Base,official-cardlist,OP01/base/OP01-111.png,https://en.onepiece-cardgame.com/images/cardlist/card/OP01-111.png?260305,4742,1135,448,HIGH,exact_code_plus_base_flag,448,454646,Black Maria,Black Maria,OP01-111,R,,tcgcsv,448,448,0.08,0.28,6.67,0.28,,,2026-04-01 22:09:08,tcgcsv,OP01-111,1,1,1,0,1,0,missing_tcgplayer_product_id_only
357,OP01-112,Page One,R,,1137,357,OP01-112,,base,Base,official-cardlist,OP01/base/OP01-112.png,https://en.onepiece-cardgame.com/images/cardlist/card/OP01-112.png?260305,4743,1137,449,HIGH,exact_code_plus_base_flag,449,454648,Page One,Page One,OP01-112,R,,tcgcsv,449,449,0.08,0.3,4.99,0.31,,,2026-04-01 22:09:08,tcgcsv,OP01-112,1,1,1,0,1,0,missing_tcgplayer_product_id_only
358,OP01-113,Holedem,C,,1139,358,OP01-113,,base,Base,official-cardlist,OP01/base/OP01-113.png,https://en.onepiece-cardgame.com/images/cardlist/card/OP01-113.png?260305,4744,1139,450,HIGH,exact_code_plus_base_flag,450,454651,Holedem,Holedem,OP01-113,C,,tcgcsv,450,450,0.01,0.15,2.0,0.07,,,2026-04-01 22:09:08,tcgcsv,OP01-113,1,1,1,0,1,0,missing_tcgplayer_product_id_only
359,OP01-114,X.Drake,R,,1141,359,OP01-114,,base,Base,official-cardlist,OP01/base/OP01-114.png,https://en.onepiece-cardgame.com/images/cardlist/card/OP01-114.png?260305,697,1141,1048,HIGH,exact_code_plus_base_flag,1048,525677,X.Drake (CS 2023 Top Players Pack),XDrake CS 2023 Top Players Pack,OP01-114,R,,tcgcsv,1016,1048,800.0,902.0,1004.0,,,,2026-04-02 03:06:17,tcgcsv,OP01-114,1,1,1,0,1,0,missing_tcgplayer_product_id_only
359,OP01-114,X.Drake,R,,1143,359,OP01-114::alt,,alt,Alt,local-catalog,thumbs/OP01-114alt.webp,,,,,,,,,,,,,,,,,,,,,,,,,OP01-114::alt,0,0,0,0,1,0,missing_printing_market_map
360,OP01-115,Elephant's Marchoo,C,,1144,360,OP01-115,,base,Base,official-cardlist,OP01/base/OP01-115.png,https://en.onepiece-cardgame.com/images/cardlist/card/OP01-115.png?260305,4746,1144,452,HIGH,exact_code_plus_base_flag,452,454659,Elephant's Marchoo,Elephants Marchoo,OP01-115,C,,tcgcsv,452,452,0.01,0.15,1.5,0.07,,,2026-04-01 22:09:08,tcgcsv,OP01-115,1,1,1,0,1,0,missing_tcgplayer_product_id_only
361,OP01-116,Artificial Devil Fruit SMILE,UC,,1146,361,OP01-116,,base,Base,official-cardlist,OP01/base/OP01-116.png,https://en.onepiece-cardgame.com/images/cardlist/card/OP01-116.png?260305,4747,1146,453,HIGH,exact_code_plus_base_flag,453,454660,Artificial Devil Fruit SMILE,Artificial Devil Fruit SMILE,OP01-116,UC,,tcgcsv,453,453,0.03,0.2,4.0,0.13,,,2026-04-01 22:09:08,tcgcsv,OP01-116,1,1,1,0,1,0,missing_tcgplayer_product_id_only
362,OP01-117,Sheep's Horn,C,,1148,362,OP01-117,,base,Base,official-cardlist,OP01/base/OP01-117.png,https://en.onepiece-cardgame.com/images/cardlist/card/OP01-117.png?260305,4748,1148,454,HIGH,exact_code_plus_base_flag,454,454661,Sheep's Horn,Sheeps Horn,OP01-117,C,,tcgcsv,454,454,0.03,0.16,2.0,0.11,,,2026-04-01 22:09:08,tcgcsv,OP01-117,1,1,1,0,1,0,missing_tcgplayer_product_id_only
363,OP01-118,Ulti-Mortar,UC,,1150,363,OP01-118,,base,Base,official-cardlist,OP01/base/OP01-118.png,https://en.onepiece-cardgame.com/images/cardlist/card/OP01-118.png?260305,4749,1150,455,HIGH,exact_code_plus_base_flag,455,454662,Ulti-Mortar,Ulti Mortar,OP01-118,UC,,tcgcsv,455,455,0.08,0.24,2.0,0.21,,,2026-04-01 22:09:08,tcgcsv,OP01-118,1,1,1,0,1,0,missing_tcgplayer_product_id_only
364,OP01-119,Thunder Bagua,R,,1152,364,OP01-119,,base,Base,official-cardlist,OP01/base/OP01-119.png,https://en.onepiece-cardgame.com/images/cardlist/card/OP01-119.png?260305,4750,1152,456,HIGH,exact_code_plus_base_flag,456,454663,Thunder Bagua,Thunder Bagua,OP01-119,R,,tcgcsv,456,456,0.75,2.39,13.0,1.52,,,2026-04-01 22:09:08,tcgcsv,OP01-119,1,1,1,0,1,0,missing_tcgplayer_product_id_only
365,OP01-120,Shanks,SEC,,1154,365,OP01-120,,base,Base,official-cardlist,OP01/base/OP01-120.png,https://en.onepiece-cardgame.com/images/cardlist/card/OP01-120.png?260305,590,1154,928,HIGH,exact_code_plus_base_flag,928,514047,Shanks (Championship 2023) [Serial Number],Shanks Championship 2023 Serial Number,OP01-120,PR,,tcgcsv,,,,,,,,,,,OP01-120,1,1,1,0,1,0,missing_tcgplayer_product_id_only
365,OP01-120,Shanks,SEC,,1156,365,OP01-120::alt,,alt,Alt,local-catalog,thumbs/OP01-120 (alt).webp,,,,,,,,,,,,,,,,,,,,,,,,,OP01-120::alt,0,0,0,0,1,0,missing_printing_market_map
365,OP01-120,Shanks,SEC,,1157,365,OP01-120::manga,,mr,Manga,local-catalog,thumbs/OP01-120 Manga Rare.webp,,,,,,,,,,,,,,,,,,,,,,,,,OP01-120::manga,0,0,0,0,1,0,missing_printing_market_map
365,OP01-120,Shanks,SEC,,1158,365,OP01-120_p1,,parallel_1,Parallel 1,official-cardlist,OP01/parallel/OP01-120_p1.png,https://en.onepiece-cardgame.com/images/cardlist/card/OP01-120_p1.png?260305,,,,,,,,,,,,,,,,,,,,,,,,OP01-120_p1,0,0,0,0,1,0,missing_printing_market_map
365,OP01-120,Shanks,SEC,,1159,365,OP01-120_p2,,parallel_2,Parallel 2,official-cardlist,OP01/parallel/OP01-120_p2.png,https://en.onepiece-cardgame.com/images/cardlist/card/OP01-120_p2.png?260305,,,,,,,,,,,,,,,,,,,,,,,,OP01-120_p2,0,0,0,0,1,0,missing_printing_market_map
365,OP01-120,Shanks,SEC,,1160,365,OP01-120_p5,,parallel_5,Parallel 5,official-cardlist,PRB01/parallel/OP01-120_p5.png,https://en.onepiece-cardgame.com/images/cardlist/card/OP01-120_p5.png?260305,,,,,,,,,,,,,,,,,,,,,,,,OP01-120_p5,0,0,0,0,1,0,missing_printing_market_map
365,OP01-120,Shanks,SEC,,1161,365,OP01-120::prb01alt,,alt,Prb01Alt,local-catalog,thumbs/OP01-120(PRB01alt).webp,,,,,,,,,,,,,,,,,,,,,,,,,OP01-120::prb01alt,0,0,0,0,1,0,missing_printing_market_map
365,OP01-120,Shanks,SEC,,1162,365,OP01-120_r1,,r1,R1,official-cardlist,PRB01/reprint/OP01-120_r1.png,https://en.onepiece-cardgame.com/images/cardlist/card/OP01-120_r1.png?260305,,,,,,,,,,,,,,,,,,,,,,,,OP01-120_r1,0,0,0,0,1,0,missing_printing_market_map
365,OP01-120,Shanks,SEC,,1163,365,OP01-120_r2,,r2,R2,official-cardlist,PRB01/reprint/OP01-120_r2.png,https://en.onepiece-cardgame.com/images/cardlist/card/OP01-120_r2.png?260305,,,,,,,,,,,,,,,,,,,,,,,,OP01-120_r2,0,0,0,0,1,0,missing_printing_market_map
365,OP01-120,Shanks,SEC,,1164,365,OP01-120::s n,,promo,S N,local-catalog,thumbs/OP01-120sn.webp,,,,,,,,,,,,,,,,,,,,,,,,,OP01-120::s n,0,0,0,0,1,0,missing_printing_market_map
366,OP01-121,Yamato,SEC,,1165,366,OP01-121,,base,Base,official-cardlist,OP01/base/OP01-121.png,https://en.onepiece-cardgame.com/images/cardlist/card/OP01-121.png?260305,857,1165,1234,HIGH,exact_code_plus_base_flag,1234,552709,Yamato (Treasure Cup),Yamato Treasure Cup,OP01-121,SEC,,tcgcsv,,,,,,,,,,,OP01-121,1,1,1,0,1,0,missing_tcgplayer_product_id_only
366,OP01-121,Yamato,SEC,,1167,366,OP01-121::a t2,,operator_review,A T2,local-catalog,thumbs/OP01-121at2.webp,,,,,,,,,,,,,,,,,,,,,,,,,OP01-121::a t2,0,0,0,0,1,0,missing_printing_market_map
366,OP01-121,Yamato,SEC,,1168,366,OP01-121::alt,,alt,Alt,local-catalog,thumbs/OP01-121 (alt).webp,,,,,,,,,,,,,,,,,,,,,,,,,OP01-121::alt,0,0,0,0,1,0,missing_printing_market_map
366,OP01-121,Yamato,SEC,,1169,366,OP01-121_p1,,parallel_1,Parallel 1,official-cardlist,OP01/parallel/OP01-121_p1.png,https://en.onepiece-cardgame.com/images/cardlist/card/OP01-121_p1.png?260305,,,,,,,,,,,,,,,,,,,,,,,,OP01-121_p1,0,0,0,0,1,0,missing_printing_market_map
366,OP01-121,Yamato,SEC,,1170,366,OP01-121_p2,,parallel_2,Parallel 2,official-cardlist,OP05/parallel/OP01-121_p2.png,https://en.onepiece-cardgame.com/images/cardlist/card/OP01-121_p2.png?260305,,,,,,,,,,,,,,,,,,,,,,,,OP01-121_p2,0,0,0,0,1,0,missing_printing_market_map
366,OP01-121,Yamato,SEC,,1171,366,OP01-121_p4,,parallel_4,Parallel 4,official-cardlist,PRB01/parallel/OP01-121_p4.png,https://en.onepiece-cardgame.com/images/cardlist/card/OP01-121_p4.png?260305,,,,,,,,,,,,,,,,,,,,,,,,OP01-121_p4,0,0,0,0,1,0,missing_printing_market_map
366,OP01-121,Yamato,SEC,,1172,366,OP01-121::prb01alt,,alt,Prb01Alt,local-catalog,thumbs/OP01-121(PRB01alt).webp,,,,,,,,,,,,,,,,,,,,,,,,,OP01-121::prb01alt,0,0,0,0,1,0,missing_printing_market_map
366,OP01-121,Yamato,SEC,,1173,366,OP01-121_r1,,r1,R1,official-cardlist,PRB01/reprint/OP01-121_r1.png,https://en.onepiece-cardgame.com/images/cardlist/card/OP01-121_r1.png?260305,,,,,,,,,,,,,,,,,,,,,,,,OP01-121_r1,0,0,0,0,1,0,missing_printing_market_map
367,OP02-001,Edward.Newgate,L,,1174,367,OP02-001,,base,Base,official-cardlist,OP02/base/OP02-001.png,https://en.onepiece-cardgame.com/images/cardlist/card/OP02-001.png?260305,178,1174,469,HIGH,exact_code_plus_base_flag,469,482424,Edward.Newgate (001),EdwardNewgate 001,OP02-001,L,,tcgcsv,469,469,0.18,0.35,10.0,0.28,,,2026-04-02 02:58:10,tcgcsv,OP02-001,1,1,1,0,1,0,missing_tcgplayer_product_id_only
367,OP02-001,Edward.Newgate,L,,1176,367,OP02-001::alt,,alt,Alt,local-catalog,thumbs/OP02-001 (Alt).webp,,,,,,,,,,,,,,,,,,,,,,,,,OP02-001::alt,0,0,0,0,1,0,missing_printing_market_map
367,OP02-001,Edward.Newgate,L,,1177,367,OP02-001::alt art 2,,alt,Alt Art 2,local-catalog,thumbs/OP02-001alt2.webp,,,,,,,,,,,,,,,,,,,,,,,,,OP02-001::alt art 2,0,0,0,0,1,0,missing_printing_market_map
367,OP02-001,Edward.Newgate,L,,1178,367,OP02-001_p1,,parallel_1,Parallel 1,official-cardlist,OP02/parallel/OP02-001_p1.png,https://en.onepiece-cardgame.com/images/cardlist/card/OP02-001_p1.png?260305,,,,,,,,,,,,,,,,,,,,,,,,OP02-001_p1,0,0,0,0,1,0,missing_printing_market_map
367,OP02-001,Edward.Newgate,L,,1179,367,OP02-001_p2,,parallel_2,Parallel 2,official-cardlist,ST15/parallel/OP02-001_p2.png,https://en.onepiece-cardgame.com/images/cardlist/card/OP02-001_p2.png?260305,,,,,,,,,,,,,,,,,,,,,,,,OP02-001_p2,0,0,0,0,1,0,missing_printing_market_map
367,OP02-001,Edward.Newgate,L,,1180,367,OP02-001::st15alt,,alt,St15Alt,local-catalog,thumbs/OP02-001(ST15alt).webp,,,,,,,,,,,,,,,,,,,,,,,,,OP02-001::st15alt,0,0,0,0,1,0,missing_printing_market_map
368,OP02-002,Monkey.D.Garp,L,,1181,368,OP02-002,,base,Base,official-cardlist,OP02/base/OP02-002.png,https://en.onepiece-cardgame.com/images/cardlist/card/OP02-002.png?260305,183,1181,474,HIGH,exact_code_plus_base_flag,474,482705,Monkey.D.Garp (002),MonkeyDGarp 002,OP02-002,L,,tcgcsv,474,474,0.19,0.37,5.0,0.35,,,2026-04-02 02:58:10,tcgcsv,OP02-002,1,1,1,0,1,0,missing_tcgplayer_product_id_only
368,OP02-002,Monkey.D.Garp,L,,1183,368,OP02-002::alt,,alt,Alt,local-catalog,thumbs/OP02-002ALT.webp,,,,,,,,,,,,,,,,,,,,,,,,,OP02-002::alt,0,0,0,0,1,0,missing_printing_market_map
368,OP02-002,Monkey.D.Garp,L,,1184,368,OP02-002_p1,,parallel_1,Parallel 1,official-cardlist,OP02/parallel/OP02-002_p1.png,https://en.onepiece-cardgame.com/images/cardlist/card/OP02-002_p1.png?260305,,,,,,,,,,,,,,,,,,,,,,,,OP02-002_p1,0,0,0,0,1,0,missing_printing_market_map
369,OP02-003,Atmos,C,,1185,369,OP02-003,,base,Base,official-cardlist,OP02/base/OP02-003.png,https://en.onepiece-cardgame.com/images/cardlist/card/OP02-003.png?260305,180,1185,471,HIGH,exact_code_plus_base_flag,471,482426,Atmos,Atmos,OP02-003,C,,tcgcsv,471,471,0.01,0.15,5.0,0.05,,,2026-04-02 02:58:10,tcgcsv,OP02-003,1,1,1,0,1,0,missing_tcgplayer_product_id_only
370,OP02-004,Edward.Newgate,SR,,1187,370,OP02-004,,base,Base,official-cardlist,OP02/base/OP02-004.png,https://en.onepiece-cardgame.com/images/cardlist/card/OP02-004.png?260305,177,1187,468,HIGH,exact_code_plus_base_flag,468,482423,Edward.Newgate (004),EdwardNewgate 004,OP02-004,SR,,tcgcsv,468,468,0.99,2.5,50.0,1.69,,,2026-04-02 02:58:10,tcgcsv,OP02-004,1,1,1,0,1,0,missing_tcgplayer_product_id_only
370,OP02-004,Edward.Newgate,SR,,1188,370,OP02-004::2,,operator_review,2,local-catalog,thumbs/OP02-004 (2).webp,,,,,,,,,,,,,,,,,,,,,,,,,OP02-004::2,0,0,0,0,1,0,missing_printing_market_map
370,OP02-004,Edward.Newgate,SR,,1189,370,OP02-004::alt,,alt,Alt,local-catalog,thumbs/OP02-004 (Alt).webp,,,,,,,,,,,,,,,,,,,,,,,,,OP02-004::alt,0,0,0,0,1,0,missing_printing_market_map
370,OP02-004,Edward.Newgate,SR,,1190,370,OP02-004::alts,,alt,Alts,local-catalog,thumbs/OP02-004alts.webp,,,,,,,,,,,,,,,,,,,,,,,,,OP02-004::alts,0,0,0,0,1,0,missing_printing_market_map
370,OP02-004,Edward.Newgate,SR,,1191,370,OP02-004_p1,,parallel_1,Parallel 1,official-cardlist,OP02/parallel/OP02-004_p1.png,https://en.onepiece-cardgame.com/images/cardlist/card/OP02-004_p1.png?260305,,,,,,,,,,,,,,,,,,,,,,,,OP02-004_p1,0,0,0,0,1,0,missing_printing_market_map
370,OP02-004,Edward.Newgate,SR,,1192,370,OP02-004_p2,,parallel_2,Parallel 2,official-cardlist,OP04/parallel/OP02-004_p2.png,https://en.onepiece-cardgame.com/images/cardlist/card/OP02-004_p2.png?260305,,,,,,,,,,,,,,,,,,,,,,,,OP02-004_p2,0,0,0,0,1,0,missing_printing_market_map
370,OP02-004,Edward.Newgate,SR,,1193,370,OP02-004_p4,,parallel_4,Parallel 4,official-cardlist,PRB01/parallel/OP02-004_p4.png,https://en.onepiece-cardgame.com/images/cardlist/card/OP02-004_p4.png?260305,,,,,,,,,,,,,,,,,,,,,,,,OP02-004_p4,0,0,0,0,1,0,missing_printing_market_map
370,OP02-004,Edward.Newgate,SR,,1194,370,OP02-004::prb01alt,,alt,Prb01Alt,local-catalog,thumbs/OP02-004(PRB01alt).webp,,,,,,,,,,,,,,,,,,,,,,,,,OP02-004::prb01alt,0,0,0,0,1,0,missing_printing_market_map
370,OP02-004,Edward.Newgate,SR,,1195,370,OP02-004_r1,,r1,R1,official-cardlist,PRB01/reprint/OP02-004_r1.png,https://en.onepiece-cardgame.com/images/cardlist/card/OP02-004_r1.png?260305,,,,,,,,,,,,,,,,,,,,,,,,OP02-004_r1,0,0,0,0,1,0,missing_printing_market_map
370,OP02-004,Edward.Newgate,SR,,1196,370,OP02-004::s p,,sp,S P,local-catalog,thumbs/OP02-004SP.webp,,,,,,,,,,,,,,,,,,,,,,,,,OP02-004::s p,0,0,0,0,1,0,missing_printing_market_map
371,OP02-005,Curly.Dadan,UC,,1197,371,OP02-005,,base,Base,official-cardlist,OP02/base/OP02-005.png,https://en.onepiece-cardgame.com/images/cardlist/card/OP02-005.png?260305,179,1197,470,HIGH,exact_code_plus_base_flag,470,482425,Curly.Dadan,CurlyDadan,OP02-005,UC,,tcgcsv,470,470,0.03,0.25,5.0,0.17,,,2026-04-02 02:58:10,tcgcsv,OP02-005,1,1,1,0,1,0,missing_tcgplayer_product_id_only
371,OP02-005,Curly.Dadan,UC,,1198,371,OP02-005::2,,operator_review,2,local-catalog,thumbs/OP02-005 (2).webp,,,,,,,,,,,,,,,,,,,,,,,,,OP02-005::2,0,0,0,0,1,0,missing_printing_market_map
371,OP02-005,Curly.Dadan,UC,,1199,371,OP02-005::alt,,alt,Alt,local-catalog,thumbs/OP02-005alt.webp,,,,,,,,,,,,,,,,,,,,,,,,,OP02-005::alt,0,0,0,0,1,0,missing_printing_market_map
371,OP02-005,Curly.Dadan,UC,,1200,371,OP02-005_p1,,parallel_1,Parallel 1,official-cardlist,PRB02/parallel/OP02-005_p1.png,https://en.onepiece-cardgame.com/images/cardlist/card/OP02-005_p1.png?260305,,,,,,,,,,,,,,,,,,,,,,,,OP02-005_p1,0,0,0,0,1,0,missing_printing_market_map
371,OP02-005,Curly.Dadan,UC,,1201,371,OP02-005_p2,,parallel_2,Parallel 2,official-cardlist,BCV1/parallel/OP02-005_p2.png,https://en.onepiece-cardgame.com/images/cardlist/card/OP02-005_p2.png?260305,,,,,,,,,,,,,,,,,,,,,,,,OP02-005_p2,0,0,0,0,1,0,missing_printing_market_map
371,OP02-005,Curly.Dadan,UC,,1202,371,OP02-005_r1,,r1,R1,official-cardlist,PRB02/reprint/OP02-005_r1.png,https://en.onepiece-cardgame.com/images/cardlist/card/OP02-005_r1.png?260305,,,,,,,,,,,,,,,,,,,,,,,,OP02-005_r1,0,0,0,0,1,0,missing_printing_market_map
372,OP02-006,Kingdew,C,,1203,372,OP02-006,,base,Base,official-cardlist,OP02/base/OP02-006.png,https://en.onepiece-cardgame.com/images/cardlist/card/OP02-006.png?260305,184,1203,475,HIGH,exact_code_plus_base_flag,475,482706,Kingdew,Kingdew,OP02-006,C,,tcgcsv,475,475,0.01,0.15,5.0,0.04,,,2026-04-02 02:58:10,tcgcsv,OP02-006,1,1,1,0,1,0,missing_tcgplayer_product_id_only
373,OP02-007,Thatch,C,,1205,373,OP02-007,,base,Base,official-cardlist,OP02/base/OP02-007.png,https://en.onepiece-cardgame.com/images/cardlist/card/OP02-007.png?260305,185,1205,476,HIGH,exact_code_plus_base_flag,476,482707,Thatch,Thatch,OP02-007,C,,tcgcsv,476,476,0.01,0.15,5.0,0.06,,,2026-04-02 02:58:10,tcgcsv,OP02-007,1,1,1,0,1,0,missing_tcgplayer_product_id_only
374,OP02-008,Jozu,R,,1207,374,OP02-008,,base,Base,official-cardlist,OP02/base/OP02-008.png,https://en.onepiece-cardgame.com/images/cardlist/card/OP02-008.png?260305,182,1207,473,HIGH,exact_code_plus_base_flag,473,482704,Jozu,Jozu,OP02-008,R,,tcgcsv,473,473,0.46,0.87,25.0,0.79,,,2026-04-02 02:58:10,tcgcsv,OP02-008,1,1,1,0,1,0,missing_tcgplayer_product_id_only
374,OP02-008,Jozu,R,,1208,374,OP02-008::2,,operator_review,2,local-catalog,thumbs/OP02-008 (2).webp,,,,,,,,,,,,,,,,,,,,,,,,,OP02-008::2,0,0,0,0,1,0,missing_printing_market_map
374,OP02-008,Jozu,R,,1209,374,OP02-008::alt,,alt,Alt,local-catalog,thumbs/OP02-008alt.webp,,,,,,,,,,,,,,,,,,,,,,,,,OP02-008::alt,0,0,0,0,1,0,missing_printing_market_map
374,OP02-008,Jozu,R,,1210,374,OP02-008_r1,,r1,R1,official-cardlist,ST15/reprint/OP02-008_r1.png,https://en.onepiece-cardgame.com/images/cardlist/card/OP02-008_r1.png?260305,,,,,,,,,,,,,,,,,,,,,,,,OP02-008_r1,0,0,0,0,1,0,missing_printing_market_map
375,OP02-009,Squard,UC,,1211,375,OP02-009,,base,Base,official-cardlist,OP02/base/OP02-009.png,https://en.onepiece-cardgame.com/images/cardlist/card/OP02-009.png?260305,190,1211,481,HIGH,exact_code_plus_base_flag,481,483096,Squard (Box Topper),Squard Box Topper,OP02-009,UC,Box Topper,tcgcsv,481,481,0.5,1.49,29.99,1.16,,,2026-04-02 02:58:10,tcgcsv,OP02-009,1,1,1,0,1,0,missing_tcgplayer_product_id_only
375,OP02-009,Squard,UC,,1213,375,OP02-009::alt,,alt,Alt,local-catalog,thumbs/OP02-009(alt).webp,,,,,,,,,,,,,,,,,,,,,,,,,OP02-009::alt,0,0,0,0,1,0,missing_printing_market_map
375,OP02-009,Squard,UC,,1214,375,OP02-009_p1,,parallel_1,Parallel 1,official-cardlist,OP02/parallel/OP02-009_p1.png,https://en.onepiece-cardgame.com/images/cardlist/card/OP02-009_p1.png?260305,,,,,,,,,,,,,,,,,,,,,,,,OP02-009_p1,0,0,0,0,1,0,missing_printing_market_map
376,OP02-010,Dogura,C,,1215,376,OP02-010,,base,Base,official-cardlist,OP02/base/OP02-010.png,https://en.onepiece-cardgame.com/images/cardlist/card/OP02-010.png?260305,187,1215,478,HIGH,exact_code_plus_base_flag,478,483093,Dogura,Dogura,OP02-010,C,,tcgcsv,478,478,0.01,0.15,5.0,0.05,,,2026-04-02 02:58:10,tcgcsv,OP02-010,1,1,1,0,1,0,missing_tcgplayer_product_id_only
377,OP02-011,Vista,R,,1217,377,OP02-011,,base,Base,official-cardlist,OP02/base/OP02-011.png,https://en.onepiece-cardgame.com/images/cardlist/card/OP02-011.png?260305,189,1217,480,HIGH,exact_code_plus_base_flag,480,483095,Vista,Vista,OP02-011,R,,tcgcsv,480,480,0.08,0.34,10.0,0.25,,,2026-04-02 02:58:10,tcgcsv,OP02-011,1,1,1,0,1,0,missing_tcgplayer_product_id_only
378,OP02-012,Blenheim,C,,1219,378,OP02-012,,base,Base,official-cardlist,OP02/base/OP02-012.png,https://en.onepiece-cardgame.com/images/cardlist/card/OP02-012.png?260305,188,1219,479,HIGH,exact_code_plus_base_flag,479,483094,Blenheim,Blenheim,OP02-012,C,,tcgcsv,479,479,0.01,0.15,5.0,0.06,,,2026-04-02 02:58:10,tcgcsv,OP02-012,1,1,1,0,1,0,missing_tcgplayer_product_id_only
379,OP02-013,Portgas.D.Ace,SR,,1221,379,OP02-013,,base,Base,official-cardlist,OP02/base/OP02-013.png,https://en.onepiece-cardgame.com/images/cardlist/card/OP02-013.png?260305,204,1221,495,HIGH,exact_code_plus_base_flag,495,485235,Portgas.D.Ace,PortgasDAce,OP02-013,SR,,tcgcsv,495,495,2.0,4.99,50.0,2.86,,,2026-04-02 02:58:10,tcgcsv,OP02-013,1,1,1,0,1,0,missing_tcgplayer_product_id_only
379,OP02-013,Portgas.D.Ace,SR,,1222,379,OP02-013::2,,operator_review,2,local-catalog,thumbs/OP02-013 (2).webp,,,,,,,,,,,,,,,,,,,,,,,,,OP02-013::2,0,0,0,0,1,0,missing_printing_market_map
379,OP02-013,Portgas.D.Ace,SR,,1223,379,OP02-013::2nd anniversary alt,,promo,2Nd Anniversary Alt,local-catalog,thumbs/OP02-013(2nd Anniversary alt).webp,,,,,,,,,,,,,,,,,,,,,,,,,OP02-013::2nd anniversary alt,0,0,0,0,1,0,missing_printing_market_map
379,OP02-013,Portgas.D.Ace,SR,,1224,379,OP02-013::alt,,alt,Alt,local-catalog,thumbs/OP02-013_Alt.webp,,,,,,,,,,,,,,,,,,,,,,,,,OP02-013::alt,0,0,0,0,1,0,missing_printing_market_map
379,OP02-013,Portgas.D.Ace,SR,,1225,379,OP02-013::manga,,mr,Manga,local-catalog,thumbs/OP02-013 Manga Rare.webp,,,,,,,,,,,,,,,,,,,,,,,,,OP02-013::manga,0,0,0,0,1,0,missing_printing_market_map
379,OP02-013,Portgas.D.Ace,SR,,1226,379,OP02-013_p1,,parallel_1,Parallel 1,official-cardlist,OP02/parallel/OP02-013_p1.png,https://en.onepiece-cardgame.com/images/cardlist/card/OP02-013_p1.png?260305,,,,,,,,,,,,,,,,,,,,,,,,OP02-013_p1,0,0,0,0,1,0,missing_printing_market_map
379,OP02-013,Portgas.D.Ace,SR,,1227,379,OP02-013_p2,,parallel_2,Parallel 2,official-cardlist,OP02/parallel/OP02-013_p2.png,https://en.onepiece-cardgame.com/images/cardlist/card/OP02-013_p2.png?260305,,,,,,,,,,,,,,,,,,,,,,,,OP02-013_p2,0,0,0,0,1,0,missing_printing_market_map
379,OP02-013,Portgas.D.Ace,SR,,1228,379,OP02-013_p3,,parallel_3,Parallel 3,official-cardlist,OP08/parallel/OP02-013_p3.png,https://en.onepiece-cardgame.com/images/cardlist/card/OP02-013_p3.png?260305,,,,,,,,,,,,,,,,,,,,,,,,OP02-013_p3,0,0,0,0,1,0,missing_printing_market_map
379,OP02-013,Portgas.D.Ace,SR,,1229,379,OP02-013_p5,,parallel_5,Parallel 5,official-cardlist,ANN2JP/parallel/OP02-013_p5.png,https://en.onepiece-cardgame.com/images/cardlist/card/OP02-013_p5.png?260305,,,,,,,,,,,,,,,,,,,,,,,,OP02-013_p5,0,0,0,0,1,0,missing_printing_market_map
379,OP02-013,Portgas.D.Ace,SR,,1230,379,OP02-013_r1,,r1,R1,official-cardlist,PRB01/reprint/OP02-013_r1.png,https://en.onepiece-cardgame.com/images/cardlist/card/OP02-013_r1.png?260305,,,,,,,,,,,,,,,,,,,,,,,,OP02-013_r1,0,0,0,0,1,0,missing_printing_market_map
379,OP02-013,Portgas.D.Ace,SR,,1231,379,OP02-013::s p,,sp,S P,local-catalog,thumbs/OP02-013SP.webp,,,,,,,,,,,,,,,,,,,,,,,,,OP02-013::s p,0,0,0,0,1,0,missing_printing_market_map
380,OP02-014,Whitey Bay,UC,,1232,380,OP02-014,,base,Base,official-cardlist,OP02/base/OP02-014.png,https://en.onepiece-cardgame.com/images/cardlist/card/OP02-014.png?260305,229,1232,520,HIGH,exact_code_plus_base_flag,520,486334,Whitey Bay,Whitey Bay,OP02-014,UC,,tcgcsv,520,520,0.02,0.18,5.0,0.11,,,2026-04-02 02:58:10,tcgcsv,OP02-014,1,1,1,0,1,0,missing_tcgplayer_product_id_only
381,OP02-015,Makino,UC,,1234,381,OP02-015,,base,Base,official-cardlist,OP02/base/OP02-015.png,https://en.onepiece-cardgame.com/images/cardlist/card/OP02-015.png?260305,230,1234,521,HIGH,exact_code_plus_base_flag,521,486335,Makino,Makino,OP02-015,UC,,tcgcsv,521,521,0.09,0.25,4.99,0.16,,,2026-04-02 02:58:10,tcgcsv,OP02-015,1,1,1,0,1,0,missing_tcgplayer_product_id_only
381,OP02-015,Makino,UC,,1235,381,OP02-015::2,,operator_review,2,local-catalog,thumbs/OP02-015 (2).webp,,,,,,,,,,,,,,,,,,,,,,,,,OP02-015::2,0,0,0,0,1,0,missing_printing_market_map
381,OP02-015,Makino,UC,,1236,381,OP02-015::alt,,alt,Alt,local-catalog,thumbs/OP02-015(alt).webp,,,,,,,,,,,,,,,,,,,,,,,,,OP02-015::alt,0,0,0,0,1,0,missing_printing_market_map
381,OP02-015,Makino,UC,,1237,381,OP02-015_p1,,parallel_1,Parallel 1,official-cardlist,ANN1JP/parallel/OP02-015_p1.png,https://en.onepiece-cardgame.com/images/cardlist/card/OP02-015_p1.png?260305,,,,,,,,,,,,,,,,,,,,,,,,OP02-015_p1,0,0,0,0,1,0,missing_printing_market_map
381,OP02-015,Makino,UC,,1238,381,OP02-015_p3,,parallel_3,Parallel 3,official-cardlist,PRB01/parallel/OP02-015_p3.png,https://en.onepiece-cardgame.com/images/cardlist/card/OP02-015_p3.png?260305,,,,,,,,,,,,,,,,,,,,,,,,OP02-015_p3,0,0,0,0,1,0,missing_printing_market_map
381,OP02-015,Makino,UC,,1239,381,OP02-015_p4,,parallel_4,Parallel 4,official-cardlist,PRB01/parallel/OP02-015_p4.png,https://en.onepiece-cardgame.com/images/cardlist/card/OP02-015_p4.png?260305,,,,,,,,,,,,,,,,,,,,,,,,OP02-015_p4,0,0,0,0,1,0,missing_printing_market_map
381,OP02-015,Makino,UC,,1240,381,OP02-015::prb01alt,,alt,Prb01Alt,local-catalog,thumbs/OP02-015(PRB01alt).webp,,,,,,,,,,,,,,,,,,,,,,,,,OP02-015::prb01alt,0,0,0,0,1,0,missing_printing_market_map
381,OP02-015,Makino,UC,,1241,381,OP02-015_r1,,r1,R1,official-cardlist,PRB01/reprint/OP02-015_r1.png,https://en.onepiece-cardgame.com/images/cardlist/card/OP02-015_r1.png?260305,,,,,,,,,,,,,,,,,,,,,,,,OP02-015_r1,0,0,0,0,1,0,missing_printing_market_map
382,OP02-016,Magura,C,,1242,382,OP02-016,,base,Base,official-cardlist,OP02/base/OP02-016.png,https://en.onepiece-cardgame.com/images/cardlist/card/OP02-016.png?260305,231,1242,522,HIGH,exact_code_plus_base_flag,522,486336,Magura,Magura,OP02-016,C,,tcgcsv,522,522,0.02,0.2,5.0,0.09,,,2026-04-02 02:58:10,tcgcsv,OP02-016,1,1,1,0,1,0,missing_tcgplayer_product_id_only
383,OP02-017,Masked Deuce,R,,1244,383,OP02-017,,base,Base,official-cardlist,OP02/base/OP02-017.png,https://en.onepiece-cardgame.com/images/cardlist/card/OP02-017.png?260305,226,1244,517,HIGH,exact_code_plus_base_flag,517,485864,Masked Deuce (Alternate Art),Masked Deuce Alternate Art,OP02-017,R,,tcgcsv,517,517,2.45,3.6,39.99,2.84,,,2026-04-02 02:58:10,tcgcsv,OP02-017,1,1,1,0,1,0,missing_tcgplayer_product_id_only
383,OP02-017,Masked Deuce,R,,1246,383,OP02-017::alt,,alt,Alt,local-catalog,thumbs/OP02-017ALT.webp,,,,,,,,,,,,,,,,,,,,,,,,,OP02-017::alt,0,0,0,0,1,0,missing_printing_market_map
383,OP02-017,Masked Deuce,R,,1247,383,OP02-017_p1,,parallel_1,Parallel 1,official-cardlist,OP02/parallel/OP02-017_p1.png,https://en.onepiece-cardgame.com/images/cardlist/card/OP02-017_p1.png?260305,,,,,,,,,,,,,,,,,,,,,,,,OP02-017_p1,0,0,0,0,1,0,missing_printing_market_map
384,OP02-018,Marco,R,,1248,384,OP02-018,,base,Base,official-cardlist,OP02/base/OP02-018.png,https://en.onepiece-cardgame.com/images/cardlist/card/OP02-018.png?260305,225,1248,516,HIGH,exact_code_plus_base_flag,516,485863,Marco (Alternate Art),Marco Alternate Art,OP02-018,R,,tcgcsv,516,516,5.0,7.73,44.99,6.22,,,2026-04-02 02:58:10,tcgcsv,OP02-018,1,1,1,0,1,0,missing_tcgplayer_product_id_only
384,OP02-018,Marco,R,,1250,384,OP02-018::alt,,alt,Alt,local-catalog,thumbs/OP02-018(alt).webp,,,,,,,,,,,,,,,,,,,,,,,,,OP02-018::alt,0,0,0,0,1,0,missing_printing_market_map
384,OP02-018,Marco,R,,1251,384,OP02-018::alt art 2,,alt,Alt Art 2,local-catalog,thumbs/OP02-018(alt2).webp,,,,,,,,,,,,,,,,,,,,,,,,,OP02-018::alt art 2,0,0,0,0,1,0,missing_printing_market_map
384,OP02-018,Marco,R,,1252,384,OP02-018_p1,,parallel_1,Parallel 1,official-cardlist,OP02/parallel/OP02-018_p1.png,https://en.onepiece-cardgame.com/images/cardlist/card/OP02-018_p1.png?260305,,,,,,,,,,,,,,,,,,,,,,,,OP02-018_p1,0,0,0,0,1,0,missing_printing_market_map
384,OP02-018,Marco,R,,1253,384,OP02-018_p4,,parallel_4,Parallel 4,official-cardlist,PRB01/parallel/OP02-018_p4.png,https://en.onepiece-cardgame.com/images/cardlist/card/OP02-018_p4.png?260305,,,,,,,,,,,,,,,,,,,,,,,,OP02-018_p4,0,0,0,0,1,0,missing_printing_market_map
384,OP02-018,Marco,R,,1254,384,OP02-018_p5,,parallel_5,Parallel 5,official-cardlist,PRB01/parallel/OP02-018_p5.png,https://en.onepiece-cardgame.com/images/cardlist/card/OP02-018_p5.png?260305,,,,,,,,,,,,,,,,,,,,,,,,OP02-018_p5,0,0,0,0,1,0,missing_printing_market_map
384,OP02-018,Marco,R,,1255,384,OP02-018_p6,,parallel_6,Parallel 6,official-cardlist,PRB01/parallel/OP02-018_p6.png,https://en.onepiece-cardgame.com/images/cardlist/card/OP02-018_p6.png?260305,,,,,,,,,,,,,,,,,,,,,,,,OP02-018_p6,0,0,0,0,1,0,missing_printing_market_map
384,OP02-018,Marco,R,,1256,384,OP02-018::prb01alt,,alt,Prb01Alt,local-catalog,thumbs/OP02-018(PRB01alt).webp,,,,,,,,,,,,,,,,,,,,,,,,,OP02-018::prb01alt,0,0,0,0,1,0,missing_printing_market_map
384,OP02-018,Marco,R,,1257,384,OP02-018::prb01alt2,,alt,Prb01Alt2,local-catalog,thumbs/OP02-018(PRB01alt2).webp,,,,,,,,,,,,,,,,,,,,,,,,,OP02-018::prb01alt2,0,0,0,0,1,0,missing_printing_market_map
384,OP02-018,Marco,R,,1258,384,OP02-018_r1,,r1,R1,official-cardlist,ST15/reprint/OP02-018_r1.png,https://en.onepiece-cardgame.com/images/cardlist/card/OP02-018_r1.png?260305,,,,,,,,,,,,,,,,,,,,,,,,OP02-018_r1,0,0,0,0,1,0,missing_printing_market_map
384,OP02-018,Marco,R,,1259,384,OP02-018_r2,,r2,R2,official-cardlist,PRB01/reprint/OP02-018_r2.png,https://en.onepiece-cardgame.com/images/cardlist/card/OP02-018_r2.png?260305,,,,,,,,,,,,,,,,,,,,,,,,OP02-018_r2,0,0,0,0,1,0,missing_printing_market_map
385,OP02-019,Rakuyo,UC,,1260,385,OP02-019,,base,Base,official-cardlist,OP02/base/OP02-019.png,https://en.onepiece-cardgame.com/images/cardlist/card/OP02-019.png?260305,234,1260,525,HIGH,exact_code_plus_base_flag,525,486339,Rakuyo,Rakuyo,OP02-019,UC,,tcgcsv,525,525,0.01,0.15,5.0,0.09,,,2026-04-02 02:58:10,tcgcsv,OP02-019,1,1,1,0,1,0,missing_tcgplayer_product_id_only
385,OP02-019,Rakuyo,UC,,1262,385,OP02-019_r1,,r1,R1,official-cardlist,ST15/reprint/OP02-019_r1.png,https://en.onepiece-cardgame.com/images/cardlist/card/OP02-019_r1.png?260305,,,,,,,,,,,,,,,,,,,,,,,,OP02-019_r1,0,0,0,0,1,0,missing_printing_market_map
386,OP02-020,LittleOars Jr.,C,,1263,386,OP02-020,,base,Base,official-cardlist,OP02/base/OP02-020.png,https://en.onepiece-cardgame.com/images/cardlist/card/OP02-020.png?260305,235,1263,526,HIGH,exact_code_plus_base_flag,526,486340,LittleOars Jr.,LittleOars Jr,OP02-020,C,,tcgcsv,526,526,0.01,0.15,5.0,0.07,,,2026-04-02 02:58:10,tcgcsv,OP02-020,1,1,1,0,1,0,missing_tcgplayer_product_id_only
387,OP02-021,Seaquake,R,,1265,387,OP02-021,,base,Base,official-cardlist,OP02/base/OP02-021.png,https://en.onepiece-cardgame.com/images/cardlist/card/OP02-021.png?260305,236,1265,527,HIGH,exact_code_plus_base_flag,527,486341,Seaquake,Seaquake,OP02-021,R,,tcgcsv,527,527,0.06,0.35,25.0,0.3,,,2026-04-02 02:58:10,tcgcsv,OP02-021,1,1,1,0,1,0,missing_tcgplayer_product_id_only
388,OP02-022,Whitebeard Pirates,UC,,1267,388,OP02-022,,base,Base,official-cardlist,OP02/base/OP02-022.png,https://en.onepiece-cardgame.com/images/cardlist/card/OP02-022.png?260305,237,1267,528,HIGH,exact_code_plus_base_flag,528,486342,Whitebeard Pirates,Whitebeard Pirates,OP02-022,UC,,tcgcsv,528,528,0.05,0.25,10.0,0.17,,,2026-04-02 02:58:10,tcgcsv,OP02-022,1,1,1,0,1,0,missing_tcgplayer_product_id_only
388,OP02-022,Whitebeard Pirates,UC,,1269,388,OP02-022_p1,,parallel_1,Parallel 1,official-cardlist,ST1520RE/parallel/OP02-022_p1.png,https://en.onepiece-cardgame.com/images/cardlist/card/OP02-022_p1.png?260305,,,,,,,,,,,,,,,,,,,,,,,,OP02-022_p1,0,0,0,0,1,0,missing_printing_market_map
389,OP02-023,You May Be a Fool...but I Still Love You,C,,1270,389,OP02-023,,base,Base,official-cardlist,OP02/base/OP02-023.png,https://en.onepiece-cardgame.com/images/cardlist/card/OP02-023.png?260305,238,1270,529,HIGH,exact_code_plus_base_flag,529,486343,You May Be a Fool...but I Still Love You,You May Be a Foolbut I Still Love You,OP02-023,C,,tcgcsv,529,529,0.01,0.15,10.0,0.06,,,2026-04-02 02:58:10,tcgcsv,OP02-023,1,1,1,0,1,0,missing_tcgplayer_product_id_only
389,OP02-023,You May Be a Fool...but I Still Love You,C,,1272,389,OP02-023_r1,,r1,R1,official-cardlist,ST15/reprint/OP02-023_r1.png,https://en.onepiece-cardgame.com/images/cardlist/card/OP02-023_r1.png?260305,,,,,,,,,,,,,,,,,,,,,,,,OP02-023_r1,0,0,0,0,1,0,missing_printing_market_map
390,OP02-024,Moby Dick,C,,1273,390,OP02-024,,base,Base,official-cardlist,OP02/base/OP02-024.png,https://en.onepiece-cardgame.com/images/cardlist/card/OP02-024.png?260305,239,1273,530,HIGH,exact_code_plus_base_flag,530,486344,Moby Dick,Moby Dick,OP02-024,C,,tcgcsv,530,530,0.01,0.25,5.0,0.2,,,2026-04-02 02:58:10,tcgcsv,OP02-024,1,1,1,0,1,0,missing_tcgplayer_product_id_only
391,OP02-025,Kin'emon,L,,1275,391,OP02-025,,base,Base,official-cardlist,OP02/base/OP02-025.png,https://en.onepiece-cardgame.com/images/cardlist/card/OP02-025.png?260305,195,1275,486,HIGH,exact_code_plus_base_flag,486,483629,Kin'emon (Alternate Art),Kinemon Alternate Art,OP02-025,L,,tcgcsv,486,486,39.99,47.79,250.0,47.77,,,2026-04-02 02:58:10,tcgcsv,OP02-025,1,1,1,0,1,0,missing_tcgplayer_product_id_only
391,OP02-025,Kin'emon,L,,1277,391,OP02-025::alt,,alt,Alt,local-catalog,thumbs/OP02-025_Alt.webp,,,,,,,,,,,,,,,,,,,,,,,,,OP02-025::alt,0,0,0,0,1,0,missing_printing_market_map
391,OP02-025,Kin'emon,L,,1278,391,OP02-025_p1,,parallel_1,Parallel 1,official-cardlist,OP02/parallel/OP02-025_p1.png,https://en.onepiece-cardgame.com/images/cardlist/card/OP02-025_p1.png?260305,,,,,,,,,,,,,,,,,,,,,,,,OP02-025_p1,0,0,0,0,1,0,missing_printing_market_map
392,OP02-026,Sanji,L,,1279,392,OP02-026,,base,Base,official-cardlist,OP02/base/OP02-026.png,https://en.onepiece-cardgame.com/images/cardlist/card/OP02-026.png?260305,194,1279,485,HIGH,exact_code_plus_base_flag,485,483628,Sanji (Alternate Art),Sanji Alternate Art,OP02-026,L,,tcgcsv,485,485,134.99,180.52,399.0,171.03,,,2026-04-02 02:58:10,tcgcsv,OP02-026,1,1,1,0,1,0,missing_tcgplayer_product_id_only
392,OP02-026,Sanji,L,,1281,392,OP02-026::alt,,alt,Alt,local-catalog,thumbs/OP02-026_Alt.webp,,,,,,,,,,,,,,,,,,,,,,,,,OP02-026::alt,0,0,0,0,1,0,missing_printing_market_map
392,OP02-026,Sanji,L,,1282,392,OP02-026_p1,,parallel_1,Parallel 1,official-cardlist,OP02/parallel/OP02-026_p1.png,https://en.onepiece-cardgame.com/images/cardlist/card/OP02-026_p1.png?260305,,,,,,,,,,,,,,,,,,,,,,,,OP02-026_p1,0,0,0,0,1,0,missing_printing_market_map
393,OP02-027,Inuarashi,UC,,1283,393,OP02-027,,base,Base,official-cardlist,OP02/base/OP02-027.png,https://en.onepiece-cardgame.com/images/cardlist/card/OP02-027.png?260305,242,1283,533,HIGH,exact_code_plus_base_flag,533,486347,Inuarashi,Inuarashi,OP02-027,UC,,tcgcsv,533,533,0.03,0.2,5.0,0.12,,,2026-04-02 02:58:10,tcgcsv,OP02-027,1,1,1,0,1,0,missing_tcgplayer_product_id_only
394,OP02-028,Usopp,C,,1285,394,OP02-028,,base,Base,official-cardlist,OP02/base/OP02-028.png,https://en.onepiece-cardgame.com/images/cardlist/card/OP02-028.png?260305,243,1285,534,HIGH,exact_code_plus_base_flag,534,486348,Usopp,Usopp,OP02-028,C,,tcgcsv,534,534,0.01,0.15,5.0,0.09,,,2026-04-02 02:58:10,tcgcsv,OP02-028,1,1,1,0,1,0,missing_tcgplayer_product_id_only
394,OP02-028,Usopp,C,,1287,394,OP02-028_p1,,parallel_1,Parallel 1,official-cardlist,ST11/parallel/OP02-028_p1.png,https://en.onepiece-cardgame.com/images/cardlist/card/OP02-028_p1.png?260305,,,,,,,,,,,,,,,,,,,,,,,,OP02-028_p1,0,0,0,0,1,0,missing_printing_market_map
395,OP02-029,Carrot,R,,1288,395,OP02-029,,base,Base,official-cardlist,OP02/base/OP02-029.png,https://en.onepiece-cardgame.com/images/cardlist/card/OP02-029.png?260305,244,1288,535,HIGH,exact_code_plus_base_flag,535,486349,Carrot,Carrot,OP02-029,R,,tcgcsv,535,535,0.25,0.61,10.0,0.55,,,2026-04-02 02:58:10,tcgcsv,OP02-029,1,1,1,0,1,0,missing_tcgplayer_product_id_only
395,OP02-029,Carrot,R,,1290,395,OP02-029::alt,,alt,Alt,local-catalog,thumbs/OP02-029(alt).webp,,,,,,,,,,,,,,,,,,,,,,,,,OP02-029::alt,0,0,0,0,1,0,missing_printing_market_map
396,OP02-030,Kouzuki Oden,SR,,1291,396,OP02-030,,base,Base,official-cardlist,OP02/base/OP02-030.png,https://en.onepiece-cardgame.com/images/cardlist/card/OP02-030.png?260305,200,1291,491,HIGH,exact_code_plus_base_flag,491,484627,Kouzuki Oden (Alternate Art),Kouzuki Oden Alternate Art,OP02-030,SR,,tcgcsv,491,491,8.0,11.04,99.98,10.08,,,2026-04-02 02:58:10,tcgcsv,OP02-030,1,1,1,0,1,0,missing_tcgplayer_product_id_only
396,OP02-030,Kouzuki Oden,SR,,1292,396,OP02-030::2,,operator_review,2,local-catalog,thumbs/OP02-030 (2).webp,,,,,,,,,,,,,,,,,,,,,,,,,OP02-030::2,0,0,0,0,1,0,missing_printing_market_map
396,OP02-030,Kouzuki Oden,SR,,1293,396,OP02-030::alt,,alt,Alt,local-catalog,thumbs/OP02-030alt.webp,,,,,,,,,,,,,,,,,,,,,,,,,OP02-030::alt,0,0,0,0,1,0,missing_printing_market_map
396,OP02-030,Kouzuki Oden,SR,,1294,396,OP02-030_p1,,parallel_1,Parallel 1,official-cardlist,OP02/parallel/OP02-030_p1.png,https://en.onepiece-cardgame.com/images/cardlist/card/OP02-030_p1.png?260305,,,,,,,,,,,,,,,,,,,,,,,,OP02-030_p1,0,0,0,0,1,0,missing_printing_market_map
397,OP02-031,Kouzuki Toki,UC,,1295,397,OP02-031,,base,Base,official-cardlist,OP02/base/OP02-031.png,https://en.onepiece-cardgame.com/images/cardlist/card/OP02-031.png?260305,205,1295,496,HIGH,exact_code_plus_base_flag,496,485236,Kouzuki Toki (Box Topper),Kouzuki Toki Box Topper,OP02-031,UC,Box Topper,tcgcsv,496,496,3.6,5.0,50.0,3.72,,,2026-04-02 02:58:10,tcgcsv,OP02-031,1,1,1,0,1,0,missing_tcgplayer_product_id_only
397,OP02-031,Kouzuki Toki,UC,,1296,397,OP02-031::2,,operator_review,2,local-catalog,thumbs/OP02-031 (2).webp,,,,,,,,,,,,,,,,,,,,,,,,,OP02-031::2,0,0,0,0,1,0,missing_printing_market_map
397,OP02-031,Kouzuki Toki,UC,,1297,397,OP02-031::alt,,alt,Alt,local-catalog,thumbs/OP02-031_Alt.webp,,,,,,,,,,,,,,,,,,,,,,,,,OP02-031::alt,0,0,0,0,1,0,missing_printing_market_map
397,OP02-031,Kouzuki Toki,UC,,1298,397,OP02-031_p1,,parallel_1,Parallel 1,official-cardlist,OP02/parallel/OP02-031_p1.png,https://en.onepiece-cardgame.com/images/cardlist/card/OP02-031_p1.png?260305,,,,,,,,,,,,,,,,,,,,,,,,OP02-031_p1,0,0,0,0,1,0,missing_printing_market_map
398,OP02-032,Shishilian,UC,,1299,398,OP02-032,,base,Base,official-cardlist,OP02/base/OP02-032.png,https://en.onepiece-cardgame.com/images/cardlist/card/OP02-032.png?260305,247,1299,538,HIGH,exact_code_plus_base_flag,538,486352,Shishilian,Shishilian,OP02-032,UC,,tcgcsv,538,538,0.05,0.25,10.0,0.17,,,2026-04-02 02:58:10,tcgcsv,OP02-032,1,1,1,0,1,0,missing_tcgplayer_product_id_only
399,OP02-033,Jinbe,C,,1301,399,OP02-033,,base,Base,official-cardlist,OP02/base/OP02-033.png,https://en.onepiece-cardgame.com/images/cardlist/card/OP02-033.png?260305,248,1301,539,HIGH,exact_code_plus_base_flag,539,486353,Jinbe,Jinbe,OP02-033,C,,tcgcsv,539,539,0.01,0.15,5.0,0.1,,,2026-04-02 02:58:10,tcgcsv,OP02-033,1,1,1,0,1,0,missing_tcgplayer_product_id_only
399,OP02-033,Jinbe,C,,1302,399,OP02-033::2,,operator_review,2,local-catalog,thumbs/OP02-033 (2).webp,,,,,,,,,,,,,,,,,,,,,,,,,OP02-033::2,0,0,0,0,1,0,missing_printing_market_map
399,OP02-033,Jinbe,C,,1303,399,OP02-033_p1,,parallel_1,Parallel 1,official-cardlist,ST11/parallel/OP02-033_p1.png,https://en.onepiece-cardgame.com/images/cardlist/card/OP02-033_p1.png?260305,,,,,,,,,,,,,,,,,,,,,,,,OP02-033_p1,0,0,0,0,1,0,missing_printing_market_map
400,OP02-034,Tony Tony.Chopper,UC,,1304,400,OP02-034,,base,Base,official-cardlist,OP02/base/OP02-034.png,https://en.onepiece-cardgame.com/images/cardlist/card/OP02-034.png?260305,249,1304,540,HIGH,exact_code_plus_base_flag,540,486354,Tony Tony.Chopper,Tony TonyChopper,OP02-034,UC,,tcgcsv,540,540,0.19,0.35,25.0,0.27,,,2026-04-02 02:58:10,tcgcsv,OP02-034,1,1,1,0,1,0,missing_tcgplayer_product_id_only
400,OP02-034,Tony Tony.Chopper,UC,,1306,400,OP02-034::alt,,alt,Alt,local-catalog,thumbs/OP02-034(alt).webp,,,,,,,,,,,,,,,,,,,,,,,,,OP02-034::alt,0,0,0,0,1,0,missing_printing_market_map
400,OP02-034,Tony Tony.Chopper,UC,,1307,400,OP02-034_p1,,parallel_1,Parallel 1,official-cardlist,ST11/parallel/OP02-034_p1.png,https://en.onepiece-cardgame.com/images/cardlist/card/OP02-034_p1.png?260305,,,,,,,,,,,,,,,,,,,,,,,,OP02-034_p1,0,0,0,0,1,0,missing_printing_market_map
400,OP02-034,Tony Tony.Chopper,UC,,1308,400,OP02-034_p2,,parallel_2,Parallel 2,official-cardlist,ST1520RE/parallel/OP02-034_p2.png,https://en.onepiece-cardgame.com/images/cardlist/card/OP02-034_p2.png?260305,,,,,,,,,,,,,,,,,,,,,,,,OP02-034_p2,0,0,0,0,1,0,missing_printing_market_map
401,OP02-035,Trafalgar Law,C,,1309,401,OP02-035,,base,Base,official-cardlist,OP02/base/OP02-035.png,https://en.onepiece-cardgame.com/images/cardlist/card/OP02-035.png?260305,250,1309,541,HIGH,exact_code_plus_base_flag,541,486355,Trafalgar Law,Trafalgar Law,OP02-035,C,,tcgcsv,541,541,0.02,0.17,5.0,0.13,,,2026-04-02 02:58:10,tcgcsv,OP02-035,1,1,1,0,1,0,missing_tcgplayer_product_id_only
401,OP02-035,Trafalgar Law,C,,1311,401,OP02-035::alt,,alt,Alt,local-catalog,thumbs/OP02-035(alt).webp,,,,,,,,,,,,,,,,,,,,,,,,,OP02-035::alt,0,0,0,0,1,0,missing_printing_market_map
401,OP02-035,Trafalgar Law,C,,1312,401,OP02-035_p1,,parallel_1,Parallel 1,official-cardlist,ORP01/parallel/OP02-035_p1.png,https://en.onepiece-cardgame.com/images/cardlist/card/OP02-035_p1.png?260305,,,,,,,,,,,,,,,,,,,,,,,,OP02-035_p1,0,0,0,0,1,0,missing_printing_market_map
401,OP02-035,Trafalgar Law,C,,1313,401,OP02-035_p2,,parallel_2,Parallel 2,official-cardlist,ST11/parallel/OP02-035_p2.png,https://en.onepiece-cardgame.com/images/cardlist/card/OP02-035_p2.png?260305,,,,,,,,,,,,,,,,,,,,,,,,OP02-035_p2,0,0,0,0,1,0,missing_printing_market_map
402,OP02-036,Nami,SR,,1314,402,OP02-036,,base,Base,official-cardlist,OP02/base/OP02-036.png,https://en.onepiece-cardgame.com/images/cardlist/card/OP02-036.png?260305,181,1314,472,HIGH,exact_code_plus_base_flag,472,482429,Nami (Alternate Art),Nami Alternate Art,OP02-036,SR,,tcgcsv,472,472,54.99,73.5,250.0,68.56,,,2026-04-02 02:58:10,tcgcsv,OP02-036,1,1,1,0,1,0,missing_tcgplayer_product_id_only
402,OP02-036,Nami,SR,,1316,402,OP02-036::2,,operator_review,2,local-catalog,thumbs/OP02-036 (2).webp,,,,,,,,,,,,,,,,,,,,,,,,,OP02-036::2,0,0,0,0,1,0,missing_printing_market_map
402,OP02-036,Nami,SR,,1317,402,OP02-036::alt art 2,,alt,Alt Art 2,local-catalog,thumbs/OP02-036alt2.webp,,,,,,,,,,,,,,,,,,,,,,,,,OP02-036::alt art 2,0,0,0,0,1,0,missing_printing_market_map
402,OP02-036,Nami,SR,,1318,402,OP02-036_p1,,parallel_1,Parallel 1,official-cardlist,OP02/parallel/OP02-036_p1.png,https://en.onepiece-cardgame.com/images/cardlist/card/OP02-036_p1.png?260305,,,,,,,,,,,,,,,,,,,,,,,,OP02-036_p1,0,0,0,0,1,0,missing_printing_market_map
402,OP02-036,Nami,SR,,1319,402,OP02-036_p2,,parallel_2,Parallel 2,official-cardlist,BCV1/parallel/OP02-036_p2.png,https://en.onepiece-cardgame.com/images/cardlist/card/OP02-036_p2.png?260305,,,,,,,,,,,,,,,,,,,,,,,,OP02-036_p2,0,0,0,0,1,0,missing_printing_market_map
403,OP02-037,Nico Robin,UC,,1320,403,OP02-037,,base,Base,official-cardlist,OP02/base/OP02-037.png,https://en.onepiece-cardgame.com/images/cardlist/card/OP02-037.png?260305,252,1320,543,HIGH,exact_code_plus_base_flag,543,486357,Nico Robin,Nico Robin,OP02-037,UC,,tcgcsv,543,543,0.01,0.2,5.0,0.15,,,2026-04-02 02:58:10,tcgcsv,OP02-037,1,1,1,0,1,0,missing_tcgplayer_product_id_only
403,OP02-037,Nico Robin,UC,,1322,403,OP02-037_p1,,parallel_1,Parallel 1,official-cardlist,ST11/parallel/OP02-037_p1.png,https://en.onepiece-cardgame.com/images/cardlist/card/OP02-037_p1.png?260305,,,,,,,,,,,,,,,,,,,,,,,,OP02-037_p1,0,0,0,0,1,0,missing_printing_market_map
404,OP02-038,Nekomamushi,C,,1323,404,OP02-038,,base,Base,official-cardlist,OP02/base/OP02-038.png,https://en.onepiece-cardgame.com/images/cardlist/card/OP02-038.png?260305,253,1323,544,HIGH,exact_code_plus_base_flag,544,486359,Nekomamushi,Nekomamushi,OP02-038,C,,tcgcsv,544,544,0.03,0.18,5.0,0.14,,,2026-04-02 02:58:10,tcgcsv,OP02-038,1,1,1,0,1,0,missing_tcgplayer_product_id_only
405,OP02-039,Franky,C,,1325,405,OP02-039,,base,Base,official-cardlist,OP02/base/OP02-039.png,https://en.onepiece-cardgame.com/images/cardlist/card/OP02-039.png?260305,254,1325,545,HIGH,exact_code_plus_base_flag,545,486361,Franky,Franky,OP02-039,C,,tcgcsv,545,545,0.01,0.15,5.0,0.08,,,2026-04-02 02:58:10,tcgcsv,OP02-039,1,1,1,0,1,0,missing_tcgplayer_product_id_only
405,OP02-039,Franky,C,,1327,405,OP02-039_p1,,parallel_1,Parallel 1,official-cardlist,ST11/parallel/OP02-039_p1.png,https://en.onepiece-cardgame.com/images/cardlist/card/OP02-039_p1.png?260305,,,,,,,,,,,,,,,,,,,,,,,,OP02-039_p1,0,0,0,0,1,0,missing_printing_market_map
406,OP02-040,Brook,R,,1328,406,OP02-040,,base,Base,official-cardlist,OP02/base/OP02-040.png,https://en.onepiece-cardgame.com/images/cardlist/card/OP02-040.png?260305,255,1328,546,HIGH,exact_code_plus_base_flag,546,486363,Brook,Brook,OP02-040,R,,tcgcsv,547,546,0.04,0.29,5.0,0.26,,,2026-04-02 02:58:10,tcgcsv,OP02-040,1,1,1,0,1,0,missing_tcgplayer_product_id_only
406,OP02-040,Brook,R,,1330,406,OP02-040_p1,,parallel_1,Parallel 1,official-cardlist,ST11/parallel/OP02-040_p1.png,https://en.onepiece-cardgame.com/images/cardlist/card/OP02-040_p1.png?260305,,,,,,,,,,,,,,,,,,,,,,,,OP02-040_p1,0,0,0,0,1,0,missing_printing_market_map
407,OP02-041,Monkey.D.Luffy,R,,1331,407,OP02-041,,base,Base,official-cardlist,OP02/base/OP02-041.png,https://en.onepiece-cardgame.com/images/cardlist/card/OP02-041.png?260305,176,1331,467,HIGH,exact_code_plus_base_flag,467,482337,Monkey.D.Luffy (041) (Alternate Art),MonkeyDLuffy 041 Alternate Art,OP02-041,R,,tcgcsv,467,467,24.85,38.93,130.0,31.46,,,2026-04-02 02:58:10,tcgcsv,OP02-041,1,1,1,0,1,0,missing_tcgplayer_product_id_only
407,OP02-041,Monkey.D.Luffy,R,,1333,407,OP02-041::alt,,alt,Alt,local-catalog,thumbs/OP02-041_Alt.webp,,,,,,,,,,,,,,,,,,,,,,,,,OP02-041::alt,0,0,0,0,1,0,missing_printing_market_map
407,OP02-041,Monkey.D.Luffy,R,,1334,407,OP02-041_p1,,parallel_1,Parallel 1,official-cardlist,OP02/parallel/OP02-041_p1.png,https://en.onepiece-cardgame.com/images/cardlist/card/OP02-041_p1.png?260305,,,,,,,,,,,,,,,,,,,,,,,,OP02-041_p1,0,0,0,0,1,0,missing_printing_market_map
407,OP02-041,Monkey.D.Luffy,R,,1335,407,OP02-041_p2,,parallel_2,Parallel 2,official-cardlist,ST11/parallel/OP02-041_p2.png,https://en.onepiece-cardgame.com/images/cardlist/card/OP02-041_p2.png?260305,,,,,,,,,,,,,,,,,,,,,,,,OP02-041_p2,0,0,0,0,1,0,missing_printing_market_map
408,OP02-042,Yamato,R,,1336,408,OP02-042,,base,Base,official-cardlist,OP02/base/OP02-042.png,https://en.onepiece-cardgame.com/images/cardlist/card/OP02-042.png?260305,257,1336,548,HIGH,exact_code_plus_base_flag,548,486369,Yamato,Yamato,OP02-042,R,,tcgcsv,550,548,0.1,0.49,25.0,0.4,,,2026-04-02 02:58:10,tcgcsv,OP02-042,1,1,1,0,1,0,missing_tcgplayer_product_id_only
409,OP02-043,Roronoa Zoro,C,,1338,409,OP02-043,,base,Base,official-cardlist,OP02/base/OP02-043.png,https://en.onepiece-cardgame.com/images/cardlist/card/OP02-043.png?260305,258,1338,549,HIGH,exact_code_plus_base_flag,549,486371,Roronoa Zoro,Roronoa Zoro,OP02-043,C,,tcgcsv,551,549,0.02,0.2,5.0,0.1,,,2026-04-02 02:58:10,tcgcsv,OP02-043,1,1,1,0,1,0,missing_tcgplayer_product_id_only
409,OP02-043,Roronoa Zoro,C,,1340,409,OP02-043_p1,,parallel_1,Parallel 1,official-cardlist,ST11/parallel/OP02-043_p1.png,https://en.onepiece-cardgame.com/images/cardlist/card/OP02-043_p1.png?260305,,,,,,,,,,,,,,,,,,,,,,,,OP02-043_p1,0,0,0,0,1,0,missing_printing_market_map
410,OP02-044,Wanda,C,,1341,410,OP02-044,,base,Base,official-cardlist,OP02/base/OP02-044.png,https://en.onepiece-cardgame.com/images/cardlist/card/OP02-044.png?260305,259,1341,550,HIGH,exact_code_plus_base_flag,550,486374,Wanda,Wanda,OP02-044,C,,tcgcsv,552,550,0.01,0.15,5.0,0.12,,,2026-04-02 02:58:10,tcgcsv,OP02-044,1,1,1,0,1,0,missing_tcgplayer_product_id_only
411,OP02-045,Three Sword Style Oni Giri,C,,1343,411,OP02-045,,base,Base,official-cardlist,OP02/base/OP02-045.png,https://en.onepiece-cardgame.com/images/cardlist/card/OP02-045.png?260305,260,1343,551,HIGH,exact_code_plus_base_flag,551,486375,Three Sword Style Oni Giri,Three Sword Style Oni Giri,OP02-045,C,,tcgcsv,553,551,0.01,0.15,5.0,0.09,,,2026-04-02 02:58:10,tcgcsv,OP02-045,1,1,1,0,1,0,missing_tcgplayer_product_id_only
411,OP02-045,Three Sword Style Oni Giri,C,,1345,411,OP02-045_p1,,parallel_1,Parallel 1,official-cardlist,ST11/parallel/OP02-045_p1.png,https://en.onepiece-cardgame.com/images/cardlist/card/OP02-045_p1.png?260305,,,,,,,,,,,,,,,,,,,,,,,,OP02-045_p1,0,0,0,0,1,0,missing_printing_market_map
412,OP02-046,Diable Jambe Venaison Shoot,UC,,1346,412,OP02-046,,base,Base,official-cardlist,OP02/base/OP02-046.png,https://en.onepiece-cardgame.com/images/cardlist/card/OP02-046.png?260305,261,1346,552,HIGH,exact_code_plus_base_flag,552,486378,Diable Jambe Venaison Shoot,Diable Jambe Venaison Shoot,OP02-046,UC,,tcgcsv,554,552,0.02,0.19,5.0,0.15,,,2026-04-02 02:58:10,tcgcsv,OP02-046,1,1,1,0,1,0,missing_tcgplayer_product_id_only
413,OP02-047,Paradise Totsuka,R,,1348,413,OP02-047,,base,Base,official-cardlist,OP02/base/OP02-047.png,https://en.onepiece-cardgame.com/images/cardlist/card/OP02-047.png?260305,262,1348,553,HIGH,exact_code_plus_base_flag,553,486380,Paradise Totsuka,Paradise Totsuka,OP02-047,R,,tcgcsv,555,553,0.07,0.25,10.0,0.17,,,2026-04-02 02:58:10,tcgcsv,OP02-047,1,1,1,0,1,0,missing_tcgplayer_product_id_only
414,OP02-048,Land of Wano,C,,1350,414,OP02-048,,base,Base,official-cardlist,OP02/base/OP02-048.png,https://en.onepiece-cardgame.com/images/cardlist/card/OP02-048.png?260305,263,1350,554,HIGH,exact_code_plus_base_flag,554,486382,Land of Wano,Land of Wano,OP02-048,C,,tcgcsv,556,554,0.02,0.15,5.0,0.08,,,2026-04-02 02:58:10,tcgcsv,OP02-048,1,1,1,0,1,0,missing_tcgplayer_product_id_only
415,OP02-049,Emporio.Ivankov,L,,1352,415,OP02-049,,base,Base,official-cardlist,OP02/base/OP02-049.png,https://en.onepiece-cardgame.com/images/cardlist/card/OP02-049.png?260305,196,1352,487,HIGH,exact_code_plus_base_flag,487,483949,Emporio.Ivankov (049) (Alternate Art),EmporioIvankov 049 Alternate Art,OP02-049,L,,tcgcsv,487,487,38.99,49.5,199.99,49.5,,,2026-04-02 02:58:10,tcgcsv,OP02-049,1,1,1,0,1,0,missing_tcgplayer_product_id_only
415,OP02-049,Emporio.Ivankov,L,,1354,415,OP02-049::alt,,alt,Alt,local-catalog,thumbs/OP02-049_Alt.webp,,,,,,,,,,,,,,,,,,,,,,,,,OP02-049::alt,0,0,0,0,1,0,missing_printing_market_map
415,OP02-049,Emporio.Ivankov,L,,1355,415,OP02-049_p1,,parallel_1,Parallel 1,official-cardlist,OP02/parallel/OP02-049_p1.png,https://en.onepiece-cardgame.com/images/cardlist/card/OP02-049_p1.png?260305,,,,,,,,,,,,,,,,,,,,,,,,OP02-049_p1,0,0,0,0,1,0,missing_printing_market_map
416,OP02-050,Inazuma,R,,1356,416,OP02-050,,base,Base,official-cardlist,OP02/base/OP02-050.png,https://en.onepiece-cardgame.com/images/cardlist/card/OP02-050.png?260305,265,1356,556,HIGH,exact_code_plus_base_flag,556,486389,Inazuma,Inazuma,OP02-050,R,,tcgcsv,558,556,0.05,0.25,25.0,0.13,,,2026-04-02 02:58:10,tcgcsv,OP02-050,1,1,1,0,1,0,missing_tcgplayer_product_id_only
417,OP02-051,Emporio.Ivankov,SR,,1358,417,OP02-051,,base,Base,official-cardlist,OP02/base/OP02-051.png,https://en.onepiece-cardgame.com/images/cardlist/card/OP02-051.png?260305,220,1358,511,HIGH,exact_code_plus_base_flag,511,485812,Emporio.Ivankov (051) (Alternate Art),EmporioIvankov 051 Alternate Art,OP02-051,SR,,tcgcsv,511,511,5.43,7.21,50.0,6.47,,,2026-04-02 02:58:10,tcgcsv,OP02-051,1,1,1,0,1,0,missing_tcgplayer_product_id_only
417,OP02-051,Emporio.Ivankov,SR,,1360,417,OP02-051::alt,,alt,Alt,local-catalog,thumbs/OP02-051_Alt.webp,,,,,,,,,,,,,,,,,,,,,,,,,OP02-051::alt,0,0,0,0,1,0,missing_printing_market_map
417,OP02-051,Emporio.Ivankov,SR,,1361,417,OP02-051_p1,,parallel_1,Parallel 1,official-cardlist,OP02/parallel/OP02-051_p1.png,https://en.onepiece-cardgame.com/images/cardlist/card/OP02-051_p1.png?260305,,,,,,,,,,,,,,,,,,,,,,,,OP02-051_p1,0,0,0,0,1,0,missing_printing_market_map
418,OP02-052,Cabaji,C,,1362,418,OP02-052,,base,Base,official-cardlist,OP02/base/OP02-052.png,https://en.onepiece-cardgame.com/images/cardlist/card/OP02-052.png?260305,267,1362,558,HIGH,exact_code_plus_base_flag,558,486391,Cabaji,Cabaji,OP02-052,C,,tcgcsv,560,558,0.01,0.15,5.0,0.08,,,2026-04-02 02:58:10,tcgcsv,OP02-052,1,1,1,0,1,0,missing_tcgplayer_product_id_only
419,OP02-053,Crocodile,C,,1364,419,OP02-053,,base,Base,official-cardlist,OP02/base/OP02-053.png,https://en.onepiece-cardgame.com/images/cardlist/card/OP02-053.png?260305,268,1364,559,HIGH,exact_code_plus_base_flag,559,486392,Crocodile,Crocodile,OP02-053,C,,tcgcsv,561,559,0.01,0.15,5.0,0.12,,,2026-04-02 02:58:10,tcgcsv,OP02-053,1,1,1,0,1,0,missing_tcgplayer_product_id_only
419,OP02-053,Crocodile,C,,1366,419,OP02-053::alt,,alt,Alt,local-catalog,thumbs/OP02-053(alt).webp,,,,,,,,,,,,,,,,,,,,,,,,,OP02-053::alt,0,0,0,0,1,0,missing_printing_market_map
420,OP02-054,Gecko Moria,C,,1367,420,OP02-054,,base,Base,official-cardlist,OP02/base/OP02-054.png,https://en.onepiece-cardgame.com/images/cardlist/card/OP02-054.png?260305,269,1367,560,HIGH,exact_code_plus_base_flag,560,486393,Gecko Moria,Gecko Moria,OP02-054,C,,tcgcsv,562,560,0.01,0.15,5.0,0.07,,,2026-04-02 02:58:10,tcgcsv,OP02-054,1,1,1,0,1,0,missing_tcgplayer_product_id_only
420,OP02-054,Gecko Moria,C,,1369,420,OP02-054_r1,,r1,R1,official-cardlist,ST17/reprint/OP02-054_r1.png,https://en.onepiece-cardgame.com/images/cardlist/card/OP02-054_r1.png?260305,,,,,,,,,,,,,,,,,,,,,,,,OP02-054_r1,0,0,0,0,1,0,missing_printing_market_map
421,OP02-055,Dracule Mihawk,C,,1370,421,OP02-055,,base,Base,official-cardlist,OP02/base/OP02-055.png,https://en.onepiece-cardgame.com/images/cardlist/card/OP02-055.png?260305,270,1370,561,HIGH,exact_code_plus_base_flag,561,486394,Dracule Mihawk,Dracule Mihawk,OP02-055,C,,tcgcsv,563,561,0.01,0.15,5.0,0.11,,,2026-04-02 02:58:10,tcgcsv,OP02-055,1,1,1,0,1,0,missing_tcgplayer_product_id_only
422,OP02-056,Donquixote Doflamingo,UC,,1372,422,OP02-056,,base,Base,official-cardlist,OP02/base/OP02-056.png,https://en.onepiece-cardgame.com/images/cardlist/card/OP02-056.png?260305,271,1372,562,HIGH,exact_code_plus_base_flag,562,486395,Donquixote Doflamingo,Donquixote Doflamingo,OP02-056,UC,,tcgcsv,564,562,0.04,0.2,5.0,0.13,,,2026-04-02 02:58:10,tcgcsv,OP02-056,1,1,1,0,1,0,missing_tcgplayer_product_id_only
423,OP02-057,Bartholomew Kuma,UC,,1374,423,OP02-057,,base,Base,official-cardlist,OP02/base/OP02-057.png,https://en.onepiece-cardgame.com/images/cardlist/card/OP02-057.png?260305,272,1374,563,HIGH,exact_code_plus_base_flag,563,486396,Bartholomew Kuma,Bartholomew Kuma,OP02-057,UC,,tcgcsv,565,563,0.01,0.16,5.0,0.08,,,2026-04-02 02:58:10,tcgcsv,OP02-057,1,1,1,0,1,0,missing_tcgplayer_product_id_only
423,OP02-057,Bartholomew Kuma,UC,,1376,423,OP02-057_r1,,r1,R1,official-cardlist,ST17/reprint/OP02-057_r1.png,https://en.onepiece-cardgame.com/images/cardlist/card/OP02-057_r1.png?260305,,,,,,,,,,,,,,,,,,,,,,,,OP02-057_r1,0,0,0,0,1,0,missing_printing_market_map
424,OP02-058,Buggy,R,,1377,424,OP02-058,,base,Base,official-cardlist,OP02/base/OP02-058.png,https://en.onepiece-cardgame.com/images/cardlist/card/OP02-058.png?260305,221,1377,512,HIGH,exact_code_plus_base_flag,512,485813,Buggy (Alternate Art),Buggy Alternate Art,OP02-058,R,,tcgcsv,512,512,12.41,17.59,59.87,11.19,,,2026-04-02 02:58:10,tcgcsv,OP02-058,1,1,1,0,1,0,missing_tcgplayer_product_id_only
424,OP02-058,Buggy,R,,1379,424,OP02-058::alt,,alt,Alt,local-catalog,thumbs/OP02-058alt.webp,,,,,,,,,,,,,,,,,,,,,,,,,OP02-058::alt,0,0,0,0,1,0,missing_printing_market_map
424,OP02-058,Buggy,R,,1380,424,OP02-058_p1,,parallel_1,Parallel 1,official-cardlist,OP02/parallel/OP02-058_p1.png,https://en.onepiece-cardgame.com/images/cardlist/card/OP02-058_p1.png?260305,,,,,,,,,,,,,,,,,,,,,,,,OP02-058_p1,0,0,0,0,1,0,missing_printing_market_map
425,OP02-059,Boa Hancock,UC,,1381,425,OP02-059,,base,Base,official-cardlist,OP02/base/OP02-059.png,https://en.onepiece-cardgame.com/images/cardlist/card/OP02-059.png?260305,206,1381,497,HIGH,exact_code_plus_base_flag,497,485237,Boa Hancock (Box Topper),Boa Hancock Box Topper,OP02-059,UC,Box Topper,tcgcsv,497,497,27.94,36.16,300.0,27.15,,,2026-04-02 02:58:10,tcgcsv,OP02-059,1,1,1,0,1,0,missing_tcgplayer_product_id_only
425,OP02-059,Boa Hancock,UC,,1383,425,OP02-059::alt,,alt,Alt,local-catalog,thumbs/OP02-059(alt).webp,,,,,,,,,,,,,,,,,,,,,,,,,OP02-059::alt,0,0,0,0,1,0,missing_printing_market_map
425,OP02-059,Boa Hancock,UC,,1384,425,OP02-059::alt art 2,,alt,Alt Art 2,local-catalog,thumbs/OP02-059(alt2).webp,,,,,,,,,,,,,,,,,,,,,,,,,OP02-059::alt art 2,0,0,0,0,1,0,missing_printing_market_map
425,OP02-059,Boa Hancock,UC,,1385,425,OP02-059_p1,,parallel_1,Parallel 1,official-cardlist,OP02/parallel/OP02-059_p1.png,https://en.onepiece-cardgame.com/images/cardlist/card/OP02-059_p1.png?260305,,,,,,,,,,,,,,,,,,,,,,,,OP02-059_p1,0,0,0,0,1,0,missing_printing_market_map
425,OP02-059,Boa Hancock,UC,,1386,425,OP02-059_p2,,parallel_2,Parallel 2,official-cardlist,GC01/parallel/OP02-059_p2.png,https://en.onepiece-cardgame.com/images/cardlist/card/OP02-059_p2.png?260305,,,,,,,,,,,,,,,,,,,,,,,,OP02-059_p2,0,0,0,0,1,0,missing_printing_market_map
426,OP02-060,Mohji,C,,1387,426,OP02-060,,base,Base,official-cardlist,OP02/base/OP02-060.png,https://en.onepiece-cardgame.com/images/cardlist/card/OP02-060.png?260305,275,1387,566,HIGH,exact_code_plus_base_flag,566,486399,Mohji,Mohji,OP02-060,C,,tcgcsv,568,566,0.01,0.15,5.0,0.06,,,2026-04-02 02:58:10,tcgcsv,OP02-060,1,1,1,0,1,0,missing_tcgplayer_product_id_only
427,OP02-061,Morley,UC,,1389,427,OP02-061,,base,Base,official-cardlist,OP02/base/OP02-061.png,https://en.onepiece-cardgame.com/images/cardlist/card/OP02-061.png?260305,276,1389,567,HIGH,exact_code_plus_base_flag,567,486400,Morley,Morley,OP02-061,UC,,tcgcsv,569,567,0.01,0.18,5.0,0.08,,,2026-04-02 02:58:10,tcgcsv,OP02-061,1,1,1,0,1,0,missing_tcgplayer_product_id_only
428,OP02-062,Monkey.D.Luffy,SR,,1391,428,OP02-062,,base,Base,official-cardlist,OP02/base/OP02-062.png,https://en.onepiece-cardgame.com/images/cardlist/card/OP02-062.png?260305,207,1391,498,HIGH,exact_code_plus_base_flag,498,485238,Monkey.D.Luffy (062),MonkeyDLuffy 062,OP02-062,SR,,tcgcsv,498,498,1.0,2.25,50.0,1.78,,,2026-04-02 02:58:10,tcgcsv,OP02-062,1,1,1,0,1,0,missing_tcgplayer_product_id_only
428,OP02-062,Monkey.D.Luffy,SR,,1393,428,OP02-062::alt,,alt,Alt,local-catalog,thumbs/OP02-062_Alt.webp,,,,,,,,,,,,,,,,,,,,,,,,,OP02-062::alt,0,0,0,0,1,0,missing_printing_market_map
428,OP02-062,Monkey.D.Luffy,SR,,1394,428,OP02-062_p1,,parallel_1,Parallel 1,official-cardlist,OP02/parallel/OP02-062_p1.png,https://en.onepiece-cardgame.com/images/cardlist/card/OP02-062_p1.png?260305,,,,,,,,,,,,,,,,,,,,,,,,OP02-062_p1,0,0,0,0,1,0,missing_printing_market_map
429,OP02-063,Mr.1(Daz.Bonez),UC,,1395,429,OP02-063,,base,Base,official-cardlist,OP02/base/OP02-063.png,https://en.onepiece-cardgame.com/images/cardlist/card/OP02-063.png?260305,277,1395,568,HIGH,exact_code_plus_base_flag,568,486401,Mr.1 (Daz.Bonez),Mr1 DazBonez,OP02-063,UC,,tcgcsv,570,568,0.01,0.28,10.0,0.23,,,2026-04-02 02:58:10,tcgcsv,OP02-063,1,1,1,0,1,0,missing_tcgplayer_product_id_only
429,OP02-063,Mr.1(Daz.Bonez),UC,,1397,429,OP02-063::alt,,alt,Alt,local-catalog,thumbs/OP02-063Alt.webp,,,,,,,,,,,,,,,,,,,,,,,,,OP02-063::alt,0,0,0,0,1,0,missing_printing_market_map
429,OP02-063,Mr.1(Daz.Bonez),UC,,1398,429,OP02-063_p1,,parallel_1,Parallel 1,official-cardlist,ORP2024V3/parallel/OP02-063_p1.png,https://en.onepiece-cardgame.com/images/cardlist/card/OP02-063_p1.png?260305,,,,,,,,,,,,,,,,,,,,,,,,OP02-063_p1,0,0,0,0,1,0,missing_printing_market_map
430,OP02-064,Mr.2.Bon.Kurei(Bentham),R,,1399,430,OP02-064,,base,Base,official-cardlist,OP02/base/OP02-064.png,https://en.onepiece-cardgame.com/images/cardlist/card/OP02-064.png?260305,278,1399,569,HIGH,exact_code_plus_base_flag,569,486402,Mr.2.Bon.Kurei (Bentham),Mr2BonKurei Bentham,OP02-064,R,,tcgcsv,571,569,0.1,0.35,25.0,0.29,,,2026-04-02 02:58:10,tcgcsv,OP02-064,1,1,1,0,1,0,missing_tcgplayer_product_id_only
431,OP02-065,Mr.3(Galdino),R,,1401,431,OP02-065,,base,Base,official-cardlist,OP02/base/OP02-065.png,https://en.onepiece-cardgame.com/images/cardlist/card/OP02-065.png?260305,279,1401,570,HIGH,exact_code_plus_base_flag,570,486403,Mr.3 (Galdino),Mr3 Galdino,OP02-065,R,,tcgcsv,572,570,0.05,0.25,25.0,0.16,,,2026-04-02 02:58:10,tcgcsv,OP02-065,1,1,1,0,1,0,missing_tcgplayer_product_id_only
432,OP02-066,Impel Down All Stars,C,,1403,432,OP02-066,,base,Base,official-cardlist,OP02/base/OP02-066.png,https://en.onepiece-cardgame.com/images/cardlist/card/OP02-066.png?260305,280,1403,571,HIGH,exact_code_plus_base_flag,571,486404,Impel Down All Stars,Impel Down All Stars,OP02-066,C,,tcgcsv,573,571,0.1,0.25,5.0,0.16,,,2026-04-02 02:58:10,tcgcsv,OP02-066,1,1,1,0,1,0,missing_tcgplayer_product_id_only
433,OP02-067,Arabesque Brick Fist,UC,,1405,433,OP02-067,,base,Base,official-cardlist,OP02/base/OP02-067.png,https://en.onepiece-cardgame.com/images/cardlist/card/OP02-067.png?260305,281,1405,572,HIGH,exact_code_plus_base_flag,572,486405,Arabesque Brick Fist,Arabesque Brick Fist,OP02-067,UC,,tcgcsv,574,572,0.07,0.26,5.0,0.17,,,2026-04-02 02:58:10,tcgcsv,OP02-067,1,1,1,0,1,0,missing_tcgplayer_product_id_only
434,OP02-068,Gum-Gum Rain,R,,1407,434,OP02-068,,base,Base,official-cardlist,OP02/base/OP02-068.png,https://en.onepiece-cardgame.com/images/cardlist/card/OP02-068.png?260305,282,1407,573,HIGH,exact_code_plus_base_flag,573,486406,Gum-Gum Rain,Gum Gum Rain,OP02-068,R,,tcgcsv,575,573,0.22,0.45,25.0,0.31,,,2026-04-02 02:58:10,tcgcsv,OP02-068,1,1,1,0,1,0,missing_tcgplayer_product_id_only
434,OP02-068,Gum-Gum Rain,R,,1409,434,OP02-068_p1,,parallel_1,Parallel 1,official-cardlist,PRB02/parallel/OP02-068_p1.png,https://en.onepiece-cardgame.com/images/cardlist/card/OP02-068_p1.png?260305,,,,,,,,,,,,,,,,,,,,,,,,OP02-068_p1,0,0,0,0,1,0,missing_printing_market_map
434,OP02-068,Gum-Gum Rain,R,,1410,434,OP02-068::prb02,,alt,Prb02,local-catalog,thumbs/OP02-068(PRB02).webp,,,,,,,,,,,,,,,,,,,,,,,,,OP02-068::prb02,0,0,0,0,1,0,missing_printing_market_map
434,OP02-068,Gum-Gum Rain,R,,1411,434,OP02-068_r1,,r1,R1,official-cardlist,PRB02/reprint/OP02-068_r1.png,https://en.onepiece-cardgame.com/images/cardlist/card/OP02-068_r1.png?260305,,,,,,,,,,,,,,,,,,,,,,,,OP02-068_r1,0,0,0,0,1,0,missing_printing_market_map
435,OP02-069,DEATH WINK,C,,1412,435,OP02-069,,base,Base,official-cardlist,OP02/base/OP02-069.png,https://en.onepiece-cardgame.com/images/cardlist/card/OP02-069.png?260305,283,1412,574,HIGH,exact_code_plus_base_flag,574,486407,DEATH WINK,DEATH WINK,OP02-069,C,,tcgcsv,576,574,0.02,0.2,5.0,0.09,,,2026-04-02 02:58:10,tcgcsv,OP02-069,1,1,1,0,1,0,missing_tcgplayer_product_id_only
436,OP02-070,New Kama Land,C,,1414,436,OP02-070,,base,Base,official-cardlist,OP02/base/OP02-070.png,https://en.onepiece-cardgame.com/images/cardlist/card/OP02-070.png?260305,284,1414,575,HIGH,exact_code_plus_base_flag,575,486408,New Kama Land,New Kama Land,OP02-070,C,,tcgcsv,577,575,0.01,0.15,5.0,0.07,,,2026-04-02 02:58:10,tcgcsv,OP02-070,1,1,1,0,1,0,missing_tcgplayer_product_id_only
437,OP02-071,Magellan,L,,1416,437,OP02-071,,base,Base,official-cardlist,OP02/base/OP02-071.png,https://en.onepiece-cardgame.com/images/cardlist/card/OP02-071.png?260305,197,1416,488,HIGH,exact_code_plus_base_flag,488,484134,Magellan (071) (Alternate Art),Magellan 071 Alternate Art,OP02-071,L,,tcgcsv,488,488,44.99,50.85,199.99,52.03,,,2026-04-02 02:58:10,tcgcsv,OP02-071,1,1,1,0,1,0,missing_tcgplayer_product_id_only
437,OP02-071,Magellan,L,,1418,437,OP02-071::alt,,alt,Alt,local-catalog,thumbs/OP02-071_Alt.webp,,,,,,,,,,,,,,,,,,,,,,,,,OP02-071::alt,0,0,0,0,1,0,missing_printing_market_map
437,OP02-071,Magellan,L,,1419,437,OP02-071_p1,,parallel_1,Parallel 1,official-cardlist,OP02/parallel/OP02-071_p1.png,https://en.onepiece-cardgame.com/images/cardlist/card/OP02-071_p1.png?260305,,,,,,,,,,,,,,,,,,,,,,,,OP02-071_p1,0,0,0,0,1,0,missing_printing_market_map
438,OP02-072,Zephyr,L,,1420,438,OP02-072,,base,Base,official-cardlist,OP02/base/OP02-072.png,https://en.onepiece-cardgame.com/images/cardlist/card/OP02-072.png?260305,198,1420,489,HIGH,exact_code_plus_base_flag,489,484314,Zephyr (Alternate Art),Zephyr Alternate Art,OP02-072,L,,tcgcsv,489,489,28.37,40.0,124.99,44.22,,,2026-04-02 02:58:10,tcgcsv,OP02-072,1,1,1,0,1,0,missing_tcgplayer_product_id_only
438,OP02-072,Zephyr,L,,1422,438,OP02-072::alt,,alt,Alt,local-catalog,thumbs/OP02-072_Alt.webp,,,,,,,,,,,,,,,,,,,,,,,,,OP02-072::alt,0,0,0,0,1,0,missing_printing_market_map
438,OP02-072,Zephyr,L,,1423,438,OP02-072_p1,,parallel_1,Parallel 1,official-cardlist,OP02/parallel/OP02-072_p1.png,https://en.onepiece-cardgame.com/images/cardlist/card/OP02-072_p1.png?260305,,,,,,,,,,,,,,,,,,,,,,,,OP02-072_p1,0,0,0,0,1,0,missing_printing_market_map
439,OP02-073,Little Sadi,R,,1424,439,OP02-073,,base,Base,official-cardlist,OP02/base/OP02-073.png,https://en.onepiece-cardgame.com/images/cardlist/card/OP02-073.png?260305,218,1424,509,HIGH,exact_code_plus_base_flag,509,485457,Little Sadi (Alternate Art),Little Sadi Alternate Art,OP02-073,R,,tcgcsv,509,509,6.59,9.46,72.94,8.42,,,2026-04-02 02:58:10,tcgcsv,OP02-073,1,1,1,0,1,0,missing_tcgplayer_product_id_only
439,OP02-073,Little Sadi,R,,1426,439,OP02-073::alt,,alt,Alt,local-catalog,thumbs/OP02-073ALT.webp,,,,,,,,,,,,,,,,,,,,,,,,,OP02-073::alt,0,0,0,0,1,0,missing_printing_market_map
439,OP02-073,Little Sadi,R,,1427,439,OP02-073_p1,,parallel_1,Parallel 1,official-cardlist,OP02/parallel/OP02-073_p1.png,https://en.onepiece-cardgame.com/images/cardlist/card/OP02-073_p1.png?260305,,,,,,,,,,,,,,,,,,,,,,,,OP02-073_p1,0,0,0,0,1,0,missing_printing_market_map
440,OP02-074,Saldeath,C,,1428,440,OP02-074,,base,Base,official-cardlist,OP02/base/OP02-074.png,https://en.onepiece-cardgame.com/images/cardlist/card/OP02-074.png?260305,287,1428,578,HIGH,exact_code_plus_base_flag,578,486416,Saldeath,Saldeath,OP02-074,C,,tcgcsv,580,578,0.01,0.15,5.0,0.06,,,2026-04-02 02:58:10,tcgcsv,OP02-074,1,1,1,0,1,0,missing_tcgplayer_product_id_only
441,OP02-075,Shiki,R,,1430,441,OP02-075,,base,Base,official-cardlist,OP02/base/OP02-075.png,https://en.onepiece-cardgame.com/images/cardlist/card/OP02-075.png?260305,288,1430,579,HIGH,exact_code_plus_base_flag,579,486419,Shiki,Shiki,OP02-075,R,,tcgcsv,581,579,0.06,0.25,25.0,0.15,,,2026-04-02 02:58:10,tcgcsv,OP02-075,1,1,1,0,1,0,missing_tcgplayer_product_id_only
442,OP02-076,Shiryu,R,,1432,442,OP02-076,,base,Base,official-cardlist,OP02/base/OP02-076.png,https://en.onepiece-cardgame.com/images/cardlist/card/OP02-076.png?260305,289,1432,580,HIGH,exact_code_plus_base_flag,580,486422,Shiryu,Shiryu,OP02-076,R,,tcgcsv,582,580,0.05,0.25,25.0,0.13,,,2026-04-02 02:58:10,tcgcsv,OP02-076,1,1,1,0,1,0,missing_tcgplayer_product_id_only
443,OP02-077,Solitaire,C,,1434,443,OP02-077,,base,Base,official-cardlist,OP02/base/OP02-077.png,https://en.onepiece-cardgame.com/images/cardlist/card/OP02-077.png?260305,290,1434,581,HIGH,exact_code_plus_base_flag,581,486425,Solitaire,Solitaire,OP02-077,C,,tcgcsv,583,581,0.01,0.17,5.0,0.11,,,2026-04-02 02:58:10,tcgcsv,OP02-077,1,1,1,0,1,0,missing_tcgplayer_product_id_only
444,OP02-078,Daifugo,UC,,1436,444,OP02-078,,base,Base,official-cardlist,OP02/base/OP02-078.png,https://en.onepiece-cardgame.com/images/cardlist/card/OP02-078.png?260305,291,1436,582,HIGH,exact_code_plus_base_flag,582,486433,Daifugo,Daifugo,OP02-078,UC,,tcgcsv,584,582,0.03,0.17,5.0,0.09,,,2026-04-02 02:58:10,tcgcsv,OP02-078,1,1,1,0,1,0,missing_tcgplayer_product_id_only
445,OP02-079,Douglas Bullet,UC,,1438,445,OP02-079,,base,Base,official-cardlist,OP02/base/OP02-079.png,https://en.onepiece-cardgame.com/images/cardlist/card/OP02-079.png?260305,292,1438,583,HIGH,exact_code_plus_base_flag,583,486436,Douglas Bullet,Douglas Bullet,OP02-079,UC,,tcgcsv,585,583,0.01,0.18,5.0,0.08,,,2026-04-02 02:58:10,tcgcsv,OP02-079,1,1,1,0,1,0,missing_tcgplayer_product_id_only
446,OP02-080,Dobon,C,,1440,446,OP02-080,,base,Base,official-cardlist,OP02/base/OP02-080.png,https://en.onepiece-cardgame.com/images/cardlist/card/OP02-080.png?260305,293,1440,584,HIGH,exact_code_plus_base_flag,584,486438,Dobon,Dobon,OP02-080,C,,tcgcsv,586,584,0.01,0.15,5.0,0.03,,,2026-04-02 02:58:10,tcgcsv,OP02-080,1,1,1,0,1,0,missing_tcgplayer_product_id_only
447,OP02-081,Domino,C,,1442,447,OP02-081,,base,Base,official-cardlist,OP02/base/OP02-081.png,https://en.onepiece-cardgame.com/images/cardlist/card/OP02-081.png?260305,294,1442,585,HIGH,exact_code_plus_base_flag,585,486441,Domino,Domino,OP02-081,C,,tcgcsv,587,585,0.01,0.15,5.0,0.1,,,2026-04-02 02:58:10,tcgcsv,OP02-081,1,1,1,0,1,0,missing_tcgplayer_product_id_only
448,OP02-082,Byrnndi World,UC,,1444,448,OP02-082,,base,Base,official-cardlist,OP02/base/OP02-082.png,https://en.onepiece-cardgame.com/images/cardlist/card/OP02-082.png?260305,295,1444,586,HIGH,exact_code_plus_base_flag,586,486445,Byrnndi World,Byrnndi World,OP02-082,UC,,tcgcsv,588,586,0.01,0.17,5.0,0.1,,,2026-04-02 02:58:10,tcgcsv,OP02-082,1,1,1,0,1,0,missing_tcgplayer_product_id_only
449,OP02-083,Hannyabal,R,,1446,449,OP02-083,,base,Base,official-cardlist,OP02/base/OP02-083.png,https://en.onepiece-cardgame.com/images/cardlist/card/OP02-083.png?260305,296,1446,587,HIGH,exact_code_plus_base_flag,587,486448,Hannyabal,Hannyabal,OP02-083,R,,tcgcsv,589,587,0.09,0.25,50.0,0.18,,,2026-04-02 02:58:10,tcgcsv,OP02-083,1,1,1,0,1,0,missing_tcgplayer_product_id_only
450,OP02-084,Blugori,C,,1448,450,OP02-084,,base,Base,official-cardlist,OP02/base/OP02-084.png,https://en.onepiece-cardgame.com/images/cardlist/card/OP02-084.png?260305,297,1448,588,HIGH,exact_code_plus_base_flag,588,486451,Blugori,Blugori,OP02-084,C,,tcgcsv,590,588,0.01,0.15,47.54,0.05,,,2026-04-02 02:58:10,tcgcsv,OP02-084,1,1,1,0,1,0,missing_tcgplayer_product_id_only
451,OP02-085,Magellan,SP CARD,,1450,451,OP02-085,,base,Base,official-cardlist,OP02/base/OP02-085.png,https://en.onepiece-cardgame.com/images/cardlist/card/OP02-085.png?260305,219,1450,510,HIGH,exact_code_plus_base_flag,510,485459,Magellan (085) (Alternate Art),Magellan 085 Alternate Art,OP02-085,SR,,tcgcsv,510,510,8.06,15.0,124.0,11.9,,,2026-04-02 02:58:10,tcgcsv,OP02-085,1,1,1,0,1,0,missing_tcgplayer_product_id_only
451,OP02-085,Magellan,SP CARD,,1452,451,OP02-085::alt,,alt,Alt,local-catalog,thumbs/OP02-085Alt.webp,,,,,,,,,,,,,,,,,,,,,,,,,OP02-085::alt,0,0,0,0,1,0,missing_printing_market_map
451,OP02-085,Magellan,SP CARD,,1453,451,OP02-085_p1,,parallel_1,Parallel 1,official-cardlist,OP02/parallel/OP02-085_p1.png,https://en.onepiece-cardgame.com/images/cardlist/card/OP02-085_p1.png?260305,,,,,,,,,,,,,,,,,,,,,,,,OP02-085_p1,0,0,0,0,1,0,missing_printing_market_map
451,OP02-085,Magellan,SP CARD,,1454,451,OP02-085_p2,,parallel_2,Parallel 2,official-cardlist,OP04/parallel/OP02-085_p2.png,https://en.onepiece-cardgame.com/images/cardlist/card/OP02-085_p2.png?260305,,,,,,,,,,,,,,,,,,,,,,,,OP02-085_p2,0,0,0,0,1,0,missing_printing_market_map
451,OP02-085,Magellan,SP CARD,,1455,451,OP02-085::s p,,sp,S P,local-catalog,thumbs/OP02-085SP.webp,,,,,,,,,,,,,,,,,,,,,,,,,OP02-085::s p,0,0,0,0,1,0,missing_printing_market_map
452,OP02-086,Minokoala,UC,,1456,452,OP02-086,,base,Base,official-cardlist,OP02/base/OP02-086.png,https://en.onepiece-cardgame.com/images/cardlist/card/OP02-086.png?260305,209,1456,500,HIGH,exact_code_plus_base_flag,500,485241,Minokoala (Box Topper),Minokoala Box Topper,OP02-086,UC,Box Topper,tcgcsv,500,500,1.0,2.0,12.0,1.46,,,2026-04-02 02:58:10,tcgcsv,OP02-086,1,1,1,0,1,0,missing_tcgplayer_product_id_only
452,OP02-086,Minokoala,UC,,1458,452,OP02-086::alt,,alt,Alt,local-catalog,thumbs/OP02-086_Alt.webp,,,,,,,,,,,,,,,,,,,,,,,,,OP02-086::alt,0,0,0,0,1,0,missing_printing_market_map
452,OP02-086,Minokoala,UC,,1459,452,OP02-086_p1,,parallel_1,Parallel 1,official-cardlist,OP02/parallel/OP02-086_p1.png,https://en.onepiece-cardgame.com/images/cardlist/card/OP02-086_p1.png?260305,,,,,,,,,,,,,,,,,,,,,,,,OP02-086_p1,0,0,0,0,1,0,missing_printing_market_map
453,OP02-087,Minotaur,UC,,1460,453,OP02-087,,base,Base,official-cardlist,OP02/base/OP02-087.png,https://en.onepiece-cardgame.com/images/cardlist/card/OP02-087.png?260305,300,1460,591,HIGH,exact_code_plus_base_flag,591,486454,Minotaur,Minotaur,OP02-087,UC,,tcgcsv,593,591,0.05,0.2,5.0,0.11,,,2026-04-02 02:58:10,tcgcsv,OP02-087,1,1,1,0,1,0,missing_tcgplayer_product_id_only
454,OP02-088,Sphinx,C,,1462,454,OP02-088,,base,Base,official-cardlist,OP02/base/OP02-088.png,https://en.onepiece-cardgame.com/images/cardlist/card/OP02-088.png?260305,301,1462,592,HIGH,exact_code_plus_base_flag,592,486455,Sphinx,Sphinx,OP02-088,C,,tcgcsv,594,592,0.01,0.15,5.0,0.05,,,2026-04-02 02:58:10,tcgcsv,OP02-088,1,1,1,0,1,0,missing_tcgplayer_product_id_only
455,OP02-089,Judgment of Hell,R,,1464,455,OP02-089,,base,Base,official-cardlist,OP02/base/OP02-089.png,https://en.onepiece-cardgame.com/images/cardlist/card/OP02-089.png?260305,302,1464,593,HIGH,exact_code_plus_base_flag,593,486456,Judgment of Hell,Judgment of Hell,OP02-089,R,,tcgcsv,595,593,0.1,0.66,10.0,0.47,,,2026-04-02 02:58:10,tcgcsv,OP02-089,1,1,1,0,1,0,missing_tcgplayer_product_id_only
455,OP02-089,Judgment of Hell,R,,1466,455,OP02-089_p2,,parallel_2,Parallel 2,official-cardlist,PRB01/parallel/OP02-089_p2.png,https://en.onepiece-cardgame.com/images/cardlist/card/OP02-089_p2.png?260305,,,,,,,,,,,,,,,,,,,,,,,,OP02-089_p2,0,0,0,0,1,0,missing_printing_market_map
455,OP02-089,Judgment of Hell,R,,1467,455,OP02-089_p3,,parallel_3,Parallel 3,official-cardlist,PRB01/parallel/OP02-089_p3.png,https://en.onepiece-cardgame.com/images/cardlist/card/OP02-089_p3.png?260305,,,,,,,,,,,,,,,,,,,,,,,,OP02-089_p3,0,0,0,0,1,0,missing_printing_market_map
455,OP02-089,Judgment of Hell,R,,1468,455,OP02-089_p4,,parallel_4,Parallel 4,official-cardlist,PRB01/parallel/OP02-089_p4.png,https://en.onepiece-cardgame.com/images/cardlist/card/OP02-089_p4.png?260305,,,,,,,,,,,,,,,,,,,,,,,,OP02-089_p4,0,0,0,0,1,0,missing_printing_market_map
455,OP02-089,Judgment of Hell,R,,1469,455,OP02-089::prb01alt,,alt,Prb01Alt,local-catalog,thumbs/OP02-089(PRB01alt).webp,,,,,,,,,,,,,,,,,,,,,,,,,OP02-089::prb01alt,0,0,0,0,1,0,missing_printing_market_map
455,OP02-089,Judgment of Hell,R,,1470,455,OP02-089_r1,,r1,R1,official-cardlist,PRB01/reprint/OP02-089_r1.png,https://en.onepiece-cardgame.com/images/cardlist/card/OP02-089_r1.png?260305,,,,,,,,,,,,,,,,,,,,,,,,OP02-089_r1,0,0,0,0,1,0,missing_printing_market_map
456,OP02-090,Hydra,UC,,1471,456,OP02-090,,base,Base,official-cardlist,OP02/base/OP02-090.png,https://en.onepiece-cardgame.com/images/cardlist/card/OP02-090.png?260305,303,1471,594,HIGH,exact_code_plus_base_flag,594,486457,Hydra,Hydra,OP02-090,UC,,tcgcsv,596,594,0.02,0.2,5.0,0.12,,,2026-04-02 02:58:10,tcgcsv,OP02-090,1,1,1,0,1,0,missing_tcgplayer_product_id_only
457,OP02-091,Venom Road,C,,1473,457,OP02-091,,base,Base,official-cardlist,OP02/base/OP02-091.png,https://en.onepiece-cardgame.com/images/cardlist/card/OP02-091.png?260305,304,1473,595,HIGH,exact_code_plus_base_flag,595,486458,Venom Road,Venom Road,OP02-091,C,,tcgcsv,597,595,0.01,0.15,5.0,0.07,,,2026-04-02 02:58:10,tcgcsv,OP02-091,1,1,1,0,1,0,missing_tcgplayer_product_id_only
458,OP02-092,Impel Down,C,,1475,458,OP02-092,,base,Base,official-cardlist,OP02/base/OP02-092.png,https://en.onepiece-cardgame.com/images/cardlist/card/OP02-092.png?260305,305,1475,596,HIGH,exact_code_plus_base_flag,596,486460,Impel Down,Impel Down,OP02-092,C,,tcgcsv,598,596,0.01,0.15,5.0,0.09,,,2026-04-02 02:58:10,tcgcsv,OP02-092,1,1,1,0,1,0,missing_tcgplayer_product_id_only
459,OP02-093,Smoker,L,,1477,459,OP02-093,,base,Base,official-cardlist,OP02/base/OP02-093.png,https://en.onepiece-cardgame.com/images/cardlist/card/OP02-093.png?260305,199,1477,490,HIGH,exact_code_plus_base_flag,490,484476,Smoker (093) (Alternate Art),Smoker 093 Alternate Art,OP02-093,L,,tcgcsv,490,490,90.0,108.82,450.0,108.82,,,2026-04-02 02:58:10,tcgcsv,OP02-093,1,1,1,0,1,0,missing_tcgplayer_product_id_only
459,OP02-093,Smoker,L,,1479,459,OP02-093::alt,,alt,Alt,local-catalog,thumbs/OP02-093_Alt.webp,,,,,,,,,,,,,,,,,,,,,,,,,OP02-093::alt,0,0,0,0,1,0,missing_printing_market_map
459,OP02-093,Smoker,L,,1480,459,OP02-093_p1,,parallel_1,Parallel 1,official-cardlist,OP02/parallel/OP02-093_p1.png,https://en.onepiece-cardgame.com/images/cardlist/card/OP02-093_p1.png?260305,,,,,,,,,,,,,,,,,,,,,,,,OP02-093_p1,0,0,0,0,1,0,missing_printing_market_map
459,OP02-093,Smoker,L,,1481,459,OP02-093_p2,,parallel_2,Parallel 2,official-cardlist,ST19/parallel/OP02-093_p2.png,https://en.onepiece-cardgame.com/images/cardlist/card/OP02-093_p2.png?260305,,,,,,,,,,,,,,,,,,,,,,,,OP02-093_p2,0,0,0,0,1,0,missing_printing_market_map
459,OP02-093,Smoker,L,,1482,459,OP02-093::st19 alt,,alt,St19 Alt,local-catalog,thumbs/OP02-093(ST19 alt).webp,,,,,,,,,,,,,,,,,,,,,,,,,OP02-093::st19 alt,0,0,0,0,1,0,missing_printing_market_map
460,OP02-094,Isuka,UC,,1483,460,OP02-094,,base,Base,official-cardlist,OP02/base/OP02-094.png,https://en.onepiece-cardgame.com/images/cardlist/card/OP02-094.png?260305,307,1483,598,HIGH,exact_code_plus_base_flag,598,486464,Isuka,Isuka,OP02-094,UC,,tcgcsv,600,598,0.02,0.2,10.0,0.11,,,2026-04-02 02:58:10,tcgcsv,OP02-094,1,1,1,0,1,0,missing_tcgplayer_product_id_only
461,OP02-095,Onigumo,UC,,1485,461,OP02-095,,base,Base,official-cardlist,OP02/base/OP02-095.png,https://en.onepiece-cardgame.com/images/cardlist/card/OP02-095.png?260305,308,1485,599,HIGH,exact_code_plus_base_flag,599,486467,Onigumo,Onigumo,OP02-095,UC,,tcgcsv,601,599,0.01,0.18,10.0,0.07,,,2026-04-02 02:58:10,tcgcsv,OP02-095,1,1,1,0,1,0,missing_tcgplayer_product_id_only
462,OP02-096,Kuzan,SR,,1486,462,OP02-096,,base,Base,official-cardlist,OP02/base/OP02-096.png,https://en.onepiece-cardgame.com/images/cardlist/card/OP02-096.png?260305,203,1486,494,HIGH,exact_code_plus_base_flag,494,485162,Kuzan (096) (Alternate Art),Kuzan 096 Alternate Art,OP02-096,SR,,tcgcsv,494,494,10.49,15.15,199.99,12.19,,,2026-04-02 02:58:10,tcgcsv,OP02-096,1,1,1,0,1,0,missing_tcgplayer_product_id_only
462,OP02-096,Kuzan,SR,,1487,462,OP02-096::alt,,alt,Alt,local-catalog,thumbs/OP02-096_Alt.webp,,,,,,,,,,,,,,,,,,,,,,,,,OP02-096::alt,0,0,0,0,1,0,missing_printing_market_map
462,OP02-096,Kuzan,SR,,1488,462,OP02-096_p1,,parallel_1,Parallel 1,official-cardlist,OP02/parallel/OP02-096_p1.png,https://en.onepiece-cardgame.com/images/cardlist/card/OP02-096_p1.png?260305,,,,,,,,,,,,,,,,,,,,,,,,OP02-096_p1,0,0,0,0,1,0,missing_printing_market_map
462,OP02-096,Kuzan,SR,,1489,462,OP02-096_p3,,parallel_3,Parallel 3,official-cardlist,PRB01/parallel/OP02-096_p3.png,https://en.onepiece-cardgame.com/images/cardlist/card/OP02-096_p3.png?260305,,,,,,,,,,,,,,,,,,,,,,,,OP02-096_p3,0,0,0,0,1,0,missing_printing_market_map
462,OP02-096,Kuzan,SR,,1490,462,OP02-096::prb01alt,,alt,Prb01Alt,local-catalog,thumbs/OP02-096(PRB01alt).webp,,,,,,,,,,,,,,,,,,,,,,,,,OP02-096::prb01alt,0,0,0,0,1,0,missing_printing_market_map
462,OP02-096,Kuzan,SR,,1491,462,OP02-096_r1,,r1,R1,official-cardlist,PRB01/reprint/OP02-096_r1.png,https://en.onepiece-cardgame.com/images/cardlist/card/OP02-096_r1.png?260305,,,,,,,,,,,,,,,,,,,,,,,,OP02-096_r1,0,0,0,0,1,0,missing_printing_market_map
463,OP02-097,Komille,C,,1492,463,OP02-097,,base,Base,official-cardlist,OP02/base/OP02-097.png,https://en.onepiece-cardgame.com/images/cardlist/card/OP02-097.png?260305,310,1492,601,HIGH,exact_code_plus_base_flag,601,486471,Komille,Komille,OP02-097,C,,tcgcsv,603,601,0.01,0.15,5.0,0.05,,,2026-04-02 02:58:10,tcgcsv,OP02-097,1,1,1,0,1,0,missing_tcgplayer_product_id_only
464,OP02-098,Koby,R,,1493,464,OP02-098,,base,Base,official-cardlist,OP02/base/OP02-098.png,https://en.onepiece-cardgame.com/images/cardlist/card/OP02-098.png?260305,311,1493,602,HIGH,exact_code_plus_base_flag,602,486474,Koby,Koby,OP02-098,R,,tcgcsv,604,602,0.08,0.29,50.0,0.23,,,2026-04-02 02:58:10,tcgcsv,OP02-098,1,1,1,0,1,0,missing_tcgplayer_product_id_only
464,OP02-098,Koby,R,,1494,464,OP02-098::alt,,alt,Alt,local-catalog,thumbs/OP02-098alt.webp,,,,,,,,,,,,,,,,,,,,,,,,,OP02-098::alt,0,0,0,0,1,0,missing_printing_market_map
464,OP02-098,Koby,R,,1495,464,OP02-098::alt art 2,,alt,Alt Art 2,local-catalog,thumbs/OP02-098(alt2).webp,,,,,,,,,,,,,,,,,,,,,,,,,OP02-098::alt art 2,0,0,0,0,1,0,missing_printing_market_map
464,OP02-098,Koby,R,,1496,464,OP02-098_p1,,parallel_1,Parallel 1,official-cardlist,ORP01/parallel/OP02-098_p1.png,https://en.onepiece-cardgame.com/images/cardlist/card/OP02-098_p1.png?260305,,,,,,,,,,,,,,,,,,,,,,,,OP02-098_p1,0,0,0,0,1,0,missing_printing_market_map
464,OP02-098,Koby,R,,1497,464,OP02-098_r1,,r1,R1,official-cardlist,ST19/reprint/OP02-098_r1.png,https://en.onepiece-cardgame.com/images/cardlist/card/OP02-098_r1.png?260305,,,,,,,,,,,,,,,,,,,,,,,,OP02-098_r1,0,0,0,0,1,0,missing_printing_market_map
465,OP02-099,Sakazuki,SR,,1498,465,OP02-099,,base,Base,official-cardlist,OP02/base/OP02-099.png,https://en.onepiece-cardgame.com/images/cardlist/card/OP02-099.png?260305,210,1498,501,HIGH,exact_code_plus_base_flag,501,485242,Sakazuki,Sakazuki,OP02-099,SR,,tcgcsv,501,501,0.05,0.5,50.0,0.51,,,2026-04-02 02:58:10,tcgcsv,OP02-099,1,1,1,0,1,0,missing_tcgplayer_product_id_only
465,OP02-099,Sakazuki,SR,,1499,465,OP02-099::alt,,alt,Alt,local-catalog,thumbs/op02-099alt.webp,,,,,,,,,,,,,,,,,,,,,,,,,OP02-099::alt,0,0,0,0,1,0,missing_printing_market_map
465,OP02-099,Sakazuki,SR,,1501,465,OP02-099_p1,,parallel_1,Parallel 1,official-cardlist,OP02/parallel/OP02-099_p1.png,https://en.onepiece-cardgame.com/images/cardlist/card/OP02-099_p1.png?260305,,,,,,,,,,,,,,,,,,,,,,,,OP02-099_p1,0,0,0,0,1,0,missing_printing_market_map
465,OP02-099,Sakazuki,SR,,1502,465,OP02-099_p2,,parallel_2,Parallel 2,official-cardlist,OP04/parallel/OP02-099_p2.png,https://en.onepiece-cardgame.com/images/cardlist/card/OP02-099_p2.png?260305,,,,,,,,,,,,,,,,,,,,,,,,OP02-099_p2,0,0,0,0,1,0,missing_printing_market_map
465,OP02-099,Sakazuki,SR,,1503,465,OP02-099_p4,,parallel_4,Parallel 4,official-cardlist,PRB01/parallel/OP02-099_p4.png,https://en.onepiece-cardgame.com/images/cardlist/card/OP02-099_p4.png?260305,,,,,,,,,,,,,,,,,,,,,,,,OP02-099_p4,0,0,0,0,1,0,missing_printing_market_map
465,OP02-099,Sakazuki,SR,,1504,465,OP02-099::prb01alt,,alt,Prb01Alt,local-catalog,thumbs/OP02-099(PRB01alt).webp,,,,,,,,,,,,,,,,,,,,,,,,,OP02-099::prb01alt,0,0,0,0,1,0,missing_printing_market_map
465,OP02-099,Sakazuki,SR,,1505,465,OP02-099_r1,,r1,R1,official-cardlist,PRB01/reprint/OP02-099_r1.png,https://en.onepiece-cardgame.com/images/cardlist/card/OP02-099_r1.png?260305,,,,,,,,,,,,,,,,,,,,,,,,OP02-099_r1,0,0,0,0,1,0,missing_printing_market_map
465,OP02-099,Sakazuki,SR,,1506,465,OP02-099::s p,,sp,S P,local-catalog,thumbs/OP02-099SP.webp,,,,,,,,,,,,,,,,,,,,,,,,,OP02-099::s p,0,0,0,0,1,0,missing_printing_market_map
466,OP02-100,Jango,C,,1507,466,OP02-100,,base,Base,official-cardlist,OP02/base/OP02-100.png,https://en.onepiece-cardgame.com/images/cardlist/card/OP02-100.png?260305,312,1507,603,HIGH,exact_code_plus_base_flag,603,486477,Jango,Jango,OP02-100,C,,tcgcsv,605,603,0.01,0.15,5.0,0.05,,,2026-04-02 02:58:10,tcgcsv,OP02-100,1,1,1,0,1,0,missing_tcgplayer_product_id_only
467,OP02-101,Strawberry,C,,1509,467,OP02-101,,base,Base,official-cardlist,OP02/base/OP02-101.png,https://en.onepiece-cardgame.com/images/cardlist/card/OP02-101.png?260305,313,1509,604,HIGH,exact_code_plus_base_flag,604,486480,Strawberry,Strawberry,OP02-101,C,,tcgcsv,606,604,0.01,0.15,5.0,0.08,,,2026-04-02 02:58:10,tcgcsv,OP02-101,1,1,1,0,1,0,missing_tcgplayer_product_id_only
468,OP02-102,Smoker,R,,1511,468,OP02-102,,base,Base,official-cardlist,OP02/base/OP02-102.png,https://en.onepiece-cardgame.com/images/cardlist/card/OP02-102.png?260305,314,1511,605,HIGH,exact_code_plus_base_flag,605,486481,Smoker (102),Smoker 102,OP02-102,R,,tcgcsv,607,605,0.01,0.25,10.0,0.18,,,2026-04-02 02:58:10,tcgcsv,OP02-102,1,1,1,0,1,0,missing_tcgplayer_product_id_only
469,OP02-103,Sengoku,R,,1513,469,OP02-103,,base,Base,official-cardlist,OP02/base/OP02-103.png,https://en.onepiece-cardgame.com/images/cardlist/card/OP02-103.png?260305,315,1513,606,HIGH,exact_code_plus_base_flag,606,486482,Sengoku,Sengoku,OP02-103,R,,tcgcsv,608,606,0.07,0.25,10.0,0.17,,,2026-04-02 02:58:10,tcgcsv,OP02-103,1,1,1,0,1,0,missing_tcgplayer_product_id_only
470,OP02-104,Sentomaru,C,,1515,470,OP02-104,,base,Base,official-cardlist,OP02/base/OP02-104.png,https://en.onepiece-cardgame.com/images/cardlist/card/OP02-104.png?260305,316,1515,607,HIGH,exact_code_plus_base_flag,607,486483,Sentomaru,Sentomaru,OP02-104,C,,tcgcsv,609,607,0.01,0.15,5.0,0.06,,,2026-04-02 02:58:10,tcgcsv,OP02-104,1,1,1,0,1,0,missing_tcgplayer_product_id_only
471,OP02-105,Tashigi,C,,1517,471,OP02-105,,base,Base,official-cardlist,OP02/base/OP02-105.png,https://en.onepiece-cardgame.com/images/cardlist/card/OP02-105.png?260305,211,1517,502,HIGH,exact_code_plus_base_flag,502,485243,Tashigi,Tashigi,OP02-105,C,,tcgcsv,502,502,0.01,0.18,5.0,0.17,,,2026-04-02 02:58:10,tcgcsv,OP02-105,1,1,1,0,1,0,missing_tcgplayer_product_id_only
471,OP02-105,Tashigi,C,,1518,471,OP02-105::2,,operator_review,2,local-catalog,thumbs/OP02-105 (2).webp,,,,,,,,,,,,,,,,,,,,,,,,,OP02-105::2,0,0,0,0,1,0,missing_printing_market_map
471,OP02-105,Tashigi,C,,1519,471,OP02-105::alt,,alt,Alt,local-catalog,thumbs/OP02-105_Alt.webp,,,,,,,,,,,,,,,,,,,,,,,,,OP02-105::alt,0,0,0,0,1,0,missing_printing_market_map
471,OP02-105,Tashigi,C,,1520,471,OP02-105_p1,,parallel_1,Parallel 1,official-cardlist,OP02/parallel/OP02-105_p1.png,https://en.onepiece-cardgame.com/images/cardlist/card/OP02-105_p1.png?260305,,,,,,,,,,,,,,,,,,,,,,,,OP02-105_p1,0,0,0,0,1,0,missing_printing_market_map
472,OP02-106,Tsuru,UC,,1521,472,OP02-106,,base,Base,official-cardlist,OP02/base/OP02-106.png,https://en.onepiece-cardgame.com/images/cardlist/card/OP02-106.png?260305,317,1521,608,HIGH,exact_code_plus_base_flag,608,486484,Tsuru,Tsuru,OP02-106,UC,,tcgcsv,610,608,0.1,0.25,10.0,0.17,,,2026-04-02 02:58:10,tcgcsv,OP02-106,1,1,1,0,1,0,missing_tcgplayer_product_id_only
472,OP02-106,Tsuru,UC,,1523,472,OP02-106::alt,,alt,Alt,local-catalog,thumbs/OP02-106(alt).webp,,,,,,,,,,,,,,,,,,,,,,,,,OP02-106::alt,0,0,0,0,1,0,missing_printing_market_map
472,OP02-106,Tsuru,UC,,1524,472,OP02-106::alt art 2,,alt,Alt Art 2,local-catalog,thumbs/OP02-106alt2.webp,,,,,,,,,,,,,,,,,,,,,,,,,OP02-106::alt art 2,0,0,0,0,1,0,missing_printing_market_map
472,OP02-106,Tsuru,UC,,1526,472,OP02-106_p1,,parallel_1,Parallel 1,official-cardlist,EP02/parallel/OP02-106_p1.png,https://en.onepiece-cardgame.com/images/cardlist/card/OP02-106_p1.png?260305,,,,,,,,,,,,,,,,,,,,,,,,OP02-106_p1,0,0,0,0,1,0,missing_printing_market_map
472,OP02-106,Tsuru,UC,,1527,472,OP02-106_p4,,parallel_4,Parallel 4,official-cardlist,PRB01/parallel/OP02-106_p4.png,https://en.onepiece-cardgame.com/images/cardlist/card/OP02-106_p4.png?260305,,,,,,,,,,,,,,,,,,,,,,,,OP02-106_p4,0,0,0,0,1,0,missing_printing_market_map
472,OP02-106,Tsuru,UC,,1528,472,OP02-106_p5,,parallel_5,Parallel 5,official-cardlist,PRB01/parallel/OP02-106_p5.png,https://en.onepiece-cardgame.com/images/cardlist/card/OP02-106_p5.png?260305,,,,,,,,,,,,,,,,,,,,,,,,OP02-106_p5,0,0,0,0,1,0,missing_printing_market_map
472,OP02-106,Tsuru,UC,,1529,472,OP02-106_p6,,parallel_6,Parallel 6,official-cardlist,BCV1/parallel/OP02-106_p6.png,https://en.onepiece-cardgame.com/images/cardlist/card/OP02-106_p6.png?260305,,,,,,,,,,,,,,,,,,,,,,,,OP02-106_p6,0,0,0,0,1,0,missing_printing_market_map
472,OP02-106,Tsuru,UC,,1530,472,OP02-106::prb01alt,,alt,Prb01Alt,local-catalog,thumbs/OP02-106(PRB01alt).webp,,,,,,,,,,,,,,,,,,,,,,,,,OP02-106::prb01alt,0,0,0,0,1,0,missing_printing_market_map
472,OP02-106,Tsuru,UC,,1531,472,OP02-106_r1,,r1,R1,official-cardlist,ST19/reprint/OP02-106_r1.png,https://en.onepiece-cardgame.com/images/cardlist/card/OP02-106_r1.png?260305,,,,,,,,,,,,,,,,,,,,,,,,OP02-106_r1,0,0,0,0,1,0,missing_printing_market_map
472,OP02-106,Tsuru,UC,,1532,472,OP02-106_r2,,r2,R2,official-cardlist,PRB01/reprint/OP02-106_r2.png,https://en.onepiece-cardgame.com/images/cardlist/card/OP02-106_r2.png?260305,,,,,,,,,,,,,,,,,,,,,,,,OP02-106_r2,0,0,0,0,1,0,missing_printing_market_map
473,OP02-107,Doberman,C,,1533,473,OP02-107,,base,Base,official-cardlist,OP02/base/OP02-107.png,https://en.onepiece-cardgame.com/images/cardlist/card/OP02-107.png?260305,318,1533,609,HIGH,exact_code_plus_base_flag,609,486485,Doberman,Doberman,OP02-107,C,,tcgcsv,611,609,0.01,0.15,5.0,0.05,,,2026-04-02 02:58:10,tcgcsv,OP02-107,1,1,1,0,1,0,missing_tcgplayer_product_id_only
474,OP02-108,Donquixote Rosinante,C,,1535,474,OP02-108,,base,Base,official-cardlist,OP02/base/OP02-108.png,https://en.onepiece-cardgame.com/images/cardlist/card/OP02-108.png?260305,213,1535,504,HIGH,exact_code_plus_base_flag,504,485245,Donquixote Rosinante (Box Topper),Donquixote Rosinante Box Topper,OP02-108,C,Box Topper,tcgcsv,504,504,5.0,7.0,20.0,5.86,,,2026-04-02 02:58:10,tcgcsv,OP02-108,1,1,1,0,1,0,missing_tcgplayer_product_id_only
474,OP02-108,Donquixote Rosinante,C,,1537,474,OP02-108::alt,,alt,Alt,local-catalog,thumbs/OP02-108alt.webp,,,,,,,,,,,,,,,,,,,,,,,,,OP02-108::alt,0,0,0,0,1,0,missing_printing_market_map
474,OP02-108,Donquixote Rosinante,C,,1538,474,OP02-108::alt art 2,,alt,Alt Art 2,local-catalog,thumbs/OP02-108alt2.webp,,,,,,,,,,,,,,,,,,,,,,,,,OP02-108::alt art 2,0,0,0,0,1,0,missing_printing_market_map
474,OP02-108,Donquixote Rosinante,C,,1539,474,OP02-108_p1,,parallel_1,Parallel 1,official-cardlist,OP02/parallel/OP02-108_p1.png,https://en.onepiece-cardgame.com/images/cardlist/card/OP02-108_p1.png?260305,,,,,,,,,,,,,,,,,,,,,,,,OP02-108_p1,0,0,0,0,1,0,missing_printing_market_map
474,OP02-108,Donquixote Rosinante,C,,1540,474,OP02-108_r1,,r1,R1,official-cardlist,ST19/reprint/OP02-108_r1.png,https://en.onepiece-cardgame.com/images/cardlist/card/OP02-108_r1.png?260305,,,,,,,,,,,,,,,,,,,,,,,,OP02-108_r1,0,0,0,0,1,0,missing_printing_market_map
475,OP02-109,Jaguar.D.Saul,C,,1541,475,OP02-109,,base,Base,official-cardlist,OP02/base/OP02-109.png,https://en.onepiece-cardgame.com/images/cardlist/card/OP02-109.png?260305,320,1541,611,HIGH,exact_code_plus_base_flag,611,486487,Jaguar.D.Saul,JaguarDSaul,OP02-109,C,,tcgcsv,613,611,0.01,0.15,5.0,0.04,,,2026-04-02 02:58:10,tcgcsv,OP02-109,1,1,1,0,1,0,missing_tcgplayer_product_id_only
475,OP02-109,Jaguar.D.Saul,C,,1543,475,OP02-109_r1,,r1,R1,official-cardlist,ST19/reprint/OP02-109_r1.png,https://en.onepiece-cardgame.com/images/cardlist/card/OP02-109_r1.png?260305,,,,,,,,,,,,,,,,,,,,,,,,OP02-109_r1,0,0,0,0,1,0,missing_printing_market_map
476,OP02-110,Hina,R,,1544,476,OP02-110,,base,Base,official-cardlist,OP02/base/OP02-110.png,https://en.onepiece-cardgame.com/images/cardlist/card/OP02-110.png?260305,321,1544,612,HIGH,exact_code_plus_base_flag,612,486488,Hina,Hina,OP02-110,R,,tcgcsv,614,612,0.17,0.38,25.0,0.32,,,2026-04-02 02:58:10,tcgcsv,OP02-110,1,1,1,0,1,0,missing_tcgplayer_product_id_only
476,OP02-110,Hina,R,,1545,476,OP02-110::2,,operator_review,2,local-catalog,thumbs/OP02-110 (2).webp,,,,,,,,,,,,,,,,,,,,,,,,,OP02-110::2,0,0,0,0,1,0,missing_printing_market_map
477,OP02-111,Fullbody,C,,1546,477,OP02-111,,base,Base,official-cardlist,OP02/base/OP02-111.png,https://en.onepiece-cardgame.com/images/cardlist/card/OP02-111.png?260305,322,1546,613,HIGH,exact_code_plus_base_flag,613,486489,Fullbody,Fullbody,OP02-111,C,,tcgcsv,615,613,0.01,0.15,5.0,0.05,,,2026-04-02 02:58:10,tcgcsv,OP02-111,1,1,1,0,1,0,missing_tcgplayer_product_id_only
478,OP02-112,Bell-mere,UC,,1548,478,OP02-112,,base,Base,official-cardlist,OP02/base/OP02-112.png,https://en.onepiece-cardgame.com/images/cardlist/card/OP02-112.png?260305,323,1548,614,HIGH,exact_code_plus_base_flag,614,486490,Bell-mere,Bell mere,OP02-112,UC,,tcgcsv,616,614,0.09,0.25,5.0,0.2,,,2026-04-02 02:58:10,tcgcsv,OP02-112,1,1,1,0,1,0,missing_tcgplayer_product_id_only
478,OP02-112,Bell-mere,UC,,1549,478,OP02-112::2,,operator_review,2,local-catalog,thumbs/OP02-112 (2).webp,,,,,,,,,,,,,,,,,,,,,,,,,OP02-112::2,0,0,0,0,1,0,missing_printing_market_map
479,OP02-113,Helmeppo,UC,,1550,479,OP02-113,,base,Base,official-cardlist,OP02/base/OP02-113.png,https://en.onepiece-cardgame.com/images/cardlist/card/OP02-113.png?260305,324,1550,615,HIGH,exact_code_plus_base_flag,615,486491,Helmeppo,Helmeppo,OP02-113,UC,,tcgcsv,617,615,0.02,0.16,5.0,0.12,,,2026-04-02 02:58:10,tcgcsv,OP02-113,1,1,1,0,1,0,missing_tcgplayer_product_id_only
479,OP02-113,Helmeppo,UC,,1552,479,OP02-113_r1,,r1,R1,official-cardlist,ST19/reprint/OP02-113_r1.png,https://en.onepiece-cardgame.com/images/cardlist/card/OP02-113_r1.png?260305,,,,,,,,,,,,,,,,,,,,,,,,OP02-113_r1,0,0,0,0,1,0,missing_printing_market_map
480,OP02-114,Borsalino,SR,,1553,480,OP02-114,,base,Base,official-cardlist,OP02/base/OP02-114.png,https://en.onepiece-cardgame.com/images/cardlist/card/OP02-114.png?260305,202,1553,493,HIGH,exact_code_plus_base_flag,493,485087,Borsalino (Alternate Art),Borsalino Alternate Art,OP02-114,SR,,tcgcsv,493,493,5.94,11.25,125.0,8.13,,,2026-04-02 02:58:10,tcgcsv,OP02-114,1,1,1,0,1,0,missing_tcgplayer_product_id_only
480,OP02-114,Borsalino,SR,,1555,480,OP02-114::alt,,alt,Alt,local-catalog,thumbs/OP02-114_Alt.webp,,,,,,,,,,,,,,,,,,,,,,,,,OP02-114::alt,0,0,0,0,1,0,missing_printing_market_map
480,OP02-114,Borsalino,SR,,1556,480,OP02-114_p1,,parallel_1,Parallel 1,official-cardlist,OP02/parallel/OP02-114_p1.png,https://en.onepiece-cardgame.com/images/cardlist/card/OP02-114_p1.png?260305,,,,,,,,,,,,,,,,,,,,,,,,OP02-114_p1,0,0,0,0,1,0,missing_printing_market_map
480,OP02-114,Borsalino,SR,,1557,480,OP02-114_p3,,parallel_3,Parallel 3,official-cardlist,PRB01/parallel/OP02-114_p3.png,https://en.onepiece-cardgame.com/images/cardlist/card/OP02-114_p3.png?260305,,,,,,,,,,,,,,,,,,,,,,,,OP02-114_p3,0,0,0,0,1,0,missing_printing_market_map
480,OP02-114,Borsalino,SR,,1558,480,OP02-114::prb01alt,,alt,Prb01Alt,local-catalog,thumbs/OP02-114(PRB01alt).webp,,,,,,,,,,,,,,,,,,,,,,,,,OP02-114::prb01alt,0,0,0,0,1,0,missing_printing_market_map
480,OP02-114,Borsalino,SR,,1559,480,OP02-114_r1,,r1,R1,official-cardlist,PRB01/reprint/OP02-114_r1.png,https://en.onepiece-cardgame.com/images/cardlist/card/OP02-114_r1.png?260305,,,,,,,,,,,,,,,,,,,,,,,,OP02-114_r1,0,0,0,0,1,0,missing_printing_market_map
481,OP02-115,Monkey.D.Garp,R,,1560,481,OP02-115,,base,Base,official-cardlist,OP02/base/OP02-115.png,https://en.onepiece-cardgame.com/images/cardlist/card/OP02-115.png?260305,201,1560,492,HIGH,exact_code_plus_base_flag,492,484822,Monkey.D.Garp (115) (Alternate Art),MonkeyDGarp 115 Alternate Art,OP02-115,R,,tcgcsv,492,492,8.47,14.99,50.0,9.5,,,2026-04-02 02:58:10,tcgcsv,OP02-115,1,1,1,0,1,0,missing_tcgplayer_product_id_only
481,OP02-115,Monkey.D.Garp,R,,1562,481,OP02-115::alt,,alt,Alt,local-catalog,thumbs/OP02-115_Alt.webp,,,,,,,,,,,,,,,,,,,,,,,,,OP02-115::alt,0,0,0,0,1,0,missing_printing_market_map
481,OP02-115,Monkey.D.Garp,R,,1563,481,OP02-115_p1,,parallel_1,Parallel 1,official-cardlist,OP02/parallel/OP02-115_p1.png,https://en.onepiece-cardgame.com/images/cardlist/card/OP02-115_p1.png?260305,,,,,,,,,,,,,,,,,,,,,,,,OP02-115_p1,0,0,0,0,1,0,missing_printing_market_map
482,OP02-116,Yamakaji,C,,1564,482,OP02-116,,base,Base,official-cardlist,OP02/base/OP02-116.png,https://en.onepiece-cardgame.com/images/cardlist/card/OP02-116.png?260305,326,1564,617,HIGH,exact_code_plus_base_flag,617,486493,Yamakaji,Yamakaji,OP02-116,C,,tcgcsv,619,617,0.01,0.15,5.0,0.04,,,2026-04-02 02:58:10,tcgcsv,OP02-116,1,1,1,0,1,0,missing_tcgplayer_product_id_only
482,OP02-116,Yamakaji,C,,1566,482,OP02-116_r1,,r1,R1,official-cardlist,ST19/reprint/OP02-116_r1.png,https://en.onepiece-cardgame.com/images/cardlist/card/OP02-116_r1.png?260305,,,,,,,,,,,,,,,,,,,,,,,,OP02-116_r1,0,0,0,0,1,0,missing_printing_market_map
483,OP02-117,Ice Age,UC,,1567,483,OP02-117,,base,Base,official-cardlist,OP02/base/OP02-117.png,https://en.onepiece-cardgame.com/images/cardlist/card/OP02-117.png?260305,327,1567,618,HIGH,exact_code_plus_base_flag,618,486494,Ice Age,Ice Age,OP02-117,UC,,tcgcsv,620,618,0.01,0.2,6.98,0.15,,,2026-04-02 02:58:10,tcgcsv,OP02-117,1,1,1,0,1,0,missing_tcgplayer_product_id_only
483,OP02-117,Ice Age,UC,,1569,483,OP02-117::alt,,alt,Alt,local-catalog,thumbs/OP02-117alt.webp,,,,,,,,,,,,,,,,,,,,,,,,,OP02-117::alt,0,0,0,0,1,0,missing_printing_market_map
483,OP02-117,Ice Age,UC,,1570,483,OP02-117_p5,,parallel_5,Parallel 5,official-cardlist,OP02/parallel/OP02-117_p5.png,https://en.onepiece-cardgame.com/images/cardlist/card/OP02-117_p5.png?260305,,,,,,,,,,,,,,,,,,,,,,,,OP02-117_p5,0,0,0,0,1,0,missing_printing_market_map
483,OP02-117,Ice Age,UC,,1571,483,OP02-117_p6,,parallel_6,Parallel 6,official-cardlist,OP02/parallel/OP02-117_p6.png,https://en.onepiece-cardgame.com/images/cardlist/card/OP02-117_p6.png?260305,,,,,,,,,,,,,,,,,,,,,,,,OP02-117_p6,0,0,0,0,1,0,missing_printing_market_map
483,OP02-117,Ice Age,UC,,1572,483,OP02-117_p7,,parallel_7,Parallel 7,official-cardlist,OP02/parallel/OP02-117_p7.png,https://en.onepiece-cardgame.com/images/cardlist/card/OP02-117_p7.png?260305,,,,,,,,,,,,,,,,,,,,,,,,OP02-117_p7,0,0,0,0,1,0,missing_printing_market_map
483,OP02-117,Ice Age,UC,,1573,483,OP02-117_r1,,r1,R1,official-cardlist,ST19/reprint/OP02-117_r1.png,https://en.onepiece-cardgame.com/images/cardlist/card/OP02-117_r1.png?260305,,,,,,,,,,,,,,,,,,,,,,,,OP02-117_r1,0,0,0,0,1,0,missing_printing_market_map
483,OP02-117,Ice Age,UC,,1574,483,OP02-117_r2,,r2,R2,official-cardlist,PRB01/reprint/OP02-117_r2.png,https://en.onepiece-cardgame.com/images/cardlist/card/OP02-117_r2.png?260305,,,,,,,,,,,,,,,,,,,,,,,,OP02-117_r2,0,0,0,0,1,0,missing_printing_market_map
484,OP02-118,Yasakani Sacred Jewel,C,,1575,484,OP02-118,,base,Base,official-cardlist,OP02/base/OP02-118.png,https://en.onepiece-cardgame.com/images/cardlist/card/OP02-118.png?260305,328,1575,619,HIGH,exact_code_plus_base_flag,619,486546,Yasakani Sacred Jewel,Yasakani Sacred Jewel,OP02-118,C,,tcgcsv,621,619,0.01,0.15,10.0,0.1,,,2026-04-02 02:58:10,tcgcsv,OP02-118,1,1,1,0,1,0,missing_tcgplayer_product_id_only
485,OP02-119,Meteor Volcano,R,,1577,485,OP02-119,,base,Base,official-cardlist,OP02/base/OP02-119.png,https://en.onepiece-cardgame.com/images/cardlist/card/OP02-119.png?260305,329,1577,620,HIGH,exact_code_plus_base_flag,620,486547,Meteor Volcano,Meteor Volcano,OP02-119,R,,tcgcsv,622,620,0.01,0.29,25.0,0.29,,,2026-04-02 02:58:10,tcgcsv,OP02-119,1,1,1,0,1,0,missing_tcgplayer_product_id_only
486,OP02-120,Uta,SP CARD,,1579,486,OP02-120,,base,Base,official-cardlist,OP02/base/OP02-120.png,https://en.onepiece-cardgame.com/images/cardlist/card/OP02-120.png?260305,186,1579,477,HIGH,exact_code_plus_base_flag,477,482718,Uta,Uta,OP02-120,SEC,,tcgcsv,477,477,7.5,10.0,100.98,7.72,,,2026-04-02 02:58:10,tcgcsv,OP02-120,1,1,1,0,1,0,missing_tcgplayer_product_id_only
486,OP02-120,Uta,SP CARD,,1581,486,OP02-120::alt,,alt,Alt,local-catalog,thumbs/OP02-120ALT.webp,,,,,,,,,,,,,,,,,,,,,,,,,OP02-120::alt,0,0,0,0,1,0,missing_printing_market_map
486,OP02-120,Uta,SP CARD,,1582,486,OP02-120::alt art 2,,alt,Alt Art 2,local-catalog,thumbs/OP02-120alt2.webp,,,,,,,,,,,,,,,,,,,,,,,,,OP02-120::alt art 2,0,0,0,0,1,0,missing_printing_market_map
486,OP02-120,Uta,SP CARD,,1583,486,OP02-120_p1,,parallel_1,Parallel 1,official-cardlist,OP02/parallel/OP02-120_p1.png,https://en.onepiece-cardgame.com/images/cardlist/card/OP02-120_p1.png?260305,,,,,,,,,,,,,,,,,,,,,,,,OP02-120_p1,0,0,0,0,1,0,missing_printing_market_map
486,OP02-120,Uta,SP CARD,,1584,486,OP02-120_p2,,parallel_2,Parallel 2,official-cardlist,OP05/parallel/OP02-120_p2.png,https://en.onepiece-cardgame.com/images/cardlist/card/OP02-120_p2.png?260305,,,,,,,,,,,,,,,,,,,,,,,,OP02-120_p2,0,0,0,0,1,0,missing_printing_market_map
487,OP02-121,Kuzan,SEC,,1585,487,OP02-121,,base,Base,official-cardlist,OP02/base/OP02-121.png,https://en.onepiece-cardgame.com/images/cardlist/card/OP02-121.png?260305,216,1585,507,HIGH,exact_code_plus_base_flag,507,485397,Kuzan (121),Kuzan 121,OP02-121,SEC,,tcgcsv,507,507,1.75,4.49,99.0,2.55,,,2026-04-02 02:58:10,tcgcsv,OP02-121,1,1,1,0,1,0,missing_tcgplayer_product_id_only
487,OP02-121,Kuzan,SEC,,1587,487,OP02-121::alt,,alt,Alt,local-catalog,thumbs/OP02-121_Alt.webp,,,,,,,,,,,,,,,,,,,,,,,,,OP02-121::alt,0,0,0,0,1,0,missing_printing_market_map
487,OP02-121,Kuzan,SEC,,1588,487,OP02-121_p1,,parallel_1,Parallel 1,official-cardlist,OP02/parallel/OP02-121_p1.png,https://en.onepiece-cardgame.com/images/cardlist/card/OP02-121_p1.png?260305,,,,,,,,,,,,,,,,,,,,,,,,OP02-121_p1,0,0,0,0,1,0,missing_printing_market_map
487,OP02-121,Kuzan,SEC,,1589,487,OP02-121_p3,,parallel_3,Parallel 3,official-cardlist,PRB01/parallel/OP02-121_p3.png,https://en.onepiece-cardgame.com/images/cardlist/card/OP02-121_p3.png?260305,,,,,,,,,,,,,,,,,,,,,,,,OP02-121_p3,0,0,0,0,1,0,missing_printing_market_map
487,OP02-121,Kuzan,SEC,,1590,487,OP02-121::prb01alt,,alt,Prb01Alt,local-catalog,thumbs/OP02-121(PRB01alt).webp,,,,,,,,,,,,,,,,,,,,,,,,,OP02-121::prb01alt,0,0,0,0,1,0,missing_printing_market_map
487,OP02-121,Kuzan,SEC,,1591,487,OP02-121_r1,,r1,R1,official-cardlist,PRB01/reprint/OP02-121_r1.png,https://en.onepiece-cardgame.com/images/cardlist/card/OP02-121_r1.png?260305,,,,,,,,,,,,,,,,,,,,,,,,OP02-121_r1,0,0,0,0,1,0,missing_printing_market_map
488,OP03-001,Portgas.D.Ace,L,,1592,488,OP03-001,,base,Base,official-cardlist,OP03/base/OP03-001.png,https://en.onepiece-cardgame.com/images/cardlist/card/OP03-001.png?260305,555,1592,892,HIGH,exact_code_plus_base_flag,892,504483,Portgas.D.Ace (Special Goods Set -Ace/Sabo/Luffy-),PortgasDAce Special Goods Set Ace Sabo Luffy,OP03-001,L,,tcgcsv,878,892,25.0,35.0,150.0,34.66,,,2026-04-02 03:06:17,tcgcsv,OP03-001,1,1,1,0,1,0,missing_tcgplayer_product_id_only
488,OP03-001,Portgas.D.Ace,L,,1594,488,OP03-001::alt,,alt,Alt,local-catalog,thumbs/OP03-001alt.webp,,,,,,,,,,,,,,,,,,,,,,,,,OP03-001::alt,0,0,0,0,1,0,missing_printing_market_map
488,OP03-001,Portgas.D.Ace,L,,1596,488,OP03-001_p1,,parallel_1,Parallel 1,official-cardlist,OP03/parallel/OP03-001_p1.png,https://en.onepiece-cardgame.com/images/cardlist/card/OP03-001_p1.png?260305,,,,,,,,,,,,,,,,,,,,,,,,OP03-001_p1,0,0,0,0,1,0,missing_printing_market_map
488,OP03-001,Portgas.D.Ace,L,,1597,488,OP03-001_p2,,parallel_2,Parallel 2,official-cardlist,_unclassified/parallel/OP03-001_p2.png,https://en.onepiece-cardgame.com/images/cardlist/card/OP03-001_p2.png?260305,,,,,,,,,,,,,,,,,,,,,,,,OP03-001_p2,0,0,0,0,1,0,missing_printing_market_map
489,OP03-002,Adio,UC,,1598,489,OP03-002,,base,Base,official-cardlist,OP03/base/OP03-002.png,https://en.onepiece-cardgame.com/images/cardlist/card/OP03-002.png?260305,1533,1598,2026,HIGH,exact_code_plus_base_flag,2026,499880,Adio,Adio,OP03-002,UC,,tcgcsv,1839,2026,0.01,0.15,5.0,0.06,,,2026-04-02 03:06:17,tcgcsv,OP03-002,1,1,1,0,1,0,missing_tcgplayer_product_id_only
490,OP03-003,Izo,R,,1600,490,OP03-003,,base,Base,official-cardlist,OP03/base/OP03-003.png,https://en.onepiece-cardgame.com/images/cardlist/card/OP03-003.png?260305,1534,1600,2027,HIGH,exact_code_plus_base_flag,2027,499881,Izo,Izo,OP03-003,R,,tcgcsv,1840,2027,0.01,0.25,25.0,0.12,,,2026-04-02 03:06:17,tcgcsv,OP03-003,1,1,1,0,1,0,missing_tcgplayer_product_id_only
490,OP03-003,Izo,R,,1602,490,OP03-003_p1,,parallel_1,Parallel 1,official-cardlist,OP07/parallel/OP03-003_p1.png,https://en.onepiece-cardgame.com/images/cardlist/card/OP03-003_p1.png?260305,,,,,,,,,,,,,,,,,,,,,,,,OP03-003_p1,0,0,0,0,1,0,missing_printing_market_map
490,OP03-003,Izo,R,,1603,490,OP03-003_p4,,parallel_4,Parallel 4,official-cardlist,PRB01/parallel/OP03-003_p4.png,https://en.onepiece-cardgame.com/images/cardlist/card/OP03-003_p4.png?260305,,,,,,,,,,,,,,,,,,,,,,,,OP03-003_p4,0,0,0,0,1,0,missing_printing_market_map
490,OP03-003,Izo,R,,1604,490,OP03-003_p5,,parallel_5,Parallel 5,official-cardlist,PRB01/parallel/OP03-003_p5.png,https://en.onepiece-cardgame.com/images/cardlist/card/OP03-003_p5.png?260305,,,,,,,,,,,,,,,,,,,,,,,,OP03-003_p5,0,0,0,0,1,0,missing_printing_market_map
490,OP03-003,Izo,R,,1605,490,OP03-003_p6,,parallel_6,Parallel 6,official-cardlist,PRB01/parallel/OP03-003_p6.png,https://en.onepiece-cardgame.com/images/cardlist/card/OP03-003_p6.png?260305,,,,,,,,,,,,,,,,,,,,,,,,OP03-003_p6,0,0,0,0,1,0,missing_printing_market_map
490,OP03-003,Izo,R,,1606,490,OP03-003::prb01alt2,,alt,Prb01Alt2,local-catalog,thumbs/OP03-003(PRB01alt2).webp,,,,,,,,,,,,,,,,,,,,,,,,,OP03-003::prb01alt2,0,0,0,0,1,0,missing_printing_market_map
490,OP03-003,Izo,R,,1607,490,OP03-003_r1,,r1,R1,official-cardlist,ST15/reprint/OP03-003_r1.png,https://en.onepiece-cardgame.com/images/cardlist/card/OP03-003_r1.png?260305,,,,,,,,,,,,,,,,,,,,,,,,OP03-003_r1,0,0,0,0,1,0,missing_printing_market_map
490,OP03-003,Izo,R,,1608,490,OP03-003_r2,,r2,R2,official-cardlist,PRB01/reprint/OP03-003_r2.png,https://en.onepiece-cardgame.com/images/cardlist/card/OP03-003_r2.png?260305,,,,,,,,,,,,,,,,,,,,,,,,OP03-003_r2,0,0,0,0,1,0,missing_printing_market_map
490,OP03-003,Izo,R,,1609,490,OP03-003::s p,,sp,S P,local-catalog,thumbs/OP03-003SP.webp,,,,,,,,,,,,,,,,,,,,,,,,,OP03-003::s p,0,0,0,0,1,0,missing_printing_market_map
491,OP03-004,Curiel,C,,1610,491,OP03-004,,base,Base,official-cardlist,OP03/base/OP03-004.png,https://en.onepiece-cardgame.com/images/cardlist/card/OP03-004.png?260305,1535,1610,2028,HIGH,exact_code_plus_base_flag,2028,499882,Curiel,Curiel,OP03-004,C,,tcgcsv,1841,2028,0.01,0.12,1.58,0.04,,,2026-04-02 03:06:17,tcgcsv,OP03-004,1,1,1,0,1,0,missing_tcgplayer_product_id_only
491,OP03-004,Curiel,C,,1611,491,OP03-004::2,,operator_review,2,local-catalog,thumbs/OP03-004 (2).webp,,,,,,,,,,,,,,,,,,,,,,,,,OP03-004::2,0,0,0,0,1,0,missing_printing_market_map
492,OP03-005,Thatch,UC,,1612,492,OP03-005,,base,Base,official-cardlist,OP03/base/OP03-005.png,https://en.onepiece-cardgame.com/images/cardlist/card/OP03-005.png?260305,1536,1612,2029,HIGH,exact_code_plus_base_flag,2029,499883,Thatch,Thatch,OP03-005,UC,,tcgcsv,1842,2029,0.01,0.15,5.0,0.07,,,2026-04-02 03:06:17,tcgcsv,OP03-005,1,1,1,0,1,0,missing_tcgplayer_product_id_only
493,OP03-006,Speed Jil,C,,1614,493,OP03-006,,base,Base,official-cardlist,OP03/base/OP03-006.png,https://en.onepiece-cardgame.com/images/cardlist/card/OP03-006.png?260305,1537,1614,2030,HIGH,exact_code_plus_base_flag,2030,499884,Speed Jil,Speed Jil,OP03-006,C,,tcgcsv,1843,2030,0.01,0.15,1.58,0.05,,,2026-04-02 03:06:17,tcgcsv,OP03-006,1,1,1,0,1,0,missing_tcgplayer_product_id_only
493,OP03-006,Speed Jil,C,,1616,493,OP03-006::alt,,alt,Alt,local-catalog,thumbs/OP03-006alt.webp,,,,,,,,,,,,,,,,,,,,,,,,,OP03-006::alt,0,0,0,0,1,0,missing_printing_market_map
493,OP03-006,Speed Jil,C,,1617,493,OP03-006_r1,,r1,R1,official-cardlist,ST15/reprint/OP03-006_r1.png,https://en.onepiece-cardgame.com/images/cardlist/card/OP03-006_r1.png?260305,,,,,,,,,,,,,,,,,,,,,,,,OP03-006_r1,0,0,0,0,1,0,missing_printing_market_map
494,OP03-007,Namule,C,,1618,494,OP03-007,,base,Base,official-cardlist,OP03/base/OP03-007.png,https://en.onepiece-cardgame.com/images/cardlist/card/OP03-007.png?260305,1538,1618,2031,HIGH,exact_code_plus_base_flag,2031,499885,Namule,Namule,OP03-007,C,,tcgcsv,1844,2031,0.01,0.15,1.58,0.06,,,2026-04-02 03:06:17,tcgcsv,OP03-007,1,1,1,0,1,0,missing_tcgplayer_product_id_only
494,OP03-007,Namule,C,,1620,494,OP03-007_r1,,r1,R1,official-cardlist,ST15/reprint/OP03-007_r1.png,https://en.onepiece-cardgame.com/images/cardlist/card/OP03-007_r1.png?260305,,,,,,,,,,,,,,,,,,,,,,,,OP03-007_r1,0,0,0,0,1,0,missing_printing_market_map
495,OP03-008,Buggy,UC,,1621,495,OP03-008,,base,Base,official-cardlist,OP03/sp/OP03-008_sp.png,https://en.onepiece-cardgame.com/images/cardlist/card/OP03-008.png?260305,600,1621,939,HIGH,exact_code_plus_base_flag,939,514058,Buggy (Judge Pack Vol. 2),Buggy Judge Pack Vol 2,OP03-008,PR,,tcgcsv,914,939,5.0,8.47,50.0,7.7,,,2026-04-02 03:06:17,tcgcsv,OP03-008,1,1,1,0,1,0,missing_tcgplayer_product_id_only
495,OP03-008,Buggy,UC,,1623,495,OP03-008::alt sp,,sp,Alt SP,local-catalog,thumbs/OP03-008alt(SP).webp,,,,,,,,,,,,,,,,,,,,,,,,,OP03-008::alt sp,0,0,0,0,1,0,missing_printing_market_map
495,OP03-008,Buggy,UC,,1624,495,OP03-008_p1,,parallel_1,Parallel 1,official-cardlist,OP06/parallel/OP03-008_p1.png,https://en.onepiece-cardgame.com/images/cardlist/card/OP03-008_p1.png?260305,,,,,,,,,,,,,,,,,,,,,,,,OP03-008_p1,0,0,0,0,1,0,missing_printing_market_map
495,OP03-008,Buggy,UC,,1625,495,OP03-008_p2,,parallel_2,Parallel 2,official-cardlist,PRB02/parallel/OP03-008_p2.png,https://en.onepiece-cardgame.com/images/cardlist/card/OP03-008_p2.png?260305,,,,,,,,,,,,,,,,,,,,,,,,OP03-008_p2,0,0,0,0,1,0,missing_printing_market_map
495,OP03-008,Buggy,UC,,1626,495,OP03-008_r1,,r1,R1,official-cardlist,PRB02/reprint/OP03-008_r1.png,https://en.onepiece-cardgame.com/images/cardlist/card/OP03-008_r1.png?260305,,,,,,,,,,,,,,,,,,,,,,,,OP03-008_r1,0,0,0,0,1,0,missing_printing_market_map
496,OP03-009,Haruta,C,,1627,496,OP03-009,,base,Base,official-cardlist,OP03/base/OP03-009.png,https://en.onepiece-cardgame.com/images/cardlist/card/OP03-009.png?260305,1540,1627,2033,HIGH,exact_code_plus_base_flag,2033,499887,Haruta,Haruta,OP03-009,C,,tcgcsv,1846,2033,0.01,0.12,10.0,0.07,,,2026-04-02 03:06:17,tcgcsv,OP03-009,1,1,1,0,1,0,missing_tcgplayer_product_id_only
496,OP03-009,Haruta,C,,1629,496,OP03-009_r1,,r1,R1,official-cardlist,ST15/reprint/OP03-009_r1.png,https://en.onepiece-cardgame.com/images/cardlist/card/OP03-009_r1.png?260305,,,,,,,,,,,,,,,,,,,,,,,,OP03-009_r1,0,0,0,0,1,0,missing_printing_market_map
497,OP03-010,Fossa,C,,1630,497,OP03-010,,base,Base,official-cardlist,OP03/base/OP03-010.png,https://en.onepiece-cardgame.com/images/cardlist/card/OP03-010.png?260305,1541,1630,2034,HIGH,exact_code_plus_base_flag,2034,499888,Fossa,Fossa,OP03-010,C,,tcgcsv,1847,2034,0.01,0.15,2.0,0.04,,,2026-04-02 03:06:17,tcgcsv,OP03-010,1,1,1,0,1,0,missing_tcgplayer_product_id_only
497,OP03-010,Fossa,C,,1632,497,OP03-010_r1,,r1,R1,official-cardlist,ST15/reprint/OP03-010_r1.png,https://en.onepiece-cardgame.com/images/cardlist/card/OP03-010_r1.png?260305,,,,,,,,,,,,,,,,,,,,,,,,OP03-010_r1,0,0,0,0,1,0,missing_printing_market_map
498,OP03-011,Blamenco,UC,,1633,498,OP03-011,,base,Base,official-cardlist,OP03/base/OP03-011.png,https://en.onepiece-cardgame.com/images/cardlist/card/OP03-011.png?260305,1542,1633,2035,HIGH,exact_code_plus_base_flag,2035,499889,Blamenco,Blamenco,OP03-011,UC,,tcgcsv,1848,2035,0.01,0.15,1.58,0.06,,,2026-04-02 03:06:17,tcgcsv,OP03-011,1,1,1,0,1,0,missing_tcgplayer_product_id_only
499,OP03-012,Marshall.D.Teach,R,,1635,499,OP03-012,,base,Base,official-cardlist,OP03/base/OP03-012.png,https://en.onepiece-cardgame.com/images/cardlist/card/OP03-012.png?260305,1543,1635,2036,HIGH,exact_code_plus_base_flag,2036,499890,Marshall.D.Teach,MarshallDTeach,OP03-012,R,,tcgcsv,1849,2036,0.01,0.25,25.0,0.14,,,2026-04-02 03:06:17,tcgcsv,OP03-012,1,1,1,0,1,0,missing_tcgplayer_product_id_only
499,OP03-012,Marshall.D.Teach,R,,1636,499,OP03-012::2,,operator_review,2,local-catalog,thumbs/OP03-012 (2).webp,,,,,,,,,,,,,,,,,,,,,,,,,OP03-012::2,0,0,0,0,1,0,missing_printing_market_map
500,OP03-013,Marco,SR,,1637,500,OP03-013,,base,Base,official-cardlist,OP03/base/OP03-013.png,https://en.onepiece-cardgame.com/images/cardlist/card/OP03-013.png?260305,589,1637,927,HIGH,exact_code_plus_base_flag,927,514046,Marco (Championship 2023),Marco Championship 2023,OP03-013,PR,,tcgcsv,,,,,,,,,,,OP03-013,1,1,1,0,1,0,missing_tcgplayer_product_id_only
500,OP03-013,Marco,SR,,1639,500,OP03-013::alt,,alt,Alt,local-catalog,thumbs/OP03-013alt.webp,,,,,,,,,,,,,,,,,,,,,,,,,OP03-013::alt,0,0,0,0,1,0,missing_printing_market_map
500,OP03-013,Marco,SR,,1640,500,OP03-013::alt art 2,,alt,Alt Art 2,local-catalog,thumbs/OP03-013(alt2).webp,,,,,,,,,,,,,,,,,,,,,,,,,OP03-013::alt art 2,0,0,0,0,1,0,missing_printing_market_map
500,OP03-013,Marco,SR,,1641,500,OP03-013::alt art 3,,alt,Alt Art 3,local-catalog,thumbs/OP03-013alt3.webp,,,,,,,,,,,,,,,,,,,,,,,,,OP03-013::alt art 3,0,0,0,0,1,0,missing_printing_market_map
500,OP03-013,Marco,SR,,1642,500,OP03-013_p1,,parallel_1,Parallel 1,official-cardlist,OP03/parallel/OP03-013_p1.png,https://en.onepiece-cardgame.com/images/cardlist/card/OP03-013_p1.png?260305,,,,,,,,,,,,,,,,,,,,,,,,OP03-013_p1,0,0,0,0,1,0,missing_printing_market_map
500,OP03-013,Marco,SR,,1643,500,OP03-013_p2,,parallel_2,Parallel 2,official-cardlist,ANN1JP/parallel/OP03-013_p2.png,https://en.onepiece-cardgame.com/images/cardlist/card/OP03-013_p2.png?260305,,,,,,,,,,,,,,,,,,,,,,,,OP03-013_p2,0,0,0,0,1,0,missing_printing_market_map
501,OP03-014,Monkey.D.Garp,UC,,1644,501,OP03-014,,base,Base,official-cardlist,OP03/base/OP03-014.png,https://en.onepiece-cardgame.com/images/cardlist/card/OP03-014.png?260305,1544,1644,2037,HIGH,exact_code_plus_base_flag,2037,499891,Monkey.D.Garp,MonkeyDGarp,OP03-014,UC,,tcgcsv,1850,2037,0.02,0.15,5.0,0.11,,,2026-04-02 03:06:17,tcgcsv,OP03-014,1,1,1,0,1,0,missing_tcgplayer_product_id_only
502,OP03-015,Lim,UC,,1646,502,OP03-015,,base,Base,official-cardlist,OP03/base/OP03-015.png,https://en.onepiece-cardgame.com/images/cardlist/card/OP03-015.png?260305,1545,1646,2038,HIGH,exact_code_plus_base_flag,2038,499892,Lim,Lim,OP03-015,UC,,tcgcsv,1851,2038,0.02,0.15,5.0,0.1,,,2026-04-02 03:06:17,tcgcsv,OP03-015,1,1,1,0,1,0,missing_tcgplayer_product_id_only
503,OP03-016,Flame Emperor,R,,1648,503,OP03-016,,base,Base,official-cardlist,OP03/base/OP03-016.png,https://en.onepiece-cardgame.com/images/cardlist/card/OP03-016.png?260305,601,1648,940,HIGH,exact_code_plus_base_flag,940,514059,Flame Emperor (Judge Pack Vol. 2),Flame Emperor Judge Pack Vol 2,OP03-016,PR,,tcgcsv,915,940,1.4,2.7,11.59,1.97,,,2026-04-02 03:06:17,tcgcsv,OP03-016,1,1,1,0,1,0,missing_tcgplayer_product_id_only
504,OP03-017,Cross Fire,UC,,1650,504,OP03-017,,base,Base,official-cardlist,OP03/base/OP03-017.png,https://en.onepiece-cardgame.com/images/cardlist/card/OP03-017.png?260305,1547,1650,2040,HIGH,exact_code_plus_base_flag,2040,499894,Cross Fire,Cross Fire,OP03-017,UC,,tcgcsv,1853,2040,0.05,0.21,7.0,0.2,,,2026-04-02 03:06:17,tcgcsv,OP03-017,1,1,1,0,1,0,missing_tcgplayer_product_id_only
505,OP03-018,Fire Fist,R,,1652,505,OP03-018,,base,Base,official-cardlist,OP03/base/OP03-018.png,https://en.onepiece-cardgame.com/images/cardlist/card/OP03-018.png?260305,1519,1652,2012,HIGH,exact_code_plus_base_flag,2012,498783,Fire Fist,Fire Fist,OP03-018,R,,tcgcsv,1825,2012,0.05,0.35,75.0,0.32,,,2026-04-02 03:06:17,tcgcsv,OP03-018,1,1,1,0,1,0,missing_tcgplayer_product_id_only
505,OP03-018,Fire Fist,R,,1654,505,OP03-018::alt,,alt,Alt,local-catalog,thumbs/OP03-018ALT.webp,,,,,,,,,,,,,,,,,,,,,,,,,OP03-018::alt,0,0,0,0,1,0,missing_printing_market_map
505,OP03-018,Fire Fist,R,,1655,505,OP03-018_p1,,parallel_1,Parallel 1,official-cardlist,OP03/parallel/OP03-018_p1.png,https://en.onepiece-cardgame.com/images/cardlist/card/OP03-018_p1.png?260305,,,,,,,,,,,,,,,,,,,,,,,,OP03-018_p1,0,0,0,0,1,0,missing_printing_market_map
506,OP03-019,Fiery Doll,C,,1656,506,OP03-019,,base,Base,official-cardlist,OP03/base/OP03-019.png,https://en.onepiece-cardgame.com/images/cardlist/card/OP03-019.png?260305,1548,1656,2041,HIGH,exact_code_plus_base_flag,2041,499895,Fiery Doll,Fiery Doll,OP03-019,C,,tcgcsv,1854,2041,0.01,0.15,1.58,0.06,,,2026-04-02 03:06:17,tcgcsv,OP03-019,1,1,1,0,1,0,missing_tcgplayer_product_id_only
507,OP03-020,Striker,C,,1658,507,OP03-020,,base,Base,official-cardlist,OP03/base/OP03-020.png,https://en.onepiece-cardgame.com/images/cardlist/card/OP03-020.png?260305,1549,1658,2042,HIGH,exact_code_plus_base_flag,2042,499896,Striker,Striker,OP03-020,C,,tcgcsv,1855,2042,0.01,0.15,1.58,0.13,,,2026-04-02 03:06:17,tcgcsv,OP03-020,1,1,1,0,1,0,missing_tcgplayer_product_id_only
508,OP03-021,Kuro,L,,1660,508,OP03-021,,base,Base,official-cardlist,OP03/base/OP03-021.png,https://en.onepiece-cardgame.com/images/cardlist/card/OP03-021.png?260305,1503,1660,1995,HIGH,exact_code_plus_base_flag,1995,498038,Kuro,Kuro,OP03-021,L,,tcgcsv,1808,1995,0.01,0.25,2.99,0.15,,,2026-04-02 03:06:17,tcgcsv,OP03-021,1,1,1,0,1,0,missing_tcgplayer_product_id_only
508,OP03-021,Kuro,L,,1662,508,OP03-021::alt,,alt,Alt,local-catalog,thumbs/OP03-021_Alt.webp,,,,,,,,,,,,,,,,,,,,,,,,,OP03-021::alt,0,0,0,0,1,0,missing_printing_market_map
508,OP03-021,Kuro,L,,1663,508,OP03-021_p1,,parallel_1,Parallel 1,official-cardlist,OP03/parallel/OP03-021_p1.png,https://en.onepiece-cardgame.com/images/cardlist/card/OP03-021_p1.png?260305,,,,,,,,,,,,,,,,,,,,,,,,OP03-021_p1,0,0,0,0,1,0,missing_printing_market_map
509,OP03-022,Arlong,L,,1664,509,OP03-022,,base,Base,official-cardlist,OP03/base/OP03-022.png,https://en.onepiece-cardgame.com/images/cardlist/card/OP03-022.png?260305,1505,1664,1997,HIGH,exact_code_plus_base_flag,1997,498063,Arlong,Arlong,OP03-022,L,,tcgcsv,1810,1997,0.05,0.25,2.99,0.17,,,2026-04-02 03:06:17,tcgcsv,OP03-022,1,1,1,0,1,0,missing_tcgplayer_product_id_only
509,OP03-022,Arlong,L,,1666,509,OP03-022::alt,,alt,Alt,local-catalog,thumbs/OP03-022_Alt.webp,,,,,,,,,,,,,,,,,,,,,,,,,OP03-022::alt,0,0,0,0,1,0,missing_printing_market_map
509,OP03-022,Arlong,L,,1667,509,OP03-022_p1,,parallel_1,Parallel 1,official-cardlist,OP03/parallel/OP03-022_p1.png,https://en.onepiece-cardgame.com/images/cardlist/card/OP03-022_p1.png?260305,,,,,,,,,,,,,,,,,,,,,,,,OP03-022_p1,0,0,0,0,1,0,missing_printing_market_map
510,OP03-023,Alvida,C,,1668,510,OP03-023,,base,Base,official-cardlist,OP03/base/OP03-023.png,https://en.onepiece-cardgame.com/images/cardlist/card/OP03-023.png?260305,1550,1668,2043,HIGH,exact_code_plus_base_flag,2043,499897,Alvida,Alvida,OP03-023,C,,tcgcsv,1856,2043,0.01,0.12,1.58,0.03,,,2026-04-02 03:06:17,tcgcsv,OP03-023,1,1,1,0,1,0,missing_tcgplayer_product_id_only
511,OP03-024,Gin,R,,1670,511,OP03-024,,base,Base,official-cardlist,OP03/base/OP03-024.png,https://en.onepiece-cardgame.com/images/cardlist/card/OP03-024.png?260305,1521,1670,2014,HIGH,exact_code_plus_base_flag,2014,498861,Gin,Gin,OP03-024,R,,tcgcsv,1827,2014,0.03,0.25,25.0,0.11,,,2026-04-02 03:06:17,tcgcsv,OP03-024,1,1,1,0,1,0,missing_tcgplayer_product_id_only
511,OP03-024,Gin,R,,1672,511,OP03-024::alt,,alt,Alt,local-catalog,thumbs/OP03-024ALT.webp,,,,,,,,,,,,,,,,,,,,,,,,,OP03-024::alt,0,0,0,0,1,0,missing_printing_market_map
511,OP03-024,Gin,R,,1673,511,OP03-024_p1,,parallel_1,Parallel 1,official-cardlist,OP03/parallel/OP03-024_p1.png,https://en.onepiece-cardgame.com/images/cardlist/card/OP03-024_p1.png?260305,,,,,,,,,,,,,,,,,,,,,,,,OP03-024_p1,0,0,0,0,1,0,missing_printing_market_map
512,OP03-025,Krieg,SR,,1674,512,OP03-025,,base,Base,official-cardlist,OP03/base/OP03-025.png,https://en.onepiece-cardgame.com/images/cardlist/card/OP03-025.png?260305,1523,1674,2016,HIGH,exact_code_plus_base_flag,2016,499028,Krieg,Krieg,OP03-025,SR,,tcgcsv,1829,2016,0.38,0.86,10.0,0.58,,,2026-04-02 03:06:17,tcgcsv,OP03-025,1,1,1,0,1,0,missing_tcgplayer_product_id_only
512,OP03-025,Krieg,SR,,1676,512,OP03-025::alt,,alt,Alt,local-catalog,thumbs/OP03-025ALT.webp,,,,,,,,,,,,,,,,,,,,,,,,,OP03-025::alt,0,0,0,0,1,0,missing_printing_market_map
512,OP03-025,Krieg,SR,,1677,512,OP03-025_p1,,parallel_1,Parallel 1,official-cardlist,OP03/parallel/OP03-025_p1.png,https://en.onepiece-cardgame.com/images/cardlist/card/OP03-025_p1.png?260305,,,,,,,,,,,,,,,,,,,,,,,,OP03-025_p1,0,0,0,0,1,0,missing_printing_market_map
513,OP03-026,Kuroobi,UC,,1678,513,OP03-026,,base,Base,official-cardlist,OP03/base/OP03-026.png,https://en.onepiece-cardgame.com/images/cardlist/card/OP03-026.png?260305,579,1678,917,HIGH,exact_code_plus_base_flag,917,514036,Kuroobi (Online Regional 2023) [Participant],Kuroobi Online Regional 2023 Participant,OP03-026,PR,,tcgcsv,902,917,11.69,14.54,19.98,13.6,,,2026-04-02 03:06:17,tcgcsv,OP03-026,1,1,1,0,1,0,missing_tcgplayer_product_id_only
514,OP03-027,Sham,C,,1680,514,OP03-027,,base,Base,official-cardlist,OP03/base/OP03-027.png,https://en.onepiece-cardgame.com/images/cardlist/card/OP03-027.png?260305,1552,1680,2045,HIGH,exact_code_plus_base_flag,2045,499899,Sham,Sham,OP03-027,C,,tcgcsv,1858,2045,0.01,0.15,1.58,0.05,,,2026-04-02 03:06:17,tcgcsv,OP03-027,1,1,1,0,1,0,missing_tcgplayer_product_id_only
515,OP03-028,Jango,R,,1682,515,OP03-028,,base,Base,official-cardlist,OP03/base/OP03-028.png,https://en.onepiece-cardgame.com/images/cardlist/card/OP03-028.png?260305,1553,1682,2046,HIGH,exact_code_plus_base_flag,2046,499900,Jango,Jango,OP03-028,R,,tcgcsv,1859,2046,0.03,0.25,25.0,0.22,,,2026-04-02 03:06:17,tcgcsv,OP03-028,1,1,1,0,1,0,missing_tcgplayer_product_id_only
516,OP03-029,Chew,UC,,1684,516,OP03-029,,base,Base,official-cardlist,OP03/base/OP03-029.png,https://en.onepiece-cardgame.com/images/cardlist/card/OP03-029.png?260305,1554,1684,2047,HIGH,exact_code_plus_base_flag,2047,499901,Chew,Chew,OP03-029,UC,,tcgcsv,1860,2047,0.03,0.18,5.0,0.11,,,2026-04-02 03:06:17,tcgcsv,OP03-029,1,1,1,0,1,0,missing_tcgplayer_product_id_only
517,OP03-030,Nami,R,,1686,517,OP03-030,,base,Base,official-cardlist,OP03/base/OP03-030.png,https://en.onepiece-cardgame.com/images/cardlist/card/OP03-030.png?260305,1555,1686,2048,HIGH,exact_code_plus_base_flag,2048,499902,Nami (030),Nami 030,OP03-030,R,,tcgcsv,1861,2048,0.25,0.75,50.0,0.45,,,2026-04-02 03:06:17,tcgcsv,OP03-030,1,1,1,0,1,0,missing_tcgplayer_product_id_only
518,OP03-031,Pearl,C,,1688,518,OP03-031,,base,Base,official-cardlist,OP03/base/OP03-031.png,https://en.onepiece-cardgame.com/images/cardlist/card/OP03-031.png?260305,570,1688,908,HIGH,exact_code_plus_base_flag,908,510718,Pearl (Store Championship Participation Pack Vol. 2),Pearl Store Championship Participation Pack Vol 2,OP03-031,PR,,tcgcsv,893,908,3.0,5.74,50.0,7.07,,,2026-04-02 03:06:17,tcgcsv,OP03-031,1,1,1,0,1,0,missing_tcgplayer_product_id_only
518,OP03-031,Pearl,C,,1690,518,OP03-031::alt,,alt,Alt,local-catalog,thumbs/OP03-031alt.webp,,,,,,,,,,,,,,,,,,,,,,,,,OP03-031::alt,0,0,0,0,1,0,missing_printing_market_map
519,OP03-032,Buggy,C,,1691,519,OP03-032,,base,Base,official-cardlist,OP03/base/OP03-032.png,https://en.onepiece-cardgame.com/images/cardlist/card/OP03-032.png?260305,1557,1691,2050,HIGH,exact_code_plus_base_flag,2050,499904,Buggy (032),Buggy 032,OP03-032,C,,tcgcsv,1863,2050,0.02,0.15,5.0,0.12,,,2026-04-02 03:06:17,tcgcsv,OP03-032,1,1,1,0,1,0,missing_tcgplayer_product_id_only
519,OP03-032,Buggy,C,,1693,519,OP03-032::alt,,alt,Alt,local-catalog,thumbs/OP03-032alt.webp,,,,,,,,,,,,,,,,,,,,,,,,,OP03-032::alt,0,0,0,0,1,0,missing_printing_market_map
520,OP03-033,Hatchan,UC,,1694,520,OP03-033,,base,Base,official-cardlist,OP03/base/OP03-033.png,https://en.onepiece-cardgame.com/images/cardlist/card/OP03-033.png?260305,736,1694,1090,HIGH,exact_code_plus_base_flag,1090,537440,Hatchan (Tournament Pack Vol. 6),Hatchan Tournament Pack Vol 6,OP03-033,UC,,tcgcsv,1041,1090,0.15,0.54,3.0,0.43,,,2026-04-02 03:06:17,tcgcsv,OP03-033,1,1,1,0,1,0,missing_tcgplayer_product_id_only
520,OP03-033,Hatchan,UC,,1696,520,OP03-033::alt,,alt,Alt,local-catalog,thumbs/OP03-033alt.webp,,,,,,,,,,,,,,,,,,,,,,,,,OP03-033::alt,0,0,0,0,1,0,missing_printing_market_map
520,OP03-033,Hatchan,UC,,1697,520,OP03-033_p1,,parallel_1,Parallel 1,official-cardlist,TP06/parallel/OP03-033_p1.png,https://en.onepiece-cardgame.com/images/cardlist/card/OP03-033_p1.png?260305,,,,,,,,,,,,,,,,,,,,,,,,OP03-033_p1,0,0,0,0,1,0,missing_printing_market_map
520,OP03-033,Hatchan,UC,,1698,520,OP03-033::winner alt,,alt,Winner Alt,local-catalog,thumbs/OP03-033 Winner alt.webp,,,,,,,,,,,,,,,,,,,,,,,,,OP03-033::winner alt,0,0,0,0,1,0,missing_printing_market_map
521,OP03-034,Buchi,UC,,1699,521,OP03-034,,base,Base,official-cardlist,OP03/base/OP03-034.png,https://en.onepiece-cardgame.com/images/cardlist/card/OP03-034.png?260305,1559,1699,2052,HIGH,exact_code_plus_base_flag,2052,499906,Buchi,Buchi,OP03-034,UC,,tcgcsv,1865,2052,0.02,0.15,5.0,0.08,,,2026-04-02 03:06:17,tcgcsv,OP03-034,1,1,1,0,1,0,missing_tcgplayer_product_id_only
522,OP03-035,Momoo,C,,1701,522,OP03-035,,base,Base,official-cardlist,OP03/base/OP03-035.png,https://en.onepiece-cardgame.com/images/cardlist/card/OP03-035.png?260305,1560,1701,2053,HIGH,exact_code_plus_base_flag,2053,499907,Momoo,Momoo,OP03-035,C,,tcgcsv,1866,2053,0.01,0.15,1.6,0.1,,,2026-04-02 03:06:17,tcgcsv,OP03-035,1,1,1,0,1,0,missing_tcgplayer_product_id_only
523,OP03-036,Out-of-the-Bag,C,,1703,523,OP03-036,,base,Base,official-cardlist,OP03/base/OP03-036.png,https://en.onepiece-cardgame.com/images/cardlist/card/OP03-036.png?260305,1561,1703,2054,HIGH,exact_code_plus_base_flag,2054,499908,Out-of-the-Bag,Out of the Bag,OP03-036,C,,tcgcsv,1867,2054,0.01,0.12,1.58,0.07,,,2026-04-02 03:06:17,tcgcsv,OP03-036,1,1,1,0,1,0,missing_tcgplayer_product_id_only
524,OP03-037,Tooth Attack,C,,1705,524,OP03-037,,base,Base,official-cardlist,OP03/base/OP03-037.png,https://en.onepiece-cardgame.com/images/cardlist/card/OP03-037.png?260305,1562,1705,2055,HIGH,exact_code_plus_base_flag,2055,499909,Tooth Attack,Tooth Attack,OP03-037,C,,tcgcsv,1868,2055,0.01,0.12,1.58,0.06,,,2026-04-02 03:06:17,tcgcsv,OP03-037,1,1,1,0,1,0,missing_tcgplayer_product_id_only
525,OP03-038,Deathly Poison Gas Bomb MH5,R,,1707,525,OP03-038,,base,Base,official-cardlist,OP03/base/OP03-038.png,https://en.onepiece-cardgame.com/images/cardlist/card/OP03-038.png?260305,1563,1707,2056,HIGH,exact_code_plus_base_flag,2056,499910,Deathly Poison Gas Bomb MH5,Deathly Poison Gas Bomb MH5,OP03-038,R,,tcgcsv,1869,2056,0.01,0.24,25.0,0.13,,,2026-04-02 03:06:17,tcgcsv,OP03-038,1,1,1,0,1,0,missing_tcgplayer_product_id_only
526,OP03-039,"One, Two, Jango",UC,,1709,526,OP03-039,,base,Base,official-cardlist,OP03/base/OP03-039.png,https://en.onepiece-cardgame.com/images/cardlist/card/OP03-039.png?260305,1564,1709,2057,HIGH,exact_code_plus_base_flag,2057,499970,"One, Two, Jango",One Two Jango,OP03-039,UC,,tcgcsv,1870,2057,0.03,0.15,5.0,0.14,,,2026-04-02 03:06:17,tcgcsv,OP03-039,1,1,1,0,1,0,missing_tcgplayer_product_id_only
527,OP03-040,Nami,L,,1711,527,OP03-040,,base,Base,official-cardlist,OP03/base/OP03-040.png,https://en.onepiece-cardgame.com/images/cardlist/card/OP03-040.png?260305,1507,1711,1999,HIGH,exact_code_plus_base_flag,1999,498253,Nami (040),Nami 040,OP03-040,L,,tcgcsv,1812,1999,0.5,0.95,4.99,0.81,,,2026-04-02 03:06:17,tcgcsv,OP03-040,1,1,1,0,1,0,missing_tcgplayer_product_id_only
527,OP03-040,Nami,L,,1713,527,OP03-040::alt,,alt,Alt,local-catalog,thumbs/OP03-040_Alt.webp,,,,,,,,,,,,,,,,,,,,,,,,,OP03-040::alt,0,0,0,0,1,0,missing_printing_market_map
527,OP03-040,Nami,L,,1714,527,OP03-040_p1,,parallel_1,Parallel 1,official-cardlist,OP03/parallel/OP03-040_p1.png,https://en.onepiece-cardgame.com/images/cardlist/card/OP03-040_p1.png?260305,,,,,,,,,,,,,,,,,,,,,,,,OP03-040_p1,0,0,0,0,1,0,missing_printing_market_map
528,OP03-041,Usopp,SR,,1715,528,OP03-041,,base,Base,official-cardlist,OP03/base/OP03-041.png,https://en.onepiece-cardgame.com/images/cardlist/card/OP03-041.png?260305,1525,1715,2018,HIGH,exact_code_plus_base_flag,2018,499190,Usopp,Usopp,OP03-041,SR,,tcgcsv,1831,2018,0.45,1.48,10.0,1.39,,,2026-04-02 03:06:17,tcgcsv,OP03-041,1,1,1,0,1,0,missing_tcgplayer_product_id_only
528,OP03-041,Usopp,SR,,1717,528,OP03-041::alt,,alt,Alt,local-catalog,thumbs/OP03-041_Alt.webp,,,,,,,,,,,,,,,,,,,,,,,,,OP03-041::alt,0,0,0,0,1,0,missing_printing_market_map
528,OP03-041,Usopp,SR,,1718,528,OP03-041_p1,,parallel_1,Parallel 1,official-cardlist,OP03/parallel/OP03-041_p1.png,https://en.onepiece-cardgame.com/images/cardlist/card/OP03-041_p1.png?260305,,,,,,,,,,,,,,,,,,,,,,,,OP03-041_p1,0,0,0,0,1,0,missing_printing_market_map
529,OP03-042,Usopp's Pirate Crew,C,,1719,529,OP03-042,,base,Base,official-cardlist,OP03/base/OP03-042.png,https://en.onepiece-cardgame.com/images/cardlist/card/OP03-042.png?260305,1565,1719,2058,HIGH,exact_code_plus_base_flag,2058,499971,Usopp's Pirate Crew,Usopps Pirate Crew,OP03-042,C,,tcgcsv,1871,2058,0.01,0.15,1.98,0.07,,,2026-04-02 03:06:17,tcgcsv,OP03-042,1,1,1,0,1,0,missing_tcgplayer_product_id_only
530,OP03-043,Gaimon,C,,1721,530,OP03-043,,base,Base,official-cardlist,OP03/base/OP03-043.png,https://en.onepiece-cardgame.com/images/cardlist/card/OP03-043.png?260305,1566,1721,2059,HIGH,exact_code_plus_base_flag,2059,499972,Gaimon,Gaimon,OP03-043,C,,tcgcsv,1872,2059,0.01,0.15,1.98,0.07,,,2026-04-02 03:06:17,tcgcsv,OP03-043,1,1,1,0,1,0,missing_tcgplayer_product_id_only
531,OP03-044,Kaya,R,,1723,531,OP03-044,,base,Base,official-cardlist,OP03/base/OP03-044.png,https://en.onepiece-cardgame.com/images/cardlist/card/OP03-044.png?260305,738,1723,1092,HIGH,exact_code_plus_base_flag,1092,537442,Kaya (Tournament Pack Vol. 6),Kaya Tournament Pack Vol 6,OP03-044,R,,tcgcsv,1043,1092,0.5,1.74,4.99,1.18,,,2026-04-02 03:06:17,tcgcsv,OP03-044,1,1,1,0,1,0,missing_tcgplayer_product_id_only
531,OP03-044,Kaya,R,,1725,531,OP03-044::2nd anniversary alt,,promo,2Nd Anniversary Alt,local-catalog,thumbs/OP03-044(2nd Anniversary alt).webp,,,,,,,,,,,,,,,,,,,,,,,,,OP03-044::2nd anniversary alt,0,0,0,0,1,0,missing_printing_market_map
531,OP03-044,Kaya,R,,1726,531,OP03-044::alt,,alt,Alt,local-catalog,thumbs/OP03-044alt.webp,,,,,,,,,,,,,,,,,,,,,,,,,OP03-044::alt,0,0,0,0,1,0,missing_printing_market_map
531,OP03-044,Kaya,R,,1727,531,OP03-044::alt art 2,,alt,Alt Art 2,local-catalog,thumbs/OP03-044alt2.webp,,,,,,,,,,,,,,,,,,,,,,,,,OP03-044::alt art 2,0,0,0,0,1,0,missing_printing_market_map
531,OP03-044,Kaya,R,,1728,531,OP03-044_p1,,parallel_1,Parallel 1,official-cardlist,TP06/parallel/OP03-044_p1.png,https://en.onepiece-cardgame.com/images/cardlist/card/OP03-044_p1.png?260305,,,,,,,,,,,,,,,,,,,,,,,,OP03-044_p1,0,0,0,0,1,0,missing_printing_market_map
531,OP03-044,Kaya,R,,1729,531,OP03-044_p2,,parallel_2,Parallel 2,official-cardlist,ANN2JP/parallel/OP03-044_p2.png,https://en.onepiece-cardgame.com/images/cardlist/card/OP03-044_p2.png?260305,,,,,,,,,,,,,,,,,,,,,,,,OP03-044_p2,0,0,0,0,1,0,missing_printing_market_map
531,OP03-044,Kaya,R,,1730,531,OP03-044_r1,,r1,R1,official-cardlist,PRB02/reprint/OP03-044_r1.png,https://en.onepiece-cardgame.com/images/cardlist/card/OP03-044_r1.png?260305,,,,,,,,,,,,,,,,,,,,,,,,OP03-044_r1,0,0,0,0,1,0,missing_printing_market_map
531,OP03-044,Kaya,R,,1731,531,OP03-044::winner alt,,alt,Winner Alt,local-catalog,thumbs/OP03-044 Winner alt.webp,,,,,,,,,,,,,,,,,,,,,,,,,OP03-044::winner alt,0,0,0,0,1,0,missing_printing_market_map
532,OP03-045,Carne,UC,,1732,532,OP03-045,,base,Base,official-cardlist,OP03/base/OP03-045.png,https://en.onepiece-cardgame.com/images/cardlist/card/OP03-045.png?260305,1568,1732,2061,HIGH,exact_code_plus_base_flag,2061,499975,Carne,Carne,OP03-045,UC,,tcgcsv,1874,2061,0.01,0.15,5.0,0.09,,,2026-04-02 03:06:17,tcgcsv,OP03-045,1,1,1,0,1,0,missing_tcgplayer_product_id_only
533,OP03-046,Genzo,C,,1734,533,OP03-046,,base,Base,official-cardlist,OP03/base/OP03-046.png,https://en.onepiece-cardgame.com/images/cardlist/card/OP03-046.png?260305,1569,1734,2062,HIGH,exact_code_plus_base_flag,2062,499976,Genzo,Genzo,OP03-046,C,,tcgcsv,1875,2062,0.01,0.15,1.58,0.06,,,2026-04-02 03:06:17,tcgcsv,OP03-046,1,1,1,0,1,0,missing_tcgplayer_product_id_only
534,OP03-047,Zeff,R,,1736,534,OP03-047,,base,Base,official-cardlist,OP03/base/OP03-047.png,https://en.onepiece-cardgame.com/images/cardlist/card/OP03-047.png?260305,1527,1736,2020,HIGH,exact_code_plus_base_flag,2020,499283,Zeff,Zeff,OP03-047,R,,tcgcsv,1833,2020,0.14,0.37,50.0,0.25,,,2026-04-02 03:06:17,tcgcsv,OP03-047,1,1,1,0,1,0,missing_tcgplayer_product_id_only
534,OP03-047,Zeff,R,,1738,534,OP03-047::alt,,alt,Alt,local-catalog,thumbs/OP03-047ALT.webp,,,,,,,,,,,,,,,,,,,,,,,,,OP03-047::alt,0,0,0,0,1,0,missing_printing_market_map
534,OP03-047,Zeff,R,,1739,534,OP03-047_p1,,parallel_1,Parallel 1,official-cardlist,OP03/parallel/OP03-047_p1.png,https://en.onepiece-cardgame.com/images/cardlist/card/OP03-047_p1.png?260305,,,,,,,,,,,,,,,,,,,,,,,,OP03-047_p1,0,0,0,0,1,0,missing_printing_market_map
535,OP03-048,Nojiko,UC,,1740,535,OP03-048,,base,Base,official-cardlist,OP03/base/OP03-048.png,https://en.onepiece-cardgame.com/images/cardlist/card/OP03-048.png?260305,1570,1740,2063,HIGH,exact_code_plus_base_flag,2063,499977,Nojiko,Nojiko,OP03-048,UC,,tcgcsv,1876,2063,0.25,0.75,10.0,0.55,,,2026-04-02 03:06:17,tcgcsv,OP03-048,1,1,1,0,1,0,missing_tcgplayer_product_id_only
535,OP03-048,Nojiko,UC,,1742,535,OP03-048_p1,,parallel_1,Parallel 1,official-cardlist,PRB02/parallel/OP03-048_p1.png,https://en.onepiece-cardgame.com/images/cardlist/card/OP03-048_p1.png?260305,,,,,,,,,,,,,,,,,,,,,,,,OP03-048_p1,0,0,0,0,1,0,missing_printing_market_map
535,OP03-048,Nojiko,UC,,1743,535,OP03-048_r1,,r1,R1,official-cardlist,PRB02/reprint/OP03-048_r1.png,https://en.onepiece-cardgame.com/images/cardlist/card/OP03-048_r1.png?260305,,,,,,,,,,,,,,,,,,,,,,,,OP03-048_r1,0,0,0,0,1,0,missing_printing_market_map
536,OP03-049,Patty,UC,,1744,536,OP03-049,,base,Base,official-cardlist,OP03/base/OP03-049.png,https://en.onepiece-cardgame.com/images/cardlist/card/OP03-049.png?260305,1571,1744,2064,HIGH,exact_code_plus_base_flag,2064,499978,Patty,Patty,OP03-049,UC,,tcgcsv,1877,2064,0.01,0.15,5.0,0.07,,,2026-04-02 03:06:17,tcgcsv,OP03-049,1,1,1,0,1,0,missing_tcgplayer_product_id_only
537,OP03-050,Boodle,UC,,1746,537,OP03-050,,base,Base,official-cardlist,OP03/base/OP03-050.png,https://en.onepiece-cardgame.com/images/cardlist/card/OP03-050.png?260305,1572,1746,2065,HIGH,exact_code_plus_base_flag,2065,499979,Boodle,Boodle,OP03-050,UC,,tcgcsv,1878,2065,0.08,0.25,5.0,0.24,,,2026-04-02 03:06:17,tcgcsv,OP03-050,1,1,1,0,1,0,missing_tcgplayer_product_id_only
538,OP03-051,Bell-mere,R,,1748,538,OP03-051,,base,Base,official-cardlist,OP03/base/OP03-051.png,https://en.onepiece-cardgame.com/images/cardlist/card/OP03-051.png?260305,1573,1748,2066,HIGH,exact_code_plus_base_flag,2066,499980,Bell-mere,Bell mere,OP03-051,R,,tcgcsv,1879,2066,0.03,0.26,25.0,0.22,,,2026-04-02 03:06:17,tcgcsv,OP03-051,1,1,1,0,1,0,missing_tcgplayer_product_id_only
539,OP03-052,Merry,C,,1750,539,OP03-052,,base,Base,official-cardlist,OP03/base/OP03-052.png,https://en.onepiece-cardgame.com/images/cardlist/card/OP03-052.png?260305,1574,1750,2067,HIGH,exact_code_plus_base_flag,2067,499981,Merry,Merry,OP03-052,C,,tcgcsv,1880,2067,0.01,0.12,1.58,0.05,,,2026-04-02 03:06:17,tcgcsv,OP03-052,1,1,1,0,1,0,missing_tcgplayer_product_id_only
540,OP03-053,Yosaku & Johnny,C,,1752,540,OP03-053,,base,Base,official-cardlist,OP03/base/OP03-053.png,https://en.onepiece-cardgame.com/images/cardlist/card/OP03-053.png?260305,1575,1752,2068,HIGH,exact_code_plus_base_flag,2068,499982,Yosaku & Johnny,Yosaku and Johnny,OP03-053,C,,tcgcsv,1881,2068,0.01,0.15,1.6,0.08,,,2026-04-02 03:06:17,tcgcsv,OP03-053,1,1,1,0,1,0,missing_tcgplayer_product_id_only
541,OP03-054,Usopp's Rubber Band of Doom!!!,C,,1754,541,OP03-054,,base,Base,official-cardlist,OP03/base/OP03-054.png,https://en.onepiece-cardgame.com/images/cardlist/card/OP03-054.png?260305,1576,1754,2069,HIGH,exact_code_plus_base_flag,2069,499983,Usopp's Rubber Band of Doom!!!,Usopps Rubber Band of Doom,OP03-054,C,,tcgcsv,1882,2069,0.07,0.25,5.0,0.21,,,2026-04-02 03:06:17,tcgcsv,OP03-054,1,1,1,0,1,0,missing_tcgplayer_product_id_only
542,OP03-055,Gum-Gum Giant Gavel,C,,1756,542,OP03-055,,base,Base,official-cardlist,OP03/base/OP03-055.png,https://en.onepiece-cardgame.com/images/cardlist/card/OP03-055.png?260305,1005,1756,1402,HIGH,exact_code_plus_base_flag,1402,587229,Gum-Gum Giant Gavel (Premium Card Collection -Best Selection Vol. 2-),Gum Gum Giant Gavel Premium Card Collection Best Selection Vol 2,OP03-055,C,,tcgcsv,1296,1402,2.1,4.0,40.0,2.85,,,2026-04-02 03:06:17,tcgcsv,OP03-055,1,1,1,0,1,0,missing_tcgplayer_product_id_only
542,OP03-055,Gum-Gum Giant Gavel,C,,1758,542,OP03-055::alt,,alt,Alt,local-catalog,thumbs/OP03-055alt.webp,,,,,,,,,,,,,,,,,,,,,,,,,OP03-055::alt,0,0,0,0,1,0,missing_printing_market_map
542,OP03-055,Gum-Gum Giant Gavel,C,,1759,542,OP03-055_p2,,parallel_2,Parallel 2,official-cardlist,PRB01/parallel/OP03-055_p2.png,https://en.onepiece-cardgame.com/images/cardlist/card/OP03-055_p2.png?260305,,,,,,,,,,,,,,,,,,,,,,,,OP03-055_p2,0,0,0,0,1,0,missing_printing_market_map
542,OP03-055,Gum-Gum Giant Gavel,C,,1760,542,OP03-055_p3,,parallel_3,Parallel 3,official-cardlist,PRB01/parallel/OP03-055_p3.png,https://en.onepiece-cardgame.com/images/cardlist/card/OP03-055_p3.png?260305,,,,,,,,,,,,,,,,,,,,,,,,OP03-055_p3,0,0,0,0,1,0,missing_printing_market_map
542,OP03-055,Gum-Gum Giant Gavel,C,,1761,542,OP03-055_r1,,r1,R1,official-cardlist,PRB01/reprint/OP03-055_r1.png,https://en.onepiece-cardgame.com/images/cardlist/card/OP03-055_r1.png?260305,,,,,,,,,,,,,,,,,,,,,,,,OP03-055_r1,0,0,0,0,1,0,missing_printing_market_map
543,OP03-056,Sanji's Pilaf,UC,,1762,543,OP03-056,,base,Base,official-cardlist,OP03/base/OP03-056.png,https://en.onepiece-cardgame.com/images/cardlist/card/OP03-056.png?260305,1578,1762,2071,HIGH,exact_code_plus_base_flag,2071,499986,Sanji's Pilaf,Sanjis Pilaf,OP03-056,UC,,tcgcsv,1884,2071,0.25,0.58,6.11,0.46,,,2026-04-02 03:06:17,tcgcsv,OP03-056,1,1,1,0,1,0,missing_tcgplayer_product_id_only
543,OP03-056,Sanji's Pilaf,UC,,1764,543,OP03-056_p2,,parallel_2,Parallel 2,official-cardlist,PRB01/parallel/OP03-056_p2.png,https://en.onepiece-cardgame.com/images/cardlist/card/OP03-056_p2.png?260305,,,,,,,,,,,,,,,,,,,,,,,,OP03-056_p2,0,0,0,0,1,0,missing_printing_market_map
543,OP03-056,Sanji's Pilaf,UC,,1765,543,OP03-056_p3,,parallel_3,Parallel 3,official-cardlist,PRB01/parallel/OP03-056_p3.png,https://en.onepiece-cardgame.com/images/cardlist/card/OP03-056_p3.png?260305,,,,,,,,,,,,,,,,,,,,,,,,OP03-056_p3,0,0,0,0,1,0,missing_printing_market_map
543,OP03-056,Sanji's Pilaf,UC,,1766,543,OP03-056_p4,,parallel_4,Parallel 4,official-cardlist,PRB01/parallel/OP03-056_p4.png,https://en.onepiece-cardgame.com/images/cardlist/card/OP03-056_p4.png?260305,,,,,,,,,,,,,,,,,,,,,,,,OP03-056_p4,0,0,0,0,1,0,missing_printing_market_map
543,OP03-056,Sanji's Pilaf,UC,,1767,543,OP03-056::prb01alt,,alt,Prb01Alt,local-catalog,thumbs/OP03-056(PRB01alt).webp,,,,,,,,,,,,,,,,,,,,,,,,,OP03-056::prb01alt,0,0,0,0,1,0,missing_printing_market_map
543,OP03-056,Sanji's Pilaf,UC,,1768,543,OP03-056_r1,,r1,R1,official-cardlist,PRB01/reprint/OP03-056_r1.png,https://en.onepiece-cardgame.com/images/cardlist/card/OP03-056_r1.png?260305,,,,,,,,,,,,,,,,,,,,,,,,OP03-056_r1,0,0,0,0,1,0,missing_printing_market_map
544,OP03-057,Three Thousand Worlds,R,,1769,544,OP03-057,,base,Base,official-cardlist,OP03/base/OP03-057.png,https://en.onepiece-cardgame.com/images/cardlist/card/OP03-057.png?260305,602,1769,941,HIGH,exact_code_plus_base_flag,941,514060,Three Thousand Worlds (Judge Pack Vol. 2),Three Thousand Worlds Judge Pack Vol 2,OP03-057,PR,,tcgcsv,916,941,2.5,4.0,11.0,3.47,,,2026-04-02 03:06:17,tcgcsv,OP03-057,1,1,1,0,1,0,missing_tcgplayer_product_id_only
544,OP03-057,Three Thousand Worlds,R,,1771,544,OP03-057_p2,,parallel_2,Parallel 2,official-cardlist,PRB01/parallel/OP03-057_p2.png,https://en.onepiece-cardgame.com/images/cardlist/card/OP03-057_p2.png?260305,,,,,,,,,,,,,,,,,,,,,,,,OP03-057_p2,0,0,0,0,1,0,missing_printing_market_map
544,OP03-057,Three Thousand Worlds,R,,1772,544,OP03-057_p3,,parallel_3,Parallel 3,official-cardlist,PRB01/parallel/OP03-057_p3.png,https://en.onepiece-cardgame.com/images/cardlist/card/OP03-057_p3.png?260305,,,,,,,,,,,,,,,,,,,,,,,,OP03-057_p3,0,0,0,0,1,0,missing_printing_market_map
544,OP03-057,Three Thousand Worlds,R,,1773,544,OP03-057_p4,,parallel_4,Parallel 4,official-cardlist,PRB01/parallel/OP03-057_p4.png,https://en.onepiece-cardgame.com/images/cardlist/card/OP03-057_p4.png?260305,,,,,,,,,,,,,,,,,,,,,,,,OP03-057_p4,0,0,0,0,1,0,missing_printing_market_map
544,OP03-057,Three Thousand Worlds,R,,1774,544,OP03-057::prb01alt,,alt,Prb01Alt,local-catalog,thumbs/OP03-057(PRB01alt).webp,,,,,,,,,,,,,,,,,,,,,,,,,OP03-057::prb01alt,0,0,0,0,1,0,missing_printing_market_map
544,OP03-057,Three Thousand Worlds,R,,1775,544,OP03-057_r1,,r1,R1,official-cardlist,PRB01/reprint/OP03-057_r1.png,https://en.onepiece-cardgame.com/images/cardlist/card/OP03-057_r1.png?260305,,,,,,,,,,,,,,,,,,,,,,,,OP03-057_r1,0,0,0,0,1,0,missing_printing_market_map
545,OP03-058,Iceburg,L,,1776,545,OP03-058,,base,Base,official-cardlist,OP03/base/OP03-058.png,https://en.onepiece-cardgame.com/images/cardlist/card/OP03-058.png?260305,1509,1776,2001,HIGH,exact_code_plus_base_flag,2001,498296,Iceburg,Iceburg,OP03-058,L,,tcgcsv,1814,2001,0.05,0.25,5.0,0.19,,,2026-04-02 03:06:17,tcgcsv,OP03-058,1,1,1,0,1,0,missing_tcgplayer_product_id_only
545,OP03-058,Iceburg,L,,1778,545,OP03-058::alt,,alt,Alt,local-catalog,thumbs/OP03-058_Alt.webp,,,,,,,,,,,,,,,,,,,,,,,,,OP03-058::alt,0,0,0,0,1,0,missing_printing_market_map
545,OP03-058,Iceburg,L,,1779,545,OP03-058_p1,,parallel_1,Parallel 1,official-cardlist,OP03/parallel/OP03-058_p1.png,https://en.onepiece-cardgame.com/images/cardlist/card/OP03-058_p1.png?260305,,,,,,,,,,,,,,,,,,,,,,,,OP03-058_p1,0,0,0,0,1,0,missing_printing_market_map
546,OP03-059,Kaku,UC,,1780,546,OP03-059,,base,Base,official-cardlist,OP03/base/OP03-059.png,https://en.onepiece-cardgame.com/images/cardlist/card/OP03-059.png?260305,1580,1780,2073,HIGH,exact_code_plus_base_flag,2073,499990,Kaku (059),Kaku 059,OP03-059,UC,,tcgcsv,1886,2073,0.02,0.16,5.0,0.11,,,2026-04-02 03:06:17,tcgcsv,OP03-059,1,1,1,0,1,0,missing_tcgplayer_product_id_only
547,OP03-060,Kalifa,UC,,1782,547,OP03-060,,base,Base,official-cardlist,OP03/base/OP03-060.png,https://en.onepiece-cardgame.com/images/cardlist/card/OP03-060.png?260305,1581,1782,2074,HIGH,exact_code_plus_base_flag,2074,499992,Kalifa (060),Kalifa 060,OP03-060,UC,,tcgcsv,1887,2074,0.01,0.15,12.0,0.09,,,2026-04-02 03:06:17,tcgcsv,OP03-060,1,1,1,0,1,0,missing_tcgplayer_product_id_only
547,OP03-060,Kalifa,UC,,1784,547,OP03-060_p2,,parallel_2,Parallel 2,official-cardlist,PRB01/parallel/OP03-060_p2.png,https://en.onepiece-cardgame.com/images/cardlist/card/OP03-060_p2.png?260305,,,,,,,,,,,,,,,,,,,,,,,,OP03-060_p2,0,0,0,0,1,0,missing_printing_market_map
547,OP03-060,Kalifa,UC,,1785,547,OP03-060_p3,,parallel_3,Parallel 3,official-cardlist,PRB01/parallel/OP03-060_p3.png,https://en.onepiece-cardgame.com/images/cardlist/card/OP03-060_p3.png?260305,,,,,,,,,,,,,,,,,,,,,,,,OP03-060_p3,0,0,0,0,1,0,missing_printing_market_map
547,OP03-060,Kalifa,UC,,1786,547,OP03-060::prb01alt,,alt,Prb01Alt,local-catalog,thumbs/OP03-060(PRB01alt).webp,,,,,,,,,,,,,,,,,,,,,,,,,OP03-060::prb01alt,0,0,0,0,1,0,missing_printing_market_map
547,OP03-060,Kalifa,UC,,1787,547,OP03-060_r1,,r1,R1,official-cardlist,PRB01/reprint/OP03-060_r1.png,https://en.onepiece-cardgame.com/images/cardlist/card/OP03-060_r1.png?260305,,,,,,,,,,,,,,,,,,,,,,,,OP03-060_r1,0,0,0,0,1,0,missing_printing_market_map
548,OP03-061,Kiwi & Mozu,C,,1788,548,OP03-061,,base,Base,official-cardlist,OP03/base/OP03-061.png,https://en.onepiece-cardgame.com/images/cardlist/card/OP03-061.png?260305,1582,1788,2075,HIGH,exact_code_plus_base_flag,2075,499994,Kiwi & Mozu,Kiwi and Mozu,OP03-061,C,,tcgcsv,1888,2075,0.01,0.15,5.0,0.08,,,2026-04-02 03:06:17,tcgcsv,OP03-061,1,1,1,0,1,0,missing_tcgplayer_product_id_only
549,OP03-062,Kokoro,R,,1790,549,OP03-062,,base,Base,official-cardlist,OP03/base/OP03-062.png,https://en.onepiece-cardgame.com/images/cardlist/card/OP03-062.png?260305,1583,1790,2076,HIGH,exact_code_plus_base_flag,2076,499997,Kokoro,Kokoro,OP03-062,R,,tcgcsv,1889,2076,0.02,0.25,25.0,0.13,,,2026-04-02 03:06:17,tcgcsv,OP03-062,1,1,1,0,1,0,missing_tcgplayer_product_id_only
550,OP03-063,Zambai,UC,,1792,550,OP03-063,,base,Base,official-cardlist,OP03/base/OP03-063.png,https://en.onepiece-cardgame.com/images/cardlist/card/OP03-063.png?260305,1584,1792,2077,HIGH,exact_code_plus_base_flag,2077,500001,Zambai,Zambai,OP03-063,UC,,tcgcsv,1890,2077,0.02,0.15,5.0,0.08,,,2026-04-02 03:06:17,tcgcsv,OP03-063,1,1,1,0,1,0,missing_tcgplayer_product_id_only
551,OP03-064,Tilestone,C,,1794,551,OP03-064,,base,Base,official-cardlist,OP03/base/OP03-064.png,https://en.onepiece-cardgame.com/images/cardlist/card/OP03-064.png?260305,1585,1794,2078,HIGH,exact_code_plus_base_flag,2078,500002,Tilestone,Tilestone,OP03-064,C,,tcgcsv,1891,2078,0.01,0.15,1.58,0.06,,,2026-04-02 03:06:17,tcgcsv,OP03-064,1,1,1,0,1,0,missing_tcgplayer_product_id_only
552,OP03-065,Chimney & Gonbe,C,,1796,552,OP03-065,,base,Base,official-cardlist,OP03/base/OP03-065.png,https://en.onepiece-cardgame.com/images/cardlist/card/OP03-065.png?260305,1586,1796,2079,HIGH,exact_code_plus_base_flag,2079,500005,Chimney & Gonbe,Chimney and Gonbe,OP03-065,C,,tcgcsv,1892,2079,0.01,0.12,1.58,0.06,,,2026-04-02 03:06:17,tcgcsv,OP03-065,1,1,1,0,1,0,missing_tcgplayer_product_id_only
553,OP03-066,Paulie,SR,,1798,553,OP03-066,,base,Base,official-cardlist,OP03/base/OP03-066.png,https://en.onepiece-cardgame.com/images/cardlist/card/OP03-066.png?260305,1529,1798,2022,HIGH,exact_code_plus_base_flag,2022,499399,Paulie,Paulie,OP03-066,SR,,tcgcsv,1835,2022,0.21,0.5,25.0,0.38,,,2026-04-02 03:06:17,tcgcsv,OP03-066,1,1,1,0,1,0,missing_tcgplayer_product_id_only
553,OP03-066,Paulie,SR,,1800,553,OP03-066::alt,,alt,Alt,local-catalog,thumbs/OP03-066_Alt.webp,,,,,,,,,,,,,,,,,,,,,,,,,OP03-066::alt,0,0,0,0,1,0,missing_printing_market_map
553,OP03-066,Paulie,SR,,1801,553,OP03-066_p1,,parallel_1,Parallel 1,official-cardlist,OP03/parallel/OP03-066_p1.png,https://en.onepiece-cardgame.com/images/cardlist/card/OP03-066_p1.png?260305,,,,,,,,,,,,,,,,,,,,,,,,OP03-066_p1,0,0,0,0,1,0,missing_printing_market_map
554,OP03-067,Peepley Lulu,UC,,1802,554,OP03-067,,base,Base,official-cardlist,OP03/base/OP03-067.png,https://en.onepiece-cardgame.com/images/cardlist/card/OP03-067.png?260305,1587,1802,2080,HIGH,exact_code_plus_base_flag,2080,500006,Peepley Lulu,Peepley Lulu,OP03-067,UC,,tcgcsv,1893,2080,0.01,0.15,5.0,0.09,,,2026-04-02 03:06:17,tcgcsv,OP03-067,1,1,1,0,1,0,missing_tcgplayer_product_id_only
555,OP03-068,Minozebra,C,,1804,555,OP03-068,,base,Base,official-cardlist,OP03/base/OP03-068.png,https://en.onepiece-cardgame.com/images/cardlist/card/OP03-068.png?260305,1588,1804,2081,HIGH,exact_code_plus_base_flag,2081,500007,Minozebra,Minozebra,OP03-068,C,,tcgcsv,1894,2081,0.01,0.15,1.6,0.11,,,2026-04-02 03:06:17,tcgcsv,OP03-068,1,1,1,0,1,0,missing_tcgplayer_product_id_only
556,OP03-069,Minorhinoceros,C,,1806,556,OP03-069,,base,Base,official-cardlist,OP03/base/OP03-069.png,https://en.onepiece-cardgame.com/images/cardlist/card/OP03-069.png?260305,581,1806,919,HIGH,exact_code_plus_base_flag,919,514038,Minorhinoceros (Online Regional 2023) [Participant],Minorhinoceros Online Regional 2023 Participant,OP03-069,PR,,tcgcsv,904,919,4.0,6.44,30.0,5.02,,,2026-04-02 03:06:17,tcgcsv,OP03-069,1,1,1,0,1,0,missing_tcgplayer_product_id_only
556,OP03-069,Minorhinoceros,C,,1808,556,OP03-069::alt art 2,,alt,Alt Art 2,local-catalog,thumbs/OP03-069alt2.webp,,,,,,,,,,,,,,,,,,,,,,,,,OP03-069::alt art 2,0,0,0,0,1,0,missing_printing_market_map
557,OP03-070,Monkey.D.Luffy,R,,1809,557,OP03-070,,base,Base,official-cardlist,OP03/base/OP03-070.png,https://en.onepiece-cardgame.com/images/cardlist/card/OP03-070.png?260305,603,1809,942,HIGH,exact_code_plus_base_flag,942,514061,Monkey.D.Luffy (Judge Pack Vol. 2),MonkeyDLuffy Judge Pack Vol 2,OP03-070,PR,,tcgcsv,917,942,21.01,29.39,9999.0,25.63,,,2026-04-02 03:06:17,tcgcsv,OP03-070,1,1,1,0,1,0,missing_tcgplayer_product_id_only
557,OP03-070,Monkey.D.Luffy,R,,1811,557,OP03-070::alt,,alt,Alt,local-catalog,thumbs/OP03-070alt.webp,,,,,,,,,,,,,,,,,,,,,,,,,OP03-070::alt,0,0,0,0,1,0,missing_printing_market_map
558,OP03-071,Rob Lucci,R,,1812,558,OP03-071,,base,Base,official-cardlist,OP03/base/OP03-071.png,https://en.onepiece-cardgame.com/images/cardlist/card/OP03-071.png?260305,1591,1812,2084,HIGH,exact_code_plus_base_flag,2084,500010,Rob Lucci (071),Rob Lucci 071,OP03-071,R,,tcgcsv,1897,2084,0.04,0.25,25.0,0.14,,,2026-04-02 03:06:17,tcgcsv,OP03-071,1,1,1,0,1,0,missing_tcgplayer_product_id_only
559,OP03-072,Gum-Gum Jet Gatling,R,,1814,559,OP03-072,,base,Base,official-cardlist,OP03/base/OP03-072.png,https://en.onepiece-cardgame.com/images/cardlist/card/OP03-072.png?260305,1592,1814,2085,HIGH,exact_code_plus_base_flag,2085,500011,Gum-Gum Jet Gatling,Gum Gum Jet Gatling,OP03-072,R,,tcgcsv,1898,2085,0.25,1.0,19.0,0.72,,,2026-04-02 03:06:17,tcgcsv,OP03-072,1,1,1,0,1,0,missing_tcgplayer_product_id_only
559,OP03-072,Gum-Gum Jet Gatling,R,,1816,559,OP03-072_p1,,parallel_1,Parallel 1,official-cardlist,PRB02/parallel/OP03-072_p1.png,https://en.onepiece-cardgame.com/images/cardlist/card/OP03-072_p1.png?260305,,,,,,,,,,,,,,,,,,,,,,,,OP03-072_p1,0,0,0,0,1,0,missing_printing_market_map
559,OP03-072,Gum-Gum Jet Gatling,R,,1817,559,OP03-072::prb02,,alt,Prb02,local-catalog,thumbs/OP03-072(PRB02).webp,,,,,,,,,,,,,,,,,,,,,,,,,OP03-072::prb02,0,0,0,0,1,0,missing_printing_market_map
559,OP03-072,Gum-Gum Jet Gatling,R,,1818,559,OP03-072_r1,,r1,R1,official-cardlist,PRB02/reprint/OP03-072_r1.png,https://en.onepiece-cardgame.com/images/cardlist/card/OP03-072_r1.png?260305,,,,,,,,,,,,,,,,,,,,,,,,OP03-072_r1,0,0,0,0,1,0,missing_printing_market_map
560,OP03-073,Hull Dismantler Slash,C,,1819,560,OP03-073,,base,Base,official-cardlist,OP03/base/OP03-073.png,https://en.onepiece-cardgame.com/images/cardlist/card/OP03-073.png?260305,1593,1819,2086,HIGH,exact_code_plus_base_flag,2086,500013,Hull Dismantler Slash,Hull Dismantler Slash,OP03-073,C,,tcgcsv,1899,2086,0.01,0.12,1.58,0.06,,,2026-04-02 03:06:17,tcgcsv,OP03-073,1,1,1,0,1,0,missing_tcgplayer_product_id_only
561,OP03-074,Top Knot,UC,,1821,561,OP03-074,,base,Base,official-cardlist,OP03/base/OP03-074.png,https://en.onepiece-cardgame.com/images/cardlist/card/OP03-074.png?260305,1594,1821,2087,HIGH,exact_code_plus_base_flag,2087,500014,Top Knot,Top Knot,OP03-074,UC,,tcgcsv,1900,2087,0.02,0.42,10.0,0.28,,,2026-04-02 03:06:17,tcgcsv,OP03-074,1,1,1,0,1,0,missing_tcgplayer_product_id_only
562,OP03-075,Galley-La Company,C,,1823,562,OP03-075,,base,Base,official-cardlist,OP03/base/OP03-075.png,https://en.onepiece-cardgame.com/images/cardlist/card/OP03-075.png?260305,1595,1823,2088,HIGH,exact_code_plus_base_flag,2088,500015,Galley-La Company,Galley La Company,OP03-075,C,,tcgcsv,1901,2088,0.01,0.15,1.58,0.06,,,2026-04-02 03:06:17,tcgcsv,OP03-075,1,1,1,0,1,0,missing_tcgplayer_product_id_only
563,OP03-076,Rob Lucci,L,,1825,563,OP03-076,,base,Base,official-cardlist,OP03/base/OP03-076.png,https://en.onepiece-cardgame.com/images/cardlist/card/OP03-076.png?260305,1515,1825,2007,HIGH,exact_code_plus_base_flag,2007,498485,Rob Lucci (076),Rob Lucci 076,OP03-076,L,,tcgcsv,1820,2007,0.05,0.24,9.0,0.18,,,2026-04-02 03:06:17,tcgcsv,OP03-076,1,1,1,0,1,0,missing_tcgplayer_product_id_only
563,OP03-076,Rob Lucci,L,,1827,563,OP03-076::alt,,alt,Alt,local-catalog,thumbs/OP03-076_Alt.webp,,,,,,,,,,,,,,,,,,,,,,,,,OP03-076::alt,0,0,0,0,1,0,missing_printing_market_map
563,OP03-076,Rob Lucci,L,,1828,563,OP03-076_p1,,parallel_1,Parallel 1,official-cardlist,OP03/parallel/OP03-076_p1.png,https://en.onepiece-cardgame.com/images/cardlist/card/OP03-076_p1.png?260305,,,,,,,,,,,,,,,,,,,,,,,,OP03-076_p1,0,0,0,0,1,0,missing_printing_market_map
564,OP03-077,Charlotte Linlin,L,,1829,564,OP03-077,,base,Base,official-cardlist,OP03/base/OP03-077.png,https://en.onepiece-cardgame.com/images/cardlist/card/OP03-077.png?260305,1511,1829,2003,HIGH,exact_code_plus_base_flag,2003,498481,Charlotte Linlin (077),Charlotte Linlin 077,OP03-077,L,,tcgcsv,1816,2003,0.02,0.2,2.99,0.17,,,2026-04-02 03:06:17,tcgcsv,OP03-077,1,1,1,0,1,0,missing_tcgplayer_product_id_only
564,OP03-077,Charlotte Linlin,L,,1831,564,OP03-077::alt,,alt,Alt,local-catalog,thumbs/OP03-077_Alt.webp,,,,,,,,,,,,,,,,,,,,,,,,,OP03-077::alt,0,0,0,0,1,0,missing_printing_market_map
564,OP03-077,Charlotte Linlin,L,,1832,564,OP03-077_p1,,parallel_1,Parallel 1,official-cardlist,OP03/parallel/OP03-077_p1.png,https://en.onepiece-cardgame.com/images/cardlist/card/OP03-077_p1.png?260305,,,,,,,,,,,,,,,,,,,,,,,,OP03-077_p1,0,0,0,0,1,0,missing_printing_market_map
565,OP03-078,Issho,SP CARD,,1833,565,OP03-078,,base,Base,official-cardlist,OP03/base/OP03-078.png,https://en.onepiece-cardgame.com/images/cardlist/card/OP03-078.png?260305,1531,1833,2024,HIGH,exact_code_plus_base_flag,2024,499497,Issho,Issho,OP03-078,SR,,tcgcsv,1837,2024,0.55,1.25,10.0,1.05,,,2026-04-02 03:06:17,tcgcsv,OP03-078,1,1,1,0,1,0,missing_tcgplayer_product_id_only
565,OP03-078,Issho,SP CARD,,1835,565,OP03-078::alt,,alt,Alt,local-catalog,thumbs/OP03-078alt.webp,,,,,,,,,,,,,,,,,,,,,,,,,OP03-078::alt,0,0,0,0,1,0,missing_printing_market_map
565,OP03-078,Issho,SP CARD,,1836,565,OP03-078_p1,,parallel_1,Parallel 1,official-cardlist,OP03/parallel/OP03-078_p1.png,https://en.onepiece-cardgame.com/images/cardlist/card/OP03-078_p1.png?260305,,,,,,,,,,,,,,,,,,,,,,,,OP03-078_p1,0,0,0,0,1,0,missing_printing_market_map
565,OP03-078,Issho,SP CARD,,1837,565,OP03-078_p2,,parallel_2,Parallel 2,official-cardlist,OP07/parallel/OP03-078_p2.png,https://en.onepiece-cardgame.com/images/cardlist/card/OP03-078_p2.png?260305,,,,,,,,,,,,,,,,,,,,,,,,OP03-078_p2,0,0,0,0,1,0,missing_printing_market_map
565,OP03-078,Issho,SP CARD,,1838,565,OP03-078::s p,,sp,S P,local-catalog,thumbs/OP03-078SP.webp,,,,,,,,,,,,,,,,,,,,,,,,,OP03-078::s p,0,0,0,0,1,0,missing_printing_market_map
566,OP03-079,Vergo,UC,,1839,566,OP03-079,,base,Base,official-cardlist,OP03/base/OP03-079.png,https://en.onepiece-cardgame.com/images/cardlist/card/OP03-079.png?260305,1596,1839,2089,HIGH,exact_code_plus_base_flag,2089,500016,Vergo,Vergo,OP03-079,UC,,tcgcsv,1902,2089,0.01,0.15,5.0,0.06,,,2026-04-02 03:06:17,tcgcsv,OP03-079,1,1,1,0,1,0,missing_tcgplayer_product_id_only
566,OP03-079,Vergo,UC,,1841,566,OP03-079_p3,,parallel_3,Parallel 3,official-cardlist,PRB01/parallel/OP03-079_p3.png,https://en.onepiece-cardgame.com/images/cardlist/card/OP03-079_p3.png?260305,,,,,,,,,,,,,,,,,,,,,,,,OP03-079_p3,0,0,0,0,1,0,missing_printing_market_map
566,OP03-079,Vergo,UC,,1842,566,OP03-079_p4,,parallel_4,Parallel 4,official-cardlist,PRB01/parallel/OP03-079_p4.png,https://en.onepiece-cardgame.com/images/cardlist/card/OP03-079_p4.png?260305,,,,,,,,,,,,,,,,,,,,,,,,OP03-079_p4,0,0,0,0,1,0,missing_printing_market_map
566,OP03-079,Vergo,UC,,1843,566,OP03-079::prb01alt,,alt,Prb01Alt,local-catalog,thumbs/OP03-079(PRB01alt).webp,,,,,,,,,,,,,,,,,,,,,,,,,OP03-079::prb01alt,0,0,0,0,1,0,missing_printing_market_map
566,OP03-079,Vergo,UC,,1844,566,OP03-079_r1,,r1,R1,official-cardlist,ST19/reprint/OP03-079_r1.png,https://en.onepiece-cardgame.com/images/cardlist/card/OP03-079_r1.png?260305,,,,,,,,,,,,,,,,,,,,,,,,OP03-079_r1,0,0,0,0,1,0,missing_printing_market_map
566,OP03-079,Vergo,UC,,1845,566,OP03-079_r2,,r2,R2,official-cardlist,PRB01/reprint/OP03-079_r2.png,https://en.onepiece-cardgame.com/images/cardlist/card/OP03-079_r2.png?260305,,,,,,,,,,,,,,,,,,,,,,,,OP03-079_r2,0,0,0,0,1,0,missing_printing_market_map
567,OP03-080,Kaku,SR,,1846,567,OP03-080,,base,Base,official-cardlist,OP03/base/OP03-080.png,https://en.onepiece-cardgame.com/images/cardlist/card/OP03-080.png?260305,1597,1846,2090,HIGH,exact_code_plus_base_flag,2090,500017,Kaku (080),Kaku 080,OP03-080,SR,,tcgcsv,1903,2090,0.11,0.51,10.0,0.41,,,2026-04-02 03:06:17,tcgcsv,OP03-080,1,1,1,0,1,0,missing_tcgplayer_product_id_only
567,OP03-080,Kaku,SR,,1848,567,OP03-080::alt,,alt,Alt,local-catalog,thumbs/OP03-080_Alt.webp,,,,,,,,,,,,,,,,,,,,,,,,,OP03-080::alt,0,0,0,0,1,0,missing_printing_market_map
567,OP03-080,Kaku,SR,,1849,567,OP03-080_p1,,parallel_1,Parallel 1,official-cardlist,OP03/parallel/OP03-080_p1.png,https://en.onepiece-cardgame.com/images/cardlist/card/OP03-080_p1.png?260305,,,,,,,,,,,,,,,,,,,,,,,,OP03-080_p1,0,0,0,0,1,0,missing_printing_market_map
568,OP03-081,Kalifa,R,,1850,568,OP03-081,,base,Base,official-cardlist,OP03/base/OP03-081.png,https://en.onepiece-cardgame.com/images/cardlist/card/OP03-081.png?260305,604,1850,943,HIGH,exact_code_plus_base_flag,943,514062,Kalifa (Judge Pack Vol. 2),Kalifa Judge Pack Vol 2,OP03-081,PR,,tcgcsv,918,943,1.65,3.93,199.0,4.41,,,2026-04-02 03:06:17,tcgcsv,OP03-081,1,1,1,0,1,0,missing_tcgplayer_product_id_only
568,OP03-081,Kalifa,R,,1852,568,OP03-081::alt,,alt,Alt,local-catalog,thumbs/OP03-081_Alt.webp,,,,,,,,,,,,,,,,,,,,,,,,,OP03-081::alt,0,0,0,0,1,0,missing_printing_market_map
568,OP03-081,Kalifa,R,,1853,568,OP03-081::alt art 2,,alt,Alt Art 2,local-catalog,thumbs/OP03-081alt2.webp,,,,,,,,,,,,,,,,,,,,,,,,,OP03-081::alt art 2,0,0,0,0,1,0,missing_printing_market_map
568,OP03-081,Kalifa,R,,1854,568,OP03-081_p1,,parallel_1,Parallel 1,official-cardlist,OP03/parallel/OP03-081_p1.png,https://en.onepiece-cardgame.com/images/cardlist/card/OP03-081_p1.png?260305,,,,,,,,,,,,,,,,,,,,,,,,OP03-081_p1,0,0,0,0,1,0,missing_printing_market_map
569,OP03-082,Kumadori,C,,1855,569,OP03-082,,base,Base,official-cardlist,OP03/base/OP03-082.png,https://en.onepiece-cardgame.com/images/cardlist/card/OP03-082.png?260305,1601,1855,2094,HIGH,exact_code_plus_base_flag,2094,500021,Kumadori,Kumadori,OP03-082,C,,tcgcsv,1907,2094,0.01,0.15,1.58,0.07,,,2026-04-02 03:06:17,tcgcsv,OP03-082,1,1,1,0,1,0,missing_tcgplayer_product_id_only
570,OP03-083,Corgy,C,,1857,570,OP03-083,,base,Base,official-cardlist,OP03/base/OP03-083.png,https://en.onepiece-cardgame.com/images/cardlist/card/OP03-083.png?260305,1602,1857,2095,HIGH,exact_code_plus_base_flag,2095,500022,Corgy,Corgy,OP03-083,C,,tcgcsv,1908,2095,0.01,0.15,1.58,0.04,,,2026-04-02 03:06:17,tcgcsv,OP03-083,1,1,1,0,1,0,missing_tcgplayer_product_id_only
571,OP03-084,Jerry,C,,1859,571,OP03-084,,base,Base,official-cardlist,OP03/base/OP03-084.png,https://en.onepiece-cardgame.com/images/cardlist/card/OP03-084.png?260305,1603,1859,2096,HIGH,exact_code_plus_base_flag,2096,500026,Jerry,Jerry,OP03-084,C,,tcgcsv,1909,2096,0.01,0.12,1.58,0.05,,,2026-04-02 03:06:17,tcgcsv,OP03-084,1,1,1,0,1,0,missing_tcgplayer_product_id_only
572,OP03-085,Jabra,C,,1861,572,OP03-085,,base,Base,official-cardlist,OP03/base/OP03-085.png,https://en.onepiece-cardgame.com/images/cardlist/card/OP03-085.png?260305,1604,1861,2097,HIGH,exact_code_plus_base_flag,2097,500027,Jabra,Jabra,OP03-085,C,,tcgcsv,1910,2097,0.01,0.15,1.58,0.04,,,2026-04-02 03:06:17,tcgcsv,OP03-085,1,1,1,0,1,0,missing_tcgplayer_product_id_only
573,OP03-086,Spandam,R,,1863,573,OP03-086,,base,Base,official-cardlist,OP03/base/OP03-086.png,https://en.onepiece-cardgame.com/images/cardlist/card/OP03-086.png?260305,583,1863,921,HIGH,exact_code_plus_base_flag,921,514040,Spandam (Online Regional 2023) [Participant],Spandam Online Regional 2023 Participant,OP03-086,PR,,tcgcsv,906,921,5.96,15.0,23.99,5.47,,,2026-04-02 03:06:17,tcgcsv,OP03-086,1,1,1,0,1,0,missing_tcgplayer_product_id_only
573,OP03-086,Spandam,R,,1865,573,OP03-086::alt,,alt,Alt,local-catalog,thumbs/OP03-086 (Alt).webp,,,,,,,,,,,,,,,,,,,,,,,,,OP03-086::alt,0,0,0,0,1,0,missing_printing_market_map
573,OP03-086,Spandam,R,,1866,573,OP03-086_p1,,parallel_1,Parallel 1,official-cardlist,OP03/parallel/OP03-086_p1.png,https://en.onepiece-cardgame.com/images/cardlist/card/OP03-086_p1.png?260305,,,,,,,,,,,,,,,,,,,,,,,,OP03-086_p1,0,0,0,0,1,0,missing_printing_market_map
574,OP03-087,Nero,C,,1867,574,OP03-087,,base,Base,official-cardlist,OP03/base/OP03-087.png,https://en.onepiece-cardgame.com/images/cardlist/card/OP03-087.png?260305,1607,1867,2100,HIGH,exact_code_plus_base_flag,2100,500035,Nero,Nero,OP03-087,C,,tcgcsv,1913,2100,0.01,0.12,5.0,0.05,,,2026-04-02 03:06:17,tcgcsv,OP03-087,1,1,1,0,1,0,missing_tcgplayer_product_id_only
575,OP03-088,Fukurou,UC,,1869,575,OP03-088,,base,Base,official-cardlist,OP03/base/OP03-088.png,https://en.onepiece-cardgame.com/images/cardlist/card/OP03-088.png?260305,740,1869,1094,HIGH,exact_code_plus_base_flag,1094,537444,Fukurou (Tournament Pack Vol. 6),Fukurou Tournament Pack Vol 6,OP03-088,UC,,tcgcsv,1045,1094,0.01,0.25,3.0,0.11,,,2026-04-02 03:06:17,tcgcsv,OP03-088,1,1,1,0,1,0,missing_tcgplayer_product_id_only
575,OP03-088,Fukurou,UC,,1871,575,OP03-088::alt,,alt,Alt,local-catalog,thumbs/OP03-088alt.webp,,,,,,,,,,,,,,,,,,,,,,,,,OP03-088::alt,0,0,0,0,1,0,missing_printing_market_map
575,OP03-088,Fukurou,UC,,1872,575,OP03-088::alt art 2,,alt,Alt Art 2,local-catalog,thumbs/OP03-088alt2.webp,,,,,,,,,,,,,,,,,,,,,,,,,OP03-088::alt art 2,0,0,0,0,1,0,missing_printing_market_map
575,OP03-088,Fukurou,UC,,1873,575,OP03-088::alt art 3,,alt,Alt Art 3,local-catalog,thumbs/OP03-088alt3.webp,,,,,,,,,,,,,,,,,,,,,,,,,OP03-088::alt art 3,0,0,0,0,1,0,missing_printing_market_map
575,OP03-088,Fukurou,UC,,1874,575,OP03-088_p1,,parallel_1,Parallel 1,official-cardlist,TP06/parallel/OP03-088_p1.png,https://en.onepiece-cardgame.com/images/cardlist/card/OP03-088_p1.png?260305,,,,,,,,,,,,,,,,,,,,,,,,OP03-088_p1,0,0,0,0,1,0,missing_printing_market_map
575,OP03-088,Fukurou,UC,,1875,575,OP03-088_p2,,parallel_2,Parallel 2,official-cardlist,_unclassified/parallel/OP03-088_p2.png,https://en.onepiece-cardgame.com/images/cardlist/card/OP03-088_p2.png?260305,,,,,,,,,,,,,,,,,,,,,,,,OP03-088_p2,0,0,0,0,1,0,missing_printing_market_map
576,OP03-089,Brannew,R,,1876,576,OP03-089,,base,Base,official-cardlist,OP03/base/OP03-089.png,https://en.onepiece-cardgame.com/images/cardlist/card/OP03-089.png?260305,749,1876,1108,HIGH,exact_code_plus_base_flag,1108,539180,Brannew (Online Regional 2024) [Participant],Brannew Online Regional 2024 Participant,OP03-089,R,,tcgcsv,1058,1108,4.99,5.75,40.0,5.29,,,2026-04-02 03:06:17,tcgcsv,OP03-089,1,1,1,0,1,0,missing_tcgplayer_product_id_only
576,OP03-089,Brannew,R,,1878,576,OP03-089::alt,,alt,Alt,local-catalog,thumbs/OP03-089(alt).webp,,,,,,,,,,,,,,,,,,,,,,,,,OP03-089::alt,0,0,0,0,1,0,missing_printing_market_map
576,OP03-089,Brannew,R,,1879,576,OP03-089_p1,,parallel_1,Parallel 1,official-cardlist,ORP2024V1/parallel/OP03-089_p1.png,https://en.onepiece-cardgame.com/images/cardlist/card/OP03-089_p1.png?260305,,,,,,,,,,,,,,,,,,,,,,,,OP03-089_p1,0,0,0,0,1,0,missing_printing_market_map
576,OP03-089,Brannew,R,,1880,576,OP03-089_p4,,parallel_4,Parallel 4,official-cardlist,PRB01/parallel/OP03-089_p4.png,https://en.onepiece-cardgame.com/images/cardlist/card/OP03-089_p4.png?260305,,,,,,,,,,,,,,,,,,,,,,,,OP03-089_p4,0,0,0,0,1,0,missing_printing_market_map
576,OP03-089,Brannew,R,,1881,576,OP03-089_p5,,parallel_5,Parallel 5,official-cardlist,PRB01/parallel/OP03-089_p5.png,https://en.onepiece-cardgame.com/images/cardlist/card/OP03-089_p5.png?260305,,,,,,,,,,,,,,,,,,,,,,,,OP03-089_p5,0,0,0,0,1,0,missing_printing_market_map
576,OP03-089,Brannew,R,,1882,576,OP03-089_p6,,parallel_6,Parallel 6,official-cardlist,PRB01/parallel/OP03-089_p6.png,https://en.onepiece-cardgame.com/images/cardlist/card/OP03-089_p6.png?260305,,,,,,,,,,,,,,,,,,,,,,,,OP03-089_p6,0,0,0,0,1,0,missing_printing_market_map
576,OP03-089,Brannew,R,,1883,576,OP03-089::prb01alt2,,alt,Prb01Alt2,local-catalog,thumbs/OP03-089(PRB01alt2).webp,,,,,,,,,,,,,,,,,,,,,,,,,OP03-089::prb01alt2,0,0,0,0,1,0,missing_printing_market_map
576,OP03-089,Brannew,R,,1884,576,OP03-089::prb01alt2 1,,alt,Prb01Alt2 1,local-catalog,thumbs/OP03-089(PRB01alt2) (1).webp,,,,,,,,,,,,,,,,,,,,,,,,,OP03-089::prb01alt2 1,0,0,0,0,1,0,missing_printing_market_map
576,OP03-089,Brannew,R,,1885,576,OP03-089_r1,,r1,R1,official-cardlist,ST19/reprint/OP03-089_r1.png,https://en.onepiece-cardgame.com/images/cardlist/card/OP03-089_r1.png?260305,,,,,,,,,,,,,,,,,,,,,,,,OP03-089_r1,0,0,0,0,1,0,missing_printing_market_map
576,OP03-089,Brannew,R,,1886,576,OP03-089_r2,,r2,R2,official-cardlist,PRB01/reprint/OP03-089_r2.png,https://en.onepiece-cardgame.com/images/cardlist/card/OP03-089_r2.png?260305,,,,,,,,,,,,,,,,,,,,,,,,OP03-089_r2,0,0,0,0,1,0,missing_printing_market_map
577,OP03-090,Blueno,R,,1887,577,OP03-090,,base,Base,official-cardlist,OP03/base/OP03-090.png,https://en.onepiece-cardgame.com/images/cardlist/card/OP03-090.png?260305,1610,1887,2103,HIGH,exact_code_plus_base_flag,2103,500038,Blueno,Blueno,OP03-090,R,,tcgcsv,1916,2103,0.07,0.25,25.0,0.13,,,2026-04-02 03:06:17,tcgcsv,OP03-090,1,1,1,0,1,0,missing_tcgplayer_product_id_only
578,OP03-091,Helmeppo,C,,1889,578,OP03-091,,base,Base,official-cardlist,OP03/base/OP03-091.png,https://en.onepiece-cardgame.com/images/cardlist/card/OP03-091.png?260305,571,1889,909,HIGH,exact_code_plus_base_flag,909,510722,Helmeppo (Store Championship Participation Pack Vol. 2),Helmeppo Store Championship Participation Pack Vol 2,OP03-091,PR,,tcgcsv,894,909,4.0,6.75,43.98,6.75,,,2026-04-02 03:06:17,tcgcsv,OP03-091,1,1,1,0,1,0,missing_tcgplayer_product_id_only
579,OP03-092,Rob Lucci,SP CARD,,1891,579,OP03-092,,base,Base,official-cardlist,OP03/base/OP03-092.png,https://en.onepiece-cardgame.com/images/cardlist/card/OP03-092.png?260305,1612,1891,2105,HIGH,exact_code_plus_base_flag,2105,500040,Rob Lucci (092),Rob Lucci 092,OP03-092,SR,,tcgcsv,1918,2105,0.1,0.54,50.0,0.44,,,2026-04-02 03:06:17,tcgcsv,OP03-092,1,1,1,0,1,0,missing_tcgplayer_product_id_only
579,OP03-092,Rob Lucci,SP CARD,,1893,579,OP03-092::alt,,alt,Alt,local-catalog,thumbs/OP03-092_Alt.webp,,,,,,,,,,,,,,,,,,,,,,,,,OP03-092::alt,0,0,0,0,1,0,missing_printing_market_map
579,OP03-092,Rob Lucci,SP CARD,,1894,579,OP03-092::alt art 2,,alt,Alt Art 2,local-catalog,thumbs/OP03-092alt2.webp,,,,,,,,,,,,,,,,,,,,,,,,,OP03-092::alt art 2,0,0,0,0,1,0,missing_printing_market_map
579,OP03-092,Rob Lucci,SP CARD,,1895,579,OP03-092_p1,,parallel_1,Parallel 1,official-cardlist,OP03/parallel/OP03-092_p1.png,https://en.onepiece-cardgame.com/images/cardlist/card/OP03-092_p1.png?260305,,,,,,,,,,,,,,,,,,,,,,,,OP03-092_p1,0,0,0,0,1,0,missing_printing_market_map
579,OP03-092,Rob Lucci,SP CARD,,1896,579,OP03-092_p2,,parallel_2,Parallel 2,official-cardlist,OP05/parallel/OP03-092_p2.png,https://en.onepiece-cardgame.com/images/cardlist/card/OP03-092_p2.png?260305,,,,,,,,,,,,,,,,,,,,,,,,OP03-092_p2,0,0,0,0,1,0,missing_printing_market_map
580,OP03-093,Wanze,UC,,1897,580,OP03-093,,base,Base,official-cardlist,OP03/base/OP03-093.png,https://en.onepiece-cardgame.com/images/cardlist/card/OP03-093.png?260305,1614,1897,2107,HIGH,exact_code_plus_base_flag,2107,500042,Wanze,Wanze,OP03-093,UC,,tcgcsv,1920,2107,0.01,0.15,5.0,0.05,,,2026-04-02 03:06:17,tcgcsv,OP03-093,1,1,1,0,1,0,missing_tcgplayer_product_id_only
581,OP03-094,Air Door,UC,,1899,581,OP03-094,,base,Base,official-cardlist,OP03/base/OP03-094.png,https://en.onepiece-cardgame.com/images/cardlist/card/OP03-094.png?260305,1615,1899,2108,HIGH,exact_code_plus_base_flag,2108,500044,Air Door,Air Door,OP03-094,UC,,tcgcsv,1921,2108,0.01,0.15,1.58,0.09,,,2026-04-02 03:06:17,tcgcsv,OP03-094,1,1,1,0,1,0,missing_tcgplayer_product_id_only
581,OP03-094,Air Door,UC,,1901,581,OP03-094_p2,,parallel_2,Parallel 2,official-cardlist,PRB01/parallel/OP03-094_p2.png,https://en.onepiece-cardgame.com/images/cardlist/card/OP03-094_p2.png?260305,,,,,,,,,,,,,,,,,,,,,,,,OP03-094_p2,0,0,0,0,1,0,missing_printing_market_map
581,OP03-094,Air Door,UC,,1902,581,OP03-094_p3,,parallel_3,Parallel 3,official-cardlist,PRB01/parallel/OP03-094_p3.png,https://en.onepiece-cardgame.com/images/cardlist/card/OP03-094_p3.png?260305,,,,,,,,,,,,,,,,,,,,,,,,OP03-094_p3,0,0,0,0,1,0,missing_printing_market_map
581,OP03-094,Air Door,UC,,1903,581,OP03-094_r1,,r1,R1,official-cardlist,PRB01/reprint/OP03-094_r1.png,https://en.onepiece-cardgame.com/images/cardlist/card/OP03-094_r1.png?260305,,,,,,,,,,,,,,,,,,,,,,,,OP03-094_r1,0,0,0,0,1,0,missing_printing_market_map
582,OP03-095,Soap Sheep,C,,1904,582,OP03-095,,base,Base,official-cardlist,OP03/base/OP03-095.png,https://en.onepiece-cardgame.com/images/cardlist/card/OP03-095.png?260305,1616,1904,2109,HIGH,exact_code_plus_base_flag,2109,500050,Soap Sheep,Soap Sheep,OP03-095,C,,tcgcsv,1922,2109,0.01,0.15,1.58,0.1,,,2026-04-02 03:06:17,tcgcsv,OP03-095,1,1,1,0,1,0,missing_tcgplayer_product_id_only
583,OP03-096,Tempest Kick Sky Slicer,UC,,1906,583,OP03-096,,base,Base,official-cardlist,OP03/base/OP03-096.png,https://en.onepiece-cardgame.com/images/cardlist/card/OP03-096.png?260305,1617,1906,2110,HIGH,exact_code_plus_base_flag,2110,500051,Tempest Kick Sky Slicer,Tempest Kick Sky Slicer,OP03-096,UC,,tcgcsv,1923,2110,0.05,0.25,5.0,0.2,,,2026-04-02 03:06:17,tcgcsv,OP03-096,1,1,1,0,1,0,missing_tcgplayer_product_id_only
584,OP03-097,Six King Pistol,R,,1908,584,OP03-097,,base,Base,official-cardlist,OP03/base/OP03-097.png,https://en.onepiece-cardgame.com/images/cardlist/card/OP03-097.png?260305,1618,1908,2111,HIGH,exact_code_plus_base_flag,2111,500054,Six King Pistol,Six King Pistol,OP03-097,R,,tcgcsv,1924,2111,0.1,0.31,50.0,0.26,,,2026-04-02 03:06:17,tcgcsv,OP03-097,1,1,1,0,1,0,missing_tcgplayer_product_id_only
584,OP03-097,Six King Pistol,R,,1910,584,OP03-097_r1,,r1,R1,official-cardlist,PRB02/reprint/OP03-097_r1.png,https://en.onepiece-cardgame.com/images/cardlist/card/OP03-097_r1.png?260305,,,,,,,,,,,,,,,,,,,,,,,,OP03-097_r1,0,0,0,0,1,0,missing_printing_market_map
585,OP03-098,Enies Lobby,C,,1911,585,OP03-098,,base,Base,official-cardlist,OP03/base/OP03-098.png,https://en.onepiece-cardgame.com/images/cardlist/card/OP03-098.png?260305,1619,1911,2112,HIGH,exact_code_plus_base_flag,2112,500056,Enies Lobby,Enies Lobby,OP03-098,C,,tcgcsv,1925,2112,0.02,0.2,1.6,0.07,,,2026-04-02 03:06:17,tcgcsv,OP03-098,1,1,1,0,1,0,missing_tcgplayer_product_id_only
586,OP03-099,Charlotte Katakuri,L,,1913,586,OP03-099,,base,Base,official-cardlist,OP03/base/OP03-099.png,https://en.onepiece-cardgame.com/images/cardlist/card/OP03-099.png?260305,1513,1913,2005,HIGH,exact_code_plus_base_flag,2005,498483,Charlotte Katakuri (099),Charlotte Katakuri 099,OP03-099,L,,tcgcsv,1818,2005,0.15,0.25,10.0,0.24,,,2026-04-02 03:06:17,tcgcsv,OP03-099,1,1,1,0,1,0,missing_tcgplayer_product_id_only
586,OP03-099,Charlotte Katakuri,L,,1915,586,OP03-099::alt,,alt,Alt,local-catalog,thumbs/OP03-099 (Alt).webp,,,,,,,,,,,,,,,,,,,,,,,,,OP03-099::alt,0,0,0,0,1,0,missing_printing_market_map
586,OP03-099,Charlotte Katakuri,L,,1916,586,OP03-099_p1,,parallel_1,Parallel 1,official-cardlist,OP03/parallel/OP03-099_p1.png,https://en.onepiece-cardgame.com/images/cardlist/card/OP03-099_p1.png?260305,,,,,,,,,,,,,,,,,,,,,,,,OP03-099_p1,0,0,0,0,1,0,missing_printing_market_map
586,OP03-099,Charlotte Katakuri,L,,1917,586,OP03-099_p2,,parallel_2,Parallel 2,official-cardlist,ST20/parallel/OP03-099_p2.png,https://en.onepiece-cardgame.com/images/cardlist/card/OP03-099_p2.png?260305,,,,,,,,,,,,,,,,,,,,,,,,OP03-099_p2,0,0,0,0,1,0,missing_printing_market_map
586,OP03-099,Charlotte Katakuri,L,,1918,586,OP03-099::st20 alt,,alt,St20 Alt,local-catalog,thumbs/OP03-099(ST20 alt).webp,,,,,,,,,,,,,,,,,,,,,,,,,OP03-099::st20 alt,0,0,0,0,1,0,missing_printing_market_map
587,OP03-100,Kingbaum,C,,1919,587,OP03-100,,base,Base,official-cardlist,OP03/base/OP03-100.png,https://en.onepiece-cardgame.com/images/cardlist/card/OP03-100.png?260305,1649,1919,2142,HIGH,exact_code_plus_base_flag,2142,500124,Kingbaum,Kingbaum,OP03-100,C,,tcgcsv,1956,2142,0.01,0.15,1.58,0.07,,,2026-04-02 03:06:17,tcgcsv,OP03-100,1,1,1,0,1,0,missing_tcgplayer_product_id_only
588,OP03-101,Camie,C,,1921,588,OP03-101,,base,Base,official-cardlist,OP03/base/OP03-101.png,https://en.onepiece-cardgame.com/images/cardlist/card/OP03-101.png?260305,1620,1921,2113,HIGH,exact_code_plus_base_flag,2113,500058,Camie,Camie,OP03-101,C,,tcgcsv,1926,2113,0.01,0.15,5.0,0.1,,,2026-04-02 03:06:17,tcgcsv,OP03-101,1,1,1,0,1,0,missing_tcgplayer_product_id_only
589,OP03-102,Sanji,R,,1923,589,OP03-102,,base,Base,official-cardlist,OP03/base/OP03-102.png,https://en.onepiece-cardgame.com/images/cardlist/card/OP03-102.png?260305,572,1923,910,HIGH,exact_code_plus_base_flag,910,510726,Sanji (Store Championship Participation Pack Vol. 2),Sanji Store Championship Participation Pack Vol 2,OP03-102,PR,,tcgcsv,895,910,9.0,15.45,60.0,17.7,,,2026-04-02 03:06:17,tcgcsv,OP03-102,1,1,1,0,1,0,missing_tcgplayer_product_id_only
589,OP03-102,Sanji,R,,1925,589,OP03-102::alt,,alt,Alt,local-catalog,thumbs/OP03-102(alt).webp,,,,,,,,,,,,,,,,,,,,,,,,,OP03-102::alt,0,0,0,0,1,0,missing_printing_market_map
589,OP03-102,Sanji,R,,1926,589,OP03-102::alt art 2,,alt,Alt Art 2,local-catalog,thumbs/OP03-102alt2.webp,,,,,,,,,,,,,,,,,,,,,,,,,OP03-102::alt art 2,0,0,0,0,1,0,missing_printing_market_map
589,OP03-102,Sanji,R,,1927,589,OP03-102_p1,,parallel_1,Parallel 1,official-cardlist,ORP2024V1/parallel/OP03-102_p1.png,https://en.onepiece-cardgame.com/images/cardlist/card/OP03-102_p1.png?260305,,,,,,,,,,,,,,,,,,,,,,,,OP03-102_p1,0,0,0,0,1,0,missing_printing_market_map
589,OP03-102,Sanji,R,,1928,589,OP03-102_p2,,parallel_2,Parallel 2,official-cardlist,_unclassified/parallel/OP03-102_p2.png,https://en.onepiece-cardgame.com/images/cardlist/card/OP03-102_p2.png?260305,,,,,,,,,,,,,,,,,,,,,,,,OP03-102_p2,0,0,0,0,1,0,missing_printing_market_map
590,OP03-103,Bobbin the Disposer,C,,1929,590,OP03-103,,base,Base,official-cardlist,OP03/base/OP03-103.png,https://en.onepiece-cardgame.com/images/cardlist/card/OP03-103.png?260305,1622,1929,2115,HIGH,exact_code_plus_base_flag,2115,500065,Bobbin the Disposer,Bobbin the Disposer,OP03-103,C,,tcgcsv,1928,2115,0.01,0.12,1.58,0.05,,,2026-04-02 03:06:17,tcgcsv,OP03-103,1,1,1,0,1,0,missing_tcgplayer_product_id_only
591,OP03-104,Shirley,UC,,1931,591,OP03-104,,base,Base,official-cardlist,OP03/base/OP03-104.png,https://en.onepiece-cardgame.com/images/cardlist/card/OP03-104.png?260305,788,1931,1149,HIGH,exact_code_plus_base_flag,1149,544616,Shirley (Judge Pack Vol. 3),Shirley Judge Pack Vol 3,OP03-104,UC,,tcgcsv,1079,1149,0.36,0.75,2.0,0.5,,,2026-04-02 03:06:17,tcgcsv,OP03-104,1,1,1,0,1,0,missing_tcgplayer_product_id_only
592,OP03-105,Charlotte Oven,UC,,1933,592,OP03-105,,base,Base,official-cardlist,OP03/base/OP03-105.png,https://en.onepiece-cardgame.com/images/cardlist/card/OP03-105.png?260305,1624,1933,2117,HIGH,exact_code_plus_base_flag,2117,500069,Charlotte Oven,Charlotte Oven,OP03-105,UC,,tcgcsv,1930,2117,0.01,0.15,5.0,0.06,,,2026-04-02 03:06:17,tcgcsv,OP03-105,1,1,1,0,1,0,missing_tcgplayer_product_id_only
593,OP03-106,Charlotte Opera,C,,1935,593,OP03-106,,base,Base,official-cardlist,OP03/base/OP03-106.png,https://en.onepiece-cardgame.com/images/cardlist/card/OP03-106.png?260305,1625,1935,2118,HIGH,exact_code_plus_base_flag,2118,500072,Charlotte Opera,Charlotte Opera,OP03-106,C,,tcgcsv,1931,2118,0.01,0.12,1.58,0.07,,,2026-04-02 03:06:17,tcgcsv,OP03-106,1,1,1,0,1,0,missing_tcgplayer_product_id_only
593,OP03-106,Charlotte Opera,C,,1937,593,OP03-106_r1,,r1,R1,official-cardlist,ST20/reprint/OP03-106_r1.png,https://en.onepiece-cardgame.com/images/cardlist/card/OP03-106_r1.png?260305,,,,,,,,,,,,,,,,,,,,,,,,OP03-106_r1,0,0,0,0,1,0,missing_printing_market_map
594,OP03-107,Charlotte Galette,C,,1938,594,OP03-107,,base,Base,official-cardlist,OP03/base/OP03-107.png,https://en.onepiece-cardgame.com/images/cardlist/card/OP03-107.png?260305,1626,1938,2119,HIGH,exact_code_plus_base_flag,2119,500073,Charlotte Galette,Charlotte Galette,OP03-107,C,,tcgcsv,1932,2119,0.01,0.12,1.58,0.09,,,2026-04-02 03:06:17,tcgcsv,OP03-107,1,1,1,0,1,0,missing_tcgplayer_product_id_only
594,OP03-107,Charlotte Galette,C,,1940,594,OP03-107_r1,,r1,R1,official-cardlist,ST20/reprint/OP03-107_r1.png,https://en.onepiece-cardgame.com/images/cardlist/card/OP03-107_r1.png?260305,,,,,,,,,,,,,,,,,,,,,,,,OP03-107_r1,0,0,0,0,1,0,missing_printing_market_map
595,OP03-108,Charlotte Cracker,SR,,1941,595,OP03-108,,base,Base,official-cardlist,OP03/base/OP03-108.png,https://en.onepiece-cardgame.com/images/cardlist/card/OP03-108.png?260305,1627,1941,2120,HIGH,exact_code_plus_base_flag,2120,500077,Charlotte Cracker,Charlotte Cracker,OP03-108,SR,,tcgcsv,1933,2120,0.07,0.5,17.0,0.37,,,2026-04-02 03:06:17,tcgcsv,OP03-108,1,1,1,0,1,0,missing_tcgplayer_product_id_only
595,OP03-108,Charlotte Cracker,SR,,1943,595,OP03-108::alt,,alt,Alt,local-catalog,thumbs/OP03-108 (Alt).webp,,,,,,,,,,,,,,,,,,,,,,,,,OP03-108::alt,0,0,0,0,1,0,missing_printing_market_map
595,OP03-108,Charlotte Cracker,SR,,1944,595,OP03-108_p1,,parallel_1,Parallel 1,official-cardlist,OP03/parallel/OP03-108_p1.png,https://en.onepiece-cardgame.com/images/cardlist/card/OP03-108_p1.png?260305,,,,,,,,,,,,,,,,,,,,,,,,OP03-108_p1,0,0,0,0,1,0,missing_printing_market_map
595,OP03-108,Charlotte Cracker,SR,,1945,595,OP03-108_p3,,parallel_3,Parallel 3,official-cardlist,PRB01/parallel/OP03-108_p3.png,https://en.onepiece-cardgame.com/images/cardlist/card/OP03-108_p3.png?260305,,,,,,,,,,,,,,,,,,,,,,,,OP03-108_p3,0,0,0,0,1,0,missing_printing_market_map
595,OP03-108,Charlotte Cracker,SR,,1946,595,OP03-108::prb01alt,,alt,Prb01Alt,local-catalog,thumbs/OP03-108(PRB01alt).webp,,,,,,,,,,,,,,,,,,,,,,,,,OP03-108::prb01alt,0,0,0,0,1,0,missing_printing_market_map
595,OP03-108,Charlotte Cracker,SR,,1947,595,OP03-108_r1,,r1,R1,official-cardlist,PRB01/reprint/OP03-108_r1.png,https://en.onepiece-cardgame.com/images/cardlist/card/OP03-108_r1.png?260305,,,,,,,,,,,,,,,,,,,,,,,,OP03-108_r1,0,0,0,0,1,0,missing_printing_market_map
596,OP03-109,Charlotte Chiffon,C,,1948,596,OP03-109,,base,Base,official-cardlist,OP03/base/OP03-109.png,https://en.onepiece-cardgame.com/images/cardlist/card/OP03-109.png?260305,585,1948,923,HIGH,exact_code_plus_base_flag,923,514042,Charlotte Chiffon (Online Regional 2023) [Participant],Charlotte Chiffon Online Regional 2023 Participant,OP03-109,PR,,tcgcsv,908,923,8.0,9.28,25.0,8.94,,,2026-04-02 03:06:17,tcgcsv,OP03-109,1,1,1,0,1,0,missing_tcgplayer_product_id_only
597,OP03-110,Charlotte Smoothie,R,,1950,597,OP03-110,,base,Base,official-cardlist,OP03/base/OP03-110.png,https://en.onepiece-cardgame.com/images/cardlist/card/OP03-110.png?260305,1630,1950,2123,HIGH,exact_code_plus_base_flag,2123,500083,Charlotte Smoothie,Charlotte Smoothie,OP03-110,R,,tcgcsv,1936,2123,0.03,0.25,10.0,0.15,,,2026-04-02 03:06:17,tcgcsv,OP03-110,1,1,1,0,1,0,missing_tcgplayer_product_id_only
597,OP03-110,Charlotte Smoothie,R,,1952,597,OP03-110_p3,,parallel_3,Parallel 3,official-cardlist,PRB01/parallel/OP03-110_p3.png,https://en.onepiece-cardgame.com/images/cardlist/card/OP03-110_p3.png?260305,,,,,,,,,,,,,,,,,,,,,,,,OP03-110_p3,0,0,0,0,1,0,missing_printing_market_map
597,OP03-110,Charlotte Smoothie,R,,1953,597,OP03-110_p4,,parallel_4,Parallel 4,official-cardlist,PRB01/parallel/OP03-110_p4.png,https://en.onepiece-cardgame.com/images/cardlist/card/OP03-110_p4.png?260305,,,,,,,,,,,,,,,,,,,,,,,,OP03-110_p4,0,0,0,0,1,0,missing_printing_market_map
597,OP03-110,Charlotte Smoothie,R,,1954,597,OP03-110_p5,,parallel_5,Parallel 5,official-cardlist,PRB01/parallel/OP03-110_p5.png,https://en.onepiece-cardgame.com/images/cardlist/card/OP03-110_p5.png?260305,,,,,,,,,,,,,,,,,,,,,,,,OP03-110_p5,0,0,0,0,1,0,missing_printing_market_map
597,OP03-110,Charlotte Smoothie,R,,1955,597,OP03-110::prb01alt,,alt,Prb01Alt,local-catalog,thumbs/OP03-110(PRB01alt).webp,,,,,,,,,,,,,,,,,,,,,,,,,OP03-110::prb01alt,0,0,0,0,1,0,missing_printing_market_map
597,OP03-110,Charlotte Smoothie,R,,1956,597,OP03-110::prb01alt2,,alt,Prb01Alt2,local-catalog,thumbs/OP03-110(PRB01alt2).webp,,,,,,,,,,,,,,,,,,,,,,,,,OP03-110::prb01alt2,0,0,0,0,1,0,missing_printing_market_map
597,OP03-110,Charlotte Smoothie,R,,1957,597,OP03-110_r1,,r1,R1,official-cardlist,ST20/reprint/OP03-110_r1.png,https://en.onepiece-cardgame.com/images/cardlist/card/OP03-110_r1.png?260305,,,,,,,,,,,,,,,,,,,,,,,,OP03-110_r1,0,0,0,0,1,0,missing_printing_market_map
597,OP03-110,Charlotte Smoothie,R,,1958,597,OP03-110_r2,,r2,R2,official-cardlist,PRB01/reprint/OP03-110_r2.png,https://en.onepiece-cardgame.com/images/cardlist/card/OP03-110_r2.png?260305,,,,,,,,,,,,,,,,,,,,,,,,OP03-110_r2,0,0,0,0,1,0,missing_printing_market_map
598,OP03-111,Charlotte Praline,C,,1959,598,OP03-111,,base,Base,official-cardlist,OP03/base/OP03-111.png,https://en.onepiece-cardgame.com/images/cardlist/card/OP03-111.png?260305,1631,1959,2124,HIGH,exact_code_plus_base_flag,2124,500084,Charlotte Praline,Charlotte Praline,OP03-111,C,,tcgcsv,1937,2124,0.01,0.14,1.58,0.09,,,2026-04-02 03:06:17,tcgcsv,OP03-111,1,1,1,0,1,0,missing_tcgplayer_product_id_only
599,OP03-112,Charlotte Pudding,SP CARD,,1961,599,OP03-112,,base,Base,official-cardlist,OP03/base/OP03-112.png,https://en.onepiece-cardgame.com/images/cardlist/card/OP03-112.png?260305,605,1961,944,HIGH,exact_code_plus_base_flag,944,514063,Charlotte Pudding (Judge Pack Vol. 2),Charlotte Pudding Judge Pack Vol 2,OP03-112,PR,,tcgcsv,919,944,1.89,5.5,50.0,2.83,,,2026-04-02 03:06:17,tcgcsv,OP03-112,1,1,1,0,1,0,missing_tcgplayer_product_id_only
599,OP03-112,Charlotte Pudding,SP CARD,,1963,599,OP03-112::alt,,alt,Alt,local-catalog,thumbs/OP03-112_Alt.webp,,,,,,,,,,,,,,,,,,,,,,,,,OP03-112::alt,0,0,0,0,1,0,missing_printing_market_map
599,OP03-112,Charlotte Pudding,SP CARD,,1964,599,OP03-112::alt art 3,,alt,Alt Art 3,local-catalog,thumbs/OP03-112alt3.webp,,,,,,,,,,,,,,,,,,,,,,,,,OP03-112::alt art 3,0,0,0,0,1,0,missing_printing_market_map
599,OP03-112,Charlotte Pudding,SP CARD,,1965,599,OP03-112::cn alt,,alt,Cn Alt,local-catalog,thumbs/OP03-112(CN)alt.webp,,,,,,,,,,,,,,,,,,,,,,,,,OP03-112::cn alt,0,0,0,0,1,0,missing_printing_market_map
599,OP03-112,Charlotte Pudding,SP CARD,,1966,599,OP03-112_p1,,parallel_1,Parallel 1,official-cardlist,OP03/parallel/OP03-112_p1.png,https://en.onepiece-cardgame.com/images/cardlist/card/OP03-112_p1.png?260305,,,,,,,,,,,,,,,,,,,,,,,,OP03-112_p1,0,0,0,0,1,0,missing_printing_market_map
599,OP03-112,Charlotte Pudding,SP CARD,,1967,599,OP03-112_p2,,parallel_2,Parallel 2,official-cardlist,_unclassified/parallel/OP03-112_p2.png,https://en.onepiece-cardgame.com/images/cardlist/card/OP03-112_p2.png?260305,,,,,,,,,,,,,,,,,,,,,,,,OP03-112_p2,0,0,0,0,1,0,missing_printing_market_map
599,OP03-112,Charlotte Pudding,SP CARD,,1968,599,OP03-112_p3,,parallel_3,Parallel 3,official-cardlist,TP2024OD/parallel/OP03-112_p3.png,https://en.onepiece-cardgame.com/images/cardlist/card/OP03-112_p3.png?260305,,,,,,,,,,,,,,,,,,,,,,,,OP03-112_p3,0,0,0,0,1,0,missing_printing_market_map
599,OP03-112,Charlotte Pudding,SP CARD,,1969,599,OP03-112_p4,,parallel_4,Parallel 4,official-cardlist,OP08/parallel/OP03-112_p4.png,https://en.onepiece-cardgame.com/images/cardlist/card/OP03-112_p4.png?260305,,,,,,,,,,,,,,,,,,,,,,,,OP03-112_p4,0,0,0,0,1,0,missing_printing_market_map
599,OP03-112,Charlotte Pudding,SP CARD,,1970,599,OP03-112_p6,,parallel_6,Parallel 6,official-cardlist,CS2526CP/parallel/OP03-112_p6.png,https://en.onepiece-cardgame.com/images/cardlist/card/OP03-112_p6.png?260305,,,,,,,,,,,,,,,,,,,,,,,,OP03-112_p6,0,0,0,0,1,0,missing_printing_market_map
599,OP03-112,Charlotte Pudding,SP CARD,,1971,599,OP03-112_r1,,r1,R1,official-cardlist,ST20/reprint/OP03-112_r1.png,https://en.onepiece-cardgame.com/images/cardlist/card/OP03-112_r1.png?260305,,,,,,,,,,,,,,,,,,,,,,,,OP03-112_r1,0,0,0,0,1,0,missing_printing_market_map
599,OP03-112,Charlotte Pudding,SP CARD,,1972,599,OP03-112::s p,,sp,S P,local-catalog,thumbs/OP03-112SP.webp,,,,,,,,,,,,,,,,,,,,,,,,,OP03-112::s p,0,0,0,0,1,0,missing_printing_market_map
600,OP03-113,Charlotte Perospero,SR,,1973,600,OP03-113,,base,Base,official-cardlist,OP03/base/OP03-113.png,https://en.onepiece-cardgame.com/images/cardlist/card/OP03-113.png?260305,1634,1973,2127,HIGH,exact_code_plus_base_flag,2127,500088,Charlotte Perospero,Charlotte Perospero,OP03-113,SR,,tcgcsv,1940,2127,0.04,0.49,19.5,0.34,,,2026-04-02 03:06:17,tcgcsv,OP03-113,1,1,1,0,1,0,missing_tcgplayer_product_id_only
600,OP03-113,Charlotte Perospero,SR,,1975,600,OP03-113::alt,,alt,Alt,local-catalog,thumbs/OP03-113alt.webp,,,,,,,,,,,,,,,,,,,,,,,,,OP03-113::alt,0,0,0,0,1,0,missing_printing_market_map
600,OP03-113,Charlotte Perospero,SR,,1976,600,OP03-113_p1,,parallel_1,Parallel 1,official-cardlist,OP03/parallel/OP03-113_p1.png,https://en.onepiece-cardgame.com/images/cardlist/card/OP03-113_p1.png?260305,,,,,,,,,,,,,,,,,,,,,,,,OP03-113_p1,0,0,0,0,1,0,missing_printing_market_map
600,OP03-113,Charlotte Perospero,SR,,1977,600,OP03-113_p3,,parallel_3,Parallel 3,official-cardlist,PRB01/parallel/OP03-113_p3.png,https://en.onepiece-cardgame.com/images/cardlist/card/OP03-113_p3.png?260305,,,,,,,,,,,,,,,,,,,,,,,,OP03-113_p3,0,0,0,0,1,0,missing_printing_market_map
600,OP03-113,Charlotte Perospero,SR,,1978,600,OP03-113::prb01alt,,alt,Prb01Alt,local-catalog,thumbs/OP03-113(PRB01alt).webp,,,,,,,,,,,,,,,,,,,,,,,,,OP03-113::prb01alt,0,0,0,0,1,0,missing_printing_market_map
600,OP03-113,Charlotte Perospero,SR,,1979,600,OP03-113_r1,,r1,R1,official-cardlist,PRB01/reprint/OP03-113_r1.png,https://en.onepiece-cardgame.com/images/cardlist/card/OP03-113_r1.png?260305,,,,,,,,,,,,,,,,,,,,,,,,OP03-113_r1,0,0,0,0,1,0,missing_printing_market_map
601,OP03-114,Charlotte Linlin,SP CARD,,1980,601,OP03-114,,base,Base,official-cardlist,OP03/sp/OP03-114_sp.png,https://en.onepiece-cardgame.com/images/cardlist/card/OP03-114.png?260305,870,1980,1248,HIGH,exact_code_plus_base_flag,1248,561172,Charlotte Linlin (Championship 2024),Charlotte Linlin Championship 2024,OP03-114,SR,,tcgcsv,1169,1248,4999.99,4999.99,4999.99,898.5,,,2026-04-02 03:06:17,tcgcsv,OP03-114,1,1,1,0,1,0,missing_tcgplayer_product_id_only
601,OP03-114,Charlotte Linlin,SP CARD,,1982,601,OP03-114::alt,,alt,Alt,local-catalog,thumbs/OP03-114_Alt.webp,,,,,,,,,,,,,,,,,,,,,,,,,OP03-114::alt,0,0,0,0,1,0,missing_printing_market_map
601,OP03-114,Charlotte Linlin,SP CARD,,1983,601,OP03-114::alt art 2,,alt,Alt Art 2,local-catalog,thumbs/OP03-114alt2.webp,,,,,,,,,,,,,,,,,,,,,,,,,OP03-114::alt art 2,0,0,0,0,1,0,missing_printing_market_map
601,OP03-114,Charlotte Linlin,SP CARD,,1984,601,OP03-114::alt sp,,sp,Alt SP,local-catalog,thumbs/OP03-114alt(SP).webp,,,,,,,,,,,,,,,,,,,,,,,,,OP03-114::alt sp,0,0,0,0,1,0,missing_printing_market_map
601,OP03-114,Charlotte Linlin,SP CARD,,1985,601,OP03-114_p1,,parallel_1,Parallel 1,official-cardlist,OP03/parallel/OP03-114_p1.png,https://en.onepiece-cardgame.com/images/cardlist/card/OP03-114_p1.png?260305,,,,,,,,,,,,,,,,,,,,,,,,OP03-114_p1,0,0,0,0,1,0,missing_printing_market_map
601,OP03-114,Charlotte Linlin,SP CARD,,1986,601,OP03-114_p2,,parallel_2,Parallel 2,official-cardlist,OP06/parallel/OP03-114_p2.png,https://en.onepiece-cardgame.com/images/cardlist/card/OP03-114_p2.png?260305,,,,,,,,,,,,,,,,,,,,,,,,OP03-114_p2,0,0,0,0,1,0,missing_printing_market_map
601,OP03-114,Charlotte Linlin,SP CARD,,1987,601,OP03-114_p3,,parallel_3,Parallel 3,official-cardlist,_unclassified/parallel/OP03-114_p3.png,https://en.onepiece-cardgame.com/images/cardlist/card/OP03-114_p3.png?260305,,,,,,,,,,,,,,,,,,,,,,,,OP03-114_p3,0,0,0,0,1,0,missing_printing_market_map
602,OP03-115,Streusen,R,,1988,602,OP03-115,,base,Base,official-cardlist,OP03/base/OP03-115.png,https://en.onepiece-cardgame.com/images/cardlist/card/OP03-115.png?260305,1638,1988,2131,HIGH,exact_code_plus_base_flag,2131,500094,Streusen,Streusen,OP03-115,R,,tcgcsv,1945,2131,0.04,0.25,4.03,0.18,,,2026-04-02 03:06:17,tcgcsv,OP03-115,1,1,1,0,1,0,missing_tcgplayer_product_id_only
602,OP03-115,Streusen,R,,1990,602,OP03-115_r1,,r1,R1,official-cardlist,ST20/reprint/OP03-115_r1.png,https://en.onepiece-cardgame.com/images/cardlist/card/OP03-115_r1.png?260305,,,,,,,,,,,,,,,,,,,,,,,,OP03-115_r1,0,0,0,0,1,0,missing_printing_market_map
603,OP03-116,Shirahoshi,UC,,1991,603,OP03-116,,base,Base,official-cardlist,OP03/base/OP03-116.png,https://en.onepiece-cardgame.com/images/cardlist/card/OP03-116.png?260305,742,1991,1096,HIGH,exact_code_plus_base_flag,1096,537446,Shirahoshi (Tournament Pack Vol. 6),Shirahoshi Tournament Pack Vol 6,OP03-116,UC,,tcgcsv,1047,1096,0.08,0.39,10.88,0.34,,,2026-04-02 03:06:17,tcgcsv,OP03-116,1,1,1,0,1,0,missing_tcgplayer_product_id_only
603,OP03-116,Shirahoshi,UC,,1993,603,OP03-116::alt,,alt,Alt,local-catalog,thumbs/OP03-116alt.webp,,,,,,,,,,,,,,,,,,,,,,,,,OP03-116::alt,0,0,0,0,1,0,missing_printing_market_map
603,OP03-116,Shirahoshi,UC,,1994,603,OP03-116::alt art 2,,alt,Alt Art 2,local-catalog,thumbs/OP03-116alt2.webp,,,,,,,,,,,,,,,,,,,,,,,,,OP03-116::alt art 2,0,0,0,0,1,0,missing_printing_market_map
603,OP03-116,Shirahoshi,UC,,1995,603,OP03-116_p1,,parallel_1,Parallel 1,official-cardlist,TP06/parallel/OP03-116_p1.png,https://en.onepiece-cardgame.com/images/cardlist/card/OP03-116_p1.png?260305,,,,,,,,,,,,,,,,,,,,,,,,OP03-116_p1,0,0,0,0,1,0,missing_printing_market_map
603,OP03-116,Shirahoshi,UC,,1996,603,OP03-116_p2,,parallel_2,Parallel 2,official-cardlist,REG2024W3/parallel/OP03-116_p2.png,https://en.onepiece-cardgame.com/images/cardlist/card/OP03-116_p2.png?260305,,,,,,,,,,,,,,,,,,,,,,,,OP03-116_p2,0,0,0,0,1,0,missing_printing_market_map
603,OP03-116,Shirahoshi,UC,,1997,603,OP03-116_p3,,parallel_3,Parallel 3,official-cardlist,ST1520RE/parallel/OP03-116_p3.png,https://en.onepiece-cardgame.com/images/cardlist/card/OP03-116_p3.png?260305,,,,,,,,,,,,,,,,,,,,,,,,OP03-116_p3,0,0,0,0,1,0,missing_printing_market_map
603,OP03-116,Shirahoshi,UC,,1998,603,OP03-116_p5,,parallel_5,Parallel 5,official-cardlist,PRB01/parallel/OP03-116_p5.png,https://en.onepiece-cardgame.com/images/cardlist/card/OP03-116_p5.png?260305,,,,,,,,,,,,,,,,,,,,,,,,OP03-116_p5,0,0,0,0,1,0,missing_printing_market_map
603,OP03-116,Shirahoshi,UC,,1999,603,OP03-116_p6,,parallel_6,Parallel 6,official-cardlist,PRB01/parallel/OP03-116_p6.png,https://en.onepiece-cardgame.com/images/cardlist/card/OP03-116_p6.png?260305,,,,,,,,,,,,,,,,,,,,,,,,OP03-116_p6,0,0,0,0,1,0,missing_printing_market_map
603,OP03-116,Shirahoshi,UC,,2000,603,OP03-116_p7,,parallel_7,Parallel 7,official-cardlist,_unclassified/parallel/OP03-116_p7.png,https://en.onepiece-cardgame.com/images/cardlist/card/OP03-116_p7.png?260305,,,,,,,,,,,,,,,,,,,,,,,,OP03-116_p7,0,0,0,0,1,0,missing_printing_market_map
603,OP03-116,Shirahoshi,UC,,2001,603,OP03-116_r1,,r1,R1,official-cardlist,PRB01/reprint/OP03-116_r1.png,https://en.onepiece-cardgame.com/images/cardlist/card/OP03-116_r1.png?260305,,,,,,,,,,,,,,,,,,,,,,,,OP03-116_r1,0,0,0,0,1,0,missing_printing_market_map
603,OP03-116,Shirahoshi,UC,,2002,603,OP03-116::winner alt,,alt,Winner Alt,local-catalog,thumbs/OP03-116 winner alt.webp,,,,,,,,,,,,,,,,,,,,,,,,,OP03-116::winner alt,0,0,0,0,1,0,missing_printing_market_map
604,OP03-117,Napoleon,UC,,2003,604,OP03-117,,base,Base,official-cardlist,OP03/base/OP03-117.png,https://en.onepiece-cardgame.com/images/cardlist/card/OP03-117.png?260305,1640,2003,2133,HIGH,exact_code_plus_base_flag,2133,500102,Napoleon,Napoleon,OP03-117,UC,,tcgcsv,1947,2133,0.01,0.15,5.0,0.08,,,2026-04-02 03:06:17,tcgcsv,OP03-117,1,1,1,0,1,0,missing_tcgplayer_product_id_only
605,OP03-118,Ikoku Sovereignty,UC,,2005,605,OP03-118,,base,Base,official-cardlist,OP03/base/OP03-118.png,https://en.onepiece-cardgame.com/images/cardlist/card/OP03-118.png?260305,1641,2005,2134,HIGH,exact_code_plus_base_flag,2134,500105,Ikoku Sovereignty,Ikoku Sovereignty,OP03-118,UC,,tcgcsv,1948,2134,0.03,0.2,5.0,0.14,,,2026-04-02 03:06:17,tcgcsv,OP03-118,1,1,1,0,1,0,missing_tcgplayer_product_id_only
605,OP03-118,Ikoku Sovereignty,UC,,2007,605,OP03-118_r1,,r1,R1,official-cardlist,ST20/reprint/OP03-118_r1.png,https://en.onepiece-cardgame.com/images/cardlist/card/OP03-118_r1.png?260305,,,,,,,,,,,,,,,,,,,,,,,,OP03-118_r1,0,0,0,0,1,0,missing_printing_market_map
606,OP03-119,Buzz Cut Mochi,R,,2008,606,OP03-119,,base,Base,official-cardlist,OP03/base/OP03-119.png,https://en.onepiece-cardgame.com/images/cardlist/card/OP03-119.png?260305,1642,2008,2135,HIGH,exact_code_plus_base_flag,2135,500107,Buzz Cut Mochi,Buzz Cut Mochi,OP03-119,R,,tcgcsv,1949,2135,0.03,0.25,2.0,0.17,,,2026-04-02 03:06:17,tcgcsv,OP03-119,1,1,1,0,1,0,missing_tcgplayer_product_id_only
607,OP03-120,Tropical Torment,C,,2010,607,OP03-120,,base,Base,official-cardlist,OP03/base/OP03-120.png,https://en.onepiece-cardgame.com/images/cardlist/card/OP03-120.png?260305,1643,2010,2136,HIGH,exact_code_plus_base_flag,2136,500110,Tropical Torment,Tropical Torment,OP03-120,C,,tcgcsv,1950,2136,0.01,0.15,2.0,0.09,,,2026-04-02 03:06:17,tcgcsv,OP03-120,1,1,1,0,1,0,missing_tcgplayer_product_id_only
608,OP03-121,Thunder Bolt,C,,2012,608,OP03-121,,base,Base,official-cardlist,OP03/base/OP03-121.png,https://en.onepiece-cardgame.com/images/cardlist/card/OP03-121.png?260305,606,2012,945,HIGH,exact_code_plus_base_flag,945,514064,Thunder Bolt (Judge Pack Vol. 2),Thunder Bolt Judge Pack Vol 2,OP03-121,PR,,tcgcsv,920,945,0.25,0.91,38.13,0.42,,,2026-04-02 03:06:17,tcgcsv,OP03-121,1,1,1,0,1,0,missing_tcgplayer_product_id_only
608,OP03-121,Thunder Bolt,C,,2014,608,OP03-121::alt,,alt,Alt,local-catalog,thumbs/OP03-121alt.webp,,,,,,,,,,,,,,,,,,,,,,,,,OP03-121::alt,0,0,0,0,1,0,missing_printing_market_map
608,OP03-121,Thunder Bolt,C,,2015,608,OP03-121_p3,,parallel_3,Parallel 3,official-cardlist,PRB01/parallel/OP03-121_p3.png,https://en.onepiece-cardgame.com/images/cardlist/card/OP03-121_p3.png?260305,,,,,,,,,,,,,,,,,,,,,,,,OP03-121_p3,0,0,0,0,1,0,missing_printing_market_map
608,OP03-121,Thunder Bolt,C,,2016,608,OP03-121_p4,,parallel_4,Parallel 4,official-cardlist,PRB01/parallel/OP03-121_p4.png,https://en.onepiece-cardgame.com/images/cardlist/card/OP03-121_p4.png?260305,,,,,,,,,,,,,,,,,,,,,,,,OP03-121_p4,0,0,0,0,1,0,missing_printing_market_map
608,OP03-121,Thunder Bolt,C,,2017,608,OP03-121_p5,,parallel_5,Parallel 5,official-cardlist,BCV1/parallel/OP03-121_p5.png,https://en.onepiece-cardgame.com/images/cardlist/card/OP03-121_p5.png?260305,,,,,,,,,,,,,,,,,,,,,,,,OP03-121_p5,0,0,0,0,1,0,missing_printing_market_map
608,OP03-121,Thunder Bolt,C,,2018,608,OP03-121_r1,,r1,R1,official-cardlist,ST20/reprint/OP03-121_r1.png,https://en.onepiece-cardgame.com/images/cardlist/card/OP03-121_r1.png?260305,,,,,,,,,,,,,,,,,,,,,,,,OP03-121_r1,0,0,0,0,1,0,missing_printing_market_map
608,OP03-121,Thunder Bolt,C,,2019,608,OP03-121_r2,,r2,R2,official-cardlist,PRB01/reprint/OP03-121_r2.png,https://en.onepiece-cardgame.com/images/cardlist/card/OP03-121_r2.png?260305,,,,,,,,,,,,,,,,,,,,,,,,OP03-121_r2,0,0,0,0,1,0,missing_printing_market_map
609,OP03-122,Sogeking,SEC,,2020,609,OP03-122,,base,Base,official-cardlist,OP03/base/OP03-122.png,https://en.onepiece-cardgame.com/images/cardlist/card/OP03-122.png?260305,1645,2020,2138,HIGH,exact_code_plus_base_flag,2138,500116,Sogeking (Alternate Art),Sogeking Alternate Art,OP03-122,SEC,,tcgcsv,1952,2138,15.0,20.02,120.0,17.4,,,2026-04-02 03:06:17,tcgcsv,OP03-122,1,1,1,0,1,0,missing_tcgplayer_product_id_only
609,OP03-122,Sogeking,SEC,,2022,609,OP03-122::alt,,alt,Alt,local-catalog,thumbs/OP03-122_Alt.webp,,,,,,,,,,,,,,,,,,,,,,,,,OP03-122::alt,0,0,0,0,1,0,missing_printing_market_map
609,OP03-122,Sogeking,SEC,,2023,609,OP03-122::manga,,mr,Manga,local-catalog,thumbs/OP03-122 Manga Rare.webp,,,,,,,,,,,,,,,,,,,,,,,,,OP03-122::manga,0,0,0,0,1,0,missing_printing_market_map
609,OP03-122,Sogeking,SEC,,2024,609,OP03-122_p1,,parallel_1,Parallel 1,official-cardlist,OP03/parallel/OP03-122_p1.png,https://en.onepiece-cardgame.com/images/cardlist/card/OP03-122_p1.png?260305,,,,,,,,,,,,,,,,,,,,,,,,OP03-122_p1,0,0,0,0,1,0,missing_printing_market_map
609,OP03-122,Sogeking,SEC,,2025,609,OP03-122_p2,,parallel_2,Parallel 2,official-cardlist,OP03/parallel/OP03-122_p2.png,https://en.onepiece-cardgame.com/images/cardlist/card/OP03-122_p2.png?260305,,,,,,,,,,,,,,,,,,,,,,,,OP03-122_p2,0,0,0,0,1,0,missing_printing_market_map
609,OP03-122,Sogeking,SEC,,2026,609,OP03-122_r1,,r1,R1,official-cardlist,PRB01/reprint/OP03-122_r1.png,https://en.onepiece-cardgame.com/images/cardlist/card/OP03-122_r1.png?260305,,,,,,,,,,,,,,,,,,,,,,,,OP03-122_r1,0,0,0,0,1,0,missing_printing_market_map
610,OP03-123,Charlotte Katakuri,SEC,,2027,610,OP03-123,,base,Base,official-cardlist,OP03/base/OP03-123.png,https://en.onepiece-cardgame.com/images/cardlist/card/OP03-123.png?260305,871,2027,1249,HIGH,exact_code_plus_base_flag,1249,561183,Charlotte Katakuri (Championship 2024),Charlotte Katakuri Championship 2024,OP03-123,SEC,,tcgcsv,1170,1249,2000.0,2000.0,2000.0,639.12,,,2026-04-02 03:06:17,tcgcsv,OP03-123,1,1,1,0,1,0,missing_tcgplayer_product_id_only
610,OP03-123,Charlotte Katakuri,SEC,,2029,610,OP03-123::alt,,alt,Alt,local-catalog,thumbs/OP03-123 (Alt).webp,,,,,,,,,,,,,,,,,,,,,,,,,OP03-123::alt,0,0,0,0,1,0,missing_printing_market_map
610,OP03-123,Charlotte Katakuri,SEC,,2030,610,OP03-123::cn alt,,alt,Cn Alt,local-catalog,thumbs/OP03-123(CN)alt.webp,,,,,,,,,,,,,,,,,,,,,,,,,OP03-123::cn alt,0,0,0,0,1,0,missing_printing_market_map
610,OP03-123,Charlotte Katakuri,SEC,,2031,610,OP03-123_p1,,parallel_1,Parallel 1,official-cardlist,OP03/parallel/OP03-123_p1.png,https://en.onepiece-cardgame.com/images/cardlist/card/OP03-123_p1.png?260305,,,,,,,,,,,,,,,,,,,,,,,,OP03-123_p1,0,0,0,0,1,0,missing_printing_market_map
610,OP03-123,Charlotte Katakuri,SEC,,2032,610,OP03-123_p2,,parallel_2,Parallel 2,official-cardlist,_unclassified/parallel/OP03-123_p2.png,https://en.onepiece-cardgame.com/images/cardlist/card/OP03-123_p2.png?260305,,,,,,,,,,,,,,,,,,,,,,,,OP03-123_p2,0,0,0,0,1,0,missing_printing_market_map
610,OP03-123,Charlotte Katakuri,SEC,,2033,610,OP03-123_p4,,parallel_4,Parallel 4,official-cardlist,PRB01/parallel/OP03-123_p4.png,https://en.onepiece-cardgame.com/images/cardlist/card/OP03-123_p4.png?260305,,,,,,,,,,,,,,,,,,,,,,,,OP03-123_p4,0,0,0,0,1,0,missing_printing_market_map
610,OP03-123,Charlotte Katakuri,SEC,,2034,610,OP03-123::prb01alt,,alt,Prb01Alt,local-catalog,thumbs/OP03-123(PRB01alt).webp,,,,,,,,,,,,,,,,,,,,,,,,,OP03-123::prb01alt,0,0,0,0,1,0,missing_printing_market_map
610,OP03-123,Charlotte Katakuri,SEC,,2035,610,OP03-123_r1,,r1,R1,official-cardlist,PRB01/reprint/OP03-123_r1.png,https://en.onepiece-cardgame.com/images/cardlist/card/OP03-123_r1.png?260305,,,,,,,,,,,,,,,,,,,,,,,,OP03-123_r1,0,0,0,0,1,0,missing_printing_market_map
611,OP04-001,Nefeltari Vivi,L,,2036,611,OP04-001,,base,Base,official-cardlist,OP04/base/OP04-001.png,https://en.onepiece-cardgame.com/images/cardlist/card/OP04-001.png?260305,1702,2036,2209,HIGH,exact_code_plus_base_flag,2209,510762,Nefeltari Vivi (001),Nefeltari Vivi 001,OP04-001,L,,tcgcsv,2020,2209,0.01,0.22,10.0,0.17,,,2026-04-02 03:06:18,tcgcsv,OP04-001,1,1,1,0,1,0,missing_tcgplayer_product_id_only
611,OP04-001,Nefeltari Vivi,L,,2038,611,OP04-001::alt,,alt,Alt,local-catalog,thumbs/op04-001(alt).webp,,,,,,,,,,,,,,,,,,,,,,,,,OP04-001::alt,0,0,0,0,1,0,missing_printing_market_map
611,OP04-001,Nefeltari Vivi,L,,2039,611,OP04-001_p1,,parallel_1,Parallel 1,official-cardlist,OP04/parallel/OP04-001_p1.png,https://en.onepiece-cardgame.com/images/cardlist/card/OP04-001_p1.png?260305,,,,,,,,,,,,,,,,,,,,,,,,OP04-001_p1,0,0,0,0,1,0,missing_printing_market_map
612,OP04-002,Igaram,R,,2040,612,OP04-002,,base,Base,official-cardlist,OP04/base/OP04-002.png,https://en.onepiece-cardgame.com/images/cardlist/card/OP04-002.png?260305,1756,2040,2264,HIGH,exact_code_plus_base_flag,2264,516728,Igaram,Igaram,OP04-002,R,,tcgcsv,2075,2264,0.01,0.26,15.0,0.23,,,2026-04-02 03:06:18,tcgcsv,OP04-002,1,1,1,0,1,0,missing_tcgplayer_product_id_only
613,OP04-003,Usopp,UC,,2042,613,OP04-003,,base,Base,official-cardlist,OP04/base/OP04-003.png,https://en.onepiece-cardgame.com/images/cardlist/card/OP04-003.png?260305,1757,2042,2265,HIGH,exact_code_plus_base_flag,2265,516729,Usopp,Usopp,OP04-003,UC,,tcgcsv,2076,2265,0.01,0.2,5.0,0.17,,,2026-04-02 03:06:18,tcgcsv,OP04-003,1,1,1,0,1,0,missing_tcgplayer_product_id_only
614,OP04-004,Karoo,C,,2044,614,OP04-004,,base,Base,official-cardlist,OP04/base/OP04-004.png,https://en.onepiece-cardgame.com/images/cardlist/card/OP04-004.png?260305,1758,2044,2266,HIGH,exact_code_plus_base_flag,2266,516730,Karoo,Karoo,OP04-004,C,,tcgcsv,2077,2266,0.01,0.15,2.0,0.08,,,2026-04-02 03:06:18,tcgcsv,OP04-004,1,1,1,0,1,0,missing_tcgplayer_product_id_only
615,OP04-005,Kung Fu Jugon,C,,2046,615,OP04-005,,base,Base,official-cardlist,OP04/base/OP04-005.png,https://en.onepiece-cardgame.com/images/cardlist/card/OP04-005.png?260305,1759,2046,2267,HIGH,exact_code_plus_base_flag,2267,516731,Kung Fu Jugon,Kung Fu Jugon,OP04-005,C,,tcgcsv,2078,2267,0.01,0.15,2.0,0.1,,,2026-04-02 03:06:18,tcgcsv,OP04-005,1,1,1,0,1,0,missing_tcgplayer_product_id_only
616,OP04-006,Koza,UC,,2048,616,OP04-006,,base,Base,official-cardlist,OP04/base/OP04-006.png,https://en.onepiece-cardgame.com/images/cardlist/card/OP04-006.png?260305,1760,2048,2268,HIGH,exact_code_plus_base_flag,2268,516732,Koza,Koza,OP04-006,UC,,tcgcsv,2079,2268,0.01,0.2,5.0,0.13,,,2026-04-02 03:06:18,tcgcsv,OP04-006,1,1,1,0,1,0,missing_tcgplayer_product_id_only
617,OP04-007,Sanji,C,,2050,617,OP04-007,,base,Base,official-cardlist,OP04/base/OP04-007.png,https://en.onepiece-cardgame.com/images/cardlist/card/OP04-007.png?260305,1761,2050,2269,HIGH,exact_code_plus_base_flag,2269,516733,Sanji (007),Sanji 007,OP04-007,C,,tcgcsv,2080,2269,0.01,0.15,2.0,0.1,,,2026-04-02 03:06:18,tcgcsv,OP04-007,1,1,1,0,1,0,missing_tcgplayer_product_id_only
618,OP04-008,Chaka,R,,2052,618,OP04-008,,base,Base,official-cardlist,OP04/base/OP04-008.png,https://en.onepiece-cardgame.com/images/cardlist/card/OP04-008.png?260305,1762,2052,2270,HIGH,exact_code_plus_base_flag,2270,516734,Chaka,Chaka,OP04-008,R,,tcgcsv,2081,2270,0.01,0.2,10.0,0.08,,,2026-04-02 03:06:18,tcgcsv,OP04-008,1,1,1,0,1,0,missing_tcgplayer_product_id_only
619,OP04-009,Super Spot-Billed Duck Troops,UC,,2054,619,OP04-009,,base,Base,official-cardlist,OP04/base/OP04-009.png,https://en.onepiece-cardgame.com/images/cardlist/card/OP04-009.png?260305,1763,2054,2271,HIGH,exact_code_plus_base_flag,2271,516735,Super Spot-Billed Duck Troops,Super Spot Billed Duck Troops,OP04-009,UC,,tcgcsv,2082,2271,0.05,0.25,5.0,0.13,,,2026-04-02 03:06:18,tcgcsv,OP04-009,1,1,1,0,1,0,missing_tcgplayer_product_id_only
620,OP04-010,Tony Tony.Chopper,C,,2056,620,OP04-010,,base,Base,official-cardlist,OP04/base/OP04-010.png,https://en.onepiece-cardgame.com/images/cardlist/card/OP04-010.png?260305,948,2056,1341,HIGH,exact_code_plus_base_flag,1341,583737,Tony Tony.Chopper (Winner Pack 2024 Oct.-Dec.),Tony TonyChopper Winner Pack 2024 Oct Dec,OP04-010,C,,tcgcsv,1244,1341,14.0,20.34,100.0,15.18,,,2026-04-02 03:06:17,tcgcsv,OP04-010,1,1,1,0,1,0,missing_tcgplayer_product_id_only
620,OP04-010,Tony Tony.Chopper,C,,2058,620,OP04-010::alt,,alt,Alt,local-catalog,thumbs/OP04-010alt.webp,,,,,,,,,,,,,,,,,,,,,,,,,OP04-010::alt,0,0,0,0,1,0,missing_printing_market_map
620,OP04-010,Tony Tony.Chopper,C,,2059,620,OP04-010_p1,,parallel_1,Parallel 1,official-cardlist,TP2024OD/parallel/OP04-010_p1.png,https://en.onepiece-cardgame.com/images/cardlist/card/OP04-010_p1.png?260305,,,,,,,,,,,,,,,,,,,,,,,,OP04-010_p1,0,0,0,0,1,0,missing_printing_market_map
620,OP04-010,Tony Tony.Chopper,C,,2060,620,OP04-010_p2,,parallel_2,Parallel 2,official-cardlist,CS2526CP/parallel/OP04-010_p2.png,https://en.onepiece-cardgame.com/images/cardlist/card/OP04-010_p2.png?260305,,,,,,,,,,,,,,,,,,,,,,,,OP04-010_p2,0,0,0,0,1,0,missing_printing_market_map
621,OP04-011,Nami,C,,2061,621,OP04-011,,base,Base,official-cardlist,OP04/base/OP04-011.png,https://en.onepiece-cardgame.com/images/cardlist/card/OP04-011.png?260305,1765,2061,2273,HIGH,exact_code_plus_base_flag,2273,516738,Nami,Nami,OP04-011,C,,tcgcsv,2084,2273,0.04,0.19,5.0,0.16,,,2026-04-02 03:06:18,tcgcsv,OP04-011,1,1,1,0,1,0,missing_tcgplayer_product_id_only
622,OP04-012,Nefeltari Cobra,C,,2063,622,OP04-012,,base,Base,official-cardlist,OP04/base/OP04-012.png,https://en.onepiece-cardgame.com/images/cardlist/card/OP04-012.png?260305,1766,2063,2274,HIGH,exact_code_plus_base_flag,2274,516739,Nefeltari Cobra,Nefeltari Cobra,OP04-012,C,,tcgcsv,2085,2274,0.01,0.15,1.58,0.05,,,2026-04-02 03:06:18,tcgcsv,OP04-012,1,1,1,0,1,0,missing_tcgplayer_product_id_only
623,OP04-013,Pell,SR,,2065,623,OP04-013,,base,Base,official-cardlist,OP04/base/OP04-013.png,https://en.onepiece-cardgame.com/images/cardlist/card/OP04-013.png?260305,1714,2065,2221,HIGH,exact_code_plus_base_flag,2221,512612,Pell,Pell,OP04-013,SR,,tcgcsv,2032,2221,0.23,0.53,25.0,0.46,,,2026-04-02 03:06:18,tcgcsv,OP04-013,1,1,1,0,1,0,missing_tcgplayer_product_id_only
623,OP04-013,Pell,SR,,2067,623,OP04-013::alt,,alt,Alt,local-catalog,thumbs/OP04-013(alt).webp,,,,,,,,,,,,,,,,,,,,,,,,,OP04-013::alt,0,0,0,0,1,0,missing_printing_market_map
623,OP04-013,Pell,SR,,2068,623,OP04-013_p1,,parallel_1,Parallel 1,official-cardlist,OP04/parallel/OP04-013_p1.png,https://en.onepiece-cardgame.com/images/cardlist/card/OP04-013_p1.png?260305,,,,,,,,,,,,,,,,,,,,,,,,OP04-013_p1,0,0,0,0,1,0,missing_printing_market_map
624,OP04-014,Monkey.D.Luffy,UC,,2069,624,OP04-014,,base,Base,official-cardlist,OP04/base/OP04-014.png,https://en.onepiece-cardgame.com/images/cardlist/card/OP04-014.png?260305,1767,2069,2275,HIGH,exact_code_plus_base_flag,2275,516740,Monkey.D.Luffy (014),MonkeyDLuffy 014,OP04-014,UC,,tcgcsv,2086,2275,0.06,0.25,10.0,0.19,,,2026-04-02 03:06:18,tcgcsv,OP04-014,1,1,1,0,1,0,missing_tcgplayer_product_id_only
625,OP04-015,Roronoa Zoro,R,,2071,625,OP04-015,,base,Base,official-cardlist,OP04/base/OP04-015.png,https://en.onepiece-cardgame.com/images/cardlist/card/OP04-015.png?260305,1768,2071,2276,HIGH,exact_code_plus_base_flag,2276,516741,Roronoa Zoro,Roronoa Zoro,OP04-015,R,,tcgcsv,2087,2276,0.05,0.26,25.0,0.26,,,2026-04-02 03:06:18,tcgcsv,OP04-015,1,1,1,0,1,0,missing_tcgplayer_product_id_only
626,OP04-016,Bad Manners Kick Course,R,,2073,626,OP04-016,,base,Base,official-cardlist,OP04/base/OP04-016.png,https://en.onepiece-cardgame.com/images/cardlist/card/OP04-016.png?260305,1769,2073,2277,HIGH,exact_code_plus_base_flag,2277,516742,Bad Manners Kick Course,Bad Manners Kick Course,OP04-016,R,,tcgcsv,2088,2277,0.15,0.52,25.0,0.47,,,2026-04-02 03:06:18,tcgcsv,OP04-016,1,1,1,0,1,0,missing_tcgplayer_product_id_only
626,OP04-016,Bad Manners Kick Course,R,,2075,626,OP04-016_p1,,parallel_1,Parallel 1,official-cardlist,PRB02/parallel/OP04-016_p1.png,https://en.onepiece-cardgame.com/images/cardlist/card/OP04-016_p1.png?260305,,,,,,,,,,,,,,,,,,,,,,,,OP04-016_p1,0,0,0,0,1,0,missing_printing_market_map
626,OP04-016,Bad Manners Kick Course,R,,2076,626,OP04-016::prb02,,alt,Prb02,local-catalog,thumbs/OP04-016(PRB02).webp,,,,,,,,,,,,,,,,,,,,,,,,,OP04-016::prb02,0,0,0,0,1,0,missing_printing_market_map
626,OP04-016,Bad Manners Kick Course,R,,2077,626,OP04-016_r1,,r1,R1,official-cardlist,PRB02/reprint/OP04-016_r1.png,https://en.onepiece-cardgame.com/images/cardlist/card/OP04-016_r1.png?260305,,,,,,,,,,,,,,,,,,,,,,,,OP04-016_r1,0,0,0,0,1,0,missing_printing_market_map
627,OP04-017,Happiness Punch,C,,2078,627,OP04-017,,base,Base,official-cardlist,OP04/base/OP04-017.png,https://en.onepiece-cardgame.com/images/cardlist/card/OP04-017.png?260305,1770,2078,2278,HIGH,exact_code_plus_base_flag,2278,516743,Happiness Punch,Happiness Punch,OP04-017,C,,tcgcsv,2089,2278,0.01,0.15,5.0,0.12,,,2026-04-02 03:06:18,tcgcsv,OP04-017,1,1,1,0,1,0,missing_tcgplayer_product_id_only
628,OP04-018,Enchanting Vertigo Dance,UC,,2080,628,OP04-018,,base,Base,official-cardlist,OP04/base/OP04-018.png,https://en.onepiece-cardgame.com/images/cardlist/card/OP04-018.png?260305,1771,2080,2279,HIGH,exact_code_plus_base_flag,2279,516744,Enchanting Vertigo Dance,Enchanting Vertigo Dance,OP04-018,UC,,tcgcsv,2090,2279,0.01,0.15,5.0,0.1,,,2026-04-02 03:06:18,tcgcsv,OP04-018,1,1,1,0,1,0,missing_tcgplayer_product_id_only
629,OP04-019,Donquixote Doflamingo,L,,2082,629,OP04-019,,base,Base,official-cardlist,OP04/base/OP04-019.png,https://en.onepiece-cardgame.com/images/cardlist/card/OP04-019.png?260305,1704,2082,2211,HIGH,exact_code_plus_base_flag,2211,510896,Donquixote Doflamingo (019),Donquixote Doflamingo 019,OP04-019,L,,tcgcsv,2022,2211,0.01,0.21,5.0,0.2,,,2026-04-02 03:06:18,tcgcsv,OP04-019,1,1,1,0,1,0,missing_tcgplayer_product_id_only
629,OP04-019,Donquixote Doflamingo,L,,2084,629,OP04-019::alt,,alt,Alt,local-catalog,thumbs/OP04-019(alt).webp,,,,,,,,,,,,,,,,,,,,,,,,,OP04-019::alt,0,0,0,0,1,0,missing_printing_market_map
629,OP04-019,Donquixote Doflamingo,L,,2085,629,OP04-019_p1,,parallel_1,Parallel 1,official-cardlist,OP04/parallel/OP04-019_p1.png,https://en.onepiece-cardgame.com/images/cardlist/card/OP04-019_p1.png?260305,,,,,,,,,,,,,,,,,,,,,,,,OP04-019_p1,0,0,0,0,1,0,missing_printing_market_map
630,OP04-020,Issho,L,,2086,630,OP04-020,,base,Base,official-cardlist,OP04/base/OP04-020.png,https://en.onepiece-cardgame.com/images/cardlist/card/OP04-020.png?260305,1708,2086,2215,HIGH,exact_code_plus_base_flag,2215,510995,Issho,Issho,OP04-020,L,,tcgcsv,2026,2215,0.01,0.2,5.0,0.15,,,2026-04-02 03:06:18,tcgcsv,OP04-020,1,1,1,0,1,0,missing_tcgplayer_product_id_only
630,OP04-020,Issho,L,,2088,630,OP04-020::alt,,alt,Alt,local-catalog,thumbs/OP04-020(alt).webp,,,,,,,,,,,,,,,,,,,,,,,,,OP04-020::alt,0,0,0,0,1,0,missing_printing_market_map
630,OP04-020,Issho,L,,2089,630,OP04-020_p1,,parallel_1,Parallel 1,official-cardlist,OP04/parallel/OP04-020_p1.png,https://en.onepiece-cardgame.com/images/cardlist/card/OP04-020_p1.png?260305,,,,,,,,,,,,,,,,,,,,,,,,OP04-020_p1,0,0,0,0,1,0,missing_printing_market_map
631,OP04-021,Viola,C,,2090,631,OP04-021,,base,Base,official-cardlist,OP04/base/OP04-021.png,https://en.onepiece-cardgame.com/images/cardlist/card/OP04-021.png?260305,955,2090,1349,HIGH,exact_code_plus_base_flag,1349,583746,Viola (Judge Pack Vol. 4),Viola Judge Pack Vol 4,OP04-021,C,,tcgcsv,1252,1349,0.43,1.45,10.98,0.92,,,2026-04-02 03:06:17,tcgcsv,OP04-021,1,1,1,0,1,0,missing_tcgplayer_product_id_only
632,OP04-022,Eric,UC,,2092,632,OP04-022,,base,Base,official-cardlist,OP04/base/OP04-022.png,https://en.onepiece-cardgame.com/images/cardlist/card/OP04-022.png?260305,1773,2092,2281,HIGH,exact_code_plus_base_flag,2281,516746,Eric,Eric,OP04-022,UC,,tcgcsv,2092,2281,0.01,0.15,5.0,0.05,,,2026-04-02 03:06:18,tcgcsv,OP04-022,1,1,1,0,1,0,missing_tcgplayer_product_id_only
633,OP04-023,Kuro,C,,2094,633,OP04-023,,base,Base,official-cardlist,OP04/base/OP04-023.png,https://en.onepiece-cardgame.com/images/cardlist/card/OP04-023.png?260305,1774,2094,2282,HIGH,exact_code_plus_base_flag,2282,516747,Kuro,Kuro,OP04-023,C,,tcgcsv,2093,2282,0.01,0.15,2.0,0.07,,,2026-04-02 03:06:18,tcgcsv,OP04-023,1,1,1,0,1,0,missing_tcgplayer_product_id_only
634,OP04-024,Sugar,SP CARD,,2096,634,OP04-024,,base,Base,official-cardlist,OP04/sp/OP04-024_sp.png,https://en.onepiece-cardgame.com/images/cardlist/card/OP04-024.png?260305,1716,2096,2223,HIGH,exact_code_plus_base_flag,2223,512875,Sugar,Sugar,OP04-024,SR,,tcgcsv,2034,2223,0.26,1.16,10.0,0.71,,,2026-04-02 03:06:18,tcgcsv,OP04-024,1,1,1,0,1,0,missing_tcgplayer_product_id_only
634,OP04-024,Sugar,SP CARD,,2098,634,OP04-024::alt,,alt,Alt,local-catalog,thumbs/OP04-024(alt).webp,,,,,,,,,,,,,,,,,,,,,,,,,OP04-024::alt,0,0,0,0,1,0,missing_printing_market_map
634,OP04-024,Sugar,SP CARD,,2099,634,OP04-024::alt sp,,sp,Alt SP,local-catalog,thumbs/OP04-024alt(SP).webp,,,,,,,,,,,,,,,,,,,,,,,,,OP04-024::alt sp,0,0,0,0,1,0,missing_printing_market_map
634,OP04-024,Sugar,SP CARD,,2100,634,OP04-024_p1,,parallel_1,Parallel 1,official-cardlist,OP04/parallel/OP04-024_p1.png,https://en.onepiece-cardgame.com/images/cardlist/card/OP04-024_p1.png?260305,,,,,,,,,,,,,,,,,,,,,,,,OP04-024_p1,0,0,0,0,1,0,missing_printing_market_map
634,OP04-024,Sugar,SP CARD,,2101,634,OP04-024_p2,,parallel_2,Parallel 2,official-cardlist,OP06/parallel/OP04-024_p2.png,https://en.onepiece-cardgame.com/images/cardlist/card/OP04-024_p2.png?260305,,,,,,,,,,,,,,,,,,,,,,,,OP04-024_p2,0,0,0,0,1,0,missing_printing_market_map
635,OP04-025,Giolla,C,,2102,635,OP04-025,,base,Base,official-cardlist,OP04/base/OP04-025.png,https://en.onepiece-cardgame.com/images/cardlist/card/OP04-025.png?260305,1775,2102,2283,HIGH,exact_code_plus_base_flag,2283,516748,Giolla,Giolla,OP04-025,C,,tcgcsv,2094,2283,0.01,0.15,2.0,0.03,,,2026-04-02 03:06:18,tcgcsv,OP04-025,1,1,1,0,1,0,missing_tcgplayer_product_id_only
636,OP04-026,Senor Pink,R,,2104,636,OP04-026,,base,Base,official-cardlist,OP04/base/OP04-026.png,https://en.onepiece-cardgame.com/images/cardlist/card/OP04-026.png?260305,1776,2104,2284,HIGH,exact_code_plus_base_flag,2284,516749,Senor Pink,Senor Pink,OP04-026,R,,tcgcsv,2095,2284,0.04,0.2,10.0,0.13,,,2026-04-02 03:06:18,tcgcsv,OP04-026,1,1,1,0,1,0,missing_tcgplayer_product_id_only
637,OP04-027,Daddy Masterson,C,,2106,637,OP04-027,,base,Base,official-cardlist,OP04/base/OP04-027.png,https://en.onepiece-cardgame.com/images/cardlist/card/OP04-027.png?260305,1777,2106,2285,HIGH,exact_code_plus_base_flag,2285,516750,Daddy Masterson,Daddy Masterson,OP04-027,C,,tcgcsv,2096,2285,0.01,0.15,2.0,0.05,,,2026-04-02 03:06:18,tcgcsv,OP04-027,1,1,1,0,1,0,missing_tcgplayer_product_id_only
638,OP04-028,Diamante,R,,2108,638,OP04-028,,base,Base,official-cardlist,OP04/base/OP04-028.png,https://en.onepiece-cardgame.com/images/cardlist/card/OP04-028.png?260305,1718,2108,2225,HIGH,exact_code_plus_base_flag,2225,512959,Diamante,Diamante,OP04-028,R,,tcgcsv,2036,2225,0.01,0.22,10.0,0.12,,,2026-04-02 03:06:18,tcgcsv,OP04-028,1,1,1,0,1,0,missing_tcgplayer_product_id_only
638,OP04-028,Diamante,R,,2110,638,OP04-028::alt,,alt,Alt,local-catalog,thumbs/OP04-028(alt).webp,,,,,,,,,,,,,,,,,,,,,,,,,OP04-028::alt,0,0,0,0,1,0,missing_printing_market_map
638,OP04-028,Diamante,R,,2111,638,OP04-028_p1,,parallel_1,Parallel 1,official-cardlist,OP04/parallel/OP04-028_p1.png,https://en.onepiece-cardgame.com/images/cardlist/card/OP04-028_p1.png?260305,,,,,,,,,,,,,,,,,,,,,,,,OP04-028_p1,0,0,0,0,1,0,missing_printing_market_map
639,OP04-029,Dellinger,C,,2112,639,OP04-029,,base,Base,official-cardlist,OP04/base/OP04-029.png,https://en.onepiece-cardgame.com/images/cardlist/card/OP04-029.png?260305,1778,2112,2286,HIGH,exact_code_plus_base_flag,2286,516751,Dellinger,Dellinger,OP04-029,C,,tcgcsv,2097,2286,0.01,0.15,10.0,0.03,,,2026-04-02 03:06:18,tcgcsv,OP04-029,1,1,1,0,1,0,missing_tcgplayer_product_id_only
639,OP04-029,Dellinger,C,,2114,639,OP04-029_p2,,parallel_2,Parallel 2,official-cardlist,PRB01/parallel/OP04-029_p2.png,https://en.onepiece-cardgame.com/images/cardlist/card/OP04-029_p2.png?260305,,,,,,,,,,,,,,,,,,,,,,,,OP04-029_p2,0,0,0,0,1,0,missing_printing_market_map
639,OP04-029,Dellinger,C,,2115,639,OP04-029_p3,,parallel_3,Parallel 3,official-cardlist,PRB01/parallel/OP04-029_p3.png,https://en.onepiece-cardgame.com/images/cardlist/card/OP04-029_p3.png?260305,,,,,,,,,,,,,,,,,,,,,,,,OP04-029_p3,0,0,0,0,1,0,missing_printing_market_map
639,OP04-029,Dellinger,C,,2116,639,OP04-029::prb01alt,,alt,Prb01Alt,local-catalog,thumbs/OP04-029(PRB01alt).webp,,,,,,,,,,,,,,,,,,,,,,,,,OP04-029::prb01alt,0,0,0,0,1,0,missing_printing_market_map
639,OP04-029,Dellinger,C,,2117,639,OP04-029_r1,,r1,R1,official-cardlist,PRB01/reprint/OP04-029_r1.png,https://en.onepiece-cardgame.com/images/cardlist/card/OP04-029_r1.png?260305,,,,,,,,,,,,,,,,,,,,,,,,OP04-029_r1,0,0,0,0,1,0,missing_printing_market_map
640,OP04-030,Trebol,R,,2118,640,OP04-030,,base,Base,official-cardlist,OP04/base/OP04-030.png,https://en.onepiece-cardgame.com/images/cardlist/card/OP04-030.png?260305,1720,2118,2227,HIGH,exact_code_plus_base_flag,2227,513306,Trebol,Trebol,OP04-030,R,,tcgcsv,2038,2227,0.01,0.2,10.0,0.09,,,2026-04-02 03:06:18,tcgcsv,OP04-030,1,1,1,0,1,0,missing_tcgplayer_product_id_only
640,OP04-030,Trebol,R,,2120,640,OP04-030::alt,,alt,Alt,local-catalog,thumbs/OP04-030(alt).webp,,,,,,,,,,,,,,,,,,,,,,,,,OP04-030::alt,0,0,0,0,1,0,missing_printing_market_map
640,OP04-030,Trebol,R,,2121,640,OP04-030_p1,,parallel_1,Parallel 1,official-cardlist,OP04/parallel/OP04-030_p1.png,https://en.onepiece-cardgame.com/images/cardlist/card/OP04-030_p1.png?260305,,,,,,,,,,,,,,,,,,,,,,,,OP04-030_p1,0,0,0,0,1,0,missing_printing_market_map
641,OP04-031,Donquixote Doflamingo,SR,,2122,641,OP04-031,,base,Base,official-cardlist,OP04/base/OP04-031.png,https://en.onepiece-cardgame.com/images/cardlist/card/OP04-031.png?260305,1722,2122,2229,HIGH,exact_code_plus_base_flag,2229,513464,Donquixote Doflamingo (031),Donquixote Doflamingo 031,OP04-031,SR,,tcgcsv,2040,2229,0.96,2.0,50.0,1.69,,,2026-04-02 03:06:18,tcgcsv,OP04-031,1,1,1,0,1,0,missing_tcgplayer_product_id_only
641,OP04-031,Donquixote Doflamingo,SR,,2124,641,OP04-031::alt,,alt,Alt,local-catalog,thumbs/OP04-031(alt).webp,,,,,,,,,,,,,,,,,,,,,,,,,OP04-031::alt,0,0,0,0,1,0,missing_printing_market_map
641,OP04-031,Donquixote Doflamingo,SR,,2125,641,OP04-031_p1,,parallel_1,Parallel 1,official-cardlist,OP04/parallel/OP04-031_p1.png,https://en.onepiece-cardgame.com/images/cardlist/card/OP04-031_p1.png?260305,,,,,,,,,,,,,,,,,,,,,,,,OP04-031_p1,0,0,0,0,1,0,missing_printing_market_map
641,OP04-031,Donquixote Doflamingo,SR,,2126,641,OP04-031_p3,,parallel_3,Parallel 3,official-cardlist,PRB01/parallel/OP04-031_p3.png,https://en.onepiece-cardgame.com/images/cardlist/card/OP04-031_p3.png?260305,,,,,,,,,,,,,,,,,,,,,,,,OP04-031_p3,0,0,0,0,1,0,missing_printing_market_map
641,OP04-031,Donquixote Doflamingo,SR,,2127,641,OP04-031::prb01alt,,alt,Prb01Alt,local-catalog,thumbs/OP04-031(PRB01alt).webp,,,,,,,,,,,,,,,,,,,,,,,,,OP04-031::prb01alt,0,0,0,0,1,0,missing_printing_market_map
641,OP04-031,Donquixote Doflamingo,SR,,2128,641,OP04-031_r1,,r1,R1,official-cardlist,PRB01/reprint/OP04-031_r1.png,https://en.onepiece-cardgame.com/images/cardlist/card/OP04-031_r1.png?260305,,,,,,,,,,,,,,,,,,,,,,,,OP04-031_r1,0,0,0,0,1,0,missing_printing_market_map
642,OP04-032,Baby 5,UC,,2129,642,OP04-032,,base,Base,official-cardlist,OP04/base/OP04-032.png,https://en.onepiece-cardgame.com/images/cardlist/card/OP04-032.png?260305,1124,2129,1555,HIGH,exact_code_plus_base_flag,1555,626667,Baby 5 (Premium Card Collection -Best Selection Vol. 3-),Baby 5 Premium Card Collection Best Selection Vol 3,OP04-032,UC,,tcgcsv,1434,1555,3.2,4.5,19.95,3.87,,,2026-04-02 03:06:17,tcgcsv,OP04-032,1,1,1,0,1,0,missing_tcgplayer_product_id_only
642,OP04-032,Baby 5,UC,,2131,642,OP04-032::alt,,alt,Alt,local-catalog,thumbs/OP04-032(alt).webp,,,,,,,,,,,,,,,,,,,,,,,,,OP04-032::alt,0,0,0,0,1,0,missing_printing_market_map
642,OP04-032,Baby 5,UC,,2132,642,OP04-032_p2,,parallel_2,Parallel 2,official-cardlist,PRB01/parallel/OP04-032_p2.png,https://en.onepiece-cardgame.com/images/cardlist/card/OP04-032_p2.png?260305,,,,,,,,,,,,,,,,,,,,,,,,OP04-032_p2,0,0,0,0,1,0,missing_printing_market_map
642,OP04-032,Baby 5,UC,,2133,642,OP04-032_p3,,parallel_3,Parallel 3,official-cardlist,PRB01/parallel/OP04-032_p3.png,https://en.onepiece-cardgame.com/images/cardlist/card/OP04-032_p3.png?260305,,,,,,,,,,,,,,,,,,,,,,,,OP04-032_p3,0,0,0,0,1,0,missing_printing_market_map
642,OP04-032,Baby 5,UC,,2134,642,OP04-032_p4,,parallel_4,Parallel 4,official-cardlist,BCV3/parallel/OP04-032_p4.png,https://en.onepiece-cardgame.com/images/cardlist/card/OP04-032_p4.png?260305,,,,,,,,,,,,,,,,,,,,,,,,OP04-032_p4,0,0,0,0,1,0,missing_printing_market_map
642,OP04-032,Baby 5,UC,,2135,642,OP04-032::prb01alt,,alt,Prb01Alt,local-catalog,thumbs/OP04-032(PRB01alt).webp,,,,,,,,,,,,,,,,,,,,,,,,,OP04-032::prb01alt,0,0,0,0,1,0,missing_printing_market_map
642,OP04-032,Baby 5,UC,,2136,642,OP04-032_r1,,r1,R1,official-cardlist,PRB01/reprint/OP04-032_r1.png,https://en.onepiece-cardgame.com/images/cardlist/card/OP04-032_r1.png?260305,,,,,,,,,,,,,,,,,,,,,,,,OP04-032_r1,0,0,0,0,1,0,missing_printing_market_map
643,OP04-033,Machvise,UC,,2137,643,OP04-033,,base,Base,official-cardlist,OP04/base/OP04-033.png,https://en.onepiece-cardgame.com/images/cardlist/card/OP04-033.png?260305,1780,2137,2288,HIGH,exact_code_plus_base_flag,2288,516753,Machvise,Machvise,OP04-033,UC,,tcgcsv,2099,2288,0.01,0.15,5.0,0.06,,,2026-04-02 03:06:18,tcgcsv,OP04-033,1,1,1,0,1,0,missing_tcgplayer_product_id_only
644,OP04-034,Lao.G,UC,,2139,644,OP04-034,,base,Base,official-cardlist,OP04/base/OP04-034.png,https://en.onepiece-cardgame.com/images/cardlist/card/OP04-034.png?260305,1781,2139,2289,HIGH,exact_code_plus_base_flag,2289,516754,Lao.G,LaoG,OP04-034,UC,,tcgcsv,2100,2289,0.01,0.15,5.0,0.04,,,2026-04-02 03:06:18,tcgcsv,OP04-034,1,1,1,0,1,0,missing_tcgplayer_product_id_only
645,OP04-035,Spiderweb,R,,2141,645,OP04-035,,base,Base,official-cardlist,OP04/base/OP04-035.png,https://en.onepiece-cardgame.com/images/cardlist/card/OP04-035.png?260305,789,2141,1150,HIGH,exact_code_plus_base_flag,1150,544617,Spiderweb (Judge Pack Vol. 3),Spiderweb Judge Pack Vol 3,OP04-035,R,,tcgcsv,1080,1150,2.5,3.4,10.0,3.32,,,2026-04-02 03:06:17,tcgcsv,OP04-035,1,1,1,0,1,0,missing_tcgplayer_product_id_only
646,OP04-036,Donquixote Family,C,,2143,646,OP04-036,,base,Base,official-cardlist,OP04/base/OP04-036.png,https://en.onepiece-cardgame.com/images/cardlist/card/OP04-036.png?260305,1783,2143,2291,HIGH,exact_code_plus_base_flag,2291,516756,Donquixote Family,Donquixote Family,OP04-036,C,,tcgcsv,2102,2291,0.01,0.14,1.58,0.05,,,2026-04-02 03:06:18,tcgcsv,OP04-036,1,1,1,0,1,0,missing_tcgplayer_product_id_only
646,OP04-036,Donquixote Family,C,,2145,646,OP04-036_p2,,parallel_2,Parallel 2,official-cardlist,PRB01/parallel/OP04-036_p2.png,https://en.onepiece-cardgame.com/images/cardlist/card/OP04-036_p2.png?260305,,,,,,,,,,,,,,,,,,,,,,,,OP04-036_p2,0,0,0,0,1,0,missing_printing_market_map
646,OP04-036,Donquixote Family,C,,2146,646,OP04-036_p3,,parallel_3,Parallel 3,official-cardlist,PRB01/parallel/OP04-036_p3.png,https://en.onepiece-cardgame.com/images/cardlist/card/OP04-036_p3.png?260305,,,,,,,,,,,,,,,,,,,,,,,,OP04-036_p3,0,0,0,0,1,0,missing_printing_market_map
646,OP04-036,Donquixote Family,C,,2147,646,OP04-036_r1,,r1,R1,official-cardlist,PRB01/reprint/OP04-036_r1.png,https://en.onepiece-cardgame.com/images/cardlist/card/OP04-036_r1.png?260305,,,,,,,,,,,,,,,,,,,,,,,,OP04-036_r1,0,0,0,0,1,0,missing_printing_market_map
647,OP04-037,Flapping Thread,UC,,2148,647,OP04-037,,base,Base,official-cardlist,OP04/base/OP04-037.png,https://en.onepiece-cardgame.com/images/cardlist/card/OP04-037.png?260305,1784,2148,2292,HIGH,exact_code_plus_base_flag,2292,516757,Flapping Thread,Flapping Thread,OP04-037,UC,,tcgcsv,2103,2292,0.01,0.15,5.0,0.08,,,2026-04-02 03:06:18,tcgcsv,OP04-037,1,1,1,0,1,0,missing_tcgplayer_product_id_only
648,OP04-038,The Weak Do Not Have the Right to Choose How They Die!!!,C,,2150,648,OP04-038,,base,Base,official-cardlist,OP04/base/OP04-038.png,https://en.onepiece-cardgame.com/images/cardlist/card/OP04-038.png?260305,1785,2150,2293,HIGH,exact_code_plus_base_flag,2293,516758,The Weak Do Not Have the Right to Choose How They Die!!!,The Weak Do Not Have the Right to Choose How They Die,OP04-038,C,,tcgcsv,2104,2293,0.01,0.15,1.58,0.08,,,2026-04-02 03:06:18,tcgcsv,OP04-038,1,1,1,0,1,0,missing_tcgplayer_product_id_only
649,OP04-039,Rebecca,L,,2152,649,OP04-039,,base,Base,official-cardlist,OP04/base/OP04-039.png,https://en.onepiece-cardgame.com/images/cardlist/card/OP04-039.png?260305,1706,2152,2213,HIGH,exact_code_plus_base_flag,2213,510993,Rebecca (039),Rebecca 039,OP04-039,L,,tcgcsv,2024,2213,0.01,0.21,10.0,0.19,,,2026-04-02 03:06:18,tcgcsv,OP04-039,1,1,1,0,1,0,missing_tcgplayer_product_id_only
649,OP04-039,Rebecca,L,,2154,649,OP04-039::alt,,alt,Alt,local-catalog,thumbs/OP04-039(alt).webp,,,,,,,,,,,,,,,,,,,,,,,,,OP04-039::alt,0,0,0,0,1,0,missing_printing_market_map
649,OP04-039,Rebecca,L,,2155,649,OP04-039_p1,,parallel_1,Parallel 1,official-cardlist,OP04/parallel/OP04-039_p1.png,https://en.onepiece-cardgame.com/images/cardlist/card/OP04-039_p1.png?260305,,,,,,,,,,,,,,,,,,,,,,,,OP04-039_p1,0,0,0,0,1,0,missing_printing_market_map
650,OP04-040,Queen,L,,2156,650,OP04-040,,base,Base,official-cardlist,OP04/base/OP04-040.png,https://en.onepiece-cardgame.com/images/cardlist/card/OP04-040.png?260305,1710,2156,2217,HIGH,exact_code_plus_base_flag,2217,511397,Queen (040),Queen 040,OP04-040,L,,tcgcsv,2028,2217,0.01,0.2,5.0,0.14,,,2026-04-02 03:06:18,tcgcsv,OP04-040,1,1,1,0,1,0,missing_tcgplayer_product_id_only
650,OP04-040,Queen,L,,2158,650,OP04-040::alt,,alt,Alt,local-catalog,thumbs/OP04-040(alt).webp,,,,,,,,,,,,,,,,,,,,,,,,,OP04-040::alt,0,0,0,0,1,0,missing_printing_market_map
650,OP04-040,Queen,L,,2159,650,OP04-040_p1,,parallel_1,Parallel 1,official-cardlist,OP04/parallel/OP04-040_p1.png,https://en.onepiece-cardgame.com/images/cardlist/card/OP04-040_p1.png?260305,,,,,,,,,,,,,,,,,,,,,,,,OP04-040_p1,0,0,0,0,1,0,missing_printing_market_map
651,OP04-041,Apis,C,,2160,651,OP04-041,,base,Base,official-cardlist,OP04/base/OP04-041.png,https://en.onepiece-cardgame.com/images/cardlist/card/OP04-041.png?260305,1786,2160,2294,HIGH,exact_code_plus_base_flag,2294,516759,Apis,Apis,OP04-041,C,,tcgcsv,2105,2294,0.01,0.2,2.09,0.1,,,2026-04-02 03:06:18,tcgcsv,OP04-041,1,1,1,0,1,0,missing_tcgplayer_product_id_only
652,OP04-042,Ipponmatsu,C,,2162,652,OP04-042,,base,Base,official-cardlist,OP04/base/OP04-042.png,https://en.onepiece-cardgame.com/images/cardlist/card/OP04-042.png?260305,1787,2162,2295,HIGH,exact_code_plus_base_flag,2295,516760,Ipponmatsu,Ipponmatsu,OP04-042,C,,tcgcsv,2106,2295,0.01,0.15,2.0,0.06,,,2026-04-02 03:06:18,tcgcsv,OP04-042,1,1,1,0,1,0,missing_tcgplayer_product_id_only
653,OP04-043,Ulti,R,,2164,653,OP04-043,,base,Base,official-cardlist,OP04/base/OP04-043.png,https://en.onepiece-cardgame.com/images/cardlist/card/OP04-043.png?260305,790,2164,1151,HIGH,exact_code_plus_base_flag,1151,544618,Ulti (Judge Pack Vol. 3),Ulti Judge Pack Vol 3,OP04-043,R,,tcgcsv,1081,1151,0.2,0.5,33.16,0.47,,,2026-04-02 03:06:17,tcgcsv,OP04-043,1,1,1,0,1,0,missing_tcgplayer_product_id_only
654,OP04-044,Kaido,SR,,2166,654,OP04-044,,base,Base,official-cardlist,OP04/base/OP04-044.png,https://en.onepiece-cardgame.com/images/cardlist/card/OP04-044.png?260305,1724,2166,2231,HIGH,exact_code_plus_base_flag,2231,513822,Kaido,Kaido,OP04-044,SR,,tcgcsv,2042,2231,0.1,0.5,50.0,0.3,,,2026-04-02 03:06:18,tcgcsv,OP04-044,1,1,1,0,1,0,missing_tcgplayer_product_id_only
654,OP04-044,Kaido,SR,,2168,654,OP04-044::alt,,alt,Alt,local-catalog,thumbs/OP04-044(alt).webp,,,,,,,,,,,,,,,,,,,,,,,,,OP04-044::alt,0,0,0,0,1,0,missing_printing_market_map
654,OP04-044,Kaido,SR,,2169,654,OP04-044::alt art 2,,alt,Alt Art 2,local-catalog,thumbs/OP04-044alt2.webp,,,,,,,,,,,,,,,,,,,,,,,,,OP04-044::alt art 2,0,0,0,0,1,0,missing_printing_market_map
654,OP04-044,Kaido,SR,,2170,654,OP04-044::alt art 3,,alt,Alt Art 3,local-catalog,thumbs/OP04-044alt3.webp,,,,,,,,,,,,,,,,,,,,,,,,,OP04-044::alt art 3,0,0,0,0,1,0,missing_printing_market_map
654,OP04-044,Kaido,SR,,2171,654,OP04-044_p1,,parallel_1,Parallel 1,official-cardlist,OP04/parallel/OP04-044_p1.png,https://en.onepiece-cardgame.com/images/cardlist/card/OP04-044_p1.png?260305,,,,,,,,,,,,,,,,,,,,,,,,OP04-044_p1,0,0,0,0,1,0,missing_printing_market_map
654,OP04-044,Kaido,SR,,2172,654,OP04-044_p2,,parallel_2,Parallel 2,official-cardlist,OP05/parallel/OP04-044_p2.png,https://en.onepiece-cardgame.com/images/cardlist/card/OP04-044_p2.png?260305,,,,,,,,,,,,,,,,,,,,,,,,OP04-044_p2,0,0,0,0,1,0,missing_printing_market_map
654,OP04-044,Kaido,SR,,2173,654,OP04-044_p4,,parallel_4,Parallel 4,official-cardlist,PRB01/parallel/OP04-044_p4.png,https://en.onepiece-cardgame.com/images/cardlist/card/OP04-044_p4.png?260305,,,,,,,,,,,,,,,,,,,,,,,,OP04-044_p4,0,0,0,0,1,0,missing_printing_market_map
654,OP04-044,Kaido,SR,,2174,654,OP04-044::prb01alt,,alt,Prb01Alt,local-catalog,thumbs/OP04-044(PRB01alt).webp,,,,,,,,,,,,,,,,,,,,,,,,,OP04-044::prb01alt,0,0,0,0,1,0,missing_printing_market_map
654,OP04-044,Kaido,SR,,2175,654,OP04-044_r1,,r1,R1,official-cardlist,PRB01/reprint/OP04-044_r1.png,https://en.onepiece-cardgame.com/images/cardlist/card/OP04-044_r1.png?260305,,,,,,,,,,,,,,,,,,,,,,,,OP04-044_r1,0,0,0,0,1,0,missing_printing_market_map
655,OP04-045,King,R,,2176,655,OP04-045,,base,Base,official-cardlist,OP04/base/OP04-045.png,https://en.onepiece-cardgame.com/images/cardlist/card/OP04-045.png?260305,1789,2176,2297,HIGH,exact_code_plus_base_flag,2297,516762,King,King,OP04-045,R,,tcgcsv,2108,2297,0.01,0.2,10.0,0.1,,,2026-04-02 03:06:18,tcgcsv,OP04-045,1,1,1,0,1,0,missing_tcgplayer_product_id_only
656,OP04-046,Queen,UC,,2178,656,OP04-046,,base,Base,official-cardlist,OP04/base/OP04-046.png,https://en.onepiece-cardgame.com/images/cardlist/card/OP04-046.png?260305,1790,2178,2298,HIGH,exact_code_plus_base_flag,2298,516763,Queen (046),Queen 046,OP04-046,UC,,tcgcsv,2109,2298,0.01,0.15,5.0,0.1,,,2026-04-02 03:06:18,tcgcsv,OP04-046,1,1,1,0,1,0,missing_tcgplayer_product_id_only
657,OP04-047,Ice Oni,C,,2180,657,OP04-047,,base,Base,official-cardlist,OP04/base/OP04-047.png,https://en.onepiece-cardgame.com/images/cardlist/card/OP04-047.png?260305,1791,2180,2299,HIGH,exact_code_plus_base_flag,2299,516764,Ice Oni,Ice Oni,OP04-047,C,,tcgcsv,2110,2299,0.01,0.15,2.0,0.06,,,2026-04-02 03:06:18,tcgcsv,OP04-047,1,1,1,0,1,0,missing_tcgplayer_product_id_only
658,OP04-048,Sasaki,UC,,2182,658,OP04-048,,base,Base,official-cardlist,OP04/base/OP04-048.png,https://en.onepiece-cardgame.com/images/cardlist/card/OP04-048.png?260305,1792,2182,2300,HIGH,exact_code_plus_base_flag,2300,516765,Sasaki,Sasaki,OP04-048,UC,,tcgcsv,2111,2300,0.01,0.15,5.0,0.08,,,2026-04-02 03:06:18,tcgcsv,OP04-048,1,1,1,0,1,0,missing_tcgplayer_product_id_only
659,OP04-049,Jack,UC,,2184,659,OP04-049,,base,Base,official-cardlist,OP04/base/OP04-049.png,https://en.onepiece-cardgame.com/images/cardlist/card/OP04-049.png?260305,1793,2184,2301,HIGH,exact_code_plus_base_flag,2301,516766,Jack,Jack,OP04-049,UC,,tcgcsv,2112,2301,0.01,0.15,5.0,0.09,,,2026-04-02 03:06:18,tcgcsv,OP04-049,1,1,1,0,1,0,missing_tcgplayer_product_id_only
660,OP04-050,Hanger,C,,2186,660,OP04-050,,base,Base,official-cardlist,OP04/base/OP04-050.png,https://en.onepiece-cardgame.com/images/cardlist/card/OP04-050.png?260305,1794,2186,2302,HIGH,exact_code_plus_base_flag,2302,516767,Hanger,Hanger,OP04-050,C,,tcgcsv,2113,2302,0.01,0.15,1.62,0.07,,,2026-04-02 03:06:18,tcgcsv,OP04-050,1,1,1,0,1,0,missing_tcgplayer_product_id_only
661,OP04-051,Who's.Who,R,,2188,661,OP04-051,,base,Base,official-cardlist,OP04/base/OP04-051.png,https://en.onepiece-cardgame.com/images/cardlist/card/OP04-051.png?260305,1726,2188,2234,HIGH,exact_code_plus_base_flag,2234,514030,Who's.Who,WhosWho,OP04-051,R,,tcgcsv,2045,2234,0.01,0.2,10.0,0.1,,,2026-04-02 03:06:18,tcgcsv,OP04-051,1,1,1,0,1,0,missing_tcgplayer_product_id_only
661,OP04-051,Who's.Who,R,,2190,661,OP04-051::alt,,alt,Alt,local-catalog,thumbs/OP04-051(alt).webp,,,,,,,,,,,,,,,,,,,,,,,,,OP04-051::alt,0,0,0,0,1,0,missing_printing_market_map
661,OP04-051,Who's.Who,R,,2191,661,OP04-051_p1,,parallel_1,Parallel 1,official-cardlist,OP04/parallel/OP04-051_p1.png,https://en.onepiece-cardgame.com/images/cardlist/card/OP04-051_p1.png?260305,,,,,,,,,,,,,,,,,,,,,,,,OP04-051_p1,0,0,0,0,1,0,missing_printing_market_map
662,OP04-052,Black Maria,C,,2192,662,OP04-052,,base,Base,official-cardlist,OP04/base/OP04-052.png,https://en.onepiece-cardgame.com/images/cardlist/card/OP04-052.png?260305,1795,2192,2303,HIGH,exact_code_plus_base_flag,2303,516768,Black Maria,Black Maria,OP04-052,C,,tcgcsv,2114,2303,0.01,0.15,2.0,0.06,,,2026-04-02 03:06:18,tcgcsv,OP04-052,1,1,1,0,1,0,missing_tcgplayer_product_id_only
663,OP04-053,Page One,UC,,2194,663,OP04-053,,base,Base,official-cardlist,OP04/base/OP04-053.png,https://en.onepiece-cardgame.com/images/cardlist/card/OP04-053.png?260305,1796,2194,2304,HIGH,exact_code_plus_base_flag,2304,516769,Page One,Page One,OP04-053,UC,,tcgcsv,2115,2304,0.01,0.15,5.0,0.07,,,2026-04-02 03:06:18,tcgcsv,OP04-053,1,1,1,0,1,0,missing_tcgplayer_product_id_only
664,OP04-054,Rokki,C,,2196,664,OP04-054,,base,Base,official-cardlist,OP04/base/OP04-054.png,https://en.onepiece-cardgame.com/images/cardlist/card/OP04-054.png?260305,1797,2196,2305,HIGH,exact_code_plus_base_flag,2305,516770,Rokki,Rokki,OP04-054,C,,tcgcsv,2116,2305,0.01,0.12,2.0,0.02,,,2026-04-02 03:06:18,tcgcsv,OP04-054,1,1,1,0,1,0,missing_tcgplayer_product_id_only
665,OP04-055,Plague Rounds,C,,2198,665,OP04-055,,base,Base,official-cardlist,OP04/base/OP04-055.png,https://en.onepiece-cardgame.com/images/cardlist/card/OP04-055.png?260305,1798,2198,2306,HIGH,exact_code_plus_base_flag,2306,516771,Plague Rounds,Plague Rounds,OP04-055,C,,tcgcsv,2117,2306,0.01,0.15,1.58,0.06,,,2026-04-02 03:06:18,tcgcsv,OP04-055,1,1,1,0,1,0,missing_tcgplayer_product_id_only
666,OP04-056,Gum-Gum Red Roc,R,,2200,666,OP04-056,,base,Base,official-cardlist,OP04/base/OP04-056.png,https://en.onepiece-cardgame.com/images/cardlist/card/OP04-056.png?260305,1799,2200,2307,HIGH,exact_code_plus_base_flag,2307,516772,Gum-Gum Red Roc,Gum Gum Red Roc,OP04-056,R,,tcgcsv,2118,2307,1.0,3.5,12.99,1.29,,,2026-04-02 03:06:18,tcgcsv,OP04-056,1,1,1,0,1,0,missing_tcgplayer_product_id_only
666,OP04-056,Gum-Gum Red Roc,R,,2202,666,OP04-056_p2,,parallel_2,Parallel 2,official-cardlist,PRB01/parallel/OP04-056_p2.png,https://en.onepiece-cardgame.com/images/cardlist/card/OP04-056_p2.png?260305,,,,,,,,,,,,,,,,,,,,,,,,OP04-056_p2,0,0,0,0,1,0,missing_printing_market_map
666,OP04-056,Gum-Gum Red Roc,R,,2203,666,OP04-056_p3,,parallel_3,Parallel 3,official-cardlist,PRB01/parallel/OP04-056_p3.png,https://en.onepiece-cardgame.com/images/cardlist/card/OP04-056_p3.png?260305,,,,,,,,,,,,,,,,,,,,,,,,OP04-056_p3,0,0,0,0,1,0,missing_printing_market_map
666,OP04-056,Gum-Gum Red Roc,R,,2204,666,OP04-056_p4,,parallel_4,Parallel 4,official-cardlist,PRB01/parallel/OP04-056_p4.png,https://en.onepiece-cardgame.com/images/cardlist/card/OP04-056_p4.png?260305,,,,,,,,,,,,,,,,,,,,,,,,OP04-056_p4,0,0,0,0,1,0,missing_printing_market_map
666,OP04-056,Gum-Gum Red Roc,R,,2205,666,OP04-056::prb01alt,,alt,Prb01Alt,local-catalog,thumbs/OP04-056(PRB01alt).webp,,,,,,,,,,,,,,,,,,,,,,,,,OP04-056::prb01alt,0,0,0,0,1,0,missing_printing_market_map
666,OP04-056,Gum-Gum Red Roc,R,,2206,666,OP04-056_r1,,r1,R1,official-cardlist,PRB01/reprint/OP04-056_r1.png,https://en.onepiece-cardgame.com/images/cardlist/card/OP04-056_r1.png?260305,,,,,,,,,,,,,,,,,,,,,,,,OP04-056_r1,0,0,0,0,1,0,missing_printing_market_map
667,OP04-057,Dragon Twister Demolition Breath,UC,,2207,667,OP04-057,,base,Base,official-cardlist,OP04/base/OP04-057.png,https://en.onepiece-cardgame.com/images/cardlist/card/OP04-057.png?260305,1800,2207,2308,HIGH,exact_code_plus_base_flag,2308,516773,Dragon Twister Demolition Breath,Dragon Twister Demolition Breath,OP04-057,UC,,tcgcsv,2119,2308,0.01,0.15,5.0,0.09,,,2026-04-02 03:06:18,tcgcsv,OP04-057,1,1,1,0,1,0,missing_tcgplayer_product_id_only
668,OP04-058,Crocodile,L,,2209,668,OP04-058,,base,Base,official-cardlist,OP04/base/OP04-058.png,https://en.onepiece-cardgame.com/images/cardlist/card/OP04-058.png?260305,1712,2209,2219,HIGH,exact_code_plus_base_flag,2219,511765,Crocodile (058),Crocodile 058,OP04-058,L,,tcgcsv,2030,2219,0.02,0.2,5.0,0.17,,,2026-04-02 03:06:18,tcgcsv,OP04-058,1,1,1,0,1,0,missing_tcgplayer_product_id_only
668,OP04-058,Crocodile,L,,2211,668,OP04-058::alt,,alt,Alt,local-catalog,thumbs/OP04-058(alt).webp,,,,,,,,,,,,,,,,,,,,,,,,,OP04-058::alt,0,0,0,0,1,0,missing_printing_market_map
668,OP04-058,Crocodile,L,,2212,668,OP04-058_p1,,parallel_1,Parallel 1,official-cardlist,OP04/parallel/OP04-058_p1.png,https://en.onepiece-cardgame.com/images/cardlist/card/OP04-058_p1.png?260305,,,,,,,,,,,,,,,,,,,,,,,,OP04-058_p1,0,0,0,0,1,0,missing_printing_market_map
669,OP04-059,Iceburg,UC,,2213,669,OP04-059,,base,Base,official-cardlist,OP04/base/OP04-059.png,https://en.onepiece-cardgame.com/images/cardlist/card/OP04-059.png?260305,1801,2213,2309,HIGH,exact_code_plus_base_flag,2309,516774,Iceburg,Iceburg,OP04-059,UC,,tcgcsv,2120,2309,0.01,0.15,20.0,0.06,,,2026-04-02 03:06:18,tcgcsv,OP04-059,1,1,1,0,1,0,missing_tcgplayer_product_id_only
670,OP04-060,Crocodile,SR,,2215,670,OP04-060,,base,Base,official-cardlist,OP04/base/OP04-060.png,https://en.onepiece-cardgame.com/images/cardlist/card/OP04-060.png?260305,1730,2215,2238,HIGH,exact_code_plus_base_flag,2238,514247,Crocodile (060),Crocodile 060,OP04-060,SR,,tcgcsv,2049,2238,0.1,0.6,50.0,0.46,,,2026-04-02 03:06:18,tcgcsv,OP04-060,1,1,1,0,1,0,missing_tcgplayer_product_id_only
670,OP04-060,Crocodile,SR,,2217,670,OP04-060::alt,,alt,Alt,local-catalog,thumbs/OP04-060(alt).webp,,,,,,,,,,,,,,,,,,,,,,,,,OP04-060::alt,0,0,0,0,1,0,missing_printing_market_map
670,OP04-060,Crocodile,SR,,2218,670,OP04-060_p1,,parallel_1,Parallel 1,official-cardlist,OP04/parallel/OP04-060_p1.png,https://en.onepiece-cardgame.com/images/cardlist/card/OP04-060_p1.png?260305,,,,,,,,,,,,,,,,,,,,,,,,OP04-060_p1,0,0,0,0,1,0,missing_printing_market_map
671,OP04-061,Tom,C,,2219,671,OP04-061,,base,Base,official-cardlist,OP04/base/OP04-061.png,https://en.onepiece-cardgame.com/images/cardlist/card/OP04-061.png?260305,1802,2219,2310,HIGH,exact_code_plus_base_flag,2310,516776,Tom,Tom,OP04-061,C,,tcgcsv,2121,2310,0.01,0.15,2.0,0.03,,,2026-04-02 03:06:18,tcgcsv,OP04-061,1,1,1,0,1,0,missing_tcgplayer_product_id_only
672,OP04-062,Bananagator,C,,2221,672,OP04-062,,base,Base,official-cardlist,OP04/base/OP04-062.png,https://en.onepiece-cardgame.com/images/cardlist/card/OP04-062.png?260305,1803,2221,2311,HIGH,exact_code_plus_base_flag,2311,516777,Bananagator,Bananagator,OP04-062,C,,tcgcsv,2122,2311,0.01,0.15,1000.0,0.07,,,2026-04-02 03:06:18,tcgcsv,OP04-062,1,1,1,0,1,0,missing_tcgplayer_product_id_only
673,OP04-063,Franky,R,,2223,673,OP04-063,,base,Base,official-cardlist,OP04/base/OP04-063.png,https://en.onepiece-cardgame.com/images/cardlist/card/OP04-063.png?260305,1804,2223,2312,HIGH,exact_code_plus_base_flag,2312,516779,Franky,Franky,OP04-063,R,,tcgcsv,2123,2312,0.02,0.2,25.0,0.13,,,2026-04-02 03:06:18,tcgcsv,OP04-063,1,1,1,0,1,0,missing_tcgplayer_product_id_only
674,OP04-064,Ms. All Sunday,SP CARD,,2225,674,OP04-064,,base,Base,official-cardlist,OP04/sp/OP04-064_sp.png,https://en.onepiece-cardgame.com/images/cardlist/card/OP04-064.png?260305,1728,2225,2236,HIGH,exact_code_plus_base_flag,2236,514245,Ms. All Sunday,Ms All Sunday,OP04-064,SR,,tcgcsv,2047,2236,0.5,2.15,100.0,1.75,,,2026-04-02 03:06:18,tcgcsv,OP04-064,1,1,1,0,1,0,missing_tcgplayer_product_id_only
674,OP04-064,Ms. All Sunday,SP CARD,,2227,674,OP04-064::alt,,alt,Alt,local-catalog,thumbs/OP04-064(alt).webp,,,,,,,,,,,,,,,,,,,,,,,,,OP04-064::alt,0,0,0,0,1,0,missing_printing_market_map
674,OP04-064,Ms. All Sunday,SP CARD,,2228,674,OP04-064::alt sp,,sp,Alt SP,local-catalog,thumbs/OP04-064alt(SP).webp,,,,,,,,,,,,,,,,,,,,,,,,,OP04-064::alt sp,0,0,0,0,1,0,missing_printing_market_map
674,OP04-064,Ms. All Sunday,SP CARD,,2229,674,OP04-064_p1,,parallel_1,Parallel 1,official-cardlist,OP04/parallel/OP04-064_p1.png,https://en.onepiece-cardgame.com/images/cardlist/card/OP04-064_p1.png?260305,,,,,,,,,,,,,,,,,,,,,,,,OP04-064_p1,0,0,0,0,1,0,missing_printing_market_map
674,OP04-064,Ms. All Sunday,SP CARD,,2230,674,OP04-064_p2,,parallel_2,Parallel 2,official-cardlist,OP06/parallel/OP04-064_p2.png,https://en.onepiece-cardgame.com/images/cardlist/card/OP04-064_p2.png?260305,,,,,,,,,,,,,,,,,,,,,,,,OP04-064_p2,0,0,0,0,1,0,missing_printing_market_map
675,OP04-065,Miss.Goldenweek(Marianne),C,,2231,675,OP04-065,,base,Base,official-cardlist,OP04/base/OP04-065.png,https://en.onepiece-cardgame.com/images/cardlist/card/OP04-065.png?260305,1805,2231,2313,HIGH,exact_code_plus_base_flag,2313,516780,Miss.Goldenweek(Marianne),MissGoldenweekMarianne,OP04-065,C,,tcgcsv,2124,2313,0.01,0.15,5.0,0.08,,,2026-04-02 03:06:18,tcgcsv,OP04-065,1,1,1,0,1,0,missing_tcgplayer_product_id_only
676,OP04-066,Miss.Valentine(Mikita),R,,2233,676,OP04-066,,base,Base,official-cardlist,OP04/base/OP04-066.png,https://en.onepiece-cardgame.com/images/cardlist/card/OP04-066.png?260305,1806,2233,2314,HIGH,exact_code_plus_base_flag,2314,516781,Miss.Valentine(Mikita),MissValentineMikita,OP04-066,R,,tcgcsv,2125,2314,0.01,0.25,10.0,0.15,,,2026-04-02 03:06:18,tcgcsv,OP04-066,1,1,1,0,1,0,missing_tcgplayer_product_id_only
677,OP04-067,Miss.MerryChristmas(Drophy),C,,2235,677,OP04-067,,base,Base,official-cardlist,OP04/base/OP04-067.png,https://en.onepiece-cardgame.com/images/cardlist/card/OP04-067.png?260305,1807,2235,2315,HIGH,exact_code_plus_base_flag,2315,516782,Miss.MerryChristmas(Drophy),MissMerryChristmasDrophy,OP04-067,C,,tcgcsv,2126,2315,0.01,0.15,1.58,0.06,,,2026-04-02 03:06:18,tcgcsv,OP04-067,1,1,1,0,1,0,missing_tcgplayer_product_id_only
678,OP04-068,Yokozuna,C,,2237,678,OP04-068,,base,Base,official-cardlist,OP04/base/OP04-068.png,https://en.onepiece-cardgame.com/images/cardlist/card/OP04-068.png?260305,1808,2237,2316,HIGH,exact_code_plus_base_flag,2316,516783,Yokozuna,Yokozuna,OP04-068,C,,tcgcsv,2127,2316,0.01,0.15,1.58,0.05,,,2026-04-02 03:06:18,tcgcsv,OP04-068,1,1,1,0,1,0,missing_tcgplayer_product_id_only
679,OP04-069,Mr.2.Bon.Kurei(Bentham),UC,,2239,679,OP04-069,,base,Base,official-cardlist,OP04/base/OP04-069.png,https://en.onepiece-cardgame.com/images/cardlist/card/OP04-069.png?260305,1809,2239,2317,HIGH,exact_code_plus_base_flag,2317,516784,Mr.2.Bon.Kurei (Bentham),Mr2BonKurei Bentham,OP04-069,UC,,tcgcsv,2128,2317,0.03,0.15,5.0,0.1,,,2026-04-02 03:06:18,tcgcsv,OP04-069,1,1,1,0,1,0,missing_tcgplayer_product_id_only
680,OP04-070,Mr.3(Galdino),UC,,2241,680,OP04-070,,base,Base,official-cardlist,OP04/base/OP04-070.png,https://en.onepiece-cardgame.com/images/cardlist/card/OP04-070.png?260305,1810,2241,2318,HIGH,exact_code_plus_base_flag,2318,516785,Mr.3 (Galdino),Mr3 Galdino,OP04-070,UC,,tcgcsv,2129,2318,0.01,0.15,5.0,0.08,,,2026-04-02 03:06:18,tcgcsv,OP04-070,1,1,1,0,1,0,missing_tcgplayer_product_id_only
681,OP04-071,Mr.4(Babe),UC,,2243,681,OP04-071,,base,Base,official-cardlist,OP04/base/OP04-071.png,https://en.onepiece-cardgame.com/images/cardlist/card/OP04-071.png?260305,1811,2243,2319,HIGH,exact_code_plus_base_flag,2319,516786,Mr.4 (Babe),Mr4 Babe,OP04-071,UC,,tcgcsv,2130,2319,0.01,0.15,5.0,0.09,,,2026-04-02 03:06:18,tcgcsv,OP04-071,1,1,1,0,1,0,missing_tcgplayer_product_id_only
682,OP04-072,Mr.5(Gem),R,,2245,682,OP04-072,,base,Base,official-cardlist,OP04/base/OP04-072.png,https://en.onepiece-cardgame.com/images/cardlist/card/OP04-072.png?260305,1732,2245,2240,HIGH,exact_code_plus_base_flag,2240,514253,Mr.5 (Gem),Mr5 Gem,OP04-072,R,,tcgcsv,2051,2240,0.01,0.2,10.0,0.1,,,2026-04-02 03:06:18,tcgcsv,OP04-072,1,1,1,0,1,0,missing_tcgplayer_product_id_only
682,OP04-072,Mr.5(Gem),R,,2247,682,OP04-072::alts,,alt,Alts,local-catalog,thumbs/OP04-072(alts).webp,,,,,,,,,,,,,,,,,,,,,,,,,OP04-072::alts,0,0,0,0,1,0,missing_printing_market_map
682,OP04-072,Mr.5(Gem),R,,2248,682,OP04-072_p1,,parallel_1,Parallel 1,official-cardlist,OP04/parallel/OP04-072_p1.png,https://en.onepiece-cardgame.com/images/cardlist/card/OP04-072_p1.png?260305,,,,,,,,,,,,,,,,,,,,,,,,OP04-072_p1,0,0,0,0,1,0,missing_printing_market_map
683,OP04-073,Mr.13 & Ms.Friday,C,,2249,683,OP04-073,,base,Base,official-cardlist,OP04/base/OP04-073.png,https://en.onepiece-cardgame.com/images/cardlist/card/OP04-073.png?260305,1812,2249,2320,HIGH,exact_code_plus_base_flag,2320,516787,Mr.13 & Ms.Friday,Mr13 and MsFriday,OP04-073,C,,tcgcsv,2131,2320,0.01,0.15,2.0,0.1,,,2026-04-02 03:06:18,tcgcsv,OP04-073,1,1,1,0,1,0,missing_tcgplayer_product_id_only
684,OP04-074,Colors Trap,R,,2251,684,OP04-074,,base,Base,official-cardlist,OP04/base/OP04-074.png,https://en.onepiece-cardgame.com/images/cardlist/card/OP04-074.png?260305,1813,2251,2321,HIGH,exact_code_plus_base_flag,2321,516788,Colors Trap,Colors Trap,OP04-074,R,,tcgcsv,2132,2321,0.01,0.22,25.0,0.08,,,2026-04-02 03:06:18,tcgcsv,OP04-074,1,1,1,0,1,0,missing_tcgplayer_product_id_only
685,OP04-075,Nez-Palm Cannon,UC,,2253,685,OP04-075,,base,Base,official-cardlist,OP04/base/OP04-075.png,https://en.onepiece-cardgame.com/images/cardlist/card/OP04-075.png?260305,1814,2253,2322,HIGH,exact_code_plus_base_flag,2322,516789,Nez-Palm Cannon,Nez Palm Cannon,OP04-075,UC,,tcgcsv,2133,2322,0.01,0.15,5.0,0.09,,,2026-04-02 03:06:18,tcgcsv,OP04-075,1,1,1,0,1,0,missing_tcgplayer_product_id_only
686,OP04-076,Weakness...Is an Unforgivable Sin.,C,,2255,686,OP04-076,,base,Base,official-cardlist,OP04/base/OP04-076.png,https://en.onepiece-cardgame.com/images/cardlist/card/OP04-076.png?260305,1815,2255,2323,HIGH,exact_code_plus_base_flag,2323,516790,Weakness...Is an Unforgivable Sin.,WeaknessIs an Unforgivable Sin,OP04-076,C,,tcgcsv,2134,2323,0.01,0.15,2.0,0.06,,,2026-04-02 03:06:18,tcgcsv,OP04-076,1,1,1,0,1,0,missing_tcgplayer_product_id_only
687,OP04-077,Ideo,C,,2257,687,OP04-077,,base,Base,official-cardlist,OP04/base/OP04-077.png,https://en.onepiece-cardgame.com/images/cardlist/card/OP04-077.png?260305,1816,2257,2324,HIGH,exact_code_plus_base_flag,2324,516791,Ideo,Ideo,OP04-077,C,,tcgcsv,2135,2324,0.02,0.2,2.0,0.08,,,2026-04-02 03:06:18,tcgcsv,OP04-077,1,1,1,0,1,0,missing_tcgplayer_product_id_only
687,OP04-077,Ideo,C,,2259,687,OP04-077_p1,,parallel_1,Parallel 1,official-cardlist,PRB02/parallel/OP04-077_p1.png,https://en.onepiece-cardgame.com/images/cardlist/card/OP04-077_p1.png?260305,,,,,,,,,,,,,,,,,,,,,,,,OP04-077_p1,0,0,0,0,1,0,missing_printing_market_map
687,OP04-077,Ideo,C,,2260,687,OP04-077_r1,,r1,R1,official-cardlist,PRB02/reprint/OP04-077_r1.png,https://en.onepiece-cardgame.com/images/cardlist/card/OP04-077_r1.png?260305,,,,,,,,,,,,,,,,,,,,,,,,OP04-077_r1,0,0,0,0,1,0,missing_printing_market_map
688,OP04-078,Oimo & Kashii,C,,2261,688,OP04-078,,base,Base,official-cardlist,OP04/base/OP04-078.png,https://en.onepiece-cardgame.com/images/cardlist/card/OP04-078.png?260305,1817,2261,2325,HIGH,exact_code_plus_base_flag,2325,516792,Oimo & Kashii,Oimo and Kashii,OP04-078,C,,tcgcsv,2136,2325,0.01,0.12,2.0,0.04,,,2026-04-02 03:06:18,tcgcsv,OP04-078,1,1,1,0,1,0,missing_tcgplayer_product_id_only
689,OP04-079,Orlumbus,C,,2263,689,OP04-079,,base,Base,official-cardlist,OP04/base/OP04-079.png,https://en.onepiece-cardgame.com/images/cardlist/card/OP04-079.png?260305,1818,2263,2326,HIGH,exact_code_plus_base_flag,2326,516793,Orlumbus,Orlumbus,OP04-079,C,,tcgcsv,2137,2326,0.01,0.15,2.0,0.05,,,2026-04-02 03:06:18,tcgcsv,OP04-079,1,1,1,0,1,0,missing_tcgplayer_product_id_only
690,OP04-080,Gyats,UC,,2265,690,OP04-080,,base,Base,official-cardlist,OP04/base/OP04-080.png,https://en.onepiece-cardgame.com/images/cardlist/card/OP04-080.png?260305,1819,2265,2327,HIGH,exact_code_plus_base_flag,2327,516794,Gyats,Gyats,OP04-080,UC,,tcgcsv,2138,2327,0.05,0.25,3100.22,0.18,,,2026-04-02 03:06:18,tcgcsv,OP04-080,1,1,1,0,1,0,missing_tcgplayer_product_id_only
691,OP04-081,Cavendish,R,,2267,691,OP04-081,,base,Base,official-cardlist,OP04/base/OP04-081.png,https://en.onepiece-cardgame.com/images/cardlist/card/OP04-081.png?260305,1820,2267,2328,HIGH,exact_code_plus_base_flag,2328,516795,Cavendish,Cavendish,OP04-081,R,,tcgcsv,2139,2328,0.01,0.2,10.0,0.2,,,2026-04-02 03:06:18,tcgcsv,OP04-081,1,1,1,0,1,0,missing_tcgplayer_product_id_only
692,OP04-082,Kyros,R,,2269,692,OP04-082,,base,Base,official-cardlist,OP04/base/OP04-082.png,https://en.onepiece-cardgame.com/images/cardlist/card/OP04-082.png?260305,1734,2269,2242,HIGH,exact_code_plus_base_flag,2242,514436,Kyros,Kyros,OP04-082,R,,tcgcsv,2053,2242,0.01,0.2,10.0,0.1,,,2026-04-02 03:06:18,tcgcsv,OP04-082,1,1,1,0,1,0,missing_tcgplayer_product_id_only
692,OP04-082,Kyros,R,,2271,692,OP04-082::alt,,alt,Alt,local-catalog,thumbs/OP04-082(alt).webp,,,,,,,,,,,,,,,,,,,,,,,,,OP04-082::alt,0,0,0,0,1,0,missing_printing_market_map
692,OP04-082,Kyros,R,,2272,692,OP04-082_p1,,parallel_1,Parallel 1,official-cardlist,OP04/parallel/OP04-082_p1.png,https://en.onepiece-cardgame.com/images/cardlist/card/OP04-082_p1.png?260305,,,,,,,,,,,,,,,,,,,,,,,,OP04-082_p1,0,0,0,0,1,0,missing_printing_market_map
693,OP04-083,Sabo,SR,,2273,693,OP04-083,,base,Base,official-cardlist,OP04/base/OP04-083.png,https://en.onepiece-cardgame.com/images/cardlist/card/OP04-083.png?260305,632,2273,974,HIGH,exact_code_plus_base_flag,974,518693,Sabo (Sealed Battle 2023 Vol. 1),Sabo Sealed Battle 2023 Vol 1,OP04-083,SR,,tcgcsv,942,974,89.99,117.68,500.0,143.46,,,2026-04-02 03:06:17,tcgcsv,OP04-083,1,1,1,0,1,0,missing_tcgplayer_product_id_only
693,OP04-083,Sabo,SR,,2275,693,OP04-083::2nd anniversary alt,,promo,2Nd Anniversary Alt,local-catalog,thumbs/OP04-083(2nd Anniversary alt).webp,,,,,,,,,,,,,,,,,,,,,,,,,OP04-083::2nd anniversary alt,0,0,0,0,1,0,missing_printing_market_map
693,OP04-083,Sabo,SR,,2276,693,OP04-083::alt,,alt,Alt,local-catalog,thumbs/OP04-083(alt).webp,,,,,,,,,,,,,,,,,,,,,,,,,OP04-083::alt,0,0,0,0,1,0,missing_printing_market_map
693,OP04-083,Sabo,SR,,2277,693,OP04-083::alt art 2,,alt,Alt Art 2,local-catalog,thumbs/OP04-083(alt2).webp,,,,,,,,,,,,,,,,,,,,,,,,,OP04-083::alt art 2,0,0,0,0,1,0,missing_printing_market_map
693,OP04-083,Sabo,SR,,2278,693,OP04-083::manga,,mr,Manga,local-catalog,thumbs/OP04-083 Manga Rare.webp,,,,,,,,,,,,,,,,,,,,,,,,,OP04-083::manga,0,0,0,0,1,0,missing_printing_market_map
693,OP04-083,Sabo,SR,,2279,693,OP04-083_p1,,parallel_1,Parallel 1,official-cardlist,OP04/parallel/OP04-083_p1.png,https://en.onepiece-cardgame.com/images/cardlist/card/OP04-083_p1.png?260305,,,,,,,,,,,,,,,,,,,,,,,,OP04-083_p1,0,0,0,0,1,0,missing_printing_market_map
693,OP04-083,Sabo,SR,,2280,693,OP04-083_p2,,parallel_2,Parallel 2,official-cardlist,OP04/parallel/OP04-083_p2.png,https://en.onepiece-cardgame.com/images/cardlist/card/OP04-083_p2.png?260305,,,,,,,,,,,,,,,,,,,,,,,,OP04-083_p2,0,0,0,0,1,0,missing_printing_market_map
693,OP04-083,Sabo,SR,,2281,693,OP04-083_p3,,parallel_3,Parallel 3,official-cardlist,_unclassified/parallel/OP04-083_p3.png,https://en.onepiece-cardgame.com/images/cardlist/card/OP04-083_p3.png?260305,,,,,,,,,,,,,,,,,,,,,,,,OP04-083_p3,0,0,0,0,1,0,missing_printing_market_map
693,OP04-083,Sabo,SR,,2282,693,OP04-083_p5,,parallel_5,Parallel 5,official-cardlist,ANN2JP/parallel/OP04-083_p5.png,https://en.onepiece-cardgame.com/images/cardlist/card/OP04-083_p5.png?260305,,,,,,,,,,,,,,,,,,,,,,,,OP04-083_p5,0,0,0,0,1,0,missing_printing_market_map
693,OP04-083,Sabo,SR,,2283,693,OP04-083_r1,,r1,R1,official-cardlist,PRB01/reprint/OP04-083_r1.png,https://en.onepiece-cardgame.com/images/cardlist/card/OP04-083_r1.png?260305,,,,,,,,,,,,,,,,,,,,,,,,OP04-083_r1,0,0,0,0,1,0,missing_printing_market_map
693,OP04-083,Sabo,SR,,2284,693,OP04-083_r2,,r2,R2,official-cardlist,PRB02/reprint/OP04-083_r2.png,https://en.onepiece-cardgame.com/images/cardlist/card/OP04-083_r2.png?260305,,,,,,,,,,,,,,,,,,,,,,,,OP04-083_r2,0,0,0,0,1,0,missing_printing_market_map
694,OP04-084,Stussy,C,,2285,694,OP04-084,,base,Base,official-cardlist,OP04/base/OP04-084.png,https://en.onepiece-cardgame.com/images/cardlist/card/OP04-084.png?260305,1821,2285,2329,HIGH,exact_code_plus_base_flag,2329,516796,Stussy,Stussy,OP04-084,C,,tcgcsv,2140,2329,0.01,0.15,5.0,0.07,,,2026-04-02 03:06:18,tcgcsv,OP04-084,1,1,1,0,1,0,missing_tcgplayer_product_id_only
695,OP04-085,Suleiman,UC,,2287,695,OP04-085,,base,Base,official-cardlist,OP04/base/OP04-085.png,https://en.onepiece-cardgame.com/images/cardlist/card/OP04-085.png?260305,1822,2287,2330,HIGH,exact_code_plus_base_flag,2330,516797,Suleiman,Suleiman,OP04-085,UC,,tcgcsv,2141,2330,0.01,0.15,5.0,0.07,,,2026-04-02 03:06:18,tcgcsv,OP04-085,1,1,1,0,1,0,missing_tcgplayer_product_id_only
696,OP04-086,Chinjao,C,,2289,696,OP04-086,,base,Base,official-cardlist,OP04/base/OP04-086.png,https://en.onepiece-cardgame.com/images/cardlist/card/OP04-086.png?260305,1823,2289,2331,HIGH,exact_code_plus_base_flag,2331,516798,Chinjao,Chinjao,OP04-086,C,,tcgcsv,2142,2331,0.01,0.15,2.0,0.04,,,2026-04-02 03:06:18,tcgcsv,OP04-086,1,1,1,0,1,0,missing_tcgplayer_product_id_only
697,OP04-087,Trafalgar Law,C,,2291,697,OP04-087,,base,Base,official-cardlist,OP04/base/OP04-087.png,https://en.onepiece-cardgame.com/images/cardlist/card/OP04-087.png?260305,1030,2291,1431,HIGH,exact_code_plus_base_flag,1431,599744,Trafalgar Law (Welcome Pack Vol. 1),Trafalgar Law Welcome Pack Vol 1,OP04-087,C,,tcgcsv,1324,1431,0.05,0.52,20.0,0.52,,,2026-04-02 03:06:17,tcgcsv,OP04-087,1,1,1,0,1,0,missing_tcgplayer_product_id_only
698,OP04-088,Hajrudin,UC,,2293,698,OP04-088,,base,Base,official-cardlist,OP04/base/OP04-088.png,https://en.onepiece-cardgame.com/images/cardlist/card/OP04-088.png?260305,1825,2293,2333,HIGH,exact_code_plus_base_flag,2333,516800,Hajrudin,Hajrudin,OP04-088,UC,,tcgcsv,2144,2333,0.01,0.15,5.0,0.12,,,2026-04-02 03:06:18,tcgcsv,OP04-088,1,1,1,0,1,0,missing_tcgplayer_product_id_only
699,OP04-089,Bartolomeo,R,,2295,699,OP04-089,,base,Base,official-cardlist,OP04/base/OP04-089.png,https://en.onepiece-cardgame.com/images/cardlist/card/OP04-089.png?260305,791,2295,1152,HIGH,exact_code_plus_base_flag,1152,544619,Bartolomeo (Judge Pack Vol. 3),Bartolomeo Judge Pack Vol 3,OP04-089,R,,tcgcsv,1082,1152,0.3,0.99,2.07,0.43,,,2026-04-02 03:06:17,tcgcsv,OP04-089,1,1,1,0,1,0,missing_tcgplayer_product_id_only
699,OP04-089,Bartolomeo,R,,2297,699,OP04-089_p2,,parallel_2,Parallel 2,official-cardlist,PRB01/parallel/OP04-089_p2.png,https://en.onepiece-cardgame.com/images/cardlist/card/OP04-089_p2.png?260305,,,,,,,,,,,,,,,,,,,,,,,,OP04-089_p2,0,0,0,0,1,0,missing_printing_market_map
699,OP04-089,Bartolomeo,R,,2298,699,OP04-089_p3,,parallel_3,Parallel 3,official-cardlist,PRB01/parallel/OP04-089_p3.png,https://en.onepiece-cardgame.com/images/cardlist/card/OP04-089_p3.png?260305,,,,,,,,,,,,,,,,,,,,,,,,OP04-089_p3,0,0,0,0,1,0,missing_printing_market_map
699,OP04-089,Bartolomeo,R,,2299,699,OP04-089_p4,,parallel_4,Parallel 4,official-cardlist,PRB01/parallel/OP04-089_p4.png,https://en.onepiece-cardgame.com/images/cardlist/card/OP04-089_p4.png?260305,,,,,,,,,,,,,,,,,,,,,,,,OP04-089_p4,0,0,0,0,1,0,missing_printing_market_map
699,OP04-089,Bartolomeo,R,,2300,699,OP04-089::prb01alt,,alt,Prb01Alt,local-catalog,thumbs/OP04-089(PRB01alt).webp,,,,,,,,,,,,,,,,,,,,,,,,,OP04-089::prb01alt,0,0,0,0,1,0,missing_printing_market_map
699,OP04-089,Bartolomeo,R,,2301,699,OP04-089::prb01alt 1,,alt,Prb01Alt 1,local-catalog,thumbs/OP04-089(PRB01alt) (1).webp,,,,,,,,,,,,,,,,,,,,,,,,,OP04-089::prb01alt 1,0,0,0,0,1,0,missing_printing_market_map
699,OP04-089,Bartolomeo,R,,2302,699,OP04-089_r1,,r1,R1,official-cardlist,PRB01/reprint/OP04-089_r1.png,https://en.onepiece-cardgame.com/images/cardlist/card/OP04-089_r1.png?260305,,,,,,,,,,,,,,,,,,,,,,,,OP04-089_r1,0,0,0,0,1,0,missing_printing_market_map
699,OP04-089,Bartolomeo,R,,2303,699,OP04-089::t r op09,,tr,T R Op09,local-catalog,thumbs/OP04-089TR(OP09).webp,,,,,,,,,,,,,,,,,,,,,,,,,OP04-089::t r op09,0,0,0,0,1,0,missing_printing_market_map
700,OP04-090,Monkey.D.Luffy,SR,,2304,700,OP04-090,,base,Base,official-cardlist,OP04/base/OP04-090.png,https://en.onepiece-cardgame.com/images/cardlist/card/OP04-090.png?260305,1738,2304,2246,HIGH,exact_code_plus_base_flag,2246,515278,Monkey.D.Luffy (090),MonkeyDLuffy 090,OP04-090,SR,,tcgcsv,2057,2246,1.75,3.5,50.0,2.55,,,2026-04-02 03:06:18,tcgcsv,OP04-090,1,1,1,0,1,0,missing_tcgplayer_product_id_only
700,OP04-090,Monkey.D.Luffy,SR,,2306,700,OP04-090::alt,,alt,Alt,local-catalog,thumbs/OP04-090(alt).webp,,,,,,,,,,,,,,,,,,,,,,,,,OP04-090::alt,0,0,0,0,1,0,missing_printing_market_map
700,OP04-090,Monkey.D.Luffy,SR,,2307,700,OP04-090_p1,,parallel_1,Parallel 1,official-cardlist,OP04/parallel/OP04-090_p1.png,https://en.onepiece-cardgame.com/images/cardlist/card/OP04-090_p1.png?260305,,,,,,,,,,,,,,,,,,,,,,,,OP04-090_p1,0,0,0,0,1,0,missing_printing_market_map
701,OP04-091,Leo,UC,,2308,701,OP04-091,,base,Base,official-cardlist,OP04/base/OP04-091.png,https://en.onepiece-cardgame.com/images/cardlist/card/OP04-091.png?260305,1827,2308,2335,HIGH,exact_code_plus_base_flag,2335,516802,Leo,Leo,OP04-091,UC,,tcgcsv,2146,2335,0.02,0.15,5.0,0.06,,,2026-04-02 03:06:18,tcgcsv,OP04-091,1,1,1,0,1,0,missing_tcgplayer_product_id_only
702,OP04-092,Rebecca,R,,2310,702,OP04-092,,base,Base,official-cardlist,OP04/base/OP04-092.png,https://en.onepiece-cardgame.com/images/cardlist/card/OP04-092.png?260305,1088,2310,1515,HIGH,exact_code_plus_base_flag,1515,622591,Rebecca (Tournament Pack 2025 Vol. 2),Rebecca Tournament Pack 2025 Vol 2,OP04-092,R,,tcgcsv,1404,1515,0.15,0.35,1.99,0.31,,,2026-04-02 03:06:17,tcgcsv,OP04-092,1,1,1,0,1,0,missing_tcgplayer_product_id_only
702,OP04-092,Rebecca,R,,2312,702,OP04-092::alt art 2,,alt,Alt Art 2,local-catalog,thumbs/OP04-092alt2.webp,,,,,,,,,,,,,,,,,,,,,,,,,OP04-092::alt art 2,0,0,0,0,1,0,missing_printing_market_map
702,OP04-092,Rebecca,R,,2313,702,OP04-092_p1,,parallel_1,Parallel 1,official-cardlist,TK2025V2/parallel/OP04-092_p1.png,https://en.onepiece-cardgame.com/images/cardlist/card/OP04-092_p1.png?260305,,,,,,,,,,,,,,,,,,,,,,,,OP04-092_p1,0,0,0,0,1,0,missing_printing_market_map
702,OP04-092,Rebecca,R,,2314,702,OP04-092_p2,,parallel_2,Parallel 2,official-cardlist,_unclassified/parallel/OP04-092_p2.png,https://en.onepiece-cardgame.com/images/cardlist/card/OP04-092_p2.png?260305,,,,,,,,,,,,,,,,,,,,,,,,OP04-092_p2,0,0,0,0,1,0,missing_printing_market_map
702,OP04-092,Rebecca,R,,2315,702,OP04-092_p3,,parallel_3,Parallel 3,official-cardlist,CS2526CP/parallel/OP04-092_p3.png,https://en.onepiece-cardgame.com/images/cardlist/card/OP04-092_p3.png?260305,,,,,,,,,,,,,,,,,,,,,,,,OP04-092_p3,0,0,0,0,1,0,missing_printing_market_map
702,OP04-092,Rebecca,R,,2316,702,OP04-092::t r,,tr,T R,local-catalog,thumbs/OP04-092TR.webp,,,,,,,,,,,,,,,,,,,,,,,,,OP04-092::t r,0,0,0,0,1,0,missing_printing_market_map
703,OP04-093,Gum-Gum King Kong Gun,UC,,2317,703,OP04-093,,base,Base,official-cardlist,OP04/base/OP04-093.png,https://en.onepiece-cardgame.com/images/cardlist/card/OP04-093.png?260305,1829,2317,2337,HIGH,exact_code_plus_base_flag,2337,516804,Gum-Gum King Kong Gun,Gum Gum King Kong Gun,OP04-093,UC,,tcgcsv,2148,2337,0.1,0.25,5.0,0.21,,,2026-04-02 03:06:18,tcgcsv,OP04-093,1,1,1,0,1,0,missing_tcgplayer_product_id_only
704,OP04-094,Trueno Bastardo,R,,2319,704,OP04-094,,base,Base,official-cardlist,OP04/base/OP04-094.png,https://en.onepiece-cardgame.com/images/cardlist/card/OP04-094.png?260305,1830,2319,2338,HIGH,exact_code_plus_base_flag,2338,516805,Trueno Bastardo,Trueno Bastardo,OP04-094,R,,tcgcsv,2149,2338,0.04,0.25,10.0,0.15,,,2026-04-02 03:06:18,tcgcsv,OP04-094,1,1,1,0,1,0,missing_tcgplayer_product_id_only
705,OP04-095,Barrier!!,C,,2321,705,OP04-095,,base,Base,official-cardlist,OP04/base/OP04-095.png,https://en.onepiece-cardgame.com/images/cardlist/card/OP04-095.png?260305,1007,2321,1404,HIGH,exact_code_plus_base_flag,1404,587231,Barrier!! (Premium Card Collection -Best Selection Vol. 2-),Barrier Premium Card Collection Best Selection Vol 2,OP04-095,C,,tcgcsv,1298,1404,2.38,3.33,40.0,2.89,,,2026-04-02 03:06:17,tcgcsv,OP04-095,1,1,1,0,1,0,missing_tcgplayer_product_id_only
705,OP04-095,Barrier!!,C,,2323,705,OP04-095::alt,,alt,Alt,local-catalog,thumbs/OP04-095alt.webp,,,,,,,,,,,,,,,,,,,,,,,,,OP04-095::alt,0,0,0,0,1,0,missing_printing_market_map
705,OP04-095,Barrier!!,C,,2324,705,OP04-095_p2,,parallel_2,Parallel 2,official-cardlist,PRB01/parallel/OP04-095_p2.png,https://en.onepiece-cardgame.com/images/cardlist/card/OP04-095_p2.png?260305,,,,,,,,,,,,,,,,,,,,,,,,OP04-095_p2,0,0,0,0,1,0,missing_printing_market_map
705,OP04-095,Barrier!!,C,,2325,705,OP04-095_p3,,parallel_3,Parallel 3,official-cardlist,PRB01/parallel/OP04-095_p3.png,https://en.onepiece-cardgame.com/images/cardlist/card/OP04-095_p3.png?260305,,,,,,,,,,,,,,,,,,,,,,,,OP04-095_p3,0,0,0,0,1,0,missing_printing_market_map
705,OP04-095,Barrier!!,C,,2326,705,OP04-095_r1,,r1,R1,official-cardlist,PRB01/reprint/OP04-095_r1.png,https://en.onepiece-cardgame.com/images/cardlist/card/OP04-095_r1.png?260305,,,,,,,,,,,,,,,,,,,,,,,,OP04-095_r1,0,0,0,0,1,0,missing_printing_market_map
706,OP04-096,Corrida Coliseum,C,,2327,706,OP04-096,,base,Base,official-cardlist,OP04/base/OP04-096.png,https://en.onepiece-cardgame.com/images/cardlist/card/OP04-096.png?260305,1176,2327,1614,HIGH,exact_code_plus_base_flag,1614,641221,Corrida Coliseum (Judge Pack Vol. 6),Corrida Coliseum Judge Pack Vol 6,OP04-096,C,,tcgcsv,1492,1614,0.33,0.75,2.5,0.57,,,2026-04-02 03:06:17,tcgcsv,OP04-096,1,1,1,0,1,0,missing_tcgplayer_product_id_only
706,OP04-096,Corrida Coliseum,C,,2329,706,OP04-096_p1,,parallel_1,Parallel 1,official-cardlist,PRB02/parallel/OP04-096_p1.png,https://en.onepiece-cardgame.com/images/cardlist/card/OP04-096_p1.png?260305,,,,,,,,,,,,,,,,,,,,,,,,OP04-096_p1,0,0,0,0,1,0,missing_printing_market_map
706,OP04-096,Corrida Coliseum,C,,2330,706,OP04-096_r1,,r1,R1,official-cardlist,PRB02/reprint/OP04-096_r1.png,https://en.onepiece-cardgame.com/images/cardlist/card/OP04-096_r1.png?260305,,,,,,,,,,,,,,,,,,,,,,,,OP04-096_r1,0,0,0,0,1,0,missing_printing_market_map
707,OP04-097,Otama,C,,2331,707,OP04-097,,base,Base,official-cardlist,OP04/base/OP04-097.png,https://en.onepiece-cardgame.com/images/cardlist/card/OP04-097.png?260305,1833,2331,2341,HIGH,exact_code_plus_base_flag,2341,516808,Otama,Otama,OP04-097,C,,tcgcsv,2152,2341,0.01,0.15,5.0,0.06,,,2026-04-02 03:06:18,tcgcsv,OP04-097,1,1,1,0,1,0,missing_tcgplayer_product_id_only
708,OP04-098,Toko,UC,,2333,708,OP04-098,,base,Base,official-cardlist,OP04/base/OP04-098.png,https://en.onepiece-cardgame.com/images/cardlist/card/OP04-098.png?260305,1834,2333,2342,HIGH,exact_code_plus_base_flag,2342,516809,Toko,Toko,OP04-098,UC,,tcgcsv,2153,2342,0.01,0.15,5.0,0.1,,,2026-04-02 03:06:18,tcgcsv,OP04-098,1,1,1,0,1,0,missing_tcgplayer_product_id_only
709,OP04-099,Olin,R,,2335,709,OP04-099,,base,Base,official-cardlist,OP04/base/OP04-099.png,https://en.onepiece-cardgame.com/images/cardlist/card/OP04-099.png?260305,1835,2335,2343,HIGH,exact_code_plus_base_flag,2343,516810,Olin,Olin,OP04-099,R,,tcgcsv,2154,2343,0.03,0.2,10.0,0.13,,,2026-04-02 03:06:18,tcgcsv,OP04-099,1,1,1,0,1,0,missing_tcgplayer_product_id_only
710,OP04-100,"Capone""Gang""Bege",R,,2337,710,OP04-100,,base,Base,official-cardlist,OP04/base/OP04-100.png,https://en.onepiece-cardgame.com/images/cardlist/card/OP04-100.png?260305,700,2337,1051,HIGH,exact_code_plus_base_flag,1051,525680,"Capone""Gang""Bege (CS 2023 Top Players Pack)",CaponeGangBege CS 2023 Top Players Pack,OP04-100,R,,tcgcsv,,,,,,,,,,,OP04-100,1,1,1,0,1,0,missing_tcgplayer_product_id_only
710,OP04-100,"Capone""Gang""Bege",R,,2339,710,OP04-100::alt,,alt,Alt,local-catalog,thumbs/OP04-100(alt).webp,,,,,,,,,,,,,,,,,,,,,,,,,OP04-100::alt,0,0,0,0,1,0,missing_printing_market_map
710,OP04-100,"Capone""Gang""Bege",R,,2340,710,OP04-100::alt art 2,,alt,Alt Art 2,local-catalog,thumbs/OP04-100alt2.webp,,,,,,,,,,,,,,,,,,,,,,,,,OP04-100::alt art 2,0,0,0,0,1,0,missing_printing_market_map
710,OP04-100,"Capone""Gang""Bege",R,,2341,710,OP04-100_p1,,parallel_1,Parallel 1,official-cardlist,OP04/parallel/OP04-100_p1.png,https://en.onepiece-cardgame.com/images/cardlist/card/OP04-100_p1.png?260305,,,,,,,,,,,,,,,,,,,,,,,,OP04-100_p1,0,0,0,0,1,0,missing_printing_market_map
710,OP04-100,"Capone""Gang""Bege",R,,2342,710,OP04-100_p3,,parallel_3,Parallel 3,official-cardlist,PRB01/parallel/OP04-100_p3.png,https://en.onepiece-cardgame.com/images/cardlist/card/OP04-100_p3.png?260305,,,,,,,,,,,,,,,,,,,,,,,,OP04-100_p3,0,0,0,0,1,0,missing_printing_market_map
710,OP04-100,"Capone""Gang""Bege",R,,2343,710,OP04-100_p4,,parallel_4,Parallel 4,official-cardlist,PRB01/parallel/OP04-100_p4.png,https://en.onepiece-cardgame.com/images/cardlist/card/OP04-100_p4.png?260305,,,,,,,,,,,,,,,,,,,,,,,,OP04-100_p4,0,0,0,0,1,0,missing_printing_market_map
710,OP04-100,"Capone""Gang""Bege",R,,2344,710,OP04-100_p5,,parallel_5,Parallel 5,official-cardlist,PRB01/parallel/OP04-100_p5.png,https://en.onepiece-cardgame.com/images/cardlist/card/OP04-100_p5.png?260305,,,,,,,,,,,,,,,,,,,,,,,,OP04-100_p5,0,0,0,0,1,0,missing_printing_market_map
710,OP04-100,"Capone""Gang""Bege",R,,2345,710,OP04-100::prb01alt,,alt,Prb01Alt,local-catalog,thumbs/OP04-100(PRB01alt).webp,,,,,,,,,,,,,,,,,,,,,,,,,OP04-100::prb01alt,0,0,0,0,1,0,missing_printing_market_map
710,OP04-100,"Capone""Gang""Bege",R,,2346,710,OP04-100_r1,,r1,R1,official-cardlist,PRB01/reprint/OP04-100_r1.png,https://en.onepiece-cardgame.com/images/cardlist/card/OP04-100_r1.png?260305,,,,,,,,,,,,,,,,,,,,,,,,OP04-100_r1,0,0,0,0,1,0,missing_printing_market_map
711,OP04-101,Carmel,C,,2347,711,OP04-101,,base,Base,official-cardlist,OP04/base/OP04-101.png,https://en.onepiece-cardgame.com/images/cardlist/card/OP04-101.png?260305,1836,2347,2344,HIGH,exact_code_plus_base_flag,2344,516811,Carmel,Carmel,OP04-101,C,,tcgcsv,2155,2344,0.02,0.16,2.0,0.07,,,2026-04-02 03:06:18,tcgcsv,OP04-101,1,1,1,0,1,0,missing_tcgplayer_product_id_only
712,OP04-102,Kin'emon,R,,2349,712,OP04-102,,base,Base,official-cardlist,OP04/base/OP04-102.png,https://en.onepiece-cardgame.com/images/cardlist/card/OP04-102.png?260305,1837,2349,2345,HIGH,exact_code_plus_base_flag,2345,516812,Kin'emon,Kinemon,OP04-102,R,,tcgcsv,2156,2345,0.01,0.2,10.0,0.07,,,2026-04-02 03:06:18,tcgcsv,OP04-102,1,1,1,0,1,0,missing_tcgplayer_product_id_only
713,OP04-103,Kouzuki Hiyori,UC,,2351,713,OP04-103,,base,Base,official-cardlist,OP04/base/OP04-103.png,https://en.onepiece-cardgame.com/images/cardlist/card/OP04-103.png?260305,1838,2351,2346,HIGH,exact_code_plus_base_flag,2346,516813,Kouzuki Hiyori,Kouzuki Hiyori,OP04-103,UC,,tcgcsv,2157,2346,0.04,0.2,5.0,0.18,,,2026-04-02 03:06:18,tcgcsv,OP04-103,1,1,1,0,1,0,missing_tcgplayer_product_id_only
714,OP04-104,Sanji,SR,,2353,714,OP04-104,,base,Base,official-cardlist,OP04/base/OP04-104.png,https://en.onepiece-cardgame.com/images/cardlist/card/OP04-104.png?260305,1742,2353,2250,HIGH,exact_code_plus_base_flag,2250,515282,Sanji (104),Sanji 104,OP04-104,SR,,tcgcsv,2061,2250,0.1,0.5,25.0,0.33,,,2026-04-02 03:06:18,tcgcsv,OP04-104,1,1,1,0,1,0,missing_tcgplayer_product_id_only
714,OP04-104,Sanji,SR,,2355,714,OP04-104::alt,,alt,Alt,local-catalog,thumbs/OP04-104(alt).webp,,,,,,,,,,,,,,,,,,,,,,,,,OP04-104::alt,0,0,0,0,1,0,missing_printing_market_map
714,OP04-104,Sanji,SR,,2356,714,OP04-104_p1,,parallel_1,Parallel 1,official-cardlist,OP04/parallel/OP04-104_p1.png,https://en.onepiece-cardgame.com/images/cardlist/card/OP04-104_p1.png?260305,,,,,,,,,,,,,,,,,,,,,,,,OP04-104_p1,0,0,0,0,1,0,missing_printing_market_map
714,OP04-104,Sanji,SR,,2357,714,OP04-104_p3,,parallel_3,Parallel 3,official-cardlist,PRB01/parallel/OP04-104_p3.png,https://en.onepiece-cardgame.com/images/cardlist/card/OP04-104_p3.png?260305,,,,,,,,,,,,,,,,,,,,,,,,OP04-104_p3,0,0,0,0,1,0,missing_printing_market_map
714,OP04-104,Sanji,SR,,2358,714,OP04-104::prb01alt,,alt,Prb01Alt,local-catalog,thumbs/OP04-104(PRB01alt).webp,,,,,,,,,,,,,,,,,,,,,,,,,OP04-104::prb01alt,0,0,0,0,1,0,missing_printing_market_map
714,OP04-104,Sanji,SR,,2359,714,OP04-104_r1,,r1,R1,official-cardlist,PRB01/reprint/OP04-104_r1.png,https://en.onepiece-cardgame.com/images/cardlist/card/OP04-104_r1.png?260305,,,,,,,,,,,,,,,,,,,,,,,,OP04-104_r1,0,0,0,0,1,0,missing_printing_market_map
715,OP04-105,Charlotte Amande,R,,2360,715,OP04-105,,base,Base,official-cardlist,OP04/base/OP04-105.png,https://en.onepiece-cardgame.com/images/cardlist/card/OP04-105.png?260305,828,2360,1197,HIGH,exact_code_plus_base_flag,1197,546670,Charlotte Amande (Premium Card Collection -Best Selection Vol. 1-),Charlotte Amande Premium Card Collection Best Selection Vol 1,OP04-105,R,,tcgcsv,1117,1197,2.19,3.48,50.0,2.46,,,2026-04-02 03:06:17,tcgcsv,OP04-105,1,1,1,0,1,0,missing_tcgplayer_product_id_only
715,OP04-105,Charlotte Amande,R,,2362,715,OP04-105::alt,,alt,Alt,local-catalog,thumbs/OP04-105alt.webp,,,,,,,,,,,,,,,,,,,,,,,,,OP04-105::alt,0,0,0,0,1,0,missing_printing_market_map
715,OP04-105,Charlotte Amande,R,,2363,715,OP04-105_p1,,parallel_1,Parallel 1,official-cardlist,BCV1/parallel/OP04-105_p1.png,https://en.onepiece-cardgame.com/images/cardlist/card/OP04-105_p1.png?260305,,,,,,,,,,,,,,,,,,,,,,,,OP04-105_p1,0,0,0,0,1,0,missing_printing_market_map
716,OP04-106,Charlotte Bavarois,C,,2364,716,OP04-106,,base,Base,official-cardlist,OP04/base/OP04-106.png,https://en.onepiece-cardgame.com/images/cardlist/card/OP04-106.png?260305,1840,2364,2348,HIGH,exact_code_plus_base_flag,2348,516815,Charlotte Bavarois,Charlotte Bavarois,OP04-106,C,,tcgcsv,2159,2348,0.01,0.15,2.0,0.06,,,2026-04-02 03:06:18,tcgcsv,OP04-106,1,1,1,0,1,0,missing_tcgplayer_product_id_only
717,OP04-107,Charlotte Perospero,C,,2366,717,OP04-107,,base,Base,official-cardlist,OP04/base/OP04-107.png,https://en.onepiece-cardgame.com/images/cardlist/card/OP04-107.png?260305,1841,2366,2349,HIGH,exact_code_plus_base_flag,2349,516816,Charlotte Perospero,Charlotte Perospero,OP04-107,C,,tcgcsv,2160,2349,0.01,0.15,10.0,0.05,,,2026-04-02 03:06:18,tcgcsv,OP04-107,1,1,1,0,1,0,missing_tcgplayer_product_id_only
718,OP04-108,Charlotte Moscato,UC,,2368,718,OP04-108,,base,Base,official-cardlist,OP04/base/OP04-108.png,https://en.onepiece-cardgame.com/images/cardlist/card/OP04-108.png?260305,1842,2368,2350,HIGH,exact_code_plus_base_flag,2350,516817,Charlotte Moscato,Charlotte Moscato,OP04-108,UC,,tcgcsv,2161,2350,0.01,0.15,5.0,0.1,,,2026-04-02 03:06:18,tcgcsv,OP04-108,1,1,1,0,1,0,missing_tcgplayer_product_id_only
719,OP04-109,Tonoyasu,C,,2370,719,OP04-109,,base,Base,official-cardlist,OP04/base/OP04-109.png,https://en.onepiece-cardgame.com/images/cardlist/card/OP04-109.png?260305,1843,2370,2351,HIGH,exact_code_plus_base_flag,2351,516818,Tonoyasu,Tonoyasu,OP04-109,C,,tcgcsv,2162,2351,0.01,0.17,1.58,0.08,,,2026-04-02 03:06:18,tcgcsv,OP04-109,1,1,1,0,1,0,missing_tcgplayer_product_id_only
720,OP04-110,Pound,C,,2372,720,OP04-110,,base,Base,official-cardlist,OP04/base/OP04-110.png,https://en.onepiece-cardgame.com/images/cardlist/card/OP04-110.png?260305,1844,2372,2352,HIGH,exact_code_plus_base_flag,2352,516819,Pound,Pound,OP04-110,C,,tcgcsv,2163,2352,0.01,0.15,1.58,0.03,,,2026-04-02 03:06:18,tcgcsv,OP04-110,1,1,1,0,1,0,missing_tcgplayer_product_id_only
721,OP04-111,Hera,UC,,2374,721,OP04-111,,base,Base,official-cardlist,OP04/base/OP04-111.png,https://en.onepiece-cardgame.com/images/cardlist/card/OP04-111.png?260305,1845,2374,2353,HIGH,exact_code_plus_base_flag,2353,516820,Hera,Hera,OP04-111,UC,,tcgcsv,2164,2353,0.01,0.15,5.0,0.06,,,2026-04-02 03:06:18,tcgcsv,OP04-111,1,1,1,0,1,0,missing_tcgplayer_product_id_only
722,OP04-112,Yamato,SR,,2376,722,OP04-112,,base,Base,official-cardlist,OP04/base/OP04-112.png,https://en.onepiece-cardgame.com/images/cardlist/card/OP04-112.png?260305,905,2376,1286,HIGH,exact_code_plus_base_flag,1286,579364,Yamato (Championship 2024 Finals Winner),Yamato Championship 2024 Finals Winner,OP04-112,SR,,tcgcsv,,,,,,,,,,,OP04-112,1,1,1,0,1,0,missing_tcgplayer_product_id_only
722,OP04-112,Yamato,SR,,2378,722,OP04-112::alt,,alt,Alt,local-catalog,thumbs/OP04-112(alt).webp,,,,,,,,,,,,,,,,,,,,,,,,,OP04-112::alt,0,0,0,0,1,0,missing_printing_market_map
722,OP04-112,Yamato,SR,,2379,722,OP04-112::alt art 2,,alt,Alt Art 2,local-catalog,thumbs/OP04-112alt2.webp,,,,,,,,,,,,,,,,,,,,,,,,,OP04-112::alt art 2,0,0,0,0,1,0,missing_printing_market_map
722,OP04-112,Yamato,SR,,2380,722,OP04-112_p1,,parallel_1,Parallel 1,official-cardlist,OP04/parallel/OP04-112_p1.png,https://en.onepiece-cardgame.com/images/cardlist/card/OP04-112_p1.png?260305,,,,,,,,,,,,,,,,,,,,,,,,OP04-112_p1,0,0,0,0,1,0,missing_printing_market_map
722,OP04-112,Yamato,SR,,2381,722,OP04-112_p3,,parallel_3,Parallel 3,official-cardlist,PRB01/parallel/OP04-112_p3.png,https://en.onepiece-cardgame.com/images/cardlist/card/OP04-112_p3.png?260305,,,,,,,,,,,,,,,,,,,,,,,,OP04-112_p3,0,0,0,0,1,0,missing_printing_market_map
722,OP04-112,Yamato,SR,,2382,722,OP04-112::prb01alt,,alt,Prb01Alt,local-catalog,thumbs/OP04-112(PRB01alt).webp,,,,,,,,,,,,,,,,,,,,,,,,,OP04-112::prb01alt,0,0,0,0,1,0,missing_printing_market_map
722,OP04-112,Yamato,SR,,2383,722,OP04-112_r1,,r1,R1,official-cardlist,PRB01/reprint/OP04-112_r1.png,https://en.onepiece-cardgame.com/images/cardlist/card/OP04-112_r1.png?260305,,,,,,,,,,,,,,,,,,,,,,,,OP04-112_r1,0,0,0,0,1,0,missing_printing_market_map
723,OP04-113,Rabiyan,C,,2384,723,OP04-113,,base,Base,official-cardlist,OP04/base/OP04-113.png,https://en.onepiece-cardgame.com/images/cardlist/card/OP04-113.png?260305,1846,2384,2354,HIGH,exact_code_plus_base_flag,2354,516821,Rabiyan,Rabiyan,OP04-113,C,,tcgcsv,2165,2354,0.01,0.15,2.0,0.05,,,2026-04-02 03:06:18,tcgcsv,OP04-113,1,1,1,0,1,0,missing_tcgplayer_product_id_only
724,OP04-114,Randolph,C,,2386,724,OP04-114,,base,Base,official-cardlist,OP04/base/OP04-114.png,https://en.onepiece-cardgame.com/images/cardlist/card/OP04-114.png?260305,1847,2386,2355,HIGH,exact_code_plus_base_flag,2355,516822,Randolph,Randolph,OP04-114,C,,tcgcsv,2166,2355,0.01,0.15,1.58,0.06,,,2026-04-02 03:06:18,tcgcsv,OP04-114,1,1,1,0,1,0,missing_tcgplayer_product_id_only
725,OP04-115,Gun Modoki,C,,2388,725,OP04-115,,base,Base,official-cardlist,OP04/base/OP04-115.png,https://en.onepiece-cardgame.com/images/cardlist/card/OP04-115.png?260305,1848,2388,2356,HIGH,exact_code_plus_base_flag,2356,516823,Gun Modoki,Gun Modoki,OP04-115,C,,tcgcsv,2167,2356,0.01,0.15,2.0,0.08,,,2026-04-02 03:06:18,tcgcsv,OP04-115,1,1,1,0,1,0,missing_tcgplayer_product_id_only
726,OP04-116,Diable Jambe Joue Shot,UC,,2390,726,OP04-116,,base,Base,official-cardlist,OP04/base/OP04-116.png,https://en.onepiece-cardgame.com/images/cardlist/card/OP04-116.png?260305,1849,2390,2357,HIGH,exact_code_plus_base_flag,2357,516824,Diable Jambe Joue Shot,Diable Jambe Joue Shot,OP04-116,UC,,tcgcsv,2168,2357,0.01,0.15,5.0,0.09,,,2026-04-02 03:06:18,tcgcsv,OP04-116,1,1,1,0,1,0,missing_tcgplayer_product_id_only
727,OP04-117,Heavenly Fire,R,,2392,727,OP04-117,,base,Base,official-cardlist,OP04/base/OP04-117.png,https://en.onepiece-cardgame.com/images/cardlist/card/OP04-117.png?260305,1850,2392,2358,HIGH,exact_code_plus_base_flag,2358,516825,Heavenly Fire,Heavenly Fire,OP04-117,R,,tcgcsv,2169,2358,0.01,0.2,10.0,0.09,,,2026-04-02 03:06:18,tcgcsv,OP04-117,1,1,1,0,1,0,missing_tcgplayer_product_id_only
728,OP04-118,Nefeltari Vivi,SEC,,2394,728,OP04-118,,base,Base,official-cardlist,OP04/base/OP04-118.png,https://en.onepiece-cardgame.com/images/cardlist/card/OP04-118.png?260305,1746,2394,2254,HIGH,exact_code_plus_base_flag,2254,515312,Nefeltari Vivi (118),Nefeltari Vivi 118,OP04-118,SEC,,tcgcsv,2065,2254,4.0,9.61,100.0,7.85,,,2026-04-02 03:06:18,tcgcsv,OP04-118,1,1,1,0,1,0,missing_tcgplayer_product_id_only
728,OP04-118,Nefeltari Vivi,SEC,,2396,728,OP04-118::alt,,alt,Alt,local-catalog,thumbs/OP04-118(alt).webp,,,,,,,,,,,,,,,,,,,,,,,,,OP04-118::alt,0,0,0,0,1,0,missing_printing_market_map
728,OP04-118,Nefeltari Vivi,SEC,,2397,728,OP04-118_p1,,parallel_1,Parallel 1,official-cardlist,OP04/parallel/OP04-118_p1.png,https://en.onepiece-cardgame.com/images/cardlist/card/OP04-118_p1.png?260305,,,,,,,,,,,,,,,,,,,,,,,,OP04-118_p1,0,0,0,0,1,0,missing_printing_market_map
729,OP04-119,Donquixote Rosinante,SP CARD,,2398,729,OP04-119,,base,Base,official-cardlist,OP04/base/OP04-119.png,https://en.onepiece-cardgame.com/images/cardlist/card/OP04-119.png?260305,1748,2398,2256,HIGH,exact_code_plus_base_flag,2256,515594,Donquixote Rosinante,Donquixote Rosinante,OP04-119,SEC,,tcgcsv,2067,2256,2.0,4.64,50.0,3.8,,,2026-04-02 03:06:18,tcgcsv,OP04-119,1,1,1,0,1,0,missing_tcgplayer_product_id_only
729,OP04-119,Donquixote Rosinante,SP CARD,,2400,729,OP04-119::alt,,alt,Alt,local-catalog,thumbs/OP04-119(alt).webp,,,,,,,,,,,,,,,,,,,,,,,,,OP04-119::alt,0,0,0,0,1,0,missing_printing_market_map
729,OP04-119,Donquixote Rosinante,SP CARD,,2401,729,OP04-119_p1,,parallel_1,Parallel 1,official-cardlist,OP04/parallel/OP04-119_p1.png,https://en.onepiece-cardgame.com/images/cardlist/card/OP04-119_p1.png?260305,,,,,,,,,,,,,,,,,,,,,,,,OP04-119_p1,0,0,0,0,1,0,missing_printing_market_map
729,OP04-119,Donquixote Rosinante,SP CARD,,2402,729,OP04-119_p2,,parallel_2,Parallel 2,official-cardlist,OP09/parallel/OP04-119_p2.png,https://en.onepiece-cardgame.com/images/cardlist/card/OP04-119_p2.png?260305,,,,,,,,,,,,,,,,,,,,,,,,OP04-119_p2,0,0,0,0,1,0,missing_printing_market_map
729,OP04-119,Donquixote Rosinante,SP CARD,,2403,729,OP04-119::s palt,,sp,S Palt,local-catalog,thumbs/OP04-119SPalt.webp,,,,,,,,,,,,,,,,,,,,,,,,,OP04-119::s palt,0,0,0,0,1,0,missing_printing_market_map
730,OP05-001,Sabo,L,,2404,730,OP05-001,,base,Base,official-cardlist,OP05/base/OP05-001.png,https://en.onepiece-cardgame.com/images/cardlist/card/OP05-001.png?260305,1857,2404,2374,HIGH,exact_code_plus_base_flag,2374,527007,Sabo (001) (Alternate Art),Sabo 001 Alternate Art,OP05-001,L,,tcgcsv,2185,2374,17.99,22.93,224.99,19.64,,,2026-04-02 03:06:18,tcgcsv,OP05-001,1,1,1,0,1,0,missing_tcgplayer_product_id_only
730,OP05-001,Sabo,L,,2406,730,OP05-001::alt,,alt,Alt,local-catalog,thumbs/OP05-001alt.webp,,,,,,,,,,,,,,,,,,,,,,,,,OP05-001::alt,0,0,0,0,1,0,missing_printing_market_map
730,OP05-001,Sabo,L,,2407,730,OP05-001_p1,,parallel_1,Parallel 1,official-cardlist,OP05/parallel/OP05-001_p1.png,https://en.onepiece-cardgame.com/images/cardlist/card/OP05-001_p1.png?260305,,,,,,,,,,,,,,,,,,,,,,,,OP05-001_p1,0,0,0,0,1,0,missing_printing_market_map
730,OP05-001,Sabo,L,,2408,730,OP05-001_p2,,parallel_2,Parallel 2,official-cardlist,EB02/parallel/OP05-001_p2.png,https://en.onepiece-cardgame.com/images/cardlist/card/OP05-001_p2.png?260305,,,,,,,,,,,,,,,,,,,,,,,,OP05-001_p2,0,0,0,0,1,0,missing_printing_market_map
731,OP05-002,Belo Betty,L,,2409,731,OP05-002,,base,Base,official-cardlist,OP05/base/OP05-002.png,https://en.onepiece-cardgame.com/images/cardlist/card/OP05-002.png?260305,1858,2409,2375,HIGH,exact_code_plus_base_flag,2375,527008,Belo Betty (002) (Alternate Art),Belo Betty 002 Alternate Art,OP05-002,L,,tcgcsv,2186,2375,25.68,34.5,199.99,33.26,,,2026-04-02 03:06:18,tcgcsv,OP05-002,1,1,1,0,1,0,missing_tcgplayer_product_id_only
731,OP05-002,Belo Betty,L,,2411,731,OP05-002::alt,,alt,Alt,local-catalog,thumbs/OP05-002alt.webp,,,,,,,,,,,,,,,,,,,,,,,,,OP05-002::alt,0,0,0,0,1,0,missing_printing_market_map
731,OP05-002,Belo Betty,L,,2412,731,OP05-002_p1,,parallel_1,Parallel 1,official-cardlist,OP05/parallel/OP05-002_p1.png,https://en.onepiece-cardgame.com/images/cardlist/card/OP05-002_p1.png?260305,,,,,,,,,,,,,,,,,,,,,,,,OP05-002_p1,0,0,0,0,1,0,missing_printing_market_map
731,OP05-002,Belo Betty,L,,2413,731,OP05-002_p2,,parallel_2,Parallel 2,official-cardlist,EB02/parallel/OP05-002_p2.png,https://en.onepiece-cardgame.com/images/cardlist/card/OP05-002_p2.png?260305,,,,,,,,,,,,,,,,,,,,,,,,OP05-002_p2,0,0,0,0,1,0,missing_printing_market_map
732,OP05-003,Inazuma,UC,,2414,732,OP05-003,,base,Base,official-cardlist,OP05/base/OP05-003.png,https://en.onepiece-cardgame.com/images/cardlist/card/OP05-003.png?260305,1903,2414,2423,HIGH,exact_code_plus_base_flag,2423,528532,Inazuma,Inazuma,OP05-003,UC,,tcgcsv,2233,2423,0.2,0.37,50.0,0.31,,,2026-04-02 03:06:18,tcgcsv,OP05-003,1,1,1,0,1,0,missing_tcgplayer_product_id_only
733,OP05-004,Emporio.Ivankov,UC,,2416,733,OP05-004,,base,Base,official-cardlist,OP05/base/OP05-004.png,https://en.onepiece-cardgame.com/images/cardlist/card/OP05-004.png?260305,1028,2416,1429,HIGH,exact_code_plus_base_flag,1429,599737,Emporio.Ivankov (Welcome Pack Vol. 1),EmporioIvankov Welcome Pack Vol 1,OP05-004,UC,,tcgcsv,1322,1429,0.1,0.5,24.0,0.35,,,2026-04-02 03:06:17,tcgcsv,OP05-004,1,1,1,0,1,0,missing_tcgplayer_product_id_only
733,OP05-004,Emporio.Ivankov,UC,,2418,733,OP05-004::alt,,alt,Alt,local-catalog,thumbs/OP05-004(alt).webp,,,,,,,,,,,,,,,,,,,,,,,,,OP05-004::alt,0,0,0,0,1,0,missing_printing_market_map
733,OP05-004,Emporio.Ivankov,UC,,2419,733,OP05-004_p1,,parallel_1,Parallel 1,official-cardlist,PRB02/parallel/OP05-004_p1.png,https://en.onepiece-cardgame.com/images/cardlist/card/OP05-004_p1.png?260305,,,,,,,,,,,,,,,,,,,,,,,,OP05-004_p1,0,0,0,0,1,0,missing_printing_market_map
733,OP05-004,Emporio.Ivankov,UC,,2420,733,OP05-004_p2,,parallel_2,Parallel 2,official-cardlist,BCV3/parallel/OP05-004_p2.png,https://en.onepiece-cardgame.com/images/cardlist/card/OP05-004_p2.png?260305,,,,,,,,,,,,,,,,,,,,,,,,OP05-004_p2,0,0,0,0,1,0,missing_printing_market_map
733,OP05-004,Emporio.Ivankov,UC,,2421,733,OP05-004_r1,,r1,R1,official-cardlist,PRB02/reprint/OP05-004_r1.png,https://en.onepiece-cardgame.com/images/cardlist/card/OP05-004_r1.png?260305,,,,,,,,,,,,,,,,,,,,,,,,OP05-004_r1,0,0,0,0,1,0,missing_printing_market_map
734,OP05-005,Karasu,R,,2422,734,OP05-005,,base,Base,official-cardlist,OP05/base/OP05-005.png,https://en.onepiece-cardgame.com/images/cardlist/card/OP05-005.png?260305,997,2422,1394,HIGH,exact_code_plus_base_flag,1394,587221,Karasu (Premium Card Collection -Best Selection Vol. 2-),Karasu Premium Card Collection Best Selection Vol 2,OP05-005,R,,tcgcsv,1288,1394,6.0,8.32,40.0,7.09,,,2026-04-02 03:06:17,tcgcsv,OP05-005,1,1,1,0,1,0,missing_tcgplayer_product_id_only
734,OP05-005,Karasu,R,,2424,734,OP05-005::alt,,alt,Alt,local-catalog,thumbs/OP05-005alt.webp,,,,,,,,,,,,,,,,,,,,,,,,,OP05-005::alt,0,0,0,0,1,0,missing_printing_market_map
735,OP05-006,Koala,SR,,2425,735,OP05-006,,base,Base,official-cardlist,OP05/base/OP05-006.png,https://en.onepiece-cardgame.com/images/cardlist/card/OP05-006.png?260305,1881,2425,2401,HIGH,exact_code_plus_base_flag,2401,527663,Koala,Koala,OP05-006,SR,,tcgcsv,2211,2401,0.81,1.8,50.0,1.58,,,2026-04-02 03:06:18,tcgcsv,OP05-006,1,1,1,0,1,0,missing_tcgplayer_product_id_only
735,OP05-006,Koala,SR,,2427,735,OP05-006::alt,,alt,Alt,local-catalog,thumbs/OP05-006alt.webp,,,,,,,,,,,,,,,,,,,,,,,,,OP05-006::alt,0,0,0,0,1,0,missing_printing_market_map
735,OP05-006,Koala,SR,,2428,735,OP05-006_p1,,parallel_1,Parallel 1,official-cardlist,OP05/parallel/OP05-006_p1.png,https://en.onepiece-cardgame.com/images/cardlist/card/OP05-006_p1.png?260305,,,,,,,,,,,,,,,,,,,,,,,,OP05-006_p1,0,0,0,0,1,0,missing_printing_market_map
735,OP05-006,Koala,SR,,2429,735,OP05-006_p3,,parallel_3,Parallel 3,official-cardlist,PRB01/parallel/OP05-006_p3.png,https://en.onepiece-cardgame.com/images/cardlist/card/OP05-006_p3.png?260305,,,,,,,,,,,,,,,,,,,,,,,,OP05-006_p3,0,0,0,0,1,0,missing_printing_market_map
735,OP05-006,Koala,SR,,2430,735,OP05-006_p4,,parallel_4,Parallel 4,official-cardlist,_unclassified/parallel/OP05-006_p4.png,https://en.onepiece-cardgame.com/images/cardlist/card/OP05-006_p4.png?260305,,,,,,,,,,,,,,,,,,,,,,,,OP05-006_p4,0,0,0,0,1,0,missing_printing_market_map
735,OP05-006,Koala,SR,,2431,735,OP05-006::prb01alt,,alt,Prb01Alt,local-catalog,thumbs/OP05-006(PRB01alt).webp,,,,,,,,,,,,,,,,,,,,,,,,,OP05-006::prb01alt,0,0,0,0,1,0,missing_printing_market_map
735,OP05-006,Koala,SR,,2432,735,OP05-006_r1,,r1,R1,official-cardlist,PRB01/reprint/OP05-006_r1.png,https://en.onepiece-cardgame.com/images/cardlist/card/OP05-006_r1.png?260305,,,,,,,,,,,,,,,,,,,,,,,,OP05-006_r1,0,0,0,0,1,0,missing_printing_market_map
736,OP05-007,Sabo,SR,,2433,736,OP05-007,,base,Base,official-cardlist,OP05/base/OP05-007.png,https://en.onepiece-cardgame.com/images/cardlist/card/OP05-007.png?260305,1410,2433,1881,HIGH,exact_code_plus_base_flag,1881,671734,Sabo (Illustration Box Vol.5),Sabo Illustration Box Vol5,OP05-007,SR,,tcgcsv,1714,1881,0.25,0.99,48.0,0.64,,,2026-04-02 03:06:17,tcgcsv,OP05-007,1,1,1,0,1,0,missing_tcgplayer_product_id_only
736,OP05-007,Sabo,SR,,2435,736,OP05-007::alt,,alt,Alt,local-catalog,thumbs/OP05-007alt.webp,,,,,,,,,,,,,,,,,,,,,,,,,OP05-007::alt,0,0,0,0,1,0,missing_printing_market_map
736,OP05-007,Sabo,SR,,2436,736,OP05-007_p1,,parallel_1,Parallel 1,official-cardlist,OP05/parallel/OP05-007_p1.png,https://en.onepiece-cardgame.com/images/cardlist/card/OP05-007_p1.png?260305,,,,,,,,,,,,,,,,,,,,,,,,OP05-007_p1,0,0,0,0,1,0,missing_printing_market_map
736,OP05-007,Sabo,SR,,2437,736,OP05-007_p3,,parallel_3,Parallel 3,official-cardlist,PRB01/parallel/OP05-007_p3.png,https://en.onepiece-cardgame.com/images/cardlist/card/OP05-007_p3.png?260305,,,,,,,,,,,,,,,,,,,,,,,,OP05-007_p3,0,0,0,0,1,0,missing_printing_market_map
736,OP05-007,Sabo,SR,,2438,736,OP05-007_p4,,parallel_4,Parallel 4,official-cardlist,_unclassified/parallel/OP05-007_p4.png,https://en.onepiece-cardgame.com/images/cardlist/card/OP05-007_p4.png?260305,,,,,,,,,,,,,,,,,,,,,,,,OP05-007_p4,0,0,0,0,1,0,missing_printing_market_map
736,OP05-007,Sabo,SR,,2439,736,OP05-007::prb01alt,,alt,Prb01Alt,local-catalog,thumbs/OP05-007(PRB01alt).webp,,,,,,,,,,,,,,,,,,,,,,,,,OP05-007::prb01alt,0,0,0,0,1,0,missing_printing_market_map
736,OP05-007,Sabo,SR,,2440,736,OP05-007_r1,,r1,R1,official-cardlist,PRB01/reprint/OP05-007_r1.png,https://en.onepiece-cardgame.com/images/cardlist/card/OP05-007_r1.png?260305,,,,,,,,,,,,,,,,,,,,,,,,OP05-007_r1,0,0,0,0,1,0,missing_printing_market_map
737,OP05-008,Chaka,UC,,2441,737,OP05-008,,base,Base,official-cardlist,OP05/base/OP05-008.png,https://en.onepiece-cardgame.com/images/cardlist/card/OP05-008.png?260305,1066,2441,1477,HIGH,exact_code_plus_base_flag,1477,619203,Chaka (Judge Pack Vol. 5),Chaka Judge Pack Vol 5,OP05-008,UC,,tcgcsv,1370,1477,0.18,0.81,10.0,0.73,,,2026-04-02 03:06:17,tcgcsv,OP05-008,1,1,1,0,1,0,missing_tcgplayer_product_id_only
738,OP05-009,Toh-Toh,C,,2443,738,OP05-009,,base,Base,official-cardlist,OP05/base/OP05-009.png,https://en.onepiece-cardgame.com/images/cardlist/card/OP05-009.png?260305,1907,2443,2427,HIGH,exact_code_plus_base_flag,2427,528538,Toh-Toh,Toh Toh,OP05-009,C,,tcgcsv,2237,2427,0.01,0.1,1.58,0.06,,,2026-04-02 03:06:18,tcgcsv,OP05-009,1,1,1,0,1,0,missing_tcgplayer_product_id_only
739,OP05-010,Nico Robin,UC,,2445,739,OP05-010,,base,Base,official-cardlist,OP05/base/OP05-010.png,https://en.onepiece-cardgame.com/images/cardlist/card/OP05-010.png?260305,956,2445,1350,HIGH,exact_code_plus_base_flag,1350,583747,Nico Robin (Judge Pack Vol. 4),Nico Robin Judge Pack Vol 4,OP05-010,UC,,tcgcsv,1253,1350,4.99,7.88,100.0,7.16,,,2026-04-02 03:06:17,tcgcsv,OP05-010,1,1,1,0,1,0,missing_tcgplayer_product_id_only
739,OP05-010,Nico Robin,UC,,2447,739,OP05-010_p2,,parallel_2,Parallel 2,official-cardlist,PRB01/parallel/OP05-010_p2.png,https://en.onepiece-cardgame.com/images/cardlist/card/OP05-010_p2.png?260305,,,,,,,,,,,,,,,,,,,,,,,,OP05-010_p2,0,0,0,0,1,0,missing_printing_market_map
739,OP05-010,Nico Robin,UC,,2448,739,OP05-010_p3,,parallel_3,Parallel 3,official-cardlist,PRB01/parallel/OP05-010_p3.png,https://en.onepiece-cardgame.com/images/cardlist/card/OP05-010_p3.png?260305,,,,,,,,,,,,,,,,,,,,,,,,OP05-010_p3,0,0,0,0,1,0,missing_printing_market_map
739,OP05-010,Nico Robin,UC,,2449,739,OP05-010::prb01alt,,alt,Prb01Alt,local-catalog,thumbs/OP05-010(PRB01alt).webp,,,,,,,,,,,,,,,,,,,,,,,,,OP05-010::prb01alt,0,0,0,0,1,0,missing_printing_market_map
739,OP05-010,Nico Robin,UC,,2450,739,OP05-010_r1,,r1,R1,official-cardlist,PRB01/reprint/OP05-010_r1.png,https://en.onepiece-cardgame.com/images/cardlist/card/OP05-010_r1.png?260305,,,,,,,,,,,,,,,,,,,,,,,,OP05-010_r1,0,0,0,0,1,0,missing_printing_market_map
740,OP05-011,Bartholomew Kuma,C,,2451,740,OP05-011,,base,Base,official-cardlist,OP05/base/OP05-011.png,https://en.onepiece-cardgame.com/images/cardlist/card/OP05-011.png?260305,1215,2451,1658,HIGH,exact_code_plus_base_flag,1658,648088,Bartholomew Kuma (Seven Warlords of the Sea Binder Set),Bartholomew Kuma Seven Warlords of the Sea Binder Set,OP05-011,C,,tcgcsv,1529,1658,8.61,10.02,40.0,9.82,,,2026-04-02 03:06:17,tcgcsv,OP05-011,1,1,1,0,1,0,missing_tcgplayer_product_id_only
740,OP05-011,Bartholomew Kuma,C,,2453,740,OP05-011_p1,,parallel_1,Parallel 1,official-cardlist,SWBS01/parallel/OP05-011_p1.png,https://en.onepiece-cardgame.com/images/cardlist/card/OP05-011_p1.png?260305,,,,,,,,,,,,,,,,,,,,,,,,OP05-011_p1,0,0,0,0,1,0,missing_printing_market_map
741,OP05-012,Hack,C,,2454,741,OP05-012,,base,Base,official-cardlist,OP05/base/OP05-012.png,https://en.onepiece-cardgame.com/images/cardlist/card/OP05-012.png?260305,1910,2454,2430,HIGH,exact_code_plus_base_flag,2430,528541,Hack,Hack,OP05-012,C,,tcgcsv,2240,2430,0.01,0.12,1.58,0.04,,,2026-04-02 03:06:18,tcgcsv,OP05-012,1,1,1,0,1,0,missing_tcgplayer_product_id_only
742,OP05-013,Bunny Joe,C,,2456,742,OP05-013,,base,Base,official-cardlist,OP05/base/OP05-013.png,https://en.onepiece-cardgame.com/images/cardlist/card/OP05-013.png?260305,1911,2456,2431,HIGH,exact_code_plus_base_flag,2431,528542,Bunny Joe,Bunny Joe,OP05-013,C,,tcgcsv,2241,2431,0.01,0.13,1.58,0.06,,,2026-04-02 03:06:18,tcgcsv,OP05-013,1,1,1,0,1,0,missing_tcgplayer_product_id_only
743,OP05-014,Pell,C,,2458,743,OP05-014,,base,Base,official-cardlist,OP05/base/OP05-014.png,https://en.onepiece-cardgame.com/images/cardlist/card/OP05-014.png?260305,792,2458,1153,HIGH,exact_code_plus_base_flag,1153,544620,Pell (Judge Pack Vol. 3),Pell Judge Pack Vol 3,OP05-014,C,,tcgcsv,1083,1153,0.1,0.43,2.0,0.32,,,2026-04-02 03:06:17,tcgcsv,OP05-014,1,1,1,0,1,0,missing_tcgplayer_product_id_only
744,OP05-015,Belo Betty,R,,2460,744,OP05-015,,base,Base,official-cardlist,OP05/base/OP05-015.png,https://en.onepiece-cardgame.com/images/cardlist/card/OP05-015.png?260305,793,2460,1154,HIGH,exact_code_plus_base_flag,1154,544621,Belo Betty (Judge Pack Vol. 3),Belo Betty Judge Pack Vol 3,OP05-015,R,,tcgcsv,1084,1154,1.0,5.99,5.99,1.86,,,2026-04-02 03:06:17,tcgcsv,OP05-015,1,1,1,0,1,0,missing_tcgplayer_product_id_only
744,OP05-015,Belo Betty,R,,2462,744,OP05-015::alt,,alt,Alt,local-catalog,thumbs/OP05-015alt.webp,,,,,,,,,,,,,,,,,,,,,,,,,OP05-015::alt,0,0,0,0,1,0,missing_printing_market_map
744,OP05-015,Belo Betty,R,,2463,744,OP05-015_p1,,parallel_1,Parallel 1,official-cardlist,OP05/parallel/OP05-015_p1.png,https://en.onepiece-cardgame.com/images/cardlist/card/OP05-015_p1.png?260305,,,,,,,,,,,,,,,,,,,,,,,,OP05-015_p1,0,0,0,0,1,0,missing_printing_market_map
744,OP05-015,Belo Betty,R,,2464,744,OP05-015_p3,,parallel_3,Parallel 3,official-cardlist,PRB01/parallel/OP05-015_p3.png,https://en.onepiece-cardgame.com/images/cardlist/card/OP05-015_p3.png?260305,,,,,,,,,,,,,,,,,,,,,,,,OP05-015_p3,0,0,0,0,1,0,missing_printing_market_map
744,OP05-015,Belo Betty,R,,2465,744,OP05-015_p4,,parallel_4,Parallel 4,official-cardlist,PRB01/parallel/OP05-015_p4.png,https://en.onepiece-cardgame.com/images/cardlist/card/OP05-015_p4.png?260305,,,,,,,,,,,,,,,,,,,,,,,,OP05-015_p4,0,0,0,0,1,0,missing_printing_market_map
744,OP05-015,Belo Betty,R,,2466,744,OP05-015_p5,,parallel_5,Parallel 5,official-cardlist,PRB01/parallel/OP05-015_p5.png,https://en.onepiece-cardgame.com/images/cardlist/card/OP05-015_p5.png?260305,,,,,,,,,,,,,,,,,,,,,,,,OP05-015_p5,0,0,0,0,1,0,missing_printing_market_map
744,OP05-015,Belo Betty,R,,2467,744,OP05-015::prb01alt,,alt,Prb01Alt,local-catalog,thumbs/OP05-015(PRB01alt).webp,,,,,,,,,,,,,,,,,,,,,,,,,OP05-015::prb01alt,0,0,0,0,1,0,missing_printing_market_map
744,OP05-015,Belo Betty,R,,2468,744,OP05-015_r1,,r1,R1,official-cardlist,PRB01/reprint/OP05-015_r1.png,https://en.onepiece-cardgame.com/images/cardlist/card/OP05-015_r1.png?260305,,,,,,,,,,,,,,,,,,,,,,,,OP05-015_r1,0,0,0,0,1,0,missing_printing_market_map
745,OP05-016,Morley,R,,2469,745,OP05-016,,base,Base,official-cardlist,OP05/base/OP05-016.png,https://en.onepiece-cardgame.com/images/cardlist/card/OP05-016.png?260305,1914,2469,2434,HIGH,exact_code_plus_base_flag,2434,528547,Morley,Morley,OP05-016,R,,tcgcsv,2244,2434,0.05,0.25,5.0,0.2,,,2026-04-02 03:06:18,tcgcsv,OP05-016,1,1,1,0,1,0,missing_tcgplayer_product_id_only
746,OP05-017,Lindbergh,R,,2471,746,OP05-017,,base,Base,official-cardlist,OP05/base/OP05-017.png,https://en.onepiece-cardgame.com/images/cardlist/card/OP05-017.png?260305,1915,2471,2435,HIGH,exact_code_plus_base_flag,2435,528548,Lindbergh,Lindbergh,OP05-017,R,,tcgcsv,2245,2435,0.25,0.62,25.0,0.44,,,2026-04-02 03:06:18,tcgcsv,OP05-017,1,1,1,0,1,0,missing_tcgplayer_product_id_only
747,OP05-018,Emporio Energy Hormone,C,,2473,747,OP05-018,,base,Base,official-cardlist,OP05/base/OP05-018.png,https://en.onepiece-cardgame.com/images/cardlist/card/OP05-018.png?260305,1916,2473,2436,HIGH,exact_code_plus_base_flag,2436,528550,Emporio Energy Hormone,Emporio Energy Hormone,OP05-018,C,,tcgcsv,2246,2436,0.01,0.15,1.58,0.09,,,2026-04-02 03:06:18,tcgcsv,OP05-018,1,1,1,0,1,0,missing_tcgplayer_product_id_only
748,OP05-019,Fire Fist,R,,2475,748,OP05-019,,base,Base,official-cardlist,OP05/base/OP05-019.png,https://en.onepiece-cardgame.com/images/cardlist/card/OP05-019.png?260305,1003,2475,1400,HIGH,exact_code_plus_base_flag,1400,587227,Fire Fist (Premium Card Collection -Best Selection Vol. 2-),Fire Fist Premium Card Collection Best Selection Vol 2,OP05-019,R,,tcgcsv,1294,1400,13.53,15.8,40.0,14.73,,,2026-04-02 03:06:17,tcgcsv,OP05-019,1,1,1,0,1,0,missing_tcgplayer_product_id_only
748,OP05-019,Fire Fist,R,,2477,748,OP05-019::alt,,alt,Alt,local-catalog,thumbs/OP05-019alt.webp,,,,,,,,,,,,,,,,,,,,,,,,,OP05-019::alt,0,0,0,0,1,0,missing_printing_market_map
749,OP05-020,Four Thousand-Brick Fist,UC,,2478,749,OP05-020,,base,Base,official-cardlist,OP05/base/OP05-020.png,https://en.onepiece-cardgame.com/images/cardlist/card/OP05-020.png?260305,1918,2478,2438,HIGH,exact_code_plus_base_flag,2438,528553,Four Thousand-Brick Fist,Four Thousand Brick Fist,OP05-020,UC,,tcgcsv,2248,2438,0.01,0.15,9.1,0.06,,,2026-04-02 03:06:18,tcgcsv,OP05-020,1,1,1,0,1,0,missing_tcgplayer_product_id_only
750,OP05-021,Revolutionary Army HQ,UC,,2480,750,OP05-021,,base,Base,official-cardlist,OP05/base/OP05-021.png,https://en.onepiece-cardgame.com/images/cardlist/card/OP05-021.png?260305,1919,2480,2439,HIGH,exact_code_plus_base_flag,2439,528555,Revolutionary Army HQ,Revolutionary Army HQ,OP05-021,UC,,tcgcsv,2249,2439,0.15,0.29,5.0,0.26,,,2026-04-02 03:06:18,tcgcsv,OP05-021,1,1,1,0,1,0,missing_tcgplayer_product_id_only
750,OP05-021,Revolutionary Army HQ,UC,,2482,750,OP05-021_p1,,parallel_1,Parallel 1,official-cardlist,PRB02/parallel/OP05-021_p1.png,https://en.onepiece-cardgame.com/images/cardlist/card/OP05-021_p1.png?260305,,,,,,,,,,,,,,,,,,,,,,,,OP05-021_p1,0,0,0,0,1,0,missing_printing_market_map
750,OP05-021,Revolutionary Army HQ,UC,,2483,750,OP05-021_r1,,r1,R1,official-cardlist,PRB02/reprint/OP05-021_r1.png,https://en.onepiece-cardgame.com/images/cardlist/card/OP05-021_r1.png?260305,,,,,,,,,,,,,,,,,,,,,,,,OP05-021_r1,0,0,0,0,1,0,missing_printing_market_map
751,OP05-022,Donquixote Rosinante,L,,2484,751,OP05-022,,base,Base,official-cardlist,OP05/base/OP05-022.png,https://en.onepiece-cardgame.com/images/cardlist/card/OP05-022.png?260305,1860,2484,2377,HIGH,exact_code_plus_base_flag,2377,527010,Donquixote Rosinante (022) (Alternate Art),Donquixote Rosinante 022 Alternate Art,OP05-022,L,,tcgcsv,2188,2377,18.0,24.18,149.99,22.24,,,2026-04-02 03:06:18,tcgcsv,OP05-022,1,1,1,0,1,0,missing_tcgplayer_product_id_only
751,OP05-022,Donquixote Rosinante,L,,2486,751,OP05-022::alt,,alt,Alt,local-catalog,thumbs/OP05-022(alt).webp,,,,,,,,,,,,,,,,,,,,,,,,,OP05-022::alt,0,0,0,0,1,0,missing_printing_market_map
751,OP05-022,Donquixote Rosinante,L,,2487,751,OP05-022_p1,,parallel_1,Parallel 1,official-cardlist,OP05/parallel/OP05-022_p1.png,https://en.onepiece-cardgame.com/images/cardlist/card/OP05-022_p1.png?260305,,,,,,,,,,,,,,,,,,,,,,,,OP05-022_p1,0,0,0,0,1,0,missing_printing_market_map
751,OP05-022,Donquixote Rosinante,L,,2488,751,OP05-022_p2,,parallel_2,Parallel 2,official-cardlist,EB02/parallel/OP05-022_p2.png,https://en.onepiece-cardgame.com/images/cardlist/card/OP05-022_p2.png?260305,,,,,,,,,,,,,,,,,,,,,,,,OP05-022_p2,0,0,0,0,1,0,missing_printing_market_map
752,OP05-023,Vergo,R,,2489,752,OP05-023,,base,Base,official-cardlist,OP05/base/OP05-023.png,https://en.onepiece-cardgame.com/images/cardlist/card/OP05-023.png?260305,1921,2489,2441,HIGH,exact_code_plus_base_flag,2441,528559,Vergo,Vergo,OP05-023,R,,tcgcsv,2251,2441,0.01,0.19,5.0,0.12,,,2026-04-02 03:06:18,tcgcsv,OP05-023,1,1,1,0,1,0,missing_tcgplayer_product_id_only
753,OP05-024,Kuween,C,,2491,753,OP05-024,,base,Base,official-cardlist,OP05/base/OP05-024.png,https://en.onepiece-cardgame.com/images/cardlist/card/OP05-024.png?260305,1922,2491,2442,HIGH,exact_code_plus_base_flag,2442,528560,Kuween,Kuween,OP05-024,C,,tcgcsv,2252,2442,0.01,0.15,4.05,0.06,,,2026-04-02 03:06:18,tcgcsv,OP05-024,1,1,1,0,1,0,missing_tcgplayer_product_id_only
754,OP05-025,Gladius,C,,2493,754,OP05-025,,base,Base,official-cardlist,OP05/base/OP05-025.png,https://en.onepiece-cardgame.com/images/cardlist/card/OP05-025.png?260305,1923,2493,2443,HIGH,exact_code_plus_base_flag,2443,528562,Gladius,Gladius,OP05-025,C,,tcgcsv,2253,2443,0.01,0.12,1.58,0.03,,,2026-04-02 03:06:18,tcgcsv,OP05-025,1,1,1,0,1,0,missing_tcgplayer_product_id_only
755,OP05-026,Sarquiss,C,,2495,755,OP05-026,,base,Base,official-cardlist,OP05/base/OP05-026.png,https://en.onepiece-cardgame.com/images/cardlist/card/OP05-026.png?260305,1924,2495,2444,HIGH,exact_code_plus_base_flag,2444,528564,Sarquiss,Sarquiss,OP05-026,C,,tcgcsv,2254,2444,0.01,0.1,1.58,0.05,,,2026-04-02 03:06:18,tcgcsv,OP05-026,1,1,1,0,1,0,missing_tcgplayer_product_id_only
756,OP05-027,Trafalgar Law,UC,,2497,756,OP05-027,,base,Base,official-cardlist,OP05/base/OP05-027.png,https://en.onepiece-cardgame.com/images/cardlist/card/OP05-027.png?260305,1925,2497,2445,HIGH,exact_code_plus_base_flag,2445,528566,Trafalgar Law (027),Trafalgar Law 027,OP05-027,UC,,tcgcsv,2255,2445,0.01,0.15,1.58,0.13,,,2026-04-02 03:06:18,tcgcsv,OP05-027,1,1,1,0,1,0,missing_tcgplayer_product_id_only
757,OP05-028,Donquixote Doflamingo,C,,2499,757,OP05-028,,base,Base,official-cardlist,OP05/base/OP05-028.png,https://en.onepiece-cardgame.com/images/cardlist/card/OP05-028.png?260305,1926,2499,2446,HIGH,exact_code_plus_base_flag,2446,528568,Donquixote Doflamingo (028),Donquixote Doflamingo 028,OP05-028,C,,tcgcsv,2256,2446,0.01,0.15,1.5,0.07,,,2026-04-02 03:06:18,tcgcsv,OP05-028,1,1,1,0,1,0,missing_tcgplayer_product_id_only
758,OP05-029,Donquixote Doflamingo,UC,,2501,758,OP05-029,,base,Base,official-cardlist,OP05/base/OP05-029.png,https://en.onepiece-cardgame.com/images/cardlist/card/OP05-029.png?260305,1927,2501,2447,HIGH,exact_code_plus_base_flag,2447,528571,Donquixote Doflamingo (029),Donquixote Doflamingo 029,OP05-029,UC,,tcgcsv,2257,2447,0.01,0.15,1.52,0.12,,,2026-04-02 03:06:18,tcgcsv,OP05-029,1,1,1,0,1,0,missing_tcgplayer_product_id_only
759,OP05-030,Donquixote Rosinante,R,,2503,759,OP05-030,,base,Base,official-cardlist,OP05/base/OP05-030.png,https://en.onepiece-cardgame.com/images/cardlist/card/OP05-030.png?260305,1026,2503,1427,HIGH,exact_code_plus_base_flag,1427,599735,Donquixote Rosinante (Welcome Pack Vol. 1),Donquixote Rosinante Welcome Pack Vol 1,OP05-030,R,,tcgcsv,1320,1427,0.89,1.48,18.0,1.04,,,2026-04-02 03:06:17,tcgcsv,OP05-030,1,1,1,0,1,0,missing_tcgplayer_product_id_only
759,OP05-030,Donquixote Rosinante,R,,2505,759,OP05-030::2nd anniversary alt,,promo,2Nd Anniversary Alt,local-catalog,thumbs/OP05-030(2nd Anniversary alt).webp,,,,,,,,,,,,,,,,,,,,,,,,,OP05-030::2nd anniversary alt,0,0,0,0,1,0,missing_printing_market_map
759,OP05-030,Donquixote Rosinante,R,,2506,759,OP05-030_p1,,parallel_1,Parallel 1,official-cardlist,PRB02/parallel/OP05-030_p1.png,https://en.onepiece-cardgame.com/images/cardlist/card/OP05-030_p1.png?260305,,,,,,,,,,,,,,,,,,,,,,,,OP05-030_p1,0,0,0,0,1,0,missing_printing_market_map
759,OP05-030,Donquixote Rosinante,R,,2507,759,OP05-030_p2,,parallel_2,Parallel 2,official-cardlist,ANN2JP/parallel/OP05-030_p2.png,https://en.onepiece-cardgame.com/images/cardlist/card/OP05-030_p2.png?260305,,,,,,,,,,,,,,,,,,,,,,,,OP05-030_p2,0,0,0,0,1,0,missing_printing_market_map
759,OP05-030,Donquixote Rosinante,R,,2508,759,OP05-030::prb02,,alt,Prb02,local-catalog,thumbs/OP05-030(PRB02).webp,,,,,,,,,,,,,,,,,,,,,,,,,OP05-030::prb02,0,0,0,0,1,0,missing_printing_market_map
759,OP05-030,Donquixote Rosinante,R,,2509,759,OP05-030_r1,,r1,R1,official-cardlist,PRB02/reprint/OP05-030_r1.png,https://en.onepiece-cardgame.com/images/cardlist/card/OP05-030_r1.png?260305,,,,,,,,,,,,,,,,,,,,,,,,OP05-030_r1,0,0,0,0,1,0,missing_printing_market_map
760,OP05-031,Buffalo,C,,2510,760,OP05-031,,base,Base,official-cardlist,OP05/base/OP05-031.png,https://en.onepiece-cardgame.com/images/cardlist/card/OP05-031.png?260305,1929,2510,2449,HIGH,exact_code_plus_base_flag,2449,528575,Buffalo,Buffalo,OP05-031,C,,tcgcsv,2259,2449,0.01,0.1,1.58,0.03,,,2026-04-02 03:06:18,tcgcsv,OP05-031,1,1,1,0,1,0,missing_tcgplayer_product_id_only
761,OP05-032,Pica,SR,,2512,761,OP05-032,,base,Base,official-cardlist,OP05/base/OP05-032.png,https://en.onepiece-cardgame.com/images/cardlist/card/OP05-032.png?260305,1930,2512,2450,HIGH,exact_code_plus_base_flag,2450,528577,Pica,Pica,OP05-032,SR,,tcgcsv,2260,2450,0.07,0.35,10.0,0.28,,,2026-04-02 03:06:18,tcgcsv,OP05-032,1,1,1,0,1,0,missing_tcgplayer_product_id_only
761,OP05-032,Pica,SR,,2514,761,OP05-032::alt,,alt,Alt,local-catalog,thumbs/OP05-032alt.webp,,,,,,,,,,,,,,,,,,,,,,,,,OP05-032::alt,0,0,0,0,1,0,missing_printing_market_map
761,OP05-032,Pica,SR,,2515,761,OP05-032_p1,,parallel_1,Parallel 1,official-cardlist,OP05/parallel/OP05-032_p1.png,https://en.onepiece-cardgame.com/images/cardlist/card/OP05-032_p1.png?260305,,,,,,,,,,,,,,,,,,,,,,,,OP05-032_p1,0,0,0,0,1,0,missing_printing_market_map
762,OP05-033,Baby 5,C,,2516,762,OP05-033,,base,Base,official-cardlist,OP05/base/OP05-033.png,https://en.onepiece-cardgame.com/images/cardlist/card/OP05-033.png?260305,1932,2516,2452,HIGH,exact_code_plus_base_flag,2452,528579,Baby 5 (033),Baby 5 033,OP05-033,C,,tcgcsv,2262,2452,0.01,0.12,1.58,0.04,,,2026-04-02 03:06:18,tcgcsv,OP05-033,1,1,1,0,1,0,missing_tcgplayer_product_id_only
763,OP05-034,Baby 5,R,,2518,763,OP05-034,,base,Base,official-cardlist,OP05/base/OP05-034.png,https://en.onepiece-cardgame.com/images/cardlist/card/OP05-034.png?260305,1889,2518,2409,HIGH,exact_code_plus_base_flag,2409,527873,Baby 5 (034),Baby 5 034,OP05-034,R,,tcgcsv,2219,2409,0.01,0.25,5.0,0.13,,,2026-04-02 03:06:18,tcgcsv,OP05-034,1,1,1,0,1,0,missing_tcgplayer_product_id_only
763,OP05-034,Baby 5,R,,2520,763,OP05-034::alt,,alt,Alt,local-catalog,thumbs/OP05-034alt.webp,,,,,,,,,,,,,,,,,,,,,,,,,OP05-034::alt,0,0,0,0,1,0,missing_printing_market_map
763,OP05-034,Baby 5,R,,2521,763,OP05-034_p1,,parallel_1,Parallel 1,official-cardlist,OP05/parallel/OP05-034_p1.png,https://en.onepiece-cardgame.com/images/cardlist/card/OP05-034_p1.png?260305,,,,,,,,,,,,,,,,,,,,,,,,OP05-034_p1,0,0,0,0,1,0,missing_printing_market_map
763,OP05-034,Baby 5,R,,2522,763,OP05-034_p3,,parallel_3,Parallel 3,official-cardlist,PRB01/parallel/OP05-034_p3.png,https://en.onepiece-cardgame.com/images/cardlist/card/OP05-034_p3.png?260305,,,,,,,,,,,,,,,,,,,,,,,,OP05-034_p3,0,0,0,0,1,0,missing_printing_market_map
763,OP05-034,Baby 5,R,,2523,763,OP05-034_p4,,parallel_4,Parallel 4,official-cardlist,PRB01/parallel/OP05-034_p4.png,https://en.onepiece-cardgame.com/images/cardlist/card/OP05-034_p4.png?260305,,,,,,,,,,,,,,,,,,,,,,,,OP05-034_p4,0,0,0,0,1,0,missing_printing_market_map
763,OP05-034,Baby 5,R,,2524,763,OP05-034_p5,,parallel_5,Parallel 5,official-cardlist,PRB01/parallel/OP05-034_p5.png,https://en.onepiece-cardgame.com/images/cardlist/card/OP05-034_p5.png?260305,,,,,,,,,,,,,,,,,,,,,,,,OP05-034_p5,0,0,0,0,1,0,missing_printing_market_map
763,OP05-034,Baby 5,R,,2525,763,OP05-034::prb01alt2,,alt,Prb01Alt2,local-catalog,thumbs/OP05-034(PRB01alt2).webp,,,,,,,,,,,,,,,,,,,,,,,,,OP05-034::prb01alt2,0,0,0,0,1,0,missing_printing_market_map
763,OP05-034,Baby 5,R,,2526,763,OP05-034_r1,,r1,R1,official-cardlist,PRB01/reprint/OP05-034_r1.png,https://en.onepiece-cardgame.com/images/cardlist/card/OP05-034_r1.png?260305,,,,,,,,,,,,,,,,,,,,,,,,OP05-034_r1,0,0,0,0,1,0,missing_printing_market_map
764,OP05-035,Bellamy,C,,2527,764,OP05-035,,base,Base,official-cardlist,OP05/base/OP05-035.png,https://en.onepiece-cardgame.com/images/cardlist/card/OP05-035.png?260305,1933,2527,2453,HIGH,exact_code_plus_base_flag,2453,528580,Bellamy,Bellamy,OP05-035,C,,tcgcsv,2263,2453,0.01,0.13,1.58,0.05,,,2026-04-02 03:06:18,tcgcsv,OP05-035,1,1,1,0,1,0,missing_tcgplayer_product_id_only
765,OP05-036,Monet,UC,,2529,765,OP05-036,,base,Base,official-cardlist,OP05/base/OP05-036.png,https://en.onepiece-cardgame.com/images/cardlist/card/OP05-036.png?260305,745,2529,1102,HIGH,exact_code_plus_base_flag,1102,539174,Monet (Event Pack Vol. 3),Monet Event Pack Vol 3,OP05-036,UC,,tcgcsv,1053,1102,2.34,4.0,39.99,3.19,,,2026-04-02 03:06:17,tcgcsv,OP05-036,1,1,1,0,1,0,missing_tcgplayer_product_id_only
765,OP05-036,Monet,UC,,2531,765,OP05-036::alt,,alt,Alt,local-catalog,thumbs/OP05-036alt.webp,,,,,,,,,,,,,,,,,,,,,,,,,OP05-036::alt,0,0,0,0,1,0,missing_printing_market_map
765,OP05-036,Monet,UC,,2532,765,OP05-036_p1,,parallel_1,Parallel 1,official-cardlist,EP03/parallel/OP05-036_p1.png,https://en.onepiece-cardgame.com/images/cardlist/card/OP05-036_p1.png?260305,,,,,,,,,,,,,,,,,,,,,,,,OP05-036_p1,0,0,0,0,1,0,missing_printing_market_map
765,OP05-036,Monet,UC,,2533,765,OP05-036_p2,,parallel_2,Parallel 2,official-cardlist,PRB02/parallel/OP05-036_p2.png,https://en.onepiece-cardgame.com/images/cardlist/card/OP05-036_p2.png?260305,,,,,,,,,,,,,,,,,,,,,,,,OP05-036_p2,0,0,0,0,1,0,missing_printing_market_map
765,OP05-036,Monet,UC,,2534,765,OP05-036_r1,,r1,R1,official-cardlist,PRB02/reprint/OP05-036_r1.png,https://en.onepiece-cardgame.com/images/cardlist/card/OP05-036_r1.png?260305,,,,,,,,,,,,,,,,,,,,,,,,OP05-036_r1,0,0,0,0,1,0,missing_printing_market_map
766,OP05-037,Because the Side of Justice Will Be Whichever Side Wins!!,R,,2535,766,OP05-037,,base,Base,official-cardlist,OP05/base/OP05-037.png,https://en.onepiece-cardgame.com/images/cardlist/card/OP05-037.png?260305,1312,2535,1767,HIGH,exact_code_plus_base_flag,1767,655965,Because the Side of Justice Will Be Whichever Side Wins!! (Tournament Pack 2025 Vol. 4),Because the Side of Justice Will Be Whichever Side Wins Tournament Pack 2025 Vol 4,OP05-037,R,,tcgcsv,1615,1767,0.05,0.32,6.0,0.27,,,2026-04-02 03:06:17,tcgcsv,OP05-037,1,1,1,0,1,0,missing_tcgplayer_product_id_only
766,OP05-037,Because the Side of Justice Will Be Whichever Side Wins!!,R,,2537,766,OP05-037_p1,,parallel_1,Parallel 1,official-cardlist,TP2025V4/parallel/OP05-037_p1.png,https://en.onepiece-cardgame.com/images/cardlist/card/OP05-037_p1.png?260305,,,,,,,,,,,,,,,,,,,,,,,,OP05-037_p1,0,0,0,0,1,0,missing_printing_market_map
766,OP05-037,Because the Side of Justice Will Be Whichever Side Wins!!,R,,2538,766,OP05-037_p2,,parallel_2,Parallel 2,official-cardlist,_unclassified/parallel/OP05-037_p2.png,https://en.onepiece-cardgame.com/images/cardlist/card/OP05-037_p2.png?260305,,,,,,,,,,,,,,,,,,,,,,,,OP05-037_p2,0,0,0,0,1,0,missing_printing_market_map
766,OP05-037,Because the Side of Justice Will Be Whichever Side Wins!!,R,,2539,766,OP05-037_r1,,r1,R1,official-cardlist,PRB02/reprint/OP05-037_r1.png,https://en.onepiece-cardgame.com/images/cardlist/card/OP05-037_r1.png?260305,,,,,,,,,,,,,,,,,,,,,,,,OP05-037_r1,0,0,0,0,1,0,missing_printing_market_map
767,OP05-038,Charlestone,C,,2540,767,OP05-038,,base,Base,official-cardlist,OP05/base/OP05-038.png,https://en.onepiece-cardgame.com/images/cardlist/card/OP05-038.png?260305,1936,2540,2456,HIGH,exact_code_plus_base_flag,2456,528583,Charlestone,Charlestone,OP05-038,C,,tcgcsv,2266,2456,0.01,0.2,1.63,0.15,,,2026-04-02 03:06:18,tcgcsv,OP05-038,1,1,1,0,1,0,missing_tcgplayer_product_id_only
768,OP05-039,Stick-Stickem Meteora,UC,,2542,768,OP05-039,,base,Base,official-cardlist,OP05/base/OP05-039.png,https://en.onepiece-cardgame.com/images/cardlist/card/OP05-039.png?260305,1937,2542,2457,HIGH,exact_code_plus_base_flag,2457,528584,Stick-Stickem Meteora,Stick Stickem Meteora,OP05-039,UC,,tcgcsv,2267,2457,0.01,0.15,1.58,0.07,,,2026-04-02 03:06:18,tcgcsv,OP05-039,1,1,1,0,1,0,missing_tcgplayer_product_id_only
769,OP05-040,Birdcage,C,,2544,769,OP05-040,,base,Base,official-cardlist,OP05/base/OP05-040.png,https://en.onepiece-cardgame.com/images/cardlist/card/OP05-040.png?260305,1938,2544,2458,HIGH,exact_code_plus_base_flag,2458,528585,Birdcage,Birdcage,OP05-040,C,,tcgcsv,2268,2458,0.01,0.15,1.98,0.06,,,2026-04-02 03:06:18,tcgcsv,OP05-040,1,1,1,0,1,0,missing_tcgplayer_product_id_only
770,OP05-041,Sakazuki,L,,2546,770,OP05-041,,base,Base,official-cardlist,OP05/base/OP05-041.png,https://en.onepiece-cardgame.com/images/cardlist/card/OP05-041.png?260305,1861,2546,2378,HIGH,exact_code_plus_base_flag,2378,527011,Sakazuki (Alternate Art),Sakazuki Alternate Art,OP05-041,L,,tcgcsv,2189,2378,20.0,30.23,179.99,27.06,,,2026-04-02 03:06:18,tcgcsv,OP05-041,1,1,1,0,1,0,missing_tcgplayer_product_id_only
770,OP05-041,Sakazuki,L,,2548,770,OP05-041::alt,,alt,Alt,local-catalog,thumbs/OP05-041alt.webp,,,,,,,,,,,,,,,,,,,,,,,,,OP05-041::alt,0,0,0,0,1,0,missing_printing_market_map
770,OP05-041,Sakazuki,L,,2549,770,OP05-041_p1,,parallel_1,Parallel 1,official-cardlist,OP05/parallel/OP05-041_p1.png,https://en.onepiece-cardgame.com/images/cardlist/card/OP05-041_p1.png?260305,,,,,,,,,,,,,,,,,,,,,,,,OP05-041_p1,0,0,0,0,1,0,missing_printing_market_map
771,OP05-042,Issho,R,,2550,771,OP05-042,,base,Base,official-cardlist,OP05/base/OP05-042.png,https://en.onepiece-cardgame.com/images/cardlist/card/OP05-042.png?260305,1031,2550,1432,HIGH,exact_code_plus_base_flag,1432,599748,Issho (Welcome Pack Vol. 1),Issho Welcome Pack Vol 1,OP05-042,R,,tcgcsv,1325,1432,0.1,0.4,30.0,0.39,,,2026-04-02 03:06:17,tcgcsv,OP05-042,1,1,1,0,1,0,missing_tcgplayer_product_id_only
772,OP05-043,Ulti,SR,,2552,772,OP05-043,,base,Base,official-cardlist,OP05/base/OP05-043.png,https://en.onepiece-cardgame.com/images/cardlist/card/OP05-043.png?260305,1885,2552,2405,HIGH,exact_code_plus_base_flag,2405,527793,Ulti,Ulti,OP05-043,SR,,tcgcsv,2215,2405,0.05,0.5,50.0,0.5,,,2026-04-02 03:06:18,tcgcsv,OP05-043,1,1,1,0,1,0,missing_tcgplayer_product_id_only
772,OP05-043,Ulti,SR,,2554,772,OP05-043::alt,,alt,Alt,local-catalog,thumbs/OP05-043alt.webp,,,,,,,,,,,,,,,,,,,,,,,,,OP05-043::alt,0,0,0,0,1,0,missing_printing_market_map
772,OP05-043,Ulti,SR,,2555,772,OP05-043_p1,,parallel_1,Parallel 1,official-cardlist,OP05/parallel/OP05-043_p1.png,https://en.onepiece-cardgame.com/images/cardlist/card/OP05-043_p1.png?260305,,,,,,,,,,,,,,,,,,,,,,,,OP05-043_p1,0,0,0,0,1,0,missing_printing_market_map
772,OP05-043,Ulti,SR,,2556,772,OP05-043_p3,,parallel_3,Parallel 3,official-cardlist,PRB01/parallel/OP05-043_p3.png,https://en.onepiece-cardgame.com/images/cardlist/card/OP05-043_p3.png?260305,,,,,,,,,,,,,,,,,,,,,,,,OP05-043_p3,0,0,0,0,1,0,missing_printing_market_map
772,OP05-043,Ulti,SR,,2557,772,OP05-043::prb01alt,,alt,Prb01Alt,local-catalog,thumbs/OP05-043(PRB01alt).webp,,,,,,,,,,,,,,,,,,,,,,,,,OP05-043::prb01alt,0,0,0,0,1,0,missing_printing_market_map
772,OP05-043,Ulti,SR,,2558,772,OP05-043_r1,,r1,R1,official-cardlist,PRB01/reprint/OP05-043_r1.png,https://en.onepiece-cardgame.com/images/cardlist/card/OP05-043_r1.png?260305,,,,,,,,,,,,,,,,,,,,,,,,OP05-043_r1,0,0,0,0,1,0,missing_printing_market_map
773,OP05-044,John Giant,C,,2559,773,OP05-044,,base,Base,official-cardlist,OP05/base/OP05-044.png,https://en.onepiece-cardgame.com/images/cardlist/card/OP05-044.png?260305,1941,2559,2461,HIGH,exact_code_plus_base_flag,2461,528600,John Giant,John Giant,OP05-044,C,,tcgcsv,2271,2461,0.01,0.12,1.58,0.06,,,2026-04-02 03:06:18,tcgcsv,OP05-044,1,1,1,0,1,0,missing_tcgplayer_product_id_only
774,OP05-045,Stainless,C,,2561,774,OP05-045,,base,Base,official-cardlist,OP05/base/OP05-045.png,https://en.onepiece-cardgame.com/images/cardlist/card/OP05-045.png?260305,1942,2561,2462,HIGH,exact_code_plus_base_flag,2462,528601,Stainless,Stainless,OP05-045,C,,tcgcsv,2272,2462,0.01,0.1,1.58,0.03,,,2026-04-02 03:06:18,tcgcsv,OP05-045,1,1,1,0,1,0,missing_tcgplayer_product_id_only
775,OP05-046,Dalmatian,C,,2563,775,OP05-046,,base,Base,official-cardlist,OP05/base/OP05-046.png,https://en.onepiece-cardgame.com/images/cardlist/card/OP05-046.png?260305,1943,2563,2463,HIGH,exact_code_plus_base_flag,2463,528602,Dalmatian,Dalmatian,OP05-046,C,,tcgcsv,2273,2463,0.01,0.13,1.58,0.04,,,2026-04-02 03:06:18,tcgcsv,OP05-046,1,1,1,0,1,0,missing_tcgplayer_product_id_only
776,OP05-047,Basil Hawkins,C,,2565,776,OP05-047,,base,Base,official-cardlist,OP05/base/OP05-047.png,https://en.onepiece-cardgame.com/images/cardlist/card/OP05-047.png?260305,1944,2565,2464,HIGH,exact_code_plus_base_flag,2464,528603,Basil Hawkins,Basil Hawkins,OP05-047,C,,tcgcsv,2274,2464,0.01,0.15,1.58,0.09,,,2026-04-02 03:06:18,tcgcsv,OP05-047,1,1,1,0,1,0,missing_tcgplayer_product_id_only
777,OP05-048,Bastille,UC,,2567,777,OP05-048,,base,Base,official-cardlist,OP05/base/OP05-048.png,https://en.onepiece-cardgame.com/images/cardlist/card/OP05-048.png?260305,1945,2567,2465,HIGH,exact_code_plus_base_flag,2465,528604,Bastille,Bastille,OP05-048,UC,,tcgcsv,2275,2465,0.01,0.12,1.58,0.09,,,2026-04-02 03:06:18,tcgcsv,OP05-048,1,1,1,0,1,0,missing_tcgplayer_product_id_only
778,OP05-049,Haccha,UC,,2569,778,OP05-049,,base,Base,official-cardlist,OP05/base/OP05-049.png,https://en.onepiece-cardgame.com/images/cardlist/card/OP05-049.png?260305,1946,2569,2466,HIGH,exact_code_plus_base_flag,2466,528605,Haccha,Haccha,OP05-049,UC,,tcgcsv,2276,2466,0.01,0.15,1.52,0.04,,,2026-04-02 03:06:18,tcgcsv,OP05-049,1,1,1,0,1,0,missing_tcgplayer_product_id_only
779,OP05-050,Hina,R,,2571,779,OP05-050,,base,Base,official-cardlist,OP05/base/OP05-050.png,https://en.onepiece-cardgame.com/images/cardlist/card/OP05-050.png?260305,1947,2571,2467,HIGH,exact_code_plus_base_flag,2467,528607,Hina,Hina,OP05-050,R,,tcgcsv,2277,2467,0.04,0.23,10.17,0.17,,,2026-04-02 03:06:18,tcgcsv,OP05-050,1,1,1,0,1,0,missing_tcgplayer_product_id_only
780,OP05-051,Borsalino,SP CARD,,2573,780,OP05-051,,base,Base,official-cardlist,OP05/sp/OP05-051_sp.png,https://en.onepiece-cardgame.com/images/cardlist/card/OP05-051.png?260305,1887,2573,2407,HIGH,exact_code_plus_base_flag,2407,527842,Borsalino,Borsalino,OP05-051,SR,,tcgcsv,2217,2407,0.2,0.5,40.0,0.43,,,2026-04-02 03:06:18,tcgcsv,OP05-051,1,1,1,0,1,0,missing_tcgplayer_product_id_only
780,OP05-051,Borsalino,SP CARD,,2575,780,OP05-051::alt,,alt,Alt,local-catalog,thumbs/OP05-051alt.webp,,,,,,,,,,,,,,,,,,,,,,,,,OP05-051::alt,0,0,0,0,1,0,missing_printing_market_map
780,OP05-051,Borsalino,SP CARD,,2576,780,OP05-051::alt sp,,sp,Alt SP,local-catalog,thumbs/OP05-051alt(SP).webp,,,,,,,,,,,,,,,,,,,,,,,,,OP05-051::alt sp,0,0,0,0,1,0,missing_printing_market_map
780,OP05-051,Borsalino,SP CARD,,2577,780,OP05-051_p1,,parallel_1,Parallel 1,official-cardlist,OP05/parallel/OP05-051_p1.png,https://en.onepiece-cardgame.com/images/cardlist/card/OP05-051_p1.png?260305,,,,,,,,,,,,,,,,,,,,,,,,OP05-051_p1,0,0,0,0,1,0,missing_printing_market_map
780,OP05-051,Borsalino,SP CARD,,2578,780,OP05-051_p2,,parallel_2,Parallel 2,official-cardlist,OP06/parallel/OP05-051_p2.png,https://en.onepiece-cardgame.com/images/cardlist/card/OP05-051_p2.png?260305,,,,,,,,,,,,,,,,,,,,,,,,OP05-051_p2,0,0,0,0,1,0,missing_printing_market_map
781,OP05-052,Maynard,C,,2579,781,OP05-052,,base,Base,official-cardlist,OP05/base/OP05-052.png,https://en.onepiece-cardgame.com/images/cardlist/card/OP05-052.png?260305,1948,2579,2468,HIGH,exact_code_plus_base_flag,2468,528608,Maynard,Maynard,OP05-052,C,,tcgcsv,2278,2468,0.01,0.15,1.58,0.07,,,2026-04-02 03:06:18,tcgcsv,OP05-052,1,1,1,0,1,0,missing_tcgplayer_product_id_only
781,OP05-052,Maynard,C,,2581,781,OP05-052_p1,,parallel_1,Parallel 1,official-cardlist,PRB02/parallel/OP05-052_p1.png,https://en.onepiece-cardgame.com/images/cardlist/card/OP05-052_p1.png?260305,,,,,,,,,,,,,,,,,,,,,,,,OP05-052_p1,0,0,0,0,1,0,missing_printing_market_map
781,OP05-052,Maynard,C,,2582,781,OP05-052_r1,,r1,R1,official-cardlist,PRB02/reprint/OP05-052_r1.png,https://en.onepiece-cardgame.com/images/cardlist/card/OP05-052_r1.png?260305,,,,,,,,,,,,,,,,,,,,,,,,OP05-052_r1,0,0,0,0,1,0,missing_printing_market_map
782,OP05-053,Mozambia,C,,2583,782,OP05-053,,base,Base,official-cardlist,OP05/base/OP05-053.png,https://en.onepiece-cardgame.com/images/cardlist/card/OP05-053.png?260305,1949,2583,2469,HIGH,exact_code_plus_base_flag,2469,528609,Mozambia,Mozambia,OP05-053,C,,tcgcsv,2279,2469,0.01,0.13,1.58,0.04,,,2026-04-02 03:06:18,tcgcsv,OP05-053,1,1,1,0,1,0,missing_tcgplayer_product_id_only
783,OP05-054,Monkey.D.Garp,UC,,2585,783,OP05-054,,base,Base,official-cardlist,OP05/base/OP05-054.png,https://en.onepiece-cardgame.com/images/cardlist/card/OP05-054.png?260305,1950,2585,2470,HIGH,exact_code_plus_base_flag,2470,528610,Monkey.D.Garp,MonkeyDGarp,OP05-054,UC,,tcgcsv,2280,2470,0.01,0.19,1.52,0.1,,,2026-04-02 03:06:18,tcgcsv,OP05-054,1,1,1,0,1,0,missing_tcgplayer_product_id_only
784,OP05-055,X.Drake,R,,2587,784,OP05-055,,base,Base,official-cardlist,OP05/base/OP05-055.png,https://en.onepiece-cardgame.com/images/cardlist/card/OP05-055.png?260305,1899,2587,2419,HIGH,exact_code_plus_base_flag,2419,528314,X.Drake (Alternate Art),XDrake Alternate Art,OP05-055,R,,tcgcsv,2229,2419,1.2,2.69,50.0,1.48,,,2026-04-02 03:06:18,tcgcsv,OP05-055,1,1,1,0,1,0,missing_tcgplayer_product_id_only
784,OP05-055,X.Drake,R,,2589,784,OP05-055::alt,,alt,Alt,local-catalog,thumbs/OP05-055alt.webp,,,,,,,,,,,,,,,,,,,,,,,,,OP05-055::alt,0,0,0,0,1,0,missing_printing_market_map
784,OP05-055,X.Drake,R,,2590,784,OP05-055_p1,,parallel_1,Parallel 1,official-cardlist,OP05/parallel/OP05-055_p1.png,https://en.onepiece-cardgame.com/images/cardlist/card/OP05-055_p1.png?260305,,,,,,,,,,,,,,,,,,,,,,,,OP05-055_p1,0,0,0,0,1,0,missing_printing_market_map
785,OP05-056,X.Barrels,C,,2591,785,OP05-056,,base,Base,official-cardlist,OP05/base/OP05-056.png,https://en.onepiece-cardgame.com/images/cardlist/card/OP05-056.png?260305,1952,2591,2472,HIGH,exact_code_plus_base_flag,2472,528612,X.Barrels,XBarrels,OP05-056,C,,tcgcsv,2282,2472,0.01,0.1,1.58,0.03,,,2026-04-02 03:06:18,tcgcsv,OP05-056,1,1,1,0,1,0,missing_tcgplayer_product_id_only
786,OP05-057,Hound Blaze,R,,2593,786,OP05-057,,base,Base,official-cardlist,OP05/base/OP05-057.png,https://en.onepiece-cardgame.com/images/cardlist/card/OP05-057.png?260305,1953,2593,2473,HIGH,exact_code_plus_base_flag,2473,528613,Hound Blaze,Hound Blaze,OP05-057,R,,tcgcsv,2283,2473,0.01,0.22,5.0,0.13,,,2026-04-02 03:06:18,tcgcsv,OP05-057,1,1,1,0,1,0,missing_tcgplayer_product_id_only
786,OP05-057,Hound Blaze,R,,2595,786,OP05-057_p2,,parallel_2,Parallel 2,official-cardlist,PRB01/parallel/OP05-057_p2.png,https://en.onepiece-cardgame.com/images/cardlist/card/OP05-057_p2.png?260305,,,,,,,,,,,,,,,,,,,,,,,,OP05-057_p2,0,0,0,0,1,0,missing_printing_market_map
786,OP05-057,Hound Blaze,R,,2596,786,OP05-057_p3,,parallel_3,Parallel 3,official-cardlist,PRB01/parallel/OP05-057_p3.png,https://en.onepiece-cardgame.com/images/cardlist/card/OP05-057_p3.png?260305,,,,,,,,,,,,,,,,,,,,,,,,OP05-057_p3,0,0,0,0,1,0,missing_printing_market_map
786,OP05-057,Hound Blaze,R,,2597,786,OP05-057_p4,,parallel_4,Parallel 4,official-cardlist,PRB01/parallel/OP05-057_p4.png,https://en.onepiece-cardgame.com/images/cardlist/card/OP05-057_p4.png?260305,,,,,,,,,,,,,,,,,,,,,,,,OP05-057_p4,0,0,0,0,1,0,missing_printing_market_map
786,OP05-057,Hound Blaze,R,,2598,786,OP05-057::prb01alt,,alt,Prb01Alt,local-catalog,thumbs/OP05-057(PRB01alt).webp,,,,,,,,,,,,,,,,,,,,,,,,,OP05-057::prb01alt,0,0,0,0,1,0,missing_printing_market_map
786,OP05-057,Hound Blaze,R,,2599,786,OP05-057_r1,,r1,R1,official-cardlist,PRB01/reprint/OP05-057_r1.png,https://en.onepiece-cardgame.com/images/cardlist/card/OP05-057_r1.png?260305,,,,,,,,,,,,,,,,,,,,,,,,OP05-057_r1,0,0,0,0,1,0,missing_printing_market_map
787,OP05-058,It's a Waste of Human Life!!,C,,2600,787,OP05-058,,base,Base,official-cardlist,OP05/base/OP05-058.png,https://en.onepiece-cardgame.com/images/cardlist/card/OP05-058.png?260305,1954,2600,2474,HIGH,exact_code_plus_base_flag,2474,528614,It's a Waste of Human Life!!,Its a Waste of Human Life,OP05-058,C,,tcgcsv,2284,2474,0.01,0.12,1.52,0.06,,,2026-04-02 03:06:18,tcgcsv,OP05-058,1,1,1,0,1,0,missing_tcgplayer_product_id_only
788,OP05-059,Let Us Begin the World of Violence!!!,UC,,2602,788,OP05-059,,base,Base,official-cardlist,OP05/base/OP05-059.png,https://en.onepiece-cardgame.com/images/cardlist/card/OP05-059.png?260305,1955,2602,2475,HIGH,exact_code_plus_base_flag,2475,528615,Let Us Begin the World of Violence!!,Let Us Begin the World of Violence,OP05-059,UC,,tcgcsv,2285,2475,0.01,0.15,1.58,0.06,,,2026-04-02 03:06:18,tcgcsv,OP05-059,1,1,1,0,1,0,missing_tcgplayer_product_id_only
789,OP05-060,Monkey.D.Luffy,L,,2604,789,OP05-060,,base,Base,official-cardlist,OP05/base/OP05-060.png,https://en.onepiece-cardgame.com/images/cardlist/card/OP05-060.png?260305,868,2604,1245,HIGH,exact_code_plus_base_flag,1245,557296,Monkey.D.Luffy (PSA Magazine),MonkeyDLuffy PSA Magazine,OP05-060,L,,tcgcsv,1167,1245,255.0,300.0,1500.0,268.94,,,2026-04-02 03:06:17,tcgcsv,OP05-060,1,1,1,0,1,0,missing_tcgplayer_product_id_only
789,OP05-060,Monkey.D.Luffy,L,,2606,789,OP05-060::alt,,alt,Alt,local-catalog,thumbs/OP05-060(alt).webp,,,,,,,,,,,,,,,,,,,,,,,,,OP05-060::alt,0,0,0,0,1,0,missing_printing_market_map
789,OP05-060,Monkey.D.Luffy,L,,2607,789,OP05-060_p1,,parallel_1,Parallel 1,official-cardlist,OP05/parallel/OP05-060_p1.png,https://en.onepiece-cardgame.com/images/cardlist/card/OP05-060_p1.png?260305,,,,,,,,,,,,,,,,,,,,,,,,OP05-060_p1,0,0,0,0,1,0,missing_printing_market_map
789,OP05-060,Monkey.D.Luffy,L,,2608,789,OP05-060_p2,,parallel_2,Parallel 2,official-cardlist,_unclassified/parallel/OP05-060_p2.png,https://en.onepiece-cardgame.com/images/cardlist/card/OP05-060_p2.png?260305,,,,,,,,,,,,,,,,,,,,,,,,OP05-060_p2,0,0,0,0,1,0,missing_printing_market_map
789,OP05-060,Monkey.D.Luffy,L,,2609,789,OP05-060_p3,,parallel_3,Parallel 3,official-cardlist,ST18/parallel/OP05-060_p3.png,https://en.onepiece-cardgame.com/images/cardlist/card/OP05-060_p3.png?260305,,,,,,,,,,,,,,,,,,,,,,,,OP05-060_p3,0,0,0,0,1,0,missing_printing_market_map
789,OP05-060,Monkey.D.Luffy,L,,2610,789,OP05-060_p4,,parallel_4,Parallel 4,official-cardlist,EB02/parallel/OP05-060_p4.png,https://en.onepiece-cardgame.com/images/cardlist/card/OP05-060_p4.png?260305,,,,,,,,,,,,,,,,,,,,,,,,OP05-060_p4,0,0,0,0,1,0,missing_printing_market_map
789,OP05-060,Monkey.D.Luffy,L,,2611,789,OP05-060::psa x bandai promo alt,,promo,Psa X Bandai Promo Alt,local-catalog,thumbs/OP05-060 PSA x Bandai promo alt.webp,,,,,,,,,,,,,,,,,,,,,,,,,OP05-060::psa x bandai promo alt,0,0,0,0,1,0,missing_printing_market_map
789,OP05-060,Monkey.D.Luffy,L,,2612,789,OP05-060::sound loader alt,,promo,Sound Loader Alt,local-catalog,thumbs/OP05-060 SOUND LOADER alt.webp,,,,,,,,,,,,,,,,,,,,,,,,,OP05-060::sound loader alt,0,0,0,0,1,0,missing_printing_market_map
789,OP05-060,Monkey.D.Luffy,L,,2613,789,OP05-060::st18 alt,,alt,St18 Alt,local-catalog,thumbs/OP05-060(ST18 alt).webp,,,,,,,,,,,,,,,,,,,,,,,,,OP05-060::st18 alt,0,0,0,0,1,0,missing_printing_market_map
790,OP05-061,Uso-Hachi,UC,,2614,790,OP05-061,,base,Base,official-cardlist,OP05/base/OP05-061.png,https://en.onepiece-cardgame.com/images/cardlist/card/OP05-061.png?260305,1957,2614,2477,HIGH,exact_code_plus_base_flag,2477,528618,Uso-Hachi,Uso Hachi,OP05-061,UC,,tcgcsv,2287,2477,0.02,0.2,2.5,0.16,,,2026-04-02 03:06:18,tcgcsv,OP05-061,1,1,1,0,1,0,missing_tcgplayer_product_id_only
790,OP05-061,Uso-Hachi,UC,,2616,790,OP05-061_r1,,r1,R1,official-cardlist,ST18/reprint/OP05-061_r1.png,https://en.onepiece-cardgame.com/images/cardlist/card/OP05-061_r1.png?260305,,,,,,,,,,,,,,,,,,,,,,,,OP05-061_r1,0,0,0,0,1,0,missing_printing_market_map
791,OP05-062,O-Nami,UC,,2617,791,OP05-062,,base,Base,official-cardlist,OP05/base/OP05-062.png,https://en.onepiece-cardgame.com/images/cardlist/card/OP05-062.png?260305,1110,2617,1538,HIGH,exact_code_plus_base_flag,1538,623070,O-Nami (Illustration Box Vol.1),O Nami Illustration Box Vol1,OP05-062,UC,,tcgcsv,1419,1538,13.5,21.5,9999.0,14.37,,,2026-04-02 03:06:17,tcgcsv,OP05-062,1,1,1,0,1,0,missing_tcgplayer_product_id_only
792,OP05-063,O-Robi,C,,2619,792,OP05-063,,base,Base,official-cardlist,OP05/base/OP05-063.png,https://en.onepiece-cardgame.com/images/cardlist/card/OP05-063.png?260305,1959,2619,2479,HIGH,exact_code_plus_base_flag,2479,528621,O-Robi,O Robi,OP05-063,C,,tcgcsv,2289,2479,0.01,0.15,5.0,0.08,,,2026-04-02 03:06:18,tcgcsv,OP05-063,1,1,1,0,1,0,missing_tcgplayer_product_id_only
792,OP05-063,O-Robi,C,,2621,792,OP05-063_r1,,r1,R1,official-cardlist,ST18/reprint/OP05-063_r1.png,https://en.onepiece-cardgame.com/images/cardlist/card/OP05-063_r1.png?260305,,,,,,,,,,,,,,,,,,,,,,,,OP05-063_r1,0,0,0,0,1,0,missing_printing_market_map
793,OP05-064,Killer,R,,2622,793,OP05-064,,base,Base,official-cardlist,OP05/base/OP05-064.png,https://en.onepiece-cardgame.com/images/cardlist/card/OP05-064.png?260305,1960,2622,2480,HIGH,exact_code_plus_base_flag,2480,528623,Killer,Killer,OP05-064,R,,tcgcsv,2290,2480,0.04,0.22,10.09,0.12,,,2026-04-02 03:06:18,tcgcsv,OP05-064,1,1,1,0,1,0,missing_tcgplayer_product_id_only
794,OP05-065,San-Gorou,C,,2624,794,OP05-065,,base,Base,official-cardlist,OP05/base/OP05-065.png,https://en.onepiece-cardgame.com/images/cardlist/card/OP05-065.png?260305,1961,2624,2481,HIGH,exact_code_plus_base_flag,2481,528624,San-Gorou,San Gorou,OP05-065,C,,tcgcsv,2291,2481,0.01,0.13,1.58,0.07,,,2026-04-02 03:06:18,tcgcsv,OP05-065,1,1,1,0,1,0,missing_tcgplayer_product_id_only
794,OP05-065,San-Gorou,C,,2626,794,OP05-065_r1,,r1,R1,official-cardlist,ST26/reprint/OP05-065_r1.png,https://en.onepiece-cardgame.com/images/cardlist/card/OP05-065_r1.png?260305,,,,,,,,,,,,,,,,,,,,,,,,OP05-065_r1,0,0,0,0,1,0,missing_printing_market_map
795,OP05-066,Jinbe,C,,2627,795,OP05-066,,base,Base,official-cardlist,OP05/base/OP05-066.png,https://en.onepiece-cardgame.com/images/cardlist/card/OP05-066.png?260305,1962,2627,2482,HIGH,exact_code_plus_base_flag,2482,528625,Jinbe,Jinbe,OP05-066,C,,tcgcsv,2292,2482,0.01,0.13,1.58,0.07,,,2026-04-02 03:06:18,tcgcsv,OP05-066,1,1,1,0,1,0,missing_tcgplayer_product_id_only
795,OP05-066,Jinbe,C,,2629,795,OP05-066_r1,,r1,R1,official-cardlist,ST18/reprint/OP05-066_r1.png,https://en.onepiece-cardgame.com/images/cardlist/card/OP05-066_r1.png?260305,,,,,,,,,,,,,,,,,,,,,,,,OP05-066_r1,0,0,0,0,1,0,missing_printing_market_map
795,OP05-066,Jinbe,C,,2630,795,OP05-066_r2,,r2,R2,official-cardlist,ST26/reprint/OP05-066_r2.png,https://en.onepiece-cardgame.com/images/cardlist/card/OP05-066_r2.png?260305,,,,,,,,,,,,,,,,,,,,,,,,OP05-066_r2,0,0,0,0,1,0,missing_printing_market_map
796,OP05-067,Zoro-Juurou,SP CARD,,2631,796,OP05-067,,base,Base,official-cardlist,OP05/base/OP05-067.png,https://en.onepiece-cardgame.com/images/cardlist/card/OP05-067.png?260305,794,2631,1155,HIGH,exact_code_plus_base_flag,1155,544622,Zoro-Juurou (Judge Pack Vol. 3),Zoro Juurou Judge Pack Vol 3,OP05-067,R,,tcgcsv,1085,1155,5.21,11.19,9999.0,10.18,,,2026-04-02 03:06:17,tcgcsv,OP05-067,1,1,1,0,1,0,missing_tcgplayer_product_id_only
796,OP05-067,Zoro-Juurou,SP CARD,,2633,796,OP05-067::alt,,alt,Alt,local-catalog,thumbs/OP05-067alt.webp,,,,,,,,,,,,,,,,,,,,,,,,,OP05-067::alt,0,0,0,0,1,0,missing_printing_market_map
796,OP05-067,Zoro-Juurou,SP CARD,,2634,796,OP05-067::alt art 3,,alt,Alt Art 3,local-catalog,thumbs/OP05-067(alt3).webp,,,,,,,,,,,,,,,,,,,,,,,,,OP05-067::alt art 3,0,0,0,0,1,0,missing_printing_market_map
796,OP05-067,Zoro-Juurou,SP CARD,,2635,796,OP05-067_p1,,parallel_1,Parallel 1,official-cardlist,OP05/parallel/OP05-067_p1.png,https://en.onepiece-cardgame.com/images/cardlist/card/OP05-067_p1.png?260305,,,,,,,,,,,,,,,,,,,,,,,,OP05-067_p1,0,0,0,0,1,0,missing_printing_market_map
796,OP05-067,Zoro-Juurou,SP CARD,,2636,796,OP05-067_p2,,parallel_2,Parallel 2,official-cardlist,_unclassified/parallel/OP05-067_p2.png,https://en.onepiece-cardgame.com/images/cardlist/card/OP05-067_p2.png?260305,,,,,,,,,,,,,,,,,,,,,,,,OP05-067_p2,0,0,0,0,1,0,missing_printing_market_map
796,OP05-067,Zoro-Juurou,SP CARD,,2637,796,OP05-067_p4,,parallel_4,Parallel 4,official-cardlist,OP09/parallel/OP05-067_p4.png,https://en.onepiece-cardgame.com/images/cardlist/card/OP05-067_p4.png?260305,,,,,,,,,,,,,,,,,,,,,,,,OP05-067_p4,0,0,0,0,1,0,missing_printing_market_map
796,OP05-067,Zoro-Juurou,SP CARD,,2638,796,OP05-067_p5,,parallel_5,Parallel 5,official-cardlist,CS2526EP/parallel/OP05-067_p5.png,https://en.onepiece-cardgame.com/images/cardlist/card/OP05-067_p5.png?260305,,,,,,,,,,,,,,,,,,,,,,,,OP05-067_p5,0,0,0,0,1,0,missing_printing_market_map
796,OP05-067,Zoro-Juurou,SP CARD,,2639,796,OP05-067_p6,,parallel_6,Parallel 6,official-cardlist,_unclassified/parallel/OP05-067_p6.png,https://en.onepiece-cardgame.com/images/cardlist/card/OP05-067_p6.png?260305,,,,,,,,,,,,,,,,,,,,,,,,OP05-067_p6,0,0,0,0,1,0,missing_printing_market_map
796,OP05-067,Zoro-Juurou,SP CARD,,2640,796,OP05-067_r1,,r1,R1,official-cardlist,ST18/reprint/OP05-067_r1.png,https://en.onepiece-cardgame.com/images/cardlist/card/OP05-067_r1.png?260305,,,,,,,,,,,,,,,,,,,,,,,,OP05-067_r1,0,0,0,0,1,0,missing_printing_market_map
796,OP05-067,Zoro-Juurou,SP CARD,,2641,796,OP05-067::s palt,,sp,S Palt,local-catalog,thumbs/OP05-067SPalt.webp,,,,,,,,,,,,,,,,,,,,,,,,,OP05-067::s palt,0,0,0,0,1,0,missing_printing_market_map
797,OP05-068,Chopa-Emon,C,,2642,797,OP05-068,,base,Base,official-cardlist,OP05/base/OP05-068.png,https://en.onepiece-cardgame.com/images/cardlist/card/OP05-068.png?260305,1964,2642,2484,HIGH,exact_code_plus_base_flag,2484,528627,Chopa-Emon,Chopa Emon,OP05-068,C,,tcgcsv,2294,2484,0.01,0.12,5.0,0.06,,,2026-04-02 03:06:18,tcgcsv,OP05-068,1,1,1,0,1,0,missing_tcgplayer_product_id_only
797,OP05-068,Chopa-Emon,C,,2644,797,OP05-068_r1,,r1,R1,official-cardlist,ST18/reprint/OP05-068_r1.png,https://en.onepiece-cardgame.com/images/cardlist/card/OP05-068_r1.png?260305,,,,,,,,,,,,,,,,,,,,,,,,OP05-068_r1,0,0,0,0,1,0,missing_printing_market_map
798,OP05-069,Trafalgar Law,SR,,2645,798,OP05-069,,base,Base,official-cardlist,OP05/base/OP05-069.png,https://en.onepiece-cardgame.com/images/cardlist/card/OP05-069.png?260305,1863,2645,2380,HIGH,exact_code_plus_base_flag,2380,527019,Trafalgar Law (069) (Alternate Art) (Manga),Trafalgar Law 069 Alternate Art Manga,OP05-069,SR,,tcgcsv,2191,2380,2000.0,2300.0,10000.0,1188.12,,,2026-04-02 03:06:18,tcgcsv,OP05-069,1,1,1,0,1,0,missing_tcgplayer_product_id_only
798,OP05-069,Trafalgar Law,SR,,2647,798,OP05-069::alt,,alt,Alt,local-catalog,thumbs/OP05-069alt.webp,,,,,,,,,,,,,,,,,,,,,,,,,OP05-069::alt,0,0,0,0,1,0,missing_printing_market_map
798,OP05-069,Trafalgar Law,SR,,2648,798,OP05-069::manga,,mr,Manga,local-catalog,thumbs/OP05-069 Manga Rare.webp,,,,,,,,,,,,,,,,,,,,,,,,,OP05-069::manga,0,0,0,0,1,0,missing_printing_market_map
798,OP05-069,Trafalgar Law,SR,,2649,798,OP05-069_p1,,parallel_1,Parallel 1,official-cardlist,OP05/parallel/OP05-069_p1.png,https://en.onepiece-cardgame.com/images/cardlist/card/OP05-069_p1.png?260305,,,,,,,,,,,,,,,,,,,,,,,,OP05-069_p1,0,0,0,0,1,0,missing_printing_market_map
798,OP05-069,Trafalgar Law,SR,,2650,798,OP05-069_p2,,parallel_2,Parallel 2,official-cardlist,OP05/parallel/OP05-069_p2.png,https://en.onepiece-cardgame.com/images/cardlist/card/OP05-069_p2.png?260305,,,,,,,,,,,,,,,,,,,,,,,,OP05-069_p2,0,0,0,0,1,0,missing_printing_market_map
798,OP05-069,Trafalgar Law,SR,,2651,798,OP05-069_r1,,r1,R1,official-cardlist,PRB01/reprint/OP05-069_r1.png,https://en.onepiece-cardgame.com/images/cardlist/card/OP05-069_r1.png?260305,,,,,,,,,,,,,,,,,,,,,,,,OP05-069_r1,0,0,0,0,1,0,missing_printing_market_map
799,OP05-070,Fra-Nosuke,UC,,2652,799,OP05-070,,base,Base,official-cardlist,OP05/base/OP05-070.png,https://en.onepiece-cardgame.com/images/cardlist/card/OP05-070.png?260305,1029,2652,1430,HIGH,exact_code_plus_base_flag,1430,599739,Fra-Nosuke (Welcome Pack Vol. 1),Fra Nosuke Welcome Pack Vol 1,OP05-070,UC,,tcgcsv,1323,1430,0.45,0.85,18.0,0.58,,,2026-04-02 03:06:17,tcgcsv,OP05-070,1,1,1,0,1,0,missing_tcgplayer_product_id_only
799,OP05-070,Fra-Nosuke,UC,,2654,799,OP05-070_r1,,r1,R1,official-cardlist,ST18/reprint/OP05-070_r1.png,https://en.onepiece-cardgame.com/images/cardlist/card/OP05-070_r1.png?260305,,,,,,,,,,,,,,,,,,,,,,,,OP05-070_r1,0,0,0,0,1,0,missing_printing_market_map
799,OP05-070,Fra-Nosuke,UC,,2655,799,OP05-070_r2,,r2,R2,official-cardlist,ST26/reprint/OP05-070_r2.png,https://en.onepiece-cardgame.com/images/cardlist/card/OP05-070_r2.png?260305,,,,,,,,,,,,,,,,,,,,,,,,OP05-070_r2,0,0,0,0,1,0,missing_printing_market_map
800,OP05-071,Bepo,R,,2656,800,OP05-071,,base,Base,official-cardlist,OP05/base/OP05-071.png,https://en.onepiece-cardgame.com/images/cardlist/card/OP05-071.png?260305,1966,2656,2486,HIGH,exact_code_plus_base_flag,2486,528630,Bepo,Bepo,OP05-071,R,,tcgcsv,2296,2486,0.01,0.2,5.0,0.14,,,2026-04-02 03:06:18,tcgcsv,OP05-071,1,1,1,0,1,0,missing_tcgplayer_product_id_only
801,OP05-072,Hone-Kichi,C,,2658,801,OP05-072,,base,Base,official-cardlist,OP05/base/OP05-072.png,https://en.onepiece-cardgame.com/images/cardlist/card/OP05-072.png?260305,1967,2658,2487,HIGH,exact_code_plus_base_flag,2487,528631,Hone-Kichi,Hone Kichi,OP05-072,C,,tcgcsv,2297,2487,0.01,0.12,1.58,0.06,,,2026-04-02 03:06:18,tcgcsv,OP05-072,1,1,1,0,1,0,missing_tcgplayer_product_id_only
801,OP05-072,Hone-Kichi,C,,2660,801,OP05-072_r1,,r1,R1,official-cardlist,ST18/reprint/OP05-072_r1.png,https://en.onepiece-cardgame.com/images/cardlist/card/OP05-072_r1.png?260305,,,,,,,,,,,,,,,,,,,,,,,,OP05-072_r1,0,0,0,0,1,0,missing_printing_market_map
802,OP05-073,Miss Doublefinger(Zala),UC,,2661,802,OP05-073,,base,Base,official-cardlist,OP05/base/OP05-073.png,https://en.onepiece-cardgame.com/images/cardlist/card/OP05-073.png?260305,795,2661,1156,HIGH,exact_code_plus_base_flag,1156,544623,Miss Doublefinger(Zala) (Judge Pack Vol. 3),Miss DoublefingerZala Judge Pack Vol 3,OP05-073,UC,,tcgcsv,1086,1156,0.5,1.19,2.99,1.17,,,2026-04-02 03:06:17,tcgcsv,OP05-073,1,1,1,0,1,0,missing_tcgplayer_product_id_only
802,OP05-073,Miss Doublefinger(Zala),UC,,2663,802,OP05-073_p2,,parallel_2,Parallel 2,official-cardlist,PRB01/parallel/OP05-073_p2.png,https://en.onepiece-cardgame.com/images/cardlist/card/OP05-073_p2.png?260305,,,,,,,,,,,,,,,,,,,,,,,,OP05-073_p2,0,0,0,0,1,0,missing_printing_market_map
802,OP05-073,Miss Doublefinger(Zala),UC,,2664,802,OP05-073_p3,,parallel_3,Parallel 3,official-cardlist,PRB01/parallel/OP05-073_p3.png,https://en.onepiece-cardgame.com/images/cardlist/card/OP05-073_p3.png?260305,,,,,,,,,,,,,,,,,,,,,,,,OP05-073_p3,0,0,0,0,1,0,missing_printing_market_map
802,OP05-073,Miss Doublefinger(Zala),UC,,2665,802,OP05-073_r1,,r1,R1,official-cardlist,PRB01/reprint/OP05-073_r1.png,https://en.onepiece-cardgame.com/images/cardlist/card/OP05-073_r1.png?260305,,,,,,,,,,,,,,,,,,,,,,,,OP05-073_r1,0,0,0,0,1,0,missing_printing_market_map
803,OP05-074,"Eustass""Captain""Kid",SR,,2666,803,OP05-074,,base,Base,official-cardlist,OP05/base/OP05-074.png,https://en.onepiece-cardgame.com/images/cardlist/card/OP05-074.png?260305,1864,2666,2381,HIGH,exact_code_plus_base_flag,2381,527020,"Eustass""Captain""Kid (Alternate Art) (Manga)",EustassCaptainKid Alternate Art Manga,OP05-074,SR,,tcgcsv,2192,2381,1095.0,1199.0,1650.0,765.72,,,2026-04-02 03:06:18,tcgcsv,OP05-074,1,1,1,0,1,0,missing_tcgplayer_product_id_only
803,OP05-074,"Eustass""Captain""Kid",SR,,2668,803,OP05-074::alt,,alt,Alt,local-catalog,thumbs/OP05-074alt.webp,,,,,,,,,,,,,,,,,,,,,,,,,OP05-074::alt,0,0,0,0,1,0,missing_printing_market_map
803,OP05-074,"Eustass""Captain""Kid",SR,,2669,803,OP05-074::manga,,mr,Manga,local-catalog,thumbs/OP05-074 Manga Rare.webp,,,,,,,,,,,,,,,,,,,,,,,,,OP05-074::manga,0,0,0,0,1,0,missing_printing_market_map
803,OP05-074,"Eustass""Captain""Kid",SR,,2670,803,OP05-074_p1,,parallel_1,Parallel 1,official-cardlist,OP05/parallel/OP05-074_p1.png,https://en.onepiece-cardgame.com/images/cardlist/card/OP05-074_p1.png?260305,,,,,,,,,,,,,,,,,,,,,,,,OP05-074_p1,0,0,0,0,1,0,missing_printing_market_map
803,OP05-074,"Eustass""Captain""Kid",SR,,2671,803,OP05-074_p2,,parallel_2,Parallel 2,official-cardlist,OP05/parallel/OP05-074_p2.png,https://en.onepiece-cardgame.com/images/cardlist/card/OP05-074_p2.png?260305,,,,,,,,,,,,,,,,,,,,,,,,OP05-074_p2,0,0,0,0,1,0,missing_printing_market_map
803,OP05-074,"Eustass""Captain""Kid",SR,,2672,803,OP05-074_p3,,parallel_3,Parallel 3,official-cardlist,OP07/parallel/OP05-074_p3.png,https://en.onepiece-cardgame.com/images/cardlist/card/OP05-074_p3.png?260305,,,,,,,,,,,,,,,,,,,,,,,,OP05-074_p3,0,0,0,0,1,0,missing_printing_market_map
803,OP05-074,"Eustass""Captain""Kid",SR,,2673,803,OP05-074_p5,,parallel_5,Parallel 5,official-cardlist,PRB01/parallel/OP05-074_p5.png,https://en.onepiece-cardgame.com/images/cardlist/card/OP05-074_p5.png?260305,,,,,,,,,,,,,,,,,,,,,,,,OP05-074_p5,0,0,0,0,1,0,missing_printing_market_map
803,OP05-074,"Eustass""Captain""Kid",SR,,2674,803,OP05-074::prb01alt,,alt,Prb01Alt,local-catalog,thumbs/OP05-074(PRB01alt).webp,,,,,,,,,,,,,,,,,,,,,,,,,OP05-074::prb01alt,0,0,0,0,1,0,missing_printing_market_map
803,OP05-074,"Eustass""Captain""Kid",SR,,2675,803,OP05-074_r1,,r1,R1,official-cardlist,PRB01/reprint/OP05-074_r1.png,https://en.onepiece-cardgame.com/images/cardlist/card/OP05-074_r1.png?260305,,,,,,,,,,,,,,,,,,,,,,,,OP05-074_r1,0,0,0,0,1,0,missing_printing_market_map
803,OP05-074,"Eustass""Captain""Kid",SR,,2676,803,OP05-074_r2,,r2,R2,official-cardlist,PRB01/reprint/OP05-074_r2.png,https://en.onepiece-cardgame.com/images/cardlist/card/OP05-074_r2.png?260305,,,,,,,,,,,,,,,,,,,,,,,,OP05-074_r2,0,0,0,0,1,0,missing_printing_market_map
803,OP05-074,"Eustass""Captain""Kid",SR,,2677,803,OP05-074::s p,,sp,S P,local-catalog,thumbs/OP05-074SP.webp,,,,,,,,,,,,,,,,,,,,,,,,,OP05-074::s p,0,0,0,0,1,0,missing_printing_market_map
804,OP05-075,Mr.1(Daz.Bonez),C,,2678,804,OP05-075,,base,Base,official-cardlist,OP05/base/OP05-075.png,https://en.onepiece-cardgame.com/images/cardlist/card/OP05-075.png?260305,1970,2678,2490,HIGH,exact_code_plus_base_flag,2490,528635,Mr.1 (Daz.Bonez),Mr1 DazBonez,OP05-075,C,,tcgcsv,2300,2490,0.01,0.12,1.58,0.05,,,2026-04-02 03:06:18,tcgcsv,OP05-075,1,1,1,0,1,0,missing_tcgplayer_product_id_only
805,OP05-076,When You're at Sea You Fight against Pirates!!,R,,2680,805,OP05-076,,base,Base,official-cardlist,OP05/base/OP05-076.png,https://en.onepiece-cardgame.com/images/cardlist/card/OP05-076.png?260305,1187,2680,1625,HIGH,exact_code_plus_base_flag,1625,641243,When You're at Sea You Fight against Pirates!! (2025 Pirates League Store Qualifier),When Youre at Sea You Fight against Pirates 2025 Pirates League Store Qualifier,OP05-076,R,,tcgcsv,1503,1625,10.0,17.0,45.0,16.7,,,2026-04-02 03:06:17,tcgcsv,OP05-076,1,1,1,0,1,0,missing_tcgplayer_product_id_only
805,OP05-076,When You're at Sea You Fight against Pirates!!,R,,2682,805,OP05-076_p1,,parallel_1,Parallel 1,official-cardlist,ST18/parallel/OP05-076_p1.png,https://en.onepiece-cardgame.com/images/cardlist/card/OP05-076_p1.png?260305,,,,,,,,,,,,,,,,,,,,,,,,OP05-076_p1,0,0,0,0,1,0,missing_printing_market_map
805,OP05-076,When You're at Sea You Fight against Pirates!!,R,,2683,805,OP05-076_p2,,parallel_2,Parallel 2,official-cardlist,_unclassified/parallel/OP05-076_p2.png,https://en.onepiece-cardgame.com/images/cardlist/card/OP05-076_p2.png?260305,,,,,,,,,,,,,,,,,,,,,,,,OP05-076_p2,0,0,0,0,1,0,missing_printing_market_map
805,OP05-076,When You're at Sea You Fight against Pirates!!,R,,2684,805,OP05-076_p3,,parallel_3,Parallel 3,official-cardlist,_unclassified/parallel/OP05-076_p3.png,https://en.onepiece-cardgame.com/images/cardlist/card/OP05-076_p3.png?260305,,,,,,,,,,,,,,,,,,,,,,,,OP05-076_p3,0,0,0,0,1,0,missing_printing_market_map
805,OP05-076,When You're at Sea You Fight against Pirates!!,R,,2685,805,OP05-076_p4,,parallel_4,Parallel 4,official-cardlist,_unclassified/parallel/OP05-076_p4.png,https://en.onepiece-cardgame.com/images/cardlist/card/OP05-076_p4.png?260305,,,,,,,,,,,,,,,,,,,,,,,,OP05-076_p4,0,0,0,0,1,0,missing_printing_market_map
806,OP05-077,Gamma Knife,C,,2686,806,OP05-077,,base,Base,official-cardlist,OP05/base/OP05-077.png,https://en.onepiece-cardgame.com/images/cardlist/card/OP05-077.png?260305,1972,2686,2492,HIGH,exact_code_plus_base_flag,2492,528637,Gamma Knife,Gamma Knife,OP05-077,C,,tcgcsv,2302,2492,0.03,0.21,1.98,0.15,,,2026-04-02 03:06:18,tcgcsv,OP05-077,1,1,1,0,1,0,missing_tcgplayer_product_id_only
806,OP05-077,Gamma Knife,C,,2688,806,OP05-077_p1,,parallel_1,Parallel 1,official-cardlist,PRB02/parallel/OP05-077_p1.png,https://en.onepiece-cardgame.com/images/cardlist/card/OP05-077_p1.png?260305,,,,,,,,,,,,,,,,,,,,,,,,OP05-077_p1,0,0,0,0,1,0,missing_printing_market_map
806,OP05-077,Gamma Knife,C,,2689,806,OP05-077_r1,,r1,R1,official-cardlist,PRB02/reprint/OP05-077_r1.png,https://en.onepiece-cardgame.com/images/cardlist/card/OP05-077_r1.png?260305,,,,,,,,,,,,,,,,,,,,,,,,OP05-077_r1,0,0,0,0,1,0,missing_printing_market_map
807,OP05-078,Punk Rotten,UC,,2690,807,OP05-078,,base,Base,official-cardlist,OP05/base/OP05-078.png,https://en.onepiece-cardgame.com/images/cardlist/card/OP05-078.png?260305,1973,2690,2493,HIGH,exact_code_plus_base_flag,2493,528638,Punk Rotten,Punk Rotten,OP05-078,UC,,tcgcsv,2303,2493,0.01,0.15,15.0,0.08,,,2026-04-02 03:06:18,tcgcsv,OP05-078,1,1,1,0,1,0,missing_tcgplayer_product_id_only
808,OP05-079,Viola,UC,,2692,808,OP05-079,,base,Base,official-cardlist,OP05/base/OP05-079.png,https://en.onepiece-cardgame.com/images/cardlist/card/OP05-079.png?260305,1974,2692,2494,HIGH,exact_code_plus_base_flag,2494,528639,Viola,Viola,OP05-079,UC,,tcgcsv,2304,2494,0.01,0.15,2.0,0.08,,,2026-04-02 03:06:18,tcgcsv,OP05-079,1,1,1,0,1,0,missing_tcgplayer_product_id_only
809,OP05-080,Elizabello II,UC,,2694,809,OP05-080,,base,Base,official-cardlist,OP05/base/OP05-080.png,https://en.onepiece-cardgame.com/images/cardlist/card/OP05-080.png?260305,1975,2694,2495,HIGH,exact_code_plus_base_flag,2495,528640,Elizabello II,Elizabello II,OP05-080,UC,,tcgcsv,2305,2495,0.01,0.16,1.58,0.1,,,2026-04-02 03:06:18,tcgcsv,OP05-080,1,1,1,0,1,0,missing_tcgplayer_product_id_only
810,OP05-081,One-Legged Toy Soldier,UC,,2696,810,OP05-081,,base,Base,official-cardlist,OP05/base/OP05-081.png,https://en.onepiece-cardgame.com/images/cardlist/card/OP05-081.png?260305,1976,2696,2496,HIGH,exact_code_plus_base_flag,2496,528641,One-Legged Toy Soldier,One Legged Toy Soldier,OP05-081,UC,,tcgcsv,2306,2496,0.05,0.25,1.98,0.17,,,2026-04-02 03:06:18,tcgcsv,OP05-081,1,1,1,0,1,0,missing_tcgplayer_product_id_only
810,OP05-081,One-Legged Toy Soldier,UC,,2698,810,OP05-081_p2,,parallel_2,Parallel 2,official-cardlist,PRB01/parallel/OP05-081_p2.png,https://en.onepiece-cardgame.com/images/cardlist/card/OP05-081_p2.png?260305,,,,,,,,,,,,,,,,,,,,,,,,OP05-081_p2,0,0,0,0,1,0,missing_printing_market_map
810,OP05-081,One-Legged Toy Soldier,UC,,2699,810,OP05-081_p3,,parallel_3,Parallel 3,official-cardlist,PRB01/parallel/OP05-081_p3.png,https://en.onepiece-cardgame.com/images/cardlist/card/OP05-081_p3.png?260305,,,,,,,,,,,,,,,,,,,,,,,,OP05-081_p3,0,0,0,0,1,0,missing_printing_market_map
810,OP05-081,One-Legged Toy Soldier,UC,,2700,810,OP05-081_p4,,parallel_4,Parallel 4,official-cardlist,PRB01/parallel/OP05-081_p4.png,https://en.onepiece-cardgame.com/images/cardlist/card/OP05-081_p4.png?260305,,,,,,,,,,,,,,,,,,,,,,,,OP05-081_p4,0,0,0,0,1,0,missing_printing_market_map
810,OP05-081,One-Legged Toy Soldier,UC,,2701,810,OP05-081::prb01alt,,alt,Prb01Alt,local-catalog,thumbs/OP05-081(PRB01alt).webp,,,,,,,,,,,,,,,,,,,,,,,,,OP05-081::prb01alt,0,0,0,0,1,0,missing_printing_market_map
810,OP05-081,One-Legged Toy Soldier,UC,,2702,810,OP05-081_r1,,r1,R1,official-cardlist,PRB01/reprint/OP05-081_r1.png,https://en.onepiece-cardgame.com/images/cardlist/card/OP05-081_r1.png?260305,,,,,,,,,,,,,,,,,,,,,,,,OP05-081_r1,0,0,0,0,1,0,missing_printing_market_map
811,OP05-082,Shirahoshi,R,,2703,811,OP05-082,,base,Base,official-cardlist,OP05/base/OP05-082.png,https://en.onepiece-cardgame.com/images/cardlist/card/OP05-082.png?260305,1977,2703,2497,HIGH,exact_code_plus_base_flag,2497,528642,Shirahoshi,Shirahoshi,OP05-082,R,,tcgcsv,2307,2497,0.81,1.98,25.0,1.23,,,2026-04-02 03:06:18,tcgcsv,OP05-082,1,1,1,0,1,0,missing_tcgplayer_product_id_only
811,OP05-082,Shirahoshi,R,,2705,811,OP05-082_p2,,parallel_2,Parallel 2,official-cardlist,PRB01/parallel/OP05-082_p2.png,https://en.onepiece-cardgame.com/images/cardlist/card/OP05-082_p2.png?260305,,,,,,,,,,,,,,,,,,,,,,,,OP05-082_p2,0,0,0,0,1,0,missing_printing_market_map
811,OP05-082,Shirahoshi,R,,2706,811,OP05-082_p3,,parallel_3,Parallel 3,official-cardlist,PRB01/parallel/OP05-082_p3.png,https://en.onepiece-cardgame.com/images/cardlist/card/OP05-082_p3.png?260305,,,,,,,,,,,,,,,,,,,,,,,,OP05-082_p3,0,0,0,0,1,0,missing_printing_market_map
811,OP05-082,Shirahoshi,R,,2707,811,OP05-082_p4,,parallel_4,Parallel 4,official-cardlist,PRB01/parallel/OP05-082_p4.png,https://en.onepiece-cardgame.com/images/cardlist/card/OP05-082_p4.png?260305,,,,,,,,,,,,,,,,,,,,,,,,OP05-082_p4,0,0,0,0,1,0,missing_printing_market_map
811,OP05-082,Shirahoshi,R,,2708,811,OP05-082::prb01alt2,,alt,Prb01Alt2,local-catalog,thumbs/OP05-082(PRB01alt2).webp,,,,,,,,,,,,,,,,,,,,,,,,,OP05-082::prb01alt2,0,0,0,0,1,0,missing_printing_market_map
811,OP05-082,Shirahoshi,R,,2709,811,OP05-082_r1,,r1,R1,official-cardlist,PRB01/reprint/OP05-082_r1.png,https://en.onepiece-cardgame.com/images/cardlist/card/OP05-082_r1.png?260305,,,,,,,,,,,,,,,,,,,,,,,,OP05-082_r1,0,0,0,0,1,0,missing_printing_market_map
812,OP05-083,Sterry,C,,2710,812,OP05-083,,base,Base,official-cardlist,OP05/base/OP05-083.png,https://en.onepiece-cardgame.com/images/cardlist/card/OP05-083.png?260305,1978,2710,2498,HIGH,exact_code_plus_base_flag,2498,528643,Sterry,Sterry,OP05-083,C,,tcgcsv,2308,2498,0.01,0.11,1.58,0.03,,,2026-04-02 03:06:18,tcgcsv,OP05-083,1,1,1,0,1,0,missing_tcgplayer_product_id_only
813,OP05-084,Saint Charlos,C,,2712,813,OP05-084,,base,Base,official-cardlist,OP05/base/OP05-084.png,https://en.onepiece-cardgame.com/images/cardlist/card/OP05-084.png?260305,1979,2712,2499,HIGH,exact_code_plus_base_flag,2499,528645,Saint Charlos,Saint Charlos,OP05-084,C,,tcgcsv,2309,2499,0.01,0.15,1.58,0.05,,,2026-04-02 03:06:18,tcgcsv,OP05-084,1,1,1,0,1,0,missing_tcgplayer_product_id_only
814,OP05-085,Nefeltari Cobra,UC,,2714,814,OP05-085,,base,Base,official-cardlist,OP05/base/OP05-085.png,https://en.onepiece-cardgame.com/images/cardlist/card/OP05-085.png?260305,1980,2714,2500,HIGH,exact_code_plus_base_flag,2500,528646,Nefeltari Cobra,Nefeltari Cobra,OP05-085,UC,,tcgcsv,2310,2500,0.01,0.15,1.58,0.07,,,2026-04-02 03:06:18,tcgcsv,OP05-085,1,1,1,0,1,0,missing_tcgplayer_product_id_only
815,OP05-086,Nefeltari Vivi,R,,2716,815,OP05-086,,base,Base,official-cardlist,OP05/base/OP05-086.png,https://en.onepiece-cardgame.com/images/cardlist/card/OP05-086.png?260305,974,2716,1368,HIGH,exact_code_plus_base_flag,1368,583773,Nefeltari Vivi (October Championship 2024 Store Regionals),Nefeltari Vivi October Championship 2024 Store Regionals,OP05-086,R,,tcgcsv,1271,1368,3999.99,3999.99,3999.99,1859.99,,,2026-04-02 03:06:17,tcgcsv,OP05-086,1,1,1,0,1,0,missing_tcgplayer_product_id_only
815,OP05-086,Nefeltari Vivi,R,,2718,815,OP05-086::alt,,alt,Alt,local-catalog,thumbs/OP05-086alt.webp,,,,,,,,,,,,,,,,,,,,,,,,,OP05-086::alt,0,0,0,0,1,0,missing_printing_market_map
815,OP05-086,Nefeltari Vivi,R,,2719,815,OP05-086_p1,,parallel_1,Parallel 1,official-cardlist,REG2024W3/parallel/OP05-086_p1.png,https://en.onepiece-cardgame.com/images/cardlist/card/OP05-086_p1.png?260305,,,,,,,,,,,,,,,,,,,,,,,,OP05-086_p1,0,0,0,0,1,0,missing_printing_market_map
816,OP05-087,Hakuba,C,,2720,816,OP05-087,,base,Base,official-cardlist,OP05/base/OP05-087.png,https://en.onepiece-cardgame.com/images/cardlist/card/OP05-087.png?260305,1982,2720,2502,HIGH,exact_code_plus_base_flag,2502,528650,Hakuba,Hakuba,OP05-087,C,,tcgcsv,2312,2502,0.01,0.15,1.58,0.08,,,2026-04-02 03:06:18,tcgcsv,OP05-087,1,1,1,0,1,0,missing_tcgplayer_product_id_only
817,OP05-088,Mansherry,R,,2722,817,OP05-088,,base,Base,official-cardlist,OP05/base/OP05-088.png,https://en.onepiece-cardgame.com/images/cardlist/card/OP05-088.png?260305,957,2722,1351,HIGH,exact_code_plus_base_flag,1351,583748,Mansherry (Judge Pack Vol. 4),Mansherry Judge Pack Vol 4,OP05-088,R,,tcgcsv,1254,1351,0.25,0.5,6.59,0.49,,,2026-04-02 03:06:17,tcgcsv,OP05-088,1,1,1,0,1,0,missing_tcgplayer_product_id_only
817,OP05-088,Mansherry,R,,2724,817,OP05-088::alt,,alt,Alt,local-catalog,thumbs/OP05-088alt.webp,,,,,,,,,,,,,,,,,,,,,,,,,OP05-088::alt,0,0,0,0,1,0,missing_printing_market_map
817,OP05-088,Mansherry,R,,2725,817,OP05-088_p1,,parallel_1,Parallel 1,official-cardlist,OP05/parallel/OP05-088_p1.png,https://en.onepiece-cardgame.com/images/cardlist/card/OP05-088_p1.png?260305,,,,,,,,,,,,,,,,,,,,,,,,OP05-088_p1,0,0,0,0,1,0,missing_printing_market_map
818,OP05-089,Saint Mjosgard,C,,2726,818,OP05-089,,base,Base,official-cardlist,OP05/base/OP05-089.png,https://en.onepiece-cardgame.com/images/cardlist/card/OP05-089.png?260305,1983,2726,2503,HIGH,exact_code_plus_base_flag,2503,528651,Saint Mjosgard,Saint Mjosgard,OP05-089,C,,tcgcsv,2313,2503,0.01,0.13,4.45,0.05,,,2026-04-02 03:06:18,tcgcsv,OP05-089,1,1,1,0,1,0,missing_tcgplayer_product_id_only
819,OP05-090,Riku Doldo III,C,,2728,819,OP05-090,,base,Base,official-cardlist,OP05/base/OP05-090.png,https://en.onepiece-cardgame.com/images/cardlist/card/OP05-090.png?260305,1984,2728,2504,HIGH,exact_code_plus_base_flag,2504,528653,Riku Doldo III,Riku Doldo III,OP05-090,C,,tcgcsv,2314,2504,0.01,0.15,1.58,0.07,,,2026-04-02 03:06:18,tcgcsv,OP05-090,1,1,1,0,1,0,missing_tcgplayer_product_id_only
820,OP05-091,Rebecca,SR,,2730,820,OP05-091,,base,Base,official-cardlist,OP05/sp/OP05-091_sp.png,https://en.onepiece-cardgame.com/images/cardlist/card/OP05-091.png?260305,976,2730,1370,HIGH,exact_code_plus_base_flag,1370,584366,Rebecca (October Championship 2024 Online Regional),Rebecca October Championship 2024 Online Regional,OP05-091,SR,,tcgcsv,1273,1370,5000.0,5000.0,5000.0,,,,2026-04-02 03:06:17,tcgcsv,OP05-091,1,1,1,0,1,0,missing_tcgplayer_product_id_only
820,OP05-091,Rebecca,SR,,2732,820,OP05-091::alt,,alt,Alt,local-catalog,thumbs/OP05-091alt.webp,,,,,,,,,,,,,,,,,,,,,,,,,OP05-091::alt,0,0,0,0,1,0,missing_printing_market_map
820,OP05-091,Rebecca,SR,,2733,820,OP05-091::alt art 2,,alt,Alt Art 2,local-catalog,thumbs/OP05-091alt2.webp,,,,,,,,,,,,,,,,,,,,,,,,,OP05-091::alt art 2,0,0,0,0,1,0,missing_printing_market_map
820,OP05-091,Rebecca,SR,,2734,820,OP05-091::alt sp,,sp,Alt SP,local-catalog,thumbs/OP05-091alt(SP).webp,,,,,,,,,,,,,,,,,,,,,,,,,OP05-091::alt sp,0,0,0,0,1,0,missing_printing_market_map
820,OP05-091,Rebecca,SR,,2735,820,OP05-091_p1,,parallel_1,Parallel 1,official-cardlist,OP05/parallel/OP05-091_p1.png,https://en.onepiece-cardgame.com/images/cardlist/card/OP05-091_p1.png?260305,,,,,,,,,,,,,,,,,,,,,,,,OP05-091_p1,0,0,0,0,1,0,missing_printing_market_map
820,OP05-091,Rebecca,SR,,2736,820,OP05-091_p2,,parallel_2,Parallel 2,official-cardlist,OP06/parallel/OP05-091_p2.png,https://en.onepiece-cardgame.com/images/cardlist/card/OP05-091_p2.png?260305,,,,,,,,,,,,,,,,,,,,,,,,OP05-091_p2,0,0,0,0,1,0,missing_printing_market_map
820,OP05-091,Rebecca,SR,,2737,820,OP05-091_p3,,parallel_3,Parallel 3,official-cardlist,REG2024W3/parallel/OP05-091_p3.png,https://en.onepiece-cardgame.com/images/cardlist/card/OP05-091_p3.png?260305,,,,,,,,,,,,,,,,,,,,,,,,OP05-091_p3,0,0,0,0,1,0,missing_printing_market_map
820,OP05-091,Rebecca,SR,,2738,820,OP05-091_p4,,parallel_4,Parallel 4,official-cardlist,PRB02/parallel/OP05-091_p4.png,https://en.onepiece-cardgame.com/images/cardlist/card/OP05-091_p4.png?260305,,,,,,,,,,,,,,,,,,,,,,,,OP05-091_p4,0,0,0,0,1,0,missing_printing_market_map
820,OP05-091,Rebecca,SR,,2739,820,OP05-091::prb02,,alt,Prb02,local-catalog,thumbs/OP05-091(PRB02).webp,,,,,,,,,,,,,,,,,,,,,,,,,OP05-091::prb02,0,0,0,0,1,0,missing_printing_market_map
820,OP05-091,Rebecca,SR,,2740,820,OP05-091_r1,,r1,R1,official-cardlist,PRB02/reprint/OP05-091_r1.png,https://en.onepiece-cardgame.com/images/cardlist/card/OP05-091_r1.png?260305,,,,,,,,,,,,,,,,,,,,,,,,OP05-091_r1,0,0,0,0,1,0,missing_printing_market_map
821,OP05-092,Saint Rosward,C,,2741,821,OP05-092,,base,Base,official-cardlist,OP05/base/OP05-092.png,https://en.onepiece-cardgame.com/images/cardlist/card/OP05-092.png?260305,1985,2741,2505,HIGH,exact_code_plus_base_flag,2505,528655,Saint Rosward,Saint Rosward,OP05-092,C,,tcgcsv,2315,2505,0.01,0.15,1.52,0.08,,,2026-04-02 03:06:18,tcgcsv,OP05-092,1,1,1,0,1,0,missing_tcgplayer_product_id_only
822,OP05-093,Rob Lucci,SP CARD,,2743,822,OP05-093,,base,Base,official-cardlist,OP05/base/OP05-093.png,https://en.onepiece-cardgame.com/images/cardlist/card/OP05-093.png?260305,1113,2743,1541,HIGH,exact_code_plus_base_flag,1541,623073,Rob Lucci (Illustration Box EX),Rob Lucci Illustration Box EX,OP05-093,SR,,tcgcsv,1422,1541,64.99,84.99,300.0,85.12,,,2026-04-02 03:06:17,tcgcsv,OP05-093,1,1,1,0,1,0,missing_tcgplayer_product_id_only
822,OP05-093,Rob Lucci,SP CARD,,2745,822,OP05-093::2nd anniversary alt,,promo,2Nd Anniversary Alt,local-catalog,thumbs/OP05-093(2nd anniversary alt).webp,,,,,,,,,,,,,,,,,,,,,,,,,OP05-093::2nd anniversary alt,0,0,0,0,1,0,missing_printing_market_map
822,OP05-093,Rob Lucci,SP CARD,,2746,822,OP05-093::alt,,alt,Alt,local-catalog,thumbs/OP05-093alt.webp,,,,,,,,,,,,,,,,,,,,,,,,,OP05-093::alt,0,0,0,0,1,0,missing_printing_market_map
822,OP05-093,Rob Lucci,SP CARD,,2747,822,OP05-093::alt art 2,,alt,Alt Art 2,local-catalog,thumbs/OP05-093alt2.webp,,,,,,,,,,,,,,,,,,,,,,,,,OP05-093::alt art 2,0,0,0,0,1,0,missing_printing_market_map
822,OP05-093,Rob Lucci,SP CARD,,2748,822,OP05-093_p1,,parallel_1,Parallel 1,official-cardlist,OP05/parallel/OP05-093_p1.png,https://en.onepiece-cardgame.com/images/cardlist/card/OP05-093_p1.png?260305,,,,,,,,,,,,,,,,,,,,,,,,OP05-093_p1,0,0,0,0,1,0,missing_printing_market_map
822,OP05-093,Rob Lucci,SP CARD,,2749,822,OP05-093_p2,,parallel_2,Parallel 2,official-cardlist,OP09/parallel/OP05-093_p2.png,https://en.onepiece-cardgame.com/images/cardlist/card/OP05-093_p2.png?260305,,,,,,,,,,,,,,,,,,,,,,,,OP05-093_p2,0,0,0,0,1,0,missing_printing_market_map
822,OP05-093,Rob Lucci,SP CARD,,2750,822,OP05-093::s palt,,sp,S Palt,local-catalog,thumbs/OP05-093SPalt.webp,,,,,,,,,,,,,,,,,,,,,,,,,OP05-093::s palt,0,0,0,0,1,0,missing_printing_market_map
823,OP05-094,Haute Couture Patch Work,R,,2751,823,OP05-094,,base,Base,official-cardlist,OP05/base/OP05-094.png,https://en.onepiece-cardgame.com/images/cardlist/card/OP05-094.png?260305,1986,2751,2506,HIGH,exact_code_plus_base_flag,2506,528656,Haute Couture Patch Work,Haute Couture Patch Work,OP05-094,R,,tcgcsv,2316,2506,0.5,1.27,5.0,1.23,,,2026-04-02 03:06:18,tcgcsv,OP05-094,1,1,1,0,1,0,missing_tcgplayer_product_id_only
824,OP05-095,Dragon Claw,C,,2753,824,OP05-095,,base,Base,official-cardlist,OP05/base/OP05-095.png,https://en.onepiece-cardgame.com/images/cardlist/card/OP05-095.png?260305,1987,2753,2507,HIGH,exact_code_plus_base_flag,2507,528657,Dragon Claw,Dragon Claw,OP05-095,C,,tcgcsv,2317,2507,0.01,0.15,1.58,0.06,,,2026-04-02 03:06:18,tcgcsv,OP05-095,1,1,1,0,1,0,missing_tcgplayer_product_id_only
825,OP05-096,I Bid 500 Million!!,UC,,2755,825,OP05-096,,base,Base,official-cardlist,OP05/base/OP05-096.png,https://en.onepiece-cardgame.com/images/cardlist/card/OP05-096.png?260305,1988,2755,2508,HIGH,exact_code_plus_base_flag,2508,528658,I Bid 500 Million!!,I Bid 500 Million,OP05-096,UC,,tcgcsv,2318,2508,0.01,0.18,5.0,0.07,,,2026-04-02 03:06:18,tcgcsv,OP05-096,1,1,1,0,1,0,missing_tcgplayer_product_id_only
826,OP05-097,Mary Geoise,C,,2757,826,OP05-097,,base,Base,official-cardlist,OP05/base/OP05-097.png,https://en.onepiece-cardgame.com/images/cardlist/card/OP05-097.png?260305,1379,2757,1844,HIGH,exact_code_plus_base_flag,1844,668193,Mary Geoise (Judge Pack Vol. 7),Mary Geoise Judge Pack Vol 7,OP05-097,C,,tcgcsv,1688,1844,0.4,0.81,13.35,0.75,,,2026-04-02 03:06:17,tcgcsv,OP05-097,1,1,1,0,1,0,missing_tcgplayer_product_id_only
826,OP05-097,Mary Geoise,C,,2759,826,OP05-097_p1,,parallel_1,Parallel 1,official-cardlist,PRB02/parallel/OP05-097_p1.png,https://en.onepiece-cardgame.com/images/cardlist/card/OP05-097_p1.png?260305,,,,,,,,,,,,,,,,,,,,,,,,OP05-097_p1,0,0,0,0,1,0,missing_printing_market_map
826,OP05-097,Mary Geoise,C,,2760,826,OP05-097_p2,,parallel_2,Parallel 2,official-cardlist,PRB02/parallel/OP05-097_p2.png,https://en.onepiece-cardgame.com/images/cardlist/card/OP05-097_p2.png?260305,,,,,,,,,,,,,,,,,,,,,,,,OP05-097_p2,0,0,0,0,1,0,missing_printing_market_map
826,OP05-097,Mary Geoise,C,,2761,826,OP05-097::prb02,,alt,Prb02,local-catalog,thumbs/OP05-097(PRB02).webp,,,,,,,,,,,,,,,,,,,,,,,,,OP05-097::prb02,0,0,0,0,1,0,missing_printing_market_map
826,OP05-097,Mary Geoise,C,,2762,826,OP05-097_r1,,r1,R1,official-cardlist,PRB02/reprint/OP05-097_r1.png,https://en.onepiece-cardgame.com/images/cardlist/card/OP05-097_r1.png?260305,,,,,,,,,,,,,,,,,,,,,,,,OP05-097_r1,0,0,0,0,1,0,missing_printing_market_map
827,OP05-098,Enel,L,,2763,827,OP05-098,,base,Base,official-cardlist,OP05/base/OP05-098.png,https://en.onepiece-cardgame.com/images/cardlist/card/OP05-098.png?260305,1025,2763,1426,HIGH,exact_code_plus_base_flag,1426,594592,Enel (Sound Loader Vol. 2),Enel Sound Loader Vol 2,OP05-098,L,,tcgcsv,1319,1426,6.0,8.98,35.0,7.63,,,2026-04-02 03:06:17,tcgcsv,OP05-098,1,1,1,0,1,0,missing_tcgplayer_product_id_only
827,OP05-098,Enel,L,,2765,827,OP05-098::alt,,alt,Alt,local-catalog,thumbs/OP05-098(alt).webp,,,,,,,,,,,,,,,,,,,,,,,,,OP05-098::alt,0,0,0,0,1,0,missing_printing_market_map
827,OP05-098,Enel,L,,2766,827,OP05-098::best alt,,alt,Best Alt,local-catalog,thumbs/OP05-098(best alt).webp,,,,,,,,,,,,,,,,,,,,,,,,,OP05-098::best alt,0,0,0,0,1,0,missing_printing_market_map
827,OP05-098,Enel,L,,2767,827,OP05-098_p1,,parallel_1,Parallel 1,official-cardlist,OP05/parallel/OP05-098_p1.png,https://en.onepiece-cardgame.com/images/cardlist/card/OP05-098_p1.png?260305,,,,,,,,,,,,,,,,,,,,,,,,OP05-098_p1,0,0,0,0,1,0,missing_printing_market_map
827,OP05-098,Enel,L,,2768,827,OP05-098_p2,,parallel_2,Parallel 2,official-cardlist,EB02/parallel/OP05-098_p2.png,https://en.onepiece-cardgame.com/images/cardlist/card/OP05-098_p2.png?260305,,,,,,,,,,,,,,,,,,,,,,,,OP05-098_p2,0,0,0,0,1,0,missing_printing_market_map
827,OP05-098,Enel,L,,2769,827,OP05-098::sound loader alt,,promo,Sound Loader Alt,local-catalog,thumbs/OP05-098 SOUND LOADER alt.webp,,,,,,,,,,,,,,,,,,,,,,,,,OP05-098::sound loader alt,0,0,0,0,1,0,missing_printing_market_map
828,OP05-099,Amazon,UC,,2770,828,OP05-099,,base,Base,official-cardlist,OP05/base/OP05-099.png,https://en.onepiece-cardgame.com/images/cardlist/card/OP05-099.png?260305,1991,2770,2511,HIGH,exact_code_plus_base_flag,2511,528661,Amazon,Amazon,OP05-099,UC,,tcgcsv,2321,2511,0.01,0.15,1.58,0.06,,,2026-04-02 03:06:18,tcgcsv,OP05-099,1,1,1,0,1,0,missing_tcgplayer_product_id_only
829,OP05-100,Enel,SR,,2772,829,OP05-100,,base,Base,official-cardlist,OP05/base/OP05-100.png,https://en.onepiece-cardgame.com/images/cardlist/card/OP05-100.png?260305,1866,2772,2383,HIGH,exact_code_plus_base_flag,2383,527022,Enel (100),Enel 100,OP05-100,SR,,tcgcsv,2194,2383,0.25,0.99,25.0,0.8,,,2026-04-02 03:06:18,tcgcsv,OP05-100,1,1,1,0,1,0,missing_tcgplayer_product_id_only
829,OP05-100,Enel,SR,,2774,829,OP05-100::alt,,alt,Alt,local-catalog,thumbs/OP05-100alt.webp,,,,,,,,,,,,,,,,,,,,,,,,,OP05-100::alt,0,0,0,0,1,0,missing_printing_market_map
829,OP05-100,Enel,SR,,2775,829,OP05-100::alt art 2,,alt,Alt Art 2,local-catalog,thumbs/OP05-100alt2.webp,,,,,,,,,,,,,,,,,,,,,,,,,OP05-100::alt art 2,0,0,0,0,1,0,missing_printing_market_map
829,OP05-100,Enel,SR,,2776,829,OP05-100_p1,,parallel_1,Parallel 1,official-cardlist,OP05/parallel/OP05-100_p1.png,https://en.onepiece-cardgame.com/images/cardlist/card/OP05-100_p1.png?260305,,,,,,,,,,,,,,,,,,,,,,,,OP05-100_p1,0,0,0,0,1,0,missing_printing_market_map
829,OP05-100,Enel,SR,,2777,829,OP05-100_p2,,parallel_2,Parallel 2,official-cardlist,OP05/parallel/OP05-100_p2.png,https://en.onepiece-cardgame.com/images/cardlist/card/OP05-100_p2.png?260305,,,,,,,,,,,,,,,,,,,,,,,,OP05-100_p2,0,0,0,0,1,0,missing_printing_market_map
830,OP05-101,Ohm,R,,2778,830,OP05-101,,base,Base,official-cardlist,OP05/base/OP05-101.png,https://en.onepiece-cardgame.com/images/cardlist/card/OP05-101.png?260305,958,2778,1352,HIGH,exact_code_plus_base_flag,1352,583749,Ohm (Judge Pack Vol. 4),Ohm Judge Pack Vol 4,OP05-101,R,,tcgcsv,1255,1352,0.3,1.07,46.85,0.6,,,2026-04-02 03:06:17,tcgcsv,OP05-101,1,1,1,0,1,0,missing_tcgplayer_product_id_only
831,OP05-102,Gedatsu,R,,2780,831,OP05-102,,base,Base,official-cardlist,OP05/base/OP05-102.png,https://en.onepiece-cardgame.com/images/cardlist/card/OP05-102.png?260305,796,2780,1157,HIGH,exact_code_plus_base_flag,1157,544624,Gedatsu (Judge Pack Vol. 3),Gedatsu Judge Pack Vol 3,OP05-102,R,,tcgcsv,1087,1157,0.25,0.58,2.0,0.5,,,2026-04-02 03:06:17,tcgcsv,OP05-102,1,1,1,0,1,0,missing_tcgplayer_product_id_only
831,OP05-102,Gedatsu,R,,2782,831,OP05-102::a t,,operator_review,A T,local-catalog,thumbs/OP05-102at.webp,,,,,,,,,,,,,,,,,,,,,,,,,OP05-102::a t,0,0,0,0,1,0,missing_printing_market_map
831,OP05-102,Gedatsu,R,,2783,831,OP05-102_p1,,parallel_1,Parallel 1,official-cardlist,OP05/parallel/OP05-102_p1.png,https://en.onepiece-cardgame.com/images/cardlist/card/OP05-102_p1.png?260305,,,,,,,,,,,,,,,,,,,,,,,,OP05-102_p1,0,0,0,0,1,0,missing_printing_market_map
831,OP05-102,Gedatsu,R,,2784,831,OP05-102_r1,,r1,R1,official-cardlist,PRB02/reprint/OP05-102_r1.png,https://en.onepiece-cardgame.com/images/cardlist/card/OP05-102_r1.png?260305,,,,,,,,,,,,,,,,,,,,,,,,OP05-102_r1,0,0,0,0,1,0,missing_printing_market_map
832,OP05-103,Kotori,UC,,2785,832,OP05-103,,base,Base,official-cardlist,OP05/base/OP05-103.png,https://en.onepiece-cardgame.com/images/cardlist/card/OP05-103.png?260305,1994,2785,2514,HIGH,exact_code_plus_base_flag,2514,528664,Kotori,Kotori,OP05-103,UC,,tcgcsv,2324,2514,0.01,0.15,1.58,0.05,,,2026-04-02 03:06:18,tcgcsv,OP05-103,1,1,1,0,1,0,missing_tcgplayer_product_id_only
833,OP05-104,Conis,UC,,2787,833,OP05-104,,base,Base,official-cardlist,OP05/base/OP05-104.png,https://en.onepiece-cardgame.com/images/cardlist/card/OP05-104.png?260305,1995,2787,2515,HIGH,exact_code_plus_base_flag,2515,528665,Conis,Conis,OP05-104,UC,,tcgcsv,2325,2515,0.01,0.15,2.0,0.08,,,2026-04-02 03:06:18,tcgcsv,OP05-104,1,1,1,0,1,0,missing_tcgplayer_product_id_only
834,OP05-105,Satori,R,,2789,834,OP05-105,,base,Base,official-cardlist,OP05/base/OP05-105.png,https://en.onepiece-cardgame.com/images/cardlist/card/OP05-105.png?260305,1027,2789,1428,HIGH,exact_code_plus_base_flag,1428,599736,Satori (Welcome Pack Vol. 1),Satori Welcome Pack Vol 1,OP05-105,R,,tcgcsv,1321,1428,0.18,0.45,45.0,0.45,,,2026-04-02 03:06:17,tcgcsv,OP05-105,1,1,1,0,1,0,missing_tcgplayer_product_id_only
834,OP05-105,Satori,R,,2791,834,OP05-105_p2,,parallel_2,Parallel 2,official-cardlist,PRB01/parallel/OP05-105_p2.png,https://en.onepiece-cardgame.com/images/cardlist/card/OP05-105_p2.png?260305,,,,,,,,,,,,,,,,,,,,,,,,OP05-105_p2,0,0,0,0,1,0,missing_printing_market_map
834,OP05-105,Satori,R,,2792,834,OP05-105_p3,,parallel_3,Parallel 3,official-cardlist,PRB01/parallel/OP05-105_p3.png,https://en.onepiece-cardgame.com/images/cardlist/card/OP05-105_p3.png?260305,,,,,,,,,,,,,,,,,,,,,,,,OP05-105_p3,0,0,0,0,1,0,missing_printing_market_map
834,OP05-105,Satori,R,,2793,834,OP05-105_p4,,parallel_4,Parallel 4,official-cardlist,PRB01/parallel/OP05-105_p4.png,https://en.onepiece-cardgame.com/images/cardlist/card/OP05-105_p4.png?260305,,,,,,,,,,,,,,,,,,,,,,,,OP05-105_p4,0,0,0,0,1,0,missing_printing_market_map
834,OP05-105,Satori,R,,2794,834,OP05-105::prb01alt,,alt,Prb01Alt,local-catalog,thumbs/OP05-105(PRB01alt).webp,,,,,,,,,,,,,,,,,,,,,,,,,OP05-105::prb01alt,0,0,0,0,1,0,missing_printing_market_map
834,OP05-105,Satori,R,,2795,834,OP05-105_r1,,r1,R1,official-cardlist,PRB01/reprint/OP05-105_r1.png,https://en.onepiece-cardgame.com/images/cardlist/card/OP05-105_r1.png?260305,,,,,,,,,,,,,,,,,,,,,,,,OP05-105_r1,0,0,0,0,1,0,missing_printing_market_map
835,OP05-106,Shura,R,,2796,835,OP05-106,,base,Base,official-cardlist,OP05/base/OP05-106.png,https://en.onepiece-cardgame.com/images/cardlist/card/OP05-106.png?260305,848,2796,1219,HIGH,exact_code_plus_base_flag,1219,548434,Shura (Tournament Pack Vol. 7),Shura Tournament Pack Vol 7,OP05-106,R,,tcgcsv,1139,1219,0.1,0.4,1.4,0.37,,,2026-04-02 03:06:17,tcgcsv,OP05-106,1,1,1,0,1,0,missing_tcgplayer_product_id_only
835,OP05-106,Shura,R,,2798,835,OP05-106::alt,,alt,Alt,local-catalog,thumbs/OP05-106alt.webp,,,,,,,,,,,,,,,,,,,,,,,,,OP05-106::alt,0,0,0,0,1,0,missing_printing_market_map
835,OP05-106,Shura,R,,2799,835,OP05-106_p1,,parallel_1,Parallel 1,official-cardlist,TP07/parallel/OP05-106_p1.png,https://en.onepiece-cardgame.com/images/cardlist/card/OP05-106_p1.png?260305,,,,,,,,,,,,,,,,,,,,,,,,OP05-106_p1,0,0,0,0,1,0,missing_printing_market_map
835,OP05-106,Shura,R,,2800,835,OP05-106::winner alt,,alt,Winner Alt,local-catalog,thumbs/OP05-106 Winner alt.webp,,,,,,,,,,,,,,,,,,,,,,,,,OP05-106::winner alt,0,0,0,0,1,0,missing_printing_market_map
836,OP05-107,Lieutenant Spacey,C,,2801,836,OP05-107,,base,Base,official-cardlist,OP05/base/OP05-107.png,https://en.onepiece-cardgame.com/images/cardlist/card/OP05-107.png?260305,1998,2801,2518,HIGH,exact_code_plus_base_flag,2518,528668,Lieutenant Spacey,Lieutenant Spacey,OP05-107,C,,tcgcsv,2328,2518,0.01,0.1,1.58,0.04,,,2026-04-02 03:06:18,tcgcsv,OP05-107,1,1,1,0,1,0,missing_tcgplayer_product_id_only
837,OP05-108,Nola,C,,2803,837,OP05-108,,base,Base,official-cardlist,OP05/base/OP05-108.png,https://en.onepiece-cardgame.com/images/cardlist/card/OP05-108.png?260305,1999,2803,2519,HIGH,exact_code_plus_base_flag,2519,528669,Nola,Nola,OP05-108,C,,tcgcsv,2329,2519,0.01,0.12,1.58,0.04,,,2026-04-02 03:06:18,tcgcsv,OP05-108,1,1,1,0,1,0,missing_tcgplayer_product_id_only
838,OP05-109,Pagaya,C,,2805,838,OP05-109,,base,Base,official-cardlist,OP05/base/OP05-109.png,https://en.onepiece-cardgame.com/images/cardlist/card/OP05-109.png?260305,2000,2805,2520,HIGH,exact_code_plus_base_flag,2520,528670,Pagaya,Pagaya,OP05-109,C,,tcgcsv,2330,2520,0.01,0.15,1.58,0.07,,,2026-04-02 03:06:18,tcgcsv,OP05-109,1,1,1,0,1,0,missing_tcgplayer_product_id_only
839,OP05-110,Holly,C,,2807,839,OP05-110,,base,Base,official-cardlist,OP05/base/OP05-110.png,https://en.onepiece-cardgame.com/images/cardlist/card/OP05-110.png?260305,2001,2807,2521,HIGH,exact_code_plus_base_flag,2521,528672,Holly,Holly,OP05-110,C,,tcgcsv,2331,2521,0.01,0.15,1.58,0.09,,,2026-04-02 03:06:18,tcgcsv,OP05-110,1,1,1,0,1,0,missing_tcgplayer_product_id_only
840,OP05-111,Hotori,UC,,2809,840,OP05-111,,base,Base,official-cardlist,OP05/base/OP05-111.png,https://en.onepiece-cardgame.com/images/cardlist/card/OP05-111.png?260305,2002,2809,2522,HIGH,exact_code_plus_base_flag,2522,528673,Hotori,Hotori,OP05-111,UC,,tcgcsv,2332,2522,0.01,0.15,1.58,0.05,,,2026-04-02 03:06:18,tcgcsv,OP05-111,1,1,1,0,1,0,missing_tcgplayer_product_id_only
841,OP05-112,Captain McKinley,C,,2811,841,OP05-112,,base,Base,official-cardlist,OP05/base/OP05-112.png,https://en.onepiece-cardgame.com/images/cardlist/card/OP05-112.png?260305,2003,2811,2523,HIGH,exact_code_plus_base_flag,2523,528674,Captain McKinley,Captain McKinley,OP05-112,C,,tcgcsv,2333,2523,0.01,0.1,1.58,0.06,,,2026-04-02 03:06:18,tcgcsv,OP05-112,1,1,1,0,1,0,missing_tcgplayer_product_id_only
842,OP05-113,Yama,C,,2813,842,OP05-113,,base,Base,official-cardlist,OP05/base/OP05-113.png,https://en.onepiece-cardgame.com/images/cardlist/card/OP05-113.png?260305,2004,2813,2524,HIGH,exact_code_plus_base_flag,2524,528675,Yama,Yama,OP05-113,C,,tcgcsv,2334,2524,0.01,0.1,1.58,0.05,,,2026-04-02 03:06:18,tcgcsv,OP05-113,1,1,1,0,1,0,missing_tcgplayer_product_id_only
843,OP05-114,El Thor,UC,,2815,843,OP05-114,,base,Base,official-cardlist,OP05/base/OP05-114.png,https://en.onepiece-cardgame.com/images/cardlist/card/OP05-114.png?260305,1008,2815,1405,HIGH,exact_code_plus_base_flag,1405,587232,El Thor (Premium Card Collection -Best Selection Vol. 2-),El Thor Premium Card Collection Best Selection Vol 2,OP05-114,UC,,tcgcsv,1299,1405,3.49,5.0,40.0,4.29,,,2026-04-02 03:06:17,tcgcsv,OP05-114,1,1,1,0,1,0,missing_tcgplayer_product_id_only
843,OP05-114,El Thor,UC,,2817,843,OP05-114::alt,,alt,Alt,local-catalog,thumbs/OP05-114alt.webp,,,,,,,,,,,,,,,,,,,,,,,,,OP05-114::alt,0,0,0,0,1,0,missing_printing_market_map
843,OP05-114,El Thor,UC,,2818,843,OP05-114_p2,,parallel_2,Parallel 2,official-cardlist,PRB01/parallel/OP05-114_p2.png,https://en.onepiece-cardgame.com/images/cardlist/card/OP05-114_p2.png?260305,,,,,,,,,,,,,,,,,,,,,,,,OP05-114_p2,0,0,0,0,1,0,missing_printing_market_map
843,OP05-114,El Thor,UC,,2819,843,OP05-114_p3,,parallel_3,Parallel 3,official-cardlist,PRB01/parallel/OP05-114_p3.png,https://en.onepiece-cardgame.com/images/cardlist/card/OP05-114_p3.png?260305,,,,,,,,,,,,,,,,,,,,,,,,OP05-114_p3,0,0,0,0,1,0,missing_printing_market_map
843,OP05-114,El Thor,UC,,2820,843,OP05-114_r1,,r1,R1,official-cardlist,PRB01/reprint/OP05-114_r1.png,https://en.onepiece-cardgame.com/images/cardlist/card/OP05-114_r1.png?260305,,,,,,,,,,,,,,,,,,,,,,,,OP05-114_r1,0,0,0,0,1,0,missing_printing_market_map
844,OP05-115,Two-Hundred Million Volts Amaru,R,,2821,844,OP05-115,,base,Base,official-cardlist,OP05/base/OP05-115.png,https://en.onepiece-cardgame.com/images/cardlist/card/OP05-115.png?260305,2006,2821,2526,HIGH,exact_code_plus_base_flag,2526,528677,Two-Hundred Million Volts Amaru,Two Hundred Million Volts Amaru,OP05-115,R,,tcgcsv,2336,2526,0.01,0.2,5.0,0.17,,,2026-04-02 03:06:18,tcgcsv,OP05-115,1,1,1,0,1,0,missing_tcgplayer_product_id_only
844,OP05-115,Two-Hundred Million Volts Amaru,R,,2823,844,OP05-115_p2,,parallel_2,Parallel 2,official-cardlist,PRB01/parallel/OP05-115_p2.png,https://en.onepiece-cardgame.com/images/cardlist/card/OP05-115_p2.png?260305,,,,,,,,,,,,,,,,,,,,,,,,OP05-115_p2,0,0,0,0,1,0,missing_printing_market_map
844,OP05-115,Two-Hundred Million Volts Amaru,R,,2824,844,OP05-115_p3,,parallel_3,Parallel 3,official-cardlist,PRB01/parallel/OP05-115_p3.png,https://en.onepiece-cardgame.com/images/cardlist/card/OP05-115_p3.png?260305,,,,,,,,,,,,,,,,,,,,,,,,OP05-115_p3,0,0,0,0,1,0,missing_printing_market_map
844,OP05-115,Two-Hundred Million Volts Amaru,R,,2825,844,OP05-115_p4,,parallel_4,Parallel 4,official-cardlist,PRB01/parallel/OP05-115_p4.png,https://en.onepiece-cardgame.com/images/cardlist/card/OP05-115_p4.png?260305,,,,,,,,,,,,,,,,,,,,,,,,OP05-115_p4,0,0,0,0,1,0,missing_printing_market_map
844,OP05-115,Two-Hundred Million Volts Amaru,R,,2826,844,OP05-115::prb01alt,,alt,Prb01Alt,local-catalog,thumbs/OP05-115(PRB01alt).webp,,,,,,,,,,,,,,,,,,,,,,,,,OP05-115::prb01alt,0,0,0,0,1,0,missing_printing_market_map
844,OP05-115,Two-Hundred Million Volts Amaru,R,,2827,844,OP05-115_r1,,r1,R1,official-cardlist,PRB01/reprint/OP05-115_r1.png,https://en.onepiece-cardgame.com/images/cardlist/card/OP05-115_r1.png?260305,,,,,,,,,,,,,,,,,,,,,,,,OP05-115_r1,0,0,0,0,1,0,missing_printing_market_map
845,OP05-116,Hino Bird Zap,C,,2828,845,OP05-116,,base,Base,official-cardlist,OP05/base/OP05-116.png,https://en.onepiece-cardgame.com/images/cardlist/card/OP05-116.png?260305,2007,2828,2527,HIGH,exact_code_plus_base_flag,2527,528678,Hino Bird Zap,Hino Bird Zap,OP05-116,C,,tcgcsv,2337,2527,0.01,0.15,80.29,0.05,,,2026-04-02 03:06:18,tcgcsv,OP05-116,1,1,1,0,1,0,missing_tcgplayer_product_id_only
846,OP05-117,Upper Yard,UC,,2830,846,OP05-117,,base,Base,official-cardlist,OP05/base/OP05-117.png,https://en.onepiece-cardgame.com/images/cardlist/card/OP05-117.png?260305,2008,2830,2528,HIGH,exact_code_plus_base_flag,2528,528679,Upper Yard,Upper Yard,OP05-117,UC,,tcgcsv,2338,2528,0.01,0.17,5.0,0.12,,,2026-04-02 03:06:18,tcgcsv,OP05-117,1,1,1,0,1,0,missing_tcgplayer_product_id_only
846,OP05-117,Upper Yard,UC,,2832,846,OP05-117_p2,,parallel_2,Parallel 2,official-cardlist,PRB01/parallel/OP05-117_p2.png,https://en.onepiece-cardgame.com/images/cardlist/card/OP05-117_p2.png?260305,,,,,,,,,,,,,,,,,,,,,,,,OP05-117_p2,0,0,0,0,1,0,missing_printing_market_map
