card_id,card_canonical_code,card_name,card_rarity,card_source,cv_card_variant_id,cv_card_variants_card_id,cv_print_id,cv_tcgplayer_product_id,cv_variant,cv_variant_label,cv_variant_source,cv_image_path,cv_image_url,printing_market_map_id,printing_id,printing_market_map_market_product_internal_fk,pmm_mapping_confidence,pmm_mapping_method,mp_market_products_internal_id,mp_market_product_id,mp_product_name,mp_clean_name,mp_ext_number,mp_rarity_market,mp_subtype,mp_market_product_source,mpr_market_prices_id,market_product_fk,mpr_low_price,mpr_mid_price,mpr_high_price,mpr_market_price,mpr_direct_low_price,mpr_listed_median_price,mpr_captured_at,mpr_mpr_source_name,print_id_trim,has_printing_market_map,has_market_product_via_map,has_market_price_via_chain,has_tcgplayer_column_price,has_variant_image_fields,has_image_assets_row,failure_stage,recoverable_reason
2461,ST21-015,Roronoa Zoro,SR,,7691,2461,ST21-015,,base,Base,official-cardlist,ST21/base/ST21-015.png,https://en.onepiece-cardgame.com/images/cardlist/card/ST21-015.png?260305,1236,7691,1680,HIGH,exact_code_plus_base_flag,1680,649626,Roronoa Zoro (CS 25-26 3rd Place),Roronoa Zoro CS 25 26 3rd Place,ST21-015,SR,,tcgcsv,,,,,,,,,,,ST21-015,1,1,0,0,1,0,missing_market_price,map_and_product_ok_price_row_missing
1,EB01-001,Kouzuki Oden,L,,1,1,EB01-001,,sp,Base,image-review-reclassify,ORFC2025V2/sp/EB01-001_sp.png,https://en.onepiece-cardgame.com/images/cardlist/card/EB01-001.png?260305,2167,1,2709,MEDIUM,exact_code_set_fallback,2709,544523,Kouzuki Oden,Kouzuki Oden,EB01-001,L,,tcgcsv,2517,2709,0.1,0.24,5.0,0.22,,,2026-04-02 03:06:18,tcgcsv,EB01-001,1,1,1,0,1,0,missing_tcgplayer_product_id_only,price_via_chain_tcgplayer_id_missing
2,EB01-002,Izo,R,,5,2,EB01-002,,base,Base,official-cardlist,EB01/base/EB01-002.png,https://en.onepiece-cardgame.com/images/cardlist/card/EB01-002.png?260305,2169,5,2711,HIGH,exact_code_plus_base_flag,2711,544525,Izo,Izo,EB01-002,R,,tcgcsv,2519,2711,0.25,0.99,25.0,0.83,,,2026-04-02 03:06:18,tcgcsv,EB01-002,1,1,1,0,1,0,missing_tcgplayer_product_id_only,price_via_chain_tcgplayer_id_missing
3,EB01-003,Kid & Killer,R,OP14,7,3,EB01-003,,base,Base,official-cardlist,EB01/sp/EB01-003_sp.png,https://en.onepiece-cardgame.com/images/cardlist/card/EB01-003.png?260305,1191,7,1633,HIGH,exact_code_plus_base_flag,1633,646720,Kid & Killer (Offline Regional Champion Card Set 2025 Vol.2),Kid and Killer Offline Regional Champion Card Set 2025 Vol2,EB01-003,R,,tcgcsv,,,,,,,,,,,EB01-003,1,1,1,0,1,0,missing_tcgplayer_product_id_only,price_via_chain_tcgplayer_id_missing
4,EB01-004,Koza,C,,17,4,EB01-004,,base,Base,official-cardlist,EB01/base/EB01-004.png,https://en.onepiece-cardgame.com/images/cardlist/card/EB01-004.png?260305,2172,17,2714,HIGH,exact_code_plus_base_flag,2714,544528,Koza,Koza,EB01-004,C,,tcgcsv,2522,2714,0.01,0.15,1.58,0.08,,,2026-04-02 03:06:18,tcgcsv,EB01-004,1,1,1,0,1,0,missing_tcgplayer_product_id_only,price_via_chain_tcgplayer_id_missing
5,EB01-005,Doma,C,,19,5,EB01-005,,base,Base,official-cardlist,EB01/base/EB01-005.png,https://en.onepiece-cardgame.com/images/cardlist/card/EB01-005.png?260305,2173,19,2715,HIGH,exact_code_plus_base_flag,2715,544529,Doma,Doma,EB01-005,C,,tcgcsv,2523,2715,0.01,0.15,1.58,0.05,,,2026-04-02 03:06:18,tcgcsv,EB01-005,1,1,1,0,1,0,missing_tcgplayer_product_id_only,price_via_chain_tcgplayer_id_missing
6,EB01-006,Tony Tony.Chopper,SR,,21,6,EB01-006,,base,Base,official-cardlist,EB01/base/EB01-006.png,https://en.onepiece-cardgame.com/images/cardlist/card/EB01-006.png?260305,1021,21,1420,HIGH,exact_code_plus_base_flag,1420,590986,Tony Tony.Chopper (Treasure Cup 2024),Tony TonyChopper Treasure Cup 2024,EB01-006,SR,,tcgcsv,1313,1420,2299.99,2300.0,2500.0,923.8,,,2026-04-02 03:06:17,tcgcsv,EB01-006,1,1,1,0,1,0,missing_tcgplayer_product_id_only,price_via_chain_tcgplayer_id_missing
7,EB01-007,Yamato,C,,29,7,EB01-007,,base,Base,official-cardlist,EB01/base/EB01-007.png,https://en.onepiece-cardgame.com/images/cardlist/card/EB01-007.png?260305,1270,29,1718,HIGH,exact_code_plus_base_flag,1718,649682,Yamato (Premium Card Collection -Best Selection Vol. 4-),Yamato Premium Card Collection Best Selection Vol 4,EB01-007,C,,tcgcsv,1573,1718,8.99,10.18,39.0,9.31,,,2026-04-02 03:06:17,tcgcsv,EB01-007,1,1,1,0,1,0,missing_tcgplayer_product_id_only,price_via_chain_tcgplayer_id_missing
8,EB01-008,LittleOars Jr.,R,,32,8,EB01-008,,base,Base,official-cardlist,EB01/base/EB01-008.png,https://en.onepiece-cardgame.com/images/cardlist/card/EB01-008.png?260305,2178,32,2720,HIGH,exact_code_plus_base_flag,2720,544534,LittleOars Jr.,LittleOars Jr,EB01-008,R,,tcgcsv,2528,2720,0.05,0.25,25.0,0.16,,,2026-04-02 03:06:18,tcgcsv,EB01-008,1,1,1,0,1,0,missing_tcgplayer_product_id_only,price_via_chain_tcgplayer_id_missing
9,EB01-009,Just Shut Up and Come with Us!!!!,C,,34,9,EB01-009,,base,Base,official-cardlist,EB01/base/EB01-009.png,https://en.onepiece-cardgame.com/images/cardlist/card/EB01-009.png?260305,2179,34,2721,HIGH,exact_code_plus_base_flag,2721,544535,Just Shut Up and Come with Us!!!!,Just Shut Up and Come with Us,EB01-009,C,,tcgcsv,2529,2721,0.06,0.24,2.75,0.12,,,2026-04-02 03:06:18,tcgcsv,EB01-009,1,1,1,0,1,0,missing_tcgplayer_product_id_only,price_via_chain_tcgplayer_id_missing
10,EB01-010,There's No Way You Could Defeat Me!!,R,,38,10,EB01-010,,base,Base,official-cardlist,EB01/base/EB01-010.png,https://en.onepiece-cardgame.com/images/cardlist/card/EB01-010.png?260305,2180,38,2722,HIGH,exact_code_plus_base_flag,2722,544536,There's No Way You Could Defeat Me!!,Theres No Way You Could Defeat Me,EB01-010,R,,tcgcsv,2530,2722,0.1,0.26,25.0,0.22,,,2026-04-02 03:06:18,tcgcsv,EB01-010,1,1,1,0,1,0,missing_tcgplayer_product_id_only,price_via_chain_tcgplayer_id_missing
11,EB01-011,Mini-Merry,C,,40,11,EB01-011,,base,Base,official-cardlist,EB01/base/EB01-011.png,https://en.onepiece-cardgame.com/images/cardlist/card/EB01-011.png?260305,2181,40,2723,HIGH,exact_code_plus_base_flag,2723,544537,Mini-Merry,Mini Merry,EB01-011,C,,tcgcsv,2531,2723,0.01,0.15,5.0,0.06,,,2026-04-02 03:06:18,tcgcsv,EB01-011,1,1,1,0,1,0,missing_tcgplayer_product_id_only,price_via_chain_tcgplayer_id_missing
12,EB01-012,Cavendish,SR,,42,12,EB01-012,,base,Base,official-cardlist,EB01/base/EB01-012.png,https://en.onepiece-cardgame.com/images/cardlist/card/EB01-012.png?260305,1022,42,1421,HIGH,exact_code_plus_base_flag,1421,590988,Cavendish (Treasure Cup 2024),Cavendish Treasure Cup 2024,EB01-012,SR,,tcgcsv,1314,1421,1499.99,1799.49,1799.5,1850.0,,,2026-04-02 03:06:17,tcgcsv,EB01-012,1,1,1,0,1,0,missing_tcgplayer_product_id_only,price_via_chain_tcgplayer_id_missing
13,EB01-013,Kouzuki Hiyori,R,,49,13,EB01-013,,base,Base,official-cardlist,EB01/base/EB01-013.png,https://en.onepiece-cardgame.com/images/cardlist/card/EB01-013.png?260305,2184,49,2726,HIGH,exact_code_plus_base_flag,2726,544540,Kouzuki Hiyori,Kouzuki Hiyori,EB01-013,R,,tcgcsv,2534,2726,2.99,5.06,50.0,4.6,,,2026-04-02 03:06:18,tcgcsv,EB01-013,1,1,1,0,1,0,missing_tcgplayer_product_id_only,price_via_chain_tcgplayer_id_missing
14,EB01-014,Sanji,R,,53,14,EB01-014,,base,Base,official-cardlist,EB01/base/EB01-014.png,https://en.onepiece-cardgame.com/images/cardlist/card/EB01-014.png?260305,1036,53,1439,HIGH,exact_code_plus_base_flag,1439,607971,Sanji (Winner Pack 2025 Vol. 1),Sanji Winner Pack 2025 Vol 1,EB01-014,R,,tcgcsv,1332,1439,6.35,9.0,29.95,8.65,,,2026-04-02 03:06:17,tcgcsv,EB01-014,1,1,1,0,1,0,missing_tcgplayer_product_id_only,price_via_chain_tcgplayer_id_missing
15,EB01-015,Scratchmen Apoo,R,,57,15,EB01-015,,base,Base,official-cardlist,EB01/base/EB01-015.png,https://en.onepiece-cardgame.com/images/cardlist/card/EB01-015.png?260305,1089,57,1516,HIGH,exact_code_plus_base_flag,1516,622592,Scratchmen Apoo (Tournament Pack 2025 Vol. 2),Scratchmen Apoo Tournament Pack 2025 Vol 2,EB01-015,R,,tcgcsv,1405,1516,0.12,0.3,2.9,0.26,,,2026-04-02 03:06:17,tcgcsv,EB01-015,1,1,1,0,1,0,missing_tcgplayer_product_id_only,price_via_chain_tcgplayer_id_missing
16,EB01-016,Bingoh,C,,67,16,EB01-016,,base,Base,official-cardlist,EB01/base/EB01-016.png,https://en.onepiece-cardgame.com/images/cardlist/card/EB01-016.png?260305,2188,67,2730,HIGH,exact_code_plus_base_flag,2730,544544,Bingoh,Bingoh,EB01-016,C,,tcgcsv,2538,2730,0.01,0.11,1.52,0.03,,,2026-04-02 03:06:18,tcgcsv,EB01-016,1,1,1,0,1,0,missing_tcgplayer_product_id_only,price_via_chain_tcgplayer_id_missing
17,EB01-017,Blueno,C,,69,17,EB01-017,,base,Base,official-cardlist,EB01/base/EB01-017.png,https://en.onepiece-cardgame.com/images/cardlist/card/EB01-017.png?260305,2189,69,2731,HIGH,exact_code_plus_base_flag,2731,544545,Blueno (017),Blueno 017,EB01-017,C,,tcgcsv,2539,2731,0.01,0.15,1.98,0.07,,,2026-04-02 03:06:18,tcgcsv,EB01-017,1,1,1,0,1,0,missing_tcgplayer_product_id_only,price_via_chain_tcgplayer_id_missing
18,EB01-018,Mountain God,C,,71,18,EB01-018,,base,Base,official-cardlist,EB01/base/EB01-018.png,https://en.onepiece-cardgame.com/images/cardlist/card/EB01-018.png?260305,2190,71,2732,HIGH,exact_code_plus_base_flag,2732,544546,Mountain God,Mountain God,EB01-018,C,,tcgcsv,2540,2732,0.01,0.15,1.58,0.06,,,2026-04-02 03:06:18,tcgcsv,EB01-018,1,1,1,0,1,0,missing_tcgplayer_product_id_only,price_via_chain_tcgplayer_id_missing
19,EB01-019,Off-White,R,,75,19,EB01-019,,base,Base,official-cardlist,EB01/base/EB01-019.png,https://en.onepiece-cardgame.com/images/cardlist/card/EB01-019.png?260305,2191,75,2733,HIGH,exact_code_plus_base_flag,2733,544547,Off-White,Off White,EB01-019,R,,tcgcsv,2541,2733,0.25,0.5,25.0,0.43,,,2026-04-02 03:06:18,tcgcsv,EB01-019,1,1,1,0,1,0,missing_tcgplayer_product_id_only,price_via_chain_tcgplayer_id_missing
20,EB01-020,Chambres,C,,77,20,EB01-020,,base,Base,official-cardlist,EB01/base/EB01-020.png,https://en.onepiece-cardgame.com/images/cardlist/card/EB01-020.png?260305,2192,77,2734,HIGH,exact_code_plus_base_flag,2734,544548,Chambres,Chambres,EB01-020,C,,tcgcsv,2542,2734,0.01,0.15,1.6,0.07,,,2026-04-02 03:06:18,tcgcsv,EB01-020,1,1,1,0,1,0,missing_tcgplayer_product_id_only,price_via_chain_tcgplayer_id_missing
21,EB01-021,Hannyabal,L,,79,21,EB01-021,,base,Base,official-cardlist,EB01/base/EB01-021.png,https://en.onepiece-cardgame.com/images/cardlist/card/EB01-021.png?260305,2193,79,2735,HIGH,exact_code_plus_base_flag,2735,544549,Hannyabal,Hannyabal,EB01-021,L,,tcgcsv,2543,2735,0.05,0.2,5.0,0.16,,,2026-04-02 03:06:18,tcgcsv,EB01-021,1,1,1,0,1,0,missing_tcgplayer_product_id_only,price_via_chain_tcgplayer_id_missing
22,EB01-022,Inazuma,SR,,84,22,EB01-022,,base,Base,official-cardlist,EB01/base/EB01-022.png,https://en.onepiece-cardgame.com/images/cardlist/card/EB01-022.png?260305,2195,84,2737,HIGH,exact_code_plus_base_flag,2737,544551,Inazuma,Inazuma,EB01-022,SR,,tcgcsv,2545,2737,1.0,4.97,25.0,4.51,,,2026-04-02 03:06:18,tcgcsv,EB01-022,1,1,1,0,1,0,missing_tcgplayer_product_id_only,price_via_chain_tcgplayer_id_missing
23,EB01-023,Edward Weevil,R,EB01,88,23,EB01-023,,base,Base,official-cardlist,EB01/sp/EB01-023_sp.png,https://en.onepiece-cardgame.com/images/cardlist/card/EB01-023.png?260305,954,88,1348,HIGH,exact_code_plus_base_flag,1348,583745,Edward Weevil (Judge Pack Vol. 4),Edward Weevil Judge Pack Vol 4,EB01-023,R,,tcgcsv,1251,1348,0.5,2.25,28.95,1.39,,,2026-04-02 03:06:17,tcgcsv,EB01-023,1,1,1,0,1,0,missing_tcgplayer_product_id_only,price_via_chain_tcgplayer_id_missing
24,EB01-024,Hamlet,C,,93,24,EB01-024,,base,Base,official-cardlist,EB01/base/EB01-024.png,https://en.onepiece-cardgame.com/images/cardlist/card/EB01-024.png?260305,2198,93,2740,HIGH,exact_code_plus_base_flag,2740,544554,Hamlet,Hamlet,EB01-024,C,,tcgcsv,2548,2740,0.01,0.12,1.5,0.05,,,2026-04-02 03:06:18,tcgcsv,EB01-024,1,1,1,0,1,0,missing_tcgplayer_product_id_only,price_via_chain_tcgplayer_id_missing
25,EB01-025,Fourtricks,C,,95,25,EB01-025,,base,Base,official-cardlist,EB01/base/EB01-025.png,https://en.onepiece-cardgame.com/images/cardlist/card/EB01-025.png?260305,2199,95,2741,HIGH,exact_code_plus_base_flag,2741,544555,Fourtricks,Fourtricks,EB01-025,C,,tcgcsv,2549,2741,0.01,0.15,1.6,0.04,,,2026-04-02 03:06:18,tcgcsv,EB01-025,1,1,1,0,1,0,missing_tcgplayer_product_id_only,price_via_chain_tcgplayer_id_missing
26,EB01-026,Prince Bellett,C,,97,26,EB01-026,,base,Base,official-cardlist,EB01/base/EB01-026.png,https://en.onepiece-cardgame.com/images/cardlist/card/EB01-026.png?260305,2200,97,2742,HIGH,exact_code_plus_base_flag,2742,544556,Prince Bellett,Prince Bellett,EB01-026,C,,tcgcsv,2550,2742,0.01,0.15,1.58,0.05,,,2026-04-02 03:06:18,tcgcsv,EB01-026,1,1,1,0,1,0,missing_tcgplayer_product_id_only,price_via_chain_tcgplayer_id_missing
27,EB01-027,Mr.1(Daz.Bonez),R,,99,27,EB01-027,,base,Base,official-cardlist,EB01/base/EB01-027.png,https://en.onepiece-cardgame.com/images/cardlist/card/EB01-027.png?260305,1162,99,1597,HIGH,exact_code_plus_base_flag,1597,636548,Mr. 1 (Daz.Bonez) (Beginners Deck Party [ST-23] - [ST-28] Participation Pack),Mr 1 DazBonez Beginners Deck Party ST 23 ST 28 Participation Pack,EB01-027,R,,tcgcsv,1475,1597,0.2,0.5,20.0,0.46,,,2026-04-02 03:06:17,tcgcsv,EB01-027,1,1,1,0,1,0,missing_tcgplayer_product_id_only,price_via_chain_tcgplayer_id_missing
28,EB01-028,Gum-Gum Champion Rifle,R,,103,28,EB01-028,,base,Base,official-cardlist,EB01/base/EB01-028.png,https://en.onepiece-cardgame.com/images/cardlist/card/EB01-028.png?260305,2203,103,2745,HIGH,exact_code_plus_base_flag,2745,544559,Gum-Gum Champion Rifle,Gum Gum Champion Rifle,EB01-028,R,,tcgcsv,2553,2745,0.5,3.0,25.0,1.84,,,2026-04-02 03:06:18,tcgcsv,EB01-028,1,1,1,0,1,0,missing_tcgplayer_product_id_only,price_via_chain_tcgplayer_id_missing
29,EB01-029,Sorry. I'm a Goner.,C,,105,29,EB01-029,,base,Base,official-cardlist,EB01/base/EB01-029.png,https://en.onepiece-cardgame.com/images/cardlist/card/EB01-029.png?260305,2204,105,2746,HIGH,exact_code_plus_base_flag,2746,544560,Sorry. I'm a Goner.,Sorry Im a Goner,EB01-029,C,,tcgcsv,2554,2746,0.01,0.15,1.5,0.11,,,2026-04-02 03:06:18,tcgcsv,EB01-029,1,1,1,0,1,0,missing_tcgplayer_product_id_only,price_via_chain_tcgplayer_id_missing
30,EB01-030,Loguetown,C,,107,30,EB01-030,,base,Base,official-cardlist,EB01/base/EB01-030.png,https://en.onepiece-cardgame.com/images/cardlist/card/EB01-030.png?260305,2205,107,2747,HIGH,exact_code_plus_base_flag,2747,544561,Loguetown,Loguetown,EB01-030,C,,tcgcsv,2555,2747,0.01,0.15,1.61,0.1,,,2026-04-02 03:06:18,tcgcsv,EB01-030,1,1,1,0,1,0,missing_tcgplayer_product_id_only,price_via_chain_tcgplayer_id_missing
31,EB01-031,Kalifa,R,,109,31,EB01-031,,base,Base,official-cardlist,EB01/base/EB01-031.png,https://en.onepiece-cardgame.com/images/cardlist/card/EB01-031.png?260305,2206,109,2748,HIGH,exact_code_plus_base_flag,2748,544562,Kalifa,Kalifa,EB01-031,R,,tcgcsv,2556,2748,0.08,0.25,25.0,0.15,,,2026-04-02 03:06:18,tcgcsv,EB01-031,1,1,1,0,1,0,missing_tcgplayer_product_id_only,price_via_chain_tcgplayer_id_missing
32,EB01-032,Army Wolves,C,,113,32,EB01-032,,base,Base,official-cardlist,EB01/base/EB01-032.png,https://en.onepiece-cardgame.com/images/cardlist/card/EB01-032.png?260305,2208,113,2750,HIGH,exact_code_plus_base_flag,2750,544564,Army Wolves,Army Wolves,EB01-032,C,,tcgcsv,2558,2750,0.01,0.13,1.58,0.06,,,2026-04-02 03:06:18,tcgcsv,EB01-032,1,1,1,0,1,0,missing_tcgplayer_product_id_only,price_via_chain_tcgplayer_id_missing
33,EB01-033,Blueno,R,,115,33,EB01-033,,base,Base,official-cardlist,EB01/base/EB01-033.png,https://en.onepiece-cardgame.com/images/cardlist/card/EB01-033.png?260305,2209,115,2751,HIGH,exact_code_plus_base_flag,2751,544565,Blueno (033),Blueno 033,EB01-033,R,,tcgcsv,2559,2751,0.08,0.25,99.0,0.18,,,2026-04-02 03:06:18,tcgcsv,EB01-033,1,1,1,0,1,0,missing_tcgplayer_product_id_only,price_via_chain_tcgplayer_id_missing
34,EB01-034,Ms. Wednesday,SR,,117,34,EB01-034,,base,Base,official-cardlist,EB01/base/EB01-034.png,https://en.onepiece-cardgame.com/images/cardlist/card/EB01-034.png?260305,2210,117,2752,HIGH,exact_code_plus_base_flag,2752,544566,Ms. Wednesday,Ms Wednesday,EB01-034,SR,,tcgcsv,2560,2752,1.04,3.34,50.0,2.89,,,2026-04-02 03:06:18,tcgcsv,EB01-034,1,1,1,0,1,0,missing_tcgplayer_product_id_only,price_via_chain_tcgplayer_id_missing
35,EB01-035,Ms. Monday,C,,121,35,EB01-035,,base,Base,official-cardlist,EB01/base/EB01-035.png,https://en.onepiece-cardgame.com/images/cardlist/card/EB01-035.png?260305,2212,121,2754,HIGH,exact_code_plus_base_flag,2754,544568,Ms. Monday,Ms Monday,EB01-035,C,,tcgcsv,2562,2754,0.01,0.14,5.03,0.06,,,2026-04-02 03:06:18,tcgcsv,EB01-035,1,1,1,0,1,0,missing_tcgplayer_product_id_only,price_via_chain_tcgplayer_id_missing
36,EB01-036,Minochihuahua,C,,123,36,EB01-036,,base,Base,official-cardlist,EB01/base/EB01-036.png,https://en.onepiece-cardgame.com/images/cardlist/card/EB01-036.png?260305,2213,123,2755,HIGH,exact_code_plus_base_flag,2755,544569,Minochihuahua,Minochihuahua,EB01-036,C,,tcgcsv,2563,2755,0.01,0.15,1.58,0.07,,,2026-04-02 03:06:18,tcgcsv,EB01-036,1,1,1,0,1,0,missing_tcgplayer_product_id_only,price_via_chain_tcgplayer_id_missing
37,EB01-037,Mr. 9,C,,125,37,EB01-037,,base,Base,official-cardlist,EB01/base/EB01-037.png,https://en.onepiece-cardgame.com/images/cardlist/card/EB01-037.png?260305,2214,125,2756,HIGH,exact_code_plus_base_flag,2756,544570,Mr. 9,Mr 9,EB01-037,C,,tcgcsv,2564,2756,0.01,0.15,1.58,0.06,,,2026-04-02 03:06:18,tcgcsv,EB01-037,1,1,1,0,1,0,missing_tcgplayer_product_id_only,price_via_chain_tcgplayer_id_missing
38,EB01-038,Oh Come My Way,C,,127,38,EB01-038,,base,Base,official-cardlist,EB01/base/EB01-038.png,https://en.onepiece-cardgame.com/images/cardlist/card/EB01-038.png?260305,2215,127,2757,HIGH,exact_code_plus_base_flag,2757,544571,Oh Come My Way,Oh Come My Way,EB01-038,C,,tcgcsv,2565,2757,0.01,0.15,1.58,0.07,,,2026-04-02 03:06:18,tcgcsv,EB01-038,1,1,1,0,1,0,missing_tcgplayer_product_id_only,price_via_chain_tcgplayer_id_missing
39,EB01-039,Conquerer of Three Worlds Ragnaraku,R,,131,39,EB01-039,,base,Base,official-cardlist,EB01/base/EB01-039.png,https://en.onepiece-cardgame.com/images/cardlist/card/EB01-039.png?260305,2216,131,2758,HIGH,exact_code_plus_base_flag,2758,544572,Conquerer of Three Worlds Ragnaraku,Conquerer of Three Worlds Ragnaraku,EB01-039,R,,tcgcsv,2566,2758,0.45,0.75,25.0,0.55,,,2026-04-02 03:06:18,tcgcsv,EB01-039,1,1,1,0,1,0,missing_tcgplayer_product_id_only,price_via_chain_tcgplayer_id_missing
40,EB01-040,Kyros,L,,133,40,EB01-040,,base,Base,official-cardlist,EB01/base/EB01-040.png,https://en.onepiece-cardgame.com/images/cardlist/card/EB01-040.png?260305,2217,133,2759,HIGH,exact_code_plus_base_flag,2759,544573,Kyros,Kyros,EB01-040,L,,tcgcsv,2567,2759,0.09,0.2,5.0,0.18,,,2026-04-02 03:06:18,tcgcsv,EB01-040,1,1,1,0,1,0,missing_tcgplayer_product_id_only,price_via_chain_tcgplayer_id_missing
41,EB01-041,Crocus,C,,138,41,EB01-041,,base,Base,official-cardlist,EB01/base/EB01-041.png,https://en.onepiece-cardgame.com/images/cardlist/card/EB01-041.png?260305,2219,138,2761,HIGH,exact_code_plus_base_flag,2761,544575,Crocus,Crocus,EB01-041,C,,tcgcsv,2569,2761,0.01,0.11,1.61,0.05,,,2026-04-02 03:06:18,tcgcsv,EB01-041,1,1,1,0,1,0,missing_tcgplayer_product_id_only,price_via_chain_tcgplayer_id_missing
42,EB01-042,Scarlet,R,,140,42,EB01-042,,base,Base,official-cardlist,EB01/base/EB01-042.png,https://en.onepiece-cardgame.com/images/cardlist/card/EB01-042.png?260305,2220,140,2762,HIGH,exact_code_plus_base_flag,2762,544576,Scarlet,Scarlet,EB01-042,R,,tcgcsv,2570,2762,0.1,0.28,25.0,0.27,,,2026-04-02 03:06:18,tcgcsv,EB01-042,1,1,1,0,1,0,missing_tcgplayer_product_id_only,price_via_chain_tcgplayer_id_missing
43,EB01-043,Spandine,R,,142,43,EB01-043,,base,Base,official-cardlist,EB01/base/EB01-043.png,https://en.onepiece-cardgame.com/images/cardlist/card/EB01-043.png?260305,1058,142,1469,HIGH,exact_code_plus_base_flag,1469,619195,Spandine (Offline Regional Participation Pack 2025 Vol.1),Spandine Offline Regional Participation Pack 2025 Vol1,EB01-043,R,,tcgcsv,1362,1469,4.95,9.49,34.0,8.16,,,2026-04-02 03:06:17,tcgcsv,EB01-043,1,1,1,0,1,0,missing_tcgplayer_product_id_only,price_via_chain_tcgplayer_id_missing
44,EB01-044,Funkfreed,C,,152,44,EB01-044,,base,Base,official-cardlist,EB01/base/EB01-044.png,https://en.onepiece-cardgame.com/images/cardlist/card/EB01-044.png?260305,2222,152,2764,HIGH,exact_code_plus_base_flag,2764,544578,Funkfreed,Funkfreed,EB01-044,C,,tcgcsv,2572,2764,0.01,0.15,1.5,0.06,,,2026-04-02 03:06:18,tcgcsv,EB01-044,1,1,1,0,1,0,missing_tcgplayer_product_id_only,price_via_chain_tcgplayer_id_missing
45,EB01-045,Brook,C,,154,45,EB01-045,,base,Base,official-cardlist,EB01/base/EB01-045.png,https://en.onepiece-cardgame.com/images/cardlist/card/EB01-045.png?260305,2223,154,2765,HIGH,exact_code_plus_base_flag,2765,544579,Brook (045),Brook 045,EB01-045,C,,tcgcsv,2573,2765,0.01,0.16,1.58,0.16,,,2026-04-02 03:06:18,tcgcsv,EB01-045,1,1,1,0,1,0,missing_tcgplayer_product_id_only,price_via_chain_tcgplayer_id_missing
46,EB01-046,Brook,SR,,156,46,EB01-046,,base,Base,official-cardlist,EB01/base/EB01-046.png,https://en.onepiece-cardgame.com/images/cardlist/card/EB01-046.png?260305,2224,156,2766,HIGH,exact_code_plus_base_flag,2766,544580,Brook (046),Brook 046,EB01-046,SR,,tcgcsv,2574,2766,0.64,1.99,100.0,1.22,,,2026-04-02 03:06:18,tcgcsv,EB01-046,1,1,1,0,1,0,missing_tcgplayer_product_id_only,price_via_chain_tcgplayer_id_missing
47,EB01-047,Laboon,C,,161,47,EB01-047,,base,Base,official-cardlist,EB01/base/EB01-047.png,https://en.onepiece-cardgame.com/images/cardlist/card/EB01-047.png?260305,2226,161,2768,HIGH,exact_code_plus_base_flag,2768,544582,Laboon (047),Laboon 047,EB01-047,C,,tcgcsv,2576,2768,0.01,0.2,5.0,0.13,,,2026-04-02 03:06:18,tcgcsv,EB01-047,1,1,1,0,1,0,missing_tcgplayer_product_id_only,price_via_chain_tcgplayer_id_missing
48,EB01-048,Laboon,SR,,163,48,EB01-048,,base,Base,official-cardlist,EB01/base/EB01-048.png,https://en.onepiece-cardgame.com/images/cardlist/card/EB01-048.png?260305,1139,163,1570,HIGH,exact_code_plus_base_flag,1570,629758,Laboon (Treasure Cup 2025),Laboon Treasure Cup 2025,EB01-048,SR,,tcgcsv,1448,1570,1349.99,1397.5,1700.0,517.28,,,2026-04-02 03:06:17,tcgcsv,EB01-048,1,1,1,0,1,0,missing_tcgplayer_product_id_only,price_via_chain_tcgplayer_id_missing
49,EB01-049,T-Bone,R,,169,49,EB01-049,,base,Base,official-cardlist,EB01/base/EB01-049.png,https://en.onepiece-cardgame.com/images/cardlist/card/EB01-049.png?260305,1069,169,1480,HIGH,exact_code_plus_base_flag,1480,619206,T-Bone (Judge Pack Vol. 5),T Bone Judge Pack Vol 5,EB01-049,R,,tcgcsv,1373,1480,0.5,0.99,4.0,0.99,,,2026-04-02 03:06:17,tcgcsv,EB01-049,1,1,1,0,1,0,missing_tcgplayer_product_id_only,price_via_chain_tcgplayer_id_missing
50,EB01-050,...I Want to Live!!,C,,173,50,EB01-050,,base,Base,official-cardlist,EB01/base/EB01-050.png,https://en.onepiece-cardgame.com/images/cardlist/card/EB01-050.png?260305,2231,173,2773,HIGH,exact_code_plus_base_flag,2773,544587,...I Want to Live!!,I Want to Live,EB01-050,C,,tcgcsv,2581,2773,0.01,0.23,5.0,0.17,,,2026-04-02 03:06:18,tcgcsv,EB01-050,1,1,1,0,1,0,missing_tcgplayer_product_id_only,price_via_chain_tcgplayer_id_missing
51,EB01-051,Finger Pistol,R,,175,51,EB01-051,,base,Base,official-cardlist,EB01/base/EB01-051.png,https://en.onepiece-cardgame.com/images/cardlist/card/EB01-051.png?260305,2232,175,2774,HIGH,exact_code_plus_base_flag,2774,544588,Finger Pistol,Finger Pistol,EB01-051,R,,tcgcsv,2582,2774,0.5,1.32,25.0,1.12,,,2026-04-02 03:06:18,tcgcsv,EB01-051,1,1,1,0,1,0,missing_tcgplayer_product_id_only,price_via_chain_tcgplayer_id_missing
52,EB01-052,Viola,SR,,180,52,EB01-052,,base,Base,official-cardlist,EB01/base/EB01-052.png,https://en.onepiece-cardgame.com/images/cardlist/card/EB01-052.png?260305,2233,180,2775,HIGH,exact_code_plus_base_flag,2775,544589,Viola,Viola,EB01-052,SR,,tcgcsv,2583,2775,5.69,8.3,50.0,7.14,,,2026-04-02 03:06:18,tcgcsv,EB01-052,1,1,1,0,1,0,missing_tcgplayer_product_id_only,price_via_chain_tcgplayer_id_missing
53,EB01-053,Gastino,C,,184,53,EB01-053,,base,Base,official-cardlist,EB01/base/EB01-053.png,https://en.onepiece-cardgame.com/images/cardlist/card/EB01-053.png?260305,2235,184,2777,HIGH,exact_code_plus_base_flag,2777,544591,Gastino,Gastino,EB01-053,C,,tcgcsv,2585,2777,0.01,0.15,1.58,0.06,,,2026-04-02 03:06:18,tcgcsv,EB01-053,1,1,1,0,1,0,missing_tcgplayer_product_id_only,price_via_chain_tcgplayer_id_missing
54,EB01-054,Gan.Fall,R,,186,54,EB01-054,,base,Base,official-cardlist,EB01/base/EB01-054.png,https://en.onepiece-cardgame.com/images/cardlist/card/EB01-054.png?260305,2236,186,2778,HIGH,exact_code_plus_base_flag,2778,544592,Gan.Fall,GanFall,EB01-054,R,,tcgcsv,2586,2778,0.05,0.25,25.0,0.15,,,2026-04-02 03:06:18,tcgcsv,EB01-054,1,1,1,0,1,0,missing_tcgplayer_product_id_only,price_via_chain_tcgplayer_id_missing
55,EB01-055,Charlotte Compote,C,,188,55,EB01-055,,base,Base,official-cardlist,EB01/base/EB01-055.png,https://en.onepiece-cardgame.com/images/cardlist/card/EB01-055.png?260305,2237,188,2779,HIGH,exact_code_plus_base_flag,2779,544593,Charlotte Compote,Charlotte Compote,EB01-055,C,,tcgcsv,2587,2779,0.01,0.15,1.6,0.07,,,2026-04-02 03:06:18,tcgcsv,EB01-055,1,1,1,0,1,0,missing_tcgplayer_product_id_only,price_via_chain_tcgplayer_id_missing
56,EB01-056,Charlotte Flampe,R,,190,56,EB01-056,,base,Base,official-cardlist,EB01/base/EB01-056.png,https://en.onepiece-cardgame.com/images/cardlist/card/EB01-056.png?260305,2238,190,2780,HIGH,exact_code_plus_base_flag,2780,544594,Charlotte Flampe,Charlotte Flampe,EB01-056,R,,tcgcsv,2588,2780,1.99,6.99,25.0,6.57,,,2026-04-02 03:06:18,tcgcsv,EB01-056,1,1,1,0,1,0,missing_tcgplayer_product_id_only,price_via_chain_tcgplayer_id_missing
57,EB01-057,Shirahoshi,SR,EB01,196,57,EB01-057,,base,Base,official-cardlist,EB01/sp/EB01-057_sp.png,https://en.onepiece-cardgame.com/images/cardlist/card/EB01-057.png?260305,2240,196,2782,HIGH,exact_code_plus_base_flag,2782,544596,Shirahoshi,Shirahoshi,EB01-057,SR,,tcgcsv,2590,2782,0.3,1.4,99.9,0.66,,,2026-04-02 03:06:18,tcgcsv,EB01-057,1,1,1,0,1,0,missing_tcgplayer_product_id_only,price_via_chain_tcgplayer_id_missing
58,EB01-058,Mont Blanc Cricket,C,,203,58,EB01-058,,base,Base,official-cardlist,EB01/base/EB01-058.png,https://en.onepiece-cardgame.com/images/cardlist/card/EB01-058.png?260305,2242,203,2784,HIGH,exact_code_plus_base_flag,2784,544598,Mont Blanc Cricket,Mont Blanc Cricket,EB01-058,C,,tcgcsv,2592,2784,0.01,0.13,1.58,0.06,,,2026-04-02 03:06:18,tcgcsv,EB01-058,1,1,1,0,1,0,missing_tcgplayer_product_id_only,price_via_chain_tcgplayer_id_missing
59,EB01-059,Kingdom Come,R,,205,59,EB01-059,,base,Base,official-cardlist,EB01/base/EB01-059.png,https://en.onepiece-cardgame.com/images/cardlist/card/EB01-059.png?260305,2243,205,2785,HIGH,exact_code_plus_base_flag,2785,544599,Kingdom Come,Kingdom Come,EB01-059,R,,tcgcsv,2593,2785,7.0,9.59,38.99,7.75,,,2026-04-02 03:06:18,tcgcsv,EB01-059,1,1,1,0,1,0,missing_tcgplayer_product_id_only,price_via_chain_tcgplayer_id_missing
60,EB01-060,Did Someone Say...Kami?,C,,207,60,EB01-060,,base,Base,official-cardlist,EB01/base/EB01-060.png,https://en.onepiece-cardgame.com/images/cardlist/card/EB01-060.png?260305,2244,207,2786,HIGH,exact_code_plus_base_flag,2786,544600,Did Someone Say...Kami?,Did Someone SayKami,EB01-060,C,,tcgcsv,2594,2786,0.01,0.15,1.58,0.08,,,2026-04-02 03:06:18,tcgcsv,EB01-060,1,1,1,0,1,0,missing_tcgplayer_product_id_only,price_via_chain_tcgplayer_id_missing
61,EB01-061,Mr.2.Bon.Kurei(Bentham),SEC,,211,61,EB01-061,,base,Base,official-cardlist,EB01/base/EB01-061.png,https://en.onepiece-cardgame.com/images/cardlist/card/EB01-061.png?260305,2245,211,2787,HIGH,exact_code_plus_base_flag,2787,544601,Mr.2.Bon.Kurei (Bentham),Mr2BonKurei Bentham,EB01-061,SEC,,tcgcsv,2595,2787,19.0,25.5,99.99,21.79,,,2026-04-02 03:06:18,tcgcsv,EB01-061,1,1,1,0,1,0,missing_tcgplayer_product_id_only,price_via_chain_tcgplayer_id_missing
62,EB02-001,Karoo,C,,216,62,EB02-001,,base,Base,official-cardlist,EB02/base/EB02-001.png,https://en.onepiece-cardgame.com/images/cardlist/card/EB02-001.png?260305,3239,216,3910,HIGH,exact_code_plus_base_flag,3910,629089,Karoo,Karoo,EB02-001,C,,tcgcsv,3737,3910,0.01,0.16,1.5,0.12,,,2026-04-02 03:06:19,tcgcsv,EB02-001,1,1,1,0,1,0,missing_tcgplayer_product_id_only,price_via_chain_tcgplayer_id_missing
63,EB02-002,Sabo,R,,218,63,EB02-002,,base,Base,official-cardlist,EB02/base/EB02-002.png,https://en.onepiece-cardgame.com/images/cardlist/card/EB02-002.png?260305,3240,218,3911,HIGH,exact_code_plus_base_flag,3911,629090,Sabo,Sabo,EB02-002,R,,tcgcsv,3738,3911,0.35,0.85,4.0,0.65,,,2026-04-02 03:06:19,tcgcsv,EB02-002,1,1,1,0,1,0,missing_tcgplayer_product_id_only,price_via_chain_tcgplayer_id_missing
64,EB02-003,Tony Tony.Chopper,R,,221,64,EB02-003,,base,Base,official-cardlist,EB02/base/EB02-003.png,https://en.onepiece-cardgame.com/images/cardlist/card/EB02-003.png?260305,3241,221,3912,HIGH,exact_code_plus_base_flag,3912,629091,Tony Tony.Chopper,Tony TonyChopper,EB02-003,R,,tcgcsv,3739,3912,0.25,0.65,5.0,0.58,,,2026-04-02 03:06:19,tcgcsv,EB02-003,1,1,1,0,1,0,missing_tcgplayer_product_id_only,price_via_chain_tcgplayer_id_missing
65,EB02-004,Don Accino,C,,225,65,EB02-004,,base,Base,official-cardlist,EB02/base/EB02-004.png,https://en.onepiece-cardgame.com/images/cardlist/card/EB02-004.png?260305,3243,225,3914,HIGH,exact_code_plus_base_flag,3914,629093,Don Accino,Don Accino,EB02-004,C,,tcgcsv,3741,3914,0.01,0.1,1.49,0.06,,,2026-04-02 03:06:19,tcgcsv,EB02-004,1,1,1,0,1,0,missing_tcgplayer_product_id_only,price_via_chain_tcgplayer_id_missing
66,EB02-005,Fake Straw Hat Crew,C,,227,66,EB02-005,,base,Base,official-cardlist,EB02/base/EB02-005.png,https://en.onepiece-cardgame.com/images/cardlist/card/EB02-005.png?260305,3244,227,3915,HIGH,exact_code_plus_base_flag,3915,629094,Fake Straw Hat Crew,Fake Straw Hat Crew,EB02-005,C,,tcgcsv,3742,3915,0.01,0.12,1.49,0.07,,,2026-04-02 03:06:19,tcgcsv,EB02-005,1,1,1,0,1,0,missing_tcgplayer_product_id_only,price_via_chain_tcgplayer_id_missing
67,EB02-006,Yamato,SR,,229,67,EB02-006,,base,Base,official-cardlist,EB02/base/EB02-006.png,https://en.onepiece-cardgame.com/images/cardlist/card/EB02-006.png?260305,1283,229,1732,HIGH,exact_code_plus_base_flag,1732,649704,Yamato (Premium Card Collection -6 assort vol.1-),Yamato Premium Card Collection 6 assort vol1,EB02-006,SR,,tcgcsv,1587,1732,25.4,34.99,150.0,26.24,,,2026-04-02 03:06:17,tcgcsv,EB02-006,1,1,1,0,1,0,missing_tcgplayer_product_id_only,price_via_chain_tcgplayer_id_missing
68,EB02-007,Cloven Rose Blizzard,C,,236,68,EB02-007,,base,Base,official-cardlist,EB02/base/EB02-007.png,https://en.onepiece-cardgame.com/images/cardlist/card/EB02-007.png?260305,3247,236,3918,HIGH,exact_code_plus_base_flag,3918,629097,Cloven Rose Blizzard,Cloven Rose Blizzard,EB02-007,C,,tcgcsv,3745,3918,0.01,0.11,1.99,0.07,,,2026-04-02 03:06:19,tcgcsv,EB02-007,1,1,1,0,1,0,missing_tcgplayer_product_id_only,price_via_chain_tcgplayer_id_missing
69,EB02-008,The Peak,R,,238,69,EB02-008,,base,Base,official-cardlist,EB02/base/EB02-008.png,https://en.onepiece-cardgame.com/images/cardlist/card/EB02-008.png?260305,3248,238,3919,HIGH,exact_code_plus_base_flag,3919,629098,The Peak,The Peak,EB02-008,R,,tcgcsv,3746,3919,0.25,0.8,55.0,0.71,,,2026-04-02 03:06:19,tcgcsv,EB02-008,1,1,1,0,1,0,missing_tcgplayer_product_id_only,price_via_chain_tcgplayer_id_missing
70,EB02-009,Thousand Sunny,C,,240,70,EB02-009,,base,Base,official-cardlist,EB02/base/EB02-009.png,https://en.onepiece-cardgame.com/images/cardlist/card/EB02-009.png?260305,3249,240,3920,HIGH,exact_code_plus_base_flag,3920,629099,Thousand Sunny,Thousand Sunny,EB02-009,C,,tcgcsv,3747,3920,0.01,0.12,1.5,0.11,,,2026-04-02 03:06:19,tcgcsv,EB02-009,1,1,1,0,1,0,missing_tcgplayer_product_id_only,price_via_chain_tcgplayer_id_missing
71,EB02-010,Monkey.D.Luffy,L,,242,71,EB02-010,,base,Base,official-cardlist,EB02/base/EB02-010.png,https://en.onepiece-cardgame.com/images/cardlist/card/EB02-010.png?260305,1189,242,1627,HIGH,exact_code_plus_base_flag,1627,641620,Monkey.D.Luffy (010) (Dodgers x ONE PIECE),MonkeyDLuffy 010 Dodgers x ONE PIECE,EB02-010,L,,tcgcsv,1505,1627,1098.73,1800.0,20000.0,1069.58,,,2026-04-02 03:06:17,tcgcsv,EB02-010,1,1,1,0,1,0,missing_tcgplayer_product_id_only,price_via_chain_tcgplayer_id_missing
72,EB02-011,Arlong,SR,,249,72,EB02-011,,base,Base,official-cardlist,EB02/base/EB02-011.png,https://en.onepiece-cardgame.com/images/cardlist/card/EB02-011.png?260305,3252,249,3923,HIGH,exact_code_plus_base_flag,3923,629102,Arlong,Arlong,EB02-011,SR,,tcgcsv,3750,3923,2.0,4.49,25.0,3.43,,,2026-04-02 03:06:19,tcgcsv,EB02-011,1,1,1,0,1,0,missing_tcgplayer_product_id_only,price_via_chain_tcgplayer_id_missing
73,EB02-012,Gaimon,C,,253,73,EB02-012,,base,Base,official-cardlist,EB02/base/EB02-012.png,https://en.onepiece-cardgame.com/images/cardlist/card/EB02-012.png?260305,3254,253,3925,HIGH,exact_code_plus_base_flag,3925,629104,Gaimon,Gaimon,EB02-012,C,,tcgcsv,3752,3925,0.01,0.1,1.5,0.06,,,2026-04-02 03:06:19,tcgcsv,EB02-012,1,1,1,0,1,0,missing_tcgplayer_product_id_only,price_via_chain_tcgplayer_id_missing
74,EB02-013,Carrot,C,,255,74,EB02-013,,base,Base,official-cardlist,EB02/base/EB02-013.png,https://en.onepiece-cardgame.com/images/cardlist/card/EB02-013.png?260305,3255,255,3926,HIGH,exact_code_plus_base_flag,3926,629105,Carrot,Carrot,EB02-013,C,,tcgcsv,3753,3926,0.01,0.27,2.39,0.27,,,2026-04-02 03:06:19,tcgcsv,EB02-013,1,1,1,0,1,0,missing_tcgplayer_product_id_only,price_via_chain_tcgplayer_id_missing
75,EB02-014,Sarfunkel,C,,257,75,EB02-014,,base,Base,official-cardlist,EB02/base/EB02-014.png,https://en.onepiece-cardgame.com/images/cardlist/card/EB02-014.png?260305,3256,257,3927,HIGH,exact_code_plus_base_flag,3927,629106,Sarfunkel,Sarfunkel,EB02-014,C,,tcgcsv,3754,3927,0.01,0.1,1.5,0.07,,,2026-04-02 03:06:19,tcgcsv,EB02-014,1,1,1,0,1,0,missing_tcgplayer_product_id_only,price_via_chain_tcgplayer_id_missing
76,EB02-015,Jewelry Bonney,SR,,259,76,EB02-015,,base,Base,official-cardlist,EB02/base/EB02-015.png,https://en.onepiece-cardgame.com/images/cardlist/card/EB02-015.png?260305,3257,259,3928,HIGH,exact_code_plus_base_flag,3928,629107,Jewelry Bonney,Jewelry Bonney,EB02-015,SR,,tcgcsv,3755,3928,1.0,2.14,15.0,1.87,,,2026-04-02 03:06:19,tcgcsv,EB02-015,1,1,1,0,1,0,missing_tcgplayer_product_id_only,price_via_chain_tcgplayer_id_missing
77,EB02-016,Chopperman,C,,263,77,EB02-016,,base,Base,official-cardlist,EB02/base/EB02-016.png,https://en.onepiece-cardgame.com/images/cardlist/card/EB02-016.png?260305,3259,263,3930,HIGH,exact_code_plus_base_flag,3930,629109,Chopperman,Chopperman,EB02-016,C,,tcgcsv,3757,3930,0.01,0.24,1.99,0.22,,,2026-04-02 03:06:19,tcgcsv,EB02-016,1,1,1,0,1,0,missing_tcgplayer_product_id_only,price_via_chain_tcgplayer_id_missing
78,EB02-017,Nami,R,,265,78,EB02-017,,base,Base,official-cardlist,EB02/base/EB02-017.png,https://en.onepiece-cardgame.com/images/cardlist/card/EB02-017.png?260305,3260,265,3931,HIGH,exact_code_plus_base_flag,3931,629110,Nami,Nami,EB02-017,R,,tcgcsv,3758,3931,4.75,20.0,60.0,12.22,,,2026-04-02 03:06:19,tcgcsv,EB02-017,1,1,1,0,1,0,missing_tcgplayer_product_id_only,price_via_chain_tcgplayer_id_missing
79,EB02-018,Buggy,R,,270,79,EB02-018,,base,Base,official-cardlist,EB02/base/EB02-018.png,https://en.onepiece-cardgame.com/images/cardlist/card/EB02-018.png?260305,3262,270,3933,HIGH,exact_code_plus_base_flag,3933,629112,Buggy,Buggy,EB02-018,R,,tcgcsv,3760,3933,0.25,0.53,59.0,0.5,,,2026-04-02 03:06:19,tcgcsv,EB02-018,1,1,1,0,1,0,missing_tcgplayer_product_id_only,price_via_chain_tcgplayer_id_missing
80,EB02-019,Roronoa Zoro,R,,272,80,EB02-019,,base,Base,official-cardlist,EB02/base/EB02-019.png,https://en.onepiece-cardgame.com/images/cardlist/card/EB02-019.png?260305,1171,272,1608,HIGH,exact_code_plus_base_flag,1608,641202,Roronoa Zoro (Tournament Pack 2025 Vol. 3),Roronoa Zoro Tournament Pack 2025 Vol 3,EB02-019,R,,tcgcsv,1486,1608,0.18,0.36,25.0,0.31,,,2026-04-02 03:06:17,tcgcsv,EB02-019,1,1,1,0,1,0,missing_tcgplayer_product_id_only,price_via_chain_tcgplayer_id_missing
81,EB02-020,We Are!,R,,278,81,EB02-020,,base,Base,official-cardlist,EB02/base/EB02-020.png,https://en.onepiece-cardgame.com/images/cardlist/card/EB02-020.png?260305,3264,278,3935,HIGH,exact_code_plus_base_flag,3935,629114,We Are!,We Are,EB02-020,R,,tcgcsv,3762,3935,0.75,1.77,15.0,1.25,,,2026-04-02 03:06:19,tcgcsv,EB02-020,1,1,1,0,1,0,missing_tcgplayer_product_id_only,price_via_chain_tcgplayer_id_missing
82,EB02-021,Gum-Gum Giant Pistol,C,,280,82,EB02-021,,base,Base,official-cardlist,EB02/base/EB02-021.png,https://en.onepiece-cardgame.com/images/cardlist/card/EB02-021.png?260305,3265,280,3936,HIGH,exact_code_plus_base_flag,3936,629115,Gum-Gum Giant Pistol,Gum Gum Giant Pistol,EB02-021,C,,tcgcsv,3763,3936,0.01,0.2,1.99,0.16,,,2026-04-02 03:06:19,tcgcsv,EB02-021,1,1,1,0,1,0,missing_tcgplayer_product_id_only,price_via_chain_tcgplayer_id_missing
83,EB02-022,Usopp,R,,282,83,EB02-022,,base,Base,official-cardlist,EB02/base/EB02-022.png,https://en.onepiece-cardgame.com/images/cardlist/card/EB02-022.png?260305,3266,282,3937,HIGH,exact_code_plus_base_flag,3937,629116,Usopp,Usopp,EB02-022,R,,tcgcsv,3764,3937,0.04,0.27,4.0,0.25,,,2026-04-02 03:06:19,tcgcsv,EB02-022,1,1,1,0,1,0,missing_tcgplayer_product_id_only,price_via_chain_tcgplayer_id_missing
84,EB02-023,Crocodile,C,,286,84,EB02-023,,base,Base,official-cardlist,EB02/base/EB02-023.png,https://en.onepiece-cardgame.com/images/cardlist/card/EB02-023.png?260305,3268,286,3939,HIGH,exact_code_plus_base_flag,3939,629118,Crocodile,Crocodile,EB02-023,C,,tcgcsv,3766,3939,0.01,0.15,1.49,0.13,,,2026-04-02 03:06:19,tcgcsv,EB02-023,1,1,1,0,1,0,missing_tcgplayer_product_id_only,price_via_chain_tcgplayer_id_missing
85,EB02-024,Sogeking,C,,288,85,EB02-024,,base,Base,official-cardlist,EB02/base/EB02-024.png,https://en.onepiece-cardgame.com/images/cardlist/card/EB02-024.png?260305,3269,288,3940,HIGH,exact_code_plus_base_flag,3940,629119,Sogeking,Sogeking,EB02-024,C,,tcgcsv,3767,3940,0.01,0.13,1.49,0.13,,,2026-04-02 03:06:19,tcgcsv,EB02-024,1,1,1,0,1,0,missing_tcgplayer_product_id_only,price_via_chain_tcgplayer_id_missing
86,EB02-025,Donquixote Rosinante,R,,290,86,EB02-025,,base,Base,official-cardlist,EB02/base/EB02-025.png,https://en.onepiece-cardgame.com/images/cardlist/card/EB02-025.png?260305,3270,290,3941,HIGH,exact_code_plus_base_flag,3941,629120,Donquixote Rosinante,Donquixote Rosinante,EB02-025,R,,tcgcsv,3768,3941,0.07,0.25,5.0,0.22,,,2026-04-02 03:06:19,tcgcsv,EB02-025,1,1,1,0,1,0,missing_tcgplayer_product_id_only,price_via_chain_tcgplayer_id_missing
87,EB02-026,Nefeltari Vivi,SR,,292,87,EB02-026,,base,Base,official-cardlist,EB02/base/EB02-026.png,https://en.onepiece-cardgame.com/images/cardlist/card/EB02-026.png?260305,3271,292,3942,HIGH,exact_code_plus_base_flag,3942,629121,Nefeltari Vivi,Nefeltari Vivi,EB02-026,SR,,tcgcsv,3769,3942,5.23,9.82,20.0,7.19,,,2026-04-02 03:06:19,tcgcsv,EB02-026,1,1,1,0,1,0,missing_tcgplayer_product_id_only,price_via_chain_tcgplayer_id_missing
88,EB02-027,Vista,C,,299,88,EB02-027,,base,Base,official-cardlist,EB02/base/EB02-027.png,https://en.onepiece-cardgame.com/images/cardlist/card/EB02-027.png?260305,3273,299,3944,HIGH,exact_code_plus_base_flag,3944,629123,Vista,Vista,EB02-027,C,,tcgcsv,3771,3944,0.01,0.1,1.5,0.07,,,2026-04-02 03:06:19,tcgcsv,EB02-027,1,1,1,0,1,0,missing_tcgplayer_product_id_only,price_via_chain_tcgplayer_id_missing
89,EB02-028,Portgas.D.Ace,R,OP13,301,89,EB02-028,,base,Base,official-cardlist,EB02/sp/EB02-028_sp.png,https://en.onepiece-cardgame.com/images/cardlist/card/EB02-028.png?260305,3274,301,3945,HIGH,exact_code_plus_base_flag,3945,629124,Portgas.D.Ace,PortgasDAce,EB02-028,R,,tcgcsv,3772,3945,0.1,0.3,4.0,0.28,,,2026-04-02 03:06:19,tcgcsv,EB02-028,1,1,1,0,1,0,missing_tcgplayer_product_id_only,price_via_chain_tcgplayer_id_missing
90,EB02-029,Grandpa Ryu,C,,305,90,EB02-029,,base,Base,official-cardlist,EB02/base/EB02-029.png,https://en.onepiece-cardgame.com/images/cardlist/card/EB02-029.png?260305,3275,305,3946,HIGH,exact_code_plus_base_flag,3946,629125,Grandpa Ryu,Grandpa Ryu,EB02-029,C,,tcgcsv,3773,3946,0.01,0.1,1.5,0.06,,,2026-04-02 03:06:19,tcgcsv,EB02-029,1,1,1,0,1,0,missing_tcgplayer_product_id_only,price_via_chain_tcgplayer_id_missing
91,EB02-030,And That's When Somebody Makes Fun of Their Friend's Dream!!!!,C,,307,91,EB02-030,,base,Base,official-cardlist,EB02/base/EB02-030.png,https://en.onepiece-cardgame.com/images/cardlist/card/EB02-030.png?260305,3276,307,3947,HIGH,exact_code_plus_base_flag,3947,629126,And That's When Somebody Makes Fun of Their Friend's Dream!!!!,And Thats When Somebody Makes Fun of Their Friends Dream,EB02-030,C,,tcgcsv,3774,3947,0.01,0.15,1.5,0.1,,,2026-04-02 03:06:19,tcgcsv,EB02-030,1,1,1,0,1,0,missing_tcgplayer_product_id_only,price_via_chain_tcgplayer_id_missing
92,EB02-031,Hope,R,,309,92,EB02-031,,base,Base,official-cardlist,EB02/base/EB02-031.png,https://en.onepiece-cardgame.com/images/cardlist/card/EB02-031.png?260305,3277,309,3948,HIGH,exact_code_plus_base_flag,3948,629127,Hope,Hope,EB02-031,R,,tcgcsv,3775,3948,0.21,0.5,5.0,0.44,,,2026-04-02 03:06:19,tcgcsv,EB02-031,1,1,1,0,1,0,missing_tcgplayer_product_id_only,price_via_chain_tcgplayer_id_missing
93,EB02-032,Iceburg,C,,311,93,EB02-032,,base,Base,official-cardlist,EB02/base/EB02-032.png,https://en.onepiece-cardgame.com/images/cardlist/card/EB02-032.png?260305,3278,311,3949,HIGH,exact_code_plus_base_flag,3949,629128,Iceburg,Iceburg,EB02-032,C,,tcgcsv,3776,3949,0.01,0.11,1.5,0.06,,,2026-04-02 03:06:19,tcgcsv,EB02-032,1,1,1,0,1,0,missing_tcgplayer_product_id_only,price_via_chain_tcgplayer_id_missing
94,EB02-033,Klabautermann,C,,313,94,EB02-033,,base,Base,official-cardlist,EB02/base/EB02-033.png,https://en.onepiece-cardgame.com/images/cardlist/card/EB02-033.png?260305,3279,313,3950,HIGH,exact_code_plus_base_flag,3950,629129,Klabautermann,Klabautermann,EB02-033,C,,tcgcsv,3777,3950,0.01,0.1,1.5,0.06,,,2026-04-02 03:06:19,tcgcsv,EB02-033,1,1,1,0,1,0,missing_tcgplayer_product_id_only,price_via_chain_tcgplayer_id_missing
95,EB02-034,Komei,C,,315,95,EB02-034,,base,Base,official-cardlist,EB02/base/EB02-034.png,https://en.onepiece-cardgame.com/images/cardlist/card/EB02-034.png?260305,3280,315,3951,HIGH,exact_code_plus_base_flag,3951,629130,Komei,Komei,EB02-034,C,,tcgcsv,3778,3951,0.01,0.1,1.5,0.06,,,2026-04-02 03:06:19,tcgcsv,EB02-034,1,1,1,0,1,0,missing_tcgplayer_product_id_only,price_via_chain_tcgplayer_id_missing
96,EB02-035,Sanji & Pudding,SR,,317,96,EB02-035,,base,Base,official-cardlist,EB02/base/EB02-035.png,https://en.onepiece-cardgame.com/images/cardlist/card/EB02-035.png?260305,3281,317,3952,HIGH,exact_code_plus_base_flag,3952,629131,Sanji & Pudding,Sanji and Pudding,EB02-035,SR,,tcgcsv,3779,3952,11.99,17.13,38.86,13.95,,,2026-04-02 03:06:19,tcgcsv,EB02-035,1,1,1,0,1,0,missing_tcgplayer_product_id_only,price_via_chain_tcgplayer_id_missing
97,EB02-036,Nico Robin,R,,321,97,EB02-036,,base,Base,official-cardlist,EB02/base/EB02-036.png,https://en.onepiece-cardgame.com/images/cardlist/card/EB02-036.png?260305,3283,321,3954,HIGH,exact_code_plus_base_flag,3954,629133,Nico Robin,Nico Robin,EB02-036,R,,tcgcsv,3781,3954,0.5,1.0,5.0,0.97,,,2026-04-02 03:06:19,tcgcsv,EB02-036,1,1,1,0,1,0,missing_tcgplayer_product_id_only,price_via_chain_tcgplayer_id_missing
98,EB02-037,Franky,R,,325,98,EB02-037,,base,Base,official-cardlist,EB02/base/EB02-037.png,https://en.onepiece-cardgame.com/images/cardlist/card/EB02-037.png?260305,3285,325,3956,HIGH,exact_code_plus_base_flag,3956,629135,Franky,Franky,EB02-037,R,,tcgcsv,3783,3956,0.1,0.33,3.0,0.31,,,2026-04-02 03:06:19,tcgcsv,EB02-037,1,1,1,0,1,0,missing_tcgplayer_product_id_only,price_via_chain_tcgplayer_id_missing
99,EB02-038,Magellan,C,,327,99,EB02-038,,base,Base,official-cardlist,EB02/base/EB02-038.png,https://en.onepiece-cardgame.com/images/cardlist/card/EB02-038.png?260305,3286,327,3957,HIGH,exact_code_plus_base_flag,3957,629136,Magellan,Magellan,EB02-038,C,,tcgcsv,3784,3957,0.01,0.1,1.5,0.06,,,2026-04-02 03:06:19,tcgcsv,EB02-038,1,1,1,0,1,0,missing_tcgplayer_product_id_only,price_via_chain_tcgplayer_id_missing
100,EB02-039,GERMA 66,C,,329,100,EB02-039,,base,Base,official-cardlist,EB02/base/EB02-039.png,https://en.onepiece-cardgame.com/images/cardlist/card/EB02-039.png?260305,3287,329,3958,HIGH,exact_code_plus_base_flag,3958,629137,GERMA 66,GERMA 66,EB02-039,C,,tcgcsv,3785,3958,0.01,0.12,1.5,0.09,,,2026-04-02 03:06:19,tcgcsv,EB02-039,1,1,1,0,1,0,missing_tcgplayer_product_id_only,price_via_chain_tcgplayer_id_missing
101,EB02-040,BRAND NEW WORLD,R,,331,101,EB02-040,,base,Base,official-cardlist,EB02/base/EB02-040.png,https://en.onepiece-cardgame.com/images/cardlist/card/EB02-040.png?260305,3288,331,3959,HIGH,exact_code_plus_base_flag,3959,629138,BRAND NEW WORLD,BRAND NEW WORLD,EB02-040,R,,tcgcsv,3786,3959,0.23,0.54,5.0,0.5,,,2026-04-02 03:06:19,tcgcsv,EB02-040,1,1,1,0,1,0,missing_tcgplayer_product_id_only,price_via_chain_tcgplayer_id_missing
102,EB02-041,Merry Go,R,,333,102,EB02-041,,base,Base,official-cardlist,EB02/base/EB02-041.png,https://en.onepiece-cardgame.com/images/cardlist/card/EB02-041.png?260305,1344,333,1802,HIGH,exact_code_plus_base_flag,1802,657833,Merry Go (Premium Card Collection -Best Selection Vol. 5-),Merry Go Premium Card Collection Best Selection Vol 5,EB02-041,R,,tcgcsv,1648,1802,3.5,5.0,49.99,4.05,,,2026-04-02 03:06:17,tcgcsv,EB02-041,1,1,1,0,1,0,missing_tcgplayer_product_id_only,price_via_chain_tcgplayer_id_missing
103,EB02-042,All-Hunt Grount,C,,337,103,EB02-042,,base,Base,official-cardlist,EB02/base/EB02-042.png,https://en.onepiece-cardgame.com/images/cardlist/card/EB02-042.png?260305,3290,337,3961,HIGH,exact_code_plus_base_flag,3961,629140,All-Hunt Grount,All Hunt Grount,EB02-042,C,,tcgcsv,3788,3961,0.01,0.1,1.5,0.07,,,2026-04-02 03:06:19,tcgcsv,EB02-042,1,1,1,0,1,0,missing_tcgplayer_product_id_only,price_via_chain_tcgplayer_id_missing
104,EB02-043,Jonathan,C,,339,104,EB02-043,,base,Base,official-cardlist,EB02/base/EB02-043.png,https://en.onepiece-cardgame.com/images/cardlist/card/EB02-043.png?260305,3291,339,3962,HIGH,exact_code_plus_base_flag,3962,629141,Jonathan,Jonathan,EB02-043,C,,tcgcsv,3789,3962,0.01,0.1,1.5,0.05,,,2026-04-02 03:06:19,tcgcsv,EB02-043,1,1,1,0,1,0,missing_tcgplayer_product_id_only,price_via_chain_tcgplayer_id_missing
105,EB02-044,Sengoku,SR,,341,105,EB02-044,,base,Base,official-cardlist,EB02/base/EB02-044.png,https://en.onepiece-cardgame.com/images/cardlist/card/EB02-044.png?260305,3292,341,3963,HIGH,exact_code_plus_base_flag,3963,629142,Sengoku,Sengoku,EB02-044,SR,,tcgcsv,3790,3963,1.8,4.99,25.0,2.37,,,2026-04-02 03:06:19,tcgcsv,EB02-044,1,1,1,0,1,0,missing_tcgplayer_product_id_only,price_via_chain_tcgplayer_id_missing
106,EB02-045,Trafalgar Law,SR,,345,106,EB02-045,,base,Base,official-cardlist,EB02/base/EB02-045.png,https://en.onepiece-cardgame.com/images/cardlist/card/EB02-045.png?260305,3294,345,3965,HIGH,exact_code_plus_base_flag,3965,629144,Trafalgar Law,Trafalgar Law,EB02-045,SR,,tcgcsv,3792,3965,1.28,2.3,15.0,1.91,,,2026-04-02 03:06:19,tcgcsv,EB02-045,1,1,1,0,1,0,missing_tcgplayer_product_id_only,price_via_chain_tcgplayer_id_missing
107,EB02-046,Hildon,C,,349,107,EB02-046,,base,Base,official-cardlist,EB02/base/EB02-046.png,https://en.onepiece-cardgame.com/images/cardlist/card/EB02-046.png?260305,3296,349,3967,HIGH,exact_code_plus_base_flag,3967,629146,Hildon,Hildon,EB02-046,C,,tcgcsv,3794,3967,0.01,0.1,1.5,0.07,,,2026-04-02 03:06:19,tcgcsv,EB02-046,1,1,1,0,1,0,missing_tcgplayer_product_id_only,price_via_chain_tcgplayer_id_missing
108,EB02-047,Blueno,C,,351,108,EB02-047,,base,Base,official-cardlist,EB02/base/EB02-047.png,https://en.onepiece-cardgame.com/images/cardlist/card/EB02-047.png?260305,3297,351,3968,HIGH,exact_code_plus_base_flag,3968,629147,Blueno,Blueno,EB02-047,C,,tcgcsv,3795,3968,0.01,0.1,1.5,0.04,,,2026-04-02 03:06:19,tcgcsv,EB02-047,1,1,1,0,1,0,missing_tcgplayer_product_id_only,price_via_chain_tcgplayer_id_missing
109,EB02-048,Brook,R,,353,109,EB02-048,,base,Base,official-cardlist,EB02/base/EB02-048.png,https://en.onepiece-cardgame.com/images/cardlist/card/EB02-048.png?260305,3298,353,3969,HIGH,exact_code_plus_base_flag,3969,629148,Brook,Brook,EB02-048,R,,tcgcsv,3796,3969,0.05,0.29,5.0,0.28,,,2026-04-02 03:06:19,tcgcsv,EB02-048,1,1,1,0,1,0,missing_tcgplayer_product_id_only,price_via_chain_tcgplayer_id_missing
110,EB02-049,Monkey.D.Garp,R,,357,110,EB02-049,,base,Base,official-cardlist,EB02/base/EB02-049.png,https://en.onepiece-cardgame.com/images/cardlist/card/EB02-049.png?260305,3300,357,3971,HIGH,exact_code_plus_base_flag,3971,629150,Monkey.D.Garp,MonkeyDGarp,EB02-049,R,,tcgcsv,3798,3971,0.05,0.25,5.0,0.24,,,2026-04-02 03:06:19,tcgcsv,EB02-049,1,1,1,0,1,0,missing_tcgplayer_product_id_only,price_via_chain_tcgplayer_id_missing
111,EB02-050,Kokoro no Chizu,R,,359,111,EB02-050,,base,Base,official-cardlist,EB02/base/EB02-050.png,https://en.onepiece-cardgame.com/images/cardlist/card/EB02-050.png?260305,3301,359,3972,HIGH,exact_code_plus_base_flag,3972,629151,Kokoro no Chizu,Kokoro no Chizu,EB02-050,R,,tcgcsv,3799,3972,0.1,0.5,4.99,0.45,,,2026-04-02 03:06:19,tcgcsv,EB02-050,1,1,1,0,1,0,missing_tcgplayer_product_id_only,price_via_chain_tcgplayer_id_missing
112,EB02-051,Three-Pace Hum Soul Notch Slash,C,,361,112,EB02-051,,base,Base,official-cardlist,EB02/base/EB02-051.png,https://en.onepiece-cardgame.com/images/cardlist/card/EB02-051.png?260305,3302,361,3973,HIGH,exact_code_plus_base_flag,3973,629152,Three-Pace Hum Soul Notch Slash,Three Pace Hum Soul Notch Slash,EB02-051,C,,tcgcsv,3800,3973,0.01,0.12,1.5,0.09,,,2026-04-02 03:06:19,tcgcsv,EB02-051,1,1,1,0,1,0,missing_tcgplayer_product_id_only,price_via_chain_tcgplayer_id_missing
113,EB02-052,Enel,SR,,363,113,EB02-052,,base,Base,official-cardlist,EB02/base/EB02-052.png,https://en.onepiece-cardgame.com/images/cardlist/card/EB02-052.png?260305,3303,363,3974,HIGH,exact_code_plus_base_flag,3974,629153,Enel,Enel,EB02-052,SR,,tcgcsv,3801,3974,20.0,24.99,49.95,23.45,,,2026-04-02 03:06:19,tcgcsv,EB02-052,1,1,1,0,1,0,missing_tcgplayer_product_id_only,price_via_chain_tcgplayer_id_missing
114,EB02-053,Myskina Olga,C,,367,114,EB02-053,,base,Base,official-cardlist,EB02/base/EB02-053.png,https://en.onepiece-cardgame.com/images/cardlist/card/EB02-053.png?260305,3305,367,3976,HIGH,exact_code_plus_base_flag,3976,629155,Myskina Olga,Myskina Olga,EB02-053,C,,tcgcsv,3803,3976,0.01,0.1,2.0,0.06,,,2026-04-02 03:06:19,tcgcsv,EB02-053,1,1,1,0,1,0,missing_tcgplayer_product_id_only,price_via_chain_tcgplayer_id_missing
115,EB02-054,Sanji,R,,369,115,EB02-054,,base,Base,official-cardlist,EB02/base/EB02-054.png,https://en.onepiece-cardgame.com/images/cardlist/card/EB02-054.png?260305,3306,369,3977,HIGH,exact_code_plus_base_flag,3977,629156,Sanji,Sanji,EB02-054,R,,tcgcsv,3804,3977,0.25,0.71,7.0,0.53,,,2026-04-02 03:06:19,tcgcsv,EB02-054,1,1,1,0,1,0,missing_tcgplayer_product_id_only,price_via_chain_tcgplayer_id_missing
116,EB02-055,Jinbe,R,,375,116,EB02-055,,base,Base,official-cardlist,EB02/base/EB02-055.png,https://en.onepiece-cardgame.com/images/cardlist/card/EB02-055.png?260305,1173,375,1610,HIGH,exact_code_plus_base_flag,1610,641205,Jinbe (Tournament Pack 2025 Vol. 3),Jinbe Tournament Pack 2025 Vol 3,EB02-055,R,,tcgcsv,1488,1610,0.01,0.25,1.75,0.21,,,2026-04-02 03:06:17,tcgcsv,EB02-055,1,1,1,0,1,0,missing_tcgplayer_product_id_only,price_via_chain_tcgplayer_id_missing
117,EB02-056,Vegapunk,SR,,380,117,EB02-056,,base,Base,official-cardlist,EB02/base/EB02-056.png,https://en.onepiece-cardgame.com/images/cardlist/card/EB02-056.png?260305,3309,380,3980,HIGH,exact_code_plus_base_flag,3980,629159,Vegapunk,Vegapunk,EB02-056,SR,,tcgcsv,3807,3980,4.69,7.99,20.0,6.43,,,2026-04-02 03:06:19,tcgcsv,EB02-056,1,1,1,0,1,0,missing_tcgplayer_product_id_only,price_via_chain_tcgplayer_id_missing
118,EB02-057,Mad Treasure,C,,384,118,EB02-057,,base,Base,official-cardlist,EB02/base/EB02-057.png,https://en.onepiece-cardgame.com/images/cardlist/card/EB02-057.png?260305,3311,384,3982,HIGH,exact_code_plus_base_flag,3982,629161,Mad Treasure,Mad Treasure,EB02-057,C,,tcgcsv,3809,3982,0.01,0.1,1.5,0.05,,,2026-04-02 03:06:19,tcgcsv,EB02-057,1,1,1,0,1,0,missing_tcgplayer_product_id_only,price_via_chain_tcgplayer_id_missing
119,EB02-058,UUUUUS!,R,,386,119,EB02-058,,base,Base,official-cardlist,EB02/base/EB02-058.png,https://en.onepiece-cardgame.com/images/cardlist/card/EB02-058.png?260305,3312,386,3983,HIGH,exact_code_plus_base_flag,3983,629162,UUUUUS!,UUUUUS,EB02-058,R,,tcgcsv,3810,3983,0.5,1.71,7.99,1.52,,,2026-04-02 03:06:19,tcgcsv,EB02-058,1,1,1,0,1,0,missing_tcgplayer_product_id_only,price_via_chain_tcgplayer_id_missing
120,EB02-059,Without Your Help I Can't Become the King of the Pirates!!!!,C,,388,120,EB02-059,,base,Base,official-cardlist,EB02/base/EB02-059.png,https://en.onepiece-cardgame.com/images/cardlist/card/EB02-059.png?260305,3313,388,3984,HIGH,exact_code_plus_base_flag,3984,629163,Without Your Help I Can't Become the King of the Pirates!!!!,Without Your Help I Cant Become the King of the Pirates,EB02-059,C,,tcgcsv,3811,3984,0.01,0.12,1.49,0.08,,,2026-04-02 03:06:19,tcgcsv,EB02-059,1,1,1,0,1,0,missing_tcgplayer_product_id_only,price_via_chain_tcgplayer_id_missing
121,EB02-060,Merry Go,C,,390,121,EB02-060,,base,Base,official-cardlist,EB02/base/EB02-060.png,https://en.onepiece-cardgame.com/images/cardlist/card/EB02-060.png?260305,3314,390,3985,HIGH,exact_code_plus_base_flag,3985,629164,Merry Go (060),Merry Go 060,EB02-060,C,,tcgcsv,3812,3985,0.01,0.11,1.99,0.1,,,2026-04-02 03:06:19,tcgcsv,EB02-060,1,1,1,0,1,0,missing_tcgplayer_product_id_only,price_via_chain_tcgplayer_id_missing
122,EB02-061,Monkey.D.Luffy,SEC,,392,122,EB02-061,,base,Base,official-cardlist,EB02/base/EB02-061.png,https://en.onepiece-cardgame.com/images/cardlist/card/EB02-061.png?260305,3315,392,3986,HIGH,exact_code_plus_base_flag,3986,629165,Monkey.D.Luffy (061),MonkeyDLuffy 061,EB02-061,SEC,,tcgcsv,3813,3986,7.99,12.0,93.36,9.01,,,2026-04-02 03:06:19,tcgcsv,EB02-061,1,1,1,0,1,0,missing_tcgplayer_product_id_only,price_via_chain_tcgplayer_id_missing
123,EB03-001,Nefeltari Vivi,L,,401,123,EB03-001,,base,Base,official-cardlist,EB03/base/EB03-001.png,https://en.onepiece-cardgame.com/images/cardlist/card/EB03-001.png?260305,4469,401,5262,HIGH,exact_code_plus_base_flag,5262,672739,Nefeltari Vivi (001),Nefeltari Vivi 001,EB03-001,L,,tcgcsv,5120,5262,0.01,0.2,25.0,0.14,,,2026-04-02 03:06:21,tcgcsv,EB03-001,1,1,1,0,1,0,missing_tcgplayer_product_id_only,price_via_chain_tcgplayer_id_missing
124,EB03-002,Ain,C,,405,124,EB03-002,,base,Base,official-cardlist,EB03/base/EB03-002.png,https://en.onepiece-cardgame.com/images/cardlist/card/EB03-002.png?260305,4471,405,5264,HIGH,exact_code_plus_base_flag,5264,672741,Ain,Ain,EB03-002,C,,tcgcsv,5122,5264,0.01,0.13,1.5,0.08,,,2026-04-02 03:06:21,tcgcsv,EB03-002,1,1,1,0,1,0,missing_tcgplayer_product_id_only,price_via_chain_tcgplayer_id_missing
125,EB03-003,Uta,SR,EB03,407,125,EB03-003,,base,Base,official-cardlist,EB03/sp/EB03-003_sp.png,https://en.onepiece-cardgame.com/images/cardlist/card/EB03-003.png?260305,4472,407,5265,HIGH,exact_code_plus_base_flag,5265,672742,Uta (003),Uta 003,EB03-003,SR,,tcgcsv,5123,5265,0.15,0.8,99.9,0.47,,,2026-04-02 03:06:21,tcgcsv,EB03-003,1,1,1,0,1,0,missing_tcgplayer_product_id_only,price_via_chain_tcgplayer_id_missing
126,EB03-004,Carina,C,,413,126,EB03-004,,base,Base,official-cardlist,EB03/base/EB03-004.png,https://en.onepiece-cardgame.com/images/cardlist/card/EB03-004.png?260305,4474,413,5267,HIGH,exact_code_plus_base_flag,5267,672744,Carina,Carina,EB03-004,C,,tcgcsv,5125,5267,0.01,0.11,1.31,0.07,,,2026-04-02 03:06:21,tcgcsv,EB03-004,1,1,1,0,1,0,missing_tcgplayer_product_id_only,price_via_chain_tcgplayer_id_missing
127,EB03-005,Sugar,R,,415,127,EB03-005,,base,Base,official-cardlist,EB03/base/EB03-005.png,https://en.onepiece-cardgame.com/images/cardlist/card/EB03-005.png?260305,4475,415,5268,HIGH,exact_code_plus_base_flag,5268,672745,Sugar,Sugar,EB03-005,R,,tcgcsv,5126,5268,0.01,0.23,5.0,0.12,,,2026-04-02 03:06:21,tcgcsv,EB03-005,1,1,1,0,1,0,missing_tcgplayer_product_id_only,price_via_chain_tcgplayer_id_missing
128,EB03-006,Nami,R,,417,128,EB03-006,,base,Base,official-cardlist,EB03/base/EB03-006.png,https://en.onepiece-cardgame.com/images/cardlist/card/EB03-006.png?260305,4476,417,5269,HIGH,exact_code_plus_base_flag,5269,672746,Nami (006),Nami 006,EB03-006,R,,tcgcsv,5127,5269,0.2,1.0,99.9,0.5,,,2026-04-02 03:06:21,tcgcsv,EB03-006,1,1,1,0,1,0,missing_tcgplayer_product_id_only,price_via_chain_tcgplayer_id_missing
129,EB03-007,Baccarat,C,,419,129,EB03-007,,base,Base,official-cardlist,EB03/base/EB03-007.png,https://en.onepiece-cardgame.com/images/cardlist/card/EB03-007.png?260305,4477,419,5270,HIGH,exact_code_plus_base_flag,5270,672747,Baccarat,Baccarat,EB03-007,C,,tcgcsv,5128,5270,0.01,0.1,1.31,0.07,,,2026-04-02 03:06:21,tcgcsv,EB03-007,1,1,1,0,1,0,missing_tcgplayer_product_id_only,price_via_chain_tcgplayer_id_missing
130,EB03-008,Hibari,R,,421,130,EB03-008,,base,Base,official-cardlist,EB03/base/EB03-008.png,https://en.onepiece-cardgame.com/images/cardlist/card/EB03-008.png?260305,4478,421,5271,HIGH,exact_code_plus_base_flag,5271,672748,Hibari,Hibari,EB03-008,R,,tcgcsv,5129,5271,0.1,0.38,6.2,0.24,,,2026-04-02 03:06:21,tcgcsv,EB03-008,1,1,1,0,1,0,missing_tcgplayer_product_id_only,price_via_chain_tcgplayer_id_missing
131,EB03-009,Makino,C,,425,131,EB03-009,,base,Base,official-cardlist,EB03/base/EB03-009.png,https://en.onepiece-cardgame.com/images/cardlist/card/EB03-009.png?260305,4480,425,5273,HIGH,exact_code_plus_base_flag,5273,672750,Makino,Makino,EB03-009,C,,tcgcsv,5131,5273,0.01,0.1,1.31,0.06,,,2026-04-02 03:06:21,tcgcsv,EB03-009,1,1,1,0,1,0,missing_tcgplayer_product_id_only,price_via_chain_tcgplayer_id_missing
132,EB03-010,Monet,R,,427,132,EB03-010,,base,Base,official-cardlist,EB03/base/EB03-010.png,https://en.onepiece-cardgame.com/images/cardlist/card/EB03-010.png?260305,4481,427,5274,HIGH,exact_code_plus_base_flag,5274,672751,Monet,Monet,EB03-010,R,,tcgcsv,5132,5274,0.01,0.25,5.0,0.17,,,2026-04-02 03:06:21,tcgcsv,EB03-010,1,1,1,0,1,0,missing_tcgplayer_product_id_only,price_via_chain_tcgplayer_id_missing
133,EB03-011,But If We Ever See Each Other Again... Will You Call Me Your Shipmate?!!,C,,429,133,EB03-011,,base,Base,official-cardlist,EB03/base/EB03-011.png,https://en.onepiece-cardgame.com/images/cardlist/card/EB03-011.png?260305,4482,429,5275,HIGH,exact_code_plus_base_flag,5275,672752,But If We Ever See Each Other Again... Will You Call Me Your Shipmate?!!,But If We Ever See Each Other Again Will You Call Me Your Shipmate,EB03-011,C,,tcgcsv,5133,5275,0.01,0.15,2.0,0.11,,,2026-04-02 03:06:21,tcgcsv,EB03-011,1,1,1,0,1,0,missing_tcgplayer_product_id_only,price_via_chain_tcgplayer_id_missing
134,EB03-012,Otama,R,,431,134,EB03-012,,base,Base,official-cardlist,EB03/base/EB03-012.png,https://en.onepiece-cardgame.com/images/cardlist/card/EB03-012.png?260305,4483,431,5276,HIGH,exact_code_plus_base_flag,5276,672753,Otama,Otama,EB03-012,R,,tcgcsv,5134,5276,0.01,0.2,8.0,0.12,,,2026-04-02 03:06:21,tcgcsv,EB03-012,1,1,1,0,1,0,missing_tcgplayer_product_id_only,price_via_chain_tcgplayer_id_missing
135,EB03-013,Carrot,R,,433,135,EB03-013,,base,Base,official-cardlist,EB03/base/EB03-013.png,https://en.onepiece-cardgame.com/images/cardlist/card/EB03-013.png?260305,4484,433,5277,HIGH,exact_code_plus_base_flag,5277,672754,Carrot,Carrot,EB03-013,R,,tcgcsv,5135,5277,0.05,0.29,99.9,0.22,,,2026-04-02 03:06:21,tcgcsv,EB03-013,1,1,1,0,1,0,missing_tcgplayer_product_id_only,price_via_chain_tcgplayer_id_missing
136,EB03-014,Kuina,C,,437,136,EB03-014,,base,Base,official-cardlist,EB03/base/EB03-014.png,https://en.onepiece-cardgame.com/images/cardlist/card/EB03-014.png?260305,4486,437,5279,HIGH,exact_code_plus_base_flag,5279,672756,Kuina,Kuina,EB03-014,C,,tcgcsv,5137,5279,0.01,0.11,2.69,0.07,,,2026-04-02 03:06:21,tcgcsv,EB03-014,1,1,1,0,1,0,missing_tcgplayer_product_id_only,price_via_chain_tcgplayer_id_missing
137,EB03-015,Camie,C,,439,137,EB03-015,,base,Base,official-cardlist,EB03/base/EB03-015.png,https://en.onepiece-cardgame.com/images/cardlist/card/EB03-015.png?260305,4487,439,5280,HIGH,exact_code_plus_base_flag,5280,672757,Camie,Camie,EB03-015,C,,tcgcsv,5138,5280,0.01,0.1,1.31,0.05,,,2026-04-02 03:06:21,tcgcsv,EB03-015,1,1,1,0,1,0,missing_tcgplayer_product_id_only,price_via_chain_tcgplayer_id_missing
138,EB03-016,Kouzuki Hiyori,C,,441,138,EB03-016,,base,Base,official-cardlist,EB03/base/EB03-016.png,https://en.onepiece-cardgame.com/images/cardlist/card/EB03-016.png?260305,4488,441,5281,HIGH,exact_code_plus_base_flag,5281,672758,Kouzuki Hiyori,Kouzuki Hiyori,EB03-016,C,,tcgcsv,5139,5281,0.01,0.12,1.39,0.06,,,2026-04-02 03:06:21,tcgcsv,EB03-016,1,1,1,0,1,0,missing_tcgplayer_product_id_only,price_via_chain_tcgplayer_id_missing
139,EB03-017,Jewelry Bonney,R,,443,139,EB03-017,,base,Base,official-cardlist,EB03/base/EB03-017.png,https://en.onepiece-cardgame.com/images/cardlist/card/EB03-017.png?260305,4489,443,5282,HIGH,exact_code_plus_base_flag,5282,672759,Jewelry Bonney,Jewelry Bonney,EB03-017,R,,tcgcsv,5140,5282,0.06,0.26,5.0,0.18,,,2026-04-02 03:06:21,tcgcsv,EB03-017,1,1,1,0,1,0,missing_tcgplayer_product_id_only,price_via_chain_tcgplayer_id_missing
140,EB03-018,Tashigi,SR,EB03,445,140,EB03-018,,base,Base,official-cardlist,EB03/sp/EB03-018_sp.png,https://en.onepiece-cardgame.com/images/cardlist/card/EB03-018.png?260305,4490,445,5283,HIGH,exact_code_plus_base_flag,5283,672760,Tashigi,Tashigi,EB03-018,SR,,tcgcsv,5141,5283,0.25,1.0,99.9,0.69,,,2026-04-02 03:06:21,tcgcsv,EB03-018,1,1,1,0,1,0,missing_tcgplayer_product_id_only,price_via_chain_tcgplayer_id_missing
141,EB03-019,Wanda,C,,451,141,EB03-019,,base,Base,official-cardlist,EB03/base/EB03-019.png,https://en.onepiece-cardgame.com/images/cardlist/card/EB03-019.png?260305,4492,451,5285,HIGH,exact_code_plus_base_flag,5285,672762,Wanda,Wanda,EB03-019,C,,tcgcsv,5143,5285,0.01,0.11,1.5,0.07,,,2026-04-02 03:06:21,tcgcsv,EB03-019,1,1,1,0,1,0,missing_tcgplayer_product_id_only,price_via_chain_tcgplayer_id_missing
142,EB03-020,"There You Are, Sore Loser!",C,,453,142,EB03-020,,base,Base,official-cardlist,EB03/base/EB03-020.png,https://en.onepiece-cardgame.com/images/cardlist/card/EB03-020.png?260305,4493,453,5286,HIGH,exact_code_plus_base_flag,5286,672763,"There You Are, Sore Loser!",There You Are Sore Loser,EB03-020,C,,tcgcsv,5144,5286,0.01,0.14,2.0,0.07,,,2026-04-02 03:06:21,tcgcsv,EB03-020,1,1,1,0,1,0,missing_tcgplayer_product_id_only,price_via_chain_tcgplayer_id_missing
143,EB03-021,Alvida,C,,455,143,EB03-021,,base,Base,official-cardlist,EB03/base/EB03-021.png,https://en.onepiece-cardgame.com/images/cardlist/card/EB03-021.png?260305,4494,455,5287,HIGH,exact_code_plus_base_flag,5287,672764,Alvida,Alvida,EB03-021,C,,tcgcsv,5145,5287,0.01,0.14,12.0,0.08,,,2026-04-02 03:06:21,tcgcsv,EB03-021,1,1,1,0,1,0,missing_tcgplayer_product_id_only,price_via_chain_tcgplayer_id_missing
144,EB03-022,Isuka,R,,457,144,EB03-022,,base,Base,official-cardlist,EB03/base/EB03-022.png,https://en.onepiece-cardgame.com/images/cardlist/card/EB03-022.png?260305,4495,457,5288,HIGH,exact_code_plus_base_flag,5288,672765,Isuka,Isuka,EB03-022,R,,tcgcsv,5146,5288,0.01,0.25,3.95,0.19,,,2026-04-02 03:06:21,tcgcsv,EB03-022,1,1,1,0,1,0,missing_tcgplayer_product_id_only,price_via_chain_tcgplayer_id_missing
145,EB03-023,Kaya,C,,459,145,EB03-023,,base,Base,official-cardlist,EB03/base/EB03-023.png,https://en.onepiece-cardgame.com/images/cardlist/card/EB03-023.png?260305,4496,459,5289,HIGH,exact_code_plus_base_flag,5289,672766,Kaya,Kaya,EB03-023,C,,tcgcsv,5147,5289,0.01,0.15,1.5,0.13,,,2026-04-02 03:06:21,tcgcsv,EB03-023,1,1,1,0,1,0,missing_tcgplayer_product_id_only,price_via_chain_tcgplayer_id_missing
146,EB03-024,Nefeltari Vivi,SR,EB03,461,146,EB03-024,,base,Base,official-cardlist,EB03/sp/EB03-024_sp.png,https://en.onepiece-cardgame.com/images/cardlist/card/EB03-024.png?260305,4497,461,5290,HIGH,exact_code_plus_base_flag,5290,672767,Nefeltari Vivi (024),Nefeltari Vivi 024,EB03-024,SR,,tcgcsv,5148,5290,2.5,6.0,99.9,3.45,,,2026-04-02 03:06:21,tcgcsv,EB03-024,1,1,1,0,1,0,missing_tcgplayer_product_id_only,price_via_chain_tcgplayer_id_missing
147,EB03-025,Hina,R,,467,147,EB03-025,,base,Base,official-cardlist,EB03/base/EB03-025.png,https://en.onepiece-cardgame.com/images/cardlist/card/EB03-025.png?260305,4499,467,5292,HIGH,exact_code_plus_base_flag,5292,672769,Hina,Hina,EB03-025,R,,tcgcsv,5150,5292,0.01,0.25,6.65,0.17,,,2026-04-02 03:06:21,tcgcsv,EB03-025,1,1,1,0,1,0,missing_tcgplayer_product_id_only,price_via_chain_tcgplayer_id_missing
148,EB03-026,Boa Hancock,SR,EB03,471,148,EB03-026,,base,Base,official-cardlist,EB03/sp/EB03-026_sp.png,https://en.onepiece-cardgame.com/images/cardlist/card/EB03-026.png?260305,4501,471,5294,HIGH,exact_code_plus_base_flag,5294,672771,Boa Hancock,Boa Hancock,EB03-026,SR,,tcgcsv,5152,5294,0.5,1.47,99.9,1.11,,,2026-04-02 03:06:21,tcgcsv,EB03-026,1,1,1,0,1,0,missing_tcgplayer_product_id_only,price_via_chain_tcgplayer_id_missing
149,EB03-027,Marguerite,R,,477,149,EB03-027,,base,Base,official-cardlist,EB03/base/EB03-027.png,https://en.onepiece-cardgame.com/images/cardlist/card/EB03-027.png?260305,4503,477,5296,HIGH,exact_code_plus_base_flag,5296,672773,Marguerite,Marguerite,EB03-027,R,,tcgcsv,5154,5296,0.01,0.2,5.0,0.15,,,2026-04-02 03:06:21,tcgcsv,EB03-027,1,1,1,0,1,0,missing_tcgplayer_product_id_only,price_via_chain_tcgplayer_id_missing
150,EB03-028,Yu,C,,479,150,EB03-028,,base,Base,official-cardlist,EB03/base/EB03-028.png,https://en.onepiece-cardgame.com/images/cardlist/card/EB03-028.png?260305,4504,479,5297,HIGH,exact_code_plus_base_flag,5297,672774,Yu,Yu,EB03-028,C,,tcgcsv,5155,5297,0.01,0.11,1.5,0.05,,,2026-04-02 03:06:21,tcgcsv,EB03-028,1,1,1,0,1,0,missing_tcgplayer_product_id_only,price_via_chain_tcgplayer_id_missing
151,EB03-029,Insolent Fool!! Stand Down!!,C,,481,151,EB03-029,,base,Base,official-cardlist,EB03/base/EB03-029.png,https://en.onepiece-cardgame.com/images/cardlist/card/EB03-029.png?260305,4505,481,5298,HIGH,exact_code_plus_base_flag,5298,672775,Insolent Fool!! Stand Down!!,Insolent Fool Stand Down,EB03-029,C,,tcgcsv,5156,5298,0.01,0.13,2.0,0.1,,,2026-04-02 03:06:21,tcgcsv,EB03-029,1,1,1,0,1,0,missing_tcgplayer_product_id_only,price_via_chain_tcgplayer_id_missing
152,EB03-030,Viola,C,,483,152,EB03-030,,base,Base,official-cardlist,EB03/base/EB03-030.png,https://en.onepiece-cardgame.com/images/cardlist/card/EB03-030.png?260305,4506,483,5299,HIGH,exact_code_plus_base_flag,5299,672776,Viola,Viola,EB03-030,C,,tcgcsv,5157,5299,0.01,0.1,1.5,0.06,,,2026-04-02 03:06:21,tcgcsv,EB03-030,1,1,1,0,1,0,missing_tcgplayer_product_id_only,price_via_chain_tcgplayer_id_missing
153,EB03-031,Vinsmoke Reiju,SR,EB03,485,153,EB03-031,,base,Base,official-cardlist,EB03/sp/EB03-031_sp.png,https://en.onepiece-cardgame.com/images/cardlist/card/EB03-031.png?260305,4507,485,5300,HIGH,exact_code_plus_base_flag,5300,672777,Vinsmoke Reiju,Vinsmoke Reiju,EB03-031,SR,,tcgcsv,5158,5300,1.0,3.0,99.9,1.94,,,2026-04-02 03:06:21,tcgcsv,EB03-031,1,1,1,0,1,0,missing_tcgplayer_product_id_only,price_via_chain_tcgplayer_id_missing
154,EB03-032,Charlotte Flampe,C,,491,154,EB03-032,,base,Base,official-cardlist,EB03/base/EB03-032.png,https://en.onepiece-cardgame.com/images/cardlist/card/EB03-032.png?260305,4509,491,5302,HIGH,exact_code_plus_base_flag,5302,672779,Charlotte Flampe,Charlotte Flampe,EB03-032,C,,tcgcsv,5160,5302,0.01,0.1,1.33,0.07,,,2026-04-02 03:06:21,tcgcsv,EB03-032,1,1,1,0,1,0,missing_tcgplayer_product_id_only,price_via_chain_tcgplayer_id_missing
155,EB03-033,Charlotte Brulee,C,,493,155,EB03-033,,base,Base,official-cardlist,EB03/base/EB03-033.png,https://en.onepiece-cardgame.com/images/cardlist/card/EB03-033.png?260305,4510,493,5303,HIGH,exact_code_plus_base_flag,5303,672780,Charlotte Brulee,Charlotte Brulee,EB03-033,C,,tcgcsv,5161,5303,0.01,0.13,1.32,0.07,,,2026-04-02 03:06:21,tcgcsv,EB03-033,1,1,1,0,1,0,missing_tcgplayer_product_id_only,price_via_chain_tcgplayer_id_missing
156,EB03-034,Charlotte Linlin,R,,495,156,EB03-034,,base,Base,official-cardlist,EB03/base/EB03-034.png,https://en.onepiece-cardgame.com/images/cardlist/card/EB03-034.png?260305,4511,495,5304,HIGH,exact_code_plus_base_flag,5304,672781,Charlotte Linlin,Charlotte Linlin,EB03-034,R,,tcgcsv,5162,5304,0.05,0.43,3.48,0.34,,,2026-04-02 03:06:21,tcgcsv,EB03-034,1,1,1,0,1,0,missing_tcgplayer_product_id_only,price_via_chain_tcgplayer_id_missing
157,EB03-035,Charlotte Pudding,R,,499,157,EB03-035,,base,Base,official-cardlist,EB03/base/EB03-035.png,https://en.onepiece-cardgame.com/images/cardlist/card/EB03-035.png?260305,4513,499,5306,HIGH,exact_code_plus_base_flag,5306,672783,Charlotte Pudding,Charlotte Pudding,EB03-035,R,,tcgcsv,5164,5306,0.02,0.3,6.0,0.22,,,2026-04-02 03:06:21,tcgcsv,EB03-035,1,1,1,0,1,0,missing_tcgplayer_product_id_only,price_via_chain_tcgplayer_id_missing
158,EB03-036,Baby 5,C,,501,158,EB03-036,,base,Base,official-cardlist,EB03/base/EB03-036.png,https://en.onepiece-cardgame.com/images/cardlist/card/EB03-036.png?260305,4514,501,5307,HIGH,exact_code_plus_base_flag,5307,672784,Baby 5,Baby 5,EB03-036,C,,tcgcsv,5165,5307,0.01,0.1,1.31,0.05,,,2026-04-02 03:06:21,tcgcsv,EB03-036,1,1,1,0,1,0,missing_tcgplayer_product_id_only,price_via_chain_tcgplayer_id_missing
159,EB03-037,Lim,R,,503,159,EB03-037,,base,Base,official-cardlist,EB03/base/EB03-037.png,https://en.onepiece-cardgame.com/images/cardlist/card/EB03-037.png?260305,4515,503,5308,HIGH,exact_code_plus_base_flag,5308,672785,Lim,Lim,EB03-037,R,,tcgcsv,5166,5308,0.01,0.22,15.0,0.1,,,2026-04-02 03:06:21,tcgcsv,EB03-037,1,1,1,0,1,0,missing_tcgplayer_product_id_only,price_via_chain_tcgplayer_id_missing
160,EB03-038,Thanks for the Treat. ♡,C,,505,160,EB03-038,,base,Base,official-cardlist,EB03/base/EB03-038.png,https://en.onepiece-cardgame.com/images/cardlist/card/EB03-038.png?260305,4516,505,5309,HIGH,exact_code_plus_base_flag,5309,672786,Thanks for the Treat.,Thanks for the Treat,EB03-038,C,,tcgcsv,5167,5309,0.01,0.11,2.1,0.07,,,2026-04-02 03:06:21,tcgcsv,EB03-038,1,1,1,0,1,0,missing_tcgplayer_product_id_only,price_via_chain_tcgplayer_id_missing
161,EB03-039,Ulti,R,,507,161,EB03-039,,base,Base,official-cardlist,EB03/base/EB03-039.png,https://en.onepiece-cardgame.com/images/cardlist/card/EB03-039.png?260305,4517,507,5310,HIGH,exact_code_plus_base_flag,5310,672787,Ulti,Ulti,EB03-039,R,,tcgcsv,5168,5310,0.01,0.2,5.0,0.17,,,2026-04-02 03:06:21,tcgcsv,EB03-039,1,1,1,0,1,0,missing_tcgplayer_product_id_only,price_via_chain_tcgplayer_id_missing
162,EB03-040,Kalifa,C,,509,162,EB03-040,,base,Base,official-cardlist,EB03/base/EB03-040.png,https://en.onepiece-cardgame.com/images/cardlist/card/EB03-040.png?260305,4518,509,5311,HIGH,exact_code_plus_base_flag,5311,672788,Kalifa,Kalifa,EB03-040,C,,tcgcsv,5169,5311,0.01,0.1,1.41,0.09,,,2026-04-02 03:06:21,tcgcsv,EB03-040,1,1,1,0,1,0,missing_tcgplayer_product_id_only,price_via_chain_tcgplayer_id_missing
163,EB03-041,Kujyaku,R,,511,163,EB03-041,,base,Base,official-cardlist,EB03/base/EB03-041.png,https://en.onepiece-cardgame.com/images/cardlist/card/EB03-041.png?260305,4519,511,5312,HIGH,exact_code_plus_base_flag,5312,672789,Kujyaku,Kujyaku,EB03-041,R,,tcgcsv,5170,5312,0.1,0.35,29.0,0.21,,,2026-04-02 03:06:21,tcgcsv,EB03-041,1,1,1,0,1,0,missing_tcgplayer_product_id_only,price_via_chain_tcgplayer_id_missing
164,EB03-042,Koala,SR,EB03,515,164,EB03-042,,base,Base,official-cardlist,EB03/sp/EB03-042_sp.png,https://en.onepiece-cardgame.com/images/cardlist/card/EB03-042.png?260305,4521,515,5314,HIGH,exact_code_plus_base_flag,5314,672791,Koala,Koala,EB03-042,SR,,tcgcsv,5172,5314,0.75,2.6,99.9,1.29,,,2026-04-02 03:06:21,tcgcsv,EB03-042,1,1,1,0,1,0,missing_tcgplayer_product_id_only,price_via_chain_tcgplayer_id_missing
165,EB03-043,Stussy,R,,521,165,EB03-043,,base,Base,official-cardlist,EB03/base/EB03-043.png,https://en.onepiece-cardgame.com/images/cardlist/card/EB03-043.png?260305,4523,521,5316,HIGH,exact_code_plus_base_flag,5316,672793,Stussy,Stussy,EB03-043,R,,tcgcsv,5174,5316,0.02,0.22,5.0,0.21,,,2026-04-02 03:06:21,tcgcsv,EB03-043,1,1,1,0,1,0,missing_tcgplayer_product_id_only,price_via_chain_tcgplayer_id_missing
166,EB03-044,Black Maria,C,,523,166,EB03-044,,base,Base,official-cardlist,EB03/base/EB03-044.png,https://en.onepiece-cardgame.com/images/cardlist/card/EB03-044.png?260305,4524,523,5317,HIGH,exact_code_plus_base_flag,5317,672794,Black Maria,Black Maria,EB03-044,C,,tcgcsv,5175,5317,0.01,0.15,1.5,0.08,,,2026-04-02 03:06:21,tcgcsv,EB03-044,1,1,1,0,1,0,missing_tcgplayer_product_id_only,price_via_chain_tcgplayer_id_missing
167,EB03-045,Perona,SR,EB03,525,167,EB03-045,,base,Base,official-cardlist,EB03/sp/EB03-045_sp.png,https://en.onepiece-cardgame.com/images/cardlist/card/EB03-045.png?260305,4525,525,5318,HIGH,exact_code_plus_base_flag,5318,672795,Perona (045),Perona 045,EB03-045,SR,,tcgcsv,5176,5318,0.5,1.7,235.0,1.1,,,2026-04-02 03:06:21,tcgcsv,EB03-045,1,1,1,0,1,0,missing_tcgplayer_product_id_only,price_via_chain_tcgplayer_id_missing
168,EB03-046,Miss Doublefinger(Zala),C,,531,168,EB03-046,,base,Base,official-cardlist,EB03/base/EB03-046.png,https://en.onepiece-cardgame.com/images/cardlist/card/EB03-046.png?260305,4527,531,5320,HIGH,exact_code_plus_base_flag,5320,672797,Miss Doublefinger(Zala),Miss DoublefingerZala,EB03-046,C,,tcgcsv,5178,5320,0.01,0.12,1.31,0.12,,,2026-04-02 03:06:21,tcgcsv,EB03-046,1,1,1,0,1,0,missing_tcgplayer_product_id_only,price_via_chain_tcgplayer_id_missing
169,EB03-047,Miss.Valentine(Mikita),C,,533,169,EB03-047,,base,Base,official-cardlist,EB03/base/EB03-047.png,https://en.onepiece-cardgame.com/images/cardlist/card/EB03-047.png?260305,4528,533,5321,HIGH,exact_code_plus_base_flag,5321,672798,Miss.Valentine(Mikita),MissValentineMikita,EB03-047,C,,tcgcsv,5179,5321,0.01,0.12,1.31,0.12,,,2026-04-02 03:06:21,tcgcsv,EB03-047,1,1,1,0,1,0,missing_tcgplayer_product_id_only,price_via_chain_tcgplayer_id_missing
170,EB03-048,Rebecca,R,,535,170,EB03-048,,base,Base,official-cardlist,EB03/base/EB03-048.png,https://en.onepiece-cardgame.com/images/cardlist/card/EB03-048.png?260305,4529,535,5322,HIGH,exact_code_plus_base_flag,5322,672799,Rebecca,Rebecca,EB03-048,R,,tcgcsv,5180,5322,0.01,0.25,5.0,0.22,,,2026-04-02 03:06:21,tcgcsv,EB03-048,1,1,1,0,1,0,missing_tcgplayer_product_id_only,price_via_chain_tcgplayer_id_missing
171,EB03-049,I Knew You People Were Behind This.,C,,537,171,EB03-049,,base,Base,official-cardlist,EB03/base/EB03-049.png,https://en.onepiece-cardgame.com/images/cardlist/card/EB03-049.png?260305,4530,537,5323,HIGH,exact_code_plus_base_flag,5323,672800,I Knew You People Were Behind This.,I Knew You People Were Behind This,EB03-049,C,,tcgcsv,5181,5323,0.01,0.13,3.26,0.08,,,2026-04-02 03:06:21,tcgcsv,EB03-049,1,1,1,0,1,0,missing_tcgplayer_product_id_only,price_via_chain_tcgplayer_id_missing
172,EB03-050,Conis,C,,539,172,EB03-050,,base,Base,official-cardlist,EB03/base/EB03-050.png,https://en.onepiece-cardgame.com/images/cardlist/card/EB03-050.png?260305,4531,539,5324,HIGH,exact_code_plus_base_flag,5324,672801,Conis,Conis,EB03-050,C,,tcgcsv,5182,5324,0.01,0.1,1.45,0.07,,,2026-04-02 03:06:21,tcgcsv,EB03-050,1,1,1,0,1,0,missing_tcgplayer_product_id_only,price_via_chain_tcgplayer_id_missing
173,EB03-051,Charlotte Smoothie,C,,541,173,EB03-051,,base,Base,official-cardlist,EB03/base/EB03-051.png,https://en.onepiece-cardgame.com/images/cardlist/card/EB03-051.png?260305,4532,541,5325,HIGH,exact_code_plus_base_flag,5325,672802,Charlotte Smoothie,Charlotte Smoothie,EB03-051,C,,tcgcsv,5183,5325,0.01,0.13,1.41,0.1,,,2026-04-02 03:06:21,tcgcsv,EB03-051,1,1,1,0,1,0,missing_tcgplayer_product_id_only,price_via_chain_tcgplayer_id_missing
174,EB03-052,Shirahoshi,R,,543,174,EB03-052,,base,Base,official-cardlist,EB03/base/EB03-052.png,https://en.onepiece-cardgame.com/images/cardlist/card/EB03-052.png?260305,4533,543,5326,HIGH,exact_code_plus_base_flag,5326,672803,Shirahoshi,Shirahoshi,EB03-052,R,,tcgcsv,5184,5326,0.09,0.36,99.9,0.22,,,2026-04-02 03:06:21,tcgcsv,EB03-052,1,1,1,0,1,0,missing_tcgplayer_product_id_only,price_via_chain_tcgplayer_id_missing
175,EB03-053,Nami,SR,EB03,545,175,EB03-053,,base,Base,official-cardlist,EB03/sp/EB03-053_sp.png,https://en.onepiece-cardgame.com/images/cardlist/card/EB03-053.png?260305,4534,545,5327,HIGH,exact_code_plus_base_flag,5327,672804,Nami (053),Nami 053,EB03-053,SR,,tcgcsv,5185,5327,10.0,37.43,99.99,27.14,,,2026-04-02 03:06:21,tcgcsv,EB03-053,1,1,1,0,1,0,missing_tcgplayer_product_id_only,price_via_chain_tcgplayer_id_missing
176,EB03-054,Nico Robin,C,,551,176,EB03-054,,base,Base,official-cardlist,EB03/base/EB03-054.png,https://en.onepiece-cardgame.com/images/cardlist/card/EB03-054.png?260305,4536,551,5329,HIGH,exact_code_plus_base_flag,5329,672806,Nico Robin (054),Nico Robin 054,EB03-054,C,,tcgcsv,5187,5329,0.01,0.13,1.5,0.09,,,2026-04-02 03:06:21,tcgcsv,EB03-054,1,1,1,0,1,0,missing_tcgplayer_product_id_only,price_via_chain_tcgplayer_id_missing
177,EB03-055,Nico Robin,SR,EB03,553,177,EB03-055,,base,Base,official-cardlist,EB03/sp/EB03-055_sp.png,https://en.onepiece-cardgame.com/images/cardlist/card/EB03-055.png?260305,4537,553,5330,HIGH,exact_code_plus_base_flag,5330,672807,Nico Robin (055),Nico Robin 055,EB03-055,SR,,tcgcsv,5188,5330,9.99,20.0,99.99,16.47,,,2026-04-02 03:06:21,tcgcsv,EB03-055,1,1,1,0,1,0,missing_tcgplayer_product_id_only,price_via_chain_tcgplayer_id_missing
178,EB03-056,Belo Betty,C,,559,178,EB03-056,,base,Base,official-cardlist,EB03/base/EB03-056.png,https://en.onepiece-cardgame.com/images/cardlist/card/EB03-056.png?260305,4539,559,5332,HIGH,exact_code_plus_base_flag,5332,672809,Belo Betty,Belo Betty,EB03-056,C,,tcgcsv,5190,5332,0.01,0.11,1.31,0.07,,,2026-04-02 03:06:21,tcgcsv,EB03-056,1,1,1,0,1,0,missing_tcgplayer_product_id_only,price_via_chain_tcgplayer_id_missing
179,EB03-057,Yamato,R,,561,179,EB03-057,,base,Base,official-cardlist,EB03/base/EB03-057.png,https://en.onepiece-cardgame.com/images/cardlist/card/EB03-057.png?260305,4540,561,5333,HIGH,exact_code_plus_base_flag,5333,672810,Yamato,Yamato,EB03-057,R,,tcgcsv,5191,5333,0.15,0.66,99.9,0.34,,,2026-04-02 03:06:21,tcgcsv,EB03-057,1,1,1,0,1,0,missing_tcgplayer_product_id_only,price_via_chain_tcgplayer_id_missing
180,EB03-058,Lilith,R,,565,180,EB03-058,,base,Base,official-cardlist,EB03/base/EB03-058.png,https://en.onepiece-cardgame.com/images/cardlist/card/EB03-058.png?260305,4542,565,5335,HIGH,exact_code_plus_base_flag,5335,672812,Lilith,Lilith,EB03-058,R,,tcgcsv,5193,5335,0.01,0.25,5.99,0.26,,,2026-04-02 03:06:21,tcgcsv,EB03-058,1,1,1,0,1,0,missing_tcgplayer_product_id_only,price_via_chain_tcgplayer_id_missing
181,EB03-059,S-Snake,R,,567,181,EB03-059,,base,Base,official-cardlist,EB03/base/EB03-059.png,https://en.onepiece-cardgame.com/images/cardlist/card/EB03-059.png?260305,4543,567,5336,HIGH,exact_code_plus_base_flag,5336,672813,S-Snake,S Snake,EB03-059,R,,tcgcsv,5194,5336,0.05,0.4,5.77,0.33,,,2026-04-02 03:06:21,tcgcsv,EB03-059,1,1,1,0,1,0,missing_tcgplayer_product_id_only,price_via_chain_tcgplayer_id_missing
182,EB03-060,Will You Be My Servant?,C,,569,182,EB03-060,,base,Base,official-cardlist,EB03/base/EB03-060.png,https://en.onepiece-cardgame.com/images/cardlist/card/EB03-060.png?260305,4544,569,5337,HIGH,exact_code_plus_base_flag,5337,672814,Will You Be My Servant?,Will You Be My Servant,EB03-060,C,,tcgcsv,5195,5337,0.01,0.2,99.9,0.13,,,2026-04-02 03:06:21,tcgcsv,EB03-060,1,1,1,0,1,0,missing_tcgplayer_product_id_only,price_via_chain_tcgplayer_id_missing
183,EB03-061,Uta,SEC,,571,183,EB03-061,,base,Base,official-cardlist,EB03/base/EB03-061.png,https://en.onepiece-cardgame.com/images/cardlist/card/EB03-061.png?260305,4545,571,5338,HIGH,exact_code_plus_base_flag,5338,672815,Uta (061),Uta 061,EB03-061,SEC,,tcgcsv,5196,5338,4.99,8.0,128.68,6.73,,,2026-04-02 03:06:21,tcgcsv,EB03-061,1,1,1,0,1,0,missing_tcgplayer_product_id_only,price_via_chain_tcgplayer_id_missing
184,EB03-062,Trafalgar Law,SEC,,577,184,EB03-062,,base,Base,official-cardlist,EB03/base/EB03-062.png,https://en.onepiece-cardgame.com/images/cardlist/card/EB03-062.png?260305,4548,577,5341,HIGH,exact_code_plus_base_flag,5341,672818,Trafalgar Law,Trafalgar Law,EB03-062,SEC,,tcgcsv,5199,5341,16.68,23.87,249.99,17.72,,,2026-04-02 03:06:21,tcgcsv,EB03-062,1,1,1,0,1,0,missing_tcgplayer_product_id_only,price_via_chain_tcgplayer_id_missing
195,EB04-011,Scaled Neptunian,C,,595,195,EB04-011,,base,Base,official-cardlist,thumbs/EB04-011.webp,https://en.onepiece-cardgame.com/images/cardlist/card/EB04-011.png?260305,4333,595,5115,HIGH,exact_code_plus_base_flag,5115,671329,Scaled Neptunian,Scaled Neptunian,EB04-011,C,,tcgcsv,4973,5115,0.01,0.11,1.32,0.11,,,2026-04-02 03:06:21,tcgcsv,EB04-011,1,1,1,0,1,0,missing_tcgplayer_product_id_only,price_via_chain_tcgplayer_id_missing
196,EB04-012,Kikunojo,SR,,597,196,EB04-012,,base,Base,official-cardlist,thumbs/EB04-012.webp,https://en.onepiece-cardgame.com/images/cardlist/card/EB04-012.png?260305,4308,597,5090,HIGH,exact_code_plus_base_flag,5090,668644,Kikunojo - EB04-012,Kikunojo EB04 012,EB04-012,SR,,tcgcsv,4948,5090,0.01,0.55,8.0,0.4,,,2026-04-02 03:06:21,tcgcsv,EB04-012,1,1,1,0,1,0,missing_tcgplayer_product_id_only,price_via_chain_tcgplayer_id_missing
197,EB04-013,Carrot,SR,,601,197,EB04-013,,base,Base,official-cardlist,thumbs/EB04-013.webp,https://en.onepiece-cardgame.com/images/cardlist/card/EB04-013.png?260305,4310,601,5092,HIGH,exact_code_plus_base_flag,5092,668658,Carrot,Carrot,EB04-013,SR,,tcgcsv,4950,5092,0.1,0.7,9.25,0.39,,,2026-04-02 03:06:21,tcgcsv,EB04-013,1,1,1,0,1,0,missing_tcgplayer_product_id_only,price_via_chain_tcgplayer_id_missing
198,EB04-014,Kozuki Sukiyaki,C,,605,198,EB04-014,,base,Base,official-cardlist,thumbs/EB04-014.webp,https://en.onepiece-cardgame.com/images/cardlist/card/EB04-014.png?260305,4334,605,5116,HIGH,exact_code_plus_base_flag,5116,671330,Kouzuki Sukiyaki,Kouzuki Sukiyaki,EB04-014,C,,tcgcsv,4974,5116,0.01,0.14,10.11,0.14,,,2026-04-02 03:06:21,tcgcsv,EB04-014,1,1,1,0,1,0,missing_tcgplayer_product_id_only,price_via_chain_tcgplayer_id_missing
199,EB04-015,Jinbe,R,,607,199,EB04-015,,base,Base,official-cardlist,thumbs/EB04-015.webp,https://en.onepiece-cardgame.com/images/cardlist/card/EB04-015.png?260305,4276,607,5054,HIGH,exact_code_plus_base_flag,5054,666534,Jinbe - EB04-015,Jinbe EB04 015,EB04-015,R,,tcgcsv,4912,5054,0.01,0.19,10.18,0.15,,,2026-04-02 03:06:21,tcgcsv,EB04-015,1,1,1,0,1,0,missing_tcgplayer_product_id_only,price_via_chain_tcgplayer_id_missing
200,EB04-016,Bird Neptunian,C,,609,200,EB04-016,,base,Base,official-cardlist,thumbs/EB04-016.webp,https://en.onepiece-cardgame.com/images/cardlist/card/EB04-016.png?260305,4335,609,5117,HIGH,exact_code_plus_base_flag,5117,671331,Bird Neptunian,Bird Neptunian,EB04-016,C,,tcgcsv,4975,5117,0.01,0.11,10.1,0.1,,,2026-04-02 03:06:21,tcgcsv,EB04-016,1,1,1,0,1,0,missing_tcgplayer_product_id_only,price_via_chain_tcgplayer_id_missing
201,EB04-017,Mystoms,C,,611,201,EB04-017,,base,Base,official-cardlist,thumbs/EB04-017.webp,https://en.onepiece-cardgame.com/images/cardlist/card/EB04-017.png?260305,4336,611,5118,HIGH,exact_code_plus_base_flag,5118,671332,Mystoms,Mystoms,EB04-017,C,,tcgcsv,4976,5118,0.01,0.12,10.11,0.09,,,2026-04-02 03:06:21,tcgcsv,EB04-017,1,1,1,0,1,0,missing_tcgplayer_product_id_only,price_via_chain_tcgplayer_id_missing
202,EB04-018,Megalo,R,,613,202,EB04-018,,base,Base,official-cardlist,thumbs/EB04-018.webp,https://en.onepiece-cardgame.com/images/cardlist/card/EB04-018.png?260305,4275,613,5053,HIGH,exact_code_plus_base_flag,5053,666532,Megalo (Alternate Art),Megalo Alternate Art,EB04-018,R,,tcgcsv,4911,5053,11.0,15.79,99.0,13.3,,,2026-04-02 03:06:21,tcgcsv,EB04-018,1,1,1,0,1,0,missing_tcgplayer_product_id_only,price_via_chain_tcgplayer_id_missing
203,EB04-019,Eleclaw,R,,617,203,EB04-019,,base,Base,official-cardlist,thumbs/EB04-019.webp,https://en.onepiece-cardgame.com/images/cardlist/card/EB04-019.png?260305,4277,617,5055,HIGH,exact_code_plus_base_flag,5055,666535,Eleclaw,Eleclaw,EB04-019,R,,tcgcsv,4913,5055,0.01,0.25,10.24,0.16,,,2026-04-02 03:06:21,tcgcsv,EB04-019,1,1,1,0,1,0,missing_tcgplayer_product_id_only,price_via_chain_tcgplayer_id_missing
204,EB04-020,Shark Brick Fist,C,,619,204,EB04-020,,base,Base,official-cardlist,thumbs/EB04-020.webp,https://en.onepiece-cardgame.com/images/cardlist/card/EB04-020.png?260305,4338,619,5120,HIGH,exact_code_plus_base_flag,5120,671334,Shark Brick Fist,Shark Brick Fist,EB04-020,C,,tcgcsv,4978,5120,0.01,0.12,10.15,0.06,,,2026-04-02 03:06:21,tcgcsv,EB04-020,1,1,1,0,1,0,missing_tcgplayer_product_id_only,price_via_chain_tcgplayer_id_missing
205,EB04-021,Igaram,C,,621,205,EB04-021,,base,Base,official-cardlist,thumbs/EB04-021.webp,https://en.onepiece-cardgame.com/images/cardlist/card/EB04-021.png?260305,4339,621,5121,HIGH,exact_code_plus_base_flag,5121,671335,Igaram,Igaram,EB04-021,C,,tcgcsv,4979,5121,0.01,0.1,10.09,0.06,,,2026-04-02 03:06:21,tcgcsv,EB04-021,1,1,1,0,1,0,missing_tcgplayer_product_id_only,price_via_chain_tcgplayer_id_missing
206,EB04-022,Issho,R,,623,206,EB04-022,,base,Base,official-cardlist,thumbs/EB04-022.webp,https://en.onepiece-cardgame.com/images/cardlist/card/EB04-022.png?260305,4278,623,5056,HIGH,exact_code_plus_base_flag,5056,666537,Issho - EB04-022 (Alternate Art),Issho EB04 022 Alternate Art,EB04-022,R,,tcgcsv,4914,5056,7.25,11.0,55.0,8.7,,,2026-04-02 03:06:21,tcgcsv,EB04-022,1,1,1,0,1,0,missing_tcgplayer_product_id_only,price_via_chain_tcgplayer_id_missing
207,EB04-023,Chaka & Pell,R,,627,207,EB04-023,,base,Base,official-cardlist,thumbs/EB04-023.webp,https://en.onepiece-cardgame.com/images/cardlist/card/EB04-023.png?260305,4295,627,5077,HIGH,exact_code_plus_base_flag,5077,668529,Chaka & Pell - EB04-023,Chaka and Pell EB04 023,EB04-023,R,,tcgcsv,4935,5077,0.01,0.24,10.1,0.18,,,2026-04-02 03:06:21,tcgcsv,EB04-023,1,1,1,0,1,0,missing_tcgplayer_product_id_only,price_via_chain_tcgplayer_id_missing
208,EB04-024,Terracotta,C,,630,208,EB04-024,,base,Base,official-cardlist,thumbs/EB04-024.webp,https://en.onepiece-cardgame.com/images/cardlist/card/EB04-024.png?260305,4341,630,5123,HIGH,exact_code_plus_base_flag,5123,671337,Terracotta,Terracotta,EB04-024,C,,tcgcsv,4981,5123,0.01,0.13,10.11,0.11,,,2026-04-02 03:06:21,tcgcsv,EB04-024,1,1,1,0,1,0,missing_tcgplayer_product_id_only,price_via_chain_tcgplayer_id_missing
209,EB04-025,Nefeltari Vivi,SR,,632,209,EB04-025,,base,Base,official-cardlist,thumbs/EB04-025.webp,https://en.onepiece-cardgame.com/images/cardlist/card/EB04-025.png?260305,4312,632,5094,HIGH,exact_code_plus_base_flag,5094,668670,Nefeltari Vivi,Nefeltari Vivi,EB04-025,SR,,tcgcsv,4952,5094,0.5,1.5,19.95,1.04,,,2026-04-02 03:06:21,tcgcsv,EB04-025,1,1,1,0,1,0,missing_tcgplayer_product_id_only,price_via_chain_tcgplayer_id_missing
210,EB04-026,Bluegrass,C,,636,210,EB04-026,,base,Base,official-cardlist,thumbs/EB04-026.webp,https://en.onepiece-cardgame.com/images/cardlist/card/EB04-026.png?260305,4342,636,5124,HIGH,exact_code_plus_base_flag,5124,671338,Bluegrass,Bluegrass,EB04-026,C,,tcgcsv,4982,5124,0.01,0.13,10.14,0.09,,,2026-04-02 03:06:21,tcgcsv,EB04-026,1,1,1,0,1,0,missing_tcgplayer_product_id_only,price_via_chain_tcgplayer_id_missing
211,EB04-027,Boa Hancock,R,,638,211,EB04-027,,base,Base,official-cardlist,thumbs/EB04-027.webp,https://en.onepiece-cardgame.com/images/cardlist/card/EB04-027.png?260305,4294,638,5076,HIGH,exact_code_plus_base_flag,5076,668528,Boa Hancock - EB04-027,Boa Hancock EB04 027,EB04-027,R,,tcgcsv,4934,5076,0.02,0.3,20.0,0.24,,,2026-04-02 03:06:21,tcgcsv,EB04-027,1,1,1,0,1,0,missing_tcgplayer_product_id_only,price_via_chain_tcgplayer_id_missing
212,EB04-028,Ice Time,R,,640,212,EB04-028,,base,Base,official-cardlist,thumbs/EB04-028.webp,https://en.onepiece-cardgame.com/images/cardlist/card/EB04-028.png?260305,4343,640,5125,HIGH,exact_code_plus_base_flag,5125,671339,Ice Time,Ice Time,EB04-028,R,,tcgcsv,4983,5125,0.01,0.25,2.74,0.15,,,2026-04-02 03:06:21,tcgcsv,EB04-028,1,1,1,0,1,0,missing_tcgplayer_product_id_only,price_via_chain_tcgplayer_id_missing
213,EB04-029,I Heard the Sound...of a Lady's Teardrops Falling,UC,,642,213,EB04-029,,base,Base,official-cardlist,thumbs/EB04-029.webp,https://en.onepiece-cardgame.com/images/cardlist/card/EB04-029.png?260305,4344,642,5126,HIGH,exact_code_plus_base_flag,5126,671340,I Heard the Sound...of a Lady's Teardrops Falling,I Heard the Soundof a Ladys Teardrops Falling,EB04-029,C,,tcgcsv,4984,5126,0.01,0.15,1.42,0.11,,,2026-04-02 03:06:21,tcgcsv,EB04-029,1,1,1,0,1,0,missing_tcgplayer_product_id_only,price_via_chain_tcgplayer_id_missing
214,EB04-030,Kaido,R,,644,214,EB04-030,,base,Base,official-cardlist,thumbs/EB04-030.webp,https://en.onepiece-cardgame.com/images/cardlist/card/EB04-030.png?260305,4279,644,5057,HIGH,exact_code_plus_base_flag,5057,666539,Kaido,Kaido,EB04-030,R,,tcgcsv,4915,5057,0.01,0.23,15.0,0.17,,,2026-04-02 03:06:21,tcgcsv,EB04-030,1,1,1,0,1,0,missing_tcgplayer_product_id_only,price_via_chain_tcgplayer_id_missing
215,EB04-031,King,R,,646,215,EB04-031,,base,Base,official-cardlist,thumbs/EB04-031.webp,https://en.onepiece-cardgame.com/images/cardlist/card/EB04-031.png?260305,4280,646,5058,HIGH,exact_code_plus_base_flag,5058,666540,King (Alternate Art),King Alternate Art,EB04-031,R,,tcgcsv,4916,5058,4.09,7.13,59.99,5.18,,,2026-04-02 03:06:21,tcgcsv,EB04-031,1,1,1,0,1,0,missing_tcgplayer_product_id_only,price_via_chain_tcgplayer_id_missing
216,EB04-032,Queen,R,,650,216,EB04-032,,base,Base,official-cardlist,thumbs/EB04-032.webp,https://en.onepiece-cardgame.com/images/cardlist/card/EB04-032.png?260305,4346,650,5128,HIGH,exact_code_plus_base_flag,5128,671342,Queen,Queen,EB04-032,R,,tcgcsv,4986,5128,0.01,0.25,10.33,0.18,,,2026-04-02 03:06:21,tcgcsv,EB04-032,1,1,1,0,1,0,missing_tcgplayer_product_id_only,price_via_chain_tcgplayer_id_missing
217,EB04-033,Groggy Monsters,C,,652,217,EB04-033,,base,Base,official-cardlist,thumbs/EB04-033.webp,https://en.onepiece-cardgame.com/images/cardlist/card/EB04-033.png?260305,4347,652,5129,HIGH,exact_code_plus_base_flag,5129,671343,Groggy Monsters,Groggy Monsters,EB04-033,C,,tcgcsv,4987,5129,0.01,0.1,10.08,0.07,,,2026-04-02 03:06:21,tcgcsv,EB04-033,1,1,1,0,1,0,missing_tcgplayer_product_id_only,price_via_chain_tcgplayer_id_missing
218,EB04-034,Charlotte Pudding,C,,654,218,EB04-034,,base,Base,official-cardlist,thumbs/EB04-034.webp,https://en.onepiece-cardgame.com/images/cardlist/card/EB04-034.png?260305,4348,654,5130,HIGH,exact_code_plus_base_flag,5130,671344,Charlotte Pudding,Charlotte Pudding,EB04-034,C,,tcgcsv,4988,5130,0.01,0.13,10.12,0.09,,,2026-04-02 03:06:21,tcgcsv,EB04-034,1,1,1,0,1,0,missing_tcgplayer_product_id_only,price_via_chain_tcgplayer_id_missing
219,EB04-035,Hitokiri Kamazo,C,,656,219,EB04-035,,base,Base,official-cardlist,thumbs/EB04-035.webp,https://en.onepiece-cardgame.com/images/cardlist/card/EB04-035.png?260305,4349,656,5131,HIGH,exact_code_plus_base_flag,5131,671345,Hitokiri Kamazo,Hitokiri Kamazo,EB04-035,C,,tcgcsv,4989,5131,0.01,0.1,1.36,0.09,,,2026-04-02 03:06:21,tcgcsv,EB04-035,1,1,1,0,1,0,missing_tcgplayer_product_id_only,price_via_chain_tcgplayer_id_missing
220,EB04-036,Foxy,SR,,658,220,EB04-036,,base,Base,official-cardlist,thumbs/EB04-036.webp,https://en.onepiece-cardgame.com/images/cardlist/card/EB04-036.png?260305,4314,658,5096,HIGH,exact_code_plus_base_flag,5096,668752,Foxy (Alternate Art),Foxy Alternate Art,EB04-036,SR,,tcgcsv,4954,5096,5.16,7.13,50.0,5.57,,,2026-04-02 03:06:21,tcgcsv,EB04-036,1,1,1,0,1,0,missing_tcgplayer_product_id_only,price_via_chain_tcgplayer_id_missing
221,EB04-037,Porche,C,,662,221,EB04-037,,base,Base,official-cardlist,thumbs/EB04-037.webp,https://en.onepiece-cardgame.com/images/cardlist/card/EB04-037.png?260305,4350,662,5132,HIGH,exact_code_plus_base_flag,5132,671346,Porche,Porche,EB04-037,C,,tcgcsv,4990,5132,0.01,0.12,10.08,0.1,,,2026-04-02 03:06:21,tcgcsv,EB04-037,1,1,1,0,1,0,missing_tcgplayer_product_id_only,price_via_chain_tcgplayer_id_missing
222,EB04-038,Rosinante & Law,SR,,664,222,EB04-038,,base,Base,official-cardlist,thumbs/EB04-038.webp,https://en.onepiece-cardgame.com/images/cardlist/card/EB04-038.png?260305,4316,664,5098,HIGH,exact_code_plus_base_flag,5098,669239,Rosinante & Law,Rosinante and Law,EB04-038,SR,,tcgcsv,4956,5098,1.25,2.33,99.9,1.67,,,2026-04-02 03:06:21,tcgcsv,EB04-038,1,1,1,0,1,0,missing_tcgplayer_product_id_only,price_via_chain_tcgplayer_id_missing
223,EB04-039,"Eustass""Captain""Kid",R,,668,223,EB04-039,,base,Base,official-cardlist,EB04/base/EB04-039.png,https://en.onepiece-cardgame.com/images/cardlist/card/EB04-039.png?260305,4351,668,5133,HIGH,exact_code_plus_base_flag,5133,671347,"Eustass""Captain""Kid - EB04-039",EustassCaptainKid EB04 039,EB04-039,R,,tcgcsv,4991,5133,0.01,0.2,10.17,0.18,,,2026-04-02 03:06:21,tcgcsv,EB04-039,1,1,1,0,1,0,missing_tcgplayer_product_id_only,price_via_chain_tcgplayer_id_missing
224,EB04-040,Flame Dragon Torch,R,,672,224,EB04-040,,base,Base,official-cardlist,thumbs/EB04-040.webp,https://en.onepiece-cardgame.com/images/cardlist/card/EB04-040.png?260305,4352,672,5134,HIGH,exact_code_plus_base_flag,5134,671348,Flame Dragon Torch,Flame Dragon Torch,EB04-040,R,,tcgcsv,4992,5134,0.01,0.22,10.31,0.17,,,2026-04-02 03:06:21,tcgcsv,EB04-040,1,1,1,0,1,0,missing_tcgplayer_product_id_only,price_via_chain_tcgplayer_id_missing
225,EB04-041,Stealth Black,C,,674,225,EB04-041,,base,Base,official-cardlist,thumbs/EB04-041.webp,https://en.onepiece-cardgame.com/images/cardlist/card/EB04-041.png?260305,4293,674,5075,HIGH,exact_code_plus_base_flag,5075,668420,Stealth Black,Stealth Black,EB04-041,C,,tcgcsv,4933,5075,0.01,0.14,10.12,0.1,,,2026-04-02 03:06:21,tcgcsv,EB04-041,1,1,1,0,1,0,missing_tcgplayer_product_id_only,price_via_chain_tcgplayer_id_missing
246,OP01-001,Monkey D. Luffy,L,,704,246,OP01-001,,base,Base,official-cardlist,OP01/base/OP01-001.png,https://en.onepiece-cardgame.com/images/cardlist/card/OP01-001.png?260305,487,704,814,HIGH,exact_code_plus_base_flag,814,485262,Roronoa Zoro - OP01-001 (Alternate Art),Roronoa Zoro OP01 001 Alternate Art,OP01-001,PR,,tcgcsv,804,814,62.0,74.79,9999.0,66.58,,,2026-04-02 03:06:17,tcgcsv,OP01-001,1,1,1,0,1,0,missing_tcgplayer_product_id_only,price_via_chain_tcgplayer_id_missing
247,OP01-002,Trafalgar Law,SR,,710,247,OP01-002,,base,Base,official-cardlist,OP01/base/OP01-002.png,https://en.onepiece-cardgame.com/images/cardlist/card/OP01-002.png?260305,4603,710,309,HIGH,exact_code_plus_base_flag,309,453505,Trafalgar Law (002),Trafalgar Law 002,OP01-002,L,,tcgcsv,309,309,0.28,1.18,5.0,1.13,,,2026-04-01 22:09:08,tcgcsv,OP01-002,1,1,1,0,1,0,missing_tcgplayer_product_id_only,price_via_chain_tcgplayer_id_missing
248,OP01-003,Monkey.D.Luffy,L,,714,248,OP01-003,,base,Base,official-cardlist,OP01/base/OP01-003.png,https://en.onepiece-cardgame.com/images/cardlist/card/OP01-003.png?260305,4604,714,310,HIGH,exact_code_plus_base_flag,310,453506,Monkey.D.Luffy (003) (Parallel),MonkeyDLuffy 003 Parallel,OP01-003,L,Parallel,tcgcsv,310,310,823.99,1100.0,3100.0,847.45,,,2026-04-01 22:09:08,tcgcsv,OP01-003,1,1,1,0,1,0,missing_tcgplayer_product_id_only,price_via_chain_tcgplayer_id_missing
249,OP01-004,Usopp,R,,718,249,OP01-004,,base,Base,official-cardlist,OP01/base/OP01-004.png,https://en.onepiece-cardgame.com/images/cardlist/card/OP01-004.png?260305,412,718,717,HIGH,exact_code_plus_base_flag,717,455814,Usopp - OP01-004 (Treasure Cup),Usopp OP01 004 Treasure Cup,OP01-004,PR,,tcgcsv,,,,,,,,,,,OP01-004,1,1,1,0,1,0,missing_tcgplayer_product_id_only,price_via_chain_tcgplayer_id_missing
250,OP01-005,Uta,R,,723,250,OP01-005,,base,Base,official-cardlist,OP01/base/OP01-005.png,https://en.onepiece-cardgame.com/images/cardlist/card/OP01-005.png?260305,508,723,841,HIGH,exact_code_plus_base_flag,841,497386,Uta (Demo Deck 2023),Uta Demo Deck 2023,OP01-005,R,,tcgcsv,831,841,0.49,0.64,1.51,0.63,,,2026-04-02 03:06:17,tcgcsv,OP01-005,1,1,1,0,1,0,missing_tcgplayer_product_id_only,price_via_chain_tcgplayer_id_missing
251,OP01-006,Otama,UC,,731,251,OP01-006,,base,Base,official-cardlist,OP01/base/OP01-006.png,https://en.onepiece-cardgame.com/images/cardlist/card/OP01-006.png?260305,515,731,848,HIGH,exact_code_plus_base_flag,848,499430,Otama (Judge),Otama Judge,OP01-006,PR,,tcgcsv,838,848,2.5,4.02,23.0,3.22,,,2026-04-02 03:06:17,tcgcsv,OP01-006,1,1,1,0,1,0,missing_tcgplayer_product_id_only,price_via_chain_tcgplayer_id_missing
252,OP01-007,Caribou,C,,742,252,OP01-007,,base,Base,official-cardlist,OP01/base/OP01-007.png,https://en.onepiece-cardgame.com/images/cardlist/card/OP01-007.png?260305,4628,742,334,HIGH,exact_code_plus_base_flag,334,454519,Caribou,Caribou,OP01-007,C,,tcgcsv,334,334,0.01,0.15,2.0,0.06,,,2026-04-01 22:09:08,tcgcsv,OP01-007,1,1,1,0,1,0,missing_tcgplayer_product_id_only,price_via_chain_tcgplayer_id_missing
253,OP01-008,Cavendish,C,,744,253,OP01-008,,base,Base,official-cardlist,OP01/base/OP01-008.png,https://en.onepiece-cardgame.com/images/cardlist/card/OP01-008.png?260305,4605,744,311,HIGH,exact_code_plus_base_flag,311,453507,Cavendish (Box Topper),Cavendish Box Topper,OP01-008,C,Box Topper,tcgcsv,311,311,2.19,4.12,50.0,2.59,,,2026-04-01 22:09:08,tcgcsv,OP01-008,1,1,1,0,1,0,missing_tcgplayer_product_id_only,price_via_chain_tcgplayer_id_missing
254,OP01-009,Carrot,C,,748,254,OP01-009,,base,Base,official-cardlist,OP01/base/OP01-009.png,https://en.onepiece-cardgame.com/images/cardlist/card/OP01-009.png?260305,4630,748,336,HIGH,exact_code_plus_base_flag,336,454522,Carrot,Carrot,OP01-009,C,,tcgcsv,336,336,0.02,0.17,2.0,0.11,,,2026-04-01 22:09:08,tcgcsv,OP01-009,1,1,1,0,1,0,missing_tcgplayer_product_id_only,price_via_chain_tcgplayer_id_missing
255,OP01-010,Komachiyo,C,,750,255,OP01-010,,base,Base,official-cardlist,OP01/base/OP01-010.png,https://en.onepiece-cardgame.com/images/cardlist/card/OP01-010.png?260305,4631,750,337,HIGH,exact_code_plus_base_flag,337,454525,Komachiyo,Komachiyo,OP01-010,C,,tcgcsv,337,337,0.01,0.15,2.0,0.11,,,2026-04-01 22:09:08,tcgcsv,OP01-010,1,1,1,0,1,0,missing_tcgplayer_product_id_only,price_via_chain_tcgplayer_id_missing
256,OP01-011,Gordon,UC,,752,256,OP01-011,,base,Base,official-cardlist,OP01/base/OP01-011.png,https://en.onepiece-cardgame.com/images/cardlist/card/OP01-011.png?260305,4632,752,338,HIGH,exact_code_plus_base_flag,338,454526,Gordon,Gordon,OP01-011,UC,,tcgcsv,338,338,0.05,0.2,2.0,0.12,,,2026-04-01 22:09:08,tcgcsv,OP01-011,1,1,1,0,1,0,missing_tcgplayer_product_id_only,price_via_chain_tcgplayer_id_missing
257,OP01-012,Sai,C,,754,257,OP01-012,,base,Base,official-cardlist,OP01/base/OP01-012.png,https://en.onepiece-cardgame.com/images/cardlist/card/OP01-012.png?260305,4633,754,339,HIGH,exact_code_plus_base_flag,339,454527,Sai,Sai,OP01-012,C,,tcgcsv,339,339,0.01,0.15,2.0,0.06,,,2026-04-01 22:09:08,tcgcsv,OP01-012,1,1,1,0,1,0,missing_tcgplayer_product_id_only,price_via_chain_tcgplayer_id_missing
258,OP01-013,Sanji,R,,756,258,OP01-013,,base,Base,official-cardlist,OP01/base/OP01-013.png,https://en.onepiece-cardgame.com/images/cardlist/card/OP01-013.png?260305,488,756,815,HIGH,exact_code_plus_base_flag,815,485263,Sanji - OP01-013 (Alternate Art),Sanji OP01 013 Alternate Art,OP01-013,PR,,tcgcsv,805,815,12.0,19.15,9999.0,13.2,,,2026-04-02 03:06:17,tcgcsv,OP01-013,1,1,1,0,1,0,missing_tcgplayer_product_id_only,price_via_chain_tcgplayer_id_missing
259,OP01-014,Jinbe,UC,,768,259,OP01-014,,base,Base,official-cardlist,OP01/base/OP01-014.png,https://en.onepiece-cardgame.com/images/cardlist/card/OP01-014.png?260305,544,768,881,HIGH,exact_code_plus_base_flag,881,504469,Jinbe (Premium Card Collection -ONE PIECE FILM RED Edition-),Jinbe Premium Card Collection ONE PIECE FILM RED Edition,OP01-014,UC,,tcgcsv,867,881,2.38,4.82,19.99,3.35,,,2026-04-02 03:06:17,tcgcsv,OP01-014,1,1,1,0,1,0,missing_tcgplayer_product_id_only,price_via_chain_tcgplayer_id_missing
260,OP01-015,Tony Tony.Chopper,UC,,773,260,OP01-015,,base,Base,official-cardlist,OP01/base/OP01-015.png,https://en.onepiece-cardgame.com/images/cardlist/card/OP01-015.png?260305,966,773,1360,HIGH,exact_code_plus_base_flag,1360,583757,Tony Tony.Chopper (Offline Regional 2024 Vol. 3) [Finalist],Tony TonyChopper Offline Regional 2024 Vol 3 Finalist,OP01-015,UC,,tcgcsv,1263,1360,499.0,499.0,499.0,171.27,,,2026-04-02 03:06:17,tcgcsv,OP01-015,1,1,1,0,1,0,missing_tcgplayer_product_id_only,price_via_chain_tcgplayer_id_missing
261,OP01-016,Nami,R,,777,261,OP01-016,,base,Base,official-cardlist,OP01/base/OP01-016.png,https://en.onepiece-cardgame.com/images/cardlist/card/OP01-016.png?260305,490,777,817,HIGH,exact_code_plus_base_flag,817,485265,Nami - OP01-016 (Alternate Art),Nami OP01 016 Alternate Art,OP01-016,PR,,tcgcsv,807,817,69.99,96.0,9999.0,43.84,,,2026-04-02 03:06:17,tcgcsv,OP01-016,1,1,1,0,1,0,missing_tcgplayer_product_id_only,price_via_chain_tcgplayer_id_missing
262,OP01-017,Nico Robin,R,,796,262,OP01-017,,base,Base,official-cardlist,OP01/base/OP01-017.png,https://en.onepiece-cardgame.com/images/cardlist/card/OP01-017.png?260305,527,796,861,HIGH,exact_code_plus_base_flag,861,503020,Nico Robin (Store Championship Participation Pack),Nico Robin Store Championship Participation Pack,OP01-017,PR,,tcgcsv,850,861,32.0,45.0,249.99,38.59,,,2026-04-02 03:06:17,tcgcsv,OP01-017,1,1,1,0,1,0,missing_tcgplayer_product_id_only,price_via_chain_tcgplayer_id_missing
263,OP01-018,Hajrudin,C,,805,263,OP01-018,,base,Base,official-cardlist,OP01/base/OP01-018.png,https://en.onepiece-cardgame.com/images/cardlist/card/OP01-018.png?260305,4641,805,347,HIGH,exact_code_plus_base_flag,347,454540,Hajrudin,Hajrudin,OP01-018,C,,tcgcsv,347,347,0.01,0.15,2.0,0.07,,,2026-04-01 22:09:08,tcgcsv,OP01-018,1,1,1,0,1,0,missing_tcgplayer_product_id_only,price_via_chain_tcgplayer_id_missing
264,OP01-019,Bartolomeo,C,,807,264,OP01-019,,base,Base,official-cardlist,OP01/base/OP01-019.png,https://en.onepiece-cardgame.com/images/cardlist/card/OP01-019.png?260305,4642,807,348,HIGH,exact_code_plus_base_flag,348,454542,Bartolomeo,Bartolomeo,OP01-019,C,,tcgcsv,348,348,0.03,0.2,2.0,0.12,,,2026-04-01 22:09:08,tcgcsv,OP01-019,1,1,1,0,1,0,missing_tcgplayer_product_id_only,price_via_chain_tcgplayer_id_missing
265,OP01-020,Hyogoro,C,,809,265,OP01-020,,base,Base,official-cardlist,OP01/base/OP01-020.png,https://en.onepiece-cardgame.com/images/cardlist/card/OP01-020.png?260305,4643,809,349,HIGH,exact_code_plus_base_flag,349,454543,Hyogoro,Hyogoro,OP01-020,C,,tcgcsv,349,349,0.01,0.15,2.0,0.07,,,2026-04-01 22:09:08,tcgcsv,OP01-020,1,1,1,0,1,0,missing_tcgplayer_product_id_only,price_via_chain_tcgplayer_id_missing
266,OP01-021,Franky,UC,,811,266,OP01-021,,base,Base,official-cardlist,OP01/base/OP01-021.png,https://en.onepiece-cardgame.com/images/cardlist/card/OP01-021.png?260305,463,811,781,HIGH,exact_code_plus_base_flag,781,483151,Franky (Tournament Pack Vol. 2),Franky Tournament Pack Vol 2,OP01-021,PR,,tcgcsv,776,781,0.17,0.38,10.0,0.32,,,2026-04-02 03:06:17,tcgcsv,OP01-021,1,1,1,0,1,0,missing_tcgplayer_product_id_only,price_via_chain_tcgplayer_id_missing
267,OP01-022,Brook,UC,,821,267,OP01-022,,base,Base,official-cardlist,OP01/base/OP01-022.png,https://en.onepiece-cardgame.com/images/cardlist/card/OP01-022.png?260305,494,821,821,HIGH,exact_code_plus_base_flag,821,485269,Brook - OP01-022 (Alternate Art),Brook OP01 022 Alternate Art,OP01-022,PR,,tcgcsv,811,821,9.0,13.99,9999.0,9.97,,,2026-04-02 03:06:17,tcgcsv,OP01-022,1,1,1,0,1,0,missing_tcgplayer_product_id_only,price_via_chain_tcgplayer_id_missing
268,OP01-023,Marco,C,,825,268,OP01-023,,base,Base,official-cardlist,OP01/base/OP01-023.png,https://en.onepiece-cardgame.com/images/cardlist/card/OP01-023.png?260305,4646,825,352,HIGH,exact_code_plus_base_flag,352,454546,Marco,Marco,OP01-023,C,,tcgcsv,352,352,0.01,0.15,2.0,0.08,,,2026-04-01 22:09:08,tcgcsv,OP01-023,1,1,1,0,1,0,missing_tcgplayer_product_id_only,price_via_chain_tcgplayer_id_missing
269,OP01-024,Monkey.D.Luffy,SR,,827,269,OP01-024,,base,Base,official-cardlist,OP01/base/OP01-024.png,https://en.onepiece-cardgame.com/images/cardlist/card/OP01-024.png?260305,2661,827,3253,HIGH,exact_code_plus_base_flag,3253,586178,Monkey.D.Luffy (OP01-024) (Alternate Art),MonkeyDLuffy OP01 024 Alternate Art,OP01-024,SR,,tcgcsv,3049,3253,23.99,40.0,300.0,26.87,,,2026-04-02 03:06:19,tcgcsv,OP01-024,1,1,1,0,1,0,missing_tcgplayer_product_id_only,price_via_chain_tcgplayer_id_missing
270,OP01-025,Roronoa Zoro,SR,,834,270,OP01-025,,base,Base,official-cardlist,OP01/base/OP01-025.png,https://en.onepiece-cardgame.com/images/cardlist/card/OP01-025.png?260305,629,834,969,HIGH,exact_code_plus_base_flag,969,515356,Roronoa Zoro - OP01-025 (Treasure Cup),Roronoa Zoro OP01 025 Treasure Cup,OP01-025,SR,,tcgcsv,,,,,,,,,,,OP01-025,1,1,1,0,1,0,missing_tcgplayer_product_id_only,price_via_chain_tcgplayer_id_missing
271,OP01-026,Gum-Gum Fire-Fist Pistol Red Hawk,R,,844,271,OP01-026,,base,Base,official-cardlist,OP01/base/OP01-026.png,https://en.onepiece-cardgame.com/images/cardlist/card/OP01-026.png?260305,4647,844,353,HIGH,exact_code_plus_base_flag,353,454547,Gum-Gum Fire-Fist Pistol Red Hawk,Gum Gum Fire Fist Pistol Red Hawk,OP01-026,R,,tcgcsv,353,353,0.7,1.25,10.0,0.83,,,2026-04-01 22:09:08,tcgcsv,OP01-026,1,1,1,0,1,0,missing_tcgplayer_product_id_only,price_via_chain_tcgplayer_id_missing
272,OP01-027,Round Table,C,,846,272,OP01-027,,base,Base,official-cardlist,OP01/base/OP01-027.png,https://en.onepiece-cardgame.com/images/cardlist/card/OP01-027.png?260305,4648,846,354,HIGH,exact_code_plus_base_flag,354,454548,Round Table,Round Table,OP01-027,C,,tcgcsv,354,354,0.16,1.04,24.0,0.83,,,2026-04-01 22:09:08,tcgcsv,OP01-027,1,1,1,0,1,0,missing_tcgplayer_product_id_only,price_via_chain_tcgplayer_id_missing
273,OP01-028,Green Star Rafflesia,C,,848,273,OP01-028,,base,Base,official-cardlist,OP01/base/OP01-028.png,https://en.onepiece-cardgame.com/images/cardlist/card/OP01-028.png?260305,4649,848,355,HIGH,exact_code_plus_base_flag,355,454549,Green Star Rafflesia,Green Star Rafflesia,OP01-028,C,,tcgcsv,355,355,0.01,0.15,2.0,0.08,,,2026-04-01 22:09:08,tcgcsv,OP01-028,1,1,1,0,1,0,missing_tcgplayer_product_id_only,price_via_chain_tcgplayer_id_missing
274,OP01-029,Radical Beam!!,UC,,850,274,OP01-029,,base,Base,official-cardlist,OP01/base/OP01-029.png,https://en.onepiece-cardgame.com/images/cardlist/card/OP01-029.png?260305,831,850,1200,HIGH,exact_code_plus_base_flag,1200,546673,Radical Beam!! (Premium Card Collection -Best Selection Vol. 1-),Radical Beam Premium Card Collection Best Selection Vol 1,OP01-029,UC,,tcgcsv,1120,1200,6.5,10.0,49.99,7.41,,,2026-04-02 03:06:17,tcgcsv,OP01-029,1,1,1,0,1,0,missing_tcgplayer_product_id_only,price_via_chain_tcgplayer_id_missing
275,OP01-030,In Two Years!! At the Sabaody Archipelago!!,UC,,857,275,OP01-030,,base,Base,official-cardlist,OP01/base/OP01-030.png,https://en.onepiece-cardgame.com/images/cardlist/card/OP01-030.png?260305,1049,857,1457,HIGH,exact_code_plus_base_flag,1457,617586,In Two Years!! At the Sabaody Archipelago!! (One Piece Japanese Version 2nd Anniversary Set),In Two Years At the Sabaody Archipelago One Piece Japanese Version 2nd Anniversary Set,OP01-030,UC,,tcgcsv,1350,1457,35.0,54.98,100.0,50.28,,,2026-04-02 03:06:17,tcgcsv,OP01-030,1,1,1,0,1,0,missing_tcgplayer_product_id_only,price_via_chain_tcgplayer_id_missing
276,OP01-031,Kouzuki Oden,L,,861,276,OP01-031,,base,Base,official-cardlist,OP01/base/OP01-031.png,https://en.onepiece-cardgame.com/images/cardlist/card/OP01-031.png?260305,4651,861,357,HIGH,exact_code_plus_base_flag,357,454551,Kouzuki Oden,Kouzuki Oden,OP01-031,L,,tcgcsv,357,357,0.15,0.3,4.99,0.28,,,2026-04-01 22:09:08,tcgcsv,OP01-031,1,1,1,0,1,0,missing_tcgplayer_product_id_only,price_via_chain_tcgplayer_id_missing
277,OP01-032,Ashura Doji,UC,,865,277,OP01-032,,base,Base,official-cardlist,OP01/base/OP01-032.png,https://en.onepiece-cardgame.com/images/cardlist/card/OP01-032.png?260305,4653,865,359,HIGH,exact_code_plus_base_flag,359,454553,Ashura Doji,Ashura Doji,OP01-032,UC,,tcgcsv,359,359,0.03,0.2,2.0,0.12,,,2026-04-01 22:09:08,tcgcsv,OP01-032,1,1,1,0,1,0,missing_tcgplayer_product_id_only,price_via_chain_tcgplayer_id_missing
278,OP01-033,Izo,UC,,867,278,OP01-033,,base,Base,official-cardlist,OP01/base/OP01-033.png,https://en.onepiece-cardgame.com/images/cardlist/card/OP01-033.png?260305,465,867,783,HIGH,exact_code_plus_base_flag,783,483155,Izo (Tournament Pack Vol. 2),Izo Tournament Pack Vol 2,OP01-033,PR,,tcgcsv,778,783,0.2,1.0,7.88,0.82,,,2026-04-02 03:06:17,tcgcsv,OP01-033,1,1,1,0,1,0,missing_tcgplayer_product_id_only,price_via_chain_tcgplayer_id_missing
279,OP01-034,Inuarashi,C,,878,279,OP01-034,,base,Base,official-cardlist,OP01/base/OP01-034.png,https://en.onepiece-cardgame.com/images/cardlist/card/OP01-034.png?260305,4611,878,317,HIGH,exact_code_plus_base_flag,317,453513,Inuarashi (Box Topper),Inuarashi Box Topper,OP01-034,C,Box Topper,tcgcsv,317,317,1.5,3.89,24.99,2.17,,,2026-04-01 22:09:08,tcgcsv,OP01-034,1,1,1,0,1,0,missing_tcgplayer_product_id_only,price_via_chain_tcgplayer_id_missing
280,OP01-035,Okiku,SP CARD,,882,280,OP01-035,,base,Base,official-cardlist,OP01/base/OP01-035.png,https://en.onepiece-cardgame.com/images/cardlist/card/OP01-035.png?260305,517,882,850,HIGH,exact_code_plus_base_flag,850,499432,Okiku (Judge),Okiku Judge,OP01-035,PR,,tcgcsv,840,850,0.4,1.23,30.0,0.99,,,2026-04-02 03:06:17,tcgcsv,OP01-035,1,1,1,0,1,0,missing_tcgplayer_product_id_only,price_via_chain_tcgplayer_id_missing
281,OP01-036,Otsuru,C,,890,281,OP01-036,,base,Base,official-cardlist,OP01/base/OP01-036.png,https://en.onepiece-cardgame.com/images/cardlist/card/OP01-036.png?260305,4657,890,363,HIGH,exact_code_plus_base_flag,363,454558,Otsuru,Otsuru,OP01-036,C,,tcgcsv,363,363,0.01,0.15,2.0,0.08,,,2026-04-01 22:09:08,tcgcsv,OP01-036,1,1,1,0,1,0,missing_tcgplayer_product_id_only,price_via_chain_tcgplayer_id_missing
282,OP01-037,Kawamatsu,C,,892,282,OP01-037,,base,Base,official-cardlist,OP01/base/OP01-037.png,https://en.onepiece-cardgame.com/images/cardlist/card/OP01-037.png?260305,4658,892,364,HIGH,exact_code_plus_base_flag,364,454560,Kawamatsu,Kawamatsu,OP01-037,C,,tcgcsv,364,364,0.01,0.15,2.0,0.07,,,2026-04-01 22:09:08,tcgcsv,OP01-037,1,1,1,0,1,0,missing_tcgplayer_product_id_only,price_via_chain_tcgplayer_id_missing
283,OP01-038,Kanjuro,C,,894,283,OP01-038,,base,Base,official-cardlist,OP01/base/OP01-038.png,https://en.onepiece-cardgame.com/images/cardlist/card/OP01-038.png?260305,4659,894,365,HIGH,exact_code_plus_base_flag,365,454562,Kanjuro,Kanjuro,OP01-038,C,,tcgcsv,365,365,0.01,0.15,2.0,0.06,,,2026-04-01 22:09:08,tcgcsv,OP01-038,1,1,1,0,1,0,missing_tcgplayer_product_id_only,price_via_chain_tcgplayer_id_missing
284,OP01-039,Killer,UC,,896,284,OP01-039,,base,Base,official-cardlist,OP01/base/OP01-039.png,https://en.onepiece-cardgame.com/images/cardlist/card/OP01-039.png?260305,458,896,772,HIGH,exact_code_plus_base_flag,772,483099,Killer (Promotion Pack 2023),Killer Promotion Pack 2023,OP01-039,PR,,tcgcsv,767,772,0.74,2.05,9.5,1.69,,,2026-04-02 03:06:17,tcgcsv,OP01-039,1,1,1,0,1,0,missing_tcgplayer_product_id_only,price_via_chain_tcgplayer_id_missing
285,OP01-040,Kin'emon,SR,,901,285,OP01-040,,base,Base,official-cardlist,OP01/base/OP01-040.png,https://en.onepiece-cardgame.com/images/cardlist/card/OP01-040.png?260305,4612,901,318,HIGH,exact_code_plus_base_flag,318,453514,Kin'emon,Kinemon,OP01-040,SR,,tcgcsv,318,318,0.15,0.99,14.5,0.66,,,2026-04-01 22:09:08,tcgcsv,OP01-040,1,1,1,0,1,0,missing_tcgplayer_product_id_only,price_via_chain_tcgplayer_id_missing
286,OP01-041,Kouzuki Momonosuke,R,,905,286,OP01-041,,base,Base,official-cardlist,OP01/base/OP01-041.png,https://en.onepiece-cardgame.com/images/cardlist/card/OP01-041.png?260305,846,905,1217,HIGH,exact_code_plus_base_flag,1217,548394,Kouzuki Momonosuke (Tournament Pack Vol. 7),Kouzuki Momonosuke Tournament Pack Vol 7,OP01-041,R,,tcgcsv,1137,1217,0.19,0.58,25.0,0.58,,,2026-04-02 03:06:17,tcgcsv,OP01-041,1,1,1,0,1,0,missing_tcgplayer_product_id_only,price_via_chain_tcgplayer_id_missing
287,OP01-042,Komurasaki,UC,,915,287,OP01-042,,base,Base,official-cardlist,OP01/base/OP01-042.png,https://en.onepiece-cardgame.com/images/cardlist/card/OP01-042.png?260305,4663,915,369,HIGH,exact_code_plus_base_flag,369,454566,Komurasaki,Komurasaki,OP01-042,UC,,tcgcsv,369,369,0.03,0.2,2.0,0.14,,,2026-04-01 22:09:08,tcgcsv,OP01-042,1,1,1,0,1,0,missing_tcgplayer_product_id_only,price_via_chain_tcgplayer_id_missing
288,OP01-043,Shinobu,C,,917,288,OP01-043,,base,Base,official-cardlist,OP01/base/OP01-043.png,https://en.onepiece-cardgame.com/images/cardlist/card/OP01-043.png?260305,4664,917,370,HIGH,exact_code_plus_base_flag,370,454567,Shinobu,Shinobu,OP01-043,C,,tcgcsv,370,370,0.01,0.15,2.0,0.08,,,2026-04-01 22:09:08,tcgcsv,OP01-043,1,1,1,0,1,0,missing_tcgplayer_product_id_only,price_via_chain_tcgplayer_id_missing
289,OP01-044,Shachi,C,,919,289,OP01-044,,base,Base,official-cardlist,OP01/base/OP01-044.png,https://en.onepiece-cardgame.com/images/cardlist/card/OP01-044.png?260305,4665,919,371,HIGH,exact_code_plus_base_flag,371,454568,Shachi,Shachi,OP01-044,C,,tcgcsv,371,371,0.01,0.15,2.0,0.09,,,2026-04-01 22:09:08,tcgcsv,OP01-044,1,1,1,0,1,0,missing_tcgplayer_product_id_only,price_via_chain_tcgplayer_id_missing
290,OP01-045,Jean Bart,C,,921,290,OP01-045,,base,Base,official-cardlist,OP01/base/OP01-045.png,https://en.onepiece-cardgame.com/images/cardlist/card/OP01-045.png?260305,4666,921,372,HIGH,exact_code_plus_base_flag,372,454569,Jean Bart,Jean Bart,OP01-045,C,,tcgcsv,372,372,0.01,0.15,2.0,0.06,,,2026-04-01 22:09:08,tcgcsv,OP01-045,1,1,1,0,1,0,missing_tcgplayer_product_id_only,price_via_chain_tcgplayer_id_missing
291,OP01-046,Denjiro,R,,923,291,OP01-046,,base,Base,official-cardlist,OP01/base/OP01-046.png,https://en.onepiece-cardgame.com/images/cardlist/card/OP01-046.png?260305,4667,923,373,HIGH,exact_code_plus_base_flag,373,454570,Denjiro,Denjiro,OP01-046,R,,tcgcsv,373,373,0.12,0.4,4.99,0.37,,,2026-04-01 22:09:08,tcgcsv,OP01-046,1,1,1,0,1,0,missing_tcgplayer_product_id_only,price_via_chain_tcgplayer_id_missing
292,OP01-047,Trafalgar Law,SR,,925,292,OP01-047,,base,Base,official-cardlist,OP01/base/OP01-047.png,https://en.onepiece-cardgame.com/images/cardlist/card/OP01-047.png?260305,1751,925,2259,HIGH,exact_code_plus_base_flag,2259,516554,Trafalgar Law (SP),Trafalgar Law SP,OP01-047,SR,,tcgcsv,2070,2259,135.0,186.68,500.0,183.48,,,2026-04-02 03:06:18,tcgcsv,OP01-047,1,1,1,0,1,0,missing_tcgplayer_product_id_only,price_via_chain_tcgplayer_id_missing
293,OP01-048,Nekomamushi,C,,934,293,OP01-048,,base,Base,official-cardlist,OP01/base/OP01-048.png,https://en.onepiece-cardgame.com/images/cardlist/card/OP01-048.png?260305,4614,934,320,HIGH,exact_code_plus_base_flag,320,453516,Nekomamushi (Box Topper),Nekomamushi Box Topper,OP01-048,C,Box Topper,tcgcsv,320,320,3.94,5.0,19.99,4.87,,,2026-04-01 22:09:08,tcgcsv,OP01-048,1,1,1,0,1,0,missing_tcgplayer_product_id_only,price_via_chain_tcgplayer_id_missing
294,OP01-049,Bepo,R,,938,294,OP01-049,,base,Base,official-cardlist,OP01/base/OP01-049.png,https://en.onepiece-cardgame.com/images/cardlist/card/OP01-049.png?260305,4670,938,376,HIGH,exact_code_plus_base_flag,376,454573,Bepo,Bepo,OP01-049,R,,tcgcsv,376,376,0.11,0.29,2.5,0.29,,,2026-04-01 22:09:08,tcgcsv,OP01-049,1,1,1,0,1,0,missing_tcgplayer_product_id_only,price_via_chain_tcgplayer_id_missing
295,OP01-050,Penguin,C,,940,295,OP01-050,,base,Base,official-cardlist,OP01/base/OP01-050.png,https://en.onepiece-cardgame.com/images/cardlist/card/OP01-050.png?260305,4671,940,377,HIGH,exact_code_plus_base_flag,377,454574,Penguin,Penguin,OP01-050,C,,tcgcsv,377,377,0.02,0.15,2.0,0.08,,,2026-04-01 22:09:08,tcgcsv,OP01-050,1,1,1,0,1,0,missing_tcgplayer_product_id_only,price_via_chain_tcgplayer_id_missing
296,OP01-051,"Eustass""Captain""Kid",SR,,942,296,OP01-051,,base,Base,official-cardlist,OP01/base/OP01-051.png,https://en.onepiece-cardgame.com/images/cardlist/card/OP01-051.png?260305,1650,942,2143,HIGH,exact_code_plus_base_flag,2143,501677,"Eustass""Captain""Kid (Wanted Poster)",EustassCaptainKid Wanted Poster,OP01-051,SR,,tcgcsv,1957,2143,88.0,120.0,500.0,109.03,,,2026-04-02 03:06:17,tcgcsv,OP01-051,1,1,1,0,1,0,missing_tcgplayer_product_id_only,price_via_chain_tcgplayer_id_missing
297,OP01-052,Raizo,UC,,951,297,OP01-052,,base,Base,official-cardlist,OP01/base/OP01-052.png,https://en.onepiece-cardgame.com/images/cardlist/card/OP01-052.png?260305,556,951,894,HIGH,exact_code_plus_base_flag,894,509459,Raizo (Event Pack Vol. 2),Raizo Event Pack Vol 2,OP01-052,PR,,tcgcsv,880,894,0.19,0.49,6.0,0.35,,,2026-04-02 03:06:17,tcgcsv,OP01-052,1,1,1,0,1,0,missing_tcgplayer_product_id_only,price_via_chain_tcgplayer_id_missing
298,OP01-053,Wire,C,,960,298,OP01-053,,base,Base,official-cardlist,OP01/base/OP01-053.png,https://en.onepiece-cardgame.com/images/cardlist/card/OP01-053.png?260305,4675,960,381,HIGH,exact_code_plus_base_flag,381,454578,Wire,Wire,OP01-053,C,,tcgcsv,381,381,0.01,0.15,2.0,0.07,,,2026-04-01 22:09:08,tcgcsv,OP01-053,1,1,1,0,1,0,missing_tcgplayer_product_id_only,price_via_chain_tcgplayer_id_missing
299,OP01-054,X.Drake,R,,962,299,OP01-054,,base,Base,official-cardlist,OP01/base/OP01-054.png,https://en.onepiece-cardgame.com/images/cardlist/card/OP01-054.png?260305,4676,962,382,HIGH,exact_code_plus_base_flag,382,454579,X.Drake (054),XDrake 054,OP01-054,R,,tcgcsv,382,382,0.19,0.4,6.99,0.37,,,2026-04-01 22:09:08,tcgcsv,OP01-054,1,1,1,0,1,0,missing_tcgplayer_product_id_only,price_via_chain_tcgplayer_id_missing
300,OP01-055,You Can Be My Samurai!!,C,,964,300,OP01-055,,base,Base,official-cardlist,OP01/base/OP01-055.png,https://en.onepiece-cardgame.com/images/cardlist/card/OP01-055.png?260305,4031,964,4806,HIGH,exact_code_plus_base_flag,4806,656001,You Can Be My Samurai!! (Reprint),You Can Be My Samurai Reprint,OP01-055,C,,tcgcsv,4662,4806,0.01,0.13,1.58,0.1,,,2026-04-02 03:06:21,tcgcsv,OP01-055,1,1,1,0,1,0,missing_tcgplayer_product_id_only,price_via_chain_tcgplayer_id_missing
301,OP01-056,Demon Face,UC,,968,301,OP01-056,,base,Base,official-cardlist,OP01/base/OP01-056.png,https://en.onepiece-cardgame.com/images/cardlist/card/OP01-056.png?260305,4678,968,384,HIGH,exact_code_plus_base_flag,384,454581,Demon Face,Demon Face,OP01-056,UC,,tcgcsv,384,384,0.01,0.19,2.0,0.15,,,2026-04-01 22:09:08,tcgcsv,OP01-056,1,1,1,0,1,0,missing_tcgplayer_product_id_only,price_via_chain_tcgplayer_id_missing
302,OP01-057,Paradise Waterfall,UC,,970,302,OP01-057,,base,Base,official-cardlist,OP01/base/OP01-057.png,https://en.onepiece-cardgame.com/images/cardlist/card/OP01-057.png?260305,834,970,1203,HIGH,exact_code_plus_base_flag,1203,546676,Paradise Waterfall (Premium Card Collection -Best Selection Vol. 1-),Paradise Waterfall Premium Card Collection Best Selection Vol 1,OP01-057,UC,,tcgcsv,1123,1203,5.15,10.99,250.0,8.55,,,2026-04-02 03:06:17,tcgcsv,OP01-057,1,1,1,0,1,0,missing_tcgplayer_product_id_only,price_via_chain_tcgplayer_id_missing
303,OP01-058,Punk Gibson,R,,974,303,OP01-058,,base,Base,official-cardlist,OP01/base/OP01-058.png,https://en.onepiece-cardgame.com/images/cardlist/card/OP01-058.png?260305,4680,974,386,HIGH,exact_code_plus_base_flag,386,454583,Punk Gibson,Punk Gibson,OP01-058,R,,tcgcsv,386,386,0.26,0.75,9.99,0.51,,,2026-04-01 22:09:08,tcgcsv,OP01-058,1,1,1,0,1,0,missing_tcgplayer_product_id_only,price_via_chain_tcgplayer_id_missing
304,OP01-059,BE-BENG!!,C,,976,304,OP01-059,,base,Base,official-cardlist,OP01/base/OP01-059.png,https://en.onepiece-cardgame.com/images/cardlist/card/OP01-059.png?260305,4681,976,387,HIGH,exact_code_plus_base_flag,387,454584,BE-BENG!!,BE BENG,OP01-059,C,,tcgcsv,387,387,0.01,0.15,2.0,0.09,,,2026-04-01 22:09:08,tcgcsv,OP01-059,1,1,1,0,1,0,missing_tcgplayer_product_id_only,price_via_chain_tcgplayer_id_missing
305,OP01-060,Donquixote Doflamingo,L,,978,305,OP01-060,,base,Base,official-cardlist,OP01/base/OP01-060.png,https://en.onepiece-cardgame.com/images/cardlist/card/OP01-060.png?260305,2611,978,3191,HIGH,exact_code_plus_base_flag,3191,581006,Donquixote Doflamingo (OP01-060),Donquixote Doflamingo OP01 060,OP01-060,L,,tcgcsv,2992,3191,0.5,1.73,50.0,1.3,,,2026-04-02 03:06:19,tcgcsv,OP01-060,1,1,1,0,1,0,missing_tcgplayer_product_id_only,price_via_chain_tcgplayer_id_missing
306,OP01-061,Kaido,L,,984,306,OP01-061,,base,Base,official-cardlist,OP01/base/OP01-061.png,https://en.onepiece-cardgame.com/images/cardlist/card/OP01-061.png?260305,4615,984,321,HIGH,exact_code_plus_base_flag,321,453517,Kaido (061),Kaido 061,OP01-061,L,,tcgcsv,321,321,0.22,0.35,2.0,0.32,,,2026-04-01 22:09:08,tcgcsv,OP01-061,1,1,1,0,1,0,missing_tcgplayer_product_id_only,price_via_chain_tcgplayer_id_missing
307,OP01-062,Crocodile,L,,988,307,OP01-062,,base,Base,official-cardlist,OP01/base/OP01-062.png,https://en.onepiece-cardgame.com/images/cardlist/card/OP01-062.png?260305,4685,988,391,HIGH,exact_code_plus_base_flag,391,454588,Crocodile (062),Crocodile 062,OP01-062,L,,tcgcsv,391,391,0.15,0.32,69.99,0.29,,,2026-04-01 22:09:08,tcgcsv,OP01-062,1,1,1,0,1,0,missing_tcgplayer_product_id_only,price_via_chain_tcgplayer_id_missing
308,OP01-063,Arlong,UC,,992,308,OP01-063,,base,Base,official-cardlist,OP01/base/OP01-063.png,https://en.onepiece-cardgame.com/images/cardlist/card/OP01-063.png?260305,4687,992,393,HIGH,exact_code_plus_base_flag,393,454590,Arlong,Arlong,OP01-063,UC,,tcgcsv,393,393,0.02,0.2,5.1,0.18,,,2026-04-01 22:09:08,tcgcsv,OP01-063,1,1,1,0,1,0,missing_tcgplayer_product_id_only,price_via_chain_tcgplayer_id_missing
309,OP01-064,Alvida,C,,994,309,OP01-064,,base,Base,official-cardlist,OP01/base/OP01-064.png,https://en.onepiece-cardgame.com/images/cardlist/card/OP01-064.png?260305,4616,994,322,HIGH,exact_code_plus_base_flag,322,453518,Alvida (Box Topper),Alvida Box Topper,OP01-064,C,Box Topper,tcgcsv,322,322,4.6,11.5,99.99,6.74,,,2026-04-01 22:09:08,tcgcsv,OP01-064,1,1,1,0,1,0,missing_tcgplayer_product_id_only,price_via_chain_tcgplayer_id_missing
310,OP01-065,Vergo,C,,998,310,OP01-065,,base,Base,official-cardlist,OP01/base/OP01-065.png,https://en.onepiece-cardgame.com/images/cardlist/card/OP01-065.png?260305,4689,998,395,HIGH,exact_code_plus_base_flag,395,454592,Vergo,Vergo,OP01-065,C,,tcgcsv,395,395,0.01,0.15,2.0,0.07,,,2026-04-01 22:09:08,tcgcsv,OP01-065,1,1,1,0,1,0,missing_tcgplayer_product_id_only,price_via_chain_tcgplayer_id_missing
311,OP01-066,Krieg,C,,1000,311,OP01-066,,base,Base,official-cardlist,OP01/base/OP01-066.png,https://en.onepiece-cardgame.com/images/cardlist/card/OP01-066.png?260305,4690,1000,396,HIGH,exact_code_plus_base_flag,396,454593,Krieg,Krieg,OP01-066,C,,tcgcsv,396,396,0.01,0.15,2.0,0.06,,,2026-04-01 22:09:08,tcgcsv,OP01-066,1,1,1,0,1,0,missing_tcgplayer_product_id_only,price_via_chain_tcgplayer_id_missing
312,OP01-067,Crocodile,SR,,1002,312,OP01-067,,base,Base,official-cardlist,OP01/base/OP01-067.png,https://en.onepiece-cardgame.com/images/cardlist/card/OP01-067.png?260305,4617,1002,323,HIGH,exact_code_plus_base_flag,323,453519,Crocodile (067),Crocodile 067,OP01-067,SR,,tcgcsv,323,323,0.25,0.99,10.0,0.83,,,2026-04-01 22:09:08,tcgcsv,OP01-067,1,1,1,0,1,0,missing_tcgplayer_product_id_only,price_via_chain_tcgplayer_id_missing
313,OP01-068,Gecko Moria,R,,1006,313,OP01-068,,base,Base,official-cardlist,OP01/base/OP01-068.png,https://en.onepiece-cardgame.com/images/cardlist/card/OP01-068.png?260305,4692,1006,398,HIGH,exact_code_plus_base_flag,398,454596,Gecko Moria,Gecko Moria,OP01-068,R,,tcgcsv,398,398,0.15,0.29,1.98,0.29,,,2026-04-01 22:09:08,tcgcsv,OP01-068,1,1,1,0,1,0,missing_tcgplayer_product_id_only,price_via_chain_tcgplayer_id_missing
314,OP01-069,Caesar Clown,R,,1008,314,OP01-069,,base,Base,official-cardlist,OP01/base/OP01-069.png,https://en.onepiece-cardgame.com/images/cardlist/card/OP01-069.png?260305,4693,1008,399,HIGH,exact_code_plus_base_flag,399,454597,Caesar Clown,Caesar Clown,OP01-069,R,,tcgcsv,399,399,0.1,0.35,4.99,0.38,,,2026-04-01 22:09:08,tcgcsv,OP01-069,1,1,1,0,1,0,missing_tcgplayer_product_id_only,price_via_chain_tcgplayer_id_missing
315,OP01-070,Dracule Mihawk,SR,,1010,315,OP01-070,,base,Base,official-cardlist,OP01/base/OP01-070.png,https://en.onepiece-cardgame.com/images/cardlist/card/OP01-070.png?260305,894,1010,1273,HIGH,exact_code_plus_base_flag,1273,564532,Dracule Mihawk (Treasure Cup 2024),Dracule Mihawk Treasure Cup 2024,OP01-070,SR,,tcgcsv,,,,,,,,,,,OP01-070,1,1,1,0,1,0,missing_tcgplayer_product_id_only,price_via_chain_tcgplayer_id_missing
316,OP01-071,Jinbe,R,,1019,316,OP01-071,,base,Base,official-cardlist,OP01/base/OP01-071.png,https://en.onepiece-cardgame.com/images/cardlist/card/OP01-071.png?260305,4696,1019,402,HIGH,exact_code_plus_base_flag,402,454600,Jinbe (071),Jinbe 071,OP01-071,R,,tcgcsv,402,402,0.1,0.25,4.99,0.19,,,2026-04-01 22:09:08,tcgcsv,OP01-071,1,1,1,0,1,0,missing_tcgplayer_product_id_only,price_via_chain_tcgplayer_id_missing
317,OP01-072,Smiley,C,,1021,317,OP01-072,,base,Base,official-cardlist,OP01/base/OP01-072.png,https://en.onepiece-cardgame.com/images/cardlist/card/OP01-072.png?260305,4697,1021,403,HIGH,exact_code_plus_base_flag,403,454601,Smiley,Smiley,OP01-072,C,,tcgcsv,403,403,0.01,0.15,2.0,0.1,,,2026-04-01 22:09:08,tcgcsv,OP01-072,1,1,1,0,1,0,missing_tcgplayer_product_id_only,price_via_chain_tcgplayer_id_missing
318,OP01-073,Donquixote Doflamingo,SP CARD,,1023,318,OP01-073,,base,Base,official-cardlist,OP01/base/OP01-073.png,https://en.onepiece-cardgame.com/images/cardlist/card/OP01-073.png?260305,519,1023,852,HIGH,exact_code_plus_base_flag,852,499434,Donquixote Doflamingo (Judge),Donquixote Doflamingo Judge,OP01-073,PR,,tcgcsv,842,852,4.17,8.0,25.0,5.59,,,2026-04-02 03:06:17,tcgcsv,OP01-073,1,1,1,0,1,0,missing_tcgplayer_product_id_only,price_via_chain_tcgplayer_id_missing
319,OP01-074,Bartholomew Kuma,R,,1030,319,OP01-074,,base,Base,official-cardlist,OP01/base/OP01-074.png,https://en.onepiece-cardgame.com/images/cardlist/card/OP01-074.png?260305,4700,1030,406,HIGH,exact_code_plus_base_flag,406,454604,Bartholomew Kuma,Bartholomew Kuma,OP01-074,R,,tcgcsv,406,406,0.07,0.31,4.99,0.28,,,2026-04-01 22:09:08,tcgcsv,OP01-074,1,1,1,0,1,0,missing_tcgplayer_product_id_only,price_via_chain_tcgplayer_id_missing
320,OP01-075,Pacifista,C,,1032,320,OP01-075,,base,Base,official-cardlist,OP01/base/OP01-075.png,https://en.onepiece-cardgame.com/images/cardlist/card/OP01-075.png?260305,787,1032,1148,HIGH,exact_code_plus_base_flag,1148,544614,Pacifista (Judge Pack Vol. 3),Pacifista Judge Pack Vol 3,OP01-075,C,,tcgcsv,1078,1148,0.25,0.55,3.99,0.47,,,2026-04-02 03:06:17,tcgcsv,OP01-075,1,1,1,0,1,0,missing_tcgplayer_product_id_only,price_via_chain_tcgplayer_id_missing
321,OP01-076,Bellamy,C,,1034,321,OP01-076,,base,Base,official-cardlist,OP01/base/OP01-076.png,https://en.onepiece-cardgame.com/images/cardlist/card/OP01-076.png?260305,4702,1034,408,HIGH,exact_code_plus_base_flag,408,454606,Bellamy,Bellamy,OP01-076,C,,tcgcsv,408,408,0.01,0.15,2.0,0.07,,,2026-04-01 22:09:08,tcgcsv,OP01-076,1,1,1,0,1,0,missing_tcgplayer_product_id_only,price_via_chain_tcgplayer_id_missing
322,OP01-077,Perona,UC,,1036,322,OP01-077,,base,Base,official-cardlist,OP01/base/OP01-077.png,https://en.onepiece-cardgame.com/images/cardlist/card/OP01-077.png?260305,597,1036,936,HIGH,exact_code_plus_base_flag,936,514055,Perona (Judge Pack Vol. 2),Perona Judge Pack Vol 2,OP01-077,PR,,tcgcsv,911,936,9.12,14.15,29.99,9.65,,,2026-04-02 03:06:17,tcgcsv,OP01-077,1,1,1,0,1,0,missing_tcgplayer_product_id_only,price_via_chain_tcgplayer_id_missing
323,OP01-078,Boa Hancock,SR,,1042,323,OP01-078,,base,Base,official-cardlist,OP01/base/OP01-078.png,https://en.onepiece-cardgame.com/images/cardlist/card/OP01-078.png?260305,1752,1042,2260,HIGH,exact_code_plus_base_flag,2260,516555,Boa Hancock (SP),Boa Hancock SP,OP01-078,SR,,tcgcsv,2071,2260,680.0,799.97,5000.0,772.5,,,2026-04-02 03:06:18,tcgcsv,OP01-078,1,1,1,0,1,0,missing_tcgplayer_product_id_only,price_via_chain_tcgplayer_id_missing
324,OP01-079,Ms. All Sunday,R,,1051,324,OP01-079,,base,Base,official-cardlist,OP01/base/OP01-079.png,https://en.onepiece-cardgame.com/images/cardlist/card/OP01-079.png?260305,459,1051,773,HIGH,exact_code_plus_base_flag,773,483103,Ms. All Sunday (Promotion Pack 2023),Ms All Sunday Promotion Pack 2023,OP01-079,PR,,tcgcsv,768,773,8.97,14.97,48.99,18.18,,,2026-04-02 03:06:17,tcgcsv,OP01-079,1,1,1,0,1,0,missing_tcgplayer_product_id_only,price_via_chain_tcgplayer_id_missing
325,OP01-080,Miss Doublefinger(Zala),C,,1054,325,OP01-080,,base,Base,official-cardlist,OP01/base/OP01-080.png,https://en.onepiece-cardgame.com/images/cardlist/card/OP01-080.png?260305,4707,1054,413,HIGH,exact_code_plus_base_flag,413,454611,Miss Doublefinger(Zala),Miss DoublefingerZala,OP01-080,C,Zala,tcgcsv,413,413,0.03,0.15,2.0,0.09,,,2026-04-01 22:09:08,tcgcsv,OP01-080,1,1,1,0,1,0,missing_tcgplayer_product_id_only,price_via_chain_tcgplayer_id_missing
326,OP01-081,Mocha,C,,1056,326,OP01-081,,base,Base,official-cardlist,OP01/base/OP01-081.png,https://en.onepiece-cardgame.com/images/cardlist/card/OP01-081.png?260305,4708,1056,414,HIGH,exact_code_plus_base_flag,414,454612,Mocha,Mocha,OP01-081,C,,tcgcsv,414,414,0.01,0.15,2.0,0.06,,,2026-04-01 22:09:08,tcgcsv,OP01-081,1,1,1,0,1,0,missing_tcgplayer_product_id_only,price_via_chain_tcgplayer_id_missing
327,OP01-082,Monet,C,,1058,327,OP01-082,,base,Base,official-cardlist,OP01/base/OP01-082.png,https://en.onepiece-cardgame.com/images/cardlist/card/OP01-082.png?260305,4709,1058,415,HIGH,exact_code_plus_base_flag,415,454613,Monet,Monet,OP01-082,C,,tcgcsv,415,415,0.02,0.15,2.0,0.1,,,2026-04-01 22:09:08,tcgcsv,OP01-082,1,1,1,0,1,0,missing_tcgplayer_product_id_only,price_via_chain_tcgplayer_id_missing
328,OP01-083,Mr.1(Daz.Bonez),UC,,1060,328,OP01-083,,base,Base,official-cardlist,OP01/base/OP01-083.png,https://en.onepiece-cardgame.com/images/cardlist/card/OP01-083.png?260305,4710,1060,416,HIGH,exact_code_plus_base_flag,416,454614,Mr.1 (Daz.Bonez),Mr1 DazBonez,OP01-083,UC,Daz.Bonez,tcgcsv,416,416,0.01,0.2,2.0,0.1,,,2026-04-01 22:09:08,tcgcsv,OP01-083,1,1,1,0,1,0,missing_tcgplayer_product_id_only,price_via_chain_tcgplayer_id_missing
329,OP01-084,Mr.2.Bon.Kurei(Bentham),UC,,1062,329,OP01-084,,base,Base,official-cardlist,OP01/base/OP01-084.png,https://en.onepiece-cardgame.com/images/cardlist/card/OP01-084.png?260305,568,1062,906,HIGH,exact_code_plus_base_flag,906,510707,Mr.2.Bon.Kurei (Bentham) (Store Championship Participation Pack Vol. 2),Mr2BonKurei Bentham Store Championship Participation Pack Vol 2,OP01-084,PR,,tcgcsv,891,906,7.99,16.25,59.99,15.04,,,2026-04-02 03:06:17,tcgcsv,OP01-084,1,1,1,0,1,0,missing_tcgplayer_product_id_only,price_via_chain_tcgplayer_id_missing
330,OP01-085,Mr.3(Galdino),UC,,1064,330,OP01-085,,base,Base,official-cardlist,OP01/base/OP01-085.png,https://en.onepiece-cardgame.com/images/cardlist/card/OP01-085.png?260305,4712,1064,418,HIGH,exact_code_plus_base_flag,418,454616,Mr.3 (Galdino),Mr3 Galdino,OP01-085,UC,Galdino,tcgcsv,418,418,0.03,0.2,2.0,0.13,,,2026-04-01 22:09:08,tcgcsv,OP01-085,1,1,1,0,1,0,missing_tcgplayer_product_id_only,price_via_chain_tcgplayer_id_missing
331,OP01-086,Overheat,R,,1066,331,OP01-086,,base,Base,official-cardlist,OP01/base/OP01-086.png,https://en.onepiece-cardgame.com/images/cardlist/card/OP01-086.png?260305,4713,1066,419,HIGH,exact_code_plus_base_flag,419,454617,Overheat,Overheat,OP01-086,R,,tcgcsv,419,419,0.04,0.34,4.99,0.32,,,2026-04-01 22:09:08,tcgcsv,OP01-086,1,1,1,0,1,0,missing_tcgplayer_product_id_only,price_via_chain_tcgplayer_id_missing
332,OP01-087,Officer Agents,C,,1069,332,OP01-087,,base,Base,official-cardlist,OP01/base/OP01-087.png,https://en.onepiece-cardgame.com/images/cardlist/card/OP01-087.png?260305,4714,1069,420,HIGH,exact_code_plus_base_flag,420,454618,Officer Agents,Officer Agents,OP01-087,C,,tcgcsv,420,420,0.01,0.15,2.0,0.08,,,2026-04-01 22:09:08,tcgcsv,OP01-087,1,1,1,0,1,0,missing_tcgplayer_product_id_only,price_via_chain_tcgplayer_id_missing
333,OP01-088,Desert Spada,UC,,1071,333,OP01-088,,base,Base,official-cardlist,OP01/base/OP01-088.png,https://en.onepiece-cardgame.com/images/cardlist/card/OP01-088.png?260305,4715,1071,421,HIGH,exact_code_plus_base_flag,421,454619,Desert Spada,Desert Spada,OP01-088,UC,,tcgcsv,421,421,0.2,0.55,3.99,0.37,,,2026-04-01 22:09:08,tcgcsv,OP01-088,1,1,1,0,1,0,missing_tcgplayer_product_id_only,price_via_chain_tcgplayer_id_missing
334,OP01-089,Crescent Cutlass,C,,1073,334,OP01-089,,base,Base,official-cardlist,OP01/base/OP01-089.png,https://en.onepiece-cardgame.com/images/cardlist/card/OP01-089.png?260305,4716,1073,422,HIGH,exact_code_plus_base_flag,422,454620,Crescent Cutlass,Crescent Cutlass,OP01-089,C,,tcgcsv,422,422,0.01,0.15,2.0,0.09,,,2026-04-01 22:09:08,tcgcsv,OP01-089,1,1,1,0,1,0,missing_tcgplayer_product_id_only,price_via_chain_tcgplayer_id_missing
335,OP01-090,Baroque Works,UC,,1075,335,OP01-090,,base,Base,official-cardlist,OP01/base/OP01-090.png,https://en.onepiece-cardgame.com/images/cardlist/card/OP01-090.png?260305,4717,1075,423,HIGH,exact_code_plus_base_flag,423,454621,Baroque Works,Baroque Works,OP01-090,UC,,tcgcsv,423,423,0.05,0.2,2.0,0.15,,,2026-04-01 22:09:08,tcgcsv,OP01-090,1,1,1,0,1,0,missing_tcgplayer_product_id_only,price_via_chain_tcgplayer_id_missing
336,OP01-091,King,L,,1077,336,OP01-091,,base,Base,official-cardlist,OP01/base/OP01-091.png,https://en.onepiece-cardgame.com/images/cardlist/card/OP01-091.png?260305,4718,1077,424,HIGH,exact_code_plus_base_flag,424,454622,King (091),King 091,OP01-091,L,,tcgcsv,424,424,0.1,0.28,4.99,0.28,,,2026-04-01 22:09:08,tcgcsv,OP01-091,1,1,1,0,1,0,missing_tcgplayer_product_id_only,price_via_chain_tcgplayer_id_missing
337,OP01-092,Urashima,C,,1081,337,OP01-092,,base,Base,official-cardlist,OP01/base/OP01-092.png,https://en.onepiece-cardgame.com/images/cardlist/card/OP01-092.png?260305,4720,1081,426,HIGH,exact_code_plus_base_flag,426,454624,Urashima,Urashima,OP01-092,C,,tcgcsv,426,426,0.01,0.15,2.0,0.07,,,2026-04-01 22:09:08,tcgcsv,OP01-092,1,1,1,0,1,0,missing_tcgplayer_product_id_only,price_via_chain_tcgplayer_id_missing
338,OP01-093,Ulti,R,,1083,338,OP01-093,,base,Base,official-cardlist,OP01/base/OP01-093.png,https://en.onepiece-cardgame.com/images/cardlist/card/OP01-093.png?260305,460,1083,774,HIGH,exact_code_plus_base_flag,774,483104,Ulti (Promotion Pack 2023),Ulti Promotion Pack 2023,OP01-093,PR,,tcgcsv,769,774,0.65,1.64,9.0,1.02,,,2026-04-02 03:06:17,tcgcsv,OP01-093,1,1,1,0,1,0,missing_tcgplayer_product_id_only,price_via_chain_tcgplayer_id_missing
339,OP01-094,Kaido,SR,,1088,339,OP01-094,,base,Base,official-cardlist,OP01/base/OP01-094.png,https://en.onepiece-cardgame.com/images/cardlist/card/OP01-094.png?260305,869,1088,1247,HIGH,exact_code_plus_base_flag,1247,561170,Kaido (Treasure Cup),Kaido Treasure Cup,OP01-094,SR,,tcgcsv,,,,,,,,,,,OP01-094,1,1,1,0,1,0,missing_tcgplayer_product_id_only,price_via_chain_tcgplayer_id_missing
340,OP01-095,Kyoshirou,UC,,1093,340,OP01-095,,base,Base,official-cardlist,OP01/base/OP01-095.png,https://en.onepiece-cardgame.com/images/cardlist/card/OP01-095.png?260305,4724,1093,430,HIGH,exact_code_plus_base_flag,430,454628,Kyoshirou,Kyoshirou,OP01-095,UC,,tcgcsv,430,430,0.05,0.2,2.0,0.14,,,2026-04-01 22:09:08,tcgcsv,OP01-095,1,1,1,0,1,0,missing_tcgplayer_product_id_only,price_via_chain_tcgplayer_id_missing
341,OP01-096,King,SR,,1095,341,OP01-096,,base,Base,official-cardlist,OP01/base/OP01-096.png,https://en.onepiece-cardgame.com/images/cardlist/card/OP01-096.png?260305,4725,1095,431,HIGH,exact_code_plus_base_flag,431,454629,King (096),King 096,OP01-096,SR,,tcgcsv,431,431,0.45,0.95,10.0,0.66,,,2026-04-01 22:09:08,tcgcsv,OP01-096,1,1,1,0,1,0,missing_tcgplayer_product_id_only,price_via_chain_tcgplayer_id_missing
342,OP01-097,Queen,R,,1099,342,OP01-097,,base,Base,official-cardlist,OP01/base/OP01-097.png,https://en.onepiece-cardgame.com/images/cardlist/card/OP01-097.png?260305,4727,1099,433,HIGH,exact_code_plus_base_flag,433,454631,Queen,Queen,OP01-097,R,,tcgcsv,433,433,0.06,0.25,4.99,0.23,,,2026-04-01 22:09:08,tcgcsv,OP01-097,1,1,1,0,1,0,missing_tcgplayer_product_id_only,price_via_chain_tcgplayer_id_missing
343,OP01-098,Kurozumi Orochi,UC,,1102,343,OP01-098,,base,Base,official-cardlist,OP01/base/OP01-098.png,https://en.onepiece-cardgame.com/images/cardlist/card/OP01-098.png?260305,4729,1102,435,HIGH,exact_code_plus_base_flag,435,454633,Kurozumi Orochi,Kurozumi Orochi,OP01-098,UC,,tcgcsv,435,435,0.09,0.25,2.5,0.15,,,2026-04-01 22:09:08,tcgcsv,OP01-098,1,1,1,0,1,0,missing_tcgplayer_product_id_only,price_via_chain_tcgplayer_id_missing
344,OP01-099,Kurozumi Semimaru,C,,1104,344,OP01-099,,base,Base,official-cardlist,OP01/base/OP01-099.png,https://en.onepiece-cardgame.com/images/cardlist/card/OP01-099.png?260305,4730,1104,436,HIGH,exact_code_plus_base_flag,436,454634,Kurozumi Semimaru,Kurozumi Semimaru,OP01-099,C,,tcgcsv,436,436,0.01,0.15,2.0,0.07,,,2026-04-01 22:09:08,tcgcsv,OP01-099,1,1,1,0,1,0,missing_tcgplayer_product_id_only,price_via_chain_tcgplayer_id_missing
345,OP01-100,Kurozumi Higurashi,C,,1106,345,OP01-100,,base,Base,official-cardlist,OP01/base/OP01-100.png,https://en.onepiece-cardgame.com/images/cardlist/card/OP01-100.png?260305,513,1106,846,HIGH,exact_code_plus_base_flag,846,499428,Kurozumi Higurashi (Judge),Kurozumi Higurashi Judge,OP01-100,PR,,tcgcsv,836,846,0.29,0.99,7.0,0.58,,,2026-04-02 03:06:17,tcgcsv,OP01-100,1,1,1,0,1,0,missing_tcgplayer_product_id_only,price_via_chain_tcgplayer_id_missing
346,OP01-101,Sasaki,UC,,1108,346,OP01-101,,base,Base,official-cardlist,OP01/base/OP01-101.png,https://en.onepiece-cardgame.com/images/cardlist/card/OP01-101.png?260305,557,1108,895,HIGH,exact_code_plus_base_flag,895,509460,Sasaki (Event Pack Vol. 2),Sasaki Event Pack Vol 2,OP01-101,PR,,tcgcsv,881,895,1.0,2.59,5.0,2.67,,,2026-04-02 03:06:17,tcgcsv,OP01-101,1,1,1,0,1,0,missing_tcgplayer_product_id_only,price_via_chain_tcgplayer_id_missing
347,OP01-102,Jack,R,,1112,347,OP01-102,,base,Base,official-cardlist,OP01/base/OP01-102.png,https://en.onepiece-cardgame.com/images/cardlist/card/OP01-102.png?260305,4733,1112,439,HIGH,exact_code_plus_base_flag,439,454637,Jack,Jack,OP01-102,R,,tcgcsv,439,439,0.06,0.3,4.99,0.31,,,2026-04-01 22:09:08,tcgcsv,OP01-102,1,1,1,0,1,0,missing_tcgplayer_product_id_only,price_via_chain_tcgplayer_id_missing
348,OP01-103,Scratchmen Apoo,C,,1116,348,OP01-103,,base,Base,official-cardlist,OP01/base/OP01-103.png,https://en.onepiece-cardgame.com/images/cardlist/card/OP01-103.png?260305,4735,1116,441,HIGH,exact_code_plus_base_flag,441,454639,Scratchmen Apoo,Scratchmen Apoo,OP01-103,C,,tcgcsv,441,441,0.01,0.16,2.0,0.1,,,2026-04-01 22:09:08,tcgcsv,OP01-103,1,1,1,0,1,0,missing_tcgplayer_product_id_only,price_via_chain_tcgplayer_id_missing
349,OP01-104,Speed,C,,1118,349,OP01-104,,base,Base,official-cardlist,OP01/base/OP01-104.png,https://en.onepiece-cardgame.com/images/cardlist/card/OP01-104.png?260305,4736,1118,442,HIGH,exact_code_plus_base_flag,442,454640,Speed,Speed,OP01-104,C,,tcgcsv,442,442,0.02,0.15,2.0,0.09,,,2026-04-01 22:09:08,tcgcsv,OP01-104,1,1,1,0,1,0,missing_tcgplayer_product_id_only,price_via_chain_tcgplayer_id_missing
350,OP01-105,Bao Huang,C,,1120,350,OP01-105,,base,Base,official-cardlist,OP01/base/OP01-105.png,https://en.onepiece-cardgame.com/images/cardlist/card/OP01-105.png?260305,4737,1120,443,HIGH,exact_code_plus_base_flag,443,454641,Bao Huang,Bao Huang,OP01-105,C,,tcgcsv,443,443,0.01,0.15,2.0,0.07,,,2026-04-01 22:09:08,tcgcsv,OP01-105,1,1,1,0,1,0,missing_tcgplayer_product_id_only,price_via_chain_tcgplayer_id_missing
351,OP01-106,Basil Hawkins,UC,,1122,351,OP01-106,,base,Base,official-cardlist,OP01/base/OP01-106.png,https://en.onepiece-cardgame.com/images/cardlist/card/OP01-106.png?260305,4738,1122,444,HIGH,exact_code_plus_base_flag,444,454642,Basil Hawkins,Basil Hawkins,OP01-106,UC,,tcgcsv,444,444,0.1,0.33,5.0,0.26,,,2026-04-01 22:09:08,tcgcsv,OP01-106,1,1,1,0,1,0,missing_tcgplayer_product_id_only,price_via_chain_tcgplayer_id_missing
352,OP01-107,Babanuki,C,,1124,352,OP01-107,,base,Base,official-cardlist,OP01/base/OP01-107.png,https://en.onepiece-cardgame.com/images/cardlist/card/OP01-107.png?260305,4739,1124,445,HIGH,exact_code_plus_base_flag,445,454643,Babanuki,Babanuki,OP01-107,C,,tcgcsv,445,445,0.01,0.15,2.0,0.08,,,2026-04-01 22:09:08,tcgcsv,OP01-107,1,1,1,0,1,0,missing_tcgplayer_product_id_only,price_via_chain_tcgplayer_id_missing
353,OP01-108,Hitokiri Kamazo,UC,,1126,353,OP01-108,,base,Base,official-cardlist,OP01/base/OP01-108.png,https://en.onepiece-cardgame.com/images/cardlist/card/OP01-108.png?260305,526,1126,860,HIGH,exact_code_plus_base_flag,860,503019,Hitokiri Kamazo (Store Championship Participation Pack),Hitokiri Kamazo Store Championship Participation Pack,OP01-108,PR,,tcgcsv,849,860,2.88,5.51,50.0,6.86,,,2026-04-02 03:06:17,tcgcsv,OP01-108,1,1,1,0,1,0,missing_tcgplayer_product_id_only,price_via_chain_tcgplayer_id_missing
354,OP01-109,Who's.Who,UC,,1129,354,OP01-109,,base,Base,official-cardlist,OP01/base/OP01-109.png,https://en.onepiece-cardgame.com/images/cardlist/card/OP01-109.png?260305,4620,1129,326,HIGH,exact_code_plus_base_flag,326,453522,Who's.Who (Box Topper),WhosWho Box Topper,OP01-109,UC,Box Topper,tcgcsv,326,326,1.55,3.7,35.0,2.16,,,2026-04-01 22:09:08,tcgcsv,OP01-109,1,1,1,0,1,0,missing_tcgplayer_product_id_only,price_via_chain_tcgplayer_id_missing
355,OP01-110,Fukurokuju,C,,1133,355,OP01-110,,base,Base,official-cardlist,OP01/base/OP01-110.png,https://en.onepiece-cardgame.com/images/cardlist/card/OP01-110.png?260305,4741,1133,447,HIGH,exact_code_plus_base_flag,447,454645,Fukurokuju,Fukurokuju,OP01-110,C,,tcgcsv,447,447,0.01,0.15,2.0,0.07,,,2026-04-01 22:09:08,tcgcsv,OP01-110,1,1,1,0,1,0,missing_tcgplayer_product_id_only,price_via_chain_tcgplayer_id_missing
356,OP01-111,Black Maria,R,,1135,356,OP01-111,,base,Base,official-cardlist,OP01/base/OP01-111.png,https://en.onepiece-cardgame.com/images/cardlist/card/OP01-111.png?260305,4742,1135,448,HIGH,exact_code_plus_base_flag,448,454646,Black Maria,Black Maria,OP01-111,R,,tcgcsv,448,448,0.08,0.28,6.67,0.28,,,2026-04-01 22:09:08,tcgcsv,OP01-111,1,1,1,0,1,0,missing_tcgplayer_product_id_only,price_via_chain_tcgplayer_id_missing
357,OP01-112,Page One,R,,1137,357,OP01-112,,base,Base,official-cardlist,OP01/base/OP01-112.png,https://en.onepiece-cardgame.com/images/cardlist/card/OP01-112.png?260305,4743,1137,449,HIGH,exact_code_plus_base_flag,449,454648,Page One,Page One,OP01-112,R,,tcgcsv,449,449,0.08,0.3,4.99,0.31,,,2026-04-01 22:09:08,tcgcsv,OP01-112,1,1,1,0,1,0,missing_tcgplayer_product_id_only,price_via_chain_tcgplayer_id_missing
358,OP01-113,Holedem,C,,1139,358,OP01-113,,base,Base,official-cardlist,OP01/base/OP01-113.png,https://en.onepiece-cardgame.com/images/cardlist/card/OP01-113.png?260305,4744,1139,450,HIGH,exact_code_plus_base_flag,450,454651,Holedem,Holedem,OP01-113,C,,tcgcsv,450,450,0.01,0.15,2.0,0.07,,,2026-04-01 22:09:08,tcgcsv,OP01-113,1,1,1,0,1,0,missing_tcgplayer_product_id_only,price_via_chain_tcgplayer_id_missing
359,OP01-114,X.Drake,R,,1141,359,OP01-114,,base,Base,official-cardlist,OP01/base/OP01-114.png,https://en.onepiece-cardgame.com/images/cardlist/card/OP01-114.png?260305,697,1141,1048,HIGH,exact_code_plus_base_flag,1048,525677,X.Drake (CS 2023 Top Players Pack),XDrake CS 2023 Top Players Pack,OP01-114,R,,tcgcsv,1016,1048,800.0,902.0,1004.0,,,,2026-04-02 03:06:17,tcgcsv,OP01-114,1,1,1,0,1,0,missing_tcgplayer_product_id_only,price_via_chain_tcgplayer_id_missing
360,OP01-115,Elephant's Marchoo,C,,1144,360,OP01-115,,base,Base,official-cardlist,OP01/base/OP01-115.png,https://en.onepiece-cardgame.com/images/cardlist/card/OP01-115.png?260305,4746,1144,452,HIGH,exact_code_plus_base_flag,452,454659,Elephant's Marchoo,Elephants Marchoo,OP01-115,C,,tcgcsv,452,452,0.01,0.15,1.5,0.07,,,2026-04-01 22:09:08,tcgcsv,OP01-115,1,1,1,0,1,0,missing_tcgplayer_product_id_only,price_via_chain_tcgplayer_id_missing
361,OP01-116,Artificial Devil Fruit SMILE,UC,,1146,361,OP01-116,,base,Base,official-cardlist,OP01/base/OP01-116.png,https://en.onepiece-cardgame.com/images/cardlist/card/OP01-116.png?260305,4747,1146,453,HIGH,exact_code_plus_base_flag,453,454660,Artificial Devil Fruit SMILE,Artificial Devil Fruit SMILE,OP01-116,UC,,tcgcsv,453,453,0.03,0.2,4.0,0.13,,,2026-04-01 22:09:08,tcgcsv,OP01-116,1,1,1,0,1,0,missing_tcgplayer_product_id_only,price_via_chain_tcgplayer_id_missing
362,OP01-117,Sheep's Horn,C,,1148,362,OP01-117,,base,Base,official-cardlist,OP01/base/OP01-117.png,https://en.onepiece-cardgame.com/images/cardlist/card/OP01-117.png?260305,4748,1148,454,HIGH,exact_code_plus_base_flag,454,454661,Sheep's Horn,Sheeps Horn,OP01-117,C,,tcgcsv,454,454,0.03,0.16,2.0,0.11,,,2026-04-01 22:09:08,tcgcsv,OP01-117,1,1,1,0,1,0,missing_tcgplayer_product_id_only,price_via_chain_tcgplayer_id_missing
363,OP01-118,Ulti-Mortar,UC,,1150,363,OP01-118,,base,Base,official-cardlist,OP01/base/OP01-118.png,https://en.onepiece-cardgame.com/images/cardlist/card/OP01-118.png?260305,4749,1150,455,HIGH,exact_code_plus_base_flag,455,454662,Ulti-Mortar,Ulti Mortar,OP01-118,UC,,tcgcsv,455,455,0.08,0.24,2.0,0.21,,,2026-04-01 22:09:08,tcgcsv,OP01-118,1,1,1,0,1,0,missing_tcgplayer_product_id_only,price_via_chain_tcgplayer_id_missing
364,OP01-119,Thunder Bagua,R,,1152,364,OP01-119,,base,Base,official-cardlist,OP01/base/OP01-119.png,https://en.onepiece-cardgame.com/images/cardlist/card/OP01-119.png?260305,4750,1152,456,HIGH,exact_code_plus_base_flag,456,454663,Thunder Bagua,Thunder Bagua,OP01-119,R,,tcgcsv,456,456,0.75,2.39,13.0,1.52,,,2026-04-01 22:09:08,tcgcsv,OP01-119,1,1,1,0,1,0,missing_tcgplayer_product_id_only,price_via_chain_tcgplayer_id_missing
365,OP01-120,Shanks,SEC,,1154,365,OP01-120,,base,Base,official-cardlist,OP01/base/OP01-120.png,https://en.onepiece-cardgame.com/images/cardlist/card/OP01-120.png?260305,590,1154,928,HIGH,exact_code_plus_base_flag,928,514047,Shanks (Championship 2023) [Serial Number],Shanks Championship 2023 Serial Number,OP01-120,PR,,tcgcsv,,,,,,,,,,,OP01-120,1,1,1,0,1,0,missing_tcgplayer_product_id_only,price_via_chain_tcgplayer_id_missing
366,OP01-121,Yamato,SEC,,1165,366,OP01-121,,base,Base,official-cardlist,OP01/base/OP01-121.png,https://en.onepiece-cardgame.com/images/cardlist/card/OP01-121.png?260305,857,1165,1234,HIGH,exact_code_plus_base_flag,1234,552709,Yamato (Treasure Cup),Yamato Treasure Cup,OP01-121,SEC,,tcgcsv,,,,,,,,,,,OP01-121,1,1,1,0,1,0,missing_tcgplayer_product_id_only,price_via_chain_tcgplayer_id_missing
367,OP02-001,Edward.Newgate,L,,1174,367,OP02-001,,base,Base,official-cardlist,OP02/base/OP02-001.png,https://en.onepiece-cardgame.com/images/cardlist/card/OP02-001.png?260305,178,1174,469,HIGH,exact_code_plus_base_flag,469,482424,Edward.Newgate (001),EdwardNewgate 001,OP02-001,L,,tcgcsv,469,469,0.18,0.35,10.0,0.28,,,2026-04-02 02:58:10,tcgcsv,OP02-001,1,1,1,0,1,0,missing_tcgplayer_product_id_only,price_via_chain_tcgplayer_id_missing
368,OP02-002,Monkey.D.Garp,L,,1181,368,OP02-002,,base,Base,official-cardlist,OP02/base/OP02-002.png,https://en.onepiece-cardgame.com/images/cardlist/card/OP02-002.png?260305,183,1181,474,HIGH,exact_code_plus_base_flag,474,482705,Monkey.D.Garp (002),MonkeyDGarp 002,OP02-002,L,,tcgcsv,474,474,0.19,0.37,5.0,0.35,,,2026-04-02 02:58:10,tcgcsv,OP02-002,1,1,1,0,1,0,missing_tcgplayer_product_id_only,price_via_chain_tcgplayer_id_missing
369,OP02-003,Atmos,C,,1185,369,OP02-003,,base,Base,official-cardlist,OP02/base/OP02-003.png,https://en.onepiece-cardgame.com/images/cardlist/card/OP02-003.png?260305,180,1185,471,HIGH,exact_code_plus_base_flag,471,482426,Atmos,Atmos,OP02-003,C,,tcgcsv,471,471,0.01,0.15,5.0,0.05,,,2026-04-02 02:58:10,tcgcsv,OP02-003,1,1,1,0,1,0,missing_tcgplayer_product_id_only,price_via_chain_tcgplayer_id_missing
370,OP02-004,Edward.Newgate,SR,,1187,370,OP02-004,,base,Base,official-cardlist,OP02/base/OP02-004.png,https://en.onepiece-cardgame.com/images/cardlist/card/OP02-004.png?260305,177,1187,468,HIGH,exact_code_plus_base_flag,468,482423,Edward.Newgate (004),EdwardNewgate 004,OP02-004,SR,,tcgcsv,468,468,0.99,2.5,50.0,1.69,,,2026-04-02 02:58:10,tcgcsv,OP02-004,1,1,1,0,1,0,missing_tcgplayer_product_id_only,price_via_chain_tcgplayer_id_missing
371,OP02-005,Curly.Dadan,UC,,1197,371,OP02-005,,base,Base,official-cardlist,OP02/base/OP02-005.png,https://en.onepiece-cardgame.com/images/cardlist/card/OP02-005.png?260305,179,1197,470,HIGH,exact_code_plus_base_flag,470,482425,Curly.Dadan,CurlyDadan,OP02-005,UC,,tcgcsv,470,470,0.03,0.25,5.0,0.17,,,2026-04-02 02:58:10,tcgcsv,OP02-005,1,1,1,0,1,0,missing_tcgplayer_product_id_only,price_via_chain_tcgplayer_id_missing
372,OP02-006,Kingdew,C,,1203,372,OP02-006,,base,Base,official-cardlist,OP02/base/OP02-006.png,https://en.onepiece-cardgame.com/images/cardlist/card/OP02-006.png?260305,184,1203,475,HIGH,exact_code_plus_base_flag,475,482706,Kingdew,Kingdew,OP02-006,C,,tcgcsv,475,475,0.01,0.15,5.0,0.04,,,2026-04-02 02:58:10,tcgcsv,OP02-006,1,1,1,0,1,0,missing_tcgplayer_product_id_only,price_via_chain_tcgplayer_id_missing
373,OP02-007,Thatch,C,,1205,373,OP02-007,,base,Base,official-cardlist,OP02/base/OP02-007.png,https://en.onepiece-cardgame.com/images/cardlist/card/OP02-007.png?260305,185,1205,476,HIGH,exact_code_plus_base_flag,476,482707,Thatch,Thatch,OP02-007,C,,tcgcsv,476,476,0.01,0.15,5.0,0.06,,,2026-04-02 02:58:10,tcgcsv,OP02-007,1,1,1,0,1,0,missing_tcgplayer_product_id_only,price_via_chain_tcgplayer_id_missing
374,OP02-008,Jozu,R,,1207,374,OP02-008,,base,Base,official-cardlist,OP02/base/OP02-008.png,https://en.onepiece-cardgame.com/images/cardlist/card/OP02-008.png?260305,182,1207,473,HIGH,exact_code_plus_base_flag,473,482704,Jozu,Jozu,OP02-008,R,,tcgcsv,473,473,0.46,0.87,25.0,0.79,,,2026-04-02 02:58:10,tcgcsv,OP02-008,1,1,1,0,1,0,missing_tcgplayer_product_id_only,price_via_chain_tcgplayer_id_missing
375,OP02-009,Squard,UC,,1211,375,OP02-009,,base,Base,official-cardlist,OP02/base/OP02-009.png,https://en.onepiece-cardgame.com/images/cardlist/card/OP02-009.png?260305,190,1211,481,HIGH,exact_code_plus_base_flag,481,483096,Squard (Box Topper),Squard Box Topper,OP02-009,UC,Box Topper,tcgcsv,481,481,0.5,1.49,29.99,1.16,,,2026-04-02 02:58:10,tcgcsv,OP02-009,1,1,1,0,1,0,missing_tcgplayer_product_id_only,price_via_chain_tcgplayer_id_missing
376,OP02-010,Dogura,C,,1215,376,OP02-010,,base,Base,official-cardlist,OP02/base/OP02-010.png,https://en.onepiece-cardgame.com/images/cardlist/card/OP02-010.png?260305,187,1215,478,HIGH,exact_code_plus_base_flag,478,483093,Dogura,Dogura,OP02-010,C,,tcgcsv,478,478,0.01,0.15,5.0,0.05,,,2026-04-02 02:58:10,tcgcsv,OP02-010,1,1,1,0,1,0,missing_tcgplayer_product_id_only,price_via_chain_tcgplayer_id_missing
377,OP02-011,Vista,R,,1217,377,OP02-011,,base,Base,official-cardlist,OP02/base/OP02-011.png,https://en.onepiece-cardgame.com/images/cardlist/card/OP02-011.png?260305,189,1217,480,HIGH,exact_code_plus_base_flag,480,483095,Vista,Vista,OP02-011,R,,tcgcsv,480,480,0.08,0.34,10.0,0.25,,,2026-04-02 02:58:10,tcgcsv,OP02-011,1,1,1,0,1,0,missing_tcgplayer_product_id_only,price_via_chain_tcgplayer_id_missing
378,OP02-012,Blenheim,C,,1219,378,OP02-012,,base,Base,official-cardlist,OP02/base/OP02-012.png,https://en.onepiece-cardgame.com/images/cardlist/card/OP02-012.png?260305,188,1219,479,HIGH,exact_code_plus_base_flag,479,483094,Blenheim,Blenheim,OP02-012,C,,tcgcsv,479,479,0.01,0.15,5.0,0.06,,,2026-04-02 02:58:10,tcgcsv,OP02-012,1,1,1,0,1,0,missing_tcgplayer_product_id_only,price_via_chain_tcgplayer_id_missing
379,OP02-013,Portgas.D.Ace,SR,,1221,379,OP02-013,,base,Base,official-cardlist,OP02/base/OP02-013.png,https://en.onepiece-cardgame.com/images/cardlist/card/OP02-013.png?260305,204,1221,495,HIGH,exact_code_plus_base_flag,495,485235,Portgas.D.Ace,PortgasDAce,OP02-013,SR,,tcgcsv,495,495,2.0,4.99,50.0,2.86,,,2026-04-02 02:58:10,tcgcsv,OP02-013,1,1,1,0,1,0,missing_tcgplayer_product_id_only,price_via_chain_tcgplayer_id_missing
380,OP02-014,Whitey Bay,UC,,1232,380,OP02-014,,base,Base,official-cardlist,OP02/base/OP02-014.png,https://en.onepiece-cardgame.com/images/cardlist/card/OP02-014.png?260305,229,1232,520,HIGH,exact_code_plus_base_flag,520,486334,Whitey Bay,Whitey Bay,OP02-014,UC,,tcgcsv,520,520,0.02,0.18,5.0,0.11,,,2026-04-02 02:58:10,tcgcsv,OP02-014,1,1,1,0,1,0,missing_tcgplayer_product_id_only,price_via_chain_tcgplayer_id_missing
381,OP02-015,Makino,UC,,1234,381,OP02-015,,base,Base,official-cardlist,OP02/base/OP02-015.png,https://en.onepiece-cardgame.com/images/cardlist/card/OP02-015.png?260305,230,1234,521,HIGH,exact_code_plus_base_flag,521,486335,Makino,Makino,OP02-015,UC,,tcgcsv,521,521,0.09,0.25,4.99,0.16,,,2026-04-02 02:58:10,tcgcsv,OP02-015,1,1,1,0,1,0,missing_tcgplayer_product_id_only,price_via_chain_tcgplayer_id_missing
382,OP02-016,Magura,C,,1242,382,OP02-016,,base,Base,official-cardlist,OP02/base/OP02-016.png,https://en.onepiece-cardgame.com/images/cardlist/card/OP02-016.png?260305,231,1242,522,HIGH,exact_code_plus_base_flag,522,486336,Magura,Magura,OP02-016,C,,tcgcsv,522,522,0.02,0.2,5.0,0.09,,,2026-04-02 02:58:10,tcgcsv,OP02-016,1,1,1,0,1,0,missing_tcgplayer_product_id_only,price_via_chain_tcgplayer_id_missing
383,OP02-017,Masked Deuce,R,,1244,383,OP02-017,,base,Base,official-cardlist,OP02/base/OP02-017.png,https://en.onepiece-cardgame.com/images/cardlist/card/OP02-017.png?260305,226,1244,517,HIGH,exact_code_plus_base_flag,517,485864,Masked Deuce (Alternate Art),Masked Deuce Alternate Art,OP02-017,R,,tcgcsv,517,517,2.45,3.6,39.99,2.84,,,2026-04-02 02:58:10,tcgcsv,OP02-017,1,1,1,0,1,0,missing_tcgplayer_product_id_only,price_via_chain_tcgplayer_id_missing
384,OP02-018,Marco,R,,1248,384,OP02-018,,base,Base,official-cardlist,OP02/base/OP02-018.png,https://en.onepiece-cardgame.com/images/cardlist/card/OP02-018.png?260305,225,1248,516,HIGH,exact_code_plus_base_flag,516,485863,Marco (Alternate Art),Marco Alternate Art,OP02-018,R,,tcgcsv,516,516,5.0,7.73,44.99,6.22,,,2026-04-02 02:58:10,tcgcsv,OP02-018,1,1,1,0,1,0,missing_tcgplayer_product_id_only,price_via_chain_tcgplayer_id_missing
385,OP02-019,Rakuyo,UC,,1260,385,OP02-019,,base,Base,official-cardlist,OP02/base/OP02-019.png,https://en.onepiece-cardgame.com/images/cardlist/card/OP02-019.png?260305,234,1260,525,HIGH,exact_code_plus_base_flag,525,486339,Rakuyo,Rakuyo,OP02-019,UC,,tcgcsv,525,525,0.01,0.15,5.0,0.09,,,2026-04-02 02:58:10,tcgcsv,OP02-019,1,1,1,0,1,0,missing_tcgplayer_product_id_only,price_via_chain_tcgplayer_id_missing
386,OP02-020,LittleOars Jr.,C,,1263,386,OP02-020,,base,Base,official-cardlist,OP02/base/OP02-020.png,https://en.onepiece-cardgame.com/images/cardlist/card/OP02-020.png?260305,235,1263,526,HIGH,exact_code_plus_base_flag,526,486340,LittleOars Jr.,LittleOars Jr,OP02-020,C,,tcgcsv,526,526,0.01,0.15,5.0,0.07,,,2026-04-02 02:58:10,tcgcsv,OP02-020,1,1,1,0,1,0,missing_tcgplayer_product_id_only,price_via_chain_tcgplayer_id_missing
387,OP02-021,Seaquake,R,,1265,387,OP02-021,,base,Base,official-cardlist,OP02/base/OP02-021.png,https://en.onepiece-cardgame.com/images/cardlist/card/OP02-021.png?260305,236,1265,527,HIGH,exact_code_plus_base_flag,527,486341,Seaquake,Seaquake,OP02-021,R,,tcgcsv,527,527,0.06,0.35,25.0,0.3,,,2026-04-02 02:58:10,tcgcsv,OP02-021,1,1,1,0,1,0,missing_tcgplayer_product_id_only,price_via_chain_tcgplayer_id_missing
388,OP02-022,Whitebeard Pirates,UC,,1267,388,OP02-022,,base,Base,official-cardlist,OP02/base/OP02-022.png,https://en.onepiece-cardgame.com/images/cardlist/card/OP02-022.png?260305,237,1267,528,HIGH,exact_code_plus_base_flag,528,486342,Whitebeard Pirates,Whitebeard Pirates,OP02-022,UC,,tcgcsv,528,528,0.05,0.25,10.0,0.17,,,2026-04-02 02:58:10,tcgcsv,OP02-022,1,1,1,0,1,0,missing_tcgplayer_product_id_only,price_via_chain_tcgplayer_id_missing
389,OP02-023,You May Be a Fool...but I Still Love You,C,,1270,389,OP02-023,,base,Base,official-cardlist,OP02/base/OP02-023.png,https://en.onepiece-cardgame.com/images/cardlist/card/OP02-023.png?260305,238,1270,529,HIGH,exact_code_plus_base_flag,529,486343,You May Be a Fool...but I Still Love You,You May Be a Foolbut I Still Love You,OP02-023,C,,tcgcsv,529,529,0.01,0.15,10.0,0.06,,,2026-04-02 02:58:10,tcgcsv,OP02-023,1,1,1,0,1,0,missing_tcgplayer_product_id_only,price_via_chain_tcgplayer_id_missing
390,OP02-024,Moby Dick,C,,1273,390,OP02-024,,base,Base,official-cardlist,OP02/base/OP02-024.png,https://en.onepiece-cardgame.com/images/cardlist/card/OP02-024.png?260305,239,1273,530,HIGH,exact_code_plus_base_flag,530,486344,Moby Dick,Moby Dick,OP02-024,C,,tcgcsv,530,530,0.01,0.25,5.0,0.2,,,2026-04-02 02:58:10,tcgcsv,OP02-024,1,1,1,0,1,0,missing_tcgplayer_product_id_only,price_via_chain_tcgplayer_id_missing
391,OP02-025,Kin'emon,L,,1275,391,OP02-025,,base,Base,official-cardlist,OP02/base/OP02-025.png,https://en.onepiece-cardgame.com/images/cardlist/card/OP02-025.png?260305,195,1275,486,HIGH,exact_code_plus_base_flag,486,483629,Kin'emon (Alternate Art),Kinemon Alternate Art,OP02-025,L,,tcgcsv,486,486,39.99,47.79,250.0,47.77,,,2026-04-02 02:58:10,tcgcsv,OP02-025,1,1,1,0,1,0,missing_tcgplayer_product_id_only,price_via_chain_tcgplayer_id_missing
392,OP02-026,Sanji,L,,1279,392,OP02-026,,base,Base,official-cardlist,OP02/base/OP02-026.png,https://en.onepiece-cardgame.com/images/cardlist/card/OP02-026.png?260305,194,1279,485,HIGH,exact_code_plus_base_flag,485,483628,Sanji (Alternate Art),Sanji Alternate Art,OP02-026,L,,tcgcsv,485,485,134.99,180.52,399.0,171.03,,,2026-04-02 02:58:10,tcgcsv,OP02-026,1,1,1,0,1,0,missing_tcgplayer_product_id_only,price_via_chain_tcgplayer_id_missing
393,OP02-027,Inuarashi,UC,,1283,393,OP02-027,,base,Base,official-cardlist,OP02/base/OP02-027.png,https://en.onepiece-cardgame.com/images/cardlist/card/OP02-027.png?260305,242,1283,533,HIGH,exact_code_plus_base_flag,533,486347,Inuarashi,Inuarashi,OP02-027,UC,,tcgcsv,533,533,0.03,0.2,5.0,0.12,,,2026-04-02 02:58:10,tcgcsv,OP02-027,1,1,1,0,1,0,missing_tcgplayer_product_id_only,price_via_chain_tcgplayer_id_missing
394,OP02-028,Usopp,C,,1285,394,OP02-028,,base,Base,official-cardlist,OP02/base/OP02-028.png,https://en.onepiece-cardgame.com/images/cardlist/card/OP02-028.png?260305,243,1285,534,HIGH,exact_code_plus_base_flag,534,486348,Usopp,Usopp,OP02-028,C,,tcgcsv,534,534,0.01,0.15,5.0,0.09,,,2026-04-02 02:58:10,tcgcsv,OP02-028,1,1,1,0,1,0,missing_tcgplayer_product_id_only,price_via_chain_tcgplayer_id_missing
395,OP02-029,Carrot,R,,1288,395,OP02-029,,base,Base,official-cardlist,OP02/base/OP02-029.png,https://en.onepiece-cardgame.com/images/cardlist/card/OP02-029.png?260305,244,1288,535,HIGH,exact_code_plus_base_flag,535,486349,Carrot,Carrot,OP02-029,R,,tcgcsv,535,535,0.25,0.61,10.0,0.55,,,2026-04-02 02:58:10,tcgcsv,OP02-029,1,1,1,0,1,0,missing_tcgplayer_product_id_only,price_via_chain_tcgplayer_id_missing
396,OP02-030,Kouzuki Oden,SR,,1291,396,OP02-030,,base,Base,official-cardlist,OP02/base/OP02-030.png,https://en.onepiece-cardgame.com/images/cardlist/card/OP02-030.png?260305,200,1291,491,HIGH,exact_code_plus_base_flag,491,484627,Kouzuki Oden (Alternate Art),Kouzuki Oden Alternate Art,OP02-030,SR,,tcgcsv,491,491,8.0,11.04,99.98,10.08,,,2026-04-02 02:58:10,tcgcsv,OP02-030,1,1,1,0,1,0,missing_tcgplayer_product_id_only,price_via_chain_tcgplayer_id_missing
397,OP02-031,Kouzuki Toki,UC,,1295,397,OP02-031,,base,Base,official-cardlist,OP02/base/OP02-031.png,https://en.onepiece-cardgame.com/images/cardlist/card/OP02-031.png?260305,205,1295,496,HIGH,exact_code_plus_base_flag,496,485236,Kouzuki Toki (Box Topper),Kouzuki Toki Box Topper,OP02-031,UC,Box Topper,tcgcsv,496,496,3.6,5.0,50.0,3.72,,,2026-04-02 02:58:10,tcgcsv,OP02-031,1,1,1,0,1,0,missing_tcgplayer_product_id_only,price_via_chain_tcgplayer_id_missing
398,OP02-032,Shishilian,UC,,1299,398,OP02-032,,base,Base,official-cardlist,OP02/base/OP02-032.png,https://en.onepiece-cardgame.com/images/cardlist/card/OP02-032.png?260305,247,1299,538,HIGH,exact_code_plus_base_flag,538,486352,Shishilian,Shishilian,OP02-032,UC,,tcgcsv,538,538,0.05,0.25,10.0,0.17,,,2026-04-02 02:58:10,tcgcsv,OP02-032,1,1,1,0,1,0,missing_tcgplayer_product_id_only,price_via_chain_tcgplayer_id_missing
399,OP02-033,Jinbe,C,,1301,399,OP02-033,,base,Base,official-cardlist,OP02/base/OP02-033.png,https://en.onepiece-cardgame.com/images/cardlist/card/OP02-033.png?260305,248,1301,539,HIGH,exact_code_plus_base_flag,539,486353,Jinbe,Jinbe,OP02-033,C,,tcgcsv,539,539,0.01,0.15,5.0,0.1,,,2026-04-02 02:58:10,tcgcsv,OP02-033,1,1,1,0,1,0,missing_tcgplayer_product_id_only,price_via_chain_tcgplayer_id_missing
400,OP02-034,Tony Tony.Chopper,UC,,1304,400,OP02-034,,base,Base,official-cardlist,OP02/base/OP02-034.png,https://en.onepiece-cardgame.com/images/cardlist/card/OP02-034.png?260305,249,1304,540,HIGH,exact_code_plus_base_flag,540,486354,Tony Tony.Chopper,Tony TonyChopper,OP02-034,UC,,tcgcsv,540,540,0.19,0.35,25.0,0.27,,,2026-04-02 02:58:10,tcgcsv,OP02-034,1,1,1,0,1,0,missing_tcgplayer_product_id_only,price_via_chain_tcgplayer_id_missing
401,OP02-035,Trafalgar Law,C,,1309,401,OP02-035,,base,Base,official-cardlist,OP02/base/OP02-035.png,https://en.onepiece-cardgame.com/images/cardlist/card/OP02-035.png?260305,250,1309,541,HIGH,exact_code_plus_base_flag,541,486355,Trafalgar Law,Trafalgar Law,OP02-035,C,,tcgcsv,541,541,0.02,0.17,5.0,0.13,,,2026-04-02 02:58:10,tcgcsv,OP02-035,1,1,1,0,1,0,missing_tcgplayer_product_id_only,price_via_chain_tcgplayer_id_missing
402,OP02-036,Nami,SR,,1314,402,OP02-036,,base,Base,official-cardlist,OP02/base/OP02-036.png,https://en.onepiece-cardgame.com/images/cardlist/card/OP02-036.png?260305,181,1314,472,HIGH,exact_code_plus_base_flag,472,482429,Nami (Alternate Art),Nami Alternate Art,OP02-036,SR,,tcgcsv,472,472,54.99,73.5,250.0,68.56,,,2026-04-02 02:58:10,tcgcsv,OP02-036,1,1,1,0,1,0,missing_tcgplayer_product_id_only,price_via_chain_tcgplayer_id_missing
403,OP02-037,Nico Robin,UC,,1320,403,OP02-037,,base,Base,official-cardlist,OP02/base/OP02-037.png,https://en.onepiece-cardgame.com/images/cardlist/card/OP02-037.png?260305,252,1320,543,HIGH,exact_code_plus_base_flag,543,486357,Nico Robin,Nico Robin,OP02-037,UC,,tcgcsv,543,543,0.01,0.2,5.0,0.15,,,2026-04-02 02:58:10,tcgcsv,OP02-037,1,1,1,0,1,0,missing_tcgplayer_product_id_only,price_via_chain_tcgplayer_id_missing
404,OP02-038,Nekomamushi,C,,1323,404,OP02-038,,base,Base,official-cardlist,OP02/base/OP02-038.png,https://en.onepiece-cardgame.com/images/cardlist/card/OP02-038.png?260305,253,1323,544,HIGH,exact_code_plus_base_flag,544,486359,Nekomamushi,Nekomamushi,OP02-038,C,,tcgcsv,544,544,0.03,0.18,5.0,0.14,,,2026-04-02 02:58:10,tcgcsv,OP02-038,1,1,1,0,1,0,missing_tcgplayer_product_id_only,price_via_chain_tcgplayer_id_missing
405,OP02-039,Franky,C,,1325,405,OP02-039,,base,Base,official-cardlist,OP02/base/OP02-039.png,https://en.onepiece-cardgame.com/images/cardlist/card/OP02-039.png?260305,254,1325,545,HIGH,exact_code_plus_base_flag,545,486361,Franky,Franky,OP02-039,C,,tcgcsv,545,545,0.01,0.15,5.0,0.08,,,2026-04-02 02:58:10,tcgcsv,OP02-039,1,1,1,0,1,0,missing_tcgplayer_product_id_only,price_via_chain_tcgplayer_id_missing
406,OP02-040,Brook,R,,1328,406,OP02-040,,base,Base,official-cardlist,OP02/base/OP02-040.png,https://en.onepiece-cardgame.com/images/cardlist/card/OP02-040.png?260305,255,1328,546,HIGH,exact_code_plus_base_flag,546,486363,Brook,Brook,OP02-040,R,,tcgcsv,547,546,0.04,0.29,5.0,0.26,,,2026-04-02 02:58:10,tcgcsv,OP02-040,1,1,1,0,1,0,missing_tcgplayer_product_id_only,price_via_chain_tcgplayer_id_missing
407,OP02-041,Monkey.D.Luffy,R,,1331,407,OP02-041,,base,Base,official-cardlist,OP02/base/OP02-041.png,https://en.onepiece-cardgame.com/images/cardlist/card/OP02-041.png?260305,176,1331,467,HIGH,exact_code_plus_base_flag,467,482337,Monkey.D.Luffy (041) (Alternate Art),MonkeyDLuffy 041 Alternate Art,OP02-041,R,,tcgcsv,467,467,24.85,38.93,130.0,31.46,,,2026-04-02 02:58:10,tcgcsv,OP02-041,1,1,1,0,1,0,missing_tcgplayer_product_id_only,price_via_chain_tcgplayer_id_missing
408,OP02-042,Yamato,R,,1336,408,OP02-042,,base,Base,official-cardlist,OP02/base/OP02-042.png,https://en.onepiece-cardgame.com/images/cardlist/card/OP02-042.png?260305,257,1336,548,HIGH,exact_code_plus_base_flag,548,486369,Yamato,Yamato,OP02-042,R,,tcgcsv,550,548,0.1,0.49,25.0,0.4,,,2026-04-02 02:58:10,tcgcsv,OP02-042,1,1,1,0,1,0,missing_tcgplayer_product_id_only,price_via_chain_tcgplayer_id_missing
409,OP02-043,Roronoa Zoro,C,,1338,409,OP02-043,,base,Base,official-cardlist,OP02/base/OP02-043.png,https://en.onepiece-cardgame.com/images/cardlist/card/OP02-043.png?260305,258,1338,549,HIGH,exact_code_plus_base_flag,549,486371,Roronoa Zoro,Roronoa Zoro,OP02-043,C,,tcgcsv,551,549,0.02,0.2,5.0,0.1,,,2026-04-02 02:58:10,tcgcsv,OP02-043,1,1,1,0,1,0,missing_tcgplayer_product_id_only,price_via_chain_tcgplayer_id_missing
410,OP02-044,Wanda,C,,1341,410,OP02-044,,base,Base,official-cardlist,OP02/base/OP02-044.png,https://en.onepiece-cardgame.com/images/cardlist/card/OP02-044.png?260305,259,1341,550,HIGH,exact_code_plus_base_flag,550,486374,Wanda,Wanda,OP02-044,C,,tcgcsv,552,550,0.01,0.15,5.0,0.12,,,2026-04-02 02:58:10,tcgcsv,OP02-044,1,1,1,0,1,0,missing_tcgplayer_product_id_only,price_via_chain_tcgplayer_id_missing
411,OP02-045,Three Sword Style Oni Giri,C,,1343,411,OP02-045,,base,Base,official-cardlist,OP02/base/OP02-045.png,https://en.onepiece-cardgame.com/images/cardlist/card/OP02-045.png?260305,260,1343,551,HIGH,exact_code_plus_base_flag,551,486375,Three Sword Style Oni Giri,Three Sword Style Oni Giri,OP02-045,C,,tcgcsv,553,551,0.01,0.15,5.0,0.09,,,2026-04-02 02:58:10,tcgcsv,OP02-045,1,1,1,0,1,0,missing_tcgplayer_product_id_only,price_via_chain_tcgplayer_id_missing
412,OP02-046,Diable Jambe Venaison Shoot,UC,,1346,412,OP02-046,,base,Base,official-cardlist,OP02/base/OP02-046.png,https://en.onepiece-cardgame.com/images/cardlist/card/OP02-046.png?260305,261,1346,552,HIGH,exact_code_plus_base_flag,552,486378,Diable Jambe Venaison Shoot,Diable Jambe Venaison Shoot,OP02-046,UC,,tcgcsv,554,552,0.02,0.19,5.0,0.15,,,2026-04-02 02:58:10,tcgcsv,OP02-046,1,1,1,0,1,0,missing_tcgplayer_product_id_only,price_via_chain_tcgplayer_id_missing
413,OP02-047,Paradise Totsuka,R,,1348,413,OP02-047,,base,Base,official-cardlist,OP02/base/OP02-047.png,https://en.onepiece-cardgame.com/images/cardlist/card/OP02-047.png?260305,262,1348,553,HIGH,exact_code_plus_base_flag,553,486380,Paradise Totsuka,Paradise Totsuka,OP02-047,R,,tcgcsv,555,553,0.07,0.25,10.0,0.17,,,2026-04-02 02:58:10,tcgcsv,OP02-047,1,1,1,0,1,0,missing_tcgplayer_product_id_only,price_via_chain_tcgplayer_id_missing
414,OP02-048,Land of Wano,C,,1350,414,OP02-048,,base,Base,official-cardlist,OP02/base/OP02-048.png,https://en.onepiece-cardgame.com/images/cardlist/card/OP02-048.png?260305,263,1350,554,HIGH,exact_code_plus_base_flag,554,486382,Land of Wano,Land of Wano,OP02-048,C,,tcgcsv,556,554,0.02,0.15,5.0,0.08,,,2026-04-02 02:58:10,tcgcsv,OP02-048,1,1,1,0,1,0,missing_tcgplayer_product_id_only,price_via_chain_tcgplayer_id_missing
415,OP02-049,Emporio.Ivankov,L,,1352,415,OP02-049,,base,Base,official-cardlist,OP02/base/OP02-049.png,https://en.onepiece-cardgame.com/images/cardlist/card/OP02-049.png?260305,196,1352,487,HIGH,exact_code_plus_base_flag,487,483949,Emporio.Ivankov (049) (Alternate Art),EmporioIvankov 049 Alternate Art,OP02-049,L,,tcgcsv,487,487,38.99,49.5,199.99,49.5,,,2026-04-02 02:58:10,tcgcsv,OP02-049,1,1,1,0,1,0,missing_tcgplayer_product_id_only,price_via_chain_tcgplayer_id_missing
416,OP02-050,Inazuma,R,,1356,416,OP02-050,,base,Base,official-cardlist,OP02/base/OP02-050.png,https://en.onepiece-cardgame.com/images/cardlist/card/OP02-050.png?260305,265,1356,556,HIGH,exact_code_plus_base_flag,556,486389,Inazuma,Inazuma,OP02-050,R,,tcgcsv,558,556,0.05,0.25,25.0,0.13,,,2026-04-02 02:58:10,tcgcsv,OP02-050,1,1,1,0,1,0,missing_tcgplayer_product_id_only,price_via_chain_tcgplayer_id_missing
417,OP02-051,Emporio.Ivankov,SR,,1358,417,OP02-051,,base,Base,official-cardlist,OP02/base/OP02-051.png,https://en.onepiece-cardgame.com/images/cardlist/card/OP02-051.png?260305,220,1358,511,HIGH,exact_code_plus_base_flag,511,485812,Emporio.Ivankov (051) (Alternate Art),EmporioIvankov 051 Alternate Art,OP02-051,SR,,tcgcsv,511,511,5.43,7.21,50.0,6.47,,,2026-04-02 02:58:10,tcgcsv,OP02-051,1,1,1,0,1,0,missing_tcgplayer_product_id_only,price_via_chain_tcgplayer_id_missing
418,OP02-052,Cabaji,C,,1362,418,OP02-052,,base,Base,official-cardlist,OP02/base/OP02-052.png,https://en.onepiece-cardgame.com/images/cardlist/card/OP02-052.png?260305,267,1362,558,HIGH,exact_code_plus_base_flag,558,486391,Cabaji,Cabaji,OP02-052,C,,tcgcsv,560,558,0.01,0.15,5.0,0.08,,,2026-04-02 02:58:10,tcgcsv,OP02-052,1,1,1,0,1,0,missing_tcgplayer_product_id_only,price_via_chain_tcgplayer_id_missing
419,OP02-053,Crocodile,C,,1364,419,OP02-053,,base,Base,official-cardlist,OP02/base/OP02-053.png,https://en.onepiece-cardgame.com/images/cardlist/card/OP02-053.png?260305,268,1364,559,HIGH,exact_code_plus_base_flag,559,486392,Crocodile,Crocodile,OP02-053,C,,tcgcsv,561,559,0.01,0.15,5.0,0.12,,,2026-04-02 02:58:10,tcgcsv,OP02-053,1,1,1,0,1,0,missing_tcgplayer_product_id_only,price_via_chain_tcgplayer_id_missing
420,OP02-054,Gecko Moria,C,,1367,420,OP02-054,,base,Base,official-cardlist,OP02/base/OP02-054.png,https://en.onepiece-cardgame.com/images/cardlist/card/OP02-054.png?260305,269,1367,560,HIGH,exact_code_plus_base_flag,560,486393,Gecko Moria,Gecko Moria,OP02-054,C,,tcgcsv,562,560,0.01,0.15,5.0,0.07,,,2026-04-02 02:58:10,tcgcsv,OP02-054,1,1,1,0,1,0,missing_tcgplayer_product_id_only,price_via_chain_tcgplayer_id_missing
421,OP02-055,Dracule Mihawk,C,,1370,421,OP02-055,,base,Base,official-cardlist,OP02/base/OP02-055.png,https://en.onepiece-cardgame.com/images/cardlist/card/OP02-055.png?260305,270,1370,561,HIGH,exact_code_plus_base_flag,561,486394,Dracule Mihawk,Dracule Mihawk,OP02-055,C,,tcgcsv,563,561,0.01,0.15,5.0,0.11,,,2026-04-02 02:58:10,tcgcsv,OP02-055,1,1,1,0,1,0,missing_tcgplayer_product_id_only,price_via_chain_tcgplayer_id_missing
422,OP02-056,Donquixote Doflamingo,UC,,1372,422,OP02-056,,base,Base,official-cardlist,OP02/base/OP02-056.png,https://en.onepiece-cardgame.com/images/cardlist/card/OP02-056.png?260305,271,1372,562,HIGH,exact_code_plus_base_flag,562,486395,Donquixote Doflamingo,Donquixote Doflamingo,OP02-056,UC,,tcgcsv,564,562,0.04,0.2,5.0,0.13,,,2026-04-02 02:58:10,tcgcsv,OP02-056,1,1,1,0,1,0,missing_tcgplayer_product_id_only,price_via_chain_tcgplayer_id_missing
423,OP02-057,Bartholomew Kuma,UC,,1374,423,OP02-057,,base,Base,official-cardlist,OP02/base/OP02-057.png,https://en.onepiece-cardgame.com/images/cardlist/card/OP02-057.png?260305,272,1374,563,HIGH,exact_code_plus_base_flag,563,486396,Bartholomew Kuma,Bartholomew Kuma,OP02-057,UC,,tcgcsv,565,563,0.01,0.16,5.0,0.08,,,2026-04-02 02:58:10,tcgcsv,OP02-057,1,1,1,0,1,0,missing_tcgplayer_product_id_only,price_via_chain_tcgplayer_id_missing
424,OP02-058,Buggy,R,,1377,424,OP02-058,,base,Base,official-cardlist,OP02/base/OP02-058.png,https://en.onepiece-cardgame.com/images/cardlist/card/OP02-058.png?260305,221,1377,512,HIGH,exact_code_plus_base_flag,512,485813,Buggy (Alternate Art),Buggy Alternate Art,OP02-058,R,,tcgcsv,512,512,12.41,17.59,59.87,11.19,,,2026-04-02 02:58:10,tcgcsv,OP02-058,1,1,1,0,1,0,missing_tcgplayer_product_id_only,price_via_chain_tcgplayer_id_missing
425,OP02-059,Boa Hancock,UC,,1381,425,OP02-059,,base,Base,official-cardlist,OP02/base/OP02-059.png,https://en.onepiece-cardgame.com/images/cardlist/card/OP02-059.png?260305,206,1381,497,HIGH,exact_code_plus_base_flag,497,485237,Boa Hancock (Box Topper),Boa Hancock Box Topper,OP02-059,UC,Box Topper,tcgcsv,497,497,27.94,36.16,300.0,27.15,,,2026-04-02 02:58:10,tcgcsv,OP02-059,1,1,1,0,1,0,missing_tcgplayer_product_id_only,price_via_chain_tcgplayer_id_missing
426,OP02-060,Mohji,C,,1387,426,OP02-060,,base,Base,official-cardlist,OP02/base/OP02-060.png,https://en.onepiece-cardgame.com/images/cardlist/card/OP02-060.png?260305,275,1387,566,HIGH,exact_code_plus_base_flag,566,486399,Mohji,Mohji,OP02-060,C,,tcgcsv,568,566,0.01,0.15,5.0,0.06,,,2026-04-02 02:58:10,tcgcsv,OP02-060,1,1,1,0,1,0,missing_tcgplayer_product_id_only,price_via_chain_tcgplayer_id_missing
427,OP02-061,Morley,UC,,1389,427,OP02-061,,base,Base,official-cardlist,OP02/base/OP02-061.png,https://en.onepiece-cardgame.com/images/cardlist/card/OP02-061.png?260305,276,1389,567,HIGH,exact_code_plus_base_flag,567,486400,Morley,Morley,OP02-061,UC,,tcgcsv,569,567,0.01,0.18,5.0,0.08,,,2026-04-02 02:58:10,tcgcsv,OP02-061,1,1,1,0,1,0,missing_tcgplayer_product_id_only,price_via_chain_tcgplayer_id_missing
428,OP02-062,Monkey.D.Luffy,SR,,1391,428,OP02-062,,base,Base,official-cardlist,OP02/base/OP02-062.png,https://en.onepiece-cardgame.com/images/cardlist/card/OP02-062.png?260305,207,1391,498,HIGH,exact_code_plus_base_flag,498,485238,Monkey.D.Luffy (062),MonkeyDLuffy 062,OP02-062,SR,,tcgcsv,498,498,1.0,2.25,50.0,1.78,,,2026-04-02 02:58:10,tcgcsv,OP02-062,1,1,1,0,1,0,missing_tcgplayer_product_id_only,price_via_chain_tcgplayer_id_missing
429,OP02-063,Mr.1(Daz.Bonez),UC,,1395,429,OP02-063,,base,Base,official-cardlist,OP02/base/OP02-063.png,https://en.onepiece-cardgame.com/images/cardlist/card/OP02-063.png?260305,277,1395,568,HIGH,exact_code_plus_base_flag,568,486401,Mr.1 (Daz.Bonez),Mr1 DazBonez,OP02-063,UC,,tcgcsv,570,568,0.01,0.28,10.0,0.23,,,2026-04-02 02:58:10,tcgcsv,OP02-063,1,1,1,0,1,0,missing_tcgplayer_product_id_only,price_via_chain_tcgplayer_id_missing
430,OP02-064,Mr.2.Bon.Kurei(Bentham),R,,1399,430,OP02-064,,base,Base,official-cardlist,OP02/base/OP02-064.png,https://en.onepiece-cardgame.com/images/cardlist/card/OP02-064.png?260305,278,1399,569,HIGH,exact_code_plus_base_flag,569,486402,Mr.2.Bon.Kurei (Bentham),Mr2BonKurei Bentham,OP02-064,R,,tcgcsv,571,569,0.1,0.35,25.0,0.29,,,2026-04-02 02:58:10,tcgcsv,OP02-064,1,1,1,0,1,0,missing_tcgplayer_product_id_only,price_via_chain_tcgplayer_id_missing
431,OP02-065,Mr.3(Galdino),R,,1401,431,OP02-065,,base,Base,official-cardlist,OP02/base/OP02-065.png,https://en.onepiece-cardgame.com/images/cardlist/card/OP02-065.png?260305,279,1401,570,HIGH,exact_code_plus_base_flag,570,486403,Mr.3 (Galdino),Mr3 Galdino,OP02-065,R,,tcgcsv,572,570,0.05,0.25,25.0,0.16,,,2026-04-02 02:58:10,tcgcsv,OP02-065,1,1,1,0,1,0,missing_tcgplayer_product_id_only,price_via_chain_tcgplayer_id_missing
432,OP02-066,Impel Down All Stars,C,,1403,432,OP02-066,,base,Base,official-cardlist,OP02/base/OP02-066.png,https://en.onepiece-cardgame.com/images/cardlist/card/OP02-066.png?260305,280,1403,571,HIGH,exact_code_plus_base_flag,571,486404,Impel Down All Stars,Impel Down All Stars,OP02-066,C,,tcgcsv,573,571,0.1,0.25,5.0,0.16,,,2026-04-02 02:58:10,tcgcsv,OP02-066,1,1,1,0,1,0,missing_tcgplayer_product_id_only,price_via_chain_tcgplayer_id_missing
433,OP02-067,Arabesque Brick Fist,UC,,1405,433,OP02-067,,base,Base,official-cardlist,OP02/base/OP02-067.png,https://en.onepiece-cardgame.com/images/cardlist/card/OP02-067.png?260305,281,1405,572,HIGH,exact_code_plus_base_flag,572,486405,Arabesque Brick Fist,Arabesque Brick Fist,OP02-067,UC,,tcgcsv,574,572,0.07,0.26,5.0,0.17,,,2026-04-02 02:58:10,tcgcsv,OP02-067,1,1,1,0,1,0,missing_tcgplayer_product_id_only,price_via_chain_tcgplayer_id_missing
434,OP02-068,Gum-Gum Rain,R,,1407,434,OP02-068,,base,Base,official-cardlist,OP02/base/OP02-068.png,https://en.onepiece-cardgame.com/images/cardlist/card/OP02-068.png?260305,282,1407,573,HIGH,exact_code_plus_base_flag,573,486406,Gum-Gum Rain,Gum Gum Rain,OP02-068,R,,tcgcsv,575,573,0.22,0.45,25.0,0.31,,,2026-04-02 02:58:10,tcgcsv,OP02-068,1,1,1,0,1,0,missing_tcgplayer_product_id_only,price_via_chain_tcgplayer_id_missing
435,OP02-069,DEATH WINK,C,,1412,435,OP02-069,,base,Base,official-cardlist,OP02/base/OP02-069.png,https://en.onepiece-cardgame.com/images/cardlist/card/OP02-069.png?260305,283,1412,574,HIGH,exact_code_plus_base_flag,574,486407,DEATH WINK,DEATH WINK,OP02-069,C,,tcgcsv,576,574,0.02,0.2,5.0,0.09,,,2026-04-02 02:58:10,tcgcsv,OP02-069,1,1,1,0,1,0,missing_tcgplayer_product_id_only,price_via_chain_tcgplayer_id_missing
436,OP02-070,New Kama Land,C,,1414,436,OP02-070,,base,Base,official-cardlist,OP02/base/OP02-070.png,https://en.onepiece-cardgame.com/images/cardlist/card/OP02-070.png?260305,284,1414,575,HIGH,exact_code_plus_base_flag,575,486408,New Kama Land,New Kama Land,OP02-070,C,,tcgcsv,577,575,0.01,0.15,5.0,0.07,,,2026-04-02 02:58:10,tcgcsv,OP02-070,1,1,1,0,1,0,missing_tcgplayer_product_id_only,price_via_chain_tcgplayer_id_missing
437,OP02-071,Magellan,L,,1416,437,OP02-071,,base,Base,official-cardlist,OP02/base/OP02-071.png,https://en.onepiece-cardgame.com/images/cardlist/card/OP02-071.png?260305,197,1416,488,HIGH,exact_code_plus_base_flag,488,484134,Magellan (071) (Alternate Art),Magellan 071 Alternate Art,OP02-071,L,,tcgcsv,488,488,44.99,50.85,199.99,52.03,,,2026-04-02 02:58:10,tcgcsv,OP02-071,1,1,1,0,1,0,missing_tcgplayer_product_id_only,price_via_chain_tcgplayer_id_missing
438,OP02-072,Zephyr,L,,1420,438,OP02-072,,base,Base,official-cardlist,OP02/base/OP02-072.png,https://en.onepiece-cardgame.com/images/cardlist/card/OP02-072.png?260305,198,1420,489,HIGH,exact_code_plus_base_flag,489,484314,Zephyr (Alternate Art),Zephyr Alternate Art,OP02-072,L,,tcgcsv,489,489,28.37,40.0,124.99,44.22,,,2026-04-02 02:58:10,tcgcsv,OP02-072,1,1,1,0,1,0,missing_tcgplayer_product_id_only,price_via_chain_tcgplayer_id_missing
439,OP02-073,Little Sadi,R,,1424,439,OP02-073,,base,Base,official-cardlist,OP02/base/OP02-073.png,https://en.onepiece-cardgame.com/images/cardlist/card/OP02-073.png?260305,218,1424,509,HIGH,exact_code_plus_base_flag,509,485457,Little Sadi (Alternate Art),Little Sadi Alternate Art,OP02-073,R,,tcgcsv,509,509,6.59,9.46,72.94,8.42,,,2026-04-02 02:58:10,tcgcsv,OP02-073,1,1,1,0,1,0,missing_tcgplayer_product_id_only,price_via_chain_tcgplayer_id_missing
440,OP02-074,Saldeath,C,,1428,440,OP02-074,,base,Base,official-cardlist,OP02/base/OP02-074.png,https://en.onepiece-cardgame.com/images/cardlist/card/OP02-074.png?260305,287,1428,578,HIGH,exact_code_plus_base_flag,578,486416,Saldeath,Saldeath,OP02-074,C,,tcgcsv,580,578,0.01,0.15,5.0,0.06,,,2026-04-02 02:58:10,tcgcsv,OP02-074,1,1,1,0,1,0,missing_tcgplayer_product_id_only,price_via_chain_tcgplayer_id_missing
441,OP02-075,Shiki,R,,1430,441,OP02-075,,base,Base,official-cardlist,OP02/base/OP02-075.png,https://en.onepiece-cardgame.com/images/cardlist/card/OP02-075.png?260305,288,1430,579,HIGH,exact_code_plus_base_flag,579,486419,Shiki,Shiki,OP02-075,R,,tcgcsv,581,579,0.06,0.25,25.0,0.15,,,2026-04-02 02:58:10,tcgcsv,OP02-075,1,1,1,0,1,0,missing_tcgplayer_product_id_only,price_via_chain_tcgplayer_id_missing
442,OP02-076,Shiryu,R,,1432,442,OP02-076,,base,Base,official-cardlist,OP02/base/OP02-076.png,https://en.onepiece-cardgame.com/images/cardlist/card/OP02-076.png?260305,289,1432,580,HIGH,exact_code_plus_base_flag,580,486422,Shiryu,Shiryu,OP02-076,R,,tcgcsv,582,580,0.05,0.25,25.0,0.13,,,2026-04-02 02:58:10,tcgcsv,OP02-076,1,1,1,0,1,0,missing_tcgplayer_product_id_only,price_via_chain_tcgplayer_id_missing
443,OP02-077,Solitaire,C,,1434,443,OP02-077,,base,Base,official-cardlist,OP02/base/OP02-077.png,https://en.onepiece-cardgame.com/images/cardlist/card/OP02-077.png?260305,290,1434,581,HIGH,exact_code_plus_base_flag,581,486425,Solitaire,Solitaire,OP02-077,C,,tcgcsv,583,581,0.01,0.17,5.0,0.11,,,2026-04-02 02:58:10,tcgcsv,OP02-077,1,1,1,0,1,0,missing_tcgplayer_product_id_only,price_via_chain_tcgplayer_id_missing
444,OP02-078,Daifugo,UC,,1436,444,OP02-078,,base,Base,official-cardlist,OP02/base/OP02-078.png,https://en.onepiece-cardgame.com/images/cardlist/card/OP02-078.png?260305,291,1436,582,HIGH,exact_code_plus_base_flag,582,486433,Daifugo,Daifugo,OP02-078,UC,,tcgcsv,584,582,0.03,0.17,5.0,0.09,,,2026-04-02 02:58:10,tcgcsv,OP02-078,1,1,1,0,1,0,missing_tcgplayer_product_id_only,price_via_chain_tcgplayer_id_missing
445,OP02-079,Douglas Bullet,UC,,1438,445,OP02-079,,base,Base,official-cardlist,OP02/base/OP02-079.png,https://en.onepiece-cardgame.com/images/cardlist/card/OP02-079.png?260305,292,1438,583,HIGH,exact_code_plus_base_flag,583,486436,Douglas Bullet,Douglas Bullet,OP02-079,UC,,tcgcsv,585,583,0.01,0.18,5.0,0.08,,,2026-04-02 02:58:10,tcgcsv,OP02-079,1,1,1,0,1,0,missing_tcgplayer_product_id_only,price_via_chain_tcgplayer_id_missing
446,OP02-080,Dobon,C,,1440,446,OP02-080,,base,Base,official-cardlist,OP02/base/OP02-080.png,https://en.onepiece-cardgame.com/images/cardlist/card/OP02-080.png?260305,293,1440,584,HIGH,exact_code_plus_base_flag,584,486438,Dobon,Dobon,OP02-080,C,,tcgcsv,586,584,0.01,0.15,5.0,0.03,,,2026-04-02 02:58:10,tcgcsv,OP02-080,1,1,1,0,1,0,missing_tcgplayer_product_id_only,price_via_chain_tcgplayer_id_missing
447,OP02-081,Domino,C,,1442,447,OP02-081,,base,Base,official-cardlist,OP02/base/OP02-081.png,https://en.onepiece-cardgame.com/images/cardlist/card/OP02-081.png?260305,294,1442,585,HIGH,exact_code_plus_base_flag,585,486441,Domino,Domino,OP02-081,C,,tcgcsv,587,585,0.01,0.15,5.0,0.1,,,2026-04-02 02:58:10,tcgcsv,OP02-081,1,1,1,0,1,0,missing_tcgplayer_product_id_only,price_via_chain_tcgplayer_id_missing
448,OP02-082,Byrnndi World,UC,,1444,448,OP02-082,,base,Base,official-cardlist,OP02/base/OP02-082.png,https://en.onepiece-cardgame.com/images/cardlist/card/OP02-082.png?260305,295,1444,586,HIGH,exact_code_plus_base_flag,586,486445,Byrnndi World,Byrnndi World,OP02-082,UC,,tcgcsv,588,586,0.01,0.17,5.0,0.1,,,2026-04-02 02:58:10,tcgcsv,OP02-082,1,1,1,0,1,0,missing_tcgplayer_product_id_only,price_via_chain_tcgplayer_id_missing
449,OP02-083,Hannyabal,R,,1446,449,OP02-083,,base,Base,official-cardlist,OP02/base/OP02-083.png,https://en.onepiece-cardgame.com/images/cardlist/card/OP02-083.png?260305,296,1446,587,HIGH,exact_code_plus_base_flag,587,486448,Hannyabal,Hannyabal,OP02-083,R,,tcgcsv,589,587,0.09,0.25,50.0,0.18,,,2026-04-02 02:58:10,tcgcsv,OP02-083,1,1,1,0,1,0,missing_tcgplayer_product_id_only,price_via_chain_tcgplayer_id_missing
450,OP02-084,Blugori,C,,1448,450,OP02-084,,base,Base,official-cardlist,OP02/base/OP02-084.png,https://en.onepiece-cardgame.com/images/cardlist/card/OP02-084.png?260305,297,1448,588,HIGH,exact_code_plus_base_flag,588,486451,Blugori,Blugori,OP02-084,C,,tcgcsv,590,588,0.01,0.15,47.54,0.05,,,2026-04-02 02:58:10,tcgcsv,OP02-084,1,1,1,0,1,0,missing_tcgplayer_product_id_only,price_via_chain_tcgplayer_id_missing
451,OP02-085,Magellan,SP CARD,,1450,451,OP02-085,,base,Base,official-cardlist,OP02/base/OP02-085.png,https://en.onepiece-cardgame.com/images/cardlist/card/OP02-085.png?260305,219,1450,510,HIGH,exact_code_plus_base_flag,510,485459,Magellan (085) (Alternate Art),Magellan 085 Alternate Art,OP02-085,SR,,tcgcsv,510,510,8.06,15.0,124.0,11.9,,,2026-04-02 02:58:10,tcgcsv,OP02-085,1,1,1,0,1,0,missing_tcgplayer_product_id_only,price_via_chain_tcgplayer_id_missing
452,OP02-086,Minokoala,UC,,1456,452,OP02-086,,base,Base,official-cardlist,OP02/base/OP02-086.png,https://en.onepiece-cardgame.com/images/cardlist/card/OP02-086.png?260305,209,1456,500,HIGH,exact_code_plus_base_flag,500,485241,Minokoala (Box Topper),Minokoala Box Topper,OP02-086,UC,Box Topper,tcgcsv,500,500,1.0,2.0,12.0,1.46,,,2026-04-02 02:58:10,tcgcsv,OP02-086,1,1,1,0,1,0,missing_tcgplayer_product_id_only,price_via_chain_tcgplayer_id_missing
453,OP02-087,Minotaur,UC,,1460,453,OP02-087,,base,Base,official-cardlist,OP02/base/OP02-087.png,https://en.onepiece-cardgame.com/images/cardlist/card/OP02-087.png?260305,300,1460,591,HIGH,exact_code_plus_base_flag,591,486454,Minotaur,Minotaur,OP02-087,UC,,tcgcsv,593,591,0.05,0.2,5.0,0.11,,,2026-04-02 02:58:10,tcgcsv,OP02-087,1,1,1,0,1,0,missing_tcgplayer_product_id_only,price_via_chain_tcgplayer_id_missing
454,OP02-088,Sphinx,C,,1462,454,OP02-088,,base,Base,official-cardlist,OP02/base/OP02-088.png,https://en.onepiece-cardgame.com/images/cardlist/card/OP02-088.png?260305,301,1462,592,HIGH,exact_code_plus_base_flag,592,486455,Sphinx,Sphinx,OP02-088,C,,tcgcsv,594,592,0.01,0.15,5.0,0.05,,,2026-04-02 02:58:10,tcgcsv,OP02-088,1,1,1,0,1,0,missing_tcgplayer_product_id_only,price_via_chain_tcgplayer_id_missing
455,OP02-089,Judgment of Hell,R,,1464,455,OP02-089,,base,Base,official-cardlist,OP02/base/OP02-089.png,https://en.onepiece-cardgame.com/images/cardlist/card/OP02-089.png?260305,302,1464,593,HIGH,exact_code_plus_base_flag,593,486456,Judgment of Hell,Judgment of Hell,OP02-089,R,,tcgcsv,595,593,0.1,0.66,10.0,0.47,,,2026-04-02 02:58:10,tcgcsv,OP02-089,1,1,1,0,1,0,missing_tcgplayer_product_id_only,price_via_chain_tcgplayer_id_missing
456,OP02-090,Hydra,UC,,1471,456,OP02-090,,base,Base,official-cardlist,OP02/base/OP02-090.png,https://en.onepiece-cardgame.com/images/cardlist/card/OP02-090.png?260305,303,1471,594,HIGH,exact_code_plus_base_flag,594,486457,Hydra,Hydra,OP02-090,UC,,tcgcsv,596,594,0.02,0.2,5.0,0.12,,,2026-04-02 02:58:10,tcgcsv,OP02-090,1,1,1,0,1,0,missing_tcgplayer_product_id_only,price_via_chain_tcgplayer_id_missing
457,OP02-091,Venom Road,C,,1473,457,OP02-091,,base,Base,official-cardlist,OP02/base/OP02-091.png,https://en.onepiece-cardgame.com/images/cardlist/card/OP02-091.png?260305,304,1473,595,HIGH,exact_code_plus_base_flag,595,486458,Venom Road,Venom Road,OP02-091,C,,tcgcsv,597,595,0.01,0.15,5.0,0.07,,,2026-04-02 02:58:10,tcgcsv,OP02-091,1,1,1,0,1,0,missing_tcgplayer_product_id_only,price_via_chain_tcgplayer_id_missing
458,OP02-092,Impel Down,C,,1475,458,OP02-092,,base,Base,official-cardlist,OP02/base/OP02-092.png,https://en.onepiece-cardgame.com/images/cardlist/card/OP02-092.png?260305,305,1475,596,HIGH,exact_code_plus_base_flag,596,486460,Impel Down,Impel Down,OP02-092,C,,tcgcsv,598,596,0.01,0.15,5.0,0.09,,,2026-04-02 02:58:10,tcgcsv,OP02-092,1,1,1,0,1,0,missing_tcgplayer_product_id_only,price_via_chain_tcgplayer_id_missing
459,OP02-093,Smoker,L,,1477,459,OP02-093,,base,Base,official-cardlist,OP02/base/OP02-093.png,https://en.onepiece-cardgame.com/images/cardlist/card/OP02-093.png?260305,199,1477,490,HIGH,exact_code_plus_base_flag,490,484476,Smoker (093) (Alternate Art),Smoker 093 Alternate Art,OP02-093,L,,tcgcsv,490,490,90.0,108.82,450.0,108.82,,,2026-04-02 02:58:10,tcgcsv,OP02-093,1,1,1,0,1,0,missing_tcgplayer_product_id_only,price_via_chain_tcgplayer_id_missing
460,OP02-094,Isuka,UC,,1483,460,OP02-094,,base,Base,official-cardlist,OP02/base/OP02-094.png,https://en.onepiece-cardgame.com/images/cardlist/card/OP02-094.png?260305,307,1483,598,HIGH,exact_code_plus_base_flag,598,486464,Isuka,Isuka,OP02-094,UC,,tcgcsv,600,598,0.02,0.2,10.0,0.11,,,2026-04-02 02:58:10,tcgcsv,OP02-094,1,1,1,0,1,0,missing_tcgplayer_product_id_only,price_via_chain_tcgplayer_id_missing
461,OP02-095,Onigumo,UC,,1485,461,OP02-095,,base,Base,official-cardlist,OP02/base/OP02-095.png,https://en.onepiece-cardgame.com/images/cardlist/card/OP02-095.png?260305,308,1485,599,HIGH,exact_code_plus_base_flag,599,486467,Onigumo,Onigumo,OP02-095,UC,,tcgcsv,601,599,0.01,0.18,10.0,0.07,,,2026-04-02 02:58:10,tcgcsv,OP02-095,1,1,1,0,1,0,missing_tcgplayer_product_id_only,price_via_chain_tcgplayer_id_missing
462,OP02-096,Kuzan,SR,,1486,462,OP02-096,,base,Base,official-cardlist,OP02/base/OP02-096.png,https://en.onepiece-cardgame.com/images/cardlist/card/OP02-096.png?260305,203,1486,494,HIGH,exact_code_plus_base_flag,494,485162,Kuzan (096) (Alternate Art),Kuzan 096 Alternate Art,OP02-096,SR,,tcgcsv,494,494,10.49,15.15,199.99,12.19,,,2026-04-02 02:58:10,tcgcsv,OP02-096,1,1,1,0,1,0,missing_tcgplayer_product_id_only,price_via_chain_tcgplayer_id_missing
463,OP02-097,Komille,C,,1492,463,OP02-097,,base,Base,official-cardlist,OP02/base/OP02-097.png,https://en.onepiece-cardgame.com/images/cardlist/card/OP02-097.png?260305,310,1492,601,HIGH,exact_code_plus_base_flag,601,486471,Komille,Komille,OP02-097,C,,tcgcsv,603,601,0.01,0.15,5.0,0.05,,,2026-04-02 02:58:10,tcgcsv,OP02-097,1,1,1,0,1,0,missing_tcgplayer_product_id_only,price_via_chain_tcgplayer_id_missing
464,OP02-098,Koby,R,,1493,464,OP02-098,,base,Base,official-cardlist,OP02/base/OP02-098.png,https://en.onepiece-cardgame.com/images/cardlist/card/OP02-098.png?260305,311,1493,602,HIGH,exact_code_plus_base_flag,602,486474,Koby,Koby,OP02-098,R,,tcgcsv,604,602,0.08,0.29,50.0,0.23,,,2026-04-02 02:58:10,tcgcsv,OP02-098,1,1,1,0,1,0,missing_tcgplayer_product_id_only,price_via_chain_tcgplayer_id_missing
465,OP02-099,Sakazuki,SR,,1498,465,OP02-099,,base,Base,official-cardlist,OP02/base/OP02-099.png,https://en.onepiece-cardgame.com/images/cardlist/card/OP02-099.png?260305,210,1498,501,HIGH,exact_code_plus_base_flag,501,485242,Sakazuki,Sakazuki,OP02-099,SR,,tcgcsv,501,501,0.05,0.5,50.0,0.51,,,2026-04-02 02:58:10,tcgcsv,OP02-099,1,1,1,0,1,0,missing_tcgplayer_product_id_only,price_via_chain_tcgplayer_id_missing
466,OP02-100,Jango,C,,1507,466,OP02-100,,base,Base,official-cardlist,OP02/base/OP02-100.png,https://en.onepiece-cardgame.com/images/cardlist/card/OP02-100.png?260305,312,1507,603,HIGH,exact_code_plus_base_flag,603,486477,Jango,Jango,OP02-100,C,,tcgcsv,605,603,0.01,0.15,5.0,0.05,,,2026-04-02 02:58:10,tcgcsv,OP02-100,1,1,1,0,1,0,missing_tcgplayer_product_id_only,price_via_chain_tcgplayer_id_missing
467,OP02-101,Strawberry,C,,1509,467,OP02-101,,base,Base,official-cardlist,OP02/base/OP02-101.png,https://en.onepiece-cardgame.com/images/cardlist/card/OP02-101.png?260305,313,1509,604,HIGH,exact_code_plus_base_flag,604,486480,Strawberry,Strawberry,OP02-101,C,,tcgcsv,606,604,0.01,0.15,5.0,0.08,,,2026-04-02 02:58:10,tcgcsv,OP02-101,1,1,1,0,1,0,missing_tcgplayer_product_id_only,price_via_chain_tcgplayer_id_missing
468,OP02-102,Smoker,R,,1511,468,OP02-102,,base,Base,official-cardlist,OP02/base/OP02-102.png,https://en.onepiece-cardgame.com/images/cardlist/card/OP02-102.png?260305,314,1511,605,HIGH,exact_code_plus_base_flag,605,486481,Smoker (102),Smoker 102,OP02-102,R,,tcgcsv,607,605,0.01,0.25,10.0,0.18,,,2026-04-02 02:58:10,tcgcsv,OP02-102,1,1,1,0,1,0,missing_tcgplayer_product_id_only,price_via_chain_tcgplayer_id_missing
469,OP02-103,Sengoku,R,,1513,469,OP02-103,,base,Base,official-cardlist,OP02/base/OP02-103.png,https://en.onepiece-cardgame.com/images/cardlist/card/OP02-103.png?260305,315,1513,606,HIGH,exact_code_plus_base_flag,606,486482,Sengoku,Sengoku,OP02-103,R,,tcgcsv,608,606,0.07,0.25,10.0,0.17,,,2026-04-02 02:58:10,tcgcsv,OP02-103,1,1,1,0,1,0,missing_tcgplayer_product_id_only,price_via_chain_tcgplayer_id_missing
470,OP02-104,Sentomaru,C,,1515,470,OP02-104,,base,Base,official-cardlist,OP02/base/OP02-104.png,https://en.onepiece-cardgame.com/images/cardlist/card/OP02-104.png?260305,316,1515,607,HIGH,exact_code_plus_base_flag,607,486483,Sentomaru,Sentomaru,OP02-104,C,,tcgcsv,609,607,0.01,0.15,5.0,0.06,,,2026-04-02 02:58:10,tcgcsv,OP02-104,1,1,1,0,1,0,missing_tcgplayer_product_id_only,price_via_chain_tcgplayer_id_missing
471,OP02-105,Tashigi,C,,1517,471,OP02-105,,base,Base,official-cardlist,OP02/base/OP02-105.png,https://en.onepiece-cardgame.com/images/cardlist/card/OP02-105.png?260305,211,1517,502,HIGH,exact_code_plus_base_flag,502,485243,Tashigi,Tashigi,OP02-105,C,,tcgcsv,502,502,0.01,0.18,5.0,0.17,,,2026-04-02 02:58:10,tcgcsv,OP02-105,1,1,1,0,1,0,missing_tcgplayer_product_id_only,price_via_chain_tcgplayer_id_missing
472,OP02-106,Tsuru,UC,,1521,472,OP02-106,,base,Base,official-cardlist,OP02/base/OP02-106.png,https://en.onepiece-cardgame.com/images/cardlist/card/OP02-106.png?260305,317,1521,608,HIGH,exact_code_plus_base_flag,608,486484,Tsuru,Tsuru,OP02-106,UC,,tcgcsv,610,608,0.1,0.25,10.0,0.17,,,2026-04-02 02:58:10,tcgcsv,OP02-106,1,1,1,0,1,0,missing_tcgplayer_product_id_only,price_via_chain_tcgplayer_id_missing
473,OP02-107,Doberman,C,,1533,473,OP02-107,,base,Base,official-cardlist,OP02/base/OP02-107.png,https://en.onepiece-cardgame.com/images/cardlist/card/OP02-107.png?260305,318,1533,609,HIGH,exact_code_plus_base_flag,609,486485,Doberman,Doberman,OP02-107,C,,tcgcsv,611,609,0.01,0.15,5.0,0.05,,,2026-04-02 02:58:10,tcgcsv,OP02-107,1,1,1,0,1,0,missing_tcgplayer_product_id_only,price_via_chain_tcgplayer_id_missing
474,OP02-108,Donquixote Rosinante,C,,1535,474,OP02-108,,base,Base,official-cardlist,OP02/base/OP02-108.png,https://en.onepiece-cardgame.com/images/cardlist/card/OP02-108.png?260305,213,1535,504,HIGH,exact_code_plus_base_flag,504,485245,Donquixote Rosinante (Box Topper),Donquixote Rosinante Box Topper,OP02-108,C,Box Topper,tcgcsv,504,504,5.0,7.0,20.0,5.86,,,2026-04-02 02:58:10,tcgcsv,OP02-108,1,1,1,0,1,0,missing_tcgplayer_product_id_only,price_via_chain_tcgplayer_id_missing
475,OP02-109,Jaguar.D.Saul,C,,1541,475,OP02-109,,base,Base,official-cardlist,OP02/base/OP02-109.png,https://en.onepiece-cardgame.com/images/cardlist/card/OP02-109.png?260305,320,1541,611,HIGH,exact_code_plus_base_flag,611,486487,Jaguar.D.Saul,JaguarDSaul,OP02-109,C,,tcgcsv,613,611,0.01,0.15,5.0,0.04,,,2026-04-02 02:58:10,tcgcsv,OP02-109,1,1,1,0,1,0,missing_tcgplayer_product_id_only,price_via_chain_tcgplayer_id_missing
476,OP02-110,Hina,R,,1544,476,OP02-110,,base,Base,official-cardlist,OP02/base/OP02-110.png,https://en.onepiece-cardgame.com/images/cardlist/card/OP02-110.png?260305,321,1544,612,HIGH,exact_code_plus_base_flag,612,486488,Hina,Hina,OP02-110,R,,tcgcsv,614,612,0.17,0.38,25.0,0.32,,,2026-04-02 02:58:10,tcgcsv,OP02-110,1,1,1,0,1,0,missing_tcgplayer_product_id_only,price_via_chain_tcgplayer_id_missing
477,OP02-111,Fullbody,C,,1546,477,OP02-111,,base,Base,official-cardlist,OP02/base/OP02-111.png,https://en.onepiece-cardgame.com/images/cardlist/card/OP02-111.png?260305,322,1546,613,HIGH,exact_code_plus_base_flag,613,486489,Fullbody,Fullbody,OP02-111,C,,tcgcsv,615,613,0.01,0.15,5.0,0.05,,,2026-04-02 02:58:10,tcgcsv,OP02-111,1,1,1,0,1,0,missing_tcgplayer_product_id_only,price_via_chain_tcgplayer_id_missing
478,OP02-112,Bell-mere,UC,,1548,478,OP02-112,,base,Base,official-cardlist,OP02/base/OP02-112.png,https://en.onepiece-cardgame.com/images/cardlist/card/OP02-112.png?260305,323,1548,614,HIGH,exact_code_plus_base_flag,614,486490,Bell-mere,Bell mere,OP02-112,UC,,tcgcsv,616,614,0.09,0.25,5.0,0.2,,,2026-04-02 02:58:10,tcgcsv,OP02-112,1,1,1,0,1,0,missing_tcgplayer_product_id_only,price_via_chain_tcgplayer_id_missing
479,OP02-113,Helmeppo,UC,,1550,479,OP02-113,,base,Base,official-cardlist,OP02/base/OP02-113.png,https://en.onepiece-cardgame.com/images/cardlist/card/OP02-113.png?260305,324,1550,615,HIGH,exact_code_plus_base_flag,615,486491,Helmeppo,Helmeppo,OP02-113,UC,,tcgcsv,617,615,0.02,0.16,5.0,0.12,,,2026-04-02 02:58:10,tcgcsv,OP02-113,1,1,1,0,1,0,missing_tcgplayer_product_id_only,price_via_chain_tcgplayer_id_missing
480,OP02-114,Borsalino,SR,,1553,480,OP02-114,,base,Base,official-cardlist,OP02/base/OP02-114.png,https://en.onepiece-cardgame.com/images/cardlist/card/OP02-114.png?260305,202,1553,493,HIGH,exact_code_plus_base_flag,493,485087,Borsalino (Alternate Art),Borsalino Alternate Art,OP02-114,SR,,tcgcsv,493,493,5.94,11.25,125.0,8.13,,,2026-04-02 02:58:10,tcgcsv,OP02-114,1,1,1,0,1,0,missing_tcgplayer_product_id_only,price_via_chain_tcgplayer_id_missing
481,OP02-115,Monkey.D.Garp,R,,1560,481,OP02-115,,base,Base,official-cardlist,OP02/base/OP02-115.png,https://en.onepiece-cardgame.com/images/cardlist/card/OP02-115.png?260305,201,1560,492,HIGH,exact_code_plus_base_flag,492,484822,Monkey.D.Garp (115) (Alternate Art),MonkeyDGarp 115 Alternate Art,OP02-115,R,,tcgcsv,492,492,8.47,14.99,50.0,9.5,,,2026-04-02 02:58:10,tcgcsv,OP02-115,1,1,1,0,1,0,missing_tcgplayer_product_id_only,price_via_chain_tcgplayer_id_missing
482,OP02-116,Yamakaji,C,,1564,482,OP02-116,,base,Base,official-cardlist,OP02/base/OP02-116.png,https://en.onepiece-cardgame.com/images/cardlist/card/OP02-116.png?260305,326,1564,617,HIGH,exact_code_plus_base_flag,617,486493,Yamakaji,Yamakaji,OP02-116,C,,tcgcsv,619,617,0.01,0.15,5.0,0.04,,,2026-04-02 02:58:10,tcgcsv,OP02-116,1,1,1,0,1,0,missing_tcgplayer_product_id_only,price_via_chain_tcgplayer_id_missing
483,OP02-117,Ice Age,UC,,1567,483,OP02-117,,base,Base,official-cardlist,OP02/base/OP02-117.png,https://en.onepiece-cardgame.com/images/cardlist/card/OP02-117.png?260305,327,1567,618,HIGH,exact_code_plus_base_flag,618,486494,Ice Age,Ice Age,OP02-117,UC,,tcgcsv,620,618,0.01,0.2,6.98,0.15,,,2026-04-02 02:58:10,tcgcsv,OP02-117,1,1,1,0,1,0,missing_tcgplayer_product_id_only,price_via_chain_tcgplayer_id_missing
484,OP02-118,Yasakani Sacred Jewel,C,,1575,484,OP02-118,,base,Base,official-cardlist,OP02/base/OP02-118.png,https://en.onepiece-cardgame.com/images/cardlist/card/OP02-118.png?260305,328,1575,619,HIGH,exact_code_plus_base_flag,619,486546,Yasakani Sacred Jewel,Yasakani Sacred Jewel,OP02-118,C,,tcgcsv,621,619,0.01,0.15,10.0,0.1,,,2026-04-02 02:58:10,tcgcsv,OP02-118,1,1,1,0,1,0,missing_tcgplayer_product_id_only,price_via_chain_tcgplayer_id_missing
485,OP02-119,Meteor Volcano,R,,1577,485,OP02-119,,base,Base,official-cardlist,OP02/base/OP02-119.png,https://en.onepiece-cardgame.com/images/cardlist/card/OP02-119.png?260305,329,1577,620,HIGH,exact_code_plus_base_flag,620,486547,Meteor Volcano,Meteor Volcano,OP02-119,R,,tcgcsv,622,620,0.01,0.29,25.0,0.29,,,2026-04-02 02:58:10,tcgcsv,OP02-119,1,1,1,0,1,0,missing_tcgplayer_product_id_only,price_via_chain_tcgplayer_id_missing
486,OP02-120,Uta,SP CARD,,1579,486,OP02-120,,base,Base,official-cardlist,OP02/base/OP02-120.png,https://en.onepiece-cardgame.com/images/cardlist/card/OP02-120.png?260305,186,1579,477,HIGH,exact_code_plus_base_flag,477,482718,Uta,Uta,OP02-120,SEC,,tcgcsv,477,477,7.5,10.0,100.98,7.72,,,2026-04-02 02:58:10,tcgcsv,OP02-120,1,1,1,0,1,0,missing_tcgplayer_product_id_only,price_via_chain_tcgplayer_id_missing
487,OP02-121,Kuzan,SEC,,1585,487,OP02-121,,base,Base,official-cardlist,OP02/base/OP02-121.png,https://en.onepiece-cardgame.com/images/cardlist/card/OP02-121.png?260305,216,1585,507,HIGH,exact_code_plus_base_flag,507,485397,Kuzan (121),Kuzan 121,OP02-121,SEC,,tcgcsv,507,507,1.75,4.49,99.0,2.55,,,2026-04-02 02:58:10,tcgcsv,OP02-121,1,1,1,0,1,0,missing_tcgplayer_product_id_only,price_via_chain_tcgplayer_id_missing
488,OP03-001,Portgas.D.Ace,L,,1592,488,OP03-001,,base,Base,official-cardlist,OP03/base/OP03-001.png,https://en.onepiece-cardgame.com/images/cardlist/card/OP03-001.png?260305,555,1592,892,HIGH,exact_code_plus_base_flag,892,504483,Portgas.D.Ace (Special Goods Set -Ace/Sabo/Luffy-),PortgasDAce Special Goods Set Ace Sabo Luffy,OP03-001,L,,tcgcsv,878,892,25.0,35.0,150.0,34.66,,,2026-04-02 03:06:17,tcgcsv,OP03-001,1,1,1,0,1,0,missing_tcgplayer_product_id_only,price_via_chain_tcgplayer_id_missing
489,OP03-002,Adio,UC,,1598,489,OP03-002,,base,Base,official-cardlist,OP03/base/OP03-002.png,https://en.onepiece-cardgame.com/images/cardlist/card/OP03-002.png?260305,1533,1598,2026,HIGH,exact_code_plus_base_flag,2026,499880,Adio,Adio,OP03-002,UC,,tcgcsv,1839,2026,0.01,0.15,5.0,0.06,,,2026-04-02 03:06:17,tcgcsv,OP03-002,1,1,1,0,1,0,missing_tcgplayer_product_id_only,price_via_chain_tcgplayer_id_missing
490,OP03-003,Izo,R,,1600,490,OP03-003,,base,Base,official-cardlist,OP03/base/OP03-003.png,https://en.onepiece-cardgame.com/images/cardlist/card/OP03-003.png?260305,1534,1600,2027,HIGH,exact_code_plus_base_flag,2027,499881,Izo,Izo,OP03-003,R,,tcgcsv,1840,2027,0.01,0.25,25.0,0.12,,,2026-04-02 03:06:17,tcgcsv,OP03-003,1,1,1,0,1,0,missing_tcgplayer_product_id_only,price_via_chain_tcgplayer_id_missing
491,OP03-004,Curiel,C,,1610,491,OP03-004,,base,Base,official-cardlist,OP03/base/OP03-004.png,https://en.onepiece-cardgame.com/images/cardlist/card/OP03-004.png?260305,1535,1610,2028,HIGH,exact_code_plus_base_flag,2028,499882,Curiel,Curiel,OP03-004,C,,tcgcsv,1841,2028,0.01,0.12,1.58,0.04,,,2026-04-02 03:06:17,tcgcsv,OP03-004,1,1,1,0,1,0,missing_tcgplayer_product_id_only,price_via_chain_tcgplayer_id_missing
492,OP03-005,Thatch,UC,,1612,492,OP03-005,,base,Base,official-cardlist,OP03/base/OP03-005.png,https://en.onepiece-cardgame.com/images/cardlist/card/OP03-005.png?260305,1536,1612,2029,HIGH,exact_code_plus_base_flag,2029,499883,Thatch,Thatch,OP03-005,UC,,tcgcsv,1842,2029,0.01,0.15,5.0,0.07,,,2026-04-02 03:06:17,tcgcsv,OP03-005,1,1,1,0,1,0,missing_tcgplayer_product_id_only,price_via_chain_tcgplayer_id_missing
493,OP03-006,Speed Jil,C,,1614,493,OP03-006,,base,Base,official-cardlist,OP03/base/OP03-006.png,https://en.onepiece-cardgame.com/images/cardlist/card/OP03-006.png?260305,1537,1614,2030,HIGH,exact_code_plus_base_flag,2030,499884,Speed Jil,Speed Jil,OP03-006,C,,tcgcsv,1843,2030,0.01,0.15,1.58,0.05,,,2026-04-02 03:06:17,tcgcsv,OP03-006,1,1,1,0,1,0,missing_tcgplayer_product_id_only,price_via_chain_tcgplayer_id_missing
494,OP03-007,Namule,C,,1618,494,OP03-007,,base,Base,official-cardlist,OP03/base/OP03-007.png,https://en.onepiece-cardgame.com/images/cardlist/card/OP03-007.png?260305,1538,1618,2031,HIGH,exact_code_plus_base_flag,2031,499885,Namule,Namule,OP03-007,C,,tcgcsv,1844,2031,0.01,0.15,1.58,0.06,,,2026-04-02 03:06:17,tcgcsv,OP03-007,1,1,1,0,1,0,missing_tcgplayer_product_id_only,price_via_chain_tcgplayer_id_missing
495,OP03-008,Buggy,UC,,1621,495,OP03-008,,base,Base,official-cardlist,OP03/sp/OP03-008_sp.png,https://en.onepiece-cardgame.com/images/cardlist/card/OP03-008.png?260305,600,1621,939,HIGH,exact_code_plus_base_flag,939,514058,Buggy (Judge Pack Vol. 2),Buggy Judge Pack Vol 2,OP03-008,PR,,tcgcsv,914,939,5.0,8.47,50.0,7.7,,,2026-04-02 03:06:17,tcgcsv,OP03-008,1,1,1,0,1,0,missing_tcgplayer_product_id_only,price_via_chain_tcgplayer_id_missing
496,OP03-009,Haruta,C,,1627,496,OP03-009,,base,Base,official-cardlist,OP03/base/OP03-009.png,https://en.onepiece-cardgame.com/images/cardlist/card/OP03-009.png?260305,1540,1627,2033,HIGH,exact_code_plus_base_flag,2033,499887,Haruta,Haruta,OP03-009,C,,tcgcsv,1846,2033,0.01,0.12,10.0,0.07,,,2026-04-02 03:06:17,tcgcsv,OP03-009,1,1,1,0,1,0,missing_tcgplayer_product_id_only,price_via_chain_tcgplayer_id_missing
497,OP03-010,Fossa,C,,1630,497,OP03-010,,base,Base,official-cardlist,OP03/base/OP03-010.png,https://en.onepiece-cardgame.com/images/cardlist/card/OP03-010.png?260305,1541,1630,2034,HIGH,exact_code_plus_base_flag,2034,499888,Fossa,Fossa,OP03-010,C,,tcgcsv,1847,2034,0.01,0.15,2.0,0.04,,,2026-04-02 03:06:17,tcgcsv,OP03-010,1,1,1,0,1,0,missing_tcgplayer_product_id_only,price_via_chain_tcgplayer_id_missing
498,OP03-011,Blamenco,UC,,1633,498,OP03-011,,base,Base,official-cardlist,OP03/base/OP03-011.png,https://en.onepiece-cardgame.com/images/cardlist/card/OP03-011.png?260305,1542,1633,2035,HIGH,exact_code_plus_base_flag,2035,499889,Blamenco,Blamenco,OP03-011,UC,,tcgcsv,1848,2035,0.01,0.15,1.58,0.06,,,2026-04-02 03:06:17,tcgcsv,OP03-011,1,1,1,0,1,0,missing_tcgplayer_product_id_only,price_via_chain_tcgplayer_id_missing
499,OP03-012,Marshall.D.Teach,R,,1635,499,OP03-012,,base,Base,official-cardlist,OP03/base/OP03-012.png,https://en.onepiece-cardgame.com/images/cardlist/card/OP03-012.png?260305,1543,1635,2036,HIGH,exact_code_plus_base_flag,2036,499890,Marshall.D.Teach,MarshallDTeach,OP03-012,R,,tcgcsv,1849,2036,0.01,0.25,25.0,0.14,,,2026-04-02 03:06:17,tcgcsv,OP03-012,1,1,1,0,1,0,missing_tcgplayer_product_id_only,price_via_chain_tcgplayer_id_missing
500,OP03-013,Marco,SR,,1637,500,OP03-013,,base,Base,official-cardlist,OP03/base/OP03-013.png,https://en.onepiece-cardgame.com/images/cardlist/card/OP03-013.png?260305,589,1637,927,HIGH,exact_code_plus_base_flag,927,514046,Marco (Championship 2023),Marco Championship 2023,OP03-013,PR,,tcgcsv,,,,,,,,,,,OP03-013,1,1,1,0,1,0,missing_tcgplayer_product_id_only,price_via_chain_tcgplayer_id_missing
501,OP03-014,Monkey.D.Garp,UC,,1644,501,OP03-014,,base,Base,official-cardlist,OP03/base/OP03-014.png,https://en.onepiece-cardgame.com/images/cardlist/card/OP03-014.png?260305,1544,1644,2037,HIGH,exact_code_plus_base_flag,2037,499891,Monkey.D.Garp,MonkeyDGarp,OP03-014,UC,,tcgcsv,1850,2037,0.02,0.15,5.0,0.11,,,2026-04-02 03:06:17,tcgcsv,OP03-014,1,1,1,0,1,0,missing_tcgplayer_product_id_only,price_via_chain_tcgplayer_id_missing
502,OP03-015,Lim,UC,,1646,502,OP03-015,,base,Base,official-cardlist,OP03/base/OP03-015.png,https://en.onepiece-cardgame.com/images/cardlist/card/OP03-015.png?260305,1545,1646,2038,HIGH,exact_code_plus_base_flag,2038,499892,Lim,Lim,OP03-015,UC,,tcgcsv,1851,2038,0.02,0.15,5.0,0.1,,,2026-04-02 03:06:17,tcgcsv,OP03-015,1,1,1,0,1,0,missing_tcgplayer_product_id_only,price_via_chain_tcgplayer_id_missing
503,OP03-016,Flame Emperor,R,,1648,503,OP03-016,,base,Base,official-cardlist,OP03/base/OP03-016.png,https://en.onepiece-cardgame.com/images/cardlist/card/OP03-016.png?260305,601,1648,940,HIGH,exact_code_plus_base_flag,940,514059,Flame Emperor (Judge Pack Vol. 2),Flame Emperor Judge Pack Vol 2,OP03-016,PR,,tcgcsv,915,940,1.4,2.7,11.59,1.97,,,2026-04-02 03:06:17,tcgcsv,OP03-016,1,1,1,0,1,0,missing_tcgplayer_product_id_only,price_via_chain_tcgplayer_id_missing
504,OP03-017,Cross Fire,UC,,1650,504,OP03-017,,base,Base,official-cardlist,OP03/base/OP03-017.png,https://en.onepiece-cardgame.com/images/cardlist/card/OP03-017.png?260305,1547,1650,2040,HIGH,exact_code_plus_base_flag,2040,499894,Cross Fire,Cross Fire,OP03-017,UC,,tcgcsv,1853,2040,0.05,0.21,7.0,0.2,,,2026-04-02 03:06:17,tcgcsv,OP03-017,1,1,1,0,1,0,missing_tcgplayer_product_id_only,price_via_chain_tcgplayer_id_missing
505,OP03-018,Fire Fist,R,,1652,505,OP03-018,,base,Base,official-cardlist,OP03/base/OP03-018.png,https://en.onepiece-cardgame.com/images/cardlist/card/OP03-018.png?260305,1519,1652,2012,HIGH,exact_code_plus_base_flag,2012,498783,Fire Fist,Fire Fist,OP03-018,R,,tcgcsv,1825,2012,0.05,0.35,75.0,0.32,,,2026-04-02 03:06:17,tcgcsv,OP03-018,1,1,1,0,1,0,missing_tcgplayer_product_id_only,price_via_chain_tcgplayer_id_missing
506,OP03-019,Fiery Doll,C,,1656,506,OP03-019,,base,Base,official-cardlist,OP03/base/OP03-019.png,https://en.onepiece-cardgame.com/images/cardlist/card/OP03-019.png?260305,1548,1656,2041,HIGH,exact_code_plus_base_flag,2041,499895,Fiery Doll,Fiery Doll,OP03-019,C,,tcgcsv,1854,2041,0.01,0.15,1.58,0.06,,,2026-04-02 03:06:17,tcgcsv,OP03-019,1,1,1,0,1,0,missing_tcgplayer_product_id_only,price_via_chain_tcgplayer_id_missing
507,OP03-020,Striker,C,,1658,507,OP03-020,,base,Base,official-cardlist,OP03/base/OP03-020.png,https://en.onepiece-cardgame.com/images/cardlist/card/OP03-020.png?260305,1549,1658,2042,HIGH,exact_code_plus_base_flag,2042,499896,Striker,Striker,OP03-020,C,,tcgcsv,1855,2042,0.01,0.15,1.58,0.13,,,2026-04-02 03:06:17,tcgcsv,OP03-020,1,1,1,0,1,0,missing_tcgplayer_product_id_only,price_via_chain_tcgplayer_id_missing
508,OP03-021,Kuro,L,,1660,508,OP03-021,,base,Base,official-cardlist,OP03/base/OP03-021.png,https://en.onepiece-cardgame.com/images/cardlist/card/OP03-021.png?260305,1503,1660,1995,HIGH,exact_code_plus_base_flag,1995,498038,Kuro,Kuro,OP03-021,L,,tcgcsv,1808,1995,0.01,0.25,2.99,0.15,,,2026-04-02 03:06:17,tcgcsv,OP03-021,1,1,1,0,1,0,missing_tcgplayer_product_id_only,price_via_chain_tcgplayer_id_missing
509,OP03-022,Arlong,L,,1664,509,OP03-022,,base,Base,official-cardlist,OP03/base/OP03-022.png,https://en.onepiece-cardgame.com/images/cardlist/card/OP03-022.png?260305,1505,1664,1997,HIGH,exact_code_plus_base_flag,1997,498063,Arlong,Arlong,OP03-022,L,,tcgcsv,1810,1997,0.05,0.25,2.99,0.17,,,2026-04-02 03:06:17,tcgcsv,OP03-022,1,1,1,0,1,0,missing_tcgplayer_product_id_only,price_via_chain_tcgplayer_id_missing
510,OP03-023,Alvida,C,,1668,510,OP03-023,,base,Base,official-cardlist,OP03/base/OP03-023.png,https://en.onepiece-cardgame.com/images/cardlist/card/OP03-023.png?260305,1550,1668,2043,HIGH,exact_code_plus_base_flag,2043,499897,Alvida,Alvida,OP03-023,C,,tcgcsv,1856,2043,0.01,0.12,1.58,0.03,,,2026-04-02 03:06:17,tcgcsv,OP03-023,1,1,1,0,1,0,missing_tcgplayer_product_id_only,price_via_chain_tcgplayer_id_missing
511,OP03-024,Gin,R,,1670,511,OP03-024,,base,Base,official-cardlist,OP03/base/OP03-024.png,https://en.onepiece-cardgame.com/images/cardlist/card/OP03-024.png?260305,1521,1670,2014,HIGH,exact_code_plus_base_flag,2014,498861,Gin,Gin,OP03-024,R,,tcgcsv,1827,2014,0.03,0.25,25.0,0.11,,,2026-04-02 03:06:17,tcgcsv,OP03-024,1,1,1,0,1,0,missing_tcgplayer_product_id_only,price_via_chain_tcgplayer_id_missing
512,OP03-025,Krieg,SR,,1674,512,OP03-025,,base,Base,official-cardlist,OP03/base/OP03-025.png,https://en.onepiece-cardgame.com/images/cardlist/card/OP03-025.png?260305,1523,1674,2016,HIGH,exact_code_plus_base_flag,2016,499028,Krieg,Krieg,OP03-025,SR,,tcgcsv,1829,2016,0.38,0.86,10.0,0.58,,,2026-04-02 03:06:17,tcgcsv,OP03-025,1,1,1,0,1,0,missing_tcgplayer_product_id_only,price_via_chain_tcgplayer_id_missing
513,OP03-026,Kuroobi,UC,,1678,513,OP03-026,,base,Base,official-cardlist,OP03/base/OP03-026.png,https://en.onepiece-cardgame.com/images/cardlist/card/OP03-026.png?260305,579,1678,917,HIGH,exact_code_plus_base_flag,917,514036,Kuroobi (Online Regional 2023) [Participant],Kuroobi Online Regional 2023 Participant,OP03-026,PR,,tcgcsv,902,917,11.69,14.54,19.98,13.6,,,2026-04-02 03:06:17,tcgcsv,OP03-026,1,1,1,0,1,0,missing_tcgplayer_product_id_only,price_via_chain_tcgplayer_id_missing
514,OP03-027,Sham,C,,1680,514,OP03-027,,base,Base,official-cardlist,OP03/base/OP03-027.png,https://en.onepiece-cardgame.com/images/cardlist/card/OP03-027.png?260305,1552,1680,2045,HIGH,exact_code_plus_base_flag,2045,499899,Sham,Sham,OP03-027,C,,tcgcsv,1858,2045,0.01,0.15,1.58,0.05,,,2026-04-02 03:06:17,tcgcsv,OP03-027,1,1,1,0,1,0,missing_tcgplayer_product_id_only,price_via_chain_tcgplayer_id_missing
515,OP03-028,Jango,R,,1682,515,OP03-028,,base,Base,official-cardlist,OP03/base/OP03-028.png,https://en.onepiece-cardgame.com/images/cardlist/card/OP03-028.png?260305,1553,1682,2046,HIGH,exact_code_plus_base_flag,2046,499900,Jango,Jango,OP03-028,R,,tcgcsv,1859,2046,0.03,0.25,25.0,0.22,,,2026-04-02 03:06:17,tcgcsv,OP03-028,1,1,1,0,1,0,missing_tcgplayer_product_id_only,price_via_chain_tcgplayer_id_missing
516,OP03-029,Chew,UC,,1684,516,OP03-029,,base,Base,official-cardlist,OP03/base/OP03-029.png,https://en.onepiece-cardgame.com/images/cardlist/card/OP03-029.png?260305,1554,1684,2047,HIGH,exact_code_plus_base_flag,2047,499901,Chew,Chew,OP03-029,UC,,tcgcsv,1860,2047,0.03,0.18,5.0,0.11,,,2026-04-02 03:06:17,tcgcsv,OP03-029,1,1,1,0,1,0,missing_tcgplayer_product_id_only,price_via_chain_tcgplayer_id_missing
517,OP03-030,Nami,R,,1686,517,OP03-030,,base,Base,official-cardlist,OP03/base/OP03-030.png,https://en.onepiece-cardgame.com/images/cardlist/card/OP03-030.png?260305,1555,1686,2048,HIGH,exact_code_plus_base_flag,2048,499902,Nami (030),Nami 030,OP03-030,R,,tcgcsv,1861,2048,0.25,0.75,50.0,0.45,,,2026-04-02 03:06:17,tcgcsv,OP03-030,1,1,1,0,1,0,missing_tcgplayer_product_id_only,price_via_chain_tcgplayer_id_missing
518,OP03-031,Pearl,C,,1688,518,OP03-031,,base,Base,official-cardlist,OP03/base/OP03-031.png,https://en.onepiece-cardgame.com/images/cardlist/card/OP03-031.png?260305,570,1688,908,HIGH,exact_code_plus_base_flag,908,510718,Pearl (Store Championship Participation Pack Vol. 2),Pearl Store Championship Participation Pack Vol 2,OP03-031,PR,,tcgcsv,893,908,3.0,5.74,50.0,7.07,,,2026-04-02 03:06:17,tcgcsv,OP03-031,1,1,1,0,1,0,missing_tcgplayer_product_id_only,price_via_chain_tcgplayer_id_missing
519,OP03-032,Buggy,C,,1691,519,OP03-032,,base,Base,official-cardlist,OP03/base/OP03-032.png,https://en.onepiece-cardgame.com/images/cardlist/card/OP03-032.png?260305,1557,1691,2050,HIGH,exact_code_plus_base_flag,2050,499904,Buggy (032),Buggy 032,OP03-032,C,,tcgcsv,1863,2050,0.02,0.15,5.0,0.12,,,2026-04-02 03:06:17,tcgcsv,OP03-032,1,1,1,0,1,0,missing_tcgplayer_product_id_only,price_via_chain_tcgplayer_id_missing
520,OP03-033,Hatchan,UC,,1694,520,OP03-033,,base,Base,official-cardlist,OP03/base/OP03-033.png,https://en.onepiece-cardgame.com/images/cardlist/card/OP03-033.png?260305,736,1694,1090,HIGH,exact_code_plus_base_flag,1090,537440,Hatchan (Tournament Pack Vol. 6),Hatchan Tournament Pack Vol 6,OP03-033,UC,,tcgcsv,1041,1090,0.15,0.54,3.0,0.43,,,2026-04-02 03:06:17,tcgcsv,OP03-033,1,1,1,0,1,0,missing_tcgplayer_product_id_only,price_via_chain_tcgplayer_id_missing
521,OP03-034,Buchi,UC,,1699,521,OP03-034,,base,Base,official-cardlist,OP03/base/OP03-034.png,https://en.onepiece-cardgame.com/images/cardlist/card/OP03-034.png?260305,1559,1699,2052,HIGH,exact_code_plus_base_flag,2052,499906,Buchi,Buchi,OP03-034,UC,,tcgcsv,1865,2052,0.02,0.15,5.0,0.08,,,2026-04-02 03:06:17,tcgcsv,OP03-034,1,1,1,0,1,0,missing_tcgplayer_product_id_only,price_via_chain_tcgplayer_id_missing
522,OP03-035,Momoo,C,,1701,522,OP03-035,,base,Base,official-cardlist,OP03/base/OP03-035.png,https://en.onepiece-cardgame.com/images/cardlist/card/OP03-035.png?260305,1560,1701,2053,HIGH,exact_code_plus_base_flag,2053,499907,Momoo,Momoo,OP03-035,C,,tcgcsv,1866,2053,0.01,0.15,1.6,0.1,,,2026-04-02 03:06:17,tcgcsv,OP03-035,1,1,1,0,1,0,missing_tcgplayer_product_id_only,price_via_chain_tcgplayer_id_missing
523,OP03-036,Out-of-the-Bag,C,,1703,523,OP03-036,,base,Base,official-cardlist,OP03/base/OP03-036.png,https://en.onepiece-cardgame.com/images/cardlist/card/OP03-036.png?260305,1561,1703,2054,HIGH,exact_code_plus_base_flag,2054,499908,Out-of-the-Bag,Out of the Bag,OP03-036,C,,tcgcsv,1867,2054,0.01,0.12,1.58,0.07,,,2026-04-02 03:06:17,tcgcsv,OP03-036,1,1,1,0,1,0,missing_tcgplayer_product_id_only,price_via_chain_tcgplayer_id_missing
524,OP03-037,Tooth Attack,C,,1705,524,OP03-037,,base,Base,official-cardlist,OP03/base/OP03-037.png,https://en.onepiece-cardgame.com/images/cardlist/card/OP03-037.png?260305,1562,1705,2055,HIGH,exact_code_plus_base_flag,2055,499909,Tooth Attack,Tooth Attack,OP03-037,C,,tcgcsv,1868,2055,0.01,0.12,1.58,0.06,,,2026-04-02 03:06:17,tcgcsv,OP03-037,1,1,1,0,1,0,missing_tcgplayer_product_id_only,price_via_chain_tcgplayer_id_missing
525,OP03-038,Deathly Poison Gas Bomb MH5,R,,1707,525,OP03-038,,base,Base,official-cardlist,OP03/base/OP03-038.png,https://en.onepiece-cardgame.com/images/cardlist/card/OP03-038.png?260305,1563,1707,2056,HIGH,exact_code_plus_base_flag,2056,499910,Deathly Poison Gas Bomb MH5,Deathly Poison Gas Bomb MH5,OP03-038,R,,tcgcsv,1869,2056,0.01,0.24,25.0,0.13,,,2026-04-02 03:06:17,tcgcsv,OP03-038,1,1,1,0,1,0,missing_tcgplayer_product_id_only,price_via_chain_tcgplayer_id_missing
526,OP03-039,"One, Two, Jango",UC,,1709,526,OP03-039,,base,Base,official-cardlist,OP03/base/OP03-039.png,https://en.onepiece-cardgame.com/images/cardlist/card/OP03-039.png?260305,1564,1709,2057,HIGH,exact_code_plus_base_flag,2057,499970,"One, Two, Jango",One Two Jango,OP03-039,UC,,tcgcsv,1870,2057,0.03,0.15,5.0,0.14,,,2026-04-02 03:06:17,tcgcsv,OP03-039,1,1,1,0,1,0,missing_tcgplayer_product_id_only,price_via_chain_tcgplayer_id_missing
527,OP03-040,Nami,L,,1711,527,OP03-040,,base,Base,official-cardlist,OP03/base/OP03-040.png,https://en.onepiece-cardgame.com/images/cardlist/card/OP03-040.png?260305,1507,1711,1999,HIGH,exact_code_plus_base_flag,1999,498253,Nami (040),Nami 040,OP03-040,L,,tcgcsv,1812,1999,0.5,0.95,4.99,0.81,,,2026-04-02 03:06:17,tcgcsv,OP03-040,1,1,1,0,1,0,missing_tcgplayer_product_id_only,price_via_chain_tcgplayer_id_missing
528,OP03-041,Usopp,SR,,1715,528,OP03-041,,base,Base,official-cardlist,OP03/base/OP03-041.png,https://en.onepiece-cardgame.com/images/cardlist/card/OP03-041.png?260305,1525,1715,2018,HIGH,exact_code_plus_base_flag,2018,499190,Usopp,Usopp,OP03-041,SR,,tcgcsv,1831,2018,0.45,1.48,10.0,1.39,,,2026-04-02 03:06:17,tcgcsv,OP03-041,1,1,1,0,1,0,missing_tcgplayer_product_id_only,price_via_chain_tcgplayer_id_missing
529,OP03-042,Usopp's Pirate Crew,C,,1719,529,OP03-042,,base,Base,official-cardlist,OP03/base/OP03-042.png,https://en.onepiece-cardgame.com/images/cardlist/card/OP03-042.png?260305,1565,1719,2058,HIGH,exact_code_plus_base_flag,2058,499971,Usopp's Pirate Crew,Usopps Pirate Crew,OP03-042,C,,tcgcsv,1871,2058,0.01,0.15,1.98,0.07,,,2026-04-02 03:06:17,tcgcsv,OP03-042,1,1,1,0,1,0,missing_tcgplayer_product_id_only,price_via_chain_tcgplayer_id_missing
530,OP03-043,Gaimon,C,,1721,530,OP03-043,,base,Base,official-cardlist,OP03/base/OP03-043.png,https://en.onepiece-cardgame.com/images/cardlist/card/OP03-043.png?260305,1566,1721,2059,HIGH,exact_code_plus_base_flag,2059,499972,Gaimon,Gaimon,OP03-043,C,,tcgcsv,1872,2059,0.01,0.15,1.98,0.07,,,2026-04-02 03:06:17,tcgcsv,OP03-043,1,1,1,0,1,0,missing_tcgplayer_product_id_only,price_via_chain_tcgplayer_id_missing
531,OP03-044,Kaya,R,,1723,531,OP03-044,,base,Base,official-cardlist,OP03/base/OP03-044.png,https://en.onepiece-cardgame.com/images/cardlist/card/OP03-044.png?260305,738,1723,1092,HIGH,exact_code_plus_base_flag,1092,537442,Kaya (Tournament Pack Vol. 6),Kaya Tournament Pack Vol 6,OP03-044,R,,tcgcsv,1043,1092,0.5,1.74,4.99,1.18,,,2026-04-02 03:06:17,tcgcsv,OP03-044,1,1,1,0,1,0,missing_tcgplayer_product_id_only,price_via_chain_tcgplayer_id_missing
532,OP03-045,Carne,UC,,1732,532,OP03-045,,base,Base,official-cardlist,OP03/base/OP03-045.png,https://en.onepiece-cardgame.com/images/cardlist/card/OP03-045.png?260305,1568,1732,2061,HIGH,exact_code_plus_base_flag,2061,499975,Carne,Carne,OP03-045,UC,,tcgcsv,1874,2061,0.01,0.15,5.0,0.09,,,2026-04-02 03:06:17,tcgcsv,OP03-045,1,1,1,0,1,0,missing_tcgplayer_product_id_only,price_via_chain_tcgplayer_id_missing
533,OP03-046,Genzo,C,,1734,533,OP03-046,,base,Base,official-cardlist,OP03/base/OP03-046.png,https://en.onepiece-cardgame.com/images/cardlist/card/OP03-046.png?260305,1569,1734,2062,HIGH,exact_code_plus_base_flag,2062,499976,Genzo,Genzo,OP03-046,C,,tcgcsv,1875,2062,0.01,0.15,1.58,0.06,,,2026-04-02 03:06:17,tcgcsv,OP03-046,1,1,1,0,1,0,missing_tcgplayer_product_id_only,price_via_chain_tcgplayer_id_missing
534,OP03-047,Zeff,R,,1736,534,OP03-047,,base,Base,official-cardlist,OP03/base/OP03-047.png,https://en.onepiece-cardgame.com/images/cardlist/card/OP03-047.png?260305,1527,1736,2020,HIGH,exact_code_plus_base_flag,2020,499283,Zeff,Zeff,OP03-047,R,,tcgcsv,1833,2020,0.14,0.37,50.0,0.25,,,2026-04-02 03:06:17,tcgcsv,OP03-047,1,1,1,0,1,0,missing_tcgplayer_product_id_only,price_via_chain_tcgplayer_id_missing
535,OP03-048,Nojiko,UC,,1740,535,OP03-048,,base,Base,official-cardlist,OP03/base/OP03-048.png,https://en.onepiece-cardgame.com/images/cardlist/card/OP03-048.png?260305,1570,1740,2063,HIGH,exact_code_plus_base_flag,2063,499977,Nojiko,Nojiko,OP03-048,UC,,tcgcsv,1876,2063,0.25,0.75,10.0,0.55,,,2026-04-02 03:06:17,tcgcsv,OP03-048,1,1,1,0,1,0,missing_tcgplayer_product_id_only,price_via_chain_tcgplayer_id_missing
536,OP03-049,Patty,UC,,1744,536,OP03-049,,base,Base,official-cardlist,OP03/base/OP03-049.png,https://en.onepiece-cardgame.com/images/cardlist/card/OP03-049.png?260305,1571,1744,2064,HIGH,exact_code_plus_base_flag,2064,499978,Patty,Patty,OP03-049,UC,,tcgcsv,1877,2064,0.01,0.15,5.0,0.07,,,2026-04-02 03:06:17,tcgcsv,OP03-049,1,1,1,0,1,0,missing_tcgplayer_product_id_only,price_via_chain_tcgplayer_id_missing
537,OP03-050,Boodle,UC,,1746,537,OP03-050,,base,Base,official-cardlist,OP03/base/OP03-050.png,https://en.onepiece-cardgame.com/images/cardlist/card/OP03-050.png?260305,1572,1746,2065,HIGH,exact_code_plus_base_flag,2065,499979,Boodle,Boodle,OP03-050,UC,,tcgcsv,1878,2065,0.08,0.25,5.0,0.24,,,2026-04-02 03:06:17,tcgcsv,OP03-050,1,1,1,0,1,0,missing_tcgplayer_product_id_only,price_via_chain_tcgplayer_id_missing
538,OP03-051,Bell-mere,R,,1748,538,OP03-051,,base,Base,official-cardlist,OP03/base/OP03-051.png,https://en.onepiece-cardgame.com/images/cardlist/card/OP03-051.png?260305,1573,1748,2066,HIGH,exact_code_plus_base_flag,2066,499980,Bell-mere,Bell mere,OP03-051,R,,tcgcsv,1879,2066,0.03,0.26,25.0,0.22,,,2026-04-02 03:06:17,tcgcsv,OP03-051,1,1,1,0,1,0,missing_tcgplayer_product_id_only,price_via_chain_tcgplayer_id_missing
539,OP03-052,Merry,C,,1750,539,OP03-052,,base,Base,official-cardlist,OP03/base/OP03-052.png,https://en.onepiece-cardgame.com/images/cardlist/card/OP03-052.png?260305,1574,1750,2067,HIGH,exact_code_plus_base_flag,2067,499981,Merry,Merry,OP03-052,C,,tcgcsv,1880,2067,0.01,0.12,1.58,0.05,,,2026-04-02 03:06:17,tcgcsv,OP03-052,1,1,1,0,1,0,missing_tcgplayer_product_id_only,price_via_chain_tcgplayer_id_missing
540,OP03-053,Yosaku & Johnny,C,,1752,540,OP03-053,,base,Base,official-cardlist,OP03/base/OP03-053.png,https://en.onepiece-cardgame.com/images/cardlist/card/OP03-053.png?260305,1575,1752,2068,HIGH,exact_code_plus_base_flag,2068,499982,Yosaku & Johnny,Yosaku and Johnny,OP03-053,C,,tcgcsv,1881,2068,0.01,0.15,1.6,0.08,,,2026-04-02 03:06:17,tcgcsv,OP03-053,1,1,1,0,1,0,missing_tcgplayer_product_id_only,price_via_chain_tcgplayer_id_missing
541,OP03-054,Usopp's Rubber Band of Doom!!!,C,,1754,541,OP03-054,,base,Base,official-cardlist,OP03/base/OP03-054.png,https://en.onepiece-cardgame.com/images/cardlist/card/OP03-054.png?260305,1576,1754,2069,HIGH,exact_code_plus_base_flag,2069,499983,Usopp's Rubber Band of Doom!!!,Usopps Rubber Band of Doom,OP03-054,C,,tcgcsv,1882,2069,0.07,0.25,5.0,0.21,,,2026-04-02 03:06:17,tcgcsv,OP03-054,1,1,1,0,1,0,missing_tcgplayer_product_id_only,price_via_chain_tcgplayer_id_missing
542,OP03-055,Gum-Gum Giant Gavel,C,,1756,542,OP03-055,,base,Base,official-cardlist,OP03/base/OP03-055.png,https://en.onepiece-cardgame.com/images/cardlist/card/OP03-055.png?260305,1005,1756,1402,HIGH,exact_code_plus_base_flag,1402,587229,Gum-Gum Giant Gavel (Premium Card Collection -Best Selection Vol. 2-),Gum Gum Giant Gavel Premium Card Collection Best Selection Vol 2,OP03-055,C,,tcgcsv,1296,1402,2.1,4.0,40.0,2.85,,,2026-04-02 03:06:17,tcgcsv,OP03-055,1,1,1,0,1,0,missing_tcgplayer_product_id_only,price_via_chain_tcgplayer_id_missing
543,OP03-056,Sanji's Pilaf,UC,,1762,543,OP03-056,,base,Base,official-cardlist,OP03/base/OP03-056.png,https://en.onepiece-cardgame.com/images/cardlist/card/OP03-056.png?260305,1578,1762,2071,HIGH,exact_code_plus_base_flag,2071,499986,Sanji's Pilaf,Sanjis Pilaf,OP03-056,UC,,tcgcsv,1884,2071,0.25,0.58,6.11,0.46,,,2026-04-02 03:06:17,tcgcsv,OP03-056,1,1,1,0,1,0,missing_tcgplayer_product_id_only,price_via_chain_tcgplayer_id_missing
544,OP03-057,Three Thousand Worlds,R,,1769,544,OP03-057,,base,Base,official-cardlist,OP03/base/OP03-057.png,https://en.onepiece-cardgame.com/images/cardlist/card/OP03-057.png?260305,602,1769,941,HIGH,exact_code_plus_base_flag,941,514060,Three Thousand Worlds (Judge Pack Vol. 2),Three Thousand Worlds Judge Pack Vol 2,OP03-057,PR,,tcgcsv,916,941,2.5,4.0,11.0,3.47,,,2026-04-02 03:06:17,tcgcsv,OP03-057,1,1,1,0,1,0,missing_tcgplayer_product_id_only,price_via_chain_tcgplayer_id_missing
545,OP03-058,Iceburg,L,,1776,545,OP03-058,,base,Base,official-cardlist,OP03/base/OP03-058.png,https://en.onepiece-cardgame.com/images/cardlist/card/OP03-058.png?260305,1509,1776,2001,HIGH,exact_code_plus_base_flag,2001,498296,Iceburg,Iceburg,OP03-058,L,,tcgcsv,1814,2001,0.05,0.25,5.0,0.19,,,2026-04-02 03:06:17,tcgcsv,OP03-058,1,1,1,0,1,0,missing_tcgplayer_product_id_only,price_via_chain_tcgplayer_id_missing
546,OP03-059,Kaku,UC,,1780,546,OP03-059,,base,Base,official-cardlist,OP03/base/OP03-059.png,https://en.onepiece-cardgame.com/images/cardlist/card/OP03-059.png?260305,1580,1780,2073,HIGH,exact_code_plus_base_flag,2073,499990,Kaku (059),Kaku 059,OP03-059,UC,,tcgcsv,1886,2073,0.02,0.16,5.0,0.11,,,2026-04-02 03:06:17,tcgcsv,OP03-059,1,1,1,0,1,0,missing_tcgplayer_product_id_only,price_via_chain_tcgplayer_id_missing
547,OP03-060,Kalifa,UC,,1782,547,OP03-060,,base,Base,official-cardlist,OP03/base/OP03-060.png,https://en.onepiece-cardgame.com/images/cardlist/card/OP03-060.png?260305,1581,1782,2074,HIGH,exact_code_plus_base_flag,2074,499992,Kalifa (060),Kalifa 060,OP03-060,UC,,tcgcsv,1887,2074,0.01,0.15,12.0,0.09,,,2026-04-02 03:06:17,tcgcsv,OP03-060,1,1,1,0,1,0,missing_tcgplayer_product_id_only,price_via_chain_tcgplayer_id_missing
548,OP03-061,Kiwi & Mozu,C,,1788,548,OP03-061,,base,Base,official-cardlist,OP03/base/OP03-061.png,https://en.onepiece-cardgame.com/images/cardlist/card/OP03-061.png?260305,1582,1788,2075,HIGH,exact_code_plus_base_flag,2075,499994,Kiwi & Mozu,Kiwi and Mozu,OP03-061,C,,tcgcsv,1888,2075,0.01,0.15,5.0,0.08,,,2026-04-02 03:06:17,tcgcsv,OP03-061,1,1,1,0,1,0,missing_tcgplayer_product_id_only,price_via_chain_tcgplayer_id_missing
549,OP03-062,Kokoro,R,,1790,549,OP03-062,,base,Base,official-cardlist,OP03/base/OP03-062.png,https://en.onepiece-cardgame.com/images/cardlist/card/OP03-062.png?260305,1583,1790,2076,HIGH,exact_code_plus_base_flag,2076,499997,Kokoro,Kokoro,OP03-062,R,,tcgcsv,1889,2076,0.02,0.25,25.0,0.13,,,2026-04-02 03:06:17,tcgcsv,OP03-062,1,1,1,0,1,0,missing_tcgplayer_product_id_only,price_via_chain_tcgplayer_id_missing
550,OP03-063,Zambai,UC,,1792,550,OP03-063,,base,Base,official-cardlist,OP03/base/OP03-063.png,https://en.onepiece-cardgame.com/images/cardlist/card/OP03-063.png?260305,1584,1792,2077,HIGH,exact_code_plus_base_flag,2077,500001,Zambai,Zambai,OP03-063,UC,,tcgcsv,1890,2077,0.02,0.15,5.0,0.08,,,2026-04-02 03:06:17,tcgcsv,OP03-063,1,1,1,0,1,0,missing_tcgplayer_product_id_only,price_via_chain_tcgplayer_id_missing
551,OP03-064,Tilestone,C,,1794,551,OP03-064,,base,Base,official-cardlist,OP03/base/OP03-064.png,https://en.onepiece-cardgame.com/images/cardlist/card/OP03-064.png?260305,1585,1794,2078,HIGH,exact_code_plus_base_flag,2078,500002,Tilestone,Tilestone,OP03-064,C,,tcgcsv,1891,2078,0.01,0.15,1.58,0.06,,,2026-04-02 03:06:17,tcgcsv,OP03-064,1,1,1,0,1,0,missing_tcgplayer_product_id_only,price_via_chain_tcgplayer_id_missing
552,OP03-065,Chimney & Gonbe,C,,1796,552,OP03-065,,base,Base,official-cardlist,OP03/base/OP03-065.png,https://en.onepiece-cardgame.com/images/cardlist/card/OP03-065.png?260305,1586,1796,2079,HIGH,exact_code_plus_base_flag,2079,500005,Chimney & Gonbe,Chimney and Gonbe,OP03-065,C,,tcgcsv,1892,2079,0.01,0.12,1.58,0.06,,,2026-04-02 03:06:17,tcgcsv,OP03-065,1,1,1,0,1,0,missing_tcgplayer_product_id_only,price_via_chain_tcgplayer_id_missing
553,OP03-066,Paulie,SR,,1798,553,OP03-066,,base,Base,official-cardlist,OP03/base/OP03-066.png,https://en.onepiece-cardgame.com/images/cardlist/card/OP03-066.png?260305,1529,1798,2022,HIGH,exact_code_plus_base_flag,2022,499399,Paulie,Paulie,OP03-066,SR,,tcgcsv,1835,2022,0.21,0.5,25.0,0.38,,,2026-04-02 03:06:17,tcgcsv,OP03-066,1,1,1,0,1,0,missing_tcgplayer_product_id_only,price_via_chain_tcgplayer_id_missing
554,OP03-067,Peepley Lulu,UC,,1802,554,OP03-067,,base,Base,official-cardlist,OP03/base/OP03-067.png,https://en.onepiece-cardgame.com/images/cardlist/card/OP03-067.png?260305,1587,1802,2080,HIGH,exact_code_plus_base_flag,2080,500006,Peepley Lulu,Peepley Lulu,OP03-067,UC,,tcgcsv,1893,2080,0.01,0.15,5.0,0.09,,,2026-04-02 03:06:17,tcgcsv,OP03-067,1,1,1,0,1,0,missing_tcgplayer_product_id_only,price_via_chain_tcgplayer_id_missing
555,OP03-068,Minozebra,C,,1804,555,OP03-068,,base,Base,official-cardlist,OP03/base/OP03-068.png,https://en.onepiece-cardgame.com/images/cardlist/card/OP03-068.png?260305,1588,1804,2081,HIGH,exact_code_plus_base_flag,2081,500007,Minozebra,Minozebra,OP03-068,C,,tcgcsv,1894,2081,0.01,0.15,1.6,0.11,,,2026-04-02 03:06:17,tcgcsv,OP03-068,1,1,1,0,1,0,missing_tcgplayer_product_id_only,price_via_chain_tcgplayer_id_missing
556,OP03-069,Minorhinoceros,C,,1806,556,OP03-069,,base,Base,official-cardlist,OP03/base/OP03-069.png,https://en.onepiece-cardgame.com/images/cardlist/card/OP03-069.png?260305,581,1806,919,HIGH,exact_code_plus_base_flag,919,514038,Minorhinoceros (Online Regional 2023) [Participant],Minorhinoceros Online Regional 2023 Participant,OP03-069,PR,,tcgcsv,904,919,4.0,6.44,30.0,5.02,,,2026-04-02 03:06:17,tcgcsv,OP03-069,1,1,1,0,1,0,missing_tcgplayer_product_id_only,price_via_chain_tcgplayer_id_missing
557,OP03-070,Monkey.D.Luffy,R,,1809,557,OP03-070,,base,Base,official-cardlist,OP03/base/OP03-070.png,https://en.onepiece-cardgame.com/images/cardlist/card/OP03-070.png?260305,603,1809,942,HIGH,exact_code_plus_base_flag,942,514061,Monkey.D.Luffy (Judge Pack Vol. 2),MonkeyDLuffy Judge Pack Vol 2,OP03-070,PR,,tcgcsv,917,942,21.01,29.39,9999.0,25.63,,,2026-04-02 03:06:17,tcgcsv,OP03-070,1,1,1,0,1,0,missing_tcgplayer_product_id_only,price_via_chain_tcgplayer_id_missing
558,OP03-071,Rob Lucci,R,,1812,558,OP03-071,,base,Base,official-cardlist,OP03/base/OP03-071.png,https://en.onepiece-cardgame.com/images/cardlist/card/OP03-071.png?260305,1591,1812,2084,HIGH,exact_code_plus_base_flag,2084,500010,Rob Lucci (071),Rob Lucci 071,OP03-071,R,,tcgcsv,1897,2084,0.04,0.25,25.0,0.14,,,2026-04-02 03:06:17,tcgcsv,OP03-071,1,1,1,0,1,0,missing_tcgplayer_product_id_only,price_via_chain_tcgplayer_id_missing
559,OP03-072,Gum-Gum Jet Gatling,R,,1814,559,OP03-072,,base,Base,official-cardlist,OP03/base/OP03-072.png,https://en.onepiece-cardgame.com/images/cardlist/card/OP03-072.png?260305,1592,1814,2085,HIGH,exact_code_plus_base_flag,2085,500011,Gum-Gum Jet Gatling,Gum Gum Jet Gatling,OP03-072,R,,tcgcsv,1898,2085,0.25,1.0,19.0,0.72,,,2026-04-02 03:06:17,tcgcsv,OP03-072,1,1,1,0,1,0,missing_tcgplayer_product_id_only,price_via_chain_tcgplayer_id_missing
560,OP03-073,Hull Dismantler Slash,C,,1819,560,OP03-073,,base,Base,official-cardlist,OP03/base/OP03-073.png,https://en.onepiece-cardgame.com/images/cardlist/card/OP03-073.png?260305,1593,1819,2086,HIGH,exact_code_plus_base_flag,2086,500013,Hull Dismantler Slash,Hull Dismantler Slash,OP03-073,C,,tcgcsv,1899,2086,0.01,0.12,1.58,0.06,,,2026-04-02 03:06:17,tcgcsv,OP03-073,1,1,1,0,1,0,missing_tcgplayer_product_id_only,price_via_chain_tcgplayer_id_missing
561,OP03-074,Top Knot,UC,,1821,561,OP03-074,,base,Base,official-cardlist,OP03/base/OP03-074.png,https://en.onepiece-cardgame.com/images/cardlist/card/OP03-074.png?260305,1594,1821,2087,HIGH,exact_code_plus_base_flag,2087,500014,Top Knot,Top Knot,OP03-074,UC,,tcgcsv,1900,2087,0.02,0.42,10.0,0.28,,,2026-04-02 03:06:17,tcgcsv,OP03-074,1,1,1,0,1,0,missing_tcgplayer_product_id_only,price_via_chain_tcgplayer_id_missing
562,OP03-075,Galley-La Company,C,,1823,562,OP03-075,,base,Base,official-cardlist,OP03/base/OP03-075.png,https://en.onepiece-cardgame.com/images/cardlist/card/OP03-075.png?260305,1595,1823,2088,HIGH,exact_code_plus_base_flag,2088,500015,Galley-La Company,Galley La Company,OP03-075,C,,tcgcsv,1901,2088,0.01,0.15,1.58,0.06,,,2026-04-02 03:06:17,tcgcsv,OP03-075,1,1,1,0,1,0,missing_tcgplayer_product_id_only,price_via_chain_tcgplayer_id_missing
563,OP03-076,Rob Lucci,L,,1825,563,OP03-076,,base,Base,official-cardlist,OP03/base/OP03-076.png,https://en.onepiece-cardgame.com/images/cardlist/card/OP03-076.png?260305,1515,1825,2007,HIGH,exact_code_plus_base_flag,2007,498485,Rob Lucci (076),Rob Lucci 076,OP03-076,L,,tcgcsv,1820,2007,0.05,0.24,9.0,0.18,,,2026-04-02 03:06:17,tcgcsv,OP03-076,1,1,1,0,1,0,missing_tcgplayer_product_id_only,price_via_chain_tcgplayer_id_missing
564,OP03-077,Charlotte Linlin,L,,1829,564,OP03-077,,base,Base,official-cardlist,OP03/base/OP03-077.png,https://en.onepiece-cardgame.com/images/cardlist/card/OP03-077.png?260305,1511,1829,2003,HIGH,exact_code_plus_base_flag,2003,498481,Charlotte Linlin (077),Charlotte Linlin 077,OP03-077,L,,tcgcsv,1816,2003,0.02,0.2,2.99,0.17,,,2026-04-02 03:06:17,tcgcsv,OP03-077,1,1,1,0,1,0,missing_tcgplayer_product_id_only,price_via_chain_tcgplayer_id_missing
565,OP03-078,Issho,SP CARD,,1833,565,OP03-078,,base,Base,official-cardlist,OP03/base/OP03-078.png,https://en.onepiece-cardgame.com/images/cardlist/card/OP03-078.png?260305,1531,1833,2024,HIGH,exact_code_plus_base_flag,2024,499497,Issho,Issho,OP03-078,SR,,tcgcsv,1837,2024,0.55,1.25,10.0,1.05,,,2026-04-02 03:06:17,tcgcsv,OP03-078,1,1,1,0,1,0,missing_tcgplayer_product_id_only,price_via_chain_tcgplayer_id_missing
566,OP03-079,Vergo,UC,,1839,566,OP03-079,,base,Base,official-cardlist,OP03/base/OP03-079.png,https://en.onepiece-cardgame.com/images/cardlist/card/OP03-079.png?260305,1596,1839,2089,HIGH,exact_code_plus_base_flag,2089,500016,Vergo,Vergo,OP03-079,UC,,tcgcsv,1902,2089,0.01,0.15,5.0,0.06,,,2026-04-02 03:06:17,tcgcsv,OP03-079,1,1,1,0,1,0,missing_tcgplayer_product_id_only,price_via_chain_tcgplayer_id_missing
567,OP03-080,Kaku,SR,,1846,567,OP03-080,,base,Base,official-cardlist,OP03/base/OP03-080.png,https://en.onepiece-cardgame.com/images/cardlist/card/OP03-080.png?260305,1597,1846,2090,HIGH,exact_code_plus_base_flag,2090,500017,Kaku (080),Kaku 080,OP03-080,SR,,tcgcsv,1903,2090,0.11,0.51,10.0,0.41,,,2026-04-02 03:06:17,tcgcsv,OP03-080,1,1,1,0,1,0,missing_tcgplayer_product_id_only,price_via_chain_tcgplayer_id_missing
568,OP03-081,Kalifa,R,,1850,568,OP03-081,,base,Base,official-cardlist,OP03/base/OP03-081.png,https://en.onepiece-cardgame.com/images/cardlist/card/OP03-081.png?260305,604,1850,943,HIGH,exact_code_plus_base_flag,943,514062,Kalifa (Judge Pack Vol. 2),Kalifa Judge Pack Vol 2,OP03-081,PR,,tcgcsv,918,943,1.65,3.93,199.0,4.41,,,2026-04-02 03:06:17,tcgcsv,OP03-081,1,1,1,0,1,0,missing_tcgplayer_product_id_only,price_via_chain_tcgplayer_id_missing
569,OP03-082,Kumadori,C,,1855,569,OP03-082,,base,Base,official-cardlist,OP03/base/OP03-082.png,https://en.onepiece-cardgame.com/images/cardlist/card/OP03-082.png?260305,1601,1855,2094,HIGH,exact_code_plus_base_flag,2094,500021,Kumadori,Kumadori,OP03-082,C,,tcgcsv,1907,2094,0.01,0.15,1.58,0.07,,,2026-04-02 03:06:17,tcgcsv,OP03-082,1,1,1,0,1,0,missing_tcgplayer_product_id_only,price_via_chain_tcgplayer_id_missing
570,OP03-083,Corgy,C,,1857,570,OP03-083,,base,Base,official-cardlist,OP03/base/OP03-083.png,https://en.onepiece-cardgame.com/images/cardlist/card/OP03-083.png?260305,1602,1857,2095,HIGH,exact_code_plus_base_flag,2095,500022,Corgy,Corgy,OP03-083,C,,tcgcsv,1908,2095,0.01,0.15,1.58,0.04,,,2026-04-02 03:06:17,tcgcsv,OP03-083,1,1,1,0,1,0,missing_tcgplayer_product_id_only,price_via_chain_tcgplayer_id_missing
571,OP03-084,Jerry,C,,1859,571,OP03-084,,base,Base,official-cardlist,OP03/base/OP03-084.png,https://en.onepiece-cardgame.com/images/cardlist/card/OP03-084.png?260305,1603,1859,2096,HIGH,exact_code_plus_base_flag,2096,500026,Jerry,Jerry,OP03-084,C,,tcgcsv,1909,2096,0.01,0.12,1.58,0.05,,,2026-04-02 03:06:17,tcgcsv,OP03-084,1,1,1,0,1,0,missing_tcgplayer_product_id_only,price_via_chain_tcgplayer_id_missing
572,OP03-085,Jabra,C,,1861,572,OP03-085,,base,Base,official-cardlist,OP03/base/OP03-085.png,https://en.onepiece-cardgame.com/images/cardlist/card/OP03-085.png?260305,1604,1861,2097,HIGH,exact_code_plus_base_flag,2097,500027,Jabra,Jabra,OP03-085,C,,tcgcsv,1910,2097,0.01,0.15,1.58,0.04,,,2026-04-02 03:06:17,tcgcsv,OP03-085,1,1,1,0,1,0,missing_tcgplayer_product_id_only,price_via_chain_tcgplayer_id_missing
573,OP03-086,Spandam,R,,1863,573,OP03-086,,base,Base,official-cardlist,OP03/base/OP03-086.png,https://en.onepiece-cardgame.com/images/cardlist/card/OP03-086.png?260305,583,1863,921,HIGH,exact_code_plus_base_flag,921,514040,Spandam (Online Regional 2023) [Participant],Spandam Online Regional 2023 Participant,OP03-086,PR,,tcgcsv,906,921,5.96,15.0,23.99,5.47,,,2026-04-02 03:06:17,tcgcsv,OP03-086,1,1,1,0,1,0,missing_tcgplayer_product_id_only,price_via_chain_tcgplayer_id_missing
574,OP03-087,Nero,C,,1867,574,OP03-087,,base,Base,official-cardlist,OP03/base/OP03-087.png,https://en.onepiece-cardgame.com/images/cardlist/card/OP03-087.png?260305,1607,1867,2100,HIGH,exact_code_plus_base_flag,2100,500035,Nero,Nero,OP03-087,C,,tcgcsv,1913,2100,0.01,0.12,5.0,0.05,,,2026-04-02 03:06:17,tcgcsv,OP03-087,1,1,1,0,1,0,missing_tcgplayer_product_id_only,price_via_chain_tcgplayer_id_missing
575,OP03-088,Fukurou,UC,,1869,575,OP03-088,,base,Base,official-cardlist,OP03/base/OP03-088.png,https://en.onepiece-cardgame.com/images/cardlist/card/OP03-088.png?260305,740,1869,1094,HIGH,exact_code_plus_base_flag,1094,537444,Fukurou (Tournament Pack Vol. 6),Fukurou Tournament Pack Vol 6,OP03-088,UC,,tcgcsv,1045,1094,0.01,0.25,3.0,0.11,,,2026-04-02 03:06:17,tcgcsv,OP03-088,1,1,1,0,1,0,missing_tcgplayer_product_id_only,price_via_chain_tcgplayer_id_missing
576,OP03-089,Brannew,R,,1876,576,OP03-089,,base,Base,official-cardlist,OP03/base/OP03-089.png,https://en.onepiece-cardgame.com/images/cardlist/card/OP03-089.png?260305,749,1876,1108,HIGH,exact_code_plus_base_flag,1108,539180,Brannew (Online Regional 2024) [Participant],Brannew Online Regional 2024 Participant,OP03-089,R,,tcgcsv,1058,1108,4.99,5.75,40.0,5.29,,,2026-04-02 03:06:17,tcgcsv,OP03-089,1,1,1,0,1,0,missing_tcgplayer_product_id_only,price_via_chain_tcgplayer_id_missing
577,OP03-090,Blueno,R,,1887,577,OP03-090,,base,Base,official-cardlist,OP03/base/OP03-090.png,https://en.onepiece-cardgame.com/images/cardlist/card/OP03-090.png?260305,1610,1887,2103,HIGH,exact_code_plus_base_flag,2103,500038,Blueno,Blueno,OP03-090,R,,tcgcsv,1916,2103,0.07,0.25,25.0,0.13,,,2026-04-02 03:06:17,tcgcsv,OP03-090,1,1,1,0,1,0,missing_tcgplayer_product_id_only,price_via_chain_tcgplayer_id_missing
578,OP03-091,Helmeppo,C,,1889,578,OP03-091,,base,Base,official-cardlist,OP03/base/OP03-091.png,https://en.onepiece-cardgame.com/images/cardlist/card/OP03-091.png?260305,571,1889,909,HIGH,exact_code_plus_base_flag,909,510722,Helmeppo (Store Championship Participation Pack Vol. 2),Helmeppo Store Championship Participation Pack Vol 2,OP03-091,PR,,tcgcsv,894,909,4.0,6.75,43.98,6.75,,,2026-04-02 03:06:17,tcgcsv,OP03-091,1,1,1,0,1,0,missing_tcgplayer_product_id_only,price_via_chain_tcgplayer_id_missing
579,OP03-092,Rob Lucci,SP CARD,,1891,579,OP03-092,,base,Base,official-cardlist,OP03/base/OP03-092.png,https://en.onepiece-cardgame.com/images/cardlist/card/OP03-092.png?260305,1612,1891,2105,HIGH,exact_code_plus_base_flag,2105,500040,Rob Lucci (092),Rob Lucci 092,OP03-092,SR,,tcgcsv,1918,2105,0.1,0.54,50.0,0.44,,,2026-04-02 03:06:17,tcgcsv,OP03-092,1,1,1,0,1,0,missing_tcgplayer_product_id_only,price_via_chain_tcgplayer_id_missing
580,OP03-093,Wanze,UC,,1897,580,OP03-093,,base,Base,official-cardlist,OP03/base/OP03-093.png,https://en.onepiece-cardgame.com/images/cardlist/card/OP03-093.png?260305,1614,1897,2107,HIGH,exact_code_plus_base_flag,2107,500042,Wanze,Wanze,OP03-093,UC,,tcgcsv,1920,2107,0.01,0.15,5.0,0.05,,,2026-04-02 03:06:17,tcgcsv,OP03-093,1,1,1,0,1,0,missing_tcgplayer_product_id_only,price_via_chain_tcgplayer_id_missing
581,OP03-094,Air Door,UC,,1899,581,OP03-094,,base,Base,official-cardlist,OP03/base/OP03-094.png,https://en.onepiece-cardgame.com/images/cardlist/card/OP03-094.png?260305,1615,1899,2108,HIGH,exact_code_plus_base_flag,2108,500044,Air Door,Air Door,OP03-094,UC,,tcgcsv,1921,2108,0.01,0.15,1.58,0.09,,,2026-04-02 03:06:17,tcgcsv,OP03-094,1,1,1,0,1,0,missing_tcgplayer_product_id_only,price_via_chain_tcgplayer_id_missing
582,OP03-095,Soap Sheep,C,,1904,582,OP03-095,,base,Base,official-cardlist,OP03/base/OP03-095.png,https://en.onepiece-cardgame.com/images/cardlist/card/OP03-095.png?260305,1616,1904,2109,HIGH,exact_code_plus_base_flag,2109,500050,Soap Sheep,Soap Sheep,OP03-095,C,,tcgcsv,1922,2109,0.01,0.15,1.58,0.1,,,2026-04-02 03:06:17,tcgcsv,OP03-095,1,1,1,0,1,0,missing_tcgplayer_product_id_only,price_via_chain_tcgplayer_id_missing
583,OP03-096,Tempest Kick Sky Slicer,UC,,1906,583,OP03-096,,base,Base,official-cardlist,OP03/base/OP03-096.png,https://en.onepiece-cardgame.com/images/cardlist/card/OP03-096.png?260305,1617,1906,2110,HIGH,exact_code_plus_base_flag,2110,500051,Tempest Kick Sky Slicer,Tempest Kick Sky Slicer,OP03-096,UC,,tcgcsv,1923,2110,0.05,0.25,5.0,0.2,,,2026-04-02 03:06:17,tcgcsv,OP03-096,1,1,1,0,1,0,missing_tcgplayer_product_id_only,price_via_chain_tcgplayer_id_missing
584,OP03-097,Six King Pistol,R,,1908,584,OP03-097,,base,Base,official-cardlist,OP03/base/OP03-097.png,https://en.onepiece-cardgame.com/images/cardlist/card/OP03-097.png?260305,1618,1908,2111,HIGH,exact_code_plus_base_flag,2111,500054,Six King Pistol,Six King Pistol,OP03-097,R,,tcgcsv,1924,2111,0.1,0.31,50.0,0.26,,,2026-04-02 03:06:17,tcgcsv,OP03-097,1,1,1,0,1,0,missing_tcgplayer_product_id_only,price_via_chain_tcgplayer_id_missing
585,OP03-098,Enies Lobby,C,,1911,585,OP03-098,,base,Base,official-cardlist,OP03/base/OP03-098.png,https://en.onepiece-cardgame.com/images/cardlist/card/OP03-098.png?260305,1619,1911,2112,HIGH,exact_code_plus_base_flag,2112,500056,Enies Lobby,Enies Lobby,OP03-098,C,,tcgcsv,1925,2112,0.02,0.2,1.6,0.07,,,2026-04-02 03:06:17,tcgcsv,OP03-098,1,1,1,0,1,0,missing_tcgplayer_product_id_only,price_via_chain_tcgplayer_id_missing
586,OP03-099,Charlotte Katakuri,L,,1913,586,OP03-099,,base,Base,official-cardlist,OP03/base/OP03-099.png,https://en.onepiece-cardgame.com/images/cardlist/card/OP03-099.png?260305,1513,1913,2005,HIGH,exact_code_plus_base_flag,2005,498483,Charlotte Katakuri (099),Charlotte Katakuri 099,OP03-099,L,,tcgcsv,1818,2005,0.15,0.25,10.0,0.24,,,2026-04-02 03:06:17,tcgcsv,OP03-099,1,1,1,0,1,0,missing_tcgplayer_product_id_only,price_via_chain_tcgplayer_id_missing
587,OP03-100,Kingbaum,C,,1919,587,OP03-100,,base,Base,official-cardlist,OP03/base/OP03-100.png,https://en.onepiece-cardgame.com/images/cardlist/card/OP03-100.png?260305,1649,1919,2142,HIGH,exact_code_plus_base_flag,2142,500124,Kingbaum,Kingbaum,OP03-100,C,,tcgcsv,1956,2142,0.01,0.15,1.58,0.07,,,2026-04-02 03:06:17,tcgcsv,OP03-100,1,1,1,0,1,0,missing_tcgplayer_product_id_only,price_via_chain_tcgplayer_id_missing
588,OP03-101,Camie,C,,1921,588,OP03-101,,base,Base,official-cardlist,OP03/base/OP03-101.png,https://en.onepiece-cardgame.com/images/cardlist/card/OP03-101.png?260305,1620,1921,2113,HIGH,exact_code_plus_base_flag,2113,500058,Camie,Camie,OP03-101,C,,tcgcsv,1926,2113,0.01,0.15,5.0,0.1,,,2026-04-02 03:06:17,tcgcsv,OP03-101,1,1,1,0,1,0,missing_tcgplayer_product_id_only,price_via_chain_tcgplayer_id_missing
589,OP03-102,Sanji,R,,1923,589,OP03-102,,base,Base,official-cardlist,OP03/base/OP03-102.png,https://en.onepiece-cardgame.com/images/cardlist/card/OP03-102.png?260305,572,1923,910,HIGH,exact_code_plus_base_flag,910,510726,Sanji (Store Championship Participation Pack Vol. 2),Sanji Store Championship Participation Pack Vol 2,OP03-102,PR,,tcgcsv,895,910,9.0,15.45,60.0,17.7,,,2026-04-02 03:06:17,tcgcsv,OP03-102,1,1,1,0,1,0,missing_tcgplayer_product_id_only,price_via_chain_tcgplayer_id_missing
590,OP03-103,Bobbin the Disposer,C,,1929,590,OP03-103,,base,Base,official-cardlist,OP03/base/OP03-103.png,https://en.onepiece-cardgame.com/images/cardlist/card/OP03-103.png?260305,1622,1929,2115,HIGH,exact_code_plus_base_flag,2115,500065,Bobbin the Disposer,Bobbin the Disposer,OP03-103,C,,tcgcsv,1928,2115,0.01,0.12,1.58,0.05,,,2026-04-02 03:06:17,tcgcsv,OP03-103,1,1,1,0,1,0,missing_tcgplayer_product_id_only,price_via_chain_tcgplayer_id_missing
591,OP03-104,Shirley,UC,,1931,591,OP03-104,,base,Base,official-cardlist,OP03/base/OP03-104.png,https://en.onepiece-cardgame.com/images/cardlist/card/OP03-104.png?260305,788,1931,1149,HIGH,exact_code_plus_base_flag,1149,544616,Shirley (Judge Pack Vol. 3),Shirley Judge Pack Vol 3,OP03-104,UC,,tcgcsv,1079,1149,0.36,0.75,2.0,0.5,,,2026-04-02 03:06:17,tcgcsv,OP03-104,1,1,1,0,1,0,missing_tcgplayer_product_id_only,price_via_chain_tcgplayer_id_missing
592,OP03-105,Charlotte Oven,UC,,1933,592,OP03-105,,base,Base,official-cardlist,OP03/base/OP03-105.png,https://en.onepiece-cardgame.com/images/cardlist/card/OP03-105.png?260305,1624,1933,2117,HIGH,exact_code_plus_base_flag,2117,500069,Charlotte Oven,Charlotte Oven,OP03-105,UC,,tcgcsv,1930,2117,0.01,0.15,5.0,0.06,,,2026-04-02 03:06:17,tcgcsv,OP03-105,1,1,1,0,1,0,missing_tcgplayer_product_id_only,price_via_chain_tcgplayer_id_missing
593,OP03-106,Charlotte Opera,C,,1935,593,OP03-106,,base,Base,official-cardlist,OP03/base/OP03-106.png,https://en.onepiece-cardgame.com/images/cardlist/card/OP03-106.png?260305,1625,1935,2118,HIGH,exact_code_plus_base_flag,2118,500072,Charlotte Opera,Charlotte Opera,OP03-106,C,,tcgcsv,1931,2118,0.01,0.12,1.58,0.07,,,2026-04-02 03:06:17,tcgcsv,OP03-106,1,1,1,0,1,0,missing_tcgplayer_product_id_only,price_via_chain_tcgplayer_id_missing
594,OP03-107,Charlotte Galette,C,,1938,594,OP03-107,,base,Base,official-cardlist,OP03/base/OP03-107.png,https://en.onepiece-cardgame.com/images/cardlist/card/OP03-107.png?260305,1626,1938,2119,HIGH,exact_code_plus_base_flag,2119,500073,Charlotte Galette,Charlotte Galette,OP03-107,C,,tcgcsv,1932,2119,0.01,0.12,1.58,0.09,,,2026-04-02 03:06:17,tcgcsv,OP03-107,1,1,1,0,1,0,missing_tcgplayer_product_id_only,price_via_chain_tcgplayer_id_missing
595,OP03-108,Charlotte Cracker,SR,,1941,595,OP03-108,,base,Base,official-cardlist,OP03/base/OP03-108.png,https://en.onepiece-cardgame.com/images/cardlist/card/OP03-108.png?260305,1627,1941,2120,HIGH,exact_code_plus_base_flag,2120,500077,Charlotte Cracker,Charlotte Cracker,OP03-108,SR,,tcgcsv,1933,2120,0.07,0.5,17.0,0.37,,,2026-04-02 03:06:17,tcgcsv,OP03-108,1,1,1,0,1,0,missing_tcgplayer_product_id_only,price_via_chain_tcgplayer_id_missing
596,OP03-109,Charlotte Chiffon,C,,1948,596,OP03-109,,base,Base,official-cardlist,OP03/base/OP03-109.png,https://en.onepiece-cardgame.com/images/cardlist/card/OP03-109.png?260305,585,1948,923,HIGH,exact_code_plus_base_flag,923,514042,Charlotte Chiffon (Online Regional 2023) [Participant],Charlotte Chiffon Online Regional 2023 Participant,OP03-109,PR,,tcgcsv,908,923,8.0,9.28,25.0,8.94,,,2026-04-02 03:06:17,tcgcsv,OP03-109,1,1,1,0,1,0,missing_tcgplayer_product_id_only,price_via_chain_tcgplayer_id_missing
597,OP03-110,Charlotte Smoothie,R,,1950,597,OP03-110,,base,Base,official-cardlist,OP03/base/OP03-110.png,https://en.onepiece-cardgame.com/images/cardlist/card/OP03-110.png?260305,1630,1950,2123,HIGH,exact_code_plus_base_flag,2123,500083,Charlotte Smoothie,Charlotte Smoothie,OP03-110,R,,tcgcsv,1936,2123,0.03,0.25,10.0,0.15,,,2026-04-02 03:06:17,tcgcsv,OP03-110,1,1,1,0,1,0,missing_tcgplayer_product_id_only,price_via_chain_tcgplayer_id_missing
598,OP03-111,Charlotte Praline,C,,1959,598,OP03-111,,base,Base,official-cardlist,OP03/base/OP03-111.png,https://en.onepiece-cardgame.com/images/cardlist/card/OP03-111.png?260305,1631,1959,2124,HIGH,exact_code_plus_base_flag,2124,500084,Charlotte Praline,Charlotte Praline,OP03-111,C,,tcgcsv,1937,2124,0.01,0.14,1.58,0.09,,,2026-04-02 03:06:17,tcgcsv,OP03-111,1,1,1,0,1,0,missing_tcgplayer_product_id_only,price_via_chain_tcgplayer_id_missing
599,OP03-112,Charlotte Pudding,SP CARD,,1961,599,OP03-112,,base,Base,official-cardlist,OP03/base/OP03-112.png,https://en.onepiece-cardgame.com/images/cardlist/card/OP03-112.png?260305,605,1961,944,HIGH,exact_code_plus_base_flag,944,514063,Charlotte Pudding (Judge Pack Vol. 2),Charlotte Pudding Judge Pack Vol 2,OP03-112,PR,,tcgcsv,919,944,1.89,5.5,50.0,2.83,,,2026-04-02 03:06:17,tcgcsv,OP03-112,1,1,1,0,1,0,missing_tcgplayer_product_id_only,price_via_chain_tcgplayer_id_missing
600,OP03-113,Charlotte Perospero,SR,,1973,600,OP03-113,,base,Base,official-cardlist,OP03/base/OP03-113.png,https://en.onepiece-cardgame.com/images/cardlist/card/OP03-113.png?260305,1634,1973,2127,HIGH,exact_code_plus_base_flag,2127,500088,Charlotte Perospero,Charlotte Perospero,OP03-113,SR,,tcgcsv,1940,2127,0.04,0.49,19.5,0.34,,,2026-04-02 03:06:17,tcgcsv,OP03-113,1,1,1,0,1,0,missing_tcgplayer_product_id_only,price_via_chain_tcgplayer_id_missing
601,OP03-114,Charlotte Linlin,SP CARD,,1980,601,OP03-114,,base,Base,official-cardlist,OP03/sp/OP03-114_sp.png,https://en.onepiece-cardgame.com/images/cardlist/card/OP03-114.png?260305,870,1980,1248,HIGH,exact_code_plus_base_flag,1248,561172,Charlotte Linlin (Championship 2024),Charlotte Linlin Championship 2024,OP03-114,SR,,tcgcsv,1169,1248,4999.99,4999.99,4999.99,898.5,,,2026-04-02 03:06:17,tcgcsv,OP03-114,1,1,1,0,1,0,missing_tcgplayer_product_id_only,price_via_chain_tcgplayer_id_missing
602,OP03-115,Streusen,R,,1988,602,OP03-115,,base,Base,official-cardlist,OP03/base/OP03-115.png,https://en.onepiece-cardgame.com/images/cardlist/card/OP03-115.png?260305,1638,1988,2131,HIGH,exact_code_plus_base_flag,2131,500094,Streusen,Streusen,OP03-115,R,,tcgcsv,1945,2131,0.04,0.25,4.03,0.18,,,2026-04-02 03:06:17,tcgcsv,OP03-115,1,1,1,0,1,0,missing_tcgplayer_product_id_only,price_via_chain_tcgplayer_id_missing
603,OP03-116,Shirahoshi,UC,,1991,603,OP03-116,,base,Base,official-cardlist,OP03/base/OP03-116.png,https://en.onepiece-cardgame.com/images/cardlist/card/OP03-116.png?260305,742,1991,1096,HIGH,exact_code_plus_base_flag,1096,537446,Shirahoshi (Tournament Pack Vol. 6),Shirahoshi Tournament Pack Vol 6,OP03-116,UC,,tcgcsv,1047,1096,0.08,0.39,10.88,0.34,,,2026-04-02 03:06:17,tcgcsv,OP03-116,1,1,1,0,1,0,missing_tcgplayer_product_id_only,price_via_chain_tcgplayer_id_missing
604,OP03-117,Napoleon,UC,,2003,604,OP03-117,,base,Base,official-cardlist,OP03/base/OP03-117.png,https://en.onepiece-cardgame.com/images/cardlist/card/OP03-117.png?260305,1640,2003,2133,HIGH,exact_code_plus_base_flag,2133,500102,Napoleon,Napoleon,OP03-117,UC,,tcgcsv,1947,2133,0.01,0.15,5.0,0.08,,,2026-04-02 03:06:17,tcgcsv,OP03-117,1,1,1,0,1,0,missing_tcgplayer_product_id_only,price_via_chain_tcgplayer_id_missing
605,OP03-118,Ikoku Sovereignty,UC,,2005,605,OP03-118,,base,Base,official-cardlist,OP03/base/OP03-118.png,https://en.onepiece-cardgame.com/images/cardlist/card/OP03-118.png?260305,1641,2005,2134,HIGH,exact_code_plus_base_flag,2134,500105,Ikoku Sovereignty,Ikoku Sovereignty,OP03-118,UC,,tcgcsv,1948,2134,0.03,0.2,5.0,0.14,,,2026-04-02 03:06:17,tcgcsv,OP03-118,1,1,1,0,1,0,missing_tcgplayer_product_id_only,price_via_chain_tcgplayer_id_missing
606,OP03-119,Buzz Cut Mochi,R,,2008,606,OP03-119,,base,Base,official-cardlist,OP03/base/OP03-119.png,https://en.onepiece-cardgame.com/images/cardlist/card/OP03-119.png?260305,1642,2008,2135,HIGH,exact_code_plus_base_flag,2135,500107,Buzz Cut Mochi,Buzz Cut Mochi,OP03-119,R,,tcgcsv,1949,2135,0.03,0.25,2.0,0.17,,,2026-04-02 03:06:17,tcgcsv,OP03-119,1,1,1,0,1,0,missing_tcgplayer_product_id_only,price_via_chain_tcgplayer_id_missing
607,OP03-120,Tropical Torment,C,,2010,607,OP03-120,,base,Base,official-cardlist,OP03/base/OP03-120.png,https://en.onepiece-cardgame.com/images/cardlist/card/OP03-120.png?260305,1643,2010,2136,HIGH,exact_code_plus_base_flag,2136,500110,Tropical Torment,Tropical Torment,OP03-120,C,,tcgcsv,1950,2136,0.01,0.15,2.0,0.09,,,2026-04-02 03:06:17,tcgcsv,OP03-120,1,1,1,0,1,0,missing_tcgplayer_product_id_only,price_via_chain_tcgplayer_id_missing
608,OP03-121,Thunder Bolt,C,,2012,608,OP03-121,,base,Base,official-cardlist,OP03/base/OP03-121.png,https://en.onepiece-cardgame.com/images/cardlist/card/OP03-121.png?260305,606,2012,945,HIGH,exact_code_plus_base_flag,945,514064,Thunder Bolt (Judge Pack Vol. 2),Thunder Bolt Judge Pack Vol 2,OP03-121,PR,,tcgcsv,920,945,0.25,0.91,38.13,0.42,,,2026-04-02 03:06:17,tcgcsv,OP03-121,1,1,1,0,1,0,missing_tcgplayer_product_id_only,price_via_chain_tcgplayer_id_missing
609,OP03-122,Sogeking,SEC,,2020,609,OP03-122,,base,Base,official-cardlist,OP03/base/OP03-122.png,https://en.onepiece-cardgame.com/images/cardlist/card/OP03-122.png?260305,1645,2020,2138,HIGH,exact_code_plus_base_flag,2138,500116,Sogeking (Alternate Art),Sogeking Alternate Art,OP03-122,SEC,,tcgcsv,1952,2138,15.0,20.02,120.0,17.4,,,2026-04-02 03:06:17,tcgcsv,OP03-122,1,1,1,0,1,0,missing_tcgplayer_product_id_only,price_via_chain_tcgplayer_id_missing
610,OP03-123,Charlotte Katakuri,SEC,,2027,610,OP03-123,,base,Base,official-cardlist,OP03/base/OP03-123.png,https://en.onepiece-cardgame.com/images/cardlist/card/OP03-123.png?260305,871,2027,1249,HIGH,exact_code_plus_base_flag,1249,561183,Charlotte Katakuri (Championship 2024),Charlotte Katakuri Championship 2024,OP03-123,SEC,,tcgcsv,1170,1249,2000.0,2000.0,2000.0,639.12,,,2026-04-02 03:06:17,tcgcsv,OP03-123,1,1,1,0,1,0,missing_tcgplayer_product_id_only,price_via_chain_tcgplayer_id_missing
611,OP04-001,Nefeltari Vivi,L,,2036,611,OP04-001,,base,Base,official-cardlist,OP04/base/OP04-001.png,https://en.onepiece-cardgame.com/images/cardlist/card/OP04-001.png?260305,1702,2036,2209,HIGH,exact_code_plus_base_flag,2209,510762,Nefeltari Vivi (001),Nefeltari Vivi 001,OP04-001,L,,tcgcsv,2020,2209,0.01,0.22,10.0,0.17,,,2026-04-02 03:06:18,tcgcsv,OP04-001,1,1,1,0,1,0,missing_tcgplayer_product_id_only,price_via_chain_tcgplayer_id_missing
612,OP04-002,Igaram,R,,2040,612,OP04-002,,base,Base,official-cardlist,OP04/base/OP04-002.png,https://en.onepiece-cardgame.com/images/cardlist/card/OP04-002.png?260305,1756,2040,2264,HIGH,exact_code_plus_base_flag,2264,516728,Igaram,Igaram,OP04-002,R,,tcgcsv,2075,2264,0.01,0.26,15.0,0.23,,,2026-04-02 03:06:18,tcgcsv,OP04-002,1,1,1,0,1,0,missing_tcgplayer_product_id_only,price_via_chain_tcgplayer_id_missing
613,OP04-003,Usopp,UC,,2042,613,OP04-003,,base,Base,official-cardlist,OP04/base/OP04-003.png,https://en.onepiece-cardgame.com/images/cardlist/card/OP04-003.png?260305,1757,2042,2265,HIGH,exact_code_plus_base_flag,2265,516729,Usopp,Usopp,OP04-003,UC,,tcgcsv,2076,2265,0.01,0.2,5.0,0.17,,,2026-04-02 03:06:18,tcgcsv,OP04-003,1,1,1,0,1,0,missing_tcgplayer_product_id_only,price_via_chain_tcgplayer_id_missing
614,OP04-004,Karoo,C,,2044,614,OP04-004,,base,Base,official-cardlist,OP04/base/OP04-004.png,https://en.onepiece-cardgame.com/images/cardlist/card/OP04-004.png?260305,1758,2044,2266,HIGH,exact_code_plus_base_flag,2266,516730,Karoo,Karoo,OP04-004,C,,tcgcsv,2077,2266,0.01,0.15,2.0,0.08,,,2026-04-02 03:06:18,tcgcsv,OP04-004,1,1,1,0,1,0,missing_tcgplayer_product_id_only,price_via_chain_tcgplayer_id_missing
615,OP04-005,Kung Fu Jugon,C,,2046,615,OP04-005,,base,Base,official-cardlist,OP04/base/OP04-005.png,https://en.onepiece-cardgame.com/images/cardlist/card/OP04-005.png?260305,1759,2046,2267,HIGH,exact_code_plus_base_flag,2267,516731,Kung Fu Jugon,Kung Fu Jugon,OP04-005,C,,tcgcsv,2078,2267,0.01,0.15,2.0,0.1,,,2026-04-02 03:06:18,tcgcsv,OP04-005,1,1,1,0,1,0,missing_tcgplayer_product_id_only,price_via_chain_tcgplayer_id_missing
616,OP04-006,Koza,UC,,2048,616,OP04-006,,base,Base,official-cardlist,OP04/base/OP04-006.png,https://en.onepiece-cardgame.com/images/cardlist/card/OP04-006.png?260305,1760,2048,2268,HIGH,exact_code_plus_base_flag,2268,516732,Koza,Koza,OP04-006,UC,,tcgcsv,2079,2268,0.01,0.2,5.0,0.13,,,2026-04-02 03:06:18,tcgcsv,OP04-006,1,1,1,0,1,0,missing_tcgplayer_product_id_only,price_via_chain_tcgplayer_id_missing
617,OP04-007,Sanji,C,,2050,617,OP04-007,,base,Base,official-cardlist,OP04/base/OP04-007.png,https://en.onepiece-cardgame.com/images/cardlist/card/OP04-007.png?260305,1761,2050,2269,HIGH,exact_code_plus_base_flag,2269,516733,Sanji (007),Sanji 007,OP04-007,C,,tcgcsv,2080,2269,0.01,0.15,2.0,0.1,,,2026-04-02 03:06:18,tcgcsv,OP04-007,1,1,1,0,1,0,missing_tcgplayer_product_id_only,price_via_chain_tcgplayer_id_missing
618,OP04-008,Chaka,R,,2052,618,OP04-008,,base,Base,official-cardlist,OP04/base/OP04-008.png,https://en.onepiece-cardgame.com/images/cardlist/card/OP04-008.png?260305,1762,2052,2270,HIGH,exact_code_plus_base_flag,2270,516734,Chaka,Chaka,OP04-008,R,,tcgcsv,2081,2270,0.01,0.2,10.0,0.08,,,2026-04-02 03:06:18,tcgcsv,OP04-008,1,1,1,0,1,0,missing_tcgplayer_product_id_only,price_via_chain_tcgplayer_id_missing
619,OP04-009,Super Spot-Billed Duck Troops,UC,,2054,619,OP04-009,,base,Base,official-cardlist,OP04/base/OP04-009.png,https://en.onepiece-cardgame.com/images/cardlist/card/OP04-009.png?260305,1763,2054,2271,HIGH,exact_code_plus_base_flag,2271,516735,Super Spot-Billed Duck Troops,Super Spot Billed Duck Troops,OP04-009,UC,,tcgcsv,2082,2271,0.05,0.25,5.0,0.13,,,2026-04-02 03:06:18,tcgcsv,OP04-009,1,1,1,0,1,0,missing_tcgplayer_product_id_only,price_via_chain_tcgplayer_id_missing
620,OP04-010,Tony Tony.Chopper,C,,2056,620,OP04-010,,base,Base,official-cardlist,OP04/base/OP04-010.png,https://en.onepiece-cardgame.com/images/cardlist/card/OP04-010.png?260305,948,2056,1341,HIGH,exact_code_plus_base_flag,1341,583737,Tony Tony.Chopper (Winner Pack 2024 Oct.-Dec.),Tony TonyChopper Winner Pack 2024 Oct Dec,OP04-010,C,,tcgcsv,1244,1341,14.0,20.34,100.0,15.18,,,2026-04-02 03:06:17,tcgcsv,OP04-010,1,1,1,0,1,0,missing_tcgplayer_product_id_only,price_via_chain_tcgplayer_id_missing
621,OP04-011,Nami,C,,2061,621,OP04-011,,base,Base,official-cardlist,OP04/base/OP04-011.png,https://en.onepiece-cardgame.com/images/cardlist/card/OP04-011.png?260305,1765,2061,2273,HIGH,exact_code_plus_base_flag,2273,516738,Nami,Nami,OP04-011,C,,tcgcsv,2084,2273,0.04,0.19,5.0,0.16,,,2026-04-02 03:06:18,tcgcsv,OP04-011,1,1,1,0,1,0,missing_tcgplayer_product_id_only,price_via_chain_tcgplayer_id_missing
622,OP04-012,Nefeltari Cobra,C,,2063,622,OP04-012,,base,Base,official-cardlist,OP04/base/OP04-012.png,https://en.onepiece-cardgame.com/images/cardlist/card/OP04-012.png?260305,1766,2063,2274,HIGH,exact_code_plus_base_flag,2274,516739,Nefeltari Cobra,Nefeltari Cobra,OP04-012,C,,tcgcsv,2085,2274,0.01,0.15,1.58,0.05,,,2026-04-02 03:06:18,tcgcsv,OP04-012,1,1,1,0,1,0,missing_tcgplayer_product_id_only,price_via_chain_tcgplayer_id_missing
623,OP04-013,Pell,SR,,2065,623,OP04-013,,base,Base,official-cardlist,OP04/base/OP04-013.png,https://en.onepiece-cardgame.com/images/cardlist/card/OP04-013.png?260305,1714,2065,2221,HIGH,exact_code_plus_base_flag,2221,512612,Pell,Pell,OP04-013,SR,,tcgcsv,2032,2221,0.23,0.53,25.0,0.46,,,2026-04-02 03:06:18,tcgcsv,OP04-013,1,1,1,0,1,0,missing_tcgplayer_product_id_only,price_via_chain_tcgplayer_id_missing
624,OP04-014,Monkey.D.Luffy,UC,,2069,624,OP04-014,,base,Base,official-cardlist,OP04/base/OP04-014.png,https://en.onepiece-cardgame.com/images/cardlist/card/OP04-014.png?260305,1767,2069,2275,HIGH,exact_code_plus_base_flag,2275,516740,Monkey.D.Luffy (014),MonkeyDLuffy 014,OP04-014,UC,,tcgcsv,2086,2275,0.06,0.25,10.0,0.19,,,2026-04-02 03:06:18,tcgcsv,OP04-014,1,1,1,0,1,0,missing_tcgplayer_product_id_only,price_via_chain_tcgplayer_id_missing
625,OP04-015,Roronoa Zoro,R,,2071,625,OP04-015,,base,Base,official-cardlist,OP04/base/OP04-015.png,https://en.onepiece-cardgame.com/images/cardlist/card/OP04-015.png?260305,1768,2071,2276,HIGH,exact_code_plus_base_flag,2276,516741,Roronoa Zoro,Roronoa Zoro,OP04-015,R,,tcgcsv,2087,2276,0.05,0.26,25.0,0.26,,,2026-04-02 03:06:18,tcgcsv,OP04-015,1,1,1,0,1,0,missing_tcgplayer_product_id_only,price_via_chain_tcgplayer_id_missing
626,OP04-016,Bad Manners Kick Course,R,,2073,626,OP04-016,,base,Base,official-cardlist,OP04/base/OP04-016.png,https://en.onepiece-cardgame.com/images/cardlist/card/OP04-016.png?260305,1769,2073,2277,HIGH,exact_code_plus_base_flag,2277,516742,Bad Manners Kick Course,Bad Manners Kick Course,OP04-016,R,,tcgcsv,2088,2277,0.15,0.52,25.0,0.47,,,2026-04-02 03:06:18,tcgcsv,OP04-016,1,1,1,0,1,0,missing_tcgplayer_product_id_only,price_via_chain_tcgplayer_id_missing
627,OP04-017,Happiness Punch,C,,2078,627,OP04-017,,base,Base,official-cardlist,OP04/base/OP04-017.png,https://en.onepiece-cardgame.com/images/cardlist/card/OP04-017.png?260305,1770,2078,2278,HIGH,exact_code_plus_base_flag,2278,516743,Happiness Punch,Happiness Punch,OP04-017,C,,tcgcsv,2089,2278,0.01,0.15,5.0,0.12,,,2026-04-02 03:06:18,tcgcsv,OP04-017,1,1,1,0,1,0,missing_tcgplayer_product_id_only,price_via_chain_tcgplayer_id_missing
628,OP04-018,Enchanting Vertigo Dance,UC,,2080,628,OP04-018,,base,Base,official-cardlist,OP04/base/OP04-018.png,https://en.onepiece-cardgame.com/images/cardlist/card/OP04-018.png?260305,1771,2080,2279,HIGH,exact_code_plus_base_flag,2279,516744,Enchanting Vertigo Dance,Enchanting Vertigo Dance,OP04-018,UC,,tcgcsv,2090,2279,0.01,0.15,5.0,0.1,,,2026-04-02 03:06:18,tcgcsv,OP04-018,1,1,1,0,1,0,missing_tcgplayer_product_id_only,price_via_chain_tcgplayer_id_missing
629,OP04-019,Donquixote Doflamingo,L,,2082,629,OP04-019,,base,Base,official-cardlist,OP04/base/OP04-019.png,https://en.onepiece-cardgame.com/images/cardlist/card/OP04-019.png?260305,1704,2082,2211,HIGH,exact_code_plus_base_flag,2211,510896,Donquixote Doflamingo (019),Donquixote Doflamingo 019,OP04-019,L,,tcgcsv,2022,2211,0.01,0.21,5.0,0.2,,,2026-04-02 03:06:18,tcgcsv,OP04-019,1,1,1,0,1,0,missing_tcgplayer_product_id_only,price_via_chain_tcgplayer_id_missing
630,OP04-020,Issho,L,,2086,630,OP04-020,,base,Base,official-cardlist,OP04/base/OP04-020.png,https://en.onepiece-cardgame.com/images/cardlist/card/OP04-020.png?260305,1708,2086,2215,HIGH,exact_code_plus_base_flag,2215,510995,Issho,Issho,OP04-020,L,,tcgcsv,2026,2215,0.01,0.2,5.0,0.15,,,2026-04-02 03:06:18,tcgcsv,OP04-020,1,1,1,0,1,0,missing_tcgplayer_product_id_only,price_via_chain_tcgplayer_id_missing
631,OP04-021,Viola,C,,2090,631,OP04-021,,base,Base,official-cardlist,OP04/base/OP04-021.png,https://en.onepiece-cardgame.com/images/cardlist/card/OP04-021.png?260305,955,2090,1349,HIGH,exact_code_plus_base_flag,1349,583746,Viola (Judge Pack Vol. 4),Viola Judge Pack Vol 4,OP04-021,C,,tcgcsv,1252,1349,0.43,1.45,10.98,0.92,,,2026-04-02 03:06:17,tcgcsv,OP04-021,1,1,1,0,1,0,missing_tcgplayer_product_id_only,price_via_chain_tcgplayer_id_missing
632,OP04-022,Eric,UC,,2092,632,OP04-022,,base,Base,official-cardlist,OP04/base/OP04-022.png,https://en.onepiece-cardgame.com/images/cardlist/card/OP04-022.png?260305,1773,2092,2281,HIGH,exact_code_plus_base_flag,2281,516746,Eric,Eric,OP04-022,UC,,tcgcsv,2092,2281,0.01,0.15,5.0,0.05,,,2026-04-02 03:06:18,tcgcsv,OP04-022,1,1,1,0,1,0,missing_tcgplayer_product_id_only,price_via_chain_tcgplayer_id_missing
633,OP04-023,Kuro,C,,2094,633,OP04-023,,base,Base,official-cardlist,OP04/base/OP04-023.png,https://en.onepiece-cardgame.com/images/cardlist/card/OP04-023.png?260305,1774,2094,2282,HIGH,exact_code_plus_base_flag,2282,516747,Kuro,Kuro,OP04-023,C,,tcgcsv,2093,2282,0.01,0.15,2.0,0.07,,,2026-04-02 03:06:18,tcgcsv,OP04-023,1,1,1,0,1,0,missing_tcgplayer_product_id_only,price_via_chain_tcgplayer_id_missing
634,OP04-024,Sugar,SP CARD,,2096,634,OP04-024,,base,Base,official-cardlist,OP04/sp/OP04-024_sp.png,https://en.onepiece-cardgame.com/images/cardlist/card/OP04-024.png?260305,1716,2096,2223,HIGH,exact_code_plus_base_flag,2223,512875,Sugar,Sugar,OP04-024,SR,,tcgcsv,2034,2223,0.26,1.16,10.0,0.71,,,2026-04-02 03:06:18,tcgcsv,OP04-024,1,1,1,0,1,0,missing_tcgplayer_product_id_only,price_via_chain_tcgplayer_id_missing
635,OP04-025,Giolla,C,,2102,635,OP04-025,,base,Base,official-cardlist,OP04/base/OP04-025.png,https://en.onepiece-cardgame.com/images/cardlist/card/OP04-025.png?260305,1775,2102,2283,HIGH,exact_code_plus_base_flag,2283,516748,Giolla,Giolla,OP04-025,C,,tcgcsv,2094,2283,0.01,0.15,2.0,0.03,,,2026-04-02 03:06:18,tcgcsv,OP04-025,1,1,1,0,1,0,missing_tcgplayer_product_id_only,price_via_chain_tcgplayer_id_missing
636,OP04-026,Senor Pink,R,,2104,636,OP04-026,,base,Base,official-cardlist,OP04/base/OP04-026.png,https://en.onepiece-cardgame.com/images/cardlist/card/OP04-026.png?260305,1776,2104,2284,HIGH,exact_code_plus_base_flag,2284,516749,Senor Pink,Senor Pink,OP04-026,R,,tcgcsv,2095,2284,0.04,0.2,10.0,0.13,,,2026-04-02 03:06:18,tcgcsv,OP04-026,1,1,1,0,1,0,missing_tcgplayer_product_id_only,price_via_chain_tcgplayer_id_missing
637,OP04-027,Daddy Masterson,C,,2106,637,OP04-027,,base,Base,official-cardlist,OP04/base/OP04-027.png,https://en.onepiece-cardgame.com/images/cardlist/card/OP04-027.png?260305,1777,2106,2285,HIGH,exact_code_plus_base_flag,2285,516750,Daddy Masterson,Daddy Masterson,OP04-027,C,,tcgcsv,2096,2285,0.01,0.15,2.0,0.05,,,2026-04-02 03:06:18,tcgcsv,OP04-027,1,1,1,0,1,0,missing_tcgplayer_product_id_only,price_via_chain_tcgplayer_id_missing
638,OP04-028,Diamante,R,,2108,638,OP04-028,,base,Base,official-cardlist,OP04/base/OP04-028.png,https://en.onepiece-cardgame.com/images/cardlist/card/OP04-028.png?260305,1718,2108,2225,HIGH,exact_code_plus_base_flag,2225,512959,Diamante,Diamante,OP04-028,R,,tcgcsv,2036,2225,0.01,0.22,10.0,0.12,,,2026-04-02 03:06:18,tcgcsv,OP04-028,1,1,1,0,1,0,missing_tcgplayer_product_id_only,price_via_chain_tcgplayer_id_missing
639,OP04-029,Dellinger,C,,2112,639,OP04-029,,base,Base,official-cardlist,OP04/base/OP04-029.png,https://en.onepiece-cardgame.com/images/cardlist/card/OP04-029.png?260305,1778,2112,2286,HIGH,exact_code_plus_base_flag,2286,516751,Dellinger,Dellinger,OP04-029,C,,tcgcsv,2097,2286,0.01,0.15,10.0,0.03,,,2026-04-02 03:06:18,tcgcsv,OP04-029,1,1,1,0,1,0,missing_tcgplayer_product_id_only,price_via_chain_tcgplayer_id_missing
640,OP04-030,Trebol,R,,2118,640,OP04-030,,base,Base,official-cardlist,OP04/base/OP04-030.png,https://en.onepiece-cardgame.com/images/cardlist/card/OP04-030.png?260305,1720,2118,2227,HIGH,exact_code_plus_base_flag,2227,513306,Trebol,Trebol,OP04-030,R,,tcgcsv,2038,2227,0.01,0.2,10.0,0.09,,,2026-04-02 03:06:18,tcgcsv,OP04-030,1,1,1,0,1,0,missing_tcgplayer_product_id_only,price_via_chain_tcgplayer_id_missing
641,OP04-031,Donquixote Doflamingo,SR,,2122,641,OP04-031,,base,Base,official-cardlist,OP04/base/OP04-031.png,https://en.onepiece-cardgame.com/images/cardlist/card/OP04-031.png?260305,1722,2122,2229,HIGH,exact_code_plus_base_flag,2229,513464,Donquixote Doflamingo (031),Donquixote Doflamingo 031,OP04-031,SR,,tcgcsv,2040,2229,0.96,2.0,50.0,1.69,,,2026-04-02 03:06:18,tcgcsv,OP04-031,1,1,1,0,1,0,missing_tcgplayer_product_id_only,price_via_chain_tcgplayer_id_missing
642,OP04-032,Baby 5,UC,,2129,642,OP04-032,,base,Base,official-cardlist,OP04/base/OP04-032.png,https://en.onepiece-cardgame.com/images/cardlist/card/OP04-032.png?260305,1124,2129,1555,HIGH,exact_code_plus_base_flag,1555,626667,Baby 5 (Premium Card Collection -Best Selection Vol. 3-),Baby 5 Premium Card Collection Best Selection Vol 3,OP04-032,UC,,tcgcsv,1434,1555,3.2,4.5,19.95,3.87,,,2026-04-02 03:06:17,tcgcsv,OP04-032,1,1,1,0,1,0,missing_tcgplayer_product_id_only,price_via_chain_tcgplayer_id_missing
643,OP04-033,Machvise,UC,,2137,643,OP04-033,,base,Base,official-cardlist,OP04/base/OP04-033.png,https://en.onepiece-cardgame.com/images/cardlist/card/OP04-033.png?260305,1780,2137,2288,HIGH,exact_code_plus_base_flag,2288,516753,Machvise,Machvise,OP04-033,UC,,tcgcsv,2099,2288,0.01,0.15,5.0,0.06,,,2026-04-02 03:06:18,tcgcsv,OP04-033,1,1,1,0,1,0,missing_tcgplayer_product_id_only,price_via_chain_tcgplayer_id_missing
644,OP04-034,Lao.G,UC,,2139,644,OP04-034,,base,Base,official-cardlist,OP04/base/OP04-034.png,https://en.onepiece-cardgame.com/images/cardlist/card/OP04-034.png?260305,1781,2139,2289,HIGH,exact_code_plus_base_flag,2289,516754,Lao.G,LaoG,OP04-034,UC,,tcgcsv,2100,2289,0.01,0.15,5.0,0.04,,,2026-04-02 03:06:18,tcgcsv,OP04-034,1,1,1,0,1,0,missing_tcgplayer_product_id_only,price_via_chain_tcgplayer_id_missing
645,OP04-035,Spiderweb,R,,2141,645,OP04-035,,base,Base,official-cardlist,OP04/base/OP04-035.png,https://en.onepiece-cardgame.com/images/cardlist/card/OP04-035.png?260305,789,2141,1150,HIGH,exact_code_plus_base_flag,1150,544617,Spiderweb (Judge Pack Vol. 3),Spiderweb Judge Pack Vol 3,OP04-035,R,,tcgcsv,1080,1150,2.5,3.4,10.0,3.32,,,2026-04-02 03:06:17,tcgcsv,OP04-035,1,1,1,0,1,0,missing_tcgplayer_product_id_only,price_via_chain_tcgplayer_id_missing
646,OP04-036,Donquixote Family,C,,2143,646,OP04-036,,base,Base,official-cardlist,OP04/base/OP04-036.png,https://en.onepiece-cardgame.com/images/cardlist/card/OP04-036.png?260305,1783,2143,2291,HIGH,exact_code_plus_base_flag,2291,516756,Donquixote Family,Donquixote Family,OP04-036,C,,tcgcsv,2102,2291,0.01,0.14,1.58,0.05,,,2026-04-02 03:06:18,tcgcsv,OP04-036,1,1,1,0,1,0,missing_tcgplayer_product_id_only,price_via_chain_tcgplayer_id_missing
647,OP04-037,Flapping Thread,UC,,2148,647,OP04-037,,base,Base,official-cardlist,OP04/base/OP04-037.png,https://en.onepiece-cardgame.com/images/cardlist/card/OP04-037.png?260305,1784,2148,2292,HIGH,exact_code_plus_base_flag,2292,516757,Flapping Thread,Flapping Thread,OP04-037,UC,,tcgcsv,2103,2292,0.01,0.15,5.0,0.08,,,2026-04-02 03:06:18,tcgcsv,OP04-037,1,1,1,0,1,0,missing_tcgplayer_product_id_only,price_via_chain_tcgplayer_id_missing
648,OP04-038,The Weak Do Not Have the Right to Choose How They Die!!!,C,,2150,648,OP04-038,,base,Base,official-cardlist,OP04/base/OP04-038.png,https://en.onepiece-cardgame.com/images/cardlist/card/OP04-038.png?260305,1785,2150,2293,HIGH,exact_code_plus_base_flag,2293,516758,The Weak Do Not Have the Right to Choose How They Die!!!,The Weak Do Not Have the Right to Choose How They Die,OP04-038,C,,tcgcsv,2104,2293,0.01,0.15,1.58,0.08,,,2026-04-02 03:06:18,tcgcsv,OP04-038,1,1,1,0,1,0,missing_tcgplayer_product_id_only,price_via_chain_tcgplayer_id_missing
649,OP04-039,Rebecca,L,,2152,649,OP04-039,,base,Base,official-cardlist,OP04/base/OP04-039.png,https://en.onepiece-cardgame.com/images/cardlist/card/OP04-039.png?260305,1706,2152,2213,HIGH,exact_code_plus_base_flag,2213,510993,Rebecca (039),Rebecca 039,OP04-039,L,,tcgcsv,2024,2213,0.01,0.21,10.0,0.19,,,2026-04-02 03:06:18,tcgcsv,OP04-039,1,1,1,0,1,0,missing_tcgplayer_product_id_only,price_via_chain_tcgplayer_id_missing
650,OP04-040,Queen,L,,2156,650,OP04-040,,base,Base,official-cardlist,OP04/base/OP04-040.png,https://en.onepiece-cardgame.com/images/cardlist/card/OP04-040.png?260305,1710,2156,2217,HIGH,exact_code_plus_base_flag,2217,511397,Queen (040),Queen 040,OP04-040,L,,tcgcsv,2028,2217,0.01,0.2,5.0,0.14,,,2026-04-02 03:06:18,tcgcsv,OP04-040,1,1,1,0,1,0,missing_tcgplayer_product_id_only,price_via_chain_tcgplayer_id_missing
651,OP04-041,Apis,C,,2160,651,OP04-041,,base,Base,official-cardlist,OP04/base/OP04-041.png,https://en.onepiece-cardgame.com/images/cardlist/card/OP04-041.png?260305,1786,2160,2294,HIGH,exact_code_plus_base_flag,2294,516759,Apis,Apis,OP04-041,C,,tcgcsv,2105,2294,0.01,0.2,2.09,0.1,,,2026-04-02 03:06:18,tcgcsv,OP04-041,1,1,1,0,1,0,missing_tcgplayer_product_id_only,price_via_chain_tcgplayer_id_missing
652,OP04-042,Ipponmatsu,C,,2162,652,OP04-042,,base,Base,official-cardlist,OP04/base/OP04-042.png,https://en.onepiece-cardgame.com/images/cardlist/card/OP04-042.png?260305,1787,2162,2295,HIGH,exact_code_plus_base_flag,2295,516760,Ipponmatsu,Ipponmatsu,OP04-042,C,,tcgcsv,2106,2295,0.01,0.15,2.0,0.06,,,2026-04-02 03:06:18,tcgcsv,OP04-042,1,1,1,0,1,0,missing_tcgplayer_product_id_only,price_via_chain_tcgplayer_id_missing
653,OP04-043,Ulti,R,,2164,653,OP04-043,,base,Base,official-cardlist,OP04/base/OP04-043.png,https://en.onepiece-cardgame.com/images/cardlist/card/OP04-043.png?260305,790,2164,1151,HIGH,exact_code_plus_base_flag,1151,544618,Ulti (Judge Pack Vol. 3),Ulti Judge Pack Vol 3,OP04-043,R,,tcgcsv,1081,1151,0.2,0.5,33.16,0.47,,,2026-04-02 03:06:17,tcgcsv,OP04-043,1,1,1,0,1,0,missing_tcgplayer_product_id_only,price_via_chain_tcgplayer_id_missing
654,OP04-044,Kaido,SR,,2166,654,OP04-044,,base,Base,official-cardlist,OP04/base/OP04-044.png,https://en.onepiece-cardgame.com/images/cardlist/card/OP04-044.png?260305,1724,2166,2231,HIGH,exact_code_plus_base_flag,2231,513822,Kaido,Kaido,OP04-044,SR,,tcgcsv,2042,2231,0.1,0.5,50.0,0.3,,,2026-04-02 03:06:18,tcgcsv,OP04-044,1,1,1,0,1,0,missing_tcgplayer_product_id_only,price_via_chain_tcgplayer_id_missing
655,OP04-045,King,R,,2176,655,OP04-045,,base,Base,official-cardlist,OP04/base/OP04-045.png,https://en.onepiece-cardgame.com/images/cardlist/card/OP04-045.png?260305,1789,2176,2297,HIGH,exact_code_plus_base_flag,2297,516762,King,King,OP04-045,R,,tcgcsv,2108,2297,0.01,0.2,10.0,0.1,,,2026-04-02 03:06:18,tcgcsv,OP04-045,1,1,1,0,1,0,missing_tcgplayer_product_id_only,price_via_chain_tcgplayer_id_missing
656,OP04-046,Queen,UC,,2178,656,OP04-046,,base,Base,official-cardlist,OP04/base/OP04-046.png,https://en.onepiece-cardgame.com/images/cardlist/card/OP04-046.png?260305,1790,2178,2298,HIGH,exact_code_plus_base_flag,2298,516763,Queen (046),Queen 046,OP04-046,UC,,tcgcsv,2109,2298,0.01,0.15,5.0,0.1,,,2026-04-02 03:06:18,tcgcsv,OP04-046,1,1,1,0,1,0,missing_tcgplayer_product_id_only,price_via_chain_tcgplayer_id_missing
657,OP04-047,Ice Oni,C,,2180,657,OP04-047,,base,Base,official-cardlist,OP04/base/OP04-047.png,https://en.onepiece-cardgame.com/images/cardlist/card/OP04-047.png?260305,1791,2180,2299,HIGH,exact_code_plus_base_flag,2299,516764,Ice Oni,Ice Oni,OP04-047,C,,tcgcsv,2110,2299,0.01,0.15,2.0,0.06,,,2026-04-02 03:06:18,tcgcsv,OP04-047,1,1,1,0,1,0,missing_tcgplayer_product_id_only,price_via_chain_tcgplayer_id_missing
658,OP04-048,Sasaki,UC,,2182,658,OP04-048,,base,Base,official-cardlist,OP04/base/OP04-048.png,https://en.onepiece-cardgame.com/images/cardlist/card/OP04-048.png?260305,1792,2182,2300,HIGH,exact_code_plus_base_flag,2300,516765,Sasaki,Sasaki,OP04-048,UC,,tcgcsv,2111,2300,0.01,0.15,5.0,0.08,,,2026-04-02 03:06:18,tcgcsv,OP04-048,1,1,1,0,1,0,missing_tcgplayer_product_id_only,price_via_chain_tcgplayer_id_missing
659,OP04-049,Jack,UC,,2184,659,OP04-049,,base,Base,official-cardlist,OP04/base/OP04-049.png,https://en.onepiece-cardgame.com/images/cardlist/card/OP04-049.png?260305,1793,2184,2301,HIGH,exact_code_plus_base_flag,2301,516766,Jack,Jack,OP04-049,UC,,tcgcsv,2112,2301,0.01,0.15,5.0,0.09,,,2026-04-02 03:06:18,tcgcsv,OP04-049,1,1,1,0,1,0,missing_tcgplayer_product_id_only,price_via_chain_tcgplayer_id_missing
660,OP04-050,Hanger,C,,2186,660,OP04-050,,base,Base,official-cardlist,OP04/base/OP04-050.png,https://en.onepiece-cardgame.com/images/cardlist/card/OP04-050.png?260305,1794,2186,2302,HIGH,exact_code_plus_base_flag,2302,516767,Hanger,Hanger,OP04-050,C,,tcgcsv,2113,2302,0.01,0.15,1.62,0.07,,,2026-04-02 03:06:18,tcgcsv,OP04-050,1,1,1,0,1,0,missing_tcgplayer_product_id_only,price_via_chain_tcgplayer_id_missing
661,OP04-051,Who's.Who,R,,2188,661,OP04-051,,base,Base,official-cardlist,OP04/base/OP04-051.png,https://en.onepiece-cardgame.com/images/cardlist/card/OP04-051.png?260305,1726,2188,2234,HIGH,exact_code_plus_base_flag,2234,514030,Who's.Who,WhosWho,OP04-051,R,,tcgcsv,2045,2234,0.01,0.2,10.0,0.1,,,2026-04-02 03:06:18,tcgcsv,OP04-051,1,1,1,0,1,0,missing_tcgplayer_product_id_only,price_via_chain_tcgplayer_id_missing
662,OP04-052,Black Maria,C,,2192,662,OP04-052,,base,Base,official-cardlist,OP04/base/OP04-052.png,https://en.onepiece-cardgame.com/images/cardlist/card/OP04-052.png?260305,1795,2192,2303,HIGH,exact_code_plus_base_flag,2303,516768,Black Maria,Black Maria,OP04-052,C,,tcgcsv,2114,2303,0.01,0.15,2.0,0.06,,,2026-04-02 03:06:18,tcgcsv,OP04-052,1,1,1,0,1,0,missing_tcgplayer_product_id_only,price_via_chain_tcgplayer_id_missing
663,OP04-053,Page One,UC,,2194,663,OP04-053,,base,Base,official-cardlist,OP04/base/OP04-053.png,https://en.onepiece-cardgame.com/images/cardlist/card/OP04-053.png?260305,1796,2194,2304,HIGH,exact_code_plus_base_flag,2304,516769,Page One,Page One,OP04-053,UC,,tcgcsv,2115,2304,0.01,0.15,5.0,0.07,,,2026-04-02 03:06:18,tcgcsv,OP04-053,1,1,1,0,1,0,missing_tcgplayer_product_id_only,price_via_chain_tcgplayer_id_missing
664,OP04-054,Rokki,C,,2196,664,OP04-054,,base,Base,official-cardlist,OP04/base/OP04-054.png,https://en.onepiece-cardgame.com/images/cardlist/card/OP04-054.png?260305,1797,2196,2305,HIGH,exact_code_plus_base_flag,2305,516770,Rokki,Rokki,OP04-054,C,,tcgcsv,2116,2305,0.01,0.12,2.0,0.02,,,2026-04-02 03:06:18,tcgcsv,OP04-054,1,1,1,0,1,0,missing_tcgplayer_product_id_only,price_via_chain_tcgplayer_id_missing
665,OP04-055,Plague Rounds,C,,2198,665,OP04-055,,base,Base,official-cardlist,OP04/base/OP04-055.png,https://en.onepiece-cardgame.com/images/cardlist/card/OP04-055.png?260305,1798,2198,2306,HIGH,exact_code_plus_base_flag,2306,516771,Plague Rounds,Plague Rounds,OP04-055,C,,tcgcsv,2117,2306,0.01,0.15,1.58,0.06,,,2026-04-02 03:06:18,tcgcsv,OP04-055,1,1,1,0,1,0,missing_tcgplayer_product_id_only,price_via_chain_tcgplayer_id_missing
666,OP04-056,Gum-Gum Red Roc,R,,2200,666,OP04-056,,base,Base,official-cardlist,OP04/base/OP04-056.png,https://en.onepiece-cardgame.com/images/cardlist/card/OP04-056.png?260305,1799,2200,2307,HIGH,exact_code_plus_base_flag,2307,516772,Gum-Gum Red Roc,Gum Gum Red Roc,OP04-056,R,,tcgcsv,2118,2307,1.0,3.5,12.99,1.29,,,2026-04-02 03:06:18,tcgcsv,OP04-056,1,1,1,0,1,0,missing_tcgplayer_product_id_only,price_via_chain_tcgplayer_id_missing
667,OP04-057,Dragon Twister Demolition Breath,UC,,2207,667,OP04-057,,base,Base,official-cardlist,OP04/base/OP04-057.png,https://en.onepiece-cardgame.com/images/cardlist/card/OP04-057.png?260305,1800,2207,2308,HIGH,exact_code_plus_base_flag,2308,516773,Dragon Twister Demolition Breath,Dragon Twister Demolition Breath,OP04-057,UC,,tcgcsv,2119,2308,0.01,0.15,5.0,0.09,,,2026-04-02 03:06:18,tcgcsv,OP04-057,1,1,1,0,1,0,missing_tcgplayer_product_id_only,price_via_chain_tcgplayer_id_missing
668,OP04-058,Crocodile,L,,2209,668,OP04-058,,base,Base,official-cardlist,OP04/base/OP04-058.png,https://en.onepiece-cardgame.com/images/cardlist/card/OP04-058.png?260305,1712,2209,2219,HIGH,exact_code_plus_base_flag,2219,511765,Crocodile (058),Crocodile 058,OP04-058,L,,tcgcsv,2030,2219,0.02,0.2,5.0,0.17,,,2026-04-02 03:06:18,tcgcsv,OP04-058,1,1,1,0,1,0,missing_tcgplayer_product_id_only,price_via_chain_tcgplayer_id_missing
669,OP04-059,Iceburg,UC,,2213,669,OP04-059,,base,Base,official-cardlist,OP04/base/OP04-059.png,https://en.onepiece-cardgame.com/images/cardlist/card/OP04-059.png?260305,1801,2213,2309,HIGH,exact_code_plus_base_flag,2309,516774,Iceburg,Iceburg,OP04-059,UC,,tcgcsv,2120,2309,0.01,0.15,20.0,0.06,,,2026-04-02 03:06:18,tcgcsv,OP04-059,1,1,1,0,1,0,missing_tcgplayer_product_id_only,price_via_chain_tcgplayer_id_missing
670,OP04-060,Crocodile,SR,,2215,670,OP04-060,,base,Base,official-cardlist,OP04/base/OP04-060.png,https://en.onepiece-cardgame.com/images/cardlist/card/OP04-060.png?260305,1730,2215,2238,HIGH,exact_code_plus_base_flag,2238,514247,Crocodile (060),Crocodile 060,OP04-060,SR,,tcgcsv,2049,2238,0.1,0.6,50.0,0.46,,,2026-04-02 03:06:18,tcgcsv,OP04-060,1,1,1,0,1,0,missing_tcgplayer_product_id_only,price_via_chain_tcgplayer_id_missing
671,OP04-061,Tom,C,,2219,671,OP04-061,,base,Base,official-cardlist,OP04/base/OP04-061.png,https://en.onepiece-cardgame.com/images/cardlist/card/OP04-061.png?260305,1802,2219,2310,HIGH,exact_code_plus_base_flag,2310,516776,Tom,Tom,OP04-061,C,,tcgcsv,2121,2310,0.01,0.15,2.0,0.03,,,2026-04-02 03:06:18,tcgcsv,OP04-061,1,1,1,0,1,0,missing_tcgplayer_product_id_only,price_via_chain_tcgplayer_id_missing
672,OP04-062,Bananagator,C,,2221,672,OP04-062,,base,Base,official-cardlist,OP04/base/OP04-062.png,https://en.onepiece-cardgame.com/images/cardlist/card/OP04-062.png?260305,1803,2221,2311,HIGH,exact_code_plus_base_flag,2311,516777,Bananagator,Bananagator,OP04-062,C,,tcgcsv,2122,2311,0.01,0.15,1000.0,0.07,,,2026-04-02 03:06:18,tcgcsv,OP04-062,1,1,1,0,1,0,missing_tcgplayer_product_id_only,price_via_chain_tcgplayer_id_missing
673,OP04-063,Franky,R,,2223,673,OP04-063,,base,Base,official-cardlist,OP04/base/OP04-063.png,https://en.onepiece-cardgame.com/images/cardlist/card/OP04-063.png?260305,1804,2223,2312,HIGH,exact_code_plus_base_flag,2312,516779,Franky,Franky,OP04-063,R,,tcgcsv,2123,2312,0.02,0.2,25.0,0.13,,,2026-04-02 03:06:18,tcgcsv,OP04-063,1,1,1,0,1,0,missing_tcgplayer_product_id_only,price_via_chain_tcgplayer_id_missing
674,OP04-064,Ms. All Sunday,SP CARD,,2225,674,OP04-064,,base,Base,official-cardlist,OP04/sp/OP04-064_sp.png,https://en.onepiece-cardgame.com/images/cardlist/card/OP04-064.png?260305,1728,2225,2236,HIGH,exact_code_plus_base_flag,2236,514245,Ms. All Sunday,Ms All Sunday,OP04-064,SR,,tcgcsv,2047,2236,0.5,2.15,100.0,1.75,,,2026-04-02 03:06:18,tcgcsv,OP04-064,1,1,1,0,1,0,missing_tcgplayer_product_id_only,price_via_chain_tcgplayer_id_missing
675,OP04-065,Miss.Goldenweek(Marianne),C,,2231,675,OP04-065,,base,Base,official-cardlist,OP04/base/OP04-065.png,https://en.onepiece-cardgame.com/images/cardlist/card/OP04-065.png?260305,1805,2231,2313,HIGH,exact_code_plus_base_flag,2313,516780,Miss.Goldenweek(Marianne),MissGoldenweekMarianne,OP04-065,C,,tcgcsv,2124,2313,0.01,0.15,5.0,0.08,,,2026-04-02 03:06:18,tcgcsv,OP04-065,1,1,1,0,1,0,missing_tcgplayer_product_id_only,price_via_chain_tcgplayer_id_missing
676,OP04-066,Miss.Valentine(Mikita),R,,2233,676,OP04-066,,base,Base,official-cardlist,OP04/base/OP04-066.png,https://en.onepiece-cardgame.com/images/cardlist/card/OP04-066.png?260305,1806,2233,2314,HIGH,exact_code_plus_base_flag,2314,516781,Miss.Valentine(Mikita),MissValentineMikita,OP04-066,R,,tcgcsv,2125,2314,0.01,0.25,10.0,0.15,,,2026-04-02 03:06:18,tcgcsv,OP04-066,1,1,1,0,1,0,missing_tcgplayer_product_id_only,price_via_chain_tcgplayer_id_missing
677,OP04-067,Miss.MerryChristmas(Drophy),C,,2235,677,OP04-067,,base,Base,official-cardlist,OP04/base/OP04-067.png,https://en.onepiece-cardgame.com/images/cardlist/card/OP04-067.png?260305,1807,2235,2315,HIGH,exact_code_plus_base_flag,2315,516782,Miss.MerryChristmas(Drophy),MissMerryChristmasDrophy,OP04-067,C,,tcgcsv,2126,2315,0.01,0.15,1.58,0.06,,,2026-04-02 03:06:18,tcgcsv,OP04-067,1,1,1,0,1,0,missing_tcgplayer_product_id_only,price_via_chain_tcgplayer_id_missing
678,OP04-068,Yokozuna,C,,2237,678,OP04-068,,base,Base,official-cardlist,OP04/base/OP04-068.png,https://en.onepiece-cardgame.com/images/cardlist/card/OP04-068.png?260305,1808,2237,2316,HIGH,exact_code_plus_base_flag,2316,516783,Yokozuna,Yokozuna,OP04-068,C,,tcgcsv,2127,2316,0.01,0.15,1.58,0.05,,,2026-04-02 03:06:18,tcgcsv,OP04-068,1,1,1,0,1,0,missing_tcgplayer_product_id_only,price_via_chain_tcgplayer_id_missing
679,OP04-069,Mr.2.Bon.Kurei(Bentham),UC,,2239,679,OP04-069,,base,Base,official-cardlist,OP04/base/OP04-069.png,https://en.onepiece-cardgame.com/images/cardlist/card/OP04-069.png?260305,1809,2239,2317,HIGH,exact_code_plus_base_flag,2317,516784,Mr.2.Bon.Kurei (Bentham),Mr2BonKurei Bentham,OP04-069,UC,,tcgcsv,2128,2317,0.03,0.15,5.0,0.1,,,2026-04-02 03:06:18,tcgcsv,OP04-069,1,1,1,0,1,0,missing_tcgplayer_product_id_only,price_via_chain_tcgplayer_id_missing
680,OP04-070,Mr.3(Galdino),UC,,2241,680,OP04-070,,base,Base,official-cardlist,OP04/base/OP04-070.png,https://en.onepiece-cardgame.com/images/cardlist/card/OP04-070.png?260305,1810,2241,2318,HIGH,exact_code_plus_base_flag,2318,516785,Mr.3 (Galdino),Mr3 Galdino,OP04-070,UC,,tcgcsv,2129,2318,0.01,0.15,5.0,0.08,,,2026-04-02 03:06:18,tcgcsv,OP04-070,1,1,1,0,1,0,missing_tcgplayer_product_id_only,price_via_chain_tcgplayer_id_missing
681,OP04-071,Mr.4(Babe),UC,,2243,681,OP04-071,,base,Base,official-cardlist,OP04/base/OP04-071.png,https://en.onepiece-cardgame.com/images/cardlist/card/OP04-071.png?260305,1811,2243,2319,HIGH,exact_code_plus_base_flag,2319,516786,Mr.4 (Babe),Mr4 Babe,OP04-071,UC,,tcgcsv,2130,2319,0.01,0.15,5.0,0.09,,,2026-04-02 03:06:18,tcgcsv,OP04-071,1,1,1,0,1,0,missing_tcgplayer_product_id_only,price_via_chain_tcgplayer_id_missing
682,OP04-072,Mr.5(Gem),R,,2245,682,OP04-072,,base,Base,official-cardlist,OP04/base/OP04-072.png,https://en.onepiece-cardgame.com/images/cardlist/card/OP04-072.png?260305,1732,2245,2240,HIGH,exact_code_plus_base_flag,2240,514253,Mr.5 (Gem),Mr5 Gem,OP04-072,R,,tcgcsv,2051,2240,0.01,0.2,10.0,0.1,,,2026-04-02 03:06:18,tcgcsv,OP04-072,1,1,1,0,1,0,missing_tcgplayer_product_id_only,price_via_chain_tcgplayer_id_missing
683,OP04-073,Mr.13 & Ms.Friday,C,,2249,683,OP04-073,,base,Base,official-cardlist,OP04/base/OP04-073.png,https://en.onepiece-cardgame.com/images/cardlist/card/OP04-073.png?260305,1812,2249,2320,HIGH,exact_code_plus_base_flag,2320,516787,Mr.13 & Ms.Friday,Mr13 and MsFriday,OP04-073,C,,tcgcsv,2131,2320,0.01,0.15,2.0,0.1,,,2026-04-02 03:06:18,tcgcsv,OP04-073,1,1,1,0,1,0,missing_tcgplayer_product_id_only,price_via_chain_tcgplayer_id_missing
684,OP04-074,Colors Trap,R,,2251,684,OP04-074,,base,Base,official-cardlist,OP04/base/OP04-074.png,https://en.onepiece-cardgame.com/images/cardlist/card/OP04-074.png?260305,1813,2251,2321,HIGH,exact_code_plus_base_flag,2321,516788,Colors Trap,Colors Trap,OP04-074,R,,tcgcsv,2132,2321,0.01,0.22,25.0,0.08,,,2026-04-02 03:06:18,tcgcsv,OP04-074,1,1,1,0,1,0,missing_tcgplayer_product_id_only,price_via_chain_tcgplayer_id_missing
685,OP04-075,Nez-Palm Cannon,UC,,2253,685,OP04-075,,base,Base,official-cardlist,OP04/base/OP04-075.png,https://en.onepiece-cardgame.com/images/cardlist/card/OP04-075.png?260305,1814,2253,2322,HIGH,exact_code_plus_base_flag,2322,516789,Nez-Palm Cannon,Nez Palm Cannon,OP04-075,UC,,tcgcsv,2133,2322,0.01,0.15,5.0,0.09,,,2026-04-02 03:06:18,tcgcsv,OP04-075,1,1,1,0,1,0,missing_tcgplayer_product_id_only,price_via_chain_tcgplayer_id_missing
686,OP04-076,Weakness...Is an Unforgivable Sin.,C,,2255,686,OP04-076,,base,Base,official-cardlist,OP04/base/OP04-076.png,https://en.onepiece-cardgame.com/images/cardlist/card/OP04-076.png?260305,1815,2255,2323,HIGH,exact_code_plus_base_flag,2323,516790,Weakness...Is an Unforgivable Sin.,WeaknessIs an Unforgivable Sin,OP04-076,C,,tcgcsv,2134,2323,0.01,0.15,2.0,0.06,,,2026-04-02 03:06:18,tcgcsv,OP04-076,1,1,1,0,1,0,missing_tcgplayer_product_id_only,price_via_chain_tcgplayer_id_missing
687,OP04-077,Ideo,C,,2257,687,OP04-077,,base,Base,official-cardlist,OP04/base/OP04-077.png,https://en.onepiece-cardgame.com/images/cardlist/card/OP04-077.png?260305,1816,2257,2324,HIGH,exact_code_plus_base_flag,2324,516791,Ideo,Ideo,OP04-077,C,,tcgcsv,2135,2324,0.02,0.2,2.0,0.08,,,2026-04-02 03:06:18,tcgcsv,OP04-077,1,1,1,0,1,0,missing_tcgplayer_product_id_only,price_via_chain_tcgplayer_id_missing
688,OP04-078,Oimo & Kashii,C,,2261,688,OP04-078,,base,Base,official-cardlist,OP04/base/OP04-078.png,https://en.onepiece-cardgame.com/images/cardlist/card/OP04-078.png?260305,1817,2261,2325,HIGH,exact_code_plus_base_flag,2325,516792,Oimo & Kashii,Oimo and Kashii,OP04-078,C,,tcgcsv,2136,2325,0.01,0.12,2.0,0.04,,,2026-04-02 03:06:18,tcgcsv,OP04-078,1,1,1,0,1,0,missing_tcgplayer_product_id_only,price_via_chain_tcgplayer_id_missing
689,OP04-079,Orlumbus,C,,2263,689,OP04-079,,base,Base,official-cardlist,OP04/base/OP04-079.png,https://en.onepiece-cardgame.com/images/cardlist/card/OP04-079.png?260305,1818,2263,2326,HIGH,exact_code_plus_base_flag,2326,516793,Orlumbus,Orlumbus,OP04-079,C,,tcgcsv,2137,2326,0.01,0.15,2.0,0.05,,,2026-04-02 03:06:18,tcgcsv,OP04-079,1,1,1,0,1,0,missing_tcgplayer_product_id_only,price_via_chain_tcgplayer_id_missing
690,OP04-080,Gyats,UC,,2265,690,OP04-080,,base,Base,official-cardlist,OP04/base/OP04-080.png,https://en.onepiece-cardgame.com/images/cardlist/card/OP04-080.png?260305,1819,2265,2327,HIGH,exact_code_plus_base_flag,2327,516794,Gyats,Gyats,OP04-080,UC,,tcgcsv,2138,2327,0.05,0.25,3100.22,0.18,,,2026-04-02 03:06:18,tcgcsv,OP04-080,1,1,1,0,1,0,missing_tcgplayer_product_id_only,price_via_chain_tcgplayer_id_missing
691,OP04-081,Cavendish,R,,2267,691,OP04-081,,base,Base,official-cardlist,OP04/base/OP04-081.png,https://en.onepiece-cardgame.com/images/cardlist/card/OP04-081.png?260305,1820,2267,2328,HIGH,exact_code_plus_base_flag,2328,516795,Cavendish,Cavendish,OP04-081,R,,tcgcsv,2139,2328,0.01,0.2,10.0,0.2,,,2026-04-02 03:06:18,tcgcsv,OP04-081,1,1,1,0,1,0,missing_tcgplayer_product_id_only,price_via_chain_tcgplayer_id_missing
692,OP04-082,Kyros,R,,2269,692,OP04-082,,base,Base,official-cardlist,OP04/base/OP04-082.png,https://en.onepiece-cardgame.com/images/cardlist/card/OP04-082.png?260305,1734,2269,2242,HIGH,exact_code_plus_base_flag,2242,514436,Kyros,Kyros,OP04-082,R,,tcgcsv,2053,2242,0.01,0.2,10.0,0.1,,,2026-04-02 03:06:18,tcgcsv,OP04-082,1,1,1,0,1,0,missing_tcgplayer_product_id_only,price_via_chain_tcgplayer_id_missing
693,OP04-083,Sabo,SR,,2273,693,OP04-083,,base,Base,official-cardlist,OP04/base/OP04-083.png,https://en.onepiece-cardgame.com/images/cardlist/card/OP04-083.png?260305,632,2273,974,HIGH,exact_code_plus_base_flag,974,518693,Sabo (Sealed Battle 2023 Vol. 1),Sabo Sealed Battle 2023 Vol 1,OP04-083,SR,,tcgcsv,942,974,89.99,117.68,500.0,143.46,,,2026-04-02 03:06:17,tcgcsv,OP04-083,1,1,1,0,1,0,missing_tcgplayer_product_id_only,price_via_chain_tcgplayer_id_missing
694,OP04-084,Stussy,C,,2285,694,OP04-084,,base,Base,official-cardlist,OP04/base/OP04-084.png,https://en.onepiece-cardgame.com/images/cardlist/card/OP04-084.png?260305,1821,2285,2329,HIGH,exact_code_plus_base_flag,2329,516796,Stussy,Stussy,OP04-084,C,,tcgcsv,2140,2329,0.01,0.15,5.0,0.07,,,2026-04-02 03:06:18,tcgcsv,OP04-084,1,1,1,0,1,0,missing_tcgplayer_product_id_only,price_via_chain_tcgplayer_id_missing
695,OP04-085,Suleiman,UC,,2287,695,OP04-085,,base,Base,official-cardlist,OP04/base/OP04-085.png,https://en.onepiece-cardgame.com/images/cardlist/card/OP04-085.png?260305,1822,2287,2330,HIGH,exact_code_plus_base_flag,2330,516797,Suleiman,Suleiman,OP04-085,UC,,tcgcsv,2141,2330,0.01,0.15,5.0,0.07,,,2026-04-02 03:06:18,tcgcsv,OP04-085,1,1,1,0,1,0,missing_tcgplayer_product_id_only,price_via_chain_tcgplayer_id_missing
696,OP04-086,Chinjao,C,,2289,696,OP04-086,,base,Base,official-cardlist,OP04/base/OP04-086.png,https://en.onepiece-cardgame.com/images/cardlist/card/OP04-086.png?260305,1823,2289,2331,HIGH,exact_code_plus_base_flag,2331,516798,Chinjao,Chinjao,OP04-086,C,,tcgcsv,2142,2331,0.01,0.15,2.0,0.04,,,2026-04-02 03:06:18,tcgcsv,OP04-086,1,1,1,0,1,0,missing_tcgplayer_product_id_only,price_via_chain_tcgplayer_id_missing
697,OP04-087,Trafalgar Law,C,,2291,697,OP04-087,,base,Base,official-cardlist,OP04/base/OP04-087.png,https://en.onepiece-cardgame.com/images/cardlist/card/OP04-087.png?260305,1030,2291,1431,HIGH,exact_code_plus_base_flag,1431,599744,Trafalgar Law (Welcome Pack Vol. 1),Trafalgar Law Welcome Pack Vol 1,OP04-087,C,,tcgcsv,1324,1431,0.05,0.52,20.0,0.52,,,2026-04-02 03:06:17,tcgcsv,OP04-087,1,1,1,0,1,0,missing_tcgplayer_product_id_only,price_via_chain_tcgplayer_id_missing
698,OP04-088,Hajrudin,UC,,2293,698,OP04-088,,base,Base,official-cardlist,OP04/base/OP04-088.png,https://en.onepiece-cardgame.com/images/cardlist/card/OP04-088.png?260305,1825,2293,2333,HIGH,exact_code_plus_base_flag,2333,516800,Hajrudin,Hajrudin,OP04-088,UC,,tcgcsv,2144,2333,0.01,0.15,5.0,0.12,,,2026-04-02 03:06:18,tcgcsv,OP04-088,1,1,1,0,1,0,missing_tcgplayer_product_id_only,price_via_chain_tcgplayer_id_missing
699,OP04-089,Bartolomeo,R,,2295,699,OP04-089,,base,Base,official-cardlist,OP04/base/OP04-089.png,https://en.onepiece-cardgame.com/images/cardlist/card/OP04-089.png?260305,791,2295,1152,HIGH,exact_code_plus_base_flag,1152,544619,Bartolomeo (Judge Pack Vol. 3),Bartolomeo Judge Pack Vol 3,OP04-089,R,,tcgcsv,1082,1152,0.3,0.99,2.07,0.43,,,2026-04-02 03:06:17,tcgcsv,OP04-089,1,1,1,0,1,0,missing_tcgplayer_product_id_only,price_via_chain_tcgplayer_id_missing
700,OP04-090,Monkey.D.Luffy,SR,,2304,700,OP04-090,,base,Base,official-cardlist,OP04/base/OP04-090.png,https://en.onepiece-cardgame.com/images/cardlist/card/OP04-090.png?260305,1738,2304,2246,HIGH,exact_code_plus_base_flag,2246,515278,Monkey.D.Luffy (090),MonkeyDLuffy 090,OP04-090,SR,,tcgcsv,2057,2246,1.75,3.5,50.0,2.55,,,2026-04-02 03:06:18,tcgcsv,OP04-090,1,1,1,0,1,0,missing_tcgplayer_product_id_only,price_via_chain_tcgplayer_id_missing
701,OP04-091,Leo,UC,,2308,701,OP04-091,,base,Base,official-cardlist,OP04/base/OP04-091.png,https://en.onepiece-cardgame.com/images/cardlist/card/OP04-091.png?260305,1827,2308,2335,HIGH,exact_code_plus_base_flag,2335,516802,Leo,Leo,OP04-091,UC,,tcgcsv,2146,2335,0.02,0.15,5.0,0.06,,,2026-04-02 03:06:18,tcgcsv,OP04-091,1,1,1,0,1,0,missing_tcgplayer_product_id_only,price_via_chain_tcgplayer_id_missing
702,OP04-092,Rebecca,R,,2310,702,OP04-092,,base,Base,official-cardlist,OP04/base/OP04-092.png,https://en.onepiece-cardgame.com/images/cardlist/card/OP04-092.png?260305,1088,2310,1515,HIGH,exact_code_plus_base_flag,1515,622591,Rebecca (Tournament Pack 2025 Vol. 2),Rebecca Tournament Pack 2025 Vol 2,OP04-092,R,,tcgcsv,1404,1515,0.15,0.35,1.99,0.31,,,2026-04-02 03:06:17,tcgcsv,OP04-092,1,1,1,0,1,0,missing_tcgplayer_product_id_only,price_via_chain_tcgplayer_id_missing
703,OP04-093,Gum-Gum King Kong Gun,UC,,2317,703,OP04-093,,base,Base,official-cardlist,OP04/base/OP04-093.png,https://en.onepiece-cardgame.com/images/cardlist/card/OP04-093.png?260305,1829,2317,2337,HIGH,exact_code_plus_base_flag,2337,516804,Gum-Gum King Kong Gun,Gum Gum King Kong Gun,OP04-093,UC,,tcgcsv,2148,2337,0.1,0.25,5.0,0.21,,,2026-04-02 03:06:18,tcgcsv,OP04-093,1,1,1,0,1,0,missing_tcgplayer_product_id_only,price_via_chain_tcgplayer_id_missing
704,OP04-094,Trueno Bastardo,R,,2319,704,OP04-094,,base,Base,official-cardlist,OP04/base/OP04-094.png,https://en.onepiece-cardgame.com/images/cardlist/card/OP04-094.png?260305,1830,2319,2338,HIGH,exact_code_plus_base_flag,2338,516805,Trueno Bastardo,Trueno Bastardo,OP04-094,R,,tcgcsv,2149,2338,0.04,0.25,10.0,0.15,,,2026-04-02 03:06:18,tcgcsv,OP04-094,1,1,1,0,1,0,missing_tcgplayer_product_id_only,price_via_chain_tcgplayer_id_missing
705,OP04-095,Barrier!!,C,,2321,705,OP04-095,,base,Base,official-cardlist,OP04/base/OP04-095.png,https://en.onepiece-cardgame.com/images/cardlist/card/OP04-095.png?260305,1007,2321,1404,HIGH,exact_code_plus_base_flag,1404,587231,Barrier!! (Premium Card Collection -Best Selection Vol. 2-),Barrier Premium Card Collection Best Selection Vol 2,OP04-095,C,,tcgcsv,1298,1404,2.38,3.33,40.0,2.89,,,2026-04-02 03:06:17,tcgcsv,OP04-095,1,1,1,0,1,0,missing_tcgplayer_product_id_only,price_via_chain_tcgplayer_id_missing
706,OP04-096,Corrida Coliseum,C,,2327,706,OP04-096,,base,Base,official-cardlist,OP04/base/OP04-096.png,https://en.onepiece-cardgame.com/images/cardlist/card/OP04-096.png?260305,1176,2327,1614,HIGH,exact_code_plus_base_flag,1614,641221,Corrida Coliseum (Judge Pack Vol. 6),Corrida Coliseum Judge Pack Vol 6,OP04-096,C,,tcgcsv,1492,1614,0.33,0.75,2.5,0.57,,,2026-04-02 03:06:17,tcgcsv,OP04-096,1,1,1,0,1,0,missing_tcgplayer_product_id_only,price_via_chain_tcgplayer_id_missing
707,OP04-097,Otama,C,,2331,707,OP04-097,,base,Base,official-cardlist,OP04/base/OP04-097.png,https://en.onepiece-cardgame.com/images/cardlist/card/OP04-097.png?260305,1833,2331,2341,HIGH,exact_code_plus_base_flag,2341,516808,Otama,Otama,OP04-097,C,,tcgcsv,2152,2341,0.01,0.15,5.0,0.06,,,2026-04-02 03:06:18,tcgcsv,OP04-097,1,1,1,0,1,0,missing_tcgplayer_product_id_only,price_via_chain_tcgplayer_id_missing
708,OP04-098,Toko,UC,,2333,708,OP04-098,,base,Base,official-cardlist,OP04/base/OP04-098.png,https://en.onepiece-cardgame.com/images/cardlist/card/OP04-098.png?260305,1834,2333,2342,HIGH,exact_code_plus_base_flag,2342,516809,Toko,Toko,OP04-098,UC,,tcgcsv,2153,2342,0.01,0.15,5.0,0.1,,,2026-04-02 03:06:18,tcgcsv,OP04-098,1,1,1,0,1,0,missing_tcgplayer_product_id_only,price_via_chain_tcgplayer_id_missing
709,OP04-099,Olin,R,,2335,709,OP04-099,,base,Base,official-cardlist,OP04/base/OP04-099.png,https://en.onepiece-cardgame.com/images/cardlist/card/OP04-099.png?260305,1835,2335,2343,HIGH,exact_code_plus_base_flag,2343,516810,Olin,Olin,OP04-099,R,,tcgcsv,2154,2343,0.03,0.2,10.0,0.13,,,2026-04-02 03:06:18,tcgcsv,OP04-099,1,1,1,0,1,0,missing_tcgplayer_product_id_only,price_via_chain_tcgplayer_id_missing
710,OP04-100,"Capone""Gang""Bege",R,,2337,710,OP04-100,,base,Base,official-cardlist,OP04/base/OP04-100.png,https://en.onepiece-cardgame.com/images/cardlist/card/OP04-100.png?260305,700,2337,1051,HIGH,exact_code_plus_base_flag,1051,525680,"Capone""Gang""Bege (CS 2023 Top Players Pack)",CaponeGangBege CS 2023 Top Players Pack,OP04-100,R,,tcgcsv,,,,,,,,,,,OP04-100,1,1,1,0,1,0,missing_tcgplayer_product_id_only,price_via_chain_tcgplayer_id_missing
711,OP04-101,Carmel,C,,2347,711,OP04-101,,base,Base,official-cardlist,OP04/base/OP04-101.png,https://en.onepiece-cardgame.com/images/cardlist/card/OP04-101.png?260305,1836,2347,2344,HIGH,exact_code_plus_base_flag,2344,516811,Carmel,Carmel,OP04-101,C,,tcgcsv,2155,2344,0.02,0.16,2.0,0.07,,,2026-04-02 03:06:18,tcgcsv,OP04-101,1,1,1,0,1,0,missing_tcgplayer_product_id_only,price_via_chain_tcgplayer_id_missing
712,OP04-102,Kin'emon,R,,2349,712,OP04-102,,base,Base,official-cardlist,OP04/base/OP04-102.png,https://en.onepiece-cardgame.com/images/cardlist/card/OP04-102.png?260305,1837,2349,2345,HIGH,exact_code_plus_base_flag,2345,516812,Kin'emon,Kinemon,OP04-102,R,,tcgcsv,2156,2345,0.01,0.2,10.0,0.07,,,2026-04-02 03:06:18,tcgcsv,OP04-102,1,1,1,0,1,0,missing_tcgplayer_product_id_only,price_via_chain_tcgplayer_id_missing
713,OP04-103,Kouzuki Hiyori,UC,,2351,713,OP04-103,,base,Base,official-cardlist,OP04/base/OP04-103.png,https://en.onepiece-cardgame.com/images/cardlist/card/OP04-103.png?260305,1838,2351,2346,HIGH,exact_code_plus_base_flag,2346,516813,Kouzuki Hiyori,Kouzuki Hiyori,OP04-103,UC,,tcgcsv,2157,2346,0.04,0.2,5.0,0.18,,,2026-04-02 03:06:18,tcgcsv,OP04-103,1,1,1,0,1,0,missing_tcgplayer_product_id_only,price_via_chain_tcgplayer_id_missing
714,OP04-104,Sanji,SR,,2353,714,OP04-104,,base,Base,official-cardlist,OP04/base/OP04-104.png,https://en.onepiece-cardgame.com/images/cardlist/card/OP04-104.png?260305,1742,2353,2250,HIGH,exact_code_plus_base_flag,2250,515282,Sanji (104),Sanji 104,OP04-104,SR,,tcgcsv,2061,2250,0.1,0.5,25.0,0.33,,,2026-04-02 03:06:18,tcgcsv,OP04-104,1,1,1,0,1,0,missing_tcgplayer_product_id_only,price_via_chain_tcgplayer_id_missing
715,OP04-105,Charlotte Amande,R,,2360,715,OP04-105,,base,Base,official-cardlist,OP04/base/OP04-105.png,https://en.onepiece-cardgame.com/images/cardlist/card/OP04-105.png?260305,828,2360,1197,HIGH,exact_code_plus_base_flag,1197,546670,Charlotte Amande (Premium Card Collection -Best Selection Vol. 1-),Charlotte Amande Premium Card Collection Best Selection Vol 1,OP04-105,R,,tcgcsv,1117,1197,2.19,3.48,50.0,2.46,,,2026-04-02 03:06:17,tcgcsv,OP04-105,1,1,1,0,1,0,missing_tcgplayer_product_id_only,price_via_chain_tcgplayer_id_missing
716,OP04-106,Charlotte Bavarois,C,,2364,716,OP04-106,,base,Base,official-cardlist,OP04/base/OP04-106.png,https://en.onepiece-cardgame.com/images/cardlist/card/OP04-106.png?260305,1840,2364,2348,HIGH,exact_code_plus_base_flag,2348,516815,Charlotte Bavarois,Charlotte Bavarois,OP04-106,C,,tcgcsv,2159,2348,0.01,0.15,2.0,0.06,,,2026-04-02 03:06:18,tcgcsv,OP04-106,1,1,1,0,1,0,missing_tcgplayer_product_id_only,price_via_chain_tcgplayer_id_missing
717,OP04-107,Charlotte Perospero,C,,2366,717,OP04-107,,base,Base,official-cardlist,OP04/base/OP04-107.png,https://en.onepiece-cardgame.com/images/cardlist/card/OP04-107.png?260305,1841,2366,2349,HIGH,exact_code_plus_base_flag,2349,516816,Charlotte Perospero,Charlotte Perospero,OP04-107,C,,tcgcsv,2160,2349,0.01,0.15,10.0,0.05,,,2026-04-02 03:06:18,tcgcsv,OP04-107,1,1,1,0,1,0,missing_tcgplayer_product_id_only,price_via_chain_tcgplayer_id_missing
718,OP04-108,Charlotte Moscato,UC,,2368,718,OP04-108,,base,Base,official-cardlist,OP04/base/OP04-108.png,https://en.onepiece-cardgame.com/images/cardlist/card/OP04-108.png?260305,1842,2368,2350,HIGH,exact_code_plus_base_flag,2350,516817,Charlotte Moscato,Charlotte Moscato,OP04-108,UC,,tcgcsv,2161,2350,0.01,0.15,5.0,0.1,,,2026-04-02 03:06:18,tcgcsv,OP04-108,1,1,1,0,1,0,missing_tcgplayer_product_id_only,price_via_chain_tcgplayer_id_missing
719,OP04-109,Tonoyasu,C,,2370,719,OP04-109,,base,Base,official-cardlist,OP04/base/OP04-109.png,https://en.onepiece-cardgame.com/images/cardlist/card/OP04-109.png?260305,1843,2370,2351,HIGH,exact_code_plus_base_flag,2351,516818,Tonoyasu,Tonoyasu,OP04-109,C,,tcgcsv,2162,2351,0.01,0.17,1.58,0.08,,,2026-04-02 03:06:18,tcgcsv,OP04-109,1,1,1,0,1,0,missing_tcgplayer_product_id_only,price_via_chain_tcgplayer_id_missing
720,OP04-110,Pound,C,,2372,720,OP04-110,,base,Base,official-cardlist,OP04/base/OP04-110.png,https://en.onepiece-cardgame.com/images/cardlist/card/OP04-110.png?260305,1844,2372,2352,HIGH,exact_code_plus_base_flag,2352,516819,Pound,Pound,OP04-110,C,,tcgcsv,2163,2352,0.01,0.15,1.58,0.03,,,2026-04-02 03:06:18,tcgcsv,OP04-110,1,1,1,0,1,0,missing_tcgplayer_product_id_only,price_via_chain_tcgplayer_id_missing
721,OP04-111,Hera,UC,,2374,721,OP04-111,,base,Base,official-cardlist,OP04/base/OP04-111.png,https://en.onepiece-cardgame.com/images/cardlist/card/OP04-111.png?260305,1845,2374,2353,HIGH,exact_code_plus_base_flag,2353,516820,Hera,Hera,OP04-111,UC,,tcgcsv,2164,2353,0.01,0.15,5.0,0.06,,,2026-04-02 03:06:18,tcgcsv,OP04-111,1,1,1,0,1,0,missing_tcgplayer_product_id_only,price_via_chain_tcgplayer_id_missing
722,OP04-112,Yamato,SR,,2376,722,OP04-112,,base,Base,official-cardlist,OP04/base/OP04-112.png,https://en.onepiece-cardgame.com/images/cardlist/card/OP04-112.png?260305,905,2376,1286,HIGH,exact_code_plus_base_flag,1286,579364,Yamato (Championship 2024 Finals Winner),Yamato Championship 2024 Finals Winner,OP04-112,SR,,tcgcsv,,,,,,,,,,,OP04-112,1,1,1,0,1,0,missing_tcgplayer_product_id_only,price_via_chain_tcgplayer_id_missing
723,OP04-113,Rabiyan,C,,2384,723,OP04-113,,base,Base,official-cardlist,OP04/base/OP04-113.png,https://en.onepiece-cardgame.com/images/cardlist/card/OP04-113.png?260305,1846,2384,2354,HIGH,exact_code_plus_base_flag,2354,516821,Rabiyan,Rabiyan,OP04-113,C,,tcgcsv,2165,2354,0.01,0.15,2.0,0.05,,,2026-04-02 03:06:18,tcgcsv,OP04-113,1,1,1,0,1,0,missing_tcgplayer_product_id_only,price_via_chain_tcgplayer_id_missing
724,OP04-114,Randolph,C,,2386,724,OP04-114,,base,Base,official-cardlist,OP04/base/OP04-114.png,https://en.onepiece-cardgame.com/images/cardlist/card/OP04-114.png?260305,1847,2386,2355,HIGH,exact_code_plus_base_flag,2355,516822,Randolph,Randolph,OP04-114,C,,tcgcsv,2166,2355,0.01,0.15,1.58,0.06,,,2026-04-02 03:06:18,tcgcsv,OP04-114,1,1,1,0,1,0,missing_tcgplayer_product_id_only,price_via_chain_tcgplayer_id_missing
725,OP04-115,Gun Modoki,C,,2388,725,OP04-115,,base,Base,official-cardlist,OP04/base/OP04-115.png,https://en.onepiece-cardgame.com/images/cardlist/card/OP04-115.png?260305,1848,2388,2356,HIGH,exact_code_plus_base_flag,2356,516823,Gun Modoki,Gun Modoki,OP04-115,C,,tcgcsv,2167,2356,0.01,0.15,2.0,0.08,,,2026-04-02 03:06:18,tcgcsv,OP04-115,1,1,1,0,1,0,missing_tcgplayer_product_id_only,price_via_chain_tcgplayer_id_missing
726,OP04-116,Diable Jambe Joue Shot,UC,,2390,726,OP04-116,,base,Base,official-cardlist,OP04/base/OP04-116.png,https://en.onepiece-cardgame.com/images/cardlist/card/OP04-116.png?260305,1849,2390,2357,HIGH,exact_code_plus_base_flag,2357,516824,Diable Jambe Joue Shot,Diable Jambe Joue Shot,OP04-116,UC,,tcgcsv,2168,2357,0.01,0.15,5.0,0.09,,,2026-04-02 03:06:18,tcgcsv,OP04-116,1,1,1,0,1,0,missing_tcgplayer_product_id_only,price_via_chain_tcgplayer_id_missing
727,OP04-117,Heavenly Fire,R,,2392,727,OP04-117,,base,Base,official-cardlist,OP04/base/OP04-117.png,https://en.onepiece-cardgame.com/images/cardlist/card/OP04-117.png?260305,1850,2392,2358,HIGH,exact_code_plus_base_flag,2358,516825,Heavenly Fire,Heavenly Fire,OP04-117,R,,tcgcsv,2169,2358,0.01,0.2,10.0,0.09,,,2026-04-02 03:06:18,tcgcsv,OP04-117,1,1,1,0,1,0,missing_tcgplayer_product_id_only,price_via_chain_tcgplayer_id_missing
728,OP04-118,Nefeltari Vivi,SEC,,2394,728,OP04-118,,base,Base,official-cardlist,OP04/base/OP04-118.png,https://en.onepiece-cardgame.com/images/cardlist/card/OP04-118.png?260305,1746,2394,2254,HIGH,exact_code_plus_base_flag,2254,515312,Nefeltari Vivi (118),Nefeltari Vivi 118,OP04-118,SEC,,tcgcsv,2065,2254,4.0,9.61,100.0,7.85,,,2026-04-02 03:06:18,tcgcsv,OP04-118,1,1,1,0,1,0,missing_tcgplayer_product_id_only,price_via_chain_tcgplayer_id_missing
729,OP04-119,Donquixote Rosinante,SP CARD,,2398,729,OP04-119,,base,Base,official-cardlist,OP04/base/OP04-119.png,https://en.onepiece-cardgame.com/images/cardlist/card/OP04-119.png?260305,1748,2398,2256,HIGH,exact_code_plus_base_flag,2256,515594,Donquixote Rosinante,Donquixote Rosinante,OP04-119,SEC,,tcgcsv,2067,2256,2.0,4.64,50.0,3.8,,,2026-04-02 03:06:18,tcgcsv,OP04-119,1,1,1,0,1,0,missing_tcgplayer_product_id_only,price_via_chain_tcgplayer_id_missing
730,OP05-001,Sabo,L,,2404,730,OP05-001,,base,Base,official-cardlist,OP05/base/OP05-001.png,https://en.onepiece-cardgame.com/images/cardlist/card/OP05-001.png?260305,1857,2404,2374,HIGH,exact_code_plus_base_flag,2374,527007,Sabo (001) (Alternate Art),Sabo 001 Alternate Art,OP05-001,L,,tcgcsv,2185,2374,17.99,22.93,224.99,19.64,,,2026-04-02 03:06:18,tcgcsv,OP05-001,1,1,1,0,1,0,missing_tcgplayer_product_id_only,price_via_chain_tcgplayer_id_missing
731,OP05-002,Belo Betty,L,,2409,731,OP05-002,,base,Base,official-cardlist,OP05/base/OP05-002.png,https://en.onepiece-cardgame.com/images/cardlist/card/OP05-002.png?260305,1858,2409,2375,HIGH,exact_code_plus_base_flag,2375,527008,Belo Betty (002) (Alternate Art),Belo Betty 002 Alternate Art,OP05-002,L,,tcgcsv,2186,2375,25.68,34.5,199.99,33.26,,,2026-04-02 03:06:18,tcgcsv,OP05-002,1,1,1,0,1,0,missing_tcgplayer_product_id_only,price_via_chain_tcgplayer_id_missing
732,OP05-003,Inazuma,UC,,2414,732,OP05-003,,base,Base,official-cardlist,OP05/base/OP05-003.png,https://en.onepiece-cardgame.com/images/cardlist/card/OP05-003.png?260305,1903,2414,2423,HIGH,exact_code_plus_base_flag,2423,528532,Inazuma,Inazuma,OP05-003,UC,,tcgcsv,2233,2423,0.2,0.37,50.0,0.31,,,2026-04-02 03:06:18,tcgcsv,OP05-003,1,1,1,0,1,0,missing_tcgplayer_product_id_only,price_via_chain_tcgplayer_id_missing
733,OP05-004,Emporio.Ivankov,UC,,2416,733,OP05-004,,base,Base,official-cardlist,OP05/base/OP05-004.png,https://en.onepiece-cardgame.com/images/cardlist/card/OP05-004.png?260305,1028,2416,1429,HIGH,exact_code_plus_base_flag,1429,599737,Emporio.Ivankov (Welcome Pack Vol. 1),EmporioIvankov Welcome Pack Vol 1,OP05-004,UC,,tcgcsv,1322,1429,0.1,0.5,24.0,0.35,,,2026-04-02 03:06:17,tcgcsv,OP05-004,1,1,1,0,1,0,missing_tcgplayer_product_id_only,price_via_chain_tcgplayer_id_missing
734,OP05-005,Karasu,R,,2422,734,OP05-005,,base,Base,official-cardlist,OP05/base/OP05-005.png,https://en.onepiece-cardgame.com/images/cardlist/card/OP05-005.png?260305,997,2422,1394,HIGH,exact_code_plus_base_flag,1394,587221,Karasu (Premium Card Collection -Best Selection Vol. 2-),Karasu Premium Card Collection Best Selection Vol 2,OP05-005,R,,tcgcsv,1288,1394,6.0,8.32,40.0,7.09,,,2026-04-02 03:06:17,tcgcsv,OP05-005,1,1,1,0,1,0,missing_tcgplayer_product_id_only,price_via_chain_tcgplayer_id_missing
735,OP05-006,Koala,SR,,2425,735,OP05-006,,base,Base,official-cardlist,OP05/base/OP05-006.png,https://en.onepiece-cardgame.com/images/cardlist/card/OP05-006.png?260305,1881,2425,2401,HIGH,exact_code_plus_base_flag,2401,527663,Koala,Koala,OP05-006,SR,,tcgcsv,2211,2401,0.81,1.8,50.0,1.58,,,2026-04-02 03:06:18,tcgcsv,OP05-006,1,1,1,0,1,0,missing_tcgplayer_product_id_only,price_via_chain_tcgplayer_id_missing
736,OP05-007,Sabo,SR,,2433,736,OP05-007,,base,Base,official-cardlist,OP05/base/OP05-007.png,https://en.onepiece-cardgame.com/images/cardlist/card/OP05-007.png?260305,1410,2433,1881,HIGH,exact_code_plus_base_flag,1881,671734,Sabo (Illustration Box Vol.5),Sabo Illustration Box Vol5,OP05-007,SR,,tcgcsv,1714,1881,0.25,0.99,48.0,0.64,,,2026-04-02 03:06:17,tcgcsv,OP05-007,1,1,1,0,1,0,missing_tcgplayer_product_id_only,price_via_chain_tcgplayer_id_missing
737,OP05-008,Chaka,UC,,2441,737,OP05-008,,base,Base,official-cardlist,OP05/base/OP05-008.png,https://en.onepiece-cardgame.com/images/cardlist/card/OP05-008.png?260305,1066,2441,1477,HIGH,exact_code_plus_base_flag,1477,619203,Chaka (Judge Pack Vol. 5),Chaka Judge Pack Vol 5,OP05-008,UC,,tcgcsv,1370,1477,0.18,0.81,10.0,0.73,,,2026-04-02 03:06:17,tcgcsv,OP05-008,1,1,1,0,1,0,missing_tcgplayer_product_id_only,price_via_chain_tcgplayer_id_missing
738,OP05-009,Toh-Toh,C,,2443,738,OP05-009,,base,Base,official-cardlist,OP05/base/OP05-009.png,https://en.onepiece-cardgame.com/images/cardlist/card/OP05-009.png?260305,1907,2443,2427,HIGH,exact_code_plus_base_flag,2427,528538,Toh-Toh,Toh Toh,OP05-009,C,,tcgcsv,2237,2427,0.01,0.1,1.58,0.06,,,2026-04-02 03:06:18,tcgcsv,OP05-009,1,1,1,0,1,0,missing_tcgplayer_product_id_only,price_via_chain_tcgplayer_id_missing
739,OP05-010,Nico Robin,UC,,2445,739,OP05-010,,base,Base,official-cardlist,OP05/base/OP05-010.png,https://en.onepiece-cardgame.com/images/cardlist/card/OP05-010.png?260305,956,2445,1350,HIGH,exact_code_plus_base_flag,1350,583747,Nico Robin (Judge Pack Vol. 4),Nico Robin Judge Pack Vol 4,OP05-010,UC,,tcgcsv,1253,1350,4.99,7.88,100.0,7.16,,,2026-04-02 03:06:17,tcgcsv,OP05-010,1,1,1,0,1,0,missing_tcgplayer_product_id_only,price_via_chain_tcgplayer_id_missing
740,OP05-011,Bartholomew Kuma,C,,2451,740,OP05-011,,base,Base,official-cardlist,OP05/base/OP05-011.png,https://en.onepiece-cardgame.com/images/cardlist/card/OP05-011.png?260305,1215,2451,1658,HIGH,exact_code_plus_base_flag,1658,648088,Bartholomew Kuma (Seven Warlords of the Sea Binder Set),Bartholomew Kuma Seven Warlords of the Sea Binder Set,OP05-011,C,,tcgcsv,1529,1658,8.61,10.02,40.0,9.82,,,2026-04-02 03:06:17,tcgcsv,OP05-011,1,1,1,0,1,0,missing_tcgplayer_product_id_only,price_via_chain_tcgplayer_id_missing
741,OP05-012,Hack,C,,2454,741,OP05-012,,base,Base,official-cardlist,OP05/base/OP05-012.png,https://en.onepiece-cardgame.com/images/cardlist/card/OP05-012.png?260305,1910,2454,2430,HIGH,exact_code_plus_base_flag,2430,528541,Hack,Hack,OP05-012,C,,tcgcsv,2240,2430,0.01,0.12,1.58,0.04,,,2026-04-02 03:06:18,tcgcsv,OP05-012,1,1,1,0,1,0,missing_tcgplayer_product_id_only,price_via_chain_tcgplayer_id_missing
742,OP05-013,Bunny Joe,C,,2456,742,OP05-013,,base,Base,official-cardlist,OP05/base/OP05-013.png,https://en.onepiece-cardgame.com/images/cardlist/card/OP05-013.png?260305,1911,2456,2431,HIGH,exact_code_plus_base_flag,2431,528542,Bunny Joe,Bunny Joe,OP05-013,C,,tcgcsv,2241,2431,0.01,0.13,1.58,0.06,,,2026-04-02 03:06:18,tcgcsv,OP05-013,1,1,1,0,1,0,missing_tcgplayer_product_id_only,price_via_chain_tcgplayer_id_missing
743,OP05-014,Pell,C,,2458,743,OP05-014,,base,Base,official-cardlist,OP05/base/OP05-014.png,https://en.onepiece-cardgame.com/images/cardlist/card/OP05-014.png?260305,792,2458,1153,HIGH,exact_code_plus_base_flag,1153,544620,Pell (Judge Pack Vol. 3),Pell Judge Pack Vol 3,OP05-014,C,,tcgcsv,1083,1153,0.1,0.43,2.0,0.32,,,2026-04-02 03:06:17,tcgcsv,OP05-014,1,1,1,0,1,0,missing_tcgplayer_product_id_only,price_via_chain_tcgplayer_id_missing
744,OP05-015,Belo Betty,R,,2460,744,OP05-015,,base,Base,official-cardlist,OP05/base/OP05-015.png,https://en.onepiece-cardgame.com/images/cardlist/card/OP05-015.png?260305,793,2460,1154,HIGH,exact_code_plus_base_flag,1154,544621,Belo Betty (Judge Pack Vol. 3),Belo Betty Judge Pack Vol 3,OP05-015,R,,tcgcsv,1084,1154,1.0,5.99,5.99,1.86,,,2026-04-02 03:06:17,tcgcsv,OP05-015,1,1,1,0,1,0,missing_tcgplayer_product_id_only,price_via_chain_tcgplayer_id_missing
745,OP05-016,Morley,R,,2469,745,OP05-016,,base,Base,official-cardlist,OP05/base/OP05-016.png,https://en.onepiece-cardgame.com/images/cardlist/card/OP05-016.png?260305,1914,2469,2434,HIGH,exact_code_plus_base_flag,2434,528547,Morley,Morley,OP05-016,R,,tcgcsv,2244,2434,0.05,0.25,5.0,0.2,,,2026-04-02 03:06:18,tcgcsv,OP05-016,1,1,1,0,1,0,missing_tcgplayer_product_id_only,price_via_chain_tcgplayer_id_missing
746,OP05-017,Lindbergh,R,,2471,746,OP05-017,,base,Base,official-cardlist,OP05/base/OP05-017.png,https://en.onepiece-cardgame.com/images/cardlist/card/OP05-017.png?260305,1915,2471,2435,HIGH,exact_code_plus_base_flag,2435,528548,Lindbergh,Lindbergh,OP05-017,R,,tcgcsv,2245,2435,0.25,0.62,25.0,0.44,,,2026-04-02 03:06:18,tcgcsv,OP05-017,1,1,1,0,1,0,missing_tcgplayer_product_id_only,price_via_chain_tcgplayer_id_missing
747,OP05-018,Emporio Energy Hormone,C,,2473,747,OP05-018,,base,Base,official-cardlist,OP05/base/OP05-018.png,https://en.onepiece-cardgame.com/images/cardlist/card/OP05-018.png?260305,1916,2473,2436,HIGH,exact_code_plus_base_flag,2436,528550,Emporio Energy Hormone,Emporio Energy Hormone,OP05-018,C,,tcgcsv,2246,2436,0.01,0.15,1.58,0.09,,,2026-04-02 03:06:18,tcgcsv,OP05-018,1,1,1,0,1,0,missing_tcgplayer_product_id_only,price_via_chain_tcgplayer_id_missing
748,OP05-019,Fire Fist,R,,2475,748,OP05-019,,base,Base,official-cardlist,OP05/base/OP05-019.png,https://en.onepiece-cardgame.com/images/cardlist/card/OP05-019.png?260305,1003,2475,1400,HIGH,exact_code_plus_base_flag,1400,587227,Fire Fist (Premium Card Collection -Best Selection Vol. 2-),Fire Fist Premium Card Collection Best Selection Vol 2,OP05-019,R,,tcgcsv,1294,1400,13.53,15.8,40.0,14.73,,,2026-04-02 03:06:17,tcgcsv,OP05-019,1,1,1,0,1,0,missing_tcgplayer_product_id_only,price_via_chain_tcgplayer_id_missing
749,OP05-020,Four Thousand-Brick Fist,UC,,2478,749,OP05-020,,base,Base,official-cardlist,OP05/base/OP05-020.png,https://en.onepiece-cardgame.com/images/cardlist/card/OP05-020.png?260305,1918,2478,2438,HIGH,exact_code_plus_base_flag,2438,528553,Four Thousand-Brick Fist,Four Thousand Brick Fist,OP05-020,UC,,tcgcsv,2248,2438,0.01,0.15,9.1,0.06,,,2026-04-02 03:06:18,tcgcsv,OP05-020,1,1,1,0,1,0,missing_tcgplayer_product_id_only,price_via_chain_tcgplayer_id_missing
750,OP05-021,Revolutionary Army HQ,UC,,2480,750,OP05-021,,base,Base,official-cardlist,OP05/base/OP05-021.png,https://en.onepiece-cardgame.com/images/cardlist/card/OP05-021.png?260305,1919,2480,2439,HIGH,exact_code_plus_base_flag,2439,528555,Revolutionary Army HQ,Revolutionary Army HQ,OP05-021,UC,,tcgcsv,2249,2439,0.15,0.29,5.0,0.26,,,2026-04-02 03:06:18,tcgcsv,OP05-021,1,1,1,0,1,0,missing_tcgplayer_product_id_only,price_via_chain_tcgplayer_id_missing
751,OP05-022,Donquixote Rosinante,L,,2484,751,OP05-022,,base,Base,official-cardlist,OP05/base/OP05-022.png,https://en.onepiece-cardgame.com/images/cardlist/card/OP05-022.png?260305,1860,2484,2377,HIGH,exact_code_plus_base_flag,2377,527010,Donquixote Rosinante (022) (Alternate Art),Donquixote Rosinante 022 Alternate Art,OP05-022,L,,tcgcsv,2188,2377,18.0,24.18,149.99,22.24,,,2026-04-02 03:06:18,tcgcsv,OP05-022,1,1,1,0,1,0,missing_tcgplayer_product_id_only,price_via_chain_tcgplayer_id_missing
752,OP05-023,Vergo,R,,2489,752,OP05-023,,base,Base,official-cardlist,OP05/base/OP05-023.png,https://en.onepiece-cardgame.com/images/cardlist/card/OP05-023.png?260305,1921,2489,2441,HIGH,exact_code_plus_base_flag,2441,528559,Vergo,Vergo,OP05-023,R,,tcgcsv,2251,2441,0.01,0.19,5.0,0.12,,,2026-04-02 03:06:18,tcgcsv,OP05-023,1,1,1,0,1,0,missing_tcgplayer_product_id_only,price_via_chain_tcgplayer_id_missing
753,OP05-024,Kuween,C,,2491,753,OP05-024,,base,Base,official-cardlist,OP05/base/OP05-024.png,https://en.onepiece-cardgame.com/images/cardlist/card/OP05-024.png?260305,1922,2491,2442,HIGH,exact_code_plus_base_flag,2442,528560,Kuween,Kuween,OP05-024,C,,tcgcsv,2252,2442,0.01,0.15,4.05,0.06,,,2026-04-02 03:06:18,tcgcsv,OP05-024,1,1,1,0,1,0,missing_tcgplayer_product_id_only,price_via_chain_tcgplayer_id_missing
754,OP05-025,Gladius,C,,2493,754,OP05-025,,base,Base,official-cardlist,OP05/base/OP05-025.png,https://en.onepiece-cardgame.com/images/cardlist/card/OP05-025.png?260305,1923,2493,2443,HIGH,exact_code_plus_base_flag,2443,528562,Gladius,Gladius,OP05-025,C,,tcgcsv,2253,2443,0.01,0.12,1.58,0.03,,,2026-04-02 03:06:18,tcgcsv,OP05-025,1,1,1,0,1,0,missing_tcgplayer_product_id_only,price_via_chain_tcgplayer_id_missing
755,OP05-026,Sarquiss,C,,2495,755,OP05-026,,base,Base,official-cardlist,OP05/base/OP05-026.png,https://en.onepiece-cardgame.com/images/cardlist/card/OP05-026.png?260305,1924,2495,2444,HIGH,exact_code_plus_base_flag,2444,528564,Sarquiss,Sarquiss,OP05-026,C,,tcgcsv,2254,2444,0.01,0.1,1.58,0.05,,,2026-04-02 03:06:18,tcgcsv,OP05-026,1,1,1,0,1,0,missing_tcgplayer_product_id_only,price_via_chain_tcgplayer_id_missing
756,OP05-027,Trafalgar Law,UC,,2497,756,OP05-027,,base,Base,official-cardlist,OP05/base/OP05-027.png,https://en.onepiece-cardgame.com/images/cardlist/card/OP05-027.png?260305,1925,2497,2445,HIGH,exact_code_plus_base_flag,2445,528566,Trafalgar Law (027),Trafalgar Law 027,OP05-027,UC,,tcgcsv,2255,2445,0.01,0.15,1.58,0.13,,,2026-04-02 03:06:18,tcgcsv,OP05-027,1,1,1,0,1,0,missing_tcgplayer_product_id_only,price_via_chain_tcgplayer_id_missing
757,OP05-028,Donquixote Doflamingo,C,,2499,757,OP05-028,,base,Base,official-cardlist,OP05/base/OP05-028.png,https://en.onepiece-cardgame.com/images/cardlist/card/OP05-028.png?260305,1926,2499,2446,HIGH,exact_code_plus_base_flag,2446,528568,Donquixote Doflamingo (028),Donquixote Doflamingo 028,OP05-028,C,,tcgcsv,2256,2446,0.01,0.15,1.5,0.07,,,2026-04-02 03:06:18,tcgcsv,OP05-028,1,1,1,0,1,0,missing_tcgplayer_product_id_only,price_via_chain_tcgplayer_id_missing
758,OP05-029,Donquixote Doflamingo,UC,,2501,758,OP05-029,,base,Base,official-cardlist,OP05/base/OP05-029.png,https://en.onepiece-cardgame.com/images/cardlist/card/OP05-029.png?260305,1927,2501,2447,HIGH,exact_code_plus_base_flag,2447,528571,Donquixote Doflamingo (029),Donquixote Doflamingo 029,OP05-029,UC,,tcgcsv,2257,2447,0.01,0.15,1.52,0.12,,,2026-04-02 03:06:18,tcgcsv,OP05-029,1,1,1,0,1,0,missing_tcgplayer_product_id_only,price_via_chain_tcgplayer_id_missing
759,OP05-030,Donquixote Rosinante,R,,2503,759,OP05-030,,base,Base,official-cardlist,OP05/base/OP05-030.png,https://en.onepiece-cardgame.com/images/cardlist/card/OP05-030.png?260305,1026,2503,1427,HIGH,exact_code_plus_base_flag,1427,599735,Donquixote Rosinante (Welcome Pack Vol. 1),Donquixote Rosinante Welcome Pack Vol 1,OP05-030,R,,tcgcsv,1320,1427,0.89,1.48,18.0,1.04,,,2026-04-02 03:06:17,tcgcsv,OP05-030,1,1,1,0,1,0,missing_tcgplayer_product_id_only,price_via_chain_tcgplayer_id_missing
760,OP05-031,Buffalo,C,,2510,760,OP05-031,,base,Base,official-cardlist,OP05/base/OP05-031.png,https://en.onepiece-cardgame.com/images/cardlist/card/OP05-031.png?260305,1929,2510,2449,HIGH,exact_code_plus_base_flag,2449,528575,Buffalo,Buffalo,OP05-031,C,,tcgcsv,2259,2449,0.01,0.1,1.58,0.03,,,2026-04-02 03:06:18,tcgcsv,OP05-031,1,1,1,0,1,0,missing_tcgplayer_product_id_only,price_via_chain_tcgplayer_id_missing
761,OP05-032,Pica,SR,,2512,761,OP05-032,,base,Base,official-cardlist,OP05/base/OP05-032.png,https://en.onepiece-cardgame.com/images/cardlist/card/OP05-032.png?260305,1930,2512,2450,HIGH,exact_code_plus_base_flag,2450,528577,Pica,Pica,OP05-032,SR,,tcgcsv,2260,2450,0.07,0.35,10.0,0.28,,,2026-04-02 03:06:18,tcgcsv,OP05-032,1,1,1,0,1,0,missing_tcgplayer_product_id_only,price_via_chain_tcgplayer_id_missing
762,OP05-033,Baby 5,C,,2516,762,OP05-033,,base,Base,official-cardlist,OP05/base/OP05-033.png,https://en.onepiece-cardgame.com/images/cardlist/card/OP05-033.png?260305,1932,2516,2452,HIGH,exact_code_plus_base_flag,2452,528579,Baby 5 (033),Baby 5 033,OP05-033,C,,tcgcsv,2262,2452,0.01,0.12,1.58,0.04,,,2026-04-02 03:06:18,tcgcsv,OP05-033,1,1,1,0,1,0,missing_tcgplayer_product_id_only,price_via_chain_tcgplayer_id_missing
763,OP05-034,Baby 5,R,,2518,763,OP05-034,,base,Base,official-cardlist,OP05/base/OP05-034.png,https://en.onepiece-cardgame.com/images/cardlist/card/OP05-034.png?260305,1889,2518,2409,HIGH,exact_code_plus_base_flag,2409,527873,Baby 5 (034),Baby 5 034,OP05-034,R,,tcgcsv,2219,2409,0.01,0.25,5.0,0.13,,,2026-04-02 03:06:18,tcgcsv,OP05-034,1,1,1,0,1,0,missing_tcgplayer_product_id_only,price_via_chain_tcgplayer_id_missing
764,OP05-035,Bellamy,C,,2527,764,OP05-035,,base,Base,official-cardlist,OP05/base/OP05-035.png,https://en.onepiece-cardgame.com/images/cardlist/card/OP05-035.png?260305,1933,2527,2453,HIGH,exact_code_plus_base_flag,2453,528580,Bellamy,Bellamy,OP05-035,C,,tcgcsv,2263,2453,0.01,0.13,1.58,0.05,,,2026-04-02 03:06:18,tcgcsv,OP05-035,1,1,1,0,1,0,missing_tcgplayer_product_id_only,price_via_chain_tcgplayer_id_missing
765,OP05-036,Monet,UC,,2529,765,OP05-036,,base,Base,official-cardlist,OP05/base/OP05-036.png,https://en.onepiece-cardgame.com/images/cardlist/card/OP05-036.png?260305,745,2529,1102,HIGH,exact_code_plus_base_flag,1102,539174,Monet (Event Pack Vol. 3),Monet Event Pack Vol 3,OP05-036,UC,,tcgcsv,1053,1102,2.34,4.0,39.99,3.19,,,2026-04-02 03:06:17,tcgcsv,OP05-036,1,1,1,0,1,0,missing_tcgplayer_product_id_only,price_via_chain_tcgplayer_id_missing
766,OP05-037,Because the Side of Justice Will Be Whichever Side Wins!!,R,,2535,766,OP05-037,,base,Base,official-cardlist,OP05/base/OP05-037.png,https://en.onepiece-cardgame.com/images/cardlist/card/OP05-037.png?260305,1312,2535,1767,HIGH,exact_code_plus_base_flag,1767,655965,Because the Side of Justice Will Be Whichever Side Wins!! (Tournament Pack 2025 Vol. 4),Because the Side of Justice Will Be Whichever Side Wins Tournament Pack 2025 Vol 4,OP05-037,R,,tcgcsv,1615,1767,0.05,0.32,6.0,0.27,,,2026-04-02 03:06:17,tcgcsv,OP05-037,1,1,1,0,1,0,missing_tcgplayer_product_id_only,price_via_chain_tcgplayer_id_missing
767,OP05-038,Charlestone,C,,2540,767,OP05-038,,base,Base,official-cardlist,OP05/base/OP05-038.png,https://en.onepiece-cardgame.com/images/cardlist/card/OP05-038.png?260305,1936,2540,2456,HIGH,exact_code_plus_base_flag,2456,528583,Charlestone,Charlestone,OP05-038,C,,tcgcsv,2266,2456,0.01,0.2,1.63,0.15,,,2026-04-02 03:06:18,tcgcsv,OP05-038,1,1,1,0,1,0,missing_tcgplayer_product_id_only,price_via_chain_tcgplayer_id_missing
768,OP05-039,Stick-Stickem Meteora,UC,,2542,768,OP05-039,,base,Base,official-cardlist,OP05/base/OP05-039.png,https://en.onepiece-cardgame.com/images/cardlist/card/OP05-039.png?260305,1937,2542,2457,HIGH,exact_code_plus_base_flag,2457,528584,Stick-Stickem Meteora,Stick Stickem Meteora,OP05-039,UC,,tcgcsv,2267,2457,0.01,0.15,1.58,0.07,,,2026-04-02 03:06:18,tcgcsv,OP05-039,1,1,1,0,1,0,missing_tcgplayer_product_id_only,price_via_chain_tcgplayer_id_missing
769,OP05-040,Birdcage,C,,2544,769,OP05-040,,base,Base,official-cardlist,OP05/base/OP05-040.png,https://en.onepiece-cardgame.com/images/cardlist/card/OP05-040.png?260305,1938,2544,2458,HIGH,exact_code_plus_base_flag,2458,528585,Birdcage,Birdcage,OP05-040,C,,tcgcsv,2268,2458,0.01,0.15,1.98,0.06,,,2026-04-02 03:06:18,tcgcsv,OP05-040,1,1,1,0,1,0,missing_tcgplayer_product_id_only,price_via_chain_tcgplayer_id_missing
770,OP05-041,Sakazuki,L,,2546,770,OP05-041,,base,Base,official-cardlist,OP05/base/OP05-041.png,https://en.onepiece-cardgame.com/images/cardlist/card/OP05-041.png?260305,1861,2546,2378,HIGH,exact_code_plus_base_flag,2378,527011,Sakazuki (Alternate Art),Sakazuki Alternate Art,OP05-041,L,,tcgcsv,2189,2378,20.0,30.23,179.99,27.06,,,2026-04-02 03:06:18,tcgcsv,OP05-041,1,1,1,0,1,0,missing_tcgplayer_product_id_only,price_via_chain_tcgplayer_id_missing
771,OP05-042,Issho,R,,2550,771,OP05-042,,base,Base,official-cardlist,OP05/base/OP05-042.png,https://en.onepiece-cardgame.com/images/cardlist/card/OP05-042.png?260305,1031,2550,1432,HIGH,exact_code_plus_base_flag,1432,599748,Issho (Welcome Pack Vol. 1),Issho Welcome Pack Vol 1,OP05-042,R,,tcgcsv,1325,1432,0.1,0.4,30.0,0.39,,,2026-04-02 03:06:17,tcgcsv,OP05-042,1,1,1,0,1,0,missing_tcgplayer_product_id_only,price_via_chain_tcgplayer_id_missing
772,OP05-043,Ulti,SR,,2552,772,OP05-043,,base,Base,official-cardlist,OP05/base/OP05-043.png,https://en.onepiece-cardgame.com/images/cardlist/card/OP05-043.png?260305,1885,2552,2405,HIGH,exact_code_plus_base_flag,2405,527793,Ulti,Ulti,OP05-043,SR,,tcgcsv,2215,2405,0.05,0.5,50.0,0.5,,,2026-04-02 03:06:18,tcgcsv,OP05-043,1,1,1,0,1,0,missing_tcgplayer_product_id_only,price_via_chain_tcgplayer_id_missing
773,OP05-044,John Giant,C,,2559,773,OP05-044,,base,Base,official-cardlist,OP05/base/OP05-044.png,https://en.onepiece-cardgame.com/images/cardlist/card/OP05-044.png?260305,1941,2559,2461,HIGH,exact_code_plus_base_flag,2461,528600,John Giant,John Giant,OP05-044,C,,tcgcsv,2271,2461,0.01,0.12,1.58,0.06,,,2026-04-02 03:06:18,tcgcsv,OP05-044,1,1,1,0,1,0,missing_tcgplayer_product_id_only,price_via_chain_tcgplayer_id_missing
774,OP05-045,Stainless,C,,2561,774,OP05-045,,base,Base,official-cardlist,OP05/base/OP05-045.png,https://en.onepiece-cardgame.com/images/cardlist/card/OP05-045.png?260305,1942,2561,2462,HIGH,exact_code_plus_base_flag,2462,528601,Stainless,Stainless,OP05-045,C,,tcgcsv,2272,2462,0.01,0.1,1.58,0.03,,,2026-04-02 03:06:18,tcgcsv,OP05-045,1,1,1,0,1,0,missing_tcgplayer_product_id_only,price_via_chain_tcgplayer_id_missing
775,OP05-046,Dalmatian,C,,2563,775,OP05-046,,base,Base,official-cardlist,OP05/base/OP05-046.png,https://en.onepiece-cardgame.com/images/cardlist/card/OP05-046.png?260305,1943,2563,2463,HIGH,exact_code_plus_base_flag,2463,528602,Dalmatian,Dalmatian,OP05-046,C,,tcgcsv,2273,2463,0.01,0.13,1.58,0.04,,,2026-04-02 03:06:18,tcgcsv,OP05-046,1,1,1,0,1,0,missing_tcgplayer_product_id_only,price_via_chain_tcgplayer_id_missing
776,OP05-047,Basil Hawkins,C,,2565,776,OP05-047,,base,Base,official-cardlist,OP05/base/OP05-047.png,https://en.onepiece-cardgame.com/images/cardlist/card/OP05-047.png?260305,1944,2565,2464,HIGH,exact_code_plus_base_flag,2464,528603,Basil Hawkins,Basil Hawkins,OP05-047,C,,tcgcsv,2274,2464,0.01,0.15,1.58,0.09,,,2026-04-02 03:06:18,tcgcsv,OP05-047,1,1,1,0,1,0,missing_tcgplayer_product_id_only,price_via_chain_tcgplayer_id_missing
777,OP05-048,Bastille,UC,,2567,777,OP05-048,,base,Base,official-cardlist,OP05/base/OP05-048.png,https://en.onepiece-cardgame.com/images/cardlist/card/OP05-048.png?260305,1945,2567,2465,HIGH,exact_code_plus_base_flag,2465,528604,Bastille,Bastille,OP05-048,UC,,tcgcsv,2275,2465,0.01,0.12,1.58,0.09,,,2026-04-02 03:06:18,tcgcsv,OP05-048,1,1,1,0,1,0,missing_tcgplayer_product_id_only,price_via_chain_tcgplayer_id_missing
778,OP05-049,Haccha,UC,,2569,778,OP05-049,,base,Base,official-cardlist,OP05/base/OP05-049.png,https://en.onepiece-cardgame.com/images/cardlist/card/OP05-049.png?260305,1946,2569,2466,HIGH,exact_code_plus_base_flag,2466,528605,Haccha,Haccha,OP05-049,UC,,tcgcsv,2276,2466,0.01,0.15,1.52,0.04,,,2026-04-02 03:06:18,tcgcsv,OP05-049,1,1,1,0,1,0,missing_tcgplayer_product_id_only,price_via_chain_tcgplayer_id_missing
779,OP05-050,Hina,R,,2571,779,OP05-050,,base,Base,official-cardlist,OP05/base/OP05-050.png,https://en.onepiece-cardgame.com/images/cardlist/card/OP05-050.png?260305,1947,2571,2467,HIGH,exact_code_plus_base_flag,2467,528607,Hina,Hina,OP05-050,R,,tcgcsv,2277,2467,0.04,0.23,10.17,0.17,,,2026-04-02 03:06:18,tcgcsv,OP05-050,1,1,1,0,1,0,missing_tcgplayer_product_id_only,price_via_chain_tcgplayer_id_missing
780,OP05-051,Borsalino,SP CARD,,2573,780,OP05-051,,base,Base,official-cardlist,OP05/sp/OP05-051_sp.png,https://en.onepiece-cardgame.com/images/cardlist/card/OP05-051.png?260305,1887,2573,2407,HIGH,exact_code_plus_base_flag,2407,527842,Borsalino,Borsalino,OP05-051,SR,,tcgcsv,2217,2407,0.2,0.5,40.0,0.43,,,2026-04-02 03:06:18,tcgcsv,OP05-051,1,1,1,0,1,0,missing_tcgplayer_product_id_only,price_via_chain_tcgplayer_id_missing
781,OP05-052,Maynard,C,,2579,781,OP05-052,,base,Base,official-cardlist,OP05/base/OP05-052.png,https://en.onepiece-cardgame.com/images/cardlist/card/OP05-052.png?260305,1948,2579,2468,HIGH,exact_code_plus_base_flag,2468,528608,Maynard,Maynard,OP05-052,C,,tcgcsv,2278,2468,0.01,0.15,1.58,0.07,,,2026-04-02 03:06:18,tcgcsv,OP05-052,1,1,1,0,1,0,missing_tcgplayer_product_id_only,price_via_chain_tcgplayer_id_missing
782,OP05-053,Mozambia,C,,2583,782,OP05-053,,base,Base,official-cardlist,OP05/base/OP05-053.png,https://en.onepiece-cardgame.com/images/cardlist/card/OP05-053.png?260305,1949,2583,2469,HIGH,exact_code_plus_base_flag,2469,528609,Mozambia,Mozambia,OP05-053,C,,tcgcsv,2279,2469,0.01,0.13,1.58,0.04,,,2026-04-02 03:06:18,tcgcsv,OP05-053,1,1,1,0,1,0,missing_tcgplayer_product_id_only,price_via_chain_tcgplayer_id_missing
783,OP05-054,Monkey.D.Garp,UC,,2585,783,OP05-054,,base,Base,official-cardlist,OP05/base/OP05-054.png,https://en.onepiece-cardgame.com/images/cardlist/card/OP05-054.png?260305,1950,2585,2470,HIGH,exact_code_plus_base_flag,2470,528610,Monkey.D.Garp,MonkeyDGarp,OP05-054,UC,,tcgcsv,2280,2470,0.01,0.19,1.52,0.1,,,2026-04-02 03:06:18,tcgcsv,OP05-054,1,1,1,0,1,0,missing_tcgplayer_product_id_only,price_via_chain_tcgplayer_id_missing
784,OP05-055,X.Drake,R,,2587,784,OP05-055,,base,Base,official-cardlist,OP05/base/OP05-055.png,https://en.onepiece-cardgame.com/images/cardlist/card/OP05-055.png?260305,1899,2587,2419,HIGH,exact_code_plus_base_flag,2419,528314,X.Drake (Alternate Art),XDrake Alternate Art,OP05-055,R,,tcgcsv,2229,2419,1.2,2.69,50.0,1.48,,,2026-04-02 03:06:18,tcgcsv,OP05-055,1,1,1,0,1,0,missing_tcgplayer_product_id_only,price_via_chain_tcgplayer_id_missing
785,OP05-056,X.Barrels,C,,2591,785,OP05-056,,base,Base,official-cardlist,OP05/base/OP05-056.png,https://en.onepiece-cardgame.com/images/cardlist/card/OP05-056.png?260305,1952,2591,2472,HIGH,exact_code_plus_base_flag,2472,528612,X.Barrels,XBarrels,OP05-056,C,,tcgcsv,2282,2472,0.01,0.1,1.58,0.03,,,2026-04-02 03:06:18,tcgcsv,OP05-056,1,1,1,0,1,0,missing_tcgplayer_product_id_only,price_via_chain_tcgplayer_id_missing
786,OP05-057,Hound Blaze,R,,2593,786,OP05-057,,base,Base,official-cardlist,OP05/base/OP05-057.png,https://en.onepiece-cardgame.com/images/cardlist/card/OP05-057.png?260305,1953,2593,2473,HIGH,exact_code_plus_base_flag,2473,528613,Hound Blaze,Hound Blaze,OP05-057,R,,tcgcsv,2283,2473,0.01,0.22,5.0,0.13,,,2026-04-02 03:06:18,tcgcsv,OP05-057,1,1,1,0,1,0,missing_tcgplayer_product_id_only,price_via_chain_tcgplayer_id_missing
787,OP05-058,It's a Waste of Human Life!!,C,,2600,787,OP05-058,,base,Base,official-cardlist,OP05/base/OP05-058.png,https://en.onepiece-cardgame.com/images/cardlist/card/OP05-058.png?260305,1954,2600,2474,HIGH,exact_code_plus_base_flag,2474,528614,It's a Waste of Human Life!!,Its a Waste of Human Life,OP05-058,C,,tcgcsv,2284,2474,0.01,0.12,1.52,0.06,,,2026-04-02 03:06:18,tcgcsv,OP05-058,1,1,1,0,1,0,missing_tcgplayer_product_id_only,price_via_chain_tcgplayer_id_missing
788,OP05-059,Let Us Begin the World of Violence!!!,UC,,2602,788,OP05-059,,base,Base,official-cardlist,OP05/base/OP05-059.png,https://en.onepiece-cardgame.com/images/cardlist/card/OP05-059.png?260305,1955,2602,2475,HIGH,exact_code_plus_base_flag,2475,528615,Let Us Begin the World of Violence!!,Let Us Begin the World of Violence,OP05-059,UC,,tcgcsv,2285,2475,0.01,0.15,1.58,0.06,,,2026-04-02 03:06:18,tcgcsv,OP05-059,1,1,1,0,1,0,missing_tcgplayer_product_id_only,price_via_chain_tcgplayer_id_missing
789,OP05-060,Monkey.D.Luffy,L,,2604,789,OP05-060,,base,Base,official-cardlist,OP05/base/OP05-060.png,https://en.onepiece-cardgame.com/images/cardlist/card/OP05-060.png?260305,868,2604,1245,HIGH,exact_code_plus_base_flag,1245,557296,Monkey.D.Luffy (PSA Magazine),MonkeyDLuffy PSA Magazine,OP05-060,L,,tcgcsv,1167,1245,255.0,300.0,1500.0,268.94,,,2026-04-02 03:06:17,tcgcsv,OP05-060,1,1,1,0,1,0,missing_tcgplayer_product_id_only,price_via_chain_tcgplayer_id_missing
790,OP05-061,Uso-Hachi,UC,,2614,790,OP05-061,,base,Base,official-cardlist,OP05/base/OP05-061.png,https://en.onepiece-cardgame.com/images/cardlist/card/OP05-061.png?260305,1957,2614,2477,HIGH,exact_code_plus_base_flag,2477,528618,Uso-Hachi,Uso Hachi,OP05-061,UC,,tcgcsv,2287,2477,0.02,0.2,2.5,0.16,,,2026-04-02 03:06:18,tcgcsv,OP05-061,1,1,1,0,1,0,missing_tcgplayer_product_id_only,price_via_chain_tcgplayer_id_missing
791,OP05-062,O-Nami,UC,,2617,791,OP05-062,,base,Base,official-cardlist,OP05/base/OP05-062.png,https://en.onepiece-cardgame.com/images/cardlist/card/OP05-062.png?260305,1110,2617,1538,HIGH,exact_code_plus_base_flag,1538,623070,O-Nami (Illustration Box Vol.1),O Nami Illustration Box Vol1,OP05-062,UC,,tcgcsv,1419,1538,13.5,21.5,9999.0,14.37,,,2026-04-02 03:06:17,tcgcsv,OP05-062,1,1,1,0,1,0,missing_tcgplayer_product_id_only,price_via_chain_tcgplayer_id_missing
792,OP05-063,O-Robi,C,,2619,792,OP05-063,,base,Base,official-cardlist,OP05/base/OP05-063.png,https://en.onepiece-cardgame.com/images/cardlist/card/OP05-063.png?260305,1959,2619,2479,HIGH,exact_code_plus_base_flag,2479,528621,O-Robi,O Robi,OP05-063,C,,tcgcsv,2289,2479,0.01,0.15,5.0,0.08,,,2026-04-02 03:06:18,tcgcsv,OP05-063,1,1,1,0,1,0,missing_tcgplayer_product_id_only,price_via_chain_tcgplayer_id_missing
793,OP05-064,Killer,R,,2622,793,OP05-064,,base,Base,official-cardlist,OP05/base/OP05-064.png,https://en.onepiece-cardgame.com/images/cardlist/card/OP05-064.png?260305,1960,2622,2480,HIGH,exact_code_plus_base_flag,2480,528623,Killer,Killer,OP05-064,R,,tcgcsv,2290,2480,0.04,0.22,10.09,0.12,,,2026-04-02 03:06:18,tcgcsv,OP05-064,1,1,1,0,1,0,missing_tcgplayer_product_id_only,price_via_chain_tcgplayer_id_missing
794,OP05-065,San-Gorou,C,,2624,794,OP05-065,,base,Base,official-cardlist,OP05/base/OP05-065.png,https://en.onepiece-cardgame.com/images/cardlist/card/OP05-065.png?260305,1961,2624,2481,HIGH,exact_code_plus_base_flag,2481,528624,San-Gorou,San Gorou,OP05-065,C,,tcgcsv,2291,2481,0.01,0.13,1.58,0.07,,,2026-04-02 03:06:18,tcgcsv,OP05-065,1,1,1,0,1,0,missing_tcgplayer_product_id_only,price_via_chain_tcgplayer_id_missing
795,OP05-066,Jinbe,C,,2627,795,OP05-066,,base,Base,official-cardlist,OP05/base/OP05-066.png,https://en.onepiece-cardgame.com/images/cardlist/card/OP05-066.png?260305,1962,2627,2482,HIGH,exact_code_plus_base_flag,2482,528625,Jinbe,Jinbe,OP05-066,C,,tcgcsv,2292,2482,0.01,0.13,1.58,0.07,,,2026-04-02 03:06:18,tcgcsv,OP05-066,1,1,1,0,1,0,missing_tcgplayer_product_id_only,price_via_chain_tcgplayer_id_missing
796,OP05-067,Zoro-Juurou,SP CARD,,2631,796,OP05-067,,base,Base,official-cardlist,OP05/base/OP05-067.png,https://en.onepiece-cardgame.com/images/cardlist/card/OP05-067.png?260305,794,2631,1155,HIGH,exact_code_plus_base_flag,1155,544622,Zoro-Juurou (Judge Pack Vol. 3),Zoro Juurou Judge Pack Vol 3,OP05-067,R,,tcgcsv,1085,1155,5.21,11.19,9999.0,10.18,,,2026-04-02 03:06:17,tcgcsv,OP05-067,1,1,1,0,1,0,missing_tcgplayer_product_id_only,price_via_chain_tcgplayer_id_missing
797,OP05-068,Chopa-Emon,C,,2642,797,OP05-068,,base,Base,official-cardlist,OP05/base/OP05-068.png,https://en.onepiece-cardgame.com/images/cardlist/card/OP05-068.png?260305,1964,2642,2484,HIGH,exact_code_plus_base_flag,2484,528627,Chopa-Emon,Chopa Emon,OP05-068,C,,tcgcsv,2294,2484,0.01,0.12,5.0,0.06,,,2026-04-02 03:06:18,tcgcsv,OP05-068,1,1,1,0,1,0,missing_tcgplayer_product_id_only,price_via_chain_tcgplayer_id_missing
798,OP05-069,Trafalgar Law,SR,,2645,798,OP05-069,,base,Base,official-cardlist,OP05/base/OP05-069.png,https://en.onepiece-cardgame.com/images/cardlist/card/OP05-069.png?260305,1863,2645,2380,HIGH,exact_code_plus_base_flag,2380,527019,Trafalgar Law (069) (Alternate Art) (Manga),Trafalgar Law 069 Alternate Art Manga,OP05-069,SR,,tcgcsv,2191,2380,2000.0,2300.0,10000.0,1188.12,,,2026-04-02 03:06:18,tcgcsv,OP05-069,1,1,1,0,1,0,missing_tcgplayer_product_id_only,price_via_chain_tcgplayer_id_missing
799,OP05-070,Fra-Nosuke,UC,,2652,799,OP05-070,,base,Base,official-cardlist,OP05/base/OP05-070.png,https://en.onepiece-cardgame.com/images/cardlist/card/OP05-070.png?260305,1029,2652,1430,HIGH,exact_code_plus_base_flag,1430,599739,Fra-Nosuke (Welcome Pack Vol. 1),Fra Nosuke Welcome Pack Vol 1,OP05-070,UC,,tcgcsv,1323,1430,0.45,0.85,18.0,0.58,,,2026-04-02 03:06:17,tcgcsv,OP05-070,1,1,1,0,1,0,missing_tcgplayer_product_id_only,price_via_chain_tcgplayer_id_missing
800,OP05-071,Bepo,R,,2656,800,OP05-071,,base,Base,official-cardlist,OP05/base/OP05-071.png,https://en.onepiece-cardgame.com/images/cardlist/card/OP05-071.png?260305,1966,2656,2486,HIGH,exact_code_plus_base_flag,2486,528630,Bepo,Bepo,OP05-071,R,,tcgcsv,2296,2486,0.01,0.2,5.0,0.14,,,2026-04-02 03:06:18,tcgcsv,OP05-071,1,1,1,0,1,0,missing_tcgplayer_product_id_only,price_via_chain_tcgplayer_id_missing
801,OP05-072,Hone-Kichi,C,,2658,801,OP05-072,,base,Base,official-cardlist,OP05/base/OP05-072.png,https://en.onepiece-cardgame.com/images/cardlist/card/OP05-072.png?260305,1967,2658,2487,HIGH,exact_code_plus_base_flag,2487,528631,Hone-Kichi,Hone Kichi,OP05-072,C,,tcgcsv,2297,2487,0.01,0.12,1.58,0.06,,,2026-04-02 03:06:18,tcgcsv,OP05-072,1,1,1,0,1,0,missing_tcgplayer_product_id_only,price_via_chain_tcgplayer_id_missing
802,OP05-073,Miss Doublefinger(Zala),UC,,2661,802,OP05-073,,base,Base,official-cardlist,OP05/base/OP05-073.png,https://en.onepiece-cardgame.com/images/cardlist/card/OP05-073.png?260305,795,2661,1156,HIGH,exact_code_plus_base_flag,1156,544623,Miss Doublefinger(Zala) (Judge Pack Vol. 3),Miss DoublefingerZala Judge Pack Vol 3,OP05-073,UC,,tcgcsv,1086,1156,0.5,1.19,2.99,1.17,,,2026-04-02 03:06:17,tcgcsv,OP05-073,1,1,1,0,1,0,missing_tcgplayer_product_id_only,price_via_chain_tcgplayer_id_missing
803,OP05-074,"Eustass""Captain""Kid",SR,,2666,803,OP05-074,,base,Base,official-cardlist,OP05/base/OP05-074.png,https://en.onepiece-cardgame.com/images/cardlist/card/OP05-074.png?260305,1864,2666,2381,HIGH,exact_code_plus_base_flag,2381,527020,"Eustass""Captain""Kid (Alternate Art) (Manga)",EustassCaptainKid Alternate Art Manga,OP05-074,SR,,tcgcsv,2192,2381,1095.0,1199.0,1650.0,765.72,,,2026-04-02 03:06:18,tcgcsv,OP05-074,1,1,1,0,1,0,missing_tcgplayer_product_id_only,price_via_chain_tcgplayer_id_missing
804,OP05-075,Mr.1(Daz.Bonez),C,,2678,804,OP05-075,,base,Base,official-cardlist,OP05/base/OP05-075.png,https://en.onepiece-cardgame.com/images/cardlist/card/OP05-075.png?260305,1970,2678,2490,HIGH,exact_code_plus_base_flag,2490,528635,Mr.1 (Daz.Bonez),Mr1 DazBonez,OP05-075,C,,tcgcsv,2300,2490,0.01,0.12,1.58,0.05,,,2026-04-02 03:06:18,tcgcsv,OP05-075,1,1,1,0,1,0,missing_tcgplayer_product_id_only,price_via_chain_tcgplayer_id_missing
805,OP05-076,When You're at Sea You Fight against Pirates!!,R,,2680,805,OP05-076,,base,Base,official-cardlist,OP05/base/OP05-076.png,https://en.onepiece-cardgame.com/images/cardlist/card/OP05-076.png?260305,1187,2680,1625,HIGH,exact_code_plus_base_flag,1625,641243,When You're at Sea You Fight against Pirates!! (2025 Pirates League Store Qualifier),When Youre at Sea You Fight against Pirates 2025 Pirates League Store Qualifier,OP05-076,R,,tcgcsv,1503,1625,10.0,17.0,45.0,16.7,,,2026-04-02 03:06:17,tcgcsv,OP05-076,1,1,1,0,1,0,missing_tcgplayer_product_id_only,price_via_chain_tcgplayer_id_missing
806,OP05-077,Gamma Knife,C,,2686,806,OP05-077,,base,Base,official-cardlist,OP05/base/OP05-077.png,https://en.onepiece-cardgame.com/images/cardlist/card/OP05-077.png?260305,1972,2686,2492,HIGH,exact_code_plus_base_flag,2492,528637,Gamma Knife,Gamma Knife,OP05-077,C,,tcgcsv,2302,2492,0.03,0.21,1.98,0.15,,,2026-04-02 03:06:18,tcgcsv,OP05-077,1,1,1,0,1,0,missing_tcgplayer_product_id_only,price_via_chain_tcgplayer_id_missing
807,OP05-078,Punk Rotten,UC,,2690,807,OP05-078,,base,Base,official-cardlist,OP05/base/OP05-078.png,https://en.onepiece-cardgame.com/images/cardlist/card/OP05-078.png?260305,1973,2690,2493,HIGH,exact_code_plus_base_flag,2493,528638,Punk Rotten,Punk Rotten,OP05-078,UC,,tcgcsv,2303,2493,0.01,0.15,15.0,0.08,,,2026-04-02 03:06:18,tcgcsv,OP05-078,1,1,1,0,1,0,missing_tcgplayer_product_id_only,price_via_chain_tcgplayer_id_missing
808,OP05-079,Viola,UC,,2692,808,OP05-079,,base,Base,official-cardlist,OP05/base/OP05-079.png,https://en.onepiece-cardgame.com/images/cardlist/card/OP05-079.png?260305,1974,2692,2494,HIGH,exact_code_plus_base_flag,2494,528639,Viola,Viola,OP05-079,UC,,tcgcsv,2304,2494,0.01,0.15,2.0,0.08,,,2026-04-02 03:06:18,tcgcsv,OP05-079,1,1,1,0,1,0,missing_tcgplayer_product_id_only,price_via_chain_tcgplayer_id_missing
809,OP05-080,Elizabello II,UC,,2694,809,OP05-080,,base,Base,official-cardlist,OP05/base/OP05-080.png,https://en.onepiece-cardgame.com/images/cardlist/card/OP05-080.png?260305,1975,2694,2495,HIGH,exact_code_plus_base_flag,2495,528640,Elizabello II,Elizabello II,OP05-080,UC,,tcgcsv,2305,2495,0.01,0.16,1.58,0.1,,,2026-04-02 03:06:18,tcgcsv,OP05-080,1,1,1,0,1,0,missing_tcgplayer_product_id_only,price_via_chain_tcgplayer_id_missing
810,OP05-081,One-Legged Toy Soldier,UC,,2696,810,OP05-081,,base,Base,official-cardlist,OP05/base/OP05-081.png,https://en.onepiece-cardgame.com/images/cardlist/card/OP05-081.png?260305,1976,2696,2496,HIGH,exact_code_plus_base_flag,2496,528641,One-Legged Toy Soldier,One Legged Toy Soldier,OP05-081,UC,,tcgcsv,2306,2496,0.05,0.25,1.98,0.17,,,2026-04-02 03:06:18,tcgcsv,OP05-081,1,1,1,0,1,0,missing_tcgplayer_product_id_only,price_via_chain_tcgplayer_id_missing
811,OP05-082,Shirahoshi,R,,2703,811,OP05-082,,base,Base,official-cardlist,OP05/base/OP05-082.png,https://en.onepiece-cardgame.com/images/cardlist/card/OP05-082.png?260305,1977,2703,2497,HIGH,exact_code_plus_base_flag,2497,528642,Shirahoshi,Shirahoshi,OP05-082,R,,tcgcsv,2307,2497,0.81,1.98,25.0,1.23,,,2026-04-02 03:06:18,tcgcsv,OP05-082,1,1,1,0,1,0,missing_tcgplayer_product_id_only,price_via_chain_tcgplayer_id_missing
812,OP05-083,Sterry,C,,2710,812,OP05-083,,base,Base,official-cardlist,OP05/base/OP05-083.png,https://en.onepiece-cardgame.com/images/cardlist/card/OP05-083.png?260305,1978,2710,2498,HIGH,exact_code_plus_base_flag,2498,528643,Sterry,Sterry,OP05-083,C,,tcgcsv,2308,2498,0.01,0.11,1.58,0.03,,,2026-04-02 03:06:18,tcgcsv,OP05-083,1,1,1,0,1,0,missing_tcgplayer_product_id_only,price_via_chain_tcgplayer_id_missing
813,OP05-084,Saint Charlos,C,,2712,813,OP05-084,,base,Base,official-cardlist,OP05/base/OP05-084.png,https://en.onepiece-cardgame.com/images/cardlist/card/OP05-084.png?260305,1979,2712,2499,HIGH,exact_code_plus_base_flag,2499,528645,Saint Charlos,Saint Charlos,OP05-084,C,,tcgcsv,2309,2499,0.01,0.15,1.58,0.05,,,2026-04-02 03:06:18,tcgcsv,OP05-084,1,1,1,0,1,0,missing_tcgplayer_product_id_only,price_via_chain_tcgplayer_id_missing
814,OP05-085,Nefeltari Cobra,UC,,2714,814,OP05-085,,base,Base,official-cardlist,OP05/base/OP05-085.png,https://en.onepiece-cardgame.com/images/cardlist/card/OP05-085.png?260305,1980,2714,2500,HIGH,exact_code_plus_base_flag,2500,528646,Nefeltari Cobra,Nefeltari Cobra,OP05-085,UC,,tcgcsv,2310,2500,0.01,0.15,1.58,0.07,,,2026-04-02 03:06:18,tcgcsv,OP05-085,1,1,1,0,1,0,missing_tcgplayer_product_id_only,price_via_chain_tcgplayer_id_missing
815,OP05-086,Nefeltari Vivi,R,,2716,815,OP05-086,,base,Base,official-cardlist,OP05/base/OP05-086.png,https://en.onepiece-cardgame.com/images/cardlist/card/OP05-086.png?260305,974,2716,1368,HIGH,exact_code_plus_base_flag,1368,583773,Nefeltari Vivi (October Championship 2024 Store Regionals),Nefeltari Vivi October Championship 2024 Store Regionals,OP05-086,R,,tcgcsv,1271,1368,3999.99,3999.99,3999.99,1859.99,,,2026-04-02 03:06:17,tcgcsv,OP05-086,1,1,1,0,1,0,missing_tcgplayer_product_id_only,price_via_chain_tcgplayer_id_missing
816,OP05-087,Hakuba,C,,2720,816,OP05-087,,base,Base,official-cardlist,OP05/base/OP05-087.png,https://en.onepiece-cardgame.com/images/cardlist/card/OP05-087.png?260305,1982,2720,2502,HIGH,exact_code_plus_base_flag,2502,528650,Hakuba,Hakuba,OP05-087,C,,tcgcsv,2312,2502,0.01,0.15,1.58,0.08,,,2026-04-02 03:06:18,tcgcsv,OP05-087,1,1,1,0,1,0,missing_tcgplayer_product_id_only,price_via_chain_tcgplayer_id_missing
817,OP05-088,Mansherry,R,,2722,817,OP05-088,,base,Base,official-cardlist,OP05/base/OP05-088.png,https://en.onepiece-cardgame.com/images/cardlist/card/OP05-088.png?260305,957,2722,1351,HIGH,exact_code_plus_base_flag,1351,583748,Mansherry (Judge Pack Vol. 4),Mansherry Judge Pack Vol 4,OP05-088,R,,tcgcsv,1254,1351,0.25,0.5,6.59,0.49,,,2026-04-02 03:06:17,tcgcsv,OP05-088,1,1,1,0,1,0,missing_tcgplayer_product_id_only,price_via_chain_tcgplayer_id_missing
818,OP05-089,Saint Mjosgard,C,,2726,818,OP05-089,,base,Base,official-cardlist,OP05/base/OP05-089.png,https://en.onepiece-cardgame.com/images/cardlist/card/OP05-089.png?260305,1983,2726,2503,HIGH,exact_code_plus_base_flag,2503,528651,Saint Mjosgard,Saint Mjosgard,OP05-089,C,,tcgcsv,2313,2503,0.01,0.13,4.45,0.05,,,2026-04-02 03:06:18,tcgcsv,OP05-089,1,1,1,0,1,0,missing_tcgplayer_product_id_only,price_via_chain_tcgplayer_id_missing
819,OP05-090,Riku Doldo III,C,,2728,819,OP05-090,,base,Base,official-cardlist,OP05/base/OP05-090.png,https://en.onepiece-cardgame.com/images/cardlist/card/OP05-090.png?260305,1984,2728,2504,HIGH,exact_code_plus_base_flag,2504,528653,Riku Doldo III,Riku Doldo III,OP05-090,C,,tcgcsv,2314,2504,0.01,0.15,1.58,0.07,,,2026-04-02 03:06:18,tcgcsv,OP05-090,1,1,1,0,1,0,missing_tcgplayer_product_id_only,price_via_chain_tcgplayer_id_missing
820,OP05-091,Rebecca,SR,,2730,820,OP05-091,,base,Base,official-cardlist,OP05/sp/OP05-091_sp.png,https://en.onepiece-cardgame.com/images/cardlist/card/OP05-091.png?260305,976,2730,1370,HIGH,exact_code_plus_base_flag,1370,584366,Rebecca (October Championship 2024 Online Regional),Rebecca October Championship 2024 Online Regional,OP05-091,SR,,tcgcsv,1273,1370,5000.0,5000.0,5000.0,,,,2026-04-02 03:06:17,tcgcsv,OP05-091,1,1,1,0,1,0,missing_tcgplayer_product_id_only,price_via_chain_tcgplayer_id_missing
821,OP05-092,Saint Rosward,C,,2741,821,OP05-092,,base,Base,official-cardlist,OP05/base/OP05-092.png,https://en.onepiece-cardgame.com/images/cardlist/card/OP05-092.png?260305,1985,2741,2505,HIGH,exact_code_plus_base_flag,2505,528655,Saint Rosward,Saint Rosward,OP05-092,C,,tcgcsv,2315,2505,0.01,0.15,1.52,0.08,,,2026-04-02 03:06:18,tcgcsv,OP05-092,1,1,1,0,1,0,missing_tcgplayer_product_id_only,price_via_chain_tcgplayer_id_missing
822,OP05-093,Rob Lucci,SP CARD,,2743,822,OP05-093,,base,Base,official-cardlist,OP05/base/OP05-093.png,https://en.onepiece-cardgame.com/images/cardlist/card/OP05-093.png?260305,1113,2743,1541,HIGH,exact_code_plus_base_flag,1541,623073,Rob Lucci (Illustration Box EX),Rob Lucci Illustration Box EX,OP05-093,SR,,tcgcsv,1422,1541,64.99,84.99,300.0,85.12,,,2026-04-02 03:06:17,tcgcsv,OP05-093,1,1,1,0,1,0,missing_tcgplayer_product_id_only,price_via_chain_tcgplayer_id_missing
823,OP05-094,Haute Couture Patch Work,R,,2751,823,OP05-094,,base,Base,official-cardlist,OP05/base/OP05-094.png,https://en.onepiece-cardgame.com/images/cardlist/card/OP05-094.png?260305,1986,2751,2506,HIGH,exact_code_plus_base_flag,2506,528656,Haute Couture Patch Work,Haute Couture Patch Work,OP05-094,R,,tcgcsv,2316,2506,0.5,1.27,5.0,1.23,,,2026-04-02 03:06:18,tcgcsv,OP05-094,1,1,1,0,1,0,missing_tcgplayer_product_id_only,price_via_chain_tcgplayer_id_missing
824,OP05-095,Dragon Claw,C,,2753,824,OP05-095,,base,Base,official-cardlist,OP05/base/OP05-095.png,https://en.onepiece-cardgame.com/images/cardlist/card/OP05-095.png?260305,1987,2753,2507,HIGH,exact_code_plus_base_flag,2507,528657,Dragon Claw,Dragon Claw,OP05-095,C,,tcgcsv,2317,2507,0.01,0.15,1.58,0.06,,,2026-04-02 03:06:18,tcgcsv,OP05-095,1,1,1,0,1,0,missing_tcgplayer_product_id_only,price_via_chain_tcgplayer_id_missing
825,OP05-096,I Bid 500 Million!!,UC,,2755,825,OP05-096,,base,Base,official-cardlist,OP05/base/OP05-096.png,https://en.onepiece-cardgame.com/images/cardlist/card/OP05-096.png?260305,1988,2755,2508,HIGH,exact_code_plus_base_flag,2508,528658,I Bid 500 Million!!,I Bid 500 Million,OP05-096,UC,,tcgcsv,2318,2508,0.01,0.18,5.0,0.07,,,2026-04-02 03:06:18,tcgcsv,OP05-096,1,1,1,0,1,0,missing_tcgplayer_product_id_only,price_via_chain_tcgplayer_id_missing
826,OP05-097,Mary Geoise,C,,2757,826,OP05-097,,base,Base,official-cardlist,OP05/base/OP05-097.png,https://en.onepiece-cardgame.com/images/cardlist/card/OP05-097.png?260305,1379,2757,1844,HIGH,exact_code_plus_base_flag,1844,668193,Mary Geoise (Judge Pack Vol. 7),Mary Geoise Judge Pack Vol 7,OP05-097,C,,tcgcsv,1688,1844,0.4,0.81,13.35,0.75,,,2026-04-02 03:06:17,tcgcsv,OP05-097,1,1,1,0,1,0,missing_tcgplayer_product_id_only,price_via_chain_tcgplayer_id_missing
827,OP05-098,Enel,L,,2763,827,OP05-098,,base,Base,official-cardlist,OP05/base/OP05-098.png,https://en.onepiece-cardgame.com/images/cardlist/card/OP05-098.png?260305,1025,2763,1426,HIGH,exact_code_plus_base_flag,1426,594592,Enel (Sound Loader Vol. 2),Enel Sound Loader Vol 2,OP05-098,L,,tcgcsv,1319,1426,6.0,8.98,35.0,7.63,,,2026-04-02 03:06:17,tcgcsv,OP05-098,1,1,1,0,1,0,missing_tcgplayer_product_id_only,price_via_chain_tcgplayer_id_missing
828,OP05-099,Amazon,UC,,2770,828,OP05-099,,base,Base,official-cardlist,OP05/base/OP05-099.png,https://en.onepiece-cardgame.com/images/cardlist/card/OP05-099.png?260305,1991,2770,2511,HIGH,exact_code_plus_base_flag,2511,528661,Amazon,Amazon,OP05-099,UC,,tcgcsv,2321,2511,0.01,0.15,1.58,0.06,,,2026-04-02 03:06:18,tcgcsv,OP05-099,1,1,1,0,1,0,missing_tcgplayer_product_id_only,price_via_chain_tcgplayer_id_missing
829,OP05-100,Enel,SR,,2772,829,OP05-100,,base,Base,official-cardlist,OP05/base/OP05-100.png,https://en.onepiece-cardgame.com/images/cardlist/card/OP05-100.png?260305,1866,2772,2383,HIGH,exact_code_plus_base_flag,2383,527022,Enel (100),Enel 100,OP05-100,SR,,tcgcsv,2194,2383,0.25,0.99,25.0,0.8,,,2026-04-02 03:06:18,tcgcsv,OP05-100,1,1,1,0,1,0,missing_tcgplayer_product_id_only,price_via_chain_tcgplayer_id_missing
830,OP05-101,Ohm,R,,2778,830,OP05-101,,base,Base,official-cardlist,OP05/base/OP05-101.png,https://en.onepiece-cardgame.com/images/cardlist/card/OP05-101.png?260305,958,2778,1352,HIGH,exact_code_plus_base_flag,1352,583749,Ohm (Judge Pack Vol. 4),Ohm Judge Pack Vol 4,OP05-101,R,,tcgcsv,1255,1352,0.3,1.07,46.85,0.6,,,2026-04-02 03:06:17,tcgcsv,OP05-101,1,1,1,0,1,0,missing_tcgplayer_product_id_only,price_via_chain_tcgplayer_id_missing
831,OP05-102,Gedatsu,R,,2780,831,OP05-102,,base,Base,official-cardlist,OP05/base/OP05-102.png,https://en.onepiece-cardgame.com/images/cardlist/card/OP05-102.png?260305,796,2780,1157,HIGH,exact_code_plus_base_flag,1157,544624,Gedatsu (Judge Pack Vol. 3),Gedatsu Judge Pack Vol 3,OP05-102,R,,tcgcsv,1087,1157,0.25,0.58,2.0,0.5,,,2026-04-02 03:06:17,tcgcsv,OP05-102,1,1,1,0,1,0,missing_tcgplayer_product_id_only,price_via_chain_tcgplayer_id_missing
832,OP05-103,Kotori,UC,,2785,832,OP05-103,,base,Base,official-cardlist,OP05/base/OP05-103.png,https://en.onepiece-cardgame.com/images/cardlist/card/OP05-103.png?260305,1994,2785,2514,HIGH,exact_code_plus_base_flag,2514,528664,Kotori,Kotori,OP05-103,UC,,tcgcsv,2324,2514,0.01,0.15,1.58,0.05,,,2026-04-02 03:06:18,tcgcsv,OP05-103,1,1,1,0,1,0,missing_tcgplayer_product_id_only,price_via_chain_tcgplayer_id_missing
833,OP05-104,Conis,UC,,2787,833,OP05-104,,base,Base,official-cardlist,OP05/base/OP05-104.png,https://en.onepiece-cardgame.com/images/cardlist/card/OP05-104.png?260305,1995,2787,2515,HIGH,exact_code_plus_base_flag,2515,528665,Conis,Conis,OP05-104,UC,,tcgcsv,2325,2515,0.01,0.15,2.0,0.08,,,2026-04-02 03:06:18,tcgcsv,OP05-104,1,1,1,0,1,0,missing_tcgplayer_product_id_only,price_via_chain_tcgplayer_id_missing
834,OP05-105,Satori,R,,2789,834,OP05-105,,base,Base,official-cardlist,OP05/base/OP05-105.png,https://en.onepiece-cardgame.com/images/cardlist/card/OP05-105.png?260305,1027,2789,1428,HIGH,exact_code_plus_base_flag,1428,599736,Satori (Welcome Pack Vol. 1),Satori Welcome Pack Vol 1,OP05-105,R,,tcgcsv,1321,1428,0.18,0.45,45.0,0.45,,,2026-04-02 03:06:17,tcgcsv,OP05-105,1,1,1,0,1,0,missing_tcgplayer_product_id_only,price_via_chain_tcgplayer_id_missing
835,OP05-106,Shura,R,,2796,835,OP05-106,,base,Base,official-cardlist,OP05/base/OP05-106.png,https://en.onepiece-cardgame.com/images/cardlist/card/OP05-106.png?260305,848,2796,1219,HIGH,exact_code_plus_base_flag,1219,548434,Shura (Tournament Pack Vol. 7),Shura Tournament Pack Vol 7,OP05-106,R,,tcgcsv,1139,1219,0.1,0.4,1.4,0.37,,,2026-04-02 03:06:17,tcgcsv,OP05-106,1,1,1,0,1,0,missing_tcgplayer_product_id_only,price_via_chain_tcgplayer_id_missing
836,OP05-107,Lieutenant Spacey,C,,2801,836,OP05-107,,base,Base,official-cardlist,OP05/base/OP05-107.png,https://en.onepiece-cardgame.com/images/cardlist/card/OP05-107.png?260305,1998,2801,2518,HIGH,exact_code_plus_base_flag,2518,528668,Lieutenant Spacey,Lieutenant Spacey,OP05-107,C,,tcgcsv,2328,2518,0.01,0.1,1.58,0.04,,,2026-04-02 03:06:18,tcgcsv,OP05-107,1,1,1,0,1,0,missing_tcgplayer_product_id_only,price_via_chain_tcgplayer_id_missing
837,OP05-108,Nola,C,,2803,837,OP05-108,,base,Base,official-cardlist,OP05/base/OP05-108.png,https://en.onepiece-cardgame.com/images/cardlist/card/OP05-108.png?260305,1999,2803,2519,HIGH,exact_code_plus_base_flag,2519,528669,Nola,Nola,OP05-108,C,,tcgcsv,2329,2519,0.01,0.12,1.58,0.04,,,2026-04-02 03:06:18,tcgcsv,OP05-108,1,1,1,0,1,0,missing_tcgplayer_product_id_only,price_via_chain_tcgplayer_id_missing
838,OP05-109,Pagaya,C,,2805,838,OP05-109,,base,Base,official-cardlist,OP05/base/OP05-109.png,https://en.onepiece-cardgame.com/images/cardlist/card/OP05-109.png?260305,2000,2805,2520,HIGH,exact_code_plus_base_flag,2520,528670,Pagaya,Pagaya,OP05-109,C,,tcgcsv,2330,2520,0.01,0.15,1.58,0.07,,,2026-04-02 03:06:18,tcgcsv,OP05-109,1,1,1,0,1,0,missing_tcgplayer_product_id_only,price_via_chain_tcgplayer_id_missing
839,OP05-110,Holly,C,,2807,839,OP05-110,,base,Base,official-cardlist,OP05/base/OP05-110.png,https://en.onepiece-cardgame.com/images/cardlist/card/OP05-110.png?260305,2001,2807,2521,HIGH,exact_code_plus_base_flag,2521,528672,Holly,Holly,OP05-110,C,,tcgcsv,2331,2521,0.01,0.15,1.58,0.09,,,2026-04-02 03:06:18,tcgcsv,OP05-110,1,1,1,0,1,0,missing_tcgplayer_product_id_only,price_via_chain_tcgplayer_id_missing
840,OP05-111,Hotori,UC,,2809,840,OP05-111,,base,Base,official-cardlist,OP05/base/OP05-111.png,https://en.onepiece-cardgame.com/images/cardlist/card/OP05-111.png?260305,2002,2809,2522,HIGH,exact_code_plus_base_flag,2522,528673,Hotori,Hotori,OP05-111,UC,,tcgcsv,2332,2522,0.01,0.15,1.58,0.05,,,2026-04-02 03:06:18,tcgcsv,OP05-111,1,1,1,0,1,0,missing_tcgplayer_product_id_only,price_via_chain_tcgplayer_id_missing
841,OP05-112,Captain McKinley,C,,2811,841,OP05-112,,base,Base,official-cardlist,OP05/base/OP05-112.png,https://en.onepiece-cardgame.com/images/cardlist/card/OP05-112.png?260305,2003,2811,2523,HIGH,exact_code_plus_base_flag,2523,528674,Captain McKinley,Captain McKinley,OP05-112,C,,tcgcsv,2333,2523,0.01,0.1,1.58,0.06,,,2026-04-02 03:06:18,tcgcsv,OP05-112,1,1,1,0,1,0,missing_tcgplayer_product_id_only,price_via_chain_tcgplayer_id_missing
842,OP05-113,Yama,C,,2813,842,OP05-113,,base,Base,official-cardlist,OP05/base/OP05-113.png,https://en.onepiece-cardgame.com/images/cardlist/card/OP05-113.png?260305,2004,2813,2524,HIGH,exact_code_plus_base_flag,2524,528675,Yama,Yama,OP05-113,C,,tcgcsv,2334,2524,0.01,0.1,1.58,0.05,,,2026-04-02 03:06:18,tcgcsv,OP05-113,1,1,1,0,1,0,missing_tcgplayer_product_id_only,price_via_chain_tcgplayer_id_missing
843,OP05-114,El Thor,UC,,2815,843,OP05-114,,base,Base,official-cardlist,OP05/base/OP05-114.png,https://en.onepiece-cardgame.com/images/cardlist/card/OP05-114.png?260305,1008,2815,1405,HIGH,exact_code_plus_base_flag,1405,587232,El Thor (Premium Card Collection -Best Selection Vol. 2-),El Thor Premium Card Collection Best Selection Vol 2,OP05-114,UC,,tcgcsv,1299,1405,3.49,5.0,40.0,4.29,,,2026-04-02 03:06:17,tcgcsv,OP05-114,1,1,1,0,1,0,missing_tcgplayer_product_id_only,price_via_chain_tcgplayer_id_missing
844,OP05-115,Two-Hundred Million Volts Amaru,R,,2821,844,OP05-115,,base,Base,official-cardlist,OP05/base/OP05-115.png,https://en.onepiece-cardgame.com/images/cardlist/card/OP05-115.png?260305,2006,2821,2526,HIGH,exact_code_plus_base_flag,2526,528677,Two-Hundred Million Volts Amaru,Two Hundred Million Volts Amaru,OP05-115,R,,tcgcsv,2336,2526,0.01,0.2,5.0,0.17,,,2026-04-02 03:06:18,tcgcsv,OP05-115,1,1,1,0,1,0,missing_tcgplayer_product_id_only,price_via_chain_tcgplayer_id_missing
845,OP05-116,Hino Bird Zap,C,,2828,845,OP05-116,,base,Base,official-cardlist,OP05/base/OP05-116.png,https://en.onepiece-cardgame.com/images/cardlist/card/OP05-116.png?260305,2007,2828,2527,HIGH,exact_code_plus_base_flag,2527,528678,Hino Bird Zap,Hino Bird Zap,OP05-116,C,,tcgcsv,2337,2527,0.01,0.15,80.29,0.05,,,2026-04-02 03:06:18,tcgcsv,OP05-116,1,1,1,0,1,0,missing_tcgplayer_product_id_only,price_via_chain_tcgplayer_id_missing
846,OP05-117,Upper Yard,UC,,2830,846,OP05-117,,base,Base,official-cardlist,OP05/base/OP05-117.png,https://en.onepiece-cardgame.com/images/cardlist/card/OP05-117.png?260305,2008,2830,2528,HIGH,exact_code_plus_base_flag,2528,528679,Upper Yard,Upper Yard,OP05-117,UC,,tcgcsv,2338,2528,0.01,0.17,5.0,0.12,,,2026-04-02 03:06:18,tcgcsv,OP05-117,1,1,1,0,1,0,missing_tcgplayer_product_id_only,price_via_chain_tcgplayer_id_missing
847,OP05-118,Kaido,SEC,,2837,847,OP05-118,,base,Base,official-cardlist,OP05/base/OP05-118.png,https://en.onepiece-cardgame.com/images/cardlist/card/OP05-118.png?260305,1876,2837,2393,HIGH,exact_code_plus_base_flag,2393,527045,Kaido (118),Kaido 118,OP05-118,SEC,,tcgcsv,2204,2393,2.99,4.99,100.0,3.68,,,2026-04-02 03:06:18,tcgcsv,OP05-118,1,1,1,0,1,0,missing_tcgplayer_product_id_only,price_via_chain_tcgplayer_id_missing
848,OP05-119,Monkey.D.Luffy,SEC,,2844,848,OP05-119,,base,Base,official-cardlist,OP05/base/OP05-119.png,https://en.onepiece-cardgame.com/images/cardlist/card/OP05-119.png?260305,1153,2844,1586,HIGH,exact_code_plus_base_flag,1586,635479,Monkey.D.Luffy (119) (English Version 2nd Anniversary Set),MonkeyDLuffy 119 English Version 2nd Anniversary Set,OP05-119,SEC,,tcgcsv,1464,1586,56.98,80.36,500.0,68.32,,,2026-04-02 03:06:17,tcgcsv,OP05-119,1,1,1,0,1,0,missing_tcgplayer_product_id_only,price_via_chain_tcgplayer_id_missing
849,OP06-001,Uta,L,,2863,849,OP06-001,,base,Base,official-cardlist,OP06/base/OP06-001.png,https://en.onepiece-cardgame.com/images/cardlist/card/OP06-001.png?260305,2022,2863,2553,HIGH,exact_code_plus_base_flag,2553,539285,Uta (Alternate Art),Uta Alternate Art,OP06-001,L,,tcgcsv,2362,2553,35.0,44.99,500.0,37.88,,,2026-04-02 03:06:18,tcgcsv,OP06-001,1,1,1,0,1,0,missing_tcgplayer_product_id_only,price_via_chain_tcgplayer_id_missing
850,OP06-002,Inazuma,C,,2868,850,OP06-002,,base,Base,official-cardlist,OP06/base/OP06-002.png,https://en.onepiece-cardgame.com/images/cardlist/card/OP06-002.png?260305,2080,2868,2614,HIGH,exact_code_plus_base_flag,2614,541565,Inazuma,Inazuma,OP06-002,C,,tcgcsv,2422,2614,0.01,0.14,1.98,0.12,,,2026-04-02 03:06:18,tcgcsv,OP06-002,1,1,1,0,1,0,missing_tcgplayer_product_id_only,price_via_chain_tcgplayer_id_missing
851,OP06-003,Emporio.Ivankov,UC,,2870,851,OP06-003,,base,Base,official-cardlist,OP06/base/OP06-003.png,https://en.onepiece-cardgame.com/images/cardlist/card/OP06-003.png?260305,2081,2870,2615,HIGH,exact_code_plus_base_flag,2615,541567,Emporio.Ivankov,EmporioIvankov,OP06-003,UC,,tcgcsv,2423,2615,0.05,0.24,20.0,0.17,,,2026-04-02 03:06:18,tcgcsv,OP06-003,1,1,1,0,1,0,missing_tcgplayer_product_id_only,price_via_chain_tcgplayer_id_missing
852,OP06-004,Baron Omatsuri,C,,2876,852,OP06-004,,base,Base,official-cardlist,OP06/base/OP06-004.png,https://en.onepiece-cardgame.com/images/cardlist/card/OP06-004.png?260305,2082,2876,2616,HIGH,exact_code_plus_base_flag,2616,541569,Baron Omatsuri,Baron Omatsuri,OP06-004,C,,tcgcsv,2424,2616,0.01,0.1,1.58,0.03,,,2026-04-02 03:06:18,tcgcsv,OP06-004,1,1,1,0,1,0,missing_tcgplayer_product_id_only,price_via_chain_tcgplayer_id_missing
853,OP06-005,Gasparde,C,,2878,853,OP06-005,,base,Base,official-cardlist,OP06/base/OP06-005.png,https://en.onepiece-cardgame.com/images/cardlist/card/OP06-005.png?260305,2083,2878,2617,HIGH,exact_code_plus_base_flag,2617,541570,Gasparde,Gasparde,OP06-005,C,,tcgcsv,2425,2617,0.01,0.1,1.58,0.03,,,2026-04-02 03:06:18,tcgcsv,OP06-005,1,1,1,0,1,0,missing_tcgplayer_product_id_only,price_via_chain_tcgplayer_id_missing
854,OP06-006,Saga,UC,,2880,854,OP06-006,,base,Base,official-cardlist,OP06/base/OP06-006.png,https://en.onepiece-cardgame.com/images/cardlist/card/OP06-006.png?260305,2084,2880,2618,HIGH,exact_code_plus_base_flag,2618,541571,Saga,Saga,OP06-006,UC,,tcgcsv,2426,2618,0.01,0.15,1.58,0.06,,,2026-04-02 03:06:18,tcgcsv,OP06-006,1,1,1,0,1,0,missing_tcgplayer_product_id_only,price_via_chain_tcgplayer_id_missing
855,OP06-007,Shanks,SR,,2882,855,OP06-007,,base,Base,official-cardlist,OP06/base/OP06-007.png,https://en.onepiece-cardgame.com/images/cardlist/card/OP06-007.png?260305,2020,2882,2551,HIGH,exact_code_plus_base_flag,2551,539282,Shanks,Shanks,OP06-007,SR,,tcgcsv,2360,2551,0.44,3.49,25.0,3.01,,,2026-04-02 03:06:18,tcgcsv,OP06-007,1,1,1,0,1,0,missing_tcgplayer_product_id_only,price_via_chain_tcgplayer_id_missing
856,OP06-008,Schneider,C,,2889,856,OP06-008,,base,Base,official-cardlist,OP06/base/OP06-008.png,https://en.onepiece-cardgame.com/images/cardlist/card/OP06-008.png?260305,2085,2889,2619,HIGH,exact_code_plus_base_flag,2619,541572,Schneider,Schneider,OP06-008,C,,tcgcsv,2427,2619,0.01,0.1,1.58,0.02,,,2026-04-02 03:06:18,tcgcsv,OP06-008,1,1,1,0,1,0,missing_tcgplayer_product_id_only,price_via_chain_tcgplayer_id_missing
857,OP06-009,Shuraiya,SR,,2891,857,OP06-009,,base,Base,official-cardlist,OP06/base/OP06-009.png,https://en.onepiece-cardgame.com/images/cardlist/card/OP06-009.png?260305,2018,2891,2549,HIGH,exact_code_plus_base_flag,2549,539279,Shuraiya (Alternate Art),Shuraiya Alternate Art,OP06-009,SR,,tcgcsv,2358,2549,2.24,4.81,67.95,3.19,,,2026-04-02 03:06:18,tcgcsv,OP06-009,1,1,1,0,1,0,missing_tcgplayer_product_id_only,price_via_chain_tcgplayer_id_missing
858,OP06-010,Douglas Bullet,R,,2895,858,OP06-010,,base,Base,official-cardlist,OP06/base/OP06-010.png,https://en.onepiece-cardgame.com/images/cardlist/card/OP06-010.png?260305,2024,2895,2555,HIGH,exact_code_plus_base_flag,2555,539290,Douglas Bullet,Douglas Bullet,OP06-010,R,,tcgcsv,2364,2555,0.01,0.16,8.49,0.1,,,2026-04-02 03:06:18,tcgcsv,OP06-010,1,1,1,0,1,0,missing_tcgplayer_product_id_only,price_via_chain_tcgplayer_id_missing
859,OP06-011,Tot Musica,R,,2897,859,OP06-011,,base,Base,official-cardlist,OP06/base/OP06-011.png,https://en.onepiece-cardgame.com/images/cardlist/card/OP06-011.png?260305,2025,2897,2556,HIGH,exact_code_plus_base_flag,2556,539292,Tot Musica,Tot Musica,OP06-011,R,,tcgcsv,2365,2556,0.01,0.15,5.0,0.09,,,2026-04-02 03:06:18,tcgcsv,OP06-011,1,1,1,0,1,0,missing_tcgplayer_product_id_only,price_via_chain_tcgplayer_id_missing
860,OP06-012,Bear.King,UC,,2899,860,OP06-012,,base,Base,official-cardlist,OP06/base/OP06-012.png,https://en.onepiece-cardgame.com/images/cardlist/card/OP06-012.png?260305,2086,2899,2620,HIGH,exact_code_plus_base_flag,2620,541579,Bear.King,BearKing,OP06-012,UC,,tcgcsv,2428,2620,0.01,0.12,1.58,0.06,,,2026-04-02 03:06:18,tcgcsv,OP06-012,1,1,1,0,1,0,missing_tcgplayer_product_id_only,price_via_chain_tcgplayer_id_missing
861,OP06-013,Monkey.D.Luffy,R,,2901,861,OP06-013,,base,Base,official-cardlist,OP06/base/OP06-013.png,https://en.onepiece-cardgame.com/images/cardlist/card/OP06-013.png?260305,2016,2901,2547,HIGH,exact_code_plus_base_flag,2547,539277,Monkey.D.Luffy,MonkeyDLuffy,OP06-013,R,,tcgcsv,2356,2547,0.09,0.25,10.22,0.21,,,2026-04-02 03:06:18,tcgcsv,OP06-013,1,1,1,0,1,0,missing_tcgplayer_product_id_only,price_via_chain_tcgplayer_id_missing
862,OP06-014,Ratchet,C,,2905,862,OP06-014,,base,Base,official-cardlist,OP06/base/OP06-014.png,https://en.onepiece-cardgame.com/images/cardlist/card/OP06-014.png?260305,2087,2905,2621,HIGH,exact_code_plus_base_flag,2621,541583,Ratchet,Ratchet,OP06-014,C,,tcgcsv,2429,2621,0.01,0.1,1.58,0.03,,,2026-04-02 03:06:18,tcgcsv,OP06-014,1,1,1,0,1,0,missing_tcgplayer_product_id_only,price_via_chain_tcgplayer_id_missing
863,OP06-015,Lily Carnation,C,,2907,863,OP06-015,,base,Base,official-cardlist,OP06/base/OP06-015.png,https://en.onepiece-cardgame.com/images/cardlist/card/OP06-015.png?260305,2088,2907,2622,HIGH,exact_code_plus_base_flag,2622,541587,Lily Carnation,Lily Carnation,OP06-015,C,,tcgcsv,2430,2622,0.01,0.1,1.97,0.05,,,2026-04-02 03:06:18,tcgcsv,OP06-015,1,1,1,0,1,0,missing_tcgplayer_product_id_only,price_via_chain_tcgplayer_id_missing
864,OP06-016,Raise Max,UC,,2909,864,OP06-016,,base,Base,official-cardlist,OP06/base/OP06-016.png,https://en.onepiece-cardgame.com/images/cardlist/card/OP06-016.png?260305,1126,2909,1557,HIGH,exact_code_plus_base_flag,1557,626669,Raise Max (Premium Card Collection -Best Selection Vol. 3-),Raise Max Premium Card Collection Best Selection Vol 3,OP06-016,UC,,tcgcsv,1436,1557,1.99,3.25,49.99,2.34,,,2026-04-02 03:06:17,tcgcsv,OP06-016,1,1,1,0,1,0,missing_tcgplayer_product_id_only,price_via_chain_tcgplayer_id_missing
865,OP06-017,Meteor-Strike of Love,C,,2913,865,OP06-017,,base,Base,official-cardlist,OP06/base/OP06-017.png,https://en.onepiece-cardgame.com/images/cardlist/card/OP06-017.png?260305,2090,2913,2624,HIGH,exact_code_plus_base_flag,2624,541593,Meteor-Strike of Love,Meteor Strike of Love,OP06-017,C,,tcgcsv,2432,2624,0.01,0.11,1.58,0.1,,,2026-04-02 03:06:18,tcgcsv,OP06-017,1,1,1,0,1,0,missing_tcgplayer_product_id_only,price_via_chain_tcgplayer_id_missing
866,OP06-018,Gum-Gum King Kong Gatling,R,,2915,866,OP06-018,,base,Base,official-cardlist,OP06/base/OP06-018.png,https://en.onepiece-cardgame.com/images/cardlist/card/OP06-018.png?260305,2076,2915,2607,HIGH,exact_code_plus_base_flag,2607,541072,Gum-Gum King Kong Gatling,Gum Gum King Kong Gatling,OP06-018,R,,tcgcsv,2416,2607,0.02,0.25,10.21,0.2,,,2026-04-02 03:06:18,tcgcsv,OP06-018,1,1,1,0,1,0,missing_tcgplayer_product_id_only,price_via_chain_tcgplayer_id_missing
867,OP06-019,Blue Dragon Seal Water Stream,UC,,2917,867,OP06-019,,base,Base,official-cardlist,OP06/base/OP06-019.png,https://en.onepiece-cardgame.com/images/cardlist/card/OP06-019.png?260305,2091,2917,2625,HIGH,exact_code_plus_base_flag,2625,541594,Blue Dragon Seal Water Stream,Blue Dragon Seal Water Stream,OP06-019,UC,,tcgcsv,2433,2625,0.01,0.15,1.58,0.07,,,2026-04-02 03:06:18,tcgcsv,OP06-019,1,1,1,0,1,0,missing_tcgplayer_product_id_only,price_via_chain_tcgplayer_id_missing
868,OP06-020,Hody Jones,L,,2919,868,OP06-020,,base,Base,official-cardlist,OP06/base/OP06-020.png,https://en.onepiece-cardgame.com/images/cardlist/card/OP06-020.png?260305,2037,2919,2568,HIGH,exact_code_plus_base_flag,2568,539767,Hody Jones (020),Hody Jones 020,OP06-020,L,,tcgcsv,2377,2568,0.01,0.16,5.0,0.16,,,2026-04-02 03:06:18,tcgcsv,OP06-020,1,1,1,0,1,0,missing_tcgplayer_product_id_only,price_via_chain_tcgplayer_id_missing
869,OP06-021,Perona,L,,2924,869,OP06-021,,base,Base,official-cardlist,OP06/base/OP06-021.png,https://en.onepiece-cardgame.com/images/cardlist/card/OP06-021.png?260305,2047,2924,2578,HIGH,exact_code_plus_base_flag,2578,541043,Perona (021),Perona 021,OP06-021,L,,tcgcsv,2387,2578,0.01,0.2,5.0,0.17,,,2026-04-02 03:06:18,tcgcsv,OP06-021,1,1,1,0,1,0,missing_tcgplayer_product_id_only,price_via_chain_tcgplayer_id_missing
870,OP06-022,Yamato,L,,2929,870,OP06-022,,base,Base,official-cardlist,OP06/base/OP06-022.png,https://en.onepiece-cardgame.com/images/cardlist/card/OP06-022.png?260305,2026,2929,2557,HIGH,exact_code_plus_base_flag,2557,539489,Yamato,Yamato,OP06-022,L,,tcgcsv,2366,2557,0.08,0.23,5.0,0.18,,,2026-04-02 03:06:18,tcgcsv,OP06-022,1,1,1,0,1,0,missing_tcgplayer_product_id_only,price_via_chain_tcgplayer_id_missing
871,OP06-023,Arlong,R,,2936,871,OP06-023,,base,Base,official-cardlist,OP06/base/OP06-023.png,https://en.onepiece-cardgame.com/images/cardlist/card/OP06-023.png?260305,2041,2936,2572,HIGH,exact_code_plus_base_flag,2572,539775,Arlong,Arlong,OP06-023,R,,tcgcsv,2381,2572,0.02,0.2,4.5,0.15,,,2026-04-02 03:06:18,tcgcsv,OP06-023,1,1,1,0,1,0,missing_tcgplayer_product_id_only,price_via_chain_tcgplayer_id_missing
872,OP06-024,Ikaros Much,UC,,2943,872,OP06-024,,base,Base,official-cardlist,OP06/base/OP06-024.png,https://en.onepiece-cardgame.com/images/cardlist/card/OP06-024.png?260305,2092,2943,2626,HIGH,exact_code_plus_base_flag,2626,541595,Ikaros Much,Ikaros Much,OP06-024,UC,,tcgcsv,2434,2626,0.01,0.15,1.58,0.05,,,2026-04-02 03:06:18,tcgcsv,OP06-024,1,1,1,0,1,0,missing_tcgplayer_product_id_only,price_via_chain_tcgplayer_id_missing
873,OP06-025,Camie,R,,2945,873,OP06-025,,base,Base,official-cardlist,OP06/base/OP06-025.png,https://en.onepiece-cardgame.com/images/cardlist/card/OP06-025.png?260305,910,2945,1291,HIGH,exact_code_plus_base_flag,1291,579369,Camie (Championship 2024 Finalist Card Set),Camie Championship 2024 Finalist Card Set,OP06-025,R,,tcgcsv,,,,,,,,,,,OP06-025,1,1,1,0,1,0,missing_tcgplayer_product_id_only,price_via_chain_tcgplayer_id_missing
874,OP06-026,Koushirou,C,,2950,874,OP06-026,,base,Base,official-cardlist,OP06/base/OP06-026.png,https://en.onepiece-cardgame.com/images/cardlist/card/OP06-026.png?260305,2093,2950,2627,HIGH,exact_code_plus_base_flag,2627,541597,Koushirou,Koushirou,OP06-026,C,,tcgcsv,2435,2627,0.01,0.12,1.58,0.06,,,2026-04-02 03:06:18,tcgcsv,OP06-026,1,1,1,0,1,0,missing_tcgplayer_product_id_only,price_via_chain_tcgplayer_id_missing
875,OP06-027,Gyro,C,,2952,875,OP06-027,,base,Base,official-cardlist,OP06/base/OP06-027.png,https://en.onepiece-cardgame.com/images/cardlist/card/OP06-027.png?260305,2094,2952,2628,HIGH,exact_code_plus_base_flag,2628,541598,Gyro,Gyro,OP06-027,C,,tcgcsv,2436,2628,0.01,0.1,1.58,0.03,,,2026-04-02 03:06:18,tcgcsv,OP06-027,1,1,1,0,1,0,missing_tcgplayer_product_id_only,price_via_chain_tcgplayer_id_missing
876,OP06-028,Zeo,C,,2954,876,OP06-028,,base,Base,official-cardlist,OP06/base/OP06-028.png,https://en.onepiece-cardgame.com/images/cardlist/card/OP06-028.png?260305,2095,2954,2629,HIGH,exact_code_plus_base_flag,2629,541599,Zeo,Zeo,OP06-028,C,,tcgcsv,2437,2629,0.01,0.12,1.58,0.05,,,2026-04-02 03:06:18,tcgcsv,OP06-028,1,1,1,0,1,0,missing_tcgplayer_product_id_only,price_via_chain_tcgplayer_id_missing
877,OP06-029,Daruma,UC,,2956,877,OP06-029,,base,Base,official-cardlist,OP06/base/OP06-029.png,https://en.onepiece-cardgame.com/images/cardlist/card/OP06-029.png?260305,2096,2956,2630,HIGH,exact_code_plus_base_flag,2630,541600,Daruma,Daruma,OP06-029,UC,,tcgcsv,2438,2630,0.01,0.15,1.58,0.05,,,2026-04-02 03:06:18,tcgcsv,OP06-029,1,1,1,0,1,0,missing_tcgplayer_product_id_only,price_via_chain_tcgplayer_id_missing
878,OP06-030,Dosun,C,,2958,878,OP06-030,,base,Base,official-cardlist,OP06/base/OP06-030.png,https://en.onepiece-cardgame.com/images/cardlist/card/OP06-030.png?260305,2097,2958,2631,HIGH,exact_code_plus_base_flag,2631,541601,Dosun,Dosun,OP06-030,C,,tcgcsv,2439,2631,0.01,0.1,1.58,0.04,,,2026-04-02 03:06:18,tcgcsv,OP06-030,1,1,1,0,1,0,missing_tcgplayer_product_id_only,price_via_chain_tcgplayer_id_missing
879,OP06-031,Hatchan,UC,,2960,879,OP06-031,,base,Base,official-cardlist,OP06/base/OP06-031.png,https://en.onepiece-cardgame.com/images/cardlist/card/OP06-031.png?260305,2098,2960,2632,HIGH,exact_code_plus_base_flag,2632,541602,Hatchan,Hatchan,OP06-031,UC,,tcgcsv,2440,2632,0.01,0.15,1.58,0.09,,,2026-04-02 03:06:18,tcgcsv,OP06-031,1,1,1,0,1,0,missing_tcgplayer_product_id_only,price_via_chain_tcgplayer_id_missing
880,OP06-032,Hammond,C,,2962,880,OP06-032,,base,Base,official-cardlist,OP06/base/OP06-032.png,https://en.onepiece-cardgame.com/images/cardlist/card/OP06-032.png?260305,2099,2962,2633,HIGH,exact_code_plus_base_flag,2633,541603,Hammond,Hammond,OP06-032,C,,tcgcsv,2441,2633,0.01,0.1,1.58,0.03,,,2026-04-02 03:06:18,tcgcsv,OP06-032,1,1,1,0,1,0,missing_tcgplayer_product_id_only,price_via_chain_tcgplayer_id_missing
881,OP06-033,Vander Decken IX,R,,2964,881,OP06-033,,base,Base,official-cardlist,OP06/base/OP06-033.png,https://en.onepiece-cardgame.com/images/cardlist/card/OP06-033.png?260305,2042,2964,2573,HIGH,exact_code_plus_base_flag,2573,539782,Vander Decken IX,Vander Decken IX,OP06-033,R,,tcgcsv,2382,2573,0.05,0.29,10.23,0.29,,,2026-04-02 03:06:18,tcgcsv,OP06-033,1,1,1,0,1,0,missing_tcgplayer_product_id_only,price_via_chain_tcgplayer_id_missing
882,OP06-034,Hyouzou,UC,,2966,882,OP06-034,,base,Base,official-cardlist,OP06/base/OP06-034.png,https://en.onepiece-cardgame.com/images/cardlist/card/OP06-034.png?260305,2100,2966,2634,HIGH,exact_code_plus_base_flag,2634,541604,Hyouzou,Hyouzou,OP06-034,UC,,tcgcsv,2442,2634,0.01,0.15,1.58,0.06,,,2026-04-02 03:06:18,tcgcsv,OP06-034,1,1,1,0,1,0,missing_tcgplayer_product_id_only,price_via_chain_tcgplayer_id_missing
883,OP06-035,Hody Jones,SR,,2968,883,OP06-035,,base,Base,official-cardlist,OP06/base/OP06-035.png,https://en.onepiece-cardgame.com/images/cardlist/card/OP06-035.png?260305,2039,2968,2570,HIGH,exact_code_plus_base_flag,2570,539770,Hody Jones (035) (Alternate Art),Hody Jones 035 Alternate Art,OP06-035,SR,,tcgcsv,2379,2570,11.65,16.0,80.0,12.62,,,2026-04-02 03:06:18,tcgcsv,OP06-035,1,1,1,0,1,0,missing_tcgplayer_product_id_only,price_via_chain_tcgplayer_id_missing
884,OP06-036,Ryuma,R,,2975,884,OP06-036,,base,Base,official-cardlist,OP06/base/OP06-036.png,https://en.onepiece-cardgame.com/images/cardlist/card/OP06-036.png?260305,959,2975,1353,HIGH,exact_code_plus_base_flag,1353,583750,Ryuma (Judge Pack Vol. 4),Ryuma Judge Pack Vol 4,OP06-036,R,,tcgcsv,1256,1353,0.25,1.0,78.72,0.52,,,2026-04-02 03:06:17,tcgcsv,OP06-036,1,1,1,0,1,0,missing_tcgplayer_product_id_only,price_via_chain_tcgplayer_id_missing
885,OP06-037,Wadatsumi,C,,2982,885,OP06-037,,base,Base,official-cardlist,OP06/base/OP06-037.png,https://en.onepiece-cardgame.com/images/cardlist/card/OP06-037.png?260305,2101,2982,2635,HIGH,exact_code_plus_base_flag,2635,541605,Wadatsumi,Wadatsumi,OP06-037,C,,tcgcsv,2443,2635,0.01,0.1,1.58,0.02,,,2026-04-02 03:06:18,tcgcsv,OP06-037,1,1,1,0,1,0,missing_tcgplayer_product_id_only,price_via_chain_tcgplayer_id_missing
886,OP06-038,The Billion-fold World Trichiliocosm,UC,,2984,886,OP06-038,,base,Base,official-cardlist,OP06/base/OP06-038.png,https://en.onepiece-cardgame.com/images/cardlist/card/OP06-038.png?260305,1004,2984,1401,HIGH,exact_code_plus_base_flag,1401,587228,The Billion-fold World Trichiliocosm (Premium Card Collection -Best Selection Vol. 2-),The Billion fold World Trichiliocosm Premium Card Collection Best Selection Vol 2,OP06-038,UC,,tcgcsv,1295,1401,6.0,9.0,40.0,8.02,,,2026-04-02 03:06:17,tcgcsv,OP06-038,1,1,1,0,1,0,missing_tcgplayer_product_id_only,price_via_chain_tcgplayer_id_missing
887,OP06-039,You Ain't Even Worth Killing Time!!,R,,2990,887,OP06-039,,base,Base,official-cardlist,OP06/base/OP06-039.png,https://en.onepiece-cardgame.com/images/cardlist/card/OP06-039.png?260305,2050,2990,2581,HIGH,exact_code_plus_base_flag,2581,541046,You Ain't Even Worth Killing Time!!,You Aint Even Worth Killing Time,OP06-039,R,,tcgcsv,2390,2581,0.01,0.22,25.0,0.22,,,2026-04-02 03:06:18,tcgcsv,OP06-039,1,1,1,0,1,0,missing_tcgplayer_product_id_only,price_via_chain_tcgplayer_id_missing
888,OP06-040,Shark Arrows,C,,2992,888,OP06-040,,base,Base,official-cardlist,OP06/base/OP06-040.png,https://en.onepiece-cardgame.com/images/cardlist/card/OP06-040.png?260305,2103,2992,2637,HIGH,exact_code_plus_base_flag,2637,541607,Shark Arrows,Shark Arrows,OP06-040,C,,tcgcsv,2445,2637,0.01,0.1,1.58,0.04,,,2026-04-02 03:06:18,tcgcsv,OP06-040,1,1,1,0,1,0,missing_tcgplayer_product_id_only,price_via_chain_tcgplayer_id_missing
889,OP06-041,The Ark Noah,C,,2994,889,OP06-041,,base,Base,official-cardlist,OP06/base/OP06-041.png,https://en.onepiece-cardgame.com/images/cardlist/card/OP06-041.png?260305,2104,2994,2638,HIGH,exact_code_plus_base_flag,2638,541608,The Ark Noah,The Ark Noah,OP06-041,C,,tcgcsv,2446,2638,0.01,0.15,1.58,0.13,,,2026-04-02 03:06:18,tcgcsv,OP06-041,1,1,1,0,1,0,missing_tcgplayer_product_id_only,price_via_chain_tcgplayer_id_missing
890,OP06-042,Vinsmoke Reiju,L,,2996,890,OP06-042,,base,Base,official-cardlist,OP06/base/OP06-042.png,https://en.onepiece-cardgame.com/images/cardlist/card/OP06-042.png?260305,2045,2996,2576,HIGH,exact_code_plus_base_flag,2576,541006,Vinsmoke Reiju (042),Vinsmoke Reiju 042,OP06-042,L,,tcgcsv,2385,2576,0.02,0.2,5.0,0.19,,,2026-04-02 03:06:18,tcgcsv,OP06-042,1,1,1,0,1,0,missing_tcgplayer_product_id_only,price_via_chain_tcgplayer_id_missing
891,OP06-043,Aramaki,SR,,3001,891,OP06-043,,base,Base,official-cardlist,OP06/base/OP06-043.png,https://en.onepiece-cardgame.com/images/cardlist/card/OP06-043.png?260305,2052,3001,2583,HIGH,exact_code_plus_base_flag,2583,541048,Aramaki,Aramaki,OP06-043,SR,,tcgcsv,2392,2583,0.1,0.61,25.0,0.46,,,2026-04-02 03:06:18,tcgcsv,OP06-043,1,1,1,0,1,0,missing_tcgplayer_product_id_only,price_via_chain_tcgplayer_id_missing
892,OP06-044,Gion,UC,,3005,892,OP06-044,,base,Base,official-cardlist,OP06/base/OP06-044.png,https://en.onepiece-cardgame.com/images/cardlist/card/OP06-044.png?260305,2105,3005,2639,HIGH,exact_code_plus_base_flag,2639,541609,Gion,Gion,OP06-044,UC,,tcgcsv,2447,2639,0.01,0.21,1.98,0.14,,,2026-04-02 03:06:18,tcgcsv,OP06-044,1,1,1,0,1,0,missing_tcgplayer_product_id_only,price_via_chain_tcgplayer_id_missing
893,OP06-045,Kuzan,UC,,3009,893,OP06-045,,base,Base,official-cardlist,OP06/base/OP06-045.png,https://en.onepiece-cardgame.com/images/cardlist/card/OP06-045.png?260305,2106,3009,2640,HIGH,exact_code_plus_base_flag,2640,541610,Kuzan,Kuzan,OP06-045,UC,,tcgcsv,2448,2640,0.01,0.15,1.58,0.08,,,2026-04-02 03:06:18,tcgcsv,OP06-045,1,1,1,0,1,0,missing_tcgplayer_product_id_only,price_via_chain_tcgplayer_id_missing
894,OP06-046,Sakazuki,UC,,3011,894,OP06-046,,base,Base,official-cardlist,OP06/base/OP06-046.png,https://en.onepiece-cardgame.com/images/cardlist/card/OP06-046.png?260305,2107,3011,2641,HIGH,exact_code_plus_base_flag,2641,541611,Sakazuki,Sakazuki,OP06-046,UC,,tcgcsv,2449,2641,0.01,0.15,1.58,0.04,,,2026-04-02 03:06:18,tcgcsv,OP06-046,1,1,1,0,1,0,missing_tcgplayer_product_id_only,price_via_chain_tcgplayer_id_missing
895,OP06-047,Charlotte Pudding,R,,3013,895,OP06-047,,base,Base,official-cardlist,OP06/base/OP06-047.png,https://en.onepiece-cardgame.com/images/cardlist/card/OP06-047.png?260305,1037,3013,1440,HIGH,exact_code_plus_base_flag,1440,607973,Charlotte Pudding (Winner Pack 2025 Vol. 1),Charlotte Pudding Winner Pack 2025 Vol 1,OP06-047,R,,tcgcsv,1333,1440,9.31,26.22,9999.0,9.81,,,2026-04-02 03:06:17,tcgcsv,OP06-047,1,1,1,0,1,0,missing_tcgplayer_product_id_only,price_via_chain_tcgplayer_id_missing
896,OP06-048,Zeff,C,,3021,896,OP06-048,,base,Base,official-cardlist,OP06/base/OP06-048.png,https://en.onepiece-cardgame.com/images/cardlist/card/OP06-048.png?260305,2108,3021,2642,HIGH,exact_code_plus_base_flag,2642,541612,Zeff,Zeff,OP06-048,C,,tcgcsv,2450,2642,0.01,0.14,1.58,0.06,,,2026-04-02 03:06:18,tcgcsv,OP06-048,1,1,1,0,1,0,missing_tcgplayer_product_id_only,price_via_chain_tcgplayer_id_missing
897,OP06-049,Sengoku,C,,3023,897,OP06-049,,base,Base,official-cardlist,OP06/base/OP06-049.png,https://en.onepiece-cardgame.com/images/cardlist/card/OP06-049.png?260305,2109,3023,2643,HIGH,exact_code_plus_base_flag,2643,541613,Sengoku,Sengoku,OP06-049,C,,tcgcsv,2451,2643,0.01,0.1,1.58,0.04,,,2026-04-02 03:06:18,tcgcsv,OP06-049,1,1,1,0,1,0,missing_tcgplayer_product_id_only,price_via_chain_tcgplayer_id_missing
898,OP06-050,Tashigi,SP CARD,,3027,898,OP06-050,,base,Base,official-cardlist,OP06/sp/OP06-050_sp.png,https://en.onepiece-cardgame.com/images/cardlist/card/OP06-050.png?260305,2054,3027,2585,HIGH,exact_code_plus_base_flag,2585,541050,Tashigi,Tashigi,OP06-050,R,,tcgcsv,2394,2585,0.1,0.5,10.44,0.43,,,2026-04-02 03:06:18,tcgcsv,OP06-050,1,1,1,0,1,0,missing_tcgplayer_product_id_only,price_via_chain_tcgplayer_id_missing
899,OP06-051,Tsuru,R,,3033,899,OP06-051,,base,Base,official-cardlist,OP06/base/OP06-051.png,https://en.onepiece-cardgame.com/images/cardlist/card/OP06-051.png?260305,1313,3033,1768,HIGH,exact_code_plus_base_flag,1768,655966,Tsuru (Tournament Pack 2025 Vol. 4),Tsuru Tournament Pack 2025 Vol 4,OP06-051,R,,tcgcsv,1616,1768,0.01,0.38,4.99,0.27,,,2026-04-02 03:06:17,tcgcsv,OP06-051,1,1,1,0,1,0,missing_tcgplayer_product_id_only,price_via_chain_tcgplayer_id_missing
900,OP06-052,Tokikake,C,,3037,900,OP06-052,,base,Base,official-cardlist,OP06/base/OP06-052.png,https://en.onepiece-cardgame.com/images/cardlist/card/OP06-052.png?260305,2110,3037,2644,HIGH,exact_code_plus_base_flag,2644,541614,Tokikake,Tokikake,OP06-052,C,,tcgcsv,2452,2644,0.01,0.1,1.58,0.02,,,2026-04-02 03:06:18,tcgcsv,OP06-052,1,1,1,0,1,0,missing_tcgplayer_product_id_only,price_via_chain_tcgplayer_id_missing
901,OP06-053,Jaguar.D.Saul,C,,3039,901,OP06-053,,base,Base,official-cardlist,OP06/base/OP06-053.png,https://en.onepiece-cardgame.com/images/cardlist/card/OP06-053.png?260305,2111,3039,2645,HIGH,exact_code_plus_base_flag,2645,541615,Jaguar.D.Saul,JaguarDSaul,OP06-053,C,,tcgcsv,2453,2645,0.01,0.1,1.58,0.04,,,2026-04-02 03:06:18,tcgcsv,OP06-053,1,1,1,0,1,0,missing_tcgplayer_product_id_only,price_via_chain_tcgplayer_id_missing
902,OP06-054,Borsalino,UC,,3041,902,OP06-054,,base,Base,official-cardlist,OP06/base/OP06-054.png,https://en.onepiece-cardgame.com/images/cardlist/card/OP06-054.png?260305,2112,3041,2646,HIGH,exact_code_plus_base_flag,2646,541616,Borsalino,Borsalino,OP06-054,UC,,tcgcsv,2454,2646,0.01,0.15,1.58,0.15,,,2026-04-02 03:06:18,tcgcsv,OP06-054,1,1,1,0,1,0,missing_tcgplayer_product_id_only,price_via_chain_tcgplayer_id_missing
903,OP06-055,Monkey.D.Garp,C,,3043,903,OP06-055,,base,Base,official-cardlist,OP06/base/OP06-055.png,https://en.onepiece-cardgame.com/images/cardlist/card/OP06-055.png?260305,2113,3043,2647,HIGH,exact_code_plus_base_flag,2647,541617,Monkey.D.Garp,MonkeyDGarp,OP06-055,C,,tcgcsv,2455,2647,0.01,0.11,1.58,0.09,,,2026-04-02 03:06:18,tcgcsv,OP06-055,1,1,1,0,1,0,missing_tcgplayer_product_id_only,price_via_chain_tcgplayer_id_missing
904,OP06-056,Ama no Murakumo Sword,UC,,3045,904,OP06-056,,base,Base,official-cardlist,OP06/base/OP06-056.png,https://en.onepiece-cardgame.com/images/cardlist/card/OP06-056.png?260305,2114,3045,2648,HIGH,exact_code_plus_base_flag,2648,541618,Ama no Murakumo Sword,Ama no Murakumo Sword,OP06-056,UC,,tcgcsv,2456,2648,0.01,0.12,1.52,0.07,,,2026-04-02 03:06:18,tcgcsv,OP06-056,1,1,1,0,1,0,missing_tcgplayer_product_id_only,price_via_chain_tcgplayer_id_missing
905,OP06-057,But I Will Never Doubt a Woman's Tears!!!!,C,,3052,905,OP06-057,,base,Base,official-cardlist,OP06/base/OP06-057.png,https://en.onepiece-cardgame.com/images/cardlist/card/OP06-057.png?260305,2115,3052,2649,HIGH,exact_code_plus_base_flag,2649,541619,But I Will Never Doubt a Woman's Tears!!!!,But I Will Never Doubt a Womans Tears,OP06-057,C,,tcgcsv,2457,2649,0.01,0.1,1.58,0.06,,,2026-04-02 03:06:18,tcgcsv,OP06-057,1,1,1,0,1,0,missing_tcgplayer_product_id_only,price_via_chain_tcgplayer_id_missing
906,OP06-058,Gravity Blade Raging Tiger,R,,3054,906,OP06-058,,base,Base,official-cardlist,OP06/base/OP06-058.png,https://en.onepiece-cardgame.com/images/cardlist/card/OP06-058.png?260305,2077,3054,2608,HIGH,exact_code_plus_base_flag,2608,541073,Gravity Blade Raging Tiger,Gravity Blade Raging Tiger,OP06-058,R,,tcgcsv,2417,2608,2.5,3.88,11.62,3.42,,,2026-04-02 03:06:18,tcgcsv,OP06-058,1,1,1,0,1,0,missing_tcgplayer_product_id_only,price_via_chain_tcgplayer_id_missing
907,OP06-059,White Snake,UC,,3059,907,OP06-059,,base,Base,official-cardlist,OP06/base/OP06-059.png,https://en.onepiece-cardgame.com/images/cardlist/card/OP06-059.png?260305,2116,3059,2650,HIGH,exact_code_plus_base_flag,2650,541620,White Snake,White Snake,OP06-059,UC,,tcgcsv,2458,2650,0.01,0.2,1.98,0.1,,,2026-04-02 03:06:18,tcgcsv,OP06-059,1,1,1,0,1,0,missing_tcgplayer_product_id_only,price_via_chain_tcgplayer_id_missing
908,OP06-060,Vinsmoke Ichiji,C,,3063,908,OP06-060,,base,Base,official-cardlist,OP06/base/OP06-060.png,https://en.onepiece-cardgame.com/images/cardlist/card/OP06-060.png?260305,2117,3063,2651,HIGH,exact_code_plus_base_flag,2651,541621,Vinsmoke Ichiji (060),Vinsmoke Ichiji 060,OP06-060,C,,tcgcsv,2459,2651,0.01,0.15,1.5,0.08,,,2026-04-02 03:06:18,tcgcsv,OP06-060,1,1,1,0,1,0,missing_tcgplayer_product_id_only,price_via_chain_tcgplayer_id_missing
909,OP06-061,Vinsmoke Ichiji,R,,3069,909,OP06-061,,base,Base,official-cardlist,OP06/base/OP06-061.png,https://en.onepiece-cardgame.com/images/cardlist/card/OP06-061.png?260305,1068,3069,1479,HIGH,exact_code_plus_base_flag,1479,619205,Vinsmoke Ichiji (Judge Pack Vol. 5),Vinsmoke Ichiji Judge Pack Vol 5,OP06-061,R,,tcgcsv,1372,1479,0.2,0.62,5.44,0.5,,,2026-04-02 03:06:17,tcgcsv,OP06-061,1,1,1,0,1,0,missing_tcgplayer_product_id_only,price_via_chain_tcgplayer_id_missing
910,OP06-062,Vinsmoke Judge,SR,,3073,910,OP06-062,,base,Base,official-cardlist,OP06/base/OP06-062.png,https://en.onepiece-cardgame.com/images/cardlist/card/OP06-062.png?260305,2065,3073,2596,HIGH,exact_code_plus_base_flag,2596,541061,Vinsmoke Judge,Vinsmoke Judge,OP06-062,SR,,tcgcsv,2405,2596,0.1,0.5,25.0,0.31,,,2026-04-02 03:06:18,tcgcsv,OP06-062,1,1,1,0,1,0,missing_tcgplayer_product_id_only,price_via_chain_tcgplayer_id_missing
911,OP06-063,Vinsmoke Sora,UC,,3077,911,OP06-063,,base,Base,official-cardlist,OP06/base/OP06-063.png,https://en.onepiece-cardgame.com/images/cardlist/card/OP06-063.png?260305,1390,3077,1855,HIGH,exact_code_plus_base_flag,1855,668421,Vinsmoke Sora (CS 25-26 Top Player Pack Vol. 2),Vinsmoke Sora CS 25 26 Top Player Pack Vol 2,OP06-063,UC,,tcgcsv,,,,,,,,,,,OP06-063,1,1,1,0,1,0,missing_tcgplayer_product_id_only,price_via_chain_tcgplayer_id_missing
912,OP06-064,Vinsmoke Niji,C,,3084,912,OP06-064,,base,Base,official-cardlist,OP06/base/OP06-064.png,https://en.onepiece-cardgame.com/images/cardlist/card/OP06-064.png?260305,2119,3084,2653,HIGH,exact_code_plus_base_flag,2653,541623,Vinsmoke Niji (064),Vinsmoke Niji 064,OP06-064,C,,tcgcsv,2461,2653,0.01,0.15,1.58,0.06,,,2026-04-02 03:06:18,tcgcsv,OP06-064,1,1,1,0,1,0,missing_tcgplayer_product_id_only,price_via_chain_tcgplayer_id_missing
913,OP06-065,Vinsmoke Niji,R,,3090,913,OP06-065,,base,Base,official-cardlist,OP06/base/OP06-065.png,https://en.onepiece-cardgame.com/images/cardlist/card/OP06-065.png?260305,2074,3090,2605,HIGH,exact_code_plus_base_flag,2605,541070,Vinsmoke Niji (065),Vinsmoke Niji 065,OP06-065,R,,tcgcsv,2414,2605,0.01,0.2,10.11,0.1,,,2026-04-02 03:06:18,tcgcsv,OP06-065,1,1,1,0,1,0,missing_tcgplayer_product_id_only,price_via_chain_tcgplayer_id_missing
914,OP06-066,Vinsmoke Yonji,C,,3097,914,OP06-066,,base,Base,official-cardlist,OP06/base/OP06-066.png,https://en.onepiece-cardgame.com/images/cardlist/card/OP06-066.png?260305,2120,3097,2654,HIGH,exact_code_plus_base_flag,2654,541624,Vinsmoke Yonji (066),Vinsmoke Yonji 066,OP06-066,C,,tcgcsv,2462,2654,0.01,0.12,2.5,0.05,,,2026-04-02 03:06:18,tcgcsv,OP06-066,1,1,1,0,1,0,missing_tcgplayer_product_id_only,price_via_chain_tcgplayer_id_missing
915,OP06-067,Vinsmoke Yonji,R,,3103,915,OP06-067,,base,Base,official-cardlist,OP06/base/OP06-067.png,https://en.onepiece-cardgame.com/images/cardlist/card/OP06-067.png?260305,2075,3103,2606,HIGH,exact_code_plus_base_flag,2606,541071,Vinsmoke Yonji (067),Vinsmoke Yonji 067,OP06-067,R,,tcgcsv,2415,2606,0.01,0.18,10.1,0.1,,,2026-04-02 03:06:18,tcgcsv,OP06-067,1,1,1,0,1,0,missing_tcgplayer_product_id_only,price_via_chain_tcgplayer_id_missing
916,OP06-068,Vinsmoke Reiju,C,,3111,916,OP06-068,,base,Base,official-cardlist,OP06/base/OP06-068.png,https://en.onepiece-cardgame.com/images/cardlist/card/OP06-068.png?260305,2121,3111,2655,HIGH,exact_code_plus_base_flag,2655,541625,Vinsmoke Reiju (068),Vinsmoke Reiju 068,OP06-068,C,,tcgcsv,2463,2655,0.01,0.15,5.0,0.13,,,2026-04-02 03:06:18,tcgcsv,OP06-068,1,1,1,0,1,0,missing_tcgplayer_product_id_only,price_via_chain_tcgplayer_id_missing
917,OP06-069,Vinsmoke Reiju,SR,,3117,917,OP06-069,,base,Base,official-cardlist,OP06/base/OP06-069.png,https://en.onepiece-cardgame.com/images/cardlist/card/OP06-069.png?260305,1023,3117,1422,HIGH,exact_code_plus_base_flag,1422,590990,Vinsmoke Reiju (Treasure Cup 2024),Vinsmoke Reiju Treasure Cup 2024,OP06-069,SR,,tcgcsv,1315,1422,2999.0,2999.01,2999.01,1874.5,,,2026-04-02 03:06:17,tcgcsv,OP06-069,1,1,1,0,1,0,missing_tcgplayer_product_id_only,price_via_chain_tcgplayer_id_missing
918,OP06-070,Eldoraggo,C,,3126,918,OP06-070,,base,Base,official-cardlist,OP06/base/OP06-070.png,https://en.onepiece-cardgame.com/images/cardlist/card/OP06-070.png?260305,2122,3126,2656,HIGH,exact_code_plus_base_flag,2656,541626,Eldoraggo,Eldoraggo,OP06-070,C,,tcgcsv,2464,2656,0.01,0.1,1.58,0.03,,,2026-04-02 03:06:18,tcgcsv,OP06-070,1,1,1,0,1,0,missing_tcgplayer_product_id_only,price_via_chain_tcgplayer_id_missing
919,OP06-071,Gild Tesoro,UC,,3128,919,OP06-071,,base,Base,official-cardlist,OP06/base/OP06-071.png,https://en.onepiece-cardgame.com/images/cardlist/card/OP06-071.png?260305,2123,3128,2657,HIGH,exact_code_plus_base_flag,2657,541627,Gild Tesoro,Gild Tesoro,OP06-071,UC,,tcgcsv,2465,2657,0.01,0.15,2.03,0.1,,,2026-04-02 03:06:18,tcgcsv,OP06-071,1,1,1,0,1,0,missing_tcgplayer_product_id_only,price_via_chain_tcgplayer_id_missing
920,OP06-072,Cosette,C,,3130,920,OP06-072,,base,Base,official-cardlist,OP06/base/OP06-072.png,https://en.onepiece-cardgame.com/images/cardlist/card/OP06-072.png?260305,2124,3130,2658,HIGH,exact_code_plus_base_flag,2658,541628,Cosette,Cosette,OP06-072,C,,tcgcsv,2466,2658,0.01,0.12,1.58,0.06,,,2026-04-02 03:06:18,tcgcsv,OP06-072,1,1,1,0,1,0,missing_tcgplayer_product_id_only,price_via_chain_tcgplayer_id_missing
921,OP06-073,Shiki,UC,,3132,921,OP06-073,,base,Base,official-cardlist,OP06/base/OP06-073.png,https://en.onepiece-cardgame.com/images/cardlist/card/OP06-073.png?260305,2125,3132,2659,HIGH,exact_code_plus_base_flag,2659,541629,Shiki,Shiki,OP06-073,UC,,tcgcsv,2467,2659,0.01,0.15,1.58,0.09,,,2026-04-02 03:06:18,tcgcsv,OP06-073,1,1,1,0,1,0,missing_tcgplayer_product_id_only,price_via_chain_tcgplayer_id_missing
922,OP06-074,Zephyr (Navy),R,,3136,922,OP06-074,,base,Base,official-cardlist,OP06/base/OP06-074.png,https://en.onepiece-cardgame.com/images/cardlist/card/OP06-074.png?260305,960,3136,1354,HIGH,exact_code_plus_base_flag,1354,583751,Zephyr (Navy) (Judge Pack Vol. 4),Zephyr Navy Judge Pack Vol 4,OP06-074,R,,tcgcsv,1257,1354,0.2,0.55,30.0,0.3,,,2026-04-02 03:06:17,tcgcsv,OP06-074,1,1,1,0,1,0,missing_tcgplayer_product_id_only,price_via_chain_tcgplayer_id_missing
923,OP06-075,Count Battler,C,,3138,923,OP06-075,,base,Base,official-cardlist,OP06/base/OP06-075.png,https://en.onepiece-cardgame.com/images/cardlist/card/OP06-075.png?260305,2126,3138,2660,HIGH,exact_code_plus_base_flag,2660,541630,Count Battler,Count Battler,OP06-075,C,,tcgcsv,2468,2660,0.01,0.1,1.58,0.03,,,2026-04-02 03:06:18,tcgcsv,OP06-075,1,1,1,0,1,0,missing_tcgplayer_product_id_only,price_via_chain_tcgplayer_id_missing
924,OP06-076,Hitokiri Kamazo,UC,,3140,924,OP06-076,,base,Base,official-cardlist,OP06/base/OP06-076.png,https://en.onepiece-cardgame.com/images/cardlist/card/OP06-076.png?260305,1038,3140,1441,HIGH,exact_code_plus_base_flag,1441,607974,Hitokiri Kamazo (Winner Pack 2025 Vol. 1),Hitokiri Kamazo Winner Pack 2025 Vol 1,OP06-076,UC,,tcgcsv,1334,1441,2.0,3.5,19.18,2.44,,,2026-04-02 03:06:17,tcgcsv,OP06-076,1,1,1,0,1,0,missing_tcgplayer_product_id_only,price_via_chain_tcgplayer_id_missing
925,OP06-077,Black Bug,R,,3146,925,OP06-077,,base,Base,official-cardlist,OP06/base/OP06-077.png,https://en.onepiece-cardgame.com/images/cardlist/card/OP06-077.png?260305,2078,3146,2609,HIGH,exact_code_plus_base_flag,2609,541074,Black Bug,Black Bug,OP06-077,R,,tcgcsv,2418,2609,0.01,0.24,10.11,0.16,,,2026-04-02 03:06:18,tcgcsv,OP06-077,1,1,1,0,1,0,missing_tcgplayer_product_id_only,price_via_chain_tcgplayer_id_missing
926,OP06-078,GERMA 66,UC,,3148,926,OP06-078,,base,Base,official-cardlist,OP06/base/OP06-078.png,https://en.onepiece-cardgame.com/images/cardlist/card/OP06-078.png?260305,2128,3148,2662,HIGH,exact_code_plus_base_flag,2662,541632,GERMA 66,GERMA 66,OP06-078,UC,,tcgcsv,2470,2662,0.01,0.2,1.98,0.11,,,2026-04-02 03:06:18,tcgcsv,OP06-078,1,1,1,0,1,0,missing_tcgplayer_product_id_only,price_via_chain_tcgplayer_id_missing
927,OP06-079,Kingdom of GERMA,C,,3152,927,OP06-079,,base,Base,official-cardlist,OP06/base/OP06-079.png,https://en.onepiece-cardgame.com/images/cardlist/card/OP06-079.png?260305,2129,3152,2663,HIGH,exact_code_plus_base_flag,2663,541633,Kingdom of GERMA,Kingdom of GERMA,OP06-079,C,,tcgcsv,2471,2663,0.01,0.12,15.0,0.06,,,2026-04-02 03:06:18,tcgcsv,OP06-079,1,1,1,0,1,0,missing_tcgplayer_product_id_only,price_via_chain_tcgplayer_id_missing
928,OP06-080,Gecko Moria,L,,3159,928,OP06-080,,base,Base,official-cardlist,OP06/base/OP06-080.png,https://en.onepiece-cardgame.com/images/cardlist/card/OP06-080.png?260305,2057,3159,2588,HIGH,exact_code_plus_base_flag,2588,541053,Gecko Moria (080),Gecko Moria 080,OP06-080,L,,tcgcsv,2397,2588,0.01,0.23,10.18,0.21,,,2026-04-02 03:06:18,tcgcsv,OP06-080,1,1,1,0,1,0,missing_tcgplayer_product_id_only,price_via_chain_tcgplayer_id_missing
929,OP06-081,Absalom,R,,3164,929,OP06-081,,base,Base,official-cardlist,OP06/base/OP06-081.png,https://en.onepiece-cardgame.com/images/cardlist/card/OP06-081.png?260305,2061,3164,2592,HIGH,exact_code_plus_base_flag,2592,541057,Absalom,Absalom,OP06-081,R,,tcgcsv,2401,2592,0.05,0.2,10.14,0.13,,,2026-04-02 03:06:18,tcgcsv,OP06-081,1,1,1,0,1,0,missing_tcgplayer_product_id_only,price_via_chain_tcgplayer_id_missing
930,OP06-082,Inuppe,C,,3168,930,OP06-082,,base,Base,official-cardlist,OP06/base/OP06-082.png,https://en.onepiece-cardgame.com/images/cardlist/card/OP06-082.png?260305,961,3168,1355,HIGH,exact_code_plus_base_flag,1355,583752,Inuppe (Judge Pack Vol. 4),Inuppe Judge Pack Vol 4,OP06-082,C,,tcgcsv,1258,1355,0.25,0.97,15.0,0.7,,,2026-04-02 03:06:17,tcgcsv,OP06-082,1,1,1,0,1,0,missing_tcgplayer_product_id_only,price_via_chain_tcgplayer_id_missing
931,OP06-083,Oars,UC,,3170,931,OP06-083,,base,Base,official-cardlist,OP06/base/OP06-083.png,https://en.onepiece-cardgame.com/images/cardlist/card/OP06-083.png?260305,2131,3170,2665,HIGH,exact_code_plus_base_flag,2665,541635,Oars,Oars,OP06-083,UC,,tcgcsv,2473,2665,0.01,0.15,1.58,0.15,,,2026-04-02 03:06:18,tcgcsv,OP06-083,1,1,1,0,1,0,missing_tcgplayer_product_id_only,price_via_chain_tcgplayer_id_missing
932,OP06-084,Jigoro of the Wind,C,,3172,932,OP06-084,,base,Base,official-cardlist,OP06/base/OP06-084.png,https://en.onepiece-cardgame.com/images/cardlist/card/OP06-084.png?260305,2132,3172,2666,HIGH,exact_code_plus_base_flag,2666,541636,Jigoro of the Wind,Jigoro of the Wind,OP06-084,C,,tcgcsv,2474,2666,0.01,0.1,1.58,0.05,,,2026-04-02 03:06:18,tcgcsv,OP06-084,1,1,1,0,1,0,missing_tcgplayer_product_id_only,price_via_chain_tcgplayer_id_missing
933,OP06-085,Kumacy,UC,,3174,933,OP06-085,,base,Base,official-cardlist,OP06/base/OP06-085.png,https://en.onepiece-cardgame.com/images/cardlist/card/OP06-085.png?260305,2133,3174,2667,HIGH,exact_code_plus_base_flag,2667,541637,Kumacy,Kumacy,OP06-085,UC,,tcgcsv,2475,2667,0.02,0.15,1.6,0.12,,,2026-04-02 03:06:18,tcgcsv,OP06-085,1,1,1,0,1,0,missing_tcgplayer_product_id_only,price_via_chain_tcgplayer_id_missing
934,OP06-086,Gecko Moria,SR,,3176,934,OP06-086,,base,Base,official-cardlist,OP06/base/OP06-086.png,https://en.onepiece-cardgame.com/images/cardlist/card/OP06-086.png?260305,2059,3176,2590,HIGH,exact_code_plus_base_flag,2590,541055,Gecko Moria (086),Gecko Moria 086,OP06-086,SR,,tcgcsv,2399,2590,0.29,1.0,50.0,0.83,,,2026-04-02 03:06:18,tcgcsv,OP06-086,1,1,1,0,1,0,missing_tcgplayer_product_id_only,price_via_chain_tcgplayer_id_missing
935,OP06-087,Cerberus,C,,3183,935,OP06-087,,base,Base,official-cardlist,OP06/base/OP06-087.png,https://en.onepiece-cardgame.com/images/cardlist/card/OP06-087.png?260305,2134,3183,2668,HIGH,exact_code_plus_base_flag,2668,541638,Cerberus,Cerberus,OP06-087,C,,tcgcsv,2476,2668,0.01,0.15,1.61,0.11,,,2026-04-02 03:06:18,tcgcsv,OP06-087,1,1,1,0,1,0,missing_tcgplayer_product_id_only,price_via_chain_tcgplayer_id_missing
936,OP06-088,Sai,UC,,3185,936,OP06-088,,base,Base,official-cardlist,OP06/base/OP06-088.png,https://en.onepiece-cardgame.com/images/cardlist/card/OP06-088.png?260305,2135,3185,2669,HIGH,exact_code_plus_base_flag,2669,541639,Sai,Sai,OP06-088,UC,,tcgcsv,2477,2669,0.01,0.13,1.58,0.06,,,2026-04-02 03:06:18,tcgcsv,OP06-088,1,1,1,0,1,0,missing_tcgplayer_product_id_only,price_via_chain_tcgplayer_id_missing
937,OP06-089,Taralan,C,,3187,937,OP06-089,,base,Base,official-cardlist,OP06/base/OP06-089.png,https://en.onepiece-cardgame.com/images/cardlist/card/OP06-089.png?260305,2136,3187,2670,HIGH,exact_code_plus_base_flag,2670,541640,Taralan,Taralan,OP06-089,C,,tcgcsv,2478,2670,0.01,0.1,1.58,0.05,,,2026-04-02 03:06:18,tcgcsv,OP06-089,1,1,1,0,1,0,missing_tcgplayer_product_id_only,price_via_chain_tcgplayer_id_missing
938,OP06-090,Dr. Hogback,R,,3189,938,OP06-090,,base,Base,official-cardlist,OP06/base/OP06-090.png,https://en.onepiece-cardgame.com/images/cardlist/card/OP06-090.png?260305,1127,3189,1558,HIGH,exact_code_plus_base_flag,1558,626671,Dr. Hogback (Premium Card Collection -Best Selection Vol. 3-),Dr Hogback Premium Card Collection Best Selection Vol 3,OP06-090,R,,tcgcsv,1437,1558,8.75,12.03,45.0,9.87,,,2026-04-02 03:06:17,tcgcsv,OP06-090,1,1,1,0,1,0,missing_tcgplayer_product_id_only,price_via_chain_tcgplayer_id_missing
939,OP06-091,Victoria Cindry,UC,,3193,939,OP06-091,,base,Base,official-cardlist,OP06/base/OP06-091.png,https://en.onepiece-cardgame.com/images/cardlist/card/OP06-091.png?260305,2137,3193,2671,HIGH,exact_code_plus_base_flag,2671,541641,Victoria Cindry,Victoria Cindry,OP06-091,UC,,tcgcsv,2479,2671,0.08,0.24,1.98,0.17,,,2026-04-02 03:06:18,tcgcsv,OP06-091,1,1,1,0,1,0,missing_tcgplayer_product_id_only,price_via_chain_tcgplayer_id_missing
940,OP06-092,Brook,R,,3199,940,OP06-092,,base,Base,official-cardlist,OP06/base/OP06-092.png,https://en.onepiece-cardgame.com/images/cardlist/card/OP06-092.png?260305,911,3199,1292,HIGH,exact_code_plus_base_flag,1292,579370,Brook (Championship 2024 Finalist Card Set),Brook Championship 2024 Finalist Card Set,OP06-092,R,,tcgcsv,1207,1292,525.0,612.5,700.0,205.11,,,2026-04-02 03:06:17,tcgcsv,OP06-092,1,1,1,0,1,0,missing_tcgplayer_product_id_only,price_via_chain_tcgplayer_id_missing
941,OP06-093,Perona,SP CARD,,3202,941,OP06-093,,base,Base,official-cardlist,OP06/sp/OP06-093_sp.png,https://en.onepiece-cardgame.com/images/cardlist/card/OP06-093.png?260305,874,3202,1253,HIGH,exact_code_plus_base_flag,1253,563709,Perona (Treasure Cup 2024),Perona Treasure Cup 2024,OP06-093,PR,,tcgcsv,,,,,,,,,,,OP06-093,1,1,1,0,1,0,missing_tcgplayer_product_id_only,price_via_chain_tcgplayer_id_missing
942,OP06-094,Lola,C,,3212,942,OP06-094,,base,Base,official-cardlist,OP06/base/OP06-094.png,https://en.onepiece-cardgame.com/images/cardlist/card/OP06-094.png?260305,2138,3212,2672,HIGH,exact_code_plus_base_flag,2672,541642,Lola,Lola,OP06-094,C,,tcgcsv,2480,2672,0.01,0.1,1.58,0.05,,,2026-04-02 03:06:18,tcgcsv,OP06-094,1,1,1,0,1,0,missing_tcgplayer_product_id_only,price_via_chain_tcgplayer_id_missing
943,OP06-095,Shadows Asgard,UC,,3214,943,OP06-095,,base,Base,official-cardlist,OP06/base/OP06-095.png,https://en.onepiece-cardgame.com/images/cardlist/card/OP06-095.png?260305,2139,3214,2673,HIGH,exact_code_plus_base_flag,2673,541643,Shadows Asgard,Shadows Asgard,OP06-095,UC,,tcgcsv,2481,2673,0.01,0.15,1.58,0.1,,,2026-04-02 03:06:18,tcgcsv,OP06-095,1,1,1,0,1,0,missing_tcgplayer_product_id_only,price_via_chain_tcgplayer_id_missing
944,OP06-096,...Nothing...at All!!!,C,,3216,944,OP06-096,,base,Base,official-cardlist,OP06/base/OP06-096.png,https://en.onepiece-cardgame.com/images/cardlist/card/OP06-096.png?260305,2140,3216,2674,HIGH,exact_code_plus_base_flag,2674,541644,...Nothing...at All!!!,Nothingat All,OP06-096,C,,tcgcsv,2482,2674,0.01,0.15,1.58,0.09,,,2026-04-02 03:06:18,tcgcsv,OP06-096,1,1,1,0,1,0,missing_tcgplayer_product_id_only,price_via_chain_tcgplayer_id_missing
945,OP06-097,Negative Hollow,R,,3218,945,OP06-097,,base,Base,official-cardlist,OP06/base/OP06-097.png,https://en.onepiece-cardgame.com/images/cardlist/card/OP06-097.png?260305,2079,3218,2610,HIGH,exact_code_plus_base_flag,2610,541075,Negative Hollow,Negative Hollow,OP06-097,R,,tcgcsv,2419,2610,0.03,0.25,10.18,0.2,,,2026-04-02 03:06:18,tcgcsv,OP06-097,1,1,1,0,1,0,missing_tcgplayer_product_id_only,price_via_chain_tcgplayer_id_missing
946,OP06-098,Thriller Bark,C,,3220,946,OP06-098,,base,Base,official-cardlist,OP06/base/OP06-098.png,https://en.onepiece-cardgame.com/images/cardlist/card/OP06-098.png?260305,2141,3220,2675,HIGH,exact_code_plus_base_flag,2675,541645,Thriller Bark,Thriller Bark,OP06-098,C,,tcgcsv,2483,2675,0.01,0.15,1.58,0.07,,,2026-04-02 03:06:18,tcgcsv,OP06-098,1,1,1,0,1,0,missing_tcgplayer_product_id_only,price_via_chain_tcgplayer_id_missing
947,OP06-099,Aisa,C,,3222,947,OP06-099,,base,Base,official-cardlist,OP06/base/OP06-099.png,https://en.onepiece-cardgame.com/images/cardlist/card/OP06-099.png?260305,2142,3222,2676,HIGH,exact_code_plus_base_flag,2676,541646,Aisa,Aisa,OP06-099,C,,tcgcsv,2484,2676,0.01,0.15,1.58,0.06,,,2026-04-02 03:06:18,tcgcsv,OP06-099,1,1,1,0,1,0,missing_tcgplayer_product_id_only,price_via_chain_tcgplayer_id_missing
948,OP06-100,Inuarashi,UC,,3224,948,OP06-100,,base,Base,official-cardlist,OP06/base/OP06-100.png,https://en.onepiece-cardgame.com/images/cardlist/card/OP06-100.png?260305,2143,3224,2677,HIGH,exact_code_plus_base_flag,2677,541647,Inuarashi,Inuarashi,OP06-100,UC,,tcgcsv,2485,2677,0.01,0.15,1.58,0.07,,,2026-04-02 03:06:18,tcgcsv,OP06-100,1,1,1,0,1,0,missing_tcgplayer_product_id_only,price_via_chain_tcgplayer_id_missing
949,OP06-101,O-Nami,SP CARD,,3231,949,OP06-101,,base,Base,official-cardlist,OP06/base/OP06-101.png,https://en.onepiece-cardgame.com/images/cardlist/card/OP06-101.png?260305,971,3231,1365,HIGH,exact_code_plus_base_flag,1365,583764,O-Nami (Event Pack Vol. 5),O Nami Event Pack Vol 5,OP06-101,R,,tcgcsv,1268,1365,57.0,73.0,150.0,66.92,,,2026-04-02 03:06:17,tcgcsv,OP06-101,1,1,1,0,1,0,missing_tcgplayer_product_id_only,price_via_chain_tcgplayer_id_missing
950,OP06-102,Kamakiri,C,,3241,950,OP06-102,,base,Base,official-cardlist,OP06/base/OP06-102.png,https://en.onepiece-cardgame.com/images/cardlist/card/OP06-102.png?260305,2144,3241,2678,HIGH,exact_code_plus_base_flag,2678,541648,Kamakiri,Kamakiri,OP06-102,C,,tcgcsv,2486,2678,0.01,0.1,1.58,0.03,,,2026-04-02 03:06:18,tcgcsv,OP06-102,1,1,1,0,1,0,missing_tcgplayer_product_id_only,price_via_chain_tcgplayer_id_missing
951,OP06-103,Kawamatsu,C,,3243,951,OP06-103,,base,Base,official-cardlist,OP06/base/OP06-103.png,https://en.onepiece-cardgame.com/images/cardlist/card/OP06-103.png?260305,2145,3243,2679,HIGH,exact_code_plus_base_flag,2679,541649,Kawamatsu,Kawamatsu,OP06-103,C,,tcgcsv,2487,2679,0.01,0.1,2.9,0.05,,,2026-04-02 03:06:18,tcgcsv,OP06-103,1,1,1,0,1,0,missing_tcgplayer_product_id_only,price_via_chain_tcgplayer_id_missing
952,OP06-104,Kikunojo,R,,3246,952,OP06-104,,base,Base,official-cardlist,OP06/base/OP06-104.png,https://en.onepiece-cardgame.com/images/cardlist/card/OP06-104.png?260305,1002,3246,1399,HIGH,exact_code_plus_base_flag,1399,587226,Kikunojo (Premium Card Collection -Best Selection Vol. 2-),Kikunojo Premium Card Collection Best Selection Vol 2,OP06-104,R,,tcgcsv,1293,1399,36.5,41.94,59.99,41.12,,,2026-04-02 03:06:17,tcgcsv,OP06-104,1,1,1,0,1,0,missing_tcgplayer_product_id_only,price_via_chain_tcgplayer_id_missing
953,OP06-105,Genbo,C,,3250,953,OP06-105,,base,Base,official-cardlist,OP06/base/OP06-105.png,https://en.onepiece-cardgame.com/images/cardlist/card/OP06-105.png?260305,2146,3250,2680,HIGH,exact_code_plus_base_flag,2680,541650,Genbo,Genbo,OP06-105,C,,tcgcsv,2488,2680,0.01,0.1,1.58,0.04,,,2026-04-02 03:06:18,tcgcsv,OP06-105,1,1,1,0,1,0,missing_tcgplayer_product_id_only,price_via_chain_tcgplayer_id_missing
954,OP06-106,Kouzuki Hiyori,SR,,3252,954,OP06-106,,base,Base,official-cardlist,OP06/base/OP06-106.png,https://en.onepiece-cardgame.com/images/cardlist/card/OP06-106.png?260305,2032,3252,2563,HIGH,exact_code_plus_base_flag,2563,539501,Kouzuki Hiyori,Kouzuki Hiyori,OP06-106,SR,,tcgcsv,2372,2563,6.2,11.53,25.0,7.78,,,2026-04-02 03:06:18,tcgcsv,OP06-106,1,1,1,0,1,0,missing_tcgplayer_product_id_only,price_via_chain_tcgplayer_id_missing
955,OP06-107,Kouzuki Momonosuke,SR,,3259,955,OP06-107,,base,Base,official-cardlist,OP06/base/OP06-107.png,https://en.onepiece-cardgame.com/images/cardlist/card/OP06-107.png?260305,2030,3259,2561,HIGH,exact_code_plus_base_flag,2561,539499,Kouzuki Momonosuke,Kouzuki Momonosuke,OP06-107,SR,,tcgcsv,2370,2561,0.2,0.74,25.0,0.53,,,2026-04-02 03:06:18,tcgcsv,OP06-107,1,1,1,0,1,0,missing_tcgplayer_product_id_only,price_via_chain_tcgplayer_id_missing
956,OP06-108,Tenguyama Hitetsu,C,,3264,956,OP06-108,,base,Base,official-cardlist,OP06/base/OP06-108.png,https://en.onepiece-cardgame.com/images/cardlist/card/OP06-108.png?260305,2147,3264,2681,HIGH,exact_code_plus_base_flag,2681,541651,Tenguyama Hitetsu,Tenguyama Hitetsu,OP06-108,C,,tcgcsv,2489,2681,0.01,0.1,1.58,0.05,,,2026-04-02 03:06:18,tcgcsv,OP06-108,1,1,1,0,1,0,missing_tcgplayer_product_id_only,price_via_chain_tcgplayer_id_missing
957,OP06-109,Denjiro,UC,,3266,957,OP06-109,,base,Base,official-cardlist,OP06/base/OP06-109.png,https://en.onepiece-cardgame.com/images/cardlist/card/OP06-109.png?260305,2148,3266,2682,HIGH,exact_code_plus_base_flag,2682,541652,Denjiro,Denjiro,OP06-109,UC,,tcgcsv,2490,2682,0.01,0.15,1.58,0.07,,,2026-04-02 03:06:18,tcgcsv,OP06-109,1,1,1,0,1,0,missing_tcgplayer_product_id_only,price_via_chain_tcgplayer_id_missing
958,OP06-110,Nekomamushi,UC,,3269,958,OP06-110,,base,Base,official-cardlist,OP06/base/OP06-110.png,https://en.onepiece-cardgame.com/images/cardlist/card/OP06-110.png?260305,968,3269,1362,HIGH,exact_code_plus_base_flag,1362,583760,Nekomamushi (Offline Regional 2024 Vol. 3) [Finalist],Nekomamushi Offline Regional 2024 Vol 3 Finalist,OP06-110,UC,,tcgcsv,1265,1362,48.0,49.18,50.0,23.96,,,2026-04-02 03:06:17,tcgcsv,OP06-110,1,1,1,0,1,0,missing_tcgplayer_product_id_only,price_via_chain_tcgplayer_id_missing
959,OP06-111,Braham,C,,3277,959,OP06-111,,base,Base,official-cardlist,OP06/base/OP06-111.png,https://en.onepiece-cardgame.com/images/cardlist/card/OP06-111.png?260305,2150,3277,2684,HIGH,exact_code_plus_base_flag,2684,541654,Braham,Braham,OP06-111,C,,tcgcsv,2492,2684,0.01,0.15,1.58,0.09,,,2026-04-02 03:06:18,tcgcsv,OP06-111,1,1,1,0,1,0,missing_tcgplayer_product_id_only,price_via_chain_tcgplayer_id_missing
960,OP06-112,Raizo,C,,3279,960,OP06-112,,base,Base,official-cardlist,OP06/base/OP06-112.png,https://en.onepiece-cardgame.com/images/cardlist/card/OP06-112.png?260305,2151,3279,2685,HIGH,exact_code_plus_base_flag,2685,541655,Raizo,Raizo,OP06-112,C,,tcgcsv,2493,2685,0.01,0.1,20.0,0.04,,,2026-04-02 03:06:18,tcgcsv,OP06-112,1,1,1,0,1,0,missing_tcgplayer_product_id_only,price_via_chain_tcgplayer_id_missing
961,OP06-113,Raki,C,,3282,961,OP06-113,,base,Base,official-cardlist,OP06/base/OP06-113.png,https://en.onepiece-cardgame.com/images/cardlist/card/OP06-113.png?260305,2152,3282,2686,HIGH,exact_code_plus_base_flag,2686,541656,Raki,Raki,OP06-113,C,,tcgcsv,2494,2686,0.01,0.12,1.58,0.07,,,2026-04-02 03:06:18,tcgcsv,OP06-113,1,1,1,0,1,0,missing_tcgplayer_product_id_only,price_via_chain_tcgplayer_id_missing
962,OP06-114,Wyper,UC,,3284,962,OP06-114,,base,Base,official-cardlist,OP06/base/OP06-114.png,https://en.onepiece-cardgame.com/images/cardlist/card/OP06-114.png?260305,2153,3284,2687,HIGH,exact_code_plus_base_flag,2687,541657,Wyper,Wyper,OP06-114,UC,,tcgcsv,2495,2687,0.01,0.15,1.58,0.1,,,2026-04-02 03:06:18,tcgcsv,OP06-114,1,1,1,0,1,0,missing_tcgplayer_product_id_only,price_via_chain_tcgplayer_id_missing
963,OP06-115,You're the One Who Should Disappear.,R,,3289,963,OP06-115,,base,Base,official-cardlist,OP06/base/OP06-115.png,https://en.onepiece-cardgame.com/images/cardlist/card/OP06-115.png?260305,2035,3289,2566,HIGH,exact_code_plus_base_flag,2566,539504,You're the One Who Should Disappear,Youre the One Who Should Disappear,OP06-115,R,,tcgcsv,2375,2566,1.6,3.86,10.0,2.55,,,2026-04-02 03:06:18,tcgcsv,OP06-115,1,1,1,0,1,0,missing_tcgplayer_product_id_only,price_via_chain_tcgplayer_id_missing
964,OP06-116,Reject,R,,3294,964,OP06-116,,base,Base,official-cardlist,OP06/base/OP06-116.png,https://en.onepiece-cardgame.com/images/cardlist/card/OP06-116.png?260305,2036,3294,2567,HIGH,exact_code_plus_base_flag,2567,539505,Reject,Reject,OP06-116,R,,tcgcsv,2376,2567,0.01,0.23,10.18,0.16,,,2026-04-02 03:06:18,tcgcsv,OP06-116,1,1,1,0,1,0,missing_tcgplayer_product_id_only,price_via_chain_tcgplayer_id_missing
965,OP06-117,The Ark Maxim,C,,3296,965,OP06-117,,base,Base,official-cardlist,OP06/base/OP06-117.png,https://en.onepiece-cardgame.com/images/cardlist/card/OP06-117.png?260305,2154,3296,2688,HIGH,exact_code_plus_base_flag,2688,541658,The Ark Maxim,The Ark Maxim,OP06-117,C,,tcgcsv,2496,2688,0.01,0.1,1.58,0.04,,,2026-04-02 03:06:18,tcgcsv,OP06-117,1,1,1,0,1,0,missing_tcgplayer_product_id_only,price_via_chain_tcgplayer_id_missing
966,OP06-118,Roronoa Zoro,SEC,,3298,966,OP06-118,,base,Base,official-cardlist,OP06/base/OP06-118.png,https://en.onepiece-cardgame.com/images/cardlist/card/OP06-118.png?260305,1054,3298,1462,HIGH,exact_code_plus_base_flag,1462,617591,Roronoa Zoro (One Piece Japanese Version 2nd Anniversary Set),Roronoa Zoro One Piece Japanese Version 2nd Anniversary Set,OP06-118,SEC,,tcgcsv,1355,1462,100.0,137.5,600.0,147.52,,,2026-04-02 03:06:17,tcgcsv,OP06-118,1,1,1,0,1,0,missing_tcgplayer_product_id_only,price_via_chain_tcgplayer_id_missing
967,OP06-119,Sanji,SEC,,3308,967,OP06-119,,base,Base,official-cardlist,OP06/sp/OP06-119_sp.png,https://en.onepiece-cardgame.com/images/cardlist/card/OP06-119.png?260305,2158,3308,2692,HIGH,exact_code_plus_base_flag,2692,541662,Sanji,Sanji,OP06-119,SEC,,tcgcsv,2500,2692,3.99,7.04,100.0,4.96,,,2026-04-02 03:06:18,tcgcsv,OP06-119,1,1,1,0,1,0,missing_tcgplayer_product_id_only,price_via_chain_tcgplayer_id_missing
968,OP07-001,Monkey.D.Dragon,L,,3317,968,OP07-001,,base,Base,official-cardlist,OP07/base/OP07-001.png,https://en.onepiece-cardgame.com/images/cardlist/card/OP07-001.png?260305,2264,3317,2813,HIGH,exact_code_plus_base_flag,2813,545778,Monkey.D.Dragon (001),MonkeyDDragon 001,OP07-001,L,,tcgcsv,2620,2813,0.01,0.2,5.0,0.19,,,2026-04-02 03:06:18,tcgcsv,OP07-001,1,1,1,0,1,0,missing_tcgplayer_product_id_only,price_via_chain_tcgplayer_id_missing
969,OP07-002,Ain,R,,3322,969,OP07-002,,base,Base,official-cardlist,OP07/base/OP07-002.png,https://en.onepiece-cardgame.com/images/cardlist/card/OP07-002.png?260305,2266,3322,2815,HIGH,exact_code_plus_base_flag,2815,545780,Ain,Ain,OP07-002,R,,tcgcsv,2622,2815,0.05,0.25,6.0,0.2,,,2026-04-02 03:06:18,tcgcsv,OP07-002,1,1,1,0,1,0,missing_tcgplayer_product_id_only,price_via_chain_tcgplayer_id_missing
970,OP07-003,Outlook III,R,,3324,970,OP07-003,,base,Base,official-cardlist,OP07/base/OP07-003.png,https://en.onepiece-cardgame.com/images/cardlist/card/OP07-003.png?260305,2267,3324,2816,HIGH,exact_code_plus_base_flag,2816,545781,Outlook III,Outlook III,OP07-003,R,,tcgcsv,2623,2816,0.01,0.15,5.0,0.06,,,2026-04-02 03:06:18,tcgcsv,OP07-003,1,1,1,0,1,0,missing_tcgplayer_product_id_only,price_via_chain_tcgplayer_id_missing
971,OP07-004,Curly.Dadan,R,,3326,971,OP07-004,,base,Base,official-cardlist,OP07/base/OP07-004.png,https://en.onepiece-cardgame.com/images/cardlist/card/OP07-004.png?260305,2268,3326,2817,HIGH,exact_code_plus_base_flag,2817,545782,Curly.Dadan,CurlyDadan,OP07-004,R,,tcgcsv,2624,2817,0.01,0.15,5.0,0.08,,,2026-04-02 03:06:18,tcgcsv,OP07-004,1,1,1,0,1,0,missing_tcgplayer_product_id_only,price_via_chain_tcgplayer_id_missing
972,OP07-005,Carina,R,,3328,972,OP07-005,,base,Base,official-cardlist,OP07/base/OP07-005.png,https://en.onepiece-cardgame.com/images/cardlist/card/OP07-005.png?260305,2269,3328,2818,HIGH,exact_code_plus_base_flag,2818,545783,Carina,Carina,OP07-005,R,,tcgcsv,2625,2818,0.01,0.22,10.14,0.12,,,2026-04-02 03:06:18,tcgcsv,OP07-005,1,1,1,0,1,0,missing_tcgplayer_product_id_only,price_via_chain_tcgplayer_id_missing
973,OP07-006,Sterry,C,,3332,973,OP07-006,,base,Base,official-cardlist,OP07/base/OP07-006.png,https://en.onepiece-cardgame.com/images/cardlist/card/OP07-006.png?260305,2271,3332,2820,HIGH,exact_code_plus_base_flag,2820,545785,Sterry,Sterry,OP07-006,C,,tcgcsv,2627,2820,0.01,0.1,1.58,0.03,,,2026-04-02 03:06:18,tcgcsv,OP07-006,1,1,1,0,1,0,missing_tcgplayer_product_id_only,price_via_chain_tcgplayer_id_missing
974,OP07-007,Dice,C,,3334,974,OP07-007,,base,Base,official-cardlist,OP07/base/OP07-007.png,https://en.onepiece-cardgame.com/images/cardlist/card/OP07-007.png?260305,2272,3334,2821,HIGH,exact_code_plus_base_flag,2821,545786,Dice,Dice,OP07-007,C,,tcgcsv,2628,2821,0.01,0.1,1.58,0.06,,,2026-04-02 03:06:18,tcgcsv,OP07-007,1,1,1,0,1,0,missing_tcgplayer_product_id_only,price_via_chain_tcgplayer_id_missing
975,OP07-008,Mr. Tanaka,UC,,3336,975,OP07-008,,base,Base,official-cardlist,OP07/base/OP07-008.png,https://en.onepiece-cardgame.com/images/cardlist/card/OP07-008.png?260305,2273,3336,2822,HIGH,exact_code_plus_base_flag,2822,545787,Mr. Tanaka,Mr Tanaka,OP07-008,UC,,tcgcsv,2629,2822,0.01,0.12,2.0,0.06,,,2026-04-02 03:06:18,tcgcsv,OP07-008,1,1,1,0,1,0,missing_tcgplayer_product_id_only,price_via_chain_tcgplayer_id_missing
976,OP07-009,Dogura & Magura,C,,3338,976,OP07-009,,base,Base,official-cardlist,OP07/base/OP07-009.png,https://en.onepiece-cardgame.com/images/cardlist/card/OP07-009.png?260305,2274,3338,2823,HIGH,exact_code_plus_base_flag,2823,545788,Dogura & Magura,Dogura and Magura,OP07-009,C,,tcgcsv,2630,2823,0.01,0.1,1.58,0.05,,,2026-04-02 03:06:18,tcgcsv,OP07-009,1,1,1,0,1,0,missing_tcgplayer_product_id_only,price_via_chain_tcgplayer_id_missing
977,OP07-010,Baccarat,R,,3340,977,OP07-010,,base,Base,official-cardlist,OP07/base/OP07-010.png,https://en.onepiece-cardgame.com/images/cardlist/card/OP07-010.png?260305,962,3340,1356,HIGH,exact_code_plus_base_flag,1356,583753,Baccarat (Judge Pack Vol. 4),Baccarat Judge Pack Vol 4,OP07-010,R,,tcgcsv,1259,1356,0.64,1.29,4.65,1.19,,,2026-04-02 03:06:17,tcgcsv,OP07-010,1,1,1,0,1,0,missing_tcgplayer_product_id_only,price_via_chain_tcgplayer_id_missing
978,OP07-011,Bluejam,C,,3342,978,OP07-011,,base,Base,official-cardlist,OP07/base/OP07-011.png,https://en.onepiece-cardgame.com/images/cardlist/card/OP07-011.png?260305,2276,3342,2825,HIGH,exact_code_plus_base_flag,2825,545790,Bluejam,Bluejam,OP07-011,C,,tcgcsv,2632,2825,0.01,0.1,15.0,0.03,,,2026-04-02 03:06:18,tcgcsv,OP07-011,1,1,1,0,1,0,missing_tcgplayer_product_id_only,price_via_chain_tcgplayer_id_missing
979,OP07-012,Porchemy,C,,3344,979,OP07-012,,base,Base,official-cardlist,OP07/base/OP07-012.png,https://en.onepiece-cardgame.com/images/cardlist/card/OP07-012.png?260305,2277,3344,2826,HIGH,exact_code_plus_base_flag,2826,545791,Porchemy,Porchemy,OP07-012,C,,tcgcsv,2633,2826,0.01,0.1,4.51,0.03,,,2026-04-02 03:06:18,tcgcsv,OP07-012,1,1,1,0,1,0,missing_tcgplayer_product_id_only,price_via_chain_tcgplayer_id_missing
980,OP07-013,Masked Deuce,UC,,3346,980,OP07-013,,base,Base,official-cardlist,OP07/base/OP07-013.png,https://en.onepiece-cardgame.com/images/cardlist/card/OP07-013.png?260305,2278,3346,2827,HIGH,exact_code_plus_base_flag,2827,545792,Masked Deuce,Masked Deuce,OP07-013,UC,,tcgcsv,2634,2827,0.01,0.12,2.0,0.07,,,2026-04-02 03:06:18,tcgcsv,OP07-013,1,1,1,0,1,0,missing_tcgplayer_product_id_only,price_via_chain_tcgplayer_id_missing
981,OP07-014,Moda,UC,,3348,981,OP07-014,,base,Base,official-cardlist,OP07/base/OP07-014.png,https://en.onepiece-cardgame.com/images/cardlist/card/OP07-014.png?260305,2279,3348,2828,HIGH,exact_code_plus_base_flag,2828,545793,Moda,Moda,OP07-014,UC,,tcgcsv,2635,2828,0.01,0.1,2.0,0.06,,,2026-04-02 03:06:18,tcgcsv,OP07-014,1,1,1,0,1,0,missing_tcgplayer_product_id_only,price_via_chain_tcgplayer_id_missing
982,OP07-015,Monkey.D.Dragon,SR,,3352,982,OP07-015,,base,Base,official-cardlist,OP07/base/OP07-015.png,https://en.onepiece-cardgame.com/images/cardlist/card/OP07-015.png?260305,2280,3352,2829,HIGH,exact_code_plus_base_flag,2829,545794,Monkey.D.Dragon (015),MonkeyDDragon 015,OP07-015,SR,,tcgcsv,2636,2829,0.2,0.99,99.9,0.6,,,2026-04-02 03:06:18,tcgcsv,OP07-015,1,1,1,0,1,0,missing_tcgplayer_product_id_only,price_via_chain_tcgplayer_id_missing
983,OP07-016,Galaxy Wink,R,,3359,983,OP07-016,,base,Base,official-cardlist,OP07/base/OP07-016.png,https://en.onepiece-cardgame.com/images/cardlist/card/OP07-016.png?260305,2282,3359,2831,HIGH,exact_code_plus_base_flag,2831,545796,Galaxy Wink,Galaxy Wink,OP07-016,R,,tcgcsv,2638,2831,0.01,0.19,5.0,0.12,,,2026-04-02 03:06:18,tcgcsv,OP07-016,1,1,1,0,1,0,missing_tcgplayer_product_id_only,price_via_chain_tcgplayer_id_missing
984,OP07-017,Dragon Breath,UC,,3361,984,OP07-017,,base,Base,official-cardlist,OP07/base/OP07-017.png,https://en.onepiece-cardgame.com/images/cardlist/card/OP07-017.png?260305,2283,3361,2832,HIGH,exact_code_plus_base_flag,2832,545797,Dragon Breath,Dragon Breath,OP07-017,UC,,tcgcsv,2639,2832,0.01,0.15,10.0,0.15,,,2026-04-02 03:06:18,tcgcsv,OP07-017,1,1,1,0,1,0,missing_tcgplayer_product_id_only,price_via_chain_tcgplayer_id_missing
985,OP07-018,KEEP OUT,C,,3365,985,OP07-018,,base,Base,official-cardlist,OP07/base/OP07-018.png,https://en.onepiece-cardgame.com/images/cardlist/card/OP07-018.png?260305,2284,3365,2833,HIGH,exact_code_plus_base_flag,2833,545798,Keep Out,Keep Out,OP07-018,C,,tcgcsv,2640,2833,0.01,0.1,2.0,0.06,,,2026-04-02 03:06:18,tcgcsv,OP07-018,1,1,1,0,1,0,missing_tcgplayer_product_id_only,price_via_chain_tcgplayer_id_missing
986,OP07-019,Jewelry Bonney,L,,3367,986,OP07-019,,base,Base,official-cardlist,OP07/base/OP07-019.png,https://en.onepiece-cardgame.com/images/cardlist/card/OP07-019.png?260305,2285,3367,2834,HIGH,exact_code_plus_base_flag,2834,545799,Jewelry Bonney (019),Jewelry Bonney 019,OP07-019,L,,tcgcsv,2641,2834,0.05,0.2,5.0,0.17,,,2026-04-02 03:06:18,tcgcsv,OP07-019,1,1,1,0,1,0,missing_tcgplayer_product_id_only,price_via_chain_tcgplayer_id_missing
987,OP07-020,Aladine,C,,3374,987,OP07-020,,base,Base,official-cardlist,OP07/base/OP07-020.png,https://en.onepiece-cardgame.com/images/cardlist/card/OP07-020.png?260305,2287,3374,2836,HIGH,exact_code_plus_base_flag,2836,545801,Aladine,Aladine,OP07-020,C,,tcgcsv,2643,2836,0.01,0.1,3.7,0.05,,,2026-04-02 03:06:18,tcgcsv,OP07-020,1,1,1,0,1,0,missing_tcgplayer_product_id_only,price_via_chain_tcgplayer_id_missing
988,OP07-021,Urouge,R,,3376,988,OP07-021,,base,Base,official-cardlist,OP07/base/OP07-021.png,https://en.onepiece-cardgame.com/images/cardlist/card/OP07-021.png?260305,1059,3376,1470,HIGH,exact_code_plus_base_flag,1470,619196,Urouge (Offline Regional Participation Pack 2025 Vol.1),Urouge Offline Regional Participation Pack 2025 Vol1,OP07-021,R,,tcgcsv,1363,1470,2.24,2.84,18.0,2.4,,,2026-04-02 03:06:17,tcgcsv,OP07-021,1,1,1,0,1,0,missing_tcgplayer_product_id_only,price_via_chain_tcgplayer_id_missing
989,OP07-022,Otama,R,,3390,989,OP07-022,,base,Base,official-cardlist,OP07/base/OP07-022.png,https://en.onepiece-cardgame.com/images/cardlist/card/OP07-022.png?260305,2289,3390,2838,HIGH,exact_code_plus_base_flag,2838,545803,Otama,Otama,OP07-022,R,,tcgcsv,2645,2838,0.1,0.25,10.0,0.24,,,2026-04-02 03:06:18,tcgcsv,OP07-022,1,1,1,0,1,0,missing_tcgplayer_product_id_only,price_via_chain_tcgplayer_id_missing
990,OP07-023,Caribou,UC,,3394,990,OP07-023,,base,Base,official-cardlist,OP07/base/OP07-023.png,https://en.onepiece-cardgame.com/images/cardlist/card/OP07-023.png?260305,2291,3394,2840,HIGH,exact_code_plus_base_flag,2840,545805,Caribou,Caribou,OP07-023,UC,,tcgcsv,2647,2840,0.01,0.1,2.0,0.04,,,2026-04-02 03:06:18,tcgcsv,OP07-023,1,1,1,0,1,0,missing_tcgplayer_product_id_only,price_via_chain_tcgplayer_id_missing
991,OP07-024,Koala,C,,3397,991,OP07-024,,base,Base,official-cardlist,OP07/base/OP07-024.png,https://en.onepiece-cardgame.com/images/cardlist/card/OP07-024.png?260305,2292,3397,2841,HIGH,exact_code_plus_base_flag,2841,545806,Koala,Koala,OP07-024,C,,tcgcsv,2648,2841,0.01,0.1,3.38,0.06,,,2026-04-02 03:06:18,tcgcsv,OP07-024,1,1,1,0,1,0,missing_tcgplayer_product_id_only,price_via_chain_tcgplayer_id_missing
992,OP07-025,Coribou,C,,3399,992,OP07-025,,base,Base,official-cardlist,OP07/base/OP07-025.png,https://en.onepiece-cardgame.com/images/cardlist/card/OP07-025.png?260305,2293,3399,2842,HIGH,exact_code_plus_base_flag,2842,545807,Coribou,Coribou,OP07-025,C,,tcgcsv,2649,2842,0.01,0.1,12.0,0.02,,,2026-04-02 03:06:18,tcgcsv,OP07-025,1,1,1,0,1,0,missing_tcgplayer_product_id_only,price_via_chain_tcgplayer_id_missing
993,OP07-026,Jewelry Bonney,SR,,3402,993,OP07-026,,base,Base,official-cardlist,OP07/base/OP07-026.png,https://en.onepiece-cardgame.com/images/cardlist/card/OP07-026.png?260305,2294,3402,2843,HIGH,exact_code_plus_base_flag,2843,545808,Jewelry Bonney (026),Jewelry Bonney 026,OP07-026,SR,,tcgcsv,2650,2843,0.3,1.5,28.95,0.82,,,2026-04-02 03:06:18,tcgcsv,OP07-026,1,1,1,0,1,0,missing_tcgplayer_product_id_only,price_via_chain_tcgplayer_id_missing
994,OP07-027,Jinbe,C,,3407,994,OP07-027,,base,Base,official-cardlist,OP07/base/OP07-027.png,https://en.onepiece-cardgame.com/images/cardlist/card/OP07-027.png?260305,2296,3407,2845,HIGH,exact_code_plus_base_flag,2845,545810,Jinbe (027),Jinbe 027,OP07-027,C,,tcgcsv,2652,2845,0.01,0.1,6.0,0.07,,,2026-04-02 03:06:18,tcgcsv,OP07-027,1,1,1,0,1,0,missing_tcgplayer_product_id_only,price_via_chain_tcgplayer_id_missing
995,OP07-028,Scratchmen Apoo,C,,3409,995,OP07-028,,base,Base,official-cardlist,OP07/base/OP07-028.png,https://en.onepiece-cardgame.com/images/cardlist/card/OP07-028.png?260305,2297,3409,2846,HIGH,exact_code_plus_base_flag,2846,545811,Scratchmen Apoo,Scratchmen Apoo,OP07-028,C,,tcgcsv,2653,2846,0.01,0.11,1.58,0.05,,,2026-04-02 03:06:18,tcgcsv,OP07-028,1,1,1,0,1,0,missing_tcgplayer_product_id_only,price_via_chain_tcgplayer_id_missing
996,OP07-029,Basil Hawkins,SR,,3411,996,OP07-029,,base,Base,official-cardlist,OP07/base/OP07-029.png,https://en.onepiece-cardgame.com/images/cardlist/card/OP07-029.png?260305,2298,3411,2847,HIGH,exact_code_plus_base_flag,2847,545812,Basil Hawkins,Basil Hawkins,OP07-029,SR,,tcgcsv,2654,2847,0.01,0.47,99.9,0.27,,,2026-04-02 03:06:18,tcgcsv,OP07-029,1,1,1,0,1,0,missing_tcgplayer_product_id_only,price_via_chain_tcgplayer_id_missing
997,OP07-030,Pappag,C,,3416,997,OP07-030,,base,Base,official-cardlist,OP07/base/OP07-030.png,https://en.onepiece-cardgame.com/images/cardlist/card/OP07-030.png?260305,2300,3416,2849,HIGH,exact_code_plus_base_flag,2849,545814,Pappag,Pappag,OP07-030,C,,tcgcsv,2656,2849,0.01,0.1,1.58,0.04,,,2026-04-02 03:06:18,tcgcsv,OP07-030,1,1,1,0,1,0,missing_tcgplayer_product_id_only,price_via_chain_tcgplayer_id_missing
998,OP07-031,Bartolomeo,UC,,3418,998,OP07-031,,base,Base,official-cardlist,OP07/base/OP07-031.png,https://en.onepiece-cardgame.com/images/cardlist/card/OP07-031.png?260305,2301,3418,2850,HIGH,exact_code_plus_base_flag,2850,545815,Bartolomeo,Bartolomeo,OP07-031,UC,,tcgcsv,2657,2850,0.01,0.15,2.0,0.12,,,2026-04-02 03:06:18,tcgcsv,OP07-031,1,1,1,0,1,0,missing_tcgplayer_product_id_only,price_via_chain_tcgplayer_id_missing
999,OP07-032,Fisher Tiger,R,,3423,999,OP07-032,,base,Base,official-cardlist,OP07/base/OP07-032.png,https://en.onepiece-cardgame.com/images/cardlist/card/OP07-032.png?260305,2302,3423,2851,HIGH,exact_code_plus_base_flag,2851,545816,Fisher Tiger,Fisher Tiger,OP07-032,R,,tcgcsv,2658,2851,0.01,0.19,5.0,0.08,,,2026-04-02 03:06:18,tcgcsv,OP07-032,1,1,1,0,1,0,missing_tcgplayer_product_id_only,price_via_chain_tcgplayer_id_missing
1000,OP07-033,Monkey.D.Luffy,UC,,3425,1000,OP07-033,,base,Base,official-cardlist,OP07/base/OP07-033.png,https://en.onepiece-cardgame.com/images/cardlist/card/OP07-033.png?260305,1355,3425,1815,HIGH,exact_code_plus_base_flag,1815,661695,Monkey.D.Luffy - OP07-033 (3rd Anniversary Treasure Campaign Pack),MonkeyDLuffy OP07 033 3rd Anniversary Treasure Campaign Pack,OP07-033,UC,,tcgcsv,1660,1815,0.5,2.0,100.0,1.06,,,2026-04-02 03:06:17,tcgcsv,OP07-033,1,1,1,0,1,0,missing_tcgplayer_product_id_only,price_via_chain_tcgplayer_id_missing
1001,OP07-034,Roronoa Zoro,UC,,3428,1001,OP07-034,,base,Base,official-cardlist,OP07/base/OP07-034.png,https://en.onepiece-cardgame.com/images/cardlist/card/OP07-034.png?260305,2304,3428,2853,HIGH,exact_code_plus_base_flag,2853,545818,Roronoa Zoro (034),Roronoa Zoro 034,OP07-034,UC,,tcgcsv,2660,2853,0.01,0.16,2.0,0.16,,,2026-04-02 03:06:18,tcgcsv,OP07-034,1,1,1,0,1,0,missing_tcgplayer_product_id_only,price_via_chain_tcgplayer_id_missing
1002,OP07-035,Karmic Punishment,C,,3431,1002,OP07-035,,base,Base,official-cardlist,OP07/base/OP07-035.png,https://en.onepiece-cardgame.com/images/cardlist/card/OP07-035.png?260305,2305,3431,2854,HIGH,exact_code_plus_base_flag,2854,545819,Karmic Punishment,Karmic Punishment,OP07-035,C,,tcgcsv,2661,2854,0.01,0.12,1.58,0.07,,,2026-04-02 03:06:18,tcgcsv,OP07-035,1,1,1,0,1,0,missing_tcgplayer_product_id_only,price_via_chain_tcgplayer_id_missing
1003,OP07-036,Demonic Aura Nine-Sword Style Asura Demon Nine Flash,R,,3433,1003,OP07-036,,base,Base,official-cardlist,OP07/base/OP07-036.png,https://en.onepiece-cardgame.com/images/cardlist/card/OP07-036.png?260305,2306,3433,2855,HIGH,exact_code_plus_base_flag,2855,545820,Demonic Aura Nine-Sword Style Asura Demon Nine Flash,Demonic Aura Nine Sword Style Asura Demon Nine Flash,OP07-036,R,,tcgcsv,2662,2855,0.01,0.25,10.0,0.23,,,2026-04-02 03:06:18,tcgcsv,OP07-036,1,1,1,0,1,0,missing_tcgplayer_product_id_only,price_via_chain_tcgplayer_id_missing
1004,OP07-037,More Pizza!!,UC,,3436,1004,OP07-037,,base,Base,official-cardlist,OP07/base/OP07-037.png,https://en.onepiece-cardgame.com/images/cardlist/card/OP07-037.png?260305,1271,3436,1719,HIGH,exact_code_plus_base_flag,1719,649683,More Pizza!! (Premium Card Collection -Best Selection Vol. 4-),More Pizza Premium Card Collection Best Selection Vol 4,OP07-037,UC,,tcgcsv,1574,1719,5.0,7.17,80.0,5.47,,,2026-04-02 03:06:17,tcgcsv,OP07-037,1,1,1,0,1,0,missing_tcgplayer_product_id_only,price_via_chain_tcgplayer_id_missing
1005,OP07-038,Boa Hancock,L,,3440,1005,OP07-038,,base,Base,official-cardlist,OP07/base/OP07-038.png,https://en.onepiece-cardgame.com/images/cardlist/card/OP07-038.png?260305,1114,3440,1542,HIGH,exact_code_plus_base_flag,1542,623618,Boa Hancock (2025 PSA Magazine Promo),Boa Hancock 2025 PSA Magazine Promo,OP07-038,L,,tcgcsv,1423,1542,107.0,149.99,500.0,140.41,,,2026-04-02 03:06:17,tcgcsv,OP07-038,1,1,1,0,1,0,missing_tcgplayer_product_id_only,price_via_chain_tcgplayer_id_missing
1006,OP07-039,Edward Weevil,C,,3445,1006,OP07-039,,base,Base,official-cardlist,OP07/base/OP07-039.png,https://en.onepiece-cardgame.com/images/cardlist/card/OP07-039.png?260305,2310,3445,2859,HIGH,exact_code_plus_base_flag,2859,545824,Edward Weevil,Edward Weevil,OP07-039,C,,tcgcsv,2666,2859,0.01,0.1,2.5,0.04,,,2026-04-02 03:06:18,tcgcsv,OP07-039,1,1,1,0,1,0,missing_tcgplayer_product_id_only,price_via_chain_tcgplayer_id_missing
1007,OP07-040,Crocodile,UC,,3447,1007,OP07-040,,base,Base,official-cardlist,OP07/base/OP07-040.png,https://en.onepiece-cardgame.com/images/cardlist/card/OP07-040.png?260305,1015,3447,1412,HIGH,exact_code_plus_base_flag,1412,588175,Crocodile (ST15 - ST20 Release Event Winner Pack),Crocodile ST15 ST20 Release Event Winner Pack,OP07-040,UC,,tcgcsv,1306,1412,14.98,15.64,39.95,14.85,,,2026-04-02 03:06:17,tcgcsv,OP07-040,1,1,1,0,1,0,missing_tcgplayer_product_id_only,price_via_chain_tcgplayer_id_missing
1008,OP07-041,Gloriosa (Grandma Nyon),UC,,3455,1008,OP07-041,,base,Base,official-cardlist,OP07/base/OP07-041.png,https://en.onepiece-cardgame.com/images/cardlist/card/OP07-041.png?260305,2312,3455,2861,HIGH,exact_code_plus_base_flag,2861,545826,Gloriosa (Grandma Nyon),Gloriosa Grandma Nyon,OP07-041,UC,,tcgcsv,2668,2861,0.05,0.2,2.0,0.13,,,2026-04-02 03:06:18,tcgcsv,OP07-041,1,1,1,0,1,0,missing_tcgplayer_product_id_only,price_via_chain_tcgplayer_id_missing
1009,OP07-042,Gecko Moria,C,,3457,1009,OP07-042,,base,Base,official-cardlist,OP07/base/OP07-042.png,https://en.onepiece-cardgame.com/images/cardlist/card/OP07-042.png?260305,2313,3457,2862,HIGH,exact_code_plus_base_flag,2862,545827,Gecko Moria (042),Gecko Moria 042,OP07-042,C,,tcgcsv,2669,2862,0.01,0.1,1.58,0.05,,,2026-04-02 03:06:18,tcgcsv,OP07-042,1,1,1,0,1,0,missing_tcgplayer_product_id_only,price_via_chain_tcgplayer_id_missing
1010,OP07-043,Salome,UC,,3459,1010,OP07-043,,base,Base,official-cardlist,OP07/base/OP07-043.png,https://en.onepiece-cardgame.com/images/cardlist/card/OP07-043.png?260305,2314,3459,2863,HIGH,exact_code_plus_base_flag,2863,545828,Salome,Salome,OP07-043,UC,,tcgcsv,2670,2863,0.01,0.15,2.0,0.09,,,2026-04-02 03:06:18,tcgcsv,OP07-043,1,1,1,0,1,0,missing_tcgplayer_product_id_only,price_via_chain_tcgplayer_id_missing
1011,OP07-044,Dracule Mihawk,C,,3461,1011,OP07-044,,base,Base,official-cardlist,OP07/base/OP07-044.png,https://en.onepiece-cardgame.com/images/cardlist/card/OP07-044.png?260305,1217,3461,1660,HIGH,exact_code_plus_base_flag,1660,648091,Dracule Mihawk (Seven Warlords of the Sea Binder Set),Dracule Mihawk Seven Warlords of the Sea Binder Set,OP07-044,C,,tcgcsv,1531,1660,7.99,11.06,44.99,9.58,,,2026-04-02 03:06:17,tcgcsv,OP07-044,1,1,1,0,1,0,missing_tcgplayer_product_id_only,price_via_chain_tcgplayer_id_missing
1012,OP07-045,Jinbe,SR,,3464,1012,OP07-045,,base,Base,official-cardlist,OP07/base/OP07-045.png,https://en.onepiece-cardgame.com/images/cardlist/card/OP07-045.png?260305,2316,3464,2865,HIGH,exact_code_plus_base_flag,2865,545830,Jinbe (045),Jinbe 045,OP07-045,SR,,tcgcsv,2672,2865,2.96,4.75,50.0,3.24,,,2026-04-02 03:06:18,tcgcsv,OP07-045,1,1,1,0,1,0,missing_tcgplayer_product_id_only,price_via_chain_tcgplayer_id_missing
1013,OP07-046,Sengoku,SP CARD,,3468,1013,OP07-046,,base,Base,official-cardlist,OP07/sp/OP07-046_sp.png,https://en.onepiece-cardgame.com/images/cardlist/card/OP07-046.png?260305,2318,3468,2867,HIGH,exact_code_plus_base_flag,2867,545832,Sengoku,Sengoku,OP07-046,R,,tcgcsv,2674,2867,0.7,1.99,10.0,1.36,,,2026-04-02 03:06:18,tcgcsv,OP07-046,1,1,1,0,1,0,missing_tcgplayer_product_id_only,price_via_chain_tcgplayer_id_missing
1014,OP07-047,Trafalgar Law,R,,3474,1014,OP07-047,,base,Base,official-cardlist,OP07/base/OP07-047.png,https://en.onepiece-cardgame.com/images/cardlist/card/OP07-047.png?260305,1194,3474,1636,HIGH,exact_code_plus_base_flag,1636,646725,Trafalgar Law (Offline Regional Participation Pack 2025 Vol.2),Trafalgar Law Offline Regional Participation Pack 2025 Vol2,OP07-047,R,,tcgcsv,1513,1636,8.19,9.99,50.0,9.06,,,2026-04-02 03:06:17,tcgcsv,OP07-047,1,1,1,0,1,0,missing_tcgplayer_product_id_only,price_via_chain_tcgplayer_id_missing
1015,OP07-048,Donquixote Doflamingo,UC,,3483,1015,OP07-048,,base,Base,official-cardlist,OP07/base/OP07-048.png,https://en.onepiece-cardgame.com/images/cardlist/card/OP07-048.png?260305,1070,3483,1481,HIGH,exact_code_plus_base_flag,1481,619208,Donquixote Doflamingo (Judge Pack Vol. 5),Donquixote Doflamingo Judge Pack Vol 5,OP07-048,UC,,tcgcsv,1374,1481,0.56,2.54,6.0,2.36,,,2026-04-02 03:06:17,tcgcsv,OP07-048,1,1,1,0,1,0,missing_tcgplayer_product_id_only,price_via_chain_tcgplayer_id_missing
1016,OP07-049,Buckin,C,,3486,1016,OP07-049,,base,Base,official-cardlist,OP07/base/OP07-049.png,https://en.onepiece-cardgame.com/images/cardlist/card/OP07-049.png?260305,2323,3486,2872,HIGH,exact_code_plus_base_flag,2872,545837,Buckin,Buckin,OP07-049,C,,tcgcsv,2679,2872,0.01,0.1,1.58,0.04,,,2026-04-02 03:06:18,tcgcsv,OP07-049,1,1,1,0,1,0,missing_tcgplayer_product_id_only,price_via_chain_tcgplayer_id_missing
1017,OP07-050,Boa Sandersonia,C,,3488,1017,OP07-050,,base,Base,official-cardlist,OP07/base/OP07-050.png,https://en.onepiece-cardgame.com/images/cardlist/card/OP07-050.png?260305,2324,3488,2873,HIGH,exact_code_plus_base_flag,2873,545838,Boa Sandersonia,Boa Sandersonia,OP07-050,C,,tcgcsv,2680,2873,0.01,0.14,4.0,0.12,,,2026-04-02 03:06:18,tcgcsv,OP07-050,1,1,1,0,1,0,missing_tcgplayer_product_id_only,price_via_chain_tcgplayer_id_missing
1018,OP07-051,Boa Hancock,SP CARD,,3490,1018,OP07-051,,base,Base,official-cardlist,OP07/base/OP07-051.png,https://en.onepiece-cardgame.com/images/cardlist/card/OP07-051.png?260305,1220,3490,1663,HIGH,exact_code_plus_base_flag,1663,648100,Boa Hancock (Seven Warlords of the Sea Binder Set),Boa Hancock Seven Warlords of the Sea Binder Set,OP07-051,SR,,tcgcsv,1534,1663,74.94,82.01,250.0,73.15,,,2026-04-02 03:06:17,tcgcsv,OP07-051,1,1,1,0,1,0,missing_tcgplayer_product_id_only,price_via_chain_tcgplayer_id_missing
1019,OP07-052,Boa Marigold,C,,3501,1019,OP07-052,,base,Base,official-cardlist,OP07/base/OP07-052.png,https://en.onepiece-cardgame.com/images/cardlist/card/OP07-052.png?260305,2328,3501,2877,HIGH,exact_code_plus_base_flag,2877,545842,Boa Marigold,Boa Marigold,OP07-052,C,,tcgcsv,2684,2877,0.01,0.15,5.0,0.09,,,2026-04-02 03:06:18,tcgcsv,OP07-052,1,1,1,0,1,0,missing_tcgplayer_product_id_only,price_via_chain_tcgplayer_id_missing
1020,OP07-053,Portgas.D.Ace,R,,3503,1020,OP07-053,,base,Base,official-cardlist,OP07/base/OP07-053.png,https://en.onepiece-cardgame.com/images/cardlist/card/OP07-053.png?260305,950,3503,1343,HIGH,exact_code_plus_base_flag,1343,583739,Portgas.D.Ace (Winner Pack 2024 Oct.-Dec.),PortgasDAce Winner Pack 2024 Oct Dec,OP07-053,R,,tcgcsv,1246,1343,13.49,17.59,39.95,14.1,,,2026-04-02 03:06:17,tcgcsv,OP07-053,1,1,1,0,1,0,missing_tcgplayer_product_id_only,price_via_chain_tcgplayer_id_missing
1021,OP07-054,Marguerite,R,,3510,1021,OP07-054,,base,Base,official-cardlist,OP07/base/OP07-054.png,https://en.onepiece-cardgame.com/images/cardlist/card/OP07-054.png?260305,2330,3510,2879,HIGH,exact_code_plus_base_flag,2879,545844,Marguerite,Marguerite,OP07-054,R,,tcgcsv,2686,2879,0.05,0.25,5.0,0.16,,,2026-04-02 03:06:18,tcgcsv,OP07-054,1,1,1,0,1,0,missing_tcgplayer_product_id_only,price_via_chain_tcgplayer_id_missing
1022,OP07-055,Snake Dance,C,,3512,1022,OP07-055,,base,Base,official-cardlist,OP07/base/OP07-055.png,https://en.onepiece-cardgame.com/images/cardlist/card/OP07-055.png?260305,2331,3512,2880,HIGH,exact_code_plus_base_flag,2880,545845,Snake Dance,Snake Dance,OP07-055,C,,tcgcsv,2687,2880,0.04,0.15,1.63,0.13,,,2026-04-02 03:06:18,tcgcsv,OP07-055,1,1,1,0,1,0,missing_tcgplayer_product_id_only,price_via_chain_tcgplayer_id_missing
1023,OP07-056,Slave Arrow,UC,,3514,1023,OP07-056,,base,Base,official-cardlist,OP07/base/OP07-056.png,https://en.onepiece-cardgame.com/images/cardlist/card/OP07-056.png?260305,2332,3514,2881,HIGH,exact_code_plus_base_flag,2881,545846,Slave Arrow,Slave Arrow,OP07-056,UC,,tcgcsv,2688,2881,0.08,0.25,3.0,0.24,,,2026-04-02 03:06:18,tcgcsv,OP07-056,1,1,1,0,1,0,missing_tcgplayer_product_id_only,price_via_chain_tcgplayer_id_missing
1024,OP07-057,Perfume Femur,R,,3518,1024,OP07-057,,base,Base,official-cardlist,OP07/base/OP07-057.png,https://en.onepiece-cardgame.com/images/cardlist/card/OP07-057.png?260305,1272,3518,1720,HIGH,exact_code_plus_base_flag,1720,649684,Perfume Femur (Premium Card Collection -Best Selection Vol. 4-),Perfume Femur Premium Card Collection Best Selection Vol 4,OP07-057,R,,tcgcsv,1575,1720,18.99,23.51,60.0,19.84,,,2026-04-02 03:06:17,tcgcsv,OP07-057,1,1,1,0,1,0,missing_tcgplayer_product_id_only,price_via_chain_tcgplayer_id_missing
1025,OP07-058,Island of Women,C,,3521,1025,OP07-058,,base,Base,official-cardlist,OP07/base/OP07-058.png,https://en.onepiece-cardgame.com/images/cardlist/card/OP07-058.png?260305,2334,3521,2883,HIGH,exact_code_plus_base_flag,2883,545848,Island of Women,Island of Women,OP07-058,C,,tcgcsv,2690,2883,0.01,0.1,12.0,0.04,,,2026-04-02 03:06:18,tcgcsv,OP07-058,1,1,1,0,1,0,missing_tcgplayer_product_id_only,price_via_chain_tcgplayer_id_missing
1026,OP07-059,Foxy,L,,3523,1026,OP07-059,,base,Base,official-cardlist,OP07/base/OP07-059.png,https://en.onepiece-cardgame.com/images/cardlist/card/OP07-059.png?260305,2335,3523,2884,HIGH,exact_code_plus_base_flag,2884,545849,Foxy (059),Foxy 059,OP07-059,L,,tcgcsv,2691,2884,0.01,0.19,5.0,0.13,,,2026-04-02 03:06:18,tcgcsv,OP07-059,1,1,1,0,1,0,missing_tcgplayer_product_id_only,price_via_chain_tcgplayer_id_missing
1027,OP07-060,Itomimizu,UC,,3528,1027,OP07-060,,base,Base,official-cardlist,OP07/base/OP07-060.png,https://en.onepiece-cardgame.com/images/cardlist/card/OP07-060.png?260305,2337,3528,2886,HIGH,exact_code_plus_base_flag,2886,545851,Itomimizu,Itomimizu,OP07-060,UC,,tcgcsv,2693,2886,0.01,0.16,2.0,0.13,,,2026-04-02 03:06:18,tcgcsv,OP07-060,1,1,1,0,1,0,missing_tcgplayer_product_id_only,price_via_chain_tcgplayer_id_missing
1028,OP07-061,Vinsmoke Sanji,C,,3530,1028,OP07-061,,base,Base,official-cardlist,OP07/base/OP07-061.png,https://en.onepiece-cardgame.com/images/cardlist/card/OP07-061.png?260305,2338,3530,2887,HIGH,exact_code_plus_base_flag,2887,545852,Vinsmoke Sanji,Vinsmoke Sanji,OP07-061,C,,tcgcsv,2694,2887,0.01,0.14,1.58,0.09,,,2026-04-02 03:06:18,tcgcsv,OP07-061,1,1,1,0,1,0,missing_tcgplayer_product_id_only,price_via_chain_tcgplayer_id_missing
1029,OP07-062,Vinsmoke Reiju,C,,3532,1029,OP07-062,,base,Base,official-cardlist,OP07/base/OP07-062.png,https://en.onepiece-cardgame.com/images/cardlist/card/OP07-062.png?260305,2339,3532,2888,HIGH,exact_code_plus_base_flag,2888,545853,Vinsmoke Reiju,Vinsmoke Reiju,OP07-062,C,,tcgcsv,2695,2888,0.01,0.11,12.0,0.09,,,2026-04-02 03:06:18,tcgcsv,OP07-062,1,1,1,0,1,0,missing_tcgplayer_product_id_only,price_via_chain_tcgplayer_id_missing
1030,OP07-063,Capote,C,,3534,1030,OP07-063,,base,Base,official-cardlist,OP07/base/OP07-063.png,https://en.onepiece-cardgame.com/images/cardlist/card/OP07-063.png?260305,2340,3534,2889,HIGH,exact_code_plus_base_flag,2889,545854,Capote,Capote,OP07-063,C,,tcgcsv,2696,2889,0.01,0.1,115.99,0.08,,,2026-04-02 03:06:18,tcgcsv,OP07-063,1,1,1,0,1,0,missing_tcgplayer_product_id_only,price_via_chain_tcgplayer_id_missing
1031,OP07-064,Sanji,SR,,3536,1031,OP07-064,,base,Base,official-cardlist,OP07/base/OP07-064.png,https://en.onepiece-cardgame.com/images/cardlist/card/OP07-064.png?260305,912,3536,1293,HIGH,exact_code_plus_base_flag,1293,579371,Sanji (Championship 2024 Finalist Card Set),Sanji Championship 2024 Finalist Card Set,OP07-064,SR,,tcgcsv,1208,1293,600.0,650.0,700.0,449.4,,,2026-04-02 03:06:17,tcgcsv,OP07-064,1,1,1,0,1,0,missing_tcgplayer_product_id_only,price_via_chain_tcgplayer_id_missing
1032,OP07-065,Gina,UC,,3544,1032,OP07-065,,base,Base,official-cardlist,OP07/base/OP07-065.png,https://en.onepiece-cardgame.com/images/cardlist/card/OP07-065.png?260305,2343,3544,2892,HIGH,exact_code_plus_base_flag,2892,545857,Gina,Gina,OP07-065,UC,,tcgcsv,2699,2892,0.01,0.25,10.0,0.16,,,2026-04-02 03:06:18,tcgcsv,OP07-065,1,1,1,0,1,0,missing_tcgplayer_product_id_only,price_via_chain_tcgplayer_id_missing
1033,OP07-066,Tony Tony.Chopper,R,,3546,1033,OP07-066,,base,Base,official-cardlist,OP07/base/OP07-066.png,https://en.onepiece-cardgame.com/images/cardlist/card/OP07-066.png?260305,1251,3546,1696,HIGH,exact_code_plus_base_flag,1696,649656,Tony Tony.Chopper (CS 25-26 Finalist Card Set 1),Tony TonyChopper CS 25 26 Finalist Card Set 1,OP07-066,R,,tcgcsv,,,,,,,,,,,OP07-066,1,1,1,0,1,0,missing_tcgplayer_product_id_only,price_via_chain_tcgplayer_id_missing
1034,OP07-067,Tonjit,C,,3550,1034,OP07-067,,base,Base,official-cardlist,OP07/base/OP07-067.png,https://en.onepiece-cardgame.com/images/cardlist/card/OP07-067.png?260305,2345,3550,2894,HIGH,exact_code_plus_base_flag,2894,545859,Tonjit,Tonjit,OP07-067,C,,tcgcsv,2701,2894,0.01,0.1,1.58,0.03,,,2026-04-02 03:06:18,tcgcsv,OP07-067,1,1,1,0,1,0,missing_tcgplayer_product_id_only,price_via_chain_tcgplayer_id_missing
1035,OP07-068,Hamburg,UC,,3552,1035,OP07-068,,base,Base,official-cardlist,OP07/base/OP07-068.png,https://en.onepiece-cardgame.com/images/cardlist/card/OP07-068.png?260305,2346,3552,2895,HIGH,exact_code_plus_base_flag,2895,545860,Hamburg,Hamburg,OP07-068,UC,,tcgcsv,2702,2895,0.01,0.13,2.0,0.07,,,2026-04-02 03:06:18,tcgcsv,OP07-068,1,1,1,0,1,0,missing_tcgplayer_product_id_only,price_via_chain_tcgplayer_id_missing
1036,OP07-069,Pickles,C,,3554,1036,OP07-069,,base,Base,official-cardlist,OP07/base/OP07-069.png,https://en.onepiece-cardgame.com/images/cardlist/card/OP07-069.png?260305,2347,3554,2896,HIGH,exact_code_plus_base_flag,2896,545861,Pickles,Pickles,OP07-069,C,,tcgcsv,2703,2896,0.01,0.1,1.58,0.08,,,2026-04-02 03:06:18,tcgcsv,OP07-069,1,1,1,0,1,0,missing_tcgplayer_product_id_only,price_via_chain_tcgplayer_id_missing
1037,OP07-070,Big Bun,UC,,3556,1037,OP07-070,,base,Base,official-cardlist,OP07/base/OP07-070.png,https://en.onepiece-cardgame.com/images/cardlist/card/OP07-070.png?260305,2348,3556,2897,HIGH,exact_code_plus_base_flag,2897,545862,Big Bun,Big Bun,OP07-070,UC,,tcgcsv,2704,2897,0.01,0.15,7.5,0.07,,,2026-04-02 03:06:18,tcgcsv,OP07-070,1,1,1,0,1,0,missing_tcgplayer_product_id_only,price_via_chain_tcgplayer_id_missing
1038,OP07-071,Foxy,R,,3558,1038,OP07-071,,base,Base,official-cardlist,OP07/base/OP07-071.png,https://en.onepiece-cardgame.com/images/cardlist/card/OP07-071.png?260305,2349,3558,2898,HIGH,exact_code_plus_base_flag,2898,545863,Foxy (071),Foxy 071,OP07-071,R,,tcgcsv,2705,2898,0.01,0.25,5.0,0.15,,,2026-04-02 03:06:18,tcgcsv,OP07-071,1,1,1,0,1,0,missing_tcgplayer_product_id_only,price_via_chain_tcgplayer_id_missing
1039,OP07-072,Porche,SR,,3562,1039,OP07-072,,base,Base,official-cardlist,OP07/base/OP07-072.png,https://en.onepiece-cardgame.com/images/cardlist/card/OP07-072.png?260305,2351,3562,2900,HIGH,exact_code_plus_base_flag,2900,545865,Porche,Porche,OP07-072,SR,,tcgcsv,2707,2900,8.0,11.99,50.0,9.64,,,2026-04-02 03:06:18,tcgcsv,OP07-072,1,1,1,0,1,0,missing_tcgplayer_product_id_only,price_via_chain_tcgplayer_id_missing
1040,OP07-073,Monkey.D.Luffy,R,,3566,1040,OP07-073,,base,Base,official-cardlist,OP07/base/OP07-073.png,https://en.onepiece-cardgame.com/images/cardlist/card/OP07-073.png?260305,1282,3566,1731,HIGH,exact_code_plus_base_flag,1731,649696,Monkey.D.Luffy (BANDAI Card Games Fest 25-26),MonkeyDLuffy BANDAI Card Games Fest 25 26,OP07-073,R,,tcgcsv,1586,1731,65.0,99.99,795.0,78.3,,,2026-04-02 03:06:17,tcgcsv,OP07-073,1,1,1,0,1,0,missing_tcgplayer_product_id_only,price_via_chain_tcgplayer_id_missing
1041,OP07-074,Monda,C,,3569,1041,OP07-074,,base,Base,official-cardlist,OP07/base/OP07-074.png,https://en.onepiece-cardgame.com/images/cardlist/card/OP07-074.png?260305,2354,3569,2903,HIGH,exact_code_plus_base_flag,2903,545868,Monda,Monda,OP07-074,C,,tcgcsv,2710,2903,0.01,0.1,1.58,0.08,,,2026-04-02 03:06:18,tcgcsv,OP07-074,1,1,1,0,1,0,missing_tcgplayer_product_id_only,price_via_chain_tcgplayer_id_missing
1042,OP07-075,Slow-Slow Beam,UC,,3571,1042,OP07-075,,base,Base,official-cardlist,OP07/base/OP07-075.png,https://en.onepiece-cardgame.com/images/cardlist/card/OP07-075.png?260305,2355,3571,2904,HIGH,exact_code_plus_base_flag,2904,545869,Slow-Slow Beam,Slow Slow Beam,OP07-075,UC,,tcgcsv,2711,2904,0.02,0.15,2.0,0.14,,,2026-04-02 03:06:18,tcgcsv,OP07-075,1,1,1,0,1,0,missing_tcgplayer_product_id_only,price_via_chain_tcgplayer_id_missing
1043,OP07-076,Slow-Slow Beam Sword,C,,3573,1043,OP07-076,,base,Base,official-cardlist,OP07/base/OP07-076.png,https://en.onepiece-cardgame.com/images/cardlist/card/OP07-076.png?260305,1178,3573,1616,HIGH,exact_code_plus_base_flag,1616,641223,Slow-Slow Beam Sword (Judge Pack Vol. 6),Slow Slow Beam Sword Judge Pack Vol 6,OP07-076,C,,tcgcsv,1494,1616,4.0,5.54,25.0,5.54,,,2026-04-02 03:06:17,tcgcsv,OP07-076,1,1,1,0,1,0,missing_tcgplayer_product_id_only,price_via_chain_tcgplayer_id_missing
1044,OP07-077,We're Going to Claim the One Piece!!!,R,,3577,1044,OP07-077,,base,Base,official-cardlist,OP07/base/OP07-077.png,https://en.onepiece-cardgame.com/images/cardlist/card/OP07-077.png?260305,2357,3577,2906,HIGH,exact_code_plus_base_flag,2906,545871,We're Going to Claim the One Piece!!!,Were Going to Claim the One Piece,OP07-077,R,,tcgcsv,2713,2906,0.5,0.9,10.0,0.61,,,2026-04-02 03:06:18,tcgcsv,OP07-077,1,1,1,0,1,0,missing_tcgplayer_product_id_only,price_via_chain_tcgplayer_id_missing
1045,OP07-078,Megaton Nine-Tails Rush,C,,3579,1045,OP07-078,,base,Base,official-cardlist,OP07/base/OP07-078.png,https://en.onepiece-cardgame.com/images/cardlist/card/OP07-078.png?260305,2358,3579,2907,HIGH,exact_code_plus_base_flag,2907,545872,Megaton Nine-Tails Rush,Megaton Nine Tails Rush,OP07-078,C,,tcgcsv,2714,2907,0.01,0.1,2.7,0.07,,,2026-04-02 03:06:18,tcgcsv,OP07-078,1,1,1,0,1,0,missing_tcgplayer_product_id_only,price_via_chain_tcgplayer_id_missing
1046,OP07-079,Rob Lucci,L,,3581,1046,OP07-079,,base,Base,official-cardlist,OP07/base/OP07-079.png,https://en.onepiece-cardgame.com/images/cardlist/card/OP07-079.png?260305,2359,3581,2908,HIGH,exact_code_plus_base_flag,2908,545873,Rob Lucci (079),Rob Lucci 079,OP07-079,L,,tcgcsv,2715,2908,0.01,0.17,20.0,0.14,,,2026-04-02 03:06:18,tcgcsv,OP07-079,1,1,1,0,1,0,missing_tcgplayer_product_id_only,price_via_chain_tcgplayer_id_missing
1047,OP07-080,Kaku,R,,3586,1047,OP07-080,,base,Base,official-cardlist,OP07/base/OP07-080.png,https://en.onepiece-cardgame.com/images/cardlist/card/OP07-080.png?260305,1039,3586,1442,HIGH,exact_code_plus_base_flag,1442,607975,Kaku (Winner Pack 2025 Vol. 1),Kaku Winner Pack 2025 Vol 1,OP07-080,R,,tcgcsv,1335,1442,1.0,3.2,15.0,2.28,,,2026-04-02 03:06:17,tcgcsv,OP07-080,1,1,1,0,1,0,missing_tcgplayer_product_id_only,price_via_chain_tcgplayer_id_missing
1048,OP07-081,Kalifa,C,,3590,1048,OP07-081,,base,Base,official-cardlist,OP07/base/OP07-081.png,https://en.onepiece-cardgame.com/images/cardlist/card/OP07-081.png?260305,2362,3590,2911,HIGH,exact_code_plus_base_flag,2911,545876,Kalifa,Kalifa,OP07-081,C,,tcgcsv,2718,2911,0.01,0.15,2.0,0.09,,,2026-04-02 03:06:18,tcgcsv,OP07-081,1,1,1,0,1,0,missing_tcgplayer_product_id_only,price_via_chain_tcgplayer_id_missing
1049,OP07-082,Captain John,UC,,3592,1049,OP07-082,,base,Base,official-cardlist,OP07/base/OP07-082.png,https://en.onepiece-cardgame.com/images/cardlist/card/OP07-082.png?260305,2363,3592,2912,HIGH,exact_code_plus_base_flag,2912,545877,Captain John,Captain John,OP07-082,UC,,tcgcsv,2719,2912,0.01,0.15,2.0,0.11,,,2026-04-02 03:06:18,tcgcsv,OP07-082,1,1,1,0,1,0,missing_tcgplayer_product_id_only,price_via_chain_tcgplayer_id_missing
1050,OP07-083,Gecko Moria,UC,,3594,1050,OP07-083,,base,Base,official-cardlist,OP07/base/OP07-083.png,https://en.onepiece-cardgame.com/images/cardlist/card/OP07-083.png?260305,2364,3594,2913,HIGH,exact_code_plus_base_flag,2913,545878,Gecko Moria (083),Gecko Moria 083,OP07-083,UC,,tcgcsv,2720,2913,0.01,0.15,2.57,0.08,,,2026-04-02 03:06:18,tcgcsv,OP07-083,1,1,1,0,1,0,missing_tcgplayer_product_id_only,price_via_chain_tcgplayer_id_missing
1051,OP07-084,Gismonda,C,,3596,1051,OP07-084,,base,Base,official-cardlist,OP07/base/OP07-084.png,https://en.onepiece-cardgame.com/images/cardlist/card/OP07-084.png?260305,2365,3596,2914,HIGH,exact_code_plus_base_flag,2914,545879,Gismonda,Gismonda,OP07-084,C,,tcgcsv,2721,2914,0.01,0.1,1.58,0.03,,,2026-04-02 03:06:18,tcgcsv,OP07-084,1,1,1,0,1,0,missing_tcgplayer_product_id_only,price_via_chain_tcgplayer_id_missing
1052,OP07-085,Stussy,SP CARD,,3598,1052,OP07-085,,base,Base,official-cardlist,OP07/sp/OP07-085_sp.png,https://en.onepiece-cardgame.com/images/cardlist/card/OP07-085.png?260305,2366,3598,2915,HIGH,exact_code_plus_base_flag,2915,545880,Stussy,Stussy,OP07-085,SR,,tcgcsv,2722,2915,1.9,3.49,38.95,2.49,,,2026-04-02 03:06:18,tcgcsv,OP07-085,1,1,1,0,1,0,missing_tcgplayer_product_id_only,price_via_chain_tcgplayer_id_missing
1053,OP07-086,Spandam,C,,3604,1053,OP07-086,,base,Base,official-cardlist,OP07/base/OP07-086.png,https://en.onepiece-cardgame.com/images/cardlist/card/OP07-086.png?260305,2368,3604,2917,HIGH,exact_code_plus_base_flag,2917,545882,Spandam,Spandam,OP07-086,C,,tcgcsv,2724,2917,0.01,0.1,1.58,0.05,,,2026-04-02 03:06:18,tcgcsv,OP07-086,1,1,1,0,1,0,missing_tcgplayer_product_id_only,price_via_chain_tcgplayer_id_missing
1054,OP07-087,Baskerville,C,,3606,1054,OP07-087,,base,Base,official-cardlist,OP07/base/OP07-087.png,https://en.onepiece-cardgame.com/images/cardlist/card/OP07-087.png?260305,2369,3606,2918,HIGH,exact_code_plus_base_flag,2918,545883,Baskerville,Baskerville,OP07-087,C,,tcgcsv,2725,2918,0.01,0.1,16.5,0.05,,,2026-04-02 03:06:18,tcgcsv,OP07-087,1,1,1,0,1,0,missing_tcgplayer_product_id_only,price_via_chain_tcgplayer_id_missing
1055,OP07-088,Hattori,UC,,3608,1055,OP07-088,,base,Base,official-cardlist,OP07/base/OP07-088.png,https://en.onepiece-cardgame.com/images/cardlist/card/OP07-088.png?260305,2370,3608,2919,HIGH,exact_code_plus_base_flag,2919,545884,Hattori,Hattori,OP07-088,UC,,tcgcsv,2726,2919,0.01,0.15,2.0,0.1,,,2026-04-02 03:06:18,tcgcsv,OP07-088,1,1,1,0,1,0,missing_tcgplayer_product_id_only,price_via_chain_tcgplayer_id_missing
1056,OP07-089,Maha,C,,3610,1056,OP07-089,,base,Base,official-cardlist,OP07/base/OP07-089.png,https://en.onepiece-cardgame.com/images/cardlist/card/OP07-089.png?260305,2371,3610,2920,HIGH,exact_code_plus_base_flag,2920,545885,Maha,Maha,OP07-089,C,,tcgcsv,2727,2920,0.01,0.1,1.58,0.06,,,2026-04-02 03:06:18,tcgcsv,OP07-089,1,1,1,0,1,0,missing_tcgplayer_product_id_only,price_via_chain_tcgplayer_id_missing
1057,OP07-090,Morgans,C,,3612,1057,OP07-090,,base,Base,official-cardlist,OP07/base/OP07-090.png,https://en.onepiece-cardgame.com/images/cardlist/card/OP07-090.png?260305,2372,3612,2921,HIGH,exact_code_plus_base_flag,2921,545886,Morgans,Morgans,OP07-090,C,,tcgcsv,2728,2921,0.01,0.1,1.58,0.09,,,2026-04-02 03:06:18,tcgcsv,OP07-090,1,1,1,0,1,0,missing_tcgplayer_product_id_only,price_via_chain_tcgplayer_id_missing
1058,OP07-091,Monkey.D.Luffy,R,,3614,1058,OP07-091,,base,Base,official-cardlist,OP07/base/OP07-091.png,https://en.onepiece-cardgame.com/images/cardlist/card/OP07-091.png?260305,969,3614,1363,HIGH,exact_code_plus_base_flag,1363,583762,Monkey.D.Luffy (091) (Offline Regional 2024 Vol. 3) [Finalist],MonkeyDLuffy 091 Offline Regional 2024 Vol 3 Finalist,OP07-091,R,,tcgcsv,1266,1363,749.99,1375.0,2000.0,438.53,,,2026-04-02 03:06:17,tcgcsv,OP07-091,1,1,1,0,1,0,missing_tcgplayer_product_id_only,price_via_chain_tcgplayer_id_missing
1059,OP07-092,Joseph,UC,,3619,1059,OP07-092,,base,Base,official-cardlist,OP07/base/OP07-092.png,https://en.onepiece-cardgame.com/images/cardlist/card/OP07-092.png?260305,2374,3619,2923,HIGH,exact_code_plus_base_flag,2923,545888,Joseph,Joseph,OP07-092,UC,,tcgcsv,2730,2923,0.01,0.12,2.0,0.06,,,2026-04-02 03:06:18,tcgcsv,OP07-092,1,1,1,0,1,0,missing_tcgplayer_product_id_only,price_via_chain_tcgplayer_id_missing
1060,OP07-093,Rob Lucci,R,,3621,1060,OP07-093,,base,Base,official-cardlist,OP07/base/OP07-093.png,https://en.onepiece-cardgame.com/images/cardlist/card/OP07-093.png?260305,2375,3621,2924,HIGH,exact_code_plus_base_flag,2924,545889,Rob Lucci (093),Rob Lucci 093,OP07-093,R,,tcgcsv,2731,2924,0.01,0.16,5.0,0.14,,,2026-04-02 03:06:18,tcgcsv,OP07-093,1,1,1,0,1,0,missing_tcgplayer_product_id_only,price_via_chain_tcgplayer_id_missing
1061,OP07-094,Shave,UC,,3623,1061,OP07-094,,base,Base,official-cardlist,OP07/base/OP07-094.png,https://en.onepiece-cardgame.com/images/cardlist/card/OP07-094.png?260305,2376,3623,2925,HIGH,exact_code_plus_base_flag,2925,545890,Shave,Shave,OP07-094,UC,,tcgcsv,2732,2925,0.01,0.12,2.0,0.07,,,2026-04-02 03:06:18,tcgcsv,OP07-094,1,1,1,0,1,0,missing_tcgplayer_product_id_only,price_via_chain_tcgplayer_id_missing
1062,OP07-095,Iron Body,C,,3625,1062,OP07-095,,base,Base,official-cardlist,OP07/base/OP07-095.png,https://en.onepiece-cardgame.com/images/cardlist/card/OP07-095.png?260305,2377,3625,2926,HIGH,exact_code_plus_base_flag,2926,545891,Iron Body,Iron Body,OP07-095,C,,tcgcsv,2733,2926,0.01,0.14,1.58,0.09,,,2026-04-02 03:06:18,tcgcsv,OP07-095,1,1,1,0,1,0,missing_tcgplayer_product_id_only,price_via_chain_tcgplayer_id_missing
1063,OP07-096,Tempest Kick,R,,3627,1063,OP07-096,,base,Base,official-cardlist,OP07/base/OP07-096.png,https://en.onepiece-cardgame.com/images/cardlist/card/OP07-096.png?260305,2378,3627,2927,HIGH,exact_code_plus_base_flag,2927,545892,Tempest Kick,Tempest Kick,OP07-096,R,,tcgcsv,2734,2927,0.6,1.25,10.0,1.04,,,2026-04-02 03:06:18,tcgcsv,OP07-096,1,1,1,0,1,0,missing_tcgplayer_product_id_only,price_via_chain_tcgplayer_id_missing
1064,OP07-097,Vegapunk,L,,3629,1064,OP07-097,,base,Base,official-cardlist,OP07/base/OP07-097.png,https://en.onepiece-cardgame.com/images/cardlist/card/OP07-097.png?260305,2379,3629,2928,HIGH,exact_code_plus_base_flag,2928,545893,Vegapunk,Vegapunk,OP07-097,L,,tcgcsv,2735,2928,0.02,0.18,5.0,0.14,,,2026-04-02 03:06:18,tcgcsv,OP07-097,1,1,1,0,1,0,missing_tcgplayer_product_id_only,price_via_chain_tcgplayer_id_missing
1065,OP07-098,Atlas,UC,,3634,1065,OP07-098,,base,Base,official-cardlist,OP07/base/OP07-098.png,https://en.onepiece-cardgame.com/images/cardlist/card/OP07-098.png?260305,2381,3634,2930,HIGH,exact_code_plus_base_flag,2930,545895,Atlas,Atlas,OP07-098,UC,,tcgcsv,2737,2930,0.05,0.2,2.0,0.16,,,2026-04-02 03:06:18,tcgcsv,OP07-098,1,1,1,0,1,0,missing_tcgplayer_product_id_only,price_via_chain_tcgplayer_id_missing
1066,OP07-099,Usopp,C,,3636,1066,OP07-099,,base,Base,official-cardlist,OP07/base/OP07-099.png,https://en.onepiece-cardgame.com/images/cardlist/card/OP07-099.png?260305,2382,3636,2931,HIGH,exact_code_plus_base_flag,2931,545896,Usopp,Usopp,OP07-099,C,,tcgcsv,2738,2931,0.1,0.33,4.0,0.31,,,2026-04-02 03:06:18,tcgcsv,OP07-099,1,1,1,0,1,0,missing_tcgplayer_product_id_only,price_via_chain_tcgplayer_id_missing
1067,OP07-100,Edison,C,,3638,1067,OP07-100,,base,Base,official-cardlist,OP07/base/OP07-100.png,https://en.onepiece-cardgame.com/images/cardlist/card/OP07-100.png?260305,952,3638,1345,HIGH,exact_code_plus_base_flag,1345,583741,Edison (Winner Pack 2024 Oct.-Dec.),Edison Winner Pack 2024 Oct Dec,OP07-100,C,,tcgcsv,1248,1345,5.0,9.95,10.72,5.12,,,2026-04-02 03:06:17,tcgcsv,OP07-100,1,1,1,0,1,0,missing_tcgplayer_product_id_only,price_via_chain_tcgplayer_id_missing
1068,OP07-101,Shaka,UC,,3643,1068,OP07-101,,base,Base,official-cardlist,OP07/base/OP07-101.png,https://en.onepiece-cardgame.com/images/cardlist/card/OP07-101.png?260305,1071,3643,1482,HIGH,exact_code_plus_base_flag,1482,619209,Shaka (Judge Pack Vol. 5),Shaka Judge Pack Vol 5,OP07-101,UC,,tcgcsv,1375,1482,1.93,4.0,24.99,3.05,,,2026-04-02 03:06:17,tcgcsv,OP07-101,1,1,1,0,1,0,missing_tcgplayer_product_id_only,price_via_chain_tcgplayer_id_missing
1069,OP07-102,Jinbe,C,,3645,1069,OP07-102,,base,Base,official-cardlist,OP07/base/OP07-102.png,https://en.onepiece-cardgame.com/images/cardlist/card/OP07-102.png?260305,2385,3645,2934,HIGH,exact_code_plus_base_flag,2934,545899,Jinbe (102),Jinbe 102,OP07-102,C,,tcgcsv,2741,2934,0.01,0.15,1.61,0.09,,,2026-04-02 03:06:18,tcgcsv,OP07-102,1,1,1,0,1,0,missing_tcgplayer_product_id_only,price_via_chain_tcgplayer_id_missing
1070,OP07-103,Tony Tony.Chopper,C,,3647,1070,OP07-103,,base,Base,official-cardlist,OP07/base/OP07-103.png,https://en.onepiece-cardgame.com/images/cardlist/card/OP07-103.png?260305,2386,3647,2935,HIGH,exact_code_plus_base_flag,2935,545900,Tony Tony.Chopper (103),Tony TonyChopper 103,OP07-103,C,,tcgcsv,2742,2935,0.01,0.16,10.14,0.16,,,2026-04-02 03:06:18,tcgcsv,OP07-103,1,1,1,0,1,0,missing_tcgplayer_product_id_only,price_via_chain_tcgplayer_id_missing
1071,OP07-104,Nico Robin,UC,,3649,1071,OP07-104,,base,Base,official-cardlist,OP07/base/OP07-104.png,https://en.onepiece-cardgame.com/images/cardlist/card/OP07-104.png?260305,2387,3649,2936,HIGH,exact_code_plus_base_flag,2936,545901,Nico Robin,Nico Robin,OP07-104,UC,,tcgcsv,2743,2936,0.15,0.25,10.0,0.29,,,2026-04-02 03:06:18,tcgcsv,OP07-104,1,1,1,0,1,0,missing_tcgplayer_product_id_only,price_via_chain_tcgplayer_id_missing
1072,OP07-105,Pythagoras,UC,,3651,1072,OP07-105,,base,Base,official-cardlist,OP07/base/OP07-105.png,https://en.onepiece-cardgame.com/images/cardlist/card/OP07-105.png?260305,2388,3651,2937,HIGH,exact_code_plus_base_flag,2937,545902,Pythagoras,Pythagoras,OP07-105,UC,,tcgcsv,2744,2937,0.03,0.2,2.0,0.15,,,2026-04-02 03:06:18,tcgcsv,OP07-105,1,1,1,0,1,0,missing_tcgplayer_product_id_only,price_via_chain_tcgplayer_id_missing
1073,OP07-106,Fuza,C,,3653,1073,OP07-106,,base,Base,official-cardlist,OP07/base/OP07-106.png,https://en.onepiece-cardgame.com/images/cardlist/card/OP07-106.png?260305,2389,3653,2938,HIGH,exact_code_plus_base_flag,2938,545903,Fuza,Fuza,OP07-106,C,,tcgcsv,2745,2938,0.01,0.1,1.58,0.03,,,2026-04-02 03:06:18,tcgcsv,OP07-106,1,1,1,0,1,0,missing_tcgplayer_product_id_only,price_via_chain_tcgplayer_id_missing
1074,OP07-107,Franky,R,,3655,1074,OP07-107,,base,Base,official-cardlist,OP07/base/OP07-107.png,https://en.onepiece-cardgame.com/images/cardlist/card/OP07-107.png?260305,2390,3655,2939,HIGH,exact_code_plus_base_flag,2939,545904,Franky,Franky,OP07-107,R,,tcgcsv,2746,2939,0.15,0.52,10.0,0.42,,,2026-04-02 03:06:18,tcgcsv,OP07-107,1,1,1,0,1,0,missing_tcgplayer_product_id_only,price_via_chain_tcgplayer_id_missing
1075,OP07-108,Vega Force 01,C,,3660,1075,OP07-108,,base,Base,official-cardlist,OP07/base/OP07-108.png,https://en.onepiece-cardgame.com/images/cardlist/card/OP07-108.png?260305,2392,3660,2941,HIGH,exact_code_plus_base_flag,2941,545906,Vega Force 01,Vega Force 01,OP07-108,C,,tcgcsv,2748,2941,0.01,0.1,1.58,0.05,,,2026-04-02 03:06:18,tcgcsv,OP07-108,1,1,1,0,1,0,missing_tcgplayer_product_id_only,price_via_chain_tcgplayer_id_missing
1076,OP07-109,Monkey.D.Luffy,SR,,3662,1076,OP07-109,,base,Base,official-cardlist,OP07/base/OP07-109.png,https://en.onepiece-cardgame.com/images/cardlist/card/OP07-109.png?260305,921,3662,1303,HIGH,exact_code_plus_base_flag,1303,579983,Monkey.D.Luffy (CS 2024 Event Pack),MonkeyDLuffy CS 2024 Event Pack,OP07-109,SR,,tcgcsv,,,,,,,,,,,OP07-109,1,1,1,0,1,0,missing_tcgplayer_product_id_only,price_via_chain_tcgplayer_id_missing
1077,OP07-110,York,C,,3673,1077,OP07-110,,base,Base,official-cardlist,OP07/base/OP07-110.png,https://en.onepiece-cardgame.com/images/cardlist/card/OP07-110.png?260305,2395,3673,2944,HIGH,exact_code_plus_base_flag,2944,545909,York,York,OP07-110,C,,tcgcsv,2751,2944,0.01,0.12,1.58,0.07,,,2026-04-02 03:06:18,tcgcsv,OP07-110,1,1,1,0,1,0,missing_tcgplayer_product_id_only,price_via_chain_tcgplayer_id_missing
1078,OP07-111,Lilith,SP CARD,,3675,1078,OP07-111,,base,Base,official-cardlist,OP07/sp/OP07-111_sp.png,https://en.onepiece-cardgame.com/images/cardlist/card/OP07-111.png?260305,2396,3675,2945,HIGH,exact_code_plus_base_flag,2945,545910,Lilith,Lilith,OP07-111,SR,,tcgcsv,2752,2945,1.25,2.99,100.0,3.14,,,2026-04-02 03:06:18,tcgcsv,OP07-111,1,1,1,0,1,0,missing_tcgplayer_product_id_only,price_via_chain_tcgplayer_id_missing
1079,OP07-112,Lucy,R,,3681,1079,OP07-112,,base,Base,official-cardlist,OP07/base/OP07-112.png,https://en.onepiece-cardgame.com/images/cardlist/card/OP07-112.png?260305,2398,3681,2947,HIGH,exact_code_plus_base_flag,2947,545912,Lucy,Lucy,OP07-112,R,,tcgcsv,2754,2947,0.01,0.2,10.1,0.13,,,2026-04-02 03:06:18,tcgcsv,OP07-112,1,1,1,0,1,0,missing_tcgplayer_product_id_only,price_via_chain_tcgplayer_id_missing
1080,OP07-113,Roronoa Zoro,UC,,3683,1080,OP07-113,,base,Base,official-cardlist,OP07/base/OP07-113.png,https://en.onepiece-cardgame.com/images/cardlist/card/OP07-113.png?260305,1085,3683,1497,HIGH,exact_code_plus_base_flag,1497,620096,Roronoa Zoro (One Piece Day Dallas 2025),Roronoa Zoro One Piece Day Dallas 2025,OP07-113,UC,,tcgcsv,1386,1497,169.98,248.0,589.99,156.39,,,2026-04-02 03:06:17,tcgcsv,OP07-113,1,1,1,0,1,0,missing_tcgplayer_product_id_only,price_via_chain_tcgplayer_id_missing
1081,OP07-114,He Possesses the World's Most Brilliant Mind,UC,,3686,1081,OP07-114,,base,Base,official-cardlist,OP07/base/OP07-114.png,https://en.onepiece-cardgame.com/images/cardlist/card/OP07-114.png?260305,2400,3686,2949,HIGH,exact_code_plus_base_flag,2949,545914,He Possesses the World's Most Brilliant Mind,He Possesses the Worlds Most Brilliant Mind,OP07-114,UC,,tcgcsv,2756,2949,0.01,0.17,3.0,0.12,,,2026-04-02 03:06:18,tcgcsv,OP07-114,1,1,1,0,1,0,missing_tcgplayer_product_id_only,price_via_chain_tcgplayer_id_missing
1082,OP07-115,I Re-Quasar Helllp!!,C,,3690,1082,OP07-115,,base,Base,official-cardlist,OP07/base/OP07-115.png,https://en.onepiece-cardgame.com/images/cardlist/card/OP07-115.png?260305,2401,3690,2950,HIGH,exact_code_plus_base_flag,2950,545915,I Re-Quasar Helllp!!,I Re Quasar Helllp,OP07-115,C,,tcgcsv,2757,2950,0.12,0.91,4.99,0.71,,,2026-04-02 03:06:18,tcgcsv,OP07-115,1,1,1,0,1,0,missing_tcgplayer_product_id_only,price_via_chain_tcgplayer_id_missing
1083,OP07-116,Blaze Slice,R,,3692,1083,OP07-116,,base,Base,official-cardlist,OP07/base/OP07-116.png,https://en.onepiece-cardgame.com/images/cardlist/card/OP07-116.png?260305,1343,3692,1801,HIGH,exact_code_plus_base_flag,1801,657832,Blaze Slice (Premium Card Collection -Best Selection Vol. 5-),Blaze Slice Premium Card Collection Best Selection Vol 5,OP07-116,R,,tcgcsv,1647,1801,4.55,5.99,110.0,5.63,,,2026-04-02 03:06:17,tcgcsv,OP07-116,1,1,1,0,1,0,missing_tcgplayer_product_id_only,price_via_chain_tcgplayer_id_missing
1084,OP07-117,Egghead,C,,3696,1084,OP07-117,,base,Base,official-cardlist,OP07/base/OP07-117.png,https://en.onepiece-cardgame.com/images/cardlist/card/OP07-117.png?260305,2403,3696,2952,HIGH,exact_code_plus_base_flag,2952,545917,Egghead,Egghead,OP07-117,C,,tcgcsv,2759,2952,0.01,0.15,1.58,0.09,,,2026-04-02 03:06:18,tcgcsv,OP07-117,1,1,1,0,1,0,missing_tcgplayer_product_id_only,price_via_chain_tcgplayer_id_missing
1085,OP07-118,Sabo,SEC,,3698,1085,OP07-118,,base,Base,official-cardlist,OP07/sp/OP07-118_sp.png,https://en.onepiece-cardgame.com/images/cardlist/card/OP07-118.png?260305,1430,3698,1907,HIGH,exact_code_plus_base_flag,1907,680495,Sabo (Japanese Version 3rd Anniversary Set),Sabo Japanese Version 3rd Anniversary Set,OP07-118,SEC,,tcgcsv,1739,1907,31.99,39.5,75.0,40.98,,,2026-04-02 03:06:17,tcgcsv,OP07-118,1,1,1,0,1,0,missing_tcgplayer_product_id_only,price_via_chain_tcgplayer_id_missing
1086,OP07-119,Portgas.D.Ace,SEC,,3706,1086,OP07-119,,base,Base,official-cardlist,OP07/base/OP07-119.png,https://en.onepiece-cardgame.com/images/cardlist/card/OP07-119.png?260305,1140,3706,1572,HIGH,exact_code_plus_base_flag,1572,630009,Portgas.D.Ace (Serial Numbered),PortgasDAce Serial Numbered,OP07-119,SEC,,tcgcsv,1450,1572,9950.0,9974.5,9999.0,2949.5,,,2026-04-02 03:06:17,tcgcsv,OP07-119,1,1,1,0,1,0,missing_tcgplayer_product_id_only,price_via_chain_tcgplayer_id_missing
1087,OP08-001,Tony Tony.Chopper,L,,3713,1087,OP08-001,,base,Base,official-cardlist,OP08/base/OP08-001.png,https://en.onepiece-cardgame.com/images/cardlist/card/OP08-001.png?260305,2417,3713,2977,HIGH,exact_code_plus_base_flag,2977,558021,Tony Tony.Chopper (001),Tony TonyChopper 001,OP08-001,L,,tcgcsv,2783,2977,0.01,0.21,10.14,0.19,,,2026-04-02 03:06:18,tcgcsv,OP08-001,1,1,1,0,1,0,missing_tcgplayer_product_id_only,price_via_chain_tcgplayer_id_missing
1088,OP08-002,Marco,L,,3718,1088,OP08-002,,base,Base,official-cardlist,OP08/base/OP08-002.png,https://en.onepiece-cardgame.com/images/cardlist/card/OP08-002.png?260305,2419,3718,2979,HIGH,exact_code_plus_base_flag,2979,558023,Marco,Marco,OP08-002,L,,tcgcsv,2785,2979,0.01,0.15,5.0,0.12,,,2026-04-02 03:06:18,tcgcsv,OP08-002,1,1,1,0,1,0,missing_tcgplayer_product_id_only,price_via_chain_tcgplayer_id_missing
1089,OP08-003,Twenty Doctors,C,,3723,1089,OP08-003,,base,Base,official-cardlist,OP08/base/OP08-003.png,https://en.onepiece-cardgame.com/images/cardlist/card/OP08-003.png?260305,2421,3723,2981,HIGH,exact_code_plus_base_flag,2981,558025,Twenty Doctors,Twenty Doctors,OP08-003,C,,tcgcsv,2787,2981,0.01,0.1,1.58,0.03,,,2026-04-02 03:06:18,tcgcsv,OP08-003,1,1,1,0,1,0,missing_tcgplayer_product_id_only,price_via_chain_tcgplayer_id_missing
1090,OP08-004,Kuromarimo,C,,3725,1090,OP08-004,,base,Base,official-cardlist,OP08/base/OP08-004.png,https://en.onepiece-cardgame.com/images/cardlist/card/OP08-004.png?260305,2422,3725,2982,HIGH,exact_code_plus_base_flag,2982,558026,Kuromarimo,Kuromarimo,OP08-004,C,,tcgcsv,2788,2982,0.01,0.1,1.58,0.05,,,2026-04-02 03:06:18,tcgcsv,OP08-004,1,1,1,0,1,0,missing_tcgplayer_product_id_only,price_via_chain_tcgplayer_id_missing
1091,OP08-005,Chess,C,,3727,1091,OP08-005,,base,Base,official-cardlist,OP08/base/OP08-005.png,https://en.onepiece-cardgame.com/images/cardlist/card/OP08-005.png?260305,2423,3727,2983,HIGH,exact_code_plus_base_flag,2983,558027,Chess,Chess,OP08-005,C,,tcgcsv,2789,2983,0.01,0.1,1.58,0.03,,,2026-04-02 03:06:18,tcgcsv,OP08-005,1,1,1,0,1,0,missing_tcgplayer_product_id_only,price_via_chain_tcgplayer_id_missing
1092,OP08-006,Chessmarimo,UC,,3729,1092,OP08-006,,base,Base,official-cardlist,OP08/base/OP08-006.png,https://en.onepiece-cardgame.com/images/cardlist/card/OP08-006.png?260305,2424,3729,2984,HIGH,exact_code_plus_base_flag,2984,558028,Chessmarimo,Chessmarimo,OP08-006,UC,,tcgcsv,2790,2984,0.01,0.1,2.0,0.04,,,2026-04-02 03:06:18,tcgcsv,OP08-006,1,1,1,0,1,0,missing_tcgplayer_product_id_only,price_via_chain_tcgplayer_id_missing
1093,OP08-007,Tony Tony.Chopper,SR,,3731,1093,OP08-007,,base,Base,official-cardlist,OP08/base/OP08-007.png,https://en.onepiece-cardgame.com/images/cardlist/card/OP08-007.png?260305,2425,3731,2985,HIGH,exact_code_plus_base_flag,2985,558029,Tony Tony.Chopper (007),Tony TonyChopper 007,OP08-007,SR,,tcgcsv,2791,2985,0.21,1.05,50.0,1.02,,,2026-04-02 03:06:18,tcgcsv,OP08-007,1,1,1,0,1,0,missing_tcgplayer_product_id_only,price_via_chain_tcgplayer_id_missing
1094,OP08-008,Dalton,R,,3735,1094,OP08-008,,base,Base,official-cardlist,OP08/base/OP08-008.png,https://en.onepiece-cardgame.com/images/cardlist/card/OP08-008.png?260305,2427,3735,2987,HIGH,exact_code_plus_base_flag,2987,558031,Dalton,Dalton,OP08-008,R,,tcgcsv,2793,2987,0.01,0.15,10.04,0.07,,,2026-04-02 03:06:18,tcgcsv,OP08-008,1,1,1,0,1,0,missing_tcgplayer_product_id_only,price_via_chain_tcgplayer_id_missing
1095,OP08-009,Maria Onion Bear,C,,3737,1095,OP08-009,,base,Base,official-cardlist,OP08/base/OP08-009.png,https://en.onepiece-cardgame.com/images/cardlist/card/OP08-009.png?260305,2428,3737,2988,HIGH,exact_code_plus_base_flag,2988,558032,Maria Onion Bear,Maria Onion Bear,OP08-009,C,,tcgcsv,2794,2988,0.01,0.1,1.58,0.03,,,2026-04-02 03:06:18,tcgcsv,OP08-009,1,1,1,0,1,0,missing_tcgplayer_product_id_only,price_via_chain_tcgplayer_id_missing
1096,OP08-010,Hiking Bear,UC,,3739,1096,OP08-010,,base,Base,official-cardlist,OP08/base/OP08-010.png,https://en.onepiece-cardgame.com/images/cardlist/card/OP08-010.png?260305,2429,3739,2989,HIGH,exact_code_plus_base_flag,2989,558033,Hiking Bear,Hiking Bear,OP08-010,UC,,tcgcsv,2795,2989,0.02,0.2,2.0,0.1,,,2026-04-02 03:06:18,tcgcsv,OP08-010,1,1,1,0,1,0,missing_tcgplayer_product_id_only,price_via_chain_tcgplayer_id_missing
1097,OP08-011,Musshuru,C,,3741,1097,OP08-011,,base,Base,official-cardlist,OP08/base/OP08-011.png,https://en.onepiece-cardgame.com/images/cardlist/card/OP08-011.png?260305,2430,3741,2990,HIGH,exact_code_plus_base_flag,2990,558034,Musshuru,Musshuru,OP08-011,C,,tcgcsv,2796,2990,0.01,0.1,1.58,0.03,,,2026-04-02 03:06:18,tcgcsv,OP08-011,1,1,1,0,1,0,missing_tcgplayer_product_id_only,price_via_chain_tcgplayer_id_missing
1098,OP08-012,Lapins,UC,,3743,1098,OP08-012,,base,Base,official-cardlist,OP08/base/OP08-012.png,https://en.onepiece-cardgame.com/images/cardlist/card/OP08-012.png?260305,2431,3743,2991,HIGH,exact_code_plus_base_flag,2991,558035,Lapins,Lapins,OP08-012,UC,,tcgcsv,2797,2991,0.01,0.15,2.0,0.07,,,2026-04-02 03:06:18,tcgcsv,OP08-012,1,1,1,0,1,0,missing_tcgplayer_product_id_only,price_via_chain_tcgplayer_id_missing
1099,OP08-013,Robson,UC,,3745,1099,OP08-013,,base,Base,official-cardlist,OP08/base/OP08-013.png,https://en.onepiece-cardgame.com/images/cardlist/card/OP08-013.png?260305,2432,3745,2992,HIGH,exact_code_plus_base_flag,2992,558036,Robson,Robson,OP08-013,UC,,tcgcsv,2798,2992,0.01,0.15,2.0,0.07,,,2026-04-02 03:06:18,tcgcsv,OP08-013,1,1,1,0,1,0,missing_tcgplayer_product_id_only,price_via_chain_tcgplayer_id_missing
1100,OP08-014,Wapol,R,,3747,1100,OP08-014,,base,Base,official-cardlist,OP08/base/OP08-014.png,https://en.onepiece-cardgame.com/images/cardlist/card/OP08-014.png?260305,2433,3747,2993,HIGH,exact_code_plus_base_flag,2993,558037,Wapol,Wapol,OP08-014,R,,tcgcsv,2799,2993,0.01,0.19,5.0,0.1,,,2026-04-02 03:06:18,tcgcsv,OP08-014,1,1,1,0,1,0,missing_tcgplayer_product_id_only,price_via_chain_tcgplayer_id_missing
1101,OP08-015,Dr.Kureha,R,,3749,1101,OP08-015,,base,Base,official-cardlist,OP08/base/OP08-015.png,https://en.onepiece-cardgame.com/images/cardlist/card/OP08-015.png?260305,2434,3749,2994,HIGH,exact_code_plus_base_flag,2994,558038,Dr.Kureha,DrKureha,OP08-015,R,,tcgcsv,2800,2994,0.01,0.21,5.0,0.12,,,2026-04-02 03:06:18,tcgcsv,OP08-015,1,1,1,0,1,0,missing_tcgplayer_product_id_only,price_via_chain_tcgplayer_id_missing
1102,OP08-016,Dr.Hiriluk,R,,3753,1102,OP08-016,,base,Base,official-cardlist,OP08/base/OP08-016.png,https://en.onepiece-cardgame.com/images/cardlist/card/OP08-016.png?260305,2436,3753,2996,HIGH,exact_code_plus_base_flag,2996,558040,Dr.Hiriluk,DrHiriluk,OP08-016,R,,tcgcsv,2802,2996,0.01,0.2,5.0,0.14,,,2026-04-02 03:06:18,tcgcsv,OP08-016,1,1,1,0,1,0,missing_tcgplayer_product_id_only,price_via_chain_tcgplayer_id_missing
1103,OP08-017,I'd Never Shoot You!!!!,C,,3755,1103,OP08-017,,base,Base,official-cardlist,OP08/base/OP08-017.png,https://en.onepiece-cardgame.com/images/cardlist/card/OP08-017.png?260305,2437,3755,2997,HIGH,exact_code_plus_base_flag,2997,558041,I'd Never Shoot You!!!!,Id Never Shoot You,OP08-017,C,,tcgcsv,2803,2997,0.01,0.1,21.75,0.04,,,2026-04-02 03:06:18,tcgcsv,OP08-017,1,1,1,0,1,0,missing_tcgplayer_product_id_only,price_via_chain_tcgplayer_id_missing
1104,OP08-018,Cloven Rose,R,,3757,1104,OP08-018,,base,Base,official-cardlist,OP08/base/OP08-018.png,https://en.onepiece-cardgame.com/images/cardlist/card/OP08-018.png?260305,2438,3757,2998,HIGH,exact_code_plus_base_flag,2998,558042,Cloven Rose,Cloven Rose,OP08-018,R,,tcgcsv,2804,2998,0.01,0.19,5.0,0.09,,,2026-04-02 03:06:18,tcgcsv,OP08-018,1,1,1,0,1,0,missing_tcgplayer_product_id_only,price_via_chain_tcgplayer_id_missing
1105,OP08-019,Munch-Munch Mutation,UC,,3759,1105,OP08-019,,base,Base,official-cardlist,OP08/base/OP08-019.png,https://en.onepiece-cardgame.com/images/cardlist/card/OP08-019.png?260305,2439,3759,2999,HIGH,exact_code_plus_base_flag,2999,558043,Munch-Munch Mutation,Munch Munch Mutation,OP08-019,UC,,tcgcsv,2805,2999,0.01,0.1,2.0,0.05,,,2026-04-02 03:06:18,tcgcsv,OP08-019,1,1,1,0,1,0,missing_tcgplayer_product_id_only,price_via_chain_tcgplayer_id_missing
1106,OP08-020,Drum Kingdom,C,,3761,1106,OP08-020,,base,Base,official-cardlist,OP08/base/OP08-020.png,https://en.onepiece-cardgame.com/images/cardlist/card/OP08-020.png?260305,913,3761,1294,HIGH,exact_code_plus_base_flag,1294,579372,Drum Kingdom (Championship 2024 Finalist Card Set),Drum Kingdom Championship 2024 Finalist Card Set,OP08-020,C,,tcgcsv,1209,1294,1999.0,1999.0,1999.0,348.56,,,2026-04-02 03:06:17,tcgcsv,OP08-020,1,1,1,0,1,0,missing_tcgplayer_product_id_only,price_via_chain_tcgplayer_id_missing
1107,OP08-021,Carrot,L,,3764,1107,OP08-021,,base,Base,official-cardlist,OP08/base/OP08-021.png,https://en.onepiece-cardgame.com/images/cardlist/card/OP08-021.png?260305,2441,3764,3001,HIGH,exact_code_plus_base_flag,3001,558045,Carrot (021),Carrot 021,OP08-021,L,,tcgcsv,2807,3001,0.01,0.18,5.0,0.15,,,2026-04-02 03:06:18,tcgcsv,OP08-021,1,1,1,0,1,0,missing_tcgplayer_product_id_only,price_via_chain_tcgplayer_id_missing
1108,OP08-022,Inuarashi,UC,,3769,1108,OP08-022,,base,Base,official-cardlist,OP08/base/OP08-022.png,https://en.onepiece-cardgame.com/images/cardlist/card/OP08-022.png?260305,2443,3769,3003,HIGH,exact_code_plus_base_flag,3003,558047,Inuarashi,Inuarashi,OP08-022,UC,,tcgcsv,2809,3003,0.02,0.17,11.0,0.15,,,2026-04-02 03:06:18,tcgcsv,OP08-022,1,1,1,0,1,0,missing_tcgplayer_product_id_only,price_via_chain_tcgplayer_id_missing
1109,OP08-023,Carrot,SR,,3771,1109,OP08-023,,base,Base,official-cardlist,OP08/base/OP08-023.png,https://en.onepiece-cardgame.com/images/cardlist/card/OP08-023.png?260305,2444,3771,3004,HIGH,exact_code_plus_base_flag,3004,558048,Carrot (023),Carrot 023,OP08-023,SR,,tcgcsv,2810,3004,1.49,2.29,50.0,1.67,,,2026-04-02 03:06:18,tcgcsv,OP08-023,1,1,1,0,1,0,missing_tcgplayer_product_id_only,price_via_chain_tcgplayer_id_missing
1110,OP08-024,Concelot,UC,,3778,1110,OP08-024,,base,Base,official-cardlist,OP08/base/OP08-024.png,https://en.onepiece-cardgame.com/images/cardlist/card/OP08-024.png?260305,2446,3778,3006,HIGH,exact_code_plus_base_flag,3006,558050,Concelot,Concelot,OP08-024,UC,,tcgcsv,2812,3006,0.01,0.11,8.05,0.05,,,2026-04-02 03:06:18,tcgcsv,OP08-024,1,1,1,0,1,0,missing_tcgplayer_product_id_only,price_via_chain_tcgplayer_id_missing
1111,OP08-025,Shishilian,C,,3780,1111,OP08-025,,base,Base,official-cardlist,OP08/base/OP08-025.png,https://en.onepiece-cardgame.com/images/cardlist/card/OP08-025.png?260305,2447,3780,3007,HIGH,exact_code_plus_base_flag,3007,558051,Shishilian,Shishilian,OP08-025,C,,tcgcsv,2813,3007,0.01,0.1,1.58,0.02,,,2026-04-02 03:06:18,tcgcsv,OP08-025,1,1,1,0,1,0,missing_tcgplayer_product_id_only,price_via_chain_tcgplayer_id_missing
1112,OP08-026,Giovanni,C,,3782,1112,OP08-026,,base,Base,official-cardlist,OP08/base/OP08-026.png,https://en.onepiece-cardgame.com/images/cardlist/card/OP08-026.png?260305,2448,3782,3008,HIGH,exact_code_plus_base_flag,3008,558052,Giovanni,Giovanni,OP08-026,C,,tcgcsv,2814,3008,0.01,0.1,8.02,0.02,,,2026-04-02 03:06:18,tcgcsv,OP08-026,1,1,1,0,1,0,missing_tcgplayer_product_id_only,price_via_chain_tcgplayer_id_missing
1113,OP08-027,Tristan,C,,3784,1113,OP08-027,,base,Base,official-cardlist,OP08/base/OP08-027.png,https://en.onepiece-cardgame.com/images/cardlist/card/OP08-027.png?260305,2449,3784,3009,HIGH,exact_code_plus_base_flag,3009,558053,Tristan,Tristan,OP08-027,C,,tcgcsv,2815,3009,0.01,0.1,10.38,0.04,,,2026-04-02 03:06:18,tcgcsv,OP08-027,1,1,1,0,1,0,missing_tcgplayer_product_id_only,price_via_chain_tcgplayer_id_missing
1114,OP08-028,Nekomamushi,UC,,3786,1114,OP08-028,,base,Base,official-cardlist,OP08/base/OP08-028.png,https://en.onepiece-cardgame.com/images/cardlist/card/OP08-028.png?260305,2450,3786,3010,HIGH,exact_code_plus_base_flag,3010,558054,Nekomamushi,Nekomamushi,OP08-028,UC,,tcgcsv,2816,3010,0.01,0.15,2.0,0.09,,,2026-04-02 03:06:18,tcgcsv,OP08-028,1,1,1,0,1,0,missing_tcgplayer_product_id_only,price_via_chain_tcgplayer_id_missing
1115,OP08-029,Pekoms,C,,3788,1115,OP08-029,,base,Base,official-cardlist,OP08/base/OP08-029.png,https://en.onepiece-cardgame.com/images/cardlist/card/OP08-029.png?260305,2451,3788,3011,HIGH,exact_code_plus_base_flag,3011,558055,Pekoms,Pekoms,OP08-029,C,,tcgcsv,2817,3011,0.01,0.1,1.58,0.05,,,2026-04-02 03:06:18,tcgcsv,OP08-029,1,1,1,0,1,0,missing_tcgplayer_product_id_only,price_via_chain_tcgplayer_id_missing
1116,OP08-030,Pedro,R,,3790,1116,OP08-030,,base,Base,official-cardlist,OP08/base/OP08-030.png,https://en.onepiece-cardgame.com/images/cardlist/card/OP08-030.png?260305,2452,3790,3012,HIGH,exact_code_plus_base_flag,3012,558056,Pedro,Pedro,OP08-030,R,,tcgcsv,2818,3012,0.1,0.29,5.0,0.27,,,2026-04-02 03:06:18,tcgcsv,OP08-030,1,1,1,0,1,0,missing_tcgplayer_product_id_only,price_via_chain_tcgplayer_id_missing
1117,OP08-031,Miyagi,C,,3794,1117,OP08-031,,base,Base,official-cardlist,OP08/base/OP08-031.png,https://en.onepiece-cardgame.com/images/cardlist/card/OP08-031.png?260305,2454,3794,3014,HIGH,exact_code_plus_base_flag,3014,558058,Miyagi,Miyagi,OP08-031,C,,tcgcsv,2820,3014,0.01,0.1,1.58,0.02,,,2026-04-02 03:06:18,tcgcsv,OP08-031,1,1,1,0,1,0,missing_tcgplayer_product_id_only,price_via_chain_tcgplayer_id_missing
1118,OP08-032,Milky,UC,,3796,1118,OP08-032,,base,Base,official-cardlist,OP08/base/OP08-032.png,https://en.onepiece-cardgame.com/images/cardlist/card/OP08-032.png?260305,2455,3796,3015,HIGH,exact_code_plus_base_flag,3015,558059,Milky,Milky,OP08-032,UC,,tcgcsv,2821,3015,0.05,0.2,2.0,0.15,,,2026-04-02 03:06:18,tcgcsv,OP08-032,1,1,1,0,1,0,missing_tcgplayer_product_id_only,price_via_chain_tcgplayer_id_missing
1119,OP08-033,Roddy,C,,3798,1119,OP08-033,,base,Base,official-cardlist,OP08/base/OP08-033.png,https://en.onepiece-cardgame.com/images/cardlist/card/OP08-033.png?260305,2456,3798,3016,HIGH,exact_code_plus_base_flag,3016,558060,Roddy,Roddy,OP08-033,C,,tcgcsv,2822,3016,0.01,0.1,1.58,0.02,,,2026-04-02 03:06:18,tcgcsv,OP08-033,1,1,1,0,1,0,missing_tcgplayer_product_id_only,price_via_chain_tcgplayer_id_missing
1120,OP08-034,Wanda,R,,3800,1120,OP08-034,,base,Base,official-cardlist,OP08/base/OP08-034.png,https://en.onepiece-cardgame.com/images/cardlist/card/OP08-034.png?260305,2457,3800,3017,HIGH,exact_code_plus_base_flag,3017,558061,Wanda,Wanda,OP08-034,R,,tcgcsv,2823,3017,0.01,0.23,10.21,0.2,,,2026-04-02 03:06:18,tcgcsv,OP08-034,1,1,1,0,1,0,missing_tcgplayer_product_id_only,price_via_chain_tcgplayer_id_missing
1121,OP08-035,BB,C,,3802,1121,OP08-035,,base,Base,official-cardlist,OP08/base/OP08-035.png,https://en.onepiece-cardgame.com/images/cardlist/card/OP08-035.png?260305,2458,3802,3018,HIGH,exact_code_plus_base_flag,3018,558062,BB,BB,OP08-035,C,,tcgcsv,2824,3018,0.01,0.1,2.0,0.04,,,2026-04-02 03:06:18,tcgcsv,OP08-035,1,1,1,0,1,0,missing_tcgplayer_product_id_only,price_via_chain_tcgplayer_id_missing
1122,OP08-036,Electrical Luna,R,,3804,1122,OP08-036,,base,Base,official-cardlist,OP08/base/OP08-036.png,https://en.onepiece-cardgame.com/images/cardlist/card/OP08-036.png?260305,1342,3804,1800,HIGH,exact_code_plus_base_flag,1800,657831,Electrical Luna (Premium Card Collection -Best Selection Vol. 5-),Electrical Luna Premium Card Collection Best Selection Vol 5,OP08-036,R,,tcgcsv,1646,1800,29.0,32.0,49.95,26.41,,,2026-04-02 03:06:17,tcgcsv,OP08-036,1,1,1,0,1,0,missing_tcgplayer_product_id_only,price_via_chain_tcgplayer_id_missing
1123,OP08-037,Garchu,UC,,3807,1123,OP08-037,,base,Base,official-cardlist,OP08/base/OP08-037.png,https://en.onepiece-cardgame.com/images/cardlist/card/OP08-037.png?260305,2460,3807,3020,HIGH,exact_code_plus_base_flag,3020,558064,Garchu,Garchu,OP08-037,UC,,tcgcsv,2826,3020,0.01,0.15,2.0,0.13,,,2026-04-02 03:06:18,tcgcsv,OP08-037,1,1,1,0,1,0,missing_tcgplayer_product_id_only,price_via_chain_tcgplayer_id_missing
1124,OP08-038,We Would Never Sell a Comrade to an Enemy!!!,C,,3809,1124,OP08-038,,base,Base,official-cardlist,OP08/base/OP08-038.png,https://en.onepiece-cardgame.com/images/cardlist/card/OP08-038.png?260305,2461,3809,3021,HIGH,exact_code_plus_base_flag,3021,558065,We Would Never Sell a Comrade to an Enemy!!!,We Would Never Sell a Comrade to an Enemy,OP08-038,C,,tcgcsv,2827,3021,0.01,0.1,1.58,0.03,,,2026-04-02 03:06:18,tcgcsv,OP08-038,1,1,1,0,1,0,missing_tcgplayer_product_id_only,price_via_chain_tcgplayer_id_missing
1125,OP08-039,Zou,R,,3811,1125,OP08-039,,base,Base,official-cardlist,OP08/base/OP08-039.png,https://en.onepiece-cardgame.com/images/cardlist/card/OP08-039.png?260305,2462,3811,3022,HIGH,exact_code_plus_base_flag,3022,558066,Zou,Zou,OP08-039,R,,tcgcsv,2828,3022,0.07,0.26,6.49,0.24,,,2026-04-02 03:06:18,tcgcsv,OP08-039,1,1,1,0,1,0,missing_tcgplayer_product_id_only,price_via_chain_tcgplayer_id_missing
1126,OP08-040,Atmos,UC,,3813,1126,OP08-040,,base,Base,official-cardlist,OP08/base/OP08-040.png,https://en.onepiece-cardgame.com/images/cardlist/card/OP08-040.png?260305,1128,3813,1559,HIGH,exact_code_plus_base_flag,1559,626672,Atmos (Premium Card Collection -Best Selection Vol. 3-),Atmos Premium Card Collection Best Selection Vol 3,OP08-040,UC,,tcgcsv,1438,1559,4.13,7.16,40.0,5.11,,,2026-04-02 03:06:17,tcgcsv,OP08-040,1,1,1,0,1,0,missing_tcgplayer_product_id_only,price_via_chain_tcgplayer_id_missing
1127,OP08-041,Aphelandra,C,,3817,1127,OP08-041,,base,Base,official-cardlist,OP08/base/OP08-041.png,https://en.onepiece-cardgame.com/images/cardlist/card/OP08-041.png?260305,2464,3817,3024,HIGH,exact_code_plus_base_flag,3024,558068,Aphelandra,Aphelandra,OP08-041,C,,tcgcsv,2830,3024,0.01,0.1,1.98,0.07,,,2026-04-02 03:06:18,tcgcsv,OP08-041,1,1,1,0,1,0,missing_tcgplayer_product_id_only,price_via_chain_tcgplayer_id_missing
1128,OP08-042,Edward Weevil,UC,,3819,1128,OP08-042,,base,Base,official-cardlist,OP08/base/OP08-042.png,https://en.onepiece-cardgame.com/images/cardlist/card/OP08-042.png?260305,2465,3819,3025,HIGH,exact_code_plus_base_flag,3025,558069,Edward Weevil,Edward Weevil,OP08-042,UC,,tcgcsv,2831,3025,0.01,0.1,2.0,0.08,,,2026-04-02 03:06:18,tcgcsv,OP08-042,1,1,1,0,1,0,missing_tcgplayer_product_id_only,price_via_chain_tcgplayer_id_missing
1129,OP08-043,Edward.Newgate,SR,,3821,1129,OP08-043,,base,Base,official-cardlist,OP08/base/OP08-043.png,https://en.onepiece-cardgame.com/images/cardlist/card/OP08-043.png?260305,2466,3821,3026,HIGH,exact_code_plus_base_flag,3026,558070,Edward.Newgate,EdwardNewgate,OP08-043,SR,,tcgcsv,2832,3026,0.25,0.99,50.0,0.62,,,2026-04-02 03:06:18,tcgcsv,OP08-043,1,1,1,0,1,0,missing_tcgplayer_product_id_only,price_via_chain_tcgplayer_id_missing
1130,OP08-044,Kingdew,UC,,3825,1130,OP08-044,,base,Base,official-cardlist,OP08/base/OP08-044.png,https://en.onepiece-cardgame.com/images/cardlist/card/OP08-044.png?260305,2468,3825,3028,HIGH,exact_code_plus_base_flag,3028,558072,Kingdew,Kingdew,OP08-044,UC,,tcgcsv,2834,3028,0.05,0.2,10.0,0.15,,,2026-04-02 03:06:18,tcgcsv,OP08-044,1,1,1,0,1,0,missing_tcgplayer_product_id_only,price_via_chain_tcgplayer_id_missing
1131,OP08-045,Thatch,UC,,3827,1131,OP08-045,,base,Base,official-cardlist,OP08/base/OP08-045.png,https://en.onepiece-cardgame.com/images/cardlist/card/OP08-045.png?260305,2469,3827,3029,HIGH,exact_code_plus_base_flag,3029,558073,Thatch,Thatch,OP08-045,UC,,tcgcsv,2835,3029,0.01,0.1,2.0,0.04,,,2026-04-02 03:06:18,tcgcsv,OP08-045,1,1,1,0,1,0,missing_tcgplayer_product_id_only,price_via_chain_tcgplayer_id_missing
1132,OP08-046,Shakuyaku,R,,3829,1132,OP08-046,,base,Base,official-cardlist,OP08/base/OP08-046.png,https://en.onepiece-cardgame.com/images/cardlist/card/OP08-046.png?260305,2470,3829,3030,HIGH,exact_code_plus_base_flag,3030,558074,Shakuyaku,Shakuyaku,OP08-046,R,,tcgcsv,2836,3030,0.01,0.16,10.12,0.09,,,2026-04-02 03:06:18,tcgcsv,OP08-046,1,1,1,0,1,0,missing_tcgplayer_product_id_only,price_via_chain_tcgplayer_id_missing
1133,OP08-047,Jozu,R,,3831,1133,OP08-047,,base,Base,official-cardlist,OP08/base/OP08-047.png,https://en.onepiece-cardgame.com/images/cardlist/card/OP08-047.png?260305,2471,3831,3031,HIGH,exact_code_plus_base_flag,3031,558075,Jozu,Jozu,OP08-047,R,,tcgcsv,2837,3031,2.5,3.5,10.0,3.02,,,2026-04-02 03:06:18,tcgcsv,OP08-047,1,1,1,0,1,0,missing_tcgplayer_product_id_only,price_via_chain_tcgplayer_id_missing
1134,OP08-048,Sweetpea,C,,3833,1134,OP08-048,,base,Base,official-cardlist,OP08/base/OP08-048.png,https://en.onepiece-cardgame.com/images/cardlist/card/OP08-048.png?260305,2472,3833,3032,HIGH,exact_code_plus_base_flag,3032,558076,Sweetpea,Sweetpea,OP08-048,C,,tcgcsv,2838,3032,0.01,0.1,1.58,0.03,,,2026-04-02 03:06:18,tcgcsv,OP08-048,1,1,1,0,1,0,missing_tcgplayer_product_id_only,price_via_chain_tcgplayer_id_missing
1135,OP08-049,Speed Jil,C,,3835,1135,OP08-049,,base,Base,official-cardlist,OP08/base/OP08-049.png,https://en.onepiece-cardgame.com/images/cardlist/card/OP08-049.png?260305,2473,3835,3033,HIGH,exact_code_plus_base_flag,3033,558077,Speed Jil,Speed Jil,OP08-049,C,,tcgcsv,2839,3033,0.01,0.1,8.05,0.05,,,2026-04-02 03:06:18,tcgcsv,OP08-049,1,1,1,0,1,0,missing_tcgplayer_product_id_only,price_via_chain_tcgplayer_id_missing
1136,OP08-050,Namule,C,,3837,1136,OP08-050,,base,Base,official-cardlist,OP08/base/OP08-050.png,https://en.onepiece-cardgame.com/images/cardlist/card/OP08-050.png?260305,2474,3837,3034,HIGH,exact_code_plus_base_flag,3034,558078,Namule,Namule,OP08-050,C,,tcgcsv,2840,3034,0.01,0.15,1.58,0.07,,,2026-04-02 03:06:18,tcgcsv,OP08-050,1,1,1,0,1,0,missing_tcgplayer_product_id_only,price_via_chain_tcgplayer_id_missing
1137,OP08-051,Buckin,C,,3839,1137,OP08-051,,base,Base,official-cardlist,OP08/base/OP08-051.png,https://en.onepiece-cardgame.com/images/cardlist/card/OP08-051.png?260305,2475,3839,3035,HIGH,exact_code_plus_base_flag,3035,558079,Buckin,Buckin,OP08-051,C,,tcgcsv,2841,3035,0.01,0.1,1.58,0.02,,,2026-04-02 03:06:18,tcgcsv,OP08-051,1,1,1,0,1,0,missing_tcgplayer_product_id_only,price_via_chain_tcgplayer_id_missing
1138,OP08-052,Portgas.D.Ace,TR,,3841,1138,OP08-052,,base,Base,official-cardlist,OP08/tr/OP08-052_tr.png,https://en.onepiece-cardgame.com/images/cardlist/card/OP08-052.png?260305,2476,3841,3036,HIGH,exact_code_plus_base_flag,3036,558080,Portgas.D.Ace,PortgasDAce,OP08-052,R,,tcgcsv,2842,3036,0.05,0.27,5.0,0.26,,,2026-04-02 03:06:18,tcgcsv,OP08-052,1,1,1,0,1,0,missing_tcgplayer_product_id_only,price_via_chain_tcgplayer_id_missing
1139,OP08-053,Thank You...for Loving Me!!,R,,3846,1139,OP08-053,,base,Base,official-cardlist,OP08/base/OP08-053.png,https://en.onepiece-cardgame.com/images/cardlist/card/OP08-053.png?260305,2478,3846,3038,HIGH,exact_code_plus_base_flag,3038,558082,Thank You...for Loving Me!!,Thank Youfor Loving Me,OP08-053,R,,tcgcsv,2844,3038,0.01,0.25,10.21,0.14,,,2026-04-02 03:06:18,tcgcsv,OP08-053,1,1,1,0,1,0,missing_tcgplayer_product_id_only,price_via_chain_tcgplayer_id_missing
1140,OP08-054,You Can't Take Our King This Early in the Game.,C,,3848,1140,OP08-054,,base,Base,official-cardlist,OP08/base/OP08-054.png,https://en.onepiece-cardgame.com/images/cardlist/card/OP08-054.png?260305,2479,3848,3039,HIGH,exact_code_plus_base_flag,3039,558083,You Can't Take Our King This Early in the Game.,You Cant Take Our King This Early in the Game,OP08-054,C,,tcgcsv,2845,3039,0.01,0.1,1.58,0.07,,,2026-04-02 03:06:18,tcgcsv,OP08-054,1,1,1,0,1,0,missing_tcgplayer_product_id_only,price_via_chain_tcgplayer_id_missing
1141,OP08-055,Phoenix Brand,UC,,3850,1141,OP08-055,,base,Base,official-cardlist,OP08/base/OP08-055.png,https://en.onepiece-cardgame.com/images/cardlist/card/OP08-055.png?260305,2480,3850,3040,HIGH,exact_code_plus_base_flag,3040,558084,Phoenix Brand,Phoenix Brand,OP08-055,UC,,tcgcsv,2846,3040,0.01,0.1,2.0,0.05,,,2026-04-02 03:06:18,tcgcsv,OP08-055,1,1,1,0,1,0,missing_tcgplayer_product_id_only,price_via_chain_tcgplayer_id_missing
1142,OP08-056,Moby Dick,C,,3852,1142,OP08-056,,base,Base,official-cardlist,OP08/base/OP08-056.png,https://en.onepiece-cardgame.com/images/cardlist/card/OP08-056.png?260305,2481,3852,3041,HIGH,exact_code_plus_base_flag,3041,558085,Moby Dick,Moby Dick,OP08-056,C,,tcgcsv,2847,3041,0.01,0.1,1.58,0.06,,,2026-04-02 03:06:18,tcgcsv,OP08-056,1,1,1,0,1,0,missing_tcgplayer_product_id_only,price_via_chain_tcgplayer_id_missing
1143,OP08-057,King,L,,3854,1143,OP08-057,,base,Base,official-cardlist,OP08/base/OP08-057.png,https://en.onepiece-cardgame.com/images/cardlist/card/OP08-057.png?260305,2482,3854,3042,HIGH,exact_code_plus_base_flag,3042,558086,King (057),King 057,OP08-057,L,,tcgcsv,2848,3042,0.01,0.15,5.0,0.12,,,2026-04-02 03:06:18,tcgcsv,OP08-057,1,1,1,0,1,0,missing_tcgplayer_product_id_only,price_via_chain_tcgplayer_id_missing
1144,OP08-058,Charlotte Pudding,L,,3859,1144,OP08-058,,base,Base,official-cardlist,OP08/base/OP08-058.png,https://en.onepiece-cardgame.com/images/cardlist/card/OP08-058.png?260305,2484,3859,3044,HIGH,exact_code_plus_base_flag,3044,558088,Charlotte Pudding (058),Charlotte Pudding 058,OP08-058,L,,tcgcsv,2850,3044,0.01,0.2,5.0,0.22,,,2026-04-02 03:06:18,tcgcsv,OP08-058,1,1,1,0,1,0,missing_tcgplayer_product_id_only,price_via_chain_tcgplayer_id_missing
1145,OP08-059,Alber,UC,,3864,1145,OP08-059,,base,Base,official-cardlist,OP08/base/OP08-059.png,https://en.onepiece-cardgame.com/images/cardlist/card/OP08-059.png?260305,2486,3864,3046,HIGH,exact_code_plus_base_flag,3046,558090,Alber,Alber,OP08-059,UC,,tcgcsv,2852,3046,0.01,0.14,2.0,0.09,,,2026-04-02 03:06:18,tcgcsv,OP08-059,1,1,1,0,1,0,missing_tcgplayer_product_id_only,price_via_chain_tcgplayer_id_missing
1146,OP08-060,King,R,,3866,1146,OP08-060,,base,Base,official-cardlist,OP08/base/OP08-060.png,https://en.onepiece-cardgame.com/images/cardlist/card/OP08-060.png?260305,2487,3866,3047,HIGH,exact_code_plus_base_flag,3047,558091,King (060),King 060,OP08-060,R,,tcgcsv,2853,3047,0.01,0.18,10.11,0.13,,,2026-04-02 03:06:18,tcgcsv,OP08-060,1,1,1,0,1,0,missing_tcgplayer_product_id_only,price_via_chain_tcgplayer_id_missing
1147,OP08-061,Charlotte Oven,UC,,3868,1147,OP08-061,,base,Base,official-cardlist,OP08/base/OP08-061.png,https://en.onepiece-cardgame.com/images/cardlist/card/OP08-061.png?260305,2488,3868,3048,HIGH,exact_code_plus_base_flag,3048,558092,Charlotte Oven,Charlotte Oven,OP08-061,UC,,tcgcsv,2854,3048,0.01,0.1,2.0,0.03,,,2026-04-02 03:06:18,tcgcsv,OP08-061,1,1,1,0,1,0,missing_tcgplayer_product_id_only,price_via_chain_tcgplayer_id_missing
1148,OP08-062,Charlotte Katakuri,UC,,3870,1148,OP08-062,,base,Base,official-cardlist,OP08/base/OP08-062.png,https://en.onepiece-cardgame.com/images/cardlist/card/OP08-062.png?260305,1167,3870,1604,HIGH,exact_code_plus_base_flag,1604,641196,Charlotte Katakuri (Tournament Pack 2025 Vol. 3),Charlotte Katakuri Tournament Pack 2025 Vol 3,OP08-062,UC,,tcgcsv,1482,1604,0.1,0.37,10.0,0.31,,,2026-04-02 03:06:17,tcgcsv,OP08-062,1,1,1,0,1,0,missing_tcgplayer_product_id_only,price_via_chain_tcgplayer_id_missing
1149,OP08-063,Charlotte Katakuri,R,,3874,1149,OP08-063,,base,Base,official-cardlist,OP08/base/OP08-063.png,https://en.onepiece-cardgame.com/images/cardlist/card/OP08-063.png?260305,2490,3874,3050,HIGH,exact_code_plus_base_flag,3050,558094,Charlotte Katakuri (063),Charlotte Katakuri 063,OP08-063,R,,tcgcsv,2856,3050,0.01,0.2,12.0,0.13,,,2026-04-02 03:06:18,tcgcsv,OP08-063,1,1,1,0,1,0,missing_tcgplayer_product_id_only,price_via_chain_tcgplayer_id_missing
1150,OP08-064,Charlotte Cracker,C,,3876,1150,OP08-064,,base,Base,official-cardlist,OP08/base/OP08-064.png,https://en.onepiece-cardgame.com/images/cardlist/card/OP08-064.png?260305,2491,3876,3051,HIGH,exact_code_plus_base_flag,3051,558095,Charlotte Cracker,Charlotte Cracker,OP08-064,C,,tcgcsv,2857,3051,0.01,0.1,1.58,0.05,,,2026-04-02 03:06:18,tcgcsv,OP08-064,1,1,1,0,1,0,missing_tcgplayer_product_id_only,price_via_chain_tcgplayer_id_missing
1151,OP08-065,Charlotte Smoothie,C,,3878,1151,OP08-065,,base,Base,official-cardlist,OP08/base/OP08-065.png,https://en.onepiece-cardgame.com/images/cardlist/card/OP08-065.png?260305,2492,3878,3052,HIGH,exact_code_plus_base_flag,3052,558096,Charlotte Smoothie,Charlotte Smoothie,OP08-065,C,,tcgcsv,2858,3052,0.01,0.1,8.07,0.07,,,2026-04-02 03:06:18,tcgcsv,OP08-065,1,1,1,0,1,0,missing_tcgplayer_product_id_only,price_via_chain_tcgplayer_id_missing
1152,OP08-066,Charlotte Brulee,UC,,3880,1152,OP08-066,,base,Base,official-cardlist,OP08/base/OP08-066.png,https://en.onepiece-cardgame.com/images/cardlist/card/OP08-066.png?260305,2493,3880,3053,HIGH,exact_code_plus_base_flag,3053,558097,Charlotte Brulee,Charlotte Brulee,OP08-066,UC,,tcgcsv,2859,3053,0.01,0.15,2.0,0.09,,,2026-04-02 03:06:18,tcgcsv,OP08-066,1,1,1,0,1,0,missing_tcgplayer_product_id_only,price_via_chain_tcgplayer_id_missing
1153,OP08-067,Charlotte Pudding,R,,3882,1153,OP08-067,,base,Base,official-cardlist,OP08/base/OP08-067.png,https://en.onepiece-cardgame.com/images/cardlist/card/OP08-067.png?260305,1138,3882,1569,HIGH,exact_code_plus_base_flag,1569,629757,Charlotte Pudding (Treasure Cup 2025),Charlotte Pudding Treasure Cup 2025,OP08-067,R,,tcgcsv,1447,1569,1799.94,1799.95,1800.0,600.0,,,2026-04-02 03:06:17,tcgcsv,OP08-067,1,1,1,0,1,0,missing_tcgplayer_product_id_only,price_via_chain_tcgplayer_id_missing
1154,OP08-068,Charlotte Perospero,C,,3889,1154,OP08-068,,base,Base,official-cardlist,OP08/base/OP08-068.png,https://en.onepiece-cardgame.com/images/cardlist/card/OP08-068.png?260305,2496,3889,3056,HIGH,exact_code_plus_base_flag,3056,558100,Charlotte Perospero,Charlotte Perospero,OP08-068,C,,tcgcsv,2862,3056,0.01,0.1,1.58,0.05,,,2026-04-02 03:06:18,tcgcsv,OP08-068,1,1,1,0,1,0,missing_tcgplayer_product_id_only,price_via_chain_tcgplayer_id_missing
1155,OP08-069,Charlotte Linlin,SR,,3891,1155,OP08-069,,base,Base,official-cardlist,OP08/base/OP08-069.png,https://en.onepiece-cardgame.com/images/cardlist/card/OP08-069.png?260305,1056,3891,1464,HIGH,exact_code_plus_base_flag,1464,617593,Charlotte Linlin (One Piece Japanese Version 2nd Anniversary Set),Charlotte Linlin One Piece Japanese Version 2nd Anniversary Set,OP08-069,SR,,tcgcsv,1357,1464,28.26,34.99,199.99,34.08,,,2026-04-02 03:06:17,tcgcsv,OP08-069,1,1,1,0,1,0,missing_tcgplayer_product_id_only,price_via_chain_tcgplayer_id_missing
1156,OP08-070,Baron Tamago,C,,3897,1156,OP08-070,,base,Base,official-cardlist,OP08/base/OP08-070.png,https://en.onepiece-cardgame.com/images/cardlist/card/OP08-070.png?260305,2499,3897,3059,HIGH,exact_code_plus_base_flag,3059,558103,Baron Tamago,Baron Tamago,OP08-070,C,,tcgcsv,2865,3059,0.01,0.1,1.58,0.03,,,2026-04-02 03:06:18,tcgcsv,OP08-070,1,1,1,0,1,0,missing_tcgplayer_product_id_only,price_via_chain_tcgplayer_id_missing
1157,OP08-071,Count Niwatori,C,,3899,1157,OP08-071,,base,Base,official-cardlist,OP08/base/OP08-071.png,https://en.onepiece-cardgame.com/images/cardlist/card/OP08-071.png?260305,2500,3899,3060,HIGH,exact_code_plus_base_flag,3060,558104,Count Niwatori,Count Niwatori,OP08-071,C,,tcgcsv,2866,3060,0.01,0.1,1.58,0.02,,,2026-04-02 03:06:18,tcgcsv,OP08-071,1,1,1,0,1,0,missing_tcgplayer_product_id_only,price_via_chain_tcgplayer_id_missing
1158,OP08-072,Biscuit Warrior,C,,3901,1158,OP08-072,,base,Base,official-cardlist,OP08/base/OP08-072.png,https://en.onepiece-cardgame.com/images/cardlist/card/OP08-072.png?260305,2501,3901,3061,HIGH,exact_code_plus_base_flag,3061,558105,Biscuit Warrior,Biscuit Warrior,OP08-072,C,,tcgcsv,2867,3061,0.01,0.15,8.06,0.06,,,2026-04-02 03:06:18,tcgcsv,OP08-072,1,1,1,0,1,0,missing_tcgplayer_product_id_only,price_via_chain_tcgplayer_id_missing
1159,OP08-073,Viscount Hiyoko,C,,3903,1159,OP08-073,,base,Base,official-cardlist,OP08/base/OP08-073.png,https://en.onepiece-cardgame.com/images/cardlist/card/OP08-073.png?260305,2502,3903,3062,HIGH,exact_code_plus_base_flag,3062,558106,Viscount Hiyoko,Viscount Hiyoko,OP08-073,C,,tcgcsv,2868,3062,0.01,0.1,8.03,0.03,,,2026-04-02 03:06:18,tcgcsv,OP08-073,1,1,1,0,1,0,missing_tcgplayer_product_id_only,price_via_chain_tcgplayer_id_missing
1160,OP08-074,Black Maria,SR,,3905,1160,OP08-074,,base,Base,official-cardlist,OP08/base/OP08-074.png,https://en.onepiece-cardgame.com/images/cardlist/card/OP08-074.png?260305,1108,3905,1536,HIGH,exact_code_plus_base_flag,1536,623068,Black Maria (Illustration Box Vol.2),Black Maria Illustration Box Vol2,OP08-074,SR,,tcgcsv,1417,1536,8.21,12.99,9999.0,10.02,,,2026-04-02 03:06:17,tcgcsv,OP08-074,1,1,1,0,1,0,missing_tcgplayer_product_id_only,price_via_chain_tcgplayer_id_missing
1161,OP08-075,Candy Maiden,C,,3910,1161,OP08-075,,base,Base,official-cardlist,OP08/base/OP08-075.png,https://en.onepiece-cardgame.com/images/cardlist/card/OP08-075.png?260305,2505,3910,3065,HIGH,exact_code_plus_base_flag,3065,558109,Candy Maiden,Candy Maiden,OP08-075,C,,tcgcsv,2871,3065,0.01,0.1,1.5,0.03,,,2026-04-02 03:06:18,tcgcsv,OP08-075,1,1,1,0,1,0,missing_tcgplayer_product_id_only,price_via_chain_tcgplayer_id_missing
1162,OP08-076,It's to Die For...,UC,,3912,1162,OP08-076,,base,Base,official-cardlist,OP08/base/OP08-076.png,https://en.onepiece-cardgame.com/images/cardlist/card/OP08-076.png?260305,2506,3912,3066,HIGH,exact_code_plus_base_flag,3066,558110,It's to Die For,Its to Die For,OP08-076,UC,,tcgcsv,2872,3066,0.01,0.2,2.0,0.15,,,2026-04-02 03:06:18,tcgcsv,OP08-076,1,1,1,0,1,0,missing_tcgplayer_product_id_only,price_via_chain_tcgplayer_id_missing
1163,OP08-077,Conquest of the Sea,R,,3916,1163,OP08-077,,base,Base,official-cardlist,OP08/base/OP08-077.png,https://en.onepiece-cardgame.com/images/cardlist/card/OP08-077.png?260305,2507,3916,3067,HIGH,exact_code_plus_base_flag,3067,558111,Conquest of the Sea,Conquest of the Sea,OP08-077,R,,tcgcsv,2873,3067,0.02,0.25,10.16,0.23,,,2026-04-02 03:06:18,tcgcsv,OP08-077,1,1,1,0,1,0,missing_tcgplayer_product_id_only,price_via_chain_tcgplayer_id_missing
1164,OP08-078,Ulti,C,,3918,1164,OP08-078,,base,Base,official-cardlist,OP08/base/OP08-078.png,https://en.onepiece-cardgame.com/images/cardlist/card/OP08-078.png?260305,2508,3918,3068,HIGH,exact_code_plus_base_flag,3068,558112,Ulti,Ulti,OP08-078,C,,tcgcsv,2874,3068,0.01,0.15,1.58,0.12,,,2026-04-02 03:06:18,tcgcsv,OP08-078,1,1,1,0,1,0,missing_tcgplayer_product_id_only,price_via_chain_tcgplayer_id_missing
1165,OP08-079,Kaido,SR,,3920,1165,OP08-079,,base,Base,official-cardlist,OP08/base/OP08-079.png,https://en.onepiece-cardgame.com/images/cardlist/card/OP08-079.png?260305,2509,3920,3069,HIGH,exact_code_plus_base_flag,3069,558113,Kaido,Kaido,OP08-079,SR,,tcgcsv,2875,3069,0.15,0.5,75.0,0.46,,,2026-04-02 03:06:18,tcgcsv,OP08-079,1,1,1,0,1,0,missing_tcgplayer_product_id_only,price_via_chain_tcgplayer_id_missing
1166,OP08-080,Queen,R,,3924,1166,OP08-080,,base,Base,official-cardlist,OP08/base/OP08-080.png,https://en.onepiece-cardgame.com/images/cardlist/card/OP08-080.png?260305,2511,3924,3071,HIGH,exact_code_plus_base_flag,3071,558115,Queen,Queen,OP08-080,R,,tcgcsv,2877,3071,0.01,0.19,5.0,0.09,,,2026-04-02 03:06:18,tcgcsv,OP08-080,1,1,1,0,1,0,missing_tcgplayer_product_id_only,price_via_chain_tcgplayer_id_missing
1167,OP08-081,Guernica,C,,3928,1167,OP08-081,,base,Base,official-cardlist,OP08/base/OP08-081.png,https://en.onepiece-cardgame.com/images/cardlist/card/OP08-081.png?260305,2513,3928,3073,HIGH,exact_code_plus_base_flag,3073,558117,Guernica,Guernica,OP08-081,C,,tcgcsv,2879,3073,0.01,0.1,1.58,0.03,,,2026-04-02 03:06:18,tcgcsv,OP08-081,1,1,1,0,1,0,missing_tcgplayer_product_id_only,price_via_chain_tcgplayer_id_missing
1168,OP08-082,Sasaki,R,,3930,1168,OP08-082,,base,Base,official-cardlist,OP08/base/OP08-082.png,https://en.onepiece-cardgame.com/images/cardlist/card/OP08-082.png?260305,2514,3930,3074,HIGH,exact_code_plus_base_flag,3074,558118,Sasaki,Sasaki,OP08-082,R,,tcgcsv,2880,3074,0.01,0.15,8.0,0.08,,,2026-04-02 03:06:18,tcgcsv,OP08-082,1,1,1,0,1,0,missing_tcgplayer_product_id_only,price_via_chain_tcgplayer_id_missing
1169,OP08-083,Sheepshead,UC,,3932,1169,OP08-083,,base,Base,official-cardlist,OP08/base/OP08-083.png,https://en.onepiece-cardgame.com/images/cardlist/card/OP08-083.png?260305,2515,3932,3075,HIGH,exact_code_plus_base_flag,3075,558119,Sheepshead,Sheepshead,OP08-083,UC,,tcgcsv,2881,3075,0.01,0.11,2.0,0.05,,,2026-04-02 03:06:18,tcgcsv,OP08-083,1,1,1,0,1,0,missing_tcgplayer_product_id_only,price_via_chain_tcgplayer_id_missing
1170,OP08-084,Jack,SR,,3934,1170,OP08-084,,base,Base,official-cardlist,OP08/base/OP08-084.png,https://en.onepiece-cardgame.com/images/cardlist/card/OP08-084.png?260305,1047,3934,1455,HIGH,exact_code_plus_base_flag,1455,615309,Jack (Treasure Cup 2025),Jack Treasure Cup 2025,OP08-084,SR,,tcgcsv,1348,1455,700.0,700.0,700.0,675.64,,,2026-04-02 03:06:17,tcgcsv,OP08-084,1,1,1,0,1,0,missing_tcgplayer_product_id_only,price_via_chain_tcgplayer_id_missing
1171,OP08-085,Jinbe,UC,,3939,1171,OP08-085,,base,Base,official-cardlist,OP08/base/OP08-085.png,https://en.onepiece-cardgame.com/images/cardlist/card/OP08-085.png?260305,2518,3939,3078,HIGH,exact_code_plus_base_flag,3078,558122,Jinbe,Jinbe,OP08-085,UC,,tcgcsv,2884,3078,0.01,0.16,2.0,0.16,,,2026-04-02 03:06:18,tcgcsv,OP08-085,1,1,1,0,1,0,missing_tcgplayer_product_id_only,price_via_chain_tcgplayer_id_missing
1172,OP08-086,Ginrummy,C,,3941,1172,OP08-086,,base,Base,official-cardlist,OP08/base/OP08-086.png,https://en.onepiece-cardgame.com/images/cardlist/card/OP08-086.png?260305,2519,3941,3079,HIGH,exact_code_plus_base_flag,3079,558123,Ginrummy,Ginrummy,OP08-086,C,,tcgcsv,2885,3079,0.01,0.1,8.04,0.04,,,2026-04-02 03:06:18,tcgcsv,OP08-086,1,1,1,0,1,0,missing_tcgplayer_product_id_only,price_via_chain_tcgplayer_id_missing
1173,OP08-087,Scratchmen Apoo,UC,,3943,1173,OP08-087,,base,Base,official-cardlist,OP08/base/OP08-087.png,https://en.onepiece-cardgame.com/images/cardlist/card/OP08-087.png?260305,2520,3943,3080,HIGH,exact_code_plus_base_flag,3080,558124,Scratchmen Apoo,Scratchmen Apoo,OP08-087,UC,,tcgcsv,2886,3080,0.01,0.1,2.0,0.03,,,2026-04-02 03:06:18,tcgcsv,OP08-087,1,1,1,0,1,0,missing_tcgplayer_product_id_only,price_via_chain_tcgplayer_id_missing
1174,OP08-088,Duval,UC,,3947,1174,OP08-088,,base,Base,official-cardlist,OP08/base/OP08-088.png,https://en.onepiece-cardgame.com/images/cardlist/card/OP08-088.png?260305,2521,3947,3081,HIGH,exact_code_plus_base_flag,3081,558125,Duval,Duval,OP08-088,UC,,tcgcsv,2887,3081,0.01,0.1,2.0,0.04,,,2026-04-02 03:06:18,tcgcsv,OP08-088,1,1,1,0,1,0,missing_tcgplayer_product_id_only,price_via_chain_tcgplayer_id_missing
1175,OP08-089,Basil Hawkins,C,,3949,1175,OP08-089,,base,Base,official-cardlist,OP08/base/OP08-089.png,https://en.onepiece-cardgame.com/images/cardlist/card/OP08-089.png?260305,2522,3949,3082,HIGH,exact_code_plus_base_flag,3082,558126,Basil Hawkins,Basil Hawkins,OP08-089,C,,tcgcsv,2888,3082,0.01,0.1,1.58,0.03,,,2026-04-02 03:06:18,tcgcsv,OP08-089,1,1,1,0,1,0,missing_tcgplayer_product_id_only,price_via_chain_tcgplayer_id_missing
1176,OP08-090,Hamlet,C,,3951,1176,OP08-090,,base,Base,official-cardlist,OP08/base/OP08-090.png,https://en.onepiece-cardgame.com/images/cardlist/card/OP08-090.png?260305,2523,3951,3083,HIGH,exact_code_plus_base_flag,3083,558127,Hamlet,Hamlet,OP08-090,C,,tcgcsv,2889,3083,0.01,0.1,1.58,0.02,,,2026-04-02 03:06:18,tcgcsv,OP08-090,1,1,1,0,1,0,missing_tcgplayer_product_id_only,price_via_chain_tcgplayer_id_missing
1177,OP08-091,Who's.Who,R,,3953,1177,OP08-091,,base,Base,official-cardlist,OP08/base/OP08-091.png,https://en.onepiece-cardgame.com/images/cardlist/card/OP08-091.png?260305,2524,3953,3084,HIGH,exact_code_plus_base_flag,3084,558128,Who's.Who,WhosWho,OP08-091,R,,tcgcsv,2890,3084,0.01,0.19,5.0,0.12,,,2026-04-02 03:06:18,tcgcsv,OP08-091,1,1,1,0,1,0,missing_tcgplayer_product_id_only,price_via_chain_tcgplayer_id_missing
1178,OP08-092,Page One,R,,3955,1178,OP08-092,,base,Base,official-cardlist,OP08/base/OP08-092.png,https://en.onepiece-cardgame.com/images/cardlist/card/OP08-092.png?260305,2525,3955,3085,HIGH,exact_code_plus_base_flag,3085,558129,Page One,Page One,OP08-092,R,,tcgcsv,2891,3085,0.01,0.15,10.07,0.08,,,2026-04-02 03:06:18,tcgcsv,OP08-092,1,1,1,0,1,0,missing_tcgplayer_product_id_only,price_via_chain_tcgplayer_id_missing
1179,OP08-093,X.Drake,C,,3957,1179,OP08-093,,base,Base,official-cardlist,OP08/base/OP08-093.png,https://en.onepiece-cardgame.com/images/cardlist/card/OP08-093.png?260305,2526,3957,3086,HIGH,exact_code_plus_base_flag,3086,558130,X.Drake,XDrake,OP08-093,C,,tcgcsv,2892,3086,0.01,0.1,1.58,0.02,,,2026-04-02 03:06:18,tcgcsv,OP08-093,1,1,1,0,1,0,missing_tcgplayer_product_id_only,price_via_chain_tcgplayer_id_missing
1180,OP08-094,Imperial Flame,R,,3959,1180,OP08-094,,base,Base,official-cardlist,OP08/base/OP08-094.png,https://en.onepiece-cardgame.com/images/cardlist/card/OP08-094.png?260305,2527,3959,3087,HIGH,exact_code_plus_base_flag,3087,558131,Imperial Flame,Imperial Flame,OP08-094,R,,tcgcsv,2893,3087,0.01,0.15,5.0,0.1,,,2026-04-02 03:06:18,tcgcsv,OP08-094,1,1,1,0,1,0,missing_tcgplayer_product_id_only,price_via_chain_tcgplayer_id_missing
1181,OP08-095,Iron Body Fang Flash,UC,,3961,1181,OP08-095,,base,Base,official-cardlist,OP08/base/OP08-095.png,https://en.onepiece-cardgame.com/images/cardlist/card/OP08-095.png?260305,2528,3961,3088,HIGH,exact_code_plus_base_flag,3088,558132,Iron Body Fang Flash,Iron Body Fang Flash,OP08-095,UC,,tcgcsv,2894,3088,0.01,0.1,2.0,0.07,,,2026-04-02 03:06:18,tcgcsv,OP08-095,1,1,1,0,1,0,missing_tcgplayer_product_id_only,price_via_chain_tcgplayer_id_missing
1182,OP08-096,People's Dreams Don't Ever End!!,C,,3963,1182,OP08-096,,base,Base,official-cardlist,OP08/base/OP08-096.png,https://en.onepiece-cardgame.com/images/cardlist/card/OP08-096.png?260305,2529,3963,3089,HIGH,exact_code_plus_base_flag,3089,558133,People's Dreams Don't Ever End!!,Peoples Dreams Dont Ever End,OP08-096,C,,tcgcsv,2895,3089,0.01,0.12,1.58,0.07,,,2026-04-02 03:06:18,tcgcsv,OP08-096,1,1,1,0,1,0,missing_tcgplayer_product_id_only,price_via_chain_tcgplayer_id_missing
1183,OP08-097,Heliceratops,C,,3965,1183,OP08-097,,base,Base,official-cardlist,OP08/base/OP08-097.png,https://en.onepiece-cardgame.com/images/cardlist/card/OP08-097.png?260305,2530,3965,3090,HIGH,exact_code_plus_base_flag,3090,558134,Heliceratops,Heliceratops,OP08-097,C,,tcgcsv,2896,3090,0.01,0.1,8.03,0.03,,,2026-04-02 03:06:18,tcgcsv,OP08-097,1,1,1,0,1,0,missing_tcgplayer_product_id_only,price_via_chain_tcgplayer_id_missing
1184,OP08-098,Kalgara,L,,3967,1184,OP08-098,,base,Base,official-cardlist,OP08/base/OP08-098.png,https://en.onepiece-cardgame.com/images/cardlist/card/OP08-098.png?260305,2531,3967,3091,HIGH,exact_code_plus_base_flag,3091,558135,Kalgara (098),Kalgara 098,OP08-098,L,,tcgcsv,2897,3091,0.01,0.16,5.0,0.16,,,2026-04-02 03:06:18,tcgcsv,OP08-098,1,1,1,0,1,0,missing_tcgplayer_product_id_only,price_via_chain_tcgplayer_id_missing
1185,OP08-099,Kalgara,C,,3972,1185,OP08-099,,base,Base,official-cardlist,OP08/base/OP08-099.png,https://en.onepiece-cardgame.com/images/cardlist/card/OP08-099.png?260305,1273,3972,1721,HIGH,exact_code_plus_base_flag,1721,649685,Kalgara (Premium Card Collection -Best Selection Vol. 4-),Kalgara Premium Card Collection Best Selection Vol 4,OP08-099,C,,tcgcsv,1576,1721,4.25,9.35,40.0,5.93,,,2026-04-02 03:06:17,tcgcsv,OP08-099,1,1,1,0,1,0,missing_tcgplayer_product_id_only,price_via_chain_tcgplayer_id_missing
1186,OP08-100,South Bird,UC,,3977,1186,OP08-100,,base,Base,official-cardlist,OP08/base/OP08-100.png,https://en.onepiece-cardgame.com/images/cardlist/card/OP08-100.png?260305,2534,3977,3094,HIGH,exact_code_plus_base_flag,3094,558138,South Bird,South Bird,OP08-100,UC,,tcgcsv,2900,3094,0.01,0.15,8.05,0.05,,,2026-04-02 03:06:18,tcgcsv,OP08-100,1,1,1,0,1,0,missing_tcgplayer_product_id_only,price_via_chain_tcgplayer_id_missing
1187,OP08-101,Charlotte Angel,C,,3979,1187,OP08-101,,base,Base,official-cardlist,OP08/base/OP08-101.png,https://en.onepiece-cardgame.com/images/cardlist/card/OP08-101.png?260305,2535,3979,3095,HIGH,exact_code_plus_base_flag,3095,558139,Charlotte Angel,Charlotte Angel,OP08-101,C,,tcgcsv,2901,3095,0.01,0.1,1.58,0.04,,,2026-04-02 03:06:18,tcgcsv,OP08-101,1,1,1,0,1,0,missing_tcgplayer_product_id_only,price_via_chain_tcgplayer_id_missing
1188,OP08-102,Charlotte Opera,UC,,3981,1188,OP08-102,,base,Base,official-cardlist,OP08/base/OP08-102.png,https://en.onepiece-cardgame.com/images/cardlist/card/OP08-102.png?260305,2536,3981,3096,HIGH,exact_code_plus_base_flag,3096,558140,Charlotte Opera,Charlotte Opera,OP08-102,UC,,tcgcsv,2902,3096,0.01,0.11,2.0,0.09,,,2026-04-02 03:06:18,tcgcsv,OP08-102,1,1,1,0,1,0,missing_tcgplayer_product_id_only,price_via_chain_tcgplayer_id_missing
1189,OP08-103,Charlotte Custard,UC,,3983,1189,OP08-103,,base,Base,official-cardlist,OP08/base/OP08-103.png,https://en.onepiece-cardgame.com/images/cardlist/card/OP08-103.png?260305,2537,3983,3097,HIGH,exact_code_plus_base_flag,3097,558141,Charlotte Custard,Charlotte Custard,OP08-103,UC,,tcgcsv,2903,3097,0.01,0.1,2.0,0.05,,,2026-04-02 03:06:18,tcgcsv,OP08-103,1,1,1,0,1,0,missing_tcgplayer_product_id_only,price_via_chain_tcgplayer_id_missing
1190,OP08-104,Charlotte Poire,C,,3985,1190,OP08-104,,base,Base,official-cardlist,OP08/base/OP08-104.png,https://en.onepiece-cardgame.com/images/cardlist/card/OP08-104.png?260305,2538,3985,3098,HIGH,exact_code_plus_base_flag,3098,558142,Charlotte Poire,Charlotte Poire,OP08-104,C,,tcgcsv,2904,3098,0.01,0.11,8.1,0.1,,,2026-04-02 03:06:18,tcgcsv,OP08-104,1,1,1,0,1,0,missing_tcgplayer_product_id_only,price_via_chain_tcgplayer_id_missing
1191,OP08-105,Jewelry Bonney,SR,,3987,1191,OP08-105,,base,Base,official-cardlist,OP08/base/OP08-105.png,https://en.onepiece-cardgame.com/images/cardlist/card/OP08-105.png?260305,1112,3987,1540,HIGH,exact_code_plus_base_flag,1540,623072,Jewelry Bonney (Illustration Box EX),Jewelry Bonney Illustration Box EX,OP08-105,SR,,tcgcsv,1421,1540,188.01,207.72,9999.0,199.36,,,2026-04-02 03:06:17,tcgcsv,OP08-105,1,1,1,0,1,0,missing_tcgplayer_product_id_only,price_via_chain_tcgplayer_id_missing
1192,OP08-106,Nami,SP CARD,,3993,1192,OP08-106,,base,Base,official-cardlist,OP08/base/OP08-106.png,https://en.onepiece-cardgame.com/images/cardlist/card/OP08-106.png?260305,2541,3993,3101,HIGH,exact_code_plus_base_flag,3101,558145,Nami,Nami,OP08-106,SR,,tcgcsv,2907,3101,2.89,5.83,50.0,3.92,,,2026-04-02 03:06:18,tcgcsv,OP08-106,1,1,1,0,1,0,missing_tcgplayer_product_id_only,price_via_chain_tcgplayer_id_missing
1193,OP08-107,Nitro,C,,3999,1193,OP08-107,,base,Base,official-cardlist,OP08/base/OP08-107.png,https://en.onepiece-cardgame.com/images/cardlist/card/OP08-107.png?260305,2543,3999,3103,HIGH,exact_code_plus_base_flag,3103,558147,Nitro,Nitro,OP08-107,C,,tcgcsv,2909,3103,0.01,0.1,1.58,0.03,,,2026-04-02 03:06:18,tcgcsv,OP08-107,1,1,1,0,1,0,missing_tcgplayer_product_id_only,price_via_chain_tcgplayer_id_missing
1194,OP08-108,Mont Blanc Cricket,C,,4001,1194,OP08-108,,base,Base,official-cardlist,OP08/base/OP08-108.png,https://en.onepiece-cardgame.com/images/cardlist/card/OP08-108.png?260305,2544,4001,3104,HIGH,exact_code_plus_base_flag,3104,558148,Mont Blanc Cricket,Mont Blanc Cricket,OP08-108,C,,tcgcsv,2910,3104,0.01,0.1,1.58,0.04,,,2026-04-02 03:06:18,tcgcsv,OP08-108,1,1,1,0,1,0,missing_tcgplayer_product_id_only,price_via_chain_tcgplayer_id_missing
1195,OP08-109,Mont Blanc Noland,R,,4003,1195,OP08-109,,base,Base,official-cardlist,OP08/base/OP08-109.png,https://en.onepiece-cardgame.com/images/cardlist/card/OP08-109.png?260305,2545,4003,3105,HIGH,exact_code_plus_base_flag,3105,558149,Mont Blanc Noland,Mont Blanc Noland,OP08-109,R,,tcgcsv,2911,3105,0.01,0.2,10.08,0.17,,,2026-04-02 03:06:18,tcgcsv,OP08-109,1,1,1,0,1,0,missing_tcgplayer_product_id_only,price_via_chain_tcgplayer_id_missing
1196,OP08-110,Wyper,R,,4005,1196,OP08-110,,base,Base,official-cardlist,OP08/base/OP08-110.png,https://en.onepiece-cardgame.com/images/cardlist/card/OP08-110.png?260305,1090,4005,1517,HIGH,exact_code_plus_base_flag,1517,622593,Wyper (Tournament Pack 2025 Vol. 2),Wyper Tournament Pack 2025 Vol 2,OP08-110,R,,tcgcsv,1406,1517,0.02,0.25,5.18,0.14,,,2026-04-02 03:06:17,tcgcsv,OP08-110,1,1,1,0,1,0,missing_tcgplayer_product_id_only,price_via_chain_tcgplayer_id_missing
1197,OP08-111,S-Shark,UC,,4013,1197,OP08-111,,base,Base,official-cardlist,OP08/base/OP08-111.png,https://en.onepiece-cardgame.com/images/cardlist/card/OP08-111.png?260305,2548,4013,3108,HIGH,exact_code_plus_base_flag,3108,558152,S-Shark,S Shark,OP08-111,UC,,tcgcsv,2914,3108,0.01,0.17,2.0,0.17,,,2026-04-02 03:06:18,tcgcsv,OP08-111,1,1,1,0,1,0,missing_tcgplayer_product_id_only,price_via_chain_tcgplayer_id_missing
1198,OP08-112,S-Snake,SR,,4015,1198,OP08-112,,base,Base,official-cardlist,OP08/base/OP08-112.png,https://en.onepiece-cardgame.com/images/cardlist/card/OP08-112.png?260305,2549,4015,3109,HIGH,exact_code_plus_base_flag,3109,558153,S-Snake,S Snake,OP08-112,SR,,tcgcsv,2915,3109,0.2,0.78,10.0,0.61,,,2026-04-02 03:06:18,tcgcsv,OP08-112,1,1,1,0,1,0,missing_tcgplayer_product_id_only,price_via_chain_tcgplayer_id_missing
1199,OP08-113,S-Bear,C,,4019,1199,OP08-113,,base,Base,official-cardlist,OP08/base/OP08-113.png,https://en.onepiece-cardgame.com/images/cardlist/card/OP08-113.png?260305,2551,4019,3111,HIGH,exact_code_plus_base_flag,3111,558155,S-Bear,S Bear,OP08-113,C,,tcgcsv,2917,3111,0.01,0.1,1.58,0.04,,,2026-04-02 03:06:18,tcgcsv,OP08-113,1,1,1,0,1,0,missing_tcgplayer_product_id_only,price_via_chain_tcgplayer_id_missing
1200,OP08-114,S-Hawk,R,,4021,1200,OP08-114,,base,Base,official-cardlist,OP08/base/OP08-114.png,https://en.onepiece-cardgame.com/images/cardlist/card/OP08-114.png?260305,2552,4021,3112,HIGH,exact_code_plus_base_flag,3112,558156,S-Hawk,S Hawk,OP08-114,R,,tcgcsv,2918,3112,0.01,0.18,6.5,0.13,,,2026-04-02 03:06:18,tcgcsv,OP08-114,1,1,1,0,1,0,missing_tcgplayer_product_id_only,price_via_chain_tcgplayer_id_missing
1201,OP08-115,The Earth Will Not Lose!,R,,4023,1201,OP08-115,,base,Base,official-cardlist,OP08/base/OP08-115.png,https://en.onepiece-cardgame.com/images/cardlist/card/OP08-115.png?260305,2553,4023,3113,HIGH,exact_code_plus_base_flag,3113,558157,The Earth Will Not Lose!,The Earth Will Not Lose,OP08-115,R,,tcgcsv,2919,3113,0.01,0.2,5.0,0.16,,,2026-04-02 03:06:18,tcgcsv,OP08-115,1,1,1,0,1,0,missing_tcgplayer_product_id_only,price_via_chain_tcgplayer_id_missing
1202,OP08-116,Burn Bazooka,C,,4025,1202,OP08-116,,base,Base,official-cardlist,OP08/base/OP08-116.png,https://en.onepiece-cardgame.com/images/cardlist/card/OP08-116.png?260305,2554,4025,3114,HIGH,exact_code_plus_base_flag,3114,558158,Burn Bazooka,Burn Bazooka,OP08-116,C,,tcgcsv,2920,3114,0.01,0.1,1.5,0.04,,,2026-04-02 03:06:18,tcgcsv,OP08-116,1,1,1,0,1,0,missing_tcgplayer_product_id_only,price_via_chain_tcgplayer_id_missing
1203,OP08-117,Burn Blade,UC,,4027,1203,OP08-117,,base,Base,official-cardlist,OP08/base/OP08-117.png,https://en.onepiece-cardgame.com/images/cardlist/card/OP08-117.png?260305,2555,4027,3115,HIGH,exact_code_plus_base_flag,3115,558159,Burn Blade,Burn Blade,OP08-117,UC,,tcgcsv,2921,3115,0.01,0.1,8.05,0.05,,,2026-04-02 03:06:18,tcgcsv,OP08-117,1,1,1,0,1,0,missing_tcgplayer_product_id_only,price_via_chain_tcgplayer_id_missing
1204,OP08-118,Silvers Rayleigh,SEC,,4029,1204,OP08-118,,base,Base,official-cardlist,OP08/base/OP08-118.png,https://en.onepiece-cardgame.com/images/cardlist/card/OP08-118.png?260305,2556,4029,3116,HIGH,exact_code_plus_base_flag,3116,558160,Silvers Rayleigh,Silvers Rayleigh,OP08-118,SEC,,tcgcsv,2922,3116,4.38,7.4,59.99,5.72,,,2026-04-02 03:06:18,tcgcsv,OP08-118,1,1,1,0,1,0,missing_tcgplayer_product_id_only,price_via_chain_tcgplayer_id_missing
1205,OP08-119,Kaido & Linlin,SEC,,4036,1205,OP08-119,,base,Base,official-cardlist,OP08/base/OP08-119.png,https://en.onepiece-cardgame.com/images/cardlist/card/OP08-119.png?260305,2559,4036,3119,HIGH,exact_code_plus_base_flag,3119,558163,Kaido & Linlin,Kaido and Linlin,OP08-119,SEC,,tcgcsv,2925,3119,2.0,3.99,80.0,3.48,,,2026-04-02 03:06:18,tcgcsv,OP08-119,1,1,1,0,1,0,missing_tcgplayer_product_id_only,price_via_chain_tcgplayer_id_missing
1206,OP09-001,Shanks,L,,4040,1206,OP09-001,,base,Base,official-cardlist,OP09/base/OP09-001.png,https://en.onepiece-cardgame.com/images/cardlist/card/OP09-001.png?260305,1147,4040,1579,HIGH,exact_code_plus_base_flag,1579,635471,Shanks (English Version 2nd Anniversary Set),Shanks English Version 2nd Anniversary Set,OP09-001,L,,tcgcsv,1457,1579,73.11,95.25,399.95,75.51,,,2026-04-02 03:06:17,tcgcsv,OP09-001,1,1,1,0,1,0,missing_tcgplayer_product_id_only,price_via_chain_tcgplayer_id_missing
1207,OP09-002,Uta,R,,4046,1207,OP09-002,,base,Base,official-cardlist,OP09/base/OP09-002.png,https://en.onepiece-cardgame.com/images/cardlist/card/OP09-002.png?260305,1048,4046,1456,HIGH,exact_code_plus_base_flag,1456,615310,Uta (Treasure Cup 2025),Uta Treasure Cup 2025,OP09-002,R,,tcgcsv,1349,1456,8999.0,8999.0,8999.0,2910.0,,,2026-04-02 03:06:17,tcgcsv,OP09-002,1,1,1,0,1,0,missing_tcgplayer_product_id_only,price_via_chain_tcgplayer_id_missing
1208,OP09-003,Shachi & Penguin,C,,4052,1208,OP09-003,,base,Base,official-cardlist,OP09/base/OP09-003.png,https://en.onepiece-cardgame.com/images/cardlist/card/OP09-003.png?260305,2937,4052,3595,HIGH,exact_code_plus_base_flag,3595,596923,Shachi & Penguin,Shachi and Penguin,OP09-003,C,,tcgcsv,3422,3595,0.01,0.1,1.58,0.04,,,2026-04-02 03:06:19,tcgcsv,OP09-003,1,1,1,0,1,0,missing_tcgplayer_product_id_only,price_via_chain_tcgplayer_id_missing
1209,OP09-004,Shanks,SR,,4054,1209,OP09-004,,base,Base,official-cardlist,OP09/base/OP09-004.png,https://en.onepiece-cardgame.com/images/cardlist/card/OP09-004.png?260305,1151,4054,1584,HIGH,exact_code_plus_base_flag,1584,635477,Shanks (004) (English Version 2nd Anniversary Set),Shanks 004 English Version 2nd Anniversary Set,OP09-004,SR,,tcgcsv,1462,1584,38.85,50.0,9999.0,43.61,,,2026-04-02 03:06:17,tcgcsv,OP09-004,1,1,1,0,1,0,missing_tcgplayer_product_id_only,price_via_chain_tcgplayer_id_missing
1210,OP09-005,Silvers Rayleigh,R,,4068,1210,OP09-005,,base,Base,official-cardlist,OP09/sp/OP09-005_sp.png,https://en.onepiece-cardgame.com/images/cardlist/card/OP09-005.png?260305,2942,4068,3600,HIGH,exact_code_plus_base_flag,3600,596928,Silvers Rayleigh,Silvers Rayleigh,OP09-005,R,,tcgcsv,3427,3600,0.01,0.2,5.0,0.12,,,2026-04-02 03:06:19,tcgcsv,OP09-005,1,1,1,0,1,0,missing_tcgplayer_product_id_only,price_via_chain_tcgplayer_id_missing
1211,OP09-006,Howling Gab,C,,4073,1211,OP09-006,,base,Base,official-cardlist,OP09/base/OP09-006.png,https://en.onepiece-cardgame.com/images/cardlist/card/OP09-006.png?260305,2943,4073,3601,HIGH,exact_code_plus_base_flag,3601,596929,Howling Gab,Howling Gab,OP09-006,C,,tcgcsv,3428,3601,0.01,0.1,1.58,0.06,,,2026-04-02 03:06:19,tcgcsv,OP09-006,1,1,1,0,1,0,missing_tcgplayer_product_id_only,price_via_chain_tcgplayer_id_missing
1212,OP09-007,Heat,C,,4076,1212,OP09-007,,base,Base,official-cardlist,OP09/base/OP09-007.png,https://en.onepiece-cardgame.com/images/cardlist/card/OP09-007.png?260305,2944,4076,3602,HIGH,exact_code_plus_base_flag,3602,596930,Heat,Heat,OP09-007,C,,tcgcsv,3429,3602,0.01,0.1,3.77,0.06,,,2026-04-02 03:06:19,tcgcsv,OP09-007,1,1,1,0,1,0,missing_tcgplayer_product_id_only,price_via_chain_tcgplayer_id_missing
1213,OP09-008,Building Snake,UC,,4078,1213,OP09-008,,base,Base,official-cardlist,OP09/base/OP09-008.png,https://en.onepiece-cardgame.com/images/cardlist/card/OP09-008.png?260305,1274,4078,1722,HIGH,exact_code_plus_base_flag,1722,649686,Building Snake (Premium Card Collection -Best Selection Vol. 4-),Building Snake Premium Card Collection Best Selection Vol 4,OP09-008,UC,,tcgcsv,1577,1722,1.74,3.0,40.0,1.83,,,2026-04-02 03:06:17,tcgcsv,OP09-008,1,1,1,0,1,0,missing_tcgplayer_product_id_only,price_via_chain_tcgplayer_id_missing
1214,OP09-009,Benn.Beckman,SR,,4081,1214,OP09-009,,base,Base,official-cardlist,OP09/sp/OP09-009_sp.png,https://en.onepiece-cardgame.com/images/cardlist/card/OP09-009.png?260305,1208,4081,1651,HIGH,exact_code_plus_base_flag,1651,646742,Benn.Beckman (Championship 25-26 Offline Regionals Season 2),BennBeckman Championship 25 26 Offline Regionals Season 2,OP09-009,SR,,tcgcsv,1524,1651,423.72,425.0,440.0,253.04,,,2026-04-02 03:06:17,tcgcsv,OP09-009,1,1,1,0,1,0,missing_tcgplayer_product_id_only,price_via_chain_tcgplayer_id_missing
1215,OP09-010,Bonk Punch,C,,4089,1215,OP09-010,,base,Base,official-cardlist,OP09/base/OP09-010.png,https://en.onepiece-cardgame.com/images/cardlist/card/OP09-010.png?260305,2948,4089,3606,HIGH,exact_code_plus_base_flag,3606,596934,Bonk Punch,Bonk Punch,OP09-010,C,,tcgcsv,3433,3606,0.01,0.1,1.58,0.05,,,2026-04-02 03:06:19,tcgcsv,OP09-010,1,1,1,0,1,0,missing_tcgplayer_product_id_only,price_via_chain_tcgplayer_id_missing
1216,OP09-011,Hongo,UC,,4092,1216,OP09-011,,base,Base,official-cardlist,OP09/base/OP09-011.png,https://en.onepiece-cardgame.com/images/cardlist/card/OP09-011.png?260305,1073,4092,1484,HIGH,exact_code_plus_base_flag,1484,619211,Hongo (Judge Pack Vol. 5),Hongo Judge Pack Vol 5,OP09-011,UC,,tcgcsv,1377,1484,0.23,0.5,4.16,0.31,,,2026-04-02 03:06:17,tcgcsv,OP09-011,1,1,1,0,1,0,missing_tcgplayer_product_id_only,price_via_chain_tcgplayer_id_missing
1217,OP09-012,Monster,C,,4099,1217,OP09-012,,base,Base,official-cardlist,OP09/base/OP09-012.png,https://en.onepiece-cardgame.com/images/cardlist/card/OP09-012.png?260305,2950,4099,3608,HIGH,exact_code_plus_base_flag,3608,596936,Monster,Monster,OP09-012,C,,tcgcsv,3435,3608,0.01,0.1,3.77,0.05,,,2026-04-02 03:06:19,tcgcsv,OP09-012,1,1,1,0,1,0,missing_tcgplayer_product_id_only,price_via_chain_tcgplayer_id_missing
1218,OP09-013,Yasopp,SP CARD,,4102,1218,OP09-013,,base,Base,official-cardlist,OP09/sp/OP09-013_sp.png,https://en.onepiece-cardgame.com/images/cardlist/card/OP09-013.png?260305,1207,4102,1650,HIGH,exact_code_plus_base_flag,1650,646741,Yasopp (Championship 25-26 Offline Regionals Season 2),Yasopp Championship 25 26 Offline Regionals Season 2,OP09-013,R,,tcgcsv,1523,1650,247.81,269.48,777.0,169.73,,,2026-04-02 03:06:17,tcgcsv,OP09-013,1,1,1,0,1,0,missing_tcgplayer_product_id_only,price_via_chain_tcgplayer_id_missing
1219,OP09-014,Limejuice,UC,,4108,1219,OP09-014,,base,Base,official-cardlist,OP09/base/OP09-014.png,https://en.onepiece-cardgame.com/images/cardlist/card/OP09-014.png?260305,2952,4108,3610,HIGH,exact_code_plus_base_flag,3610,596938,Limejuice,Limejuice,OP09-014,UC,,tcgcsv,3437,3610,0.01,0.15,2.0,0.07,,,2026-04-02 03:06:19,tcgcsv,OP09-014,1,1,1,0,1,0,missing_tcgplayer_product_id_only,price_via_chain_tcgplayer_id_missing
1220,OP09-015,Lucky.Roux,TR,,4115,1220,OP09-015,,base,Base,official-cardlist,OP09/tr/OP09-015_tr.png,https://en.onepiece-cardgame.com/images/cardlist/card/OP09-015.png?260305,2953,4115,3611,HIGH,exact_code_plus_base_flag,3611,596939,Lucky.Roux,LuckyRoux,OP09-015,R,,tcgcsv,3438,3611,0.01,0.2,5.0,0.12,,,2026-04-02 03:06:19,tcgcsv,OP09-015,1,1,1,0,1,0,missing_tcgplayer_product_id_only,price_via_chain_tcgplayer_id_missing
1221,OP09-016,Rockstar,C,,4119,1221,OP09-016,,base,Base,official-cardlist,OP09/base/OP09-016.png,https://en.onepiece-cardgame.com/images/cardlist/card/OP09-016.png?260305,2954,4119,3612,HIGH,exact_code_plus_base_flag,3612,596940,Rockstar,Rockstar,OP09-016,C,,tcgcsv,3439,3612,0.01,0.1,3.8,0.06,,,2026-04-02 03:06:19,tcgcsv,OP09-016,1,1,1,0,1,0,missing_tcgplayer_product_id_only,price_via_chain_tcgplayer_id_missing
1222,OP09-017,Wire,UC,,4122,1222,OP09-017,,base,Base,official-cardlist,OP09/base/OP09-017.png,https://en.onepiece-cardgame.com/images/cardlist/card/OP09-017.png?260305,2955,4122,3613,HIGH,exact_code_plus_base_flag,3613,596941,Wire,Wire,OP09-017,UC,,tcgcsv,3440,3613,0.01,0.13,3.8,0.1,,,2026-04-02 03:06:19,tcgcsv,OP09-017,1,1,1,0,1,0,missing_tcgplayer_product_id_only,price_via_chain_tcgplayer_id_missing
1223,OP09-018,Get Out of Here!,UC,,4124,1223,OP09-018,,base,Base,official-cardlist,OP09/base/OP09-018.png,https://en.onepiece-cardgame.com/images/cardlist/card/OP09-018.png?260305,2956,4124,3614,HIGH,exact_code_plus_base_flag,3614,596942,Get Out of Here!,Get Out of Here,OP09-018,UC,,tcgcsv,3441,3614,0.01,0.15,2.0,0.08,,,2026-04-02 03:06:19,tcgcsv,OP09-018,1,1,1,0,1,0,missing_tcgplayer_product_id_only,price_via_chain_tcgplayer_id_missing
1224,OP09-019,Nobody Hurts a Friend of Mine!!!!,C,,4126,1224,OP09-019,,base,Base,official-cardlist,OP09/base/OP09-019.png,https://en.onepiece-cardgame.com/images/cardlist/card/OP09-019.png?260305,2957,4126,3615,HIGH,exact_code_plus_base_flag,3615,596943,Nobody Hurts a Friend of Mine!!!!,Nobody Hurts a Friend of Mine,OP09-019,C,,tcgcsv,3442,3615,0.01,0.1,1.58,0.05,,,2026-04-02 03:06:19,tcgcsv,OP09-019,1,1,1,0,1,0,missing_tcgplayer_product_id_only,price_via_chain_tcgplayer_id_missing
1225,OP09-020,Come On!! We'll Fight You!!,R,,4128,1225,OP09-020,,base,Base,official-cardlist,OP09/base/OP09-020.png,https://en.onepiece-cardgame.com/images/cardlist/card/OP09-020.png?260305,2958,4128,3616,HIGH,exact_code_plus_base_flag,3616,596944,Come On!! We'll Fight You!!,Come On Well Fight You,OP09-020,R,,tcgcsv,3443,3616,0.01,0.18,5.0,0.13,,,2026-04-02 03:06:19,tcgcsv,OP09-020,1,1,1,0,1,0,missing_tcgplayer_product_id_only,price_via_chain_tcgplayer_id_missing
1226,OP09-021,Red Force,C,,4134,1226,OP09-021,,base,Base,official-cardlist,OP09/base/OP09-021.png,https://en.onepiece-cardgame.com/images/cardlist/card/OP09-021.png?260305,2959,4134,3617,HIGH,exact_code_plus_base_flag,3617,596945,Red Force,Red Force,OP09-021,C,,tcgcsv,3444,3617,0.01,0.11,3.84,0.07,,,2026-04-02 03:06:19,tcgcsv,OP09-021,1,1,1,0,1,0,missing_tcgplayer_product_id_only,price_via_chain_tcgplayer_id_missing
1227,OP09-022,Lim,L,,4136,1227,OP09-022,,base,Base,official-cardlist,OP09/base/OP09-022.png,https://en.onepiece-cardgame.com/images/cardlist/card/OP09-022.png?260305,2960,4136,3618,HIGH,exact_code_plus_base_flag,3618,596946,Lim (022),Lim 022,OP09-022,L,,tcgcsv,3445,3618,0.01,0.15,5.0,0.14,,,2026-04-02 03:06:19,tcgcsv,OP09-022,1,1,1,0,1,0,missing_tcgplayer_product_id_only,price_via_chain_tcgplayer_id_missing
1228,OP09-023,Adio,SR,,4140,1228,OP09-023,,base,Base,official-cardlist,OP09/base/OP09-023.png,https://en.onepiece-cardgame.com/images/cardlist/card/OP09-023.png?260305,2962,4140,3620,HIGH,exact_code_plus_base_flag,3620,596948,Adio,Adio,OP09-023,SR,,tcgcsv,3447,3620,0.03,0.29,10.0,0.26,,,2026-04-02 03:06:19,tcgcsv,OP09-023,1,1,1,0,1,0,missing_tcgplayer_product_id_only,price_via_chain_tcgplayer_id_missing
1229,OP09-024,Usopp,C,,4144,1229,OP09-024,,base,Base,official-cardlist,OP09/base/OP09-024.png,https://en.onepiece-cardgame.com/images/cardlist/card/OP09-024.png?260305,2964,4144,3622,HIGH,exact_code_plus_base_flag,3622,596950,Usopp (024),Usopp 024,OP09-024,C,,tcgcsv,3449,3622,0.01,0.1,1.58,0.07,,,2026-04-02 03:06:19,tcgcsv,OP09-024,1,1,1,0,1,0,missing_tcgplayer_product_id_only,price_via_chain_tcgplayer_id_missing
1230,OP09-025,Crocodile,UC,,4146,1230,OP09-025,,base,Base,official-cardlist,OP09/base/OP09-025.png,https://en.onepiece-cardgame.com/images/cardlist/card/OP09-025.png?260305,2965,4146,3623,HIGH,exact_code_plus_base_flag,3623,596951,Crocodile (025),Crocodile 025,OP09-025,UC,,tcgcsv,3450,3623,0.01,0.11,2.0,0.09,,,2026-04-02 03:06:19,tcgcsv,OP09-025,1,1,1,0,1,0,missing_tcgplayer_product_id_only,price_via_chain_tcgplayer_id_missing
1231,OP09-026,Sakazuki,R,,4148,1231,OP09-026,,base,Base,official-cardlist,OP09/base/OP09-026.png,https://en.onepiece-cardgame.com/images/cardlist/card/OP09-026.png?260305,2966,4148,3624,HIGH,exact_code_plus_base_flag,3624,596952,Sakazuki,Sakazuki,OP09-026,R,,tcgcsv,3451,3624,0.01,0.2,5.0,0.1,,,2026-04-02 03:06:19,tcgcsv,OP09-026,1,1,1,0,1,0,missing_tcgplayer_product_id_only,price_via_chain_tcgplayer_id_missing
1232,OP09-027,Sabo,UC,,4150,1232,OP09-027,,base,Base,official-cardlist,OP09/base/OP09-027.png,https://en.onepiece-cardgame.com/images/cardlist/card/OP09-027.png?260305,1333,4150,1791,HIGH,exact_code_plus_base_flag,1791,657800,Sabo - OP09-027 (3rd Anniversary Winner),Sabo OP09 027 3rd Anniversary Winner,OP09-027,UC,,tcgcsv,1637,1791,38.0,58.18,9999.0,33.02,,,2026-04-02 03:06:17,tcgcsv,OP09-027,1,1,1,0,1,0,missing_tcgplayer_product_id_only,price_via_chain_tcgplayer_id_missing
1233,OP09-028,Sanji,C,,4156,1233,OP09-028,,base,Base,official-cardlist,OP09/base/OP09-028.png,https://en.onepiece-cardgame.com/images/cardlist/card/OP09-028.png?260305,2968,4156,3626,HIGH,exact_code_plus_base_flag,3626,596954,Sanji (028),Sanji 028,OP09-028,C,,tcgcsv,3453,3626,0.01,0.1,2.06,0.07,,,2026-04-02 03:06:19,tcgcsv,OP09-028,1,1,1,0,1,0,missing_tcgplayer_product_id_only,price_via_chain_tcgplayer_id_missing
1234,OP09-029,Tony Tony.Chopper,C,,4158,1234,OP09-029,,base,Base,official-cardlist,OP09/base/OP09-029.png,https://en.onepiece-cardgame.com/images/cardlist/card/OP09-029.png?260305,1136,4158,1567,HIGH,exact_code_plus_base_flag,1567,627696,Tony Tony.Chopper (Convention Promo 2025),Tony TonyChopper Convention Promo 2025,OP09-029,C,,tcgcsv,1446,1567,8.5,14.85,80.0,11.92,,,2026-04-02 03:06:17,tcgcsv,OP09-029,1,1,1,0,1,0,missing_tcgplayer_product_id_only,price_via_chain_tcgplayer_id_missing
1235,OP09-030,Trafalgar Law,UC,,4160,1235,OP09-030,,base,Base,official-cardlist,OP09/base/OP09-030.png,https://en.onepiece-cardgame.com/images/cardlist/card/OP09-030.png?260305,2970,4160,3628,HIGH,exact_code_plus_base_flag,3628,596956,Trafalgar Law,Trafalgar Law,OP09-030,UC,,tcgcsv,3455,3628,0.01,0.15,2.0,0.11,,,2026-04-02 03:06:19,tcgcsv,OP09-030,1,1,1,0,1,0,missing_tcgplayer_product_id_only,price_via_chain_tcgplayer_id_missing
1236,OP09-031,Donquixote Doflamingo,R,,4162,1236,OP09-031,,base,Base,official-cardlist,OP09/base/OP09-031.png,https://en.onepiece-cardgame.com/images/cardlist/card/OP09-031.png?260305,2971,4162,3629,HIGH,exact_code_plus_base_flag,3629,596957,Donquixote Doflamingo,Donquixote Doflamingo,OP09-031,R,,tcgcsv,3456,3629,0.03,0.25,5.0,0.22,,,2026-04-02 03:06:19,tcgcsv,OP09-031,1,1,1,0,1,0,missing_tcgplayer_product_id_only,price_via_chain_tcgplayer_id_missing
1237,OP09-032,Donquixote Rosinante,UC,,4164,1237,OP09-032,,base,Base,official-cardlist,OP09/base/OP09-032.png,https://en.onepiece-cardgame.com/images/cardlist/card/OP09-032.png?260305,2972,4164,3630,HIGH,exact_code_plus_base_flag,3630,596958,Donquixote Rosinante (032),Donquixote Rosinante 032,OP09-032,UC,,tcgcsv,3457,3630,0.01,0.15,2.0,0.13,,,2026-04-02 03:06:19,tcgcsv,OP09-032,1,1,1,0,1,0,missing_tcgplayer_product_id_only,price_via_chain_tcgplayer_id_missing
1238,OP09-033,Nico Robin,C,,4166,1238,OP09-033,,base,Base,official-cardlist,OP09/base/OP09-033.png,https://en.onepiece-cardgame.com/images/cardlist/card/OP09-033.png?260305,2973,4166,3631,HIGH,exact_code_plus_base_flag,3631,596959,Nico Robin (033),Nico Robin 033,OP09-033,C,,tcgcsv,3458,3631,0.01,0.12,1.58,0.11,,,2026-04-02 03:06:19,tcgcsv,OP09-033,1,1,1,0,1,0,missing_tcgplayer_product_id_only,price_via_chain_tcgplayer_id_missing
1239,OP09-034,Perona,R,,4170,1239,OP09-034,,base,Base,official-cardlist,OP09/base/OP09-034.png,https://en.onepiece-cardgame.com/images/cardlist/card/OP09-034.png?260305,1074,4170,1485,HIGH,exact_code_plus_base_flag,1485,619212,Perona (Judge Pack Vol. 5),Perona Judge Pack Vol 5,OP09-034,R,,tcgcsv,1378,1485,3.94,5.08,14.99,4.75,,,2026-04-02 03:06:17,tcgcsv,OP09-034,1,1,1,0,1,0,missing_tcgplayer_product_id_only,price_via_chain_tcgplayer_id_missing
1240,OP09-035,Portgas.D.Ace,UC,,4175,1240,OP09-035,,base,Base,official-cardlist,OP09/base/OP09-035.png,https://en.onepiece-cardgame.com/images/cardlist/card/OP09-035.png?260305,1179,4175,1617,HIGH,exact_code_plus_base_flag,1617,641225,Portgas.D.Ace (Judge Pack Vol. 6),PortgasDAce Judge Pack Vol 6,OP09-035,UC,,tcgcsv,1495,1617,3.88,6.25,24.99,5.97,,,2026-04-02 03:06:17,tcgcsv,OP09-035,1,1,1,0,1,0,missing_tcgplayer_product_id_only,price_via_chain_tcgplayer_id_missing
1241,OP09-036,Monkey.D.Luffy,C,,4178,1241,OP09-036,,base,Base,official-cardlist,OP09/base/OP09-036.png,https://en.onepiece-cardgame.com/images/cardlist/card/OP09-036.png?260305,2977,4178,3635,HIGH,exact_code_plus_base_flag,3635,596963,Monkey.D.Luffy (036),MonkeyDLuffy 036,OP09-036,C,,tcgcsv,3462,3635,0.01,0.15,1.58,0.11,,,2026-04-02 03:06:19,tcgcsv,OP09-036,1,1,1,0,1,0,missing_tcgplayer_product_id_only,price_via_chain_tcgplayer_id_missing
1242,OP09-037,Lim,SP CARD,,4180,1242,OP09-037,,base,Base,official-cardlist,OP09/sp/OP09-037_sp.png,https://en.onepiece-cardgame.com/images/cardlist/card/OP09-037.png?260305,2978,4180,3636,HIGH,exact_code_plus_base_flag,3636,596964,Lim (037),Lim 037,OP09-037,SR,,tcgcsv,3463,3636,0.15,0.5,10.0,0.42,,,2026-04-02 03:06:19,tcgcsv,OP09-037,1,1,1,0,1,0,missing_tcgplayer_product_id_only,price_via_chain_tcgplayer_id_missing
1243,OP09-038,Rob Lucci,C,,4186,1243,OP09-038,,base,Base,official-cardlist,OP09/base/OP09-038.png,https://en.onepiece-cardgame.com/images/cardlist/card/OP09-038.png?260305,2980,4186,3638,HIGH,exact_code_plus_base_flag,3638,596966,Rob Lucci (038),Rob Lucci 038,OP09-038,C,,tcgcsv,3465,3638,0.01,0.1,1.58,0.06,,,2026-04-02 03:06:19,tcgcsv,OP09-038,1,1,1,0,1,0,missing_tcgplayer_product_id_only,price_via_chain_tcgplayer_id_missing
1244,OP09-039,Gum-Gum Cuatro Jet Cross Shock Bazooka,R,,4188,1244,OP09-039,,base,Base,official-cardlist,OP09/base/OP09-039.png,https://en.onepiece-cardgame.com/images/cardlist/card/OP09-039.png?260305,2981,4188,3639,HIGH,exact_code_plus_base_flag,3639,596967,Gum-Gum Cuatro Jet Cross Shock Bazooka,Gum Gum Cuatro Jet Cross Shock Bazooka,OP09-039,R,,tcgcsv,3466,3639,0.01,0.16,10.0,0.13,,,2026-04-02 03:06:19,tcgcsv,OP09-039,1,1,1,0,1,0,missing_tcgplayer_product_id_only,price_via_chain_tcgplayer_id_missing
1245,OP09-040,Thunder Lance Flip Caliber Phoenix Shot,UC,,4190,1245,OP09-040,,base,Base,official-cardlist,OP09/base/OP09-040.png,https://en.onepiece-cardgame.com/images/cardlist/card/OP09-040.png?260305,2982,4190,3640,HIGH,exact_code_plus_base_flag,3640,596968,Thunder Lance Flip Caliber Phoenix Shot,Thunder Lance Flip Caliber Phoenix Shot,OP09-040,UC,,tcgcsv,3467,3640,0.01,0.12,2.0,0.11,,,2026-04-02 03:06:19,tcgcsv,OP09-040,1,1,1,0,1,0,missing_tcgplayer_product_id_only,price_via_chain_tcgplayer_id_missing
1246,OP09-041,Soul Franky Swing Arm Boxing Solid,C,,4192,1246,OP09-041,,base,Base,official-cardlist,OP09/base/OP09-041.png,https://en.onepiece-cardgame.com/images/cardlist/card/OP09-041.png?260305,2983,4192,3641,HIGH,exact_code_plus_base_flag,3641,596969,Soul Franky Swing Arm Boxing Solid,Soul Franky Swing Arm Boxing Solid,OP09-041,C,,tcgcsv,3468,3641,0.01,0.1,1.58,0.05,,,2026-04-02 03:06:19,tcgcsv,OP09-041,1,1,1,0,1,0,missing_tcgplayer_product_id_only,price_via_chain_tcgplayer_id_missing
1247,OP09-042,Buggy,L,,4194,1247,OP09-042,,base,Base,official-cardlist,OP09/base/OP09-042.png,https://en.onepiece-cardgame.com/images/cardlist/card/OP09-042.png?260305,1146,4194,1578,HIGH,exact_code_plus_base_flag,1578,635470,Buggy (English Version 2nd  Anniversary Set),Buggy English Version 2nd Anniversary Set,OP09-042,L,,tcgcsv,1456,1578,43.01,75.49,9999.0,54.9,,,2026-04-02 03:06:17,tcgcsv,OP09-042,1,1,1,0,1,0,missing_tcgplayer_product_id_only,price_via_chain_tcgplayer_id_missing
1248,OP09-043,Alvida,UC,,4199,1248,OP09-043,,base,Base,official-cardlist,OP09/base/OP09-043.png,https://en.onepiece-cardgame.com/images/cardlist/card/OP09-043.png?260305,1393,4199,1858,HIGH,exact_code_plus_base_flag,1858,668424,Alvida (CS 25-26 Top Player Pack Vol. 2),Alvida CS 25 26 Top Player Pack Vol 2,OP09-043,UC,,tcgcsv,,,,,,,,,,,OP09-043,1,1,1,0,1,0,missing_tcgplayer_product_id_only,price_via_chain_tcgplayer_id_missing
1249,OP09-044,Izo,UC,,4205,1249,OP09-044,,base,Base,official-cardlist,OP09/base/OP09-044.png,https://en.onepiece-cardgame.com/images/cardlist/card/OP09-044.png?260305,2987,4205,3645,HIGH,exact_code_plus_base_flag,3645,596973,Izo,Izo,OP09-044,UC,,tcgcsv,3472,3645,0.01,0.13,3.8,0.07,,,2026-04-02 03:06:19,tcgcsv,OP09-044,1,1,1,0,1,0,missing_tcgplayer_product_id_only,price_via_chain_tcgplayer_id_missing
1250,OP09-045,Cabaji,UC,,4207,1250,OP09-045,,base,Base,official-cardlist,OP09/base/OP09-045.png,https://en.onepiece-cardgame.com/images/cardlist/card/OP09-045.png?260305,2988,4207,3646,HIGH,exact_code_plus_base_flag,3646,596974,Cabaji,Cabaji,OP09-045,UC,,tcgcsv,3473,3646,0.01,0.15,2.0,0.08,,,2026-04-02 03:06:19,tcgcsv,OP09-045,1,1,1,0,1,0,missing_tcgplayer_product_id_only,price_via_chain_tcgplayer_id_missing
1251,OP09-046,Crocodile,SR,,4210,1251,OP09-046,,base,Base,official-cardlist,OP09/base/OP09-046.png,https://en.onepiece-cardgame.com/images/cardlist/card/OP09-046.png?260305,2989,4210,3647,HIGH,exact_code_plus_base_flag,3647,596975,Crocodile (046),Crocodile 046,OP09-046,SR,,tcgcsv,3474,3647,0.1,0.5,10.0,0.27,,,2026-04-02 03:06:19,tcgcsv,OP09-046,1,1,1,0,1,0,missing_tcgplayer_product_id_only,price_via_chain_tcgplayer_id_missing
1252,OP09-047,Kouzuki Oden,C,,4215,1252,OP09-047,,base,Base,official-cardlist,OP09/base/OP09-047.png,https://en.onepiece-cardgame.com/images/cardlist/card/OP09-047.png?260305,2991,4215,3649,HIGH,exact_code_plus_base_flag,3649,596977,Kouzuki Oden,Kouzuki Oden,OP09-047,C,,tcgcsv,3476,3649,0.01,0.1,3.77,0.07,,,2026-04-02 03:06:19,tcgcsv,OP09-047,1,1,1,0,1,0,missing_tcgplayer_product_id_only,price_via_chain_tcgplayer_id_missing
1253,OP09-048,Dracule Mihawk,SR,,4217,1253,OP09-048,,base,Base,official-cardlist,OP09/base/OP09-048.png,https://en.onepiece-cardgame.com/images/cardlist/card/OP09-048.png?260305,2992,4217,3650,HIGH,exact_code_plus_base_flag,3650,596978,Dracule Mihawk,Dracule Mihawk,OP09-048,SR,,tcgcsv,3477,3650,0.2,0.74,25.0,0.47,,,2026-04-02 03:06:19,tcgcsv,OP09-048,1,1,1,0,1,0,missing_tcgplayer_product_id_only,price_via_chain_tcgplayer_id_missing
1254,OP09-049,Jozu,C,,4222,1254,OP09-049,,base,Base,official-cardlist,OP09/base/OP09-049.png,https://en.onepiece-cardgame.com/images/cardlist/card/OP09-049.png?260305,2994,4222,3652,HIGH,exact_code_plus_base_flag,3652,596980,Jozu,Jozu,OP09-049,C,,tcgcsv,3479,3652,0.01,0.1,1.58,0.04,,,2026-04-02 03:06:19,tcgcsv,OP09-049,1,1,1,0,1,0,missing_tcgplayer_product_id_only,price_via_chain_tcgplayer_id_missing
1255,OP09-050,Nami,R,,4224,1255,OP09-050,,base,Base,official-cardlist,OP09/base/OP09-050.png,https://en.onepiece-cardgame.com/images/cardlist/card/OP09-050.png?260305,1078,4224,1489,HIGH,exact_code_plus_base_flag,1489,619216,Nami (Championship 25-26 Regionals Season 1),Nami Championship 25 26 Regionals Season 1,OP09-050,R,,tcgcsv,1382,1489,1749.99,1824.09,2600.0,1030.32,,,2026-04-02 03:06:17,tcgcsv,OP09-050,1,1,1,0,1,0,missing_tcgplayer_product_id_only,price_via_chain_tcgplayer_id_missing
1256,OP09-051,Buggy,SP CARD,,4229,1256,OP09-051,,base,Base,official-cardlist,OP09/base/OP09-051.png,https://en.onepiece-cardgame.com/images/cardlist/card/OP09-051.png?260305,1150,4229,1583,HIGH,exact_code_plus_base_flag,1583,635476,Buggy (051) (English Version 2nd Anniversary Set),Buggy 051 English Version 2nd Anniversary Set,OP09-051,R,,tcgcsv,1461,1583,31.69,35.0,9999.0,33.89,,,2026-04-02 03:06:17,tcgcsv,OP09-051,1,1,1,0,1,0,missing_tcgplayer_product_id_only,price_via_chain_tcgplayer_id_missing
1257,OP09-052,Marco,C,,4239,1257,OP09-052,,base,Base,official-cardlist,OP09/base/OP09-052.png,https://en.onepiece-cardgame.com/images/cardlist/card/OP09-052.png?260305,3001,4239,3659,HIGH,exact_code_plus_base_flag,3659,596987,Marco,Marco,OP09-052,C,,tcgcsv,3486,3659,0.01,0.1,3.78,0.05,,,2026-04-02 03:06:19,tcgcsv,OP09-052,1,1,1,0,1,0,missing_tcgplayer_product_id_only,price_via_chain_tcgplayer_id_missing
1258,OP09-053,Mohji,UC,,4241,1258,OP09-053,,base,Base,official-cardlist,OP09/base/OP09-053.png,https://en.onepiece-cardgame.com/images/cardlist/card/OP09-053.png?260305,3002,4241,3660,HIGH,exact_code_plus_base_flag,3660,596988,Mohji,Mohji,OP09-053,UC,,tcgcsv,3487,3660,0.01,0.12,2.0,0.07,,,2026-04-02 03:06:19,tcgcsv,OP09-053,1,1,1,0,1,0,missing_tcgplayer_product_id_only,price_via_chain_tcgplayer_id_missing
1259,OP09-054,Richie,C,,4244,1259,OP09-054,,base,Base,official-cardlist,OP09/base/OP09-054.png,https://en.onepiece-cardgame.com/images/cardlist/card/OP09-054.png?260305,3003,4244,3661,HIGH,exact_code_plus_base_flag,3661,596989,Richie,Richie,OP09-054,C,,tcgcsv,3488,3661,0.01,0.1,1.58,0.03,,,2026-04-02 03:06:19,tcgcsv,OP09-054,1,1,1,0,1,0,missing_tcgplayer_product_id_only,price_via_chain_tcgplayer_id_missing
1260,OP09-055,Mr.1(Daz.Bonez),C,,4247,1260,OP09-055,,base,Base,official-cardlist,OP09/base/OP09-055.png,https://en.onepiece-cardgame.com/images/cardlist/card/OP09-055.png?260305,3004,4247,3662,HIGH,exact_code_plus_base_flag,3662,596990,Mr.1(Daz.Bonez),Mr1DazBonez,OP09-055,C,,tcgcsv,3489,3662,0.01,0.1,9.95,0.03,,,2026-04-02 03:06:19,tcgcsv,OP09-055,1,1,1,0,1,0,missing_tcgplayer_product_id_only,price_via_chain_tcgplayer_id_missing
1261,OP09-056,Mr.3(Galdino),R,,4250,1261,OP09-056,,base,Base,official-cardlist,OP09/base/OP09-056.png,https://en.onepiece-cardgame.com/images/cardlist/card/OP09-056.png?260305,3005,4250,3663,HIGH,exact_code_plus_base_flag,3663,596991,Mr.3(Galdino),Mr3Galdino,OP09-056,R,,tcgcsv,3490,3663,0.01,0.19,5.0,0.09,,,2026-04-02 03:06:19,tcgcsv,OP09-056,1,1,1,0,1,0,missing_tcgplayer_product_id_only,price_via_chain_tcgplayer_id_missing
1262,OP09-057,Cross Guild,R,,4256,1262,OP09-057,,base,Base,official-cardlist,OP09/base/OP09-057.png,https://en.onepiece-cardgame.com/images/cardlist/card/OP09-057.png?260305,3006,4256,3664,HIGH,exact_code_plus_base_flag,3664,596992,Cross Guild,Cross Guild,OP09-057,R,,tcgcsv,3491,3664,0.01,0.2,5.0,0.14,,,2026-04-02 03:06:19,tcgcsv,OP09-057,1,1,1,0,1,0,missing_tcgplayer_product_id_only,price_via_chain_tcgplayer_id_missing
1263,OP09-058,Special Muggy Ball,C,,4262,1263,OP09-058,,base,Base,official-cardlist,OP09/base/OP09-058.png,https://en.onepiece-cardgame.com/images/cardlist/card/OP09-058.png?260305,3007,4262,3665,HIGH,exact_code_plus_base_flag,3665,596993,Special Muggy Ball,Special Muggy Ball,OP09-058,C,,tcgcsv,3492,3665,0.01,0.1,1.58,0.07,,,2026-04-02 03:06:19,tcgcsv,OP09-058,1,1,1,0,1,0,missing_tcgplayer_product_id_only,price_via_chain_tcgplayer_id_missing
1264,OP09-059,Murder at the Steam Bath,UC,,4264,1264,OP09-059,,base,Base,official-cardlist,OP09/base/OP09-059.png,https://en.onepiece-cardgame.com/images/cardlist/card/OP09-059.png?260305,3008,4264,3666,HIGH,exact_code_plus_base_flag,3666,596994,Murder at the Steam Bath,Murder at the Steam Bath,OP09-059,UC,,tcgcsv,3493,3666,0.01,0.1,2.0,0.06,,,2026-04-02 03:06:19,tcgcsv,OP09-059,1,1,1,0,1,0,missing_tcgplayer_product_id_only,price_via_chain_tcgplayer_id_missing
1265,OP09-060,Emptee Bluffs Island,C,,4266,1265,OP09-060,,base,Base,official-cardlist,OP09/base/OP09-060.png,https://en.onepiece-cardgame.com/images/cardlist/card/OP09-060.png?260305,3009,4266,3667,HIGH,exact_code_plus_base_flag,3667,596995,Emptee Bluffs Island,Emptee Bluffs Island,OP09-060,C,,tcgcsv,3494,3667,0.01,0.13,1.58,0.08,,,2026-04-02 03:06:19,tcgcsv,OP09-060,1,1,1,0,1,0,missing_tcgplayer_product_id_only,price_via_chain_tcgplayer_id_missing
1266,OP09-061,Monkey.D.Luffy,L,,4268,1266,OP09-061,,base,Base,official-cardlist,OP09/base/OP09-061.png,https://en.onepiece-cardgame.com/images/cardlist/card/OP09-061.png?260305,1149,4268,1581,HIGH,exact_code_plus_base_flag,1581,635473,Monkey.D.Luffy (English Version 2nd Anniversary Set),MonkeyDLuffy English Version 2nd Anniversary Set,OP09-061,L,,tcgcsv,1459,1581,310.99,350.0,1500.0,374.63,,,2026-04-02 03:06:17,tcgcsv,OP09-061,1,1,1,0,1,0,missing_tcgplayer_product_id_only,price_via_chain_tcgplayer_id_missing
1267,OP09-062,Nico Robin,L,,4274,1267,OP09-062,,base,Base,official-cardlist,OP09/base/OP09-062.png,https://en.onepiece-cardgame.com/images/cardlist/card/OP09-062.png?260305,3012,4274,3670,HIGH,exact_code_plus_base_flag,3670,596998,Nico Robin (062),Nico Robin 062,OP09-062,L,,tcgcsv,3497,3670,0.05,0.2,5.0,0.18,,,2026-04-02 03:06:19,tcgcsv,OP09-062,1,1,1,0,1,0,missing_tcgplayer_product_id_only,price_via_chain_tcgplayer_id_missing
1268,OP09-063,Usopp,C,,4278,1268,OP09-063,,base,Base,official-cardlist,OP09/base/OP09-063.png,https://en.onepiece-cardgame.com/images/cardlist/card/OP09-063.png?260305,3014,4278,3672,HIGH,exact_code_plus_base_flag,3672,597000,Usopp (063),Usopp 063,OP09-063,C,,tcgcsv,3499,3672,0.01,0.1,2.0,0.08,,,2026-04-02 03:06:19,tcgcsv,OP09-063,1,1,1,0,1,0,missing_tcgplayer_product_id_only,price_via_chain_tcgplayer_id_missing
1269,OP09-064,Killer,UC,,4281,1269,OP09-064,,base,Base,official-cardlist,OP09/base/OP09-064.png,https://en.onepiece-cardgame.com/images/cardlist/card/OP09-064.png?260305,3015,4281,3673,HIGH,exact_code_plus_base_flag,3673,597001,Killer,Killer,OP09-064,UC,,tcgcsv,3500,3673,0.01,0.12,2.0,0.07,,,2026-04-02 03:06:19,tcgcsv,OP09-064,1,1,1,0,1,0,missing_tcgplayer_product_id_only,price_via_chain_tcgplayer_id_missing
1270,OP09-065,Sanji,SR,,4283,1270,OP09-065,,base,Base,official-cardlist,OP09/base/OP09-065.png,https://en.onepiece-cardgame.com/images/cardlist/card/OP09-065.png?260305,1080,4283,1491,HIGH,exact_code_plus_base_flag,1491,619218,Sanji (Championship 25-26 Regionals Season 1),Sanji Championship 25 26 Regionals Season 1,OP09-065,SR,,tcgcsv,,,,,,,,,,,OP09-065,1,1,1,0,1,0,missing_tcgplayer_product_id_only,price_via_chain_tcgplayer_id_missing
1271,OP09-066,Jean Bart,UC,,4289,1271,OP09-066,,base,Base,official-cardlist,OP09/base/OP09-066.png,https://en.onepiece-cardgame.com/images/cardlist/card/OP09-066.png?260305,3018,4289,3676,HIGH,exact_code_plus_base_flag,3676,597004,Jean Bart,Jean Bart,OP09-066,UC,,tcgcsv,3503,3676,0.01,0.12,2.0,0.06,,,2026-04-02 03:06:19,tcgcsv,OP09-066,1,1,1,0,1,0,missing_tcgplayer_product_id_only,price_via_chain_tcgplayer_id_missing
1272,OP09-067,Jinbe,C,,4291,1272,OP09-067,,base,Base,official-cardlist,OP09/base/OP09-067.png,https://en.onepiece-cardgame.com/images/cardlist/card/OP09-067.png?260305,3019,4291,3677,HIGH,exact_code_plus_base_flag,3677,597005,Jinbe,Jinbe,OP09-067,C,,tcgcsv,3504,3677,0.01,0.1,1.58,0.06,,,2026-04-02 03:06:19,tcgcsv,OP09-067,1,1,1,0,1,0,missing_tcgplayer_product_id_only,price_via_chain_tcgplayer_id_missing
1273,OP09-068,Tony Tony.Chopper,UC,,4293,1273,OP09-068,,base,Base,official-cardlist,OP09/base/OP09-068.png,https://en.onepiece-cardgame.com/images/cardlist/card/OP09-068.png?260305,3020,4293,3678,HIGH,exact_code_plus_base_flag,3678,597006,Tony Tony.Chopper (068),Tony TonyChopper 068,OP09-068,UC,,tcgcsv,3505,3678,0.01,0.17,20.0,0.16,,,2026-04-02 03:06:19,tcgcsv,OP09-068,1,1,1,0,1,0,missing_tcgplayer_product_id_only,price_via_chain_tcgplayer_id_missing
1274,OP09-069,Trafalgar Law,R,,4295,1274,OP09-069,,base,Base,official-cardlist,OP09/base/OP09-069.png,https://en.onepiece-cardgame.com/images/cardlist/card/OP09-069.png?260305,1137,4295,1568,HIGH,exact_code_plus_base_flag,1568,629756,Trafalgar Law (Treasure Cup 2025),Trafalgar Law Treasure Cup 2025,OP09-069,R,,tcgcsv,,,,,,,,,,,OP09-069,1,1,1,0,1,0,missing_tcgplayer_product_id_only,price_via_chain_tcgplayer_id_missing
1275,OP09-070,Nami,UC,,4302,1275,OP09-070,,base,Base,official-cardlist,OP09/base/OP09-070.png,https://en.onepiece-cardgame.com/images/cardlist/card/OP09-070.png?260305,1275,4302,1723,HIGH,exact_code_plus_base_flag,1723,649687,Nami (Premium Card Collection -Best Selection Vol. 4-),Nami Premium Card Collection Best Selection Vol 4,OP09-070,UC,,tcgcsv,1578,1723,51.0,61.15,9999.0,52.01,,,2026-04-02 03:06:17,tcgcsv,OP09-070,1,1,1,0,1,0,missing_tcgplayer_product_id_only,price_via_chain_tcgplayer_id_missing
1276,OP09-071,Nico Robin,C,,4306,1276,OP09-071,,base,Base,official-cardlist,OP09/base/OP09-071.png,https://en.onepiece-cardgame.com/images/cardlist/card/OP09-071.png?260305,3024,4306,3682,HIGH,exact_code_plus_base_flag,3682,597010,Nico Robin (071),Nico Robin 071,OP09-071,C,,tcgcsv,3509,3682,0.01,0.15,2.0,0.15,,,2026-04-02 03:06:19,tcgcsv,OP09-071,1,1,1,0,1,0,missing_tcgplayer_product_id_only,price_via_chain_tcgplayer_id_missing
1277,OP09-072,Franky,SR,,4308,1277,OP09-072,,base,Base,official-cardlist,OP09/base/OP09-072.png,https://en.onepiece-cardgame.com/images/cardlist/card/OP09-072.png?260305,3025,4308,3683,HIGH,exact_code_plus_base_flag,3683,597011,Franky,Franky,OP09-072,SR,,tcgcsv,3510,3683,0.1,0.5,10.0,0.27,,,2026-04-02 03:06:19,tcgcsv,OP09-072,1,1,1,0,1,0,missing_tcgplayer_product_id_only,price_via_chain_tcgplayer_id_missing
1278,OP09-073,Brook,C,,4313,1278,OP09-073,,base,Base,official-cardlist,OP09/base/OP09-073.png,https://en.onepiece-cardgame.com/images/cardlist/card/OP09-073.png?260305,3027,4313,3685,HIGH,exact_code_plus_base_flag,3685,597013,Brook (073),Brook 073,OP09-073,C,,tcgcsv,3512,3685,0.01,0.13,1.58,0.1,,,2026-04-02 03:06:19,tcgcsv,OP09-073,1,1,1,0,1,0,missing_tcgplayer_product_id_only,price_via_chain_tcgplayer_id_missing
1279,OP09-074,Bepo,C,,4315,1279,OP09-074,,base,Base,official-cardlist,OP09/base/OP09-074.png,https://en.onepiece-cardgame.com/images/cardlist/card/OP09-074.png?260305,3028,4315,3686,HIGH,exact_code_plus_base_flag,3686,597014,Bepo,Bepo,OP09-074,C,,tcgcsv,3513,3686,0.01,0.1,1.58,0.06,,,2026-04-02 03:06:19,tcgcsv,OP09-074,1,1,1,0,1,0,missing_tcgplayer_product_id_only,price_via_chain_tcgplayer_id_missing
1280,OP09-075,"Eustass""Captain""Kid",UC,,4317,1280,OP09-075,,base,Base,official-cardlist,OP09/base/OP09-075.png,https://en.onepiece-cardgame.com/images/cardlist/card/OP09-075.png?260305,3029,4317,3687,HIGH,exact_code_plus_base_flag,3687,597015,"Eustass""Captain""Kid",EustassCaptainKid,OP09-075,UC,,tcgcsv,3514,3687,0.01,0.13,2.0,0.07,,,2026-04-02 03:06:19,tcgcsv,OP09-075,1,1,1,0,1,0,missing_tcgplayer_product_id_only,price_via_chain_tcgplayer_id_missing
1281,OP09-076,Roronoa Zoro,R,,4319,1281,OP09-076,,base,Base,official-cardlist,OP09/base/OP09-076.png,https://en.onepiece-cardgame.com/images/cardlist/card/OP09-076.png?260305,1079,4319,1490,HIGH,exact_code_plus_base_flag,1490,619217,Roronoa Zoro (Championship 25-26 Regionals Season 1),Roronoa Zoro Championship 25 26 Regionals Season 1,OP09-076,R,,tcgcsv,1383,1490,10000.0,10000.0,10000.0,1394.49,,,2026-04-02 03:06:17,tcgcsv,OP09-076,1,1,1,0,1,0,missing_tcgplayer_product_id_only,price_via_chain_tcgplayer_id_missing
1282,OP09-077,Gum-Gum Lightning,UC,,4326,1282,OP09-077,,base,Base,official-cardlist,OP09/base/OP09-077.png,https://en.onepiece-cardgame.com/images/cardlist/card/OP09-077.png?260305,1276,4326,1724,HIGH,exact_code_plus_base_flag,1724,649688,Gum-Gum Lightning (Premium Card Collection -Best Selection Vol. 4-),Gum Gum Lightning Premium Card Collection Best Selection Vol 4,OP09-077,UC,,tcgcsv,1579,1724,7.0,8.94,40.0,8.08,,,2026-04-02 03:06:17,tcgcsv,OP09-077,1,1,1,0,1,0,missing_tcgplayer_product_id_only,price_via_chain_tcgplayer_id_missing
1283,OP09-078,Gum-Gum Giant,R,,4332,1283,OP09-078,,base,Base,official-cardlist,OP09/base/OP09-078.png,https://en.onepiece-cardgame.com/images/cardlist/card/OP09-078.png?260305,3032,4332,3690,HIGH,exact_code_plus_base_flag,3690,597018,Gum-Gum Giant,Gum Gum Giant,OP09-078,R,,tcgcsv,3517,3690,0.25,0.99,7.0,0.77,,,2026-04-02 03:06:19,tcgcsv,OP09-078,1,1,1,0,1,0,missing_tcgplayer_product_id_only,price_via_chain_tcgplayer_id_missing
1284,OP09-079,Gum-Gum Jump Rope,C,,4338,1284,OP09-079,,base,Base,official-cardlist,OP09/base/OP09-079.png,https://en.onepiece-cardgame.com/images/cardlist/card/OP09-079.png?260305,3033,4338,3691,HIGH,exact_code_plus_base_flag,3691,597019,Gum-Gum Jump Rope,Gum Gum Jump Rope,OP09-079,C,,tcgcsv,3518,3691,0.01,0.1,1.58,0.06,,,2026-04-02 03:06:19,tcgcsv,OP09-079,1,1,1,0,1,0,missing_tcgplayer_product_id_only,price_via_chain_tcgplayer_id_missing
1285,OP09-080,Thousand Sunny,C,,4342,1285,OP09-080,,base,Base,official-cardlist,OP09/base/OP09-080.png,https://en.onepiece-cardgame.com/images/cardlist/card/OP09-080.png?260305,3034,4342,3692,HIGH,exact_code_plus_base_flag,3692,597020,Thousand Sunny,Thousand Sunny,OP09-080,C,,tcgcsv,3519,3692,0.01,0.1,1.58,0.05,,,2026-04-02 03:06:19,tcgcsv,OP09-080,1,1,1,0,1,0,missing_tcgplayer_product_id_only,price_via_chain_tcgplayer_id_missing
1286,OP09-081,Marshall.D.Teach,L,,4344,1286,OP09-081,,base,Base,official-cardlist,OP09/base/OP09-081.png,https://en.onepiece-cardgame.com/images/cardlist/card/OP09-081.png?260305,1148,4344,1580,HIGH,exact_code_plus_base_flag,1580,635472,Marshall.D.Teach (English Version 2nd Anniversary Set),MarshallDTeach English Version 2nd Anniversary Set,OP09-081,L,,tcgcsv,1458,1580,44.22,77.0,399.95,48.3,,,2026-04-02 03:06:17,tcgcsv,OP09-081,1,1,1,0,1,0,missing_tcgplayer_product_id_only,price_via_chain_tcgplayer_id_missing
1287,OP09-082,Avalo Pizarro,C,,4350,1287,OP09-082,,base,Base,official-cardlist,OP09/base/OP09-082.png,https://en.onepiece-cardgame.com/images/cardlist/card/OP09-082.png?260305,3037,4350,3695,HIGH,exact_code_plus_base_flag,3695,597023,Avalo Pizarro,Avalo Pizarro,OP09-082,C,,tcgcsv,3522,3695,0.01,0.1,1.58,0.06,,,2026-04-02 03:06:19,tcgcsv,OP09-082,1,1,1,0,1,0,missing_tcgplayer_product_id_only,price_via_chain_tcgplayer_id_missing
1288,OP09-083,Van Augur,R,,4352,1288,OP09-083,,base,Base,official-cardlist,OP09/base/OP09-083.png,https://en.onepiece-cardgame.com/images/cardlist/card/OP09-083.png?260305,3038,4352,3696,HIGH,exact_code_plus_base_flag,3696,597024,Van Augur,Van Augur,OP09-083,R,,tcgcsv,3523,3696,0.01,0.2,5.0,0.12,,,2026-04-02 03:06:19,tcgcsv,OP09-083,1,1,1,0,1,0,missing_tcgplayer_product_id_only,price_via_chain_tcgplayer_id_missing
1289,OP09-084,Catarina Devon,UC,,4355,1289,OP09-084,,base,Base,official-cardlist,OP09/base/OP09-084.png,https://en.onepiece-cardgame.com/images/cardlist/card/OP09-084.png?260305,3039,4355,3697,HIGH,exact_code_plus_base_flag,3697,597025,Catarina Devon,Catarina Devon,OP09-084,UC,,tcgcsv,3524,3697,0.02,0.15,2.0,0.09,,,2026-04-02 03:06:19,tcgcsv,OP09-084,1,1,1,0,1,0,missing_tcgplayer_product_id_only,price_via_chain_tcgplayer_id_missing
1290,OP09-085,Gecko Moria,C,,4359,1290,OP09-085,,base,Base,official-cardlist,OP09/base/OP09-085.png,https://en.onepiece-cardgame.com/images/cardlist/card/OP09-085.png?260305,3040,4359,3698,HIGH,exact_code_plus_base_flag,3698,597026,Gecko Moria,Gecko Moria,OP09-085,C,,tcgcsv,3525,3698,0.01,0.15,1.58,0.1,,,2026-04-02 03:06:19,tcgcsv,OP09-085,1,1,1,0,1,0,missing_tcgplayer_product_id_only,price_via_chain_tcgplayer_id_missing
1291,OP09-086,Jesus Burgess,R,,4361,1291,OP09-086,,base,Base,official-cardlist,OP09/base/OP09-086.png,https://en.onepiece-cardgame.com/images/cardlist/card/OP09-086.png?260305,3041,4361,3699,HIGH,exact_code_plus_base_flag,3699,597027,Jesus Burgess,Jesus Burgess,OP09-086,R,,tcgcsv,3526,3699,0.01,0.2,5.0,0.12,,,2026-04-02 03:06:19,tcgcsv,OP09-086,1,1,1,0,1,0,missing_tcgplayer_product_id_only,price_via_chain_tcgplayer_id_missing
1292,OP09-087,Charlotte Pudding,C,,4367,1292,OP09-087,,base,Base,official-cardlist,OP09/base/OP09-087.png,https://en.onepiece-cardgame.com/images/cardlist/card/OP09-087.png?260305,3042,4367,3700,HIGH,exact_code_plus_base_flag,3700,597028,Charlotte Pudding,Charlotte Pudding,OP09-087,C,,tcgcsv,3527,3700,0.01,0.1,1.98,0.05,,,2026-04-02 03:06:19,tcgcsv,OP09-087,1,1,1,0,1,0,missing_tcgplayer_product_id_only,price_via_chain_tcgplayer_id_missing
1293,OP09-088,Shiryu,UC,,4369,1293,OP09-088,,base,Base,official-cardlist,OP09/base/OP09-088.png,https://en.onepiece-cardgame.com/images/cardlist/card/OP09-088.png?260305,1075,4369,1486,HIGH,exact_code_plus_base_flag,1486,619213,Shiryu (Judge Pack Vol. 5),Shiryu Judge Pack Vol 5,OP09-088,UC,,tcgcsv,1379,1486,0.18,0.75,19.99,0.65,,,2026-04-02 03:06:17,tcgcsv,OP09-088,1,1,1,0,1,0,missing_tcgplayer_product_id_only,price_via_chain_tcgplayer_id_missing
1294,OP09-089,Stronger,UC,,4372,1294,OP09-089,,base,Base,official-cardlist,OP09/base/OP09-089.png,https://en.onepiece-cardgame.com/images/cardlist/card/OP09-089.png?260305,1396,4372,1861,HIGH,exact_code_plus_base_flag,1861,668427,Stronger (CS 25-26 Top Player Pack Vol. 2),Stronger CS 25 26 Top Player Pack Vol 2,OP09-089,UC,,tcgcsv,1701,1861,3000.0,3000.0,3000.0,,,,2026-04-02 03:06:17,tcgcsv,OP09-089,1,1,1,0,1,0,missing_tcgplayer_product_id_only,price_via_chain_tcgplayer_id_missing
1295,OP09-090,Doc Q,R,,4378,1295,OP09-090,,base,Base,official-cardlist,OP09/base/OP09-090.png,https://en.onepiece-cardgame.com/images/cardlist/card/OP09-090.png?260305,3045,4378,3703,HIGH,exact_code_plus_base_flag,3703,597031,Doc Q,Doc Q,OP09-090,R,,tcgcsv,3530,3703,0.01,0.2,5.0,0.1,,,2026-04-02 03:06:19,tcgcsv,OP09-090,1,1,1,0,1,0,missing_tcgplayer_product_id_only,price_via_chain_tcgplayer_id_missing
1296,OP09-091,Vasco Shot,C,,4381,1296,OP09-091,,base,Base,official-cardlist,OP09/base/OP09-091.png,https://en.onepiece-cardgame.com/images/cardlist/card/OP09-091.png?260305,3046,4381,3704,HIGH,exact_code_plus_base_flag,3704,597032,Vasco Shot,Vasco Shot,OP09-091,C,,tcgcsv,3531,3704,0.01,0.1,1.58,0.06,,,2026-04-02 03:06:19,tcgcsv,OP09-091,1,1,1,0,1,0,missing_tcgplayer_product_id_only,price_via_chain_tcgplayer_id_missing
1297,OP09-092,Marshall.D.Teach,C,,4384,1297,OP09-092,,base,Base,official-cardlist,OP09/base/OP09-092.png,https://en.onepiece-cardgame.com/images/cardlist/card/OP09-092.png?260305,3047,4384,3705,HIGH,exact_code_plus_base_flag,3705,597033,Marshall.D.Teach (092),MarshallDTeach 092,OP09-092,C,,tcgcsv,3532,3705,0.01,0.1,1.96,0.06,,,2026-04-02 03:06:19,tcgcsv,OP09-092,1,1,1,0,1,0,missing_tcgplayer_product_id_only,price_via_chain_tcgplayer_id_missing
1298,OP09-093,Marshall.D.Teach,SR,,4386,1298,OP09-093,,base,Base,official-cardlist,OP09/base/OP09-093.png,https://en.onepiece-cardgame.com/images/cardlist/card/OP09-093.png?260305,1152,4386,1585,HIGH,exact_code_plus_base_flag,1585,635478,Marshall.D.Teach (093) (English Version 2nd Anniversary Set),MarshallDTeach 093 English Version 2nd Anniversary Set,OP09-093,SR,,tcgcsv,1463,1585,18.26,57.63,9999.0,46.46,,,2026-04-02 03:06:17,tcgcsv,OP09-093,1,1,1,0,1,0,missing_tcgplayer_product_id_only,price_via_chain_tcgplayer_id_missing
1299,OP09-094,Peachbeard,C,,4399,1299,OP09-094,,base,Base,official-cardlist,OP09/base/OP09-094.png,https://en.onepiece-cardgame.com/images/cardlist/card/OP09-094.png?260305,3052,4399,3710,HIGH,exact_code_plus_base_flag,3710,597038,Peachbeard,Peachbeard,OP09-094,C,,tcgcsv,3537,3710,0.01,0.1,3.87,0.05,,,2026-04-02 03:06:19,tcgcsv,OP09-094,1,1,1,0,1,0,missing_tcgplayer_product_id_only,price_via_chain_tcgplayer_id_missing
1300,OP09-095,Laffitte,R,,4401,1300,OP09-095,,base,Base,official-cardlist,OP09/base/OP09-095.png,https://en.onepiece-cardgame.com/images/cardlist/card/OP09-095.png?260305,1277,4401,1725,HIGH,exact_code_plus_base_flag,1725,649689,Laffitte (Premium Card Collection -Best Selection Vol. 4-),Laffitte Premium Card Collection Best Selection Vol 4,OP09-095,R,,tcgcsv,1580,1725,14.0,17.73,40.0,16.48,,,2026-04-02 03:06:17,tcgcsv,OP09-095,1,1,1,0,1,0,missing_tcgplayer_product_id_only,price_via_chain_tcgplayer_id_missing
1301,OP09-096,My Era...Begins!!,R,,4405,1301,OP09-096,,base,Base,official-cardlist,OP09/base/OP09-096.png,https://en.onepiece-cardgame.com/images/cardlist/card/OP09-096.png?260305,3054,4405,3712,HIGH,exact_code_plus_base_flag,3712,597040,My Era...Begins!!,My EraBegins,OP09-096,R,,tcgcsv,3539,3712,0.25,0.48,5.0,0.42,,,2026-04-02 03:06:19,tcgcsv,OP09-096,1,1,1,0,1,0,missing_tcgplayer_product_id_only,price_via_chain_tcgplayer_id_missing
1302,OP09-097,Black Vortex,C,,4410,1302,OP09-097,,base,Base,official-cardlist,OP09/base/OP09-097.png,https://en.onepiece-cardgame.com/images/cardlist/card/OP09-097.png?260305,3055,4410,3713,HIGH,exact_code_plus_base_flag,3713,597041,Black Vortex,Black Vortex,OP09-097,C,,tcgcsv,3540,3713,0.05,0.16,5.07,0.16,,,2026-04-02 03:06:19,tcgcsv,OP09-097,1,1,1,0,1,0,missing_tcgplayer_product_id_only,price_via_chain_tcgplayer_id_missing
1303,OP09-098,Black Hole,UC,,4414,1303,OP09-098,,base,Base,official-cardlist,OP09/base/OP09-098.png,https://en.onepiece-cardgame.com/images/cardlist/card/OP09-098.png?260305,3056,4414,3714,HIGH,exact_code_plus_base_flag,3714,597042,Black Hole,Black Hole,OP09-098,UC,,tcgcsv,3541,3714,0.02,0.23,2.0,0.15,,,2026-04-02 03:06:19,tcgcsv,OP09-098,1,1,1,0,1,0,missing_tcgplayer_product_id_only,price_via_chain_tcgplayer_id_missing
1304,OP09-099,Fullalead,C,,4418,1304,OP09-099,,base,Base,official-cardlist,OP09/base/OP09-099.png,https://en.onepiece-cardgame.com/images/cardlist/card/OP09-099.png?260305,3057,4418,3715,HIGH,exact_code_plus_base_flag,3715,597043,Fullalead,Fullalead,OP09-099,C,,tcgcsv,3542,3715,0.01,0.11,1.58,0.06,,,2026-04-02 03:06:19,tcgcsv,OP09-099,1,1,1,0,1,0,missing_tcgplayer_product_id_only,price_via_chain_tcgplayer_id_missing
1305,OP09-100,Karasu,UC,,4421,1305,OP09-100,,base,Base,official-cardlist,OP09/base/OP09-100.png,https://en.onepiece-cardgame.com/images/cardlist/card/OP09-100.png?260305,3058,4421,3716,HIGH,exact_code_plus_base_flag,3716,597044,Karasu,Karasu,OP09-100,UC,,tcgcsv,3543,3716,0.1,0.25,25.0,0.22,,,2026-04-02 03:06:19,tcgcsv,OP09-100,1,1,1,0,1,0,missing_tcgplayer_product_id_only,price_via_chain_tcgplayer_id_missing
1306,OP09-101,Kuzan,R,,4423,1306,OP09-101,,base,Base,official-cardlist,OP09/base/OP09-101.png,https://en.onepiece-cardgame.com/images/cardlist/card/OP09-101.png?260305,3059,4423,3717,HIGH,exact_code_plus_base_flag,3717,597045,Kuzan,Kuzan,OP09-101,R,,tcgcsv,3544,3717,0.01,0.2,15.0,0.07,,,2026-04-02 03:06:19,tcgcsv,OP09-101,1,1,1,0,1,0,missing_tcgplayer_product_id_only,price_via_chain_tcgplayer_id_missing
1307,OP09-102,Professor Clover,R,,4425,1307,OP09-102,,base,Base,official-cardlist,OP09/base/OP09-102.png,https://en.onepiece-cardgame.com/images/cardlist/card/OP09-102.png?260305,3060,4425,3718,HIGH,exact_code_plus_base_flag,3718,597046,Professor Clover,Professor Clover,OP09-102,R,,tcgcsv,3545,3718,0.01,0.19,5.0,0.17,,,2026-04-02 03:06:19,tcgcsv,OP09-102,1,1,1,0,1,0,missing_tcgplayer_product_id_only,price_via_chain_tcgplayer_id_missing
1308,OP09-103,Koala,SR,,4427,1308,OP09-103,,base,Base,official-cardlist,OP09/base/OP09-103.png,https://en.onepiece-cardgame.com/images/cardlist/card/OP09-103.png?260305,3061,4427,3719,HIGH,exact_code_plus_base_flag,3719,597047,Koala,Koala,OP09-103,SR,,tcgcsv,3546,3719,0.2,0.52,10.0,0.45,,,2026-04-02 03:06:19,tcgcsv,OP09-103,1,1,1,0,1,0,missing_tcgplayer_product_id_only,price_via_chain_tcgplayer_id_missing
1309,OP09-104,Sabo,R,,4431,1309,OP09-104,,base,Base,official-cardlist,OP09/base/OP09-104.png,https://en.onepiece-cardgame.com/images/cardlist/card/OP09-104.png?260305,3063,4431,3721,HIGH,exact_code_plus_base_flag,3721,597049,Sabo (104),Sabo 104,OP09-104,R,,tcgcsv,3548,3721,0.01,0.25,5.0,0.19,,,2026-04-02 03:06:19,tcgcsv,OP09-104,1,1,1,0,1,0,missing_tcgplayer_product_id_only,price_via_chain_tcgplayer_id_missing
1310,OP09-105,Sanji,C,,4433,1310,OP09-105,,base,Base,official-cardlist,OP09/base/OP09-105.png,https://en.onepiece-cardgame.com/images/cardlist/card/OP09-105.png?260305,3064,4433,3722,HIGH,exact_code_plus_base_flag,3722,597050,Sanji (105),Sanji 105,OP09-105,C,,tcgcsv,3549,3722,0.01,0.13,1.58,0.08,,,2026-04-02 03:06:19,tcgcsv,OP09-105,1,1,1,0,1,0,missing_tcgplayer_product_id_only,price_via_chain_tcgplayer_id_missing
1311,OP09-106,Nico Olvia,C,,4435,1311,OP09-106,,base,Base,official-cardlist,OP09/base/OP09-106.png,https://en.onepiece-cardgame.com/images/cardlist/card/OP09-106.png?260305,1060,4435,1471,HIGH,exact_code_plus_base_flag,1471,619197,Nico Olvia (Offline Regional Participation Pack 2025 Vol.1),Nico Olvia Offline Regional Participation Pack 2025 Vol1,OP09-106,C,,tcgcsv,1364,1471,35.0,39.97,99.99,37.32,,,2026-04-02 03:06:17,tcgcsv,OP09-106,1,1,1,0,1,0,missing_tcgplayer_product_id_only,price_via_chain_tcgplayer_id_missing
1312,OP09-107,Nico Robin,R,,4443,1312,OP09-107,,base,Base,official-cardlist,OP09/base/OP09-107.png,https://en.onepiece-cardgame.com/images/cardlist/card/OP09-107.png?260305,3066,4443,3724,HIGH,exact_code_plus_base_flag,3724,597052,Nico Robin (107),Nico Robin 107,OP09-107,R,,tcgcsv,3551,3724,0.58,2.5,10.0,1.43,,,2026-04-02 03:06:19,tcgcsv,OP09-107,1,1,1,0,1,0,missing_tcgplayer_product_id_only,price_via_chain_tcgplayer_id_missing
1313,OP09-108,Bartholomew Kuma,UC,,4447,1313,OP09-108,,base,Base,official-cardlist,OP09/base/OP09-108.png,https://en.onepiece-cardgame.com/images/cardlist/card/OP09-108.png?260305,1314,4447,1769,HIGH,exact_code_plus_base_flag,1769,655967,Bartholomew Kuma (Tournament Pack 2025 Vol. 4),Bartholomew Kuma Tournament Pack 2025 Vol 4,OP09-108,UC,,tcgcsv,1617,1769,0.1,0.35,5.0,0.27,,,2026-04-02 03:06:17,tcgcsv,OP09-108,1,1,1,0,1,0,missing_tcgplayer_product_id_only,price_via_chain_tcgplayer_id_missing
1314,OP09-109,Jaguar.D.Saul,UC,,4451,1314,OP09-109,,base,Base,official-cardlist,OP09/base/OP09-109.png,https://en.onepiece-cardgame.com/images/cardlist/card/OP09-109.png?260305,3069,4451,3727,HIGH,exact_code_plus_base_flag,3727,597055,Jaguar.D.Saul,JaguarDSaul,OP09-109,UC,,tcgcsv,3554,3727,0.01,0.15,2.0,0.12,,,2026-04-02 03:06:19,tcgcsv,OP09-109,1,1,1,0,1,0,missing_tcgplayer_product_id_only,price_via_chain_tcgplayer_id_missing
1315,OP09-110,Pierre,C,,4453,1315,OP09-110,,base,Base,official-cardlist,OP09/base/OP09-110.png,https://en.onepiece-cardgame.com/images/cardlist/card/OP09-110.png?260305,3070,4453,3728,HIGH,exact_code_plus_base_flag,3728,597056,Pierre,Pierre,OP09-110,C,,tcgcsv,3555,3728,0.01,0.1,1.58,0.05,,,2026-04-02 03:06:19,tcgcsv,OP09-110,1,1,1,0,1,0,missing_tcgplayer_product_id_only,price_via_chain_tcgplayer_id_missing
1316,OP09-111,Brook,C,,4455,1316,OP09-111,,base,Base,official-cardlist,OP09/base/OP09-111.png,https://en.onepiece-cardgame.com/images/cardlist/card/OP09-111.png?260305,3071,4455,3729,HIGH,exact_code_plus_base_flag,3729,597057,Brook (111),Brook 111,OP09-111,C,,tcgcsv,3556,3729,0.01,0.1,1.58,0.07,,,2026-04-02 03:06:19,tcgcsv,OP09-111,1,1,1,0,1,0,missing_tcgplayer_product_id_only,price_via_chain_tcgplayer_id_missing
1317,OP09-112,Belo Betty,C,,4457,1317,OP09-112,,base,Base,official-cardlist,OP09/base/OP09-112.png,https://en.onepiece-cardgame.com/images/cardlist/card/OP09-112.png?260305,3072,4457,3730,HIGH,exact_code_plus_base_flag,3730,597058,Belo Betty,Belo Betty,OP09-112,C,,tcgcsv,3557,3730,0.01,0.12,1.58,0.07,,,2026-04-02 03:06:19,tcgcsv,OP09-112,1,1,1,0,1,0,missing_tcgplayer_product_id_only,price_via_chain_tcgplayer_id_missing
1318,OP09-113,Morley,C,,4459,1318,OP09-113,,base,Base,official-cardlist,OP09/base/OP09-113.png,https://en.onepiece-cardgame.com/images/cardlist/card/OP09-113.png?260305,3073,4459,3731,HIGH,exact_code_plus_base_flag,3731,597059,Morley,Morley,OP09-113,C,,tcgcsv,3558,3731,0.01,0.1,1.58,0.02,,,2026-04-02 03:06:19,tcgcsv,OP09-113,1,1,1,0,1,0,missing_tcgplayer_product_id_only,price_via_chain_tcgplayer_id_missing
1319,OP09-114,Lindbergh,C,,4461,1319,OP09-114,,base,Base,official-cardlist,OP09/base/OP09-114.png,https://en.onepiece-cardgame.com/images/cardlist/card/OP09-114.png?260305,3074,4461,3732,HIGH,exact_code_plus_base_flag,3732,597060,Lindbergh,Lindbergh,OP09-114,C,,tcgcsv,3559,3732,0.01,0.1,1.58,0.06,,,2026-04-02 03:06:19,tcgcsv,OP09-114,1,1,1,0,1,0,missing_tcgplayer_product_id_only,price_via_chain_tcgplayer_id_missing
1320,OP09-115,Ice Block Partisan,UC,,4463,1320,OP09-115,,base,Base,official-cardlist,OP09/base/OP09-115.png,https://en.onepiece-cardgame.com/images/cardlist/card/OP09-115.png?260305,3075,4463,3733,HIGH,exact_code_plus_base_flag,3733,597061,Ice Block Partisan,Ice Block Partisan,OP09-115,UC,,tcgcsv,3560,3733,0.01,0.1,2.0,0.04,,,2026-04-02 03:06:19,tcgcsv,OP09-115,1,1,1,0,1,0,missing_tcgplayer_product_id_only,price_via_chain_tcgplayer_id_missing
1321,OP09-116,Never Underestimate the Power of Miracles!!,C,,4465,1321,OP09-116,,base,Base,official-cardlist,OP09/base/OP09-116.png,https://en.onepiece-cardgame.com/images/cardlist/card/OP09-116.png?260305,3076,4465,3734,HIGH,exact_code_plus_base_flag,3734,597062,Never Underestimate the Power of Miracles!!,Never Underestimate the Power of Miracles,OP09-116,C,,tcgcsv,3561,3734,0.01,0.1,3.77,0.07,,,2026-04-02 03:06:19,tcgcsv,OP09-116,1,1,1,0,1,0,missing_tcgplayer_product_id_only,price_via_chain_tcgplayer_id_missing
1322,OP09-117,Dereshi!,R,,4467,1322,OP09-117,,base,Base,official-cardlist,OP09/base/OP09-117.png,https://en.onepiece-cardgame.com/images/cardlist/card/OP09-117.png?260305,1278,4467,1726,HIGH,exact_code_plus_base_flag,1726,649690,Dereshi! (Premium Card Collection -Best Selection Vol. 4-),Dereshi Premium Card Collection Best Selection Vol 4,OP09-117,R,,tcgcsv,1581,1726,5.26,6.16,40.0,5.6,,,2026-04-02 03:06:17,tcgcsv,OP09-117,1,1,1,0,1,0,missing_tcgplayer_product_id_only,price_via_chain_tcgplayer_id_missing
1323,OP09-118,Gol.D.Roger,SP CARD,,4470,1323,OP09-118,,base,Base,official-cardlist,OP09/base/OP09-118.png,https://en.onepiece-cardgame.com/images/cardlist/card/OP09-118.png?260305,3078,4470,3736,HIGH,exact_code_plus_base_flag,3736,597064,Gol.D.Roger,GolDRoger,OP09-118,SEC,,tcgcsv,3563,3736,39.6,49.99,64.97,38.36,,,2026-04-02 03:06:19,tcgcsv,OP09-118,1,1,1,0,1,0,missing_tcgplayer_product_id_only,price_via_chain_tcgplayer_id_missing
1324,OP09-119,Monkey.D.Luffy,SP CARD,,4478,1324,OP09-119,,base,Base,official-cardlist,OP09/sp/OP09-119_sp.png,https://en.onepiece-cardgame.com/images/cardlist/card/OP09-119.png?260305,1428,4478,1905,HIGH,exact_code_plus_base_flag,1905,680493,Monkey.D.Luffy (Japanese Version 3rd Anniversary Set),MonkeyDLuffy Japanese Version 3rd Anniversary Set,OP09-119,SEC,,tcgcsv,1737,1905,158.0,180.0,299.99,159.96,,,2026-04-02 03:06:17,tcgcsv,OP09-119,1,1,1,0,1,0,missing_tcgplayer_product_id_only,price_via_chain_tcgplayer_id_missing
1325,OP10-001,Smoker,L,,4487,1325,OP10-001,,base,Base,official-cardlist,OP10/base/OP10-001.png,https://en.onepiece-cardgame.com/images/cardlist/card/OP10-001.png?260305,3087,4487,3753,HIGH,exact_code_plus_base_flag,3753,617030,Smoker (001),Smoker 001,OP10-001,L,,tcgcsv,3580,3753,0.01,0.21,10.15,0.21,,,2026-04-02 03:06:19,tcgcsv,OP10-001,1,1,1,0,1,0,missing_tcgplayer_product_id_only,price_via_chain_tcgplayer_id_missing
1326,OP10-002,Caesar Clown,L,,4491,1326,OP10-002,,base,Base,official-cardlist,OP10/base/OP10-002.png,https://en.onepiece-cardgame.com/images/cardlist/card/OP10-002.png?260305,3089,4491,3755,HIGH,exact_code_plus_base_flag,3755,617032,Caesar Clown (002),Caesar Clown 002,OP10-002,L,,tcgcsv,3582,3755,0.01,0.15,5.0,0.11,,,2026-04-02 03:06:19,tcgcsv,OP10-002,1,1,1,0,1,0,missing_tcgplayer_product_id_only,price_via_chain_tcgplayer_id_missing
1327,OP10-003,Sugar,L,,4495,1327,OP10-003,,base,Base,official-cardlist,OP10/base/OP10-003.png,https://en.onepiece-cardgame.com/images/cardlist/card/OP10-003.png?260305,3091,4495,3757,HIGH,exact_code_plus_base_flag,3757,617034,Sugar (003),Sugar 003,OP10-003,L,,tcgcsv,3584,3757,0.01,0.15,5.0,0.1,,,2026-04-02 03:06:19,tcgcsv,OP10-003,1,1,1,0,1,0,missing_tcgplayer_product_id_only,price_via_chain_tcgplayer_id_missing
1328,OP10-004,Vergo,R,,4499,1328,OP10-004,,base,Base,official-cardlist,OP10/base/OP10-004.png,https://en.onepiece-cardgame.com/images/cardlist/card/OP10-004.png?260305,3093,4499,3759,HIGH,exact_code_plus_base_flag,3759,617036,Vergo,Vergo,OP10-004,R,,tcgcsv,3586,3759,0.01,0.15,10.09,0.1,,,2026-04-02 03:06:19,tcgcsv,OP10-004,1,1,1,0,1,0,missing_tcgplayer_product_id_only,price_via_chain_tcgplayer_id_missing
1329,OP10-005,Sanji,SR,,4501,1329,OP10-005,,base,Base,official-cardlist,OP10/base/OP10-005.png,https://en.onepiece-cardgame.com/images/cardlist/card/OP10-005.png?260305,1327,4501,1782,HIGH,exact_code_plus_base_flag,1782,657118,Sanji (Treasure Cup 2025),Sanji Treasure Cup 2025,OP10-005,SR,,tcgcsv,,,,,,,,,,,OP10-005,1,1,1,0,1,0,missing_tcgplayer_product_id_only,price_via_chain_tcgplayer_id_missing
1330,OP10-006,Caesar Clown,UC,,4506,1330,OP10-006,,base,Base,official-cardlist,OP10/base/OP10-006.png,https://en.onepiece-cardgame.com/images/cardlist/card/OP10-006.png?260305,3096,4506,3762,HIGH,exact_code_plus_base_flag,3762,617039,Caesar Clown (006),Caesar Clown 006,OP10-006,UC,,tcgcsv,3589,3762,0.01,0.1,2.0,0.06,,,2026-04-02 03:06:19,tcgcsv,OP10-006,1,1,1,0,1,0,missing_tcgplayer_product_id_only,price_via_chain_tcgplayer_id_missing
1331,OP10-007,Ceaser Soldier,UC,,4508,1331,OP10-007,,base,Base,official-cardlist,OP10/base/OP10-007.png,https://en.onepiece-cardgame.com/images/cardlist/card/OP10-007.png?260305,3097,4508,3763,HIGH,exact_code_plus_base_flag,3763,617040,Ceaser Soldier,Ceaser Soldier,OP10-007,UC,,tcgcsv,3590,3763,0.01,0.1,2.0,0.08,,,2026-04-02 03:06:19,tcgcsv,OP10-007,1,1,1,0,1,0,missing_tcgplayer_product_id_only,price_via_chain_tcgplayer_id_missing
1332,OP10-008,Scotch,C,,4510,1332,OP10-008,,base,Base,official-cardlist,OP10/base/OP10-008.png,https://en.onepiece-cardgame.com/images/cardlist/card/OP10-008.png?260305,3098,4510,3764,HIGH,exact_code_plus_base_flag,3764,617041,Scotch,Scotch,OP10-008,C,,tcgcsv,3591,3764,0.01,0.1,6.14,0.03,,,2026-04-02 03:06:19,tcgcsv,OP10-008,1,1,1,0,1,0,missing_tcgplayer_product_id_only,price_via_chain_tcgplayer_id_missing
1333,OP10-009,Smiley,R,,4512,1333,OP10-009,,base,Base,official-cardlist,OP10/base/OP10-009.png,https://en.onepiece-cardgame.com/images/cardlist/card/OP10-009.png?260305,3099,4512,3765,HIGH,exact_code_plus_base_flag,3765,617042,Smiley,Smiley,OP10-009,R,,tcgcsv,3592,3765,0.01,0.13,10.08,0.08,,,2026-04-02 03:06:19,tcgcsv,OP10-009,1,1,1,0,1,0,missing_tcgplayer_product_id_only,price_via_chain_tcgplayer_id_missing
1334,OP10-010,Chadros.Higelyges (Brownbeard),C,,4514,1334,OP10-010,,base,Base,official-cardlist,OP10/base/OP10-010.png,https://en.onepiece-cardgame.com/images/cardlist/card/OP10-010.png?260305,3100,4514,3766,HIGH,exact_code_plus_base_flag,3766,617043,Chadros.Higelyges (Brownbeard),ChadrosHigelyges Brownbeard,OP10-010,C,,tcgcsv,3593,3766,0.01,0.1,1.58,0.07,,,2026-04-02 03:06:19,tcgcsv,OP10-010,1,1,1,0,1,0,missing_tcgplayer_product_id_only,price_via_chain_tcgplayer_id_missing
1335,OP10-011,Tony Tony.Chopper,R,,4516,1335,OP10-011,,base,Base,official-cardlist,OP10/base/OP10-011.png,https://en.onepiece-cardgame.com/images/cardlist/card/OP10-011.png?260305,1180,4516,1618,HIGH,exact_code_plus_base_flag,1618,641228,Tony Tony.Chopper (Judge Pack Vol. 6),Tony TonyChopper Judge Pack Vol 6,OP10-011,R,,tcgcsv,1496,1618,4.0,4.75,15.0,4.44,,,2026-04-02 03:06:17,tcgcsv,OP10-011,1,1,1,0,1,0,missing_tcgplayer_product_id_only,price_via_chain_tcgplayer_id_missing
1336,OP10-012,Dragon Number Thirteen,C,,4521,1336,OP10-012,,base,Base,official-cardlist,OP10/base/OP10-012.png,https://en.onepiece-cardgame.com/images/cardlist/card/OP10-012.png?260305,3102,4521,3768,HIGH,exact_code_plus_base_flag,3768,617045,Dragon Number Thirteen,Dragon Number Thirteen,OP10-012,C,,tcgcsv,3595,3768,0.01,0.1,1.58,0.06,,,2026-04-02 03:06:19,tcgcsv,OP10-012,1,1,1,0,1,0,missing_tcgplayer_product_id_only,price_via_chain_tcgplayer_id_missing
1337,OP10-013,Nami,C,,4522,1337,OP10-013,,base,Base,official-cardlist,OP10/base/OP10-013.png,https://en.onepiece-cardgame.com/images/cardlist/card/OP10-013.png?260305,3103,4522,3769,HIGH,exact_code_plus_base_flag,3769,617046,Nami (013),Nami 013,OP10-013,C,,tcgcsv,3596,3769,0.01,0.1,2.5,0.07,,,2026-04-02 03:06:19,tcgcsv,OP10-013,1,1,1,0,1,0,missing_tcgplayer_product_id_only,price_via_chain_tcgplayer_id_missing
1338,OP10-014,Franky,C,,4524,1338,OP10-014,,base,Base,official-cardlist,OP10/base/OP10-014.png,https://en.onepiece-cardgame.com/images/cardlist/card/OP10-014.png?260305,3104,4524,3770,HIGH,exact_code_plus_base_flag,3770,617047,Franky (014),Franky 014,OP10-014,C,,tcgcsv,3597,3770,0.01,0.13,1.58,0.1,,,2026-04-02 03:06:19,tcgcsv,OP10-014,1,1,1,0,1,0,missing_tcgplayer_product_id_only,price_via_chain_tcgplayer_id_missing
1339,OP10-015,Mocha,UC,,4526,1339,OP10-015,,base,Base,official-cardlist,OP10/base/OP10-015.png,https://en.onepiece-cardgame.com/images/cardlist/card/OP10-015.png?260305,3105,4526,3771,HIGH,exact_code_plus_base_flag,3771,617048,Mocha,Mocha,OP10-015,UC,,tcgcsv,3598,3771,0.01,0.1,2.0,0.08,,,2026-04-02 03:06:19,tcgcsv,OP10-015,1,1,1,0,1,0,missing_tcgplayer_product_id_only,price_via_chain_tcgplayer_id_missing
1340,OP10-016,Monet,SR,,4528,1340,OP10-016,,base,Base,official-cardlist,OP10/base/OP10-016.png,https://en.onepiece-cardgame.com/images/cardlist/card/OP10-016.png?260305,3106,4528,3772,HIGH,exact_code_plus_base_flag,3772,617049,Monet,Monet,OP10-016,SR,,tcgcsv,3599,3772,0.13,0.5,10.0,0.36,,,2026-04-02 03:06:19,tcgcsv,OP10-016,1,1,1,0,1,0,missing_tcgplayer_product_id_only,price_via_chain_tcgplayer_id_missing
1341,OP10-017,Rock,C,,4532,1341,OP10-017,,base,Base,official-cardlist,OP10/base/OP10-017.png,https://en.onepiece-cardgame.com/images/cardlist/card/OP10-017.png?260305,3108,4532,3774,HIGH,exact_code_plus_base_flag,3774,617051,Rock,Rock,OP10-017,C,,tcgcsv,3601,3774,0.01,0.1,1.58,0.03,,,2026-04-02 03:06:19,tcgcsv,OP10-017,1,1,1,0,1,0,missing_tcgplayer_product_id_only,price_via_chain_tcgplayer_id_missing
1342,OP10-018,Ten-Layer Igloo,C,,4534,1342,OP10-018,,base,Base,official-cardlist,OP10/base/OP10-018.png,https://en.onepiece-cardgame.com/images/cardlist/card/OP10-018.png?260305,3109,4534,3775,HIGH,exact_code_plus_base_flag,3775,617052,Ten-Layer Igloo,Ten Layer Igloo,OP10-018,C,,tcgcsv,3602,3775,0.01,0.12,1.99,0.09,,,2026-04-02 03:06:19,tcgcsv,OP10-018,1,1,1,0,1,0,missing_tcgplayer_product_id_only,price_via_chain_tcgplayer_id_missing
1343,OP10-019,Divine Departure,R,,4538,1343,OP10-019,,base,Base,official-cardlist,OP10/base/OP10-019.png,https://en.onepiece-cardgame.com/images/cardlist/card/OP10-019.png?260305,3110,4538,3776,HIGH,exact_code_plus_base_flag,3776,617053,Divine Departure,Divine Departure,OP10-019,R,,tcgcsv,3603,3776,0.03,0.41,10.31,0.38,,,2026-04-02 03:06:19,tcgcsv,OP10-019,1,1,1,0,1,0,missing_tcgplayer_product_id_only,price_via_chain_tcgplayer_id_missing
1344,OP10-020,Gum-Gum UFO,UC,,4542,1344,OP10-020,,base,Base,official-cardlist,OP10/base/OP10-020.png,https://en.onepiece-cardgame.com/images/cardlist/card/OP10-020.png?260305,1181,4542,1619,HIGH,exact_code_plus_base_flag,1619,641232,Gum-Gum UFO (Judge Pack Vol. 6),Gum Gum UFO Judge Pack Vol 6,OP10-020,UC,,tcgcsv,1497,1619,0.64,0.93,24.99,0.8,,,2026-04-02 03:06:17,tcgcsv,OP10-020,1,1,1,0,1,0,missing_tcgplayer_product_id_only,price_via_chain_tcgplayer_id_missing
1345,OP10-021,Punk Hazard,C,,4544,1345,OP10-021,,base,Base,official-cardlist,OP10/base/OP10-021.png,https://en.onepiece-cardgame.com/images/cardlist/card/OP10-021.png?260305,3113,4544,3779,HIGH,exact_code_plus_base_flag,3779,617056,Punk Hazard,Punk Hazard,OP10-021,C,,tcgcsv,3606,3779,0.01,0.1,1.58,0.04,,,2026-04-02 03:06:19,tcgcsv,OP10-021,1,1,1,0,1,0,missing_tcgplayer_product_id_only,price_via_chain_tcgplayer_id_missing
1346,OP10-022,Trafalgar Law,L,,4546,1346,OP10-022,,base,Base,official-cardlist,OP10/base/OP10-022.png,https://en.onepiece-cardgame.com/images/cardlist/card/OP10-022.png?260305,3114,4546,3780,HIGH,exact_code_plus_base_flag,3780,617057,Trafalgar Law (022),Trafalgar Law 022,OP10-022,L,,tcgcsv,3607,3780,0.01,0.17,5.0,0.15,,,2026-04-02 03:06:19,tcgcsv,OP10-022,1,1,1,0,1,0,missing_tcgplayer_product_id_only,price_via_chain_tcgplayer_id_missing
1347,OP10-023,Issho,C,,4550,1347,OP10-023,,base,Base,official-cardlist,OP10/base/OP10-023.png,https://en.onepiece-cardgame.com/images/cardlist/card/OP10-023.png?260305,3116,4550,3782,HIGH,exact_code_plus_base_flag,3782,617059,Issho,Issho,OP10-023,C,,tcgcsv,3609,3782,0.01,0.1,1.58,0.07,,,2026-04-02 03:06:19,tcgcsv,OP10-023,1,1,1,0,1,0,missing_tcgplayer_product_id_only,price_via_chain_tcgplayer_id_missing
1348,OP10-024,Edward.Newgate,C,,4552,1348,OP10-024,,base,Base,official-cardlist,OP10/base/OP10-024.png,https://en.onepiece-cardgame.com/images/cardlist/card/OP10-024.png?260305,3117,4552,3783,HIGH,exact_code_plus_base_flag,3783,617060,Edward.Newgate,EdwardNewgate,OP10-024,C,,tcgcsv,3610,3783,0.01,0.11,5.93,0.07,,,2026-04-02 03:06:19,tcgcsv,OP10-024,1,1,1,0,1,0,missing_tcgplayer_product_id_only,price_via_chain_tcgplayer_id_missing
1349,OP10-025,Enel,R,,4554,1349,OP10-025,,base,Base,official-cardlist,OP10/base/OP10-025.png,https://en.onepiece-cardgame.com/images/cardlist/card/OP10-025.png?260305,1182,4554,1620,HIGH,exact_code_plus_base_flag,1620,641234,Enel (Judge Pack Vol. 6),Enel Judge Pack Vol 6,OP10-025,R,,tcgcsv,1498,1620,0.68,1.37,24.99,1.11,,,2026-04-02 03:06:17,tcgcsv,OP10-025,1,1,1,0,1,0,missing_tcgplayer_product_id_only,price_via_chain_tcgplayer_id_missing
1350,OP10-026,Kin'emon,C,,4556,1350,OP10-026,,base,Base,official-cardlist,OP10/base/OP10-026.png,https://en.onepiece-cardgame.com/images/cardlist/card/OP10-026.png?260305,3119,4556,3785,HIGH,exact_code_plus_base_flag,3785,617062,Kin'emon (026),Kinemon 026,OP10-026,C,,tcgcsv,3612,3785,0.01,0.1,1.58,0.06,,,2026-04-02 03:06:19,tcgcsv,OP10-026,1,1,1,0,1,0,missing_tcgplayer_product_id_only,price_via_chain_tcgplayer_id_missing
1351,OP10-027,Kin'emon,UC,,4558,1351,OP10-027,,base,Base,official-cardlist,OP10/base/OP10-027.png,https://en.onepiece-cardgame.com/images/cardlist/card/OP10-027.png?260305,3120,4558,3786,HIGH,exact_code_plus_base_flag,3786,617063,Kin'emon (027),Kinemon 027,OP10-027,UC,,tcgcsv,3613,3786,0.01,0.12,2.0,0.08,,,2026-04-02 03:06:19,tcgcsv,OP10-027,1,1,1,0,1,0,missing_tcgplayer_product_id_only,price_via_chain_tcgplayer_id_missing
1352,OP10-028,Kouzuki Momonosuke,UC,,4560,1352,OP10-028,,base,Base,official-cardlist,OP10/base/OP10-028.png,https://en.onepiece-cardgame.com/images/cardlist/card/OP10-028.png?260305,1279,4560,1727,HIGH,exact_code_plus_base_flag,1727,649691,Kouzuki Momonosuke (Premium Card Collection -Best Selection Vol. 4-),Kouzuki Momonosuke Premium Card Collection Best Selection Vol 4,OP10-028,UC,,tcgcsv,1582,1727,2.49,4.45,40.0,3.07,,,2026-04-02 03:06:17,tcgcsv,OP10-028,1,1,1,0,1,0,missing_tcgplayer_product_id_only,price_via_chain_tcgplayer_id_missing
1353,OP10-029,Dracule Mihawk,R,,4563,1353,OP10-029,,base,Base,official-cardlist,OP10/base/OP10-029.png,https://en.onepiece-cardgame.com/images/cardlist/card/OP10-029.png?260305,3122,4563,3788,HIGH,exact_code_plus_base_flag,3788,617065,Dracule Mihawk,Dracule Mihawk,OP10-029,R,,tcgcsv,3615,3788,0.01,0.23,5.0,0.15,,,2026-04-02 03:06:19,tcgcsv,OP10-029,1,1,1,0,1,0,missing_tcgplayer_product_id_only,price_via_chain_tcgplayer_id_missing
1354,OP10-030,Smoker,SP CARD,,4565,1354,OP10-030,,base,Base,official-cardlist,OP10/sp/OP10-030_sp.png,https://en.onepiece-cardgame.com/images/cardlist/card/OP10-030.png?260305,3123,4565,3789,HIGH,exact_code_plus_base_flag,3789,617066,Smoker (030),Smoker 030,OP10-030,SR,,tcgcsv,3616,3789,0.49,1.25,25.0,1.06,,,2026-04-02 03:06:19,tcgcsv,OP10-030,1,1,1,0,1,0,missing_tcgplayer_product_id_only,price_via_chain_tcgplayer_id_missing
1355,OP10-031,Sengoku,C,,4573,1355,OP10-031,,base,Base,official-cardlist,OP10/base/OP10-031.png,https://en.onepiece-cardgame.com/images/cardlist/card/OP10-031.png?260305,3125,4573,3791,HIGH,exact_code_plus_base_flag,3791,617068,Sengoku,Sengoku,OP10-031,C,,tcgcsv,3618,3791,0.01,0.1,1.58,0.05,,,2026-04-02 03:06:19,tcgcsv,OP10-031,1,1,1,0,1,0,missing_tcgplayer_product_id_only,price_via_chain_tcgplayer_id_missing
1356,OP10-032,Tashigi,SR,,4575,1356,OP10-032,,base,Base,official-cardlist,OP10/base/OP10-032.png,https://en.onepiece-cardgame.com/images/cardlist/card/OP10-032.png?260305,3126,4575,3792,HIGH,exact_code_plus_base_flag,3792,617069,Tashigi,Tashigi,OP10-032,SR,,tcgcsv,3619,3792,2.5,4.0,50.0,3.59,,,2026-04-02 03:06:19,tcgcsv,OP10-032,1,1,1,0,1,0,missing_tcgplayer_product_id_only,price_via_chain_tcgplayer_id_missing
1357,OP10-033,Nami,UC,,4580,1357,OP10-033,,base,Base,official-cardlist,OP10/base/OP10-033.png,https://en.onepiece-cardgame.com/images/cardlist/card/OP10-033.png?260305,1253,4580,1698,HIGH,exact_code_plus_base_flag,1698,649658,Nami (CS 25-26 Finalist Card Set 1),Nami CS 25 26 Finalist Card Set 1,OP10-033,UC,,tcgcsv,1564,1698,2499.99,3750.0,5000.0,775.0,,,2026-04-02 03:06:17,tcgcsv,OP10-033,1,1,1,0,1,0,missing_tcgplayer_product_id_only,price_via_chain_tcgplayer_id_missing
1358,OP10-034,Franky,C,,4584,1358,OP10-034,,base,Base,official-cardlist,OP10/base/OP10-034.png,https://en.onepiece-cardgame.com/images/cardlist/card/OP10-034.png?260305,3129,4584,3795,HIGH,exact_code_plus_base_flag,3795,617072,Franky (034),Franky 034,OP10-034,C,,tcgcsv,3622,3795,0.01,0.1,1.58,0.06,,,2026-04-02 03:06:19,tcgcsv,OP10-034,1,1,1,0,1,0,missing_tcgplayer_product_id_only,price_via_chain_tcgplayer_id_missing
1359,OP10-035,Brook,C,,4586,1359,OP10-035,,base,Base,official-cardlist,OP10/base/OP10-035.png,https://en.onepiece-cardgame.com/images/cardlist/card/OP10-035.png?260305,3130,4586,3796,HIGH,exact_code_plus_base_flag,3796,617073,Brook (035),Brook 035,OP10-035,C,,tcgcsv,3623,3796,0.01,0.1,1.58,0.09,,,2026-04-02 03:06:19,tcgcsv,OP10-035,1,1,1,0,1,0,missing_tcgplayer_product_id_only,price_via_chain_tcgplayer_id_missing
1360,OP10-036,Perona,C,,4588,1360,OP10-036,,base,Base,official-cardlist,OP10/base/OP10-036.png,https://en.onepiece-cardgame.com/images/cardlist/card/OP10-036.png?260305,3131,4588,3797,HIGH,exact_code_plus_base_flag,3797,617074,Perona (036),Perona 036,OP10-036,C,,tcgcsv,3624,3797,0.01,0.14,1.58,0.13,,,2026-04-02 03:06:19,tcgcsv,OP10-036,1,1,1,0,1,0,missing_tcgplayer_product_id_only,price_via_chain_tcgplayer_id_missing
1361,OP10-037,Lim,R,,4590,1361,OP10-037,,base,Base,official-cardlist,OP10/base/OP10-037.png,https://en.onepiece-cardgame.com/images/cardlist/card/OP10-037.png?260305,3132,4590,3798,HIGH,exact_code_plus_base_flag,3798,617075,Lim,Lim,OP10-037,R,,tcgcsv,3625,3798,0.05,0.24,5.0,0.16,,,2026-04-02 03:06:19,tcgcsv,OP10-037,1,1,1,0,1,0,missing_tcgplayer_product_id_only,price_via_chain_tcgplayer_id_missing
1362,OP10-038,Roronoa Zoro,C,,4594,1362,OP10-038,,base,Base,official-cardlist,OP10/base/OP10-038.png,https://en.onepiece-cardgame.com/images/cardlist/card/OP10-038.png?260305,3134,4594,3800,HIGH,exact_code_plus_base_flag,3800,617077,Roronoa Zoro (038),Roronoa Zoro 038,OP10-038,C,,tcgcsv,3627,3800,0.01,0.14,1.58,0.13,,,2026-04-02 03:06:19,tcgcsv,OP10-038,1,1,1,0,1,0,missing_tcgplayer_product_id_only,price_via_chain_tcgplayer_id_missing
1363,OP10-039,Gum-Gum Dragon Fire Pistol Twister Star,UC,,4596,1363,OP10-039,,base,Base,official-cardlist,OP10/base/OP10-039.png,https://en.onepiece-cardgame.com/images/cardlist/card/OP10-039.png?260305,3135,4596,3801,HIGH,exact_code_plus_base_flag,3801,617078,Gum-Gum Dragon Fire Pistol Twister Star,Gum Gum Dragon Fire Pistol Twister Star,OP10-039,UC,,tcgcsv,3628,3801,0.01,0.1,2.0,0.06,,,2026-04-02 03:06:19,tcgcsv,OP10-039,1,1,1,0,1,0,missing_tcgplayer_product_id_only,price_via_chain_tcgplayer_id_missing
1364,OP10-040,The Weak Do Not Have the Right to Choose How They Die,C,,4598,1364,OP10-040,,base,Base,official-cardlist,OP10/base/OP10-040.png,https://en.onepiece-cardgame.com/images/cardlist/card/OP10-040.png?260305,3136,4598,3802,HIGH,exact_code_plus_base_flag,3802,617079,The Weak Do Not Have the Right to Choose How They Die,The Weak Do Not Have the Right to Choose How They Die,OP10-040,C,,tcgcsv,3629,3802,0.01,0.1,2.23,0.07,,,2026-04-02 03:06:19,tcgcsv,OP10-040,1,1,1,0,1,0,missing_tcgplayer_product_id_only,price_via_chain_tcgplayer_id_missing
1365,OP10-041,Radio Knife,R,,4600,1365,OP10-041,,base,Base,official-cardlist,OP10/base/OP10-041.png,https://en.onepiece-cardgame.com/images/cardlist/card/OP10-041.png?260305,3137,4600,3803,HIGH,exact_code_plus_base_flag,3803,617080,Radio Knife,Radio Knife,OP10-041,R,,tcgcsv,3630,3803,0.01,0.19,35.0,0.14,,,2026-04-02 03:06:19,tcgcsv,OP10-041,1,1,1,0,1,0,missing_tcgplayer_product_id_only,price_via_chain_tcgplayer_id_missing
1366,OP10-042,Usopp,L,,4602,1366,OP10-042,,base,Base,official-cardlist,OP10/base/OP10-042.png,https://en.onepiece-cardgame.com/images/cardlist/card/OP10-042.png?260305,1213,4602,1656,HIGH,exact_code_plus_base_flag,1656,647759,Usopp (Official Playmat -Limited Edition Vol. 3-),Usopp Official Playmat Limited Edition Vol 3,OP10-042,L,,tcgcsv,1527,1656,96.92,104.84,199.99,96.78,,,2026-04-02 03:06:17,tcgcsv,OP10-042,1,1,1,0,1,0,missing_tcgplayer_product_id_only,price_via_chain_tcgplayer_id_missing
1367,OP10-043,Moocy,C,,4607,1367,OP10-043,,base,Base,official-cardlist,OP10/base/OP10-043.png,https://en.onepiece-cardgame.com/images/cardlist/card/OP10-043.png?260305,3140,4607,3806,HIGH,exact_code_plus_base_flag,3806,617083,Moocy,Moocy,OP10-043,C,,tcgcsv,3633,3806,0.01,0.1,1.58,0.06,,,2026-04-02 03:06:19,tcgcsv,OP10-043,1,1,1,0,1,0,missing_tcgplayer_product_id_only,price_via_chain_tcgplayer_id_missing
1368,OP10-044,Cub,UC,,4609,1368,OP10-044,,base,Base,official-cardlist,OP10/base/OP10-044.png,https://en.onepiece-cardgame.com/images/cardlist/card/OP10-044.png?260305,3141,4609,3807,HIGH,exact_code_plus_base_flag,3807,617084,Cub,Cub,OP10-044,UC,,tcgcsv,3634,3807,0.01,0.1,2.0,0.04,,,2026-04-02 03:06:19,tcgcsv,OP10-044,1,1,1,0,1,0,missing_tcgplayer_product_id_only,price_via_chain_tcgplayer_id_missing
1369,OP10-045,Cavendish,R,,4611,1369,OP10-045,,base,Base,official-cardlist,OP10/base/OP10-045.png,https://en.onepiece-cardgame.com/images/cardlist/card/OP10-045.png?260305,3142,4611,3808,HIGH,exact_code_plus_base_flag,3808,617085,Cavendish (045),Cavendish 045,OP10-045,R,,tcgcsv,3635,3808,6.26,10.42,15.0,9.09,,,2026-04-02 03:06:19,tcgcsv,OP10-045,1,1,1,0,1,0,missing_tcgplayer_product_id_only,price_via_chain_tcgplayer_id_missing
1370,OP10-046,Kyros,SR,,4615,1370,OP10-046,,base,Base,official-cardlist,OP10/base/OP10-046.png,https://en.onepiece-cardgame.com/images/cardlist/card/OP10-046.png?260305,3144,4615,3810,HIGH,exact_code_plus_base_flag,3810,617087,Kyros,Kyros,OP10-046,SR,,tcgcsv,3637,3810,0.05,0.47,10.0,0.3,,,2026-04-02 03:06:19,tcgcsv,OP10-046,1,1,1,0,1,0,missing_tcgplayer_product_id_only,price_via_chain_tcgplayer_id_missing
1371,OP10-047,Koala,UC,,4620,1371,OP10-047,,base,Base,official-cardlist,OP10/base/OP10-047.png,https://en.onepiece-cardgame.com/images/cardlist/card/OP10-047.png?260305,3146,4620,3812,HIGH,exact_code_plus_base_flag,3812,617089,Koala,Koala,OP10-047,UC,,tcgcsv,3639,3812,0.01,0.11,2.0,0.09,,,2026-04-02 03:06:19,tcgcsv,OP10-047,1,1,1,0,1,0,missing_tcgplayer_product_id_only,price_via_chain_tcgplayer_id_missing
1372,OP10-048,Sai,C,,4622,1372,OP10-048,,base,Base,official-cardlist,OP10/base/OP10-048.png,https://en.onepiece-cardgame.com/images/cardlist/card/OP10-048.png?260305,3147,4622,3813,HIGH,exact_code_plus_base_flag,3813,617090,Sai,Sai,OP10-048,C,,tcgcsv,3640,3813,0.01,0.1,1.98,0.04,,,2026-04-02 03:06:19,tcgcsv,OP10-048,1,1,1,0,1,0,missing_tcgplayer_product_id_only,price_via_chain_tcgplayer_id_missing
1373,OP10-049,Sabo,R,,4624,1373,OP10-049,,base,Base,official-cardlist,OP10/base/OP10-049.png,https://en.onepiece-cardgame.com/images/cardlist/card/OP10-049.png?260305,1280,4624,1728,HIGH,exact_code_plus_base_flag,1728,649692,Sabo (Premium Card Collection -Best Selection Vol. 4-),Sabo Premium Card Collection Best Selection Vol 4,OP10-049,R,,tcgcsv,1583,1728,5.86,9.47,40.0,7.27,,,2026-04-02 03:06:17,tcgcsv,OP10-049,1,1,1,0,1,0,missing_tcgplayer_product_id_only,price_via_chain_tcgplayer_id_missing
1374,OP10-050,Hajrudin,C,,4627,1374,OP10-050,,base,Base,official-cardlist,OP10/base/OP10-050.png,https://en.onepiece-cardgame.com/images/cardlist/card/OP10-050.png?260305,3149,4627,3815,HIGH,exact_code_plus_base_flag,3815,617092,Hajrudin,Hajrudin,OP10-050,C,,tcgcsv,3642,3815,0.01,0.1,1.58,0.04,,,2026-04-02 03:06:19,tcgcsv,OP10-050,1,1,1,0,1,0,missing_tcgplayer_product_id_only,price_via_chain_tcgplayer_id_missing
1375,OP10-051,Hack,UC,,4629,1375,OP10-051,,base,Base,official-cardlist,OP10/base/OP10-051.png,https://en.onepiece-cardgame.com/images/cardlist/card/OP10-051.png?260305,3150,4629,3816,HIGH,exact_code_plus_base_flag,3816,617093,Hack,Hack,OP10-051,UC,,tcgcsv,3643,3816,0.01,0.1,2.0,0.08,,,2026-04-02 03:06:19,tcgcsv,OP10-051,1,1,1,0,1,0,missing_tcgplayer_product_id_only,price_via_chain_tcgplayer_id_missing
1376,OP10-052,Bartolomeo,C,,4631,1376,OP10-052,,base,Base,official-cardlist,OP10/base/OP10-052.png,https://en.onepiece-cardgame.com/images/cardlist/card/OP10-052.png?260305,3151,4631,3817,HIGH,exact_code_plus_base_flag,3817,617094,Bartolomeo,Bartolomeo,OP10-052,C,,tcgcsv,3644,3817,0.01,0.1,1.58,0.06,,,2026-04-02 03:06:19,tcgcsv,OP10-052,1,1,1,0,1,0,missing_tcgplayer_product_id_only,price_via_chain_tcgplayer_id_missing
1377,OP10-053,Bian,C,,4633,1377,OP10-053,,base,Base,official-cardlist,OP10/base/OP10-053.png,https://en.onepiece-cardgame.com/images/cardlist/card/OP10-053.png?260305,3152,4633,3818,HIGH,exact_code_plus_base_flag,3818,617095,Bian,Bian,OP10-053,C,,tcgcsv,3645,3818,0.01,0.1,1.58,0.03,,,2026-04-02 03:06:19,tcgcsv,OP10-053,1,1,1,0,1,0,missing_tcgplayer_product_id_only,price_via_chain_tcgplayer_id_missing
1378,OP10-054,Blue Gilly,C,,4635,1378,OP10-054,,base,Base,official-cardlist,OP10/base/OP10-054.png,https://en.onepiece-cardgame.com/images/cardlist/card/OP10-054.png?260305,3153,4635,3819,HIGH,exact_code_plus_base_flag,3819,617096,Blue Gilly,Blue Gilly,OP10-054,C,,tcgcsv,3646,3819,0.01,0.1,1.58,0.05,,,2026-04-02 03:06:19,tcgcsv,OP10-054,1,1,1,0,1,0,missing_tcgplayer_product_id_only,price_via_chain_tcgplayer_id_missing
1379,OP10-055,Marco,R,,4637,1379,OP10-055,,base,Base,official-cardlist,OP10/base/OP10-055.png,https://en.onepiece-cardgame.com/images/cardlist/card/OP10-055.png?260305,3154,4637,3820,HIGH,exact_code_plus_base_flag,3820,617097,Marco,Marco,OP10-055,R,,tcgcsv,3647,3820,0.03,0.18,10.15,0.16,,,2026-04-02 03:06:19,tcgcsv,OP10-055,1,1,1,0,1,0,missing_tcgplayer_product_id_only,price_via_chain_tcgplayer_id_missing
1380,OP10-056,Mansherry,UC,,4639,1380,OP10-056,,base,Base,official-cardlist,OP10/base/OP10-056.png,https://en.onepiece-cardgame.com/images/cardlist/card/OP10-056.png?260305,3155,4639,3821,HIGH,exact_code_plus_base_flag,3821,617098,Mansherry,Mansherry,OP10-056,UC,,tcgcsv,3648,3821,0.01,0.15,2.0,0.06,,,2026-04-02 03:06:19,tcgcsv,OP10-056,1,1,1,0,1,0,missing_tcgplayer_product_id_only,price_via_chain_tcgplayer_id_missing
1381,OP10-057,Leo,R,,4641,1381,OP10-057,,base,Base,official-cardlist,OP10/base/OP10-057.png,https://en.onepiece-cardgame.com/images/cardlist/card/OP10-057.png?260305,1183,4641,1621,HIGH,exact_code_plus_base_flag,1621,641236,Leo (Judge Pack Vol. 6),Leo Judge Pack Vol 6,OP10-057,R,,tcgcsv,1499,1621,0.3,0.85,7.5,0.49,,,2026-04-02 03:06:17,tcgcsv,OP10-057,1,1,1,0,1,0,missing_tcgplayer_product_id_only,price_via_chain_tcgplayer_id_missing
1382,OP10-058,Rebecca,SR,,4643,1382,OP10-058,,base,Base,official-cardlist,OP10/base/OP10-058.png,https://en.onepiece-cardgame.com/images/cardlist/card/OP10-058.png?260305,3157,4643,3823,HIGH,exact_code_plus_base_flag,3823,617100,Rebecca,Rebecca,OP10-058,SR,,tcgcsv,3650,3823,0.15,0.75,25.0,0.61,,,2026-04-02 03:06:19,tcgcsv,OP10-058,1,1,1,0,1,0,missing_tcgplayer_product_id_only,price_via_chain_tcgplayer_id_missing
1383,OP10-059,Fo...llow...Me...and...I...Will...Gui...de...You,R,,4647,1383,OP10-059,,base,Base,official-cardlist,OP10/base/OP10-059.png,https://en.onepiece-cardgame.com/images/cardlist/card/OP10-059.png?260305,3159,4647,3825,HIGH,exact_code_plus_base_flag,3825,617102,Fo...llow...Me...and...I...Will...Gui...de...You,FollowMeandIWillGuideYou,OP10-059,R,,tcgcsv,3652,3825,0.08,0.49,5.0,0.7,,,2026-04-02 03:06:19,tcgcsv,OP10-059,1,1,1,0,1,0,missing_tcgplayer_product_id_only,price_via_chain_tcgplayer_id_missing
1384,OP10-060,Barrier-Barrier Pistol,C,,4649,1384,OP10-060,,base,Base,official-cardlist,OP10/base/OP10-060.png,https://en.onepiece-cardgame.com/images/cardlist/card/OP10-060.png?260305,3160,4649,3826,HIGH,exact_code_plus_base_flag,3826,617103,Barrier-Barrier Pistol,Barrier Barrier Pistol,OP10-060,C,,tcgcsv,3653,3826,0.01,0.2,1.58,0.14,,,2026-04-02 03:06:19,tcgcsv,OP10-060,1,1,1,0,1,0,missing_tcgplayer_product_id_only,price_via_chain_tcgplayer_id_missing
1385,OP10-061,Special Long-Range Attack!! Bagworm,UC,,4651,1385,OP10-061,,base,Base,official-cardlist,OP10/base/OP10-061.png,https://en.onepiece-cardgame.com/images/cardlist/card/OP10-061.png?260305,3161,4651,3827,HIGH,exact_code_plus_base_flag,3827,617104,Special Long-Range Attack!! Bagworm,Special Long Range Attack Bagworm,OP10-061,UC,,tcgcsv,3654,3827,0.01,0.1,2.0,0.06,,,2026-04-02 03:06:19,tcgcsv,OP10-061,1,1,1,0,1,0,missing_tcgplayer_product_id_only,price_via_chain_tcgplayer_id_missing
1386,OP10-062,Violet,R,,4653,1386,OP10-062,,base,Base,official-cardlist,OP10/base/OP10-062.png,https://en.onepiece-cardgame.com/images/cardlist/card/OP10-062.png?260305,3162,4653,3828,HIGH,exact_code_plus_base_flag,3828,617105,Violet,Violet,OP10-062,R,,tcgcsv,3655,3828,0.01,0.25,10.17,0.17,,,2026-04-02 03:06:19,tcgcsv,OP10-062,1,1,1,0,1,0,missing_tcgplayer_product_id_only,price_via_chain_tcgplayer_id_missing
1387,OP10-063,Vinsmoke Sanji,TR,,4655,1387,OP10-063,,base,Base,official-cardlist,OP10/tr/OP10-063_tr.png,https://en.onepiece-cardgame.com/images/cardlist/card/OP10-063.png?260305,3163,4655,3829,HIGH,exact_code_plus_base_flag,3829,617106,Vinsmoke Sanji,Vinsmoke Sanji,OP10-063,R,,tcgcsv,3656,3829,0.08,0.25,10.18,0.23,,,2026-04-02 03:06:19,tcgcsv,OP10-063,1,1,1,0,1,0,missing_tcgplayer_product_id_only,price_via_chain_tcgplayer_id_missing
1388,OP10-064,Clone Soldier,C,,4658,1388,OP10-064,,base,Base,official-cardlist,OP10/base/OP10-064.png,https://en.onepiece-cardgame.com/images/cardlist/card/OP10-064.png?260305,3164,4658,3830,HIGH,exact_code_plus_base_flag,3830,617107,Clone Soldier,Clone Soldier,OP10-064,C,,tcgcsv,3657,3830,0.01,0.1,1.58,0.03,,,2026-04-02 03:06:19,tcgcsv,OP10-064,1,1,1,0,1,0,missing_tcgplayer_product_id_only,price_via_chain_tcgplayer_id_missing
1389,OP10-065,Sugar,SP CARD,,4660,1389,OP10-065,,base,Base,official-cardlist,OP10/sp/OP10-065_sp.png,https://en.onepiece-cardgame.com/images/cardlist/card/OP10-065.png?260305,1184,4660,1622,HIGH,exact_code_plus_base_flag,1622,641237,Sugar (Judge Pack Vol. 6),Sugar Judge Pack Vol 6,OP10-065,R,,tcgcsv,1500,1622,3.95,6.57,8.95,6.17,,,2026-04-02 03:06:17,tcgcsv,OP10-065,1,1,1,0,1,0,missing_tcgplayer_product_id_only,price_via_chain_tcgplayer_id_missing
1390,OP10-066,Giolla,UC,,4664,1390,OP10-066,,base,Base,official-cardlist,OP10/base/OP10-066.png,https://en.onepiece-cardgame.com/images/cardlist/card/OP10-066.png?260305,3166,4664,3832,HIGH,exact_code_plus_base_flag,3832,617109,Giolla,Giolla,OP10-066,UC,,tcgcsv,3659,3832,0.01,0.15,2.0,0.07,,,2026-04-02 03:06:19,tcgcsv,OP10-066,1,1,1,0,1,0,missing_tcgplayer_product_id_only,price_via_chain_tcgplayer_id_missing
1391,OP10-067,Senor Pink,R,,4666,1391,OP10-067,,base,Base,official-cardlist,OP10/base/OP10-067.png,https://en.onepiece-cardgame.com/images/cardlist/card/OP10-067.png?260305,3167,4666,3833,HIGH,exact_code_plus_base_flag,3833,617110,Senor Pink,Senor Pink,OP10-067,R,,tcgcsv,3660,3833,0.01,0.18,5.0,0.12,,,2026-04-02 03:06:19,tcgcsv,OP10-067,1,1,1,0,1,0,missing_tcgplayer_product_id_only,price_via_chain_tcgplayer_id_missing
1392,OP10-068,Diamante,C,,4670,1392,OP10-068,,base,Base,official-cardlist,OP10/base/OP10-068.png,https://en.onepiece-cardgame.com/images/cardlist/card/OP10-068.png?260305,3169,4670,3835,HIGH,exact_code_plus_base_flag,3835,617112,Diamante,Diamante,OP10-068,C,,tcgcsv,3662,3835,0.01,0.1,1.58,0.02,,,2026-04-02 03:06:19,tcgcsv,OP10-068,1,1,1,0,1,0,missing_tcgplayer_product_id_only,price_via_chain_tcgplayer_id_missing
1393,OP10-069,Fighting Fish,C,,4672,1393,OP10-069,,base,Base,official-cardlist,OP10/base/OP10-069.png,https://en.onepiece-cardgame.com/images/cardlist/card/OP10-069.png?260305,3170,4672,3836,HIGH,exact_code_plus_base_flag,3836,617113,Fighting Fish,Fighting Fish,OP10-069,C,,tcgcsv,3663,3836,0.01,0.1,1.98,0.03,,,2026-04-02 03:06:19,tcgcsv,OP10-069,1,1,1,0,1,0,missing_tcgplayer_product_id_only,price_via_chain_tcgplayer_id_missing
1394,OP10-070,Trebol,C,,4674,1394,OP10-070,,base,Base,official-cardlist,OP10/base/OP10-070.png,https://en.onepiece-cardgame.com/images/cardlist/card/OP10-070.png?260305,3171,4674,3837,HIGH,exact_code_plus_base_flag,3837,617114,Trebol,Trebol,OP10-070,C,,tcgcsv,3664,3837,0.01,0.1,1.58,0.04,,,2026-04-02 03:06:19,tcgcsv,OP10-070,1,1,1,0,1,0,missing_tcgplayer_product_id_only,price_via_chain_tcgplayer_id_missing
1395,OP10-071,Donquixote Doflamingo,SR,,4676,1395,OP10-071,,base,Base,official-cardlist,OP10/base/OP10-071.png,https://en.onepiece-cardgame.com/images/cardlist/card/OP10-071.png?260305,3172,4676,3838,HIGH,exact_code_plus_base_flag,3838,617115,Donquixote Doflamingo,Donquixote Doflamingo,OP10-071,SR,,tcgcsv,3665,3838,4.69,7.51,15.0,5.78,,,2026-04-02 03:06:19,tcgcsv,OP10-071,1,1,1,0,1,0,missing_tcgplayer_product_id_only,price_via_chain_tcgplayer_id_missing
1396,OP10-072,Donquixote Rosinante,SR,,4680,1396,OP10-072,,base,Base,official-cardlist,OP10/base/OP10-072.png,https://en.onepiece-cardgame.com/images/cardlist/card/OP10-072.png?260305,3174,4680,3840,HIGH,exact_code_plus_base_flag,3840,617117,Donquixote Rosinante,Donquixote Rosinante,OP10-072,SR,,tcgcsv,3667,3840,3.8,6.5,50.0,5.12,,,2026-04-02 03:06:19,tcgcsv,OP10-072,1,1,1,0,1,0,missing_tcgplayer_product_id_only,price_via_chain_tcgplayer_id_missing
1397,OP10-073,Buffalo,C,,4684,1397,OP10-073,,base,Base,official-cardlist,OP10/base/OP10-073.png,https://en.onepiece-cardgame.com/images/cardlist/card/OP10-073.png?260305,3176,4684,3842,HIGH,exact_code_plus_base_flag,3842,617119,Buffalo,Buffalo,OP10-073,C,,tcgcsv,3669,3842,0.01,0.1,1.58,0.03,,,2026-04-02 03:06:19,tcgcsv,OP10-073,1,1,1,0,1,0,missing_tcgplayer_product_id_only,price_via_chain_tcgplayer_id_missing
1398,OP10-074,Pica,UC,,4686,1398,OP10-074,,base,Base,official-cardlist,OP10/base/OP10-074.png,https://en.onepiece-cardgame.com/images/cardlist/card/OP10-074.png?260305,3177,4686,3843,HIGH,exact_code_plus_base_flag,3843,617120,Pica,Pica,OP10-074,UC,,tcgcsv,3670,3843,0.01,0.1,25.0,0.04,,,2026-04-02 03:06:19,tcgcsv,OP10-074,1,1,1,0,1,0,missing_tcgplayer_product_id_only,price_via_chain_tcgplayer_id_missing
1399,OP10-075,Foxy,UC,,4688,1399,OP10-075,,base,Base,official-cardlist,OP10/base/OP10-075.png,https://en.onepiece-cardgame.com/images/cardlist/card/OP10-075.png?260305,3178,4688,3844,HIGH,exact_code_plus_base_flag,3844,617121,Foxy,Foxy,OP10-075,UC,,tcgcsv,3671,3844,0.08,0.23,2.0,0.2,,,2026-04-02 03:06:19,tcgcsv,OP10-075,1,1,1,0,1,0,missing_tcgplayer_product_id_only,price_via_chain_tcgplayer_id_missing
1400,OP10-076,Baby 5,UC,,4690,1400,OP10-076,,base,Base,official-cardlist,OP10/base/OP10-076.png,https://en.onepiece-cardgame.com/images/cardlist/card/OP10-076.png?260305,1076,4690,1487,HIGH,exact_code_plus_base_flag,1487,619214,Baby 5 (Judge Pack Vol. 5),Baby 5 Judge Pack Vol 5,OP10-076,UC,,tcgcsv,1380,1487,0.99,4.5,50.0,3.56,,,2026-04-02 03:06:17,tcgcsv,OP10-076,1,1,1,0,1,0,missing_tcgplayer_product_id_only,price_via_chain_tcgplayer_id_missing
1401,OP10-077,Bellamy,C,,4692,1401,OP10-077,,base,Base,official-cardlist,OP10/base/OP10-077.png,https://en.onepiece-cardgame.com/images/cardlist/card/OP10-077.png?260305,3180,4692,3846,HIGH,exact_code_plus_base_flag,3846,617123,Bellamy,Bellamy,OP10-077,C,,tcgcsv,3673,3846,0.01,0.1,1.58,0.03,,,2026-04-02 03:06:19,tcgcsv,OP10-077,1,1,1,0,1,0,missing_tcgplayer_product_id_only,price_via_chain_tcgplayer_id_missing
1402,OP10-078,I Do Not Forgive Those Who Laugh at My Family!!!,R,,4694,1402,OP10-078,,base,Base,official-cardlist,OP10/base/OP10-078.png,https://en.onepiece-cardgame.com/images/cardlist/card/OP10-078.png?260305,3181,4694,3847,HIGH,exact_code_plus_base_flag,3847,617124,I Do Not Forgive Those Who Laugh at My Family!!!,I Do Not Forgive Those Who Laugh at My Family,OP10-078,R,,tcgcsv,3674,3847,0.1,0.54,55.0,0.52,,,2026-04-02 03:06:19,tcgcsv,OP10-078,1,1,1,0,1,0,missing_tcgplayer_product_id_only,price_via_chain_tcgplayer_id_missing
1403,OP10-079,God Thread,UC,,4696,1403,OP10-079,,base,Base,official-cardlist,OP10/base/OP10-079.png,https://en.onepiece-cardgame.com/images/cardlist/card/OP10-079.png?260305,3182,4696,3848,HIGH,exact_code_plus_base_flag,3848,617125,God Thread,God Thread,OP10-079,UC,,tcgcsv,3675,3848,0.01,0.2,2.0,0.11,,,2026-04-02 03:06:19,tcgcsv,OP10-079,1,1,1,0,1,0,missing_tcgplayer_product_id_only,price_via_chain_tcgplayer_id_missing
1404,OP10-080,Little Black Bears,C,,4700,1404,OP10-080,,base,Base,official-cardlist,OP10/base/OP10-080.png,https://en.onepiece-cardgame.com/images/cardlist/card/OP10-080.png?260305,3183,4700,3849,HIGH,exact_code_plus_base_flag,3849,617126,Little Black Bears,Little Black Bears,OP10-080,C,,tcgcsv,3676,3849,0.01,0.1,1.98,0.07,,,2026-04-02 03:06:19,tcgcsv,OP10-080,1,1,1,0,1,0,missing_tcgplayer_product_id_only,price_via_chain_tcgplayer_id_missing
1405,OP10-081,Usopp,C,,4702,1405,OP10-081,,base,Base,official-cardlist,OP10/base/OP10-081.png,https://en.onepiece-cardgame.com/images/cardlist/card/OP10-081.png?260305,3184,4702,3850,HIGH,exact_code_plus_base_flag,3850,617127,Usopp (081),Usopp 081,OP10-081,C,,tcgcsv,3677,3850,0.01,0.1,1.98,0.04,,,2026-04-02 03:06:19,tcgcsv,OP10-081,1,1,1,0,1,0,missing_tcgplayer_product_id_only,price_via_chain_tcgplayer_id_missing
1406,OP10-082,Kuzan,SP CARD,,4704,1406,OP10-082,,base,Base,official-cardlist,OP10/sp/OP10-082_sp.png,https://en.onepiece-cardgame.com/images/cardlist/card/OP10-082.png?260305,3185,4704,3851,HIGH,exact_code_plus_base_flag,3851,617128,Kuzan,Kuzan,OP10-082,SR,,tcgcsv,3678,3851,3.22,8.06,25.0,7.14,,,2026-04-02 03:06:19,tcgcsv,OP10-082,1,1,1,0,1,0,missing_tcgplayer_product_id_only,price_via_chain_tcgplayer_id_missing
1407,OP10-083,Kouzuki Momonosuke,UC,,4710,1407,OP10-083,,base,Base,official-cardlist,OP10/base/OP10-083.png,https://en.onepiece-cardgame.com/images/cardlist/card/OP10-083.png?260305,3187,4710,3853,HIGH,exact_code_plus_base_flag,3853,617130,Kouzuki Momonosuke (083),Kouzuki Momonosuke 083,OP10-083,UC,,tcgcsv,3680,3853,0.01,0.1,2.0,0.05,,,2026-04-02 03:06:19,tcgcsv,OP10-083,1,1,1,0,1,0,missing_tcgplayer_product_id_only,price_via_chain_tcgplayer_id_missing
1408,OP10-084,Sanjuan.Wolf,C,,4712,1408,OP10-084,,base,Base,official-cardlist,OP10/base/OP10-084.png,https://en.onepiece-cardgame.com/images/cardlist/card/OP10-084.png?260305,3188,4712,3854,HIGH,exact_code_plus_base_flag,3854,617131,Sanjuan.Wolf,SanjuanWolf,OP10-084,C,,tcgcsv,3681,3854,0.01,0.1,1.98,0.04,,,2026-04-02 03:06:19,tcgcsv,OP10-084,1,1,1,0,1,0,missing_tcgplayer_product_id_only,price_via_chain_tcgplayer_id_missing
1409,OP10-085,Jesus Burgess,UC,,4715,1409,OP10-085,,base,Base,official-cardlist,OP10/base/OP10-085.png,https://en.onepiece-cardgame.com/images/cardlist/card/OP10-085.png?260305,1154,4715,1589,HIGH,exact_code_plus_base_flag,1589,636535,Jesus Burgess (Beginners Deck Party [ST-23] - [ST-28] Participation Pack),Jesus Burgess Beginners Deck Party ST 23 ST 28 Participation Pack,OP10-085,UC,,tcgcsv,1467,1589,0.19,0.49,20.0,0.23,,,2026-04-02 03:06:17,tcgcsv,OP10-085,1,1,1,0,1,0,missing_tcgplayer_product_id_only,price_via_chain_tcgplayer_id_missing
1410,OP10-086,Shiryu,R,,4717,1410,OP10-086,,base,Base,official-cardlist,OP10/base/OP10-086.png,https://en.onepiece-cardgame.com/images/cardlist/card/OP10-086.png?260305,3190,4717,3856,HIGH,exact_code_plus_base_flag,3856,617133,Shiryu,Shiryu,OP10-086,R,,tcgcsv,3683,3856,0.01,0.22,5.0,0.2,,,2026-04-02 03:06:19,tcgcsv,OP10-086,1,1,1,0,1,0,missing_tcgplayer_product_id_only,price_via_chain_tcgplayer_id_missing
1411,OP10-087,Tony Tony.Chopper,UC,,4719,1411,OP10-087,,base,Base,official-cardlist,OP10/base/OP10-087.png,https://en.onepiece-cardgame.com/images/cardlist/card/OP10-087.png?260305,3191,4719,3857,HIGH,exact_code_plus_base_flag,3857,617134,Tony Tony.Chopper (087),Tony TonyChopper 087,OP10-087,UC,,tcgcsv,3684,3857,0.01,0.15,2.0,0.14,,,2026-04-02 03:06:19,tcgcsv,OP10-087,1,1,1,0,1,0,missing_tcgplayer_product_id_only,price_via_chain_tcgplayer_id_missing
1412,OP10-088,Nami,UC,,4721,1412,OP10-088,,base,Base,official-cardlist,OP10/base/OP10-088.png,https://en.onepiece-cardgame.com/images/cardlist/card/OP10-088.png?260305,3192,4721,3858,HIGH,exact_code_plus_base_flag,3858,617135,Nami (088),Nami 088,OP10-088,UC,,tcgcsv,3685,3858,0.01,0.12,9.99,0.09,,,2026-04-02 03:06:19,tcgcsv,OP10-088,1,1,1,0,1,0,missing_tcgplayer_product_id_only,price_via_chain_tcgplayer_id_missing
1413,OP10-089,Nico Robin,C,,4723,1413,OP10-089,,base,Base,official-cardlist,OP10/base/OP10-089.png,https://en.onepiece-cardgame.com/images/cardlist/card/OP10-089.png?260305,3193,4723,3859,HIGH,exact_code_plus_base_flag,3859,617136,Nico Robin,Nico Robin,OP10-089,C,,tcgcsv,3686,3859,0.01,0.11,1.98,0.08,,,2026-04-02 03:06:19,tcgcsv,OP10-089,1,1,1,0,1,0,missing_tcgplayer_product_id_only,price_via_chain_tcgplayer_id_missing
1414,OP10-090,Franky,R,,4725,1414,OP10-090,,base,Base,official-cardlist,OP10/base/OP10-090.png,https://en.onepiece-cardgame.com/images/cardlist/card/OP10-090.png?260305,3194,4725,3860,HIGH,exact_code_plus_base_flag,3860,617137,Franky (090),Franky 090,OP10-090,R,,tcgcsv,3687,3860,0.03,0.23,10.13,0.14,,,2026-04-02 03:06:19,tcgcsv,OP10-090,1,1,1,0,1,0,missing_tcgplayer_product_id_only,price_via_chain_tcgplayer_id_missing
1415,OP10-091,Brook,C,,4729,1415,OP10-091,,base,Base,official-cardlist,OP10/base/OP10-091.png,https://en.onepiece-cardgame.com/images/cardlist/card/OP10-091.png?260305,3196,4729,3862,HIGH,exact_code_plus_base_flag,3862,617139,Brook (091),Brook 091,OP10-091,C,,tcgcsv,3689,3862,0.01,0.1,1.58,0.08,,,2026-04-02 03:06:19,tcgcsv,OP10-091,1,1,1,0,1,0,missing_tcgplayer_product_id_only,price_via_chain_tcgplayer_id_missing
1416,OP10-092,Perona,C,,4731,1416,OP10-092,,base,Base,official-cardlist,OP10/base/OP10-092.png,https://en.onepiece-cardgame.com/images/cardlist/card/OP10-092.png?260305,1254,4731,1699,HIGH,exact_code_plus_base_flag,1699,649659,Perona (CS 25-26 Finalist Card Set 1),Perona CS 25 26 Finalist Card Set 1,OP10-092,C,,tcgcsv,,,,,,,,,,,OP10-092,1,1,1,0,1,0,missing_tcgplayer_product_id_only,price_via_chain_tcgplayer_id_missing
1417,OP10-093,Saint Homing,C,,4736,1417,OP10-093,,base,Base,official-cardlist,OP10/base/OP10-093.png,https://en.onepiece-cardgame.com/images/cardlist/card/OP10-093.png?260305,3198,4736,3864,HIGH,exact_code_plus_base_flag,3864,617141,Saint Homing,Saint Homing,OP10-093,C,,tcgcsv,3691,3864,0.01,0.1,1.98,0.04,,,2026-04-02 03:06:19,tcgcsv,OP10-093,1,1,1,0,1,0,missing_tcgplayer_product_id_only,price_via_chain_tcgplayer_id_missing
1418,OP10-094,Ryuma,UC,,4738,1418,OP10-094,,base,Base,official-cardlist,OP10/base/OP10-094.png,https://en.onepiece-cardgame.com/images/cardlist/card/OP10-094.png?260305,3199,4738,3865,HIGH,exact_code_plus_base_flag,3865,617142,Ryuma,Ryuma,OP10-094,UC,,tcgcsv,3692,3865,0.01,0.19,2.0,0.18,,,2026-04-02 03:06:19,tcgcsv,OP10-094,1,1,1,0,1,0,missing_tcgplayer_product_id_only,price_via_chain_tcgplayer_id_missing
1419,OP10-095,Roronoa Zoro,R,,4740,1419,OP10-095,,base,Base,official-cardlist,OP10/base/OP10-095.png,https://en.onepiece-cardgame.com/images/cardlist/card/OP10-095.png?260305,3200,4740,3866,HIGH,exact_code_plus_base_flag,3866,617143,Roronoa Zoro (095),Roronoa Zoro 095,OP10-095,R,,tcgcsv,3693,3866,0.01,0.2,5.0,0.16,,,2026-04-02 03:06:19,tcgcsv,OP10-095,1,1,1,0,1,0,missing_tcgplayer_product_id_only,price_via_chain_tcgplayer_id_missing
1420,OP10-096,There’s No Longer Any Need for the Seven Warlords of the Sea!!!,UC,,4745,1420,OP10-096,,base,Base,official-cardlist,OP10/base/OP10-096.png,https://en.onepiece-cardgame.com/images/cardlist/card/OP10-096.png?260305,3201,4745,3867,HIGH,exact_code_plus_base_flag,3867,617144,There's No Longer Any Need for the Seven Warlords of the Sea!!!,Theres No Longer Any Need for the Seven Warlords of the Sea,OP10-096,UC,,tcgcsv,3694,3867,0.01,0.1,2.0,0.06,,,2026-04-02 03:06:19,tcgcsv,OP10-096,1,1,1,0,1,0,missing_tcgplayer_product_id_only,price_via_chain_tcgplayer_id_missing
1421,OP10-097,Gum-Gum Rhino Schneider,C,,4747,1421,OP10-097,,base,Base,official-cardlist,OP10/base/OP10-097.png,https://en.onepiece-cardgame.com/images/cardlist/card/OP10-097.png?260305,3202,4747,3868,HIGH,exact_code_plus_base_flag,3868,617145,Gum-Gum Rhino Schneider,Gum Gum Rhino Schneider,OP10-097,C,,tcgcsv,3695,3868,0.01,0.1,1.58,0.06,,,2026-04-02 03:06:19,tcgcsv,OP10-097,1,1,1,0,1,0,missing_tcgplayer_product_id_only,price_via_chain_tcgplayer_id_missing
1422,OP10-098,Liberation,R,,4749,1422,OP10-098,,base,Base,official-cardlist,OP10/base/OP10-098.png,https://en.onepiece-cardgame.com/images/cardlist/card/OP10-098.png?260305,3203,4749,3869,HIGH,exact_code_plus_base_flag,3869,617146,Liberation,Liberation,OP10-098,R,,tcgcsv,3696,3869,0.01,0.25,10.17,0.18,,,2026-04-02 03:06:19,tcgcsv,OP10-098,1,1,1,0,1,0,missing_tcgplayer_product_id_only,price_via_chain_tcgplayer_id_missing
1423,OP10-099,"Eustass""Captain""Kid",L,,4751,1423,OP10-099,,base,Base,official-cardlist,OP10/base/OP10-099.png,https://en.onepiece-cardgame.com/images/cardlist/card/OP10-099.png?260305,3204,4751,3870,HIGH,exact_code_plus_base_flag,3870,617147,"Eustass""Captain""Kid (099)",EustassCaptainKid 099,OP10-099,L,,tcgcsv,3697,3870,0.01,0.17,5.0,0.15,,,2026-04-02 03:06:19,tcgcsv,OP10-099,1,1,1,0,1,0,missing_tcgplayer_product_id_only,price_via_chain_tcgplayer_id_missing
1424,OP10-100,Inazuma,C,,4755,1424,OP10-100,,base,Base,official-cardlist,OP10/base/OP10-100.png,https://en.onepiece-cardgame.com/images/cardlist/card/OP10-100.png?260305,3206,4755,3872,HIGH,exact_code_plus_base_flag,3872,617149,Inazuma,Inazuma,OP10-100,C,,tcgcsv,3699,3872,0.01,0.1,2.0,0.04,,,2026-04-02 03:06:19,tcgcsv,OP10-100,1,1,1,0,1,0,missing_tcgplayer_product_id_only,price_via_chain_tcgplayer_id_missing
1425,OP10-101,Urouge,C,,4757,1425,OP10-101,,base,Base,official-cardlist,OP10/base/OP10-101.png,https://en.onepiece-cardgame.com/images/cardlist/card/OP10-101.png?260305,3207,4757,3873,HIGH,exact_code_plus_base_flag,3873,617150,Urouge,Urouge,OP10-101,C,,tcgcsv,3700,3873,0.01,0.1,1.58,0.06,,,2026-04-02 03:06:19,tcgcsv,OP10-101,1,1,1,0,1,0,missing_tcgplayer_product_id_only,price_via_chain_tcgplayer_id_missing
1426,OP10-102,Emporio.Ivankov,C,,4759,1426,OP10-102,,base,Base,official-cardlist,OP10/base/OP10-102.png,https://en.onepiece-cardgame.com/images/cardlist/card/OP10-102.png?260305,3208,4759,3874,HIGH,exact_code_plus_base_flag,3874,617151,Emporio.Ivankov,EmporioIvankov,OP10-102,C,,tcgcsv,3701,3874,0.01,0.1,1.58,0.06,,,2026-04-02 03:06:19,tcgcsv,OP10-102,1,1,1,0,1,0,missing_tcgplayer_product_id_only,price_via_chain_tcgplayer_id_missing
1427,OP10-103,"Capone""Gang""Bege",R,,4761,1427,OP10-103,,base,Base,official-cardlist,OP10/base/OP10-103.png,https://en.onepiece-cardgame.com/images/cardlist/card/OP10-103.png?260305,3209,4761,3875,HIGH,exact_code_plus_base_flag,3875,617152,"Capone""Gang""Bege",CaponeGangBege,OP10-103,R,,tcgcsv,3702,3875,0.01,0.2,5.0,0.09,,,2026-04-02 03:06:19,tcgcsv,OP10-103,1,1,1,0,1,0,missing_tcgplayer_product_id_only,price_via_chain_tcgplayer_id_missing
1428,OP10-104,Caribou,UC,,4763,1428,OP10-104,,base,Base,official-cardlist,OP10/base/OP10-104.png,https://en.onepiece-cardgame.com/images/cardlist/card/OP10-104.png?260305,3210,4763,3876,HIGH,exact_code_plus_base_flag,3876,617153,Caribou,Caribou,OP10-104,UC,,tcgcsv,3703,3876,0.01,0.1,2.0,0.05,,,2026-04-02 03:06:19,tcgcsv,OP10-104,1,1,1,0,1,0,missing_tcgplayer_product_id_only,price_via_chain_tcgplayer_id_missing
1429,OP10-105,Cavendish,C,,4765,1429,OP10-105,,base,Base,official-cardlist,OP10/base/OP10-105.png,https://en.onepiece-cardgame.com/images/cardlist/card/OP10-105.png?260305,3211,4765,3877,HIGH,exact_code_plus_base_flag,3877,617154,Cavendish (105),Cavendish 105,OP10-105,C,,tcgcsv,3704,3877,0.01,0.1,1.98,0.04,,,2026-04-02 03:06:19,tcgcsv,OP10-105,1,1,1,0,1,0,missing_tcgplayer_product_id_only,price_via_chain_tcgplayer_id_missing
1430,OP10-106,Killer,UC,,4769,1430,OP10-106,,base,Base,official-cardlist,OP10/base/OP10-106.png,https://en.onepiece-cardgame.com/images/cardlist/card/OP10-106.png?260305,1077,4769,1488,HIGH,exact_code_plus_base_flag,1488,619215,Killer (Judge Pack Vol. 5),Killer Judge Pack Vol 5,OP10-106,UC,,tcgcsv,1381,1488,0.3,0.7,4.98,0.5,,,2026-04-02 03:06:17,tcgcsv,OP10-106,1,1,1,0,1,0,missing_tcgplayer_product_id_only,price_via_chain_tcgplayer_id_missing
1431,OP10-107,Jewelry Bonney,UC,,4771,1431,OP10-107,,base,Base,official-cardlist,OP10/base/OP10-107.png,https://en.onepiece-cardgame.com/images/cardlist/card/OP10-107.png?260305,1380,4771,1845,HIGH,exact_code_plus_base_flag,1845,668194,Jewelry Bonney (Judge Pack Vol. 7),Jewelry Bonney Judge Pack Vol 7,OP10-107,UC,,tcgcsv,1689,1845,1.3,1.99,11.9,1.77,,,2026-04-02 03:06:17,tcgcsv,OP10-107,1,1,1,0,1,0,missing_tcgplayer_product_id_only,price_via_chain_tcgplayer_id_missing
1432,OP10-108,Scratchmen Apoo,C,,4776,1432,OP10-108,,base,Base,official-cardlist,OP10/base/OP10-108.png,https://en.onepiece-cardgame.com/images/cardlist/card/OP10-108.png?260305,3214,4776,3880,HIGH,exact_code_plus_base_flag,3880,617157,Scratchmen Apoo,Scratchmen Apoo,OP10-108,C,,tcgcsv,3707,3880,0.01,0.1,1.58,0.06,,,2026-04-02 03:06:19,tcgcsv,OP10-108,1,1,1,0,1,0,missing_tcgplayer_product_id_only,price_via_chain_tcgplayer_id_missing
1433,OP10-109,Basil Hawkins,R,,4780,1433,OP10-109,,base,Base,official-cardlist,OP10/base/OP10-109.png,https://en.onepiece-cardgame.com/images/cardlist/card/OP10-109.png?260305,1185,4780,1623,HIGH,exact_code_plus_base_flag,1623,641239,Basil Hawkins (Judge Pack Vol. 6),Basil Hawkins Judge Pack Vol 6,OP10-109,R,,tcgcsv,1501,1623,0.5,0.67,5.0,0.64,,,2026-04-02 03:06:17,tcgcsv,OP10-109,1,1,1,0,1,0,missing_tcgplayer_product_id_only,price_via_chain_tcgplayer_id_missing
1434,OP10-110,Heat & Wire,C,,4785,1434,OP10-110,,base,Base,official-cardlist,OP10/base/OP10-110.png,https://en.onepiece-cardgame.com/images/cardlist/card/OP10-110.png?260305,3216,4785,3882,HIGH,exact_code_plus_base_flag,3882,617159,Heat & Wire,Heat and Wire,OP10-110,C,,tcgcsv,3709,3882,0.01,0.1,1.58,0.03,,,2026-04-02 03:06:19,tcgcsv,OP10-110,1,1,1,0,1,0,missing_tcgplayer_product_id_only,price_via_chain_tcgplayer_id_missing
1435,OP10-111,Monkey.D.Luffy,R,,4787,1435,OP10-111,,base,Base,official-cardlist,OP10/base/OP10-111.png,https://en.onepiece-cardgame.com/images/cardlist/card/OP10-111.png?260305,1285,4787,1734,HIGH,exact_code_plus_base_flag,1734,649706,Monkey.D.Luffy (Premium Card Collection -6 assort vol.1-),MonkeyDLuffy Premium Card Collection 6 assort vol1,OP10-111,R,,tcgcsv,1589,1734,30.68,42.78,300.0,36.88,,,2026-04-02 03:06:17,tcgcsv,OP10-111,1,1,1,0,1,0,missing_tcgplayer_product_id_only,price_via_chain_tcgplayer_id_missing
1436,OP10-112,"Eustass""Captain""Kid",SR,,4791,1436,OP10-112,,base,Base,official-cardlist,OP10/base/OP10-112.png,https://en.onepiece-cardgame.com/images/cardlist/card/OP10-112.png?260305,3219,4791,3885,HIGH,exact_code_plus_base_flag,3885,617162,"Eustass""Captain""Kid (112)",EustassCaptainKid 112,OP10-112,SR,,tcgcsv,3712,3885,1.37,3.0,50.0,2.15,,,2026-04-02 03:06:19,tcgcsv,OP10-112,1,1,1,0,1,0,missing_tcgplayer_product_id_only,price_via_chain_tcgplayer_id_missing
1437,OP10-113,Roronoa Zoro,UC,,4796,1437,OP10-113,,base,Base,official-cardlist,OP10/base/OP10-113.png,https://en.onepiece-cardgame.com/images/cardlist/card/OP10-113.png?260305,1186,4796,1624,HIGH,exact_code_plus_base_flag,1624,641240,Roronoa Zoro (Judge Pack Vol. 6),Roronoa Zoro Judge Pack Vol 6,OP10-113,UC,,tcgcsv,1502,1624,5.0,9.16,20.0,6.71,,,2026-04-02 03:06:17,tcgcsv,OP10-113,1,1,1,0,1,0,missing_tcgplayer_product_id_only,price_via_chain_tcgplayer_id_missing
1438,OP10-114,X.Drake,UC,,4798,1438,OP10-114,,base,Base,official-cardlist,OP10/base/OP10-114.png,https://en.onepiece-cardgame.com/images/cardlist/card/OP10-114.png?260305,3222,4798,3888,HIGH,exact_code_plus_base_flag,3888,617165,X.Drake,XDrake,OP10-114,UC,,tcgcsv,3715,3888,0.01,0.2,2.0,0.11,,,2026-04-02 03:06:19,tcgcsv,OP10-114,1,1,1,0,1,0,missing_tcgplayer_product_id_only,price_via_chain_tcgplayer_id_missing
1439,OP10-115,Let's Meet Again in the New World,C,,4804,1439,OP10-115,,base,Base,official-cardlist,OP10/base/OP10-115.png,https://en.onepiece-cardgame.com/images/cardlist/card/OP10-115.png?260305,3223,4804,3889,HIGH,exact_code_plus_base_flag,3889,617166,Let's Meet Again in the New World,Lets Meet Again in the New World,OP10-115,C,,tcgcsv,3716,3889,0.01,0.1,1.58,0.05,,,2026-04-02 03:06:19,tcgcsv,OP10-115,1,1,1,0,1,0,missing_tcgplayer_product_id_only,price_via_chain_tcgplayer_id_missing
1440,OP10-116,Damned Punk,R,,4806,1440,OP10-116,,base,Base,official-cardlist,OP10/base/OP10-116.png,https://en.onepiece-cardgame.com/images/cardlist/card/OP10-116.png?260305,3224,4806,3890,HIGH,exact_code_plus_base_flag,3890,617167,Damned Punk,Damned Punk,OP10-116,R,,tcgcsv,3717,3890,0.01,0.22,5.0,0.09,,,2026-04-02 03:06:19,tcgcsv,OP10-116,1,1,1,0,1,0,missing_tcgplayer_product_id_only,price_via_chain_tcgplayer_id_missing
1441,OP10-117,ROOM,UC,,4808,1441,OP10-117,,base,Base,official-cardlist,OP10/base/OP10-117.png,https://en.onepiece-cardgame.com/images/cardlist/card/OP10-117.png?260305,3225,4808,3891,HIGH,exact_code_plus_base_flag,3891,617168,ROOM,ROOM,OP10-117,UC,,tcgcsv,3718,3891,0.01,0.15,2.0,0.11,,,2026-04-02 03:06:19,tcgcsv,OP10-117,1,1,1,0,1,0,missing_tcgplayer_product_id_only,price_via_chain_tcgplayer_id_missing
1442,OP10-118,Monkey.D.Luffy,SEC,,4810,1442,OP10-118,,base,Base,official-cardlist,OP10/base/OP10-118.png,https://en.onepiece-cardgame.com/images/cardlist/card/OP10-118.png?260305,3226,4810,3892,HIGH,exact_code_plus_base_flag,3892,617169,Monkey.D.Luffy (118),MonkeyDLuffy 118,OP10-118,SEC,,tcgcsv,3719,3892,4.95,7.0,50.0,5.4,,,2026-04-02 03:06:19,tcgcsv,OP10-118,1,1,1,0,1,0,missing_tcgplayer_product_id_only,price_via_chain_tcgplayer_id_missing
1443,OP10-119,Trafalgar Law,SEC,,4814,1443,OP10-119,,base,Base,official-cardlist,OP10/base/OP10-119.png,https://en.onepiece-cardgame.com/images/cardlist/card/OP10-119.png?260305,3228,4814,3894,HIGH,exact_code_plus_base_flag,3894,617171,Trafalgar Law (119),Trafalgar Law 119,OP10-119,SEC,,tcgcsv,3721,3894,1.9,4.04,50.0,2.82,,,2026-04-02 03:06:19,tcgcsv,OP10-119,1,1,1,0,1,0,missing_tcgplayer_product_id_only,price_via_chain_tcgplayer_id_missing
1444,OP11-001,Koby,L,,4823,1444,OP11-001,,base,Base,official-cardlist,OP11/base/OP11-001.png,https://en.onepiece-cardgame.com/images/cardlist/card/OP11-001.png?260305,3341,4823,4017,HIGH,exact_code_plus_base_flag,4017,632355,Koby (001),Koby 001,OP11-001,L,,tcgcsv,3844,4017,0.01,0.15,1.98,0.11,,,2026-04-02 03:06:20,tcgcsv,OP11-001,1,1,1,0,1,0,missing_tcgplayer_product_id_only,price_via_chain_tcgplayer_id_missing
1445,OP11-002,Ain,C,,4827,1445,OP11-002,,base,Base,official-cardlist,OP11/base/OP11-002.png,https://en.onepiece-cardgame.com/images/cardlist/card/OP11-002.png?260305,3343,4827,4019,HIGH,exact_code_plus_base_flag,4019,632357,Ain,Ain,OP11-002,C,,tcgcsv,3846,4019,0.01,0.1,1.58,0.04,,,2026-04-02 03:06:20,tcgcsv,OP11-002,1,1,1,0,1,0,missing_tcgplayer_product_id_only,price_via_chain_tcgplayer_id_missing
1446,OP11-003,Usopp,UC,,4829,1446,OP11-003,,base,Base,official-cardlist,OP11/base/OP11-003.png,https://en.onepiece-cardgame.com/images/cardlist/card/OP11-003.png?260305,3344,4829,4020,HIGH,exact_code_plus_base_flag,4020,632358,Usopp,Usopp,OP11-003,UC,,tcgcsv,3847,4020,0.01,0.13,1.58,0.12,,,2026-04-02 03:06:20,tcgcsv,OP11-003,1,1,1,0,1,0,missing_tcgplayer_product_id_only,price_via_chain_tcgplayer_id_missing
1447,OP11-004,Kujyaku,SR,,4831,1447,OP11-004,,base,Base,official-cardlist,OP11/base/OP11-004.png,https://en.onepiece-cardgame.com/images/cardlist/card/OP11-004.png?260305,1210,4831,1653,HIGH,exact_code_plus_base_flag,1653,646745,Kujyaku (Treasure Cup August 2025),Kujyaku Treasure Cup August 2025,OP11-004,SR,,tcgcsv,1526,1653,500.0,500.0,500.0,252.42,,,2026-04-02 03:06:17,tcgcsv,OP11-004,1,1,1,0,1,0,missing_tcgplayer_product_id_only,price_via_chain_tcgplayer_id_missing
1448,OP11-005,Smoker,C,,4836,1448,OP11-005,,base,Base,official-cardlist,OP11/base/OP11-005.png,https://en.onepiece-cardgame.com/images/cardlist/card/OP11-005.png?260305,3347,4836,4023,HIGH,exact_code_plus_base_flag,4023,632361,Smoker,Smoker,OP11-005,C,,tcgcsv,3850,4023,0.01,0.1,1.58,0.06,,,2026-04-02 03:06:20,tcgcsv,OP11-005,1,1,1,0,1,0,missing_tcgplayer_product_id_only,price_via_chain_tcgplayer_id_missing
1449,OP11-006,Zephyr,C,,4838,1449,OP11-006,,base,Base,official-cardlist,OP11/base/OP11-006.png,https://en.onepiece-cardgame.com/images/cardlist/card/OP11-006.png?260305,3348,4838,4024,HIGH,exact_code_plus_base_flag,4024,632362,Zephyr,Zephyr,OP11-006,C,,tcgcsv,3851,4024,0.01,0.1,1.58,0.04,,,2026-04-02 03:06:20,tcgcsv,OP11-006,1,1,1,0,1,0,missing_tcgplayer_product_id_only,price_via_chain_tcgplayer_id_missing
1450,OP11-007,Tashigi,C,,4840,1450,OP11-007,,base,Base,official-cardlist,OP11/base/OP11-007.png,https://en.onepiece-cardgame.com/images/cardlist/card/OP11-007.png?260305,3349,4840,4025,HIGH,exact_code_plus_base_flag,4025,632363,Tashigi,Tashigi,OP11-007,C,,tcgcsv,3852,4025,0.01,0.1,1.58,0.06,,,2026-04-02 03:06:20,tcgcsv,OP11-007,1,1,1,0,1,0,missing_tcgplayer_product_id_only,price_via_chain_tcgplayer_id_missing
1451,OP11-008,Doll,R,,4842,1451,OP11-008,,base,Base,official-cardlist,OP11/base/OP11-008.png,https://en.onepiece-cardgame.com/images/cardlist/card/OP11-008.png?260305,3350,4842,4026,HIGH,exact_code_plus_base_flag,4026,632364,Doll,Doll,OP11-008,R,,tcgcsv,3853,4026,0.03,0.19,2.09,0.15,,,2026-04-02 03:06:20,tcgcsv,OP11-008,1,1,1,0,1,0,missing_tcgplayer_product_id_only,price_via_chain_tcgplayer_id_missing
1452,OP11-009,Nico Robin,C,,4846,1452,OP11-009,,base,Base,official-cardlist,OP11/base/OP11-009.png,https://en.onepiece-cardgame.com/images/cardlist/card/OP11-009.png?260305,3352,4846,4028,HIGH,exact_code_plus_base_flag,4028,632366,Nico Robin,Nico Robin,OP11-009,C,,tcgcsv,3855,4028,0.01,0.12,5.21,0.09,,,2026-04-02 03:06:20,tcgcsv,OP11-009,1,1,1,0,1,0,missing_tcgplayer_product_id_only,price_via_chain_tcgplayer_id_missing
1453,OP11-010,Hibari,SR,,4848,1453,OP11-010,,base,Base,official-cardlist,OP11/base/OP11-010.png,https://en.onepiece-cardgame.com/images/cardlist/card/OP11-010.png?260305,1211,4848,1654,HIGH,exact_code_plus_base_flag,1654,646746,Hibari (Treasure Cup August 2025),Hibari Treasure Cup August 2025,OP11-010,SR,,tcgcsv,,,,,,,,,,,OP11-010,1,1,1,0,1,0,missing_tcgplayer_product_id_only,price_via_chain_tcgplayer_id_missing
1454,OP11-011,Bins,C,,4854,1454,OP11-011,,base,Base,official-cardlist,OP11/base/OP11-011.png,https://en.onepiece-cardgame.com/images/cardlist/card/OP11-011.png?260305,3355,4854,4031,HIGH,exact_code_plus_base_flag,4031,632369,Bins,Bins,OP11-011,C,,tcgcsv,3858,4031,0.01,0.1,1.58,0.05,,,2026-04-02 03:06:20,tcgcsv,OP11-011,1,1,1,0,1,0,missing_tcgplayer_product_id_only,price_via_chain_tcgplayer_id_missing
1455,OP11-012,Franky,UC,,4856,1455,OP11-012,,base,Base,official-cardlist,OP11/base/OP11-012.png,https://en.onepiece-cardgame.com/images/cardlist/card/OP11-012.png?260305,3356,4856,4032,HIGH,exact_code_plus_base_flag,4032,632370,Franky,Franky,OP11-012,UC,,tcgcsv,3859,4032,0.01,0.15,1.58,0.13,,,2026-04-02 03:06:20,tcgcsv,OP11-012,1,1,1,0,1,0,missing_tcgplayer_product_id_only,price_via_chain_tcgplayer_id_missing
1456,OP11-013,Prince Grus,R,,4859,1456,OP11-013,,base,Base,official-cardlist,OP11/base/OP11-013.png,https://en.onepiece-cardgame.com/images/cardlist/card/OP11-013.png?260305,1381,4859,1846,HIGH,exact_code_plus_base_flag,1846,668195,Prince Grus (Judge Pack Vol. 7),Prince Grus Judge Pack Vol 7,OP11-013,R,,tcgcsv,1690,1846,0.48,1.11,29.99,0.85,,,2026-04-02 03:06:17,tcgcsv,OP11-013,1,1,1,0,1,0,missing_tcgplayer_product_id_only,price_via_chain_tcgplayer_id_missing
1457,OP11-014,Borsalino,R,,4861,1457,OP11-014,,base,Base,official-cardlist,OP11/base/OP11-014.png,https://en.onepiece-cardgame.com/images/cardlist/card/OP11-014.png?260305,3358,4861,4034,HIGH,exact_code_plus_base_flag,4034,632372,Borsalino,Borsalino,OP11-014,R,,tcgcsv,3861,4034,0.02,0.2,2.0,0.15,,,2026-04-02 03:06:20,tcgcsv,OP11-014,1,1,1,0,1,0,missing_tcgplayer_product_id_only,price_via_chain_tcgplayer_id_missing
1458,OP11-015,Mocha,C,,4863,1458,OP11-015,,base,Base,official-cardlist,OP11/base/OP11-015.png,https://en.onepiece-cardgame.com/images/cardlist/card/OP11-015.png?260305,3359,4863,4035,HIGH,exact_code_plus_base_flag,4035,632373,Mocha,Mocha,OP11-015,C,,tcgcsv,3862,4035,0.01,0.1,1.58,0.07,,,2026-04-02 03:06:20,tcgcsv,OP11-015,1,1,1,0,1,0,missing_tcgplayer_product_id_only,price_via_chain_tcgplayer_id_missing
1459,OP11-016,Roronoa Zoro,UC,,4865,1459,OP11-016,,base,Base,official-cardlist,OP11/base/OP11-016.png,https://en.onepiece-cardgame.com/images/cardlist/card/OP11-016.png?260305,3360,4865,4036,HIGH,exact_code_plus_base_flag,4036,632374,Roronoa Zoro,Roronoa Zoro,OP11-016,UC,,tcgcsv,3863,4036,0.01,0.13,25.0,0.09,,,2026-04-02 03:06:20,tcgcsv,OP11-016,1,1,1,0,1,0,missing_tcgplayer_product_id_only,price_via_chain_tcgplayer_id_missing
1460,OP11-017,X.Drake,UC,,4867,1460,OP11-017,,base,Base,official-cardlist,OP11/base/OP11-017.png,https://en.onepiece-cardgame.com/images/cardlist/card/OP11-017.png?260305,1382,4867,1847,HIGH,exact_code_plus_base_flag,1847,668196,X.Drake (Judge Pack Vol. 7),XDrake Judge Pack Vol 7,OP11-017,UC,,tcgcsv,1691,1847,0.5,1.5,6.0,1.27,,,2026-04-02 03:06:17,tcgcsv,OP11-017,1,1,1,0,1,0,missing_tcgplayer_product_id_only,price_via_chain_tcgplayer_id_missing
1461,OP11-018,Honesty Impact,R,,4869,1461,OP11-018,,base,Base,official-cardlist,OP11/base/OP11-018.png,https://en.onepiece-cardgame.com/images/cardlist/card/OP11-018.png?260305,3362,4869,4038,HIGH,exact_code_plus_base_flag,4038,632376,Honesty Impact,Honesty Impact,OP11-018,R,,tcgcsv,3865,4038,0.03,0.25,25.0,0.21,,,2026-04-02 03:06:20,tcgcsv,OP11-018,1,1,1,0,1,0,missing_tcgplayer_product_id_only,price_via_chain_tcgplayer_id_missing
1462,OP11-019,Glorp Web!!,C,,4873,1462,OP11-019,,base,Base,official-cardlist,OP11/base/OP11-019.png,https://en.onepiece-cardgame.com/images/cardlist/card/OP11-019.png?260305,3364,4873,4040,HIGH,exact_code_plus_base_flag,4040,632378,Glorp Web!!,Glorp Web,OP11-019,C,,tcgcsv,3867,4040,0.01,0.1,1.58,0.07,,,2026-04-02 03:06:20,tcgcsv,OP11-019,1,1,1,0,1,0,missing_tcgplayer_product_id_only,price_via_chain_tcgplayer_id_missing
1463,OP11-020,X Calibur,UC,,4875,1463,OP11-020,,base,Base,official-cardlist,OP11/base/OP11-020.png,https://en.onepiece-cardgame.com/images/cardlist/card/OP11-020.png?260305,3365,4875,4041,HIGH,exact_code_plus_base_flag,4041,632379,X Calibur,X Calibur,OP11-020,UC,,tcgcsv,3868,4041,0.01,0.1,8.07,0.07,,,2026-04-02 03:06:20,tcgcsv,OP11-020,1,1,1,0,1,0,missing_tcgplayer_product_id_only,price_via_chain_tcgplayer_id_missing
1464,OP11-021,Jinbe,L,,4877,1464,OP11-021,,base,Base,official-cardlist,OP11/base/OP11-021.png,https://en.onepiece-cardgame.com/images/cardlist/card/OP11-021.png?260305,3366,4877,4042,HIGH,exact_code_plus_base_flag,4042,632380,Jinbe (021),Jinbe 021,OP11-021,L,,tcgcsv,3869,4042,0.01,0.15,1.99,0.13,,,2026-04-02 03:06:20,tcgcsv,OP11-021,1,1,1,0,1,0,missing_tcgplayer_product_id_only,price_via_chain_tcgplayer_id_missing
1465,OP11-022,Shirahoshi,L,,4881,1465,OP11-022,,base,Base,official-cardlist,OP11/base/OP11-022.png,https://en.onepiece-cardgame.com/images/cardlist/card/OP11-022.png?260305,3368,4881,4044,HIGH,exact_code_plus_base_flag,4044,632382,Shirahoshi (022),Shirahoshi 022,OP11-022,L,,tcgcsv,3871,4044,0.01,0.16,1.98,0.17,,,2026-04-02 03:06:20,tcgcsv,OP11-022,1,1,1,0,1,0,missing_tcgplayer_product_id_only,price_via_chain_tcgplayer_id_missing
1466,OP11-023,Arlong,R,,4885,1466,OP11-023,,base,Base,official-cardlist,OP11/base/OP11-023.png,https://en.onepiece-cardgame.com/images/cardlist/card/OP11-023.png?260305,3370,4885,4046,HIGH,exact_code_plus_base_flag,4046,632384,Arlong,Arlong,OP11-023,R,,tcgcsv,3873,4046,0.01,0.16,2.0,0.14,,,2026-04-02 03:06:20,tcgcsv,OP11-023,1,1,1,0,1,0,missing_tcgplayer_product_id_only,price_via_chain_tcgplayer_id_missing
1467,OP11-024,Aladine,C,,4889,1467,OP11-024,,base,Base,official-cardlist,OP11/base/OP11-024.png,https://en.onepiece-cardgame.com/images/cardlist/card/OP11-024.png?260305,3372,4889,4048,HIGH,exact_code_plus_base_flag,4048,632386,Aladine,Aladine,OP11-024,C,,tcgcsv,3875,4048,0.01,0.1,1.58,0.05,,,2026-04-02 03:06:20,tcgcsv,OP11-024,1,1,1,0,1,0,missing_tcgplayer_product_id_only,price_via_chain_tcgplayer_id_missing
1468,OP11-025,Ishilly,C,,4891,1468,OP11-025,,base,Base,official-cardlist,OP11/base/OP11-025.png,https://en.onepiece-cardgame.com/images/cardlist/card/OP11-025.png?260305,3373,4891,4049,HIGH,exact_code_plus_base_flag,4049,632387,Ishilly,Ishilly,OP11-025,C,,tcgcsv,3876,4049,0.01,0.1,1.58,0.06,,,2026-04-02 03:06:20,tcgcsv,OP11-025,1,1,1,0,1,0,missing_tcgplayer_product_id_only,price_via_chain_tcgplayer_id_missing
1469,OP11-026,Scaled Neptunian,C,,4893,1469,OP11-026,,base,Base,official-cardlist,OP11/base/OP11-026.png,https://en.onepiece-cardgame.com/images/cardlist/card/OP11-026.png?260305,3374,4893,4050,HIGH,exact_code_plus_base_flag,4050,632388,Scaled Neptunian,Scaled Neptunian,OP11-026,C,,tcgcsv,3877,4050,0.01,0.1,8.08,0.08,,,2026-04-02 03:06:20,tcgcsv,OP11-026,1,1,1,0,1,0,missing_tcgplayer_product_id_only,price_via_chain_tcgplayer_id_missing
1470,OP11-027,Bulge-Eyed Neptunian,C,,4895,1470,OP11-027,,base,Base,official-cardlist,OP11/base/OP11-027.png,https://en.onepiece-cardgame.com/images/cardlist/card/OP11-027.png?260305,3375,4895,4051,HIGH,exact_code_plus_base_flag,4051,632389,Bulge-Eyed Neptunian,Bulge Eyed Neptunian,OP11-027,C,,tcgcsv,3878,4051,0.01,0.1,12.0,0.1,,,2026-04-02 03:06:20,tcgcsv,OP11-027,1,1,1,0,1,0,missing_tcgplayer_product_id_only,price_via_chain_tcgplayer_id_missing
1471,OP11-028,Lord of the Coast,R,,4897,1471,OP11-028,,base,Base,official-cardlist,OP11/base/OP11-028.png,https://en.onepiece-cardgame.com/images/cardlist/card/OP11-028.png?260305,1383,4897,1848,HIGH,exact_code_plus_base_flag,1848,668197,Lord of the Coast (Judge Pack Vol. 7),Lord of the Coast Judge Pack Vol 7,OP11-028,R,,tcgcsv,1692,1848,0.6,1.15,6.99,1.06,,,2026-04-02 03:06:17,tcgcsv,OP11-028,1,1,1,0,1,0,missing_tcgplayer_product_id_only,price_via_chain_tcgplayer_id_missing
1472,OP11-029,Charlotte Praline,UC,,4899,1472,OP11-029,,base,Base,official-cardlist,OP11/base/OP11-029.png,https://en.onepiece-cardgame.com/images/cardlist/card/OP11-029.png?260305,3377,4899,4053,HIGH,exact_code_plus_base_flag,4053,632391,Charlotte Praline,Charlotte Praline,OP11-029,UC,,tcgcsv,3880,4053,0.01,0.12,1.99,0.12,,,2026-04-02 03:06:20,tcgcsv,OP11-029,1,1,1,0,1,0,missing_tcgplayer_product_id_only,price_via_chain_tcgplayer_id_missing
1473,OP11-030,Shirahoshi,R,,4901,1473,OP11-030,,base,Base,official-cardlist,OP11/base/OP11-030.png,https://en.onepiece-cardgame.com/images/cardlist/card/OP11-030.png?260305,1384,4901,1849,HIGH,exact_code_plus_base_flag,1849,668199,Shirahoshi (Judge Pack Vol. 7),Shirahoshi Judge Pack Vol 7,OP11-030,R,,tcgcsv,1693,1849,1.9,3.49,12.0,3.25,,,2026-04-02 03:06:17,tcgcsv,OP11-030,1,1,1,0,1,0,missing_tcgplayer_product_id_only,price_via_chain_tcgplayer_id_missing
1474,OP11-031,Jinbe,SR,,4904,1474,OP11-031,,base,Base,official-cardlist,OP11/base/OP11-031.png,https://en.onepiece-cardgame.com/images/cardlist/card/OP11-031.png?260305,3379,4904,4055,HIGH,exact_code_plus_base_flag,4055,632393,Jinbe (031),Jinbe 031,OP11-031,SR,,tcgcsv,3882,4055,0.1,0.37,18.0,0.29,,,2026-04-02 03:06:20,tcgcsv,OP11-031,1,1,1,0,1,0,missing_tcgplayer_product_id_only,price_via_chain_tcgplayer_id_missing
1475,OP11-032,Surume,UC,,4908,1475,OP11-032,,base,Base,official-cardlist,OP11/base/OP11-032.png,https://en.onepiece-cardgame.com/images/cardlist/card/OP11-032.png?260305,3381,4908,4057,HIGH,exact_code_plus_base_flag,4057,632395,Surume,Surume,OP11-032,UC,,tcgcsv,3884,4057,0.01,0.12,1.58,0.11,,,2026-04-02 03:06:20,tcgcsv,OP11-032,1,1,1,0,1,0,missing_tcgplayer_product_id_only,price_via_chain_tcgplayer_id_missing
1476,OP11-033,Bird Neptunian,UC,,4910,1476,OP11-033,,base,Base,official-cardlist,OP11/base/OP11-033.png,https://en.onepiece-cardgame.com/images/cardlist/card/OP11-033.png?260305,3382,4910,4058,HIGH,exact_code_plus_base_flag,4058,632396,Bird Neptunian,Bird Neptunian,OP11-033,UC,,tcgcsv,3885,4058,0.01,0.15,1.35,0.13,,,2026-04-02 03:06:20,tcgcsv,OP11-033,1,1,1,0,1,0,missing_tcgplayer_product_id_only,price_via_chain_tcgplayer_id_missing
1477,OP11-034,Hatchan,C,,4912,1477,OP11-034,,base,Base,official-cardlist,OP11/base/OP11-034.png,https://en.onepiece-cardgame.com/images/cardlist/card/OP11-034.png?260305,3383,4912,4059,HIGH,exact_code_plus_base_flag,4059,632397,Hatchan,Hatchan,OP11-034,C,,tcgcsv,3886,4059,0.01,0.1,1.58,0.03,,,2026-04-02 03:06:20,tcgcsv,OP11-034,1,1,1,0,1,0,missing_tcgplayer_product_id_only,price_via_chain_tcgplayer_id_missing
1478,OP11-035,Fisher Tiger,C,,4914,1478,OP11-035,,base,Base,official-cardlist,OP11/base/OP11-035.png,https://en.onepiece-cardgame.com/images/cardlist/card/OP11-035.png?260305,3384,4914,4060,HIGH,exact_code_plus_base_flag,4060,632398,Fisher Tiger,Fisher Tiger,OP11-035,C,,tcgcsv,3887,4060,0.01,0.1,8.1,0.1,,,2026-04-02 03:06:20,tcgcsv,OP11-035,1,1,1,0,1,0,missing_tcgplayer_product_id_only,price_via_chain_tcgplayer_id_missing
1479,OP11-036,Spotted Neptunian,UC,,4916,1479,OP11-036,,base,Base,official-cardlist,OP11/base/OP11-036.png,https://en.onepiece-cardgame.com/images/cardlist/card/OP11-036.png?260305,3385,4916,4061,HIGH,exact_code_plus_base_flag,4061,632399,Spotted Neptunian,Spotted Neptunian,OP11-036,UC,,tcgcsv,3888,4061,0.01,0.15,1.37,0.13,,,2026-04-02 03:06:20,tcgcsv,OP11-036,1,1,1,0,1,0,missing_tcgplayer_product_id_only,price_via_chain_tcgplayer_id_missing
1480,OP11-037,Ancient Weapon Poseidon,UC,,4918,1480,OP11-037,,base,Base,official-cardlist,OP11/base/OP11-037.png,https://en.onepiece-cardgame.com/images/cardlist/card/OP11-037.png?260305,3386,4918,4062,HIGH,exact_code_plus_base_flag,4062,632400,Ancient Weapon Poseidon,Ancient Weapon Poseidon,OP11-037,UC,,tcgcsv,3889,4062,0.01,0.15,1.62,0.12,,,2026-04-02 03:06:20,tcgcsv,OP11-037,1,1,1,0,1,0,missing_tcgplayer_product_id_only,price_via_chain_tcgplayer_id_missing
1481,OP11-038,Gum-Gum Elephant Gatling,R,,4920,1481,OP11-038,,base,Base,official-cardlist,OP11/base/OP11-038.png,https://en.onepiece-cardgame.com/images/cardlist/card/OP11-038.png?260305,3387,4920,4063,HIGH,exact_code_plus_base_flag,4063,632401,Gum-Gum Elephant Gatling,Gum Gum Elephant Gatling,OP11-038,R,,tcgcsv,3890,4063,0.01,0.19,2.73,0.13,,,2026-04-02 03:06:20,tcgcsv,OP11-038,1,1,1,0,1,0,missing_tcgplayer_product_id_only,price_via_chain_tcgplayer_id_missing
1482,OP11-039,Vagabond Drill,C,,4922,1482,OP11-039,,base,Base,official-cardlist,OP11/base/OP11-039.png,https://en.onepiece-cardgame.com/images/cardlist/card/OP11-039.png?260305,3388,4922,4064,HIGH,exact_code_plus_base_flag,4064,632402,Vagabond Drill,Vagabond Drill,OP11-039,C,,tcgcsv,3891,4064,0.01,0.1,1.58,0.04,,,2026-04-02 03:06:20,tcgcsv,OP11-039,1,1,1,0,1,0,missing_tcgplayer_product_id_only,price_via_chain_tcgplayer_id_missing
1483,OP11-040,Monkey.D.Luffy,L,,4924,1483,OP11-040,,base,Base,official-cardlist,OP11/base/OP11-040.png,https://en.onepiece-cardgame.com/images/cardlist/card/OP11-040.png?260305,3389,4924,4065,HIGH,exact_code_plus_base_flag,4065,632403,Monkey.D.Luffy (040),MonkeyDLuffy 040,OP11-040,L,,tcgcsv,3892,4065,0.01,0.17,5.99,0.15,,,2026-04-02 03:06:20,tcgcsv,OP11-040,1,1,1,0,1,0,missing_tcgplayer_product_id_only,price_via_chain_tcgplayer_id_missing
1484,OP11-041,Nami,L,,4928,1484,OP11-041,,base,Base,official-cardlist,OP11/base/OP11-041.png,https://en.onepiece-cardgame.com/images/cardlist/card/OP11-041.png?260305,1417,4928,1890,HIGH,exact_code_plus_base_flag,1890,675637,Nami (Whole Cake Island Arc),Nami Whole Cake Island Arc,OP11-041,L,,tcgcsv,1723,1890,823.0,924.98,3000.0,892.34,,,2026-04-02 03:06:17,tcgcsv,OP11-041,1,1,1,0,1,0,missing_tcgplayer_product_id_only,price_via_chain_tcgplayer_id_missing
1485,OP11-042,Vito,C,,4935,1485,OP11-042,,base,Base,official-cardlist,OP11/base/OP11-042.png,https://en.onepiece-cardgame.com/images/cardlist/card/OP11-042.png?260305,3393,4935,4069,HIGH,exact_code_plus_base_flag,4069,632407,Vito,Vito,OP11-042,C,,tcgcsv,3896,4069,0.01,0.1,1.58,0.04,,,2026-04-02 03:06:20,tcgcsv,OP11-042,1,1,1,0,1,0,missing_tcgplayer_product_id_only,price_via_chain_tcgplayer_id_missing
1486,OP11-043,Vinsmoke Ichiji,C,,4937,1486,OP11-043,,base,Base,official-cardlist,OP11/base/OP11-043.png,https://en.onepiece-cardgame.com/images/cardlist/card/OP11-043.png?260305,3394,4937,4070,HIGH,exact_code_plus_base_flag,4070,632408,Vinsmoke Ichiji,Vinsmoke Ichiji,OP11-043,C,,tcgcsv,3897,4070,0.01,0.11,1.58,0.06,,,2026-04-02 03:06:20,tcgcsv,OP11-043,1,1,1,0,1,0,missing_tcgplayer_product_id_only,price_via_chain_tcgplayer_id_missing
1487,OP11-044,Vinsmoke Judge,C,,4939,1487,OP11-044,,base,Base,official-cardlist,OP11/base/OP11-044.png,https://en.onepiece-cardgame.com/images/cardlist/card/OP11-044.png?260305,3395,4939,4071,HIGH,exact_code_plus_base_flag,4071,632409,Vinsmoke Judge,Vinsmoke Judge,OP11-044,C,,tcgcsv,3898,4071,0.01,0.1,1.58,0.08,,,2026-04-02 03:06:20,tcgcsv,OP11-044,1,1,1,0,1,0,missing_tcgplayer_product_id_only,price_via_chain_tcgplayer_id_missing
1488,OP11-045,Vinsmoke Niji,UC,,4941,1488,OP11-045,,base,Base,official-cardlist,OP11/base/OP11-045.png,https://en.onepiece-cardgame.com/images/cardlist/card/OP11-045.png?260305,3396,4941,4072,HIGH,exact_code_plus_base_flag,4072,632410,Vinsmoke Niji,Vinsmoke Niji,OP11-045,UC,,tcgcsv,3899,4072,0.01,0.12,1.58,0.09,,,2026-04-02 03:06:20,tcgcsv,OP11-045,1,1,1,0,1,0,missing_tcgplayer_product_id_only,price_via_chain_tcgplayer_id_missing
1489,OP11-046,Vinsmoke Yonji,C,,4943,1489,OP11-046,,base,Base,official-cardlist,OP11/base/OP11-046.png,https://en.onepiece-cardgame.com/images/cardlist/card/OP11-046.png?260305,3397,4943,4073,HIGH,exact_code_plus_base_flag,4073,632411,Vinsmoke Yonji,Vinsmoke Yonji,OP11-046,C,,tcgcsv,3900,4073,0.01,0.1,1.58,0.06,,,2026-04-02 03:06:20,tcgcsv,OP11-046,1,1,1,0,1,0,missing_tcgplayer_product_id_only,price_via_chain_tcgplayer_id_missing
1490,OP11-047,Vinsmoke Reiju,R,,4945,1490,OP11-047,,base,Base,official-cardlist,OP11/base/OP11-047.png,https://en.onepiece-cardgame.com/images/cardlist/card/OP11-047.png?260305,3398,4945,4074,HIGH,exact_code_plus_base_flag,4074,632412,Vinsmoke Reiju,Vinsmoke Reiju,OP11-047,R,,tcgcsv,3901,4074,0.01,0.2,4.13,0.13,,,2026-04-02 03:06:20,tcgcsv,OP11-047,1,1,1,0,1,0,missing_tcgplayer_product_id_only,price_via_chain_tcgplayer_id_missing
1491,OP11-048,"Capone""Gang""Bege",R,,4949,1491,OP11-048,,base,Base,official-cardlist,OP11/base/OP11-048.png,https://en.onepiece-cardgame.com/images/cardlist/card/OP11-048.png?260305,3400,4949,4076,HIGH,exact_code_plus_base_flag,4076,632414,"Capone""Gang""Bege (048)",CaponeGangBege 048,OP11-048,R,,tcgcsv,3903,4076,0.01,0.15,5.0,0.11,,,2026-04-02 03:06:20,tcgcsv,OP11-048,1,1,1,0,1,0,missing_tcgplayer_product_id_only,price_via_chain_tcgplayer_id_missing
1492,OP11-049,Carrot,R,,4951,1492,OP11-049,,base,Base,official-cardlist,OP11/base/OP11-049.png,https://en.onepiece-cardgame.com/images/cardlist/card/OP11-049.png?260305,3401,4951,4077,HIGH,exact_code_plus_base_flag,4077,632415,Carrot,Carrot,OP11-049,R,,tcgcsv,3904,4077,0.01,0.15,10.0,0.1,,,2026-04-02 03:06:20,tcgcsv,OP11-049,1,1,1,0,1,0,missing_tcgplayer_product_id_only,price_via_chain_tcgplayer_id_missing
1493,OP11-050,Gotti,C,,4955,1493,OP11-050,,base,Base,official-cardlist,OP11/base/OP11-050.png,https://en.onepiece-cardgame.com/images/cardlist/card/OP11-050.png?260305,3402,4955,4078,HIGH,exact_code_plus_base_flag,4078,632416,Gotti,Gotti,OP11-050,C,,tcgcsv,3905,4078,0.01,0.1,8.02,0.02,,,2026-04-02 03:06:20,tcgcsv,OP11-050,1,1,1,0,1,0,missing_tcgplayer_product_id_only,price_via_chain_tcgplayer_id_missing
1494,OP11-051,Sanji,SR,,4957,1494,OP11-051,,base,Base,official-cardlist,OP11/base/OP11-051.png,https://en.onepiece-cardgame.com/images/cardlist/card/OP11-051.png?260305,3403,4957,4079,HIGH,exact_code_plus_base_flag,4079,632417,Sanji,Sanji,OP11-051,SR,,tcgcsv,3906,4079,0.04,0.41,16.27,0.38,,,2026-04-02 03:06:20,tcgcsv,OP11-051,1,1,1,0,1,0,missing_tcgplayer_product_id_only,price_via_chain_tcgplayer_id_missing
1495,OP11-052,Charlotte Lola,C,,4961,1495,OP11-052,,base,Base,official-cardlist,OP11/base/OP11-052.png,https://en.onepiece-cardgame.com/images/cardlist/card/OP11-052.png?260305,3405,4961,4081,HIGH,exact_code_plus_base_flag,4081,632419,Charlotte Lola,Charlotte Lola,OP11-052,C,,tcgcsv,3908,4081,0.01,0.1,1.58,0.04,,,2026-04-02 03:06:20,tcgcsv,OP11-052,1,1,1,0,1,0,missing_tcgplayer_product_id_only,price_via_chain_tcgplayer_id_missing
1496,OP11-053,Tony Tony.Chopper,UC,,4963,1496,OP11-053,,base,Base,official-cardlist,OP11/base/OP11-053.png,https://en.onepiece-cardgame.com/images/cardlist/card/OP11-053.png?260305,1385,4963,1850,HIGH,exact_code_plus_base_flag,1850,668200,Tony Tony.Chopper (Judge Pack Vol. 7),Tony TonyChopper Judge Pack Vol 7,OP11-053,UC,,tcgcsv,1694,1850,7.0,10.9,24.0,10.67,,,2026-04-02 03:06:17,tcgcsv,OP11-053,1,1,1,0,1,0,missing_tcgplayer_product_id_only,price_via_chain_tcgplayer_id_missing
1497,OP11-054,Nami,SR,,4965,1497,OP11-054,,base,Base,official-cardlist,OP11/base/OP11-054.png,https://en.onepiece-cardgame.com/images/cardlist/card/OP11-054.png?260305,1427,4965,1904,HIGH,exact_code_plus_base_flag,1904,680492,Nami (Japanese Version 3rd Anniversary Set),Nami Japanese Version 3rd Anniversary Set,OP11-054,SR,,tcgcsv,1736,1904,129.0,158.01,250.0,173.12,,,2026-04-02 03:06:17,tcgcsv,OP11-054,1,1,1,0,1,0,missing_tcgplayer_product_id_only,price_via_chain_tcgplayer_id_missing
1498,OP11-055,Bartolomeo,UC,,4972,1498,OP11-055,,base,Base,official-cardlist,OP11/base/OP11-055.png,https://en.onepiece-cardgame.com/images/cardlist/card/OP11-055.png?260305,3409,4972,4085,HIGH,exact_code_plus_base_flag,4085,632423,Bartolomeo,Bartolomeo,OP11-055,UC,,tcgcsv,3912,4085,0.01,0.1,1.58,0.08,,,2026-04-02 03:06:20,tcgcsv,OP11-055,1,1,1,0,1,0,missing_tcgplayer_product_id_only,price_via_chain_tcgplayer_id_missing
1499,OP11-056,Brook,R,,4974,1499,OP11-056,,base,Base,official-cardlist,OP11/base/OP11-056.png,https://en.onepiece-cardgame.com/images/cardlist/card/OP11-056.png?260305,3410,4974,4086,HIGH,exact_code_plus_base_flag,4086,632424,Brook,Brook,OP11-056,R,,tcgcsv,3913,4086,0.01,0.15,2.0,0.13,,,2026-04-02 03:06:20,tcgcsv,OP11-056,1,1,1,0,1,0,missing_tcgplayer_product_id_only,price_via_chain_tcgplayer_id_missing
1500,OP11-057,Pedro,C,,4976,1500,OP11-057,,base,Base,official-cardlist,OP11/base/OP11-057.png,https://en.onepiece-cardgame.com/images/cardlist/card/OP11-057.png?260305,3411,4976,4087,HIGH,exact_code_plus_base_flag,4087,632425,Pedro,Pedro,OP11-057,C,,tcgcsv,3914,4087,0.01,0.1,1.58,0.03,,,2026-04-02 03:06:20,tcgcsv,OP11-057,1,1,1,0,1,0,missing_tcgplayer_product_id_only,price_via_chain_tcgplayer_id_missing
1501,OP11-058,Monkey.D.Luffy,TR,,4978,1501,OP11-058,,base,Base,official-cardlist,OP11/tr/OP11-058_tr.png,https://en.onepiece-cardgame.com/images/cardlist/card/OP11-058.png?260305,3412,4978,4088,HIGH,exact_code_plus_base_flag,4088,632426,Monkey.D.Luffy (058),MonkeyDLuffy 058,OP11-058,UC,,tcgcsv,3915,4088,0.01,0.15,23.0,0.15,,,2026-04-02 03:06:20,tcgcsv,OP11-058,1,1,1,0,1,0,missing_tcgplayer_product_id_only,price_via_chain_tcgplayer_id_missing
1502,OP11-059,Gum-Gum King Cobra,C,,4983,1502,OP11-059,,base,Base,official-cardlist,OP11/base/OP11-059.png,https://en.onepiece-cardgame.com/images/cardlist/card/OP11-059.png?260305,3413,4983,4089,HIGH,exact_code_plus_base_flag,4089,632427,Gum-Gum King Cobra,Gum Gum King Cobra,OP11-059,C,,tcgcsv,3916,4089,0.01,0.1,1.58,0.07,,,2026-04-02 03:06:20,tcgcsv,OP11-059,1,1,1,0,1,0,missing_tcgplayer_product_id_only,price_via_chain_tcgplayer_id_missing
1503,OP11-060,Let's Crash This Wedding!!!,R,,4985,1503,OP11-060,,base,Base,official-cardlist,OP11/base/OP11-060.png,https://en.onepiece-cardgame.com/images/cardlist/card/OP11-060.png?260305,1341,4985,1799,HIGH,exact_code_plus_base_flag,1799,657830,Let's Crash This Wedding!!! (Premium Card Collection -Best Selection Vol. 5-),Lets Crash This Wedding Premium Card Collection Best Selection Vol 5,OP11-060,R,,tcgcsv,1645,1799,6.5,8.5,49.99,7.25,,,2026-04-02 03:06:17,tcgcsv,OP11-060,1,1,1,0,1,0,missing_tcgplayer_product_id_only,price_via_chain_tcgplayer_id_missing
1504,OP11-061,Gum-Gum Jet Culverin,UC,,4989,1504,OP11-061,,base,Base,official-cardlist,OP11/base/OP11-061.png,https://en.onepiece-cardgame.com/images/cardlist/card/OP11-061.png?260305,3415,4989,4091,HIGH,exact_code_plus_base_flag,4091,632429,Gum-Gum Jet Culverin,Gum Gum Jet Culverin,OP11-061,UC,,tcgcsv,3918,4091,0.01,0.16,1.41,0.13,,,2026-04-02 03:06:20,tcgcsv,OP11-061,1,1,1,0,1,0,missing_tcgplayer_product_id_only,price_via_chain_tcgplayer_id_missing
1505,OP11-062,Charlotte Katakuri,L,,4991,1505,OP11-062,,base,Base,official-cardlist,OP11/base/OP11-062.png,https://en.onepiece-cardgame.com/images/cardlist/card/OP11-062.png?260305,3416,4991,4092,HIGH,exact_code_plus_base_flag,4092,632430,Charlotte Katakuri (062),Charlotte Katakuri 062,OP11-062,L,,tcgcsv,3919,4092,0.01,0.15,2.08,0.12,,,2026-04-02 03:06:20,tcgcsv,OP11-062,1,1,1,0,1,0,missing_tcgplayer_product_id_only,price_via_chain_tcgplayer_id_missing
1506,OP11-063,Little Sadi,C,,4995,1506,OP11-063,,base,Base,official-cardlist,OP11/base/OP11-063.png,https://en.onepiece-cardgame.com/images/cardlist/card/OP11-063.png?260305,3418,4995,4094,HIGH,exact_code_plus_base_flag,4094,632432,Little Sadi,Little Sadi,OP11-063,C,,tcgcsv,3921,4094,0.01,0.1,1.58,0.06,,,2026-04-02 03:06:20,tcgcsv,OP11-063,1,1,1,0,1,0,missing_tcgplayer_product_id_only,price_via_chain_tcgplayer_id_missing
1507,OP11-064,Saldeath,C,,4997,1507,OP11-064,,base,Base,official-cardlist,OP11/base/OP11-064.png,https://en.onepiece-cardgame.com/images/cardlist/card/OP11-064.png?260305,3419,4997,4095,HIGH,exact_code_plus_base_flag,4095,632433,Saldeath,Saldeath,OP11-064,C,,tcgcsv,3922,4095,0.01,0.1,8.03,0.03,,,2026-04-02 03:06:20,tcgcsv,OP11-064,1,1,1,0,1,0,missing_tcgplayer_product_id_only,price_via_chain_tcgplayer_id_missing
1508,OP11-065,Charlotte Anana,UC,,4999,1508,OP11-065,,base,Base,official-cardlist,OP11/base/OP11-065.png,https://en.onepiece-cardgame.com/images/cardlist/card/OP11-065.png?260305,3420,4999,4096,HIGH,exact_code_plus_base_flag,4096,632434,Charlotte Anana,Charlotte Anana,OP11-065,UC,,tcgcsv,3923,4096,0.01,0.15,1.58,0.11,,,2026-04-02 03:06:20,tcgcsv,OP11-065,1,1,1,0,1,0,missing_tcgplayer_product_id_only,price_via_chain_tcgplayer_id_missing
1509,OP11-066,Charlotte Oven,R,,5002,1509,OP11-066,,base,Base,official-cardlist,OP11/base/OP11-066.png,https://en.onepiece-cardgame.com/images/cardlist/card/OP11-066.png?260305,3421,5002,4097,HIGH,exact_code_plus_base_flag,4097,632435,Charlotte Oven,Charlotte Oven,OP11-066,R,,tcgcsv,3924,4097,0.01,0.15,2.0,0.12,,,2026-04-02 03:06:20,tcgcsv,OP11-066,1,1,1,0,1,0,missing_tcgplayer_product_id_only,price_via_chain_tcgplayer_id_missing
1510,OP11-067,Charlotte Katakuri,SR,,5004,1510,OP11-067,,base,Base,official-cardlist,OP11/base/OP11-067.png,https://en.onepiece-cardgame.com/images/cardlist/card/OP11-067.png?260305,1429,5004,1906,HIGH,exact_code_plus_base_flag,1906,680494,Charlotte Katakuri (Japanese Version 3rd Anniversary Set),Charlotte Katakuri Japanese Version 3rd Anniversary Set,OP11-067,SR,,tcgcsv,1738,1906,71.0,75.12,135.0,71.92,,,2026-04-02 03:06:17,tcgcsv,OP11-067,1,1,1,0,1,0,missing_tcgplayer_product_id_only,price_via_chain_tcgplayer_id_missing
1511,OP11-068,Charlotte Daifuku,UC,,5010,1511,OP11-068,,base,Base,official-cardlist,OP11/base/OP11-068.png,https://en.onepiece-cardgame.com/images/cardlist/card/OP11-068.png?260305,1386,5010,1851,HIGH,exact_code_plus_base_flag,1851,668201,Charlotte Daifuku (Judge Pack Vol. 7),Charlotte Daifuku Judge Pack Vol 7,OP11-068,UC,,tcgcsv,1695,1851,0.58,0.84,45.0,0.64,,,2026-04-02 03:06:17,tcgcsv,OP11-068,1,1,1,0,1,0,missing_tcgplayer_product_id_only,price_via_chain_tcgplayer_id_missing
1512,OP11-069,Charlotte Brulee,R,,5012,1512,OP11-069,,base,Base,official-cardlist,OP11/base/OP11-069.png,https://en.onepiece-cardgame.com/images/cardlist/card/OP11-069.png?260305,3425,5012,4101,HIGH,exact_code_plus_base_flag,4101,632439,Charlotte Brulee,Charlotte Brulee,OP11-069,R,,tcgcsv,3928,4101,0.01,0.15,2.0,0.07,,,2026-04-02 03:06:20,tcgcsv,OP11-069,1,1,1,0,1,0,missing_tcgplayer_product_id_only,price_via_chain_tcgplayer_id_missing
1513,OP11-070,Charlotte Pudding,SR,,5014,1513,OP11-070,,base,Base,official-cardlist,OP11/base/OP11-070.png,https://en.onepiece-cardgame.com/images/cardlist/card/OP11-070.png?260305,3426,5014,4102,HIGH,exact_code_plus_base_flag,4102,632440,Charlotte Pudding,Charlotte Pudding,OP11-070,SR,,tcgcsv,3929,4102,0.24,0.5,10.0,0.43,,,2026-04-02 03:06:20,tcgcsv,OP11-070,1,1,1,0,1,0,missing_tcgplayer_product_id_only,price_via_chain_tcgplayer_id_missing
1514,OP11-071,Charlotte Perospero,R,,5018,1514,OP11-071,,base,Base,official-cardlist,OP11/base/OP11-071.png,https://en.onepiece-cardgame.com/images/cardlist/card/OP11-071.png?260305,3428,5018,4104,HIGH,exact_code_plus_base_flag,4104,632442,Charlotte Perospero,Charlotte Perospero,OP11-071,R,,tcgcsv,3931,4104,0.02,0.2,2.0,0.17,,,2026-04-02 03:06:20,tcgcsv,OP11-071,1,1,1,0,1,0,missing_tcgplayer_product_id_only,price_via_chain_tcgplayer_id_missing
1515,OP11-072,Charlotte Mont-d'or,UC,,5021,1515,OP11-072,,base,Base,official-cardlist,OP11/base/OP11-072.png,https://en.onepiece-cardgame.com/images/cardlist/card/OP11-072.png?260305,3429,5021,4105,HIGH,exact_code_plus_base_flag,4105,632443,Charlotte Mont-d'or,Charlotte Mont dor,OP11-072,UC,,tcgcsv,3932,4105,0.01,0.11,1.33,0.08,,,2026-04-02 03:06:20,tcgcsv,OP11-072,1,1,1,0,1,0,missing_tcgplayer_product_id_only,price_via_chain_tcgplayer_id_missing
1516,OP11-073,Charlotte Linlin,R,,5023,1516,OP11-073,,base,Base,official-cardlist,OP11/base/OP11-073.png,https://en.onepiece-cardgame.com/images/cardlist/card/OP11-073.png?260305,1286,5023,1735,HIGH,exact_code_plus_base_flag,1735,649707,Charlotte Linlin (Premium Card Collection -6 assort vol.1-),Charlotte Linlin Premium Card Collection 6 assort vol1,OP11-073,R,,tcgcsv,1590,1735,11.67,14.11,59.99,12.6,,,2026-04-02 03:06:17,tcgcsv,OP11-073,1,1,1,0,1,0,missing_tcgplayer_product_id_only,price_via_chain_tcgplayer_id_missing
1517,OP11-074,Streusen,C,,5028,1517,OP11-074,,base,Base,official-cardlist,OP11/base/OP11-074.png,https://en.onepiece-cardgame.com/images/cardlist/card/OP11-074.png?260305,3432,5028,4108,HIGH,exact_code_plus_base_flag,4108,632446,Streusen,Streusen,OP11-074,C,,tcgcsv,3935,4108,0.01,0.13,1.58,0.13,,,2026-04-02 03:06:20,tcgcsv,OP11-074,1,1,1,0,1,0,missing_tcgplayer_product_id_only,price_via_chain_tcgplayer_id_missing
1518,OP11-075,Jaguar.D.Saul,C,,5030,1518,OP11-075,,base,Base,official-cardlist,OP11/base/OP11-075.png,https://en.onepiece-cardgame.com/images/cardlist/card/OP11-075.png?260305,3433,5030,4109,HIGH,exact_code_plus_base_flag,4109,632447,Jaguar.D.Saul,JaguarDSaul,OP11-075,C,,tcgcsv,3936,4109,0.01,0.1,1.58,0.06,,,2026-04-02 03:06:20,tcgcsv,OP11-075,1,1,1,0,1,0,missing_tcgplayer_product_id_only,price_via_chain_tcgplayer_id_missing
1519,OP11-076,Hannyabal,C,,5032,1519,OP11-076,,base,Base,official-cardlist,OP11/base/OP11-076.png,https://en.onepiece-cardgame.com/images/cardlist/card/OP11-076.png?260305,3434,5032,4110,HIGH,exact_code_plus_base_flag,4110,632448,Hannyabal,Hannyabal,OP11-076,C,,tcgcsv,3937,4110,0.01,0.1,10.0,0.04,,,2026-04-02 03:06:20,tcgcsv,OP11-076,1,1,1,0,1,0,missing_tcgplayer_product_id_only,price_via_chain_tcgplayer_id_missing
1520,OP11-077,Randolph,C,,5034,1520,OP11-077,,base,Base,official-cardlist,OP11/base/OP11-077.png,https://en.onepiece-cardgame.com/images/cardlist/card/OP11-077.png?260305,3435,5034,4111,HIGH,exact_code_plus_base_flag,4111,632449,Randolph,Randolph,OP11-077,C,,tcgcsv,3938,4111,0.01,0.1,10.0,0.05,,,2026-04-02 03:06:20,tcgcsv,OP11-077,1,1,1,0,1,0,missing_tcgplayer_product_id_only,price_via_chain_tcgplayer_id_missing
1521,OP11-078,Decuplets,UC,,5036,1521,OP11-078,,base,Base,official-cardlist,OP11/base/OP11-078.png,https://en.onepiece-cardgame.com/images/cardlist/card/OP11-078.png?260305,3436,5036,4112,HIGH,exact_code_plus_base_flag,4112,632450,Decuplets,Decuplets,OP11-078,UC,,tcgcsv,3939,4112,0.01,0.11,10.0,0.07,,,2026-04-02 03:06:20,tcgcsv,OP11-078,1,1,1,0,1,0,missing_tcgplayer_product_id_only,price_via_chain_tcgplayer_id_missing
1522,OP11-079,When Two Men Are Fighting the Last Thing I Need Is Some Half-Hearted Assistance!!!!,UC,,5038,1522,OP11-079,,base,Base,official-cardlist,OP11/base/OP11-079.png,https://en.onepiece-cardgame.com/images/cardlist/card/OP11-079.png?260305,3437,5038,4113,HIGH,exact_code_plus_base_flag,4113,632451,When Two Men Are Fighting the Last Thing I Need Is Some Half-Hearted Assistance!!!!,When Two Men Are Fighting the Last Thing I Need Is Some Half Hearted Assistance,OP11-079,UC,,tcgcsv,3940,4113,0.01,0.12,10.0,0.09,,,2026-04-02 03:06:20,tcgcsv,OP11-079,1,1,1,0,1,0,missing_tcgplayer_product_id_only,price_via_chain_tcgplayer_id_missing
1523,OP11-080,Gear Two,R,,5040,1523,OP11-080,,base,Base,official-cardlist,OP11/base/OP11-080.png,https://en.onepiece-cardgame.com/images/cardlist/card/OP11-080.png?260305,3438,5040,4114,HIGH,exact_code_plus_base_flag,4114,632452,Gear Two,Gear Two,OP11-080,R,,tcgcsv,3941,4114,0.04,0.29,3.99,0.24,,,2026-04-02 03:06:20,tcgcsv,OP11-080,1,1,1,0,1,0,missing_tcgplayer_product_id_only,price_via_chain_tcgplayer_id_missing
1524,OP11-081,Cognac Mama-Mash,C,,5044,1524,OP11-081,,base,Base,official-cardlist,OP11/base/OP11-081.png,https://en.onepiece-cardgame.com/images/cardlist/card/OP11-081.png?260305,3440,5044,4116,HIGH,exact_code_plus_base_flag,4116,632454,Cognac Mama-Mash,Cognac Mama Mash,OP11-081,C,,tcgcsv,3943,4116,0.01,0.12,1.58,0.12,,,2026-04-02 03:06:20,tcgcsv,OP11-081,1,1,1,0,1,0,missing_tcgplayer_product_id_only,price_via_chain_tcgplayer_id_missing
1525,OP11-082,Aramaki,R,,5046,1525,OP11-082,,base,Base,official-cardlist,OP11/base/OP11-082.png,https://en.onepiece-cardgame.com/images/cardlist/card/OP11-082.png?260305,3441,5046,4117,HIGH,exact_code_plus_base_flag,4117,632455,Aramaki,Aramaki,OP11-082,R,,tcgcsv,3944,4117,0.05,0.2,3.0,0.14,,,2026-04-02 03:06:20,tcgcsv,OP11-082,1,1,1,0,1,0,missing_tcgplayer_product_id_only,price_via_chain_tcgplayer_id_missing
1526,OP11-083,Caribou,R,,5048,1526,OP11-083,,base,Base,official-cardlist,OP11/base/OP11-083.png,https://en.onepiece-cardgame.com/images/cardlist/card/OP11-083.png?260305,3442,5048,4118,HIGH,exact_code_plus_base_flag,4118,632456,Caribou,Caribou,OP11-083,R,,tcgcsv,3945,4118,0.01,0.25,24.0,0.22,,,2026-04-02 03:06:20,tcgcsv,OP11-083,1,1,1,0,1,0,missing_tcgplayer_product_id_only,price_via_chain_tcgplayer_id_missing
1527,OP11-084,Kuzan,R,,5050,1527,OP11-084,,base,Base,official-cardlist,OP11/base/OP11-084.png,https://en.onepiece-cardgame.com/images/cardlist/card/OP11-084.png?260305,3443,5050,4119,HIGH,exact_code_plus_base_flag,4119,632457,Kuzan,Kuzan,OP11-084,R,,tcgcsv,3946,4119,0.01,0.2,2.68,0.14,,,2026-04-02 03:06:20,tcgcsv,OP11-084,1,1,1,0,1,0,missing_tcgplayer_product_id_only,price_via_chain_tcgplayer_id_missing
1528,OP11-085,Kurozumi Orochi,C,,5055,1528,OP11-085,,base,Base,official-cardlist,OP11/base/OP11-085.png,https://en.onepiece-cardgame.com/images/cardlist/card/OP11-085.png?260305,3445,5055,4121,HIGH,exact_code_plus_base_flag,4121,632459,Kurozumi Orochi,Kurozumi Orochi,OP11-085,C,,tcgcsv,3948,4121,0.01,0.1,1.58,0.04,,,2026-04-02 03:06:20,tcgcsv,OP11-085,1,1,1,0,1,0,missing_tcgplayer_product_id_only,price_via_chain_tcgplayer_id_missing
1529,OP11-086,Coribou,C,,5057,1529,OP11-086,,base,Base,official-cardlist,OP11/base/OP11-086.png,https://en.onepiece-cardgame.com/images/cardlist/card/OP11-086.png?260305,3446,5057,4122,HIGH,exact_code_plus_base_flag,4122,632460,Coribou,Coribou,OP11-086,C,,tcgcsv,3949,4122,0.01,0.1,1.58,0.04,,,2026-04-02 03:06:20,tcgcsv,OP11-086,1,1,1,0,1,0,missing_tcgplayer_product_id_only,price_via_chain_tcgplayer_id_missing
1530,OP11-087,Miss Sarahebi,UC,,5059,1530,OP11-087,,base,Base,official-cardlist,OP11/base/OP11-087.png,https://en.onepiece-cardgame.com/images/cardlist/card/OP11-087.png?260305,3447,5059,4123,HIGH,exact_code_plus_base_flag,4123,632461,Miss Sarahebi,Miss Sarahebi,OP11-087,UC,,tcgcsv,3950,4123,0.01,0.13,1.58,0.12,,,2026-04-02 03:06:20,tcgcsv,OP11-087,1,1,1,0,1,0,missing_tcgplayer_product_id_only,price_via_chain_tcgplayer_id_missing
1531,OP11-088,Shu,C,,5061,1531,OP11-088,,base,Base,official-cardlist,OP11/base/OP11-088.png,https://en.onepiece-cardgame.com/images/cardlist/card/OP11-088.png?260305,3448,5061,4124,HIGH,exact_code_plus_base_flag,4124,632462,Shu,Shu,OP11-088,C,,tcgcsv,3951,4124,0.01,0.1,1.58,0.05,,,2026-04-02 03:06:20,tcgcsv,OP11-088,1,1,1,0,1,0,missing_tcgplayer_product_id_only,price_via_chain_tcgplayer_id_missing
1532,OP11-089,Black Maria,C,,5063,1532,OP11-089,,base,Base,official-cardlist,OP11/base/OP11-089.png,https://en.onepiece-cardgame.com/images/cardlist/card/OP11-089.png?260305,1387,5063,1852,HIGH,exact_code_plus_base_flag,1852,668202,Black Maria (Judge Pack Vol. 7),Black Maria Judge Pack Vol 7,OP11-089,C,,tcgcsv,1696,1852,1.2,1.99,4.0,1.77,,,2026-04-02 03:06:17,tcgcsv,OP11-089,1,1,1,0,1,0,missing_tcgplayer_product_id_only,price_via_chain_tcgplayer_id_missing
1533,OP11-090,Briscola,C,,5065,1533,OP11-090,,base,Base,official-cardlist,OP11/base/OP11-090.png,https://en.onepiece-cardgame.com/images/cardlist/card/OP11-090.png?260305,3450,5065,4126,HIGH,exact_code_plus_base_flag,4126,632464,Briscola,Briscola,OP11-090,C,,tcgcsv,3953,4126,0.01,0.1,1.58,0.09,,,2026-04-02 03:06:20,tcgcsv,OP11-090,1,1,1,0,1,0,missing_tcgplayer_product_id_only,price_via_chain_tcgplayer_id_missing
1534,OP11-091,Berry Good,UC,,5067,1534,OP11-091,,base,Base,official-cardlist,OP11/base/OP11-091.png,https://en.onepiece-cardgame.com/images/cardlist/card/OP11-091.png?260305,3451,5067,4127,HIGH,exact_code_plus_base_flag,4127,632465,Berry Good,Berry Good,OP11-091,UC,,tcgcsv,3954,4127,0.01,0.12,1.58,0.1,,,2026-04-02 03:06:20,tcgcsv,OP11-091,1,1,1,0,1,0,missing_tcgplayer_product_id_only,price_via_chain_tcgplayer_id_missing
1535,OP11-092,Helmeppo,SR,,5069,1535,OP11-092,,base,Base,official-cardlist,OP11/base/OP11-092.png,https://en.onepiece-cardgame.com/images/cardlist/card/OP11-092.png?260305,3452,5069,4128,HIGH,exact_code_plus_base_flag,4128,632466,Helmeppo,Helmeppo,OP11-092,SR,,tcgcsv,3955,4128,0.25,0.61,16.0,0.54,,,2026-04-02 03:06:20,tcgcsv,OP11-092,1,1,1,0,1,0,missing_tcgplayer_product_id_only,price_via_chain_tcgplayer_id_missing
1536,OP11-093,Bogard,UC,,5073,1536,OP11-093,,base,Base,official-cardlist,OP11/base/OP11-093.png,https://en.onepiece-cardgame.com/images/cardlist/card/OP11-093.png?260305,3454,5073,4130,HIGH,exact_code_plus_base_flag,4130,632468,Bogard,Bogard,OP11-093,UC,,tcgcsv,3957,4130,0.01,0.1,1.58,0.09,,,2026-04-02 03:06:20,tcgcsv,OP11-093,1,1,1,0,1,0,missing_tcgplayer_product_id_only,price_via_chain_tcgplayer_id_missing
1537,OP11-094,Morgan,C,,5075,1537,OP11-094,,base,Base,official-cardlist,OP11/base/OP11-094.png,https://en.onepiece-cardgame.com/images/cardlist/card/OP11-094.png?260305,3455,5075,4131,HIGH,exact_code_plus_base_flag,4131,632469,Morgan,Morgan,OP11-094,C,,tcgcsv,3958,4131,0.01,0.1,1.58,0.07,,,2026-04-02 03:06:20,tcgcsv,OP11-094,1,1,1,0,1,0,missing_tcgplayer_product_id_only,price_via_chain_tcgplayer_id_missing
1538,OP11-095,Monkey.D.Garp,SR,,5077,1538,OP11-095,,base,Base,official-cardlist,OP11/base/OP11-095.png,https://en.onepiece-cardgame.com/images/cardlist/card/OP11-095.png?260305,3456,5077,4132,HIGH,exact_code_plus_base_flag,4132,632470,Monkey.D.Garp,MonkeyDGarp,OP11-095,SR,,tcgcsv,3959,4132,0.03,0.38,15.0,0.27,,,2026-04-02 03:06:20,tcgcsv,OP11-095,1,1,1,0,1,0,missing_tcgplayer_product_id_only,price_via_chain_tcgplayer_id_missing
1539,OP11-096,Ripper,UC,,5081,1539,OP11-096,,base,Base,official-cardlist,OP11/base/OP11-096.png,https://en.onepiece-cardgame.com/images/cardlist/card/OP11-096.png?260305,3458,5081,4134,HIGH,exact_code_plus_base_flag,4134,632472,Ripper,Ripper,OP11-096,UC,,tcgcsv,3961,4134,0.01,0.2,2.8,0.18,,,2026-04-02 03:06:20,tcgcsv,OP11-096,1,1,1,0,1,0,missing_tcgplayer_product_id_only,price_via_chain_tcgplayer_id_missing
1540,OP11-097,After All These Years I'm Losing My Edge!!!,UC,,5084,1540,OP11-097,,base,Base,official-cardlist,OP11/base/OP11-097.png,https://en.onepiece-cardgame.com/images/cardlist/card/OP11-097.png?260305,3459,5084,4135,HIGH,exact_code_plus_base_flag,4135,632473,After All These Years I'm Losing My Edge!!!,After All These Years Im Losing My Edge,OP11-097,UC,,tcgcsv,3962,4135,0.1,0.5,3.0,0.47,,,2026-04-02 03:06:20,tcgcsv,OP11-097,1,1,1,0,1,0,missing_tcgplayer_product_id_only,price_via_chain_tcgplayer_id_missing
1541,OP11-098,Blue Hole,C,,5086,1541,OP11-098,,base,Base,official-cardlist,OP11/base/OP11-098.png,https://en.onepiece-cardgame.com/images/cardlist/card/OP11-098.png?260305,3460,5086,4136,HIGH,exact_code_plus_base_flag,4136,632474,Blue Hole,Blue Hole,OP11-098,C,,tcgcsv,3963,4136,0.01,0.1,8.09,0.09,,,2026-04-02 03:06:20,tcgcsv,OP11-098,1,1,1,0,1,0,missing_tcgplayer_product_id_only,price_via_chain_tcgplayer_id_missing
1542,OP11-099,I'm Gonna Be a Navy Officer!!!,R,,5088,1542,OP11-099,,base,Base,official-cardlist,OP11/base/OP11-099.png,https://en.onepiece-cardgame.com/images/cardlist/card/OP11-099.png?260305,3461,5088,4137,HIGH,exact_code_plus_base_flag,4137,632475,I'm Gonna Be a Navy Officer!!!,Im Gonna Be a Navy Officer,OP11-099,R,,tcgcsv,3964,4137,0.07,0.25,2.82,0.22,,,2026-04-02 03:06:20,tcgcsv,OP11-099,1,1,1,0,1,0,missing_tcgplayer_product_id_only,price_via_chain_tcgplayer_id_missing
1543,OP11-100,Otohime,C,,5090,1543,OP11-100,,base,Base,official-cardlist,OP11/base/OP11-100.png,https://en.onepiece-cardgame.com/images/cardlist/card/OP11-100.png?260305,3462,5090,4138,HIGH,exact_code_plus_base_flag,4138,632476,Otohime,Otohime,OP11-100,C,,tcgcsv,3965,4138,0.01,0.1,1.58,0.08,,,2026-04-02 03:06:20,tcgcsv,OP11-100,1,1,1,0,1,0,missing_tcgplayer_product_id_only,price_via_chain_tcgplayer_id_missing
1544,OP11-101,"Capone""Gang""Bege",SR,,5092,1544,OP11-101,,base,Base,official-cardlist,OP11/base/OP11-101.png,https://en.onepiece-cardgame.com/images/cardlist/card/OP11-101.png?260305,3463,5092,4139,HIGH,exact_code_plus_base_flag,4139,632477,"Capone""Gang""Bege (101)",CaponeGangBege 101,OP11-101,SR,,tcgcsv,3966,4139,0.01,0.45,8.11,0.31,,,2026-04-02 03:06:20,tcgcsv,OP11-101,1,1,1,0,1,0,missing_tcgplayer_product_id_only,price_via_chain_tcgplayer_id_missing
1545,OP11-102,Camie,UC,,5096,1545,OP11-102,,base,Base,official-cardlist,OP11/base/OP11-102.png,https://en.onepiece-cardgame.com/images/cardlist/card/OP11-102.png?260305,3465,5096,4141,HIGH,exact_code_plus_base_flag,4141,632479,Camie,Camie,OP11-102,UC,,tcgcsv,3968,4141,0.01,0.15,1.58,0.13,,,2026-04-02 03:06:20,tcgcsv,OP11-102,1,1,1,0,1,0,missing_tcgplayer_product_id_only,price_via_chain_tcgplayer_id_missing
1546,OP11-103,Long-Jaw Neptunian,C,,5098,1546,OP11-103,,base,Base,official-cardlist,OP11/base/OP11-103.png,https://en.onepiece-cardgame.com/images/cardlist/card/OP11-103.png?260305,3466,5098,4142,HIGH,exact_code_plus_base_flag,4142,632480,Long-Jaw Neptunian,Long Jaw Neptunian,OP11-103,C,,tcgcsv,3969,4142,0.01,0.1,1.58,0.09,,,2026-04-02 03:06:20,tcgcsv,OP11-103,1,1,1,0,1,0,missing_tcgplayer_product_id_only,price_via_chain_tcgplayer_id_missing
1547,OP11-104,Shirley,R,,5100,1547,OP11-104,,base,Base,official-cardlist,OP11/base/OP11-104.png,https://en.onepiece-cardgame.com/images/cardlist/card/OP11-104.png?260305,3467,5100,4143,HIGH,exact_code_plus_base_flag,4143,632481,Shirley,Shirley,OP11-104,R,,tcgcsv,3970,4143,0.01,0.17,2.0,0.14,,,2026-04-02 03:06:20,tcgcsv,OP11-104,1,1,1,0,1,0,missing_tcgplayer_product_id_only,price_via_chain_tcgplayer_id_missing
1548,OP11-105,Charlotte Chiffon,UC,,5102,1548,OP11-105,,base,Base,official-cardlist,OP11/base/OP11-105.png,https://en.onepiece-cardgame.com/images/cardlist/card/OP11-105.png?260305,3468,5102,4144,HIGH,exact_code_plus_base_flag,4144,632482,Charlotte Chiffon,Charlotte Chiffon,OP11-105,UC,,tcgcsv,3971,4144,0.01,0.1,1.58,0.05,,,2026-04-02 03:06:20,tcgcsv,OP11-105,1,1,1,0,1,0,missing_tcgplayer_product_id_only,price_via_chain_tcgplayer_id_missing
1549,OP11-106,Zeus,R,,5104,1549,OP11-106,,base,Base,official-cardlist,OP11/sp/OP11-106_sp.png,https://en.onepiece-cardgame.com/images/cardlist/card/OP11-106.png?260305,1166,5104,1601,HIGH,exact_code_plus_base_flag,1601,641163,Zeus (Official Playmat -Bandai Card Games Fest 24-25 Edition-),Zeus Official Playmat Bandai Card Games Fest 24 25 Edition,OP11-106,R,,tcgcsv,1479,1601,140.29,221.99,400.0,134.21,,,2026-04-02 03:06:17,tcgcsv,OP11-106,1,1,1,0,1,0,missing_tcgplayer_product_id_only,price_via_chain_tcgplayer_id_missing
1550,OP11-107,Topknot Neptunian,C,,5110,1550,OP11-107,,base,Base,official-cardlist,OP11/base/OP11-107.png,https://en.onepiece-cardgame.com/images/cardlist/card/OP11-107.png?260305,3471,5110,4147,HIGH,exact_code_plus_base_flag,4147,632485,Topknot Neptunian,Topknot Neptunian,OP11-107,C,,tcgcsv,3974,4147,0.01,0.1,1.58,0.09,,,2026-04-02 03:06:20,tcgcsv,OP11-107,1,1,1,0,1,0,missing_tcgplayer_product_id_only,price_via_chain_tcgplayer_id_missing
1551,OP11-108,Neptune,R,,5112,1551,OP11-108,,base,Base,official-cardlist,OP11/base/OP11-108.png,https://en.onepiece-cardgame.com/images/cardlist/card/OP11-108.png?260305,3472,5112,4148,HIGH,exact_code_plus_base_flag,4148,632486,Neptune,Neptune,OP11-108,R,,tcgcsv,3975,4148,0.01,0.15,2.0,0.14,,,2026-04-02 03:06:20,tcgcsv,OP11-108,1,1,1,0,1,0,missing_tcgplayer_product_id_only,price_via_chain_tcgplayer_id_missing
1552,OP11-109,Pappag,C,,5114,1552,OP11-109,,base,Base,official-cardlist,OP11/base/OP11-109.png,https://en.onepiece-cardgame.com/images/cardlist/card/OP11-109.png?260305,3473,5114,4149,HIGH,exact_code_plus_base_flag,4149,632487,Pappag,Pappag,OP11-109,C,,tcgcsv,3976,4149,0.01,0.1,1.58,0.03,,,2026-04-02 03:06:20,tcgcsv,OP11-109,1,1,1,0,1,0,missing_tcgplayer_product_id_only,price_via_chain_tcgplayer_id_missing
1553,OP11-110,Fukaboshi,C,,5116,1553,OP11-110,,base,Base,official-cardlist,OP11/base/OP11-110.png,https://en.onepiece-cardgame.com/images/cardlist/card/OP11-110.png?260305,3474,5116,4150,HIGH,exact_code_plus_base_flag,4150,632488,Fukaboshi,Fukaboshi,OP11-110,C,,tcgcsv,3977,4150,0.01,0.1,1.58,0.06,,,2026-04-02 03:06:20,tcgcsv,OP11-110,1,1,1,0,1,0,missing_tcgplayer_product_id_only,price_via_chain_tcgplayer_id_missing
1554,OP11-111,Mamboshi,UC,,5118,1554,OP11-111,,base,Base,official-cardlist,OP11/base/OP11-111.png,https://en.onepiece-cardgame.com/images/cardlist/card/OP11-111.png?260305,3475,5118,4151,HIGH,exact_code_plus_base_flag,4151,632489,Mamboshi,Mamboshi,OP11-111,UC,,tcgcsv,3978,4151,0.01,0.12,1.58,0.11,,,2026-04-02 03:06:20,tcgcsv,OP11-111,1,1,1,0,1,0,missing_tcgplayer_product_id_only,price_via_chain_tcgplayer_id_missing
1555,OP11-112,Megalo,UC,,5120,1555,OP11-112,,base,Base,official-cardlist,OP11/base/OP11-112.png,https://en.onepiece-cardgame.com/images/cardlist/card/OP11-112.png?260305,1388,5120,1853,HIGH,exact_code_plus_base_flag,1853,668203,Megalo (Judge Pack Vol. 7),Megalo Judge Pack Vol 7,OP11-112,UC,,tcgcsv,1697,1853,0.5,1.4,18.0,0.79,,,2026-04-02 03:06:17,tcgcsv,OP11-112,1,1,1,0,1,0,missing_tcgplayer_product_id_only,price_via_chain_tcgplayer_id_missing
1556,OP11-113,Ryuboshi,C,,5122,1556,OP11-113,,base,Base,official-cardlist,OP11/base/OP11-113.png,https://en.onepiece-cardgame.com/images/cardlist/card/OP11-113.png?260305,3477,5122,4153,HIGH,exact_code_plus_base_flag,4153,632491,Ryuboshi,Ryuboshi,OP11-113,C,,tcgcsv,3980,4153,0.01,0.1,1.58,0.09,,,2026-04-02 03:06:20,tcgcsv,OP11-113,1,1,1,0,1,0,missing_tcgplayer_product_id_only,price_via_chain_tcgplayer_id_missing
1557,OP11-114,Gum-Gum Fire-Fist Pistol Red Hawk,R,,5124,1557,OP11-114,,base,Base,official-cardlist,OP11/base/OP11-114.png,https://en.onepiece-cardgame.com/images/cardlist/card/OP11-114.png?260305,3478,5124,4154,HIGH,exact_code_plus_base_flag,4154,632492,Gum-Gum Fire-Fist Pistol Red Hawk,Gum Gum Fire Fist Pistol Red Hawk,OP11-114,R,,tcgcsv,3981,4154,0.01,0.2,2.99,0.14,,,2026-04-02 03:06:20,tcgcsv,OP11-114,1,1,1,0,1,0,missing_tcgplayer_product_id_only,price_via_chain_tcgplayer_id_missing
1558,OP11-115,You're Just Not My Type!,UC,,5128,1558,OP11-115,,base,Base,official-cardlist,OP11/base/OP11-115.png,https://en.onepiece-cardgame.com/images/cardlist/card/OP11-115.png?260305,3480,5128,4156,HIGH,exact_code_plus_base_flag,4156,632494,You're Just Not My Type!,Youre Just Not My Type,OP11-115,UC,,tcgcsv,3983,4156,0.01,0.15,1.35,0.12,,,2026-04-02 03:06:20,tcgcsv,OP11-115,1,1,1,0,1,0,missing_tcgplayer_product_id_only,price_via_chain_tcgplayer_id_missing
1559,OP11-116,Merman Combat Ultramarine,C,,5130,1559,OP11-116,,base,Base,official-cardlist,OP11/base/OP11-116.png,https://en.onepiece-cardgame.com/images/cardlist/card/OP11-116.png?260305,3481,5130,4157,HIGH,exact_code_plus_base_flag,4157,632495,Merman Combat Ultramarine,Merman Combat Ultramarine,OP11-116,C,,tcgcsv,3984,4157,0.01,0.1,1.58,0.05,,,2026-04-02 03:06:20,tcgcsv,OP11-116,1,1,1,0,1,0,missing_tcgplayer_product_id_only,price_via_chain_tcgplayer_id_missing
1560,OP11-117,Fish-Man Island,C,,5132,1560,OP11-117,,base,Base,official-cardlist,OP11/base/OP11-117.png,https://en.onepiece-cardgame.com/images/cardlist/card/OP11-117.png?260305,3482,5132,4158,HIGH,exact_code_plus_base_flag,4158,632496,Fish-Man Island,Fish Man Island,OP11-117,C,,tcgcsv,3985,4158,0.01,0.1,1.58,0.05,,,2026-04-02 03:06:20,tcgcsv,OP11-117,1,1,1,0,1,0,missing_tcgplayer_product_id_only,price_via_chain_tcgplayer_id_missing
1561,OP11-118,Monkey.D.Luffy,SEC,,5134,1561,OP11-118,,base,Base,official-cardlist,OP11/base/OP11-118.png,https://en.onepiece-cardgame.com/images/cardlist/card/OP11-118.png?260305,3483,5134,4159,HIGH,exact_code_plus_base_flag,4159,632497,Monkey.D.Luffy (118),MonkeyDLuffy 118,OP11-118,SEC,,tcgcsv,3986,4159,3.17,5.03,420.69,3.68,,,2026-04-02 03:06:20,tcgcsv,OP11-118,1,1,1,0,1,0,missing_tcgplayer_product_id_only,price_via_chain_tcgplayer_id_missing
1562,OP11-119,Koby,SEC,,5140,1562,OP11-119,,base,Base,official-cardlist,OP11/base/OP11-119.png,https://en.onepiece-cardgame.com/images/cardlist/card/OP11-119.png?260305,1212,5140,1655,HIGH,exact_code_plus_base_flag,1655,646747,Koby (Treasure Cup August 2025),Koby Treasure Cup August 2025,OP11-119,SEC,,tcgcsv,,,,,,,,,,,OP11-119,1,1,1,0,1,0,missing_tcgplayer_product_id_only,price_via_chain_tcgplayer_id_missing
1563,OP12-001,Silvers Rayleigh,L,,5146,1563,OP12-001,,base,Base,official-cardlist,OP12/base/OP12-001.png,https://en.onepiece-cardgame.com/images/cardlist/card/OP12-001.png?260305,3587,5146,4286,HIGH,exact_code_plus_base_flag,4286,643723,Silvers Rayleigh,Silvers Rayleigh,OP12-001,L,,tcgcsv,4113,4286,0.01,0.15,8.13,0.11,,,2026-04-02 03:06:20,tcgcsv,OP12-001,1,1,1,0,1,0,missing_tcgplayer_product_id_only,price_via_chain_tcgplayer_id_missing
1564,OP12-002,Edward.Newgate,UC,,5150,1564,OP12-002,,base,Base,official-cardlist,OP12/base/OP12-002.png,https://en.onepiece-cardgame.com/images/cardlist/card/OP12-002.png?260305,3589,5150,4288,HIGH,exact_code_plus_base_flag,4288,643725,Edward.Newgate,EdwardNewgate,OP12-002,UC,,tcgcsv,4115,4288,0.01,0.1,30.0,0.08,,,2026-04-02 03:06:20,tcgcsv,OP12-002,1,1,1,0,1,0,missing_tcgplayer_product_id_only,price_via_chain_tcgplayer_id_missing
1565,OP12-003,Crocus,UC,,5152,1565,OP12-003,,base,Base,official-cardlist,OP12/base/OP12-003.png,https://en.onepiece-cardgame.com/images/cardlist/card/OP12-003.png?260305,3590,5152,4289,HIGH,exact_code_plus_base_flag,4289,643726,Crocus,Crocus,OP12-003,UC,,tcgcsv,4116,4289,0.01,0.1,1.58,0.06,,,2026-04-02 03:06:20,tcgcsv,OP12-003,1,1,1,0,1,0,missing_tcgplayer_product_id_only,price_via_chain_tcgplayer_id_missing
1566,OP12-004,Kouzuki Oden,UC,,5154,1566,OP12-004,,base,Base,official-cardlist,OP12/base/OP12-004.png,https://en.onepiece-cardgame.com/images/cardlist/card/OP12-004.png?260305,3591,5154,4290,HIGH,exact_code_plus_base_flag,4290,643727,Kouzuki Oden,Kouzuki Oden,OP12-004,UC,,tcgcsv,4117,4290,0.01,0.1,1.58,0.06,,,2026-04-02 03:06:20,tcgcsv,OP12-004,1,1,1,0,1,0,missing_tcgplayer_product_id_only,price_via_chain_tcgplayer_id_missing
1567,OP12-005,Shiki,C,,5156,1567,OP12-005,,base,Base,official-cardlist,OP12/base/OP12-005.png,https://en.onepiece-cardgame.com/images/cardlist/card/OP12-005.png?260305,3592,5156,4291,HIGH,exact_code_plus_base_flag,4291,643729,Shiki,Shiki,OP12-005,C,,tcgcsv,4118,4291,0.01,0.1,1.58,0.04,,,2026-04-02 03:06:20,tcgcsv,OP12-005,1,1,1,0,1,0,missing_tcgplayer_product_id_only,price_via_chain_tcgplayer_id_missing
1568,OP12-006,Shakuyaku,R,,5158,1568,OP12-006,,base,Base,official-cardlist,OP12/base/OP12-006.png,https://en.onepiece-cardgame.com/images/cardlist/card/OP12-006.png?260305,1340,5158,1798,HIGH,exact_code_plus_base_flag,1798,657829,Shakuyaku (Premium Card Collection -Best Selection Vol. 5-),Shakuyaku Premium Card Collection Best Selection Vol 5,OP12-006,R,,tcgcsv,1644,1798,3.89,5.84,39.99,5.84,,,2026-04-02 03:06:17,tcgcsv,OP12-006,1,1,1,0,1,0,missing_tcgplayer_product_id_only,price_via_chain_tcgplayer_id_missing
1569,OP12-007,Shanks,C,,5162,1569,OP12-007,,base,Base,official-cardlist,OP12/base/OP12-007.png,https://en.onepiece-cardgame.com/images/cardlist/card/OP12-007.png?260305,3594,5162,4293,HIGH,exact_code_plus_base_flag,4293,643731,Shanks (007),Shanks 007,OP12-007,C,,tcgcsv,4120,4293,0.01,0.1,8.06,0.06,,,2026-04-02 03:06:20,tcgcsv,OP12-007,1,1,1,0,1,0,missing_tcgplayer_product_id_only,price_via_chain_tcgplayer_id_missing
1570,OP12-008,Shanks,R,,5164,1570,OP12-008,,base,Base,official-cardlist,OP12/base/OP12-008.png,https://en.onepiece-cardgame.com/images/cardlist/card/OP12-008.png?260305,3595,5164,4294,HIGH,exact_code_plus_base_flag,4294,643732,Shanks (008),Shanks 008,OP12-008,R,,tcgcsv,4121,4294,0.04,0.25,25.0,0.21,,,2026-04-02 03:06:20,tcgcsv,OP12-008,1,1,1,0,1,0,missing_tcgplayer_product_id_only,price_via_chain_tcgplayer_id_missing
1571,OP12-009,Jinbe,R,,5168,1571,OP12-009,,base,Base,official-cardlist,OP12/base/OP12-009.png,https://en.onepiece-cardgame.com/images/cardlist/card/OP12-009.png?260305,3597,5168,4296,HIGH,exact_code_plus_base_flag,4296,643734,Jinbe,Jinbe,OP12-009,R,,tcgcsv,4123,4296,0.01,0.15,2.0,0.11,,,2026-04-02 03:06:20,tcgcsv,OP12-009,1,1,1,0,1,0,missing_tcgplayer_product_id_only,price_via_chain_tcgplayer_id_missing
1572,OP12-010,Douglas Bullet,UC,,5170,1572,OP12-010,,base,Base,official-cardlist,OP12/base/OP12-010.png,https://en.onepiece-cardgame.com/images/cardlist/card/OP12-010.png?260305,3598,5170,4297,HIGH,exact_code_plus_base_flag,4297,643735,Douglas Bullet,Douglas Bullet,OP12-010,UC,,tcgcsv,4124,4297,0.01,0.1,1.58,0.05,,,2026-04-02 03:06:20,tcgcsv,OP12-010,1,1,1,0,1,0,missing_tcgplayer_product_id_only,price_via_chain_tcgplayer_id_missing
1573,OP12-011,Duval,C,,5172,1573,OP12-011,,base,Base,official-cardlist,OP12/base/OP12-011.png,https://en.onepiece-cardgame.com/images/cardlist/card/OP12-011.png?260305,3599,5172,4298,HIGH,exact_code_plus_base_flag,4298,643736,Duval,Duval,OP12-011,C,,tcgcsv,4125,4298,0.01,0.1,1.58,0.04,,,2026-04-02 03:06:20,tcgcsv,OP12-011,1,1,1,0,1,0,missing_tcgplayer_product_id_only,price_via_chain_tcgplayer_id_missing
1574,OP12-012,Buggy,C,,5174,1574,OP12-012,,base,Base,official-cardlist,OP12/base/OP12-012.png,https://en.onepiece-cardgame.com/images/cardlist/card/OP12-012.png?260305,3600,5174,4299,HIGH,exact_code_plus_base_flag,4299,643737,Buggy (012),Buggy 012,OP12-012,C,,tcgcsv,4126,4299,0.01,0.1,5.0,0.05,,,2026-04-02 03:06:20,tcgcsv,OP12-012,1,1,1,0,1,0,missing_tcgplayer_product_id_only,price_via_chain_tcgplayer_id_missing
1575,OP12-013,Hatchan,C,,5176,1575,OP12-013,,base,Base,official-cardlist,OP12/base/OP12-013.png,https://en.onepiece-cardgame.com/images/cardlist/card/OP12-013.png?260305,3601,5176,4300,HIGH,exact_code_plus_base_flag,4300,643738,Hatchan,Hatchan,OP12-013,C,,tcgcsv,4127,4300,0.01,0.1,8.08,0.08,,,2026-04-02 03:06:20,tcgcsv,OP12-013,1,1,1,0,1,0,missing_tcgplayer_product_id_only,price_via_chain_tcgplayer_id_missing
1576,OP12-014,Boa Hancock,SR,,5178,1576,OP12-014,,base,Base,official-cardlist,OP12/base/OP12-014.png,https://en.onepiece-cardgame.com/images/cardlist/card/OP12-014.png?260305,3602,5178,4301,HIGH,exact_code_plus_base_flag,4301,643739,Boa Hancock,Boa Hancock,OP12-014,SR,,tcgcsv,4128,4301,0.25,0.82,20.0,0.54,,,2026-04-02 03:06:20,tcgcsv,OP12-014,1,1,1,0,1,0,missing_tcgplayer_product_id_only,price_via_chain_tcgplayer_id_missing
1577,OP12-015,Monkey.D.Luffy,SR,,5182,1577,OP12-015,,base,Base,official-cardlist,OP12/base/OP12-015.png,https://en.onepiece-cardgame.com/images/cardlist/card/OP12-015.png?260305,1326,5182,1781,HIGH,exact_code_plus_base_flag,1781,657117,Monkey.D.Luffy (Treasure Cup 2025),MonkeyDLuffy Treasure Cup 2025,OP12-015,SR,,tcgcsv,1629,1781,1700.0,2000.0,2500.0,933.35,,,2026-04-02 03:06:17,tcgcsv,OP12-015,1,1,1,0,1,0,missing_tcgplayer_product_id_only,price_via_chain_tcgplayer_id_missing
1578,OP12-016,To Never Doubt--That Is Power!,C,,5187,1578,OP12-016,,base,Base,official-cardlist,OP12/base/OP12-016.png,https://en.onepiece-cardgame.com/images/cardlist/card/OP12-016.png?260305,3606,5187,4305,HIGH,exact_code_plus_base_flag,4305,643743,To Never Doubt--That Is Power!,To Never Doubt That Is Power,OP12-016,C,,tcgcsv,4132,4305,0.01,0.11,8.07,0.07,,,2026-04-02 03:06:20,tcgcsv,OP12-016,1,1,1,0,1,0,missing_tcgplayer_product_id_only,price_via_chain_tcgplayer_id_missing
1579,OP12-017,Color of Observation Haki,UC,,5189,1579,OP12-017,,base,Base,official-cardlist,OP12/base/OP12-017.png,https://en.onepiece-cardgame.com/images/cardlist/card/OP12-017.png?260305,3607,5189,4306,HIGH,exact_code_plus_base_flag,4306,643744,Color of Observation Haki,Color of Observation Haki,OP12-017,UC,,tcgcsv,4133,4306,0.01,0.15,8.1,0.1,,,2026-04-02 03:06:20,tcgcsv,OP12-017,1,1,1,0,1,0,missing_tcgplayer_product_id_only,price_via_chain_tcgplayer_id_missing
1580,OP12-018,Color of the Supreme King Haki,R,,5191,1580,OP12-018,,base,Base,official-cardlist,OP12/base/OP12-018.png,https://en.onepiece-cardgame.com/images/cardlist/card/OP12-018.png?260305,1287,5191,1736,HIGH,exact_code_plus_base_flag,1736,649708,Color of the Supreme King Haki (Premium Card Collection -6 assort vol.1-),Color of the Supreme King Haki Premium Card Collection 6 assort vol1,OP12-018,R,,tcgcsv,1591,1736,13.51,16.96,150.0,14.58,,,2026-04-02 03:06:17,tcgcsv,OP12-018,1,1,1,0,1,0,missing_tcgplayer_product_id_only,price_via_chain_tcgplayer_id_missing
1581,OP12-019,Color of Arms Haki,C,,5194,1581,OP12-019,,base,Base,official-cardlist,OP12/base/OP12-019.png,https://en.onepiece-cardgame.com/images/cardlist/card/OP12-019.png?260305,3609,5194,4308,HIGH,exact_code_plus_base_flag,4308,643746,Color of Arms Haki,Color of Arms Haki,OP12-019,C,,tcgcsv,4135,4308,0.01,0.11,5.0,0.05,,,2026-04-02 03:06:20,tcgcsv,OP12-019,1,1,1,0,1,0,missing_tcgplayer_product_id_only,price_via_chain_tcgplayer_id_missing
1582,OP12-020,Roronoa Zoro,L,,5196,1582,OP12-020,,base,Base,official-cardlist,OP12/base/OP12-020.png,https://en.onepiece-cardgame.com/images/cardlist/card/OP12-020.png?260305,1328,5196,1783,HIGH,exact_code_plus_base_flag,1783,657119,Roronoa Zoro (Serial Numbered),Roronoa Zoro Serial Numbered,OP12-020,L,,tcgcsv,,,,,,,,,,,OP12-020,1,1,1,0,1,0,missing_tcgplayer_product_id_only,price_via_chain_tcgplayer_id_missing
1583,OP12-021,Ipponmatsu,C,,5206,1583,OP12-021,,base,Base,official-cardlist,OP12/base/OP12-021.png,https://en.onepiece-cardgame.com/images/cardlist/card/OP12-021.png?260305,3612,5206,4311,HIGH,exact_code_plus_base_flag,4311,643749,Ipponmatsu,Ipponmatsu,OP12-021,C,,tcgcsv,4138,4311,0.01,0.1,8.03,0.03,,,2026-04-02 03:06:20,tcgcsv,OP12-021,1,1,1,0,1,0,missing_tcgplayer_product_id_only,price_via_chain_tcgplayer_id_missing
1584,OP12-022,Inuarashi,C,,5208,1584,OP12-022,,base,Base,official-cardlist,OP12/base/OP12-022.png,https://en.onepiece-cardgame.com/images/cardlist/card/OP12-022.png?260305,3613,5208,4312,HIGH,exact_code_plus_base_flag,4312,643750,Inuarashi,Inuarashi,OP12-022,C,,tcgcsv,4139,4312,0.01,0.1,8.07,0.07,,,2026-04-02 03:06:20,tcgcsv,OP12-022,1,1,1,0,1,0,missing_tcgplayer_product_id_only,price_via_chain_tcgplayer_id_missing
1585,OP12-023,Kawamatsu,UC,,5210,1585,OP12-023,,base,Base,official-cardlist,OP12/base/OP12-023.png,https://en.onepiece-cardgame.com/images/cardlist/card/OP12-023.png?260305,3614,5210,4313,HIGH,exact_code_plus_base_flag,4313,643751,Kawamatsu,Kawamatsu,OP12-023,UC,,tcgcsv,4140,4313,0.01,0.15,1.58,0.08,,,2026-04-02 03:06:20,tcgcsv,OP12-023,1,1,1,0,1,0,missing_tcgplayer_product_id_only,price_via_chain_tcgplayer_id_missing
1586,OP12-024,Gyukimaru,C,,5212,1586,OP12-024,,base,Base,official-cardlist,OP12/base/OP12-024.png,https://en.onepiece-cardgame.com/images/cardlist/card/OP12-024.png?260305,3615,5212,4314,HIGH,exact_code_plus_base_flag,4314,643752,Gyukimaru,Gyukimaru,OP12-024,C,,tcgcsv,4141,4314,0.01,0.1,8.05,0.05,,,2026-04-02 03:06:20,tcgcsv,OP12-024,1,1,1,0,1,0,missing_tcgplayer_product_id_only,price_via_chain_tcgplayer_id_missing
1587,OP12-025,Kin'emon,C,,5214,1587,OP12-025,,base,Base,official-cardlist,OP12/base/OP12-025.png,https://en.onepiece-cardgame.com/images/cardlist/card/OP12-025.png?260305,3616,5214,4315,HIGH,exact_code_plus_base_flag,4315,643753,Kin'emon,Kinemon,OP12-025,C,,tcgcsv,4142,4315,0.01,0.1,8.05,0.05,,,2026-04-02 03:06:20,tcgcsv,OP12-025,1,1,1,0,1,0,missing_tcgplayer_product_id_only,price_via_chain_tcgplayer_id_missing
1588,OP12-026,Kuina,UC,,5216,1588,OP12-026,,base,Base,official-cardlist,OP12/base/OP12-026.png,https://en.onepiece-cardgame.com/images/cardlist/card/OP12-026.png?260305,1339,5216,1797,HIGH,exact_code_plus_base_flag,1797,657828,Kuina (Premium Card Collection -Best Selection Vol. 5-),Kuina Premium Card Collection Best Selection Vol 5,OP12-026,UC,,tcgcsv,1643,1797,5.98,7.57,39.99,6.68,,,2026-04-02 03:06:17,tcgcsv,OP12-026,1,1,1,0,1,0,missing_tcgplayer_product_id_only,price_via_chain_tcgplayer_id_missing
1589,OP12-027,Koushirou,UC,,5220,1589,OP12-027,,base,Base,official-cardlist,OP12/base/OP12-027.png,https://en.onepiece-cardgame.com/images/cardlist/card/OP12-027.png?260305,3618,5220,4317,HIGH,exact_code_plus_base_flag,4317,643755,Koushirou,Koushirou,OP12-027,UC,,tcgcsv,4144,4317,0.04,0.25,2.82,0.21,,,2026-04-02 03:06:20,tcgcsv,OP12-027,1,1,1,0,1,0,missing_tcgplayer_product_id_only,price_via_chain_tcgplayer_id_missing
1590,OP12-028,Kouzuki Hiyori,R,,5222,1590,OP12-028,,base,Base,official-cardlist,OP12/base/OP12-028.png,https://en.onepiece-cardgame.com/images/cardlist/card/OP12-028.png?260305,1363,5222,1826,HIGH,exact_code_plus_base_flag,1826,668164,Kouzuki Hiyori (Tournament Pack 2026 Vol. 1),Kouzuki Hiyori Tournament Pack 2026 Vol 1,OP12-028,R,,tcgcsv,1670,1826,0.05,0.39,4.0,0.26,,,2026-04-02 03:06:17,tcgcsv,OP12-028,1,1,1,0,1,0,missing_tcgplayer_product_id_only,price_via_chain_tcgplayer_id_missing
1591,OP12-029,Shimotsuki Kouzaburou,UC,,5227,1591,OP12-029,,base,Base,official-cardlist,OP12/base/OP12-029.png,https://en.onepiece-cardgame.com/images/cardlist/card/OP12-029.png?260305,3620,5227,4319,HIGH,exact_code_plus_base_flag,4319,643757,Shimotsuki Kouzaburou,Shimotsuki Kouzaburou,OP12-029,UC,,tcgcsv,4146,4319,0.01,0.2,8.12,0.12,,,2026-04-02 03:06:20,tcgcsv,OP12-029,1,1,1,0,1,0,missing_tcgplayer_product_id_only,price_via_chain_tcgplayer_id_missing
1592,OP12-030,Dracule Mihawk,SP CARD,,5229,1592,OP12-030,,base,Base,official-cardlist,OP12/sp/OP12-030_sp.png,https://en.onepiece-cardgame.com/images/cardlist/card/OP12-030.png?260305,3621,5229,4320,HIGH,exact_code_plus_base_flag,4320,643758,Dracule Mihawk,Dracule Mihawk,OP12-030,SR,,tcgcsv,4147,4320,0.65,1.8,25.0,1.43,,,2026-04-02 03:06:20,tcgcsv,OP12-030,1,1,1,0,1,0,missing_tcgplayer_product_id_only,price_via_chain_tcgplayer_id_missing
1593,OP12-031,Tashigi,R,,5235,1593,OP12-031,,base,Base,official-cardlist,OP12/base/OP12-031.png,https://en.onepiece-cardgame.com/images/cardlist/card/OP12-031.png?260305,1323,5235,1778,HIGH,exact_code_plus_base_flag,1778,657112,Tashigi (Store Treasure Cup 2025),Tashigi Store Treasure Cup 2025,OP12-031,R,,tcgcsv,1626,1778,33.72,54.99,9999.0,37.69,,,2026-04-02 03:06:17,tcgcsv,OP12-031,1,1,1,0,1,0,missing_tcgplayer_product_id_only,price_via_chain_tcgplayer_id_missing
1594,OP12-032,Nekomamushi,UC,,5242,1594,OP12-032,,base,Base,official-cardlist,OP12/base/OP12-032.png,https://en.onepiece-cardgame.com/images/cardlist/card/OP12-032.png?260305,3625,5242,4324,HIGH,exact_code_plus_base_flag,4324,643762,Nekomamushi,Nekomamushi,OP12-032,UC,,tcgcsv,4151,4324,0.01,0.12,8.09,0.09,,,2026-04-02 03:06:20,tcgcsv,OP12-032,1,1,1,0,1,0,missing_tcgplayer_product_id_only,price_via_chain_tcgplayer_id_missing
1595,OP12-033,Helmeppo,C,,5244,1595,OP12-033,,base,Base,official-cardlist,OP12/base/OP12-033.png,https://en.onepiece-cardgame.com/images/cardlist/card/OP12-033.png?260305,3626,5244,4325,HIGH,exact_code_plus_base_flag,4325,643763,Helmeppo,Helmeppo,OP12-033,C,,tcgcsv,4152,4325,0.01,0.1,1.58,0.05,,,2026-04-02 03:06:20,tcgcsv,OP12-033,1,1,1,0,1,0,missing_tcgplayer_product_id_only,price_via_chain_tcgplayer_id_missing
1596,OP12-034,Perona,SR,,5246,1596,OP12-034,,base,Base,official-cardlist,OP12/base/OP12-034.png,https://en.onepiece-cardgame.com/images/cardlist/card/OP12-034.png?260305,1426,5246,1903,HIGH,exact_code_plus_base_flag,1903,680491,Perona (Japanese Version 3rd Anniversary Set),Perona Japanese Version 3rd Anniversary Set,OP12-034,SR,,tcgcsv,1735,1903,80.0,99.5,163.72,98.69,,,2026-04-02 03:06:17,tcgcsv,OP12-034,1,1,1,0,1,0,missing_tcgplayer_product_id_only,price_via_chain_tcgplayer_id_missing
1597,OP12-035,Morgan,C,,5252,1597,OP12-035,,base,Base,official-cardlist,OP12/base/OP12-035.png,https://en.onepiece-cardgame.com/images/cardlist/card/OP12-035.png?260305,3629,5252,4328,HIGH,exact_code_plus_base_flag,4328,643766,Morgan,Morgan,OP12-035,C,,tcgcsv,4155,4328,0.01,0.1,8.05,0.05,,,2026-04-02 03:06:20,tcgcsv,OP12-035,1,1,1,0,1,0,missing_tcgplayer_product_id_only,price_via_chain_tcgplayer_id_missing
1598,OP12-036,Roronoa Zoro,C,,5254,1598,OP12-036,,base,Base,official-cardlist,OP12/base/OP12-036.png,https://en.onepiece-cardgame.com/images/cardlist/card/OP12-036.png?260305,3630,5254,4329,HIGH,exact_code_plus_base_flag,4329,643767,Roronoa Zoro (036),Roronoa Zoro 036,OP12-036,C,,tcgcsv,4156,4329,0.01,0.12,8.11,0.11,,,2026-04-02 03:06:20,tcgcsv,OP12-036,1,1,1,0,1,0,missing_tcgplayer_product_id_only,price_via_chain_tcgplayer_id_missing
1599,OP12-037,Demon Aura Nine Sword Style Asura Blades Drawn Dead Man's Game,R,,5257,1599,OP12-037,,base,Base,official-cardlist,OP12/base/OP12-037.png,https://en.onepiece-cardgame.com/images/cardlist/card/OP12-037.png?260305,3631,5257,4330,HIGH,exact_code_plus_base_flag,4330,643768,Demon Aura Nine Sword Style Asura Blades Drawn Dead Man's Game,Demon Aura Nine Sword Style Asura Blades Drawn Dead Mans Game,OP12-037,R,,tcgcsv,4157,4330,1.22,4.0,25.0,3.37,,,2026-04-02 03:06:20,tcgcsv,OP12-037,1,1,1,0,1,0,missing_tcgplayer_product_id_only,price_via_chain_tcgplayer_id_missing
1600,OP12-038,Two-Sword Style Rashomon,C,,5262,1600,OP12-038,,base,Base,official-cardlist,OP12/base/OP12-038.png,https://en.onepiece-cardgame.com/images/cardlist/card/OP12-038.png?260305,3633,5262,4332,HIGH,exact_code_plus_base_flag,4332,643770,Two-Sword Style Rashomon,Two Sword Style Rashomon,OP12-038,C,,tcgcsv,4159,4332,0.01,0.13,1.58,0.06,,,2026-04-02 03:06:20,tcgcsv,OP12-038,1,1,1,0,1,0,missing_tcgplayer_product_id_only,price_via_chain_tcgplayer_id_missing
1601,OP12-039,Luffy Is the Man Who Will Become the King of Pirates!!!,R,,5264,1601,OP12-039,,base,Base,official-cardlist,OP12/base/OP12-039.png,https://en.onepiece-cardgame.com/images/cardlist/card/OP12-039.png?260305,1446,5264,1925,HIGH,exact_code_plus_base_flag,1925,681982,Luffy Is the Man Who Will Become the King of Pirates!!! (Japanese Version 3rd Anniversary Set),Luffy Is the Man Who Will Become the King of Pirates Japanese Version 3rd Anniversary Set,OP12-039,R,,tcgcsv,1749,1925,215.99,238.01,300.45,225.88,,,2026-04-02 03:06:17,tcgcsv,OP12-039,1,1,1,0,1,0,missing_tcgplayer_product_id_only,price_via_chain_tcgplayer_id_missing
1602,OP12-040,Kuzan,L,,5268,1602,OP12-040,,base,Base,official-cardlist,OP12/base/OP12-040.png,https://en.onepiece-cardgame.com/images/cardlist/card/OP12-040.png?260305,3635,5268,4334,HIGH,exact_code_plus_base_flag,4334,643772,Kuzan (040),Kuzan 040,OP12-040,L,,tcgcsv,4161,4334,0.01,0.15,2.0,0.07,,,2026-04-02 03:06:20,tcgcsv,OP12-040,1,1,1,0,1,0,missing_tcgplayer_product_id_only,price_via_chain_tcgplayer_id_missing
1603,OP12-041,Sanji,L,,5272,1603,OP12-041,,base,Base,official-cardlist,OP12/base/OP12-041.png,https://en.onepiece-cardgame.com/images/cardlist/card/OP12-041.png?260305,3637,5272,4336,HIGH,exact_code_plus_base_flag,4336,643774,Sanji (041),Sanji 041,OP12-041,L,,tcgcsv,4163,4336,0.01,0.15,4.9,0.14,,,2026-04-02 03:06:20,tcgcsv,OP12-041,1,1,1,0,1,0,missing_tcgplayer_product_id_only,price_via_chain_tcgplayer_id_missing
1604,OP12-042,Alvida,C,,5276,1604,OP12-042,,base,Base,official-cardlist,OP12/base/OP12-042.png,https://en.onepiece-cardgame.com/images/cardlist/card/OP12-042.png?260305,3639,5276,4338,HIGH,exact_code_plus_base_flag,4338,643776,Alvida,Alvida,OP12-042,C,,tcgcsv,4165,4338,0.01,0.12,8.11,0.11,,,2026-04-02 03:06:20,tcgcsv,OP12-042,1,1,1,0,1,0,missing_tcgplayer_product_id_only,price_via_chain_tcgplayer_id_missing
1605,OP12-043,Kuzan,R,,5278,1605,OP12-043,,base,Base,official-cardlist,OP12/base/OP12-043.png,https://en.onepiece-cardgame.com/images/cardlist/card/OP12-043.png?260305,3640,5278,4339,HIGH,exact_code_plus_base_flag,4339,643777,Kuzan (043),Kuzan 043,OP12-043,R,,tcgcsv,4166,4339,0.01,0.2,6.78,0.13,,,2026-04-02 03:06:20,tcgcsv,OP12-043,1,1,1,0,1,0,missing_tcgplayer_product_id_only,price_via_chain_tcgplayer_id_missing
1606,OP12-044,Sakazuki,R,,5282,1606,OP12-044,,base,Base,official-cardlist,OP12/base/OP12-044.png,https://en.onepiece-cardgame.com/images/cardlist/card/OP12-044.png?260305,3642,5282,4341,HIGH,exact_code_plus_base_flag,4341,643779,Sakazuki,Sakazuki,OP12-044,R,,tcgcsv,4168,4341,0.01,0.25,2.76,0.17,,,2026-04-02 03:06:20,tcgcsv,OP12-044,1,1,1,0,1,0,missing_tcgplayer_product_id_only,price_via_chain_tcgplayer_id_missing
1607,OP12-045,Jango,C,,5284,1607,OP12-045,,base,Base,official-cardlist,OP12/base/OP12-045.png,https://en.onepiece-cardgame.com/images/cardlist/card/OP12-045.png?260305,3643,5284,4342,HIGH,exact_code_plus_base_flag,4342,643780,Jango,Jango,OP12-045,C,,tcgcsv,4169,4342,0.01,0.1,1.58,0.05,,,2026-04-02 03:06:20,tcgcsv,OP12-045,1,1,1,0,1,0,missing_tcgplayer_product_id_only,price_via_chain_tcgplayer_id_missing
1608,OP12-046,Zephyr(Navy),C,,5286,1608,OP12-046,,base,Base,official-cardlist,OP12/base/OP12-046.png,https://en.onepiece-cardgame.com/images/cardlist/card/OP12-046.png?260305,3644,5286,4343,HIGH,exact_code_plus_base_flag,4343,643781,Zephyr(Navy),ZephyrNavy,OP12-046,C,,tcgcsv,4170,4343,0.01,0.1,8.06,0.05,,,2026-04-02 03:06:20,tcgcsv,OP12-046,1,1,1,0,1,0,missing_tcgplayer_product_id_only,price_via_chain_tcgplayer_id_missing
1609,OP12-047,Sengoku,R,,5288,1609,OP12-047,,base,Base,official-cardlist,OP12/base/OP12-047.png,https://en.onepiece-cardgame.com/images/cardlist/card/OP12-047.png?260305,3645,5288,4344,HIGH,exact_code_plus_base_flag,4344,643782,Sengoku,Sengoku,OP12-047,R,,tcgcsv,4171,4344,0.01,0.2,2.75,0.12,,,2026-04-02 03:06:20,tcgcsv,OP12-047,1,1,1,0,1,0,missing_tcgplayer_product_id_only,price_via_chain_tcgplayer_id_missing
1610,OP12-048,Donquixote Rosinante,C,,5290,1610,OP12-048,,base,Base,official-cardlist,OP12/base/OP12-048.png,https://en.onepiece-cardgame.com/images/cardlist/card/OP12-048.png?260305,3646,5290,4345,HIGH,exact_code_plus_base_flag,4345,643783,Donquixote Rosinante (048),Donquixote Rosinante 048,OP12-048,C,,tcgcsv,4172,4345,0.01,0.1,5.0,0.05,,,2026-04-02 03:06:20,tcgcsv,OP12-048,1,1,1,0,1,0,missing_tcgplayer_product_id_only,price_via_chain_tcgplayer_id_missing
1611,OP12-049,Buggy,UC,,5292,1611,OP12-049,,base,Base,official-cardlist,OP12/base/OP12-049.png,https://en.onepiece-cardgame.com/images/cardlist/card/OP12-049.png?260305,3647,5292,4346,HIGH,exact_code_plus_base_flag,4346,643784,Buggy (049),Buggy 049,OP12-049,UC,,tcgcsv,4173,4346,0.01,0.15,5.0,0.12,,,2026-04-02 03:06:20,tcgcsv,OP12-049,1,1,1,0,1,0,missing_tcgplayer_product_id_only,price_via_chain_tcgplayer_id_missing
1612,OP12-050,Jaguar.D.Saul,UC,,5294,1612,OP12-050,,base,Base,official-cardlist,OP12/base/OP12-050.png,https://en.onepiece-cardgame.com/images/cardlist/card/OP12-050.png?260305,3648,5294,4347,HIGH,exact_code_plus_base_flag,4347,643785,Jaguar.D.Saul,JaguarDSaul,OP12-050,UC,,tcgcsv,4174,4347,0.01,0.1,1.58,0.05,,,2026-04-02 03:06:20,tcgcsv,OP12-050,1,1,1,0,1,0,missing_tcgplayer_product_id_only,price_via_chain_tcgplayer_id_missing
1613,OP12-051,Hina,UC,,5296,1613,OP12-051,,base,Base,official-cardlist,OP12/base/OP12-051.png,https://en.onepiece-cardgame.com/images/cardlist/card/OP12-051.png?260305,1338,5296,1796,HIGH,exact_code_plus_base_flag,1796,657827,Hina (Premium Card Collection -Best Selection Vol. 5-),Hina Premium Card Collection Best Selection Vol 5,OP12-051,UC,,tcgcsv,1642,1796,6.69,8.58,49.99,8.09,,,2026-04-02 03:06:17,tcgcsv,OP12-051,1,1,1,0,1,0,missing_tcgplayer_product_id_only,price_via_chain_tcgplayer_id_missing
1614,OP12-052,Fullbody,C,,5300,1614,OP12-052,,base,Base,official-cardlist,OP12/base/OP12-052.png,https://en.onepiece-cardgame.com/images/cardlist/card/OP12-052.png?260305,3650,5300,4349,HIGH,exact_code_plus_base_flag,4349,643787,Fullbody,Fullbody,OP12-052,C,,tcgcsv,4176,4349,0.01,0.1,5.0,0.05,,,2026-04-02 03:06:20,tcgcsv,OP12-052,1,1,1,0,1,0,missing_tcgplayer_product_id_only,price_via_chain_tcgplayer_id_missing
1615,OP12-053,Borsalino,R,,5302,1615,OP12-053,,base,Base,official-cardlist,OP12/base/OP12-053.png,https://en.onepiece-cardgame.com/images/cardlist/card/OP12-053.png?260305,3651,5302,4350,HIGH,exact_code_plus_base_flag,4350,643788,Borsalino,Borsalino,OP12-053,R,,tcgcsv,4177,4350,0.01,0.2,8.16,0.16,,,2026-04-02 03:06:20,tcgcsv,OP12-053,1,1,1,0,1,0,missing_tcgplayer_product_id_only,price_via_chain_tcgplayer_id_missing
1616,OP12-054,Marshall.D.Teach,C,,5304,1616,OP12-054,,base,Base,official-cardlist,OP12/base/OP12-054.png,https://en.onepiece-cardgame.com/images/cardlist/card/OP12-054.png?260305,3652,5304,4351,HIGH,exact_code_plus_base_flag,4351,643789,Marshall.D.Teach,MarshallDTeach,OP12-054,C,,tcgcsv,4178,4351,0.01,0.1,10.0,0.04,,,2026-04-02 03:06:20,tcgcsv,OP12-054,1,1,1,0,1,0,missing_tcgplayer_product_id_only,price_via_chain_tcgplayer_id_missing
1617,OP12-055,Mohji & Cabaji,UC,,5306,1617,OP12-055,,base,Base,official-cardlist,OP12/base/OP12-055.png,https://en.onepiece-cardgame.com/images/cardlist/card/OP12-055.png?260305,3653,5306,4352,HIGH,exact_code_plus_base_flag,4352,643790,Mohji & Cabaji,Mohji and Cabaji,OP12-055,UC,,tcgcsv,4179,4352,0.01,0.1,8.05,0.05,,,2026-04-02 03:06:20,tcgcsv,OP12-055,1,1,1,0,1,0,missing_tcgplayer_product_id_only,price_via_chain_tcgplayer_id_missing
1618,OP12-056,Monkey.D.Garp,SR,,5308,1618,OP12-056,,base,Base,official-cardlist,OP12/base/OP12-056.png,https://en.onepiece-cardgame.com/images/cardlist/card/OP12-056.png?260305,3654,5308,4353,HIGH,exact_code_plus_base_flag,4353,643791,Monkey.D.Garp,MonkeyDGarp,OP12-056,SR,,tcgcsv,4180,4353,0.05,0.5,35.0,0.33,,,2026-04-02 03:06:20,tcgcsv,OP12-056,1,1,1,0,1,0,missing_tcgplayer_product_id_only,price_via_chain_tcgplayer_id_missing
1619,OP12-057,Ice Block Pheasant Peck,C,,5312,1619,OP12-057,,base,Base,official-cardlist,OP12/base/OP12-057.png,https://en.onepiece-cardgame.com/images/cardlist/card/OP12-057.png?260305,3656,5312,4355,HIGH,exact_code_plus_base_flag,4355,643793,Ice Block Pheasant Peck,Ice Block Pheasant Peck,OP12-057,C,,tcgcsv,4182,4355,0.01,0.11,5.0,0.07,,,2026-04-02 03:06:20,tcgcsv,OP12-057,1,1,1,0,1,0,missing_tcgplayer_product_id_only,price_via_chain_tcgplayer_id_missing
1620,OP12-058,I Will Make Whitebeard the King of the Pirates,C,,5314,1620,OP12-058,,base,Base,official-cardlist,OP12/base/OP12-058.png,https://en.onepiece-cardgame.com/images/cardlist/card/OP12-058.png?260305,3657,5314,4356,HIGH,exact_code_plus_base_flag,4356,643794,I Will Make Whitebeard the King of the Pirates,I Will Make Whitebeard the King of the Pirates,OP12-058,C,,tcgcsv,4183,4356,0.01,0.11,8.11,0.11,,,2026-04-02 03:06:20,tcgcsv,OP12-058,1,1,1,0,1,0,missing_tcgplayer_product_id_only,price_via_chain_tcgplayer_id_missing
1621,OP12-059,Concasser,UC,,5316,1621,OP12-059,,base,Base,official-cardlist,OP12/base/OP12-059.png,https://en.onepiece-cardgame.com/images/cardlist/card/OP12-059.png?260305,3658,5316,4357,HIGH,exact_code_plus_base_flag,4357,643795,Concasser,Concasser,OP12-059,UC,,tcgcsv,4184,4357,0.03,0.18,8.1,0.1,,,2026-04-02 03:06:20,tcgcsv,OP12-059,1,1,1,0,1,0,missing_tcgplayer_product_id_only,price_via_chain_tcgplayer_id_missing
1622,OP12-060,Boeuf Burst,R,,5318,1622,OP12-060,,base,Base,official-cardlist,OP12/base/OP12-060.png,https://en.onepiece-cardgame.com/images/cardlist/card/OP12-060.png?260305,3659,5318,4358,HIGH,exact_code_plus_base_flag,4358,643796,Boeuf Burst,Boeuf Burst,OP12-060,R,,tcgcsv,4185,4358,0.08,0.26,21.0,0.25,,,2026-04-02 03:06:20,tcgcsv,OP12-060,1,1,1,0,1,0,missing_tcgplayer_product_id_only,price_via_chain_tcgplayer_id_missing
1623,OP12-061,Donquixote Rosinante,L,,5323,1623,OP12-061,,base,Base,official-cardlist,OP12/base/OP12-061.png,https://en.onepiece-cardgame.com/images/cardlist/card/OP12-061.png?260305,3661,5323,4360,HIGH,exact_code_plus_base_flag,4360,643798,Donquixote Rosinante (061),Donquixote Rosinante 061,OP12-061,L,,tcgcsv,4187,4360,0.01,0.15,2.0,0.09,,,2026-04-02 03:06:20,tcgcsv,OP12-061,1,1,1,0,1,0,missing_tcgplayer_product_id_only,price_via_chain_tcgplayer_id_missing
1624,OP12-062,Vinsmoke Sora,R,,5327,1624,OP12-062,,base,Base,official-cardlist,OP12/base/OP12-062.png,https://en.onepiece-cardgame.com/images/cardlist/card/OP12-062.png?260305,1364,5327,1827,HIGH,exact_code_plus_base_flag,1827,668165,Vinsmoke Sora (Tournament Pack 2026 Vol. 1),Vinsmoke Sora Tournament Pack 2026 Vol 1,OP12-062,R,,tcgcsv,1671,1827,0.02,0.3,2.96,0.22,,,2026-04-02 03:06:17,tcgcsv,OP12-062,1,1,1,0,1,0,missing_tcgplayer_product_id_only,price_via_chain_tcgplayer_id_missing
1625,OP12-063,Vinsmoke Reiju,SR,,5331,1625,OP12-063,,base,Base,official-cardlist,OP12/base/OP12-063.png,https://en.onepiece-cardgame.com/images/cardlist/card/OP12-063.png?260305,3664,5331,4363,HIGH,exact_code_plus_base_flag,4363,643801,Vinsmoke Reiju,Vinsmoke Reiju,OP12-063,SR,,tcgcsv,4190,4363,0.2,0.91,10.0,0.66,,,2026-04-02 03:06:20,tcgcsv,OP12-063,1,1,1,0,1,0,missing_tcgplayer_product_id_only,price_via_chain_tcgplayer_id_missing
1626,OP12-064,Vergo,C,,5337,1626,OP12-064,,base,Base,official-cardlist,OP12/base/OP12-064.png,https://en.onepiece-cardgame.com/images/cardlist/card/OP12-064.png?260305,3666,5337,4365,HIGH,exact_code_plus_base_flag,4365,643803,Vergo,Vergo,OP12-064,C,,tcgcsv,4192,4365,0.01,0.1,8.04,0.04,,,2026-04-02 03:06:20,tcgcsv,OP12-064,1,1,1,0,1,0,missing_tcgplayer_product_id_only,price_via_chain_tcgplayer_id_missing
1627,OP12-065,Emporio.Ivankov,UC,,5339,1627,OP12-065,,base,Base,official-cardlist,OP12/base/OP12-065.png,https://en.onepiece-cardgame.com/images/cardlist/card/OP12-065.png?260305,3667,5339,4366,HIGH,exact_code_plus_base_flag,4366,643804,Emporio.Ivankov (065),EmporioIvankov 065,OP12-065,UC,,tcgcsv,4193,4366,0.01,0.1,8.09,0.09,,,2026-04-02 03:06:20,tcgcsv,OP12-065,1,1,1,0,1,0,missing_tcgplayer_product_id_only,price_via_chain_tcgplayer_id_missing
1628,OP12-066,Carne,C,,5341,1628,OP12-066,,base,Base,official-cardlist,OP12/base/OP12-066.png,https://en.onepiece-cardgame.com/images/cardlist/card/OP12-066.png?260305,3668,5341,4367,HIGH,exact_code_plus_base_flag,4367,643805,Carne,Carne,OP12-066,C,,tcgcsv,4194,4367,0.01,0.1,8.05,0.05,,,2026-04-02 03:06:20,tcgcsv,OP12-066,1,1,1,0,1,0,missing_tcgplayer_product_id_only,price_via_chain_tcgplayer_id_missing
1629,OP12-067,Carmen,C,,5343,1629,OP12-067,,base,Base,official-cardlist,OP12/base/OP12-067.png,https://en.onepiece-cardgame.com/images/cardlist/card/OP12-067.png?260305,3669,5343,4368,HIGH,exact_code_plus_base_flag,4368,643806,Carmen,Carmen,OP12-067,C,,tcgcsv,4195,4368,0.01,0.1,8.06,0.06,,,2026-04-02 03:06:20,tcgcsv,OP12-067,1,1,1,0,1,0,missing_tcgplayer_product_id_only,price_via_chain_tcgplayer_id_missing
1630,OP12-068,Gin,UC,,5345,1630,OP12-068,,base,Base,official-cardlist,OP12/base/OP12-068.png,https://en.onepiece-cardgame.com/images/cardlist/card/OP12-068.png?260305,3670,5345,4369,HIGH,exact_code_plus_base_flag,4369,643807,Gin,Gin,OP12-068,UC,,tcgcsv,4196,4369,0.01,0.1,8.05,0.05,,,2026-04-02 03:06:20,tcgcsv,OP12-068,1,1,1,0,1,0,missing_tcgplayer_product_id_only,price_via_chain_tcgplayer_id_missing
1631,OP12-069,Crocodile,C,,5347,1631,OP12-069,,base,Base,official-cardlist,OP12/base/OP12-069.png,https://en.onepiece-cardgame.com/images/cardlist/card/OP12-069.png?260305,3671,5347,4370,HIGH,exact_code_plus_base_flag,4370,643808,Crocodile,Crocodile,OP12-069,C,,tcgcsv,4197,4370,0.01,0.1,1.58,0.08,,,2026-04-02 03:06:20,tcgcsv,OP12-069,1,1,1,0,1,0,missing_tcgplayer_product_id_only,price_via_chain_tcgplayer_id_missing
1632,OP12-070,Sanji,R,,5349,1632,OP12-070,,base,Base,official-cardlist,OP12/base/OP12-070.png,https://en.onepiece-cardgame.com/images/cardlist/card/OP12-070.png?260305,3672,5349,4371,HIGH,exact_code_plus_base_flag,4371,643809,Sanji (070),Sanji 070,OP12-070,R,,tcgcsv,4198,4371,0.06,0.25,11.99,0.16,,,2026-04-02 03:06:20,tcgcsv,OP12-070,1,1,1,0,1,0,missing_tcgplayer_product_id_only,price_via_chain_tcgplayer_id_missing
1633,OP12-071,Charlotte Pudding,R,,5353,1633,OP12-071,,base,Base,official-cardlist,OP12/base/OP12-071.png,https://en.onepiece-cardgame.com/images/cardlist/card/OP12-071.png?260305,1451,5353,1932,HIGH,exact_code_plus_base_flag,1932,683984,Charlotte Pudding (Regionals Finalist Card Set 26-27),Charlotte Pudding Regionals Finalist Card Set 26 27,OP12-071,PR,,tcgcsv,1755,1932,479.99,490.0,500.0,,,,2026-04-02 03:06:17,tcgcsv,OP12-071,1,1,1,0,1,0,missing_tcgplayer_product_id_only,price_via_chain_tcgplayer_id_missing
1634,OP12-072,Zeff,UC,,5357,1634,OP12-072,,base,Base,official-cardlist,OP12/base/OP12-072.png,https://en.onepiece-cardgame.com/images/cardlist/card/OP12-072.png?260305,3675,5357,4374,HIGH,exact_code_plus_base_flag,4374,643812,Zeff,Zeff,OP12-072,UC,,tcgcsv,4201,4374,0.01,0.1,36.0,0.06,,,2026-04-02 03:06:20,tcgcsv,OP12-072,1,1,1,0,1,0,missing_tcgplayer_product_id_only,price_via_chain_tcgplayer_id_missing
1635,OP12-073,Trafalgar Law,SR,,5359,1635,OP12-073,,base,Base,official-cardlist,OP12/base/OP12-073.png,https://en.onepiece-cardgame.com/images/cardlist/card/OP12-073.png?260305,3676,5359,4375,HIGH,exact_code_plus_base_flag,4375,643813,Trafalgar Law (073),Trafalgar Law 073,OP12-073,SR,,tcgcsv,4202,4375,0.1,0.97,10.0,0.65,,,2026-04-02 03:06:20,tcgcsv,OP12-073,1,1,1,0,1,0,missing_tcgplayer_product_id_only,price_via_chain_tcgplayer_id_missing
1636,OP12-074,Patty,C,,5363,1636,OP12-074,,base,Base,official-cardlist,OP12/base/OP12-074.png,https://en.onepiece-cardgame.com/images/cardlist/card/OP12-074.png?260305,3678,5363,4377,HIGH,exact_code_plus_base_flag,4377,643815,Patty,Patty,OP12-074,C,,tcgcsv,4204,4377,0.01,0.1,1.58,0.05,,,2026-04-02 03:06:20,tcgcsv,OP12-074,1,1,1,0,1,0,missing_tcgplayer_product_id_only,price_via_chain_tcgplayer_id_missing
1637,OP12-075,Ms. All Sunday,C,,5365,1637,OP12-075,,base,Base,official-cardlist,OP12/base/OP12-075.png,https://en.onepiece-cardgame.com/images/cardlist/card/OP12-075.png?260305,3679,5365,4378,HIGH,exact_code_plus_base_flag,4378,643816,Ms. All Sunday,Ms All Sunday,OP12-075,C,,tcgcsv,4205,4378,0.01,0.13,10.6,0.13,,,2026-04-02 03:06:20,tcgcsv,OP12-075,1,1,1,0,1,0,missing_tcgplayer_product_id_only,price_via_chain_tcgplayer_id_missing
1638,OP12-076,Monet,UC,,5367,1638,OP12-076,,base,Base,official-cardlist,OP12/base/OP12-076.png,https://en.onepiece-cardgame.com/images/cardlist/card/OP12-076.png?260305,3680,5367,4379,HIGH,exact_code_plus_base_flag,4379,643817,Monet,Monet,OP12-076,UC,,tcgcsv,4206,4379,0.01,0.2,1.63,0.14,,,2026-04-02 03:06:20,tcgcsv,OP12-076,1,1,1,0,1,0,missing_tcgplayer_product_id_only,price_via_chain_tcgplayer_id_missing
1639,OP12-077,"The ""Extinguishes All Sound Created by Your Influence"" Technique",C,,5369,1639,OP12-077,,base,Base,official-cardlist,OP12/base/OP12-077.png,https://en.onepiece-cardgame.com/images/cardlist/card/OP12-077.png?260305,3681,5369,4380,HIGH,exact_code_plus_base_flag,4380,643818,"The ""Extinguishes All Sound Created by Your Influence"" Technique",The Extinguishes All Sound Created by Your Influence Technique,OP12-077,C,,tcgcsv,4207,4380,0.01,0.1,8.07,0.07,,,2026-04-02 03:06:20,tcgcsv,OP12-077,1,1,1,0,1,0,missing_tcgplayer_product_id_only,price_via_chain_tcgplayer_id_missing
1640,OP12-078,Brochette Blow,UC,,5371,1640,OP12-078,,base,Base,official-cardlist,OP12/base/OP12-078.png,https://en.onepiece-cardgame.com/images/cardlist/card/OP12-078.png?260305,3682,5371,4381,HIGH,exact_code_plus_base_flag,4381,643819,Brochette Blow,Brochette Blow,OP12-078,UC,,tcgcsv,4208,4381,0.01,0.15,5.0,0.09,,,2026-04-02 03:06:20,tcgcsv,OP12-078,1,1,1,0,1,0,missing_tcgplayer_product_id_only,price_via_chain_tcgplayer_id_missing
1641,OP12-079,Luffy Is the Man Who Will Be King of the Pirates!!!,R,,5373,1641,OP12-079,,base,Base,official-cardlist,OP12/base/OP12-079.png,https://en.onepiece-cardgame.com/images/cardlist/card/OP12-079.png?260305,1447,5373,1926,HIGH,exact_code_plus_base_flag,1926,681983,Luffy Is the Man Who Will Be King of the Pirates!!! (Japanese Version 3rd Anniversary Set),Luffy Is the Man Who Will Be King of the Pirates Japanese Version 3rd Anniversary Set,OP12-079,R,,tcgcsv,1750,1926,135.0,158.99,300.0,161.14,,,2026-04-02 03:06:17,tcgcsv,OP12-079,1,1,1,0,1,0,missing_tcgplayer_product_id_only,price_via_chain_tcgplayer_id_missing
1642,OP12-080,Baratie,C,,5377,1642,OP12-080,,base,Base,official-cardlist,OP12/base/OP12-080.png,https://en.onepiece-cardgame.com/images/cardlist/card/OP12-080.png?260305,3684,5377,4383,HIGH,exact_code_plus_base_flag,4383,643821,Baratie,Baratie,OP12-080,C,,tcgcsv,4210,4383,0.01,0.1,5.0,0.06,,,2026-04-02 03:06:20,tcgcsv,OP12-080,1,1,1,0,1,0,missing_tcgplayer_product_id_only,price_via_chain_tcgplayer_id_missing
1643,OP12-081,Koala,L,,5379,1643,OP12-081,,base,Base,official-cardlist,OP12/base/OP12-081.png,https://en.onepiece-cardgame.com/images/cardlist/card/OP12-081.png?260305,3685,5379,4384,HIGH,exact_code_plus_base_flag,4384,643822,Koala (081),Koala 081,OP12-081,L,,tcgcsv,4211,4384,0.01,0.14,8.12,0.12,,,2026-04-02 03:06:20,tcgcsv,OP12-081,1,1,1,0,1,0,missing_tcgplayer_product_id_only,price_via_chain_tcgplayer_id_missing
1644,OP12-082,Issho,C,,5383,1644,OP12-082,,base,Base,official-cardlist,OP12/base/OP12-082.png,https://en.onepiece-cardgame.com/images/cardlist/card/OP12-082.png?260305,3687,5383,4386,HIGH,exact_code_plus_base_flag,4386,643824,Issho,Issho,OP12-082,C,,tcgcsv,4213,4386,0.01,0.1,8.05,0.05,,,2026-04-02 03:06:20,tcgcsv,OP12-082,1,1,1,0,1,0,missing_tcgplayer_product_id_only,price_via_chain_tcgplayer_id_missing
1645,OP12-083,Inazuma,UC,,5385,1645,OP12-083,,base,Base,official-cardlist,OP12/base/OP12-083.png,https://en.onepiece-cardgame.com/images/cardlist/card/OP12-083.png?260305,3688,5385,4387,HIGH,exact_code_plus_base_flag,4387,643825,Inazuma,Inazuma,OP12-083,UC,,tcgcsv,4214,4387,0.01,0.1,1.58,0.05,,,2026-04-02 03:06:20,tcgcsv,OP12-083,1,1,1,0,1,0,missing_tcgplayer_product_id_only,price_via_chain_tcgplayer_id_missing
1646,OP12-084,Emporio.Ivankov,UC,,5387,1646,OP12-084,,base,Base,official-cardlist,OP12/base/OP12-084.png,https://en.onepiece-cardgame.com/images/cardlist/card/OP12-084.png?260305,3689,5387,4388,HIGH,exact_code_plus_base_flag,4388,643826,Emporio.Ivankov (084),EmporioIvankov 084,OP12-084,UC,,tcgcsv,4215,4388,0.01,0.1,1.58,0.07,,,2026-04-02 03:06:20,tcgcsv,OP12-084,1,1,1,0,1,0,missing_tcgplayer_product_id_only,price_via_chain_tcgplayer_id_missing
1647,OP12-085,Karasu,C,,5389,1647,OP12-085,,base,Base,official-cardlist,OP12/base/OP12-085.png,https://en.onepiece-cardgame.com/images/cardlist/card/OP12-085.png?260305,3690,5389,4389,HIGH,exact_code_plus_base_flag,4389,643827,Karasu,Karasu,OP12-085,C,,tcgcsv,4216,4389,0.01,0.1,8.05,0.05,,,2026-04-02 03:06:20,tcgcsv,OP12-085,1,1,1,0,1,0,missing_tcgplayer_product_id_only,price_via_chain_tcgplayer_id_missing
1648,OP12-086,Koala,R,,5391,1648,OP12-086,,base,Base,official-cardlist,OP12/base/OP12-086.png,https://en.onepiece-cardgame.com/images/cardlist/card/OP12-086.png?260305,3691,5391,4390,HIGH,exact_code_plus_base_flag,4390,643828,Koala (086),Koala 086,OP12-086,R,,tcgcsv,4217,4390,0.01,0.21,6.78,0.2,,,2026-04-02 03:06:20,tcgcsv,OP12-086,1,1,1,0,1,0,missing_tcgplayer_product_id_only,price_via_chain_tcgplayer_id_missing
1649,OP12-087,Nico Robin,SR,,5395,1649,OP12-087,,base,Base,official-cardlist,OP12/base/OP12-087.png,https://en.onepiece-cardgame.com/images/cardlist/card/OP12-087.png?260305,3693,5395,4392,HIGH,exact_code_plus_base_flag,4392,643830,Nico Robin,Nico Robin,OP12-087,SR,,tcgcsv,4219,4392,0.75,1.68,10.0,1.25,,,2026-04-02 03:06:20,tcgcsv,OP12-087,1,1,1,0,1,0,missing_tcgplayer_product_id_only,price_via_chain_tcgplayer_id_missing
1650,OP12-088,Bastille,C,,5399,1650,OP12-088,,base,Base,official-cardlist,OP12/base/OP12-088.png,https://en.onepiece-cardgame.com/images/cardlist/card/OP12-088.png?260305,3695,5399,4394,HIGH,exact_code_plus_base_flag,4394,643832,Bastille,Bastille,OP12-088,C,,tcgcsv,4221,4394,0.01,0.1,8.04,0.04,,,2026-04-02 03:06:20,tcgcsv,OP12-088,1,1,1,0,1,0,missing_tcgplayer_product_id_only,price_via_chain_tcgplayer_id_missing
1651,OP12-089,Hack,R,,5401,1651,OP12-089,,base,Base,official-cardlist,OP12/base/OP12-089.png,https://en.onepiece-cardgame.com/images/cardlist/card/OP12-089.png?260305,1452,5401,1933,HIGH,exact_code_plus_base_flag,1933,683985,Hack (Regionals Finalist Card Set 26-27),Hack Regionals Finalist Card Set 26 27,OP12-089,PR,,tcgcsv,1756,1933,100.0,149.5,199.0,,,,2026-04-02 03:06:17,tcgcsv,OP12-089,1,1,1,0,1,0,missing_tcgplayer_product_id_only,price_via_chain_tcgplayer_id_missing
1652,OP12-090,Belo Betty,C,,5404,1652,OP12-090,,base,Base,official-cardlist,OP12/base/OP12-090.png,https://en.onepiece-cardgame.com/images/cardlist/card/OP12-090.png?260305,3697,5404,4396,HIGH,exact_code_plus_base_flag,4396,643834,Belo Betty,Belo Betty,OP12-090,C,,tcgcsv,4223,4396,0.01,0.11,5.0,0.07,,,2026-04-02 03:06:20,tcgcsv,OP12-090,1,1,1,0,1,0,missing_tcgplayer_product_id_only,price_via_chain_tcgplayer_id_missing
1653,OP12-091,Poker,C,,5406,1653,OP12-091,,base,Base,official-cardlist,OP12/base/OP12-091.png,https://en.onepiece-cardgame.com/images/cardlist/card/OP12-091.png?260305,3698,5406,4397,HIGH,exact_code_plus_base_flag,4397,643835,Poker,Poker,OP12-091,C,,tcgcsv,4224,4397,0.01,0.1,8.03,0.03,,,2026-04-02 03:06:20,tcgcsv,OP12-091,1,1,1,0,1,0,missing_tcgplayer_product_id_only,price_via_chain_tcgplayer_id_missing
1654,OP12-092,Mizerka,UC,,5408,1654,OP12-092,,base,Base,official-cardlist,OP12/base/OP12-092.png,https://en.onepiece-cardgame.com/images/cardlist/card/OP12-092.png?260305,3699,5408,4398,HIGH,exact_code_plus_base_flag,4398,643836,Mizerka,Mizerka,OP12-092,UC,,tcgcsv,4225,4398,0.01,0.1,1.58,0.04,,,2026-04-02 03:06:20,tcgcsv,OP12-092,1,1,1,0,1,0,missing_tcgplayer_product_id_only,price_via_chain_tcgplayer_id_missing
1655,OP12-093,Morley,UC,,5410,1655,OP12-093,,base,Base,official-cardlist,OP12/base/OP12-093.png,https://en.onepiece-cardgame.com/images/cardlist/card/OP12-093.png?260305,1365,5410,1828,HIGH,exact_code_plus_base_flag,1828,668167,Morley (Tournament Pack 2026 Vol. 1),Morley Tournament Pack 2026 Vol 1,OP12-093,UC,,tcgcsv,1672,1828,0.01,0.22,3.68,0.14,,,2026-04-02 03:06:17,tcgcsv,OP12-093,1,1,1,0,1,0,missing_tcgplayer_product_id_only,price_via_chain_tcgplayer_id_missing
1656,OP12-094,Monkey.D.Dragon,SR,,5414,1656,OP12-094,,base,Base,official-cardlist,OP12/base/OP12-094.png,https://en.onepiece-cardgame.com/images/cardlist/card/OP12-094.png?260305,1431,5414,1908,HIGH,exact_code_plus_base_flag,1908,680496,Monkey.D.Dragon (Japanese Version 3rd Anniversary Set),MonkeyDDragon Japanese Version 3rd Anniversary Set,OP12-094,SR,,tcgcsv,1740,1908,60.0,69.0,179.99,68.22,,,2026-04-02 03:06:17,tcgcsv,OP12-094,1,1,1,0,1,0,missing_tcgplayer_product_id_only,price_via_chain_tcgplayer_id_missing
1657,OP12-095,Lindbergh,C,,5420,1657,OP12-095,,base,Base,official-cardlist,OP12/base/OP12-095.png,https://en.onepiece-cardgame.com/images/cardlist/card/OP12-095.png?260305,3703,5420,4402,HIGH,exact_code_plus_base_flag,4402,643840,Lindbergh,Lindbergh,OP12-095,C,,tcgcsv,4229,4402,0.01,0.1,8.05,0.05,,,2026-04-02 03:06:20,tcgcsv,OP12-095,1,1,1,0,1,0,missing_tcgplayer_product_id_only,price_via_chain_tcgplayer_id_missing
1658,OP12-096,Ursa Shock,C,,5422,1658,OP12-096,,base,Base,official-cardlist,OP12/base/OP12-096.png,https://en.onepiece-cardgame.com/images/cardlist/card/OP12-096.png?260305,3704,5422,4403,HIGH,exact_code_plus_base_flag,4403,643841,Ursa Shock,Ursa Shock,OP12-096,C,,tcgcsv,4230,4403,0.01,0.1,8.07,0.07,,,2026-04-02 03:06:20,tcgcsv,OP12-096,1,1,1,0,1,0,missing_tcgplayer_product_id_only,price_via_chain_tcgplayer_id_missing
1659,OP12-097,Captains Assembled,R,,5424,1659,OP12-097,,base,Base,official-cardlist,OP12/base/OP12-097.png,https://en.onepiece-cardgame.com/images/cardlist/card/OP12-097.png?260305,3705,5424,4404,HIGH,exact_code_plus_base_flag,4404,643842,Captains Assembled,Captains Assembled,OP12-097,R,,tcgcsv,4231,4404,0.01,0.2,25.0,0.1,,,2026-04-02 03:06:20,tcgcsv,OP12-097,1,1,1,0,1,0,missing_tcgplayer_product_id_only,price_via_chain_tcgplayer_id_missing
1660,OP12-098,Hair Removal Fist,UC,,5426,1660,OP12-098,,base,Base,official-cardlist,OP12/base/OP12-098.png,https://en.onepiece-cardgame.com/images/cardlist/card/OP12-098.png?260305,1337,5426,1795,HIGH,exact_code_plus_base_flag,1795,657826,Hair Removal Fist (Premium Card Collection -Best Selection Vol. 5-),Hair Removal Fist Premium Card Collection Best Selection Vol 5,OP12-098,UC,,tcgcsv,1641,1795,6.31,8.64,49.99,7.63,,,2026-04-02 03:06:17,tcgcsv,OP12-098,1,1,1,0,1,0,missing_tcgplayer_product_id_only,price_via_chain_tcgplayer_id_missing
1661,OP12-099,Kalgara,R,,5430,1661,OP12-099,,base,Base,official-cardlist,OP12/base/OP12-099.png,https://en.onepiece-cardgame.com/images/cardlist/card/OP12-099.png?260305,3707,5430,4406,HIGH,exact_code_plus_base_flag,4406,643844,Kalgara,Kalgara,OP12-099,R,,tcgcsv,4233,4406,0.01,0.17,8.12,0.12,,,2026-04-02 03:06:20,tcgcsv,OP12-099,1,1,1,0,1,0,missing_tcgplayer_product_id_only,price_via_chain_tcgplayer_id_missing
1662,OP12-100,Sabo,R,,5432,1662,OP12-100,,base,Base,official-cardlist,OP12/base/OP12-100.png,https://en.onepiece-cardgame.com/images/cardlist/card/OP12-100.png?260305,3708,5432,4407,HIGH,exact_code_plus_base_flag,4407,643845,Sabo,Sabo,OP12-100,R,,tcgcsv,4234,4407,0.01,0.2,2.5,0.13,,,2026-04-02 03:06:20,tcgcsv,OP12-100,1,1,1,0,1,0,missing_tcgplayer_product_id_only,price_via_chain_tcgplayer_id_missing
1663,OP12-101,Jewelry Bonney,C,,5434,1663,OP12-101,,base,Base,official-cardlist,OP12/base/OP12-101.png,https://en.onepiece-cardgame.com/images/cardlist/card/OP12-101.png?260305,3709,5434,4408,HIGH,exact_code_plus_base_flag,4408,643846,Jewelry Bonney (101),Jewelry Bonney 101,OP12-101,C,,tcgcsv,4235,4408,0.01,0.1,8.08,0.08,,,2026-04-02 03:06:20,tcgcsv,OP12-101,1,1,1,0,1,0,missing_tcgplayer_product_id_only,price_via_chain_tcgplayer_id_missing
1664,OP12-102,Shirahoshi,SR,,5436,1664,OP12-102,,base,Base,official-cardlist,OP12/base/OP12-102.png,https://en.onepiece-cardgame.com/images/cardlist/card/OP12-102.png?260305,3710,5436,4409,HIGH,exact_code_plus_base_flag,4409,643847,Shirahoshi,Shirahoshi,OP12-102,SR,,tcgcsv,4236,4409,0.2,0.65,5.0,0.51,,,2026-04-02 03:06:20,tcgcsv,OP12-102,1,1,1,0,1,0,missing_tcgplayer_product_id_only,price_via_chain_tcgplayer_id_missing
1665,OP12-103,Seto,UC,,5440,1665,OP12-103,,base,Base,official-cardlist,OP12/base/OP12-103.png,https://en.onepiece-cardgame.com/images/cardlist/card/OP12-103.png?260305,3712,5440,4411,HIGH,exact_code_plus_base_flag,4411,643849,Seto,Seto,OP12-103,UC,,tcgcsv,4238,4411,0.01,0.1,8.09,0.09,,,2026-04-02 03:06:20,tcgcsv,OP12-103,1,1,1,0,1,0,missing_tcgplayer_product_id_only,price_via_chain_tcgplayer_id_missing
1666,OP12-104,Sentomaru,C,,5442,1666,OP12-104,,base,Base,official-cardlist,OP12/base/OP12-104.png,https://en.onepiece-cardgame.com/images/cardlist/card/OP12-104.png?260305,3713,5442,4412,HIGH,exact_code_plus_base_flag,4412,643850,Sentomaru,Sentomaru,OP12-104,C,,tcgcsv,4239,4412,0.01,0.1,8.03,0.03,,,2026-04-02 03:06:20,tcgcsv,OP12-104,1,1,1,0,1,0,missing_tcgplayer_product_id_only,price_via_chain_tcgplayer_id_missing
1667,OP12-105,Trafalgar Lammy,C,,5444,1667,OP12-105,,base,Base,official-cardlist,OP12/base/OP12-105.png,https://en.onepiece-cardgame.com/images/cardlist/card/OP12-105.png?260305,3714,5444,4413,HIGH,exact_code_plus_base_flag,4413,643851,Trafalgar Lammy,Trafalgar Lammy,OP12-105,C,,tcgcsv,4240,4413,0.01,0.1,8.05,0.05,,,2026-04-02 03:06:20,tcgcsv,OP12-105,1,1,1,0,1,0,missing_tcgplayer_product_id_only,price_via_chain_tcgplayer_id_missing
1668,OP12-106,Trafalgar Law,UC,,5446,1668,OP12-106,,base,Base,official-cardlist,OP12/base/OP12-106.png,https://en.onepiece-cardgame.com/images/cardlist/card/OP12-106.png?260305,3715,5446,4414,HIGH,exact_code_plus_base_flag,4414,643852,Trafalgar Law (106),Trafalgar Law 106,OP12-106,UC,,tcgcsv,4241,4414,0.01,0.15,5.0,0.1,,,2026-04-02 03:06:20,tcgcsv,OP12-106,1,1,1,0,1,0,missing_tcgplayer_product_id_only,price_via_chain_tcgplayer_id_missing
1669,OP12-107,Donquixote Doflamingo,R,,5450,1669,OP12-107,,base,Base,official-cardlist,OP12/base/OP12-107.png,https://en.onepiece-cardgame.com/images/cardlist/card/OP12-107.png?260305,3716,5450,4415,HIGH,exact_code_plus_base_flag,4415,643853,Donquixote Doflamingo,Donquixote Doflamingo,OP12-107,R,,tcgcsv,4242,4415,0.01,0.18,5.0,0.11,,,2026-04-02 03:06:20,tcgcsv,OP12-107,1,1,1,0,1,0,missing_tcgplayer_product_id_only,price_via_chain_tcgplayer_id_missing
1670,OP12-108,Donquixote Rosinante,TR,,5452,1670,OP12-108,,base,Base,official-cardlist,OP12/tr/OP12-108_tr.png,https://en.onepiece-cardgame.com/images/cardlist/card/OP12-108.png?260305,1413,5452,1884,HIGH,exact_code_plus_base_flag,1884,671741,Donquixote Rosinante (Illustration Box Vol.6),Donquixote Rosinante Illustration Box Vol6,OP12-108,R,,tcgcsv,1717,1884,0.28,1.3,29.99,0.62,,,2026-04-02 03:06:17,tcgcsv,OP12-108,1,1,1,0,1,0,missing_tcgplayer_product_id_only,price_via_chain_tcgplayer_id_missing
1671,OP12-109,Pacifista,C,,5460,1671,OP12-109,,base,Base,official-cardlist,OP12/base/OP12-109.png,https://en.onepiece-cardgame.com/images/cardlist/card/OP12-109.png?260305,3719,5460,4418,HIGH,exact_code_plus_base_flag,4418,643856,Pacifista,Pacifista,OP12-109,C,,tcgcsv,4245,4418,0.01,0.1,8.05,0.05,,,2026-04-02 03:06:20,tcgcsv,OP12-109,1,1,1,0,1,0,missing_tcgplayer_product_id_only,price_via_chain_tcgplayer_id_missing
1672,OP12-110,Buffalo,C,,5462,1672,OP12-110,,base,Base,official-cardlist,OP12/base/OP12-110.png,https://en.onepiece-cardgame.com/images/cardlist/card/OP12-110.png?260305,3720,5462,4419,HIGH,exact_code_plus_base_flag,4419,643857,Buffalo,Buffalo,OP12-110,C,,tcgcsv,4246,4419,0.01,0.1,8.03,0.03,,,2026-04-02 03:06:20,tcgcsv,OP12-110,1,1,1,0,1,0,missing_tcgplayer_product_id_only,price_via_chain_tcgplayer_id_missing
1673,OP12-111,Baby 5,C,,5464,1673,OP12-111,,base,Base,official-cardlist,OP12/base/OP12-111.png,https://en.onepiece-cardgame.com/images/cardlist/card/OP12-111.png?260305,3721,5464,4420,HIGH,exact_code_plus_base_flag,4420,643858,Baby 5 (111),Baby 5 111,OP12-111,C,,tcgcsv,4247,4420,0.01,0.1,8.05,0.05,,,2026-04-02 03:06:20,tcgcsv,OP12-111,1,1,1,0,1,0,missing_tcgplayer_product_id_only,price_via_chain_tcgplayer_id_missing
1674,OP12-112,Baby 5,R,,5466,1674,OP12-112,,base,Base,official-cardlist,OP12/base/OP12-112.png,https://en.onepiece-cardgame.com/images/cardlist/card/OP12-112.png?260305,1336,5466,1794,HIGH,exact_code_plus_base_flag,1794,657825,Baby 5 (Premium Card Collection -Best Selection Vol. 5-),Baby 5 Premium Card Collection Best Selection Vol 5,OP12-112,R,,tcgcsv,1640,1794,21.0,23.31,49.99,20.76,,,2026-04-02 03:06:17,tcgcsv,OP12-112,1,1,1,0,1,0,missing_tcgplayer_product_id_only,price_via_chain_tcgplayer_id_missing
1675,OP12-113,Roronoa Zoro,UC,,5472,1675,OP12-113,,base,Base,official-cardlist,OP12/base/OP12-113.png,https://en.onepiece-cardgame.com/images/cardlist/card/OP12-113.png?260305,3723,5472,4422,HIGH,exact_code_plus_base_flag,4422,643860,Roronoa Zoro (113),Roronoa Zoro 113,OP12-113,UC,,tcgcsv,4249,4422,0.01,0.15,1.58,0.13,,,2026-04-02 03:06:20,tcgcsv,OP12-113,1,1,1,0,1,0,missing_tcgplayer_product_id_only,price_via_chain_tcgplayer_id_missing
1676,OP12-114,Wyper,UC,,5475,1676,OP12-114,,base,Base,official-cardlist,OP12/base/OP12-114.png,https://en.onepiece-cardgame.com/images/cardlist/card/OP12-114.png?260305,3724,5475,4423,HIGH,exact_code_plus_base_flag,4423,643861,Wyper,Wyper,OP12-114,UC,,tcgcsv,4250,4423,0.01,0.14,1.58,0.07,,,2026-04-02 03:06:20,tcgcsv,OP12-114,1,1,1,0,1,0,missing_tcgplayer_product_id_only,price_via_chain_tcgplayer_id_missing
1677,OP12-115,I Love You!!,UC,,5477,1677,OP12-115,,base,Base,official-cardlist,OP12/base/OP12-115.png,https://en.onepiece-cardgame.com/images/cardlist/card/OP12-115.png?260305,3725,5477,4424,HIGH,exact_code_plus_base_flag,4424,643862,I Love You!!,I Love You,OP12-115,UC,,tcgcsv,4251,4424,0.01,0.18,2.75,0.14,,,2026-04-02 03:06:20,tcgcsv,OP12-115,1,1,1,0,1,0,missing_tcgplayer_product_id_only,price_via_chain_tcgplayer_id_missing
1678,OP12-116,We'll Ring the Bell Waiting for You!!,C,,5479,1678,OP12-116,,base,Base,official-cardlist,OP12/base/OP12-116.png,https://en.onepiece-cardgame.com/images/cardlist/card/OP12-116.png?260305,3726,5479,4425,HIGH,exact_code_plus_base_flag,4425,643863,We'll Ring the Bell Waiting for You!!,Well Ring the Bell Waiting for You,OP12-116,C,,tcgcsv,4252,4425,0.01,0.1,8.05,0.05,,,2026-04-02 03:06:20,tcgcsv,OP12-116,1,1,1,0,1,0,missing_tcgplayer_product_id_only,price_via_chain_tcgplayer_id_missing
1679,OP12-117,Slam Gibson,R,,5481,1679,OP12-117,,base,Base,official-cardlist,OP12/base/OP12-117.png,https://en.onepiece-cardgame.com/images/cardlist/card/OP12-117.png?260305,3727,5481,4426,HIGH,exact_code_plus_base_flag,4426,643864,Slam Gibson,Slam Gibson,OP12-117,R,,tcgcsv,4253,4426,0.01,0.15,2.0,0.09,,,2026-04-02 03:06:20,tcgcsv,OP12-117,1,1,1,0,1,0,missing_tcgplayer_product_id_only,price_via_chain_tcgplayer_id_missing
1680,OP12-118,Jewelry Bonney,SEC,,5483,1680,OP12-118,,base,Base,official-cardlist,OP12/base/OP12-118.png,https://en.onepiece-cardgame.com/images/cardlist/card/OP12-118.png?260305,3728,5483,4427,HIGH,exact_code_plus_base_flag,4427,643865,Jewelry Bonney (118),Jewelry Bonney 118,OP12-118,SEC,,tcgcsv,4254,4427,9.0,14.4,420.69,10.24,,,2026-04-02 03:06:20,tcgcsv,OP12-118,1,1,1,0,1,0,missing_tcgplayer_product_id_only,price_via_chain_tcgplayer_id_missing
1681,OP12-119,Bartholomew Kuma,SEC,,5489,1681,OP12-119,,base,Base,official-cardlist,OP12/base/OP12-119.png,https://en.onepiece-cardgame.com/images/cardlist/card/OP12-119.png?260305,1432,5489,1909,HIGH,exact_code_plus_base_flag,1909,680497,Bartholomew Kuma (Japanese Version 3rd Anniversary Set),Bartholomew Kuma Japanese Version 3rd Anniversary Set,OP12-119,SEC,,tcgcsv,1741,1909,80.0,92.99,170.0,83.24,,,2026-04-02 03:06:17,tcgcsv,OP12-119,1,1,1,0,1,0,missing_tcgplayer_product_id_only,price_via_chain_tcgplayer_id_missing
1682,OP13-001,Monkey.D.Luffy,L,,5495,1682,OP13-001,,base,Base,official-cardlist,OP13/base/OP13-001.png,https://en.onepiece-cardgame.com/images/cardlist/card/OP13-001.png?260305,3745,5495,4453,HIGH,exact_code_plus_base_flag,4453,657250,Monkey.D.Luffy (001),MonkeyDLuffy 001,OP13-001,L,,tcgcsv,4280,4453,0.01,0.2,13.69,0.2,,,2026-04-02 03:06:20,tcgcsv,OP13-001,1,1,1,0,1,0,missing_tcgplayer_product_id_only,price_via_chain_tcgplayer_id_missing
1683,OP13-002,Portgas.D.Ace,L,,5500,1683,OP13-002,,base,Base,official-cardlist,OP13/base/OP13-002.png,https://en.onepiece-cardgame.com/images/cardlist/card/OP13-002.png?260305,3747,5500,4455,HIGH,exact_code_plus_base_flag,4455,657252,Portgas.D.Ace (002),PortgasDAce 002,OP13-002,L,,tcgcsv,4282,4455,0.01,0.16,12.0,0.11,,,2026-04-02 03:06:20,tcgcsv,OP13-002,1,1,1,0,1,0,missing_tcgplayer_product_id_only,price_via_chain_tcgplayer_id_missing
1684,OP13-003,Gol.D.Roger,L,,5504,1684,OP13-003,,base,Base,official-cardlist,OP13/base/OP13-003.png,https://en.onepiece-cardgame.com/images/cardlist/card/OP13-003.png?260305,1404,5504,1869,HIGH,exact_code_plus_base_flag,1869,668436,Gol.D.Roger (Jumbo),GolDRoger Jumbo,OP13-003,L,,tcgcsv,,,,,,,,,,,OP13-003,1,1,1,0,1,0,missing_tcgplayer_product_id_only,price_via_chain_tcgplayer_id_missing
1685,OP13-004,Sabo,L,,5508,1685,OP13-004,,base,Base,official-cardlist,OP13/base/OP13-004.png,https://en.onepiece-cardgame.com/images/cardlist/card/OP13-004.png?260305,3751,5508,4459,HIGH,exact_code_plus_base_flag,4459,657256,Sabo (004),Sabo 004,OP13-004,L,,tcgcsv,4286,4459,0.01,0.15,3.1,0.11,,,2026-04-02 03:06:20,tcgcsv,OP13-004,1,1,1,0,1,0,missing_tcgplayer_product_id_only,price_via_chain_tcgplayer_id_missing
1686,OP13-005,Inazuma,UC,,5512,1686,OP13-005,,base,Base,official-cardlist,OP13/base/OP13-005.png,https://en.onepiece-cardgame.com/images/cardlist/card/OP13-005.png?260305,3753,5512,4461,HIGH,exact_code_plus_base_flag,4461,657258,Inazuma,Inazuma,OP13-005,UC,,tcgcsv,4288,4461,0.01,0.1,1.49,0.09,,,2026-04-02 03:06:20,tcgcsv,OP13-005,1,1,1,0,1,0,missing_tcgplayer_product_id_only,price_via_chain_tcgplayer_id_missing
1687,OP13-006,Woop Slap,C,,5514,1687,OP13-006,,base,Base,official-cardlist,OP13/base/OP13-006.png,https://en.onepiece-cardgame.com/images/cardlist/card/OP13-006.png?260305,3754,5514,4462,HIGH,exact_code_plus_base_flag,4462,657259,Woop Slap,Woop Slap,OP13-006,C,,tcgcsv,4289,4462,0.01,0.1,8.04,0.04,,,2026-04-02 03:06:20,tcgcsv,OP13-006,1,1,1,0,1,0,missing_tcgplayer_product_id_only,price_via_chain_tcgplayer_id_missing
1688,OP13-007,Ace & Sabo & Luffy,SR,,5516,1688,OP13-007,,base,Base,official-cardlist,OP13/base/OP13-007.png,https://en.onepiece-cardgame.com/images/cardlist/card/OP13-007.png?260305,3755,5516,4463,HIGH,exact_code_plus_base_flag,4463,657260,Ace & Sabo & Luffy,Ace and Sabo and Luffy,OP13-007,SR,,tcgcsv,4290,4463,2.0,4.0,45.0,3.96,,,2026-04-02 03:06:20,tcgcsv,OP13-007,1,1,1,0,1,0,missing_tcgplayer_product_id_only,price_via_chain_tcgplayer_id_missing
1689,OP13-008,Emporio.Ivankov,C,,5520,1689,OP13-008,,base,Base,official-cardlist,OP13/base/OP13-008.png,https://en.onepiece-cardgame.com/images/cardlist/card/OP13-008.png?260305,3757,5520,4465,HIGH,exact_code_plus_base_flag,4465,657262,Emporio.Ivankov,EmporioIvankov,OP13-008,C,,tcgcsv,4292,4465,0.01,0.1,8.03,0.03,,,2026-04-02 03:06:20,tcgcsv,OP13-008,1,1,1,0,1,0,missing_tcgplayer_product_id_only,price_via_chain_tcgplayer_id_missing
1690,OP13-009,Curly.Dadan,C,,5522,1690,OP13-009,,base,Base,official-cardlist,OP13/base/OP13-009.png,https://en.onepiece-cardgame.com/images/cardlist/card/OP13-009.png?260305,3758,5522,4466,HIGH,exact_code_plus_base_flag,4466,657263,Curly.Dadan,CurlyDadan,OP13-009,C,,tcgcsv,4293,4466,0.01,0.1,8.08,0.08,,,2026-04-02 03:06:20,tcgcsv,OP13-009,1,1,1,0,1,0,missing_tcgplayer_product_id_only,price_via_chain_tcgplayer_id_missing
1691,OP13-010,Lord of the Coast,C,,5524,1691,OP13-010,,base,Base,official-cardlist,OP13/base/OP13-010.png,https://en.onepiece-cardgame.com/images/cardlist/card/OP13-010.png?260305,3759,5524,4467,HIGH,exact_code_plus_base_flag,4467,657264,Lord of the Coast,Lord of the Coast,OP13-010,C,,tcgcsv,4294,4467,0.01,0.1,8.09,0.09,,,2026-04-02 03:06:20,tcgcsv,OP13-010,1,1,1,0,1,0,missing_tcgplayer_product_id_only,price_via_chain_tcgplayer_id_missing
1692,OP13-011,Nefeltari Cobra,UC,,5526,1692,OP13-011,,base,Base,official-cardlist,OP13/base/OP13-011.png,https://en.onepiece-cardgame.com/images/cardlist/card/OP13-011.png?260305,3760,5526,4468,HIGH,exact_code_plus_base_flag,4468,657265,Nefeltari Cobra,Nefeltari Cobra,OP13-011,UC,,tcgcsv,4295,4468,0.01,0.15,8.12,0.12,,,2026-04-02 03:06:20,tcgcsv,OP13-011,1,1,1,0,1,0,missing_tcgplayer_product_id_only,price_via_chain_tcgplayer_id_missing
1693,OP13-012,Nefeltari Vivi,R,,5528,1693,OP13-012,,base,Base,official-cardlist,OP13/base/OP13-012.png,https://en.onepiece-cardgame.com/images/cardlist/card/OP13-012.png?260305,3761,5528,4469,HIGH,exact_code_plus_base_flag,4469,657266,Nefeltari Vivi,Nefeltari Vivi,OP13-012,R,,tcgcsv,4296,4469,0.01,0.25,2.99,0.19,,,2026-04-02 03:06:20,tcgcsv,OP13-012,1,1,1,0,1,0,missing_tcgplayer_product_id_only,price_via_chain_tcgplayer_id_missing
1694,OP13-013,Higuma,C,,5531,1694,OP13-013,,base,Base,official-cardlist,OP13/base/OP13-013.png,https://en.onepiece-cardgame.com/images/cardlist/card/OP13-013.png?260305,3762,5531,4470,HIGH,exact_code_plus_base_flag,4470,657267,Higuma,Higuma,OP13-013,C,,tcgcsv,4297,4470,0.01,0.1,8.04,0.04,,,2026-04-02 03:06:20,tcgcsv,OP13-013,1,1,1,0,1,0,missing_tcgplayer_product_id_only,price_via_chain_tcgplayer_id_missing
1695,OP13-014,Portgas.D.Rouge,C,,5533,1695,OP13-014,,base,Base,official-cardlist,OP13/base/OP13-014.png,https://en.onepiece-cardgame.com/images/cardlist/card/OP13-014.png?260305,3763,5533,4471,HIGH,exact_code_plus_base_flag,4471,657268,Portgas.D.Rouge,PortgasDRouge,OP13-014,C,,tcgcsv,4298,4471,0.01,0.1,8.06,0.06,,,2026-04-02 03:06:20,tcgcsv,OP13-014,1,1,1,0,1,0,missing_tcgplayer_product_id_only,price_via_chain_tcgplayer_id_missing
1696,OP13-015,Makino,UC,,5535,1696,OP13-015,,base,Base,official-cardlist,OP13/base/OP13-015.png,https://en.onepiece-cardgame.com/images/cardlist/card/OP13-015.png?260305,3764,5535,4472,HIGH,exact_code_plus_base_flag,4472,657269,Makino,Makino,OP13-015,UC,,tcgcsv,4299,4472,0.01,0.12,40.0,0.07,,,2026-04-02 03:06:20,tcgcsv,OP13-015,1,1,1,0,1,0,missing_tcgplayer_product_id_only,price_via_chain_tcgplayer_id_missing
1697,OP13-016,Monkey.D.Garp,R,,5537,1697,OP13-016,,base,Base,official-cardlist,OP13/base/OP13-016.png,https://en.onepiece-cardgame.com/images/cardlist/card/OP13-016.png?260305,1458,5537,1939,HIGH,exact_code_plus_base_flag,1939,686281,Monkey.D.Garp (Treasure Cup March 2026),MonkeyDGarp Treasure Cup March 2026,OP13-016,R,,tcgcsv,1759,1939,899.99,950.0,1000.0,,,,2026-04-02 03:06:17,tcgcsv,OP13-016,1,1,1,0,1,0,missing_tcgplayer_product_id_only,price_via_chain_tcgplayer_id_missing
1698,OP13-017,Monkey.D.Dragon,R,,5541,1698,OP13-017,,base,Base,official-cardlist,OP13/base/OP13-017.png,https://en.onepiece-cardgame.com/images/cardlist/card/OP13-017.png?260305,3767,5541,4475,HIGH,exact_code_plus_base_flag,4475,657272,Monkey.D.Dragon,MonkeyDDragon,OP13-017,R,,tcgcsv,4302,4475,0.01,0.16,5.0,0.11,,,2026-04-02 03:06:20,tcgcsv,OP13-017,1,1,1,0,1,0,missing_tcgplayer_product_id_only,price_via_chain_tcgplayer_id_missing
1699,OP13-018,Wapol,UC,,5543,1699,OP13-018,,base,Base,official-cardlist,OP13/base/OP13-018.png,https://en.onepiece-cardgame.com/images/cardlist/card/OP13-018.png?260305,3768,5543,4476,HIGH,exact_code_plus_base_flag,4476,657273,Wapol,Wapol,OP13-018,UC,,tcgcsv,4303,4476,0.01,0.1,8.06,0.06,,,2026-04-02 03:06:20,tcgcsv,OP13-018,1,1,1,0,1,0,missing_tcgplayer_product_id_only,price_via_chain_tcgplayer_id_missing
1700,OP13-019,But Ace Here Said You Deserved It!!,R,,5545,1700,OP13-019,,base,Base,official-cardlist,OP13/base/OP13-019.png,https://en.onepiece-cardgame.com/images/cardlist/card/OP13-019.png?260305,1352,5545,1812,HIGH,exact_code_plus_base_flag,1812,661692,But Ace Here Said You Deserved It!! (3rd Anniversary Treasure Campaign Pack),But Ace Here Said You Deserved It 3rd Anniversary Treasure Campaign Pack,OP13-019,R,,tcgcsv,1657,1812,0.25,1.25,25.0,0.84,,,2026-04-02 03:06:17,tcgcsv,OP13-019,1,1,1,0,1,0,missing_tcgplayer_product_id_only,price_via_chain_tcgplayer_id_missing
1701,OP13-020,Meteor Fist,UC,,5548,1701,OP13-020,,base,Base,official-cardlist,OP13/base/OP13-020.png,https://en.onepiece-cardgame.com/images/cardlist/card/OP13-020.png?260305,3770,5548,4478,HIGH,exact_code_plus_base_flag,4478,657275,Meteor Fist,Meteor Fist,OP13-020,UC,,tcgcsv,4305,4478,0.01,0.12,8.09,0.07,,,2026-04-02 03:06:20,tcgcsv,OP13-020,1,1,1,0,1,0,missing_tcgplayer_product_id_only,price_via_chain_tcgplayer_id_missing
1702,OP13-021,Gum-Gum Gatling Gun,C,,5550,1702,OP13-021,,base,Base,official-cardlist,OP13/base/OP13-021.png,https://en.onepiece-cardgame.com/images/cardlist/card/OP13-021.png?260305,3771,5550,4479,HIGH,exact_code_plus_base_flag,4479,657276,Gum-Gum Gatling Gun,Gum Gum Gatling Gun,OP13-021,C,,tcgcsv,4306,4479,0.01,0.1,8.07,0.07,,,2026-04-02 03:06:20,tcgcsv,OP13-021,1,1,1,0,1,0,missing_tcgplayer_product_id_only,price_via_chain_tcgplayer_id_missing
1703,OP13-022,Windmill Village,C,,5552,1703,OP13-022,,base,Base,official-cardlist,OP13/base/OP13-022.png,https://en.onepiece-cardgame.com/images/cardlist/card/OP13-022.png?260305,3772,5552,4480,HIGH,exact_code_plus_base_flag,4480,657277,Windmill Village,Windmill Village,OP13-022,C,,tcgcsv,4307,4480,0.01,0.1,8.05,0.05,,,2026-04-02 03:06:20,tcgcsv,OP13-022,1,1,1,0,1,0,missing_tcgplayer_product_id_only,price_via_chain_tcgplayer_id_missing
1704,OP13-023,Uta,SR,,5554,1704,OP13-023,,base,Base,official-cardlist,OP13/base/OP13-023.png,https://en.onepiece-cardgame.com/images/cardlist/card/OP13-023.png?260305,3773,5554,4481,HIGH,exact_code_plus_base_flag,4481,657278,Uta,Uta,OP13-023,SR,,tcgcsv,4308,4481,0.11,0.5,99.9,0.36,,,2026-04-02 03:06:20,tcgcsv,OP13-023,1,1,1,0,1,0,missing_tcgplayer_product_id_only,price_via_chain_tcgplayer_id_missing
1705,OP13-024,Gordon,C,,5558,1705,OP13-024,,base,Base,official-cardlist,OP13/base/OP13-024.png,https://en.onepiece-cardgame.com/images/cardlist/card/OP13-024.png?260305,3775,5558,4483,HIGH,exact_code_plus_base_flag,4483,657280,Gordon,Gordon,OP13-024,C,,tcgcsv,4310,4483,0.01,0.1,8.05,0.05,,,2026-04-02 03:06:20,tcgcsv,OP13-024,1,1,1,0,1,0,missing_tcgplayer_product_id_only,price_via_chain_tcgplayer_id_missing
1706,OP13-025,Koby,C,,5560,1706,OP13-025,,base,Base,official-cardlist,OP13/base/OP13-025.png,https://en.onepiece-cardgame.com/images/cardlist/card/OP13-025.png?260305,3776,5560,4484,HIGH,exact_code_plus_base_flag,4484,657281,Koby,Koby,OP13-025,C,,tcgcsv,4311,4484,0.01,0.1,30.0,0.08,,,2026-04-02 03:06:20,tcgcsv,OP13-025,1,1,1,0,1,0,missing_tcgplayer_product_id_only,price_via_chain_tcgplayer_id_missing
1707,OP13-026,Sunny-Kun,C,,5562,1707,OP13-026,,base,Base,official-cardlist,OP13/base/OP13-026.png,https://en.onepiece-cardgame.com/images/cardlist/card/OP13-026.png?260305,3777,5562,4485,HIGH,exact_code_plus_base_flag,4485,657282,Sunny-Kun,Sunny Kun,OP13-026,C,,tcgcsv,4312,4485,0.01,0.1,8.05,0.05,,,2026-04-02 03:06:20,tcgcsv,OP13-026,1,1,1,0,1,0,missing_tcgplayer_product_id_only,price_via_chain_tcgplayer_id_missing
1708,OP13-027,Sanji,R,,5564,1708,OP13-027,,base,Base,official-cardlist,OP13/base/OP13-027.png,https://en.onepiece-cardgame.com/images/cardlist/card/OP13-027.png?260305,3778,5564,4486,HIGH,exact_code_plus_base_flag,4486,657283,Sanji,Sanji,OP13-027,R,,tcgcsv,4313,4486,0.03,0.25,5.0,0.21,,,2026-04-02 03:06:20,tcgcsv,OP13-027,1,1,1,0,1,0,missing_tcgplayer_product_id_only,price_via_chain_tcgplayer_id_missing
1709,OP13-028,Shanks,SR,,5568,1709,OP13-028,,base,Base,official-cardlist,OP13/base/OP13-028.png,https://en.onepiece-cardgame.com/images/cardlist/card/OP13-028.png?260305,3780,5568,4488,HIGH,exact_code_plus_base_flag,4488,657285,Shanks (028),Shanks 028,OP13-028,SR,,tcgcsv,4315,4488,0.05,0.75,99.9,0.39,,,2026-04-02 03:06:20,tcgcsv,OP13-028,1,1,1,0,1,0,missing_tcgplayer_product_id_only,price_via_chain_tcgplayer_id_missing
1710,OP13-029,Jinbe,UC,,5572,1710,OP13-029,,base,Base,official-cardlist,OP13/base/OP13-029.png,https://en.onepiece-cardgame.com/images/cardlist/card/OP13-029.png?260305,3782,5572,4490,HIGH,exact_code_plus_base_flag,4490,657287,Jinbe,Jinbe,OP13-029,UC,,tcgcsv,4317,4490,0.01,0.11,1.58,0.05,,,2026-04-02 03:06:20,tcgcsv,OP13-029,1,1,1,0,1,0,missing_tcgplayer_product_id_only,price_via_chain_tcgplayer_id_missing
1711,OP13-030,Tony Tony.Chopper,UC,,5574,1711,OP13-030,,base,Base,official-cardlist,OP13/base/OP13-030.png,https://en.onepiece-cardgame.com/images/cardlist/card/OP13-030.png?260305,3783,5574,4491,HIGH,exact_code_plus_base_flag,4491,657288,Tony Tony.Chopper,Tony TonyChopper,OP13-030,UC,,tcgcsv,4318,4491,0.01,0.15,1.58,0.13,,,2026-04-02 03:06:20,tcgcsv,OP13-030,1,1,1,0,1,0,missing_tcgplayer_product_id_only,price_via_chain_tcgplayer_id_missing
1712,OP13-031,Trafalgar Law,R,,5576,1712,OP13-031,,base,Base,official-cardlist,OP13/base/OP13-031.png,https://en.onepiece-cardgame.com/images/cardlist/card/OP13-031.png?260305,3784,5576,4492,HIGH,exact_code_plus_base_flag,4492,657289,Trafalgar Law,Trafalgar Law,OP13-031,R,,tcgcsv,4319,4492,0.24,0.5,35.0,0.44,,,2026-04-02 03:06:20,tcgcsv,OP13-031,1,1,1,0,1,0,missing_tcgplayer_product_id_only,price_via_chain_tcgplayer_id_missing
1713,OP13-032,Nico Robin,UC,,5578,1713,OP13-032,,base,Base,official-cardlist,OP13/base/OP13-032.png,https://en.onepiece-cardgame.com/images/cardlist/card/OP13-032.png?260305,3785,5578,4493,HIGH,exact_code_plus_base_flag,4493,657290,Nico Robin,Nico Robin,OP13-032,UC,,tcgcsv,4320,4493,0.01,0.18,5.09,0.17,,,2026-04-02 03:06:20,tcgcsv,OP13-032,1,1,1,0,1,0,missing_tcgplayer_product_id_only,price_via_chain_tcgplayer_id_missing
1714,OP13-033,Franky,C,,5580,1714,OP13-033,,base,Base,official-cardlist,OP13/base/OP13-033.png,https://en.onepiece-cardgame.com/images/cardlist/card/OP13-033.png?260305,3786,5580,4494,HIGH,exact_code_plus_base_flag,4494,657291,Franky,Franky,OP13-033,C,,tcgcsv,4321,4494,0.01,0.1,8.04,0.04,,,2026-04-02 03:06:20,tcgcsv,OP13-033,1,1,1,0,1,0,missing_tcgplayer_product_id_only,price_via_chain_tcgplayer_id_missing
1715,OP13-034,Brook,C,,5582,1715,OP13-034,,base,Base,official-cardlist,OP13/base/OP13-034.png,https://en.onepiece-cardgame.com/images/cardlist/card/OP13-034.png?260305,3787,5582,4495,HIGH,exact_code_plus_base_flag,4495,657292,Brook,Brook,OP13-034,C,,tcgcsv,4322,4495,0.01,0.1,8.07,0.07,,,2026-04-02 03:06:20,tcgcsv,OP13-034,1,1,1,0,1,0,missing_tcgplayer_product_id_only,price_via_chain_tcgplayer_id_missing
1716,OP13-035,Bepo,C,,5584,1716,OP13-035,,base,Base,official-cardlist,OP13/base/OP13-035.png,https://en.onepiece-cardgame.com/images/cardlist/card/OP13-035.png?260305,3788,5584,4496,HIGH,exact_code_plus_base_flag,4496,657293,Bepo,Bepo,OP13-035,C,,tcgcsv,4323,4496,0.01,0.1,8.07,0.07,,,2026-04-02 03:06:20,tcgcsv,OP13-035,1,1,1,0,1,0,missing_tcgplayer_product_id_only,price_via_chain_tcgplayer_id_missing
1717,OP13-036,Helmeppo,UC,,5586,1717,OP13-036,,base,Base,official-cardlist,OP13/base/OP13-036.png,https://en.onepiece-cardgame.com/images/cardlist/card/OP13-036.png?260305,3789,5586,4497,HIGH,exact_code_plus_base_flag,4497,657294,Helmeppo,Helmeppo,OP13-036,UC,,tcgcsv,4324,4497,0.01,0.1,8.08,0.08,,,2026-04-02 03:06:20,tcgcsv,OP13-036,1,1,1,0,1,0,missing_tcgplayer_product_id_only,price_via_chain_tcgplayer_id_missing
1718,OP13-037,Roronoa Zoro,R,,5588,1718,OP13-037,,base,Base,official-cardlist,OP13/base/OP13-037.png,https://en.onepiece-cardgame.com/images/cardlist/card/OP13-037.png?260305,3790,5588,4498,HIGH,exact_code_plus_base_flag,4498,657295,Roronoa Zoro,Roronoa Zoro,OP13-037,R,,tcgcsv,4325,4498,0.01,0.34,39.0,0.29,,,2026-04-02 03:06:20,tcgcsv,OP13-037,1,1,1,0,1,0,missing_tcgplayer_product_id_only,price_via_chain_tcgplayer_id_missing
1719,OP13-038,Gum-Gum Elephant Gun,UC,,5590,1719,OP13-038,,base,Base,official-cardlist,OP13/base/OP13-038.png,https://en.onepiece-cardgame.com/images/cardlist/card/OP13-038.png?260305,3791,5590,4499,HIGH,exact_code_plus_base_flag,4499,657296,Gum-Gum Elephant Gun,Gum Gum Elephant Gun,OP13-038,UC,,tcgcsv,4326,4499,0.01,0.15,1.58,0.08,,,2026-04-02 03:06:20,tcgcsv,OP13-038,1,1,1,0,1,0,missing_tcgplayer_product_id_only,price_via_chain_tcgplayer_id_missing
1720,OP13-039,Gum-Gum Snake Shot,C,,5592,1720,OP13-039,,base,Base,official-cardlist,OP13/base/OP13-039.png,https://en.onepiece-cardgame.com/images/cardlist/card/OP13-039.png?260305,3792,5592,4500,HIGH,exact_code_plus_base_flag,4500,657297,Gum-Gum Snake Shot,Gum Gum Snake Shot,OP13-039,C,,tcgcsv,4327,4500,0.01,0.1,8.07,0.07,,,2026-04-02 03:06:20,tcgcsv,OP13-039,1,1,1,0,1,0,missing_tcgplayer_product_id_only,price_via_chain_tcgplayer_id_missing
1721,OP13-040,I Know You're Strong... So I'll Go All Out from the Very Start!!!,R,,5594,1721,OP13-040,,base,Base,official-cardlist,OP13/base/OP13-040.png,https://en.onepiece-cardgame.com/images/cardlist/card/OP13-040.png?260305,1353,5594,1813,HIGH,exact_code_plus_base_flag,1813,661693,I Know You're Strong... So I'll Go All Out from the Very Start!!! (3rd Anniversary Treasure Campaign Pack),I Know Youre Strong So Ill Go All Out from the Very Start 3rd Anniversary Treasure Campaign Pack,OP13-040,R,,tcgcsv,1658,1813,2.0,4.59,150.0,3.62,,,2026-04-02 03:06:17,tcgcsv,OP13-040,1,1,1,0,1,0,missing_tcgplayer_product_id_only,price_via_chain_tcgplayer_id_missing
1722,OP13-041,Izo,UC,,5597,1722,OP13-041,,base,Base,official-cardlist,OP13/base/OP13-041.png,https://en.onepiece-cardgame.com/images/cardlist/card/OP13-041.png?260305,3794,5597,4502,HIGH,exact_code_plus_base_flag,4502,657299,Izo,Izo,OP13-041,UC,,tcgcsv,4329,4502,0.01,0.1,8.09,0.09,,,2026-04-02 03:06:20,tcgcsv,OP13-041,1,1,1,0,1,0,missing_tcgplayer_product_id_only,price_via_chain_tcgplayer_id_missing
1723,OP13-042,Edward.Newgate,SR,,5599,1723,OP13-042,,base,Base,official-cardlist,OP13/base/OP13-042.png,https://en.onepiece-cardgame.com/images/cardlist/card/OP13-042.png?260305,3795,5599,4503,HIGH,exact_code_plus_base_flag,4503,657300,Edward.Newgate,EdwardNewgate,OP13-042,SR,,tcgcsv,4330,4503,0.7,1.6,35.0,1.36,,,2026-04-02 03:06:20,tcgcsv,OP13-042,1,1,1,0,1,0,missing_tcgplayer_product_id_only,price_via_chain_tcgplayer_id_missing
1724,OP13-043,Otama,R,,5603,1724,OP13-043,,base,Base,official-cardlist,OP13/base/OP13-043.png,https://en.onepiece-cardgame.com/images/cardlist/card/OP13-043.png?260305,3797,5603,4505,HIGH,exact_code_plus_base_flag,4505,657302,Otama,Otama,OP13-043,R,,tcgcsv,4332,4505,0.01,0.35,5.0,0.31,,,2026-04-02 03:06:20,tcgcsv,OP13-043,1,1,1,0,1,0,missing_tcgplayer_product_id_only,price_via_chain_tcgplayer_id_missing
1725,OP13-044,Curiel,C,,5605,1725,OP13-044,,base,Base,official-cardlist,OP13/base/OP13-044.png,https://en.onepiece-cardgame.com/images/cardlist/card/OP13-044.png?260305,3798,5605,4506,HIGH,exact_code_plus_base_flag,4506,657303,Curiel,Curiel,OP13-044,C,,tcgcsv,4333,4506,0.01,0.1,8.03,0.03,,,2026-04-02 03:06:20,tcgcsv,OP13-044,1,1,1,0,1,0,missing_tcgplayer_product_id_only,price_via_chain_tcgplayer_id_missing
1726,OP13-045,Haruta,C,,5607,1726,OP13-045,,base,Base,official-cardlist,OP13/base/OP13-045.png,https://en.onepiece-cardgame.com/images/cardlist/card/OP13-045.png?260305,3799,5607,4507,HIGH,exact_code_plus_base_flag,4507,657304,Haruta,Haruta,OP13-045,C,,tcgcsv,4334,4507,0.01,0.1,8.03,0.03,,,2026-04-02 03:06:20,tcgcsv,OP13-045,1,1,1,0,1,0,missing_tcgplayer_product_id_only,price_via_chain_tcgplayer_id_missing
1727,OP13-046,Vista,R,,5609,1727,OP13-046,,base,Base,official-cardlist,OP13/base/OP13-046.png,https://en.onepiece-cardgame.com/images/cardlist/card/OP13-046.png?260305,3800,5609,4508,HIGH,exact_code_plus_base_flag,4508,657305,Vista,Vista,OP13-046,R,,tcgcsv,4335,4508,0.01,0.18,2.72,0.12,,,2026-04-02 03:06:20,tcgcsv,OP13-046,1,1,1,0,1,0,missing_tcgplayer_product_id_only,price_via_chain_tcgplayer_id_missing
1728,OP13-047,Fossa,C,,5611,1728,OP13-047,,base,Base,official-cardlist,OP13/base/OP13-047.png,https://en.onepiece-cardgame.com/images/cardlist/card/OP13-047.png?260305,3801,5611,4509,HIGH,exact_code_plus_base_flag,4509,657306,Fossa,Fossa,OP13-047,C,,tcgcsv,4336,4509,0.01,0.1,8.03,0.03,,,2026-04-02 03:06:20,tcgcsv,OP13-047,1,1,1,0,1,0,missing_tcgplayer_product_id_only,price_via_chain_tcgplayer_id_missing
1729,OP13-048,Blamenco,UC,,5613,1729,OP13-048,,base,Base,official-cardlist,OP13/base/OP13-048.png,https://en.onepiece-cardgame.com/images/cardlist/card/OP13-048.png?260305,3802,5613,4510,HIGH,exact_code_plus_base_flag,4510,657307,Blamenco,Blamenco,OP13-048,UC,,tcgcsv,4337,4510,0.01,0.1,8.05,0.05,,,2026-04-02 03:06:20,tcgcsv,OP13-048,1,1,1,0,1,0,missing_tcgplayer_product_id_only,price_via_chain_tcgplayer_id_missing
1730,OP13-049,Blenheim,UC,,5615,1730,OP13-049,,base,Base,official-cardlist,OP13/base/OP13-049.png,https://en.onepiece-cardgame.com/images/cardlist/card/OP13-049.png?260305,3803,5615,4511,HIGH,exact_code_plus_base_flag,4511,657308,Blenheim,Blenheim,OP13-049,UC,,tcgcsv,4338,4511,0.01,0.1,8.05,0.05,,,2026-04-02 03:06:20,tcgcsv,OP13-049,1,1,1,0,1,0,missing_tcgplayer_product_id_only,price_via_chain_tcgplayer_id_missing
1731,OP13-050,Boa Sandersonia,C,,5617,1731,OP13-050,,base,Base,official-cardlist,OP13/base/OP13-050.png,https://en.onepiece-cardgame.com/images/cardlist/card/OP13-050.png?260305,3804,5617,4512,HIGH,exact_code_plus_base_flag,4512,657309,Boa Sandersonia,Boa Sandersonia,OP13-050,C,,tcgcsv,4339,4512,0.01,0.1,8.07,0.07,,,2026-04-02 03:06:20,tcgcsv,OP13-050,1,1,1,0,1,0,missing_tcgplayer_product_id_only,price_via_chain_tcgplayer_id_missing
1732,OP13-051,Boa Hancock,R,,5619,1732,OP13-051,,base,Base,official-cardlist,OP13/base/OP13-051.png,https://en.onepiece-cardgame.com/images/cardlist/card/OP13-051.png?260305,3805,5619,4513,HIGH,exact_code_plus_base_flag,4513,657310,Boa Hancock,Boa Hancock,OP13-051,R,,tcgcsv,4340,4513,0.01,0.2,2.99,0.17,,,2026-04-02 03:06:20,tcgcsv,OP13-051,1,1,1,0,1,0,missing_tcgplayer_product_id_only,price_via_chain_tcgplayer_id_missing
1733,OP13-052,Boa Marigold,UC,,5623,1733,OP13-052,,base,Base,official-cardlist,OP13/base/OP13-052.png,https://en.onepiece-cardgame.com/images/cardlist/card/OP13-052.png?260305,3807,5623,4515,HIGH,exact_code_plus_base_flag,4515,657312,Boa Marigold,Boa Marigold,OP13-052,UC,,tcgcsv,4342,4515,0.01,0.15,1.6,0.11,,,2026-04-02 03:06:20,tcgcsv,OP13-052,1,1,1,0,1,0,missing_tcgplayer_product_id_only,price_via_chain_tcgplayer_id_missing
1734,OP13-053,Marshall.D.Teach,C,,5625,1734,OP13-053,,base,Base,official-cardlist,OP13/base/OP13-053.png,https://en.onepiece-cardgame.com/images/cardlist/card/OP13-053.png?260305,3808,5625,4516,HIGH,exact_code_plus_base_flag,4516,657313,Marshall.D.Teach,MarshallDTeach,OP13-053,C,,tcgcsv,4343,4516,0.01,0.1,8.04,0.04,,,2026-04-02 03:06:20,tcgcsv,OP13-053,1,1,1,0,1,0,missing_tcgplayer_product_id_only,price_via_chain_tcgplayer_id_missing
1735,OP13-054,Yamato,SR,,5627,1735,OP13-054,,base,Base,official-cardlist,OP13/base/OP13-054.png,https://en.onepiece-cardgame.com/images/cardlist/card/OP13-054.png?260305,3809,5627,4517,HIGH,exact_code_plus_base_flag,4517,657314,Yamato,Yamato,OP13-054,SR,,tcgcsv,4344,4517,0.2,0.99,99.9,0.54,,,2026-04-02 03:06:20,tcgcsv,OP13-054,1,1,1,0,1,0,missing_tcgplayer_product_id_only,price_via_chain_tcgplayer_id_missing
1736,OP13-055,Rakuyo,C,,5631,1736,OP13-055,,base,Base,official-cardlist,OP13/base/OP13-055.png,https://en.onepiece-cardgame.com/images/cardlist/card/OP13-055.png?260305,3811,5631,4519,HIGH,exact_code_plus_base_flag,4519,657316,Rakuyo,Rakuyo,OP13-055,C,,tcgcsv,4346,4519,0.01,0.1,8.04,0.04,,,2026-04-02 03:06:20,tcgcsv,OP13-055,1,1,1,0,1,0,missing_tcgplayer_product_id_only,price_via_chain_tcgplayer_id_missing
1737,OP13-056,LittleOars Jr.,C,,5633,1737,OP13-056,,base,Base,official-cardlist,OP13/base/OP13-056.png,https://en.onepiece-cardgame.com/images/cardlist/card/OP13-056.png?260305,3812,5633,4520,HIGH,exact_code_plus_base_flag,4520,657317,LittleOars Jr.,LittleOars Jr,OP13-056,C,,tcgcsv,4347,4520,0.01,0.1,8.04,0.04,,,2026-04-02 03:06:20,tcgcsv,OP13-056,1,1,1,0,1,0,missing_tcgplayer_product_id_only,price_via_chain_tcgplayer_id_missing
1738,OP13-057,"If I Bowed Down to Power, What's the Point in Living?",R,,5635,1738,OP13-057,,base,Base,official-cardlist,OP13/base/OP13-057.png,https://en.onepiece-cardgame.com/images/cardlist/card/OP13-057.png?260305,1351,5635,1811,HIGH,exact_code_plus_base_flag,1811,661690,"If I Bowed Down to Power, What's the Point in Living? (3rd Anniversary Treasure Campaign Pack)",If I Bowed Down to Power Whats the Point in Living 3rd Anniversary Treasure Campaign Pack,OP13-057,R,,tcgcsv,1656,1811,0.5,1.87,25.0,1.31,,,2026-04-02 03:06:17,tcgcsv,OP13-057,1,1,1,0,1,0,missing_tcgplayer_product_id_only,price_via_chain_tcgplayer_id_missing
1739,OP13-058,Phoenix Pyreapple,UC,,5638,1739,OP13-058,,base,Base,official-cardlist,OP13/base/OP13-058.png,https://en.onepiece-cardgame.com/images/cardlist/card/OP13-058.png?260305,3814,5638,4522,HIGH,exact_code_plus_base_flag,4522,657319,Phoenix Pyreapple,Phoenix Pyreapple,OP13-058,UC,,tcgcsv,4349,4522,0.01,0.15,8.14,0.14,,,2026-04-02 03:06:20,tcgcsv,OP13-058,1,1,1,0,1,0,missing_tcgplayer_product_id_only,price_via_chain_tcgplayer_id_missing
1740,OP13-059,Brilliant Punk,C,,5640,1740,OP13-059,,base,Base,official-cardlist,OP13/base/OP13-059.png,https://en.onepiece-cardgame.com/images/cardlist/card/OP13-059.png?260305,3815,5640,4523,HIGH,exact_code_plus_base_flag,4523,657320,Brilliant Punk,Brilliant Punk,OP13-059,C,,tcgcsv,4350,4523,0.01,0.1,8.04,0.04,,,2026-04-02 03:06:20,tcgcsv,OP13-059,1,1,1,0,1,0,missing_tcgplayer_product_id_only,price_via_chain_tcgplayer_id_missing
1741,OP13-060,Amatsuki Toki,C,,5642,1741,OP13-060,,base,Base,official-cardlist,OP13/base/OP13-060.png,https://en.onepiece-cardgame.com/images/cardlist/card/OP13-060.png?260305,3816,5642,4524,HIGH,exact_code_plus_base_flag,4524,657321,Amatsuki Toki,Amatsuki Toki,OP13-060,C,,tcgcsv,4351,4524,0.01,0.1,8.04,0.04,,,2026-04-02 03:06:20,tcgcsv,OP13-060,1,1,1,0,1,0,missing_tcgplayer_product_id_only,price_via_chain_tcgplayer_id_missing
1742,OP13-061,Inuarashi,C,,5644,1742,OP13-061,,base,Base,official-cardlist,OP13/base/OP13-061.png,https://en.onepiece-cardgame.com/images/cardlist/card/OP13-061.png?260305,3817,5644,4525,HIGH,exact_code_plus_base_flag,4525,657322,Inuarashi,Inuarashi,OP13-061,C,,tcgcsv,4352,4525,0.01,0.1,1.58,0.05,,,2026-04-02 03:06:20,tcgcsv,OP13-061,1,1,1,0,1,0,missing_tcgplayer_product_id_only,price_via_chain_tcgplayer_id_missing
1743,OP13-062,Crocus,UC,,5646,1743,OP13-062,,base,Base,official-cardlist,OP13/base/OP13-062.png,https://en.onepiece-cardgame.com/images/cardlist/card/OP13-062.png?260305,3818,5646,4526,HIGH,exact_code_plus_base_flag,4526,657323,Crocus,Crocus,OP13-062,UC,,tcgcsv,4353,4526,0.01,0.12,8.08,0.08,,,2026-04-02 03:06:20,tcgcsv,OP13-062,1,1,1,0,1,0,missing_tcgplayer_product_id_only,price_via_chain_tcgplayer_id_missing
1744,OP13-063,Kouzuki Oden,UC,,5648,1744,OP13-063,,base,Base,official-cardlist,OP13/base/OP13-063.png,https://en.onepiece-cardgame.com/images/cardlist/card/OP13-063.png?260305,1335,5648,1793,HIGH,exact_code_plus_base_flag,1793,657824,Kouzuki Oden (Premium Card Collection -Best Selection Vol. 5-),Kouzuki Oden Premium Card Collection Best Selection Vol 5,OP13-063,UC,,tcgcsv,1639,1793,1.98,3.2,39.99,2.7,,,2026-04-02 03:06:17,tcgcsv,OP13-063,1,1,1,0,1,0,missing_tcgplayer_product_id_only,price_via_chain_tcgplayer_id_missing
1745,OP13-064,Gol.D.Roger,SR,,5652,1745,OP13-064,,base,Base,official-cardlist,OP13/base/OP13-064.png,https://en.onepiece-cardgame.com/images/cardlist/card/OP13-064.png?260305,3820,5652,4528,HIGH,exact_code_plus_base_flag,4528,657325,Gol.D.Roger (064),GolDRoger 064,OP13-064,SR,,tcgcsv,4355,4528,0.09,0.39,20.0,0.28,,,2026-04-02 03:06:20,tcgcsv,OP13-064,1,1,1,0,1,0,missing_tcgplayer_product_id_only,price_via_chain_tcgplayer_id_missing
1746,OP13-065,Shanks,R,,5656,1746,OP13-065,,base,Base,official-cardlist,OP13/base/OP13-065.png,https://en.onepiece-cardgame.com/images/cardlist/card/OP13-065.png?260305,3822,5656,4530,HIGH,exact_code_plus_base_flag,4530,657327,Shanks (065),Shanks 065,OP13-065,R,,tcgcsv,4357,4530,0.01,0.2,2.99,0.18,,,2026-04-02 03:06:20,tcgcsv,OP13-065,1,1,1,0,1,0,missing_tcgplayer_product_id_only,price_via_chain_tcgplayer_id_missing
1747,OP13-066,Silvers Rayleigh,SR,,5660,1747,OP13-066,,base,Base,official-cardlist,OP13/base/OP13-066.png,https://en.onepiece-cardgame.com/images/cardlist/card/OP13-066.png?260305,3824,5660,4532,HIGH,exact_code_plus_base_flag,4532,657329,Silvers Rayleigh,Silvers Rayleigh,OP13-066,SR,,tcgcsv,4359,4532,0.12,0.58,15.0,0.39,,,2026-04-02 03:06:20,tcgcsv,OP13-066,1,1,1,0,1,0,missing_tcgplayer_product_id_only,price_via_chain_tcgplayer_id_missing
1748,OP13-067,Scopper Gaban,R,,5664,1748,OP13-067,,base,Base,official-cardlist,OP13/base/OP13-067.png,https://en.onepiece-cardgame.com/images/cardlist/card/OP13-067.png?260305,3826,5664,4534,HIGH,exact_code_plus_base_flag,4534,657331,Scopper Gaban,Scopper Gaban,OP13-067,R,,tcgcsv,4361,4534,0.01,0.19,2.82,0.13,,,2026-04-02 03:06:20,tcgcsv,OP13-067,1,1,1,0,1,0,missing_tcgplayer_product_id_only,price_via_chain_tcgplayer_id_missing
1749,OP13-068,Douglas Bullet,C,,5666,1749,OP13-068,,base,Base,official-cardlist,OP13/base/OP13-068.png,https://en.onepiece-cardgame.com/images/cardlist/card/OP13-068.png?260305,3827,5666,4535,HIGH,exact_code_plus_base_flag,4535,657332,Douglas Bullet,Douglas Bullet,OP13-068,C,,tcgcsv,4362,4535,0.01,0.15,1.58,0.05,,,2026-04-02 03:06:20,tcgcsv,OP13-068,1,1,1,0,1,0,missing_tcgplayer_product_id_only,price_via_chain_tcgplayer_id_missing
1750,OP13-069,Tom,C,,5668,1750,OP13-069,,base,Base,official-cardlist,OP13/base/OP13-069.png,https://en.onepiece-cardgame.com/images/cardlist/card/OP13-069.png?260305,3828,5668,4536,HIGH,exact_code_plus_base_flag,4536,657333,Tom,Tom,OP13-069,C,,tcgcsv,4363,4536,0.01,0.1,8.02,0.02,,,2026-04-02 03:06:20,tcgcsv,OP13-069,1,1,1,0,1,0,missing_tcgplayer_product_id_only,price_via_chain_tcgplayer_id_missing
1751,OP13-070,Napoleon,C,,5670,1751,OP13-070,,base,Base,official-cardlist,OP13/base/OP13-070.png,https://en.onepiece-cardgame.com/images/cardlist/card/OP13-070.png?260305,3829,5670,4537,HIGH,exact_code_plus_base_flag,4537,657334,Napoleon,Napoleon,OP13-070,C,,tcgcsv,4364,4537,0.01,0.1,8.05,0.05,,,2026-04-02 03:06:20,tcgcsv,OP13-070,1,1,1,0,1,0,missing_tcgplayer_product_id_only,price_via_chain_tcgplayer_id_missing
1752,OP13-071,Nekomamushi,UC,,5672,1752,OP13-071,,base,Base,official-cardlist,OP13/base/OP13-071.png,https://en.onepiece-cardgame.com/images/cardlist/card/OP13-071.png?260305,3830,5672,4538,HIGH,exact_code_plus_base_flag,4538,657335,Nekomamushi,Nekomamushi,OP13-071,UC,,tcgcsv,4365,4538,0.01,0.15,1.58,0.08,,,2026-04-02 03:06:20,tcgcsv,OP13-071,1,1,1,0,1,0,missing_tcgplayer_product_id_only,price_via_chain_tcgplayer_id_missing
1753,OP13-072,Buggy,R,,5674,1753,OP13-072,,base,Base,official-cardlist,OP13/base/OP13-072.png,https://en.onepiece-cardgame.com/images/cardlist/card/OP13-072.png?260305,3831,5674,4539,HIGH,exact_code_plus_base_flag,4539,657336,Buggy,Buggy,OP13-072,R,,tcgcsv,4366,4539,0.01,0.21,2.99,0.16,,,2026-04-02 03:06:20,tcgcsv,OP13-072,1,1,1,0,1,0,missing_tcgplayer_product_id_only,price_via_chain_tcgplayer_id_missing
1754,OP13-073,Prometheus,UC,,5676,1754,OP13-073,,base,Base,official-cardlist,OP13/base/OP13-073.png,https://en.onepiece-cardgame.com/images/cardlist/card/OP13-073.png?260305,3832,5676,4540,HIGH,exact_code_plus_base_flag,4540,657337,Prometheus,Prometheus,OP13-073,UC,,tcgcsv,4367,4540,0.01,0.1,8.06,0.06,,,2026-04-02 03:06:20,tcgcsv,OP13-073,1,1,1,0,1,0,missing_tcgplayer_product_id_only,price_via_chain_tcgplayer_id_missing
1755,OP13-074,Hera,C,,5678,1755,OP13-074,,base,Base,official-cardlist,OP13/base/OP13-074.png,https://en.onepiece-cardgame.com/images/cardlist/card/OP13-074.png?260305,3833,5678,4541,HIGH,exact_code_plus_base_flag,4541,657338,Hera,Hera,OP13-074,C,,tcgcsv,4368,4541,0.01,0.1,8.05,0.05,,,2026-04-02 03:06:20,tcgcsv,OP13-074,1,1,1,0,1,0,missing_tcgplayer_product_id_only,price_via_chain_tcgplayer_id_missing
1756,OP13-075,Guess We'll Have Another Scrap. You Can Only Risk Death While You're Still Alive!!,UC,,5680,1756,OP13-075,,base,Base,official-cardlist,OP13/base/OP13-075.png,https://en.onepiece-cardgame.com/images/cardlist/card/OP13-075.png?260305,3834,5680,4542,HIGH,exact_code_plus_base_flag,4542,657339,Guess We'll Have Another Scrap. You Can Only Risk Death While You're Still Alive!!,Guess Well Have Another Scrap You Can Only Risk Death While Youre Still Alive,OP13-075,UC,,tcgcsv,4369,4542,0.01,0.15,1.58,0.11,,,2026-04-02 03:06:20,tcgcsv,OP13-075,1,1,1,0,1,0,missing_tcgplayer_product_id_only,price_via_chain_tcgplayer_id_missing
1757,OP13-076,Divine Departure,R,,5682,1757,OP13-076,,base,Base,official-cardlist,OP13/base/OP13-076.png,https://en.onepiece-cardgame.com/images/cardlist/card/OP13-076.png?260305,3835,5682,4543,HIGH,exact_code_plus_base_flag,4543,657340,Divine Departure,Divine Departure,OP13-076,R,,tcgcsv,4370,4543,1.5,2.12,8.99,2.07,,,2026-04-02 03:06:20,tcgcsv,OP13-076,1,1,1,0,1,0,missing_tcgplayer_product_id_only,price_via_chain_tcgplayer_id_missing
1758,OP13-077,Go All the Way to the Top!!,C,,5686,1758,OP13-077,,base,Base,official-cardlist,OP13/base/OP13-077.png,https://en.onepiece-cardgame.com/images/cardlist/card/OP13-077.png?260305,3837,5686,4545,HIGH,exact_code_plus_base_flag,4545,657342,Go All the Way to the Top!!,Go All the Way to the Top,OP13-077,C,,tcgcsv,4372,4545,0.01,0.1,8.09,0.09,,,2026-04-02 03:06:20,tcgcsv,OP13-077,1,1,1,0,1,0,missing_tcgplayer_product_id_only,price_via_chain_tcgplayer_id_missing
1759,OP13-078,Oro Jackson,C,,5688,1759,OP13-078,,base,Base,official-cardlist,OP13/base/OP13-078.png,https://en.onepiece-cardgame.com/images/cardlist/card/OP13-078.png?260305,3838,5688,4546,HIGH,exact_code_plus_base_flag,4546,657343,Oro Jackson,Oro Jackson,OP13-078,C,,tcgcsv,4373,4546,0.01,0.11,8.08,0.08,,,2026-04-02 03:06:20,tcgcsv,OP13-078,1,1,1,0,1,0,missing_tcgplayer_product_id_only,price_via_chain_tcgplayer_id_missing
1760,OP13-079,Imu,L,,5690,1760,OP13-079,,base,Base,official-cardlist,OP13/base/OP13-079.png,https://en.onepiece-cardgame.com/images/cardlist/card/OP13-079.png?260305,3839,5690,4547,HIGH,exact_code_plus_base_flag,4547,657344,Imu,Imu,OP13-079,L,,tcgcsv,4374,4547,0.05,0.25,2.83,0.18,,,2026-04-02 03:06:20,tcgcsv,OP13-079,1,1,1,0,1,0,missing_tcgplayer_product_id_only,price_via_chain_tcgplayer_id_missing
1761,OP13-080,St. Ethanbaron V. Nusjuro,R,,5694,1761,OP13-080,,base,Base,official-cardlist,OP13/base/OP13-080.png,https://en.onepiece-cardgame.com/images/cardlist/card/OP13-080.png?260305,3841,5694,4549,HIGH,exact_code_plus_base_flag,4549,657346,St. Ethanbaron V. Nusjuro,St Ethanbaron V Nusjuro,OP13-080,R,,tcgcsv,4376,4549,0.35,0.52,5.0,0.46,,,2026-04-02 03:06:20,tcgcsv,OP13-080,1,1,1,0,1,0,missing_tcgplayer_product_id_only,price_via_chain_tcgplayer_id_missing
1762,OP13-081,Koala,C,,5700,1762,OP13-081,,base,Base,official-cardlist,OP13/base/OP13-081.png,https://en.onepiece-cardgame.com/images/cardlist/card/OP13-081.png?260305,3844,5700,4552,HIGH,exact_code_plus_base_flag,4552,657349,Koala,Koala,OP13-081,C,,tcgcsv,4379,4552,0.01,0.1,8.07,0.07,,,2026-04-02 03:06:20,tcgcsv,OP13-081,1,1,1,0,1,0,missing_tcgplayer_product_id_only,price_via_chain_tcgplayer_id_missing
1763,OP13-082,Five Elders,SR,,5702,1763,OP13-082,,base,Base,official-cardlist,OP13/base/OP13-082.png,https://en.onepiece-cardgame.com/images/cardlist/card/OP13-082.png?260305,3845,5702,4553,HIGH,exact_code_plus_base_flag,4553,657350,Five Elders,Five Elders,OP13-082,SR,,tcgcsv,4380,4553,1.0,3.0,1075.0,1.82,,,2026-04-02 03:06:20,tcgcsv,OP13-082,1,1,1,0,1,0,missing_tcgplayer_product_id_only,price_via_chain_tcgplayer_id_missing
1764,OP13-083,St. Jaygarcia Saturn,R,,5706,1764,OP13-083,,base,Base,official-cardlist,OP13/base/OP13-083.png,https://en.onepiece-cardgame.com/images/cardlist/card/OP13-083.png?260305,3847,5706,4555,HIGH,exact_code_plus_base_flag,4555,657352,St. Jaygarcia Saturn,St Jaygarcia Saturn,OP13-083,R,,tcgcsv,4382,4555,0.25,0.52,46.0,0.44,,,2026-04-02 03:06:20,tcgcsv,OP13-083,1,1,1,0,1,0,missing_tcgplayer_product_id_only,price_via_chain_tcgplayer_id_missing
1765,OP13-084,St. Shepherd Ju Peter,R,,5712,1765,OP13-084,,base,Base,official-cardlist,OP13/base/OP13-084.png,https://en.onepiece-cardgame.com/images/cardlist/card/OP13-084.png?260305,3850,5712,4558,HIGH,exact_code_plus_base_flag,4558,657355,St. Shepherd Ju Peter,St Shepherd Ju Peter,OP13-084,R,,tcgcsv,4385,4558,0.3,0.54,2.99,0.44,,,2026-04-02 03:06:20,tcgcsv,OP13-084,1,1,1,0,1,0,missing_tcgplayer_product_id_only,price_via_chain_tcgplayer_id_missing
1766,OP13-085,Saint Jalmac,C,,5718,1766,OP13-085,,base,Base,official-cardlist,OP13/base/OP13-085.png,https://en.onepiece-cardgame.com/images/cardlist/card/OP13-085.png?260305,3853,5718,4561,HIGH,exact_code_plus_base_flag,4561,657358,Saint Jalmac,Saint Jalmac,OP13-085,C,,tcgcsv,4388,4561,0.01,0.1,8.05,0.05,,,2026-04-02 03:06:20,tcgcsv,OP13-085,1,1,1,0,1,0,missing_tcgplayer_product_id_only,price_via_chain_tcgplayer_id_missing
1767,OP13-086,Saint Shalria,UC,,5720,1767,OP13-086,,base,Base,official-cardlist,OP13/base/OP13-086.png,https://en.onepiece-cardgame.com/images/cardlist/card/OP13-086.png?260305,1334,5720,1792,HIGH,exact_code_plus_base_flag,1792,657823,Saint Shalria (Premium Card Collection -Best Selection Vol. 5-),Saint Shalria Premium Card Collection Best Selection Vol 5,OP13-086,UC,,tcgcsv,1638,1792,9.0,13.0,49.99,9.25,,,2026-04-02 03:06:17,tcgcsv,OP13-086,1,1,1,0,1,0,missing_tcgplayer_product_id_only,price_via_chain_tcgplayer_id_missing
1768,OP13-087,Saint Charlos,UC,,5724,1768,OP13-087,,base,Base,official-cardlist,OP13/base/OP13-087.png,https://en.onepiece-cardgame.com/images/cardlist/card/OP13-087.png?260305,3855,5724,4563,HIGH,exact_code_plus_base_flag,4563,657360,Saint Charlos,Saint Charlos,OP13-087,UC,,tcgcsv,4390,4563,0.01,0.2,10.0,0.13,,,2026-04-02 03:06:20,tcgcsv,OP13-087,1,1,1,0,1,0,missing_tcgplayer_product_id_only,price_via_chain_tcgplayer_id_missing
1769,OP13-088,Terry Gilteo,UC,,5726,1769,OP13-088,,base,Base,official-cardlist,OP13/base/OP13-088.png,https://en.onepiece-cardgame.com/images/cardlist/card/OP13-088.png?260305,3856,5726,4564,HIGH,exact_code_plus_base_flag,4564,657361,Terry Gilteo,Terry Gilteo,OP13-088,UC,,tcgcsv,4391,4564,0.01,0.1,8.05,0.05,,,2026-04-02 03:06:20,tcgcsv,OP13-088,1,1,1,0,1,0,missing_tcgplayer_product_id_only,price_via_chain_tcgplayer_id_missing
1770,OP13-089,St. Topman Warcury,R,,5728,1770,OP13-089,,base,Base,official-cardlist,OP13/base/OP13-089.png,https://en.onepiece-cardgame.com/images/cardlist/card/OP13-089.png?260305,3857,5728,4565,HIGH,exact_code_plus_base_flag,4565,657362,St. Topman Warcury,St Topman Warcury,OP13-089,R,,tcgcsv,4392,4565,0.45,0.66,50.0,0.55,,,2026-04-02 03:06:20,tcgcsv,OP13-089,1,1,1,0,1,0,missing_tcgplayer_product_id_only,price_via_chain_tcgplayer_id_missing
1771,OP13-090,Hack,UC,,5734,1771,OP13-090,,base,Base,official-cardlist,OP13/base/OP13-090.png,https://en.onepiece-cardgame.com/images/cardlist/card/OP13-090.png?260305,3860,5734,4568,HIGH,exact_code_plus_base_flag,4568,657365,Hack,Hack,OP13-090,UC,,tcgcsv,4395,4568,0.01,0.15,1.58,0.11,,,2026-04-02 03:06:20,tcgcsv,OP13-090,1,1,1,0,1,0,missing_tcgplayer_product_id_only,price_via_chain_tcgplayer_id_missing
1772,OP13-091,St. Marcus Mars,R,,5736,1772,OP13-091,,base,Base,official-cardlist,OP13/base/OP13-091.png,https://en.onepiece-cardgame.com/images/cardlist/card/OP13-091.png?260305,3861,5736,4569,HIGH,exact_code_plus_base_flag,4569,657366,St. Marcus Mars,St Marcus Mars,OP13-091,R,,tcgcsv,4396,4569,0.2,0.59,5.0,0.45,,,2026-04-02 03:06:20,tcgcsv,OP13-091,1,1,1,0,1,0,missing_tcgplayer_product_id_only,price_via_chain_tcgplayer_id_missing
1773,OP13-092,Saint Mjosgard,C,,5742,1773,OP13-092,,base,Base,official-cardlist,OP13/base/OP13-092.png,https://en.onepiece-cardgame.com/images/cardlist/card/OP13-092.png?260305,3864,5742,4572,HIGH,exact_code_plus_base_flag,4572,657369,Saint Mjosgard,Saint Mjosgard,OP13-092,C,,tcgcsv,4399,4572,0.01,0.15,12.0,0.12,,,2026-04-02 03:06:20,tcgcsv,OP13-092,1,1,1,0,1,0,missing_tcgplayer_product_id_only,price_via_chain_tcgplayer_id_missing
1774,OP13-093,Morgans,C,,5744,1774,OP13-093,,base,Base,official-cardlist,OP13/base/OP13-093.png,https://en.onepiece-cardgame.com/images/cardlist/card/OP13-093.png?260305,3865,5744,4573,HIGH,exact_code_plus_base_flag,4573,657370,Morgans,Morgans,OP13-093,C,,tcgcsv,4400,4573,0.01,0.1,8.04,0.04,,,2026-04-02 03:06:20,tcgcsv,OP13-093,1,1,1,0,1,0,missing_tcgplayer_product_id_only,price_via_chain_tcgplayer_id_missing
1775,OP13-094,York,C,,5746,1775,OP13-094,,base,Base,official-cardlist,OP13/base/OP13-094.png,https://en.onepiece-cardgame.com/images/cardlist/card/OP13-094.png?260305,3866,5746,4574,HIGH,exact_code_plus_base_flag,4574,657371,York,York,OP13-094,C,,tcgcsv,4401,4574,0.01,0.1,8.03,0.03,,,2026-04-02 03:06:20,tcgcsv,OP13-094,1,1,1,0,1,0,missing_tcgplayer_product_id_only,price_via_chain_tcgplayer_id_missing
1776,OP13-095,Saint Rosward,C,,5748,1776,OP13-095,,base,Base,official-cardlist,OP13/base/OP13-095.png,https://en.onepiece-cardgame.com/images/cardlist/card/OP13-095.png?260305,3867,5748,4575,HIGH,exact_code_plus_base_flag,4575,657372,Saint Rosward,Saint Rosward,OP13-095,C,,tcgcsv,4402,4575,0.01,0.11,1.58,0.05,,,2026-04-02 03:06:20,tcgcsv,OP13-095,1,1,1,0,1,0,missing_tcgplayer_product_id_only,price_via_chain_tcgplayer_id_missing
1777,OP13-096,The Five Elders Are at Your Service!!!,R,,5750,1777,OP13-096,,base,Base,official-cardlist,OP13/base/OP13-096.png,https://en.onepiece-cardgame.com/images/cardlist/card/OP13-096.png?260305,3868,5750,4576,HIGH,exact_code_plus_base_flag,4576,657373,The Five Elders Are at Your Service!!!,The Five Elders Are at Your Service,OP13-096,R,,tcgcsv,4403,4576,0.2,0.59,25.0,0.43,,,2026-04-02 03:06:20,tcgcsv,OP13-096,1,1,1,0,1,0,missing_tcgplayer_product_id_only,price_via_chain_tcgplayer_id_missing
1778,OP13-097,The World's Equilibrium Cannot Be Maintained Forever,C,,5752,1778,OP13-097,,base,Base,official-cardlist,OP13/base/OP13-097.png,https://en.onepiece-cardgame.com/images/cardlist/card/OP13-097.png?260305,3869,5752,4577,HIGH,exact_code_plus_base_flag,4577,657374,The World's Equilibrium Cannot Be Maintained Forever,The Worlds Equilibrium Cannot Be Maintained Forever,OP13-097,C,,tcgcsv,4404,4577,0.01,0.15,1.98,0.08,,,2026-04-02 03:06:20,tcgcsv,OP13-097,1,1,1,0,1,0,missing_tcgplayer_product_id_only,price_via_chain_tcgplayer_id_missing
1779,OP13-098,Never Existed... in the First Place...,UC,,5754,1779,OP13-098,,base,Base,official-cardlist,OP13/base/OP13-098.png,https://en.onepiece-cardgame.com/images/cardlist/card/OP13-098.png?260305,3870,5754,4578,HIGH,exact_code_plus_base_flag,4578,657375,Never Existed... in the First Place...,Never Existed in the First Place,OP13-098,UC,,tcgcsv,4405,4578,0.2,0.49,22.0,0.43,,,2026-04-02 03:06:20,tcgcsv,OP13-098,1,1,1,0,1,0,missing_tcgplayer_product_id_only,price_via_chain_tcgplayer_id_missing
1780,OP13-099,The Empty Throne,C,,5756,1780,OP13-099,,base,Base,official-cardlist,OP13/base/OP13-099.png,https://en.onepiece-cardgame.com/images/cardlist/card/OP13-099.png?260305,3871,5756,4579,HIGH,exact_code_plus_base_flag,4579,657376,The Empty Throne,The Empty Throne,OP13-099,C,,tcgcsv,4406,4579,0.01,0.14,1.58,0.04,,,2026-04-02 03:06:20,tcgcsv,OP13-099,1,1,1,0,1,0,missing_tcgplayer_product_id_only,price_via_chain_tcgplayer_id_missing
1781,OP13-100,Jewelry Bonney,L,,5758,1781,OP13-100,,base,Base,official-cardlist,OP13/base/OP13-100.png,https://en.onepiece-cardgame.com/images/cardlist/card/OP13-100.png?260305,3872,5758,4580,HIGH,exact_code_plus_base_flag,4580,657377,Jewelry Bonney (100),Jewelry Bonney 100,OP13-100,L,,tcgcsv,4407,4580,0.01,0.15,1.58,0.14,,,2026-04-02 03:06:20,tcgcsv,OP13-100,1,1,1,0,1,0,missing_tcgplayer_product_id_only,price_via_chain_tcgplayer_id_missing
1782,OP13-101,Atlas,UC,,5762,1782,OP13-101,,base,Base,official-cardlist,OP13/base/OP13-101.png,https://en.onepiece-cardgame.com/images/cardlist/card/OP13-101.png?260305,3874,5762,4582,HIGH,exact_code_plus_base_flag,4582,657379,Atlas,Atlas,OP13-101,UC,,tcgcsv,4409,4582,0.01,0.12,8.08,0.08,,,2026-04-02 03:06:20,tcgcsv,OP13-101,1,1,1,0,1,0,missing_tcgplayer_product_id_only,price_via_chain_tcgplayer_id_missing
1783,OP13-102,Edison,UC,,5764,1783,OP13-102,,base,Base,official-cardlist,OP13/base/OP13-102.png,https://en.onepiece-cardgame.com/images/cardlist/card/OP13-102.png?260305,3875,5764,4583,HIGH,exact_code_plus_base_flag,4583,657380,Edison,Edison,OP13-102,UC,,tcgcsv,4410,4583,0.01,0.12,8.06,0.06,,,2026-04-02 03:06:20,tcgcsv,OP13-102,1,1,1,0,1,0,missing_tcgplayer_product_id_only,price_via_chain_tcgplayer_id_missing
1784,OP13-103,Gyogyo,C,,5766,1784,OP13-103,,base,Base,official-cardlist,OP13/base/OP13-103.png,https://en.onepiece-cardgame.com/images/cardlist/card/OP13-103.png?260305,3876,5766,4584,HIGH,exact_code_plus_base_flag,4584,657381,Gyogyo,Gyogyo,OP13-103,C,,tcgcsv,4411,4584,0.01,0.1,8.02,0.02,,,2026-04-02 03:06:20,tcgcsv,OP13-103,1,1,1,0,1,0,missing_tcgplayer_product_id_only,price_via_chain_tcgplayer_id_missing
1785,OP13-104,Kouzuki Hiyori,R,,5768,1785,OP13-104,,base,Base,official-cardlist,OP13/base/OP13-104.png,https://en.onepiece-cardgame.com/images/cardlist/card/OP13-104.png?260305,3877,5768,4585,HIGH,exact_code_plus_base_flag,4585,657382,Kouzuki Hiyori,Kouzuki Hiyori,OP13-104,R,,tcgcsv,4412,4585,0.01,0.29,2.99,0.27,,,2026-04-02 03:06:20,tcgcsv,OP13-104,1,1,1,0,1,0,missing_tcgplayer_product_id_only,price_via_chain_tcgplayer_id_missing
1786,OP13-105,Kouzuki Momonosuke,C,,5770,1786,OP13-105,,base,Base,official-cardlist,OP13/base/OP13-105.png,https://en.onepiece-cardgame.com/images/cardlist/card/OP13-105.png?260305,3878,5770,4586,HIGH,exact_code_plus_base_flag,4586,657383,Kouzuki Momonosuke,Kouzuki Momonosuke,OP13-105,C,,tcgcsv,4413,4586,0.01,0.1,8.05,0.05,,,2026-04-02 03:06:20,tcgcsv,OP13-105,1,1,1,0,1,0,missing_tcgplayer_product_id_only,price_via_chain_tcgplayer_id_missing
1787,OP13-106,Conney,C,,5772,1787,OP13-106,,base,Base,official-cardlist,OP13/base/OP13-106.png,https://en.onepiece-cardgame.com/images/cardlist/card/OP13-106.png?260305,3879,5772,4587,HIGH,exact_code_plus_base_flag,4587,657384,Conney,Conney,OP13-106,C,,tcgcsv,4414,4587,0.01,0.1,8.04,0.03,,,2026-04-02 03:06:20,tcgcsv,OP13-106,1,1,1,0,1,0,missing_tcgplayer_product_id_only,price_via_chain_tcgplayer_id_missing
1788,OP13-107,Shaka,C,,5774,1788,OP13-107,,base,Base,official-cardlist,OP13/base/OP13-107.png,https://en.onepiece-cardgame.com/images/cardlist/card/OP13-107.png?260305,3880,5774,4588,HIGH,exact_code_plus_base_flag,4588,657385,Shaka,Shaka,OP13-107,C,,tcgcsv,4415,4588,0.01,0.1,8.07,0.07,,,2026-04-02 03:06:20,tcgcsv,OP13-107,1,1,1,0,1,0,missing_tcgplayer_product_id_only,price_via_chain_tcgplayer_id_missing
1789,OP13-108,Jewelry Bonney,SR,,5776,1789,OP13-108,,base,Base,official-cardlist,OP13/base/OP13-108.png,https://en.onepiece-cardgame.com/images/cardlist/card/OP13-108.png?260305,3881,5776,4589,HIGH,exact_code_plus_base_flag,4589,657386,Jewelry Bonney (108),Jewelry Bonney 108,OP13-108,SR,,tcgcsv,4416,4589,1.6,3.5,65.0,2.54,,,2026-04-02 03:06:20,tcgcsv,OP13-108,1,1,1,0,1,0,missing_tcgplayer_product_id_only,price_via_chain_tcgplayer_id_missing
1790,OP13-109,Jewelry Bonney,UC,,5781,1790,OP13-109,,base,Base,official-cardlist,OP13/base/OP13-109.png,https://en.onepiece-cardgame.com/images/cardlist/card/OP13-109.png?260305,3883,5781,4591,HIGH,exact_code_plus_base_flag,4591,657388,Jewelry Bonney (109),Jewelry Bonney 109,OP13-109,UC,,tcgcsv,4418,4591,0.01,0.12,1.49,0.07,,,2026-04-02 03:06:20,tcgcsv,OP13-109,1,1,1,0,1,0,missing_tcgplayer_product_id_only,price_via_chain_tcgplayer_id_missing
1791,OP13-110,Stussy,SR,,5783,1791,OP13-110,,base,Base,official-cardlist,OP13/base/OP13-110.png,https://en.onepiece-cardgame.com/images/cardlist/card/OP13-110.png?260305,3884,5783,4592,HIGH,exact_code_plus_base_flag,4592,657389,Stussy,Stussy,OP13-110,SR,,tcgcsv,4419,4592,0.04,0.56,99.9,0.45,,,2026-04-02 03:06:20,tcgcsv,OP13-110,1,1,1,0,1,0,missing_tcgplayer_product_id_only,price_via_chain_tcgplayer_id_missing
1792,OP13-111,Pythagoras,UC,,5787,1792,OP13-111,,base,Base,official-cardlist,OP13/base/OP13-111.png,https://en.onepiece-cardgame.com/images/cardlist/card/OP13-111.png?260305,3886,5787,4594,HIGH,exact_code_plus_base_flag,4594,657391,Pythagoras,Pythagoras,OP13-111,UC,,tcgcsv,4421,4594,0.01,0.12,8.08,0.08,,,2026-04-02 03:06:20,tcgcsv,OP13-111,1,1,1,0,1,0,missing_tcgplayer_product_id_only,price_via_chain_tcgplayer_id_missing
1793,OP13-112,Vegapunk,C,,5789,1793,OP13-112,,base,Base,official-cardlist,OP13/base/OP13-112.png,https://en.onepiece-cardgame.com/images/cardlist/card/OP13-112.png?260305,3887,5789,4595,HIGH,exact_code_plus_base_flag,4595,657392,Vegapunk,Vegapunk,OP13-112,C,,tcgcsv,4422,4595,0.01,0.1,8.06,0.06,,,2026-04-02 03:06:20,tcgcsv,OP13-112,1,1,1,0,1,0,missing_tcgplayer_product_id_only,price_via_chain_tcgplayer_id_missing
1794,OP13-113,Lilith,R,,5791,1794,OP13-113,,base,Base,official-cardlist,OP13/base/OP13-113.png,https://en.onepiece-cardgame.com/images/cardlist/card/OP13-113.png?260305,3888,5791,4596,HIGH,exact_code_plus_base_flag,4596,657393,Lilith,Lilith,OP13-113,R,,tcgcsv,4423,4596,0.1,0.59,6.0,0.34,,,2026-04-02 03:06:20,tcgcsv,OP13-113,1,1,1,0,1,0,missing_tcgplayer_product_id_only,price_via_chain_tcgplayer_id_missing
1795,OP13-114,S-Snake,R,,5795,1795,OP13-114,,base,Base,official-cardlist,OP13/base/OP13-114.png,https://en.onepiece-cardgame.com/images/cardlist/card/OP13-114.png?260305,3890,5795,4598,HIGH,exact_code_plus_base_flag,4598,657395,S-Snake,S Snake,OP13-114,R,,tcgcsv,4425,4598,0.01,0.21,2.74,0.15,,,2026-04-02 03:06:20,tcgcsv,OP13-114,1,1,1,0,1,0,missing_tcgplayer_product_id_only,price_via_chain_tcgplayer_id_missing
1796,OP13-115,Paper Art Afterimage,C,,5799,1796,OP13-115,,base,Base,official-cardlist,OP13/base/OP13-115.png,https://en.onepiece-cardgame.com/images/cardlist/card/OP13-115.png?260305,3892,5799,4600,HIGH,exact_code_plus_base_flag,4600,657397,Paper Art Afterimage,Paper Art Afterimage,OP13-115,C,,tcgcsv,4427,4600,0.01,0.1,25.0,0.06,,,2026-04-02 03:06:20,tcgcsv,OP13-115,1,1,1,0,1,0,missing_tcgplayer_product_id_only,price_via_chain_tcgplayer_id_missing
1797,OP13-116,The One Who Is the Most Free Is the Pirate King!!!,UC,,5801,1797,OP13-116,,base,Base,official-cardlist,OP13/base/OP13-116.png,https://en.onepiece-cardgame.com/images/cardlist/card/OP13-116.png?260305,3893,5801,4601,HIGH,exact_code_plus_base_flag,4601,657398,The One Who Is the Most Free Is the Pirate King!!!,The One Who Is the Most Free Is the Pirate King,OP13-116,UC,,tcgcsv,4428,4601,0.01,0.12,30.0,0.09,,,2026-04-02 03:06:20,tcgcsv,OP13-116,1,1,1,0,1,0,missing_tcgplayer_product_id_only,price_via_chain_tcgplayer_id_missing
1798,OP13-117,Gum-Gum Dawn Stamp,R,,5803,1798,OP13-117,,base,Base,official-cardlist,OP13/base/OP13-117.png,https://en.onepiece-cardgame.com/images/cardlist/card/OP13-117.png?260305,3894,5803,4602,HIGH,exact_code_plus_base_flag,4602,657399,Gum-Gum Dawn Stamp,Gum Gum Dawn Stamp,OP13-117,R,,tcgcsv,4429,4602,0.01,0.15,3.75,0.11,,,2026-04-02 03:06:20,tcgcsv,OP13-117,1,1,1,0,1,0,missing_tcgplayer_product_id_only,price_via_chain_tcgplayer_id_missing
1799,OP13-118,Monkey.D.Luffy,SEC,,5805,1799,OP13-118,,base,Base,official-cardlist,OP13/base/OP13-118.png,https://en.onepiece-cardgame.com/images/cardlist/card/OP13-118.png?260305,1456,5805,1937,HIGH,exact_code_plus_base_flag,1937,686279,Monkey.D.Luffy (Treasure Cup March 2026),MonkeyDLuffy Treasure Cup March 2026,OP13-118,SEC,,tcgcsv,,,,,,,,,,,OP13-118,1,1,1,0,1,0,missing_tcgplayer_product_id_only,price_via_chain_tcgplayer_id_missing
1800,OP13-119,Portgas.D.Ace,SEC,,5816,1800,OP13-119,,base,Base,official-cardlist,OP13/base/OP13-119.png,https://en.onepiece-cardgame.com/images/cardlist/card/OP13-119.png?260305,1448,5816,1927,HIGH,exact_code_plus_base_flag,1927,682929,Portgas.D.Ace (119) (Store Treasure Cup 2026),PortgasDAce 119 Store Treasure Cup 2026,OP13-119,SEC,,tcgcsv,1751,1927,132.0,175.0,9999.0,175.0,,,2026-04-02 03:06:17,tcgcsv,OP13-119,1,1,1,0,1,0,missing_tcgplayer_product_id_only,price_via_chain_tcgplayer_id_missing
1801,OP13-120,Sabo,SEC,,5827,1801,OP13-120,,base,Base,official-cardlist,OP13/base/OP13-120.png,https://en.onepiece-cardgame.com/images/cardlist/card/OP13-120.png?260305,1324,5827,1779,HIGH,exact_code_plus_base_flag,1779,657113,Sabo (Store Treasure Cup 2025),Sabo Store Treasure Cup 2025,OP13-120,SEC,,tcgcsv,1627,1779,889.99,962.49,2999.99,420.75,,,2026-04-02 03:06:17,tcgcsv,OP13-120,1,1,1,0,1,0,missing_tcgplayer_product_id_only,price_via_chain_tcgplayer_id_missing
1802,OP14-001,Trafalgar Law,L,,5838,1802,OP14-001,,base,Base,official-cardlist,OP14/base/OP14-001.png,https://en.onepiece-cardgame.com/images/cardlist/card/OP14-001.png?260305,4264,5838,5042,HIGH,exact_code_plus_base_flag,5042,666518,Trafalgar Law - OP14-001,Trafalgar Law OP14 001,OP14-001,L,,tcgcsv,4900,5042,0.01,0.15,10.14,0.09,,,2026-04-02 03:06:21,tcgcsv,OP14-001,1,1,1,0,1,0,missing_tcgplayer_product_id_only,price_via_chain_tcgplayer_id_missing
1803,OP14-002,Urouge,UC,,5842,1803,OP14-002,,base,Base,official-cardlist,OP14/base/OP14-002.png,https://en.onepiece-cardgame.com/images/cardlist/card/OP14-002.png?260305,4353,5842,5135,HIGH,exact_code_plus_base_flag,5135,671349,Urouge,Urouge,OP14-002,UC,,tcgcsv,4993,5135,0.01,0.13,1.33,0.05,,,2026-04-02 03:06:21,tcgcsv,OP14-002,1,1,1,0,1,0,missing_tcgplayer_product_id_only,price_via_chain_tcgplayer_id_missing
1804,OP14-003,"Capone""Gang""Bege",C,,5844,1804,OP14-003,,base,Base,official-cardlist,OP14/base/OP14-003.png,https://en.onepiece-cardgame.com/images/cardlist/card/OP14-003.png?260305,4354,5844,5136,HIGH,exact_code_plus_base_flag,5136,671350,"Capone""Gang""Bege",CaponeGangBege,OP14-003,C,,tcgcsv,4994,5136,0.01,0.1,10.09,0.05,,,2026-04-02 03:06:21,tcgcsv,OP14-003,1,1,1,0,1,0,missing_tcgplayer_product_id_only,price_via_chain_tcgplayer_id_missing
1805,OP14-004,Cavendish,UC,,5846,1805,OP14-004,,base,Base,official-cardlist,OP14/base/OP14-004.png,https://en.onepiece-cardgame.com/images/cardlist/card/OP14-004.png?260305,4355,5846,5137,HIGH,exact_code_plus_base_flag,5137,671351,Cavendish,Cavendish,OP14-004,UC,,tcgcsv,4995,5137,0.01,0.13,10.12,0.1,,,2026-04-02 03:06:21,tcgcsv,OP14-004,1,1,1,0,1,0,missing_tcgplayer_product_id_only,price_via_chain_tcgplayer_id_missing
1806,OP14-005,Killer,C,,5848,1806,OP14-005,,base,Base,official-cardlist,OP14/base/OP14-005.png,https://en.onepiece-cardgame.com/images/cardlist/card/OP14-005.png?260305,4356,5848,5138,HIGH,exact_code_plus_base_flag,5138,671352,Killer,Killer,OP14-005,C,,tcgcsv,4996,5138,0.01,0.13,10.11,0.1,,,2026-04-02 03:06:21,tcgcsv,OP14-005,1,1,1,0,1,0,missing_tcgplayer_product_id_only,price_via_chain_tcgplayer_id_missing
1807,OP14-006,Shachi & Penguin,C,,5850,1807,OP14-006,,base,Base,official-cardlist,OP14/base/OP14-006.png,https://en.onepiece-cardgame.com/images/cardlist/card/OP14-006.png?260305,4357,5850,5139,HIGH,exact_code_plus_base_flag,5139,671353,Shachi & Penguin,Shachi and Penguin,OP14-006,C,,tcgcsv,4997,5139,0.01,0.1,10.1,0.04,,,2026-04-02 03:06:21,tcgcsv,OP14-006,1,1,1,0,1,0,missing_tcgplayer_product_id_only,price_via_chain_tcgplayer_id_missing
1808,OP14-007,Jewelry Bonney,C,,5852,1808,OP14-007,,base,Base,official-cardlist,OP14/base/OP14-007.png,https://en.onepiece-cardgame.com/images/cardlist/card/OP14-007.png?260305,4358,5852,5140,HIGH,exact_code_plus_base_flag,5140,671354,Jewelry Bonney,Jewelry Bonney,OP14-007,C,,tcgcsv,4998,5140,0.01,0.11,11.25,0.08,,,2026-04-02 03:06:21,tcgcsv,OP14-007,1,1,1,0,1,0,missing_tcgplayer_product_id_only,price_via_chain_tcgplayer_id_missing
1809,OP14-008,Scratchmen Apoo,C,,5854,1809,OP14-008,,base,Base,official-cardlist,OP14/base/OP14-008.png,https://en.onepiece-cardgame.com/images/cardlist/card/OP14-008.png?260305,4359,5854,5141,HIGH,exact_code_plus_base_flag,5141,671355,Scratchmen Apoo,Scratchmen Apoo,OP14-008,C,,tcgcsv,4999,5141,0.01,0.1,10.09,0.07,,,2026-04-02 03:06:21,tcgcsv,OP14-008,1,1,1,0,1,0,missing_tcgplayer_product_id_only,price_via_chain_tcgplayer_id_missing
1810,OP14-009,Trafalgar Law,SR,,5856,1810,OP14-009,,base,Base,official-cardlist,OP14/base/OP14-009.png,https://en.onepiece-cardgame.com/images/cardlist/card/OP14-009.png?260305,4300,5856,5082,HIGH,exact_code_plus_base_flag,5082,668636,Trafalgar Law - OP14-009,Trafalgar Law OP14 009,OP14-009,SR,,tcgcsv,4940,5082,0.01,1.0,99.9,0.53,,,2026-04-02 03:06:21,tcgcsv,OP14-009,1,1,1,0,1,0,missing_tcgplayer_product_id_only,price_via_chain_tcgplayer_id_missing
1811,OP14-010,Basil Hawkins,UC,,5860,1811,OP14-010,,base,Base,official-cardlist,OP14/base/OP14-010.png,https://en.onepiece-cardgame.com/images/cardlist/card/OP14-010.png?260305,4360,5860,5142,HIGH,exact_code_plus_base_flag,5142,671356,Basil Hawkins,Basil Hawkins,OP14-010,UC,,tcgcsv,5000,5142,0.01,0.14,2.0,0.07,,,2026-04-02 03:06:21,tcgcsv,OP14-010,1,1,1,0,1,0,missing_tcgplayer_product_id_only,price_via_chain_tcgplayer_id_missing
1812,OP14-011,Bartolomeo,UC,,5862,1812,OP14-011,,base,Base,official-cardlist,OP14/base/OP14-011.png,https://en.onepiece-cardgame.com/images/cardlist/card/OP14-011.png?260305,4361,5862,5143,HIGH,exact_code_plus_base_flag,5143,671357,Bartolomeo,Bartolomeo,OP14-011,UC,,tcgcsv,5001,5143,0.01,0.13,10.1,0.09,,,2026-04-02 03:06:21,tcgcsv,OP14-011,1,1,1,0,1,0,missing_tcgplayer_product_id_only,price_via_chain_tcgplayer_id_missing
1813,OP14-012,Bepo,C,,5864,1813,OP14-012,,base,Base,official-cardlist,OP14/base/OP14-012.png,https://en.onepiece-cardgame.com/images/cardlist/card/OP14-012.png?260305,4362,5864,5144,HIGH,exact_code_plus_base_flag,5144,671358,Bepo,Bepo,OP14-012,C,,tcgcsv,5002,5144,0.01,0.1,10.11,0.05,,,2026-04-02 03:06:21,tcgcsv,OP14-012,1,1,1,0,1,0,missing_tcgplayer_product_id_only,price_via_chain_tcgplayer_id_missing
1814,OP14-013,Monkey.D.Luffy,SR,,5866,1814,OP14-013,,base,Base,official-cardlist,OP14/base/OP14-013.png,https://en.onepiece-cardgame.com/images/cardlist/card/OP14-013.png?260305,4266,5866,5044,HIGH,exact_code_plus_base_flag,5044,666520,Monkey.D.Luffy - OP14-013,MonkeyDLuffy OP14 013,OP14-013,SR,,tcgcsv,4902,5044,0.25,1.09,20.0,0.53,,,2026-04-02 03:06:21,tcgcsv,OP14-013,1,1,1,0,1,0,missing_tcgplayer_product_id_only,price_via_chain_tcgplayer_id_missing
1815,OP14-014,"Eustass""Captain""Kid",R,,5870,1815,OP14-014,,base,Base,official-cardlist,OP14/base/OP14-014.png,https://en.onepiece-cardgame.com/images/cardlist/card/OP14-014.png?260305,4363,5870,5145,HIGH,exact_code_plus_base_flag,5145,671359,"Eustass""Captain""Kid - OP14-014",EustassCaptainKid OP14 014,OP14-014,R,,tcgcsv,5003,5145,0.01,0.2,10.0,0.12,,,2026-04-02 03:06:21,tcgcsv,OP14-014,1,1,1,0,1,0,missing_tcgplayer_product_id_only,price_via_chain_tcgplayer_id_missing
1816,OP14-015,Roronoa Zoro,R,,5873,1816,OP14-015,,base,Base,official-cardlist,OP14/base/OP14-015.png,https://en.onepiece-cardgame.com/images/cardlist/card/OP14-015.png?260305,4318,5873,5100,HIGH,exact_code_plus_base_flag,5100,670250,Roronoa Zoro - OP14-015 (Alternate Art),Roronoa Zoro OP14 015 Alternate Art,OP14-015,R,,tcgcsv,4958,5100,7.89,11.09,60.0,9.26,,,2026-04-02 03:06:21,tcgcsv,OP14-015,1,1,1,0,1,0,missing_tcgplayer_product_id_only,price_via_chain_tcgplayer_id_missing
1817,OP14-016,X.Drake,R,,5877,1817,OP14-016,,base,Base,official-cardlist,OP14/base/OP14-016.png,https://en.onepiece-cardgame.com/images/cardlist/card/OP14-016.png?260305,4364,5877,5146,HIGH,exact_code_plus_base_flag,5146,671360,X.Drake,XDrake,OP14-016,R,,tcgcsv,5004,5146,0.01,0.3,10.37,0.23,,,2026-04-02 03:06:21,tcgcsv,OP14-016,1,1,1,0,1,0,missing_tcgplayer_product_id_only,price_via_chain_tcgplayer_id_missing
1818,OP14-017,Chambres,C,,5879,1818,OP14-017,,base,Base,official-cardlist,OP14/base/OP14-017.png,https://en.onepiece-cardgame.com/images/cardlist/card/OP14-017.png?260305,4365,5879,5147,HIGH,exact_code_plus_base_flag,5147,671361,Chambres,Chambres,OP14-017,C,,tcgcsv,5005,5147,0.01,0.11,10.11,0.07,,,2026-04-02 03:06:21,tcgcsv,OP14-017,1,1,1,0,1,0,missing_tcgplayer_product_id_only,price_via_chain_tcgplayer_id_missing
1819,OP14-018,Time for the Counterattack,R,,5881,1819,OP14-018,,base,Base,official-cardlist,OP14/base/OP14-018.png,https://en.onepiece-cardgame.com/images/cardlist/card/OP14-018.png?260305,4366,5881,5148,HIGH,exact_code_plus_base_flag,5148,671362,Time for the Counterattack,Time for the Counterattack,OP14-018,R,,tcgcsv,5006,5148,0.02,0.2,10.19,0.13,,,2026-04-02 03:06:21,tcgcsv,OP14-018,1,1,1,0,1,0,missing_tcgplayer_product_id_only,price_via_chain_tcgplayer_id_missing
1820,OP14-019,I Have a Plan to Take Down One of the Four Emperors!!,UC,,5883,1820,OP14-019,,base,Base,official-cardlist,OP14/base/OP14-019.png,https://en.onepiece-cardgame.com/images/cardlist/card/OP14-019.png?260305,4367,5883,5149,HIGH,exact_code_plus_base_flag,5149,671363,I Have a Plan to Take Down One of the Four Emperors!!,I Have a Plan to Take Down One of the Four Emperors,OP14-019,UC,,tcgcsv,5007,5149,0.01,0.15,1.43,0.13,,,2026-04-02 03:06:21,tcgcsv,OP14-019,1,1,1,0,1,0,missing_tcgplayer_product_id_only,price_via_chain_tcgplayer_id_missing
1821,OP14-020,Dracule Mihawk,L,,5885,1821,OP14-020,,base,Base,official-cardlist,OP14/base/OP14-020.png,https://en.onepiece-cardgame.com/images/cardlist/card/OP14-020.png?260305,4268,5885,5046,HIGH,exact_code_plus_base_flag,5046,666524,Dracule Mihawk - OP14-020,Dracule Mihawk OP14 020,OP14-020,L,,tcgcsv,4904,5046,0.01,0.21,2.0,0.2,,,2026-04-02 03:06:21,tcgcsv,OP14-020,1,1,1,0,1,0,missing_tcgplayer_product_id_only,price_via_chain_tcgplayer_id_missing
1822,OP14-021,Issho,C,,5889,1822,OP14-021,,base,Base,official-cardlist,OP14/base/OP14-021.png,https://en.onepiece-cardgame.com/images/cardlist/card/OP14-021.png?260305,4368,5889,5150,HIGH,exact_code_plus_base_flag,5150,671364,Issho - OP14-021,Issho OP14 021,OP14-021,C,,tcgcsv,5008,5150,0.01,0.1,10.06,0.06,,,2026-04-02 03:06:21,tcgcsv,OP14-021,1,1,1,0,1,0,missing_tcgplayer_product_id_only,price_via_chain_tcgplayer_id_missing
1823,OP14-022,Usopp,UC,,5891,1823,OP14-022,,base,Base,official-cardlist,OP14/base/OP14-022.png,https://en.onepiece-cardgame.com/images/cardlist/card/OP14-022.png?260305,4369,5891,5151,HIGH,exact_code_plus_base_flag,5151,671365,Usopp,Usopp,OP14-022,UC,,tcgcsv,5009,5151,0.01,0.15,1.45,0.14,,,2026-04-02 03:06:21,tcgcsv,OP14-022,1,1,1,0,1,0,missing_tcgplayer_product_id_only,price_via_chain_tcgplayer_id_missing
1824,OP14-023,Kikunojo,R,,5893,1824,OP14-023,,base,Base,official-cardlist,OP14/base/OP14-023.png,https://en.onepiece-cardgame.com/images/cardlist/card/OP14-023.png?260305,4370,5893,5152,HIGH,exact_code_plus_base_flag,5152,671366,Kikunojo - OP14-023,Kikunojo OP14 023,OP14-023,R,,tcgcsv,5010,5152,0.15,0.5,9.95,0.37,,,2026-04-02 03:06:21,tcgcsv,OP14-023,1,1,1,0,1,0,missing_tcgplayer_product_id_only,price_via_chain_tcgplayer_id_missing
1825,OP14-024,Kin'emon,C,,5896,1825,OP14-024,,base,Base,official-cardlist,OP14/base/OP14-024.png,https://en.onepiece-cardgame.com/images/cardlist/card/OP14-024.png?260305,4371,5896,5153,HIGH,exact_code_plus_base_flag,5153,671367,Kin'emon,Kinemon,OP14-024,C,,tcgcsv,5011,5153,0.01,0.13,15.0,0.08,,,2026-04-02 03:06:21,tcgcsv,OP14-024,1,1,1,0,1,0,missing_tcgplayer_product_id_only,price_via_chain_tcgplayer_id_missing
1826,OP14-025,Kuro,C,,5898,1826,OP14-025,,base,Base,official-cardlist,OP14/base/OP14-025.png,https://en.onepiece-cardgame.com/images/cardlist/card/OP14-025.png?260305,4372,5898,5154,HIGH,exact_code_plus_base_flag,5154,671368,Kuro,Kuro,OP14-025,C,,tcgcsv,5012,5154,0.01,0.1,10.07,0.07,,,2026-04-02 03:06:21,tcgcsv,OP14-025,1,1,1,0,1,0,missing_tcgplayer_product_id_only,price_via_chain_tcgplayer_id_missing
1827,OP14-026,Kouzuki Oden,UC,,5900,1827,OP14-026,,base,Base,official-cardlist,OP14/base/OP14-026.png,https://en.onepiece-cardgame.com/images/cardlist/card/OP14-026.png?260305,4373,5900,5155,HIGH,exact_code_plus_base_flag,5155,671369,Kouzuki Oden,Kouzuki Oden,OP14-026,UC,,tcgcsv,5013,5155,0.01,0.15,1.39,0.12,,,2026-04-02 03:06:21,tcgcsv,OP14-026,1,1,1,0,1,0,missing_tcgplayer_product_id_only,price_via_chain_tcgplayer_id_missing
1828,OP14-027,Shanks,R,,5902,1828,OP14-027,,base,Base,official-cardlist,OP14/base/OP14-027.png,https://en.onepiece-cardgame.com/images/cardlist/card/OP14-027.png?260305,4322,5902,5104,HIGH,exact_code_plus_base_flag,5104,670255,Shanks (Alternate Art),Shanks Alternate Art,OP14-027,R,,tcgcsv,4962,5104,14.68,21.59,64.99,16.28,,,2026-04-02 03:06:21,tcgcsv,OP14-027,1,1,1,0,1,0,missing_tcgplayer_product_id_only,price_via_chain_tcgplayer_id_missing
1829,OP14-028,Johnny,C,,5906,1829,OP14-028,,base,Base,official-cardlist,OP14/base/OP14-028.png,https://en.onepiece-cardgame.com/images/cardlist/card/OP14-028.png?260305,4375,5906,5157,HIGH,exact_code_plus_base_flag,5157,671371,Johnny,Johnny,OP14-028,C,,tcgcsv,5015,5157,0.01,0.1,10.07,0.05,,,2026-04-02 03:06:21,tcgcsv,OP14-028,1,1,1,0,1,0,missing_tcgplayer_product_id_only,price_via_chain_tcgplayer_id_missing
1830,OP14-029,Tashigi,R,,5908,1830,OP14-029,,base,Base,official-cardlist,OP14/base/OP14-029.png,https://en.onepiece-cardgame.com/images/cardlist/card/OP14-029.png?260305,4376,5908,5158,HIGH,exact_code_plus_base_flag,5158,671372,Tashigi,Tashigi,OP14-029,R,,tcgcsv,5016,5158,0.12,0.54,99.0,0.39,,,2026-04-02 03:06:21,tcgcsv,OP14-029,1,1,1,0,1,0,missing_tcgplayer_product_id_only,price_via_chain_tcgplayer_id_missing
1831,OP14-030,Chaka & Pell,C,,5911,1831,OP14-030,,base,Base,official-cardlist,OP14/base/OP14-030.png,https://en.onepiece-cardgame.com/images/cardlist/card/OP14-030.png?260305,4377,5911,5159,HIGH,exact_code_plus_base_flag,5159,671373,Chaka & Pell - OP14-030,Chaka and Pell OP14 030,OP14-030,C,,tcgcsv,5017,5159,0.01,0.1,10.09,0.04,,,2026-04-02 03:06:21,tcgcsv,OP14-030,1,1,1,0,1,0,missing_tcgplayer_product_id_only,price_via_chain_tcgplayer_id_missing
1832,OP14-031,Nami,SR,,5913,1832,OP14-031,,base,Base,official-cardlist,OP14/base/OP14-031.png,https://en.onepiece-cardgame.com/images/cardlist/card/OP14-031.png?260305,4320,5913,5102,HIGH,exact_code_plus_base_flag,5102,670252,Nami,Nami,OP14-031,SR,,tcgcsv,4960,5102,3.0,5.0,99.9,4.75,,,2026-04-02 03:06:21,tcgcsv,OP14-031,1,1,1,0,1,0,missing_tcgplayer_product_id_only,price_via_chain_tcgplayer_id_missing
1833,OP14-032,Humandrill,UC,,5917,1833,OP14-032,,base,Base,official-cardlist,OP14/base/OP14-032.png,https://en.onepiece-cardgame.com/images/cardlist/card/OP14-032.png?260305,4378,5917,5160,HIGH,exact_code_plus_base_flag,5160,671374,Humandrill,Humandrill,OP14-032,UC,,tcgcsv,5018,5160,0.01,0.15,10.12,0.12,,,2026-04-02 03:06:21,tcgcsv,OP14-032,1,1,1,0,1,0,missing_tcgplayer_product_id_only,price_via_chain_tcgplayer_id_missing
1834,OP14-033,Perona,SR,,5919,1834,OP14-033,,base,Base,official-cardlist,OP14/base/OP14-033.png,https://en.onepiece-cardgame.com/images/cardlist/card/OP14-033.png?260305,4270,5919,5048,HIGH,exact_code_plus_base_flag,5048,666526,Perona - OP14-033,Perona OP14 033,OP14-033,SR,,tcgcsv,4906,5048,1.32,3.99,15.0,2.29,,,2026-04-02 03:06:21,tcgcsv,OP14-033,1,1,1,0,1,0,missing_tcgplayer_product_id_only,price_via_chain_tcgplayer_id_missing
1835,OP14-034,Monkey.D.Luffy,R,,5923,1835,OP14-034,,base,Base,official-cardlist,OP14/base/OP14-034.png,https://en.onepiece-cardgame.com/images/cardlist/card/OP14-034.png?260305,4379,5923,5161,HIGH,exact_code_plus_base_flag,5161,671375,Monkey.D.Luffy - OP14-34,MonkeyDLuffy OP14 34,OP14-034,R,,tcgcsv,5019,5161,0.01,0.25,10.24,0.17,,,2026-04-02 03:06:21,tcgcsv,OP14-034,1,1,1,0,1,0,missing_tcgplayer_product_id_only,price_via_chain_tcgplayer_id_missing
1836,OP14-035,Yosaku,C,,5925,1836,OP14-035,,base,Base,official-cardlist,OP14/base/OP14-035.png,https://en.onepiece-cardgame.com/images/cardlist/card/OP14-035.png?260305,4380,5925,5162,HIGH,exact_code_plus_base_flag,5162,671376,Yosaku,Yosaku,OP14-035,C,,tcgcsv,5020,5162,0.01,0.1,10.06,0.06,,,2026-04-02 03:06:21,tcgcsv,OP14-035,1,1,1,0,1,0,missing_tcgplayer_product_id_only,price_via_chain_tcgplayer_id_missing
1837,OP14-036,"Strive to Surpass me, Roronoa Zoro!!!",C,,5927,1837,OP14-036,,base,Base,official-cardlist,OP14/base/OP14-036.png,https://en.onepiece-cardgame.com/images/cardlist/card/OP14-036.png?260305,4381,5927,5163,HIGH,exact_code_plus_base_flag,5163,671377,"Strive to Surpass me, Roronoa Zoro!!!",Strive to Surpass me Roronoa Zoro,OP14-036,C,,tcgcsv,5021,5163,0.01,0.15,10.08,0.14,,,2026-04-02 03:06:21,tcgcsv,OP14-036,1,1,1,0,1,0,missing_tcgplayer_product_id_only,price_via_chain_tcgplayer_id_missing
1838,OP14-037,For Fun,R,,5929,1838,OP14-037,,base,Base,official-cardlist,OP14/base/OP14-037.png,https://en.onepiece-cardgame.com/images/cardlist/card/OP14-037.png?260305,4382,5929,5164,HIGH,exact_code_plus_base_flag,5164,671378,For Fun,For Fun,OP14-037,R,,tcgcsv,5022,5164,0.01,0.2,2.16,0.15,,,2026-04-02 03:06:21,tcgcsv,OP14-037,1,1,1,0,1,0,missing_tcgplayer_product_id_only,price_via_chain_tcgplayer_id_missing
1839,OP14-038,I Never Bother to Remember the Faces of Trash,UC,,5931,1839,OP14-038,,base,Base,official-cardlist,OP14/base/OP14-038.png,https://en.onepiece-cardgame.com/images/cardlist/card/OP14-038.png?260305,4383,5931,5165,HIGH,exact_code_plus_base_flag,5165,671379,I Never Bother to Remember the Faces of Trash,I Never Bother to Remember the Faces of Trash,OP14-038,UC,,tcgcsv,5023,5165,0.01,0.15,10.12,0.09,,,2026-04-02 03:06:21,tcgcsv,OP14-038,1,1,1,0,1,0,missing_tcgplayer_product_id_only,price_via_chain_tcgplayer_id_missing
1840,OP14-039,Coffin Boat,UC,,5933,1840,OP14-039,,base,Base,official-cardlist,OP14/base/OP14-039.png,https://en.onepiece-cardgame.com/images/cardlist/card/OP14-039.png?260305,4384,5933,5166,HIGH,exact_code_plus_base_flag,5166,671380,Coffin Boat,Coffin Boat,OP14-039,UC,,tcgcsv,5024,5166,0.01,0.16,10.12,0.16,,,2026-04-02 03:06:21,tcgcsv,OP14-039,1,1,1,0,1,0,missing_tcgplayer_product_id_only,price_via_chain_tcgplayer_id_missing
1841,OP14-040,Jinbe,L,,5935,1841,OP14-040,,base,Base,official-cardlist,OP14/base/OP14-040.png,https://en.onepiece-cardgame.com/images/cardlist/card/OP14-040.png?260305,4296,5935,5078,HIGH,exact_code_plus_base_flag,5078,668568,Jinbe - OP14-040,Jinbe OP14 040,OP14-040,L,,tcgcsv,4936,5078,0.01,0.18,2.73,0.12,,,2026-04-02 03:06:21,tcgcsv,OP14-040,1,1,1,0,1,0,missing_tcgplayer_product_id_only,price_via_chain_tcgplayer_id_missing
1842,OP14-041,Boa Hancock,L,,5939,1842,OP14-041,,base,Base,official-cardlist,OP14/base/OP14-041.png,https://en.onepiece-cardgame.com/images/cardlist/card/OP14-041.png?260305,4289,5939,5071,HIGH,exact_code_plus_base_flag,5071,668333,Boa Hancock - OP14-041,Boa Hancock OP14 041,OP14-041,L,,tcgcsv,4929,5071,0.01,0.25,10.57,0.17,,,2026-04-02 03:06:21,tcgcsv,OP14-041,1,1,1,0,1,0,missing_tcgplayer_product_id_only,price_via_chain_tcgplayer_id_missing
1843,OP14-042,Arlong,R,,5943,1843,OP14-042,,base,Base,official-cardlist,OP14/base/OP14-042.png,https://en.onepiece-cardgame.com/images/cardlist/card/OP14-042.png?260305,4324,5943,5106,HIGH,exact_code_plus_base_flag,5106,670597,Arlong (Alternate Art),Arlong Alternate Art,OP14-042,R,,tcgcsv,4964,5106,0.1,5.59,50.0,4.23,,,2026-04-02 03:06:21,tcgcsv,OP14-042,1,1,1,0,1,0,missing_tcgplayer_product_id_only,price_via_chain_tcgplayer_id_missing
1844,OP14-043,Aladine,R,,5947,1844,OP14-043,,base,Base,official-cardlist,OP14/base/OP14-043.png,https://en.onepiece-cardgame.com/images/cardlist/card/OP14-043.png?260305,4386,5947,5168,HIGH,exact_code_plus_base_flag,5168,671382,Aladine,Aladine,OP14-043,R,,tcgcsv,5026,5168,0.01,0.23,9.95,0.17,,,2026-04-02 03:06:21,tcgcsv,OP14-043,1,1,1,0,1,0,missing_tcgplayer_product_id_only,price_via_chain_tcgplayer_id_missing
1845,OP14-044,Edward.Newgate,C,,5950,1845,OP14-044,,base,Base,official-cardlist,OP14/base/OP14-044.png,https://en.onepiece-cardgame.com/images/cardlist/card/OP14-044.png?260305,4387,5950,5169,HIGH,exact_code_plus_base_flag,5169,671383,Edward.Newgate,EdwardNewgate,OP14-044,C,,tcgcsv,5027,5169,0.01,0.1,10.09,0.09,,,2026-04-02 03:06:21,tcgcsv,OP14-044,1,1,1,0,1,0,missing_tcgplayer_product_id_only,price_via_chain_tcgplayer_id_missing
1846,OP14-045,Kuroobi,UC,,5952,1846,OP14-045,,base,Base,official-cardlist,OP14/base/OP14-045.png,https://en.onepiece-cardgame.com/images/cardlist/card/OP14-045.png?260305,4388,5952,5170,HIGH,exact_code_plus_base_flag,5170,671384,Kuroobi,Kuroobi,OP14-045,UC,,tcgcsv,5028,5170,0.01,0.11,1.32,0.08,,,2026-04-02 03:06:21,tcgcsv,OP14-045,1,1,1,0,1,0,missing_tcgplayer_product_id_only,price_via_chain_tcgplayer_id_missing
1847,OP14-046,Koala,UC,,5954,1847,OP14-046,,base,Base,official-cardlist,OP14/base/OP14-046.png,https://en.onepiece-cardgame.com/images/cardlist/card/OP14-046.png?260305,4389,5954,5171,HIGH,exact_code_plus_base_flag,5171,671385,Koala,Koala,OP14-046,UC,,tcgcsv,5029,5171,0.01,0.15,10.14,0.09,,,2026-04-02 03:06:21,tcgcsv,OP14-046,1,1,1,0,1,0,missing_tcgplayer_product_id_only,price_via_chain_tcgplayer_id_missing
1848,OP14-047,Shirahoshi,R,,5956,1848,OP14-047,,base,Base,official-cardlist,OP14/base/OP14-047.png,https://en.onepiece-cardgame.com/images/cardlist/card/OP14-047.png?260305,4390,5956,5172,HIGH,exact_code_plus_base_flag,5172,671386,Shirahoshi,Shirahoshi,OP14-047,R,,tcgcsv,5030,5172,0.01,0.25,10.28,0.17,,,2026-04-02 03:06:21,tcgcsv,OP14-047,1,1,1,0,1,0,missing_tcgplayer_product_id_only,price_via_chain_tcgplayer_id_missing
1849,OP14-048,Shiryu,C,,5958,1849,OP14-048,,base,Base,official-cardlist,OP14/base/OP14-048.png,https://en.onepiece-cardgame.com/images/cardlist/card/OP14-048.png?260305,4391,5958,5173,HIGH,exact_code_plus_base_flag,5173,671387,Shiryu,Shiryu,OP14-048,C,,tcgcsv,5031,5173,0.01,0.1,29.0,0.05,,,2026-04-02 03:06:21,tcgcsv,OP14-048,1,1,1,0,1,0,missing_tcgplayer_product_id_only,price_via_chain_tcgplayer_id_missing
1850,OP14-049,Jinbe,SR,,5960,1850,OP14-049,,base,Base,official-cardlist,OP14/base/OP14-049.png,https://en.onepiece-cardgame.com/images/cardlist/card/OP14-049.png?260305,4298,5960,5080,HIGH,exact_code_plus_base_flag,5080,668570,Jinbe - OP14-049,Jinbe OP14 049,OP14-049,SR,,tcgcsv,4938,5080,0.01,1.44,99.9,0.95,,,2026-04-02 03:06:21,tcgcsv,OP14-049,1,1,1,0,1,0,missing_tcgplayer_product_id_only,price_via_chain_tcgplayer_id_missing
1851,OP14-050,Chew,UC,,5964,1851,OP14-050,,base,Base,official-cardlist,OP14/base/OP14-050.png,https://en.onepiece-cardgame.com/images/cardlist/card/OP14-050.png?260305,4392,5964,5174,HIGH,exact_code_plus_base_flag,5174,671388,Chew,Chew,OP14-050,UC,,tcgcsv,5032,5174,0.01,0.18,13.0,0.11,,,2026-04-02 03:06:21,tcgcsv,OP14-050,1,1,1,0,1,0,missing_tcgplayer_product_id_only,price_via_chain_tcgplayer_id_missing
1852,OP14-051,Hatchan,C,,5966,1852,OP14-051,,base,Base,official-cardlist,OP14/base/OP14-051.png,https://en.onepiece-cardgame.com/images/cardlist/card/OP14-051.png?260305,4393,5966,5175,HIGH,exact_code_plus_base_flag,5175,671389,Hatchan,Hatchan,OP14-051,C,,tcgcsv,5033,5175,0.01,0.11,10.12,0.06,,,2026-04-02 03:06:21,tcgcsv,OP14-051,1,1,1,0,1,0,missing_tcgplayer_product_id_only,price_via_chain_tcgplayer_id_missing
1853,OP14-052,Hannyabal,C,,5968,1853,OP14-052,,base,Base,official-cardlist,OP14/base/OP14-052.png,https://en.onepiece-cardgame.com/images/cardlist/card/OP14-052.png?260305,4394,5968,5176,HIGH,exact_code_plus_base_flag,5176,671390,Hannyabal,Hannyabal,OP14-052,C,,tcgcsv,5034,5176,0.01,0.1,10.07,0.04,,,2026-04-02 03:06:21,tcgcsv,OP14-052,1,1,1,0,1,0,missing_tcgplayer_product_id_only,price_via_chain_tcgplayer_id_missing
1854,OP14-053,Vista,C,,5970,1854,OP14-053,,base,Base,official-cardlist,OP14/base/OP14-053.png,https://en.onepiece-cardgame.com/images/cardlist/card/OP14-053.png?260305,4395,5970,5177,HIGH,exact_code_plus_base_flag,5177,671391,Vista,Vista,OP14-053,C,,tcgcsv,5035,5177,0.01,0.1,10.07,0.04,,,2026-04-02 03:06:21,tcgcsv,OP14-053,1,1,1,0,1,0,missing_tcgplayer_product_id_only,price_via_chain_tcgplayer_id_missing
1855,OP14-054,Fisher Tiger,UC,,5972,1855,OP14-054,,base,Base,official-cardlist,OP14/base/OP14-054.png,https://en.onepiece-cardgame.com/images/cardlist/card/OP14-054.png?260305,4396,5972,5178,HIGH,exact_code_plus_base_flag,5178,671392,Fisher Tiger,Fisher Tiger,OP14-054,UC,,tcgcsv,5036,5178,0.01,0.15,10.14,0.09,,,2026-04-02 03:06:21,tcgcsv,OP14-054,1,1,1,0,1,0,missing_tcgplayer_product_id_only,price_via_chain_tcgplayer_id_missing
1856,OP14-055,The Macro Gang,C,,5974,1856,OP14-055,,base,Base,official-cardlist,OP14/base/OP14-055.png,https://en.onepiece-cardgame.com/images/cardlist/card/OP14-055.png?260305,4397,5974,5179,HIGH,exact_code_plus_base_flag,5179,671393,The Macro Gang,The Macro Gang,OP14-055,C,,tcgcsv,5037,5179,0.01,0.1,1.32,0.05,,,2026-04-02 03:06:21,tcgcsv,OP14-055,1,1,1,0,1,0,missing_tcgplayer_product_id_only,price_via_chain_tcgplayer_id_missing
1857,OP14-056,Wadatsumi,C,,5976,1857,OP14-056,,base,Base,official-cardlist,OP14/base/OP14-056.png,https://en.onepiece-cardgame.com/images/cardlist/card/OP14-056.png?260305,4398,5976,5180,HIGH,exact_code_plus_base_flag,5180,671394,Wadatsumi,Wadatsumi,OP14-056,C,,tcgcsv,5038,5180,0.01,0.11,10.12,0.07,,,2026-04-02 03:06:21,tcgcsv,OP14-056,1,1,1,0,1,0,missing_tcgplayer_product_id_only,price_via_chain_tcgplayer_id_missing
1858,OP14-057,Don't Worry!! I'm Here!!,C,,5978,1858,OP14-057,,base,Base,official-cardlist,OP14/base/OP14-057.png,https://en.onepiece-cardgame.com/images/cardlist/card/OP14-057.png?260305,4399,5978,5181,HIGH,exact_code_plus_base_flag,5181,671395,Don't Worry!! I'm Here!!,Dont Worry Im Here,OP14-057,C,,tcgcsv,5039,5181,0.01,0.11,10.09,0.06,,,2026-04-02 03:06:21,tcgcsv,OP14-057,1,1,1,0,1,0,missing_tcgplayer_product_id_only,price_via_chain_tcgplayer_id_missing
1859,OP14-058,Ocean Current Shoulder Throw,R,,5980,1859,OP14-058,,base,Base,official-cardlist,OP14/base/OP14-058.png,https://en.onepiece-cardgame.com/images/cardlist/card/OP14-058.png?260305,4400,5980,5182,HIGH,exact_code_plus_base_flag,5182,671396,Ocean Current Shoulder Throw,Ocean Current Shoulder Throw,OP14-058,R,,tcgcsv,5040,5182,0.01,0.16,3.04,0.11,,,2026-04-02 03:06:21,tcgcsv,OP14-058,1,1,1,0,1,0,missing_tcgplayer_product_id_only,price_via_chain_tcgplayer_id_missing
1860,OP14-059,Please Take Me with You!! I Can Be of Great Help to You!!,UC,,5982,1860,OP14-059,,base,Base,official-cardlist,OP14/base/OP14-059.png,https://en.onepiece-cardgame.com/images/cardlist/card/OP14-059.png?260305,4401,5982,5183,HIGH,exact_code_plus_base_flag,5183,671397,Please Take Me with You!! I Can Be of Great Help to You!!,Please Take Me with You I Can Be of Great Help to You,OP14-059,UC,,tcgcsv,5041,5183,0.01,0.12,10.1,0.08,,,2026-04-02 03:06:21,tcgcsv,OP14-059,1,1,1,0,1,0,missing_tcgplayer_product_id_only,price_via_chain_tcgplayer_id_missing
1861,OP14-060,Donquixote Doflamingo,L,,5984,1861,OP14-060,,base,Base,official-cardlist,OP14/base/OP14-060.png,https://en.onepiece-cardgame.com/images/cardlist/card/OP14-060.png?260305,4272,5984,5050,HIGH,exact_code_plus_base_flag,5050,666528,Donquixote Doflamingo - OP14-060,Donquixote Doflamingo OP14 060,OP14-060,L,,tcgcsv,4908,5050,0.01,0.2,9.95,0.13,,,2026-04-02 03:06:21,tcgcsv,OP14-060,1,1,1,0,1,0,missing_tcgplayer_product_id_only,price_via_chain_tcgplayer_id_missing
1862,OP14-061,Vergo,R,,5988,1862,OP14-061,,base,Base,official-cardlist,OP14/base/OP14-061.png,https://en.onepiece-cardgame.com/images/cardlist/card/OP14-061.png?260305,4319,5988,5101,HIGH,exact_code_plus_base_flag,5101,670251,Vergo (Alternate Art),Vergo Alternate Art,OP14-061,R,,tcgcsv,4959,5101,10.0,14.99,79.99,12.48,,,2026-04-02 03:06:21,tcgcsv,OP14-061,1,1,1,0,1,0,missing_tcgplayer_product_id_only,price_via_chain_tcgplayer_id_missing
1863,OP14-062,Gladius,C,,5992,1863,OP14-062,,base,Base,official-cardlist,OP14/base/OP14-062.png,https://en.onepiece-cardgame.com/images/cardlist/card/OP14-062.png?260305,4403,5992,5185,HIGH,exact_code_plus_base_flag,5185,671399,Gladius,Gladius,OP14-062,C,,tcgcsv,5043,5185,0.01,0.1,10.09,0.07,,,2026-04-02 03:06:21,tcgcsv,OP14-062,1,1,1,0,1,0,missing_tcgplayer_product_id_only,price_via_chain_tcgplayer_id_missing
1864,OP14-063,Sugar,R,,5994,1864,OP14-063,,base,Base,official-cardlist,OP14/base/OP14-063.png,https://en.onepiece-cardgame.com/images/cardlist/card/OP14-063.png?260305,4274,5994,5052,HIGH,exact_code_plus_base_flag,5052,666530,Sugar,Sugar,OP14-063,R,,tcgcsv,4910,5052,0.04,0.25,10.45,0.19,,,2026-04-02 03:06:21,tcgcsv,OP14-063,1,1,1,0,1,0,missing_tcgplayer_product_id_only,price_via_chain_tcgplayer_id_missing
1865,OP14-064,Giolla,C,,5996,1865,OP14-064,,base,Base,official-cardlist,OP14/base/OP14-064.png,https://en.onepiece-cardgame.com/images/cardlist/card/OP14-064.png?260305,4404,5996,5186,HIGH,exact_code_plus_base_flag,5186,671400,Giolla,Giolla,OP14-064,C,,tcgcsv,5044,5186,0.01,0.1,15.0,0.05,,,2026-04-02 03:06:21,tcgcsv,OP14-064,1,1,1,0,1,0,missing_tcgplayer_product_id_only,price_via_chain_tcgplayer_id_missing
1866,OP14-065,Senor Pink,C,,5998,1866,OP14-065,,base,Base,official-cardlist,OP14/base/OP14-065.png,https://en.onepiece-cardgame.com/images/cardlist/card/OP14-065.png?260305,4405,5998,5187,HIGH,exact_code_plus_base_flag,5187,671401,Senor Pink,Senor Pink,OP14-065,C,,tcgcsv,5045,5187,0.01,0.1,10.08,0.05,,,2026-04-02 03:06:21,tcgcsv,OP14-065,1,1,1,0,1,0,missing_tcgplayer_product_id_only,price_via_chain_tcgplayer_id_missing
1867,OP14-066,Diamante,C,,6000,1867,OP14-066,,base,Base,official-cardlist,OP14/base/OP14-066.png,https://en.onepiece-cardgame.com/images/cardlist/card/OP14-066.png?260305,4406,6000,5188,HIGH,exact_code_plus_base_flag,5188,671402,Diamante,Diamante,OP14-066,C,,tcgcsv,5046,5188,0.01,0.1,10.07,0.06,,,2026-04-02 03:06:21,tcgcsv,OP14-066,1,1,1,0,1,0,missing_tcgplayer_product_id_only,price_via_chain_tcgplayer_id_missing
1868,OP14-067,Dellinger,UC,,6002,1868,OP14-067,,base,Base,official-cardlist,OP14/base/OP14-067.png,https://en.onepiece-cardgame.com/images/cardlist/card/OP14-067.png?260305,4407,6002,5189,HIGH,exact_code_plus_base_flag,5189,671403,Dellinger,Dellinger,OP14-067,UC,,tcgcsv,5047,5189,0.01,0.18,10.16,0.13,,,2026-04-02 03:06:21,tcgcsv,OP14-067,1,1,1,0,1,0,missing_tcgplayer_product_id_only,price_via_chain_tcgplayer_id_missing
1869,OP14-068,Trebol,UC,,6004,1869,OP14-068,,base,Base,official-cardlist,OP14/base/OP14-068.png,https://en.onepiece-cardgame.com/images/cardlist/card/OP14-068.png?260305,4408,6004,5190,HIGH,exact_code_plus_base_flag,5190,671404,Trebol,Trebol,OP14-068,UC,,tcgcsv,5048,5190,0.01,0.18,1.32,0.14,,,2026-04-02 03:06:21,tcgcsv,OP14-068,1,1,1,0,1,0,missing_tcgplayer_product_id_only,price_via_chain_tcgplayer_id_missing
1870,OP14-069,Donquixote Doflamingo,SR,,6006,1870,OP14-069,,base,Base,official-cardlist,OP14/base/OP14-069.png,https://en.onepiece-cardgame.com/images/cardlist/card/OP14-069.png?260305,4302,6006,5084,HIGH,exact_code_plus_base_flag,5084,668638,Donquixote Doflamingo - OP14-069,Donquixote Doflamingo OP14 069,OP14-069,SR,,tcgcsv,4942,5084,0.35,1.69,99.9,0.85,,,2026-04-02 03:06:21,tcgcsv,OP14-069,1,1,1,0,1,0,missing_tcgplayer_product_id_only,price_via_chain_tcgplayer_id_missing
1871,OP14-070,Buffalo,C,,6010,1871,OP14-070,,base,Base,official-cardlist,OP14/base/OP14-070.png,https://en.onepiece-cardgame.com/images/cardlist/card/OP14-070.png?260305,4409,6010,5191,HIGH,exact_code_plus_base_flag,5191,671405,Buffalo,Buffalo,OP14-070,C,,tcgcsv,5049,5191,0.01,0.1,10.1,0.04,,,2026-04-02 03:06:21,tcgcsv,OP14-070,1,1,1,0,1,0,missing_tcgplayer_product_id_only,price_via_chain_tcgplayer_id_missing
1872,OP14-071,Pica,UC,,6012,1872,OP14-071,,base,Base,official-cardlist,OP14/base/OP14-071.png,https://en.onepiece-cardgame.com/images/cardlist/card/OP14-071.png?260305,4410,6012,5192,HIGH,exact_code_plus_base_flag,5192,671406,Pica,Pica,OP14-071,UC,,tcgcsv,5050,5192,0.01,0.15,10.1,0.11,,,2026-04-02 03:06:21,tcgcsv,OP14-071,1,1,1,0,1,0,missing_tcgplayer_product_id_only,price_via_chain_tcgplayer_id_missing
1873,OP14-072,Baby 5,UC,,6014,1873,OP14-072,,base,Base,official-cardlist,OP14/base/OP14-072.png,https://en.onepiece-cardgame.com/images/cardlist/card/OP14-072.png?260305,4411,6014,5193,HIGH,exact_code_plus_base_flag,5193,671407,Baby 5,Baby 5,OP14-072,UC,,tcgcsv,5051,5193,0.05,0.25,2.83,0.23,,,2026-04-02 03:06:21,tcgcsv,OP14-072,1,1,1,0,1,0,missing_tcgplayer_product_id_only,price_via_chain_tcgplayer_id_missing
1874,OP14-073,Machvise,C,,6016,1874,OP14-073,,base,Base,official-cardlist,OP14/base/OP14-073.png,https://en.onepiece-cardgame.com/images/cardlist/card/OP14-073.png?260305,4412,6016,5194,HIGH,exact_code_plus_base_flag,5194,671408,Machvise,Machvise,OP14-073,C,,tcgcsv,5052,5194,0.01,0.1,10.09,0.08,,,2026-04-02 03:06:21,tcgcsv,OP14-073,1,1,1,0,1,0,missing_tcgplayer_product_id_only,price_via_chain_tcgplayer_id_missing
1875,OP14-074,Monet,R,,6018,1875,OP14-074,,base,Base,official-cardlist,OP14/base/OP14-074.png,https://en.onepiece-cardgame.com/images/cardlist/card/OP14-074.png?260305,4413,6018,5195,HIGH,exact_code_plus_base_flag,5195,671409,Monet,Monet,OP14-074,R,,tcgcsv,5053,5195,0.04,0.25,2.75,0.15,,,2026-04-02 03:06:21,tcgcsv,OP14-074,1,1,1,0,1,0,missing_tcgplayer_product_id_only,price_via_chain_tcgplayer_id_missing
1876,OP14-075,Lao.G,C,,6021,1876,OP14-075,,base,Base,official-cardlist,OP14/base/OP14-075.png,https://en.onepiece-cardgame.com/images/cardlist/card/OP14-075.png?260305,4414,6021,5196,HIGH,exact_code_plus_base_flag,5196,671410,Lao.G,LaoG,OP14-075,C,,tcgcsv,5054,5196,0.01,0.1,10.08,0.03,,,2026-04-02 03:06:21,tcgcsv,OP14-075,1,1,1,0,1,0,missing_tcgplayer_product_id_only,price_via_chain_tcgplayer_id_missing
1877,OP14-076,Ever White,R,,6023,1877,OP14-076,,base,Base,official-cardlist,OP14/base/OP14-076.png,https://en.onepiece-cardgame.com/images/cardlist/card/OP14-076.png?260305,4415,6023,5197,HIGH,exact_code_plus_base_flag,5197,671411,Ever White,Ever White,OP14-076,R,,tcgcsv,5055,5197,0.01,0.24,10.17,0.13,,,2026-04-02 03:06:21,tcgcsv,OP14-076,1,1,1,0,1,0,missing_tcgplayer_product_id_only,price_via_chain_tcgplayer_id_missing
1878,OP14-077,Penta-Chromatic String,UC,,6025,1878,OP14-077,,base,Base,official-cardlist,OP14/base/OP14-077.png,https://en.onepiece-cardgame.com/images/cardlist/card/OP14-077.png?260305,4416,6025,5198,HIGH,exact_code_plus_base_flag,5198,671412,Penta-Chromatic String,Penta Chromatic String,OP14-077,UC,,tcgcsv,5056,5198,0.01,0.15,10.12,0.13,,,2026-04-02 03:06:21,tcgcsv,OP14-077,1,1,1,0,1,0,missing_tcgplayer_product_id_only,price_via_chain_tcgplayer_id_missing
1879,OP14-078,Bullet String,C,,6027,1879,OP14-078,,base,Base,official-cardlist,OP14/base/OP14-078.png,https://en.onepiece-cardgame.com/images/cardlist/card/OP14-078.png?260305,4417,6027,5199,HIGH,exact_code_plus_base_flag,5199,671413,Bullet String,Bullet String,OP14-078,C,,tcgcsv,5057,5199,0.01,0.15,1.32,0.11,,,2026-04-02 03:06:21,tcgcsv,OP14-078,1,1,1,0,1,0,missing_tcgplayer_product_id_only,price_via_chain_tcgplayer_id_missing
1880,OP14-079,Crocodile,L,,6029,1880,OP14-079,,base,Base,official-cardlist,OP14/base/OP14-079.png,https://en.onepiece-cardgame.com/images/cardlist/card/OP14-079.png?260305,4285,6029,5067,HIGH,exact_code_plus_base_flag,5067,666761,Crocodile - OP14-079,Crocodile OP14 079,OP14-079,L,,tcgcsv,4925,5067,0.01,0.2,12.0,0.14,,,2026-04-02 03:06:21,tcgcsv,OP14-079,1,1,1,0,1,0,missing_tcgplayer_product_id_only,price_via_chain_tcgplayer_id_missing
1881,OP14-080,Gecko Moria,L,,6033,1881,OP14-080,,base,Base,official-cardlist,OP14/base/OP14-080.png,https://en.onepiece-cardgame.com/images/cardlist/card/OP14-080.png?260305,4281,6033,5059,HIGH,exact_code_plus_base_flag,5059,666572,Gecko Moria - OP14-080,Gecko Moria OP14 080,OP14-080,L,,tcgcsv,4917,5059,0.01,0.15,10.12,0.11,,,2026-04-02 03:06:21,tcgcsv,OP14-080,1,1,1,0,1,0,missing_tcgplayer_product_id_only,price_via_chain_tcgplayer_id_missing
1882,OP14-081,Spider Mice,C,,6037,1882,OP14-081,,base,Base,official-cardlist,OP14/base/OP14-081.png,https://en.onepiece-cardgame.com/images/cardlist/card/OP14-081.png?260305,4418,6037,5200,HIGH,exact_code_plus_base_flag,5200,671414,Spider Mice,Spider Mice,OP14-081,C,,tcgcsv,5058,5200,0.01,0.1,1.32,0.05,,,2026-04-02 03:06:21,tcgcsv,OP14-081,1,1,1,0,1,0,missing_tcgplayer_product_id_only,price_via_chain_tcgplayer_id_missing
1883,OP14-082,Oinkchuck,C,,6039,1883,OP14-082,,base,Base,official-cardlist,OP14/base/OP14-082.png,https://en.onepiece-cardgame.com/images/cardlist/card/OP14-082.png?260305,4419,6039,5201,HIGH,exact_code_plus_base_flag,5201,671415,Oinkchuck,Oinkchuck,OP14-082,C,,tcgcsv,5059,5201,0.01,0.1,10.11,0.06,,,2026-04-02 03:06:21,tcgcsv,OP14-082,1,1,1,0,1,0,missing_tcgplayer_product_id_only,price_via_chain_tcgplayer_id_missing
1884,OP14-083,Ms. Wednesday,UC,,6041,1884,OP14-083,,base,Base,official-cardlist,OP14/base/OP14-083.png,https://en.onepiece-cardgame.com/images/cardlist/card/OP14-083.png?260305,4420,6041,5202,HIGH,exact_code_plus_base_flag,5202,671416,Ms. Wednesday,Ms Wednesday,OP14-083,UC,,tcgcsv,5060,5202,0.03,0.15,10.12,0.13,,,2026-04-02 03:06:21,tcgcsv,OP14-083,1,1,1,0,1,0,missing_tcgplayer_product_id_only,price_via_chain_tcgplayer_id_missing
1885,OP14-084,Ms. All Sunday,SR,,6043,1885,OP14-084,,base,Base,official-cardlist,OP14/base/OP14-084.png,https://en.onepiece-cardgame.com/images/cardlist/card/OP14-084.png?260305,4287,6043,5069,HIGH,exact_code_plus_base_flag,5069,666912,Ms. All Sunday,Ms All Sunday,OP14-084,SR,,tcgcsv,4927,5069,1.5,3.5,99.9,2.67,,,2026-04-02 03:06:21,tcgcsv,OP14-084,1,1,1,0,1,0,missing_tcgplayer_product_id_only,price_via_chain_tcgplayer_id_missing
1886,OP14-085,Miss.Goldenweek(Marianne),UC,,6047,1886,OP14-085,,base,Base,official-cardlist,OP14/base/OP14-085.png,https://en.onepiece-cardgame.com/images/cardlist/card/OP14-085.png?260305,4421,6047,5203,HIGH,exact_code_plus_base_flag,5203,671417,Miss.Goldenweek(Marianne),MissGoldenweekMarianne,OP14-085,UC,,tcgcsv,5061,5203,0.01,0.15,10.1,0.12,,,2026-04-02 03:06:21,tcgcsv,OP14-085,1,1,1,0,1,0,missing_tcgplayer_product_id_only,price_via_chain_tcgplayer_id_missing
1887,OP14-086,Miss Doublefinger(Zala),C,,6049,1887,OP14-086,,base,Base,official-cardlist,OP14/base/OP14-086.png,https://en.onepiece-cardgame.com/images/cardlist/card/OP14-086.png?260305,4422,6049,5204,HIGH,exact_code_plus_base_flag,5204,671418,Miss Doublefinger(Zala),Miss DoublefingerZala,OP14-086,C,,tcgcsv,5062,5204,0.01,0.12,10.08,0.09,,,2026-04-02 03:06:21,tcgcsv,OP14-086,1,1,1,0,1,0,missing_tcgplayer_product_id_only,price_via_chain_tcgplayer_id_missing
1888,OP14-087,Miss.Valentine(Mikita),R,,6051,1888,OP14-087,,base,Base,official-cardlist,OP14/base/OP14-087.png,https://en.onepiece-cardgame.com/images/cardlist/card/OP14-087.png?260305,4423,6051,5205,HIGH,exact_code_plus_base_flag,5205,671419,Miss.Valentine(Mikita),MissValentineMikita,OP14-087,R,,tcgcsv,5063,5205,0.03,0.23,10.17,0.19,,,2026-04-02 03:06:21,tcgcsv,OP14-087,1,1,1,0,1,0,missing_tcgplayer_product_id_only,price_via_chain_tcgplayer_id_missing
1889,OP14-088,Miss.MerryChristmas(Drophy),C,,6056,1889,OP14-088,,base,Base,official-cardlist,OP14/base/OP14-088.png,https://en.onepiece-cardgame.com/images/cardlist/card/OP14-088.png?260305,4424,6056,5206,HIGH,exact_code_plus_base_flag,5206,671420,Miss.MerryChristmas(Drophy),MissMerryChristmasDrophy,OP14-088,C,,tcgcsv,5064,5206,0.01,0.13,10.1,0.09,,,2026-04-02 03:06:21,tcgcsv,OP14-088,1,1,1,0,1,0,missing_tcgplayer_product_id_only,price_via_chain_tcgplayer_id_missing
1890,OP14-089,Ryuma,C,,6058,1890,OP14-089,,base,Base,official-cardlist,OP14/base/OP14-089.png,https://en.onepiece-cardgame.com/images/cardlist/card/OP14-089.png?260305,4425,6058,5207,HIGH,exact_code_plus_base_flag,5207,671421,Ryuma,Ryuma,OP14-089,C,,tcgcsv,5065,5207,0.01,0.11,10.11,0.09,,,2026-04-02 03:06:21,tcgcsv,OP14-089,1,1,1,0,1,0,missing_tcgplayer_product_id_only,price_via_chain_tcgplayer_id_missing
1891,OP14-090,Mr.1(Daz.Bonez),R,,6060,1891,OP14-090,,base,Base,official-cardlist,OP14/base/OP14-090.png,https://en.onepiece-cardgame.com/images/cardlist/card/OP14-090.png?260305,4325,6060,5107,HIGH,exact_code_plus_base_flag,5107,670630,Mr.1 (Daz.Bonez) (Alternate Art),Mr1 DazBonez Alternate Art,OP14-090,R,,tcgcsv,4965,5107,10.0,13.99,25.47,11.31,,,2026-04-02 03:06:21,tcgcsv,OP14-090,1,1,1,0,1,0,missing_tcgplayer_product_id_only,price_via_chain_tcgplayer_id_missing
1892,OP14-091,Mr.2.Bon.Kurei(Bentham),SR,,6064,1892,OP14-091,,base,Base,official-cardlist,OP14/base/OP14-091.png,https://en.onepiece-cardgame.com/images/cardlist/card/OP14-091.png?260305,4326,6064,5108,HIGH,exact_code_plus_base_flag,5108,670639,Mr.2.Bon.Kurei (Bentham),Mr2BonKurei Bentham,OP14-091,SR,,tcgcsv,4966,5108,0.49,1.99,150.0,1.6,,,2026-04-02 03:06:21,tcgcsv,OP14-091,1,1,1,0,1,0,missing_tcgplayer_product_id_only,price_via_chain_tcgplayer_id_missing
1893,OP14-092,Mr.3(Galdino),R,,6068,1893,OP14-092,,base,Base,official-cardlist,OP14/base/OP14-092.png,https://en.onepiece-cardgame.com/images/cardlist/card/OP14-092.png?260305,4427,6068,5209,HIGH,exact_code_plus_base_flag,5209,671423,Mr.3(Galdino),Mr3Galdino,OP14-092,R,,tcgcsv,5067,5209,0.01,0.19,10.12,0.15,,,2026-04-02 03:06:21,tcgcsv,OP14-092,1,1,1,0,1,0,missing_tcgplayer_product_id_only,price_via_chain_tcgplayer_id_missing
1894,OP14-093,Mr.4(Babe),C,,6070,1894,OP14-093,,base,Base,official-cardlist,OP14/base/OP14-093.png,https://en.onepiece-cardgame.com/images/cardlist/card/OP14-093.png?260305,4428,6070,5210,HIGH,exact_code_plus_base_flag,5210,671424,Mr.4(Babe),Mr4Babe,OP14-093,C,,tcgcsv,5068,5210,0.01,0.12,10.08,0.07,,,2026-04-02 03:06:21,tcgcsv,OP14-093,1,1,1,0,1,0,missing_tcgplayer_product_id_only,price_via_chain_tcgplayer_id_missing
1895,OP14-094,Mr.5(Gem),UC,,6072,1895,OP14-094,,base,Base,official-cardlist,OP14/base/OP14-094.png,https://en.onepiece-cardgame.com/images/cardlist/card/OP14-094.png?260305,4429,6072,5211,HIGH,exact_code_plus_base_flag,5211,671425,Mr.5(Gem),Mr5Gem,OP14-094,UC,,tcgcsv,5069,5211,0.01,0.2,10.15,0.17,,,2026-04-02 03:06:21,tcgcsv,OP14-094,1,1,1,0,1,0,missing_tcgplayer_product_id_only,price_via_chain_tcgplayer_id_missing
1896,OP14-095,Mr.9,C,,6074,1896,OP14-095,,base,Base,official-cardlist,OP14/base/OP14-095.png,https://en.onepiece-cardgame.com/images/cardlist/card/OP14-095.png?260305,4430,6074,5212,HIGH,exact_code_plus_base_flag,5212,671426,Mr.9,Mr9,OP14-095,C,,tcgcsv,5070,5212,0.01,0.1,10.12,0.09,,,2026-04-02 03:06:21,tcgcsv,OP14-095,1,1,1,0,1,0,missing_tcgplayer_product_id_only,price_via_chain_tcgplayer_id_missing
1897,OP14-096,Ground Death,R,,6076,1897,OP14-096,,base,Base,official-cardlist,OP14/base/OP14-096.png,https://en.onepiece-cardgame.com/images/cardlist/card/OP14-096.png?260305,4330,6076,5112,HIGH,exact_code_plus_base_flag,5112,670874,Ground Death (Alternate Art),Ground Death Alternate Art,OP14-096,R,,tcgcsv,4970,5112,110.0,143.09,9999.0,114.5,,,2026-04-02 03:06:21,tcgcsv,OP14-096,1,1,1,0,1,0,missing_tcgplayer_product_id_only,price_via_chain_tcgplayer_id_missing
1898,OP14-097,Hurry Up and Make Me the Pirate King!,UC,,6080,1898,OP14-097,,base,Base,official-cardlist,OP14/base/OP14-097.png,https://en.onepiece-cardgame.com/images/cardlist/card/OP14-097.png?260305,4432,6080,5214,HIGH,exact_code_plus_base_flag,5214,671428,Hurry Up and Make Me the Pirate King!,Hurry Up and Make Me the Pirate King,OP14-097,UC,,tcgcsv,5072,5214,0.01,0.15,10.13,0.12,,,2026-04-02 03:06:21,tcgcsv,OP14-097,1,1,1,0,1,0,missing_tcgplayer_product_id_only,price_via_chain_tcgplayer_id_missing
1899,OP14-098,Crescent Cutlass,C,,6082,1899,OP14-098,,base,Base,official-cardlist,OP14/base/OP14-098.png,https://en.onepiece-cardgame.com/images/cardlist/card/OP14-098.png?260305,4433,6082,5215,HIGH,exact_code_plus_base_flag,5215,671429,Crescent Cutlass,Crescent Cutlass,OP14-098,C,,tcgcsv,5073,5215,0.01,0.1,1.32,0.08,,,2026-04-02 03:06:21,tcgcsv,OP14-098,1,1,1,0,1,0,missing_tcgplayer_product_id_only,price_via_chain_tcgplayer_id_missing
1900,OP14-099,Disappointed?,UC,,6084,1900,OP14-099,,base,Base,official-cardlist,OP14/base/OP14-099.png,https://en.onepiece-cardgame.com/images/cardlist/card/OP14-099.png?260305,4434,6084,5216,HIGH,exact_code_plus_base_flag,5216,671430,Disappointed?,Disappointed,OP14-099,UC,,tcgcsv,5074,5216,0.02,0.24,2.81,0.2,,,2026-04-02 03:06:21,tcgcsv,OP14-099,1,1,1,0,1,0,missing_tcgplayer_product_id_only,price_via_chain_tcgplayer_id_missing
1901,OP14-100,Absalom,R,,6086,1901,OP14-100,,base,Base,official-cardlist,OP14/base/OP14-100.png,https://en.onepiece-cardgame.com/images/cardlist/card/OP14-100.png?260305,4435,6086,5217,HIGH,exact_code_plus_base_flag,5217,671431,Absalom,Absalom,OP14-100,R,,tcgcsv,5075,5217,0.2,0.55,75.0,0.36,,,2026-04-02 03:06:21,tcgcsv,OP14-100,1,1,1,0,1,0,missing_tcgplayer_product_id_only,price_via_chain_tcgplayer_id_missing
1902,OP14-101,Oars,C,,6088,1902,OP14-101,,base,Base,official-cardlist,OP14/base/OP14-101.png,https://en.onepiece-cardgame.com/images/cardlist/card/OP14-101.png?260305,4436,6088,5218,HIGH,exact_code_plus_base_flag,5218,671432,Oars,Oars,OP14-101,C,,tcgcsv,5076,5218,0.01,0.1,2.69,0.06,,,2026-04-02 03:06:21,tcgcsv,OP14-101,1,1,1,0,1,0,missing_tcgplayer_product_id_only,price_via_chain_tcgplayer_id_missing
1903,OP14-102,Kumacy,C,,6090,1903,OP14-102,,base,Base,official-cardlist,OP14/base/OP14-102.png,https://en.onepiece-cardgame.com/images/cardlist/card/OP14-102.png?260305,4437,6090,5219,HIGH,exact_code_plus_base_flag,5219,671433,Kumacy,Kumacy,OP14-102,C,,tcgcsv,5077,5219,0.01,0.15,10.15,0.12,,,2026-04-02 03:06:21,tcgcsv,OP14-102,1,1,1,0,1,0,missing_tcgplayer_product_id_only,price_via_chain_tcgplayer_id_missing
1904,OP14-103,Gloriosa (Grandma Nyon),C,,6092,1904,OP14-103,,base,Base,official-cardlist,OP14/base/OP14-103.png,https://en.onepiece-cardgame.com/images/cardlist/card/OP14-103.png?260305,4438,6092,5220,HIGH,exact_code_plus_base_flag,5220,671434,Gloriosa (Grandma Nyon),Gloriosa Grandma Nyon,OP14-103,C,,tcgcsv,5078,5220,0.01,0.13,10.09,0.09,,,2026-04-02 03:06:21,tcgcsv,OP14-103,1,1,1,0,1,0,missing_tcgplayer_product_id_only,price_via_chain_tcgplayer_id_missing
1905,OP14-104,Gecko Moria,SR,,6094,1905,OP14-104,,base,Base,official-cardlist,OP14/base/OP14-104.png,https://en.onepiece-cardgame.com/images/cardlist/card/OP14-104.png?260305,4283,6094,5061,HIGH,exact_code_plus_base_flag,5061,666574,Gecko Moria - OP14-104,Gecko Moria OP14 104,OP14-104,SR,,tcgcsv,4919,5061,4.99,6.84,19.97,5.92,,,2026-04-02 03:06:21,tcgcsv,OP14-104,1,1,1,0,1,0,missing_tcgplayer_product_id_only,price_via_chain_tcgplayer_id_missing
1906,OP14-105,Gorgon Sisters,UC,,6098,1906,OP14-105,,base,Base,official-cardlist,OP14/base/OP14-105.png,https://en.onepiece-cardgame.com/images/cardlist/card/OP14-105.png?260305,4439,6098,5221,HIGH,exact_code_plus_base_flag,5221,671435,Gorgon Sisters,Gorgon Sisters,OP14-105,UC,,tcgcsv,5079,5221,0.01,0.31,25.0,0.23,,,2026-04-02 03:06:21,tcgcsv,OP14-105,1,1,1,0,1,0,missing_tcgplayer_product_id_only,price_via_chain_tcgplayer_id_missing
1907,OP14-106,Salome,C,,6101,1907,OP14-106,,base,Base,official-cardlist,OP14/base/OP14-106.png,https://en.onepiece-cardgame.com/images/cardlist/card/OP14-106.png?260305,4440,6101,5222,HIGH,exact_code_plus_base_flag,5222,671436,Salome,Salome,OP14-106,C,,tcgcsv,5080,5222,0.01,0.11,15.0,0.09,,,2026-04-02 03:06:21,tcgcsv,OP14-106,1,1,1,0,1,0,missing_tcgplayer_product_id_only,price_via_chain_tcgplayer_id_missing
1908,OP14-107,Shakuyaku,UC,,6103,1908,OP14-107,,base,Base,official-cardlist,OP14/base/OP14-107.png,https://en.onepiece-cardgame.com/images/cardlist/card/OP14-107.png?260305,4441,6103,5223,HIGH,exact_code_plus_base_flag,5223,671437,Shakuyaku,Shakuyaku,OP14-107,UC,,tcgcsv,5081,5223,0.01,0.19,10.0,0.16,,,2026-04-02 03:06:21,tcgcsv,OP14-107,1,1,1,0,1,0,missing_tcgplayer_product_id_only,price_via_chain_tcgplayer_id_missing
1909,OP14-108,Silvers Rayleigh,R,,6105,1909,OP14-108,,base,Base,official-cardlist,OP14/base/OP14-108.png,https://en.onepiece-cardgame.com/images/cardlist/card/OP14-108.png?260305,4442,6105,5224,HIGH,exact_code_plus_base_flag,5224,671438,Silvers Rayleigh,Silvers Rayleigh,OP14-108,R,,tcgcsv,5082,5224,0.01,0.31,50.0,0.23,,,2026-04-02 03:06:21,tcgcsv,OP14-108,1,1,1,0,1,0,missing_tcgplayer_product_id_only,price_via_chain_tcgplayer_id_missing
1910,OP14-109,Victoria Cindry,C,,6108,1910,OP14-109,,base,Base,official-cardlist,OP14/base/OP14-109.png,https://en.onepiece-cardgame.com/images/cardlist/card/OP14-109.png?260305,4443,6108,5225,HIGH,exact_code_plus_base_flag,5225,671439,Victoria Cindry,Victoria Cindry,OP14-109,C,,tcgcsv,5083,5225,0.01,0.14,2.71,0.1,,,2026-04-02 03:06:21,tcgcsv,OP14-109,1,1,1,0,1,0,missing_tcgplayer_product_id_only,price_via_chain_tcgplayer_id_missing
1911,OP14-110,Dr. Hogback,R,,6110,1911,OP14-110,,base,Base,official-cardlist,OP14/base/OP14-110.png,https://en.onepiece-cardgame.com/images/cardlist/card/OP14-110.png?260305,4444,6110,5226,HIGH,exact_code_plus_base_flag,5226,671440,Dr. Hogback,Dr Hogback,OP14-110,R,,tcgcsv,5084,5226,0.2,1.17,5.0,1.04,,,2026-04-02 03:06:21,tcgcsv,OP14-110,1,1,1,0,1,0,missing_tcgplayer_product_id_only,price_via_chain_tcgplayer_id_missing
1912,OP14-111,Perona,R,,6112,1912,OP14-111,,base,Base,official-cardlist,OP14/base/OP14-111.png,https://en.onepiece-cardgame.com/images/cardlist/card/OP14-111.png?260305,4323,6112,5105,HIGH,exact_code_plus_base_flag,5105,670596,Perona - OP14-111 (Alternate Art),Perona OP14 111 Alternate Art,OP14-111,R,,tcgcsv,4963,5105,29.5,34.0,99.9,30.71,,,2026-04-02 03:06:21,tcgcsv,OP14-111,1,1,1,0,1,0,missing_tcgplayer_product_id_only,price_via_chain_tcgplayer_id_missing
1913,OP14-112,Boa Hancock,SR,,6116,1913,OP14-112,,base,Base,official-cardlist,OP14/sp/OP14-112_sp.png,https://en.onepiece-cardgame.com/images/cardlist/card/OP14-112.png?260305,1454,6116,1935,HIGH,exact_code_plus_base_flag,1935,684105,Boa Hancock (CS 26-27 Regionals Season 1),Boa Hancock CS 26 27 Regionals Season 1,OP14-112,SR,,tcgcsv,1758,1935,3999.95,3999.95,3999.95,2766.67,,,2026-04-02 03:06:17,tcgcsv,OP14-112,1,1,1,0,1,0,missing_tcgplayer_product_id_only,price_via_chain_tcgplayer_id_missing
1914,OP14-113,Marguerite,UC,,6123,1914,OP14-113,,base,Base,official-cardlist,OP14/base/OP14-113.png,https://en.onepiece-cardgame.com/images/cardlist/card/OP14-113.png?260305,4446,6123,5228,HIGH,exact_code_plus_base_flag,5228,671442,Marguerite,Marguerite,OP14-113,UC,,tcgcsv,5086,5228,0.01,0.17,10.18,0.12,,,2026-04-02 03:06:21,tcgcsv,OP14-113,1,1,1,0,1,0,missing_tcgplayer_product_id_only,price_via_chain_tcgplayer_id_missing
1915,OP14-114,Ran,UC,,6125,1915,OP14-114,,base,Base,official-cardlist,OP14/base/OP14-114.png,https://en.onepiece-cardgame.com/images/cardlist/card/OP14-114.png?260305,4447,6125,5229,HIGH,exact_code_plus_base_flag,5229,671443,Ran,Ran,OP14-114,UC,,tcgcsv,5087,5229,0.01,0.26,60.0,0.19,,,2026-04-02 03:06:21,tcgcsv,OP14-114,1,1,1,0,1,0,missing_tcgplayer_product_id_only,price_via_chain_tcgplayer_id_missing
1916,OP14-115,Rindo,C,,6127,1916,OP14-115,,base,Base,official-cardlist,OP14/base/OP14-115.png,https://en.onepiece-cardgame.com/images/cardlist/card/OP14-115.png?260305,4448,6127,5230,HIGH,exact_code_plus_base_flag,5230,671444,Rindo,Rindo,OP14-115,C,,tcgcsv,5088,5230,0.01,0.13,10.11,0.11,,,2026-04-02 03:06:21,tcgcsv,OP14-115,1,1,1,0,1,0,missing_tcgplayer_product_id_only,price_via_chain_tcgplayer_id_missing
1917,OP14-116,Salamander,C,,6129,1917,OP14-116,,base,Base,official-cardlist,OP14/base/OP14-116.png,https://en.onepiece-cardgame.com/images/cardlist/card/OP14-116.png?260305,4449,6129,5231,HIGH,exact_code_plus_base_flag,5231,671445,Salamander,Salamander,OP14-116,C,,tcgcsv,5089,5231,0.01,0.11,10.12,0.05,,,2026-04-02 03:06:21,tcgcsv,OP14-116,1,1,1,0,1,0,missing_tcgplayer_product_id_only,price_via_chain_tcgplayer_id_missing
1918,OP14-117,Brick Bat,UC,,6131,1918,OP14-117,,base,Base,official-cardlist,OP14/base/OP14-117.png,https://en.onepiece-cardgame.com/images/cardlist/card/OP14-117.png?260305,4450,6131,5232,HIGH,exact_code_plus_base_flag,5232,671446,Brick Bat,Brick Bat,OP14-117,UC,,tcgcsv,5090,5232,0.01,0.13,10.15,0.08,,,2026-04-02 03:06:21,tcgcsv,OP14-117,1,1,1,0,1,0,missing_tcgplayer_product_id_only,price_via_chain_tcgplayer_id_missing
1919,OP14-118,You'll Frighten Me... ♡,R,,6133,1919,OP14-118,,base,Base,official-cardlist,OP14/base/OP14-118.png,https://en.onepiece-cardgame.com/images/cardlist/card/OP14-118.png?260305,4331,6133,5113,HIGH,exact_code_plus_base_flag,5113,670875,You'll Frighten Me... (Alternate Art),Youll Frighten Me Alternate Art,OP14-118,R,,tcgcsv,4971,5113,143.63,179.22,9999.0,145.12,,,2026-04-02 03:06:21,tcgcsv,OP14-118,1,1,1,0,1,0,missing_tcgplayer_product_id_only,price_via_chain_tcgplayer_id_missing
1920,OP14-119,Dracule Mihawk,SEC,,6137,1920,OP14-119,,base,Base,official-cardlist,OP14/base/OP14-119.png,https://en.onepiece-cardgame.com/images/cardlist/card/OP14-119.png?260305,1455,6137,1936,HIGH,exact_code_plus_base_flag,1936,684110,Dracule Mihawk - (CS 26-27 Regionals Season 1),Dracule Mihawk CS 26 27 Regionals Season 1,OP14-119,SEC,,tcgcsv,,,,,,,,,,,OP14-119,1,1,1,0,1,0,missing_tcgplayer_product_id_only,price_via_chain_tcgplayer_id_missing
1921,OP14-120,Crocodile,SEC,,6143,1921,OP14-120,,base,Base,official-cardlist,OP14/base/OP14-120.png,https://en.onepiece-cardgame.com/images/cardlist/card/OP14-120.png?260305,1449,6143,1930,HIGH,exact_code_plus_base_flag,1930,683981,Crocodile - OP14-120 (CS26-27 Regionals Season 1),Crocodile OP14 120 CS26 27 Regionals Season 1,OP14-120,PR,,tcgcsv,,,,,,,,,,,OP14-120,1,1,1,0,1,0,missing_tcgplayer_product_id_only,price_via_chain_tcgplayer_id_missing
2042,P-001,Monkey.D.Luffy,P,,6296,2042,P-001,,base,Base,official-cardlist,P/base/P-001.png,https://en.onepiece-cardgame.com/images/cardlist/card/P-001.png?260305,398,6296,703,HIGH,exact_code_plus_base_flag,703,450299,Monkey.D.Luffy (Promotion Pack 2022),MonkeyDLuffy Promotion Pack 2022,P-001,PR,,tcgcsv,706,703,6.0,14.61,120.0,8.23,,,2026-04-02 03:06:17,tcgcsv,P-001,1,1,1,0,1,0,missing_tcgplayer_product_id_only,price_via_chain_tcgplayer_id_missing
2043,P-002,I Smell Adventure!!!,P,,6304,2043,P-002,,base,Base,official-cardlist,P/base/P-002.png,https://en.onepiece-cardgame.com/images/cardlist/card/P-002.png?260305,401,6304,706,HIGH,exact_code_plus_base_flag,706,450302,I Smell Adventure Ahead! (Promotion Pack 2022),I Smell Adventure Ahead Promotion Pack 2022,P-002,PR,,tcgcsv,709,706,2.75,5.0,94.99,3.79,,,2026-04-02 03:06:17,tcgcsv,P-002,1,1,1,0,1,0,missing_tcgplayer_product_id_only,price_via_chain_tcgplayer_id_missing
2044,P-003,"Eustass""Captain""Kid",P,,6306,2044,P-003,,base,Base,official-cardlist,P/base/P-003.png,https://en.onepiece-cardgame.com/images/cardlist/card/P-003.png?260305,402,6306,707,HIGH,exact_code_plus_base_flag,707,450303,"Eustass""Captain""Kid (Promotion Pack 2022)",EustassCaptainKid Promotion Pack 2022,P-003,PR,,tcgcsv,710,707,1.99,2.82,19.99,2.62,,,2026-04-02 03:06:17,tcgcsv,P-003,1,1,1,0,1,0,missing_tcgplayer_product_id_only,price_via_chain_tcgplayer_id_missing
2045,P-004,Crocodile,P,,6309,2045,P-004,,base,Base,official-cardlist,P/base/P-004.png,https://en.onepiece-cardgame.com/images/cardlist/card/P-004.png?260305,403,6309,708,HIGH,exact_code_plus_base_flag,708,450304,Crocodile (Promotion Pack 2022),Crocodile Promotion Pack 2022,P-004,PR,,tcgcsv,711,708,0.45,1.5,25.0,1.41,,,2026-04-02 03:06:17,tcgcsv,P-004,1,1,1,0,1,0,missing_tcgplayer_product_id_only,price_via_chain_tcgplayer_id_missing
2046,P-005,Kaido,P,,6311,2046,P-005,,base,Base,official-cardlist,P/base/P-005.png,https://en.onepiece-cardgame.com/images/cardlist/card/P-005.png?260305,404,6311,709,HIGH,exact_code_plus_base_flag,709,450305,Kaido (Promotion Pack 2022),Kaido Promotion Pack 2022,P-005,PR,,tcgcsv,712,709,0.75,1.99,16.5,1.52,,,2026-04-02 03:06:17,tcgcsv,P-005,1,1,1,0,1,0,missing_tcgplayer_product_id_only,price_via_chain_tcgplayer_id_missing
2047,P-006,Monkey.D.Luffy,P,,6313,2047,P-006,,base,Base,official-cardlist,P/base/P-006.png,https://en.onepiece-cardgame.com/images/cardlist/card/P-006.png?260305,407,6313,712,HIGH,exact_code_plus_base_flag,712,455800,Monkey.D.Luffy - P-006 (Tournament Pack Vol. 1),MonkeyDLuffy P 006 Tournament Pack Vol 1,P-006,PR,,tcgcsv,715,712,4.29,7.25,50.0,5.54,,,2026-04-02 03:06:17,tcgcsv,P-006,1,1,1,0,1,0,missing_tcgplayer_product_id_only,price_via_chain_tcgplayer_id_missing
2048,P-007,Monkey.D.Luffy,P,,6315,2048,P-007,,base,Base,official-cardlist,P/base/P-007.png,https://en.onepiece-cardgame.com/images/cardlist/card/P-007.png?260305,408,6315,713,HIGH,exact_code_plus_base_flag,713,455801,Monkey.D.Luffy - P-007 (Tournament Pack Vol. 1),MonkeyDLuffy P 007 Tournament Pack Vol 1,P-007,PR,,tcgcsv,716,713,4.0,6.0,99.9,5.27,,,2026-04-02 03:06:17,tcgcsv,P-007,1,1,1,0,1,0,missing_tcgplayer_product_id_only,price_via_chain_tcgplayer_id_missing
2049,P-008,Yamato,P,,6317,2049,P-008,,base,Base,official-cardlist,P/base/P-008.png,https://en.onepiece-cardgame.com/images/cardlist/card/P-008.png?260305,409,6317,714,HIGH,exact_code_plus_base_flag,714,455802,Yamato (Tournament Pack Vol. 1),Yamato Tournament Pack Vol 1,P-008,PR,,tcgcsv,717,714,3.0,4.97,99.9,4.28,,,2026-04-02 03:06:17,tcgcsv,P-008,1,1,1,0,1,0,missing_tcgplayer_product_id_only,price_via_chain_tcgplayer_id_missing
2050,P-009,Trafalgar Law,P,,6319,2050,P-009,,base,Base,official-cardlist,P/base/P-009.png,https://en.onepiece-cardgame.com/images/cardlist/card/P-009.png?260305,410,6319,715,HIGH,exact_code_plus_base_flag,715,455804,Trafalgar Law (Tournament Pack Vol. 1),Trafalgar Law Tournament Pack Vol 1,P-009,PR,,tcgcsv,718,715,2.69,7.95,34.99,5.79,,,2026-04-02 03:06:17,tcgcsv,P-009,1,1,1,0,1,0,missing_tcgplayer_product_id_only,price_via_chain_tcgplayer_id_missing
2051,P-010,Kaido,P,,6321,2051,P-010,,base,Base,official-cardlist,P/base/P-010.png,https://en.onepiece-cardgame.com/images/cardlist/card/P-010.png?260305,411,6321,716,HIGH,exact_code_plus_base_flag,716,455805,Kaido (Tournament Pack Vol. 1),Kaido Tournament Pack Vol 1,P-010,PR,,tcgcsv,719,716,3.0,5.3,99.9,4.46,,,2026-04-02 03:06:17,tcgcsv,P-010,1,1,1,0,1,0,missing_tcgplayer_product_id_only,price_via_chain_tcgplayer_id_missing
2052,P-011,Uta,L,,6323,2052,P-011,,base,Base,official-cardlist,P/base/P-011.png,https://en.onepiece-cardgame.com/images/cardlist/card/P-011.png?260305,425,6323,732,HIGH,exact_code_plus_base_flag,732,457025,Uta (One Piece Film Red),Uta One Piece Film Red,P-011,PR,,tcgcsv,733,732,0.99,2.0,5.0,1.43,,,2026-04-02 03:06:17,tcgcsv,P-011,1,1,1,0,1,0,missing_tcgplayer_product_id_only,price_via_chain_tcgplayer_id_missing
2053,P-012,Jellyfish Pirates,P,,6325,2053,P-012,,base,Base,official-cardlist,P/base/P-012.png,https://en.onepiece-cardgame.com/images/cardlist/card/P-012.png?260305,426,6325,733,HIGH,exact_code_plus_base_flag,733,457026,Jellyfish Pirates (One Piece Film Red),Jellyfish Pirates One Piece Film Red,P-012,PR,,tcgcsv,734,733,0.15,0.3,2.0,0.22,,,2026-04-02 03:06:17,tcgcsv,P-012,1,1,1,0,1,0,missing_tcgplayer_product_id_only,price_via_chain_tcgplayer_id_missing
2054,P-013,Gordon,P,,6327,2054,P-013,,base,Base,official-cardlist,P/base/P-013.png,https://en.onepiece-cardgame.com/images/cardlist/card/P-013.png?260305,427,6327,734,HIGH,exact_code_plus_base_flag,734,457027,Gordon (One Piece Film Red),Gordon One Piece Film Red,P-013,PR,,tcgcsv,735,734,0.5,1.0,63.85,0.65,,,2026-04-02 03:06:17,tcgcsv,P-013,1,1,1,0,1,0,missing_tcgplayer_product_id_only,price_via_chain_tcgplayer_id_missing
2055,P-014,Koby,P,,6329,2055,P-014,,base,Base,official-cardlist,P/base/P-014.png,https://en.onepiece-cardgame.com/images/cardlist/card/P-014.png?260305,428,6329,735,HIGH,exact_code_plus_base_flag,735,457029,Koby (One Piece Film Red),Koby One Piece Film Red,P-014,PR,,tcgcsv,736,735,0.01,0.35,8.0,0.3,,,2026-04-02 03:06:17,tcgcsv,P-014,1,1,1,0,1,0,missing_tcgplayer_product_id_only,price_via_chain_tcgplayer_id_missing
2056,P-015,Sunny-Kun,P,,6334,2056,P-015,,base,Base,official-cardlist,P/base/P-015.png,https://en.onepiece-cardgame.com/images/cardlist/card/P-015.png?260305,429,6334,736,HIGH,exact_code_plus_base_flag,736,457031,Sunny-Kun (One Piece Film Red),Sunny Kun One Piece Film Red,P-015,PR,,tcgcsv,737,736,0.5,2.5,19.99,1.96,,,2026-04-02 03:06:17,tcgcsv,P-015,1,1,1,0,1,0,missing_tcgplayer_product_id_only,price_via_chain_tcgplayer_id_missing
2057,P-016,Shanks,P,,6336,2057,P-016,,base,Base,official-cardlist,P/base/P-016.png,https://en.onepiece-cardgame.com/images/cardlist/card/P-016.png?260305,430,6336,737,HIGH,exact_code_plus_base_flag,737,457032,Shanks (One Piece Film Red),Shanks One Piece Film Red,P-016,PR,,tcgcsv,738,737,0.99,1.99,5.99,1.37,,,2026-04-02 03:06:17,tcgcsv,P-016,1,1,1,0,1,0,missing_tcgplayer_product_id_only,price_via_chain_tcgplayer_id_missing
2058,P-017,Trafalgar Law,P,,6339,2058,P-017,,base,Base,official-cardlist,P/base/P-017.png,https://en.onepiece-cardgame.com/images/cardlist/card/P-017.png?260305,431,6339,738,HIGH,exact_code_plus_base_flag,738,457033,Trafalgar Law (One Piece Film Red),Trafalgar Law One Piece Film Red,P-017,PR,,tcgcsv,739,738,0.89,3.31,35.0,2.81,,,2026-04-02 03:06:17,tcgcsv,P-017,1,1,1,0,1,0,missing_tcgplayer_product_id_only,price_via_chain_tcgplayer_id_missing
2059,P-018,Bartolomeo,P,,6342,2059,P-018,,base,Base,official-cardlist,P/base/P-018.png,https://en.onepiece-cardgame.com/images/cardlist/card/P-018.png?260305,432,6342,739,HIGH,exact_code_plus_base_flag,739,457034,Bartolomeo (One Piece Film Red),Bartolomeo One Piece Film Red,P-018,PR,,tcgcsv,740,739,0.1,0.49,2.5,0.34,,,2026-04-02 03:06:17,tcgcsv,P-018,1,1,1,0,1,0,missing_tcgplayer_product_id_only,price_via_chain_tcgplayer_id_missing
2060,P-019,Bepo,P,,6344,2060,P-019,,base,Base,official-cardlist,P/base/P-019.png,https://en.onepiece-cardgame.com/images/cardlist/card/P-019.png?260305,433,6344,740,HIGH,exact_code_plus_base_flag,740,457035,Bepo (One Piece Film Red),Bepo One Piece Film Red,P-019,PR,,tcgcsv,741,740,0.38,0.87,9.99,0.69,,,2026-04-02 03:06:17,tcgcsv,P-019,1,1,1,0,1,0,missing_tcgplayer_product_id_only,price_via_chain_tcgplayer_id_missing
2061,P-020,Helmeppo,P,,6348,2061,P-020,,base,Base,official-cardlist,P/base/P-020.png,https://en.onepiece-cardgame.com/images/cardlist/card/P-020.png?260305,434,6348,741,HIGH,exact_code_plus_base_flag,741,457036,Helmeppo (One Piece Film Red),Helmeppo One Piece Film Red,P-020,PR,,tcgcsv,742,741,0.19,0.48,25.0,0.32,,,2026-04-02 03:06:17,tcgcsv,P-020,1,1,1,0,1,0,missing_tcgplayer_product_id_only,price_via_chain_tcgplayer_id_missing
2062,P-021,Benn.Beckman,P,,6350,2062,P-021,,base,Base,official-cardlist,P/base/P-021.png,https://en.onepiece-cardgame.com/images/cardlist/card/P-021.png?260305,435,6350,742,HIGH,exact_code_plus_base_flag,742,457038,Benn.Beckman (One Piece Film Red),BennBeckman One Piece Film Red,P-021,PR,,tcgcsv,743,742,0.2,0.53,6.25,0.35,,,2026-04-02 03:06:17,tcgcsv,P-021,1,1,1,0,1,0,missing_tcgplayer_product_id_only,price_via_chain_tcgplayer_id_missing
2063,P-022,Monkey.D.Luffy,P,,6352,2063,P-022,,base,Base,official-cardlist,P/base/P-022.png,https://en.onepiece-cardgame.com/images/cardlist/card/P-022.png?260305,436,6352,743,HIGH,exact_code_plus_base_flag,743,457039,Monkey.D.Luffy (One Piece Film Red),MonkeyDLuffy One Piece Film Red,P-022,PR,,tcgcsv,744,743,2.83,5.0,100.0,2.89,,,2026-04-02 03:06:17,tcgcsv,P-022,1,1,1,0,1,0,missing_tcgplayer_product_id_only,price_via_chain_tcgplayer_id_missing
2064,P-023,Yasopp,P,,6355,2064,P-023,,base,Base,official-cardlist,P/base/P-023.png,https://en.onepiece-cardgame.com/images/cardlist/card/P-023.png?260305,437,6355,744,HIGH,exact_code_plus_base_flag,744,457040,Yasopp (One Piece Film Red),Yasopp One Piece Film Red,P-023,PR,,tcgcsv,745,744,0.25,0.51,4.5,0.4,,,2026-04-02 03:06:17,tcgcsv,P-023,1,1,1,0,1,0,missing_tcgplayer_product_id_only,price_via_chain_tcgplayer_id_missing
2065,P-024,I'm Gonna Be King of the Pirates!!,P,,6357,2065,P-024,,base,Base,official-cardlist,P/base/P-024.png,https://en.onepiece-cardgame.com/images/cardlist/card/P-024.png?260305,406,6357,711,HIGH,exact_code_plus_base_flag,711,454250,I'm Gonna Be King of the Pirates!!,Im Gonna Be King of the Pirates,P-024,PR,,tcgcsv,714,711,2.0,3.09,38.0,2.75,,,2026-04-02 03:06:17,tcgcsv,P-024,1,1,1,0,1,0,missing_tcgplayer_product_id_only,price_via_chain_tcgplayer_id_missing
2066,P-025,Smoker,P,,6359,2066,P-025,,base,Base,official-cardlist,P/base/P-025.png,https://en.onepiece-cardgame.com/images/cardlist/card/P-025.png?260305,438,6359,746,HIGH,exact_code_plus_base_flag,746,482215,Smoker (Pre-Release),Smoker Pre Release,P-025,PR,,tcgcsv,747,746,2.0,3.5,24.0,3.11,,,2026-04-02 03:06:17,tcgcsv,P-025,1,1,1,0,1,0,missing_tcgplayer_product_id_only,price_via_chain_tcgplayer_id_missing
2067,P-026,Morgan,P,,6361,2067,P-026,,base,Base,official-cardlist,P/base/P-026.png,https://en.onepiece-cardgame.com/images/cardlist/card/P-026.png?260305,496,6361,824,HIGH,exact_code_plus_base_flag,824,486778,Morgan (Pirates Party Vol. 2),Morgan Pirates Party Vol 2,P-026,PR,,tcgcsv,814,824,0.75,1.03,5.0,1.02,,,2026-04-02 03:06:17,tcgcsv,P-026,1,1,1,0,1,0,missing_tcgplayer_product_id_only,price_via_chain_tcgplayer_id_missing
2068,P-027,General Franky,P,,6363,2068,P-027,,base,Base,official-cardlist,P/base/P-027.png,https://en.onepiece-cardgame.com/images/cardlist/card/P-027.png?260305,559,6363,897,HIGH,exact_code_plus_base_flag,897,509462,General Franky (Event Pack Vol. 2),General Franky Event Pack Vol 2,P-027,PR,,tcgcsv,883,897,8.0,11.4,31.5,10.75,,,2026-04-02 03:06:17,tcgcsv,P-027,1,1,1,0,1,0,missing_tcgplayer_product_id_only,price_via_chain_tcgplayer_id_missing
2069,P-028,Portgas.D.Ace,P,,6365,2069,P-028,,base,Base,official-cardlist,P/base/P-028.png,https://en.onepiece-cardgame.com/images/cardlist/card/P-028.png?260305,415,6365,720,HIGH,exact_code_plus_base_flag,720,455819,Portgas.D.Ace (Event Pack Vol. 1),PortgasDAce Event Pack Vol 1,P-028,PR,,tcgcsv,721,720,16.99,21.39,63.79,16.78,,,2026-04-02 03:06:17,tcgcsv,P-028,1,1,1,0,1,0,missing_tcgplayer_product_id_only,price_via_chain_tcgplayer_id_missing
2070,P-029,Bartolomeo,P,,6367,2070,P-029,,base,Base,official-cardlist,P/base/P-029.png,https://en.onepiece-cardgame.com/images/cardlist/card/P-029.png?260305,416,6367,721,HIGH,exact_code_plus_base_flag,721,455820,Bartolomeo (Event Pack Vol. 1),Bartolomeo Event Pack Vol 1,P-029,PR,,tcgcsv,722,721,0.5,1.99,99.99,1.05,,,2026-04-02 03:06:17,tcgcsv,P-029,1,1,1,0,1,0,missing_tcgplayer_product_id_only,price_via_chain_tcgplayer_id_missing
2071,P-030,Jinbe,P,,6372,2071,P-030,,base,Base,official-cardlist,P/base/P-030.png,https://en.onepiece-cardgame.com/images/cardlist/card/P-030.png?260305,417,6372,722,HIGH,exact_code_plus_base_flag,722,455823,Jinbe (Event Pack Vol. 1),Jinbe Event Pack Vol 1,P-030,PR,,tcgcsv,723,722,0.8,2.22,59.99,1.6,,,2026-04-02 03:06:17,tcgcsv,P-030,1,1,1,0,1,0,missing_tcgplayer_product_id_only,price_via_chain_tcgplayer_id_missing
2072,P-031,Uta,P,,6377,2072,P-031,,base,Base,official-cardlist,P/base/P-031.png,https://en.onepiece-cardgame.com/images/cardlist/card/P-031.png?260305,418,6377,723,HIGH,exact_code_plus_base_flag,723,455824,Uta (Event Pack Vol. 1),Uta Event Pack Vol 1,P-031,PR,,tcgcsv,724,723,12.0,14.58,9999.0,13.86,,,2026-04-02 03:06:17,tcgcsv,P-031,1,1,1,0,1,0,missing_tcgplayer_product_id_only,price_via_chain_tcgplayer_id_missing
2073,P-032,Sengoku,P,,6379,2073,P-032,,base,Base,official-cardlist,P/base/P-032.png,https://en.onepiece-cardgame.com/images/cardlist/card/P-032.png?260305,419,6379,724,HIGH,exact_code_plus_base_flag,724,455825,Sengoku (Event Pack Vol. 1),Sengoku Event Pack Vol 1,P-032,PR,,tcgcsv,725,724,6.0,7.74,25.77,6.18,,,2026-04-02 03:06:17,tcgcsv,P-032,1,1,1,0,1,0,missing_tcgplayer_product_id_only,price_via_chain_tcgplayer_id_missing
2074,P-033,Monkey.D.Luffy,P,,6380,2074,P-033,,base,Base,official-cardlist,P/base/P-033.png,https://en.onepiece-cardgame.com/images/cardlist/card/P-033.png?260305,560,6380,898,HIGH,exact_code_plus_base_flag,898,509463,Monkey.D.Luffy (Event Pack Vol. 2),MonkeyDLuffy Event Pack Vol 2,P-033,PR,,tcgcsv,884,898,149.99,200.0,1200.0,193.54,,,2026-04-02 03:06:17,tcgcsv,P-033,1,1,1,0,1,0,missing_tcgplayer_product_id_only,price_via_chain_tcgplayer_id_missing
2075,P-034,Sanji,P,,6382,2075,P-034,,base,Base,official-cardlist,P/base/P-034.png,https://en.onepiece-cardgame.com/images/cardlist/card/P-034.png?260305,561,6382,899,HIGH,exact_code_plus_base_flag,899,509464,Sanji (Event Pack Vol. 2),Sanji Event Pack Vol 2,P-034,PR,,tcgcsv,885,899,5.0,6.68,79.99,5.76,,,2026-04-02 03:06:17,tcgcsv,P-034,1,1,1,0,1,0,missing_tcgplayer_product_id_only,price_via_chain_tcgplayer_id_missing
2076,P-035,Monkey.D.Luffy,P,,6384,2076,P-035,,base,Base,official-cardlist,P/base/P-035.png,https://en.onepiece-cardgame.com/images/cardlist/card/P-035.png?260305,509,6384,842,HIGH,exact_code_plus_base_flag,842,497406,Monkey.D.Luffy (Pirates Party Vol. 3),MonkeyDLuffy Pirates Party Vol 3,P-035,PR,,tcgcsv,832,842,4.0,6.67,100.0,5.19,,,2026-04-02 03:06:17,tcgcsv,P-035,1,1,1,0,1,0,missing_tcgplayer_product_id_only,price_via_chain_tcgplayer_id_missing
2077,P-036,Monkey.D.Luffy,P,,6386,2077,P-036,,base,Base,official-cardlist,P/base/P-036.png,https://en.onepiece-cardgame.com/images/cardlist/card/P-036.png?260305,630,6386,970,HIGH,exact_code_plus_base_flag,970,515361,Monkey.D.Luffy (Pre-Release Tournament),MonkeyDLuffy Pre Release Tournament,P-036,PR,,tcgcsv,938,970,1.34,2.84,50.0,1.67,,,2026-04-02 03:06:17,tcgcsv,P-036,1,1,1,0,1,0,missing_tcgplayer_product_id_only,price_via_chain_tcgplayer_id_missing
2078,P-037,Monkey.D.Luffy,P,,6388,2078,P-037,,base,Base,official-cardlist,P/base/P-037.png,https://en.onepiece-cardgame.com/images/cardlist/card/P-037.png?260305,512,6388,845,HIGH,exact_code_plus_base_flag,845,498786,Monkey.D.Luffy (Anime Expo 2023),MonkeyDLuffy Anime Expo 2023,P-037,PR,,tcgcsv,835,845,13.5,20.0,9999.0,18.05,,,2026-04-02 03:06:17,tcgcsv,P-037,1,1,1,0,1,0,missing_tcgplayer_product_id_only,price_via_chain_tcgplayer_id_missing
2080,P-039,Bellamy,P,,6391,2080,P-039,,base,Base,official-cardlist,P/base/P-039.png,https://en.onepiece-cardgame.com/images/cardlist/card/P-039.png?260305,567,6391,905,HIGH,exact_code_plus_base_flag,905,510688,Bellamy (Pirates Party Vol. 4),Bellamy Pirates Party Vol 4,P-039,PR,,tcgcsv,890,905,0.89,1.5,9.99,1.02,,,2026-04-02 03:06:17,tcgcsv,P-039,1,1,1,0,1,0,missing_tcgplayer_product_id_only,price_via_chain_tcgplayer_id_missing
2082,P-041,Monkey.D.Luffy,P,,6394,2082,P-041,,base,Base,official-cardlist,P/base/P-041.png,https://en.onepiece-cardgame.com/images/cardlist/card/P-041.png?260305,653,6394,998,HIGH,exact_code_plus_base_flag,998,520773,Monkey.D.Luffy (041) (1st Anniversary Tournament),MonkeyDLuffy 041 1st Anniversary Tournament,P-041,PR,,tcgcsv,966,998,500.0,1375.0,3200.0,470.44,,,2026-04-02 03:06:17,tcgcsv,P-041,1,1,1,0,1,0,missing_tcgplayer_product_id_only,price_via_chain_tcgplayer_id_missing
2083,P-042,Roronoa Zoro,P,,6398,2083,P-042,,base,Base,official-cardlist,P/base/P-042.png,https://en.onepiece-cardgame.com/images/cardlist/card/P-042.png?260305,747,6398,1104,HIGH,exact_code_plus_base_flag,1104,539176,Roronoa Zoro (Event Pack Vol. 3),Roronoa Zoro Event Pack Vol 3,P-042,PR,,tcgcsv,1055,1104,20.0,26.97,50.67,21.84,,,2026-04-02 03:06:17,tcgcsv,P-042,1,1,1,0,1,0,missing_tcgplayer_product_id_only,price_via_chain_tcgplayer_id_missing
2084,P-043,Monkey.D.Luffy,P,,6399,2084,P-043,,base,Base,official-cardlist,P/base/P-043.png,https://en.onepiece-cardgame.com/images/cardlist/card/P-043.png?260305,856,6399,1231,HIGH,exact_code_plus_base_flag,1231,552131,Monkey.D.Luffy (Convention Promo 2024),MonkeyDLuffy Convention Promo 2024,P-043,PR,,tcgcsv,1152,1231,229.85,279.95,900.0,412.65,,,2026-04-02 03:06:17,tcgcsv,P-043,1,1,1,0,1,0,missing_tcgplayer_product_id_only,price_via_chain_tcgplayer_id_missing
2085,P-044,Sabo,P,,6401,2085,P-044,,base,Base,official-cardlist,thumbs/P-044.webp,https://en.onepiece-cardgame.com/images/cardlist/card/P-044.png?260305,822,6401,1184,HIGH,exact_code_plus_base_flag,1184,544795,Sabo (Event Pack Vol. 4),Sabo Event Pack Vol 4,P-044,PR,,tcgcsv,1104,1184,1.0,2.0,42.0,1.5,,,2026-04-02 03:06:17,tcgcsv,P-044,1,1,1,0,1,0,missing_tcgplayer_product_id_only,price_via_chain_tcgplayer_id_missing
2086,P-045,Roronoa Zoro,P,,6404,2086,P-045,,base,Base,official-cardlist,P/base/P-045.png,https://en.onepiece-cardgame.com/images/cardlist/card/P-045.png?260305,734,6404,1088,HIGH,exact_code_plus_base_flag,1088,537438,Roronoa Zoro (OP-06 Pre-Release Tournament) [Participant],Roronoa Zoro OP 06 Pre Release Tournament Participant,P-045,PR,,tcgcsv,1039,1088,2.54,5.49,40.0,3.39,,,2026-04-02 03:06:17,tcgcsv,P-045,1,1,1,0,1,0,missing_tcgplayer_product_id_only,price_via_chain_tcgplayer_id_missing
2087,P-046,Yamato,P,,6407,2087,P-046,,base,Base,official-cardlist,P/base/P-046.png,https://en.onepiece-cardgame.com/images/cardlist/card/P-046.png?260305,748,6407,1105,HIGH,exact_code_plus_base_flag,1105,539177,Yamato (Event Pack Vol. 3),Yamato Event Pack Vol 3,P-046,PR,,tcgcsv,1056,1105,20.0,24.44,99.99,22.41,,,2026-04-02 03:06:17,tcgcsv,P-046,1,1,1,0,1,0,missing_tcgplayer_product_id_only,price_via_chain_tcgplayer_id_missing
2088,P-047,Monkey.D.Luffy,P,,6409,2088,P-047,,base,Base,official-cardlist,P/base/P-047.png,https://en.onepiece-cardgame.com/images/cardlist/card/P-047.png?260305,633,6409,975,HIGH,exact_code_plus_base_flag,975,518694,Monkey.D.Luffy (047) (Sealed Battle Kit Vol. 1),MonkeyDLuffy 047 Sealed Battle Kit Vol 1,P-047,PR,,tcgcsv,943,975,61.5,73.62,400.0,67.03,,,2026-04-02 03:06:17,tcgcsv,P-047,1,1,1,0,1,0,missing_tcgplayer_product_id_only,price_via_chain_tcgplayer_id_missing
2089,P-048,Arlong,P,,6412,2089,P-048,,base,Base,official-cardlist,P/base/P-048.png,https://en.onepiece-cardgame.com/images/cardlist/card/P-048.png?260305,634,6412,976,HIGH,exact_code_plus_base_flag,976,518695,Arlong (Sealed Battle Kit Vol. 1),Arlong Sealed Battle Kit Vol 1,P-048,PR,,tcgcsv,944,976,31.0,37.37,55.25,34.21,,,2026-04-02 03:06:17,tcgcsv,P-048,1,1,1,0,1,0,missing_tcgplayer_product_id_only,price_via_chain_tcgplayer_id_missing
2090,P-049,Usopp,P,,6415,2090,P-049,,base,Base,official-cardlist,P/base/P-049.png,https://en.onepiece-cardgame.com/images/cardlist/card/P-049.png?260305,635,6415,977,HIGH,exact_code_plus_base_flag,977,518696,Usopp (Sealed Battle Kit Vol. 1),Usopp Sealed Battle Kit Vol 1,P-049,PR,,tcgcsv,945,977,6.74,8.95,30.0,9.84,,,2026-04-02 03:06:17,tcgcsv,P-049,1,1,1,0,1,0,missing_tcgplayer_product_id_only,price_via_chain_tcgplayer_id_missing
2091,P-050,Sanji,P,,6418,2091,P-050,,base,Base,official-cardlist,P/base/P-050.png,https://en.onepiece-cardgame.com/images/cardlist/card/P-050.png?260305,636,6418,978,HIGH,exact_code_plus_base_flag,978,518697,Sanji (Sealed Battle Kit Vol. 1),Sanji Sealed Battle Kit Vol 1,P-050,PR,,tcgcsv,946,978,5.0,7.34,20.0,7.15,,,2026-04-02 03:06:17,tcgcsv,P-050,1,1,1,0,1,0,missing_tcgplayer_product_id_only,price_via_chain_tcgplayer_id_missing
2092,P-051,Shanks,P,,6421,2092,P-051,,base,Base,official-cardlist,P/base/P-051.png,https://en.onepiece-cardgame.com/images/cardlist/card/P-051.png?260305,637,6421,979,HIGH,exact_code_plus_base_flag,979,518698,Shanks (Sealed Battle Kit Vol. 1),Shanks Sealed Battle Kit Vol 1,P-051,PR,,tcgcsv,947,979,4.5,5.99,20.0,6.27,,,2026-04-02 03:06:17,tcgcsv,P-051,1,1,1,0,1,0,missing_tcgplayer_product_id_only,price_via_chain_tcgplayer_id_missing
2093,P-052,Dracule Mihawk,P,,6424,2093,P-052,,base,Base,official-cardlist,P/base/P-052.png,https://en.onepiece-cardgame.com/images/cardlist/card/P-052.png?260305,638,6424,980,HIGH,exact_code_plus_base_flag,980,518699,Dracule Mihawk (Sealed Battle Kit Vol. 1),Dracule Mihawk Sealed Battle Kit Vol 1,P-052,PR,,tcgcsv,948,980,2.0,3.31,20.0,3.31,,,2026-04-02 03:06:17,tcgcsv,P-052,1,1,1,0,1,0,missing_tcgplayer_product_id_only,price_via_chain_tcgplayer_id_missing
2094,P-053,Nami,P,,6427,2094,P-053,,base,Base,official-cardlist,P/base/P-053.png,https://en.onepiece-cardgame.com/images/cardlist/card/P-053.png?260305,639,6427,981,HIGH,exact_code_plus_base_flag,981,518700,Nami (Sealed Battle Kit Vol. 1),Nami Sealed Battle Kit Vol 1,P-053,PR,,tcgcsv,949,981,0.49,1.02,80.0,1.01,,,2026-04-02 03:06:17,tcgcsv,P-053,1,1,1,0,1,0,missing_tcgplayer_product_id_only,price_via_chain_tcgplayer_id_missing
2095,P-054,Monkey.D.Garp,P,,6434,2095,P-054,,base,Base,official-cardlist,P/base/P-054.png,https://en.onepiece-cardgame.com/images/cardlist/card/P-054.png?260305,640,6434,982,HIGH,exact_code_plus_base_flag,982,518701,Monkey.D.Garp (Sealed Battle Kit Vol. 1),MonkeyDGarp Sealed Battle Kit Vol 1,P-054,PR,,tcgcsv,950,982,3.0,4.1,26.0,4.28,,,2026-04-02 03:06:17,tcgcsv,P-054,1,1,1,0,1,0,missing_tcgplayer_product_id_only,price_via_chain_tcgplayer_id_missing
2096,P-055,Monkey.D.Luffy,P,,6436,2096,P-055,,base,Base,official-cardlist,P/base/P-055.png,https://en.onepiece-cardgame.com/images/cardlist/card/P-055.png?260305,641,6436,983,HIGH,exact_code_plus_base_flag,983,518702,Monkey.D.Luffy (055) (Sealed Battle Kit Vol. 1),MonkeyDLuffy 055 Sealed Battle Kit Vol 1,P-055,PR,,tcgcsv,951,983,2.0,2.97,80.0,2.82,,,2026-04-02 03:06:17,tcgcsv,P-055,1,1,1,0,1,0,missing_tcgplayer_product_id_only,price_via_chain_tcgplayer_id_missing
2097,P-056,Roronoa Zoro,P,,6444,2097,P-056,,base,Base,official-cardlist,P/base/P-056.png,https://en.onepiece-cardgame.com/images/cardlist/card/P-056.png?260305,642,6444,984,HIGH,exact_code_plus_base_flag,984,518703,Roronoa Zoro (Sealed Battle Kit Vol. 1),Roronoa Zoro Sealed Battle Kit Vol 1,P-056,PR,,tcgcsv,952,984,3.0,5.97,22.0,5.06,,,2026-04-02 03:06:17,tcgcsv,P-056,1,1,1,0,1,0,missing_tcgplayer_product_id_only,price_via_chain_tcgplayer_id_missing
2098,P-057,Fleeting Lullaby,P,,6447,2098,P-057,,base,Base,official-cardlist,P/base/P-057.png,https://en.onepiece-cardgame.com/images/cardlist/card/P-057.png?260305,722,6447,1074,HIGH,exact_code_plus_base_flag,1074,532111,Fleeting Lullaby (Starter Deck 11: Uta Deck Battle),Fleeting Lullaby Starter Deck 11 Uta Deck Battle,P-057,PR,,tcgcsv,1026,1074,0.18,0.5,31.0,0.36,,,2026-04-02 03:06:17,tcgcsv,P-057,1,1,1,0,1,0,missing_tcgplayer_product_id_only,price_via_chain_tcgplayer_id_missing
2099,P-058,Where the Wind Blows,P,,6450,2099,P-058,,base,Base,official-cardlist,P/base/P-058.png,https://en.onepiece-cardgame.com/images/cardlist/card/P-058.png?260305,725,6450,1077,HIGH,exact_code_plus_base_flag,1077,532114,Where the Wind Blows (Starter Deck 11: Uta Deck Battle),Where the Wind Blows Starter Deck 11 Uta Deck Battle,P-058,PR,,tcgcsv,1029,1077,0.18,0.5,49.99,0.41,,,2026-04-02 03:06:17,tcgcsv,P-058,1,1,1,0,1,0,missing_tcgplayer_product_id_only,price_via_chain_tcgplayer_id_missing
2100,P-059,The World's Continuation,P,,6453,2100,P-059,,base,Base,official-cardlist,P/base/P-059.png,https://en.onepiece-cardgame.com/images/cardlist/card/P-059.png?260305,723,6453,1075,HIGH,exact_code_plus_base_flag,1075,532112,The World's Continuation (Starter Deck 11: Uta Deck Battle),The Worlds Continuation Starter Deck 11 Uta Deck Battle,P-059,PR,,tcgcsv,1027,1075,0.18,0.62,8.97,0.42,,,2026-04-02 03:06:17,tcgcsv,P-059,1,1,1,0,1,0,missing_tcgplayer_product_id_only,price_via_chain_tcgplayer_id_missing
2101,P-060,Tot Musica,P,,6456,2101,P-060,,base,Base,official-cardlist,P/base/P-060.png,https://en.onepiece-cardgame.com/images/cardlist/card/P-060.png?260305,724,6456,1076,HIGH,exact_code_plus_base_flag,1076,532113,Tot Musica (Starter Deck 11: Uta Deck Battle),Tot Musica Starter Deck 11 Uta Deck Battle,P-060,PR,,tcgcsv,1028,1076,0.18,0.49,10.0,0.39,,,2026-04-02 03:06:17,tcgcsv,P-060,1,1,1,0,1,0,missing_tcgplayer_product_id_only,price_via_chain_tcgplayer_id_missing
2102,P-061,Monkey.D.Luffy,P,,6459,2102,P-061,,base,Base,official-cardlist,P/base/P-061.png,https://en.onepiece-cardgame.com/images/cardlist/card/P-061.png?260305,726,6459,1078,HIGH,exact_code_plus_base_flag,1078,532115,Monkey.D.Luffy (Starter Deck 11: Uta Deck Battle),MonkeyDLuffy Starter Deck 11 Uta Deck Battle,P-061,PR,,tcgcsv,1030,1078,2.3,3.99,100.0,2.85,,,2026-04-02 03:06:17,tcgcsv,P-061,1,1,1,0,1,0,missing_tcgplayer_product_id_only,price_via_chain_tcgplayer_id_missing
2103,P-062,Hody & Hyouzou,P,,6462,2103,P-062,,base,Base,official-cardlist,P/base/P-062.png,https://en.onepiece-cardgame.com/images/cardlist/card/P-062.png?260305,744,6462,1100,HIGH,exact_code_plus_base_flag,1100,537450,Hody & Hyouzou (Pirates Party Vol. 6),Hody and Hyouzou Pirates Party Vol 6,P-062,PR,,tcgcsv,1051,1100,0.6,2.23,59.99,1.29,,,2026-04-02 03:06:17,tcgcsv,P-062,1,1,1,0,1,0,missing_tcgplayer_product_id_only,price_via_chain_tcgplayer_id_missing
2104,P-063,Jinbe,P,,6464,2104,P-063,,base,Base,official-cardlist,thumbs/P-063.webp,https://en.onepiece-cardgame.com/images/cardlist/card/P-063.png?260305,823,6464,1185,HIGH,exact_code_plus_base_flag,1185,544796,Jinbe (Event Pack Vol. 4),Jinbe Event Pack Vol 4,P-063,PR,,tcgcsv,1105,1185,0.24,2.15,30.0,0.86,,,2026-04-02 03:06:17,tcgcsv,P-063,1,1,1,0,1,0,missing_tcgplayer_product_id_only,price_via_chain_tcgplayer_id_missing
2106,P-065,Tony Tony.Chopper,P,,6470,2106,P-065,,base,Base,official-cardlist,P/base/P-065.png,https://en.onepiece-cardgame.com/images/cardlist/card/P-065.png?260305,972,6470,1366,HIGH,exact_code_plus_base_flag,1366,583766,Tony Tony.Chopper (Event Pack Vol. 5),Tony TonyChopper Event Pack Vol 5,P-065,PR,,tcgcsv,1269,1366,37.99,44.5,50.0,37.96,,,2026-04-02 03:06:17,tcgcsv,P-065,1,1,1,0,1,0,missing_tcgplayer_product_id_only,price_via_chain_tcgplayer_id_missing
2109,P-068,Sanji,P,,6479,2109,P-068,,base,Base,official-cardlist,P/base/P-068.png,https://en.onepiece-cardgame.com/images/cardlist/card/P-068.png?260305,854,6479,1227,HIGH,exact_code_plus_base_flag,1227,548442,Sanji (Pirates Party Vol. 7),Sanji Pirates Party Vol 7,P-068,PR,,tcgcsv,1147,1227,0.25,1.25,26.7,0.82,,,2026-04-02 03:06:17,tcgcsv,P-068,1,1,1,0,1,0,missing_tcgplayer_product_id_only,price_via_chain_tcgplayer_id_missing
2110,P-069,Koala,P,,6483,2110,P-069,,base,Base,official-cardlist,P/base/P-069.png,https://en.onepiece-cardgame.com/images/cardlist/card/P-069.png?260305,973,6483,1367,HIGH,exact_code_plus_base_flag,1367,583768,Koala (Event Pack Vol. 5),Koala Event Pack Vol 5,P-069,PR,,tcgcsv,1270,1367,6.87,7.99,27.98,7.37,,,2026-04-02 03:06:17,tcgcsv,P-069,1,1,1,0,1,0,missing_tcgplayer_product_id_only,price_via_chain_tcgplayer_id_missing
2111,P-070,Carrot,P,,6497,2111,P-070,,base,Base,official-cardlist,P/base/P-070.png,https://en.onepiece-cardgame.com/images/cardlist/card/P-070.png?260305,1062,6497,1473,HIGH,exact_code_plus_base_flag,1473,619199,Carrot (Event Pack Vol. 6),Carrot Event Pack Vol 6,P-070,PR,,tcgcsv,1366,1473,1.67,2.23,22.5,1.89,,,2026-04-02 03:06:17,tcgcsv,P-070,1,1,1,0,1,0,missing_tcgplayer_product_id_only,price_via_chain_tcgplayer_id_missing
2112,P-071,Marco,P,,6504,2112,P-071,,base,Base,official-cardlist,P/base/P-071.png,https://en.onepiece-cardgame.com/images/cardlist/card/P-071.png?260305,903,6504,1284,HIGH,exact_code_plus_base_flag,1284,577142,Marco (Two Legends Pre-Release),Marco Two Legends Pre Release,P-071,PR,,tcgcsv,1202,1284,0.25,0.65,3.99,0.59,,,2026-04-02 03:06:17,tcgcsv,P-071,1,1,1,0,1,0,missing_tcgplayer_product_id_only,price_via_chain_tcgplayer_id_missing
2113,P-072,Ryuma,P,,6506,2113,P-072,,base,Base,official-cardlist,P/base/P-072.png,https://en.onepiece-cardgame.com/images/cardlist/card/P-072.png?260305,1129,6506,1560,HIGH,exact_code_plus_base_flag,1560,626673,Ryuma (Oda Stamped Signature) (Premium Card Collection -Best Selection Vol. 3-),Ryuma Oda Stamped Signature Premium Card Collection Best Selection Vol 3,P-072,PR,,tcgcsv,1439,1560,24.33,29.87,160.0,24.31,,,2026-04-02 03:06:17,tcgcsv,P-072,1,1,1,0,1,0,missing_tcgplayer_product_id_only,price_via_chain_tcgplayer_id_missing
2114,P-073,Sabo,P,,6508,2114,P-073,,base,Base,official-cardlist,thumbs/P-073.webp,https://en.onepiece-cardgame.com/images/cardlist/card/P-073.png?260305,1130,6508,1561,HIGH,exact_code_plus_base_flag,1561,626674,Sabo (Premium Card Collection -Best Selection Vol. 3-),Sabo Premium Card Collection Best Selection Vol 3,P-073,PR,,tcgcsv,1440,1561,2.94,5.0,40.0,3.92,,,2026-04-02 03:06:17,tcgcsv,P-073,1,1,1,0,1,0,missing_tcgplayer_product_id_only,price_via_chain_tcgplayer_id_missing
2115,P-074,Portgas.D.Ace,P,,6513,2115,P-074,,base,Base,official-cardlist,thumbs/P-074.webp,https://en.onepiece-cardgame.com/images/cardlist/card/P-074.png?260305,1131,6513,1562,HIGH,exact_code_plus_base_flag,1562,626675,Portgas.D.Ace (Premium Card Collection -Best Selection Vol. 3-),PortgasDAce Premium Card Collection Best Selection Vol 3,P-074,PR,,tcgcsv,1441,1562,5.78,10.0,80.0,7.03,,,2026-04-02 03:06:17,tcgcsv,P-074,1,1,1,0,1,0,missing_tcgplayer_product_id_only,price_via_chain_tcgplayer_id_missing
2116,P-075,Monkey.D.Luffy,P,,6517,2116,P-075,,base,Base,official-cardlist,thumbs/P-075.webp,https://en.onepiece-cardgame.com/images/cardlist/card/P-075.png?260305,1132,6517,1563,HIGH,exact_code_plus_base_flag,1563,627095,Monkey.D.Luffy (Premium Card Collection -Best Selection Vol. 3-),MonkeyDLuffy Premium Card Collection Best Selection Vol 3,P-075,PR,,tcgcsv,1442,1563,8.0,14.99,60.0,9.43,,,2026-04-02 03:06:17,tcgcsv,P-075,1,1,1,0,1,0,missing_tcgplayer_product_id_only,price_via_chain_tcgplayer_id_missing
2117,P-076,Sakazuki,P,,6521,2117,P-076,,base,Base,official-cardlist,P/base/P-076.png,https://en.onepiece-cardgame.com/images/cardlist/card/P-076.png?260305,855,6521,1228,HIGH,exact_code_plus_base_flag,1228,548444,Sakazuki (Pirates Party Vol. 7),Sakazuki Pirates Party Vol 7,P-076,PR,,tcgcsv,1148,1228,0.25,1.5,15.5,0.57,,,2026-04-02 03:06:17,tcgcsv,P-076,1,1,1,0,1,0,missing_tcgplayer_product_id_only,price_via_chain_tcgplayer_id_missing
2118,P-077,Ulti,P,,6523,2118,P-077,,base,Base,official-cardlist,P/base/P-077.png,https://en.onepiece-cardgame.com/images/cardlist/card/P-077.png?260305,1063,6523,1474,HIGH,exact_code_plus_base_flag,1474,619200,Ulti (Event Pack Vol. 6),Ulti Event Pack Vol 6,P-077,PR,,tcgcsv,1367,1474,1.2,3.52,28.28,1.99,,,2026-04-02 03:06:17,tcgcsv,P-077,1,1,1,0,1,0,missing_tcgplayer_product_id_only,price_via_chain_tcgplayer_id_missing
2119,P-078,Adio,P,,6528,2119,P-078,,base,Base,official-cardlist,P/base/P-078.png,https://en.onepiece-cardgame.com/images/cardlist/card/P-078.png?260305,1061,6528,1472,HIGH,exact_code_plus_base_flag,1472,619198,Adio (Offline Regional Participation Pack 2025 Vol.1),Adio Offline Regional Participation Pack 2025 Vol1,P-078,PR,,tcgcsv,1365,1472,3.0,5.1,69.98,3.91,,,2026-04-02 03:06:17,tcgcsv,P-078,1,1,1,0,1,0,missing_tcgplayer_product_id_only,price_via_chain_tcgplayer_id_missing
2120,P-079,Lim,P,,6538,2120,P-079,,base,Base,official-cardlist,P/base/P-079.png,https://en.onepiece-cardgame.com/images/cardlist/card/P-079.png?260305,1064,6538,1475,HIGH,exact_code_plus_base_flag,1475,619201,Lim (Event Pack Vol. 6),Lim Event Pack Vol 6,P-079,PR,,tcgcsv,1368,1475,0.49,1.25,33.04,0.78,,,2026-04-02 03:06:17,tcgcsv,P-079,1,1,1,0,1,0,missing_tcgplayer_product_id_only,price_via_chain_tcgplayer_id_missing
2122,P-081,Dracule Mihawk,P,,6546,2122,P-081,,base,Base,official-cardlist,P/base/P-081.png,https://en.onepiece-cardgame.com/images/cardlist/card/P-081.png?260305,1144,6546,1576,HIGH,exact_code_plus_base_flag,1576,634529,Dracule Mihawk (OP11 Release Event),Dracule Mihawk OP11 Release Event,P-081,PR,,tcgcsv,1454,1576,0.1,0.4,4.99,0.31,,,2026-04-02 03:06:17,tcgcsv,P-081,1,1,1,0,1,0,missing_tcgplayer_product_id_only,price_via_chain_tcgplayer_id_missing
2123,P-082,Crocodile,P,,6551,2123,P-082,,base,Base,official-cardlist,P/base/P-082.png,https://en.onepiece-cardgame.com/images/cardlist/card/P-082.png?260305,1141,6551,1573,HIGH,exact_code_plus_base_flag,1573,630420,Crocodile (Store 2-on-2 Battle 2025),Crocodile Store 2 on 2 Battle 2025,P-082,PR,,tcgcsv,1451,1573,0.1,0.44,50.0,0.3,,,2026-04-02 03:06:17,tcgcsv,P-082,1,1,1,0,1,0,missing_tcgplayer_product_id_only,price_via_chain_tcgplayer_id_missing
2124,P-083,Shanks,P,,6556,2124,P-083,,base,Base,official-cardlist,P/base/P-083.png,https://en.onepiece-cardgame.com/images/cardlist/card/P-083.png?260305,1065,6556,1476,HIGH,exact_code_plus_base_flag,1476,619202,Shanks (Event Pack Vol. 6),Shanks Event Pack Vol 6,P-083,PR,,tcgcsv,1369,1476,1.37,3.0,36.0,1.8,,,2026-04-02 03:06:17,tcgcsv,P-083,1,1,1,0,1,0,missing_tcgplayer_product_id_only,price_via_chain_tcgplayer_id_missing
2125,P-084,Buggy,P,,6563,2125,P-084,,base,Base,official-cardlist,thumbs/P-084.webp,https://en.onepiece-cardgame.com/images/cardlist/card/P-084.png?260305,1086,6563,1510,HIGH,exact_code_plus_base_flag,1510,620828,Buggy (OP10 Release Event),Buggy OP10 Release Event,P-084,PR,,tcgcsv,1399,1510,0.18,0.56,10.0,0.48,,,2026-04-02 03:06:17,tcgcsv,P-084,1,1,1,0,1,0,missing_tcgplayer_product_id_only,price_via_chain_tcgplayer_id_missing
2126,P-085,Jewelry Bonney,P,,6565,2126,P-085,,base,Base,official-cardlist,P/base/P-085.png,https://en.onepiece-cardgame.com/images/cardlist/card/P-085.png?260305,1197,6565,1639,HIGH,exact_code_plus_base_flag,1639,646728,Jewelry Bonney (Offline Regional Participation Pack 2025 Vol.2),Jewelry Bonney Offline Regional Participation Pack 2025 Vol2,P-085,PR,,tcgcsv,1515,1639,6.76,9.24,24.0,7.47,,,2026-04-02 03:06:17,tcgcsv,P-085,1,1,1,0,1,0,missing_tcgplayer_product_id_only,price_via_chain_tcgplayer_id_missing
2129,P-088,Trafalgar Law,P,,6574,2129,P-088,,base,Base,official-cardlist,P/base/P-088.png,https://en.onepiece-cardgame.com/images/cardlist/card/P-088.png?260305,1203,6574,1646,HIGH,exact_code_plus_base_flag,1646,646737,Trafalgar Law (Event Pack Vol. 7),Trafalgar Law Event Pack Vol 7,P-088,PR,,tcgcsv,1519,1646,24.99,33.81,50.0,32.72,,,2026-04-02 03:06:17,tcgcsv,P-088,1,1,1,0,1,0,missing_tcgplayer_product_id_only,price_via_chain_tcgplayer_id_missing
2130,P-089,Tony Tony.Chopper,P,,6578,2130,P-089,,base,Base,official-cardlist,P/base/P-089.png,https://en.onepiece-cardgame.com/images/cardlist/card/P-089.png?260305,1200,6578,1642,HIGH,exact_code_plus_base_flag,1642,646731,Tony Tony.Chopper (Offline Regional Champion Card Set 2025 Vol.2),Tony TonyChopper Offline Regional Champion Card Set 2025 Vol2,P-089,PR,,tcgcsv,,,,,,,,,,,P-089,1,1,1,0,1,0,missing_tcgplayer_product_id_only,price_via_chain_tcgplayer_id_missing
2131,P-090,Charlotte Smoothie,P,,6582,2131,P-090,,base,Base,official-cardlist,P/base/P-090.png,https://en.onepiece-cardgame.com/images/cardlist/card/P-090.png?260305,1204,6582,1647,HIGH,exact_code_plus_base_flag,1647,646738,Charlotte Smoothie (Event Pack Vol. 7),Charlotte Smoothie Event Pack Vol 7,P-090,PR,,tcgcsv,1520,1647,9.0,10.0,29.98,9.01,,,2026-04-02 03:06:17,tcgcsv,P-090,1,1,1,0,1,0,missing_tcgplayer_product_id_only,price_via_chain_tcgplayer_id_missing
2132,P-091,Shirahoshi,P,,6584,2132,P-091,,base,Base,official-cardlist,P/base/P-091.png,https://en.onepiece-cardgame.com/images/cardlist/card/P-091.png?260305,1205,6584,1648,HIGH,exact_code_plus_base_flag,1648,646739,Shirahoshi (Event Pack Vol. 7),Shirahoshi Event Pack Vol 7,P-091,PR,,tcgcsv,1521,1648,17.99,19.98,48.99,18.75,,,2026-04-02 03:06:17,tcgcsv,P-091,1,1,1,0,1,0,missing_tcgplayer_product_id_only,price_via_chain_tcgplayer_id_missing
2133,P-092,Koby,P,,6586,2133,P-092,,base,Base,official-cardlist,P/base/P-092.png,https://en.onepiece-cardgame.com/images/cardlist/card/P-092.png?260305,1206,6586,1649,HIGH,exact_code_plus_base_flag,1649,646740,Koby (Event Pack Vol. 7),Koby Event Pack Vol 7,P-092,PR,,tcgcsv,1522,1649,5.38,8.79,26.68,6.86,,,2026-04-02 03:06:17,tcgcsv,P-092,1,1,1,0,1,0,missing_tcgplayer_product_id_only,price_via_chain_tcgplayer_id_missing
2134,P-093,Trafalgar Law,P,,6590,2134,P-093,,base,Base,official-cardlist,P/base/P-093.png,https://en.onepiece-cardgame.com/images/cardlist/card/P-093.png?260305,1412,6590,1883,HIGH,exact_code_plus_base_flag,1883,671740,Trafalgar Law (Illustration Box Vol.6),Trafalgar Law Illustration Box Vol6,P-093,PR,,tcgcsv,1716,1883,2.08,5.0,29.99,2.83,,,2026-04-02 03:06:17,tcgcsv,P-093,1,1,1,0,1,0,missing_tcgplayer_product_id_only,price_via_chain_tcgplayer_id_missing
2137,P-096,Girl,P,,6595,2137,P-096,,base,Base,official-cardlist,P/base/P-096.png,https://en.onepiece-cardgame.com/images/cardlist/card/P-096.png?260305,1414,6595,1885,HIGH,exact_code_plus_base_flag,1885,671883,Girl (OP14 Release Event),Girl OP14 Release Event,P-096,PR,,tcgcsv,1718,1885,17.0,20.0,49.95,18.37,,,2026-04-02 03:06:17,tcgcsv,P-096,1,1,1,0,1,0,missing_tcgplayer_product_id_only,price_via_chain_tcgplayer_id_missing
2138,P-097,Shanks,P,,6598,2138,P-097,,base,Base,official-cardlist,P/base/P-097.png,https://en.onepiece-cardgame.com/images/cardlist/card/P-097.png?260305,1418,6598,1892,HIGH,exact_code_plus_base_flag,1892,675735,Shanks (Event Pack Vol. 8),Shanks Event Pack Vol 8,P-097,PR,,tcgcsv,1725,1892,10.0,16.69,150.0,10.39,,,2026-04-02 03:06:17,tcgcsv,P-097,1,1,1,0,1,0,missing_tcgplayer_product_id_only,price_via_chain_tcgplayer_id_missing
2139,P-098,Buggy,P,,6600,2139,P-098,,base,Base,official-cardlist,P/base/P-098.png,https://en.onepiece-cardgame.com/images/cardlist/card/P-098.png?260305,1419,6600,1893,HIGH,exact_code_plus_base_flag,1893,675736,Buggy (Event Pack Vol. 8),Buggy Event Pack Vol 8,P-098,PR,,tcgcsv,1726,1893,3.31,10.92,55.0,7.35,,,2026-04-02 03:06:17,tcgcsv,P-098,1,1,1,0,1,0,missing_tcgplayer_product_id_only,price_via_chain_tcgplayer_id_missing
2140,P-099,Monkey.D.Luffy,P,,6602,2140,P-099,,base,Base,official-cardlist,P/base/P-099.png,https://en.onepiece-cardgame.com/images/cardlist/card/P-099.png?260305,1420,6602,1894,HIGH,exact_code_plus_base_flag,1894,675737,Monkey.D.Luffy (Event Pack Vol. 8),MonkeyDLuffy Event Pack Vol 8,P-099,PR,,tcgcsv,1727,1894,23.01,34.99,9999.0,32.98,,,2026-04-02 03:06:17,tcgcsv,P-099,1,1,1,0,1,0,missing_tcgplayer_product_id_only,price_via_chain_tcgplayer_id_missing
2141,P-100,Marshall.D.Teach,P,,6604,2141,P-100,,base,Base,official-cardlist,P/base/P-100.png,https://en.onepiece-cardgame.com/images/cardlist/card/P-100.png?260305,1421,6604,1895,HIGH,exact_code_plus_base_flag,1895,675738,Marshall.D.Teach (Event Pack Vol. 8),MarshallDTeach Event Pack Vol 8,P-100,PR,,tcgcsv,1728,1895,14.75,19.0,90.99,14.97,,,2026-04-02 03:06:17,tcgcsv,P-100,1,1,1,0,1,0,missing_tcgplayer_product_id_only,price_via_chain_tcgplayer_id_missing
2142,P-101,Tony Tony.Chopper,P,,6606,2142,P-101,,base,Base,official-cardlist,P/base/P-101.png,https://en.onepiece-cardgame.com/images/cardlist/card/P-101.png?260305,1367,6606,1830,HIGH,exact_code_plus_base_flag,1830,668173,Tony Tony.Chopper (Store Tournament 2025 Vol. 4),Tony TonyChopper Store Tournament 2025 Vol 4,P-101,PR,,tcgcsv,1674,1830,0.1,0.6,85.0,0.43,,,2026-04-02 03:06:17,tcgcsv,P-101,1,1,1,0,1,0,missing_tcgplayer_product_id_only,price_via_chain_tcgplayer_id_missing
2143,P-102,Nami,P,,6609,2143,P-102,,base,Base,official-cardlist,P/base/P-102.png,https://en.onepiece-cardgame.com/images/cardlist/card/P-102.png?260305,1368,6609,1831,HIGH,exact_code_plus_base_flag,1831,668174,Nami (Store Tournament 2025 Vol. 4),Nami Store Tournament 2025 Vol 4,P-102,PR,,tcgcsv,1675,1831,0.01,0.96,9999.0,0.57,,,2026-04-02 03:06:17,tcgcsv,P-102,1,1,1,0,1,0,missing_tcgplayer_product_id_only,price_via_chain_tcgplayer_id_missing
2144,P-103,Portgas.D.Ace,P,,6612,2144,P-103,,base,Base,official-cardlist,P/base/P-103.png,https://en.onepiece-cardgame.com/images/cardlist/card/P-103.png?260305,1369,6612,1832,HIGH,exact_code_plus_base_flag,1832,668175,Portgas.D.Ace (Store Tournament 2025 Vol. 4),PortgasDAce Store Tournament 2025 Vol 4,P-103,PR,,tcgcsv,1676,1832,0.05,0.49,60.0,0.39,,,2026-04-02 03:06:17,tcgcsv,P-103,1,1,1,0,1,0,missing_tcgplayer_product_id_only,price_via_chain_tcgplayer_id_missing
2145,P-104,Shanks,P,,6615,2145,P-104,,base,Base,official-cardlist,P/base/P-104.png,https://en.onepiece-cardgame.com/images/cardlist/card/P-104.png?260305,1370,6615,1833,HIGH,exact_code_plus_base_flag,1833,668177,Shanks (Store Tournament 2025 Vol. 4),Shanks Store Tournament 2025 Vol 4,P-104,PR,,tcgcsv,1677,1833,0.1,0.39,70.0,0.31,,,2026-04-02 03:06:17,tcgcsv,P-104,1,1,1,0,1,0,missing_tcgplayer_product_id_only,price_via_chain_tcgplayer_id_missing
2146,P-105,Sabo,P,,6618,2146,P-105,,base,Base,official-cardlist,P/base/P-105.png,https://en.onepiece-cardgame.com/images/cardlist/card/P-105.png?260305,1371,6618,1834,HIGH,exact_code_plus_base_flag,1834,668179,Sabo (Store Tournament 2025 Vol. 4),Sabo Store Tournament 2025 Vol 4,P-105,PR,,tcgcsv,1678,1834,0.99,2.73,9999.0,1.42,,,2026-04-02 03:06:17,tcgcsv,P-105,1,1,1,0,1,0,missing_tcgplayer_product_id_only,price_via_chain_tcgplayer_id_missing
2147,P-106,Monkey.D.Luffy,P,,6621,2147,P-106,,base,Base,official-cardlist,P/base/P-106.png,https://en.onepiece-cardgame.com/images/cardlist/card/P-106.png?260305,1372,6621,1835,HIGH,exact_code_plus_base_flag,1835,668181,Monkey.D.Luffy (Store Tournament 2025 Vol. 4),MonkeyDLuffy Store Tournament 2025 Vol 4,P-106,PR,,tcgcsv,1679,1835,0.2,1.09,9999.0,0.95,,,2026-04-02 03:06:17,tcgcsv,P-106,1,1,1,0,1,0,missing_tcgplayer_product_id_only,price_via_chain_tcgplayer_id_missing
2148,P-107,Gol.D.Roger,P,,6625,2148,P-107,,base,Base,official-cardlist,P/base/P-107.png,https://en.onepiece-cardgame.com/images/cardlist/card/P-107.png?260305,1373,6625,1836,HIGH,exact_code_plus_base_flag,1836,668182,Gol.D.Roger (Store Tournament 2025 Vol. 4),GolDRoger Store Tournament 2025 Vol 4,P-107,PR,,tcgcsv,1680,1836,5.0,7.99,9999.0,6.72,,,2026-04-02 03:06:17,tcgcsv,P-107,1,1,1,0,1,0,missing_tcgplayer_product_id_only,price_via_chain_tcgplayer_id_missing
2151,P-111,Nico Robin,P,,6629,2151,P-111,,base,Base,official-cardlist,P/base/P-111.png,https://en.onepiece-cardgame.com/images/cardlist/card/P-111.png?260305,1422,6629,1898,HIGH,exact_code_plus_base_flag,1898,676843,Nico Robin (Heroines Battle Pack),Nico Robin Heroines Battle Pack,P-111,PR,,tcgcsv,1730,1898,36.0,39.99,100.0,36.0,,,2026-04-02 03:06:17,tcgcsv,P-111,1,1,1,0,1,0,missing_tcgplayer_product_id_only,price_via_chain_tcgplayer_id_missing
2152,P-112,Nami,P,,6633,2152,P-112,,base,Base,official-cardlist,P/base/P-112.png,https://en.onepiece-cardgame.com/images/cardlist/card/P-112.png?260305,1423,6633,1899,HIGH,exact_code_plus_base_flag,1899,676844,Nami (Heroines Battle Pack),Nami Heroines Battle Pack,P-112,PR,,tcgcsv,1731,1899,4.49,5.99,25.0,5.75,,,2026-04-02 03:06:17,tcgcsv,P-112,1,1,1,0,1,0,missing_tcgplayer_product_id_only,price_via_chain_tcgplayer_id_missing
2153,P-113,Jewelry Bonney,P,,6637,2153,P-113,,base,Base,official-cardlist,P/base/P-113.png,https://en.onepiece-cardgame.com/images/cardlist/card/P-113.png?260305,1424,6637,1900,HIGH,exact_code_plus_base_flag,1900,676845,Jewelry Bonney (Heroines Battle Pack),Jewelry Bonney Heroines Battle Pack,P-113,PR,,tcgcsv,1732,1900,0.9,1.92,10.0,1.31,,,2026-04-02 03:06:17,tcgcsv,P-113,1,1,1,0,1,0,missing_tcgplayer_product_id_only,price_via_chain_tcgplayer_id_missing
2157,P-117,Nami,P,,6644,2157,P-117,,base,Base,official-cardlist,P/base/P-117.png,https://en.onepiece-cardgame.com/images/cardlist/card/P-117.png?260305,1320,6644,1775,HIGH,exact_code_plus_base_flag,1775,656569,Nami - P-117,Nami P 117,P-117,PR,,tcgcsv,1623,1775,1.1,1.86,70.0,1.27,,,2026-04-02 03:06:17,tcgcsv,P-117,1,1,1,0,1,0,missing_tcgplayer_product_id_only,price_via_chain_tcgplayer_id_missing
2174,PRB01-001,Sanji,L,,6662,2174,PRB01-001,,base,Base,official-cardlist,PRB01/base/PRB01-001.png,https://en.onepiece-cardgame.com/images/cardlist/card/PRB01-001.png?260305,2708,6662,3313,HIGH,exact_code_plus_base_flag,3313,586607,Sanji (PRB01-001),Sanji PRB01 001,PRB01-001,L,,tcgcsv,3109,3313,0.15,0.42,10.0,0.4,,,2026-04-02 03:06:19,tcgcsv,PRB01-001,1,1,1,0,1,0,missing_tcgplayer_product_id_only,price_via_chain_tcgplayer_id_missing
2175,PRB02-001,Koby,R,,6666,2175,PRB02-001,,base,Base,official-cardlist,PRB02/base/PRB02-001.png,https://en.onepiece-cardgame.com/images/cardlist/card/PRB02-001.png?260305,3964,6666,4679,HIGH,exact_code_plus_base_flag,4679,653428,Koby,Koby,PRB02-001,R,,tcgcsv,4505,4679,8.0,14.0,19.97,10.12,,,2026-04-02 03:06:21,tcgcsv,PRB02-001,1,1,1,0,1,0,missing_tcgplayer_product_id_only,price_via_chain_tcgplayer_id_missing
2176,PRB02-002,Trafalgar Law,SR,,6670,2176,PRB02-002,,base,Base,official-cardlist,PRB02/base/PRB02-002.png,https://en.onepiece-cardgame.com/images/cardlist/card/PRB02-002.png?260305,3962,6670,4677,HIGH,exact_code_plus_base_flag,4677,653423,Trafalgar Law - PRB02-002 (Alternate Art),Trafalgar Law PRB02 002 Alternate Art,PRB02-002,SR,,tcgcsv,4503,4677,15.0,19.99,75.0,16.25,,,2026-04-02 03:06:21,tcgcsv,PRB02-002,1,1,1,0,1,0,missing_tcgplayer_product_id_only,price_via_chain_tcgplayer_id_missing
2177,PRB02-003,Lucky.Roux,R,,6674,2177,PRB02-003,,base,Base,official-cardlist,PRB02/base/PRB02-003.png,https://en.onepiece-cardgame.com/images/cardlist/card/PRB02-003.png?260305,3948,6674,4663,HIGH,exact_code_plus_base_flag,4663,653261,Lucky.Roux,LuckyRoux,PRB02-003,R,,tcgcsv,4489,4663,0.2,0.99,80.0,0.84,,,2026-04-02 03:06:21,tcgcsv,PRB02-003,1,1,1,0,1,0,missing_tcgplayer_product_id_only,price_via_chain_tcgplayer_id_missing
2178,PRB02-004,Jewelry Bonney,R,,6678,2178,PRB02-004,,base,Base,official-cardlist,PRB02/base/PRB02-004.png,https://en.onepiece-cardgame.com/images/cardlist/card/PRB02-004.png?260305,3950,6678,4665,HIGH,exact_code_plus_base_flag,4665,653263,Jewelry Bonney -PRB02-004,Jewelry Bonney PRB02 004,PRB02-004,R,,tcgcsv,4491,4665,0.75,3.87,19.99,2.12,,,2026-04-02 03:06:21,tcgcsv,PRB02-004,1,1,1,0,1,0,missing_tcgplayer_product_id_only,price_via_chain_tcgplayer_id_missing
2179,PRB02-005,Monkey.D.Luffy,SR,,6682,2179,PRB02-005,,base,Base,official-cardlist,PRB02/base/PRB02-005.png,https://en.onepiece-cardgame.com/images/cardlist/card/PRB02-005.png?260305,1443,6682,1922,HIGH,exact_code_plus_base_flag,1922,681872,Monkey.D.Luffy (Red Bull Double Don!!),MonkeyDLuffy Red Bull Double Don,PRB02-005,SR,,tcgcsv,1747,1922,80.0,99.99,249.99,91.96,,,2026-04-02 03:06:17,tcgcsv,PRB02-005,1,1,1,0,1,0,missing_tcgplayer_product_id_only,price_via_chain_tcgplayer_id_missing
2180,PRB02-006,Roronoa Zoro,R,,6686,2180,PRB02-006,,base,Base,official-cardlist,PRB02/sp/PRB02-006_sp.png,https://en.onepiece-cardgame.com/images/cardlist/card/PRB02-006.png?260305,3966,6686,4681,HIGH,exact_code_plus_base_flag,4681,653430,Roronoa Zoro - PRB02-006,Roronoa Zoro PRB02 006,PRB02-006,R,,tcgcsv,4507,4681,16.0,19.48,30.0,18.03,,,2026-04-02 03:06:21,tcgcsv,PRB02-006,1,1,1,0,1,0,missing_tcgplayer_product_id_only,price_via_chain_tcgplayer_id_missing
