card_id,card_canonical_code,card_name,card_rarity,card_source,cv_card_variant_id,cv_card_variants_card_id,cv_print_id,cv_tcgplayer_product_id,cv_variant,cv_variant_label,cv_variant_source,cv_image_path,cv_image_url,printing_market_map_id,printing_id,printing_market_map_market_product_internal_fk,pmm_mapping_confidence,pmm_mapping_method,mp_market_products_internal_id,mp_market_product_id,mp_product_name,mp_clean_name,mp_ext_number,mp_rarity_market,mp_subtype,mp_market_product_source,mpr_market_prices_id,market_product_fk,mpr_low_price,mpr_mid_price,mpr_high_price,mpr_market_price,mpr_direct_low_price,mpr_listed_median_price,mpr_captured_at,mpr_mpr_source_name,print_id_trim,has_printing_market_map,has_market_product_via_map,has_market_price_via_chain,has_tcgplayer_column_price,has_variant_image_fields,has_image_assets_row,failure_stage
1,EB01-001,Kouzuki Oden,L,,3,1,EB01-001_p1,,parallel_1,Parallel 1,official-cardlist,EB01/parallel/EB01-001_p1.png,https://en.onepiece-cardgame.com/images/cardlist/card/EB01-001_p1.png?260305,,,,,,,,,,,,,,,,,,,,,,,,EB01-001_p1,0,0,0,0,1,0,missing_printing_market_map
1,EB01-001,Kouzuki Oden,L,,4,1,EB01-001_p2,,parallel_2,Parallel 2,official-cardlist,EB02/parallel/EB01-001_p2.png,https://en.onepiece-cardgame.com/images/cardlist/card/EB01-001_p2.png?260305,,,,,,,,,,,,,,,,,,,,,,,,EB01-001_p2,0,0,0,0,1,0,missing_printing_market_map
3,EB01-003,Kid & Killer,R,OP14,9,3,EB01-003::alt,,alt,Alt,local-catalog,thumbs/EB01-003alt.webp,,,,,,,,,,,,,,,,,,,,,,,,,EB01-003::alt,0,0,0,0,1,0,missing_printing_market_map
3,EB01-003,Kid & Killer,R,OP14,10,3,EB01-003::alt art 2,,alt,Alt Art 2,local-catalog,thumbs/EB01-003alt2.webp,,,,,,,,,,,,,,,,,,,,,,,,,EB01-003::alt art 2,0,0,0,0,1,0,missing_printing_market_map
3,EB01-003,Kid & Killer,R,OP14,11,3,EB01-003_p1,,parallel_1,Parallel 1,official-cardlist,EB01/parallel/EB01-003_p1.png,https://en.onepiece-cardgame.com/images/cardlist/card/EB01-003_p1.png?260305,,,,,,,,,,,,,,,,,,,,,,,,EB01-003_p1,0,0,0,0,1,0,missing_printing_market_map
3,EB01-003,Kid & Killer,R,OP14,12,3,EB01-003_p2,,parallel_2,Parallel 2,official-cardlist,_unclassified/parallel/EB01-003_p2.png,https://en.onepiece-cardgame.com/images/cardlist/card/EB01-003_p2.png?260305,,,,,,,,,,,,,,,,,,,,,,,,EB01-003_p2,0,0,0,0,1,0,missing_printing_market_map
3,EB01-003,Kid & Killer,R,OP14,13,3,EB01-003_p3,,parallel_3,Parallel 3,official-cardlist,ORFC2025V2/parallel/EB01-003_p3.png,https://en.onepiece-cardgame.com/images/cardlist/card/EB01-003_p3.png?260305,,,,,,,,,,,,,,,,,,,,,,,,EB01-003_p3,0,0,0,0,1,0,missing_printing_market_map
3,EB01-003,Kid & Killer,R,OP14,14,3,EB01-003_p4,,sp,Parallel 4,image-review-reclassify,ORFC2025V2/alt_art/EB01-003_alt.png,https://en.onepiece-cardgame.com/images/cardlist/card/EB01-003_p4.png?260305,,,,,,,,,,,,,,,,,,,,,,,,EB01-003_p4,0,0,0,0,1,0,missing_printing_market_map
3,EB01-003,Kid & Killer,R,OP14,15,3,EB01-003_p5,,parallel_5,Parallel 5,official-cardlist,OP14/parallel/EB01-003_p5.png,https://en.onepiece-cardgame.com/images/cardlist/card/EB01-003_p5.png?260305,,,,,,,,,,,,,,,,,,,,,,,,EB01-003_p5,0,0,0,0,1,0,missing_printing_market_map
3,EB01-003,Kid & Killer,R,OP14,16,3,EB01-003::sp,,sp,SP,local-catalog,thumbs/EB01-003(SP).webp,,,,,,,,,,,,,,,,,,,,,,,,,EB01-003::sp,0,0,0,0,1,0,missing_printing_market_map
6,EB01-006,Tony Tony.Chopper,SR,,23,6,EB01-006::alt,,alt,Alt,local-catalog,thumbs/EB01-006alt.webp,,,,,,,,,,,,,,,,,,,,,,,,,EB01-006::alt,0,0,0,0,1,0,missing_printing_market_map
6,EB01-006,Tony Tony.Chopper,SR,,24,6,EB01-006::manga,,mr,Manga,local-catalog,thumbs/EB01-006 Manga Rare.webp,,,,,,,,,,,,,,,,,,,,,,,,,EB01-006::manga,0,0,0,0,1,0,missing_printing_market_map
6,EB01-006,Tony Tony.Chopper,SR,,25,6,EB01-006_p1,,parallel_1,Parallel 1,official-cardlist,EB01/parallel/EB01-006_p1.png,https://en.onepiece-cardgame.com/images/cardlist/card/EB01-006_p1.png?260305,,,,,,,,,,,,,,,,,,,,,,,,EB01-006_p1,0,0,0,0,1,0,missing_printing_market_map
6,EB01-006,Tony Tony.Chopper,SR,,26,6,EB01-006_p2,,parallel_2,Parallel 2,official-cardlist,EB01/parallel/EB01-006_p2.png,https://en.onepiece-cardgame.com/images/cardlist/card/EB01-006_p2.png?260305,,,,,,,,,,,,,,,,,,,,,,,,EB01-006_p2,0,0,0,0,1,0,missing_printing_market_map
6,EB01-006,Tony Tony.Chopper,SR,,27,6,EB01-006_p3,,parallel_3,Parallel 3,official-cardlist,_unclassified/parallel/EB01-006_p3.png,https://en.onepiece-cardgame.com/images/cardlist/card/EB01-006_p3.png?260305,,,,,,,,,,,,,,,,,,,,,,,,EB01-006_p3,0,0,0,0,1,0,missing_printing_market_map
6,EB01-006,Tony Tony.Chopper,SR,,28,6,EB01-006_r1,,r1,R1,official-cardlist,PRB01/reprint/EB01-006_r1.png,https://en.onepiece-cardgame.com/images/cardlist/card/EB01-006_r1.png?260305,,,,,,,,,,,,,,,,,,,,,,,,EB01-006_r1,0,0,0,0,1,0,missing_printing_market_map
7,EB01-007,Yamato,C,,31,7,EB01-007_p1,,parallel_1,Parallel 1,official-cardlist,BCV4/parallel/EB01-007_p1.png,https://en.onepiece-cardgame.com/images/cardlist/card/EB01-007_p1.png?260305,,,,,,,,,,,,,,,,,,,,,,,,EB01-007_p1,0,0,0,0,1,0,missing_printing_market_map
9,EB01-009,Just Shut Up and Come with Us!!!!,C,,36,9,EB01-009_p1,,parallel_1,Parallel 1,official-cardlist,PRB02/parallel/EB01-009_p1.png,https://en.onepiece-cardgame.com/images/cardlist/card/EB01-009_p1.png?260305,,,,,,,,,,,,,,,,,,,,,,,,EB01-009_p1,0,0,0,0,1,0,missing_printing_market_map
9,EB01-009,Just Shut Up and Come with Us!!!!,C,,37,9,EB01-009_r1,,r1,R1,official-cardlist,PRB02/reprint/EB01-009_r1.png,https://en.onepiece-cardgame.com/images/cardlist/card/EB01-009_r1.png?260305,,,,,,,,,,,,,,,,,,,,,,,,EB01-009_r1,0,0,0,0,1,0,missing_printing_market_map
12,EB01-012,Cavendish,SR,,44,12,EB01-012::alt,,alt,Alt,local-catalog,thumbs/EB01-012alt.webp,,,,,,,,,,,,,,,,,,,,,,,,,EB01-012::alt,0,0,0,0,1,0,missing_printing_market_map
12,EB01-012,Cavendish,SR,,45,12,EB01-012::alt art 2,,alt,Alt Art 2,local-catalog,thumbs/EB01-012alt2.webp,,,,,,,,,,,,,,,,,,,,,,,,,EB01-012::alt art 2,0,0,0,0,1,0,missing_printing_market_map
12,EB01-012,Cavendish,SR,,46,12,EB01-012_p1,,parallel_1,Parallel 1,official-cardlist,EB01/parallel/EB01-012_p1.png,https://en.onepiece-cardgame.com/images/cardlist/card/EB01-012_p1.png?260305,,,,,,,,,,,,,,,,,,,,,,,,EB01-012_p1,0,0,0,0,1,0,missing_printing_market_map
12,EB01-012,Cavendish,SR,,47,12,EB01-012_p3,,parallel_3,Parallel 3,official-cardlist,EB01/parallel/EB01-012_p3.png,https://en.onepiece-cardgame.com/images/cardlist/card/EB01-012_p3.png?260305,,,,,,,,,,,,,,,,,,,,,,,,EB01-012_p3,0,0,0,0,1,0,missing_printing_market_map
12,EB01-012,Cavendish,SR,,48,12,EB01-012_r1,,r1,R1,official-cardlist,PRB02/reprint/EB01-012_r1.png,https://en.onepiece-cardgame.com/images/cardlist/card/EB01-012_r1.png?260305,,,,,,,,,,,,,,,,,,,,,,,,EB01-012_r1,0,0,0,0,1,0,missing_printing_market_map
13,EB01-013,Kouzuki Hiyori,R,,51,13,EB01-013::alt,,alt,Alt,local-catalog,thumbs/EB01-013alt.webp,,,,,,,,,,,,,,,,,,,,,,,,,EB01-013::alt,0,0,0,0,1,0,missing_printing_market_map
13,EB01-013,Kouzuki Hiyori,R,,52,13,EB01-013_p1,,parallel_1,Parallel 1,official-cardlist,EB01/parallel/EB01-013_p1.png,https://en.onepiece-cardgame.com/images/cardlist/card/EB01-013_p1.png?260305,,,,,,,,,,,,,,,,,,,,,,,,EB01-013_p1,0,0,0,0,1,0,missing_printing_market_map
14,EB01-014,Sanji,R,,55,14,EB01-014::alt,,alt,Alt,local-catalog,thumbs/EB01-014alt.webp,,,,,,,,,,,,,,,,,,,,,,,,,EB01-014::alt,0,0,0,0,1,0,missing_printing_market_map
14,EB01-014,Sanji,R,,56,14,EB01-014_p1,,parallel_1,Parallel 1,official-cardlist,CS2526CP/parallel/EB01-014_p1.png,https://en.onepiece-cardgame.com/images/cardlist/card/EB01-014_p1.png?260305,,,,,,,,,,,,,,,,,,,,,,,,EB01-014_p1,0,0,0,0,1,0,missing_printing_market_map
15,EB01-015,Scratchmen Apoo,R,,59,15,EB01-015::alt,,alt,Alt,local-catalog,thumbs/EB01-015alt.webp,,,,,,,,,,,,,,,,,,,,,,,,,EB01-015::alt,0,0,0,0,1,0,missing_printing_market_map
15,EB01-015,Scratchmen Apoo,R,,60,15,EB01-015_p1,,parallel_1,Parallel 1,official-cardlist,TK2025V2/parallel/EB01-015_p1.png,https://en.onepiece-cardgame.com/images/cardlist/card/EB01-015_p1.png?260305,,,,,,,,,,,,,,,,,,,,,,,,EB01-015_p1,0,0,0,0,1,0,missing_printing_market_map
15,EB01-015,Scratchmen Apoo,R,,61,15,EB01-015_p2,,parallel_2,Parallel 2,official-cardlist,_unclassified/parallel/EB01-015_p2.png,https://en.onepiece-cardgame.com/images/cardlist/card/EB01-015_p2.png?260305,,,,,,,,,,,,,,,,,,,,,,,,EB01-015_p2,0,0,0,0,1,0,missing_printing_market_map
15,EB01-015,Scratchmen Apoo,R,,62,15,EB01-015_p3,,parallel_3,Parallel 3,official-cardlist,ST24/parallel/EB01-015_p3.png,https://en.onepiece-cardgame.com/images/cardlist/card/EB01-015_p3.png?260305,,,,,,,,,,,,,,,,,,,,,,,,EB01-015_p3,0,0,0,0,1,0,missing_printing_market_map
15,EB01-015,Scratchmen Apoo,R,,63,15,EB01-015_p4,,parallel_4,Parallel 4,official-cardlist,CS2526CP/parallel/EB01-015_p4.png,https://en.onepiece-cardgame.com/images/cardlist/card/EB01-015_p4.png?260305,,,,,,,,,,,,,,,,,,,,,,,,EB01-015_p4,0,0,0,0,1,0,missing_printing_market_map
15,EB01-015,Scratchmen Apoo,R,,64,15,EB01-015_p5,,parallel_5,Parallel 5,official-cardlist,PRB02/parallel/EB01-015_p5.png,https://en.onepiece-cardgame.com/images/cardlist/card/EB01-015_p5.png?260305,,,,,,,,,,,,,,,,,,,,,,,,EB01-015_p5,0,0,0,0,1,0,missing_printing_market_map
15,EB01-015,Scratchmen Apoo,R,,65,15,EB01-015::prb02,,alt,Prb02,local-catalog,thumbs/EB01-015(PRB02).webp,,,,,,,,,,,,,,,,,,,,,,,,,EB01-015::prb02,0,0,0,0,1,0,missing_printing_market_map
15,EB01-015,Scratchmen Apoo,R,,66,15,EB01-015_r1,,r1,R1,official-cardlist,PRB02/reprint/EB01-015_r1.png,https://en.onepiece-cardgame.com/images/cardlist/card/EB01-015_r1.png?260305,,,,,,,,,,,,,,,,,,,,,,,,EB01-015_r1,0,0,0,0,1,0,missing_printing_market_map
18,EB01-018,Mountain God,C,,73,18,EB01-018_p1,,parallel_1,Parallel 1,official-cardlist,PRB02/parallel/EB01-018_p1.png,https://en.onepiece-cardgame.com/images/cardlist/card/EB01-018_p1.png?260305,,,,,,,,,,,,,,,,,,,,,,,,EB01-018_p1,0,0,0,0,1,0,missing_printing_market_map
18,EB01-018,Mountain God,C,,74,18,EB01-018_r1,,r1,R1,official-cardlist,PRB02/reprint/EB01-018_r1.png,https://en.onepiece-cardgame.com/images/cardlist/card/EB01-018_r1.png?260305,,,,,,,,,,,,,,,,,,,,,,,,EB01-018_r1,0,0,0,0,1,0,missing_printing_market_map
21,EB01-021,Hannyabal,L,,81,21,EB01-021::alt,,alt,Alt,local-catalog,thumbs/EB01-021alt.webp,,,,,,,,,,,,,,,,,,,,,,,,,EB01-021::alt,0,0,0,0,1,0,missing_printing_market_map
21,EB01-021,Hannyabal,L,,82,21,EB01-021_p1,,parallel_1,Parallel 1,official-cardlist,EB01/parallel/EB01-021_p1.png,https://en.onepiece-cardgame.com/images/cardlist/card/EB01-021_p1.png?260305,,,,,,,,,,,,,,,,,,,,,,,,EB01-021_p1,0,0,0,0,1,0,missing_printing_market_map
21,EB01-021,Hannyabal,L,,83,21,EB01-021_p2,,parallel_2,Parallel 2,official-cardlist,EB02/parallel/EB01-021_p2.png,https://en.onepiece-cardgame.com/images/cardlist/card/EB01-021_p2.png?260305,,,,,,,,,,,,,,,,,,,,,,,,EB01-021_p2,0,0,0,0,1,0,missing_printing_market_map
22,EB01-022,Inazuma,SR,,86,22,EB01-022::alt,,alt,Alt,local-catalog,thumbs/EB01-022alt.webp,,,,,,,,,,,,,,,,,,,,,,,,,EB01-022::alt,0,0,0,0,1,0,missing_printing_market_map
22,EB01-022,Inazuma,SR,,87,22,EB01-022_p1,,parallel_1,Parallel 1,official-cardlist,EB01/parallel/EB01-022_p1.png,https://en.onepiece-cardgame.com/images/cardlist/card/EB01-022_p1.png?260305,,,,,,,,,,,,,,,,,,,,,,,,EB01-022_p1,0,0,0,0,1,0,missing_printing_market_map
23,EB01-023,Edward Weevil,R,EB01,90,23,EB01-023_p1,,parallel_1,Parallel 1,official-cardlist,EB04/parallel/EB01-023_p1.png,https://en.onepiece-cardgame.com/images/cardlist/card/EB01-023_p1.png?260305,,,,,,,,,,,,,,,,,,,,,,,,EB01-023_p1,0,0,0,0,1,0,missing_printing_market_map
23,EB01-023,Edward Weevil,R,EB01,91,23,EB01-023_p2,,parallel_2,Parallel 2,official-cardlist,SWBS01/parallel/EB01-023_p2.png,https://en.onepiece-cardgame.com/images/cardlist/card/EB01-023_p2.png?260305,,,,,,,,,,,,,,,,,,,,,,,,EB01-023_p2,0,0,0,0,1,0,missing_printing_market_map
23,EB01-023,Edward Weevil,R,EB01,92,23,EB01-023::sp,,sp,SP,local-catalog,thumbs/EB01-023(SP).webp,,,,,,,,,,,,,,,,,,,,,,,,,EB01-023::sp,0,0,0,0,1,0,missing_printing_market_map
27,EB01-027,Mr.1(Daz.Bonez),R,,101,27,EB01-027::alt,,alt,Alt,local-catalog,thumbs/EB01-027alt.webp,,,,,,,,,,,,,,,,,,,,,,,,,EB01-027::alt,0,0,0,0,1,0,missing_printing_market_map
27,EB01-027,Mr.1(Daz.Bonez),R,,102,27,EB01-027_p1,,parallel_1,Parallel 1,official-cardlist,EB01/parallel/EB01-027_p1.png,https://en.onepiece-cardgame.com/images/cardlist/card/EB01-027_p1.png?260305,,,,,,,,,,,,,,,,,,,,,,,,EB01-027_p1,0,0,0,0,1,0,missing_printing_market_map
31,EB01-031,Kalifa,R,,111,31,EB01-031::alt,,alt,Alt,local-catalog,thumbs/EB01-031alt.webp,,,,,,,,,,,,,,,,,,,,,,,,,EB01-031::alt,0,0,0,0,1,0,missing_printing_market_map
31,EB01-031,Kalifa,R,,112,31,EB01-031_p1,,parallel_1,Parallel 1,official-cardlist,EB01/parallel/EB01-031_p1.png,https://en.onepiece-cardgame.com/images/cardlist/card/EB01-031_p1.png?260305,,,,,,,,,,,,,,,,,,,,,,,,EB01-031_p1,0,0,0,0,1,0,missing_printing_market_map
34,EB01-034,Ms. Wednesday,SR,,119,34,EB01-034::alt,,alt,Alt,local-catalog,thumbs/EB01-034alt.webp,,,,,,,,,,,,,,,,,,,,,,,,,EB01-034::alt,0,0,0,0,1,0,missing_printing_market_map
34,EB01-034,Ms. Wednesday,SR,,120,34,EB01-034_p1,,parallel_1,Parallel 1,official-cardlist,EB01/parallel/EB01-034_p1.png,https://en.onepiece-cardgame.com/images/cardlist/card/EB01-034_p1.png?260305,,,,,,,,,,,,,,,,,,,,,,,,EB01-034_p1,0,0,0,0,1,0,missing_printing_market_map
38,EB01-038,Oh Come My Way,C,,129,38,EB01-038_p1,,parallel_1,Parallel 1,official-cardlist,PRB02/parallel/EB01-038_p1.png,https://en.onepiece-cardgame.com/images/cardlist/card/EB01-038_p1.png?260305,,,,,,,,,,,,,,,,,,,,,,,,EB01-038_p1,0,0,0,0,1,0,missing_printing_market_map
38,EB01-038,Oh Come My Way,C,,130,38,EB01-038_r1,,r1,R1,official-cardlist,PRB02/reprint/EB01-038_r1.png,https://en.onepiece-cardgame.com/images/cardlist/card/EB01-038_r1.png?260305,,,,,,,,,,,,,,,,,,,,,,,,EB01-038_r1,0,0,0,0,1,0,missing_printing_market_map
40,EB01-040,Kyros,L,,135,40,EB01-040::alt,,alt,Alt,local-catalog,thumbs/EB01-040alt.webp,,,,,,,,,,,,,,,,,,,,,,,,,EB01-040::alt,0,0,0,0,1,0,missing_printing_market_map
40,EB01-040,Kyros,L,,136,40,EB01-040_p1,,parallel_1,Parallel 1,official-cardlist,EB01/parallel/EB01-040_p1.png,https://en.onepiece-cardgame.com/images/cardlist/card/EB01-040_p1.png?260305,,,,,,,,,,,,,,,,,,,,,,,,EB01-040_p1,0,0,0,0,1,0,missing_printing_market_map
40,EB01-040,Kyros,L,,137,40,EB01-040_p2,,parallel_2,Parallel 2,official-cardlist,EB02/parallel/EB01-040_p2.png,https://en.onepiece-cardgame.com/images/cardlist/card/EB01-040_p2.png?260305,,,,,,,,,,,,,,,,,,,,,,,,EB01-040_p2,0,0,0,0,1,0,missing_printing_market_map
43,EB01-043,Spandine,R,,144,43,EB01-043::2nd anniversary alt,,promo,2Nd Anniversary Alt,local-catalog,thumbs/EB01-043(2nd anniversary alt).webp,,,,,,,,,,,,,,,,,,,,,,,,,EB01-043::2nd anniversary alt,0,0,0,0,1,0,missing_printing_market_map
43,EB01-043,Spandine,R,,145,43,EB01-043::alt,,alt,Alt,local-catalog,thumbs/EB01-043alt.webp,,,,,,,,,,,,,,,,,,,,,,,,,EB01-043::alt,0,0,0,0,1,0,missing_printing_market_map
43,EB01-043,Spandine,R,,146,43,EB01-043_p1,,parallel_1,Parallel 1,official-cardlist,ORP2025V1/parallel/EB01-043_p1.png,https://en.onepiece-cardgame.com/images/cardlist/card/EB01-043_p1.png?260305,,,,,,,,,,,,,,,,,,,,,,,,EB01-043_p1,0,0,0,0,1,0,missing_printing_market_map
43,EB01-043,Spandine,R,,147,43,EB01-043_p2,,parallel_2,Parallel 2,official-cardlist,ORFC2526S1/parallel/EB01-043_p2.png,https://en.onepiece-cardgame.com/images/cardlist/card/EB01-043_p2.png?260305,,,,,,,,,,,,,,,,,,,,,,,,EB01-043_p2,0,0,0,0,1,0,missing_printing_market_map
43,EB01-043,Spandine,R,,148,43,EB01-043_p3,,parallel_3,Parallel 3,official-cardlist,_unclassified/parallel/EB01-043_p3.png,https://en.onepiece-cardgame.com/images/cardlist/card/EB01-043_p3.png?260305,,,,,,,,,,,,,,,,,,,,,,,,EB01-043_p3,0,0,0,0,1,0,missing_printing_market_map
43,EB01-043,Spandine,R,,149,43,EB01-043_p4,,parallel_4,Parallel 4,official-cardlist,_unclassified/parallel/EB01-043_p4.png,https://en.onepiece-cardgame.com/images/cardlist/card/EB01-043_p4.png?260305,,,,,,,,,,,,,,,,,,,,,,,,EB01-043_p4,0,0,0,0,1,0,missing_printing_market_map
43,EB01-043,Spandine,R,,150,43,EB01-043_p5,,parallel_5,Parallel 5,official-cardlist,_unclassified/parallel/EB01-043_p5.png,https://en.onepiece-cardgame.com/images/cardlist/card/EB01-043_p5.png?260305,,,,,,,,,,,,,,,,,,,,,,,,EB01-043_p5,0,0,0,0,1,0,missing_printing_market_map
43,EB01-043,Spandine,R,,151,43,EB01-043_p6,,parallel_6,Parallel 6,official-cardlist,_unclassified/parallel/EB01-043_p6.png,https://en.onepiece-cardgame.com/images/cardlist/card/EB01-043_p6.png?260305,,,,,,,,,,,,,,,,,,,,,,,,EB01-043_p6,0,0,0,0,1,0,missing_printing_market_map
46,EB01-046,Brook,SR,,158,46,EB01-046::alt,,alt,Alt,local-catalog,thumbs/EB01-046alt.webp,,,,,,,,,,,,,,,,,,,,,,,,,EB01-046::alt,0,0,0,0,1,0,missing_printing_market_map
46,EB01-046,Brook,SR,,159,46,EB01-046_p1,,parallel_1,Parallel 1,official-cardlist,EB01/parallel/EB01-046_p1.png,https://en.onepiece-cardgame.com/images/cardlist/card/EB01-046_p1.png?260305,,,,,,,,,,,,,,,,,,,,,,,,EB01-046_p1,0,0,0,0,1,0,missing_printing_market_map
46,EB01-046,Brook,SR,,160,46,EB01-046_r1,,r1,R1,official-cardlist,PRB02/reprint/EB01-046_r1.png,https://en.onepiece-cardgame.com/images/cardlist/card/EB01-046_r1.png?260305,,,,,,,,,,,,,,,,,,,,,,,,EB01-046_r1,0,0,0,0,1,0,missing_printing_market_map
48,EB01-048,Laboon,SR,,165,48,EB01-048::alt,,alt,Alt,local-catalog,thumbs/EB01-048alt.webp,,,,,,,,,,,,,,,,,,,,,,,,,EB01-048::alt,0,0,0,0,1,0,missing_printing_market_map
48,EB01-048,Laboon,SR,,166,48,EB01-048_p1,,parallel_1,Parallel 1,official-cardlist,EB01/parallel/EB01-048_p1.png,https://en.onepiece-cardgame.com/images/cardlist/card/EB01-048_p1.png?260305,,,,,,,,,,,,,,,,,,,,,,,,EB01-048_p1,0,0,0,0,1,0,missing_printing_market_map
48,EB01-048,Laboon,SR,,167,48,EB01-048_p2,,parallel_2,Parallel 2,official-cardlist,_unclassified/parallel/EB01-048_p2.png,https://en.onepiece-cardgame.com/images/cardlist/card/EB01-048_p2.png?260305,,,,,,,,,,,,,,,,,,,,,,,,EB01-048_p2,0,0,0,0,1,0,missing_printing_market_map
48,EB01-048,Laboon,SR,,168,48,EB01-048_r1,,r1,R1,official-cardlist,PRB02/reprint/EB01-048_r1.png,https://en.onepiece-cardgame.com/images/cardlist/card/EB01-048_r1.png?260305,,,,,,,,,,,,,,,,,,,,,,,,EB01-048_r1,0,0,0,0,1,0,missing_printing_market_map
49,EB01-049,T-Bone,R,,171,49,EB01-049::alt,,alt,Alt,local-catalog,thumbs/EB01-049alt.webp,,,,,,,,,,,,,,,,,,,,,,,,,EB01-049::alt,0,0,0,0,1,0,missing_printing_market_map
49,EB01-049,T-Bone,R,,172,49,EB01-049_p1,,parallel_1,Parallel 1,official-cardlist,EB01/parallel/EB01-049_p1.png,https://en.onepiece-cardgame.com/images/cardlist/card/EB01-049_p1.png?260305,,,,,,,,,,,,,,,,,,,,,,,,EB01-049_p1,0,0,0,0,1,0,missing_printing_market_map
51,EB01-051,Finger Pistol,R,,177,51,EB01-051_p1,,parallel_1,Parallel 1,official-cardlist,PRB02/parallel/EB01-051_p1.png,https://en.onepiece-cardgame.com/images/cardlist/card/EB01-051_p1.png?260305,,,,,,,,,,,,,,,,,,,,,,,,EB01-051_p1,0,0,0,0,1,0,missing_printing_market_map
51,EB01-051,Finger Pistol,R,,178,51,EB01-051::prb02,,alt,Prb02,local-catalog,thumbs/EB01-051(PRB02).webp,,,,,,,,,,,,,,,,,,,,,,,,,EB01-051::prb02,0,0,0,0,1,0,missing_printing_market_map
51,EB01-051,Finger Pistol,R,,179,51,EB01-051_r1,,r1,R1,official-cardlist,PRB02/reprint/EB01-051_r1.png,https://en.onepiece-cardgame.com/images/cardlist/card/EB01-051_r1.png?260305,,,,,,,,,,,,,,,,,,,,,,,,EB01-051_r1,0,0,0,0,1,0,missing_printing_market_map
52,EB01-052,Viola,SR,,182,52,EB01-052::alt,,alt,Alt,local-catalog,thumbs/EB01-052alt.webp,,,,,,,,,,,,,,,,,,,,,,,,,EB01-052::alt,0,0,0,0,1,0,missing_printing_market_map
52,EB01-052,Viola,SR,,183,52,EB01-052_p1,,parallel_1,Parallel 1,official-cardlist,EB01/parallel/EB01-052_p1.png,https://en.onepiece-cardgame.com/images/cardlist/card/EB01-052_p1.png?260305,,,,,,,,,,,,,,,,,,,,,,,,EB01-052_p1,0,0,0,0,1,0,missing_printing_market_map
56,EB01-056,Charlotte Flampe,R,,192,56,EB01-056::alt,,alt,Alt,local-catalog,thumbs/EB01-056alt.webp,,,,,,,,,,,,,,,,,,,,,,,,,EB01-056::alt,0,0,0,0,1,0,missing_printing_market_map
56,EB01-056,Charlotte Flampe,R,,193,56,EB01-056_p1,,parallel_1,Parallel 1,official-cardlist,EB01/parallel/EB01-056_p1.png,https://en.onepiece-cardgame.com/images/cardlist/card/EB01-056_p1.png?260305,,,,,,,,,,,,,,,,,,,,,,,,EB01-056_p1,0,0,0,0,1,0,missing_printing_market_map
56,EB01-056,Charlotte Flampe,R,,194,56,EB01-056_p2,,parallel_2,Parallel 2,official-cardlist,OP10/parallel/EB01-056_p2.png,https://en.onepiece-cardgame.com/images/cardlist/card/EB01-056_p2.png?260305,,,,,,,,,,,,,,,,,,,,,,,,EB01-056_p2,0,0,0,0,1,0,missing_printing_market_map
56,EB01-056,Charlotte Flampe,R,,195,56,EB01-056::s p,,sp,S P,local-catalog,thumbs/EB01-056SP.webp,,,,,,,,,,,,,,,,,,,,,,,,,EB01-056::s p,0,0,0,0,1,0,missing_printing_market_map
57,EB01-057,Shirahoshi,SR,EB01,198,57,EB01-057::alt,,alt,Alt,local-catalog,thumbs/EB01-057alt.webp,,,,,,,,,,,,,,,,,,,,,,,,,EB01-057::alt,0,0,0,0,1,0,missing_printing_market_map
57,EB01-057,Shirahoshi,SR,EB01,199,57,EB01-057_p1,,parallel_1,Parallel 1,official-cardlist,EB01/parallel/EB01-057_p1.png,https://en.onepiece-cardgame.com/images/cardlist/card/EB01-057_p1.png?260305,,,,,,,,,,,,,,,,,,,,,,,,EB01-057_p1,0,0,0,0,1,0,missing_printing_market_map
57,EB01-057,Shirahoshi,SR,EB01,200,57,EB01-057_p2,,parallel_2,Parallel 2,official-cardlist,OP11/parallel/EB01-057_p2.png,https://en.onepiece-cardgame.com/images/cardlist/card/EB01-057_p2.png?260305,,,,,,,,,,,,,,,,,,,,,,,,EB01-057_p2,0,0,0,0,1,0,missing_printing_market_map
57,EB01-057,Shirahoshi,SR,EB01,201,57,EB01-057_r1,,r1,R1,official-cardlist,PRB02/reprint/EB01-057_r1.png,https://en.onepiece-cardgame.com/images/cardlist/card/EB01-057_r1.png?260305,,,,,,,,,,,,,,,,,,,,,,,,EB01-057_r1,0,0,0,0,1,0,missing_printing_market_map
57,EB01-057,Shirahoshi,SR,EB01,202,57,EB01-057::sp,,sp,SP,local-catalog,thumbs/EB01-057(SP).webp,,,,,,,,,,,,,,,,,,,,,,,,,EB01-057::sp,0,0,0,0,1,0,missing_printing_market_map
60,EB01-060,Did Someone Say...Kami?,C,,209,60,EB01-060_p1,,parallel_1,Parallel 1,official-cardlist,PRB02/parallel/EB01-060_p1.png,https://en.onepiece-cardgame.com/images/cardlist/card/EB01-060_p1.png?260305,,,,,,,,,,,,,,,,,,,,,,,,EB01-060_p1,0,0,0,0,1,0,missing_printing_market_map
60,EB01-060,Did Someone Say...Kami?,C,,210,60,EB01-060_r1,,r1,R1,official-cardlist,PRB02/reprint/EB01-060_r1.png,https://en.onepiece-cardgame.com/images/cardlist/card/EB01-060_r1.png?260305,,,,,,,,,,,,,,,,,,,,,,,,EB01-060_r1,0,0,0,0,1,0,missing_printing_market_map
61,EB01-061,Mr.2.Bon.Kurei(Bentham),SEC,,213,61,EB01-061::alt,,alt,Alt,local-catalog,thumbs/EB01-061alt.webp,,,,,,,,,,,,,,,,,,,,,,,,,EB01-061::alt,0,0,0,0,1,0,missing_printing_market_map
61,EB01-061,Mr.2.Bon.Kurei(Bentham),SEC,,214,61,EB01-061_p1,,parallel_1,Parallel 1,official-cardlist,EB01/parallel/EB01-061_p1.png,https://en.onepiece-cardgame.com/images/cardlist/card/EB01-061_p1.png?260305,,,,,,,,,,,,,,,,,,,,,,,,EB01-061_p1,0,0,0,0,1,0,missing_printing_market_map
61,EB01-061,Mr.2.Bon.Kurei(Bentham),SEC,,215,61,EB01-061_r1,,r1,R1,official-cardlist,PRB02/reprint/EB01-061_r1.png,https://en.onepiece-cardgame.com/images/cardlist/card/EB01-061_r1.png?260305,,,,,,,,,,,,,,,,,,,,,,,,EB01-061_r1,0,0,0,0,1,0,missing_printing_market_map
63,EB02-002,Sabo,R,,220,63,EB02-002::cn,,promo,Cn,local-catalog,thumbs/EB02-002(CN).webp,,,,,,,,,,,,,,,,,,,,,,,,,EB02-002::cn,0,0,0,0,1,0,missing_printing_market_map
64,EB02-003,Tony Tony.Chopper,R,,223,64,EB02-003::alt,,alt,Alt,local-catalog,thumbs/EB02-003(Alt).webp,,,,,,,,,,,,,,,,,,,,,,,,,EB02-003::alt,0,0,0,0,1,0,missing_printing_market_map
64,EB02-003,Tony Tony.Chopper,R,,224,64,EB02-003_p1,,parallel_1,Parallel 1,official-cardlist,EB02/parallel/EB02-003_p1.png,https://en.onepiece-cardgame.com/images/cardlist/card/EB02-003_p1.png?260305,,,,,,,,,,,,,,,,,,,,,,,,EB02-003_p1,0,0,0,0,1,0,missing_printing_market_map
67,EB02-006,Yamato,SR,,231,67,EB02-006::alt,,alt,Alt,local-catalog,thumbs/EB02-006(Alt).webp,,,,,,,,,,,,,,,,,,,,,,,,,EB02-006::alt,0,0,0,0,1,0,missing_printing_market_map
67,EB02-006,Yamato,SR,,232,67,EB02-006::cn3rdann,,promo,Cn3Rdann,local-catalog,thumbs/EB02-006(CN3rdAnn).webp,,,,,,,,,,,,,,,,,,,,,,,,,EB02-006::cn3rdann,0,0,0,0,1,0,missing_printing_market_map
67,EB02-006,Yamato,SR,,233,67,EB02-006_p1,,parallel_1,Parallel 1,official-cardlist,EB02/parallel/EB02-006_p1.png,https://en.onepiece-cardgame.com/images/cardlist/card/EB02-006_p1.png?260305,,,,,,,,,,,,,,,,,,,,,,,,EB02-006_p1,0,0,0,0,1,0,missing_printing_market_map
67,EB02-006,Yamato,SR,,234,67,EB02-006::premiumvol 5,,promo,Premiumvol 5,local-catalog,thumbs/EB02-006(PremiumVol.5).webp,,,,,,,,,,,,,,,,,,,,,,,,,EB02-006::premiumvol 5,0,0,0,0,1,0,missing_printing_market_map
67,EB02-006,Yamato,SR,,235,67,EB02-006::serial,,promo,Serial,local-catalog,thumbs/EB02-006(serial).webp,,,,,,,,,,,,,,,,,,,,,,,,,EB02-006::serial,0,0,0,0,1,0,missing_printing_market_map
71,EB02-010,Monkey.D.Luffy,L,,244,71,EB02-010::alt,,alt,Alt,local-catalog,thumbs/EB02-010(Alt).webp,,,,,,,,,,,,,,,,,,,,,,,,,EB02-010::alt,0,0,0,0,1,0,missing_printing_market_map
71,EB02-010,Monkey.D.Luffy,L,,245,71,EB02-010::ia,,ir,Ia,local-catalog,thumbs/EB02-010(IA).webp,,,,,,,,,,,,,,,,,,,,,,,,,EB02-010::ia,0,0,0,0,1,0,missing_printing_market_map
71,EB02-010,Monkey.D.Luffy,L,,246,71,EB02-010_p1,,parallel_1,Parallel 1,official-cardlist,EB02/parallel/EB02-010_p1.png,https://en.onepiece-cardgame.com/images/cardlist/card/EB02-010_p1.png?260305,,,,,,,,,,,,,,,,,,,,,,,,EB02-010_p1,0,0,0,0,1,0,missing_printing_market_map
71,EB02-010,Monkey.D.Luffy,L,,247,71,EB02-010_p2,,parallel_2,Parallel 2,official-cardlist,_unclassified/parallel/EB02-010_p2.png,https://en.onepiece-cardgame.com/images/cardlist/card/EB02-010_p2.png?260305,,,,,,,,,,,,,,,,,,,,,,,,EB02-010_p2,0,0,0,0,1,0,missing_printing_market_map
71,EB02-010,Monkey.D.Luffy,L,,248,71,EB02-010::soundloader,,promo,Soundloader,local-catalog,thumbs/EB02-010(Soundloader).webp,,,,,,,,,,,,,,,,,,,,,,,,,EB02-010::soundloader,0,0,0,0,1,0,missing_printing_market_map
72,EB02-011,Arlong,SR,,251,72,EB02-011::alt,,alt,Alt,local-catalog,thumbs/EB02-011(Alt).webp,,,,,,,,,,,,,,,,,,,,,,,,,EB02-011::alt,0,0,0,0,1,0,missing_printing_market_map
72,EB02-011,Arlong,SR,,252,72,EB02-011_p1,,parallel_1,Parallel 1,official-cardlist,EB02/parallel/EB02-011_p1.png,https://en.onepiece-cardgame.com/images/cardlist/card/EB02-011_p1.png?260305,,,,,,,,,,,,,,,,,,,,,,,,EB02-011_p1,0,0,0,0,1,0,missing_printing_market_map
76,EB02-015,Jewelry Bonney,SR,,261,76,EB02-015::alt,,alt,Alt,local-catalog,thumbs/EB02-015(Alt).webp,,,,,,,,,,,,,,,,,,,,,,,,,EB02-015::alt,0,0,0,0,1,0,missing_printing_market_map
76,EB02-015,Jewelry Bonney,SR,,262,76,EB02-015_p1,,parallel_1,Parallel 1,official-cardlist,EB02/parallel/EB02-015_p1.png,https://en.onepiece-cardgame.com/images/cardlist/card/EB02-015_p1.png?260305,,,,,,,,,,,,,,,,,,,,,,,,EB02-015_p1,0,0,0,0,1,0,missing_printing_market_map
78,EB02-017,Nami,R,,267,78,EB02-017::alt,,alt,Alt,local-catalog,thumbs/EB02-017(Alt).webp,,,,,,,,,,,,,,,,,,,,,,,,,EB02-017::alt,0,0,0,0,1,0,missing_printing_market_map
78,EB02-017,Nami,R,,268,78,EB02-017::alt art 2,,alt,Alt Art 2,local-catalog,thumbs/EB02-017(Alt2).webp,,,,,,,,,,,,,,,,,,,,,,,,,EB02-017::alt art 2,0,0,0,0,1,0,missing_printing_market_map
78,EB02-017,Nami,R,,269,78,EB02-017_p1,,parallel_1,Parallel 1,official-cardlist,EB02/parallel/EB02-017_p1.png,https://en.onepiece-cardgame.com/images/cardlist/card/EB02-017_p1.png?260305,,,,,,,,,,,,,,,,,,,,,,,,EB02-017_p1,0,0,0,0,1,0,missing_printing_market_map
80,EB02-019,Roronoa Zoro,R,,274,80,EB02-019::alt art 1,,alt,Alt Art 1,local-catalog,thumbs/EB02-019(Alt1).webp,,,,,,,,,,,,,,,,,,,,,,,,,EB02-019::alt art 1,0,0,0,0,1,0,missing_printing_market_map
80,EB02-019,Roronoa Zoro,R,,275,80,EB02-019::alt art 2,,alt,Alt Art 2,local-catalog,thumbs/EB02-019(Alt2).webp,,,,,,,,,,,,,,,,,,,,,,,,,EB02-019::alt art 2,0,0,0,0,1,0,missing_printing_market_map
80,EB02-019,Roronoa Zoro,R,,276,80,EB02-019_p1,,parallel_1,Parallel 1,official-cardlist,TP2025V3/parallel/EB02-019_p1.png,https://en.onepiece-cardgame.com/images/cardlist/card/EB02-019_p1.png?260305,,,,,,,,,,,,,,,,,,,,,,,,EB02-019_p1,0,0,0,0,1,0,missing_printing_market_map
80,EB02-019,Roronoa Zoro,R,,277,80,EB02-019_p2,,parallel_2,Parallel 2,official-cardlist,_unclassified/parallel/EB02-019_p2.png,https://en.onepiece-cardgame.com/images/cardlist/card/EB02-019_p2.png?260305,,,,,,,,,,,,,,,,,,,,,,,,EB02-019_p2,0,0,0,0,1,0,missing_printing_market_map
83,EB02-022,Usopp,R,,284,83,EB02-022::alt,,alt,Alt,local-catalog,thumbs/EB02-022(Alt).webp,,,,,,,,,,,,,,,,,,,,,,,,,EB02-022::alt,0,0,0,0,1,0,missing_printing_market_map
83,EB02-022,Usopp,R,,285,83,EB02-022_p1,,parallel_1,Parallel 1,official-cardlist,EB02/parallel/EB02-022_p1.png,https://en.onepiece-cardgame.com/images/cardlist/card/EB02-022_p1.png?260305,,,,,,,,,,,,,,,,,,,,,,,,EB02-022_p1,0,0,0,0,1,0,missing_printing_market_map
87,EB02-026,Nefeltari Vivi,SR,,294,87,EB02-026::alt,,alt,Alt,local-catalog,thumbs/EB02-026(Alt).webp,,,,,,,,,,,,,,,,,,,,,,,,,EB02-026::alt,0,0,0,0,1,0,missing_printing_market_map
87,EB02-026,Nefeltari Vivi,SR,,295,87,EB02-026::exe vol 3,,promo,Exe Vol 3,local-catalog,thumbs/EB02-026(EXE.Vol.3).webp,,,,,,,,,,,,,,,,,,,,,,,,,EB02-026::exe vol 3,0,0,0,0,1,0,missing_printing_market_map
87,EB02-026,Nefeltari Vivi,SR,,296,87,EB02-026_p1,,parallel_1,Parallel 1,official-cardlist,EB02/parallel/EB02-026_p1.png,https://en.onepiece-cardgame.com/images/cardlist/card/EB02-026_p1.png?260305,,,,,,,,,,,,,,,,,,,,,,,,EB02-026_p1,0,0,0,0,1,0,missing_printing_market_map
87,EB02-026,Nefeltari Vivi,SR,,297,87,EB02-026_p2,,parallel_2,Parallel 2,official-cardlist,_unclassified/parallel/EB02-026_p2.png,https://en.onepiece-cardgame.com/images/cardlist/card/EB02-026_p2.png?260305,,,,,,,,,,,,,,,,,,,,,,,,EB02-026_p2,0,0,0,0,1,0,missing_printing_market_map
87,EB02-026,Nefeltari Vivi,SR,,298,87,EB02-026::tr,,tr,Tr,local-catalog,thumbs/EB02-026(TR).webp,,,,,,,,,,,,,,,,,,,,,,,,,EB02-026::tr,0,0,0,0,1,0,missing_printing_market_map
89,EB02-028,Portgas.D.Ace,R,OP13,303,89,EB02-028_p1,,parallel_1,Parallel 1,official-cardlist,OP13/parallel/EB02-028_p1.png,https://en.onepiece-cardgame.com/images/cardlist/card/EB02-028_p1.png?260305,,,,,,,,,,,,,,,,,,,,,,,,EB02-028_p1,0,0,0,0,1,0,missing_printing_market_map
89,EB02-028,Portgas.D.Ace,R,OP13,304,89,EB02-028::sp,,sp,SP,local-catalog,thumbs/EB02-028(SP).webp,,,,,,,,,,,,,,,,,,,,,,,,,EB02-028::sp,0,0,0,0,1,0,missing_printing_market_map
96,EB02-035,Sanji & Pudding,SR,,319,96,EB02-035::alt,,alt,Alt,local-catalog,thumbs/EB02-035(Alt).webp,,,,,,,,,,,,,,,,,,,,,,,,,EB02-035::alt,0,0,0,0,1,0,missing_printing_market_map
96,EB02-035,Sanji & Pudding,SR,,320,96,EB02-035_p1,,parallel_1,Parallel 1,official-cardlist,EB02/parallel/EB02-035_p1.png,https://en.onepiece-cardgame.com/images/cardlist/card/EB02-035_p1.png?260305,,,,,,,,,,,,,,,,,,,,,,,,EB02-035_p1,0,0,0,0,1,0,missing_printing_market_map
97,EB02-036,Nico Robin,R,,323,97,EB02-036::alt,,alt,Alt,local-catalog,thumbs/EB02-036(Alt).webp,,,,,,,,,,,,,,,,,,,,,,,,,EB02-036::alt,0,0,0,0,1,0,missing_printing_market_map
97,EB02-036,Nico Robin,R,,324,97,EB02-036_p1,,parallel_1,Parallel 1,official-cardlist,EB02/parallel/EB02-036_p1.png,https://en.onepiece-cardgame.com/images/cardlist/card/EB02-036_p1.png?260305,,,,,,,,,,,,,,,,,,,,,,,,EB02-036_p1,0,0,0,0,1,0,missing_printing_market_map
102,EB02-041,Merry Go,R,,335,102,EB02-041_p1,,parallel_1,Parallel 1,official-cardlist,BCV5/parallel/EB02-041_p1.png,https://en.onepiece-cardgame.com/images/cardlist/card/EB02-041_p1.png?260305,,,,,,,,,,,,,,,,,,,,,,,,EB02-041_p1,0,0,0,0,1,0,missing_printing_market_map
102,EB02-041,Merry Go,R,,336,102,EB02-041::premiumvol 5,,promo,Premiumvol 5,local-catalog,thumbs/EB02-041(PremiumVol.5).webp,,,,,,,,,,,,,,,,,,,,,,,,,EB02-041::premiumvol 5,0,0,0,0,1,0,missing_printing_market_map
105,EB02-044,Sengoku,SR,,343,105,EB02-044::alt,,alt,Alt,local-catalog,thumbs/EB02-044(Alt).webp,,,,,,,,,,,,,,,,,,,,,,,,,EB02-044::alt,0,0,0,0,1,0,missing_printing_market_map
105,EB02-044,Sengoku,SR,,344,105,EB02-044_p1,,parallel_1,Parallel 1,official-cardlist,EB02/parallel/EB02-044_p1.png,https://en.onepiece-cardgame.com/images/cardlist/card/EB02-044_p1.png?260305,,,,,,,,,,,,,,,,,,,,,,,,EB02-044_p1,0,0,0,0,1,0,missing_printing_market_map
106,EB02-045,Trafalgar Law,SR,,347,106,EB02-045::alt,,alt,Alt,local-catalog,thumbs/EB02-045(Alt).webp,,,,,,,,,,,,,,,,,,,,,,,,,EB02-045::alt,0,0,0,0,1,0,missing_printing_market_map
106,EB02-045,Trafalgar Law,SR,,348,106,EB02-045_p1,,parallel_1,Parallel 1,official-cardlist,EB02/parallel/EB02-045_p1.png,https://en.onepiece-cardgame.com/images/cardlist/card/EB02-045_p1.png?260305,,,,,,,,,,,,,,,,,,,,,,,,EB02-045_p1,0,0,0,0,1,0,missing_printing_market_map
109,EB02-048,Brook,R,,355,109,EB02-048::alt,,alt,Alt,local-catalog,thumbs/EB02-048(Alt).webp,,,,,,,,,,,,,,,,,,,,,,,,,EB02-048::alt,0,0,0,0,1,0,missing_printing_market_map
109,EB02-048,Brook,R,,356,109,EB02-048_p1,,parallel_1,Parallel 1,official-cardlist,EB02/parallel/EB02-048_p1.png,https://en.onepiece-cardgame.com/images/cardlist/card/EB02-048_p1.png?260305,,,,,,,,,,,,,,,,,,,,,,,,EB02-048_p1,0,0,0,0,1,0,missing_printing_market_map
113,EB02-052,Enel,SR,,365,113,EB02-052::alt,,alt,Alt,local-catalog,thumbs/EB02-052(Alt).webp,,,,,,,,,,,,,,,,,,,,,,,,,EB02-052::alt,0,0,0,0,1,0,missing_printing_market_map
113,EB02-052,Enel,SR,,366,113,EB02-052_p1,,parallel_1,Parallel 1,official-cardlist,EB02/parallel/EB02-052_p1.png,https://en.onepiece-cardgame.com/images/cardlist/card/EB02-052_p1.png?260305,,,,,,,,,,,,,,,,,,,,,,,,EB02-052_p1,0,0,0,0,1,0,missing_printing_market_map
115,EB02-054,Sanji,R,,371,115,EB02-054::alt,,alt,Alt,local-catalog,thumbs/EB02-054(Alt).webp,,,,,,,,,,,,,,,,,,,,,,,,,EB02-054::alt,0,0,0,0,1,0,missing_printing_market_map
115,EB02-054,Sanji,R,,372,115,EB02-054::exe vol 3,,promo,Exe Vol 3,local-catalog,thumbs/EB02-054(EXE.Vol.3).webp,,,,,,,,,,,,,,,,,,,,,,,,,EB02-054::exe vol 3,0,0,0,0,1,0,missing_printing_market_map
115,EB02-054,Sanji,R,,373,115,EB02-054_p1,,parallel_1,Parallel 1,official-cardlist,EB02/parallel/EB02-054_p1.png,https://en.onepiece-cardgame.com/images/cardlist/card/EB02-054_p1.png?260305,,,,,,,,,,,,,,,,,,,,,,,,EB02-054_p1,0,0,0,0,1,0,missing_printing_market_map
115,EB02-054,Sanji,R,,374,115,EB02-054::promo,,promo,Promo,local-catalog,thumbs/EB02-054(promo).webp,,,,,,,,,,,,,,,,,,,,,,,,,EB02-054::promo,0,0,0,0,1,0,missing_printing_market_map
116,EB02-055,Jinbe,R,,377,116,EB02-055_p1,,parallel_1,Parallel 1,official-cardlist,TP2025V3/parallel/EB02-055_p1.png,https://en.onepiece-cardgame.com/images/cardlist/card/EB02-055_p1.png?260305,,,,,,,,,,,,,,,,,,,,,,,,EB02-055_p1,0,0,0,0,1,0,missing_printing_market_map
116,EB02-055,Jinbe,R,,378,116,EB02-055_p2,,parallel_2,Parallel 2,official-cardlist,_unclassified/parallel/EB02-055_p2.png,https://en.onepiece-cardgame.com/images/cardlist/card/EB02-055_p2.png?260305,,,,,,,,,,,,,,,,,,,,,,,,EB02-055_p2,0,0,0,0,1,0,missing_printing_market_map
116,EB02-055,Jinbe,R,,379,116,EB02-055::standardbattlevol11,,promo,Standardbattlevol11,local-catalog,thumbs/EB02-055(StandardBattleVol11).webp,,,,,,,,,,,,,,,,,,,,,,,,,EB02-055::standardbattlevol11,0,0,0,0,1,0,missing_printing_market_map
117,EB02-056,Vegapunk,SR,,382,117,EB02-056::alt,,alt,Alt,local-catalog,thumbs/EB02-056(Alt).webp,,,,,,,,,,,,,,,,,,,,,,,,,EB02-056::alt,0,0,0,0,1,0,missing_printing_market_map
117,EB02-056,Vegapunk,SR,,383,117,EB02-056_p1,,parallel_1,Parallel 1,official-cardlist,EB02/parallel/EB02-056_p1.png,https://en.onepiece-cardgame.com/images/cardlist/card/EB02-056_p1.png?260305,,,,,,,,,,,,,,,,,,,,,,,,EB02-056_p1,0,0,0,0,1,0,missing_printing_market_map
122,EB02-061,Monkey.D.Luffy,SEC,,394,122,EB02-061::alt,,alt,Alt,local-catalog,thumbs/EB02-061(Alt).webp,,,,,,,,,,,,,,,,,,,,,,,,,EB02-061::alt,0,0,0,0,1,0,missing_printing_market_map
122,EB02-061,Monkey.D.Luffy,SEC,,395,122,EB02-061::manga,,mr,Manga,local-catalog,thumbs/EB02-061(Manga).webp,,,,,,,,,,,,,,,,,,,,,,,,,EB02-061::manga,0,0,0,0,1,0,missing_printing_market_map
122,EB02-061,Monkey.D.Luffy,SEC,,396,122,EB02-061_p1,,parallel_1,Parallel 1,official-cardlist,EB02/parallel/EB02-061_p1.png,https://en.onepiece-cardgame.com/images/cardlist/card/EB02-061_p1.png?260305,,,,,,,,,,,,,,,,,,,,,,,,EB02-061_p1,0,0,0,0,1,0,missing_printing_market_map
122,EB02-061,Monkey.D.Luffy,SEC,,397,122,EB02-061_p2,,parallel_2,Parallel 2,official-cardlist,EB02/parallel/EB02-061_p2.png,https://en.onepiece-cardgame.com/images/cardlist/card/EB02-061_p2.png?260305,,,,,,,,,,,,,,,,,,,,,,,,EB02-061_p2,0,0,0,0,1,0,missing_printing_market_map
122,EB02-061,Monkey.D.Luffy,SEC,,398,122,EB02-061_p3,,parallel_3,Parallel 3,official-cardlist,PRB02/parallel/EB02-061_p3.png,https://en.onepiece-cardgame.com/images/cardlist/card/EB02-061_p3.png?260305,,,,,,,,,,,,,,,,,,,,,,,,EB02-061_p3,0,0,0,0,1,0,missing_printing_market_map
122,EB02-061,Monkey.D.Luffy,SEC,,399,122,EB02-061::prb02,,alt,Prb02,local-catalog,thumbs/EB02-061(PRB02).webp,,,,,,,,,,,,,,,,,,,,,,,,,EB02-061::prb02,0,0,0,0,1,0,missing_printing_market_map
122,EB02-061,Monkey.D.Luffy,SEC,,400,122,EB02-061_r1,,r1,R1,official-cardlist,PRB02/reprint/EB02-061_r1.png,https://en.onepiece-cardgame.com/images/cardlist/card/EB02-061_r1.png?260305,,,,,,,,,,,,,,,,,,,,,,,,EB02-061_r1,0,0,0,0,1,0,missing_printing_market_map
123,EB03-001,Nefeltari Vivi,L,,403,123,EB03-001::alt,,alt,Alt,local-catalog,thumbs/EB03-001(alt).webp,,,,,,,,,,,,,,,,,,,,,,,,,EB03-001::alt,0,0,0,0,1,0,missing_printing_market_map
123,EB03-001,Nefeltari Vivi,L,,404,123,EB03-001_p1,,parallel_1,Parallel 1,official-cardlist,EB03/parallel/EB03-001_p1.png,https://en.onepiece-cardgame.com/images/cardlist/card/EB03-001_p1.png?260305,,,,,,,,,,,,,,,,,,,,,,,,EB03-001_p1,0,0,0,0,1,0,missing_printing_market_map
125,EB03-003,Uta,SR,EB03,409,125,EB03-003::alt,,alt,Alt,local-catalog,thumbs/EB03-003(alt).webp,,,,,,,,,,,,,,,,,,,,,,,,,EB03-003::alt,0,0,0,0,1,0,missing_printing_market_map
125,EB03-003,Uta,SR,EB03,410,125,EB03-003_p1,,parallel_1,Parallel 1,official-cardlist,EB03/parallel/EB03-003_p1.png,https://en.onepiece-cardgame.com/images/cardlist/card/EB03-003_p1.png?260305,,,,,,,,,,,,,,,,,,,,,,,,EB03-003_p1,0,0,0,0,1,0,missing_printing_market_map
125,EB03-003,Uta,SR,EB03,411,125,EB03-003_p2,,parallel_2,Parallel 2,official-cardlist,EB03/parallel/EB03-003_p2.png,https://en.onepiece-cardgame.com/images/cardlist/card/EB03-003_p2.png?260305,,,,,,,,,,,,,,,,,,,,,,,,EB03-003_p2,0,0,0,0,1,0,missing_printing_market_map
125,EB03-003,Uta,SR,EB03,412,125,EB03-003::sp,,sp,SP,local-catalog,thumbs/EB03-003(SP).webp,,,,,,,,,,,,,,,,,,,,,,,,,EB03-003::sp,0,0,0,0,1,0,missing_printing_market_map
130,EB03-008,Hibari,R,,423,130,EB03-008::alt,,alt,Alt,local-catalog,thumbs/EB03-008(alt).webp,,,,,,,,,,,,,,,,,,,,,,,,,EB03-008::alt,0,0,0,0,1,0,missing_printing_market_map
130,EB03-008,Hibari,R,,424,130,EB03-008_p1,,parallel_1,Parallel 1,official-cardlist,EB03/parallel/EB03-008_p1.png,https://en.onepiece-cardgame.com/images/cardlist/card/EB03-008_p1.png?260305,,,,,,,,,,,,,,,,,,,,,,,,EB03-008_p1,0,0,0,0,1,0,missing_printing_market_map
135,EB03-013,Carrot,R,,435,135,EB03-013::alt,,alt,Alt,local-catalog,thumbs/EB03-013(alt).webp,,,,,,,,,,,,,,,,,,,,,,,,,EB03-013::alt,0,0,0,0,1,0,missing_printing_market_map
135,EB03-013,Carrot,R,,436,135,EB03-013_p1,,parallel_1,Parallel 1,official-cardlist,EB03/parallel/EB03-013_p1.png,https://en.onepiece-cardgame.com/images/cardlist/card/EB03-013_p1.png?260305,,,,,,,,,,,,,,,,,,,,,,,,EB03-013_p1,0,0,0,0,1,0,missing_printing_market_map
140,EB03-018,Tashigi,SR,EB03,447,140,EB03-018::alt,,alt,Alt,local-catalog,thumbs/EB03-018(alt).webp,,,,,,,,,,,,,,,,,,,,,,,,,EB03-018::alt,0,0,0,0,1,0,missing_printing_market_map
140,EB03-018,Tashigi,SR,EB03,448,140,EB03-018_p1,,parallel_1,Parallel 1,official-cardlist,EB03/parallel/EB03-018_p1.png,https://en.onepiece-cardgame.com/images/cardlist/card/EB03-018_p1.png?260305,,,,,,,,,,,,,,,,,,,,,,,,EB03-018_p1,0,0,0,0,1,0,missing_printing_market_map
140,EB03-018,Tashigi,SR,EB03,449,140,EB03-018_p2,,parallel_2,Parallel 2,official-cardlist,EB03/parallel/EB03-018_p2.png,https://en.onepiece-cardgame.com/images/cardlist/card/EB03-018_p2.png?260305,,,,,,,,,,,,,,,,,,,,,,,,EB03-018_p2,0,0,0,0,1,0,missing_printing_market_map
140,EB03-018,Tashigi,SR,EB03,450,140,EB03-018::sp,,sp,SP,local-catalog,thumbs/EB03-018(SP).webp,,,,,,,,,,,,,,,,,,,,,,,,,EB03-018::sp,0,0,0,0,1,0,missing_printing_market_map
146,EB03-024,Nefeltari Vivi,SR,EB03,463,146,EB03-024::alt,,alt,Alt,local-catalog,thumbs/EB03-024(alt).webp,,,,,,,,,,,,,,,,,,,,,,,,,EB03-024::alt,0,0,0,0,1,0,missing_printing_market_map
146,EB03-024,Nefeltari Vivi,SR,EB03,464,146,EB03-024_p1,,parallel_1,Parallel 1,official-cardlist,EB03/parallel/EB03-024_p1.png,https://en.onepiece-cardgame.com/images/cardlist/card/EB03-024_p1.png?260305,,,,,,,,,,,,,,,,,,,,,,,,EB03-024_p1,0,0,0,0,1,0,missing_printing_market_map
146,EB03-024,Nefeltari Vivi,SR,EB03,465,146,EB03-024_p2,,parallel_2,Parallel 2,official-cardlist,EB03/parallel/EB03-024_p2.png,https://en.onepiece-cardgame.com/images/cardlist/card/EB03-024_p2.png?260305,,,,,,,,,,,,,,,,,,,,,,,,EB03-024_p2,0,0,0,0,1,0,missing_printing_market_map
146,EB03-024,Nefeltari Vivi,SR,EB03,466,146,EB03-024::sp,,sp,SP,local-catalog,thumbs/EB03-024(SP).webp,,,,,,,,,,,,,,,,,,,,,,,,,EB03-024::sp,0,0,0,0,1,0,missing_printing_market_map
147,EB03-025,Hina,R,,469,147,EB03-025::alt,,alt,Alt,local-catalog,thumbs/EB03-025(alt).webp,,,,,,,,,,,,,,,,,,,,,,,,,EB03-025::alt,0,0,0,0,1,0,missing_printing_market_map
147,EB03-025,Hina,R,,470,147,EB03-025_p1,,parallel_1,Parallel 1,official-cardlist,EB03/parallel/EB03-025_p1.png,https://en.onepiece-cardgame.com/images/cardlist/card/EB03-025_p1.png?260305,,,,,,,,,,,,,,,,,,,,,,,,EB03-025_p1,0,0,0,0,1,0,missing_printing_market_map
148,EB03-026,Boa Hancock,SR,EB03,473,148,EB03-026::alt,,alt,Alt,local-catalog,thumbs/EB03-026(alt).webp,,,,,,,,,,,,,,,,,,,,,,,,,EB03-026::alt,0,0,0,0,1,0,missing_printing_market_map
148,EB03-026,Boa Hancock,SR,EB03,474,148,EB03-026_p1,,parallel_1,Parallel 1,official-cardlist,EB03/parallel/EB03-026_p1.png,https://en.onepiece-cardgame.com/images/cardlist/card/EB03-026_p1.png?260305,,,,,,,,,,,,,,,,,,,,,,,,EB03-026_p1,0,0,0,0,1,0,missing_printing_market_map
148,EB03-026,Boa Hancock,SR,EB03,475,148,EB03-026_p2,,parallel_2,Parallel 2,official-cardlist,EB03/parallel/EB03-026_p2.png,https://en.onepiece-cardgame.com/images/cardlist/card/EB03-026_p2.png?260305,,,,,,,,,,,,,,,,,,,,,,,,EB03-026_p2,0,0,0,0,1,0,missing_printing_market_map
148,EB03-026,Boa Hancock,SR,EB03,476,148,EB03-026::sp,,sp,SP,local-catalog,thumbs/EB03-026(SP).webp,,,,,,,,,,,,,,,,,,,,,,,,,EB03-026::sp,0,0,0,0,1,0,missing_printing_market_map
153,EB03-031,Vinsmoke Reiju,SR,EB03,487,153,EB03-031::alt,,alt,Alt,local-catalog,thumbs/EB03-031(alt).webp,,,,,,,,,,,,,,,,,,,,,,,,,EB03-031::alt,0,0,0,0,1,0,missing_printing_market_map
153,EB03-031,Vinsmoke Reiju,SR,EB03,488,153,EB03-031_p1,,parallel_1,Parallel 1,official-cardlist,EB03/parallel/EB03-031_p1.png,https://en.onepiece-cardgame.com/images/cardlist/card/EB03-031_p1.png?260305,,,,,,,,,,,,,,,,,,,,,,,,EB03-031_p1,0,0,0,0,1,0,missing_printing_market_map
153,EB03-031,Vinsmoke Reiju,SR,EB03,489,153,EB03-031_p2,,parallel_2,Parallel 2,official-cardlist,EB03/parallel/EB03-031_p2.png,https://en.onepiece-cardgame.com/images/cardlist/card/EB03-031_p2.png?260305,,,,,,,,,,,,,,,,,,,,,,,,EB03-031_p2,0,0,0,0,1,0,missing_printing_market_map
153,EB03-031,Vinsmoke Reiju,SR,EB03,490,153,EB03-031::sp,,sp,SP,local-catalog,thumbs/EB03-031(SP).webp,,,,,,,,,,,,,,,,,,,,,,,,,EB03-031::sp,0,0,0,0,1,0,missing_printing_market_map
156,EB03-034,Charlotte Linlin,R,,497,156,EB03-034::alt,,alt,Alt,local-catalog,thumbs/EB03-034(alt).webp,,,,,,,,,,,,,,,,,,,,,,,,,EB03-034::alt,0,0,0,0,1,0,missing_printing_market_map
156,EB03-034,Charlotte Linlin,R,,498,156,EB03-034_p1,,parallel_1,Parallel 1,official-cardlist,EB03/parallel/EB03-034_p1.png,https://en.onepiece-cardgame.com/images/cardlist/card/EB03-034_p1.png?260305,,,,,,,,,,,,,,,,,,,,,,,,EB03-034_p1,0,0,0,0,1,0,missing_printing_market_map
163,EB03-041,Kujyaku,R,,513,163,EB03-041::alt,,alt,Alt,local-catalog,thumbs/EB03-041(alt).webp,,,,,,,,,,,,,,,,,,,,,,,,,EB03-041::alt,0,0,0,0,1,0,missing_printing_market_map
163,EB03-041,Kujyaku,R,,514,163,EB03-041_p1,,parallel_1,Parallel 1,official-cardlist,EB03/parallel/EB03-041_p1.png,https://en.onepiece-cardgame.com/images/cardlist/card/EB03-041_p1.png?260305,,,,,,,,,,,,,,,,,,,,,,,,EB03-041_p1,0,0,0,0,1,0,missing_printing_market_map
164,EB03-042,Koala,SR,EB03,517,164,EB03-042::alt,,alt,Alt,local-catalog,thumbs/EB03-042(alt).webp,,,,,,,,,,,,,,,,,,,,,,,,,EB03-042::alt,0,0,0,0,1,0,missing_printing_market_map
164,EB03-042,Koala,SR,EB03,518,164,EB03-042_p1,,parallel_1,Parallel 1,official-cardlist,EB03/parallel/EB03-042_p1.png,https://en.onepiece-cardgame.com/images/cardlist/card/EB03-042_p1.png?260305,,,,,,,,,,,,,,,,,,,,,,,,EB03-042_p1,0,0,0,0,1,0,missing_printing_market_map
164,EB03-042,Koala,SR,EB03,519,164,EB03-042_p2,,parallel_2,Parallel 2,official-cardlist,EB03/parallel/EB03-042_p2.png,https://en.onepiece-cardgame.com/images/cardlist/card/EB03-042_p2.png?260305,,,,,,,,,,,,,,,,,,,,,,,,EB03-042_p2,0,0,0,0,1,0,missing_printing_market_map
164,EB03-042,Koala,SR,EB03,520,164,EB03-042::sp,,sp,SP,local-catalog,thumbs/EB03-042(SP).webp,,,,,,,,,,,,,,,,,,,,,,,,,EB03-042::sp,0,0,0,0,1,0,missing_printing_market_map
167,EB03-045,Perona,SR,EB03,527,167,EB03-045::alt,,alt,Alt,local-catalog,thumbs/EB03-045(alt).webp,,,,,,,,,,,,,,,,,,,,,,,,,EB03-045::alt,0,0,0,0,1,0,missing_printing_market_map
167,EB03-045,Perona,SR,EB03,528,167,EB03-045_p1,,parallel_1,Parallel 1,official-cardlist,EB03/parallel/EB03-045_p1.png,https://en.onepiece-cardgame.com/images/cardlist/card/EB03-045_p1.png?260305,,,,,,,,,,,,,,,,,,,,,,,,EB03-045_p1,0,0,0,0,1,0,missing_printing_market_map
167,EB03-045,Perona,SR,EB03,529,167,EB03-045_p2,,parallel_2,Parallel 2,official-cardlist,EB03/parallel/EB03-045_p2.png,https://en.onepiece-cardgame.com/images/cardlist/card/EB03-045_p2.png?260305,,,,,,,,,,,,,,,,,,,,,,,,EB03-045_p2,0,0,0,0,1,0,missing_printing_market_map
167,EB03-045,Perona,SR,EB03,530,167,EB03-045::sp,,sp,SP,local-catalog,thumbs/EB03-045(SP).webp,,,,,,,,,,,,,,,,,,,,,,,,,EB03-045::sp,0,0,0,0,1,0,missing_printing_market_map
175,EB03-053,Nami,SR,EB03,547,175,EB03-053::alt,,alt,Alt,local-catalog,thumbs/EB03-053(alt).webp,,,,,,,,,,,,,,,,,,,,,,,,,EB03-053::alt,0,0,0,0,1,0,missing_printing_market_map
175,EB03-053,Nami,SR,EB03,548,175,EB03-053_p1,,parallel_1,Parallel 1,official-cardlist,EB03/parallel/EB03-053_p1.png,https://en.onepiece-cardgame.com/images/cardlist/card/EB03-053_p1.png?260305,,,,,,,,,,,,,,,,,,,,,,,,EB03-053_p1,0,0,0,0,1,0,missing_printing_market_map
175,EB03-053,Nami,SR,EB03,549,175,EB03-053_p2,,parallel_2,Parallel 2,official-cardlist,EB03/parallel/EB03-053_p2.png,https://en.onepiece-cardgame.com/images/cardlist/card/EB03-053_p2.png?260305,,,,,,,,,,,,,,,,,,,,,,,,EB03-053_p2,0,0,0,0,1,0,missing_printing_market_map
175,EB03-053,Nami,SR,EB03,550,175,EB03-053::sp,,sp,SP,local-catalog,thumbs/EB03-053(SP).webp,,,,,,,,,,,,,,,,,,,,,,,,,EB03-053::sp,0,0,0,0,1,0,missing_printing_market_map
177,EB03-055,Nico Robin,SR,EB03,555,177,EB03-055::alt,,alt,Alt,local-catalog,thumbs/EB03-055(alt).webp,,,,,,,,,,,,,,,,,,,,,,,,,EB03-055::alt,0,0,0,0,1,0,missing_printing_market_map
177,EB03-055,Nico Robin,SR,EB03,556,177,EB03-055_p1,,parallel_1,Parallel 1,official-cardlist,EB03/parallel/EB03-055_p1.png,https://en.onepiece-cardgame.com/images/cardlist/card/EB03-055_p1.png?260305,,,,,,,,,,,,,,,,,,,,,,,,EB03-055_p1,0,0,0,0,1,0,missing_printing_market_map
177,EB03-055,Nico Robin,SR,EB03,557,177,EB03-055_p2,,parallel_2,Parallel 2,official-cardlist,EB03/parallel/EB03-055_p2.png,https://en.onepiece-cardgame.com/images/cardlist/card/EB03-055_p2.png?260305,,,,,,,,,,,,,,,,,,,,,,,,EB03-055_p2,0,0,0,0,1,0,missing_printing_market_map
177,EB03-055,Nico Robin,SR,EB03,558,177,EB03-055::sp,,sp,SP,local-catalog,thumbs/EB03-055(SP).webp,,,,,,,,,,,,,,,,,,,,,,,,,EB03-055::sp,0,0,0,0,1,0,missing_printing_market_map
179,EB03-057,Yamato,R,,563,179,EB03-057::alt,,alt,Alt,local-catalog,thumbs/EB03-057(alt).webp,,,,,,,,,,,,,,,,,,,,,,,,,EB03-057::alt,0,0,0,0,1,0,missing_printing_market_map
179,EB03-057,Yamato,R,,564,179,EB03-057_p1,,parallel_1,Parallel 1,official-cardlist,EB03/parallel/EB03-057_p1.png,https://en.onepiece-cardgame.com/images/cardlist/card/EB03-057_p1.png?260305,,,,,,,,,,,,,,,,,,,,,,,,EB03-057_p1,0,0,0,0,1,0,missing_printing_market_map
183,EB03-061,Uta,SEC,,573,183,EB03-061::alt,,alt,Alt,local-catalog,thumbs/EB03-061(alt).webp,,,,,,,,,,,,,,,,,,,,,,,,,EB03-061::alt,0,0,0,0,1,0,missing_printing_market_map
183,EB03-061,Uta,SEC,,574,183,EB03-061::manga,,mr,Manga,local-catalog,thumbs/EB03-061(manga).webp,,,,,,,,,,,,,,,,,,,,,,,,,EB03-061::manga,0,0,0,0,1,0,missing_printing_market_map
183,EB03-061,Uta,SEC,,575,183,EB03-061_p1,,parallel_1,Parallel 1,official-cardlist,EB03/parallel/EB03-061_p1.png,https://en.onepiece-cardgame.com/images/cardlist/card/EB03-061_p1.png?260305,,,,,,,,,,,,,,,,,,,,,,,,EB03-061_p1,0,0,0,0,1,0,missing_printing_market_map
183,EB03-061,Uta,SEC,,576,183,EB03-061_p2,,parallel_2,Parallel 2,official-cardlist,EB03/parallel/EB03-061_p2.png,https://en.onepiece-cardgame.com/images/cardlist/card/EB03-061_p2.png?260305,,,,,,,,,,,,,,,,,,,,,,,,EB03-061_p2,0,0,0,0,1,0,missing_printing_market_map
184,EB03-062,Trafalgar Law,SEC,,579,184,EB03-062::alt,,alt,Alt,local-catalog,thumbs/EB03-062(alt).webp,,,,,,,,,,,,,,,,,,,,,,,,,EB03-062::alt,0,0,0,0,1,0,missing_printing_market_map
184,EB03-062,Trafalgar Law,SEC,,580,184,EB03-062_p1,,parallel_1,Parallel 1,official-cardlist,EB03/parallel/EB03-062_p1.png,https://en.onepiece-cardgame.com/images/cardlist/card/EB03-062_p1.png?260305,,,,,,,,,,,,,,,,,,,,,,,,EB03-062_p1,0,0,0,0,1,0,missing_printing_market_map
185,EB04-001,Jewelry Bonney,L,,582,185,EB04-001::alt,,alt,Alt,local-catalog,thumbs/EB04-001(alt).webp,,,,,,,,,,,,,,,,,,,,,,,,,EB04-001::alt,0,0,0,0,1,0,missing_printing_market_map
186,EB04-002,Jewelry Bonney,R,,584,186,EB04-002::alt,,alt,Alt,local-catalog,thumbs/EB04-002(alt).webp,,,,,,,,,,,,,,,,,,,,,,,,,EB04-002::alt,0,0,0,0,1,0,missing_printing_market_map
187,EB04-003,Smoker & Tashigi,R,OP15,586,187,EB04-003::sp,,sp,SP,local-catalog,thumbs/EB04-003(SP).webp,,,,,,,,,,,,,,,,,,,,,,,,,EB04-003::sp,0,0,0,0,1,0,missing_printing_market_map
191,EB04-007,Roronoa Zoro,SR,,591,191,EB04-007::alt,,alt,Alt,local-catalog,thumbs/EB04-007(alt).webp,,,,,,,,,,,,,,,,,,,,,,,,,EB04-007::alt,0,0,0,0,1,0,missing_printing_market_map
196,EB04-012,Kikunojo,SR,,599,196,EB04-012::alt,,alt,Alt,local-catalog,thumbs/EB04-012(alt).webp,,,,,,,,,,,,,,,,,,,,,,,,,EB04-012::alt,0,0,0,0,1,0,missing_printing_market_map
196,EB04-012,Kikunojo,SR,,600,196,EB04-012_p1,,parallel_1,Parallel 1,official-cardlist,EB04/parallel/EB04-012_p1.png,https://en.onepiece-cardgame.com/images/cardlist/card/EB04-012_p1.png?260305,,,,,,,,,,,,,,,,,,,,,,,,EB04-012_p1,0,0,0,0,1,0,missing_printing_market_map
197,EB04-013,Carrot,SR,,603,197,EB04-013::alt,,alt,Alt,local-catalog,thumbs/EB04-013(alt).webp,,,,,,,,,,,,,,,,,,,,,,,,,EB04-013::alt,0,0,0,0,1,0,missing_printing_market_map
197,EB04-013,Carrot,SR,,604,197,EB04-013_p1,,parallel_1,Parallel 1,official-cardlist,EB04/parallel/EB04-013_p1.png,https://en.onepiece-cardgame.com/images/cardlist/card/EB04-013_p1.png?260305,,,,,,,,,,,,,,,,,,,,,,,,EB04-013_p1,0,0,0,0,1,0,missing_printing_market_map
202,EB04-018,Megalo,R,,615,202,EB04-018::alt,,alt,Alt,local-catalog,thumbs/EB04-018(alt).webp,,,,,,,,,,,,,,,,,,,,,,,,,EB04-018::alt,0,0,0,0,1,0,missing_printing_market_map
202,EB04-018,Megalo,R,,616,202,EB04-018_p1,,parallel_1,Parallel 1,official-cardlist,EB04/parallel/EB04-018_p1.png,https://en.onepiece-cardgame.com/images/cardlist/card/EB04-018_p1.png?260305,,,,,,,,,,,,,,,,,,,,,,,,EB04-018_p1,0,0,0,0,1,0,missing_printing_market_map
206,EB04-022,Issho,R,,625,206,EB04-022::alt,,alt,Alt,local-catalog,thumbs/EB04-022(alt).webp,,,,,,,,,,,,,,,,,,,,,,,,,EB04-022::alt,0,0,0,0,1,0,missing_printing_market_map
206,EB04-022,Issho,R,,626,206,EB04-022_p1,,parallel_1,Parallel 1,official-cardlist,EB04/parallel/EB04-022_p1.png,https://en.onepiece-cardgame.com/images/cardlist/card/EB04-022_p1.png?260305,,,,,,,,,,,,,,,,,,,,,,,,EB04-022_p1,0,0,0,0,1,0,missing_printing_market_map
207,EB04-023,Chaka & Pell,R,,629,207,EB04-023::standardbattle,,promo,Standardbattle,local-catalog,thumbs/EB04-023(StandardBattle).webp,,,,,,,,,,,,,,,,,,,,,,,,,EB04-023::standardbattle,0,0,0,0,1,0,missing_printing_market_map
209,EB04-025,Nefeltari Vivi,SR,,634,209,EB04-025::alt,,alt,Alt,local-catalog,thumbs/EB04-025(alt).webp,,,,,,,,,,,,,,,,,,,,,,,,,EB04-025::alt,0,0,0,0,1,0,missing_printing_market_map
209,EB04-025,Nefeltari Vivi,SR,,635,209,EB04-025_p1,,parallel_1,Parallel 1,official-cardlist,EB04/parallel/EB04-025_p1.png,https://en.onepiece-cardgame.com/images/cardlist/card/EB04-025_p1.png?260305,,,,,,,,,,,,,,,,,,,,,,,,EB04-025_p1,0,0,0,0,1,0,missing_printing_market_map
215,EB04-031,King,R,,648,215,EB04-031::alt,,alt,Alt,local-catalog,thumbs/EB04-031(alt).webp,,,,,,,,,,,,,,,,,,,,,,,,,EB04-031::alt,0,0,0,0,1,0,missing_printing_market_map
215,EB04-031,King,R,,649,215,EB04-031_p1,,parallel_1,Parallel 1,official-cardlist,EB04/parallel/EB04-031_p1.png,https://en.onepiece-cardgame.com/images/cardlist/card/EB04-031_p1.png?260305,,,,,,,,,,,,,,,,,,,,,,,,EB04-031_p1,0,0,0,0,1,0,missing_printing_market_map
220,EB04-036,Foxy,SR,,660,220,EB04-036::alt,,alt,Alt,local-catalog,thumbs/EB04-036(alt).webp,,,,,,,,,,,,,,,,,,,,,,,,,EB04-036::alt,0,0,0,0,1,0,missing_printing_market_map
220,EB04-036,Foxy,SR,,661,220,EB04-036_p1,,parallel_1,Parallel 1,official-cardlist,EB04/parallel/EB04-036_p1.png,https://en.onepiece-cardgame.com/images/cardlist/card/EB04-036_p1.png?260305,,,,,,,,,,,,,,,,,,,,,,,,EB04-036_p1,0,0,0,0,1,0,missing_printing_market_map
222,EB04-038,Rosinante & Law,SR,,666,222,EB04-038::alt,,alt,Alt,local-catalog,thumbs/EB04-038(alt).webp,,,,,,,,,,,,,,,,,,,,,,,,,EB04-038::alt,0,0,0,0,1,0,missing_printing_market_map
222,EB04-038,Rosinante & Law,SR,,667,222,EB04-038_p1,,parallel_1,Parallel 1,official-cardlist,EB04/parallel/EB04-038_p1.png,https://en.onepiece-cardgame.com/images/cardlist/card/EB04-038_p1.png?260305,,,,,,,,,,,,,,,,,,,,,,,,EB04-038_p1,0,0,0,0,1,0,missing_printing_market_map
223,EB04-039,"Eustass""Captain""Kid",R,,670,223,EB04-039_p1,,parallel_1,Parallel 1,official-cardlist,EB04/parallel/EB04-039_p1.png,https://en.onepiece-cardgame.com/images/cardlist/card/EB04-039_p1.png?260305,,,,,,,,,,,,,,,,,,,,,,,,EB04-039_p1,0,0,0,0,1,0,missing_printing_market_map
223,EB04-039,"Eustass""Captain""Kid",R,,671,223,EB04-039::sp,,sp,SP,local-catalog,thumbs/EB04-039(SP).webp,,,,,,,,,,,,,,,,,,,,,,,,,EB04-039::sp,0,0,0,0,1,0,missing_printing_market_map
227,EB04-043,Kaku,R,,678,227,EB04-043::alt,,alt,Alt,local-catalog,thumbs/EB04-043(alt).webp,,,,,,,,,,,,,,,,,,,,,,,,,EB04-043::alt,0,0,0,0,1,0,missing_printing_market_map
228,EB04-044,Koby,SR,,680,228,EB04-044::alt,,alt,Alt,local-catalog,thumbs/EB04-044(alt).webp,,,,,,,,,,,,,,,,,,,,,,,,,EB04-044::alt,0,0,0,0,1,0,missing_printing_market_map
228,EB04-044,Koby,SR,,681,228,EB04-044::manga,,mr,Manga,local-catalog,thumbs/EB04-044(manga).webp,,,,,,,,,,,,,,,,,,,,,,,,,EB04-044::manga,0,0,0,0,1,0,missing_printing_market_map
232,EB04-048,Rob Lucci,SR,,686,232,EB04-048::alt,,alt,Alt,local-catalog,thumbs/EB04-048(alt).webp,,,,,,,,,,,,,,,,,,,,,,,,,EB04-048::alt,0,0,0,0,1,0,missing_printing_market_map
236,EB04-052,Sanji,R,,691,236,EB04-052::alt,,alt,Alt,local-catalog,thumbs/EB04-052(alt).webp,,,,,,,,,,,,,,,,,,,,,,,,,EB04-052::alt,0,0,0,0,1,0,missing_printing_market_map
242,EB04-058,Borsalino,SR,,698,242,EB04-058::alt,,alt,Alt,local-catalog,thumbs/EB04-058(alt).webp,,,,,,,,,,,,,,,,,,,,,,,,,EB04-058::alt,0,0,0,0,1,0,missing_printing_market_map
245,EB04-061,Monkey.D.Luffy,SEC,,702,245,EB04-061::alt,,alt,Alt,local-catalog,thumbs/EB04-061(alt).webp,,,,,,,,,,,,,,,,,,,,,,,,,EB04-061::alt,0,0,0,0,1,0,missing_printing_market_map
245,EB04-061,Monkey.D.Luffy,SEC,,703,245,EB04-061::serial,,promo,Serial,local-catalog,thumbs/EB04-061(serial).webp,,,,,,,,,,,,,,,,,,,,,,,,,EB04-061::serial,0,0,0,0,1,0,missing_printing_market_map
246,OP01-001,Monkey D. Luffy,L,,706,246,OP01-001::25th,,promo,25Th,local-catalog,thumbs/OP01-001(25th).webp,,,,,,,,,,,,,,,,,,,,,,,,,OP01-001::25th,0,0,0,0,1,0,missing_printing_market_map
246,OP01-001,Monkey D. Luffy,L,,707,246,OP01-001::alt,,alt,Alt,local-catalog,thumbs/OP01-001(alt).webp,,,,,,,,,,,,,,,,,,,,,,,,,OP01-001::alt,0,0,0,0,1,0,missing_printing_market_map
246,OP01-001,Monkey D. Luffy,L,,708,246,OP01-001_p1,,parallel_1,Parallel 1,official-cardlist,OP01/parallel/OP01-001_p1.png,https://en.onepiece-cardgame.com/images/cardlist/card/OP01-001_p1.png?260305,,,,,,,,,,,,,,,,,,,,,,,,OP01-001_p1,0,0,0,0,1,0,missing_printing_market_map
246,OP01-001,Monkey D. Luffy,L,,709,246,OP01-001_p2,,parallel_2,Parallel 2,official-cardlist,PCC25/parallel/OP01-001_p2.png,https://en.onepiece-cardgame.com/images/cardlist/card/OP01-001_p2.png?260305,,,,,,,,,,,,,,,,,,,,,,,,OP01-001_p2,0,0,0,0,1,0,missing_printing_market_map
247,OP01-002,Trafalgar Law,SR,,712,247,OP01-002::alt,,alt,Alt,local-catalog,thumbs/OP01-002(alt).webp,,,,,,,,,,,,,,,,,,,,,,,,,OP01-002::alt,0,0,0,0,1,0,missing_printing_market_map
247,OP01-002,Trafalgar Law,SR,,713,247,OP01-002_p1,,parallel_1,Parallel 1,official-cardlist,OP01/parallel/OP01-002_p1.png,https://en.onepiece-cardgame.com/images/cardlist/card/OP01-002_p1.png?260305,,,,,,,,,,,,,,,,,,,,,,,,OP01-002_p1,0,0,0,0,1,0,missing_printing_market_map
248,OP01-003,Monkey.D.Luffy,L,,716,248,OP01-003::alt,,alt,Alt,local-catalog,thumbs/OP01-003(alt).webp,,,,,,,,,,,,,,,,,,,,,,,,,OP01-003::alt,0,0,0,0,1,0,missing_printing_market_map
248,OP01-003,Monkey.D.Luffy,L,,717,248,OP01-003_p1,,parallel_1,Parallel 1,official-cardlist,OP01/parallel/OP01-003_p1.png,https://en.onepiece-cardgame.com/images/cardlist/card/OP01-003_p1.png?260305,,,,,,,,,,,,,,,,,,,,,,,,OP01-003_p1,0,0,0,0,1,0,missing_printing_market_map
249,OP01-004,Usopp,R,,720,249,OP01-004::1st anniversary alt,,promo,1St Anniversary Alt,local-catalog,thumbs/OP01-004(1st anniversary alt).webp,,,,,,,,,,,,,,,,,,,,,,,,,OP01-004::1st anniversary alt,0,0,0,0,1,0,missing_printing_market_map
249,OP01-004,Usopp,R,,721,249,OP01-004::alt,,alt,Alt,local-catalog,thumbs/OP01-004(alt).webp,,,,,,,,,,,,,,,,,,,,,,,,,OP01-004::alt,0,0,0,0,1,0,missing_printing_market_map
249,OP01-004,Usopp,R,,722,249,OP01-004_p1,,parallel_1,Parallel 1,official-cardlist,ANN1EN/parallel/OP01-004_p1.png,https://en.onepiece-cardgame.com/images/cardlist/card/OP01-004_p1.png?260305,,,,,,,,,,,,,,,,,,,,,,,,OP01-004_p1,0,0,0,0,1,0,missing_printing_market_map
250,OP01-005,Uta,R,,725,250,OP01-005::alt,,alt,Alt,local-catalog,thumbs/OP01-005alt.webp,,,,,,,,,,,,,,,,,,,,,,,,,OP01-005::alt,0,0,0,0,1,0,missing_printing_market_map
250,OP01-005,Uta,R,,726,250,OP01-005::alt art 2,,alt,Alt Art 2,local-catalog,thumbs/OP01-005(alt2).webp,,,,,,,,,,,,,,,,,,,,,,,,,OP01-005::alt art 2,0,0,0,0,1,0,missing_printing_market_map
250,OP01-005,Uta,R,,727,250,OP01-005::film,,promo,Film,local-catalog,thumbs/OP01-005_Film.webp,,,,,,,,,,,,,,,,,,,,,,,,,OP01-005::film,0,0,0,0,1,0,missing_printing_market_map
250,OP01-005,Uta,R,,728,250,OP01-005::film2,,promo,Film2,local-catalog,thumbs/OP01-005_Film2.webp,,,,,,,,,,,,,,,,,,,,,,,,,OP01-005::film2,0,0,0,0,1,0,missing_printing_market_map
250,OP01-005,Uta,R,,729,250,OP01-005_p1,,parallel_1,Parallel 1,official-cardlist,PCCFR/parallel/OP01-005_p1.png,https://en.onepiece-cardgame.com/images/cardlist/card/OP01-005_p1.png?260305,,,,,,,,,,,,,,,,,,,,,,,,OP01-005_p1,0,0,0,0,1,0,missing_printing_market_map
250,OP01-005,Uta,R,,730,250,OP01-005_p2,,parallel_2,Parallel 2,official-cardlist,GC01/parallel/OP01-005_p2.png,https://en.onepiece-cardgame.com/images/cardlist/card/OP01-005_p2.png?260305,,,,,,,,,,,,,,,,,,,,,,,,OP01-005_p2,0,0,0,0,1,0,missing_printing_market_map
251,OP01-006,Otama,UC,,733,251,OP01-006::alt,,alt,Alt,local-catalog,thumbs/OP01-006(alt).webp,,,,,,,,,,,,,,,,,,,,,,,,,OP01-006::alt,0,0,0,0,1,0,missing_printing_market_map
251,OP01-006,Otama,UC,,734,251,OP01-006::alt art 2,,alt,Alt Art 2,local-catalog,thumbs/OP01-006alt2.webp,,,,,,,,,,,,,,,,,,,,,,,,,OP01-006::alt art 2,0,0,0,0,1,0,missing_printing_market_map
251,OP01-006,Otama,UC,,735,251,OP01-006_p1,,parallel_1,Parallel 1,official-cardlist,ANN1JP/parallel/OP01-006_p1.png,https://en.onepiece-cardgame.com/images/cardlist/card/OP01-006_p1.png?260305,,,,,,,,,,,,,,,,,,,,,,,,OP01-006_p1,0,0,0,0,1,0,missing_printing_market_map
251,OP01-006,Otama,UC,,736,251,OP01-006_p3,,parallel_3,Parallel 3,official-cardlist,PRB01/parallel/OP01-006_p3.png,https://en.onepiece-cardgame.com/images/cardlist/card/OP01-006_p3.png?260305,,,,,,,,,,,,,,,,,,,,,,,,OP01-006_p3,0,0,0,0,1,0,missing_printing_market_map
251,OP01-006,Otama,UC,,737,251,OP01-006_p4,,parallel_4,Parallel 4,official-cardlist,PRB01/parallel/OP01-006_p4.png,https://en.onepiece-cardgame.com/images/cardlist/card/OP01-006_p4.png?260305,,,,,,,,,,,,,,,,,,,,,,,,OP01-006_p4,0,0,0,0,1,0,missing_printing_market_map
251,OP01-006,Otama,UC,,738,251,OP01-006_p5,,parallel_5,Parallel 5,official-cardlist,PRB01/parallel/OP01-006_p5.png,https://en.onepiece-cardgame.com/images/cardlist/card/OP01-006_p5.png?260305,,,,,,,,,,,,,,,,,,,,,,,,OP01-006_p5,0,0,0,0,1,0,missing_printing_market_map
251,OP01-006,Otama,UC,,739,251,OP01-006::prb01alt1,,alt,Prb01Alt1,local-catalog,thumbs/OP01-006(PRB01alt1).webp,,,,,,,,,,,,,,,,,,,,,,,,,OP01-006::prb01alt1,0,0,0,0,1,0,missing_printing_market_map
251,OP01-006,Otama,UC,,740,251,OP01-006::prb01alt2,,alt,Prb01Alt2,local-catalog,thumbs/OP01-006(PRB01alt2).webp,,,,,,,,,,,,,,,,,,,,,,,,,OP01-006::prb01alt2,0,0,0,0,1,0,missing_printing_market_map
251,OP01-006,Otama,UC,,741,251,OP01-006_r1,,r1,R1,official-cardlist,PRB01/reprint/OP01-006_r1.png,https://en.onepiece-cardgame.com/images/cardlist/card/OP01-006_r1.png?260305,,,,,,,,,,,,,,,,,,,,,,,,OP01-006_r1,0,0,0,0,1,0,missing_printing_market_map
253,OP01-008,Cavendish,C,,746,253,OP01-008::alt,,alt,Alt,local-catalog,thumbs/OP01-008(alt).webp,,,,,,,,,,,,,,,,,,,,,,,,,OP01-008::alt,0,0,0,0,1,0,missing_printing_market_map
253,OP01-008,Cavendish,C,,747,253,OP01-008_p1,,parallel_1,Parallel 1,official-cardlist,OP01/parallel/OP01-008_p1.png,https://en.onepiece-cardgame.com/images/cardlist/card/OP01-008_p1.png?260305,,,,,,,,,,,,,,,,,,,,,,,,OP01-008_p1,0,0,0,0,1,0,missing_printing_market_map
258,OP01-013,Sanji,R,,758,258,OP01-013::1st anniversary alt,,promo,1St Anniversary Alt,local-catalog,thumbs/OP01-013(1st anniversary alt).webp,,,,,,,,,,,,,,,,,,,,,,,,,OP01-013::1st anniversary alt,0,0,0,0,1,0,missing_printing_market_map
258,OP01-013,Sanji,R,,759,258,OP01-013::25th,,promo,25Th,local-catalog,thumbs/OP01-013(25th).webp,,,,,,,,,,,,,,,,,,,,,,,,,OP01-013::25th,0,0,0,0,1,0,missing_printing_market_map
258,OP01-013,Sanji,R,,760,258,OP01-013::alt,,alt,Alt,local-catalog,thumbs/OP01-013(alt).webp,,,,,,,,,,,,,,,,,,,,,,,,,OP01-013::alt,0,0,0,0,1,0,missing_printing_market_map
258,OP01-013,Sanji,R,,761,258,OP01-013::alt art 2,,alt,Alt Art 2,local-catalog,thumbs/OP01-013(alt2).webp,,,,,,,,,,,,,,,,,,,,,,,,,OP01-013::alt art 2,0,0,0,0,1,0,missing_printing_market_map
258,OP01-013,Sanji,R,,762,258,OP01-013::alt art 3,,alt,Alt Art 3,local-catalog,thumbs/OP01-013alt3.webp,,,,,,,,,,,,,,,,,,,,,,,,,OP01-013::alt art 3,0,0,0,0,1,0,missing_printing_market_map
258,OP01-013,Sanji,R,,763,258,OP01-013_p1,,parallel_1,Parallel 1,official-cardlist,OP01/parallel/OP01-013_p1.png,https://en.onepiece-cardgame.com/images/cardlist/card/OP01-013_p1.png?260305,,,,,,,,,,,,,,,,,,,,,,,,OP01-013_p1,0,0,0,0,1,0,missing_printing_market_map
258,OP01-013,Sanji,R,,764,258,OP01-013_p2,,parallel_2,Parallel 2,official-cardlist,PCC25/parallel/OP01-013_p2.png,https://en.onepiece-cardgame.com/images/cardlist/card/OP01-013_p2.png?260305,,,,,,,,,,,,,,,,,,,,,,,,OP01-013_p2,0,0,0,0,1,0,missing_printing_market_map
258,OP01-013,Sanji,R,,765,258,OP01-013_p3,,parallel_3,Parallel 3,official-cardlist,GC01/parallel/OP01-013_p3.png,https://en.onepiece-cardgame.com/images/cardlist/card/OP01-013_p3.png?260305,,,,,,,,,,,,,,,,,,,,,,,,OP01-013_p3,0,0,0,0,1,0,missing_printing_market_map
258,OP01-013,Sanji,R,,766,258,OP01-013_p4,,parallel_4,Parallel 4,official-cardlist,ANN1EN/parallel/OP01-013_p4.png,https://en.onepiece-cardgame.com/images/cardlist/card/OP01-013_p4.png?260305,,,,,,,,,,,,,,,,,,,,,,,,OP01-013_p4,0,0,0,0,1,0,missing_printing_market_map
258,OP01-013,Sanji,R,,767,258,OP01-013::tr alt,,tr,Tr Alt,local-catalog,thumbs/OP01-013(TR-alt).webp,,,,,,,,,,,,,,,,,,,,,,,,,OP01-013::tr alt,0,0,0,0,1,0,missing_printing_market_map
259,OP01-014,Jinbe,UC,,770,259,OP01-014::film,,promo,Film,local-catalog,thumbs/OP01-014_Film.webp,,,,,,,,,,,,,,,,,,,,,,,,,OP01-014::film,0,0,0,0,1,0,missing_printing_market_map
259,OP01-014,Jinbe,UC,,771,259,OP01-014::film2,,promo,Film2,local-catalog,thumbs/OP01-014_Film2.webp,,,,,,,,,,,,,,,,,,,,,,,,,OP01-014::film2,0,0,0,0,1,0,missing_printing_market_map
259,OP01-014,Jinbe,UC,,772,259,OP01-014_p1,,parallel_1,Parallel 1,official-cardlist,PCCFR/parallel/OP01-014_p1.png,https://en.onepiece-cardgame.com/images/cardlist/card/OP01-014_p1.png?260305,,,,,,,,,,,,,,,,,,,,,,,,OP01-014_p1,0,0,0,0,1,0,missing_printing_market_map
260,OP01-015,Tony Tony.Chopper,UC,,775,260,OP01-015::alt,,alt,Alt,local-catalog,thumbs/OP01-015alt.webp,,,,,,,,,,,,,,,,,,,,,,,,,OP01-015::alt,0,0,0,0,1,0,missing_printing_market_map
260,OP01-015,Tony Tony.Chopper,UC,,776,260,OP01-015_p1,,parallel_1,Parallel 1,official-cardlist,ORP2024V3/parallel/OP01-015_p1.png,https://en.onepiece-cardgame.com/images/cardlist/card/OP01-015_p1.png?260305,,,,,,,,,,,,,,,,,,,,,,,,OP01-015_p1,0,0,0,0,1,0,missing_printing_market_map
261,OP01-016,Nami,R,,779,261,OP01-016::1st anniversary alt,,promo,1St Anniversary Alt,local-catalog,thumbs/OP01-016(1st anniversary alt).webp,,,,,,,,,,,,,,,,,,,,,,,,,OP01-016::1st anniversary alt,0,0,0,0,1,0,missing_printing_market_map
261,OP01-016,Nami,R,,780,261,OP01-016::25th,,promo,25Th,local-catalog,thumbs/OP01-016 25th.webp,,,,,,,,,,,,,,,,,,,,,,,,,OP01-016::25th,0,0,0,0,1,0,missing_printing_market_map
261,OP01-016,Nami,R,,781,261,OP01-016::alt,,alt,Alt,local-catalog,thumbs/OP01-016alt.webp,,,,,,,,,,,,,,,,,,,,,,,,,OP01-016::alt,0,0,0,0,1,0,missing_printing_market_map
261,OP01-016,Nami,R,,783,261,OP01-016::alt art 2,,alt,Alt Art 2,local-catalog,thumbs/OP01-016(alt2).webp,,,,,,,,,,,,,,,,,,,,,,,,,OP01-016::alt art 2,0,0,0,0,1,0,missing_printing_market_map
261,OP01-016,Nami,R,,784,261,OP01-016::alt art 3,,alt,Alt Art 3,local-catalog,thumbs/OP01-016alt3.webp,,,,,,,,,,,,,,,,,,,,,,,,,OP01-016::alt art 3,0,0,0,0,1,0,missing_printing_market_map
261,OP01-016,Nami,R,,785,261,OP01-016::alt art 4,,alt,Alt Art 4,local-catalog,thumbs/OP01-016alt4.webp,,,,,,,,,,,,,,,,,,,,,,,,,OP01-016::alt art 4,0,0,0,0,1,0,missing_printing_market_map
261,OP01-016,Nami,R,,786,261,OP01-016::alt art 7,,alt,Alt Art 7,local-catalog,thumbs/OP01-016alt7.webp,,,,,,,,,,,,,,,,,,,,,,,,,OP01-016::alt art 7,0,0,0,0,1,0,missing_printing_market_map
261,OP01-016,Nami,R,,787,261,OP01-016::manga alt,,mr,Manga Alt,local-catalog,thumbs/OP01-016( manga alt ).webp,,,,,,,,,,,,,,,,,,,,,,,,,OP01-016::manga alt,0,0,0,0,1,0,missing_printing_market_map
261,OP01-016,Nami,R,,788,261,OP01-016_p1,,parallel_1,Parallel 1,official-cardlist,OP01/parallel/OP01-016_p1.png,https://en.onepiece-cardgame.com/images/cardlist/card/OP01-016_p1.png?260305,,,,,,,,,,,,,,,,,,,,,,,,OP01-016_p1,0,0,0,0,1,0,missing_printing_market_map
261,OP01-016,Nami,R,,789,261,OP01-016_p2,,parallel_2,Parallel 2,official-cardlist,PCC25/parallel/OP01-016_p2.png,https://en.onepiece-cardgame.com/images/cardlist/card/OP01-016_p2.png?260305,,,,,,,,,,,,,,,,,,,,,,,,OP01-016_p2,0,0,0,0,1,0,missing_printing_market_map
261,OP01-016,Nami,R,,790,261,OP01-016_p3,,parallel_3,Parallel 3,official-cardlist,OP01/parallel/OP01-016_p3.png,https://en.onepiece-cardgame.com/images/cardlist/card/OP01-016_p3.png?260305,,,,,,,,,,,,,,,,,,,,,,,,OP01-016_p3,0,0,0,0,1,0,missing_printing_market_map
261,OP01-016,Nami,R,,791,261,OP01-016_p4,,parallel_4,Parallel 4,official-cardlist,OP05/parallel/OP01-016_p4.png,https://en.onepiece-cardgame.com/images/cardlist/card/OP01-016_p4.png?260305,,,,,,,,,,,,,,,,,,,,,,,,OP01-016_p4,0,0,0,0,1,0,missing_printing_market_map
261,OP01-016,Nami,R,,792,261,OP01-016_p5,,parallel_5,Parallel 5,official-cardlist,GC01/parallel/OP01-016_p5.png,https://en.onepiece-cardgame.com/images/cardlist/card/OP01-016_p5.png?260305,,,,,,,,,,,,,,,,,,,,,,,,OP01-016_p5,0,0,0,0,1,0,missing_printing_market_map
261,OP01-016,Nami,R,,793,261,OP01-016_p7,,parallel_7,Parallel 7,official-cardlist,OP01/parallel/OP01-016_p7.png,https://en.onepiece-cardgame.com/images/cardlist/card/OP01-016_p7.png?260305,,,,,,,,,,,,,,,,,,,,,,,,OP01-016_p7,0,0,0,0,1,0,missing_printing_market_map
261,OP01-016,Nami,R,,794,261,OP01-016_p8,,parallel_8,Parallel 8,official-cardlist,OP01/parallel/OP01-016_p8.png,https://en.onepiece-cardgame.com/images/cardlist/card/OP01-016_p8.png?260305,,,,,,,,,,,,,,,,,,,,,,,,OP01-016_p8,0,0,0,0,1,0,missing_printing_market_map
261,OP01-016,Nami,R,,795,261,OP01-016::st10 alt,,alt,St10 Alt,local-catalog,thumbs/OP01-016(ST10 alt ).webp,,,,,,,,,,,,,,,,,,,,,,,,,OP01-016::st10 alt,0,0,0,0,1,0,missing_printing_market_map
262,OP01-017,Nico Robin,R,,798,262,OP01-017::1st anniversary alt,,promo,1St Anniversary Alt,local-catalog,thumbs/OP01-017(1st anniversary alt).webp,,,,,,,,,,,,,,,,,,,,,,,,,OP01-017::1st anniversary alt,0,0,0,0,1,0,missing_printing_market_map
262,OP01-017,Nico Robin,R,,799,262,OP01-017::alt,,alt,Alt,local-catalog,thumbs/OP01-017(alt).webp,,,,,,,,,,,,,,,,,,,,,,,,,OP01-017::alt,0,0,0,0,1,0,missing_printing_market_map
262,OP01-017,Nico Robin,R,,800,262,OP01-017::alt art 2,,alt,Alt Art 2,local-catalog,thumbs/OP01-017alt2.webp,,,,,,,,,,,,,,,,,,,,,,,,,OP01-017::alt art 2,0,0,0,0,1,0,missing_printing_market_map
262,OP01-017,Nico Robin,R,,801,262,OP01-017::film,,promo,Film,local-catalog,thumbs/OP01-017_Film.webp,,,,,,,,,,,,,,,,,,,,,,,,,OP01-017::film,0,0,0,0,1,0,missing_printing_market_map
262,OP01-017,Nico Robin,R,,802,262,OP01-017::film2,,promo,Film2,local-catalog,thumbs/OP01-017_Film2.webp,,,,,,,,,,,,,,,,,,,,,,,,,OP01-017::film2,0,0,0,0,1,0,missing_printing_market_map
262,OP01-017,Nico Robin,R,,803,262,OP01-017_p1,,parallel_1,Parallel 1,official-cardlist,PCCFR/parallel/OP01-017_p1.png,https://en.onepiece-cardgame.com/images/cardlist/card/OP01-017_p1.png?260305,,,,,,,,,,,,,,,,,,,,,,,,OP01-017_p1,0,0,0,0,1,0,missing_printing_market_map
262,OP01-017,Nico Robin,R,,804,262,OP01-017_p2,,parallel_2,Parallel 2,official-cardlist,ANN1EN/parallel/OP01-017_p2.png,https://en.onepiece-cardgame.com/images/cardlist/card/OP01-017_p2.png?260305,,,,,,,,,,,,,,,,,,,,,,,,OP01-017_p2,0,0,0,0,1,0,missing_printing_market_map
266,OP01-021,Franky,UC,,813,266,OP01-021::alt,,alt,Alt,local-catalog,thumbs/OP01-021(Alt).webp,,,,,,,,,,,,,,,,,,,,,,,,,OP01-021::alt,0,0,0,0,1,0,missing_printing_market_map
266,OP01-021,Franky,UC,,814,266,OP01-021::alt art 2,,alt,Alt Art 2,local-catalog,thumbs/OP01-021(alt2).webp,,,,,,,,,,,,,,,,,,,,,,,,,OP01-021::alt art 2,0,0,0,0,1,0,missing_printing_market_map
266,OP01-021,Franky,UC,,815,266,OP01-021::film,,promo,Film,local-catalog,thumbs/OP01-021_Film.webp,,,,,,,,,,,,,,,,,,,,,,,,,OP01-021::film,0,0,0,0,1,0,missing_printing_market_map
266,OP01-021,Franky,UC,,816,266,OP01-021::film2,,promo,Film2,local-catalog,thumbs/OP01-021_Film2.webp,,,,,,,,,,,,,,,,,,,,,,,,,OP01-021::film2,0,0,0,0,1,0,missing_printing_market_map
266,OP01-021,Franky,UC,,817,266,OP01-021::fullalt,,alt,Fullalt,local-catalog,thumbs/OP01-021(fullalt).webp,,,,,,,,,,,,,,,,,,,,,,,,,OP01-021::fullalt,0,0,0,0,1,0,missing_printing_market_map
266,OP01-021,Franky,UC,,818,266,OP01-021_p1,,parallel_1,Parallel 1,official-cardlist,PCCFR/parallel/OP01-021_p1.png,https://en.onepiece-cardgame.com/images/cardlist/card/OP01-021_p1.png?260305,,,,,,,,,,,,,,,,,,,,,,,,OP01-021_p1,0,0,0,0,1,0,missing_printing_market_map
266,OP01-021,Franky,UC,,819,266,OP01-021_p2,,parallel_2,Parallel 2,official-cardlist,TP02/parallel/OP01-021_p2.png,https://en.onepiece-cardgame.com/images/cardlist/card/OP01-021_p2.png?260305,,,,,,,,,,,,,,,,,,,,,,,,OP01-021_p2,0,0,0,0,1,0,missing_printing_market_map
266,OP01-021,Franky,UC,,820,266,OP01-021_p3,,parallel_3,Parallel 3,official-cardlist,GC01/parallel/OP01-021_p3.png,https://en.onepiece-cardgame.com/images/cardlist/card/OP01-021_p3.png?260305,,,,,,,,,,,,,,,,,,,,,,,,OP01-021_p3,0,0,0,0,1,0,missing_printing_market_map
267,OP01-022,Brook,UC,,823,267,OP01-022::25th,,promo,25Th,local-catalog,thumbs/OP01-022 25th.webp,,,,,,,,,,,,,,,,,,,,,,,,,OP01-022::25th,0,0,0,0,1,0,missing_printing_market_map
267,OP01-022,Brook,UC,,824,267,OP01-022_p1,,parallel_1,Parallel 1,official-cardlist,PCC25/parallel/OP01-022_p1.png,https://en.onepiece-cardgame.com/images/cardlist/card/OP01-022_p1.png?260305,,,,,,,,,,,,,,,,,,,,,,,,OP01-022_p1,0,0,0,0,1,0,missing_printing_market_map
269,OP01-024,Monkey.D.Luffy,SR,,829,269,OP01-024::alt,,alt,Alt,local-catalog,thumbs/OP01-024 (alt).webp,,,,,,,,,,,,,,,,,,,,,,,,,OP01-024::alt,0,0,0,0,1,0,missing_printing_market_map
269,OP01-024,Monkey.D.Luffy,SR,,830,269,OP01-024_p1,,parallel_1,Parallel 1,official-cardlist,OP01/parallel/OP01-024_p1.png,https://en.onepiece-cardgame.com/images/cardlist/card/OP01-024_p1.png?260305,,,,,,,,,,,,,,,,,,,,,,,,OP01-024_p1,0,0,0,0,1,0,missing_printing_market_map
269,OP01-024,Monkey.D.Luffy,SR,,831,269,OP01-024_p3,,parallel_3,Parallel 3,official-cardlist,PRB01/parallel/OP01-024_p3.png,https://en.onepiece-cardgame.com/images/cardlist/card/OP01-024_p3.png?260305,,,,,,,,,,,,,,,,,,,,,,,,OP01-024_p3,0,0,0,0,1,0,missing_printing_market_map
269,OP01-024,Monkey.D.Luffy,SR,,832,269,OP01-024::prb01alt,,alt,Prb01Alt,local-catalog,thumbs/OP01-024(PRB01alt).webp,,,,,,,,,,,,,,,,,,,,,,,,,OP01-024::prb01alt,0,0,0,0,1,0,missing_printing_market_map
269,OP01-024,Monkey.D.Luffy,SR,,833,269,OP01-024_r1,,r1,R1,official-cardlist,PRB01/reprint/OP01-024_r1.png,https://en.onepiece-cardgame.com/images/cardlist/card/OP01-024_r1.png?260305,,,,,,,,,,,,,,,,,,,,,,,,OP01-024_r1,0,0,0,0,1,0,missing_printing_market_map
270,OP01-025,Roronoa Zoro,SR,,836,270,OP01-025::1st anniversary alt,,promo,1St Anniversary Alt,local-catalog,thumbs/OP01-025(1st anniversary alt).webp,,,,,,,,,,,,,,,,,,,,,,,,,OP01-025::1st anniversary alt,0,0,0,0,1,0,missing_printing_market_map
270,OP01-025,Roronoa Zoro,SR,,837,270,OP01-025::alt,,alt,Alt,local-catalog,thumbs/OP01-025(alt).webp,,,,,,,,,,,,,,,,,,,,,,,,,OP01-025::alt,0,0,0,0,1,0,missing_printing_market_map
270,OP01-025,Roronoa Zoro,SR,,838,270,OP01-025::alt art 2,,alt,Alt Art 2,local-catalog,thumbs/OP01-025alt2.webp,,,,,,,,,,,,,,,,,,,,,,,,,OP01-025::alt art 2,0,0,0,0,1,0,missing_printing_market_map
270,OP01-025,Roronoa Zoro,SR,,839,270,OP01-025::alt st10,,alt,Alt St10,local-catalog,thumbs/OP01-025(alt-st10).webp,,,,,,,,,,,,,,,,,,,,,,,,,OP01-025::alt st10,0,0,0,0,1,0,missing_printing_market_map
270,OP01-025,Roronoa Zoro,SR,,840,270,OP01-025_p1,,parallel_1,Parallel 1,official-cardlist,OP01/parallel/OP01-025_p1.png,https://en.onepiece-cardgame.com/images/cardlist/card/OP01-025_p1.png?260305,,,,,,,,,,,,,,,,,,,,,,,,OP01-025_p1,0,0,0,0,1,0,missing_printing_market_map
270,OP01-025,Roronoa Zoro,SR,,841,270,OP01-025_p2,,parallel_2,Parallel 2,official-cardlist,OP01/parallel/OP01-025_p2.png,https://en.onepiece-cardgame.com/images/cardlist/card/OP01-025_p2.png?260305,,,,,,,,,,,,,,,,,,,,,,,,OP01-025_p2,0,0,0,0,1,0,missing_printing_market_map
270,OP01-025,Roronoa Zoro,SR,,842,270,OP01-025_p3,,parallel_3,Parallel 3,official-cardlist,ANN1EN/parallel/OP01-025_p3.png,https://en.onepiece-cardgame.com/images/cardlist/card/OP01-025_p3.png?260305,,,,,,,,,,,,,,,,,,,,,,,,OP01-025_p3,0,0,0,0,1,0,missing_printing_market_map
270,OP01-025,Roronoa Zoro,SR,,843,270,OP01-025::winner alt,,alt,Winner Alt,local-catalog,thumbs/OP01-025 Winner_Alt.webp,,,,,,,,,,,,,,,,,,,,,,,,,OP01-025::winner alt,0,0,0,0,1,0,missing_printing_market_map
274,OP01-029,Radical Beam!!,UC,,852,274,OP01-029::alt,,alt,Alt,local-catalog,thumbs/OP01-029alt.webp,,,,,,,,,,,,,,,,,,,,,,,,,OP01-029::alt,0,0,0,0,1,0,missing_printing_market_map
274,OP01-029,Radical Beam!!,UC,,853,274,OP01-029_p2,,parallel_2,Parallel 2,official-cardlist,PRB01/parallel/OP01-029_p2.png,https://en.onepiece-cardgame.com/images/cardlist/card/OP01-029_p2.png?260305,,,,,,,,,,,,,,,,,,,,,,,,OP01-029_p2,0,0,0,0,1,0,missing_printing_market_map
274,OP01-029,Radical Beam!!,UC,,854,274,OP01-029_p3,,parallel_3,Parallel 3,official-cardlist,PRB01/parallel/OP01-029_p3.png,https://en.onepiece-cardgame.com/images/cardlist/card/OP01-029_p3.png?260305,,,,,,,,,,,,,,,,,,,,,,,,OP01-029_p3,0,0,0,0,1,0,missing_printing_market_map
274,OP01-029,Radical Beam!!,UC,,855,274,OP01-029_p4,,parallel_4,Parallel 4,official-cardlist,BCV1/parallel/OP01-029_p4.png,https://en.onepiece-cardgame.com/images/cardlist/card/OP01-029_p4.png?260305,,,,,,,,,,,,,,,,,,,,,,,,OP01-029_p4,0,0,0,0,1,0,missing_printing_market_map
274,OP01-029,Radical Beam!!,UC,,856,274,OP01-029_r1,,r1,R1,official-cardlist,PRB01/reprint/OP01-029_r1.png,https://en.onepiece-cardgame.com/images/cardlist/card/OP01-029_r1.png?260305,,,,,,,,,,,,,,,,,,,,,,,,OP01-029_r1,0,0,0,0,1,0,missing_printing_market_map
275,OP01-030,In Two Years!! At the Sabaody Archipelago!!,UC,,859,275,OP01-030::2nd anniversary alt,,promo,2Nd Anniversary Alt,local-catalog,thumbs/OP01-030(2nd Anniversary alt).webp,,,,,,,,,,,,,,,,,,,,,,,,,OP01-030::2nd anniversary alt,0,0,0,0,1,0,missing_printing_market_map
275,OP01-030,In Two Years!! At the Sabaody Archipelago!!,UC,,860,275,OP01-030_p1,,parallel_1,Parallel 1,official-cardlist,ANN2JP/parallel/OP01-030_p1.png,https://en.onepiece-cardgame.com/images/cardlist/card/OP01-030_p1.png?260305,,,,,,,,,,,,,,,,,,,,,,,,OP01-030_p1,0,0,0,0,1,0,missing_printing_market_map
276,OP01-031,Kouzuki Oden,L,,863,276,OP01-031::alt,,alt,Alt,local-catalog,thumbs/OP01-031 (Alt).webp,,,,,,,,,,,,,,,,,,,,,,,,,OP01-031::alt,0,0,0,0,1,0,missing_printing_market_map
276,OP01-031,Kouzuki Oden,L,,864,276,OP01-031_p1,,parallel_1,Parallel 1,official-cardlist,OP01/parallel/OP01-031_p1.png,https://en.onepiece-cardgame.com/images/cardlist/card/OP01-031_p1.png?260305,,,,,,,,,,,,,,,,,,,,,,,,OP01-031_p1,0,0,0,0,1,0,missing_printing_market_map
278,OP01-033,Izo,UC,,869,278,OP01-033::alt,,alt,Alt,local-catalog,thumbs/OP01-033 (Alt).webp,,,,,,,,,,,,,,,,,,,,,,,,,OP01-033::alt,0,0,0,0,1,0,missing_printing_market_map
278,OP01-033,Izo,UC,,870,278,OP01-033::alt art 2,,alt,Alt Art 2,local-catalog,thumbs/OP01-033alt2.webp,,,,,,,,,,,,,,,,,,,,,,,,,OP01-033::alt art 2,0,0,0,0,1,0,missing_printing_market_map
278,OP01-033,Izo,UC,,871,278,OP01-033_p1,,parallel_1,Parallel 1,official-cardlist,TP02/parallel/OP01-033_p1.png,https://en.onepiece-cardgame.com/images/cardlist/card/OP01-033_p1.png?260305,,,,,,,,,,,,,,,,,,,,,,,,OP01-033_p1,0,0,0,0,1,0,missing_printing_market_map
278,OP01-033,Izo,UC,,872,278,OP01-033_p3,,parallel_3,Parallel 3,official-cardlist,PRB01/parallel/OP01-033_p3.png,https://en.onepiece-cardgame.com/images/cardlist/card/OP01-033_p3.png?260305,,,,,,,,,,,,,,,,,,,,,,,,OP01-033_p3,0,0,0,0,1,0,missing_printing_market_map
278,OP01-033,Izo,UC,,873,278,OP01-033_p4,,parallel_4,Parallel 4,official-cardlist,PRB01/parallel/OP01-033_p4.png,https://en.onepiece-cardgame.com/images/cardlist/card/OP01-033_p4.png?260305,,,,,,,,,,,,,,,,,,,,,,,,OP01-033_p4,0,0,0,0,1,0,missing_printing_market_map
278,OP01-033,Izo,UC,,874,278,OP01-033_p5,,parallel_5,Parallel 5,official-cardlist,PRB01/parallel/OP01-033_p5.png,https://en.onepiece-cardgame.com/images/cardlist/card/OP01-033_p5.png?260305,,,,,,,,,,,,,,,,,,,,,,,,OP01-033_p5,0,0,0,0,1,0,missing_printing_market_map
278,OP01-033,Izo,UC,,875,278,OP01-033_p6,,parallel_6,Parallel 6,official-cardlist,_unclassified/parallel/OP01-033_p6.png,https://en.onepiece-cardgame.com/images/cardlist/card/OP01-033_p6.png?260305,,,,,,,,,,,,,,,,,,,,,,,,OP01-033_p6,0,0,0,0,1,0,missing_printing_market_map
278,OP01-033,Izo,UC,,876,278,OP01-033::prb01alt,,alt,Prb01Alt,local-catalog,thumbs/OP01-033(PRB01alt).webp,,,,,,,,,,,,,,,,,,,,,,,,,OP01-033::prb01alt,0,0,0,0,1,0,missing_printing_market_map
278,OP01-033,Izo,UC,,877,278,OP01-033_r1,,r1,R1,official-cardlist,PRB01/reprint/OP01-033_r1.png,https://en.onepiece-cardgame.com/images/cardlist/card/OP01-033_r1.png?260305,,,,,,,,,,,,,,,,,,,,,,,,OP01-033_r1,0,0,0,0,1,0,missing_printing_market_map
279,OP01-034,Inuarashi,C,,880,279,OP01-034::alt,,alt,Alt,local-catalog,thumbs/OP01-034 (alt).webp,,,,,,,,,,,,,,,,,,,,,,,,,OP01-034::alt,0,0,0,0,1,0,missing_printing_market_map
279,OP01-034,Inuarashi,C,,881,279,OP01-034_p1,,parallel_1,Parallel 1,official-cardlist,OP01/parallel/OP01-034_p1.png,https://en.onepiece-cardgame.com/images/cardlist/card/OP01-034_p1.png?260305,,,,,,,,,,,,,,,,,,,,,,,,OP01-034_p1,0,0,0,0,1,0,missing_printing_market_map
280,OP01-035,Okiku,SP CARD,,884,280,OP01-035::alt,,alt,Alt,local-catalog,thumbs/op01-035alt.webp,,,,,,,,,,,,,,,,,,,,,,,,,OP01-035::alt,0,0,0,0,1,0,missing_printing_market_map
280,OP01-035,Okiku,SP CARD,,885,280,OP01-035::alt art 2,,alt,Alt Art 2,local-catalog,thumbs/OP01-035alt2.webp,,,,,,,,,,,,,,,,,,,,,,,,,OP01-035::alt art 2,0,0,0,0,1,0,missing_printing_market_map
280,OP01-035,Okiku,SP CARD,,886,280,OP01-035_p1,,parallel_1,Parallel 1,official-cardlist,TP04/parallel/OP01-035_p1.png,https://en.onepiece-cardgame.com/images/cardlist/card/OP01-035_p1.png?260305,,,,,,,,,,,,,,,,,,,,,,,,OP01-035_p1,0,0,0,0,1,0,missing_printing_market_map
280,OP01-035,Okiku,SP CARD,,887,280,OP01-035_p2,,parallel_2,Parallel 2,official-cardlist,OP07/parallel/OP01-035_p2.png,https://en.onepiece-cardgame.com/images/cardlist/card/OP01-035_p2.png?260305,,,,,,,,,,,,,,,,,,,,,,,,OP01-035_p2,0,0,0,0,1,0,missing_printing_market_map
280,OP01-035,Okiku,SP CARD,,888,280,OP01-035_p3,,parallel_3,Parallel 3,official-cardlist,_unclassified/parallel/OP01-035_p3.png,https://en.onepiece-cardgame.com/images/cardlist/card/OP01-035_p3.png?260305,,,,,,,,,,,,,,,,,,,,,,,,OP01-035_p3,0,0,0,0,1,0,missing_printing_market_map
280,OP01-035,Okiku,SP CARD,,889,280,OP01-035::s p,,sp,S P,local-catalog,thumbs/OP01-035SP.webp,,,,,,,,,,,,,,,,,,,,,,,,,OP01-035::s p,0,0,0,0,1,0,missing_printing_market_map
284,OP01-039,Killer,UC,,898,284,OP01-039::alt,,alt,Alt,local-catalog,thumbs/OP01-039alt.webp,,,,,,,,,,,,,,,,,,,,,,,,,OP01-039::alt,0,0,0,0,1,0,missing_printing_market_map
284,OP01-039,Killer,UC,,899,284,OP01-039_p1,,parallel_1,Parallel 1,official-cardlist,PRB02/parallel/OP01-039_p1.png,https://en.onepiece-cardgame.com/images/cardlist/card/OP01-039_p1.png?260305,,,,,,,,,,,,,,,,,,,,,,,,OP01-039_p1,0,0,0,0,1,0,missing_printing_market_map
284,OP01-039,Killer,UC,,900,284,OP01-039_r1,,r1,R1,official-cardlist,PRB02/reprint/OP01-039_r1.png,https://en.onepiece-cardgame.com/images/cardlist/card/OP01-039_r1.png?260305,,,,,,,,,,,,,,,,,,,,,,,,OP01-039_r1,0,0,0,0,1,0,missing_printing_market_map
285,OP01-040,Kin'emon,SR,,903,285,OP01-040::alt,,alt,Alt,local-catalog,thumbs/OP01-040 (Alt).webp,,,,,,,,,,,,,,,,,,,,,,,,,OP01-040::alt,0,0,0,0,1,0,missing_printing_market_map
285,OP01-040,Kin'emon,SR,,904,285,OP01-040_p1,,parallel_1,Parallel 1,official-cardlist,OP01/parallel/OP01-040_p1.png,https://en.onepiece-cardgame.com/images/cardlist/card/OP01-040_p1.png?260305,,,,,,,,,,,,,,,,,,,,,,,,OP01-040_p1,0,0,0,0,1,0,missing_printing_market_map
286,OP01-041,Kouzuki Momonosuke,R,,907,286,OP01-041::alt,,alt,Alt,local-catalog,thumbs/OP01-041alt.webp,,,,,,,,,,,,,,,,,,,,,,,,,OP01-041::alt,0,0,0,0,1,0,missing_printing_market_map
286,OP01-041,Kouzuki Momonosuke,R,,908,286,OP01-041_p1,,parallel_1,Parallel 1,official-cardlist,TP07/parallel/OP01-041_p1.png,https://en.onepiece-cardgame.com/images/cardlist/card/OP01-041_p1.png?260305,,,,,,,,,,,,,,,,,,,,,,,,OP01-041_p1,0,0,0,0,1,0,missing_printing_market_map
286,OP01-041,Kouzuki Momonosuke,R,,909,286,OP01-041_p3,,parallel_3,Parallel 3,official-cardlist,PRB01/parallel/OP01-041_p3.png,https://en.onepiece-cardgame.com/images/cardlist/card/OP01-041_p3.png?260305,,,,,,,,,,,,,,,,,,,,,,,,OP01-041_p3,0,0,0,0,1,0,missing_printing_market_map
286,OP01-041,Kouzuki Momonosuke,R,,910,286,OP01-041_p4,,parallel_4,Parallel 4,official-cardlist,PRB01/parallel/OP01-041_p4.png,https://en.onepiece-cardgame.com/images/cardlist/card/OP01-041_p4.png?260305,,,,,,,,,,,,,,,,,,,,,,,,OP01-041_p4,0,0,0,0,1,0,missing_printing_market_map
286,OP01-041,Kouzuki Momonosuke,R,,911,286,OP01-041_p5,,parallel_5,Parallel 5,official-cardlist,PRB01/parallel/OP01-041_p5.png,https://en.onepiece-cardgame.com/images/cardlist/card/OP01-041_p5.png?260305,,,,,,,,,,,,,,,,,,,,,,,,OP01-041_p5,0,0,0,0,1,0,missing_printing_market_map
286,OP01-041,Kouzuki Momonosuke,R,,912,286,OP01-041::prb01alt,,alt,Prb01Alt,local-catalog,thumbs/OP01-041(PRB01alt).webp,,,,,,,,,,,,,,,,,,,,,,,,,OP01-041::prb01alt,0,0,0,0,1,0,missing_printing_market_map
286,OP01-041,Kouzuki Momonosuke,R,,913,286,OP01-041_r1,,r1,R1,official-cardlist,PRB01/reprint/OP01-041_r1.png,https://en.onepiece-cardgame.com/images/cardlist/card/OP01-041_r1.png?260305,,,,,,,,,,,,,,,,,,,,,,,,OP01-041_r1,0,0,0,0,1,0,missing_printing_market_map
286,OP01-041,Kouzuki Momonosuke,R,,914,286,OP01-041::w inner alt,,alt,W Inner Alt,local-catalog,thumbs/OP01-041Winner alt.webp,,,,,,,,,,,,,,,,,,,,,,,,,OP01-041::w inner alt,0,0,0,0,1,0,missing_printing_market_map
292,OP01-047,Trafalgar Law,SR,,927,292,OP01-047::alt,,alt,Alt,local-catalog,thumbs/OP01-047 (alt).webp,,,,,,,,,,,,,,,,,,,,,,,,,OP01-047::alt,0,0,0,0,1,0,missing_printing_market_map
292,OP01-047,Trafalgar Law,SR,,928,292,OP01-047_p1,,parallel_1,Parallel 1,official-cardlist,OP01/parallel/OP01-047_p1.png,https://en.onepiece-cardgame.com/images/cardlist/card/OP01-047_p1.png?260305,,,,,,,,,,,,,,,,,,,,,,,,OP01-047_p1,0,0,0,0,1,0,missing_printing_market_map
292,OP01-047,Trafalgar Law,SR,,929,292,OP01-047_p2,,parallel_2,Parallel 2,official-cardlist,OP04/parallel/OP01-047_p2.png,https://en.onepiece-cardgame.com/images/cardlist/card/OP01-047_p2.png?260305,,,,,,,,,,,,,,,,,,,,,,,,OP01-047_p2,0,0,0,0,1,0,missing_printing_market_map
292,OP01-047,Trafalgar Law,SR,,930,292,OP01-047_p4,,parallel_4,Parallel 4,official-cardlist,PRB01/parallel/OP01-047_p4.png,https://en.onepiece-cardgame.com/images/cardlist/card/OP01-047_p4.png?260305,,,,,,,,,,,,,,,,,,,,,,,,OP01-047_p4,0,0,0,0,1,0,missing_printing_market_map
292,OP01-047,Trafalgar Law,SR,,931,292,OP01-047::prb01alt2,,alt,Prb01Alt2,local-catalog,thumbs/OP01-047(PRB01alt2).webp,,,,,,,,,,,,,,,,,,,,,,,,,OP01-047::prb01alt2,0,0,0,0,1,0,missing_printing_market_map
292,OP01-047,Trafalgar Law,SR,,932,292,OP01-047_r1,,r1,R1,official-cardlist,PRB01/reprint/OP01-047_r1.png,https://en.onepiece-cardgame.com/images/cardlist/card/OP01-047_r1.png?260305,,,,,,,,,,,,,,,,,,,,,,,,OP01-047_r1,0,0,0,0,1,0,missing_printing_market_map
292,OP01-047,Trafalgar Law,SR,,933,292,OP01-047::s p,,sp,S P,local-catalog,thumbs/OP01-047SP.webp,,,,,,,,,,,,,,,,,,,,,,,,,OP01-047::s p,0,0,0,0,1,0,missing_printing_market_map
293,OP01-048,Nekomamushi,C,,936,293,OP01-048::alt,,alt,Alt,local-catalog,thumbs/OP01-048 (alt).webp,,,,,,,,,,,,,,,,,,,,,,,,,OP01-048::alt,0,0,0,0,1,0,missing_printing_market_map
293,OP01-048,Nekomamushi,C,,937,293,OP01-048_p1,,parallel_1,Parallel 1,official-cardlist,OP01/parallel/OP01-048_p1.png,https://en.onepiece-cardgame.com/images/cardlist/card/OP01-048_p1.png?260305,,,,,,,,,,,,,,,,,,,,,,,,OP01-048_p1,0,0,0,0,1,0,missing_printing_market_map
296,OP01-051,"Eustass""Captain""Kid",SR,,944,296,OP01-051::alt,,alt,Alt,local-catalog,thumbs/OP01-051 (Alt).webp,,,,,,,,,,,,,,,,,,,,,,,,,OP01-051::alt,0,0,0,0,1,0,missing_printing_market_map
296,OP01-051,"Eustass""Captain""Kid",SR,,945,296,OP01-051_p1,,parallel_1,Parallel 1,official-cardlist,OP01/parallel/OP01-051_p1.png,https://en.onepiece-cardgame.com/images/cardlist/card/OP01-051_p1.png?260305,,,,,,,,,,,,,,,,,,,,,,,,OP01-051_p1,0,0,0,0,1,0,missing_printing_market_map
296,OP01-051,"Eustass""Captain""Kid",SR,,946,296,OP01-051_p2,,parallel_2,Parallel 2,official-cardlist,OP03/parallel/OP01-051_p2.png,https://en.onepiece-cardgame.com/images/cardlist/card/OP01-051_p2.png?260305,,,,,,,,,,,,,,,,,,,,,,,,OP01-051_p2,0,0,0,0,1,0,missing_printing_market_map
296,OP01-051,"Eustass""Captain""Kid",SR,,947,296,OP01-051_p4,,parallel_4,Parallel 4,official-cardlist,PRB01/parallel/OP01-051_p4.png,https://en.onepiece-cardgame.com/images/cardlist/card/OP01-051_p4.png?260305,,,,,,,,,,,,,,,,,,,,,,,,OP01-051_p4,0,0,0,0,1,0,missing_printing_market_map
296,OP01-051,"Eustass""Captain""Kid",SR,,948,296,OP01-051::prb01alt,,alt,Prb01Alt,local-catalog,thumbs/OP01-051(PRB01alt).webp,,,,,,,,,,,,,,,,,,,,,,,,,OP01-051::prb01alt,0,0,0,0,1,0,missing_printing_market_map
296,OP01-051,"Eustass""Captain""Kid",SR,,949,296,OP01-051_r1,,r1,R1,official-cardlist,PRB01/reprint/OP01-051_r1.png,https://en.onepiece-cardgame.com/images/cardlist/card/OP01-051_r1.png?260305,,,,,,,,,,,,,,,,,,,,,,,,OP01-051_r1,0,0,0,0,1,0,missing_printing_market_map
296,OP01-051,"Eustass""Captain""Kid",SR,,950,296,OP01-051::wanted,,promo,Wanted,local-catalog,thumbs/OP01-051 wanted.webp,,,,,,,,,,,,,,,,,,,,,,,,,OP01-051::wanted,0,0,0,0,1,0,missing_printing_market_map
297,OP01-052,Raizo,UC,,953,297,OP01-052::alt,,alt,Alt,local-catalog,thumbs/OP01-052(alt).webp,,,,,,,,,,,,,,,,,,,,,,,,,OP01-052::alt,0,0,0,0,1,0,missing_printing_market_map
297,OP01-052,Raizo,UC,,954,297,OP01-052::alt art 2,,alt,Alt Art 2,local-catalog,thumbs/OP01-052alt2.webp,,,,,,,,,,,,,,,,,,,,,,,,,OP01-052::alt art 2,0,0,0,0,1,0,missing_printing_market_map
297,OP01-052,Raizo,UC,,955,297,OP01-052_p1,,parallel_1,Parallel 1,official-cardlist,EP02/parallel/OP01-052_p1.png,https://en.onepiece-cardgame.com/images/cardlist/card/OP01-052_p1.png?260305,,,,,,,,,,,,,,,,,,,,,,,,OP01-052_p1,0,0,0,0,1,0,missing_printing_market_map
297,OP01-052,Raizo,UC,,956,297,OP01-052_p3,,parallel_3,Parallel 3,official-cardlist,PRB01/parallel/OP01-052_p3.png,https://en.onepiece-cardgame.com/images/cardlist/card/OP01-052_p3.png?260305,,,,,,,,,,,,,,,,,,,,,,,,OP01-052_p3,0,0,0,0,1,0,missing_printing_market_map
297,OP01-052,Raizo,UC,,957,297,OP01-052_p4,,parallel_4,Parallel 4,official-cardlist,PRB01/parallel/OP01-052_p4.png,https://en.onepiece-cardgame.com/images/cardlist/card/OP01-052_p4.png?260305,,,,,,,,,,,,,,,,,,,,,,,,OP01-052_p4,0,0,0,0,1,0,missing_printing_market_map
297,OP01-052,Raizo,UC,,958,297,OP01-052::prb01alt,,alt,Prb01Alt,local-catalog,thumbs/OP01-052(PRB01alt).webp,,,,,,,,,,,,,,,,,,,,,,,,,OP01-052::prb01alt,0,0,0,0,1,0,missing_printing_market_map
297,OP01-052,Raizo,UC,,959,297,OP01-052_r1,,r1,R1,official-cardlist,PRB01/reprint/OP01-052_r1.png,https://en.onepiece-cardgame.com/images/cardlist/card/OP01-052_r1.png?260305,,,,,,,,,,,,,,,,,,,,,,,,OP01-052_r1,0,0,0,0,1,0,missing_printing_market_map
300,OP01-055,You Can Be My Samurai!!,C,,966,300,OP01-055_p1,,parallel_1,Parallel 1,official-cardlist,PRB02/parallel/OP01-055_p1.png,https://en.onepiece-cardgame.com/images/cardlist/card/OP01-055_p1.png?260305,,,,,,,,,,,,,,,,,,,,,,,,OP01-055_p1,0,0,0,0,1,0,missing_printing_market_map
300,OP01-055,You Can Be My Samurai!!,C,,967,300,OP01-055_r1,,r1,R1,official-cardlist,PRB02/reprint/OP01-055_r1.png,https://en.onepiece-cardgame.com/images/cardlist/card/OP01-055_r1.png?260305,,,,,,,,,,,,,,,,,,,,,,,,OP01-055_r1,0,0,0,0,1,0,missing_printing_market_map
302,OP01-057,Paradise Waterfall,UC,,972,302,OP01-057::alt,,alt,Alt,local-catalog,thumbs/OP01-057alt.webp,,,,,,,,,,,,,,,,,,,,,,,,,OP01-057::alt,0,0,0,0,1,0,missing_printing_market_map
302,OP01-057,Paradise Waterfall,UC,,973,302,OP01-057_p1,,parallel_1,Parallel 1,official-cardlist,BCV1/parallel/OP01-057_p1.png,https://en.onepiece-cardgame.com/images/cardlist/card/OP01-057_p1.png?260305,,,,,,,,,,,,,,,,,,,,,,,,OP01-057_p1,0,0,0,0,1,0,missing_printing_market_map
305,OP01-060,Donquixote Doflamingo,L,,980,305,OP01-060::alt,,alt,Alt,local-catalog,thumbs/OP01-060 (alt).webp,,,,,,,,,,,,,,,,,,,,,,,,,OP01-060::alt,0,0,0,0,1,0,missing_printing_market_map
305,OP01-060,Donquixote Doflamingo,L,,981,305,OP01-060_p1,,parallel_1,Parallel 1,official-cardlist,OP01/parallel/OP01-060_p1.png,https://en.onepiece-cardgame.com/images/cardlist/card/OP01-060_p1.png?260305,,,,,,,,,,,,,,,,,,,,,,,,OP01-060_p1,0,0,0,0,1,0,missing_printing_market_map
305,OP01-060,Donquixote Doflamingo,L,,982,305,OP01-060_p2,,parallel_2,Parallel 2,official-cardlist,ST17/parallel/OP01-060_p2.png,https://en.onepiece-cardgame.com/images/cardlist/card/OP01-060_p2.png?260305,,,,,,,,,,,,,,,,,,,,,,,,OP01-060_p2,0,0,0,0,1,0,missing_printing_market_map
305,OP01-060,Donquixote Doflamingo,L,,983,305,OP01-060::st17alt,,alt,St17Alt,local-catalog,thumbs/OP01-060(ST17alt).webp,,,,,,,,,,,,,,,,,,,,,,,,,OP01-060::st17alt,0,0,0,0,1,0,missing_printing_market_map
306,OP01-061,Kaido,L,,986,306,OP01-061::alt,,alt,Alt,local-catalog,thumbs/OP01-061 (alt).webp,,,,,,,,,,,,,,,,,,,,,,,,,OP01-061::alt,0,0,0,0,1,0,missing_printing_market_map
306,OP01-061,Kaido,L,,987,306,OP01-061_p1,,parallel_1,Parallel 1,official-cardlist,OP01/parallel/OP01-061_p1.png,https://en.onepiece-cardgame.com/images/cardlist/card/OP01-061_p1.png?260305,,,,,,,,,,,,,,,,,,,,,,,,OP01-061_p1,0,0,0,0,1,0,missing_printing_market_map
307,OP01-062,Crocodile,L,,990,307,OP01-062::alt,,alt,Alt,local-catalog,thumbs/OP01-062 (alt).webp,,,,,,,,,,,,,,,,,,,,,,,,,OP01-062::alt,0,0,0,0,1,0,missing_printing_market_map
307,OP01-062,Crocodile,L,,991,307,OP01-062_p1,,parallel_1,Parallel 1,official-cardlist,OP01/parallel/OP01-062_p1.png,https://en.onepiece-cardgame.com/images/cardlist/card/OP01-062_p1.png?260305,,,,,,,,,,,,,,,,,,,,,,,,OP01-062_p1,0,0,0,0,1,0,missing_printing_market_map
309,OP01-064,Alvida,C,,996,309,OP01-064::alt,,alt,Alt,local-catalog,thumbs/OP01-064alt.webp,,,,,,,,,,,,,,,,,,,,,,,,,OP01-064::alt,0,0,0,0,1,0,missing_printing_market_map
309,OP01-064,Alvida,C,,997,309,OP01-064_p1,,parallel_1,Parallel 1,official-cardlist,OP01/parallel/OP01-064_p1.png,https://en.onepiece-cardgame.com/images/cardlist/card/OP01-064_p1.png?260305,,,,,,,,,,,,,,,,,,,,,,,,OP01-064_p1,0,0,0,0,1,0,missing_printing_market_map
312,OP01-067,Crocodile,SR,,1004,312,OP01-067::alt,,alt,Alt,local-catalog,thumbs/OP01-067 (Alt).webp,,,,,,,,,,,,,,,,,,,,,,,,,OP01-067::alt,0,0,0,0,1,0,missing_printing_market_map
312,OP01-067,Crocodile,SR,,1005,312,OP01-067_p1,,parallel_1,Parallel 1,official-cardlist,OP01/parallel/OP01-067_p1.png,https://en.onepiece-cardgame.com/images/cardlist/card/OP01-067_p1.png?260305,,,,,,,,,,,,,,,,,,,,,,,,OP01-067_p1,0,0,0,0,1,0,missing_printing_market_map
315,OP01-070,Dracule Mihawk,SR,,1012,315,OP01-070::alt,,alt,Alt,local-catalog,thumbs/OP01-070 (alt).webp,,,,,,,,,,,,,,,,,,,,,,,,,OP01-070::alt,0,0,0,0,1,0,missing_printing_market_map
315,OP01-070,Dracule Mihawk,SR,,1013,315,OP01-070::alt art 2,,alt,Alt Art 2,local-catalog,thumbs/OP01-070alt2.webp,,,,,,,,,,,,,,,,,,,,,,,,,OP01-070::alt art 2,0,0,0,0,1,0,missing_printing_market_map
315,OP01-070,Dracule Mihawk,SR,,1014,315,OP01-070_p1,,parallel_1,Parallel 1,official-cardlist,OP01/parallel/OP01-070_p1.png,https://en.onepiece-cardgame.com/images/cardlist/card/OP01-070_p1.png?260305,,,,,,,,,,,,,,,,,,,,,,,,OP01-070_p1,0,0,0,0,1,0,missing_printing_market_map
315,OP01-070,Dracule Mihawk,SR,,1015,315,OP01-070_p2,,parallel_2,Parallel 2,official-cardlist,_unclassified/parallel/OP01-070_p2.png,https://en.onepiece-cardgame.com/images/cardlist/card/OP01-070_p2.png?260305,,,,,,,,,,,,,,,,,,,,,,,,OP01-070_p2,0,0,0,0,1,0,missing_printing_market_map
315,OP01-070,Dracule Mihawk,SR,,1016,315,OP01-070_p4,,parallel_4,Parallel 4,official-cardlist,PRB01/parallel/OP01-070_p4.png,https://en.onepiece-cardgame.com/images/cardlist/card/OP01-070_p4.png?260305,,,,,,,,,,,,,,,,,,,,,,,,OP01-070_p4,0,0,0,0,1,0,missing_printing_market_map
315,OP01-070,Dracule Mihawk,SR,,1017,315,OP01-070::prb01alt,,alt,Prb01Alt,local-catalog,thumbs/OP01-070(PRB01alt).webp,,,,,,,,,,,,,,,,,,,,,,,,,OP01-070::prb01alt,0,0,0,0,1,0,missing_printing_market_map
315,OP01-070,Dracule Mihawk,SR,,1018,315,OP01-070_r1,,r1,R1,official-cardlist,PRB01/reprint/OP01-070_r1.png,https://en.onepiece-cardgame.com/images/cardlist/card/OP01-070_r1.png?260305,,,,,,,,,,,,,,,,,,,,,,,,OP01-070_r1,0,0,0,0,1,0,missing_printing_market_map
318,OP01-073,Donquixote Doflamingo,SP CARD,,1025,318,OP01-073::alt,,alt,Alt,local-catalog,thumbs/OP01-073 (Alt).webp,,,,,,,,,,,,,,,,,,,,,,,,,OP01-073::alt,0,0,0,0,1,0,missing_printing_market_map
318,OP01-073,Donquixote Doflamingo,SP CARD,,1026,318,OP01-073_p1,,parallel_1,Parallel 1,official-cardlist,OP01/parallel/OP01-073_p1.png,https://en.onepiece-cardgame.com/images/cardlist/card/OP01-073_p1.png?260305,,,,,,,,,,,,,,,,,,,,,,,,OP01-073_p1,0,0,0,0,1,0,missing_printing_market_map
318,OP01-073,Donquixote Doflamingo,SP CARD,,1027,318,OP01-073_p2,,parallel_2,Parallel 2,official-cardlist,OP07/parallel/OP01-073_p2.png,https://en.onepiece-cardgame.com/images/cardlist/card/OP01-073_p2.png?260305,,,,,,,,,,,,,,,,,,,,,,,,OP01-073_p2,0,0,0,0,1,0,missing_printing_market_map
318,OP01-073,Donquixote Doflamingo,SP CARD,,1028,318,OP01-073_r1,,r1,R1,official-cardlist,ST17/reprint/OP01-073_r1.png,https://en.onepiece-cardgame.com/images/cardlist/card/OP01-073_r1.png?260305,,,,,,,,,,,,,,,,,,,,,,,,OP01-073_r1,0,0,0,0,1,0,missing_printing_market_map
318,OP01-073,Donquixote Doflamingo,SP CARD,,1029,318,OP01-073::s p,,sp,S P,local-catalog,thumbs/OP01-073SP.webp,,,,,,,,,,,,,,,,,,,,,,,,,OP01-073::s p,0,0,0,0,1,0,missing_printing_market_map
322,OP01-077,Perona,UC,,1038,322,OP01-077::alt,,alt,Alt,local-catalog,thumbs/OP01-077 (alt).webp,,,,,,,,,,,,,,,,,,,,,,,,,OP01-077::alt,0,0,0,0,1,0,missing_printing_market_map
322,OP01-077,Perona,UC,,1039,322,OP01-077::alt art 2,,alt,Alt Art 2,local-catalog,thumbs/OP01-077alt2.webp,,,,,,,,,,,,,,,,,,,,,,,,,OP01-077::alt art 2,0,0,0,0,1,0,missing_printing_market_map
322,OP01-077,Perona,UC,,1040,322,OP01-077::alt art 3,,alt,Alt Art 3,local-catalog,thumbs/OP01-077Alt3.webp,,,,,,,,,,,,,,,,,,,,,,,,,OP01-077::alt art 3,0,0,0,0,1,0,missing_printing_market_map
322,OP01-077,Perona,UC,,1041,322,OP01-077_p1,,parallel_1,Parallel 1,official-cardlist,OP01/parallel/OP01-077_p1.png,https://en.onepiece-cardgame.com/images/cardlist/card/OP01-077_p1.png?260305,,,,,,,,,,,,,,,,,,,,,,,,OP01-077_p1,0,0,0,0,1,0,missing_printing_market_map
323,OP01-078,Boa Hancock,SR,,1044,323,OP01-078::alt,,alt,Alt,local-catalog,thumbs/OP01-078 (Alt).webp,,,,,,,,,,,,,,,,,,,,,,,,,OP01-078::alt,0,0,0,0,1,0,missing_printing_market_map
323,OP01-078,Boa Hancock,SR,,1045,323,OP01-078_p1,,parallel_1,Parallel 1,official-cardlist,OP01/parallel/OP01-078_p1.png,https://en.onepiece-cardgame.com/images/cardlist/card/OP01-078_p1.png?260305,,,,,,,,,,,,,,,,,,,,,,,,OP01-078_p1,0,0,0,0,1,0,missing_printing_market_map
323,OP01-078,Boa Hancock,SR,,1046,323,OP01-078_p2,,parallel_2,Parallel 2,official-cardlist,OP04/parallel/OP01-078_p2.png,https://en.onepiece-cardgame.com/images/cardlist/card/OP01-078_p2.png?260305,,,,,,,,,,,,,,,,,,,,,,,,OP01-078_p2,0,0,0,0,1,0,missing_printing_market_map
323,OP01-078,Boa Hancock,SR,,1047,323,OP01-078_p4,,parallel_4,Parallel 4,official-cardlist,PRB01/parallel/OP01-078_p4.png,https://en.onepiece-cardgame.com/images/cardlist/card/OP01-078_p4.png?260305,,,,,,,,,,,,,,,,,,,,,,,,OP01-078_p4,0,0,0,0,1,0,missing_printing_market_map
323,OP01-078,Boa Hancock,SR,,1048,323,OP01-078::prb01alt,,alt,Prb01Alt,local-catalog,thumbs/OP01-078(PRB01alt).webp,,,,,,,,,,,,,,,,,,,,,,,,,OP01-078::prb01alt,0,0,0,0,1,0,missing_printing_market_map
323,OP01-078,Boa Hancock,SR,,1049,323,OP01-078_r1,,r1,R1,official-cardlist,PRB01/reprint/OP01-078_r1.png,https://en.onepiece-cardgame.com/images/cardlist/card/OP01-078_r1.png?260305,,,,,,,,,,,,,,,,,,,,,,,,OP01-078_r1,0,0,0,0,1,0,missing_printing_market_map
323,OP01-078,Boa Hancock,SR,,1050,323,OP01-078::s p,,sp,S P,local-catalog,thumbs/OP01-078SP.webp,,,,,,,,,,,,,,,,,,,,,,,,,OP01-078::s p,0,0,0,0,1,0,missing_printing_market_map
324,OP01-079,Ms. All Sunday,R,,1053,324,OP01-079::alt,,alt,Alt,local-catalog,thumbs/OP01-079(alt).webp,,,,,,,,,,,,,,,,,,,,,,,,,OP01-079::alt,0,0,0,0,1,0,missing_printing_market_map
331,OP01-086,Overheat,R,,1068,331,OP01-086_r1,,r1,R1,official-cardlist,ST17/reprint/OP01-086_r1.png,https://en.onepiece-cardgame.com/images/cardlist/card/OP01-086_r1.png?260305,,,,,,,,,,,,,,,,,,,,,,,,OP01-086_r1,0,0,0,0,1,0,missing_printing_market_map
336,OP01-091,King,L,,1079,336,OP01-091::alt,,alt,Alt,local-catalog,thumbs/OP01-091 (alt).webp,,,,,,,,,,,,,,,,,,,,,,,,,OP01-091::alt,0,0,0,0,1,0,missing_printing_market_map
336,OP01-091,King,L,,1080,336,OP01-091_p1,,parallel_1,Parallel 1,official-cardlist,OP01/parallel/OP01-091_p1.png,https://en.onepiece-cardgame.com/images/cardlist/card/OP01-091_p1.png?260305,,,,,,,,,,,,,,,,,,,,,,,,OP01-091_p1,0,0,0,0,1,0,missing_printing_market_map
338,OP01-093,Ulti,R,,1085,338,OP01-093::alt,,alt,Alt,local-catalog,thumbs/OP01-093 (alt).webp,,,,,,,,,,,,,,,,,,,,,,,,,OP01-093::alt,0,0,0,0,1,0,missing_printing_market_map
338,OP01-093,Ulti,R,,1086,338,OP01-093::alt art 2,,alt,Alt Art 2,local-catalog,thumbs/OP01-093(alt2).webp,,,,,,,,,,,,,,,,,,,,,,,,,OP01-093::alt art 2,0,0,0,0,1,0,missing_printing_market_map
338,OP01-093,Ulti,R,,1087,338,OP01-093_p1,,parallel_1,Parallel 1,official-cardlist,OP01/parallel/OP01-093_p1.png,https://en.onepiece-cardgame.com/images/cardlist/card/OP01-093_p1.png?260305,,,,,,,,,,,,,,,,,,,,,,,,OP01-093_p1,0,0,0,0,1,0,missing_printing_market_map
339,OP01-094,Kaido,SR,,1090,339,OP01-094::alt,,alt,Alt,local-catalog,thumbs/OP01-094 (alt).webp,,,,,,,,,,,,,,,,,,,,,,,,,OP01-094::alt,0,0,0,0,1,0,missing_printing_market_map
339,OP01-094,Kaido,SR,,1091,339,OP01-094::alt art 2,,alt,Alt Art 2,local-catalog,thumbs/OP01-094alt2.webp,,,,,,,,,,,,,,,,,,,,,,,,,OP01-094::alt art 2,0,0,0,0,1,0,missing_printing_market_map
339,OP01-094,Kaido,SR,,1092,339,OP01-094_p1,,parallel_1,Parallel 1,official-cardlist,OP01/parallel/OP01-094_p1.png,https://en.onepiece-cardgame.com/images/cardlist/card/OP01-094_p1.png?260305,,,,,,,,,,,,,,,,,,,,,,,,OP01-094_p1,0,0,0,0,1,0,missing_printing_market_map
341,OP01-096,King,SR,,1097,341,OP01-096::alt,,alt,Alt,local-catalog,thumbs/OP01-096 (Alt).webp,,,,,,,,,,,,,,,,,,,,,,,,,OP01-096::alt,0,0,0,0,1,0,missing_printing_market_map
341,OP01-096,King,SR,,1098,341,OP01-096_p1,,parallel_1,Parallel 1,official-cardlist,OP01/parallel/OP01-096_p1.png,https://en.onepiece-cardgame.com/images/cardlist/card/OP01-096_p1.png?260305,,,,,,,,,,,,,,,,,,,,,,,,OP01-096_p1,0,0,0,0,1,0,missing_printing_market_map
342,OP01-097,Queen,R,,1101,342,OP01-097_p1,,parallel_1,Parallel 1,official-cardlist,OP01/parallel/OP01-097_p1.png,https://en.onepiece-cardgame.com/images/cardlist/card/OP01-097_p1.png?260305,,,,,,,,,,,,,,,,,,,,,,,,OP01-097_p1,0,0,0,0,1,0,missing_printing_market_map
346,OP01-101,Sasaki,UC,,1110,346,OP01-101::alt,,alt,Alt,local-catalog,thumbs/OP01-101(alt).webp,,,,,,,,,,,,,,,,,,,,,,,,,OP01-101::alt,0,0,0,0,1,0,missing_printing_market_map
346,OP01-101,Sasaki,UC,,1111,346,OP01-101_p1,,parallel_1,Parallel 1,official-cardlist,EP02/parallel/OP01-101_p1.png,https://en.onepiece-cardgame.com/images/cardlist/card/OP01-101_p1.png?260305,,,,,,,,,,,,,,,,,,,,,,,,OP01-101_p1,0,0,0,0,1,0,missing_printing_market_map
347,OP01-102,Jack,R,,1114,347,OP01-102::alt,,alt,Alt,local-catalog,thumbs/OP01-102 (Alt).webp,,,,,,,,,,,,,,,,,,,,,,,,,OP01-102::alt,0,0,0,0,1,0,missing_printing_market_map
347,OP01-102,Jack,R,,1115,347,OP01-102_p1,,parallel_1,Parallel 1,official-cardlist,OP01/parallel/OP01-102_p1.png,https://en.onepiece-cardgame.com/images/cardlist/card/OP01-102_p1.png?260305,,,,,,,,,,,,,,,,,,,,,,,,OP01-102_p1,0,0,0,0,1,0,missing_printing_market_map
353,OP01-108,Hitokiri Kamazo,UC,,1128,353,OP01-108::alt,,alt,Alt,local-catalog,thumbs/OP01-108(ALT).webp,,,,,,,,,,,,,,,,,,,,,,,,,OP01-108::alt,0,0,0,0,1,0,missing_printing_market_map
354,OP01-109,Who's.Who,UC,,1131,354,OP01-109::alt,,alt,Alt,local-catalog,thumbs/OP01-109 (alt).webp,,,,,,,,,,,,,,,,,,,,,,,,,OP01-109::alt,0,0,0,0,1,0,missing_printing_market_map
354,OP01-109,Who's.Who,UC,,1132,354,OP01-109_p1,,parallel_1,Parallel 1,official-cardlist,OP01/parallel/OP01-109_p1.png,https://en.onepiece-cardgame.com/images/cardlist/card/OP01-109_p1.png?260305,,,,,,,,,,,,,,,,,,,,,,,,OP01-109_p1,0,0,0,0,1,0,missing_printing_market_map
359,OP01-114,X.Drake,R,,1143,359,OP01-114::alt,,alt,Alt,local-catalog,thumbs/OP01-114alt.webp,,,,,,,,,,,,,,,,,,,,,,,,,OP01-114::alt,0,0,0,0,1,0,missing_printing_market_map
365,OP01-120,Shanks,SEC,,1156,365,OP01-120::alt,,alt,Alt,local-catalog,thumbs/OP01-120 (alt).webp,,,,,,,,,,,,,,,,,,,,,,,,,OP01-120::alt,0,0,0,0,1,0,missing_printing_market_map
365,OP01-120,Shanks,SEC,,1157,365,OP01-120::manga,,mr,Manga,local-catalog,thumbs/OP01-120 Manga Rare.webp,,,,,,,,,,,,,,,,,,,,,,,,,OP01-120::manga,0,0,0,0,1,0,missing_printing_market_map
365,OP01-120,Shanks,SEC,,1158,365,OP01-120_p1,,parallel_1,Parallel 1,official-cardlist,OP01/parallel/OP01-120_p1.png,https://en.onepiece-cardgame.com/images/cardlist/card/OP01-120_p1.png?260305,,,,,,,,,,,,,,,,,,,,,,,,OP01-120_p1,0,0,0,0,1,0,missing_printing_market_map
365,OP01-120,Shanks,SEC,,1159,365,OP01-120_p2,,parallel_2,Parallel 2,official-cardlist,OP01/parallel/OP01-120_p2.png,https://en.onepiece-cardgame.com/images/cardlist/card/OP01-120_p2.png?260305,,,,,,,,,,,,,,,,,,,,,,,,OP01-120_p2,0,0,0,0,1,0,missing_printing_market_map
365,OP01-120,Shanks,SEC,,1160,365,OP01-120_p5,,parallel_5,Parallel 5,official-cardlist,PRB01/parallel/OP01-120_p5.png,https://en.onepiece-cardgame.com/images/cardlist/card/OP01-120_p5.png?260305,,,,,,,,,,,,,,,,,,,,,,,,OP01-120_p5,0,0,0,0,1,0,missing_printing_market_map
365,OP01-120,Shanks,SEC,,1161,365,OP01-120::prb01alt,,alt,Prb01Alt,local-catalog,thumbs/OP01-120(PRB01alt).webp,,,,,,,,,,,,,,,,,,,,,,,,,OP01-120::prb01alt,0,0,0,0,1,0,missing_printing_market_map
365,OP01-120,Shanks,SEC,,1162,365,OP01-120_r1,,r1,R1,official-cardlist,PRB01/reprint/OP01-120_r1.png,https://en.onepiece-cardgame.com/images/cardlist/card/OP01-120_r1.png?260305,,,,,,,,,,,,,,,,,,,,,,,,OP01-120_r1,0,0,0,0,1,0,missing_printing_market_map
365,OP01-120,Shanks,SEC,,1163,365,OP01-120_r2,,r2,R2,official-cardlist,PRB01/reprint/OP01-120_r2.png,https://en.onepiece-cardgame.com/images/cardlist/card/OP01-120_r2.png?260305,,,,,,,,,,,,,,,,,,,,,,,,OP01-120_r2,0,0,0,0,1,0,missing_printing_market_map
365,OP01-120,Shanks,SEC,,1164,365,OP01-120::s n,,promo,S N,local-catalog,thumbs/OP01-120sn.webp,,,,,,,,,,,,,,,,,,,,,,,,,OP01-120::s n,0,0,0,0,1,0,missing_printing_market_map
366,OP01-121,Yamato,SEC,,1167,366,OP01-121::a t2,,operator_review,A T2,local-catalog,thumbs/OP01-121at2.webp,,,,,,,,,,,,,,,,,,,,,,,,,OP01-121::a t2,0,0,0,0,1,0,missing_printing_market_map
366,OP01-121,Yamato,SEC,,1168,366,OP01-121::alt,,alt,Alt,local-catalog,thumbs/OP01-121 (alt).webp,,,,,,,,,,,,,,,,,,,,,,,,,OP01-121::alt,0,0,0,0,1,0,missing_printing_market_map
366,OP01-121,Yamato,SEC,,1169,366,OP01-121_p1,,parallel_1,Parallel 1,official-cardlist,OP01/parallel/OP01-121_p1.png,https://en.onepiece-cardgame.com/images/cardlist/card/OP01-121_p1.png?260305,,,,,,,,,,,,,,,,,,,,,,,,OP01-121_p1,0,0,0,0,1,0,missing_printing_market_map
366,OP01-121,Yamato,SEC,,1170,366,OP01-121_p2,,parallel_2,Parallel 2,official-cardlist,OP05/parallel/OP01-121_p2.png,https://en.onepiece-cardgame.com/images/cardlist/card/OP01-121_p2.png?260305,,,,,,,,,,,,,,,,,,,,,,,,OP01-121_p2,0,0,0,0,1,0,missing_printing_market_map
366,OP01-121,Yamato,SEC,,1171,366,OP01-121_p4,,parallel_4,Parallel 4,official-cardlist,PRB01/parallel/OP01-121_p4.png,https://en.onepiece-cardgame.com/images/cardlist/card/OP01-121_p4.png?260305,,,,,,,,,,,,,,,,,,,,,,,,OP01-121_p4,0,0,0,0,1,0,missing_printing_market_map
366,OP01-121,Yamato,SEC,,1172,366,OP01-121::prb01alt,,alt,Prb01Alt,local-catalog,thumbs/OP01-121(PRB01alt).webp,,,,,,,,,,,,,,,,,,,,,,,,,OP01-121::prb01alt,0,0,0,0,1,0,missing_printing_market_map
366,OP01-121,Yamato,SEC,,1173,366,OP01-121_r1,,r1,R1,official-cardlist,PRB01/reprint/OP01-121_r1.png,https://en.onepiece-cardgame.com/images/cardlist/card/OP01-121_r1.png?260305,,,,,,,,,,,,,,,,,,,,,,,,OP01-121_r1,0,0,0,0,1,0,missing_printing_market_map
367,OP02-001,Edward.Newgate,L,,1176,367,OP02-001::alt,,alt,Alt,local-catalog,thumbs/OP02-001 (Alt).webp,,,,,,,,,,,,,,,,,,,,,,,,,OP02-001::alt,0,0,0,0,1,0,missing_printing_market_map
367,OP02-001,Edward.Newgate,L,,1177,367,OP02-001::alt art 2,,alt,Alt Art 2,local-catalog,thumbs/OP02-001alt2.webp,,,,,,,,,,,,,,,,,,,,,,,,,OP02-001::alt art 2,0,0,0,0,1,0,missing_printing_market_map
367,OP02-001,Edward.Newgate,L,,1178,367,OP02-001_p1,,parallel_1,Parallel 1,official-cardlist,OP02/parallel/OP02-001_p1.png,https://en.onepiece-cardgame.com/images/cardlist/card/OP02-001_p1.png?260305,,,,,,,,,,,,,,,,,,,,,,,,OP02-001_p1,0,0,0,0,1,0,missing_printing_market_map
367,OP02-001,Edward.Newgate,L,,1179,367,OP02-001_p2,,parallel_2,Parallel 2,official-cardlist,ST15/parallel/OP02-001_p2.png,https://en.onepiece-cardgame.com/images/cardlist/card/OP02-001_p2.png?260305,,,,,,,,,,,,,,,,,,,,,,,,OP02-001_p2,0,0,0,0,1,0,missing_printing_market_map
367,OP02-001,Edward.Newgate,L,,1180,367,OP02-001::st15alt,,alt,St15Alt,local-catalog,thumbs/OP02-001(ST15alt).webp,,,,,,,,,,,,,,,,,,,,,,,,,OP02-001::st15alt,0,0,0,0,1,0,missing_printing_market_map
368,OP02-002,Monkey.D.Garp,L,,1183,368,OP02-002::alt,,alt,Alt,local-catalog,thumbs/OP02-002ALT.webp,,,,,,,,,,,,,,,,,,,,,,,,,OP02-002::alt,0,0,0,0,1,0,missing_printing_market_map
368,OP02-002,Monkey.D.Garp,L,,1184,368,OP02-002_p1,,parallel_1,Parallel 1,official-cardlist,OP02/parallel/OP02-002_p1.png,https://en.onepiece-cardgame.com/images/cardlist/card/OP02-002_p1.png?260305,,,,,,,,,,,,,,,,,,,,,,,,OP02-002_p1,0,0,0,0,1,0,missing_printing_market_map
370,OP02-004,Edward.Newgate,SR,,1188,370,OP02-004::2,,operator_review,2,local-catalog,thumbs/OP02-004 (2).webp,,,,,,,,,,,,,,,,,,,,,,,,,OP02-004::2,0,0,0,0,1,0,missing_printing_market_map
370,OP02-004,Edward.Newgate,SR,,1189,370,OP02-004::alt,,alt,Alt,local-catalog,thumbs/OP02-004 (Alt).webp,,,,,,,,,,,,,,,,,,,,,,,,,OP02-004::alt,0,0,0,0,1,0,missing_printing_market_map
370,OP02-004,Edward.Newgate,SR,,1190,370,OP02-004::alts,,alt,Alts,local-catalog,thumbs/OP02-004alts.webp,,,,,,,,,,,,,,,,,,,,,,,,,OP02-004::alts,0,0,0,0,1,0,missing_printing_market_map
370,OP02-004,Edward.Newgate,SR,,1191,370,OP02-004_p1,,parallel_1,Parallel 1,official-cardlist,OP02/parallel/OP02-004_p1.png,https://en.onepiece-cardgame.com/images/cardlist/card/OP02-004_p1.png?260305,,,,,,,,,,,,,,,,,,,,,,,,OP02-004_p1,0,0,0,0,1,0,missing_printing_market_map
370,OP02-004,Edward.Newgate,SR,,1192,370,OP02-004_p2,,parallel_2,Parallel 2,official-cardlist,OP04/parallel/OP02-004_p2.png,https://en.onepiece-cardgame.com/images/cardlist/card/OP02-004_p2.png?260305,,,,,,,,,,,,,,,,,,,,,,,,OP02-004_p2,0,0,0,0,1,0,missing_printing_market_map
370,OP02-004,Edward.Newgate,SR,,1193,370,OP02-004_p4,,parallel_4,Parallel 4,official-cardlist,PRB01/parallel/OP02-004_p4.png,https://en.onepiece-cardgame.com/images/cardlist/card/OP02-004_p4.png?260305,,,,,,,,,,,,,,,,,,,,,,,,OP02-004_p4,0,0,0,0,1,0,missing_printing_market_map
370,OP02-004,Edward.Newgate,SR,,1194,370,OP02-004::prb01alt,,alt,Prb01Alt,local-catalog,thumbs/OP02-004(PRB01alt).webp,,,,,,,,,,,,,,,,,,,,,,,,,OP02-004::prb01alt,0,0,0,0,1,0,missing_printing_market_map
370,OP02-004,Edward.Newgate,SR,,1195,370,OP02-004_r1,,r1,R1,official-cardlist,PRB01/reprint/OP02-004_r1.png,https://en.onepiece-cardgame.com/images/cardlist/card/OP02-004_r1.png?260305,,,,,,,,,,,,,,,,,,,,,,,,OP02-004_r1,0,0,0,0,1,0,missing_printing_market_map
370,OP02-004,Edward.Newgate,SR,,1196,370,OP02-004::s p,,sp,S P,local-catalog,thumbs/OP02-004SP.webp,,,,,,,,,,,,,,,,,,,,,,,,,OP02-004::s p,0,0,0,0,1,0,missing_printing_market_map
371,OP02-005,Curly.Dadan,UC,,1198,371,OP02-005::2,,operator_review,2,local-catalog,thumbs/OP02-005 (2).webp,,,,,,,,,,,,,,,,,,,,,,,,,OP02-005::2,0,0,0,0,1,0,missing_printing_market_map
371,OP02-005,Curly.Dadan,UC,,1199,371,OP02-005::alt,,alt,Alt,local-catalog,thumbs/OP02-005alt.webp,,,,,,,,,,,,,,,,,,,,,,,,,OP02-005::alt,0,0,0,0,1,0,missing_printing_market_map
371,OP02-005,Curly.Dadan,UC,,1200,371,OP02-005_p1,,parallel_1,Parallel 1,official-cardlist,PRB02/parallel/OP02-005_p1.png,https://en.onepiece-cardgame.com/images/cardlist/card/OP02-005_p1.png?260305,,,,,,,,,,,,,,,,,,,,,,,,OP02-005_p1,0,0,0,0,1,0,missing_printing_market_map
371,OP02-005,Curly.Dadan,UC,,1201,371,OP02-005_p2,,parallel_2,Parallel 2,official-cardlist,BCV1/parallel/OP02-005_p2.png,https://en.onepiece-cardgame.com/images/cardlist/card/OP02-005_p2.png?260305,,,,,,,,,,,,,,,,,,,,,,,,OP02-005_p2,0,0,0,0,1,0,missing_printing_market_map
371,OP02-005,Curly.Dadan,UC,,1202,371,OP02-005_r1,,r1,R1,official-cardlist,PRB02/reprint/OP02-005_r1.png,https://en.onepiece-cardgame.com/images/cardlist/card/OP02-005_r1.png?260305,,,,,,,,,,,,,,,,,,,,,,,,OP02-005_r1,0,0,0,0,1,0,missing_printing_market_map
374,OP02-008,Jozu,R,,1208,374,OP02-008::2,,operator_review,2,local-catalog,thumbs/OP02-008 (2).webp,,,,,,,,,,,,,,,,,,,,,,,,,OP02-008::2,0,0,0,0,1,0,missing_printing_market_map
374,OP02-008,Jozu,R,,1209,374,OP02-008::alt,,alt,Alt,local-catalog,thumbs/OP02-008alt.webp,,,,,,,,,,,,,,,,,,,,,,,,,OP02-008::alt,0,0,0,0,1,0,missing_printing_market_map
374,OP02-008,Jozu,R,,1210,374,OP02-008_r1,,r1,R1,official-cardlist,ST15/reprint/OP02-008_r1.png,https://en.onepiece-cardgame.com/images/cardlist/card/OP02-008_r1.png?260305,,,,,,,,,,,,,,,,,,,,,,,,OP02-008_r1,0,0,0,0,1,0,missing_printing_market_map
375,OP02-009,Squard,UC,,1213,375,OP02-009::alt,,alt,Alt,local-catalog,thumbs/OP02-009(alt).webp,,,,,,,,,,,,,,,,,,,,,,,,,OP02-009::alt,0,0,0,0,1,0,missing_printing_market_map
375,OP02-009,Squard,UC,,1214,375,OP02-009_p1,,parallel_1,Parallel 1,official-cardlist,OP02/parallel/OP02-009_p1.png,https://en.onepiece-cardgame.com/images/cardlist/card/OP02-009_p1.png?260305,,,,,,,,,,,,,,,,,,,,,,,,OP02-009_p1,0,0,0,0,1,0,missing_printing_market_map
379,OP02-013,Portgas.D.Ace,SR,,1222,379,OP02-013::2,,operator_review,2,local-catalog,thumbs/OP02-013 (2).webp,,,,,,,,,,,,,,,,,,,,,,,,,OP02-013::2,0,0,0,0,1,0,missing_printing_market_map
379,OP02-013,Portgas.D.Ace,SR,,1223,379,OP02-013::2nd anniversary alt,,promo,2Nd Anniversary Alt,local-catalog,thumbs/OP02-013(2nd Anniversary alt).webp,,,,,,,,,,,,,,,,,,,,,,,,,OP02-013::2nd anniversary alt,0,0,0,0,1,0,missing_printing_market_map
379,OP02-013,Portgas.D.Ace,SR,,1224,379,OP02-013::alt,,alt,Alt,local-catalog,thumbs/OP02-013_Alt.webp,,,,,,,,,,,,,,,,,,,,,,,,,OP02-013::alt,0,0,0,0,1,0,missing_printing_market_map
379,OP02-013,Portgas.D.Ace,SR,,1225,379,OP02-013::manga,,mr,Manga,local-catalog,thumbs/OP02-013 Manga Rare.webp,,,,,,,,,,,,,,,,,,,,,,,,,OP02-013::manga,0,0,0,0,1,0,missing_printing_market_map
379,OP02-013,Portgas.D.Ace,SR,,1226,379,OP02-013_p1,,parallel_1,Parallel 1,official-cardlist,OP02/parallel/OP02-013_p1.png,https://en.onepiece-cardgame.com/images/cardlist/card/OP02-013_p1.png?260305,,,,,,,,,,,,,,,,,,,,,,,,OP02-013_p1,0,0,0,0,1,0,missing_printing_market_map
379,OP02-013,Portgas.D.Ace,SR,,1227,379,OP02-013_p2,,parallel_2,Parallel 2,official-cardlist,OP02/parallel/OP02-013_p2.png,https://en.onepiece-cardgame.com/images/cardlist/card/OP02-013_p2.png?260305,,,,,,,,,,,,,,,,,,,,,,,,OP02-013_p2,0,0,0,0,1,0,missing_printing_market_map
379,OP02-013,Portgas.D.Ace,SR,,1228,379,OP02-013_p3,,parallel_3,Parallel 3,official-cardlist,OP08/parallel/OP02-013_p3.png,https://en.onepiece-cardgame.com/images/cardlist/card/OP02-013_p3.png?260305,,,,,,,,,,,,,,,,,,,,,,,,OP02-013_p3,0,0,0,0,1,0,missing_printing_market_map
379,OP02-013,Portgas.D.Ace,SR,,1229,379,OP02-013_p5,,parallel_5,Parallel 5,official-cardlist,ANN2JP/parallel/OP02-013_p5.png,https://en.onepiece-cardgame.com/images/cardlist/card/OP02-013_p5.png?260305,,,,,,,,,,,,,,,,,,,,,,,,OP02-013_p5,0,0,0,0,1,0,missing_printing_market_map
379,OP02-013,Portgas.D.Ace,SR,,1230,379,OP02-013_r1,,r1,R1,official-cardlist,PRB01/reprint/OP02-013_r1.png,https://en.onepiece-cardgame.com/images/cardlist/card/OP02-013_r1.png?260305,,,,,,,,,,,,,,,,,,,,,,,,OP02-013_r1,0,0,0,0,1,0,missing_printing_market_map
379,OP02-013,Portgas.D.Ace,SR,,1231,379,OP02-013::s p,,sp,S P,local-catalog,thumbs/OP02-013SP.webp,,,,,,,,,,,,,,,,,,,,,,,,,OP02-013::s p,0,0,0,0,1,0,missing_printing_market_map
381,OP02-015,Makino,UC,,1235,381,OP02-015::2,,operator_review,2,local-catalog,thumbs/OP02-015 (2).webp,,,,,,,,,,,,,,,,,,,,,,,,,OP02-015::2,0,0,0,0,1,0,missing_printing_market_map
381,OP02-015,Makino,UC,,1236,381,OP02-015::alt,,alt,Alt,local-catalog,thumbs/OP02-015(alt).webp,,,,,,,,,,,,,,,,,,,,,,,,,OP02-015::alt,0,0,0,0,1,0,missing_printing_market_map
381,OP02-015,Makino,UC,,1237,381,OP02-015_p1,,parallel_1,Parallel 1,official-cardlist,ANN1JP/parallel/OP02-015_p1.png,https://en.onepiece-cardgame.com/images/cardlist/card/OP02-015_p1.png?260305,,,,,,,,,,,,,,,,,,,,,,,,OP02-015_p1,0,0,0,0,1,0,missing_printing_market_map
381,OP02-015,Makino,UC,,1238,381,OP02-015_p3,,parallel_3,Parallel 3,official-cardlist,PRB01/parallel/OP02-015_p3.png,https://en.onepiece-cardgame.com/images/cardlist/card/OP02-015_p3.png?260305,,,,,,,,,,,,,,,,,,,,,,,,OP02-015_p3,0,0,0,0,1,0,missing_printing_market_map
381,OP02-015,Makino,UC,,1239,381,OP02-015_p4,,parallel_4,Parallel 4,official-cardlist,PRB01/parallel/OP02-015_p4.png,https://en.onepiece-cardgame.com/images/cardlist/card/OP02-015_p4.png?260305,,,,,,,,,,,,,,,,,,,,,,,,OP02-015_p4,0,0,0,0,1,0,missing_printing_market_map
381,OP02-015,Makino,UC,,1240,381,OP02-015::prb01alt,,alt,Prb01Alt,local-catalog,thumbs/OP02-015(PRB01alt).webp,,,,,,,,,,,,,,,,,,,,,,,,,OP02-015::prb01alt,0,0,0,0,1,0,missing_printing_market_map
381,OP02-015,Makino,UC,,1241,381,OP02-015_r1,,r1,R1,official-cardlist,PRB01/reprint/OP02-015_r1.png,https://en.onepiece-cardgame.com/images/cardlist/card/OP02-015_r1.png?260305,,,,,,,,,,,,,,,,,,,,,,,,OP02-015_r1,0,0,0,0,1,0,missing_printing_market_map
383,OP02-017,Masked Deuce,R,,1246,383,OP02-017::alt,,alt,Alt,local-catalog,thumbs/OP02-017ALT.webp,,,,,,,,,,,,,,,,,,,,,,,,,OP02-017::alt,0,0,0,0,1,0,missing_printing_market_map
383,OP02-017,Masked Deuce,R,,1247,383,OP02-017_p1,,parallel_1,Parallel 1,official-cardlist,OP02/parallel/OP02-017_p1.png,https://en.onepiece-cardgame.com/images/cardlist/card/OP02-017_p1.png?260305,,,,,,,,,,,,,,,,,,,,,,,,OP02-017_p1,0,0,0,0,1,0,missing_printing_market_map
384,OP02-018,Marco,R,,1250,384,OP02-018::alt,,alt,Alt,local-catalog,thumbs/OP02-018(alt).webp,,,,,,,,,,,,,,,,,,,,,,,,,OP02-018::alt,0,0,0,0,1,0,missing_printing_market_map
384,OP02-018,Marco,R,,1251,384,OP02-018::alt art 2,,alt,Alt Art 2,local-catalog,thumbs/OP02-018(alt2).webp,,,,,,,,,,,,,,,,,,,,,,,,,OP02-018::alt art 2,0,0,0,0,1,0,missing_printing_market_map
384,OP02-018,Marco,R,,1252,384,OP02-018_p1,,parallel_1,Parallel 1,official-cardlist,OP02/parallel/OP02-018_p1.png,https://en.onepiece-cardgame.com/images/cardlist/card/OP02-018_p1.png?260305,,,,,,,,,,,,,,,,,,,,,,,,OP02-018_p1,0,0,0,0,1,0,missing_printing_market_map
384,OP02-018,Marco,R,,1253,384,OP02-018_p4,,parallel_4,Parallel 4,official-cardlist,PRB01/parallel/OP02-018_p4.png,https://en.onepiece-cardgame.com/images/cardlist/card/OP02-018_p4.png?260305,,,,,,,,,,,,,,,,,,,,,,,,OP02-018_p4,0,0,0,0,1,0,missing_printing_market_map
384,OP02-018,Marco,R,,1254,384,OP02-018_p5,,parallel_5,Parallel 5,official-cardlist,PRB01/parallel/OP02-018_p5.png,https://en.onepiece-cardgame.com/images/cardlist/card/OP02-018_p5.png?260305,,,,,,,,,,,,,,,,,,,,,,,,OP02-018_p5,0,0,0,0,1,0,missing_printing_market_map
384,OP02-018,Marco,R,,1255,384,OP02-018_p6,,parallel_6,Parallel 6,official-cardlist,PRB01/parallel/OP02-018_p6.png,https://en.onepiece-cardgame.com/images/cardlist/card/OP02-018_p6.png?260305,,,,,,,,,,,,,,,,,,,,,,,,OP02-018_p6,0,0,0,0,1,0,missing_printing_market_map
384,OP02-018,Marco,R,,1256,384,OP02-018::prb01alt,,alt,Prb01Alt,local-catalog,thumbs/OP02-018(PRB01alt).webp,,,,,,,,,,,,,,,,,,,,,,,,,OP02-018::prb01alt,0,0,0,0,1,0,missing_printing_market_map
384,OP02-018,Marco,R,,1257,384,OP02-018::prb01alt2,,alt,Prb01Alt2,local-catalog,thumbs/OP02-018(PRB01alt2).webp,,,,,,,,,,,,,,,,,,,,,,,,,OP02-018::prb01alt2,0,0,0,0,1,0,missing_printing_market_map
384,OP02-018,Marco,R,,1258,384,OP02-018_r1,,r1,R1,official-cardlist,ST15/reprint/OP02-018_r1.png,https://en.onepiece-cardgame.com/images/cardlist/card/OP02-018_r1.png?260305,,,,,,,,,,,,,,,,,,,,,,,,OP02-018_r1,0,0,0,0,1,0,missing_printing_market_map
384,OP02-018,Marco,R,,1259,384,OP02-018_r2,,r2,R2,official-cardlist,PRB01/reprint/OP02-018_r2.png,https://en.onepiece-cardgame.com/images/cardlist/card/OP02-018_r2.png?260305,,,,,,,,,,,,,,,,,,,,,,,,OP02-018_r2,0,0,0,0,1,0,missing_printing_market_map
385,OP02-019,Rakuyo,UC,,1262,385,OP02-019_r1,,r1,R1,official-cardlist,ST15/reprint/OP02-019_r1.png,https://en.onepiece-cardgame.com/images/cardlist/card/OP02-019_r1.png?260305,,,,,,,,,,,,,,,,,,,,,,,,OP02-019_r1,0,0,0,0,1,0,missing_printing_market_map
388,OP02-022,Whitebeard Pirates,UC,,1269,388,OP02-022_p1,,parallel_1,Parallel 1,official-cardlist,ST1520RE/parallel/OP02-022_p1.png,https://en.onepiece-cardgame.com/images/cardlist/card/OP02-022_p1.png?260305,,,,,,,,,,,,,,,,,,,,,,,,OP02-022_p1,0,0,0,0,1,0,missing_printing_market_map
389,OP02-023,You May Be a Fool...but I Still Love You,C,,1272,389,OP02-023_r1,,r1,R1,official-cardlist,ST15/reprint/OP02-023_r1.png,https://en.onepiece-cardgame.com/images/cardlist/card/OP02-023_r1.png?260305,,,,,,,,,,,,,,,,,,,,,,,,OP02-023_r1,0,0,0,0,1,0,missing_printing_market_map
391,OP02-025,Kin'emon,L,,1277,391,OP02-025::alt,,alt,Alt,local-catalog,thumbs/OP02-025_Alt.webp,,,,,,,,,,,,,,,,,,,,,,,,,OP02-025::alt,0,0,0,0,1,0,missing_printing_market_map
391,OP02-025,Kin'emon,L,,1278,391,OP02-025_p1,,parallel_1,Parallel 1,official-cardlist,OP02/parallel/OP02-025_p1.png,https://en.onepiece-cardgame.com/images/cardlist/card/OP02-025_p1.png?260305,,,,,,,,,,,,,,,,,,,,,,,,OP02-025_p1,0,0,0,0,1,0,missing_printing_market_map
392,OP02-026,Sanji,L,,1281,392,OP02-026::alt,,alt,Alt,local-catalog,thumbs/OP02-026_Alt.webp,,,,,,,,,,,,,,,,,,,,,,,,,OP02-026::alt,0,0,0,0,1,0,missing_printing_market_map
392,OP02-026,Sanji,L,,1282,392,OP02-026_p1,,parallel_1,Parallel 1,official-cardlist,OP02/parallel/OP02-026_p1.png,https://en.onepiece-cardgame.com/images/cardlist/card/OP02-026_p1.png?260305,,,,,,,,,,,,,,,,,,,,,,,,OP02-026_p1,0,0,0,0,1,0,missing_printing_market_map
394,OP02-028,Usopp,C,,1287,394,OP02-028_p1,,parallel_1,Parallel 1,official-cardlist,ST11/parallel/OP02-028_p1.png,https://en.onepiece-cardgame.com/images/cardlist/card/OP02-028_p1.png?260305,,,,,,,,,,,,,,,,,,,,,,,,OP02-028_p1,0,0,0,0,1,0,missing_printing_market_map
395,OP02-029,Carrot,R,,1290,395,OP02-029::alt,,alt,Alt,local-catalog,thumbs/OP02-029(alt).webp,,,,,,,,,,,,,,,,,,,,,,,,,OP02-029::alt,0,0,0,0,1,0,missing_printing_market_map
396,OP02-030,Kouzuki Oden,SR,,1292,396,OP02-030::2,,operator_review,2,local-catalog,thumbs/OP02-030 (2).webp,,,,,,,,,,,,,,,,,,,,,,,,,OP02-030::2,0,0,0,0,1,0,missing_printing_market_map
396,OP02-030,Kouzuki Oden,SR,,1293,396,OP02-030::alt,,alt,Alt,local-catalog,thumbs/OP02-030alt.webp,,,,,,,,,,,,,,,,,,,,,,,,,OP02-030::alt,0,0,0,0,1,0,missing_printing_market_map
396,OP02-030,Kouzuki Oden,SR,,1294,396,OP02-030_p1,,parallel_1,Parallel 1,official-cardlist,OP02/parallel/OP02-030_p1.png,https://en.onepiece-cardgame.com/images/cardlist/card/OP02-030_p1.png?260305,,,,,,,,,,,,,,,,,,,,,,,,OP02-030_p1,0,0,0,0,1,0,missing_printing_market_map
397,OP02-031,Kouzuki Toki,UC,,1296,397,OP02-031::2,,operator_review,2,local-catalog,thumbs/OP02-031 (2).webp,,,,,,,,,,,,,,,,,,,,,,,,,OP02-031::2,0,0,0,0,1,0,missing_printing_market_map
397,OP02-031,Kouzuki Toki,UC,,1297,397,OP02-031::alt,,alt,Alt,local-catalog,thumbs/OP02-031_Alt.webp,,,,,,,,,,,,,,,,,,,,,,,,,OP02-031::alt,0,0,0,0,1,0,missing_printing_market_map
397,OP02-031,Kouzuki Toki,UC,,1298,397,OP02-031_p1,,parallel_1,Parallel 1,official-cardlist,OP02/parallel/OP02-031_p1.png,https://en.onepiece-cardgame.com/images/cardlist/card/OP02-031_p1.png?260305,,,,,,,,,,,,,,,,,,,,,,,,OP02-031_p1,0,0,0,0,1,0,missing_printing_market_map
399,OP02-033,Jinbe,C,,1302,399,OP02-033::2,,operator_review,2,local-catalog,thumbs/OP02-033 (2).webp,,,,,,,,,,,,,,,,,,,,,,,,,OP02-033::2,0,0,0,0,1,0,missing_printing_market_map
399,OP02-033,Jinbe,C,,1303,399,OP02-033_p1,,parallel_1,Parallel 1,official-cardlist,ST11/parallel/OP02-033_p1.png,https://en.onepiece-cardgame.com/images/cardlist/card/OP02-033_p1.png?260305,,,,,,,,,,,,,,,,,,,,,,,,OP02-033_p1,0,0,0,0,1,0,missing_printing_market_map
400,OP02-034,Tony Tony.Chopper,UC,,1306,400,OP02-034::alt,,alt,Alt,local-catalog,thumbs/OP02-034(alt).webp,,,,,,,,,,,,,,,,,,,,,,,,,OP02-034::alt,0,0,0,0,1,0,missing_printing_market_map
400,OP02-034,Tony Tony.Chopper,UC,,1307,400,OP02-034_p1,,parallel_1,Parallel 1,official-cardlist,ST11/parallel/OP02-034_p1.png,https://en.onepiece-cardgame.com/images/cardlist/card/OP02-034_p1.png?260305,,,,,,,,,,,,,,,,,,,,,,,,OP02-034_p1,0,0,0,0,1,0,missing_printing_market_map
400,OP02-034,Tony Tony.Chopper,UC,,1308,400,OP02-034_p2,,parallel_2,Parallel 2,official-cardlist,ST1520RE/parallel/OP02-034_p2.png,https://en.onepiece-cardgame.com/images/cardlist/card/OP02-034_p2.png?260305,,,,,,,,,,,,,,,,,,,,,,,,OP02-034_p2,0,0,0,0,1,0,missing_printing_market_map
401,OP02-035,Trafalgar Law,C,,1311,401,OP02-035::alt,,alt,Alt,local-catalog,thumbs/OP02-035(alt).webp,,,,,,,,,,,,,,,,,,,,,,,,,OP02-035::alt,0,0,0,0,1,0,missing_printing_market_map
401,OP02-035,Trafalgar Law,C,,1312,401,OP02-035_p1,,parallel_1,Parallel 1,official-cardlist,ORP01/parallel/OP02-035_p1.png,https://en.onepiece-cardgame.com/images/cardlist/card/OP02-035_p1.png?260305,,,,,,,,,,,,,,,,,,,,,,,,OP02-035_p1,0,0,0,0,1,0,missing_printing_market_map
401,OP02-035,Trafalgar Law,C,,1313,401,OP02-035_p2,,parallel_2,Parallel 2,official-cardlist,ST11/parallel/OP02-035_p2.png,https://en.onepiece-cardgame.com/images/cardlist/card/OP02-035_p2.png?260305,,,,,,,,,,,,,,,,,,,,,,,,OP02-035_p2,0,0,0,0,1,0,missing_printing_market_map
402,OP02-036,Nami,SR,,1316,402,OP02-036::2,,operator_review,2,local-catalog,thumbs/OP02-036 (2).webp,,,,,,,,,,,,,,,,,,,,,,,,,OP02-036::2,0,0,0,0,1,0,missing_printing_market_map
402,OP02-036,Nami,SR,,1317,402,OP02-036::alt art 2,,alt,Alt Art 2,local-catalog,thumbs/OP02-036alt2.webp,,,,,,,,,,,,,,,,,,,,,,,,,OP02-036::alt art 2,0,0,0,0,1,0,missing_printing_market_map
402,OP02-036,Nami,SR,,1318,402,OP02-036_p1,,parallel_1,Parallel 1,official-cardlist,OP02/parallel/OP02-036_p1.png,https://en.onepiece-cardgame.com/images/cardlist/card/OP02-036_p1.png?260305,,,,,,,,,,,,,,,,,,,,,,,,OP02-036_p1,0,0,0,0,1,0,missing_printing_market_map
402,OP02-036,Nami,SR,,1319,402,OP02-036_p2,,parallel_2,Parallel 2,official-cardlist,BCV1/parallel/OP02-036_p2.png,https://en.onepiece-cardgame.com/images/cardlist/card/OP02-036_p2.png?260305,,,,,,,,,,,,,,,,,,,,,,,,OP02-036_p2,0,0,0,0,1,0,missing_printing_market_map
403,OP02-037,Nico Robin,UC,,1322,403,OP02-037_p1,,parallel_1,Parallel 1,official-cardlist,ST11/parallel/OP02-037_p1.png,https://en.onepiece-cardgame.com/images/cardlist/card/OP02-037_p1.png?260305,,,,,,,,,,,,,,,,,,,,,,,,OP02-037_p1,0,0,0,0,1,0,missing_printing_market_map
405,OP02-039,Franky,C,,1327,405,OP02-039_p1,,parallel_1,Parallel 1,official-cardlist,ST11/parallel/OP02-039_p1.png,https://en.onepiece-cardgame.com/images/cardlist/card/OP02-039_p1.png?260305,,,,,,,,,,,,,,,,,,,,,,,,OP02-039_p1,0,0,0,0,1,0,missing_printing_market_map
406,OP02-040,Brook,R,,1330,406,OP02-040_p1,,parallel_1,Parallel 1,official-cardlist,ST11/parallel/OP02-040_p1.png,https://en.onepiece-cardgame.com/images/cardlist/card/OP02-040_p1.png?260305,,,,,,,,,,,,,,,,,,,,,,,,OP02-040_p1,0,0,0,0,1,0,missing_printing_market_map
407,OP02-041,Monkey.D.Luffy,R,,1333,407,OP02-041::alt,,alt,Alt,local-catalog,thumbs/OP02-041_Alt.webp,,,,,,,,,,,,,,,,,,,,,,,,,OP02-041::alt,0,0,0,0,1,0,missing_printing_market_map
407,OP02-041,Monkey.D.Luffy,R,,1334,407,OP02-041_p1,,parallel_1,Parallel 1,official-cardlist,OP02/parallel/OP02-041_p1.png,https://en.onepiece-cardgame.com/images/cardlist/card/OP02-041_p1.png?260305,,,,,,,,,,,,,,,,,,,,,,,,OP02-041_p1,0,0,0,0,1,0,missing_printing_market_map
407,OP02-041,Monkey.D.Luffy,R,,1335,407,OP02-041_p2,,parallel_2,Parallel 2,official-cardlist,ST11/parallel/OP02-041_p2.png,https://en.onepiece-cardgame.com/images/cardlist/card/OP02-041_p2.png?260305,,,,,,,,,,,,,,,,,,,,,,,,OP02-041_p2,0,0,0,0,1,0,missing_printing_market_map
409,OP02-043,Roronoa Zoro,C,,1340,409,OP02-043_p1,,parallel_1,Parallel 1,official-cardlist,ST11/parallel/OP02-043_p1.png,https://en.onepiece-cardgame.com/images/cardlist/card/OP02-043_p1.png?260305,,,,,,,,,,,,,,,,,,,,,,,,OP02-043_p1,0,0,0,0,1,0,missing_printing_market_map
411,OP02-045,Three Sword Style Oni Giri,C,,1345,411,OP02-045_p1,,parallel_1,Parallel 1,official-cardlist,ST11/parallel/OP02-045_p1.png,https://en.onepiece-cardgame.com/images/cardlist/card/OP02-045_p1.png?260305,,,,,,,,,,,,,,,,,,,,,,,,OP02-045_p1,0,0,0,0,1,0,missing_printing_market_map
415,OP02-049,Emporio.Ivankov,L,,1354,415,OP02-049::alt,,alt,Alt,local-catalog,thumbs/OP02-049_Alt.webp,,,,,,,,,,,,,,,,,,,,,,,,,OP02-049::alt,0,0,0,0,1,0,missing_printing_market_map
415,OP02-049,Emporio.Ivankov,L,,1355,415,OP02-049_p1,,parallel_1,Parallel 1,official-cardlist,OP02/parallel/OP02-049_p1.png,https://en.onepiece-cardgame.com/images/cardlist/card/OP02-049_p1.png?260305,,,,,,,,,,,,,,,,,,,,,,,,OP02-049_p1,0,0,0,0,1,0,missing_printing_market_map
417,OP02-051,Emporio.Ivankov,SR,,1360,417,OP02-051::alt,,alt,Alt,local-catalog,thumbs/OP02-051_Alt.webp,,,,,,,,,,,,,,,,,,,,,,,,,OP02-051::alt,0,0,0,0,1,0,missing_printing_market_map
417,OP02-051,Emporio.Ivankov,SR,,1361,417,OP02-051_p1,,parallel_1,Parallel 1,official-cardlist,OP02/parallel/OP02-051_p1.png,https://en.onepiece-cardgame.com/images/cardlist/card/OP02-051_p1.png?260305,,,,,,,,,,,,,,,,,,,,,,,,OP02-051_p1,0,0,0,0,1,0,missing_printing_market_map
419,OP02-053,Crocodile,C,,1366,419,OP02-053::alt,,alt,Alt,local-catalog,thumbs/OP02-053(alt).webp,,,,,,,,,,,,,,,,,,,,,,,,,OP02-053::alt,0,0,0,0,1,0,missing_printing_market_map
420,OP02-054,Gecko Moria,C,,1369,420,OP02-054_r1,,r1,R1,official-cardlist,ST17/reprint/OP02-054_r1.png,https://en.onepiece-cardgame.com/images/cardlist/card/OP02-054_r1.png?260305,,,,,,,,,,,,,,,,,,,,,,,,OP02-054_r1,0,0,0,0,1,0,missing_printing_market_map
423,OP02-057,Bartholomew Kuma,UC,,1376,423,OP02-057_r1,,r1,R1,official-cardlist,ST17/reprint/OP02-057_r1.png,https://en.onepiece-cardgame.com/images/cardlist/card/OP02-057_r1.png?260305,,,,,,,,,,,,,,,,,,,,,,,,OP02-057_r1,0,0,0,0,1,0,missing_printing_market_map
424,OP02-058,Buggy,R,,1379,424,OP02-058::alt,,alt,Alt,local-catalog,thumbs/OP02-058alt.webp,,,,,,,,,,,,,,,,,,,,,,,,,OP02-058::alt,0,0,0,0,1,0,missing_printing_market_map
424,OP02-058,Buggy,R,,1380,424,OP02-058_p1,,parallel_1,Parallel 1,official-cardlist,OP02/parallel/OP02-058_p1.png,https://en.onepiece-cardgame.com/images/cardlist/card/OP02-058_p1.png?260305,,,,,,,,,,,,,,,,,,,,,,,,OP02-058_p1,0,0,0,0,1,0,missing_printing_market_map
425,OP02-059,Boa Hancock,UC,,1383,425,OP02-059::alt,,alt,Alt,local-catalog,thumbs/OP02-059(alt).webp,,,,,,,,,,,,,,,,,,,,,,,,,OP02-059::alt,0,0,0,0,1,0,missing_printing_market_map
425,OP02-059,Boa Hancock,UC,,1384,425,OP02-059::alt art 2,,alt,Alt Art 2,local-catalog,thumbs/OP02-059(alt2).webp,,,,,,,,,,,,,,,,,,,,,,,,,OP02-059::alt art 2,0,0,0,0,1,0,missing_printing_market_map
425,OP02-059,Boa Hancock,UC,,1385,425,OP02-059_p1,,parallel_1,Parallel 1,official-cardlist,OP02/parallel/OP02-059_p1.png,https://en.onepiece-cardgame.com/images/cardlist/card/OP02-059_p1.png?260305,,,,,,,,,,,,,,,,,,,,,,,,OP02-059_p1,0,0,0,0,1,0,missing_printing_market_map
425,OP02-059,Boa Hancock,UC,,1386,425,OP02-059_p2,,parallel_2,Parallel 2,official-cardlist,GC01/parallel/OP02-059_p2.png,https://en.onepiece-cardgame.com/images/cardlist/card/OP02-059_p2.png?260305,,,,,,,,,,,,,,,,,,,,,,,,OP02-059_p2,0,0,0,0,1,0,missing_printing_market_map
428,OP02-062,Monkey.D.Luffy,SR,,1393,428,OP02-062::alt,,alt,Alt,local-catalog,thumbs/OP02-062_Alt.webp,,,,,,,,,,,,,,,,,,,,,,,,,OP02-062::alt,0,0,0,0,1,0,missing_printing_market_map
428,OP02-062,Monkey.D.Luffy,SR,,1394,428,OP02-062_p1,,parallel_1,Parallel 1,official-cardlist,OP02/parallel/OP02-062_p1.png,https://en.onepiece-cardgame.com/images/cardlist/card/OP02-062_p1.png?260305,,,,,,,,,,,,,,,,,,,,,,,,OP02-062_p1,0,0,0,0,1,0,missing_printing_market_map
429,OP02-063,Mr.1(Daz.Bonez),UC,,1397,429,OP02-063::alt,,alt,Alt,local-catalog,thumbs/OP02-063Alt.webp,,,,,,,,,,,,,,,,,,,,,,,,,OP02-063::alt,0,0,0,0,1,0,missing_printing_market_map
429,OP02-063,Mr.1(Daz.Bonez),UC,,1398,429,OP02-063_p1,,parallel_1,Parallel 1,official-cardlist,ORP2024V3/parallel/OP02-063_p1.png,https://en.onepiece-cardgame.com/images/cardlist/card/OP02-063_p1.png?260305,,,,,,,,,,,,,,,,,,,,,,,,OP02-063_p1,0,0,0,0,1,0,missing_printing_market_map
434,OP02-068,Gum-Gum Rain,R,,1409,434,OP02-068_p1,,parallel_1,Parallel 1,official-cardlist,PRB02/parallel/OP02-068_p1.png,https://en.onepiece-cardgame.com/images/cardlist/card/OP02-068_p1.png?260305,,,,,,,,,,,,,,,,,,,,,,,,OP02-068_p1,0,0,0,0,1,0,missing_printing_market_map
434,OP02-068,Gum-Gum Rain,R,,1410,434,OP02-068::prb02,,alt,Prb02,local-catalog,thumbs/OP02-068(PRB02).webp,,,,,,,,,,,,,,,,,,,,,,,,,OP02-068::prb02,0,0,0,0,1,0,missing_printing_market_map
434,OP02-068,Gum-Gum Rain,R,,1411,434,OP02-068_r1,,r1,R1,official-cardlist,PRB02/reprint/OP02-068_r1.png,https://en.onepiece-cardgame.com/images/cardlist/card/OP02-068_r1.png?260305,,,,,,,,,,,,,,,,,,,,,,,,OP02-068_r1,0,0,0,0,1,0,missing_printing_market_map
437,OP02-071,Magellan,L,,1418,437,OP02-071::alt,,alt,Alt,local-catalog,thumbs/OP02-071_Alt.webp,,,,,,,,,,,,,,,,,,,,,,,,,OP02-071::alt,0,0,0,0,1,0,missing_printing_market_map
437,OP02-071,Magellan,L,,1419,437,OP02-071_p1,,parallel_1,Parallel 1,official-cardlist,OP02/parallel/OP02-071_p1.png,https://en.onepiece-cardgame.com/images/cardlist/card/OP02-071_p1.png?260305,,,,,,,,,,,,,,,,,,,,,,,,OP02-071_p1,0,0,0,0,1,0,missing_printing_market_map
438,OP02-072,Zephyr,L,,1422,438,OP02-072::alt,,alt,Alt,local-catalog,thumbs/OP02-072_Alt.webp,,,,,,,,,,,,,,,,,,,,,,,,,OP02-072::alt,0,0,0,0,1,0,missing_printing_market_map
438,OP02-072,Zephyr,L,,1423,438,OP02-072_p1,,parallel_1,Parallel 1,official-cardlist,OP02/parallel/OP02-072_p1.png,https://en.onepiece-cardgame.com/images/cardlist/card/OP02-072_p1.png?260305,,,,,,,,,,,,,,,,,,,,,,,,OP02-072_p1,0,0,0,0,1,0,missing_printing_market_map
439,OP02-073,Little Sadi,R,,1426,439,OP02-073::alt,,alt,Alt,local-catalog,thumbs/OP02-073ALT.webp,,,,,,,,,,,,,,,,,,,,,,,,,OP02-073::alt,0,0,0,0,1,0,missing_printing_market_map
439,OP02-073,Little Sadi,R,,1427,439,OP02-073_p1,,parallel_1,Parallel 1,official-cardlist,OP02/parallel/OP02-073_p1.png,https://en.onepiece-cardgame.com/images/cardlist/card/OP02-073_p1.png?260305,,,,,,,,,,,,,,,,,,,,,,,,OP02-073_p1,0,0,0,0,1,0,missing_printing_market_map
451,OP02-085,Magellan,SP CARD,,1452,451,OP02-085::alt,,alt,Alt,local-catalog,thumbs/OP02-085Alt.webp,,,,,,,,,,,,,,,,,,,,,,,,,OP02-085::alt,0,0,0,0,1,0,missing_printing_market_map
451,OP02-085,Magellan,SP CARD,,1453,451,OP02-085_p1,,parallel_1,Parallel 1,official-cardlist,OP02/parallel/OP02-085_p1.png,https://en.onepiece-cardgame.com/images/cardlist/card/OP02-085_p1.png?260305,,,,,,,,,,,,,,,,,,,,,,,,OP02-085_p1,0,0,0,0,1,0,missing_printing_market_map
451,OP02-085,Magellan,SP CARD,,1454,451,OP02-085_p2,,parallel_2,Parallel 2,official-cardlist,OP04/parallel/OP02-085_p2.png,https://en.onepiece-cardgame.com/images/cardlist/card/OP02-085_p2.png?260305,,,,,,,,,,,,,,,,,,,,,,,,OP02-085_p2,0,0,0,0,1,0,missing_printing_market_map
451,OP02-085,Magellan,SP CARD,,1455,451,OP02-085::s p,,sp,S P,local-catalog,thumbs/OP02-085SP.webp,,,,,,,,,,,,,,,,,,,,,,,,,OP02-085::s p,0,0,0,0,1,0,missing_printing_market_map
452,OP02-086,Minokoala,UC,,1458,452,OP02-086::alt,,alt,Alt,local-catalog,thumbs/OP02-086_Alt.webp,,,,,,,,,,,,,,,,,,,,,,,,,OP02-086::alt,0,0,0,0,1,0,missing_printing_market_map
452,OP02-086,Minokoala,UC,,1459,452,OP02-086_p1,,parallel_1,Parallel 1,official-cardlist,OP02/parallel/OP02-086_p1.png,https://en.onepiece-cardgame.com/images/cardlist/card/OP02-086_p1.png?260305,,,,,,,,,,,,,,,,,,,,,,,,OP02-086_p1,0,0,0,0,1,0,missing_printing_market_map
455,OP02-089,Judgment of Hell,R,,1466,455,OP02-089_p2,,parallel_2,Parallel 2,official-cardlist,PRB01/parallel/OP02-089_p2.png,https://en.onepiece-cardgame.com/images/cardlist/card/OP02-089_p2.png?260305,,,,,,,,,,,,,,,,,,,,,,,,OP02-089_p2,0,0,0,0,1,0,missing_printing_market_map
455,OP02-089,Judgment of Hell,R,,1467,455,OP02-089_p3,,parallel_3,Parallel 3,official-cardlist,PRB01/parallel/OP02-089_p3.png,https://en.onepiece-cardgame.com/images/cardlist/card/OP02-089_p3.png?260305,,,,,,,,,,,,,,,,,,,,,,,,OP02-089_p3,0,0,0,0,1,0,missing_printing_market_map
455,OP02-089,Judgment of Hell,R,,1468,455,OP02-089_p4,,parallel_4,Parallel 4,official-cardlist,PRB01/parallel/OP02-089_p4.png,https://en.onepiece-cardgame.com/images/cardlist/card/OP02-089_p4.png?260305,,,,,,,,,,,,,,,,,,,,,,,,OP02-089_p4,0,0,0,0,1,0,missing_printing_market_map
455,OP02-089,Judgment of Hell,R,,1469,455,OP02-089::prb01alt,,alt,Prb01Alt,local-catalog,thumbs/OP02-089(PRB01alt).webp,,,,,,,,,,,,,,,,,,,,,,,,,OP02-089::prb01alt,0,0,0,0,1,0,missing_printing_market_map
455,OP02-089,Judgment of Hell,R,,1470,455,OP02-089_r1,,r1,R1,official-cardlist,PRB01/reprint/OP02-089_r1.png,https://en.onepiece-cardgame.com/images/cardlist/card/OP02-089_r1.png?260305,,,,,,,,,,,,,,,,,,,,,,,,OP02-089_r1,0,0,0,0,1,0,missing_printing_market_map
459,OP02-093,Smoker,L,,1479,459,OP02-093::alt,,alt,Alt,local-catalog,thumbs/OP02-093_Alt.webp,,,,,,,,,,,,,,,,,,,,,,,,,OP02-093::alt,0,0,0,0,1,0,missing_printing_market_map
459,OP02-093,Smoker,L,,1480,459,OP02-093_p1,,parallel_1,Parallel 1,official-cardlist,OP02/parallel/OP02-093_p1.png,https://en.onepiece-cardgame.com/images/cardlist/card/OP02-093_p1.png?260305,,,,,,,,,,,,,,,,,,,,,,,,OP02-093_p1,0,0,0,0,1,0,missing_printing_market_map
459,OP02-093,Smoker,L,,1481,459,OP02-093_p2,,parallel_2,Parallel 2,official-cardlist,ST19/parallel/OP02-093_p2.png,https://en.onepiece-cardgame.com/images/cardlist/card/OP02-093_p2.png?260305,,,,,,,,,,,,,,,,,,,,,,,,OP02-093_p2,0,0,0,0,1,0,missing_printing_market_map
459,OP02-093,Smoker,L,,1482,459,OP02-093::st19 alt,,alt,St19 Alt,local-catalog,thumbs/OP02-093(ST19 alt).webp,,,,,,,,,,,,,,,,,,,,,,,,,OP02-093::st19 alt,0,0,0,0,1,0,missing_printing_market_map
462,OP02-096,Kuzan,SR,,1487,462,OP02-096::alt,,alt,Alt,local-catalog,thumbs/OP02-096_Alt.webp,,,,,,,,,,,,,,,,,,,,,,,,,OP02-096::alt,0,0,0,0,1,0,missing_printing_market_map
462,OP02-096,Kuzan,SR,,1488,462,OP02-096_p1,,parallel_1,Parallel 1,official-cardlist,OP02/parallel/OP02-096_p1.png,https://en.onepiece-cardgame.com/images/cardlist/card/OP02-096_p1.png?260305,,,,,,,,,,,,,,,,,,,,,,,,OP02-096_p1,0,0,0,0,1,0,missing_printing_market_map
462,OP02-096,Kuzan,SR,,1489,462,OP02-096_p3,,parallel_3,Parallel 3,official-cardlist,PRB01/parallel/OP02-096_p3.png,https://en.onepiece-cardgame.com/images/cardlist/card/OP02-096_p3.png?260305,,,,,,,,,,,,,,,,,,,,,,,,OP02-096_p3,0,0,0,0,1,0,missing_printing_market_map
462,OP02-096,Kuzan,SR,,1490,462,OP02-096::prb01alt,,alt,Prb01Alt,local-catalog,thumbs/OP02-096(PRB01alt).webp,,,,,,,,,,,,,,,,,,,,,,,,,OP02-096::prb01alt,0,0,0,0,1,0,missing_printing_market_map
462,OP02-096,Kuzan,SR,,1491,462,OP02-096_r1,,r1,R1,official-cardlist,PRB01/reprint/OP02-096_r1.png,https://en.onepiece-cardgame.com/images/cardlist/card/OP02-096_r1.png?260305,,,,,,,,,,,,,,,,,,,,,,,,OP02-096_r1,0,0,0,0,1,0,missing_printing_market_map
464,OP02-098,Koby,R,,1494,464,OP02-098::alt,,alt,Alt,local-catalog,thumbs/OP02-098alt.webp,,,,,,,,,,,,,,,,,,,,,,,,,OP02-098::alt,0,0,0,0,1,0,missing_printing_market_map
464,OP02-098,Koby,R,,1495,464,OP02-098::alt art 2,,alt,Alt Art 2,local-catalog,thumbs/OP02-098(alt2).webp,,,,,,,,,,,,,,,,,,,,,,,,,OP02-098::alt art 2,0,0,0,0,1,0,missing_printing_market_map
464,OP02-098,Koby,R,,1496,464,OP02-098_p1,,parallel_1,Parallel 1,official-cardlist,ORP01/parallel/OP02-098_p1.png,https://en.onepiece-cardgame.com/images/cardlist/card/OP02-098_p1.png?260305,,,,,,,,,,,,,,,,,,,,,,,,OP02-098_p1,0,0,0,0,1,0,missing_printing_market_map
464,OP02-098,Koby,R,,1497,464,OP02-098_r1,,r1,R1,official-cardlist,ST19/reprint/OP02-098_r1.png,https://en.onepiece-cardgame.com/images/cardlist/card/OP02-098_r1.png?260305,,,,,,,,,,,,,,,,,,,,,,,,OP02-098_r1,0,0,0,0,1,0,missing_printing_market_map
465,OP02-099,Sakazuki,SR,,1499,465,OP02-099::alt,,alt,Alt,local-catalog,thumbs/op02-099alt.webp,,,,,,,,,,,,,,,,,,,,,,,,,OP02-099::alt,0,0,0,0,1,0,missing_printing_market_map
465,OP02-099,Sakazuki,SR,,1501,465,OP02-099_p1,,parallel_1,Parallel 1,official-cardlist,OP02/parallel/OP02-099_p1.png,https://en.onepiece-cardgame.com/images/cardlist/card/OP02-099_p1.png?260305,,,,,,,,,,,,,,,,,,,,,,,,OP02-099_p1,0,0,0,0,1,0,missing_printing_market_map
465,OP02-099,Sakazuki,SR,,1502,465,OP02-099_p2,,parallel_2,Parallel 2,official-cardlist,OP04/parallel/OP02-099_p2.png,https://en.onepiece-cardgame.com/images/cardlist/card/OP02-099_p2.png?260305,,,,,,,,,,,,,,,,,,,,,,,,OP02-099_p2,0,0,0,0,1,0,missing_printing_market_map
465,OP02-099,Sakazuki,SR,,1503,465,OP02-099_p4,,parallel_4,Parallel 4,official-cardlist,PRB01/parallel/OP02-099_p4.png,https://en.onepiece-cardgame.com/images/cardlist/card/OP02-099_p4.png?260305,,,,,,,,,,,,,,,,,,,,,,,,OP02-099_p4,0,0,0,0,1,0,missing_printing_market_map
465,OP02-099,Sakazuki,SR,,1504,465,OP02-099::prb01alt,,alt,Prb01Alt,local-catalog,thumbs/OP02-099(PRB01alt).webp,,,,,,,,,,,,,,,,,,,,,,,,,OP02-099::prb01alt,0,0,0,0,1,0,missing_printing_market_map
465,OP02-099,Sakazuki,SR,,1505,465,OP02-099_r1,,r1,R1,official-cardlist,PRB01/reprint/OP02-099_r1.png,https://en.onepiece-cardgame.com/images/cardlist/card/OP02-099_r1.png?260305,,,,,,,,,,,,,,,,,,,,,,,,OP02-099_r1,0,0,0,0,1,0,missing_printing_market_map
465,OP02-099,Sakazuki,SR,,1506,465,OP02-099::s p,,sp,S P,local-catalog,thumbs/OP02-099SP.webp,,,,,,,,,,,,,,,,,,,,,,,,,OP02-099::s p,0,0,0,0,1,0,missing_printing_market_map
471,OP02-105,Tashigi,C,,1518,471,OP02-105::2,,operator_review,2,local-catalog,thumbs/OP02-105 (2).webp,,,,,,,,,,,,,,,,,,,,,,,,,OP02-105::2,0,0,0,0,1,0,missing_printing_market_map
471,OP02-105,Tashigi,C,,1519,471,OP02-105::alt,,alt,Alt,local-catalog,thumbs/OP02-105_Alt.webp,,,,,,,,,,,,,,,,,,,,,,,,,OP02-105::alt,0,0,0,0,1,0,missing_printing_market_map
471,OP02-105,Tashigi,C,,1520,471,OP02-105_p1,,parallel_1,Parallel 1,official-cardlist,OP02/parallel/OP02-105_p1.png,https://en.onepiece-cardgame.com/images/cardlist/card/OP02-105_p1.png?260305,,,,,,,,,,,,,,,,,,,,,,,,OP02-105_p1,0,0,0,0,1,0,missing_printing_market_map
472,OP02-106,Tsuru,UC,,1523,472,OP02-106::alt,,alt,Alt,local-catalog,thumbs/OP02-106(alt).webp,,,,,,,,,,,,,,,,,,,,,,,,,OP02-106::alt,0,0,0,0,1,0,missing_printing_market_map
472,OP02-106,Tsuru,UC,,1524,472,OP02-106::alt art 2,,alt,Alt Art 2,local-catalog,thumbs/OP02-106alt2.webp,,,,,,,,,,,,,,,,,,,,,,,,,OP02-106::alt art 2,0,0,0,0,1,0,missing_printing_market_map
472,OP02-106,Tsuru,UC,,1526,472,OP02-106_p1,,parallel_1,Parallel 1,official-cardlist,EP02/parallel/OP02-106_p1.png,https://en.onepiece-cardgame.com/images/cardlist/card/OP02-106_p1.png?260305,,,,,,,,,,,,,,,,,,,,,,,,OP02-106_p1,0,0,0,0,1,0,missing_printing_market_map
472,OP02-106,Tsuru,UC,,1527,472,OP02-106_p4,,parallel_4,Parallel 4,official-cardlist,PRB01/parallel/OP02-106_p4.png,https://en.onepiece-cardgame.com/images/cardlist/card/OP02-106_p4.png?260305,,,,,,,,,,,,,,,,,,,,,,,,OP02-106_p4,0,0,0,0,1,0,missing_printing_market_map
472,OP02-106,Tsuru,UC,,1528,472,OP02-106_p5,,parallel_5,Parallel 5,official-cardlist,PRB01/parallel/OP02-106_p5.png,https://en.onepiece-cardgame.com/images/cardlist/card/OP02-106_p5.png?260305,,,,,,,,,,,,,,,,,,,,,,,,OP02-106_p5,0,0,0,0,1,0,missing_printing_market_map
472,OP02-106,Tsuru,UC,,1529,472,OP02-106_p6,,parallel_6,Parallel 6,official-cardlist,BCV1/parallel/OP02-106_p6.png,https://en.onepiece-cardgame.com/images/cardlist/card/OP02-106_p6.png?260305,,,,,,,,,,,,,,,,,,,,,,,,OP02-106_p6,0,0,0,0,1,0,missing_printing_market_map
472,OP02-106,Tsuru,UC,,1530,472,OP02-106::prb01alt,,alt,Prb01Alt,local-catalog,thumbs/OP02-106(PRB01alt).webp,,,,,,,,,,,,,,,,,,,,,,,,,OP02-106::prb01alt,0,0,0,0,1,0,missing_printing_market_map
472,OP02-106,Tsuru,UC,,1531,472,OP02-106_r1,,r1,R1,official-cardlist,ST19/reprint/OP02-106_r1.png,https://en.onepiece-cardgame.com/images/cardlist/card/OP02-106_r1.png?260305,,,,,,,,,,,,,,,,,,,,,,,,OP02-106_r1,0,0,0,0,1,0,missing_printing_market_map
472,OP02-106,Tsuru,UC,,1532,472,OP02-106_r2,,r2,R2,official-cardlist,PRB01/reprint/OP02-106_r2.png,https://en.onepiece-cardgame.com/images/cardlist/card/OP02-106_r2.png?260305,,,,,,,,,,,,,,,,,,,,,,,,OP02-106_r2,0,0,0,0,1,0,missing_printing_market_map
474,OP02-108,Donquixote Rosinante,C,,1537,474,OP02-108::alt,,alt,Alt,local-catalog,thumbs/OP02-108alt.webp,,,,,,,,,,,,,,,,,,,,,,,,,OP02-108::alt,0,0,0,0,1,0,missing_printing_market_map
474,OP02-108,Donquixote Rosinante,C,,1538,474,OP02-108::alt art 2,,alt,Alt Art 2,local-catalog,thumbs/OP02-108alt2.webp,,,,,,,,,,,,,,,,,,,,,,,,,OP02-108::alt art 2,0,0,0,0,1,0,missing_printing_market_map
474,OP02-108,Donquixote Rosinante,C,,1539,474,OP02-108_p1,,parallel_1,Parallel 1,official-cardlist,OP02/parallel/OP02-108_p1.png,https://en.onepiece-cardgame.com/images/cardlist/card/OP02-108_p1.png?260305,,,,,,,,,,,,,,,,,,,,,,,,OP02-108_p1,0,0,0,0,1,0,missing_printing_market_map
474,OP02-108,Donquixote Rosinante,C,,1540,474,OP02-108_r1,,r1,R1,official-cardlist,ST19/reprint/OP02-108_r1.png,https://en.onepiece-cardgame.com/images/cardlist/card/OP02-108_r1.png?260305,,,,,,,,,,,,,,,,,,,,,,,,OP02-108_r1,0,0,0,0,1,0,missing_printing_market_map
475,OP02-109,Jaguar.D.Saul,C,,1543,475,OP02-109_r1,,r1,R1,official-cardlist,ST19/reprint/OP02-109_r1.png,https://en.onepiece-cardgame.com/images/cardlist/card/OP02-109_r1.png?260305,,,,,,,,,,,,,,,,,,,,,,,,OP02-109_r1,0,0,0,0,1,0,missing_printing_market_map
476,OP02-110,Hina,R,,1545,476,OP02-110::2,,operator_review,2,local-catalog,thumbs/OP02-110 (2).webp,,,,,,,,,,,,,,,,,,,,,,,,,OP02-110::2,0,0,0,0,1,0,missing_printing_market_map
478,OP02-112,Bell-mere,UC,,1549,478,OP02-112::2,,operator_review,2,local-catalog,thumbs/OP02-112 (2).webp,,,,,,,,,,,,,,,,,,,,,,,,,OP02-112::2,0,0,0,0,1,0,missing_printing_market_map
479,OP02-113,Helmeppo,UC,,1552,479,OP02-113_r1,,r1,R1,official-cardlist,ST19/reprint/OP02-113_r1.png,https://en.onepiece-cardgame.com/images/cardlist/card/OP02-113_r1.png?260305,,,,,,,,,,,,,,,,,,,,,,,,OP02-113_r1,0,0,0,0,1,0,missing_printing_market_map
480,OP02-114,Borsalino,SR,,1555,480,OP02-114::alt,,alt,Alt,local-catalog,thumbs/OP02-114_Alt.webp,,,,,,,,,,,,,,,,,,,,,,,,,OP02-114::alt,0,0,0,0,1,0,missing_printing_market_map
480,OP02-114,Borsalino,SR,,1556,480,OP02-114_p1,,parallel_1,Parallel 1,official-cardlist,OP02/parallel/OP02-114_p1.png,https://en.onepiece-cardgame.com/images/cardlist/card/OP02-114_p1.png?260305,,,,,,,,,,,,,,,,,,,,,,,,OP02-114_p1,0,0,0,0,1,0,missing_printing_market_map
480,OP02-114,Borsalino,SR,,1557,480,OP02-114_p3,,parallel_3,Parallel 3,official-cardlist,PRB01/parallel/OP02-114_p3.png,https://en.onepiece-cardgame.com/images/cardlist/card/OP02-114_p3.png?260305,,,,,,,,,,,,,,,,,,,,,,,,OP02-114_p3,0,0,0,0,1,0,missing_printing_market_map
480,OP02-114,Borsalino,SR,,1558,480,OP02-114::prb01alt,,alt,Prb01Alt,local-catalog,thumbs/OP02-114(PRB01alt).webp,,,,,,,,,,,,,,,,,,,,,,,,,OP02-114::prb01alt,0,0,0,0,1,0,missing_printing_market_map
480,OP02-114,Borsalino,SR,,1559,480,OP02-114_r1,,r1,R1,official-cardlist,PRB01/reprint/OP02-114_r1.png,https://en.onepiece-cardgame.com/images/cardlist/card/OP02-114_r1.png?260305,,,,,,,,,,,,,,,,,,,,,,,,OP02-114_r1,0,0,0,0,1,0,missing_printing_market_map
481,OP02-115,Monkey.D.Garp,R,,1562,481,OP02-115::alt,,alt,Alt,local-catalog,thumbs/OP02-115_Alt.webp,,,,,,,,,,,,,,,,,,,,,,,,,OP02-115::alt,0,0,0,0,1,0,missing_printing_market_map
481,OP02-115,Monkey.D.Garp,R,,1563,481,OP02-115_p1,,parallel_1,Parallel 1,official-cardlist,OP02/parallel/OP02-115_p1.png,https://en.onepiece-cardgame.com/images/cardlist/card/OP02-115_p1.png?260305,,,,,,,,,,,,,,,,,,,,,,,,OP02-115_p1,0,0,0,0,1,0,missing_printing_market_map
482,OP02-116,Yamakaji,C,,1566,482,OP02-116_r1,,r1,R1,official-cardlist,ST19/reprint/OP02-116_r1.png,https://en.onepiece-cardgame.com/images/cardlist/card/OP02-116_r1.png?260305,,,,,,,,,,,,,,,,,,,,,,,,OP02-116_r1,0,0,0,0,1,0,missing_printing_market_map
483,OP02-117,Ice Age,UC,,1569,483,OP02-117::alt,,alt,Alt,local-catalog,thumbs/OP02-117alt.webp,,,,,,,,,,,,,,,,,,,,,,,,,OP02-117::alt,0,0,0,0,1,0,missing_printing_market_map
483,OP02-117,Ice Age,UC,,1570,483,OP02-117_p5,,parallel_5,Parallel 5,official-cardlist,OP02/parallel/OP02-117_p5.png,https://en.onepiece-cardgame.com/images/cardlist/card/OP02-117_p5.png?260305,,,,,,,,,,,,,,,,,,,,,,,,OP02-117_p5,0,0,0,0,1,0,missing_printing_market_map
483,OP02-117,Ice Age,UC,,1571,483,OP02-117_p6,,parallel_6,Parallel 6,official-cardlist,OP02/parallel/OP02-117_p6.png,https://en.onepiece-cardgame.com/images/cardlist/card/OP02-117_p6.png?260305,,,,,,,,,,,,,,,,,,,,,,,,OP02-117_p6,0,0,0,0,1,0,missing_printing_market_map
483,OP02-117,Ice Age,UC,,1572,483,OP02-117_p7,,parallel_7,Parallel 7,official-cardlist,OP02/parallel/OP02-117_p7.png,https://en.onepiece-cardgame.com/images/cardlist/card/OP02-117_p7.png?260305,,,,,,,,,,,,,,,,,,,,,,,,OP02-117_p7,0,0,0,0,1,0,missing_printing_market_map
483,OP02-117,Ice Age,UC,,1573,483,OP02-117_r1,,r1,R1,official-cardlist,ST19/reprint/OP02-117_r1.png,https://en.onepiece-cardgame.com/images/cardlist/card/OP02-117_r1.png?260305,,,,,,,,,,,,,,,,,,,,,,,,OP02-117_r1,0,0,0,0,1,0,missing_printing_market_map
483,OP02-117,Ice Age,UC,,1574,483,OP02-117_r2,,r2,R2,official-cardlist,PRB01/reprint/OP02-117_r2.png,https://en.onepiece-cardgame.com/images/cardlist/card/OP02-117_r2.png?260305,,,,,,,,,,,,,,,,,,,,,,,,OP02-117_r2,0,0,0,0,1,0,missing_printing_market_map
486,OP02-120,Uta,SP CARD,,1581,486,OP02-120::alt,,alt,Alt,local-catalog,thumbs/OP02-120ALT.webp,,,,,,,,,,,,,,,,,,,,,,,,,OP02-120::alt,0,0,0,0,1,0,missing_printing_market_map
486,OP02-120,Uta,SP CARD,,1582,486,OP02-120::alt art 2,,alt,Alt Art 2,local-catalog,thumbs/OP02-120alt2.webp,,,,,,,,,,,,,,,,,,,,,,,,,OP02-120::alt art 2,0,0,0,0,1,0,missing_printing_market_map
486,OP02-120,Uta,SP CARD,,1583,486,OP02-120_p1,,parallel_1,Parallel 1,official-cardlist,OP02/parallel/OP02-120_p1.png,https://en.onepiece-cardgame.com/images/cardlist/card/OP02-120_p1.png?260305,,,,,,,,,,,,,,,,,,,,,,,,OP02-120_p1,0,0,0,0,1,0,missing_printing_market_map
486,OP02-120,Uta,SP CARD,,1584,486,OP02-120_p2,,parallel_2,Parallel 2,official-cardlist,OP05/parallel/OP02-120_p2.png,https://en.onepiece-cardgame.com/images/cardlist/card/OP02-120_p2.png?260305,,,,,,,,,,,,,,,,,,,,,,,,OP02-120_p2,0,0,0,0,1,0,missing_printing_market_map
487,OP02-121,Kuzan,SEC,,1587,487,OP02-121::alt,,alt,Alt,local-catalog,thumbs/OP02-121_Alt.webp,,,,,,,,,,,,,,,,,,,,,,,,,OP02-121::alt,0,0,0,0,1,0,missing_printing_market_map
487,OP02-121,Kuzan,SEC,,1588,487,OP02-121_p1,,parallel_1,Parallel 1,official-cardlist,OP02/parallel/OP02-121_p1.png,https://en.onepiece-cardgame.com/images/cardlist/card/OP02-121_p1.png?260305,,,,,,,,,,,,,,,,,,,,,,,,OP02-121_p1,0,0,0,0,1,0,missing_printing_market_map
487,OP02-121,Kuzan,SEC,,1589,487,OP02-121_p3,,parallel_3,Parallel 3,official-cardlist,PRB01/parallel/OP02-121_p3.png,https://en.onepiece-cardgame.com/images/cardlist/card/OP02-121_p3.png?260305,,,,,,,,,,,,,,,,,,,,,,,,OP02-121_p3,0,0,0,0,1,0,missing_printing_market_map
487,OP02-121,Kuzan,SEC,,1590,487,OP02-121::prb01alt,,alt,Prb01Alt,local-catalog,thumbs/OP02-121(PRB01alt).webp,,,,,,,,,,,,,,,,,,,,,,,,,OP02-121::prb01alt,0,0,0,0,1,0,missing_printing_market_map
487,OP02-121,Kuzan,SEC,,1591,487,OP02-121_r1,,r1,R1,official-cardlist,PRB01/reprint/OP02-121_r1.png,https://en.onepiece-cardgame.com/images/cardlist/card/OP02-121_r1.png?260305,,,,,,,,,,,,,,,,,,,,,,,,OP02-121_r1,0,0,0,0,1,0,missing_printing_market_map
488,OP03-001,Portgas.D.Ace,L,,1594,488,OP03-001::alt,,alt,Alt,local-catalog,thumbs/OP03-001alt.webp,,,,,,,,,,,,,,,,,,,,,,,,,OP03-001::alt,0,0,0,0,1,0,missing_printing_market_map
488,OP03-001,Portgas.D.Ace,L,,1596,488,OP03-001_p1,,parallel_1,Parallel 1,official-cardlist,OP03/parallel/OP03-001_p1.png,https://en.onepiece-cardgame.com/images/cardlist/card/OP03-001_p1.png?260305,,,,,,,,,,,,,,,,,,,,,,,,OP03-001_p1,0,0,0,0,1,0,missing_printing_market_map
488,OP03-001,Portgas.D.Ace,L,,1597,488,OP03-001_p2,,parallel_2,Parallel 2,official-cardlist,_unclassified/parallel/OP03-001_p2.png,https://en.onepiece-cardgame.com/images/cardlist/card/OP03-001_p2.png?260305,,,,,,,,,,,,,,,,,,,,,,,,OP03-001_p2,0,0,0,0,1,0,missing_printing_market_map
490,OP03-003,Izo,R,,1602,490,OP03-003_p1,,parallel_1,Parallel 1,official-cardlist,OP07/parallel/OP03-003_p1.png,https://en.onepiece-cardgame.com/images/cardlist/card/OP03-003_p1.png?260305,,,,,,,,,,,,,,,,,,,,,,,,OP03-003_p1,0,0,0,0,1,0,missing_printing_market_map
490,OP03-003,Izo,R,,1603,490,OP03-003_p4,,parallel_4,Parallel 4,official-cardlist,PRB01/parallel/OP03-003_p4.png,https://en.onepiece-cardgame.com/images/cardlist/card/OP03-003_p4.png?260305,,,,,,,,,,,,,,,,,,,,,,,,OP03-003_p4,0,0,0,0,1,0,missing_printing_market_map
490,OP03-003,Izo,R,,1604,490,OP03-003_p5,,parallel_5,Parallel 5,official-cardlist,PRB01/parallel/OP03-003_p5.png,https://en.onepiece-cardgame.com/images/cardlist/card/OP03-003_p5.png?260305,,,,,,,,,,,,,,,,,,,,,,,,OP03-003_p5,0,0,0,0,1,0,missing_printing_market_map
490,OP03-003,Izo,R,,1605,490,OP03-003_p6,,parallel_6,Parallel 6,official-cardlist,PRB01/parallel/OP03-003_p6.png,https://en.onepiece-cardgame.com/images/cardlist/card/OP03-003_p6.png?260305,,,,,,,,,,,,,,,,,,,,,,,,OP03-003_p6,0,0,0,0,1,0,missing_printing_market_map
490,OP03-003,Izo,R,,1606,490,OP03-003::prb01alt2,,alt,Prb01Alt2,local-catalog,thumbs/OP03-003(PRB01alt2).webp,,,,,,,,,,,,,,,,,,,,,,,,,OP03-003::prb01alt2,0,0,0,0,1,0,missing_printing_market_map
490,OP03-003,Izo,R,,1607,490,OP03-003_r1,,r1,R1,official-cardlist,ST15/reprint/OP03-003_r1.png,https://en.onepiece-cardgame.com/images/cardlist/card/OP03-003_r1.png?260305,,,,,,,,,,,,,,,,,,,,,,,,OP03-003_r1,0,0,0,0,1,0,missing_printing_market_map
490,OP03-003,Izo,R,,1608,490,OP03-003_r2,,r2,R2,official-cardlist,PRB01/reprint/OP03-003_r2.png,https://en.onepiece-cardgame.com/images/cardlist/card/OP03-003_r2.png?260305,,,,,,,,,,,,,,,,,,,,,,,,OP03-003_r2,0,0,0,0,1,0,missing_printing_market_map
490,OP03-003,Izo,R,,1609,490,OP03-003::s p,,sp,S P,local-catalog,thumbs/OP03-003SP.webp,,,,,,,,,,,,,,,,,,,,,,,,,OP03-003::s p,0,0,0,0,1,0,missing_printing_market_map
491,OP03-004,Curiel,C,,1611,491,OP03-004::2,,operator_review,2,local-catalog,thumbs/OP03-004 (2).webp,,,,,,,,,,,,,,,,,,,,,,,,,OP03-004::2,0,0,0,0,1,0,missing_printing_market_map
493,OP03-006,Speed Jil,C,,1616,493,OP03-006::alt,,alt,Alt,local-catalog,thumbs/OP03-006alt.webp,,,,,,,,,,,,,,,,,,,,,,,,,OP03-006::alt,0,0,0,0,1,0,missing_printing_market_map
493,OP03-006,Speed Jil,C,,1617,493,OP03-006_r1,,r1,R1,official-cardlist,ST15/reprint/OP03-006_r1.png,https://en.onepiece-cardgame.com/images/cardlist/card/OP03-006_r1.png?260305,,,,,,,,,,,,,,,,,,,,,,,,OP03-006_r1,0,0,0,0,1,0,missing_printing_market_map
494,OP03-007,Namule,C,,1620,494,OP03-007_r1,,r1,R1,official-cardlist,ST15/reprint/OP03-007_r1.png,https://en.onepiece-cardgame.com/images/cardlist/card/OP03-007_r1.png?260305,,,,,,,,,,,,,,,,,,,,,,,,OP03-007_r1,0,0,0,0,1,0,missing_printing_market_map
495,OP03-008,Buggy,UC,,1623,495,OP03-008::alt sp,,sp,Alt SP,local-catalog,thumbs/OP03-008alt(SP).webp,,,,,,,,,,,,,,,,,,,,,,,,,OP03-008::alt sp,0,0,0,0,1,0,missing_printing_market_map
495,OP03-008,Buggy,UC,,1624,495,OP03-008_p1,,parallel_1,Parallel 1,official-cardlist,OP06/parallel/OP03-008_p1.png,https://en.onepiece-cardgame.com/images/cardlist/card/OP03-008_p1.png?260305,,,,,,,,,,,,,,,,,,,,,,,,OP03-008_p1,0,0,0,0,1,0,missing_printing_market_map
495,OP03-008,Buggy,UC,,1625,495,OP03-008_p2,,parallel_2,Parallel 2,official-cardlist,PRB02/parallel/OP03-008_p2.png,https://en.onepiece-cardgame.com/images/cardlist/card/OP03-008_p2.png?260305,,,,,,,,,,,,,,,,,,,,,,,,OP03-008_p2,0,0,0,0,1,0,missing_printing_market_map
495,OP03-008,Buggy,UC,,1626,495,OP03-008_r1,,r1,R1,official-cardlist,PRB02/reprint/OP03-008_r1.png,https://en.onepiece-cardgame.com/images/cardlist/card/OP03-008_r1.png?260305,,,,,,,,,,,,,,,,,,,,,,,,OP03-008_r1,0,0,0,0,1,0,missing_printing_market_map
496,OP03-009,Haruta,C,,1629,496,OP03-009_r1,,r1,R1,official-cardlist,ST15/reprint/OP03-009_r1.png,https://en.onepiece-cardgame.com/images/cardlist/card/OP03-009_r1.png?260305,,,,,,,,,,,,,,,,,,,,,,,,OP03-009_r1,0,0,0,0,1,0,missing_printing_market_map
497,OP03-010,Fossa,C,,1632,497,OP03-010_r1,,r1,R1,official-cardlist,ST15/reprint/OP03-010_r1.png,https://en.onepiece-cardgame.com/images/cardlist/card/OP03-010_r1.png?260305,,,,,,,,,,,,,,,,,,,,,,,,OP03-010_r1,0,0,0,0,1,0,missing_printing_market_map
499,OP03-012,Marshall.D.Teach,R,,1636,499,OP03-012::2,,operator_review,2,local-catalog,thumbs/OP03-012 (2).webp,,,,,,,,,,,,,,,,,,,,,,,,,OP03-012::2,0,0,0,0,1,0,missing_printing_market_map
500,OP03-013,Marco,SR,,1639,500,OP03-013::alt,,alt,Alt,local-catalog,thumbs/OP03-013alt.webp,,,,,,,,,,,,,,,,,,,,,,,,,OP03-013::alt,0,0,0,0,1,0,missing_printing_market_map
500,OP03-013,Marco,SR,,1640,500,OP03-013::alt art 2,,alt,Alt Art 2,local-catalog,thumbs/OP03-013(alt2).webp,,,,,,,,,,,,,,,,,,,,,,,,,OP03-013::alt art 2,0,0,0,0,1,0,missing_printing_market_map
500,OP03-013,Marco,SR,,1641,500,OP03-013::alt art 3,,alt,Alt Art 3,local-catalog,thumbs/OP03-013alt3.webp,,,,,,,,,,,,,,,,,,,,,,,,,OP03-013::alt art 3,0,0,0,0,1,0,missing_printing_market_map
500,OP03-013,Marco,SR,,1642,500,OP03-013_p1,,parallel_1,Parallel 1,official-cardlist,OP03/parallel/OP03-013_p1.png,https://en.onepiece-cardgame.com/images/cardlist/card/OP03-013_p1.png?260305,,,,,,,,,,,,,,,,,,,,,,,,OP03-013_p1,0,0,0,0,1,0,missing_printing_market_map
500,OP03-013,Marco,SR,,1643,500,OP03-013_p2,,parallel_2,Parallel 2,official-cardlist,ANN1JP/parallel/OP03-013_p2.png,https://en.onepiece-cardgame.com/images/cardlist/card/OP03-013_p2.png?260305,,,,,,,,,,,,,,,,,,,,,,,,OP03-013_p2,0,0,0,0,1,0,missing_printing_market_map
505,OP03-018,Fire Fist,R,,1654,505,OP03-018::alt,,alt,Alt,local-catalog,thumbs/OP03-018ALT.webp,,,,,,,,,,,,,,,,,,,,,,,,,OP03-018::alt,0,0,0,0,1,0,missing_printing_market_map
505,OP03-018,Fire Fist,R,,1655,505,OP03-018_p1,,parallel_1,Parallel 1,official-cardlist,OP03/parallel/OP03-018_p1.png,https://en.onepiece-cardgame.com/images/cardlist/card/OP03-018_p1.png?260305,,,,,,,,,,,,,,,,,,,,,,,,OP03-018_p1,0,0,0,0,1,0,missing_printing_market_map
508,OP03-021,Kuro,L,,1662,508,OP03-021::alt,,alt,Alt,local-catalog,thumbs/OP03-021_Alt.webp,,,,,,,,,,,,,,,,,,,,,,,,,OP03-021::alt,0,0,0,0,1,0,missing_printing_market_map
508,OP03-021,Kuro,L,,1663,508,OP03-021_p1,,parallel_1,Parallel 1,official-cardlist,OP03/parallel/OP03-021_p1.png,https://en.onepiece-cardgame.com/images/cardlist/card/OP03-021_p1.png?260305,,,,,,,,,,,,,,,,,,,,,,,,OP03-021_p1,0,0,0,0,1,0,missing_printing_market_map
509,OP03-022,Arlong,L,,1666,509,OP03-022::alt,,alt,Alt,local-catalog,thumbs/OP03-022_Alt.webp,,,,,,,,,,,,,,,,,,,,,,,,,OP03-022::alt,0,0,0,0,1,0,missing_printing_market_map
509,OP03-022,Arlong,L,,1667,509,OP03-022_p1,,parallel_1,Parallel 1,official-cardlist,OP03/parallel/OP03-022_p1.png,https://en.onepiece-cardgame.com/images/cardlist/card/OP03-022_p1.png?260305,,,,,,,,,,,,,,,,,,,,,,,,OP03-022_p1,0,0,0,0,1,0,missing_printing_market_map
511,OP03-024,Gin,R,,1672,511,OP03-024::alt,,alt,Alt,local-catalog,thumbs/OP03-024ALT.webp,,,,,,,,,,,,,,,,,,,,,,,,,OP03-024::alt,0,0,0,0,1,0,missing_printing_market_map
511,OP03-024,Gin,R,,1673,511,OP03-024_p1,,parallel_1,Parallel 1,official-cardlist,OP03/parallel/OP03-024_p1.png,https://en.onepiece-cardgame.com/images/cardlist/card/OP03-024_p1.png?260305,,,,,,,,,,,,,,,,,,,,,,,,OP03-024_p1,0,0,0,0,1,0,missing_printing_market_map
512,OP03-025,Krieg,SR,,1676,512,OP03-025::alt,,alt,Alt,local-catalog,thumbs/OP03-025ALT.webp,,,,,,,,,,,,,,,,,,,,,,,,,OP03-025::alt,0,0,0,0,1,0,missing_printing_market_map
512,OP03-025,Krieg,SR,,1677,512,OP03-025_p1,,parallel_1,Parallel 1,official-cardlist,OP03/parallel/OP03-025_p1.png,https://en.onepiece-cardgame.com/images/cardlist/card/OP03-025_p1.png?260305,,,,,,,,,,,,,,,,,,,,,,,,OP03-025_p1,0,0,0,0,1,0,missing_printing_market_map
518,OP03-031,Pearl,C,,1690,518,OP03-031::alt,,alt,Alt,local-catalog,thumbs/OP03-031alt.webp,,,,,,,,,,,,,,,,,,,,,,,,,OP03-031::alt,0,0,0,0,1,0,missing_printing_market_map
519,OP03-032,Buggy,C,,1693,519,OP03-032::alt,,alt,Alt,local-catalog,thumbs/OP03-032alt.webp,,,,,,,,,,,,,,,,,,,,,,,,,OP03-032::alt,0,0,0,0,1,0,missing_printing_market_map
520,OP03-033,Hatchan,UC,,1696,520,OP03-033::alt,,alt,Alt,local-catalog,thumbs/OP03-033alt.webp,,,,,,,,,,,,,,,,,,,,,,,,,OP03-033::alt,0,0,0,0,1,0,missing_printing_market_map
520,OP03-033,Hatchan,UC,,1697,520,OP03-033_p1,,parallel_1,Parallel 1,official-cardlist,TP06/parallel/OP03-033_p1.png,https://en.onepiece-cardgame.com/images/cardlist/card/OP03-033_p1.png?260305,,,,,,,,,,,,,,,,,,,,,,,,OP03-033_p1,0,0,0,0,1,0,missing_printing_market_map
520,OP03-033,Hatchan,UC,,1698,520,OP03-033::winner alt,,alt,Winner Alt,local-catalog,thumbs/OP03-033 Winner alt.webp,,,,,,,,,,,,,,,,,,,,,,,,,OP03-033::winner alt,0,0,0,0,1,0,missing_printing_market_map
527,OP03-040,Nami,L,,1713,527,OP03-040::alt,,alt,Alt,local-catalog,thumbs/OP03-040_Alt.webp,,,,,,,,,,,,,,,,,,,,,,,,,OP03-040::alt,0,0,0,0,1,0,missing_printing_market_map
527,OP03-040,Nami,L,,1714,527,OP03-040_p1,,parallel_1,Parallel 1,official-cardlist,OP03/parallel/OP03-040_p1.png,https://en.onepiece-cardgame.com/images/cardlist/card/OP03-040_p1.png?260305,,,,,,,,,,,,,,,,,,,,,,,,OP03-040_p1,0,0,0,0,1,0,missing_printing_market_map
528,OP03-041,Usopp,SR,,1717,528,OP03-041::alt,,alt,Alt,local-catalog,thumbs/OP03-041_Alt.webp,,,,,,,,,,,,,,,,,,,,,,,,,OP03-041::alt,0,0,0,0,1,0,missing_printing_market_map
528,OP03-041,Usopp,SR,,1718,528,OP03-041_p1,,parallel_1,Parallel 1,official-cardlist,OP03/parallel/OP03-041_p1.png,https://en.onepiece-cardgame.com/images/cardlist/card/OP03-041_p1.png?260305,,,,,,,,,,,,,,,,,,,,,,,,OP03-041_p1,0,0,0,0,1,0,missing_printing_market_map
531,OP03-044,Kaya,R,,1725,531,OP03-044::2nd anniversary alt,,promo,2Nd Anniversary Alt,local-catalog,thumbs/OP03-044(2nd Anniversary alt).webp,,,,,,,,,,,,,,,,,,,,,,,,,OP03-044::2nd anniversary alt,0,0,0,0,1,0,missing_printing_market_map
531,OP03-044,Kaya,R,,1726,531,OP03-044::alt,,alt,Alt,local-catalog,thumbs/OP03-044alt.webp,,,,,,,,,,,,,,,,,,,,,,,,,OP03-044::alt,0,0,0,0,1,0,missing_printing_market_map
531,OP03-044,Kaya,R,,1727,531,OP03-044::alt art 2,,alt,Alt Art 2,local-catalog,thumbs/OP03-044alt2.webp,,,,,,,,,,,,,,,,,,,,,,,,,OP03-044::alt art 2,0,0,0,0,1,0,missing_printing_market_map
531,OP03-044,Kaya,R,,1728,531,OP03-044_p1,,parallel_1,Parallel 1,official-cardlist,TP06/parallel/OP03-044_p1.png,https://en.onepiece-cardgame.com/images/cardlist/card/OP03-044_p1.png?260305,,,,,,,,,,,,,,,,,,,,,,,,OP03-044_p1,0,0,0,0,1,0,missing_printing_market_map
531,OP03-044,Kaya,R,,1729,531,OP03-044_p2,,parallel_2,Parallel 2,official-cardlist,ANN2JP/parallel/OP03-044_p2.png,https://en.onepiece-cardgame.com/images/cardlist/card/OP03-044_p2.png?260305,,,,,,,,,,,,,,,,,,,,,,,,OP03-044_p2,0,0,0,0,1,0,missing_printing_market_map
531,OP03-044,Kaya,R,,1730,531,OP03-044_r1,,r1,R1,official-cardlist,PRB02/reprint/OP03-044_r1.png,https://en.onepiece-cardgame.com/images/cardlist/card/OP03-044_r1.png?260305,,,,,,,,,,,,,,,,,,,,,,,,OP03-044_r1,0,0,0,0,1,0,missing_printing_market_map
531,OP03-044,Kaya,R,,1731,531,OP03-044::winner alt,,alt,Winner Alt,local-catalog,thumbs/OP03-044 Winner alt.webp,,,,,,,,,,,,,,,,,,,,,,,,,OP03-044::winner alt,0,0,0,0,1,0,missing_printing_market_map
534,OP03-047,Zeff,R,,1738,534,OP03-047::alt,,alt,Alt,local-catalog,thumbs/OP03-047ALT.webp,,,,,,,,,,,,,,,,,,,,,,,,,OP03-047::alt,0,0,0,0,1,0,missing_printing_market_map
534,OP03-047,Zeff,R,,1739,534,OP03-047_p1,,parallel_1,Parallel 1,official-cardlist,OP03/parallel/OP03-047_p1.png,https://en.onepiece-cardgame.com/images/cardlist/card/OP03-047_p1.png?260305,,,,,,,,,,,,,,,,,,,,,,,,OP03-047_p1,0,0,0,0,1,0,missing_printing_market_map
535,OP03-048,Nojiko,UC,,1742,535,OP03-048_p1,,parallel_1,Parallel 1,official-cardlist,PRB02/parallel/OP03-048_p1.png,https://en.onepiece-cardgame.com/images/cardlist/card/OP03-048_p1.png?260305,,,,,,,,,,,,,,,,,,,,,,,,OP03-048_p1,0,0,0,0,1,0,missing_printing_market_map
535,OP03-048,Nojiko,UC,,1743,535,OP03-048_r1,,r1,R1,official-cardlist,PRB02/reprint/OP03-048_r1.png,https://en.onepiece-cardgame.com/images/cardlist/card/OP03-048_r1.png?260305,,,,,,,,,,,,,,,,,,,,,,,,OP03-048_r1,0,0,0,0,1,0,missing_printing_market_map
542,OP03-055,Gum-Gum Giant Gavel,C,,1758,542,OP03-055::alt,,alt,Alt,local-catalog,thumbs/OP03-055alt.webp,,,,,,,,,,,,,,,,,,,,,,,,,OP03-055::alt,0,0,0,0,1,0,missing_printing_market_map
542,OP03-055,Gum-Gum Giant Gavel,C,,1759,542,OP03-055_p2,,parallel_2,Parallel 2,official-cardlist,PRB01/parallel/OP03-055_p2.png,https://en.onepiece-cardgame.com/images/cardlist/card/OP03-055_p2.png?260305,,,,,,,,,,,,,,,,,,,,,,,,OP03-055_p2,0,0,0,0,1,0,missing_printing_market_map
542,OP03-055,Gum-Gum Giant Gavel,C,,1760,542,OP03-055_p3,,parallel_3,Parallel 3,official-cardlist,PRB01/parallel/OP03-055_p3.png,https://en.onepiece-cardgame.com/images/cardlist/card/OP03-055_p3.png?260305,,,,,,,,,,,,,,,,,,,,,,,,OP03-055_p3,0,0,0,0,1,0,missing_printing_market_map
542,OP03-055,Gum-Gum Giant Gavel,C,,1761,542,OP03-055_r1,,r1,R1,official-cardlist,PRB01/reprint/OP03-055_r1.png,https://en.onepiece-cardgame.com/images/cardlist/card/OP03-055_r1.png?260305,,,,,,,,,,,,,,,,,,,,,,,,OP03-055_r1,0,0,0,0,1,0,missing_printing_market_map
543,OP03-056,Sanji's Pilaf,UC,,1764,543,OP03-056_p2,,parallel_2,Parallel 2,official-cardlist,PRB01/parallel/OP03-056_p2.png,https://en.onepiece-cardgame.com/images/cardlist/card/OP03-056_p2.png?260305,,,,,,,,,,,,,,,,,,,,,,,,OP03-056_p2,0,0,0,0,1,0,missing_printing_market_map
543,OP03-056,Sanji's Pilaf,UC,,1765,543,OP03-056_p3,,parallel_3,Parallel 3,official-cardlist,PRB01/parallel/OP03-056_p3.png,https://en.onepiece-cardgame.com/images/cardlist/card/OP03-056_p3.png?260305,,,,,,,,,,,,,,,,,,,,,,,,OP03-056_p3,0,0,0,0,1,0,missing_printing_market_map
543,OP03-056,Sanji's Pilaf,UC,,1766,543,OP03-056_p4,,parallel_4,Parallel 4,official-cardlist,PRB01/parallel/OP03-056_p4.png,https://en.onepiece-cardgame.com/images/cardlist/card/OP03-056_p4.png?260305,,,,,,,,,,,,,,,,,,,,,,,,OP03-056_p4,0,0,0,0,1,0,missing_printing_market_map
543,OP03-056,Sanji's Pilaf,UC,,1767,543,OP03-056::prb01alt,,alt,Prb01Alt,local-catalog,thumbs/OP03-056(PRB01alt).webp,,,,,,,,,,,,,,,,,,,,,,,,,OP03-056::prb01alt,0,0,0,0,1,0,missing_printing_market_map
543,OP03-056,Sanji's Pilaf,UC,,1768,543,OP03-056_r1,,r1,R1,official-cardlist,PRB01/reprint/OP03-056_r1.png,https://en.onepiece-cardgame.com/images/cardlist/card/OP03-056_r1.png?260305,,,,,,,,,,,,,,,,,,,,,,,,OP03-056_r1,0,0,0,0,1,0,missing_printing_market_map
544,OP03-057,Three Thousand Worlds,R,,1771,544,OP03-057_p2,,parallel_2,Parallel 2,official-cardlist,PRB01/parallel/OP03-057_p2.png,https://en.onepiece-cardgame.com/images/cardlist/card/OP03-057_p2.png?260305,,,,,,,,,,,,,,,,,,,,,,,,OP03-057_p2,0,0,0,0,1,0,missing_printing_market_map
544,OP03-057,Three Thousand Worlds,R,,1772,544,OP03-057_p3,,parallel_3,Parallel 3,official-cardlist,PRB01/parallel/OP03-057_p3.png,https://en.onepiece-cardgame.com/images/cardlist/card/OP03-057_p3.png?260305,,,,,,,,,,,,,,,,,,,,,,,,OP03-057_p3,0,0,0,0,1,0,missing_printing_market_map
544,OP03-057,Three Thousand Worlds,R,,1773,544,OP03-057_p4,,parallel_4,Parallel 4,official-cardlist,PRB01/parallel/OP03-057_p4.png,https://en.onepiece-cardgame.com/images/cardlist/card/OP03-057_p4.png?260305,,,,,,,,,,,,,,,,,,,,,,,,OP03-057_p4,0,0,0,0,1,0,missing_printing_market_map
544,OP03-057,Three Thousand Worlds,R,,1774,544,OP03-057::prb01alt,,alt,Prb01Alt,local-catalog,thumbs/OP03-057(PRB01alt).webp,,,,,,,,,,,,,,,,,,,,,,,,,OP03-057::prb01alt,0,0,0,0,1,0,missing_printing_market_map
544,OP03-057,Three Thousand Worlds,R,,1775,544,OP03-057_r1,,r1,R1,official-cardlist,PRB01/reprint/OP03-057_r1.png,https://en.onepiece-cardgame.com/images/cardlist/card/OP03-057_r1.png?260305,,,,,,,,,,,,,,,,,,,,,,,,OP03-057_r1,0,0,0,0,1,0,missing_printing_market_map
545,OP03-058,Iceburg,L,,1778,545,OP03-058::alt,,alt,Alt,local-catalog,thumbs/OP03-058_Alt.webp,,,,,,,,,,,,,,,,,,,,,,,,,OP03-058::alt,0,0,0,0,1,0,missing_printing_market_map
545,OP03-058,Iceburg,L,,1779,545,OP03-058_p1,,parallel_1,Parallel 1,official-cardlist,OP03/parallel/OP03-058_p1.png,https://en.onepiece-cardgame.com/images/cardlist/card/OP03-058_p1.png?260305,,,,,,,,,,,,,,,,,,,,,,,,OP03-058_p1,0,0,0,0,1,0,missing_printing_market_map
547,OP03-060,Kalifa,UC,,1784,547,OP03-060_p2,,parallel_2,Parallel 2,official-cardlist,PRB01/parallel/OP03-060_p2.png,https://en.onepiece-cardgame.com/images/cardlist/card/OP03-060_p2.png?260305,,,,,,,,,,,,,,,,,,,,,,,,OP03-060_p2,0,0,0,0,1,0,missing_printing_market_map
547,OP03-060,Kalifa,UC,,1785,547,OP03-060_p3,,parallel_3,Parallel 3,official-cardlist,PRB01/parallel/OP03-060_p3.png,https://en.onepiece-cardgame.com/images/cardlist/card/OP03-060_p3.png?260305,,,,,,,,,,,,,,,,,,,,,,,,OP03-060_p3,0,0,0,0,1,0,missing_printing_market_map
547,OP03-060,Kalifa,UC,,1786,547,OP03-060::prb01alt,,alt,Prb01Alt,local-catalog,thumbs/OP03-060(PRB01alt).webp,,,,,,,,,,,,,,,,,,,,,,,,,OP03-060::prb01alt,0,0,0,0,1,0,missing_printing_market_map
547,OP03-060,Kalifa,UC,,1787,547,OP03-060_r1,,r1,R1,official-cardlist,PRB01/reprint/OP03-060_r1.png,https://en.onepiece-cardgame.com/images/cardlist/card/OP03-060_r1.png?260305,,,,,,,,,,,,,,,,,,,,,,,,OP03-060_r1,0,0,0,0,1,0,missing_printing_market_map
553,OP03-066,Paulie,SR,,1800,553,OP03-066::alt,,alt,Alt,local-catalog,thumbs/OP03-066_Alt.webp,,,,,,,,,,,,,,,,,,,,,,,,,OP03-066::alt,0,0,0,0,1,0,missing_printing_market_map
553,OP03-066,Paulie,SR,,1801,553,OP03-066_p1,,parallel_1,Parallel 1,official-cardlist,OP03/parallel/OP03-066_p1.png,https://en.onepiece-cardgame.com/images/cardlist/card/OP03-066_p1.png?260305,,,,,,,,,,,,,,,,,,,,,,,,OP03-066_p1,0,0,0,0,1,0,missing_printing_market_map
556,OP03-069,Minorhinoceros,C,,1808,556,OP03-069::alt art 2,,alt,Alt Art 2,local-catalog,thumbs/OP03-069alt2.webp,,,,,,,,,,,,,,,,,,,,,,,,,OP03-069::alt art 2,0,0,0,0,1,0,missing_printing_market_map
557,OP03-070,Monkey.D.Luffy,R,,1811,557,OP03-070::alt,,alt,Alt,local-catalog,thumbs/OP03-070alt.webp,,,,,,,,,,,,,,,,,,,,,,,,,OP03-070::alt,0,0,0,0,1,0,missing_printing_market_map
559,OP03-072,Gum-Gum Jet Gatling,R,,1816,559,OP03-072_p1,,parallel_1,Parallel 1,official-cardlist,PRB02/parallel/OP03-072_p1.png,https://en.onepiece-cardgame.com/images/cardlist/card/OP03-072_p1.png?260305,,,,,,,,,,,,,,,,,,,,,,,,OP03-072_p1,0,0,0,0,1,0,missing_printing_market_map
559,OP03-072,Gum-Gum Jet Gatling,R,,1817,559,OP03-072::prb02,,alt,Prb02,local-catalog,thumbs/OP03-072(PRB02).webp,,,,,,,,,,,,,,,,,,,,,,,,,OP03-072::prb02,0,0,0,0,1,0,missing_printing_market_map
559,OP03-072,Gum-Gum Jet Gatling,R,,1818,559,OP03-072_r1,,r1,R1,official-cardlist,PRB02/reprint/OP03-072_r1.png,https://en.onepiece-cardgame.com/images/cardlist/card/OP03-072_r1.png?260305,,,,,,,,,,,,,,,,,,,,,,,,OP03-072_r1,0,0,0,0,1,0,missing_printing_market_map
563,OP03-076,Rob Lucci,L,,1827,563,OP03-076::alt,,alt,Alt,local-catalog,thumbs/OP03-076_Alt.webp,,,,,,,,,,,,,,,,,,,,,,,,,OP03-076::alt,0,0,0,0,1,0,missing_printing_market_map
563,OP03-076,Rob Lucci,L,,1828,563,OP03-076_p1,,parallel_1,Parallel 1,official-cardlist,OP03/parallel/OP03-076_p1.png,https://en.onepiece-cardgame.com/images/cardlist/card/OP03-076_p1.png?260305,,,,,,,,,,,,,,,,,,,,,,,,OP03-076_p1,0,0,0,0,1,0,missing_printing_market_map
564,OP03-077,Charlotte Linlin,L,,1831,564,OP03-077::alt,,alt,Alt,local-catalog,thumbs/OP03-077_Alt.webp,,,,,,,,,,,,,,,,,,,,,,,,,OP03-077::alt,0,0,0,0,1,0,missing_printing_market_map
564,OP03-077,Charlotte Linlin,L,,1832,564,OP03-077_p1,,parallel_1,Parallel 1,official-cardlist,OP03/parallel/OP03-077_p1.png,https://en.onepiece-cardgame.com/images/cardlist/card/OP03-077_p1.png?260305,,,,,,,,,,,,,,,,,,,,,,,,OP03-077_p1,0,0,0,0,1,0,missing_printing_market_map
565,OP03-078,Issho,SP CARD,,1835,565,OP03-078::alt,,alt,Alt,local-catalog,thumbs/OP03-078alt.webp,,,,,,,,,,,,,,,,,,,,,,,,,OP03-078::alt,0,0,0,0,1,0,missing_printing_market_map
565,OP03-078,Issho,SP CARD,,1836,565,OP03-078_p1,,parallel_1,Parallel 1,official-cardlist,OP03/parallel/OP03-078_p1.png,https://en.onepiece-cardgame.com/images/cardlist/card/OP03-078_p1.png?260305,,,,,,,,,,,,,,,,,,,,,,,,OP03-078_p1,0,0,0,0,1,0,missing_printing_market_map
565,OP03-078,Issho,SP CARD,,1837,565,OP03-078_p2,,parallel_2,Parallel 2,official-cardlist,OP07/parallel/OP03-078_p2.png,https://en.onepiece-cardgame.com/images/cardlist/card/OP03-078_p2.png?260305,,,,,,,,,,,,,,,,,,,,,,,,OP03-078_p2,0,0,0,0,1,0,missing_printing_market_map
565,OP03-078,Issho,SP CARD,,1838,565,OP03-078::s p,,sp,S P,local-catalog,thumbs/OP03-078SP.webp,,,,,,,,,,,,,,,,,,,,,,,,,OP03-078::s p,0,0,0,0,1,0,missing_printing_market_map
566,OP03-079,Vergo,UC,,1841,566,OP03-079_p3,,parallel_3,Parallel 3,official-cardlist,PRB01/parallel/OP03-079_p3.png,https://en.onepiece-cardgame.com/images/cardlist/card/OP03-079_p3.png?260305,,,,,,,,,,,,,,,,,,,,,,,,OP03-079_p3,0,0,0,0,1,0,missing_printing_market_map
566,OP03-079,Vergo,UC,,1842,566,OP03-079_p4,,parallel_4,Parallel 4,official-cardlist,PRB01/parallel/OP03-079_p4.png,https://en.onepiece-cardgame.com/images/cardlist/card/OP03-079_p4.png?260305,,,,,,,,,,,,,,,,,,,,,,,,OP03-079_p4,0,0,0,0,1,0,missing_printing_market_map
566,OP03-079,Vergo,UC,,1843,566,OP03-079::prb01alt,,alt,Prb01Alt,local-catalog,thumbs/OP03-079(PRB01alt).webp,,,,,,,,,,,,,,,,,,,,,,,,,OP03-079::prb01alt,0,0,0,0,1,0,missing_printing_market_map
566,OP03-079,Vergo,UC,,1844,566,OP03-079_r1,,r1,R1,official-cardlist,ST19/reprint/OP03-079_r1.png,https://en.onepiece-cardgame.com/images/cardlist/card/OP03-079_r1.png?260305,,,,,,,,,,,,,,,,,,,,,,,,OP03-079_r1,0,0,0,0,1,0,missing_printing_market_map
566,OP03-079,Vergo,UC,,1845,566,OP03-079_r2,,r2,R2,official-cardlist,PRB01/reprint/OP03-079_r2.png,https://en.onepiece-cardgame.com/images/cardlist/card/OP03-079_r2.png?260305,,,,,,,,,,,,,,,,,,,,,,,,OP03-079_r2,0,0,0,0,1,0,missing_printing_market_map
567,OP03-080,Kaku,SR,,1848,567,OP03-080::alt,,alt,Alt,local-catalog,thumbs/OP03-080_Alt.webp,,,,,,,,,,,,,,,,,,,,,,,,,OP03-080::alt,0,0,0,0,1,0,missing_printing_market_map
567,OP03-080,Kaku,SR,,1849,567,OP03-080_p1,,parallel_1,Parallel 1,official-cardlist,OP03/parallel/OP03-080_p1.png,https://en.onepiece-cardgame.com/images/cardlist/card/OP03-080_p1.png?260305,,,,,,,,,,,,,,,,,,,,,,,,OP03-080_p1,0,0,0,0,1,0,missing_printing_market_map
568,OP03-081,Kalifa,R,,1852,568,OP03-081::alt,,alt,Alt,local-catalog,thumbs/OP03-081_Alt.webp,,,,,,,,,,,,,,,,,,,,,,,,,OP03-081::alt,0,0,0,0,1,0,missing_printing_market_map
568,OP03-081,Kalifa,R,,1853,568,OP03-081::alt art 2,,alt,Alt Art 2,local-catalog,thumbs/OP03-081alt2.webp,,,,,,,,,,,,,,,,,,,,,,,,,OP03-081::alt art 2,0,0,0,0,1,0,missing_printing_market_map
568,OP03-081,Kalifa,R,,1854,568,OP03-081_p1,,parallel_1,Parallel 1,official-cardlist,OP03/parallel/OP03-081_p1.png,https://en.onepiece-cardgame.com/images/cardlist/card/OP03-081_p1.png?260305,,,,,,,,,,,,,,,,,,,,,,,,OP03-081_p1,0,0,0,0,1,0,missing_printing_market_map
573,OP03-086,Spandam,R,,1865,573,OP03-086::alt,,alt,Alt,local-catalog,thumbs/OP03-086 (Alt).webp,,,,,,,,,,,,,,,,,,,,,,,,,OP03-086::alt,0,0,0,0,1,0,missing_printing_market_map
573,OP03-086,Spandam,R,,1866,573,OP03-086_p1,,parallel_1,Parallel 1,official-cardlist,OP03/parallel/OP03-086_p1.png,https://en.onepiece-cardgame.com/images/cardlist/card/OP03-086_p1.png?260305,,,,,,,,,,,,,,,,,,,,,,,,OP03-086_p1,0,0,0,0,1,0,missing_printing_market_map
575,OP03-088,Fukurou,UC,,1871,575,OP03-088::alt,,alt,Alt,local-catalog,thumbs/OP03-088alt.webp,,,,,,,,,,,,,,,,,,,,,,,,,OP03-088::alt,0,0,0,0,1,0,missing_printing_market_map
575,OP03-088,Fukurou,UC,,1872,575,OP03-088::alt art 2,,alt,Alt Art 2,local-catalog,thumbs/OP03-088alt2.webp,,,,,,,,,,,,,,,,,,,,,,,,,OP03-088::alt art 2,0,0,0,0,1,0,missing_printing_market_map
575,OP03-088,Fukurou,UC,,1873,575,OP03-088::alt art 3,,alt,Alt Art 3,local-catalog,thumbs/OP03-088alt3.webp,,,,,,,,,,,,,,,,,,,,,,,,,OP03-088::alt art 3,0,0,0,0,1,0,missing_printing_market_map
575,OP03-088,Fukurou,UC,,1874,575,OP03-088_p1,,parallel_1,Parallel 1,official-cardlist,TP06/parallel/OP03-088_p1.png,https://en.onepiece-cardgame.com/images/cardlist/card/OP03-088_p1.png?260305,,,,,,,,,,,,,,,,,,,,,,,,OP03-088_p1,0,0,0,0,1,0,missing_printing_market_map
575,OP03-088,Fukurou,UC,,1875,575,OP03-088_p2,,parallel_2,Parallel 2,official-cardlist,_unclassified/parallel/OP03-088_p2.png,https://en.onepiece-cardgame.com/images/cardlist/card/OP03-088_p2.png?260305,,,,,,,,,,,,,,,,,,,,,,,,OP03-088_p2,0,0,0,0,1,0,missing_printing_market_map
576,OP03-089,Brannew,R,,1878,576,OP03-089::alt,,alt,Alt,local-catalog,thumbs/OP03-089(alt).webp,,,,,,,,,,,,,,,,,,,,,,,,,OP03-089::alt,0,0,0,0,1,0,missing_printing_market_map
576,OP03-089,Brannew,R,,1879,576,OP03-089_p1,,parallel_1,Parallel 1,official-cardlist,ORP2024V1/parallel/OP03-089_p1.png,https://en.onepiece-cardgame.com/images/cardlist/card/OP03-089_p1.png?260305,,,,,,,,,,,,,,,,,,,,,,,,OP03-089_p1,0,0,0,0,1,0,missing_printing_market_map
576,OP03-089,Brannew,R,,1880,576,OP03-089_p4,,parallel_4,Parallel 4,official-cardlist,PRB01/parallel/OP03-089_p4.png,https://en.onepiece-cardgame.com/images/cardlist/card/OP03-089_p4.png?260305,,,,,,,,,,,,,,,,,,,,,,,,OP03-089_p4,0,0,0,0,1,0,missing_printing_market_map
576,OP03-089,Brannew,R,,1881,576,OP03-089_p5,,parallel_5,Parallel 5,official-cardlist,PRB01/parallel/OP03-089_p5.png,https://en.onepiece-cardgame.com/images/cardlist/card/OP03-089_p5.png?260305,,,,,,,,,,,,,,,,,,,,,,,,OP03-089_p5,0,0,0,0,1,0,missing_printing_market_map
576,OP03-089,Brannew,R,,1882,576,OP03-089_p6,,parallel_6,Parallel 6,official-cardlist,PRB01/parallel/OP03-089_p6.png,https://en.onepiece-cardgame.com/images/cardlist/card/OP03-089_p6.png?260305,,,,,,,,,,,,,,,,,,,,,,,,OP03-089_p6,0,0,0,0,1,0,missing_printing_market_map
576,OP03-089,Brannew,R,,1883,576,OP03-089::prb01alt2,,alt,Prb01Alt2,local-catalog,thumbs/OP03-089(PRB01alt2).webp,,,,,,,,,,,,,,,,,,,,,,,,,OP03-089::prb01alt2,0,0,0,0,1,0,missing_printing_market_map
576,OP03-089,Brannew,R,,1884,576,OP03-089::prb01alt2 1,,alt,Prb01Alt2 1,local-catalog,thumbs/OP03-089(PRB01alt2) (1).webp,,,,,,,,,,,,,,,,,,,,,,,,,OP03-089::prb01alt2 1,0,0,0,0,1,0,missing_printing_market_map
576,OP03-089,Brannew,R,,1885,576,OP03-089_r1,,r1,R1,official-cardlist,ST19/reprint/OP03-089_r1.png,https://en.onepiece-cardgame.com/images/cardlist/card/OP03-089_r1.png?260305,,,,,,,,,,,,,,,,,,,,,,,,OP03-089_r1,0,0,0,0,1,0,missing_printing_market_map
576,OP03-089,Brannew,R,,1886,576,OP03-089_r2,,r2,R2,official-cardlist,PRB01/reprint/OP03-089_r2.png,https://en.onepiece-cardgame.com/images/cardlist/card/OP03-089_r2.png?260305,,,,,,,,,,,,,,,,,,,,,,,,OP03-089_r2,0,0,0,0,1,0,missing_printing_market_map
579,OP03-092,Rob Lucci,SP CARD,,1893,579,OP03-092::alt,,alt,Alt,local-catalog,thumbs/OP03-092_Alt.webp,,,,,,,,,,,,,,,,,,,,,,,,,OP03-092::alt,0,0,0,0,1,0,missing_printing_market_map
579,OP03-092,Rob Lucci,SP CARD,,1894,579,OP03-092::alt art 2,,alt,Alt Art 2,local-catalog,thumbs/OP03-092alt2.webp,,,,,,,,,,,,,,,,,,,,,,,,,OP03-092::alt art 2,0,0,0,0,1,0,missing_printing_market_map
579,OP03-092,Rob Lucci,SP CARD,,1895,579,OP03-092_p1,,parallel_1,Parallel 1,official-cardlist,OP03/parallel/OP03-092_p1.png,https://en.onepiece-cardgame.com/images/cardlist/card/OP03-092_p1.png?260305,,,,,,,,,,,,,,,,,,,,,,,,OP03-092_p1,0,0,0,0,1,0,missing_printing_market_map
579,OP03-092,Rob Lucci,SP CARD,,1896,579,OP03-092_p2,,parallel_2,Parallel 2,official-cardlist,OP05/parallel/OP03-092_p2.png,https://en.onepiece-cardgame.com/images/cardlist/card/OP03-092_p2.png?260305,,,,,,,,,,,,,,,,,,,,,,,,OP03-092_p2,0,0,0,0,1,0,missing_printing_market_map
581,OP03-094,Air Door,UC,,1901,581,OP03-094_p2,,parallel_2,Parallel 2,official-cardlist,PRB01/parallel/OP03-094_p2.png,https://en.onepiece-cardgame.com/images/cardlist/card/OP03-094_p2.png?260305,,,,,,,,,,,,,,,,,,,,,,,,OP03-094_p2,0,0,0,0,1,0,missing_printing_market_map
581,OP03-094,Air Door,UC,,1902,581,OP03-094_p3,,parallel_3,Parallel 3,official-cardlist,PRB01/parallel/OP03-094_p3.png,https://en.onepiece-cardgame.com/images/cardlist/card/OP03-094_p3.png?260305,,,,,,,,,,,,,,,,,,,,,,,,OP03-094_p3,0,0,0,0,1,0,missing_printing_market_map
581,OP03-094,Air Door,UC,,1903,581,OP03-094_r1,,r1,R1,official-cardlist,PRB01/reprint/OP03-094_r1.png,https://en.onepiece-cardgame.com/images/cardlist/card/OP03-094_r1.png?260305,,,,,,,,,,,,,,,,,,,,,,,,OP03-094_r1,0,0,0,0,1,0,missing_printing_market_map
584,OP03-097,Six King Pistol,R,,1910,584,OP03-097_r1,,r1,R1,official-cardlist,PRB02/reprint/OP03-097_r1.png,https://en.onepiece-cardgame.com/images/cardlist/card/OP03-097_r1.png?260305,,,,,,,,,,,,,,,,,,,,,,,,OP03-097_r1,0,0,0,0,1,0,missing_printing_market_map
586,OP03-099,Charlotte Katakuri,L,,1915,586,OP03-099::alt,,alt,Alt,local-catalog,thumbs/OP03-099 (Alt).webp,,,,,,,,,,,,,,,,,,,,,,,,,OP03-099::alt,0,0,0,0,1,0,missing_printing_market_map
586,OP03-099,Charlotte Katakuri,L,,1916,586,OP03-099_p1,,parallel_1,Parallel 1,official-cardlist,OP03/parallel/OP03-099_p1.png,https://en.onepiece-cardgame.com/images/cardlist/card/OP03-099_p1.png?260305,,,,,,,,,,,,,,,,,,,,,,,,OP03-099_p1,0,0,0,0,1,0,missing_printing_market_map
586,OP03-099,Charlotte Katakuri,L,,1917,586,OP03-099_p2,,parallel_2,Parallel 2,official-cardlist,ST20/parallel/OP03-099_p2.png,https://en.onepiece-cardgame.com/images/cardlist/card/OP03-099_p2.png?260305,,,,,,,,,,,,,,,,,,,,,,,,OP03-099_p2,0,0,0,0,1,0,missing_printing_market_map
586,OP03-099,Charlotte Katakuri,L,,1918,586,OP03-099::st20 alt,,alt,St20 Alt,local-catalog,thumbs/OP03-099(ST20 alt).webp,,,,,,,,,,,,,,,,,,,,,,,,,OP03-099::st20 alt,0,0,0,0,1,0,missing_printing_market_map
589,OP03-102,Sanji,R,,1925,589,OP03-102::alt,,alt,Alt,local-catalog,thumbs/OP03-102(alt).webp,,,,,,,,,,,,,,,,,,,,,,,,,OP03-102::alt,0,0,0,0,1,0,missing_printing_market_map
589,OP03-102,Sanji,R,,1926,589,OP03-102::alt art 2,,alt,Alt Art 2,local-catalog,thumbs/OP03-102alt2.webp,,,,,,,,,,,,,,,,,,,,,,,,,OP03-102::alt art 2,0,0,0,0,1,0,missing_printing_market_map
589,OP03-102,Sanji,R,,1927,589,OP03-102_p1,,parallel_1,Parallel 1,official-cardlist,ORP2024V1/parallel/OP03-102_p1.png,https://en.onepiece-cardgame.com/images/cardlist/card/OP03-102_p1.png?260305,,,,,,,,,,,,,,,,,,,,,,,,OP03-102_p1,0,0,0,0,1,0,missing_printing_market_map
589,OP03-102,Sanji,R,,1928,589,OP03-102_p2,,parallel_2,Parallel 2,official-cardlist,_unclassified/parallel/OP03-102_p2.png,https://en.onepiece-cardgame.com/images/cardlist/card/OP03-102_p2.png?260305,,,,,,,,,,,,,,,,,,,,,,,,OP03-102_p2,0,0,0,0,1,0,missing_printing_market_map
593,OP03-106,Charlotte Opera,C,,1937,593,OP03-106_r1,,r1,R1,official-cardlist,ST20/reprint/OP03-106_r1.png,https://en.onepiece-cardgame.com/images/cardlist/card/OP03-106_r1.png?260305,,,,,,,,,,,,,,,,,,,,,,,,OP03-106_r1,0,0,0,0,1,0,missing_printing_market_map
594,OP03-107,Charlotte Galette,C,,1940,594,OP03-107_r1,,r1,R1,official-cardlist,ST20/reprint/OP03-107_r1.png,https://en.onepiece-cardgame.com/images/cardlist/card/OP03-107_r1.png?260305,,,,,,,,,,,,,,,,,,,,,,,,OP03-107_r1,0,0,0,0,1,0,missing_printing_market_map
595,OP03-108,Charlotte Cracker,SR,,1943,595,OP03-108::alt,,alt,Alt,local-catalog,thumbs/OP03-108 (Alt).webp,,,,,,,,,,,,,,,,,,,,,,,,,OP03-108::alt,0,0,0,0,1,0,missing_printing_market_map
595,OP03-108,Charlotte Cracker,SR,,1944,595,OP03-108_p1,,parallel_1,Parallel 1,official-cardlist,OP03/parallel/OP03-108_p1.png,https://en.onepiece-cardgame.com/images/cardlist/card/OP03-108_p1.png?260305,,,,,,,,,,,,,,,,,,,,,,,,OP03-108_p1,0,0,0,0,1,0,missing_printing_market_map
595,OP03-108,Charlotte Cracker,SR,,1945,595,OP03-108_p3,,parallel_3,Parallel 3,official-cardlist,PRB01/parallel/OP03-108_p3.png,https://en.onepiece-cardgame.com/images/cardlist/card/OP03-108_p3.png?260305,,,,,,,,,,,,,,,,,,,,,,,,OP03-108_p3,0,0,0,0,1,0,missing_printing_market_map
595,OP03-108,Charlotte Cracker,SR,,1946,595,OP03-108::prb01alt,,alt,Prb01Alt,local-catalog,thumbs/OP03-108(PRB01alt).webp,,,,,,,,,,,,,,,,,,,,,,,,,OP03-108::prb01alt,0,0,0,0,1,0,missing_printing_market_map
595,OP03-108,Charlotte Cracker,SR,,1947,595,OP03-108_r1,,r1,R1,official-cardlist,PRB01/reprint/OP03-108_r1.png,https://en.onepiece-cardgame.com/images/cardlist/card/OP03-108_r1.png?260305,,,,,,,,,,,,,,,,,,,,,,,,OP03-108_r1,0,0,0,0,1,0,missing_printing_market_map
597,OP03-110,Charlotte Smoothie,R,,1952,597,OP03-110_p3,,parallel_3,Parallel 3,official-cardlist,PRB01/parallel/OP03-110_p3.png,https://en.onepiece-cardgame.com/images/cardlist/card/OP03-110_p3.png?260305,,,,,,,,,,,,,,,,,,,,,,,,OP03-110_p3,0,0,0,0,1,0,missing_printing_market_map
597,OP03-110,Charlotte Smoothie,R,,1953,597,OP03-110_p4,,parallel_4,Parallel 4,official-cardlist,PRB01/parallel/OP03-110_p4.png,https://en.onepiece-cardgame.com/images/cardlist/card/OP03-110_p4.png?260305,,,,,,,,,,,,,,,,,,,,,,,,OP03-110_p4,0,0,0,0,1,0,missing_printing_market_map
597,OP03-110,Charlotte Smoothie,R,,1954,597,OP03-110_p5,,parallel_5,Parallel 5,official-cardlist,PRB01/parallel/OP03-110_p5.png,https://en.onepiece-cardgame.com/images/cardlist/card/OP03-110_p5.png?260305,,,,,,,,,,,,,,,,,,,,,,,,OP03-110_p5,0,0,0,0,1,0,missing_printing_market_map
597,OP03-110,Charlotte Smoothie,R,,1955,597,OP03-110::prb01alt,,alt,Prb01Alt,local-catalog,thumbs/OP03-110(PRB01alt).webp,,,,,,,,,,,,,,,,,,,,,,,,,OP03-110::prb01alt,0,0,0,0,1,0,missing_printing_market_map
597,OP03-110,Charlotte Smoothie,R,,1956,597,OP03-110::prb01alt2,,alt,Prb01Alt2,local-catalog,thumbs/OP03-110(PRB01alt2).webp,,,,,,,,,,,,,,,,,,,,,,,,,OP03-110::prb01alt2,0,0,0,0,1,0,missing_printing_market_map
597,OP03-110,Charlotte Smoothie,R,,1957,597,OP03-110_r1,,r1,R1,official-cardlist,ST20/reprint/OP03-110_r1.png,https://en.onepiece-cardgame.com/images/cardlist/card/OP03-110_r1.png?260305,,,,,,,,,,,,,,,,,,,,,,,,OP03-110_r1,0,0,0,0,1,0,missing_printing_market_map
597,OP03-110,Charlotte Smoothie,R,,1958,597,OP03-110_r2,,r2,R2,official-cardlist,PRB01/reprint/OP03-110_r2.png,https://en.onepiece-cardgame.com/images/cardlist/card/OP03-110_r2.png?260305,,,,,,,,,,,,,,,,,,,,,,,,OP03-110_r2,0,0,0,0,1,0,missing_printing_market_map
599,OP03-112,Charlotte Pudding,SP CARD,,1963,599,OP03-112::alt,,alt,Alt,local-catalog,thumbs/OP03-112_Alt.webp,,,,,,,,,,,,,,,,,,,,,,,,,OP03-112::alt,0,0,0,0,1,0,missing_printing_market_map
599,OP03-112,Charlotte Pudding,SP CARD,,1964,599,OP03-112::alt art 3,,alt,Alt Art 3,local-catalog,thumbs/OP03-112alt3.webp,,,,,,,,,,,,,,,,,,,,,,,,,OP03-112::alt art 3,0,0,0,0,1,0,missing_printing_market_map
599,OP03-112,Charlotte Pudding,SP CARD,,1965,599,OP03-112::cn alt,,alt,Cn Alt,local-catalog,thumbs/OP03-112(CN)alt.webp,,,,,,,,,,,,,,,,,,,,,,,,,OP03-112::cn alt,0,0,0,0,1,0,missing_printing_market_map
599,OP03-112,Charlotte Pudding,SP CARD,,1966,599,OP03-112_p1,,parallel_1,Parallel 1,official-cardlist,OP03/parallel/OP03-112_p1.png,https://en.onepiece-cardgame.com/images/cardlist/card/OP03-112_p1.png?260305,,,,,,,,,,,,,,,,,,,,,,,,OP03-112_p1,0,0,0,0,1,0,missing_printing_market_map
599,OP03-112,Charlotte Pudding,SP CARD,,1967,599,OP03-112_p2,,parallel_2,Parallel 2,official-cardlist,_unclassified/parallel/OP03-112_p2.png,https://en.onepiece-cardgame.com/images/cardlist/card/OP03-112_p2.png?260305,,,,,,,,,,,,,,,,,,,,,,,,OP03-112_p2,0,0,0,0,1,0,missing_printing_market_map
599,OP03-112,Charlotte Pudding,SP CARD,,1968,599,OP03-112_p3,,parallel_3,Parallel 3,official-cardlist,TP2024OD/parallel/OP03-112_p3.png,https://en.onepiece-cardgame.com/images/cardlist/card/OP03-112_p3.png?260305,,,,,,,,,,,,,,,,,,,,,,,,OP03-112_p3,0,0,0,0,1,0,missing_printing_market_map
599,OP03-112,Charlotte Pudding,SP CARD,,1969,599,OP03-112_p4,,parallel_4,Parallel 4,official-cardlist,OP08/parallel/OP03-112_p4.png,https://en.onepiece-cardgame.com/images/cardlist/card/OP03-112_p4.png?260305,,,,,,,,,,,,,,,,,,,,,,,,OP03-112_p4,0,0,0,0,1,0,missing_printing_market_map
599,OP03-112,Charlotte Pudding,SP CARD,,1970,599,OP03-112_p6,,parallel_6,Parallel 6,official-cardlist,CS2526CP/parallel/OP03-112_p6.png,https://en.onepiece-cardgame.com/images/cardlist/card/OP03-112_p6.png?260305,,,,,,,,,,,,,,,,,,,,,,,,OP03-112_p6,0,0,0,0,1,0,missing_printing_market_map
599,OP03-112,Charlotte Pudding,SP CARD,,1971,599,OP03-112_r1,,r1,R1,official-cardlist,ST20/reprint/OP03-112_r1.png,https://en.onepiece-cardgame.com/images/cardlist/card/OP03-112_r1.png?260305,,,,,,,,,,,,,,,,,,,,,,,,OP03-112_r1,0,0,0,0,1,0,missing_printing_market_map
599,OP03-112,Charlotte Pudding,SP CARD,,1972,599,OP03-112::s p,,sp,S P,local-catalog,thumbs/OP03-112SP.webp,,,,,,,,,,,,,,,,,,,,,,,,,OP03-112::s p,0,0,0,0,1,0,missing_printing_market_map
600,OP03-113,Charlotte Perospero,SR,,1975,600,OP03-113::alt,,alt,Alt,local-catalog,thumbs/OP03-113alt.webp,,,,,,,,,,,,,,,,,,,,,,,,,OP03-113::alt,0,0,0,0,1,0,missing_printing_market_map
600,OP03-113,Charlotte Perospero,SR,,1976,600,OP03-113_p1,,parallel_1,Parallel 1,official-cardlist,OP03/parallel/OP03-113_p1.png,https://en.onepiece-cardgame.com/images/cardlist/card/OP03-113_p1.png?260305,,,,,,,,,,,,,,,,,,,,,,,,OP03-113_p1,0,0,0,0,1,0,missing_printing_market_map
600,OP03-113,Charlotte Perospero,SR,,1977,600,OP03-113_p3,,parallel_3,Parallel 3,official-cardlist,PRB01/parallel/OP03-113_p3.png,https://en.onepiece-cardgame.com/images/cardlist/card/OP03-113_p3.png?260305,,,,,,,,,,,,,,,,,,,,,,,,OP03-113_p3,0,0,0,0,1,0,missing_printing_market_map
600,OP03-113,Charlotte Perospero,SR,,1978,600,OP03-113::prb01alt,,alt,Prb01Alt,local-catalog,thumbs/OP03-113(PRB01alt).webp,,,,,,,,,,,,,,,,,,,,,,,,,OP03-113::prb01alt,0,0,0,0,1,0,missing_printing_market_map
600,OP03-113,Charlotte Perospero,SR,,1979,600,OP03-113_r1,,r1,R1,official-cardlist,PRB01/reprint/OP03-113_r1.png,https://en.onepiece-cardgame.com/images/cardlist/card/OP03-113_r1.png?260305,,,,,,,,,,,,,,,,,,,,,,,,OP03-113_r1,0,0,0,0,1,0,missing_printing_market_map
601,OP03-114,Charlotte Linlin,SP CARD,,1982,601,OP03-114::alt,,alt,Alt,local-catalog,thumbs/OP03-114_Alt.webp,,,,,,,,,,,,,,,,,,,,,,,,,OP03-114::alt,0,0,0,0,1,0,missing_printing_market_map
601,OP03-114,Charlotte Linlin,SP CARD,,1983,601,OP03-114::alt art 2,,alt,Alt Art 2,local-catalog,thumbs/OP03-114alt2.webp,,,,,,,,,,,,,,,,,,,,,,,,,OP03-114::alt art 2,0,0,0,0,1,0,missing_printing_market_map
601,OP03-114,Charlotte Linlin,SP CARD,,1984,601,OP03-114::alt sp,,sp,Alt SP,local-catalog,thumbs/OP03-114alt(SP).webp,,,,,,,,,,,,,,,,,,,,,,,,,OP03-114::alt sp,0,0,0,0,1,0,missing_printing_market_map
601,OP03-114,Charlotte Linlin,SP CARD,,1985,601,OP03-114_p1,,parallel_1,Parallel 1,official-cardlist,OP03/parallel/OP03-114_p1.png,https://en.onepiece-cardgame.com/images/cardlist/card/OP03-114_p1.png?260305,,,,,,,,,,,,,,,,,,,,,,,,OP03-114_p1,0,0,0,0,1,0,missing_printing_market_map
601,OP03-114,Charlotte Linlin,SP CARD,,1986,601,OP03-114_p2,,parallel_2,Parallel 2,official-cardlist,OP06/parallel/OP03-114_p2.png,https://en.onepiece-cardgame.com/images/cardlist/card/OP03-114_p2.png?260305,,,,,,,,,,,,,,,,,,,,,,,,OP03-114_p2,0,0,0,0,1,0,missing_printing_market_map
601,OP03-114,Charlotte Linlin,SP CARD,,1987,601,OP03-114_p3,,parallel_3,Parallel 3,official-cardlist,_unclassified/parallel/OP03-114_p3.png,https://en.onepiece-cardgame.com/images/cardlist/card/OP03-114_p3.png?260305,,,,,,,,,,,,,,,,,,,,,,,,OP03-114_p3,0,0,0,0,1,0,missing_printing_market_map
602,OP03-115,Streusen,R,,1990,602,OP03-115_r1,,r1,R1,official-cardlist,ST20/reprint/OP03-115_r1.png,https://en.onepiece-cardgame.com/images/cardlist/card/OP03-115_r1.png?260305,,,,,,,,,,,,,,,,,,,,,,,,OP03-115_r1,0,0,0,0,1,0,missing_printing_market_map
603,OP03-116,Shirahoshi,UC,,1993,603,OP03-116::alt,,alt,Alt,local-catalog,thumbs/OP03-116alt.webp,,,,,,,,,,,,,,,,,,,,,,,,,OP03-116::alt,0,0,0,0,1,0,missing_printing_market_map
603,OP03-116,Shirahoshi,UC,,1994,603,OP03-116::alt art 2,,alt,Alt Art 2,local-catalog,thumbs/OP03-116alt2.webp,,,,,,,,,,,,,,,,,,,,,,,,,OP03-116::alt art 2,0,0,0,0,1,0,missing_printing_market_map
603,OP03-116,Shirahoshi,UC,,1995,603,OP03-116_p1,,parallel_1,Parallel 1,official-cardlist,TP06/parallel/OP03-116_p1.png,https://en.onepiece-cardgame.com/images/cardlist/card/OP03-116_p1.png?260305,,,,,,,,,,,,,,,,,,,,,,,,OP03-116_p1,0,0,0,0,1,0,missing_printing_market_map
603,OP03-116,Shirahoshi,UC,,1996,603,OP03-116_p2,,parallel_2,Parallel 2,official-cardlist,REG2024W3/parallel/OP03-116_p2.png,https://en.onepiece-cardgame.com/images/cardlist/card/OP03-116_p2.png?260305,,,,,,,,,,,,,,,,,,,,,,,,OP03-116_p2,0,0,0,0,1,0,missing_printing_market_map
603,OP03-116,Shirahoshi,UC,,1997,603,OP03-116_p3,,parallel_3,Parallel 3,official-cardlist,ST1520RE/parallel/OP03-116_p3.png,https://en.onepiece-cardgame.com/images/cardlist/card/OP03-116_p3.png?260305,,,,,,,,,,,,,,,,,,,,,,,,OP03-116_p3,0,0,0,0,1,0,missing_printing_market_map
603,OP03-116,Shirahoshi,UC,,1998,603,OP03-116_p5,,parallel_5,Parallel 5,official-cardlist,PRB01/parallel/OP03-116_p5.png,https://en.onepiece-cardgame.com/images/cardlist/card/OP03-116_p5.png?260305,,,,,,,,,,,,,,,,,,,,,,,,OP03-116_p5,0,0,0,0,1,0,missing_printing_market_map
603,OP03-116,Shirahoshi,UC,,1999,603,OP03-116_p6,,parallel_6,Parallel 6,official-cardlist,PRB01/parallel/OP03-116_p6.png,https://en.onepiece-cardgame.com/images/cardlist/card/OP03-116_p6.png?260305,,,,,,,,,,,,,,,,,,,,,,,,OP03-116_p6,0,0,0,0,1,0,missing_printing_market_map
603,OP03-116,Shirahoshi,UC,,2000,603,OP03-116_p7,,parallel_7,Parallel 7,official-cardlist,_unclassified/parallel/OP03-116_p7.png,https://en.onepiece-cardgame.com/images/cardlist/card/OP03-116_p7.png?260305,,,,,,,,,,,,,,,,,,,,,,,,OP03-116_p7,0,0,0,0,1,0,missing_printing_market_map
603,OP03-116,Shirahoshi,UC,,2001,603,OP03-116_r1,,r1,R1,official-cardlist,PRB01/reprint/OP03-116_r1.png,https://en.onepiece-cardgame.com/images/cardlist/card/OP03-116_r1.png?260305,,,,,,,,,,,,,,,,,,,,,,,,OP03-116_r1,0,0,0,0,1,0,missing_printing_market_map
603,OP03-116,Shirahoshi,UC,,2002,603,OP03-116::winner alt,,alt,Winner Alt,local-catalog,thumbs/OP03-116 winner alt.webp,,,,,,,,,,,,,,,,,,,,,,,,,OP03-116::winner alt,0,0,0,0,1,0,missing_printing_market_map
605,OP03-118,Ikoku Sovereignty,UC,,2007,605,OP03-118_r1,,r1,R1,official-cardlist,ST20/reprint/OP03-118_r1.png,https://en.onepiece-cardgame.com/images/cardlist/card/OP03-118_r1.png?260305,,,,,,,,,,,,,,,,,,,,,,,,OP03-118_r1,0,0,0,0,1,0,missing_printing_market_map
608,OP03-121,Thunder Bolt,C,,2014,608,OP03-121::alt,,alt,Alt,local-catalog,thumbs/OP03-121alt.webp,,,,,,,,,,,,,,,,,,,,,,,,,OP03-121::alt,0,0,0,0,1,0,missing_printing_market_map
608,OP03-121,Thunder Bolt,C,,2015,608,OP03-121_p3,,parallel_3,Parallel 3,official-cardlist,PRB01/parallel/OP03-121_p3.png,https://en.onepiece-cardgame.com/images/cardlist/card/OP03-121_p3.png?260305,,,,,,,,,,,,,,,,,,,,,,,,OP03-121_p3,0,0,0,0,1,0,missing_printing_market_map
608,OP03-121,Thunder Bolt,C,,2016,608,OP03-121_p4,,parallel_4,Parallel 4,official-cardlist,PRB01/parallel/OP03-121_p4.png,https://en.onepiece-cardgame.com/images/cardlist/card/OP03-121_p4.png?260305,,,,,,,,,,,,,,,,,,,,,,,,OP03-121_p4,0,0,0,0,1,0,missing_printing_market_map
608,OP03-121,Thunder Bolt,C,,2017,608,OP03-121_p5,,parallel_5,Parallel 5,official-cardlist,BCV1/parallel/OP03-121_p5.png,https://en.onepiece-cardgame.com/images/cardlist/card/OP03-121_p5.png?260305,,,,,,,,,,,,,,,,,,,,,,,,OP03-121_p5,0,0,0,0,1,0,missing_printing_market_map
608,OP03-121,Thunder Bolt,C,,2018,608,OP03-121_r1,,r1,R1,official-cardlist,ST20/reprint/OP03-121_r1.png,https://en.onepiece-cardgame.com/images/cardlist/card/OP03-121_r1.png?260305,,,,,,,,,,,,,,,,,,,,,,,,OP03-121_r1,0,0,0,0,1,0,missing_printing_market_map
608,OP03-121,Thunder Bolt,C,,2019,608,OP03-121_r2,,r2,R2,official-cardlist,PRB01/reprint/OP03-121_r2.png,https://en.onepiece-cardgame.com/images/cardlist/card/OP03-121_r2.png?260305,,,,,,,,,,,,,,,,,,,,,,,,OP03-121_r2,0,0,0,0,1,0,missing_printing_market_map
609,OP03-122,Sogeking,SEC,,2022,609,OP03-122::alt,,alt,Alt,local-catalog,thumbs/OP03-122_Alt.webp,,,,,,,,,,,,,,,,,,,,,,,,,OP03-122::alt,0,0,0,0,1,0,missing_printing_market_map
609,OP03-122,Sogeking,SEC,,2023,609,OP03-122::manga,,mr,Manga,local-catalog,thumbs/OP03-122 Manga Rare.webp,,,,,,,,,,,,,,,,,,,,,,,,,OP03-122::manga,0,0,0,0,1,0,missing_printing_market_map
609,OP03-122,Sogeking,SEC,,2024,609,OP03-122_p1,,parallel_1,Parallel 1,official-cardlist,OP03/parallel/OP03-122_p1.png,https://en.onepiece-cardgame.com/images/cardlist/card/OP03-122_p1.png?260305,,,,,,,,,,,,,,,,,,,,,,,,OP03-122_p1,0,0,0,0,1,0,missing_printing_market_map
609,OP03-122,Sogeking,SEC,,2025,609,OP03-122_p2,,parallel_2,Parallel 2,official-cardlist,OP03/parallel/OP03-122_p2.png,https://en.onepiece-cardgame.com/images/cardlist/card/OP03-122_p2.png?260305,,,,,,,,,,,,,,,,,,,,,,,,OP03-122_p2,0,0,0,0,1,0,missing_printing_market_map
609,OP03-122,Sogeking,SEC,,2026,609,OP03-122_r1,,r1,R1,official-cardlist,PRB01/reprint/OP03-122_r1.png,https://en.onepiece-cardgame.com/images/cardlist/card/OP03-122_r1.png?260305,,,,,,,,,,,,,,,,,,,,,,,,OP03-122_r1,0,0,0,0,1,0,missing_printing_market_map
610,OP03-123,Charlotte Katakuri,SEC,,2029,610,OP03-123::alt,,alt,Alt,local-catalog,thumbs/OP03-123 (Alt).webp,,,,,,,,,,,,,,,,,,,,,,,,,OP03-123::alt,0,0,0,0,1,0,missing_printing_market_map
610,OP03-123,Charlotte Katakuri,SEC,,2030,610,OP03-123::cn alt,,alt,Cn Alt,local-catalog,thumbs/OP03-123(CN)alt.webp,,,,,,,,,,,,,,,,,,,,,,,,,OP03-123::cn alt,0,0,0,0,1,0,missing_printing_market_map
610,OP03-123,Charlotte Katakuri,SEC,,2031,610,OP03-123_p1,,parallel_1,Parallel 1,official-cardlist,OP03/parallel/OP03-123_p1.png,https://en.onepiece-cardgame.com/images/cardlist/card/OP03-123_p1.png?260305,,,,,,,,,,,,,,,,,,,,,,,,OP03-123_p1,0,0,0,0,1,0,missing_printing_market_map
610,OP03-123,Charlotte Katakuri,SEC,,2032,610,OP03-123_p2,,parallel_2,Parallel 2,official-cardlist,_unclassified/parallel/OP03-123_p2.png,https://en.onepiece-cardgame.com/images/cardlist/card/OP03-123_p2.png?260305,,,,,,,,,,,,,,,,,,,,,,,,OP03-123_p2,0,0,0,0,1,0,missing_printing_market_map
610,OP03-123,Charlotte Katakuri,SEC,,2033,610,OP03-123_p4,,parallel_4,Parallel 4,official-cardlist,PRB01/parallel/OP03-123_p4.png,https://en.onepiece-cardgame.com/images/cardlist/card/OP03-123_p4.png?260305,,,,,,,,,,,,,,,,,,,,,,,,OP03-123_p4,0,0,0,0,1,0,missing_printing_market_map
610,OP03-123,Charlotte Katakuri,SEC,,2034,610,OP03-123::prb01alt,,alt,Prb01Alt,local-catalog,thumbs/OP03-123(PRB01alt).webp,,,,,,,,,,,,,,,,,,,,,,,,,OP03-123::prb01alt,0,0,0,0,1,0,missing_printing_market_map
610,OP03-123,Charlotte Katakuri,SEC,,2035,610,OP03-123_r1,,r1,R1,official-cardlist,PRB01/reprint/OP03-123_r1.png,https://en.onepiece-cardgame.com/images/cardlist/card/OP03-123_r1.png?260305,,,,,,,,,,,,,,,,,,,,,,,,OP03-123_r1,0,0,0,0,1,0,missing_printing_market_map
611,OP04-001,Nefeltari Vivi,L,,2038,611,OP04-001::alt,,alt,Alt,local-catalog,thumbs/op04-001(alt).webp,,,,,,,,,,,,,,,,,,,,,,,,,OP04-001::alt,0,0,0,0,1,0,missing_printing_market_map
611,OP04-001,Nefeltari Vivi,L,,2039,611,OP04-001_p1,,parallel_1,Parallel 1,official-cardlist,OP04/parallel/OP04-001_p1.png,https://en.onepiece-cardgame.com/images/cardlist/card/OP04-001_p1.png?260305,,,,,,,,,,,,,,,,,,,,,,,,OP04-001_p1,0,0,0,0,1,0,missing_printing_market_map
620,OP04-010,Tony Tony.Chopper,C,,2058,620,OP04-010::alt,,alt,Alt,local-catalog,thumbs/OP04-010alt.webp,,,,,,,,,,,,,,,,,,,,,,,,,OP04-010::alt,0,0,0,0,1,0,missing_printing_market_map
620,OP04-010,Tony Tony.Chopper,C,,2059,620,OP04-010_p1,,parallel_1,Parallel 1,official-cardlist,TP2024OD/parallel/OP04-010_p1.png,https://en.onepiece-cardgame.com/images/cardlist/card/OP04-010_p1.png?260305,,,,,,,,,,,,,,,,,,,,,,,,OP04-010_p1,0,0,0,0,1,0,missing_printing_market_map
620,OP04-010,Tony Tony.Chopper,C,,2060,620,OP04-010_p2,,parallel_2,Parallel 2,official-cardlist,CS2526CP/parallel/OP04-010_p2.png,https://en.onepiece-cardgame.com/images/cardlist/card/OP04-010_p2.png?260305,,,,,,,,,,,,,,,,,,,,,,,,OP04-010_p2,0,0,0,0,1,0,missing_printing_market_map
623,OP04-013,Pell,SR,,2067,623,OP04-013::alt,,alt,Alt,local-catalog,thumbs/OP04-013(alt).webp,,,,,,,,,,,,,,,,,,,,,,,,,OP04-013::alt,0,0,0,0,1,0,missing_printing_market_map
623,OP04-013,Pell,SR,,2068,623,OP04-013_p1,,parallel_1,Parallel 1,official-cardlist,OP04/parallel/OP04-013_p1.png,https://en.onepiece-cardgame.com/images/cardlist/card/OP04-013_p1.png?260305,,,,,,,,,,,,,,,,,,,,,,,,OP04-013_p1,0,0,0,0,1,0,missing_printing_market_map
626,OP04-016,Bad Manners Kick Course,R,,2075,626,OP04-016_p1,,parallel_1,Parallel 1,official-cardlist,PRB02/parallel/OP04-016_p1.png,https://en.onepiece-cardgame.com/images/cardlist/card/OP04-016_p1.png?260305,,,,,,,,,,,,,,,,,,,,,,,,OP04-016_p1,0,0,0,0,1,0,missing_printing_market_map
626,OP04-016,Bad Manners Kick Course,R,,2076,626,OP04-016::prb02,,alt,Prb02,local-catalog,thumbs/OP04-016(PRB02).webp,,,,,,,,,,,,,,,,,,,,,,,,,OP04-016::prb02,0,0,0,0,1,0,missing_printing_market_map
626,OP04-016,Bad Manners Kick Course,R,,2077,626,OP04-016_r1,,r1,R1,official-cardlist,PRB02/reprint/OP04-016_r1.png,https://en.onepiece-cardgame.com/images/cardlist/card/OP04-016_r1.png?260305,,,,,,,,,,,,,,,,,,,,,,,,OP04-016_r1,0,0,0,0,1,0,missing_printing_market_map
629,OP04-019,Donquixote Doflamingo,L,,2084,629,OP04-019::alt,,alt,Alt,local-catalog,thumbs/OP04-019(alt).webp,,,,,,,,,,,,,,,,,,,,,,,,,OP04-019::alt,0,0,0,0,1,0,missing_printing_market_map
629,OP04-019,Donquixote Doflamingo,L,,2085,629,OP04-019_p1,,parallel_1,Parallel 1,official-cardlist,OP04/parallel/OP04-019_p1.png,https://en.onepiece-cardgame.com/images/cardlist/card/OP04-019_p1.png?260305,,,,,,,,,,,,,,,,,,,,,,,,OP04-019_p1,0,0,0,0,1,0,missing_printing_market_map
630,OP04-020,Issho,L,,2088,630,OP04-020::alt,,alt,Alt,local-catalog,thumbs/OP04-020(alt).webp,,,,,,,,,,,,,,,,,,,,,,,,,OP04-020::alt,0,0,0,0,1,0,missing_printing_market_map
630,OP04-020,Issho,L,,2089,630,OP04-020_p1,,parallel_1,Parallel 1,official-cardlist,OP04/parallel/OP04-020_p1.png,https://en.onepiece-cardgame.com/images/cardlist/card/OP04-020_p1.png?260305,,,,,,,,,,,,,,,,,,,,,,,,OP04-020_p1,0,0,0,0,1,0,missing_printing_market_map
634,OP04-024,Sugar,SP CARD,,2098,634,OP04-024::alt,,alt,Alt,local-catalog,thumbs/OP04-024(alt).webp,,,,,,,,,,,,,,,,,,,,,,,,,OP04-024::alt,0,0,0,0,1,0,missing_printing_market_map
634,OP04-024,Sugar,SP CARD,,2099,634,OP04-024::alt sp,,sp,Alt SP,local-catalog,thumbs/OP04-024alt(SP).webp,,,,,,,,,,,,,,,,,,,,,,,,,OP04-024::alt sp,0,0,0,0,1,0,missing_printing_market_map
634,OP04-024,Sugar,SP CARD,,2100,634,OP04-024_p1,,parallel_1,Parallel 1,official-cardlist,OP04/parallel/OP04-024_p1.png,https://en.onepiece-cardgame.com/images/cardlist/card/OP04-024_p1.png?260305,,,,,,,,,,,,,,,,,,,,,,,,OP04-024_p1,0,0,0,0,1,0,missing_printing_market_map
634,OP04-024,Sugar,SP CARD,,2101,634,OP04-024_p2,,parallel_2,Parallel 2,official-cardlist,OP06/parallel/OP04-024_p2.png,https://en.onepiece-cardgame.com/images/cardlist/card/OP04-024_p2.png?260305,,,,,,,,,,,,,,,,,,,,,,,,OP04-024_p2,0,0,0,0,1,0,missing_printing_market_map
638,OP04-028,Diamante,R,,2110,638,OP04-028::alt,,alt,Alt,local-catalog,thumbs/OP04-028(alt).webp,,,,,,,,,,,,,,,,,,,,,,,,,OP04-028::alt,0,0,0,0,1,0,missing_printing_market_map
638,OP04-028,Diamante,R,,2111,638,OP04-028_p1,,parallel_1,Parallel 1,official-cardlist,OP04/parallel/OP04-028_p1.png,https://en.onepiece-cardgame.com/images/cardlist/card/OP04-028_p1.png?260305,,,,,,,,,,,,,,,,,,,,,,,,OP04-028_p1,0,0,0,0,1,0,missing_printing_market_map
639,OP04-029,Dellinger,C,,2114,639,OP04-029_p2,,parallel_2,Parallel 2,official-cardlist,PRB01/parallel/OP04-029_p2.png,https://en.onepiece-cardgame.com/images/cardlist/card/OP04-029_p2.png?260305,,,,,,,,,,,,,,,,,,,,,,,,OP04-029_p2,0,0,0,0,1,0,missing_printing_market_map
639,OP04-029,Dellinger,C,,2115,639,OP04-029_p3,,parallel_3,Parallel 3,official-cardlist,PRB01/parallel/OP04-029_p3.png,https://en.onepiece-cardgame.com/images/cardlist/card/OP04-029_p3.png?260305,,,,,,,,,,,,,,,,,,,,,,,,OP04-029_p3,0,0,0,0,1,0,missing_printing_market_map
639,OP04-029,Dellinger,C,,2116,639,OP04-029::prb01alt,,alt,Prb01Alt,local-catalog,thumbs/OP04-029(PRB01alt).webp,,,,,,,,,,,,,,,,,,,,,,,,,OP04-029::prb01alt,0,0,0,0,1,0,missing_printing_market_map
639,OP04-029,Dellinger,C,,2117,639,OP04-029_r1,,r1,R1,official-cardlist,PRB01/reprint/OP04-029_r1.png,https://en.onepiece-cardgame.com/images/cardlist/card/OP04-029_r1.png?260305,,,,,,,,,,,,,,,,,,,,,,,,OP04-029_r1,0,0,0,0,1,0,missing_printing_market_map
640,OP04-030,Trebol,R,,2120,640,OP04-030::alt,,alt,Alt,local-catalog,thumbs/OP04-030(alt).webp,,,,,,,,,,,,,,,,,,,,,,,,,OP04-030::alt,0,0,0,0,1,0,missing_printing_market_map
640,OP04-030,Trebol,R,,2121,640,OP04-030_p1,,parallel_1,Parallel 1,official-cardlist,OP04/parallel/OP04-030_p1.png,https://en.onepiece-cardgame.com/images/cardlist/card/OP04-030_p1.png?260305,,,,,,,,,,,,,,,,,,,,,,,,OP04-030_p1,0,0,0,0,1,0,missing_printing_market_map
641,OP04-031,Donquixote Doflamingo,SR,,2124,641,OP04-031::alt,,alt,Alt,local-catalog,thumbs/OP04-031(alt).webp,,,,,,,,,,,,,,,,,,,,,,,,,OP04-031::alt,0,0,0,0,1,0,missing_printing_market_map
641,OP04-031,Donquixote Doflamingo,SR,,2125,641,OP04-031_p1,,parallel_1,Parallel 1,official-cardlist,OP04/parallel/OP04-031_p1.png,https://en.onepiece-cardgame.com/images/cardlist/card/OP04-031_p1.png?260305,,,,,,,,,,,,,,,,,,,,,,,,OP04-031_p1,0,0,0,0,1,0,missing_printing_market_map
641,OP04-031,Donquixote Doflamingo,SR,,2126,641,OP04-031_p3,,parallel_3,Parallel 3,official-cardlist,PRB01/parallel/OP04-031_p3.png,https://en.onepiece-cardgame.com/images/cardlist/card/OP04-031_p3.png?260305,,,,,,,,,,,,,,,,,,,,,,,,OP04-031_p3,0,0,0,0,1,0,missing_printing_market_map
641,OP04-031,Donquixote Doflamingo,SR,,2127,641,OP04-031::prb01alt,,alt,Prb01Alt,local-catalog,thumbs/OP04-031(PRB01alt).webp,,,,,,,,,,,,,,,,,,,,,,,,,OP04-031::prb01alt,0,0,0,0,1,0,missing_printing_market_map
641,OP04-031,Donquixote Doflamingo,SR,,2128,641,OP04-031_r1,,r1,R1,official-cardlist,PRB01/reprint/OP04-031_r1.png,https://en.onepiece-cardgame.com/images/cardlist/card/OP04-031_r1.png?260305,,,,,,,,,,,,,,,,,,,,,,,,OP04-031_r1,0,0,0,0,1,0,missing_printing_market_map
642,OP04-032,Baby 5,UC,,2131,642,OP04-032::alt,,alt,Alt,local-catalog,thumbs/OP04-032(alt).webp,,,,,,,,,,,,,,,,,,,,,,,,,OP04-032::alt,0,0,0,0,1,0,missing_printing_market_map
642,OP04-032,Baby 5,UC,,2132,642,OP04-032_p2,,parallel_2,Parallel 2,official-cardlist,PRB01/parallel/OP04-032_p2.png,https://en.onepiece-cardgame.com/images/cardlist/card/OP04-032_p2.png?260305,,,,,,,,,,,,,,,,,,,,,,,,OP04-032_p2,0,0,0,0,1,0,missing_printing_market_map
642,OP04-032,Baby 5,UC,,2133,642,OP04-032_p3,,parallel_3,Parallel 3,official-cardlist,PRB01/parallel/OP04-032_p3.png,https://en.onepiece-cardgame.com/images/cardlist/card/OP04-032_p3.png?260305,,,,,,,,,,,,,,,,,,,,,,,,OP04-032_p3,0,0,0,0,1,0,missing_printing_market_map
642,OP04-032,Baby 5,UC,,2134,642,OP04-032_p4,,parallel_4,Parallel 4,official-cardlist,BCV3/parallel/OP04-032_p4.png,https://en.onepiece-cardgame.com/images/cardlist/card/OP04-032_p4.png?260305,,,,,,,,,,,,,,,,,,,,,,,,OP04-032_p4,0,0,0,0,1,0,missing_printing_market_map
642,OP04-032,Baby 5,UC,,2135,642,OP04-032::prb01alt,,alt,Prb01Alt,local-catalog,thumbs/OP04-032(PRB01alt).webp,,,,,,,,,,,,,,,,,,,,,,,,,OP04-032::prb01alt,0,0,0,0,1,0,missing_printing_market_map
642,OP04-032,Baby 5,UC,,2136,642,OP04-032_r1,,r1,R1,official-cardlist,PRB01/reprint/OP04-032_r1.png,https://en.onepiece-cardgame.com/images/cardlist/card/OP04-032_r1.png?260305,,,,,,,,,,,,,,,,,,,,,,,,OP04-032_r1,0,0,0,0,1,0,missing_printing_market_map
646,OP04-036,Donquixote Family,C,,2145,646,OP04-036_p2,,parallel_2,Parallel 2,official-cardlist,PRB01/parallel/OP04-036_p2.png,https://en.onepiece-cardgame.com/images/cardlist/card/OP04-036_p2.png?260305,,,,,,,,,,,,,,,,,,,,,,,,OP04-036_p2,0,0,0,0,1,0,missing_printing_market_map
646,OP04-036,Donquixote Family,C,,2146,646,OP04-036_p3,,parallel_3,Parallel 3,official-cardlist,PRB01/parallel/OP04-036_p3.png,https://en.onepiece-cardgame.com/images/cardlist/card/OP04-036_p3.png?260305,,,,,,,,,,,,,,,,,,,,,,,,OP04-036_p3,0,0,0,0,1,0,missing_printing_market_map
646,OP04-036,Donquixote Family,C,,2147,646,OP04-036_r1,,r1,R1,official-cardlist,PRB01/reprint/OP04-036_r1.png,https://en.onepiece-cardgame.com/images/cardlist/card/OP04-036_r1.png?260305,,,,,,,,,,,,,,,,,,,,,,,,OP04-036_r1,0,0,0,0,1,0,missing_printing_market_map
649,OP04-039,Rebecca,L,,2154,649,OP04-039::alt,,alt,Alt,local-catalog,thumbs/OP04-039(alt).webp,,,,,,,,,,,,,,,,,,,,,,,,,OP04-039::alt,0,0,0,0,1,0,missing_printing_market_map
649,OP04-039,Rebecca,L,,2155,649,OP04-039_p1,,parallel_1,Parallel 1,official-cardlist,OP04/parallel/OP04-039_p1.png,https://en.onepiece-cardgame.com/images/cardlist/card/OP04-039_p1.png?260305,,,,,,,,,,,,,,,,,,,,,,,,OP04-039_p1,0,0,0,0,1,0,missing_printing_market_map
650,OP04-040,Queen,L,,2158,650,OP04-040::alt,,alt,Alt,local-catalog,thumbs/OP04-040(alt).webp,,,,,,,,,,,,,,,,,,,,,,,,,OP04-040::alt,0,0,0,0,1,0,missing_printing_market_map
650,OP04-040,Queen,L,,2159,650,OP04-040_p1,,parallel_1,Parallel 1,official-cardlist,OP04/parallel/OP04-040_p1.png,https://en.onepiece-cardgame.com/images/cardlist/card/OP04-040_p1.png?260305,,,,,,,,,,,,,,,,,,,,,,,,OP04-040_p1,0,0,0,0,1,0,missing_printing_market_map
654,OP04-044,Kaido,SR,,2168,654,OP04-044::alt,,alt,Alt,local-catalog,thumbs/OP04-044(alt).webp,,,,,,,,,,,,,,,,,,,,,,,,,OP04-044::alt,0,0,0,0,1,0,missing_printing_market_map
654,OP04-044,Kaido,SR,,2169,654,OP04-044::alt art 2,,alt,Alt Art 2,local-catalog,thumbs/OP04-044alt2.webp,,,,,,,,,,,,,,,,,,,,,,,,,OP04-044::alt art 2,0,0,0,0,1,0,missing_printing_market_map
654,OP04-044,Kaido,SR,,2170,654,OP04-044::alt art 3,,alt,Alt Art 3,local-catalog,thumbs/OP04-044alt3.webp,,,,,,,,,,,,,,,,,,,,,,,,,OP04-044::alt art 3,0,0,0,0,1,0,missing_printing_market_map
654,OP04-044,Kaido,SR,,2171,654,OP04-044_p1,,parallel_1,Parallel 1,official-cardlist,OP04/parallel/OP04-044_p1.png,https://en.onepiece-cardgame.com/images/cardlist/card/OP04-044_p1.png?260305,,,,,,,,,,,,,,,,,,,,,,,,OP04-044_p1,0,0,0,0,1,0,missing_printing_market_map
654,OP04-044,Kaido,SR,,2172,654,OP04-044_p2,,parallel_2,Parallel 2,official-cardlist,OP05/parallel/OP04-044_p2.png,https://en.onepiece-cardgame.com/images/cardlist/card/OP04-044_p2.png?260305,,,,,,,,,,,,,,,,,,,,,,,,OP04-044_p2,0,0,0,0,1,0,missing_printing_market_map
654,OP04-044,Kaido,SR,,2173,654,OP04-044_p4,,parallel_4,Parallel 4,official-cardlist,PRB01/parallel/OP04-044_p4.png,https://en.onepiece-cardgame.com/images/cardlist/card/OP04-044_p4.png?260305,,,,,,,,,,,,,,,,,,,,,,,,OP04-044_p4,0,0,0,0,1,0,missing_printing_market_map
654,OP04-044,Kaido,SR,,2174,654,OP04-044::prb01alt,,alt,Prb01Alt,local-catalog,thumbs/OP04-044(PRB01alt).webp,,,,,,,,,,,,,,,,,,,,,,,,,OP04-044::prb01alt,0,0,0,0,1,0,missing_printing_market_map
654,OP04-044,Kaido,SR,,2175,654,OP04-044_r1,,r1,R1,official-cardlist,PRB01/reprint/OP04-044_r1.png,https://en.onepiece-cardgame.com/images/cardlist/card/OP04-044_r1.png?260305,,,,,,,,,,,,,,,,,,,,,,,,OP04-044_r1,0,0,0,0,1,0,missing_printing_market_map
661,OP04-051,Who's.Who,R,,2190,661,OP04-051::alt,,alt,Alt,local-catalog,thumbs/OP04-051(alt).webp,,,,,,,,,,,,,,,,,,,,,,,,,OP04-051::alt,0,0,0,0,1,0,missing_printing_market_map
661,OP04-051,Who's.Who,R,,2191,661,OP04-051_p1,,parallel_1,Parallel 1,official-cardlist,OP04/parallel/OP04-051_p1.png,https://en.onepiece-cardgame.com/images/cardlist/card/OP04-051_p1.png?260305,,,,,,,,,,,,,,,,,,,,,,,,OP04-051_p1,0,0,0,0,1,0,missing_printing_market_map
666,OP04-056,Gum-Gum Red Roc,R,,2202,666,OP04-056_p2,,parallel_2,Parallel 2,official-cardlist,PRB01/parallel/OP04-056_p2.png,https://en.onepiece-cardgame.com/images/cardlist/card/OP04-056_p2.png?260305,,,,,,,,,,,,,,,,,,,,,,,,OP04-056_p2,0,0,0,0,1,0,missing_printing_market_map
666,OP04-056,Gum-Gum Red Roc,R,,2203,666,OP04-056_p3,,parallel_3,Parallel 3,official-cardlist,PRB01/parallel/OP04-056_p3.png,https://en.onepiece-cardgame.com/images/cardlist/card/OP04-056_p3.png?260305,,,,,,,,,,,,,,,,,,,,,,,,OP04-056_p3,0,0,0,0,1,0,missing_printing_market_map
666,OP04-056,Gum-Gum Red Roc,R,,2204,666,OP04-056_p4,,parallel_4,Parallel 4,official-cardlist,PRB01/parallel/OP04-056_p4.png,https://en.onepiece-cardgame.com/images/cardlist/card/OP04-056_p4.png?260305,,,,,,,,,,,,,,,,,,,,,,,,OP04-056_p4,0,0,0,0,1,0,missing_printing_market_map
666,OP04-056,Gum-Gum Red Roc,R,,2205,666,OP04-056::prb01alt,,alt,Prb01Alt,local-catalog,thumbs/OP04-056(PRB01alt).webp,,,,,,,,,,,,,,,,,,,,,,,,,OP04-056::prb01alt,0,0,0,0,1,0,missing_printing_market_map
666,OP04-056,Gum-Gum Red Roc,R,,2206,666,OP04-056_r1,,r1,R1,official-cardlist,PRB01/reprint/OP04-056_r1.png,https://en.onepiece-cardgame.com/images/cardlist/card/OP04-056_r1.png?260305,,,,,,,,,,,,,,,,,,,,,,,,OP04-056_r1,0,0,0,0,1,0,missing_printing_market_map
668,OP04-058,Crocodile,L,,2211,668,OP04-058::alt,,alt,Alt,local-catalog,thumbs/OP04-058(alt).webp,,,,,,,,,,,,,,,,,,,,,,,,,OP04-058::alt,0,0,0,0,1,0,missing_printing_market_map
668,OP04-058,Crocodile,L,,2212,668,OP04-058_p1,,parallel_1,Parallel 1,official-cardlist,OP04/parallel/OP04-058_p1.png,https://en.onepiece-cardgame.com/images/cardlist/card/OP04-058_p1.png?260305,,,,,,,,,,,,,,,,,,,,,,,,OP04-058_p1,0,0,0,0,1,0,missing_printing_market_map
670,OP04-060,Crocodile,SR,,2217,670,OP04-060::alt,,alt,Alt,local-catalog,thumbs/OP04-060(alt).webp,,,,,,,,,,,,,,,,,,,,,,,,,OP04-060::alt,0,0,0,0,1,0,missing_printing_market_map
670,OP04-060,Crocodile,SR,,2218,670,OP04-060_p1,,parallel_1,Parallel 1,official-cardlist,OP04/parallel/OP04-060_p1.png,https://en.onepiece-cardgame.com/images/cardlist/card/OP04-060_p1.png?260305,,,,,,,,,,,,,,,,,,,,,,,,OP04-060_p1,0,0,0,0,1,0,missing_printing_market_map
674,OP04-064,Ms. All Sunday,SP CARD,,2227,674,OP04-064::alt,,alt,Alt,local-catalog,thumbs/OP04-064(alt).webp,,,,,,,,,,,,,,,,,,,,,,,,,OP04-064::alt,0,0,0,0,1,0,missing_printing_market_map
674,OP04-064,Ms. All Sunday,SP CARD,,2228,674,OP04-064::alt sp,,sp,Alt SP,local-catalog,thumbs/OP04-064alt(SP).webp,,,,,,,,,,,,,,,,,,,,,,,,,OP04-064::alt sp,0,0,0,0,1,0,missing_printing_market_map
674,OP04-064,Ms. All Sunday,SP CARD,,2229,674,OP04-064_p1,,parallel_1,Parallel 1,official-cardlist,OP04/parallel/OP04-064_p1.png,https://en.onepiece-cardgame.com/images/cardlist/card/OP04-064_p1.png?260305,,,,,,,,,,,,,,,,,,,,,,,,OP04-064_p1,0,0,0,0,1,0,missing_printing_market_map
674,OP04-064,Ms. All Sunday,SP CARD,,2230,674,OP04-064_p2,,parallel_2,Parallel 2,official-cardlist,OP06/parallel/OP04-064_p2.png,https://en.onepiece-cardgame.com/images/cardlist/card/OP04-064_p2.png?260305,,,,,,,,,,,,,,,,,,,,,,,,OP04-064_p2,0,0,0,0,1,0,missing_printing_market_map
682,OP04-072,Mr.5(Gem),R,,2247,682,OP04-072::alts,,alt,Alts,local-catalog,thumbs/OP04-072(alts).webp,,,,,,,,,,,,,,,,,,,,,,,,,OP04-072::alts,0,0,0,0,1,0,missing_printing_market_map
682,OP04-072,Mr.5(Gem),R,,2248,682,OP04-072_p1,,parallel_1,Parallel 1,official-cardlist,OP04/parallel/OP04-072_p1.png,https://en.onepiece-cardgame.com/images/cardlist/card/OP04-072_p1.png?260305,,,,,,,,,,,,,,,,,,,,,,,,OP04-072_p1,0,0,0,0,1,0,missing_printing_market_map
687,OP04-077,Ideo,C,,2259,687,OP04-077_p1,,parallel_1,Parallel 1,official-cardlist,PRB02/parallel/OP04-077_p1.png,https://en.onepiece-cardgame.com/images/cardlist/card/OP04-077_p1.png?260305,,,,,,,,,,,,,,,,,,,,,,,,OP04-077_p1,0,0,0,0,1,0,missing_printing_market_map
687,OP04-077,Ideo,C,,2260,687,OP04-077_r1,,r1,R1,official-cardlist,PRB02/reprint/OP04-077_r1.png,https://en.onepiece-cardgame.com/images/cardlist/card/OP04-077_r1.png?260305,,,,,,,,,,,,,,,,,,,,,,,,OP04-077_r1,0,0,0,0,1,0,missing_printing_market_map
692,OP04-082,Kyros,R,,2271,692,OP04-082::alt,,alt,Alt,local-catalog,thumbs/OP04-082(alt).webp,,,,,,,,,,,,,,,,,,,,,,,,,OP04-082::alt,0,0,0,0,1,0,missing_printing_market_map
692,OP04-082,Kyros,R,,2272,692,OP04-082_p1,,parallel_1,Parallel 1,official-cardlist,OP04/parallel/OP04-082_p1.png,https://en.onepiece-cardgame.com/images/cardlist/card/OP04-082_p1.png?260305,,,,,,,,,,,,,,,,,,,,,,,,OP04-082_p1,0,0,0,0,1,0,missing_printing_market_map
693,OP04-083,Sabo,SR,,2275,693,OP04-083::2nd anniversary alt,,promo,2Nd Anniversary Alt,local-catalog,thumbs/OP04-083(2nd Anniversary alt).webp,,,,,,,,,,,,,,,,,,,,,,,,,OP04-083::2nd anniversary alt,0,0,0,0,1,0,missing_printing_market_map
693,OP04-083,Sabo,SR,,2276,693,OP04-083::alt,,alt,Alt,local-catalog,thumbs/OP04-083(alt).webp,,,,,,,,,,,,,,,,,,,,,,,,,OP04-083::alt,0,0,0,0,1,0,missing_printing_market_map
693,OP04-083,Sabo,SR,,2277,693,OP04-083::alt art 2,,alt,Alt Art 2,local-catalog,thumbs/OP04-083(alt2).webp,,,,,,,,,,,,,,,,,,,,,,,,,OP04-083::alt art 2,0,0,0,0,1,0,missing_printing_market_map
693,OP04-083,Sabo,SR,,2278,693,OP04-083::manga,,mr,Manga,local-catalog,thumbs/OP04-083 Manga Rare.webp,,,,,,,,,,,,,,,,,,,,,,,,,OP04-083::manga,0,0,0,0,1,0,missing_printing_market_map
693,OP04-083,Sabo,SR,,2279,693,OP04-083_p1,,parallel_1,Parallel 1,official-cardlist,OP04/parallel/OP04-083_p1.png,https://en.onepiece-cardgame.com/images/cardlist/card/OP04-083_p1.png?260305,,,,,,,,,,,,,,,,,,,,,,,,OP04-083_p1,0,0,0,0,1,0,missing_printing_market_map
693,OP04-083,Sabo,SR,,2280,693,OP04-083_p2,,parallel_2,Parallel 2,official-cardlist,OP04/parallel/OP04-083_p2.png,https://en.onepiece-cardgame.com/images/cardlist/card/OP04-083_p2.png?260305,,,,,,,,,,,,,,,,,,,,,,,,OP04-083_p2,0,0,0,0,1,0,missing_printing_market_map
693,OP04-083,Sabo,SR,,2281,693,OP04-083_p3,,parallel_3,Parallel 3,official-cardlist,_unclassified/parallel/OP04-083_p3.png,https://en.onepiece-cardgame.com/images/cardlist/card/OP04-083_p3.png?260305,,,,,,,,,,,,,,,,,,,,,,,,OP04-083_p3,0,0,0,0,1,0,missing_printing_market_map
693,OP04-083,Sabo,SR,,2282,693,OP04-083_p5,,parallel_5,Parallel 5,official-cardlist,ANN2JP/parallel/OP04-083_p5.png,https://en.onepiece-cardgame.com/images/cardlist/card/OP04-083_p5.png?260305,,,,,,,,,,,,,,,,,,,,,,,,OP04-083_p5,0,0,0,0,1,0,missing_printing_market_map
693,OP04-083,Sabo,SR,,2283,693,OP04-083_r1,,r1,R1,official-cardlist,PRB01/reprint/OP04-083_r1.png,https://en.onepiece-cardgame.com/images/cardlist/card/OP04-083_r1.png?260305,,,,,,,,,,,,,,,,,,,,,,,,OP04-083_r1,0,0,0,0,1,0,missing_printing_market_map
693,OP04-083,Sabo,SR,,2284,693,OP04-083_r2,,r2,R2,official-cardlist,PRB02/reprint/OP04-083_r2.png,https://en.onepiece-cardgame.com/images/cardlist/card/OP04-083_r2.png?260305,,,,,,,,,,,,,,,,,,,,,,,,OP04-083_r2,0,0,0,0,1,0,missing_printing_market_map
699,OP04-089,Bartolomeo,R,,2297,699,OP04-089_p2,,parallel_2,Parallel 2,official-cardlist,PRB01/parallel/OP04-089_p2.png,https://en.onepiece-cardgame.com/images/cardlist/card/OP04-089_p2.png?260305,,,,,,,,,,,,,,,,,,,,,,,,OP04-089_p2,0,0,0,0,1,0,missing_printing_market_map
699,OP04-089,Bartolomeo,R,,2298,699,OP04-089_p3,,parallel_3,Parallel 3,official-cardlist,PRB01/parallel/OP04-089_p3.png,https://en.onepiece-cardgame.com/images/cardlist/card/OP04-089_p3.png?260305,,,,,,,,,,,,,,,,,,,,,,,,OP04-089_p3,0,0,0,0,1,0,missing_printing_market_map
699,OP04-089,Bartolomeo,R,,2299,699,OP04-089_p4,,parallel_4,Parallel 4,official-cardlist,PRB01/parallel/OP04-089_p4.png,https://en.onepiece-cardgame.com/images/cardlist/card/OP04-089_p4.png?260305,,,,,,,,,,,,,,,,,,,,,,,,OP04-089_p4,0,0,0,0,1,0,missing_printing_market_map
699,OP04-089,Bartolomeo,R,,2300,699,OP04-089::prb01alt,,alt,Prb01Alt,local-catalog,thumbs/OP04-089(PRB01alt).webp,,,,,,,,,,,,,,,,,,,,,,,,,OP04-089::prb01alt,0,0,0,0,1,0,missing_printing_market_map
699,OP04-089,Bartolomeo,R,,2301,699,OP04-089::prb01alt 1,,alt,Prb01Alt 1,local-catalog,thumbs/OP04-089(PRB01alt) (1).webp,,,,,,,,,,,,,,,,,,,,,,,,,OP04-089::prb01alt 1,0,0,0,0,1,0,missing_printing_market_map
699,OP04-089,Bartolomeo,R,,2302,699,OP04-089_r1,,r1,R1,official-cardlist,PRB01/reprint/OP04-089_r1.png,https://en.onepiece-cardgame.com/images/cardlist/card/OP04-089_r1.png?260305,,,,,,,,,,,,,,,,,,,,,,,,OP04-089_r1,0,0,0,0,1,0,missing_printing_market_map
699,OP04-089,Bartolomeo,R,,2303,699,OP04-089::t r op09,,tr,T R Op09,local-catalog,thumbs/OP04-089TR(OP09).webp,,,,,,,,,,,,,,,,,,,,,,,,,OP04-089::t r op09,0,0,0,0,1,0,missing_printing_market_map
700,OP04-090,Monkey.D.Luffy,SR,,2306,700,OP04-090::alt,,alt,Alt,local-catalog,thumbs/OP04-090(alt).webp,,,,,,,,,,,,,,,,,,,,,,,,,OP04-090::alt,0,0,0,0,1,0,missing_printing_market_map
700,OP04-090,Monkey.D.Luffy,SR,,2307,700,OP04-090_p1,,parallel_1,Parallel 1,official-cardlist,OP04/parallel/OP04-090_p1.png,https://en.onepiece-cardgame.com/images/cardlist/card/OP04-090_p1.png?260305,,,,,,,,,,,,,,,,,,,,,,,,OP04-090_p1,0,0,0,0,1,0,missing_printing_market_map
702,OP04-092,Rebecca,R,,2312,702,OP04-092::alt art 2,,alt,Alt Art 2,local-catalog,thumbs/OP04-092alt2.webp,,,,,,,,,,,,,,,,,,,,,,,,,OP04-092::alt art 2,0,0,0,0,1,0,missing_printing_market_map
702,OP04-092,Rebecca,R,,2313,702,OP04-092_p1,,parallel_1,Parallel 1,official-cardlist,TK2025V2/parallel/OP04-092_p1.png,https://en.onepiece-cardgame.com/images/cardlist/card/OP04-092_p1.png?260305,,,,,,,,,,,,,,,,,,,,,,,,OP04-092_p1,0,0,0,0,1,0,missing_printing_market_map
702,OP04-092,Rebecca,R,,2314,702,OP04-092_p2,,parallel_2,Parallel 2,official-cardlist,_unclassified/parallel/OP04-092_p2.png,https://en.onepiece-cardgame.com/images/cardlist/card/OP04-092_p2.png?260305,,,,,,,,,,,,,,,,,,,,,,,,OP04-092_p2,0,0,0,0,1,0,missing_printing_market_map
702,OP04-092,Rebecca,R,,2315,702,OP04-092_p3,,parallel_3,Parallel 3,official-cardlist,CS2526CP/parallel/OP04-092_p3.png,https://en.onepiece-cardgame.com/images/cardlist/card/OP04-092_p3.png?260305,,,,,,,,,,,,,,,,,,,,,,,,OP04-092_p3,0,0,0,0,1,0,missing_printing_market_map
702,OP04-092,Rebecca,R,,2316,702,OP04-092::t r,,tr,T R,local-catalog,thumbs/OP04-092TR.webp,,,,,,,,,,,,,,,,,,,,,,,,,OP04-092::t r,0,0,0,0,1,0,missing_printing_market_map
705,OP04-095,Barrier!!,C,,2323,705,OP04-095::alt,,alt,Alt,local-catalog,thumbs/OP04-095alt.webp,,,,,,,,,,,,,,,,,,,,,,,,,OP04-095::alt,0,0,0,0,1,0,missing_printing_market_map
705,OP04-095,Barrier!!,C,,2324,705,OP04-095_p2,,parallel_2,Parallel 2,official-cardlist,PRB01/parallel/OP04-095_p2.png,https://en.onepiece-cardgame.com/images/cardlist/card/OP04-095_p2.png?260305,,,,,,,,,,,,,,,,,,,,,,,,OP04-095_p2,0,0,0,0,1,0,missing_printing_market_map
705,OP04-095,Barrier!!,C,,2325,705,OP04-095_p3,,parallel_3,Parallel 3,official-cardlist,PRB01/parallel/OP04-095_p3.png,https://en.onepiece-cardgame.com/images/cardlist/card/OP04-095_p3.png?260305,,,,,,,,,,,,,,,,,,,,,,,,OP04-095_p3,0,0,0,0,1,0,missing_printing_market_map
705,OP04-095,Barrier!!,C,,2326,705,OP04-095_r1,,r1,R1,official-cardlist,PRB01/reprint/OP04-095_r1.png,https://en.onepiece-cardgame.com/images/cardlist/card/OP04-095_r1.png?260305,,,,,,,,,,,,,,,,,,,,,,,,OP04-095_r1,0,0,0,0,1,0,missing_printing_market_map
706,OP04-096,Corrida Coliseum,C,,2329,706,OP04-096_p1,,parallel_1,Parallel 1,official-cardlist,PRB02/parallel/OP04-096_p1.png,https://en.onepiece-cardgame.com/images/cardlist/card/OP04-096_p1.png?260305,,,,,,,,,,,,,,,,,,,,,,,,OP04-096_p1,0,0,0,0,1,0,missing_printing_market_map
706,OP04-096,Corrida Coliseum,C,,2330,706,OP04-096_r1,,r1,R1,official-cardlist,PRB02/reprint/OP04-096_r1.png,https://en.onepiece-cardgame.com/images/cardlist/card/OP04-096_r1.png?260305,,,,,,,,,,,,,,,,,,,,,,,,OP04-096_r1,0,0,0,0,1,0,missing_printing_market_map
710,OP04-100,"Capone""Gang""Bege",R,,2339,710,OP04-100::alt,,alt,Alt,local-catalog,thumbs/OP04-100(alt).webp,,,,,,,,,,,,,,,,,,,,,,,,,OP04-100::alt,0,0,0,0,1,0,missing_printing_market_map
710,OP04-100,"Capone""Gang""Bege",R,,2340,710,OP04-100::alt art 2,,alt,Alt Art 2,local-catalog,thumbs/OP04-100alt2.webp,,,,,,,,,,,,,,,,,,,,,,,,,OP04-100::alt art 2,0,0,0,0,1,0,missing_printing_market_map
710,OP04-100,"Capone""Gang""Bege",R,,2341,710,OP04-100_p1,,parallel_1,Parallel 1,official-cardlist,OP04/parallel/OP04-100_p1.png,https://en.onepiece-cardgame.com/images/cardlist/card/OP04-100_p1.png?260305,,,,,,,,,,,,,,,,,,,,,,,,OP04-100_p1,0,0,0,0,1,0,missing_printing_market_map
710,OP04-100,"Capone""Gang""Bege",R,,2342,710,OP04-100_p3,,parallel_3,Parallel 3,official-cardlist,PRB01/parallel/OP04-100_p3.png,https://en.onepiece-cardgame.com/images/cardlist/card/OP04-100_p3.png?260305,,,,,,,,,,,,,,,,,,,,,,,,OP04-100_p3,0,0,0,0,1,0,missing_printing_market_map
710,OP04-100,"Capone""Gang""Bege",R,,2343,710,OP04-100_p4,,parallel_4,Parallel 4,official-cardlist,PRB01/parallel/OP04-100_p4.png,https://en.onepiece-cardgame.com/images/cardlist/card/OP04-100_p4.png?260305,,,,,,,,,,,,,,,,,,,,,,,,OP04-100_p4,0,0,0,0,1,0,missing_printing_market_map
710,OP04-100,"Capone""Gang""Bege",R,,2344,710,OP04-100_p5,,parallel_5,Parallel 5,official-cardlist,PRB01/parallel/OP04-100_p5.png,https://en.onepiece-cardgame.com/images/cardlist/card/OP04-100_p5.png?260305,,,,,,,,,,,,,,,,,,,,,,,,OP04-100_p5,0,0,0,0,1,0,missing_printing_market_map
710,OP04-100,"Capone""Gang""Bege",R,,2345,710,OP04-100::prb01alt,,alt,Prb01Alt,local-catalog,thumbs/OP04-100(PRB01alt).webp,,,,,,,,,,,,,,,,,,,,,,,,,OP04-100::prb01alt,0,0,0,0,1,0,missing_printing_market_map
710,OP04-100,"Capone""Gang""Bege",R,,2346,710,OP04-100_r1,,r1,R1,official-cardlist,PRB01/reprint/OP04-100_r1.png,https://en.onepiece-cardgame.com/images/cardlist/card/OP04-100_r1.png?260305,,,,,,,,,,,,,,,,,,,,,,,,OP04-100_r1,0,0,0,0,1,0,missing_printing_market_map
714,OP04-104,Sanji,SR,,2355,714,OP04-104::alt,,alt,Alt,local-catalog,thumbs/OP04-104(alt).webp,,,,,,,,,,,,,,,,,,,,,,,,,OP04-104::alt,0,0,0,0,1,0,missing_printing_market_map
714,OP04-104,Sanji,SR,,2356,714,OP04-104_p1,,parallel_1,Parallel 1,official-cardlist,OP04/parallel/OP04-104_p1.png,https://en.onepiece-cardgame.com/images/cardlist/card/OP04-104_p1.png?260305,,,,,,,,,,,,,,,,,,,,,,,,OP04-104_p1,0,0,0,0,1,0,missing_printing_market_map
714,OP04-104,Sanji,SR,,2357,714,OP04-104_p3,,parallel_3,Parallel 3,official-cardlist,PRB01/parallel/OP04-104_p3.png,https://en.onepiece-cardgame.com/images/cardlist/card/OP04-104_p3.png?260305,,,,,,,,,,,,,,,,,,,,,,,,OP04-104_p3,0,0,0,0,1,0,missing_printing_market_map
714,OP04-104,Sanji,SR,,2358,714,OP04-104::prb01alt,,alt,Prb01Alt,local-catalog,thumbs/OP04-104(PRB01alt).webp,,,,,,,,,,,,,,,,,,,,,,,,,OP04-104::prb01alt,0,0,0,0,1,0,missing_printing_market_map
714,OP04-104,Sanji,SR,,2359,714,OP04-104_r1,,r1,R1,official-cardlist,PRB01/reprint/OP04-104_r1.png,https://en.onepiece-cardgame.com/images/cardlist/card/OP04-104_r1.png?260305,,,,,,,,,,,,,,,,,,,,,,,,OP04-104_r1,0,0,0,0,1,0,missing_printing_market_map
715,OP04-105,Charlotte Amande,R,,2362,715,OP04-105::alt,,alt,Alt,local-catalog,thumbs/OP04-105alt.webp,,,,,,,,,,,,,,,,,,,,,,,,,OP04-105::alt,0,0,0,0,1,0,missing_printing_market_map
715,OP04-105,Charlotte Amande,R,,2363,715,OP04-105_p1,,parallel_1,Parallel 1,official-cardlist,BCV1/parallel/OP04-105_p1.png,https://en.onepiece-cardgame.com/images/cardlist/card/OP04-105_p1.png?260305,,,,,,,,,,,,,,,,,,,,,,,,OP04-105_p1,0,0,0,0,1,0,missing_printing_market_map
722,OP04-112,Yamato,SR,,2378,722,OP04-112::alt,,alt,Alt,local-catalog,thumbs/OP04-112(alt).webp,,,,,,,,,,,,,,,,,,,,,,,,,OP04-112::alt,0,0,0,0,1,0,missing_printing_market_map
722,OP04-112,Yamato,SR,,2379,722,OP04-112::alt art 2,,alt,Alt Art 2,local-catalog,thumbs/OP04-112alt2.webp,,,,,,,,,,,,,,,,,,,,,,,,,OP04-112::alt art 2,0,0,0,0,1,0,missing_printing_market_map
722,OP04-112,Yamato,SR,,2380,722,OP04-112_p1,,parallel_1,Parallel 1,official-cardlist,OP04/parallel/OP04-112_p1.png,https://en.onepiece-cardgame.com/images/cardlist/card/OP04-112_p1.png?260305,,,,,,,,,,,,,,,,,,,,,,,,OP04-112_p1,0,0,0,0,1,0,missing_printing_market_map
722,OP04-112,Yamato,SR,,2381,722,OP04-112_p3,,parallel_3,Parallel 3,official-cardlist,PRB01/parallel/OP04-112_p3.png,https://en.onepiece-cardgame.com/images/cardlist/card/OP04-112_p3.png?260305,,,,,,,,,,,,,,,,,,,,,,,,OP04-112_p3,0,0,0,0,1,0,missing_printing_market_map
722,OP04-112,Yamato,SR,,2382,722,OP04-112::prb01alt,,alt,Prb01Alt,local-catalog,thumbs/OP04-112(PRB01alt).webp,,,,,,,,,,,,,,,,,,,,,,,,,OP04-112::prb01alt,0,0,0,0,1,0,missing_printing_market_map
722,OP04-112,Yamato,SR,,2383,722,OP04-112_r1,,r1,R1,official-cardlist,PRB01/reprint/OP04-112_r1.png,https://en.onepiece-cardgame.com/images/cardlist/card/OP04-112_r1.png?260305,,,,,,,,,,,,,,,,,,,,,,,,OP04-112_r1,0,0,0,0,1,0,missing_printing_market_map
728,OP04-118,Nefeltari Vivi,SEC,,2396,728,OP04-118::alt,,alt,Alt,local-catalog,thumbs/OP04-118(alt).webp,,,,,,,,,,,,,,,,,,,,,,,,,OP04-118::alt,0,0,0,0,1,0,missing_printing_market_map
728,OP04-118,Nefeltari Vivi,SEC,,2397,728,OP04-118_p1,,parallel_1,Parallel 1,official-cardlist,OP04/parallel/OP04-118_p1.png,https://en.onepiece-cardgame.com/images/cardlist/card/OP04-118_p1.png?260305,,,,,,,,,,,,,,,,,,,,,,,,OP04-118_p1,0,0,0,0,1,0,missing_printing_market_map
729,OP04-119,Donquixote Rosinante,SP CARD,,2400,729,OP04-119::alt,,alt,Alt,local-catalog,thumbs/OP04-119(alt).webp,,,,,,,,,,,,,,,,,,,,,,,,,OP04-119::alt,0,0,0,0,1,0,missing_printing_market_map
729,OP04-119,Donquixote Rosinante,SP CARD,,2401,729,OP04-119_p1,,parallel_1,Parallel 1,official-cardlist,OP04/parallel/OP04-119_p1.png,https://en.onepiece-cardgame.com/images/cardlist/card/OP04-119_p1.png?260305,,,,,,,,,,,,,,,,,,,,,,,,OP04-119_p1,0,0,0,0,1,0,missing_printing_market_map
729,OP04-119,Donquixote Rosinante,SP CARD,,2402,729,OP04-119_p2,,parallel_2,Parallel 2,official-cardlist,OP09/parallel/OP04-119_p2.png,https://en.onepiece-cardgame.com/images/cardlist/card/OP04-119_p2.png?260305,,,,,,,,,,,,,,,,,,,,,,,,OP04-119_p2,0,0,0,0,1,0,missing_printing_market_map
729,OP04-119,Donquixote Rosinante,SP CARD,,2403,729,OP04-119::s palt,,sp,S Palt,local-catalog,thumbs/OP04-119SPalt.webp,,,,,,,,,,,,,,,,,,,,,,,,,OP04-119::s palt,0,0,0,0,1,0,missing_printing_market_map
730,OP05-001,Sabo,L,,2406,730,OP05-001::alt,,alt,Alt,local-catalog,thumbs/OP05-001alt.webp,,,,,,,,,,,,,,,,,,,,,,,,,OP05-001::alt,0,0,0,0,1,0,missing_printing_market_map
730,OP05-001,Sabo,L,,2407,730,OP05-001_p1,,parallel_1,Parallel 1,official-cardlist,OP05/parallel/OP05-001_p1.png,https://en.onepiece-cardgame.com/images/cardlist/card/OP05-001_p1.png?260305,,,,,,,,,,,,,,,,,,,,,,,,OP05-001_p1,0,0,0,0,1,0,missing_printing_market_map
730,OP05-001,Sabo,L,,2408,730,OP05-001_p2,,parallel_2,Parallel 2,official-cardlist,EB02/parallel/OP05-001_p2.png,https://en.onepiece-cardgame.com/images/cardlist/card/OP05-001_p2.png?260305,,,,,,,,,,,,,,,,,,,,,,,,OP05-001_p2,0,0,0,0,1,0,missing_printing_market_map
731,OP05-002,Belo Betty,L,,2411,731,OP05-002::alt,,alt,Alt,local-catalog,thumbs/OP05-002alt.webp,,,,,,,,,,,,,,,,,,,,,,,,,OP05-002::alt,0,0,0,0,1,0,missing_printing_market_map
731,OP05-002,Belo Betty,L,,2412,731,OP05-002_p1,,parallel_1,Parallel 1,official-cardlist,OP05/parallel/OP05-002_p1.png,https://en.onepiece-cardgame.com/images/cardlist/card/OP05-002_p1.png?260305,,,,,,,,,,,,,,,,,,,,,,,,OP05-002_p1,0,0,0,0,1,0,missing_printing_market_map
731,OP05-002,Belo Betty,L,,2413,731,OP05-002_p2,,parallel_2,Parallel 2,official-cardlist,EB02/parallel/OP05-002_p2.png,https://en.onepiece-cardgame.com/images/cardlist/card/OP05-002_p2.png?260305,,,,,,,,,,,,,,,,,,,,,,,,OP05-002_p2,0,0,0,0,1,0,missing_printing_market_map
733,OP05-004,Emporio.Ivankov,UC,,2418,733,OP05-004::alt,,alt,Alt,local-catalog,thumbs/OP05-004(alt).webp,,,,,,,,,,,,,,,,,,,,,,,,,OP05-004::alt,0,0,0,0,1,0,missing_printing_market_map
733,OP05-004,Emporio.Ivankov,UC,,2419,733,OP05-004_p1,,parallel_1,Parallel 1,official-cardlist,PRB02/parallel/OP05-004_p1.png,https://en.onepiece-cardgame.com/images/cardlist/card/OP05-004_p1.png?260305,,,,,,,,,,,,,,,,,,,,,,,,OP05-004_p1,0,0,0,0,1,0,missing_printing_market_map
733,OP05-004,Emporio.Ivankov,UC,,2420,733,OP05-004_p2,,parallel_2,Parallel 2,official-cardlist,BCV3/parallel/OP05-004_p2.png,https://en.onepiece-cardgame.com/images/cardlist/card/OP05-004_p2.png?260305,,,,,,,,,,,,,,,,,,,,,,,,OP05-004_p2,0,0,0,0,1,0,missing_printing_market_map
733,OP05-004,Emporio.Ivankov,UC,,2421,733,OP05-004_r1,,r1,R1,official-cardlist,PRB02/reprint/OP05-004_r1.png,https://en.onepiece-cardgame.com/images/cardlist/card/OP05-004_r1.png?260305,,,,,,,,,,,,,,,,,,,,,,,,OP05-004_r1,0,0,0,0,1,0,missing_printing_market_map
734,OP05-005,Karasu,R,,2424,734,OP05-005::alt,,alt,Alt,local-catalog,thumbs/OP05-005alt.webp,,,,,,,,,,,,,,,,,,,,,,,,,OP05-005::alt,0,0,0,0,1,0,missing_printing_market_map
735,OP05-006,Koala,SR,,2427,735,OP05-006::alt,,alt,Alt,local-catalog,thumbs/OP05-006alt.webp,,,,,,,,,,,,,,,,,,,,,,,,,OP05-006::alt,0,0,0,0,1,0,missing_printing_market_map
735,OP05-006,Koala,SR,,2428,735,OP05-006_p1,,parallel_1,Parallel 1,official-cardlist,OP05/parallel/OP05-006_p1.png,https://en.onepiece-cardgame.com/images/cardlist/card/OP05-006_p1.png?260305,,,,,,,,,,,,,,,,,,,,,,,,OP05-006_p1,0,0,0,0,1,0,missing_printing_market_map
735,OP05-006,Koala,SR,,2429,735,OP05-006_p3,,parallel_3,Parallel 3,official-cardlist,PRB01/parallel/OP05-006_p3.png,https://en.onepiece-cardgame.com/images/cardlist/card/OP05-006_p3.png?260305,,,,,,,,,,,,,,,,,,,,,,,,OP05-006_p3,0,0,0,0,1,0,missing_printing_market_map
735,OP05-006,Koala,SR,,2430,735,OP05-006_p4,,parallel_4,Parallel 4,official-cardlist,_unclassified/parallel/OP05-006_p4.png,https://en.onepiece-cardgame.com/images/cardlist/card/OP05-006_p4.png?260305,,,,,,,,,,,,,,,,,,,,,,,,OP05-006_p4,0,0,0,0,1,0,missing_printing_market_map
735,OP05-006,Koala,SR,,2431,735,OP05-006::prb01alt,,alt,Prb01Alt,local-catalog,thumbs/OP05-006(PRB01alt).webp,,,,,,,,,,,,,,,,,,,,,,,,,OP05-006::prb01alt,0,0,0,0,1,0,missing_printing_market_map
735,OP05-006,Koala,SR,,2432,735,OP05-006_r1,,r1,R1,official-cardlist,PRB01/reprint/OP05-006_r1.png,https://en.onepiece-cardgame.com/images/cardlist/card/OP05-006_r1.png?260305,,,,,,,,,,,,,,,,,,,,,,,,OP05-006_r1,0,0,0,0,1,0,missing_printing_market_map
736,OP05-007,Sabo,SR,,2435,736,OP05-007::alt,,alt,Alt,local-catalog,thumbs/OP05-007alt.webp,,,,,,,,,,,,,,,,,,,,,,,,,OP05-007::alt,0,0,0,0,1,0,missing_printing_market_map
736,OP05-007,Sabo,SR,,2436,736,OP05-007_p1,,parallel_1,Parallel 1,official-cardlist,OP05/parallel/OP05-007_p1.png,https://en.onepiece-cardgame.com/images/cardlist/card/OP05-007_p1.png?260305,,,,,,,,,,,,,,,,,,,,,,,,OP05-007_p1,0,0,0,0,1,0,missing_printing_market_map
736,OP05-007,Sabo,SR,,2437,736,OP05-007_p3,,parallel_3,Parallel 3,official-cardlist,PRB01/parallel/OP05-007_p3.png,https://en.onepiece-cardgame.com/images/cardlist/card/OP05-007_p3.png?260305,,,,,,,,,,,,,,,,,,,,,,,,OP05-007_p3,0,0,0,0,1,0,missing_printing_market_map
736,OP05-007,Sabo,SR,,2438,736,OP05-007_p4,,parallel_4,Parallel 4,official-cardlist,_unclassified/parallel/OP05-007_p4.png,https://en.onepiece-cardgame.com/images/cardlist/card/OP05-007_p4.png?260305,,,,,,,,,,,,,,,,,,,,,,,,OP05-007_p4,0,0,0,0,1,0,missing_printing_market_map
736,OP05-007,Sabo,SR,,2439,736,OP05-007::prb01alt,,alt,Prb01Alt,local-catalog,thumbs/OP05-007(PRB01alt).webp,,,,,,,,,,,,,,,,,,,,,,,,,OP05-007::prb01alt,0,0,0,0,1,0,missing_printing_market_map
736,OP05-007,Sabo,SR,,2440,736,OP05-007_r1,,r1,R1,official-cardlist,PRB01/reprint/OP05-007_r1.png,https://en.onepiece-cardgame.com/images/cardlist/card/OP05-007_r1.png?260305,,,,,,,,,,,,,,,,,,,,,,,,OP05-007_r1,0,0,0,0,1,0,missing_printing_market_map
739,OP05-010,Nico Robin,UC,,2447,739,OP05-010_p2,,parallel_2,Parallel 2,official-cardlist,PRB01/parallel/OP05-010_p2.png,https://en.onepiece-cardgame.com/images/cardlist/card/OP05-010_p2.png?260305,,,,,,,,,,,,,,,,,,,,,,,,OP05-010_p2,0,0,0,0,1,0,missing_printing_market_map
739,OP05-010,Nico Robin,UC,,2448,739,OP05-010_p3,,parallel_3,Parallel 3,official-cardlist,PRB01/parallel/OP05-010_p3.png,https://en.onepiece-cardgame.com/images/cardlist/card/OP05-010_p3.png?260305,,,,,,,,,,,,,,,,,,,,,,,,OP05-010_p3,0,0,0,0,1,0,missing_printing_market_map
739,OP05-010,Nico Robin,UC,,2449,739,OP05-010::prb01alt,,alt,Prb01Alt,local-catalog,thumbs/OP05-010(PRB01alt).webp,,,,,,,,,,,,,,,,,,,,,,,,,OP05-010::prb01alt,0,0,0,0,1,0,missing_printing_market_map
739,OP05-010,Nico Robin,UC,,2450,739,OP05-010_r1,,r1,R1,official-cardlist,PRB01/reprint/OP05-010_r1.png,https://en.onepiece-cardgame.com/images/cardlist/card/OP05-010_r1.png?260305,,,,,,,,,,,,,,,,,,,,,,,,OP05-010_r1,0,0,0,0,1,0,missing_printing_market_map
740,OP05-011,Bartholomew Kuma,C,,2453,740,OP05-011_p1,,parallel_1,Parallel 1,official-cardlist,SWBS01/parallel/OP05-011_p1.png,https://en.onepiece-cardgame.com/images/cardlist/card/OP05-011_p1.png?260305,,,,,,,,,,,,,,,,,,,,,,,,OP05-011_p1,0,0,0,0,1,0,missing_printing_market_map
744,OP05-015,Belo Betty,R,,2462,744,OP05-015::alt,,alt,Alt,local-catalog,thumbs/OP05-015alt.webp,,,,,,,,,,,,,,,,,,,,,,,,,OP05-015::alt,0,0,0,0,1,0,missing_printing_market_map
744,OP05-015,Belo Betty,R,,2463,744,OP05-015_p1,,parallel_1,Parallel 1,official-cardlist,OP05/parallel/OP05-015_p1.png,https://en.onepiece-cardgame.com/images/cardlist/card/OP05-015_p1.png?260305,,,,,,,,,,,,,,,,,,,,,,,,OP05-015_p1,0,0,0,0,1,0,missing_printing_market_map
744,OP05-015,Belo Betty,R,,2464,744,OP05-015_p3,,parallel_3,Parallel 3,official-cardlist,PRB01/parallel/OP05-015_p3.png,https://en.onepiece-cardgame.com/images/cardlist/card/OP05-015_p3.png?260305,,,,,,,,,,,,,,,,,,,,,,,,OP05-015_p3,0,0,0,0,1,0,missing_printing_market_map
744,OP05-015,Belo Betty,R,,2465,744,OP05-015_p4,,parallel_4,Parallel 4,official-cardlist,PRB01/parallel/OP05-015_p4.png,https://en.onepiece-cardgame.com/images/cardlist/card/OP05-015_p4.png?260305,,,,,,,,,,,,,,,,,,,,,,,,OP05-015_p4,0,0,0,0,1,0,missing_printing_market_map
744,OP05-015,Belo Betty,R,,2466,744,OP05-015_p5,,parallel_5,Parallel 5,official-cardlist,PRB01/parallel/OP05-015_p5.png,https://en.onepiece-cardgame.com/images/cardlist/card/OP05-015_p5.png?260305,,,,,,,,,,,,,,,,,,,,,,,,OP05-015_p5,0,0,0,0,1,0,missing_printing_market_map
744,OP05-015,Belo Betty,R,,2467,744,OP05-015::prb01alt,,alt,Prb01Alt,local-catalog,thumbs/OP05-015(PRB01alt).webp,,,,,,,,,,,,,,,,,,,,,,,,,OP05-015::prb01alt,0,0,0,0,1,0,missing_printing_market_map
744,OP05-015,Belo Betty,R,,2468,744,OP05-015_r1,,r1,R1,official-cardlist,PRB01/reprint/OP05-015_r1.png,https://en.onepiece-cardgame.com/images/cardlist/card/OP05-015_r1.png?260305,,,,,,,,,,,,,,,,,,,,,,,,OP05-015_r1,0,0,0,0,1,0,missing_printing_market_map
748,OP05-019,Fire Fist,R,,2477,748,OP05-019::alt,,alt,Alt,local-catalog,thumbs/OP05-019alt.webp,,,,,,,,,,,,,,,,,,,,,,,,,OP05-019::alt,0,0,0,0,1,0,missing_printing_market_map
750,OP05-021,Revolutionary Army HQ,UC,,2482,750,OP05-021_p1,,parallel_1,Parallel 1,official-cardlist,PRB02/parallel/OP05-021_p1.png,https://en.onepiece-cardgame.com/images/cardlist/card/OP05-021_p1.png?260305,,,,,,,,,,,,,,,,,,,,,,,,OP05-021_p1,0,0,0,0,1,0,missing_printing_market_map
750,OP05-021,Revolutionary Army HQ,UC,,2483,750,OP05-021_r1,,r1,R1,official-cardlist,PRB02/reprint/OP05-021_r1.png,https://en.onepiece-cardgame.com/images/cardlist/card/OP05-021_r1.png?260305,,,,,,,,,,,,,,,,,,,,,,,,OP05-021_r1,0,0,0,0,1,0,missing_printing_market_map
751,OP05-022,Donquixote Rosinante,L,,2486,751,OP05-022::alt,,alt,Alt,local-catalog,thumbs/OP05-022(alt).webp,,,,,,,,,,,,,,,,,,,,,,,,,OP05-022::alt,0,0,0,0,1,0,missing_printing_market_map
751,OP05-022,Donquixote Rosinante,L,,2487,751,OP05-022_p1,,parallel_1,Parallel 1,official-cardlist,OP05/parallel/OP05-022_p1.png,https://en.onepiece-cardgame.com/images/cardlist/card/OP05-022_p1.png?260305,,,,,,,,,,,,,,,,,,,,,,,,OP05-022_p1,0,0,0,0,1,0,missing_printing_market_map
751,OP05-022,Donquixote Rosinante,L,,2488,751,OP05-022_p2,,parallel_2,Parallel 2,official-cardlist,EB02/parallel/OP05-022_p2.png,https://en.onepiece-cardgame.com/images/cardlist/card/OP05-022_p2.png?260305,,,,,,,,,,,,,,,,,,,,,,,,OP05-022_p2,0,0,0,0,1,0,missing_printing_market_map
759,OP05-030,Donquixote Rosinante,R,,2505,759,OP05-030::2nd anniversary alt,,promo,2Nd Anniversary Alt,local-catalog,thumbs/OP05-030(2nd Anniversary alt).webp,,,,,,,,,,,,,,,,,,,,,,,,,OP05-030::2nd anniversary alt,0,0,0,0,1,0,missing_printing_market_map
759,OP05-030,Donquixote Rosinante,R,,2506,759,OP05-030_p1,,parallel_1,Parallel 1,official-cardlist,PRB02/parallel/OP05-030_p1.png,https://en.onepiece-cardgame.com/images/cardlist/card/OP05-030_p1.png?260305,,,,,,,,,,,,,,,,,,,,,,,,OP05-030_p1,0,0,0,0,1,0,missing_printing_market_map
759,OP05-030,Donquixote Rosinante,R,,2507,759,OP05-030_p2,,parallel_2,Parallel 2,official-cardlist,ANN2JP/parallel/OP05-030_p2.png,https://en.onepiece-cardgame.com/images/cardlist/card/OP05-030_p2.png?260305,,,,,,,,,,,,,,,,,,,,,,,,OP05-030_p2,0,0,0,0,1,0,missing_printing_market_map
759,OP05-030,Donquixote Rosinante,R,,2508,759,OP05-030::prb02,,alt,Prb02,local-catalog,thumbs/OP05-030(PRB02).webp,,,,,,,,,,,,,,,,,,,,,,,,,OP05-030::prb02,0,0,0,0,1,0,missing_printing_market_map
759,OP05-030,Donquixote Rosinante,R,,2509,759,OP05-030_r1,,r1,R1,official-cardlist,PRB02/reprint/OP05-030_r1.png,https://en.onepiece-cardgame.com/images/cardlist/card/OP05-030_r1.png?260305,,,,,,,,,,,,,,,,,,,,,,,,OP05-030_r1,0,0,0,0,1,0,missing_printing_market_map
761,OP05-032,Pica,SR,,2514,761,OP05-032::alt,,alt,Alt,local-catalog,thumbs/OP05-032alt.webp,,,,,,,,,,,,,,,,,,,,,,,,,OP05-032::alt,0,0,0,0,1,0,missing_printing_market_map
761,OP05-032,Pica,SR,,2515,761,OP05-032_p1,,parallel_1,Parallel 1,official-cardlist,OP05/parallel/OP05-032_p1.png,https://en.onepiece-cardgame.com/images/cardlist/card/OP05-032_p1.png?260305,,,,,,,,,,,,,,,,,,,,,,,,OP05-032_p1,0,0,0,0,1,0,missing_printing_market_map
763,OP05-034,Baby 5,R,,2520,763,OP05-034::alt,,alt,Alt,local-catalog,thumbs/OP05-034alt.webp,,,,,,,,,,,,,,,,,,,,,,,,,OP05-034::alt,0,0,0,0,1,0,missing_printing_market_map
763,OP05-034,Baby 5,R,,2521,763,OP05-034_p1,,parallel_1,Parallel 1,official-cardlist,OP05/parallel/OP05-034_p1.png,https://en.onepiece-cardgame.com/images/cardlist/card/OP05-034_p1.png?260305,,,,,,,,,,,,,,,,,,,,,,,,OP05-034_p1,0,0,0,0,1,0,missing_printing_market_map
763,OP05-034,Baby 5,R,,2522,763,OP05-034_p3,,parallel_3,Parallel 3,official-cardlist,PRB01/parallel/OP05-034_p3.png,https://en.onepiece-cardgame.com/images/cardlist/card/OP05-034_p3.png?260305,,,,,,,,,,,,,,,,,,,,,,,,OP05-034_p3,0,0,0,0,1,0,missing_printing_market_map
763,OP05-034,Baby 5,R,,2523,763,OP05-034_p4,,parallel_4,Parallel 4,official-cardlist,PRB01/parallel/OP05-034_p4.png,https://en.onepiece-cardgame.com/images/cardlist/card/OP05-034_p4.png?260305,,,,,,,,,,,,,,,,,,,,,,,,OP05-034_p4,0,0,0,0,1,0,missing_printing_market_map
763,OP05-034,Baby 5,R,,2524,763,OP05-034_p5,,parallel_5,Parallel 5,official-cardlist,PRB01/parallel/OP05-034_p5.png,https://en.onepiece-cardgame.com/images/cardlist/card/OP05-034_p5.png?260305,,,,,,,,,,,,,,,,,,,,,,,,OP05-034_p5,0,0,0,0,1,0,missing_printing_market_map
763,OP05-034,Baby 5,R,,2525,763,OP05-034::prb01alt2,,alt,Prb01Alt2,local-catalog,thumbs/OP05-034(PRB01alt2).webp,,,,,,,,,,,,,,,,,,,,,,,,,OP05-034::prb01alt2,0,0,0,0,1,0,missing_printing_market_map
763,OP05-034,Baby 5,R,,2526,763,OP05-034_r1,,r1,R1,official-cardlist,PRB01/reprint/OP05-034_r1.png,https://en.onepiece-cardgame.com/images/cardlist/card/OP05-034_r1.png?260305,,,,,,,,,,,,,,,,,,,,,,,,OP05-034_r1,0,0,0,0,1,0,missing_printing_market_map
765,OP05-036,Monet,UC,,2531,765,OP05-036::alt,,alt,Alt,local-catalog,thumbs/OP05-036alt.webp,,,,,,,,,,,,,,,,,,,,,,,,,OP05-036::alt,0,0,0,0,1,0,missing_printing_market_map
765,OP05-036,Monet,UC,,2532,765,OP05-036_p1,,parallel_1,Parallel 1,official-cardlist,EP03/parallel/OP05-036_p1.png,https://en.onepiece-cardgame.com/images/cardlist/card/OP05-036_p1.png?260305,,,,,,,,,,,,,,,,,,,,,,,,OP05-036_p1,0,0,0,0,1,0,missing_printing_market_map
765,OP05-036,Monet,UC,,2533,765,OP05-036_p2,,parallel_2,Parallel 2,official-cardlist,PRB02/parallel/OP05-036_p2.png,https://en.onepiece-cardgame.com/images/cardlist/card/OP05-036_p2.png?260305,,,,,,,,,,,,,,,,,,,,,,,,OP05-036_p2,0,0,0,0,1,0,missing_printing_market_map
765,OP05-036,Monet,UC,,2534,765,OP05-036_r1,,r1,R1,official-cardlist,PRB02/reprint/OP05-036_r1.png,https://en.onepiece-cardgame.com/images/cardlist/card/OP05-036_r1.png?260305,,,,,,,,,,,,,,,,,,,,,,,,OP05-036_r1,0,0,0,0,1,0,missing_printing_market_map
766,OP05-037,Because the Side of Justice Will Be Whichever Side Wins!!,R,,2537,766,OP05-037_p1,,parallel_1,Parallel 1,official-cardlist,TP2025V4/parallel/OP05-037_p1.png,https://en.onepiece-cardgame.com/images/cardlist/card/OP05-037_p1.png?260305,,,,,,,,,,,,,,,,,,,,,,,,OP05-037_p1,0,0,0,0,1,0,missing_printing_market_map
766,OP05-037,Because the Side of Justice Will Be Whichever Side Wins!!,R,,2538,766,OP05-037_p2,,parallel_2,Parallel 2,official-cardlist,_unclassified/parallel/OP05-037_p2.png,https://en.onepiece-cardgame.com/images/cardlist/card/OP05-037_p2.png?260305,,,,,,,,,,,,,,,,,,,,,,,,OP05-037_p2,0,0,0,0,1,0,missing_printing_market_map
766,OP05-037,Because the Side of Justice Will Be Whichever Side Wins!!,R,,2539,766,OP05-037_r1,,r1,R1,official-cardlist,PRB02/reprint/OP05-037_r1.png,https://en.onepiece-cardgame.com/images/cardlist/card/OP05-037_r1.png?260305,,,,,,,,,,,,,,,,,,,,,,,,OP05-037_r1,0,0,0,0,1,0,missing_printing_market_map
770,OP05-041,Sakazuki,L,,2548,770,OP05-041::alt,,alt,Alt,local-catalog,thumbs/OP05-041alt.webp,,,,,,,,,,,,,,,,,,,,,,,,,OP05-041::alt,0,0,0,0,1,0,missing_printing_market_map
770,OP05-041,Sakazuki,L,,2549,770,OP05-041_p1,,parallel_1,Parallel 1,official-cardlist,OP05/parallel/OP05-041_p1.png,https://en.onepiece-cardgame.com/images/cardlist/card/OP05-041_p1.png?260305,,,,,,,,,,,,,,,,,,,,,,,,OP05-041_p1,0,0,0,0,1,0,missing_printing_market_map
772,OP05-043,Ulti,SR,,2554,772,OP05-043::alt,,alt,Alt,local-catalog,thumbs/OP05-043alt.webp,,,,,,,,,,,,,,,,,,,,,,,,,OP05-043::alt,0,0,0,0,1,0,missing_printing_market_map
772,OP05-043,Ulti,SR,,2555,772,OP05-043_p1,,parallel_1,Parallel 1,official-cardlist,OP05/parallel/OP05-043_p1.png,https://en.onepiece-cardgame.com/images/cardlist/card/OP05-043_p1.png?260305,,,,,,,,,,,,,,,,,,,,,,,,OP05-043_p1,0,0,0,0,1,0,missing_printing_market_map
772,OP05-043,Ulti,SR,,2556,772,OP05-043_p3,,parallel_3,Parallel 3,official-cardlist,PRB01/parallel/OP05-043_p3.png,https://en.onepiece-cardgame.com/images/cardlist/card/OP05-043_p3.png?260305,,,,,,,,,,,,,,,,,,,,,,,,OP05-043_p3,0,0,0,0,1,0,missing_printing_market_map
772,OP05-043,Ulti,SR,,2557,772,OP05-043::prb01alt,,alt,Prb01Alt,local-catalog,thumbs/OP05-043(PRB01alt).webp,,,,,,,,,,,,,,,,,,,,,,,,,OP05-043::prb01alt,0,0,0,0,1,0,missing_printing_market_map
772,OP05-043,Ulti,SR,,2558,772,OP05-043_r1,,r1,R1,official-cardlist,PRB01/reprint/OP05-043_r1.png,https://en.onepiece-cardgame.com/images/cardlist/card/OP05-043_r1.png?260305,,,,,,,,,,,,,,,,,,,,,,,,OP05-043_r1,0,0,0,0,1,0,missing_printing_market_map
780,OP05-051,Borsalino,SP CARD,,2575,780,OP05-051::alt,,alt,Alt,local-catalog,thumbs/OP05-051alt.webp,,,,,,,,,,,,,,,,,,,,,,,,,OP05-051::alt,0,0,0,0,1,0,missing_printing_market_map
780,OP05-051,Borsalino,SP CARD,,2576,780,OP05-051::alt sp,,sp,Alt SP,local-catalog,thumbs/OP05-051alt(SP).webp,,,,,,,,,,,,,,,,,,,,,,,,,OP05-051::alt sp,0,0,0,0,1,0,missing_printing_market_map
780,OP05-051,Borsalino,SP CARD,,2577,780,OP05-051_p1,,parallel_1,Parallel 1,official-cardlist,OP05/parallel/OP05-051_p1.png,https://en.onepiece-cardgame.com/images/cardlist/card/OP05-051_p1.png?260305,,,,,,,,,,,,,,,,,,,,,,,,OP05-051_p1,0,0,0,0,1,0,missing_printing_market_map
780,OP05-051,Borsalino,SP CARD,,2578,780,OP05-051_p2,,parallel_2,Parallel 2,official-cardlist,OP06/parallel/OP05-051_p2.png,https://en.onepiece-cardgame.com/images/cardlist/card/OP05-051_p2.png?260305,,,,,,,,,,,,,,,,,,,,,,,,OP05-051_p2,0,0,0,0,1,0,missing_printing_market_map
781,OP05-052,Maynard,C,,2581,781,OP05-052_p1,,parallel_1,Parallel 1,official-cardlist,PRB02/parallel/OP05-052_p1.png,https://en.onepiece-cardgame.com/images/cardlist/card/OP05-052_p1.png?260305,,,,,,,,,,,,,,,,,,,,,,,,OP05-052_p1,0,0,0,0,1,0,missing_printing_market_map
781,OP05-052,Maynard,C,,2582,781,OP05-052_r1,,r1,R1,official-cardlist,PRB02/reprint/OP05-052_r1.png,https://en.onepiece-cardgame.com/images/cardlist/card/OP05-052_r1.png?260305,,,,,,,,,,,,,,,,,,,,,,,,OP05-052_r1,0,0,0,0,1,0,missing_printing_market_map
784,OP05-055,X.Drake,R,,2589,784,OP05-055::alt,,alt,Alt,local-catalog,thumbs/OP05-055alt.webp,,,,,,,,,,,,,,,,,,,,,,,,,OP05-055::alt,0,0,0,0,1,0,missing_printing_market_map
784,OP05-055,X.Drake,R,,2590,784,OP05-055_p1,,parallel_1,Parallel 1,official-cardlist,OP05/parallel/OP05-055_p1.png,https://en.onepiece-cardgame.com/images/cardlist/card/OP05-055_p1.png?260305,,,,,,,,,,,,,,,,,,,,,,,,OP05-055_p1,0,0,0,0,1,0,missing_printing_market_map
786,OP05-057,Hound Blaze,R,,2595,786,OP05-057_p2,,parallel_2,Parallel 2,official-cardlist,PRB01/parallel/OP05-057_p2.png,https://en.onepiece-cardgame.com/images/cardlist/card/OP05-057_p2.png?260305,,,,,,,,,,,,,,,,,,,,,,,,OP05-057_p2,0,0,0,0,1,0,missing_printing_market_map
786,OP05-057,Hound Blaze,R,,2596,786,OP05-057_p3,,parallel_3,Parallel 3,official-cardlist,PRB01/parallel/OP05-057_p3.png,https://en.onepiece-cardgame.com/images/cardlist/card/OP05-057_p3.png?260305,,,,,,,,,,,,,,,,,,,,,,,,OP05-057_p3,0,0,0,0,1,0,missing_printing_market_map
786,OP05-057,Hound Blaze,R,,2597,786,OP05-057_p4,,parallel_4,Parallel 4,official-cardlist,PRB01/parallel/OP05-057_p4.png,https://en.onepiece-cardgame.com/images/cardlist/card/OP05-057_p4.png?260305,,,,,,,,,,,,,,,,,,,,,,,,OP05-057_p4,0,0,0,0,1,0,missing_printing_market_map
786,OP05-057,Hound Blaze,R,,2598,786,OP05-057::prb01alt,,alt,Prb01Alt,local-catalog,thumbs/OP05-057(PRB01alt).webp,,,,,,,,,,,,,,,,,,,,,,,,,OP05-057::prb01alt,0,0,0,0,1,0,missing_printing_market_map
786,OP05-057,Hound Blaze,R,,2599,786,OP05-057_r1,,r1,R1,official-cardlist,PRB01/reprint/OP05-057_r1.png,https://en.onepiece-cardgame.com/images/cardlist/card/OP05-057_r1.png?260305,,,,,,,,,,,,,,,,,,,,,,,,OP05-057_r1,0,0,0,0,1,0,missing_printing_market_map
789,OP05-060,Monkey.D.Luffy,L,,2606,789,OP05-060::alt,,alt,Alt,local-catalog,thumbs/OP05-060(alt).webp,,,,,,,,,,,,,,,,,,,,,,,,,OP05-060::alt,0,0,0,0,1,0,missing_printing_market_map
789,OP05-060,Monkey.D.Luffy,L,,2607,789,OP05-060_p1,,parallel_1,Parallel 1,official-cardlist,OP05/parallel/OP05-060_p1.png,https://en.onepiece-cardgame.com/images/cardlist/card/OP05-060_p1.png?260305,,,,,,,,,,,,,,,,,,,,,,,,OP05-060_p1,0,0,0,0,1,0,missing_printing_market_map
789,OP05-060,Monkey.D.Luffy,L,,2608,789,OP05-060_p2,,parallel_2,Parallel 2,official-cardlist,_unclassified/parallel/OP05-060_p2.png,https://en.onepiece-cardgame.com/images/cardlist/card/OP05-060_p2.png?260305,,,,,,,,,,,,,,,,,,,,,,,,OP05-060_p2,0,0,0,0,1,0,missing_printing_market_map
789,OP05-060,Monkey.D.Luffy,L,,2609,789,OP05-060_p3,,parallel_3,Parallel 3,official-cardlist,ST18/parallel/OP05-060_p3.png,https://en.onepiece-cardgame.com/images/cardlist/card/OP05-060_p3.png?260305,,,,,,,,,,,,,,,,,,,,,,,,OP05-060_p3,0,0,0,0,1,0,missing_printing_market_map
789,OP05-060,Monkey.D.Luffy,L,,2610,789,OP05-060_p4,,parallel_4,Parallel 4,official-cardlist,EB02/parallel/OP05-060_p4.png,https://en.onepiece-cardgame.com/images/cardlist/card/OP05-060_p4.png?260305,,,,,,,,,,,,,,,,,,,,,,,,OP05-060_p4,0,0,0,0,1,0,missing_printing_market_map
789,OP05-060,Monkey.D.Luffy,L,,2611,789,OP05-060::psa x bandai promo alt,,promo,Psa X Bandai Promo Alt,local-catalog,thumbs/OP05-060 PSA x Bandai promo alt.webp,,,,,,,,,,,,,,,,,,,,,,,,,OP05-060::psa x bandai promo alt,0,0,0,0,1,0,missing_printing_market_map
789,OP05-060,Monkey.D.Luffy,L,,2612,789,OP05-060::sound loader alt,,promo,Sound Loader Alt,local-catalog,thumbs/OP05-060 SOUND LOADER alt.webp,,,,,,,,,,,,,,,,,,,,,,,,,OP05-060::sound loader alt,0,0,0,0,1,0,missing_printing_market_map
789,OP05-060,Monkey.D.Luffy,L,,2613,789,OP05-060::st18 alt,,alt,St18 Alt,local-catalog,thumbs/OP05-060(ST18 alt).webp,,,,,,,,,,,,,,,,,,,,,,,,,OP05-060::st18 alt,0,0,0,0,1,0,missing_printing_market_map
790,OP05-061,Uso-Hachi,UC,,2616,790,OP05-061_r1,,r1,R1,official-cardlist,ST18/reprint/OP05-061_r1.png,https://en.onepiece-cardgame.com/images/cardlist/card/OP05-061_r1.png?260305,,,,,,,,,,,,,,,,,,,,,,,,OP05-061_r1,0,0,0,0,1,0,missing_printing_market_map
792,OP05-063,O-Robi,C,,2621,792,OP05-063_r1,,r1,R1,official-cardlist,ST18/reprint/OP05-063_r1.png,https://en.onepiece-cardgame.com/images/cardlist/card/OP05-063_r1.png?260305,,,,,,,,,,,,,,,,,,,,,,,,OP05-063_r1,0,0,0,0,1,0,missing_printing_market_map
794,OP05-065,San-Gorou,C,,2626,794,OP05-065_r1,,r1,R1,official-cardlist,ST26/reprint/OP05-065_r1.png,https://en.onepiece-cardgame.com/images/cardlist/card/OP05-065_r1.png?260305,,,,,,,,,,,,,,,,,,,,,,,,OP05-065_r1,0,0,0,0,1,0,missing_printing_market_map
795,OP05-066,Jinbe,C,,2629,795,OP05-066_r1,,r1,R1,official-cardlist,ST18/reprint/OP05-066_r1.png,https://en.onepiece-cardgame.com/images/cardlist/card/OP05-066_r1.png?260305,,,,,,,,,,,,,,,,,,,,,,,,OP05-066_r1,0,0,0,0,1,0,missing_printing_market_map
795,OP05-066,Jinbe,C,,2630,795,OP05-066_r2,,r2,R2,official-cardlist,ST26/reprint/OP05-066_r2.png,https://en.onepiece-cardgame.com/images/cardlist/card/OP05-066_r2.png?260305,,,,,,,,,,,,,,,,,,,,,,,,OP05-066_r2,0,0,0,0,1,0,missing_printing_market_map
796,OP05-067,Zoro-Juurou,SP CARD,,2633,796,OP05-067::alt,,alt,Alt,local-catalog,thumbs/OP05-067alt.webp,,,,,,,,,,,,,,,,,,,,,,,,,OP05-067::alt,0,0,0,0,1,0,missing_printing_market_map
796,OP05-067,Zoro-Juurou,SP CARD,,2634,796,OP05-067::alt art 3,,alt,Alt Art 3,local-catalog,thumbs/OP05-067(alt3).webp,,,,,,,,,,,,,,,,,,,,,,,,,OP05-067::alt art 3,0,0,0,0,1,0,missing_printing_market_map
796,OP05-067,Zoro-Juurou,SP CARD,,2635,796,OP05-067_p1,,parallel_1,Parallel 1,official-cardlist,OP05/parallel/OP05-067_p1.png,https://en.onepiece-cardgame.com/images/cardlist/card/OP05-067_p1.png?260305,,,,,,,,,,,,,,,,,,,,,,,,OP05-067_p1,0,0,0,0,1,0,missing_printing_market_map
796,OP05-067,Zoro-Juurou,SP CARD,,2636,796,OP05-067_p2,,parallel_2,Parallel 2,official-cardlist,_unclassified/parallel/OP05-067_p2.png,https://en.onepiece-cardgame.com/images/cardlist/card/OP05-067_p2.png?260305,,,,,,,,,,,,,,,,,,,,,,,,OP05-067_p2,0,0,0,0,1,0,missing_printing_market_map
796,OP05-067,Zoro-Juurou,SP CARD,,2637,796,OP05-067_p4,,parallel_4,Parallel 4,official-cardlist,OP09/parallel/OP05-067_p4.png,https://en.onepiece-cardgame.com/images/cardlist/card/OP05-067_p4.png?260305,,,,,,,,,,,,,,,,,,,,,,,,OP05-067_p4,0,0,0,0,1,0,missing_printing_market_map
796,OP05-067,Zoro-Juurou,SP CARD,,2638,796,OP05-067_p5,,parallel_5,Parallel 5,official-cardlist,CS2526EP/parallel/OP05-067_p5.png,https://en.onepiece-cardgame.com/images/cardlist/card/OP05-067_p5.png?260305,,,,,,,,,,,,,,,,,,,,,,,,OP05-067_p5,0,0,0,0,1,0,missing_printing_market_map
796,OP05-067,Zoro-Juurou,SP CARD,,2639,796,OP05-067_p6,,parallel_6,Parallel 6,official-cardlist,_unclassified/parallel/OP05-067_p6.png,https://en.onepiece-cardgame.com/images/cardlist/card/OP05-067_p6.png?260305,,,,,,,,,,,,,,,,,,,,,,,,OP05-067_p6,0,0,0,0,1,0,missing_printing_market_map
796,OP05-067,Zoro-Juurou,SP CARD,,2640,796,OP05-067_r1,,r1,R1,official-cardlist,ST18/reprint/OP05-067_r1.png,https://en.onepiece-cardgame.com/images/cardlist/card/OP05-067_r1.png?260305,,,,,,,,,,,,,,,,,,,,,,,,OP05-067_r1,0,0,0,0,1,0,missing_printing_market_map
796,OP05-067,Zoro-Juurou,SP CARD,,2641,796,OP05-067::s palt,,sp,S Palt,local-catalog,thumbs/OP05-067SPalt.webp,,,,,,,,,,,,,,,,,,,,,,,,,OP05-067::s palt,0,0,0,0,1,0,missing_printing_market_map
797,OP05-068,Chopa-Emon,C,,2644,797,OP05-068_r1,,r1,R1,official-cardlist,ST18/reprint/OP05-068_r1.png,https://en.onepiece-cardgame.com/images/cardlist/card/OP05-068_r1.png?260305,,,,,,,,,,,,,,,,,,,,,,,,OP05-068_r1,0,0,0,0,1,0,missing_printing_market_map
798,OP05-069,Trafalgar Law,SR,,2647,798,OP05-069::alt,,alt,Alt,local-catalog,thumbs/OP05-069alt.webp,,,,,,,,,,,,,,,,,,,,,,,,,OP05-069::alt,0,0,0,0,1,0,missing_printing_market_map
798,OP05-069,Trafalgar Law,SR,,2648,798,OP05-069::manga,,mr,Manga,local-catalog,thumbs/OP05-069 Manga Rare.webp,,,,,,,,,,,,,,,,,,,,,,,,,OP05-069::manga,0,0,0,0,1,0,missing_printing_market_map
798,OP05-069,Trafalgar Law,SR,,2649,798,OP05-069_p1,,parallel_1,Parallel 1,official-cardlist,OP05/parallel/OP05-069_p1.png,https://en.onepiece-cardgame.com/images/cardlist/card/OP05-069_p1.png?260305,,,,,,,,,,,,,,,,,,,,,,,,OP05-069_p1,0,0,0,0,1,0,missing_printing_market_map
798,OP05-069,Trafalgar Law,SR,,2650,798,OP05-069_p2,,parallel_2,Parallel 2,official-cardlist,OP05/parallel/OP05-069_p2.png,https://en.onepiece-cardgame.com/images/cardlist/card/OP05-069_p2.png?260305,,,,,,,,,,,,,,,,,,,,,,,,OP05-069_p2,0,0,0,0,1,0,missing_printing_market_map
798,OP05-069,Trafalgar Law,SR,,2651,798,OP05-069_r1,,r1,R1,official-cardlist,PRB01/reprint/OP05-069_r1.png,https://en.onepiece-cardgame.com/images/cardlist/card/OP05-069_r1.png?260305,,,,,,,,,,,,,,,,,,,,,,,,OP05-069_r1,0,0,0,0,1,0,missing_printing_market_map
799,OP05-070,Fra-Nosuke,UC,,2654,799,OP05-070_r1,,r1,R1,official-cardlist,ST18/reprint/OP05-070_r1.png,https://en.onepiece-cardgame.com/images/cardlist/card/OP05-070_r1.png?260305,,,,,,,,,,,,,,,,,,,,,,,,OP05-070_r1,0,0,0,0,1,0,missing_printing_market_map
799,OP05-070,Fra-Nosuke,UC,,2655,799,OP05-070_r2,,r2,R2,official-cardlist,ST26/reprint/OP05-070_r2.png,https://en.onepiece-cardgame.com/images/cardlist/card/OP05-070_r2.png?260305,,,,,,,,,,,,,,,,,,,,,,,,OP05-070_r2,0,0,0,0,1,0,missing_printing_market_map
801,OP05-072,Hone-Kichi,C,,2660,801,OP05-072_r1,,r1,R1,official-cardlist,ST18/reprint/OP05-072_r1.png,https://en.onepiece-cardgame.com/images/cardlist/card/OP05-072_r1.png?260305,,,,,,,,,,,,,,,,,,,,,,,,OP05-072_r1,0,0,0,0,1,0,missing_printing_market_map
802,OP05-073,Miss Doublefinger(Zala),UC,,2663,802,OP05-073_p2,,parallel_2,Parallel 2,official-cardlist,PRB01/parallel/OP05-073_p2.png,https://en.onepiece-cardgame.com/images/cardlist/card/OP05-073_p2.png?260305,,,,,,,,,,,,,,,,,,,,,,,,OP05-073_p2,0,0,0,0,1,0,missing_printing_market_map
802,OP05-073,Miss Doublefinger(Zala),UC,,2664,802,OP05-073_p3,,parallel_3,Parallel 3,official-cardlist,PRB01/parallel/OP05-073_p3.png,https://en.onepiece-cardgame.com/images/cardlist/card/OP05-073_p3.png?260305,,,,,,,,,,,,,,,,,,,,,,,,OP05-073_p3,0,0,0,0,1,0,missing_printing_market_map
802,OP05-073,Miss Doublefinger(Zala),UC,,2665,802,OP05-073_r1,,r1,R1,official-cardlist,PRB01/reprint/OP05-073_r1.png,https://en.onepiece-cardgame.com/images/cardlist/card/OP05-073_r1.png?260305,,,,,,,,,,,,,,,,,,,,,,,,OP05-073_r1,0,0,0,0,1,0,missing_printing_market_map
803,OP05-074,"Eustass""Captain""Kid",SR,,2668,803,OP05-074::alt,,alt,Alt,local-catalog,thumbs/OP05-074alt.webp,,,,,,,,,,,,,,,,,,,,,,,,,OP05-074::alt,0,0,0,0,1,0,missing_printing_market_map
803,OP05-074,"Eustass""Captain""Kid",SR,,2669,803,OP05-074::manga,,mr,Manga,local-catalog,thumbs/OP05-074 Manga Rare.webp,,,,,,,,,,,,,,,,,,,,,,,,,OP05-074::manga,0,0,0,0,1,0,missing_printing_market_map
803,OP05-074,"Eustass""Captain""Kid",SR,,2670,803,OP05-074_p1,,parallel_1,Parallel 1,official-cardlist,OP05/parallel/OP05-074_p1.png,https://en.onepiece-cardgame.com/images/cardlist/card/OP05-074_p1.png?260305,,,,,,,,,,,,,,,,,,,,,,,,OP05-074_p1,0,0,0,0,1,0,missing_printing_market_map
803,OP05-074,"Eustass""Captain""Kid",SR,,2671,803,OP05-074_p2,,parallel_2,Parallel 2,official-cardlist,OP05/parallel/OP05-074_p2.png,https://en.onepiece-cardgame.com/images/cardlist/card/OP05-074_p2.png?260305,,,,,,,,,,,,,,,,,,,,,,,,OP05-074_p2,0,0,0,0,1,0,missing_printing_market_map
803,OP05-074,"Eustass""Captain""Kid",SR,,2672,803,OP05-074_p3,,parallel_3,Parallel 3,official-cardlist,OP07/parallel/OP05-074_p3.png,https://en.onepiece-cardgame.com/images/cardlist/card/OP05-074_p3.png?260305,,,,,,,,,,,,,,,,,,,,,,,,OP05-074_p3,0,0,0,0,1,0,missing_printing_market_map
803,OP05-074,"Eustass""Captain""Kid",SR,,2673,803,OP05-074_p5,,parallel_5,Parallel 5,official-cardlist,PRB01/parallel/OP05-074_p5.png,https://en.onepiece-cardgame.com/images/cardlist/card/OP05-074_p5.png?260305,,,,,,,,,,,,,,,,,,,,,,,,OP05-074_p5,0,0,0,0,1,0,missing_printing_market_map
803,OP05-074,"Eustass""Captain""Kid",SR,,2674,803,OP05-074::prb01alt,,alt,Prb01Alt,local-catalog,thumbs/OP05-074(PRB01alt).webp,,,,,,,,,,,,,,,,,,,,,,,,,OP05-074::prb01alt,0,0,0,0,1,0,missing_printing_market_map
803,OP05-074,"Eustass""Captain""Kid",SR,,2675,803,OP05-074_r1,,r1,R1,official-cardlist,PRB01/reprint/OP05-074_r1.png,https://en.onepiece-cardgame.com/images/cardlist/card/OP05-074_r1.png?260305,,,,,,,,,,,,,,,,,,,,,,,,OP05-074_r1,0,0,0,0,1,0,missing_printing_market_map
803,OP05-074,"Eustass""Captain""Kid",SR,,2676,803,OP05-074_r2,,r2,R2,official-cardlist,PRB01/reprint/OP05-074_r2.png,https://en.onepiece-cardgame.com/images/cardlist/card/OP05-074_r2.png?260305,,,,,,,,,,,,,,,,,,,,,,,,OP05-074_r2,0,0,0,0,1,0,missing_printing_market_map
803,OP05-074,"Eustass""Captain""Kid",SR,,2677,803,OP05-074::s p,,sp,S P,local-catalog,thumbs/OP05-074SP.webp,,,,,,,,,,,,,,,,,,,,,,,,,OP05-074::s p,0,0,0,0,1,0,missing_printing_market_map
805,OP05-076,When You're at Sea You Fight against Pirates!!,R,,2682,805,OP05-076_p1,,parallel_1,Parallel 1,official-cardlist,ST18/parallel/OP05-076_p1.png,https://en.onepiece-cardgame.com/images/cardlist/card/OP05-076_p1.png?260305,,,,,,,,,,,,,,,,,,,,,,,,OP05-076_p1,0,0,0,0,1,0,missing_printing_market_map
805,OP05-076,When You're at Sea You Fight against Pirates!!,R,,2683,805,OP05-076_p2,,parallel_2,Parallel 2,official-cardlist,_unclassified/parallel/OP05-076_p2.png,https://en.onepiece-cardgame.com/images/cardlist/card/OP05-076_p2.png?260305,,,,,,,,,,,,,,,,,,,,,,,,OP05-076_p2,0,0,0,0,1,0,missing_printing_market_map
805,OP05-076,When You're at Sea You Fight against Pirates!!,R,,2684,805,OP05-076_p3,,parallel_3,Parallel 3,official-cardlist,_unclassified/parallel/OP05-076_p3.png,https://en.onepiece-cardgame.com/images/cardlist/card/OP05-076_p3.png?260305,,,,,,,,,,,,,,,,,,,,,,,,OP05-076_p3,0,0,0,0,1,0,missing_printing_market_map
805,OP05-076,When You're at Sea You Fight against Pirates!!,R,,2685,805,OP05-076_p4,,parallel_4,Parallel 4,official-cardlist,_unclassified/parallel/OP05-076_p4.png,https://en.onepiece-cardgame.com/images/cardlist/card/OP05-076_p4.png?260305,,,,,,,,,,,,,,,,,,,,,,,,OP05-076_p4,0,0,0,0,1,0,missing_printing_market_map
806,OP05-077,Gamma Knife,C,,2688,806,OP05-077_p1,,parallel_1,Parallel 1,official-cardlist,PRB02/parallel/OP05-077_p1.png,https://en.onepiece-cardgame.com/images/cardlist/card/OP05-077_p1.png?260305,,,,,,,,,,,,,,,,,,,,,,,,OP05-077_p1,0,0,0,0,1,0,missing_printing_market_map
806,OP05-077,Gamma Knife,C,,2689,806,OP05-077_r1,,r1,R1,official-cardlist,PRB02/reprint/OP05-077_r1.png,https://en.onepiece-cardgame.com/images/cardlist/card/OP05-077_r1.png?260305,,,,,,,,,,,,,,,,,,,,,,,,OP05-077_r1,0,0,0,0,1,0,missing_printing_market_map
810,OP05-081,One-Legged Toy Soldier,UC,,2698,810,OP05-081_p2,,parallel_2,Parallel 2,official-cardlist,PRB01/parallel/OP05-081_p2.png,https://en.onepiece-cardgame.com/images/cardlist/card/OP05-081_p2.png?260305,,,,,,,,,,,,,,,,,,,,,,,,OP05-081_p2,0,0,0,0,1,0,missing_printing_market_map
810,OP05-081,One-Legged Toy Soldier,UC,,2699,810,OP05-081_p3,,parallel_3,Parallel 3,official-cardlist,PRB01/parallel/OP05-081_p3.png,https://en.onepiece-cardgame.com/images/cardlist/card/OP05-081_p3.png?260305,,,,,,,,,,,,,,,,,,,,,,,,OP05-081_p3,0,0,0,0,1,0,missing_printing_market_map
810,OP05-081,One-Legged Toy Soldier,UC,,2700,810,OP05-081_p4,,parallel_4,Parallel 4,official-cardlist,PRB01/parallel/OP05-081_p4.png,https://en.onepiece-cardgame.com/images/cardlist/card/OP05-081_p4.png?260305,,,,,,,,,,,,,,,,,,,,,,,,OP05-081_p4,0,0,0,0,1,0,missing_printing_market_map
810,OP05-081,One-Legged Toy Soldier,UC,,2701,810,OP05-081::prb01alt,,alt,Prb01Alt,local-catalog,thumbs/OP05-081(PRB01alt).webp,,,,,,,,,,,,,,,,,,,,,,,,,OP05-081::prb01alt,0,0,0,0,1,0,missing_printing_market_map
810,OP05-081,One-Legged Toy Soldier,UC,,2702,810,OP05-081_r1,,r1,R1,official-cardlist,PRB01/reprint/OP05-081_r1.png,https://en.onepiece-cardgame.com/images/cardlist/card/OP05-081_r1.png?260305,,,,,,,,,,,,,,,,,,,,,,,,OP05-081_r1,0,0,0,0,1,0,missing_printing_market_map
811,OP05-082,Shirahoshi,R,,2705,811,OP05-082_p2,,parallel_2,Parallel 2,official-cardlist,PRB01/parallel/OP05-082_p2.png,https://en.onepiece-cardgame.com/images/cardlist/card/OP05-082_p2.png?260305,,,,,,,,,,,,,,,,,,,,,,,,OP05-082_p2,0,0,0,0,1,0,missing_printing_market_map
811,OP05-082,Shirahoshi,R,,2706,811,OP05-082_p3,,parallel_3,Parallel 3,official-cardlist,PRB01/parallel/OP05-082_p3.png,https://en.onepiece-cardgame.com/images/cardlist/card/OP05-082_p3.png?260305,,,,,,,,,,,,,,,,,,,,,,,,OP05-082_p3,0,0,0,0,1,0,missing_printing_market_map
811,OP05-082,Shirahoshi,R,,2707,811,OP05-082_p4,,parallel_4,Parallel 4,official-cardlist,PRB01/parallel/OP05-082_p4.png,https://en.onepiece-cardgame.com/images/cardlist/card/OP05-082_p4.png?260305,,,,,,,,,,,,,,,,,,,,,,,,OP05-082_p4,0,0,0,0,1,0,missing_printing_market_map
811,OP05-082,Shirahoshi,R,,2708,811,OP05-082::prb01alt2,,alt,Prb01Alt2,local-catalog,thumbs/OP05-082(PRB01alt2).webp,,,,,,,,,,,,,,,,,,,,,,,,,OP05-082::prb01alt2,0,0,0,0,1,0,missing_printing_market_map
811,OP05-082,Shirahoshi,R,,2709,811,OP05-082_r1,,r1,R1,official-cardlist,PRB01/reprint/OP05-082_r1.png,https://en.onepiece-cardgame.com/images/cardlist/card/OP05-082_r1.png?260305,,,,,,,,,,,,,,,,,,,,,,,,OP05-082_r1,0,0,0,0,1,0,missing_printing_market_map
815,OP05-086,Nefeltari Vivi,R,,2718,815,OP05-086::alt,,alt,Alt,local-catalog,thumbs/OP05-086alt.webp,,,,,,,,,,,,,,,,,,,,,,,,,OP05-086::alt,0,0,0,0,1,0,missing_printing_market_map
815,OP05-086,Nefeltari Vivi,R,,2719,815,OP05-086_p1,,parallel_1,Parallel 1,official-cardlist,REG2024W3/parallel/OP05-086_p1.png,https://en.onepiece-cardgame.com/images/cardlist/card/OP05-086_p1.png?260305,,,,,,,,,,,,,,,,,,,,,,,,OP05-086_p1,0,0,0,0,1,0,missing_printing_market_map
817,OP05-088,Mansherry,R,,2724,817,OP05-088::alt,,alt,Alt,local-catalog,thumbs/OP05-088alt.webp,,,,,,,,,,,,,,,,,,,,,,,,,OP05-088::alt,0,0,0,0,1,0,missing_printing_market_map
817,OP05-088,Mansherry,R,,2725,817,OP05-088_p1,,parallel_1,Parallel 1,official-cardlist,OP05/parallel/OP05-088_p1.png,https://en.onepiece-cardgame.com/images/cardlist/card/OP05-088_p1.png?260305,,,,,,,,,,,,,,,,,,,,,,,,OP05-088_p1,0,0,0,0,1,0,missing_printing_market_map
820,OP05-091,Rebecca,SR,,2732,820,OP05-091::alt,,alt,Alt,local-catalog,thumbs/OP05-091alt.webp,,,,,,,,,,,,,,,,,,,,,,,,,OP05-091::alt,0,0,0,0,1,0,missing_printing_market_map
820,OP05-091,Rebecca,SR,,2733,820,OP05-091::alt art 2,,alt,Alt Art 2,local-catalog,thumbs/OP05-091alt2.webp,,,,,,,,,,,,,,,,,,,,,,,,,OP05-091::alt art 2,0,0,0,0,1,0,missing_printing_market_map
820,OP05-091,Rebecca,SR,,2734,820,OP05-091::alt sp,,sp,Alt SP,local-catalog,thumbs/OP05-091alt(SP).webp,,,,,,,,,,,,,,,,,,,,,,,,,OP05-091::alt sp,0,0,0,0,1,0,missing_printing_market_map
820,OP05-091,Rebecca,SR,,2735,820,OP05-091_p1,,parallel_1,Parallel 1,official-cardlist,OP05/parallel/OP05-091_p1.png,https://en.onepiece-cardgame.com/images/cardlist/card/OP05-091_p1.png?260305,,,,,,,,,,,,,,,,,,,,,,,,OP05-091_p1,0,0,0,0,1,0,missing_printing_market_map
820,OP05-091,Rebecca,SR,,2736,820,OP05-091_p2,,parallel_2,Parallel 2,official-cardlist,OP06/parallel/OP05-091_p2.png,https://en.onepiece-cardgame.com/images/cardlist/card/OP05-091_p2.png?260305,,,,,,,,,,,,,,,,,,,,,,,,OP05-091_p2,0,0,0,0,1,0,missing_printing_market_map
820,OP05-091,Rebecca,SR,,2737,820,OP05-091_p3,,parallel_3,Parallel 3,official-cardlist,REG2024W3/parallel/OP05-091_p3.png,https://en.onepiece-cardgame.com/images/cardlist/card/OP05-091_p3.png?260305,,,,,,,,,,,,,,,,,,,,,,,,OP05-091_p3,0,0,0,0,1,0,missing_printing_market_map
820,OP05-091,Rebecca,SR,,2738,820,OP05-091_p4,,parallel_4,Parallel 4,official-cardlist,PRB02/parallel/OP05-091_p4.png,https://en.onepiece-cardgame.com/images/cardlist/card/OP05-091_p4.png?260305,,,,,,,,,,,,,,,,,,,,,,,,OP05-091_p4,0,0,0,0,1,0,missing_printing_market_map
820,OP05-091,Rebecca,SR,,2739,820,OP05-091::prb02,,alt,Prb02,local-catalog,thumbs/OP05-091(PRB02).webp,,,,,,,,,,,,,,,,,,,,,,,,,OP05-091::prb02,0,0,0,0,1,0,missing_printing_market_map
820,OP05-091,Rebecca,SR,,2740,820,OP05-091_r1,,r1,R1,official-cardlist,PRB02/reprint/OP05-091_r1.png,https://en.onepiece-cardgame.com/images/cardlist/card/OP05-091_r1.png?260305,,,,,,,,,,,,,,,,,,,,,,,,OP05-091_r1,0,0,0,0,1,0,missing_printing_market_map
822,OP05-093,Rob Lucci,SP CARD,,2745,822,OP05-093::2nd anniversary alt,,promo,2Nd Anniversary Alt,local-catalog,thumbs/OP05-093(2nd anniversary alt).webp,,,,,,,,,,,,,,,,,,,,,,,,,OP05-093::2nd anniversary alt,0,0,0,0,1,0,missing_printing_market_map
822,OP05-093,Rob Lucci,SP CARD,,2746,822,OP05-093::alt,,alt,Alt,local-catalog,thumbs/OP05-093alt.webp,,,,,,,,,,,,,,,,,,,,,,,,,OP05-093::alt,0,0,0,0,1,0,missing_printing_market_map
822,OP05-093,Rob Lucci,SP CARD,,2747,822,OP05-093::alt art 2,,alt,Alt Art 2,local-catalog,thumbs/OP05-093alt2.webp,,,,,,,,,,,,,,,,,,,,,,,,,OP05-093::alt art 2,0,0,0,0,1,0,missing_printing_market_map
822,OP05-093,Rob Lucci,SP CARD,,2748,822,OP05-093_p1,,parallel_1,Parallel 1,official-cardlist,OP05/parallel/OP05-093_p1.png,https://en.onepiece-cardgame.com/images/cardlist/card/OP05-093_p1.png?260305,,,,,,,,,,,,,,,,,,,,,,,,OP05-093_p1,0,0,0,0,1,0,missing_printing_market_map
822,OP05-093,Rob Lucci,SP CARD,,2749,822,OP05-093_p2,,parallel_2,Parallel 2,official-cardlist,OP09/parallel/OP05-093_p2.png,https://en.onepiece-cardgame.com/images/cardlist/card/OP05-093_p2.png?260305,,,,,,,,,,,,,,,,,,,,,,,,OP05-093_p2,0,0,0,0,1,0,missing_printing_market_map
822,OP05-093,Rob Lucci,SP CARD,,2750,822,OP05-093::s palt,,sp,S Palt,local-catalog,thumbs/OP05-093SPalt.webp,,,,,,,,,,,,,,,,,,,,,,,,,OP05-093::s palt,0,0,0,0,1,0,missing_printing_market_map
826,OP05-097,Mary Geoise,C,,2759,826,OP05-097_p1,,parallel_1,Parallel 1,official-cardlist,PRB02/parallel/OP05-097_p1.png,https://en.onepiece-cardgame.com/images/cardlist/card/OP05-097_p1.png?260305,,,,,,,,,,,,,,,,,,,,,,,,OP05-097_p1,0,0,0,0,1,0,missing_printing_market_map
826,OP05-097,Mary Geoise,C,,2760,826,OP05-097_p2,,parallel_2,Parallel 2,official-cardlist,PRB02/parallel/OP05-097_p2.png,https://en.onepiece-cardgame.com/images/cardlist/card/OP05-097_p2.png?260305,,,,,,,,,,,,,,,,,,,,,,,,OP05-097_p2,0,0,0,0,1,0,missing_printing_market_map
826,OP05-097,Mary Geoise,C,,2761,826,OP05-097::prb02,,alt,Prb02,local-catalog,thumbs/OP05-097(PRB02).webp,,,,,,,,,,,,,,,,,,,,,,,,,OP05-097::prb02,0,0,0,0,1,0,missing_printing_market_map
826,OP05-097,Mary Geoise,C,,2762,826,OP05-097_r1,,r1,R1,official-cardlist,PRB02/reprint/OP05-097_r1.png,https://en.onepiece-cardgame.com/images/cardlist/card/OP05-097_r1.png?260305,,,,,,,,,,,,,,,,,,,,,,,,OP05-097_r1,0,0,0,0,1,0,missing_printing_market_map
827,OP05-098,Enel,L,,2765,827,OP05-098::alt,,alt,Alt,local-catalog,thumbs/OP05-098(alt).webp,,,,,,,,,,,,,,,,,,,,,,,,,OP05-098::alt,0,0,0,0,1,0,missing_printing_market_map
827,OP05-098,Enel,L,,2766,827,OP05-098::best alt,,alt,Best Alt,local-catalog,thumbs/OP05-098(best alt).webp,,,,,,,,,,,,,,,,,,,,,,,,,OP05-098::best alt,0,0,0,0,1,0,missing_printing_market_map
827,OP05-098,Enel,L,,2767,827,OP05-098_p1,,parallel_1,Parallel 1,official-cardlist,OP05/parallel/OP05-098_p1.png,https://en.onepiece-cardgame.com/images/cardlist/card/OP05-098_p1.png?260305,,,,,,,,,,,,,,,,,,,,,,,,OP05-098_p1,0,0,0,0,1,0,missing_printing_market_map
827,OP05-098,Enel,L,,2768,827,OP05-098_p2,,parallel_2,Parallel 2,official-cardlist,EB02/parallel/OP05-098_p2.png,https://en.onepiece-cardgame.com/images/cardlist/card/OP05-098_p2.png?260305,,,,,,,,,,,,,,,,,,,,,,,,OP05-098_p2,0,0,0,0,1,0,missing_printing_market_map
827,OP05-098,Enel,L,,2769,827,OP05-098::sound loader alt,,promo,Sound Loader Alt,local-catalog,thumbs/OP05-098 SOUND LOADER alt.webp,,,,,,,,,,,,,,,,,,,,,,,,,OP05-098::sound loader alt,0,0,0,0,1,0,missing_printing_market_map
829,OP05-100,Enel,SR,,2774,829,OP05-100::alt,,alt,Alt,local-catalog,thumbs/OP05-100alt.webp,,,,,,,,,,,,,,,,,,,,,,,,,OP05-100::alt,0,0,0,0,1,0,missing_printing_market_map
829,OP05-100,Enel,SR,,2775,829,OP05-100::alt art 2,,alt,Alt Art 2,local-catalog,thumbs/OP05-100alt2.webp,,,,,,,,,,,,,,,,,,,,,,,,,OP05-100::alt art 2,0,0,0,0,1,0,missing_printing_market_map
829,OP05-100,Enel,SR,,2776,829,OP05-100_p1,,parallel_1,Parallel 1,official-cardlist,OP05/parallel/OP05-100_p1.png,https://en.onepiece-cardgame.com/images/cardlist/card/OP05-100_p1.png?260305,,,,,,,,,,,,,,,,,,,,,,,,OP05-100_p1,0,0,0,0,1,0,missing_printing_market_map
829,OP05-100,Enel,SR,,2777,829,OP05-100_p2,,parallel_2,Parallel 2,official-cardlist,OP05/parallel/OP05-100_p2.png,https://en.onepiece-cardgame.com/images/cardlist/card/OP05-100_p2.png?260305,,,,,,,,,,,,,,,,,,,,,,,,OP05-100_p2,0,0,0,0,1,0,missing_printing_market_map
831,OP05-102,Gedatsu,R,,2782,831,OP05-102::a t,,operator_review,A T,local-catalog,thumbs/OP05-102at.webp,,,,,,,,,,,,,,,,,,,,,,,,,OP05-102::a t,0,0,0,0,1,0,missing_printing_market_map
831,OP05-102,Gedatsu,R,,2783,831,OP05-102_p1,,parallel_1,Parallel 1,official-cardlist,OP05/parallel/OP05-102_p1.png,https://en.onepiece-cardgame.com/images/cardlist/card/OP05-102_p1.png?260305,,,,,,,,,,,,,,,,,,,,,,,,OP05-102_p1,0,0,0,0,1,0,missing_printing_market_map
831,OP05-102,Gedatsu,R,,2784,831,OP05-102_r1,,r1,R1,official-cardlist,PRB02/reprint/OP05-102_r1.png,https://en.onepiece-cardgame.com/images/cardlist/card/OP05-102_r1.png?260305,,,,,,,,,,,,,,,,,,,,,,,,OP05-102_r1,0,0,0,0,1,0,missing_printing_market_map
834,OP05-105,Satori,R,,2791,834,OP05-105_p2,,parallel_2,Parallel 2,official-cardlist,PRB01/parallel/OP05-105_p2.png,https://en.onepiece-cardgame.com/images/cardlist/card/OP05-105_p2.png?260305,,,,,,,,,,,,,,,,,,,,,,,,OP05-105_p2,0,0,0,0,1,0,missing_printing_market_map
834,OP05-105,Satori,R,,2792,834,OP05-105_p3,,parallel_3,Parallel 3,official-cardlist,PRB01/parallel/OP05-105_p3.png,https://en.onepiece-cardgame.com/images/cardlist/card/OP05-105_p3.png?260305,,,,,,,,,,,,,,,,,,,,,,,,OP05-105_p3,0,0,0,0,1,0,missing_printing_market_map
834,OP05-105,Satori,R,,2793,834,OP05-105_p4,,parallel_4,Parallel 4,official-cardlist,PRB01/parallel/OP05-105_p4.png,https://en.onepiece-cardgame.com/images/cardlist/card/OP05-105_p4.png?260305,,,,,,,,,,,,,,,,,,,,,,,,OP05-105_p4,0,0,0,0,1,0,missing_printing_market_map
834,OP05-105,Satori,R,,2794,834,OP05-105::prb01alt,,alt,Prb01Alt,local-catalog,thumbs/OP05-105(PRB01alt).webp,,,,,,,,,,,,,,,,,,,,,,,,,OP05-105::prb01alt,0,0,0,0,1,0,missing_printing_market_map
834,OP05-105,Satori,R,,2795,834,OP05-105_r1,,r1,R1,official-cardlist,PRB01/reprint/OP05-105_r1.png,https://en.onepiece-cardgame.com/images/cardlist/card/OP05-105_r1.png?260305,,,,,,,,,,,,,,,,,,,,,,,,OP05-105_r1,0,0,0,0,1,0,missing_printing_market_map
835,OP05-106,Shura,R,,2798,835,OP05-106::alt,,alt,Alt,local-catalog,thumbs/OP05-106alt.webp,,,,,,,,,,,,,,,,,,,,,,,,,OP05-106::alt,0,0,0,0,1,0,missing_printing_market_map
835,OP05-106,Shura,R,,2799,835,OP05-106_p1,,parallel_1,Parallel 1,official-cardlist,TP07/parallel/OP05-106_p1.png,https://en.onepiece-cardgame.com/images/cardlist/card/OP05-106_p1.png?260305,,,,,,,,,,,,,,,,,,,,,,,,OP05-106_p1,0,0,0,0,1,0,missing_printing_market_map
835,OP05-106,Shura,R,,2800,835,OP05-106::winner alt,,alt,Winner Alt,local-catalog,thumbs/OP05-106 Winner alt.webp,,,,,,,,,,,,,,,,,,,,,,,,,OP05-106::winner alt,0,0,0,0,1,0,missing_printing_market_map
843,OP05-114,El Thor,UC,,2817,843,OP05-114::alt,,alt,Alt,local-catalog,thumbs/OP05-114alt.webp,,,,,,,,,,,,,,,,,,,,,,,,,OP05-114::alt,0,0,0,0,1,0,missing_printing_market_map
843,OP05-114,El Thor,UC,,2818,843,OP05-114_p2,,parallel_2,Parallel 2,official-cardlist,PRB01/parallel/OP05-114_p2.png,https://en.onepiece-cardgame.com/images/cardlist/card/OP05-114_p2.png?260305,,,,,,,,,,,,,,,,,,,,,,,,OP05-114_p2,0,0,0,0,1,0,missing_printing_market_map
843,OP05-114,El Thor,UC,,2819,843,OP05-114_p3,,parallel_3,Parallel 3,official-cardlist,PRB01/parallel/OP05-114_p3.png,https://en.onepiece-cardgame.com/images/cardlist/card/OP05-114_p3.png?260305,,,,,,,,,,,,,,,,,,,,,,,,OP05-114_p3,0,0,0,0,1,0,missing_printing_market_map
843,OP05-114,El Thor,UC,,2820,843,OP05-114_r1,,r1,R1,official-cardlist,PRB01/reprint/OP05-114_r1.png,https://en.onepiece-cardgame.com/images/cardlist/card/OP05-114_r1.png?260305,,,,,,,,,,,,,,,,,,,,,,,,OP05-114_r1,0,0,0,0,1,0,missing_printing_market_map
844,OP05-115,Two-Hundred Million Volts Amaru,R,,2823,844,OP05-115_p2,,parallel_2,Parallel 2,official-cardlist,PRB01/parallel/OP05-115_p2.png,https://en.onepiece-cardgame.com/images/cardlist/card/OP05-115_p2.png?260305,,,,,,,,,,,,,,,,,,,,,,,,OP05-115_p2,0,0,0,0,1,0,missing_printing_market_map
844,OP05-115,Two-Hundred Million Volts Amaru,R,,2824,844,OP05-115_p3,,parallel_3,Parallel 3,official-cardlist,PRB01/parallel/OP05-115_p3.png,https://en.onepiece-cardgame.com/images/cardlist/card/OP05-115_p3.png?260305,,,,,,,,,,,,,,,,,,,,,,,,OP05-115_p3,0,0,0,0,1,0,missing_printing_market_map
844,OP05-115,Two-Hundred Million Volts Amaru,R,,2825,844,OP05-115_p4,,parallel_4,Parallel 4,official-cardlist,PRB01/parallel/OP05-115_p4.png,https://en.onepiece-cardgame.com/images/cardlist/card/OP05-115_p4.png?260305,,,,,,,,,,,,,,,,,,,,,,,,OP05-115_p4,0,0,0,0,1,0,missing_printing_market_map
844,OP05-115,Two-Hundred Million Volts Amaru,R,,2826,844,OP05-115::prb01alt,,alt,Prb01Alt,local-catalog,thumbs/OP05-115(PRB01alt).webp,,,,,,,,,,,,,,,,,,,,,,,,,OP05-115::prb01alt,0,0,0,0,1,0,missing_printing_market_map
844,OP05-115,Two-Hundred Million Volts Amaru,R,,2827,844,OP05-115_r1,,r1,R1,official-cardlist,PRB01/reprint/OP05-115_r1.png,https://en.onepiece-cardgame.com/images/cardlist/card/OP05-115_r1.png?260305,,,,,,,,,,,,,,,,,,,,,,,,OP05-115_r1,0,0,0,0,1,0,missing_printing_market_map
846,OP05-117,Upper Yard,UC,,2832,846,OP05-117_p2,,parallel_2,Parallel 2,official-cardlist,PRB01/parallel/OP05-117_p2.png,https://en.onepiece-cardgame.com/images/cardlist/card/OP05-117_p2.png?260305,,,,,,,,,,,,,,,,,,,,,,,,OP05-117_p2,0,0,0,0,1,0,missing_printing_market_map
846,OP05-117,Upper Yard,UC,,2833,846,OP05-117_p3,,parallel_3,Parallel 3,official-cardlist,PRB01/parallel/OP05-117_p3.png,https://en.onepiece-cardgame.com/images/cardlist/card/OP05-117_p3.png?260305,,,,,,,,,,,,,,,,,,,,,,,,OP05-117_p3,0,0,0,0,1,0,missing_printing_market_map
846,OP05-117,Upper Yard,UC,,2834,846,OP05-117_p4,,parallel_4,Parallel 4,official-cardlist,PRB01/parallel/OP05-117_p4.png,https://en.onepiece-cardgame.com/images/cardlist/card/OP05-117_p4.png?260305,,,,,,,,,,,,,,,,,,,,,,,,OP05-117_p4,0,0,0,0,1,0,missing_printing_market_map
846,OP05-117,Upper Yard,UC,,2835,846,OP05-117::prb01alt,,alt,Prb01Alt,local-catalog,thumbs/OP05-117(PRB01alt).webp,,,,,,,,,,,,,,,,,,,,,,,,,OP05-117::prb01alt,0,0,0,0,1,0,missing_printing_market_map
846,OP05-117,Upper Yard,UC,,2836,846,OP05-117_r1,,r1,R1,official-cardlist,PRB01/reprint/OP05-117_r1.png,https://en.onepiece-cardgame.com/images/cardlist/card/OP05-117_r1.png?260305,,,,,,,,,,,,,,,,,,,,,,,,OP05-117_r1,0,0,0,0,1,0,missing_printing_market_map
847,OP05-118,Kaido,SEC,,2839,847,OP05-118::alt,,alt,Alt,local-catalog,thumbs/OP05-118alt.webp,,,,,,,,,,,,,,,,,,,,,,,,,OP05-118::alt,0,0,0,0,1,0,missing_printing_market_map
847,OP05-118,Kaido,SEC,,2840,847,OP05-118_p1,,parallel_1,Parallel 1,official-cardlist,OP05/parallel/OP05-118_p1.png,https://en.onepiece-cardgame.com/images/cardlist/card/OP05-118_p1.png?260305,,,,,,,,,,,,,,,,,,,,,,,,OP05-118_p1,0,0,0,0,1,0,missing_printing_market_map
847,OP05-118,Kaido,SEC,,2841,847,OP05-118_p3,,parallel_3,Parallel 3,official-cardlist,PRB01/parallel/OP05-118_p3.png,https://en.onepiece-cardgame.com/images/cardlist/card/OP05-118_p3.png?260305,,,,,,,,,,,,,,,,,,,,,,,,OP05-118_p3,0,0,0,0,1,0,missing_printing_market_map
847,OP05-118,Kaido,SEC,,2842,847,OP05-118::prb01alt,,alt,Prb01Alt,local-catalog,thumbs/OP05-118(PRB01alt).webp,,,,,,,,,,,,,,,,,,,,,,,,,OP05-118::prb01alt,0,0,0,0,1,0,missing_printing_market_map
847,OP05-118,Kaido,SEC,,2843,847,OP05-118_r1,,r1,R1,official-cardlist,PRB01/reprint/OP05-118_r1.png,https://en.onepiece-cardgame.com/images/cardlist/card/OP05-118_r1.png?260305,,,,,,,,,,,,,,,,,,,,,,,,OP05-118_r1,0,0,0,0,1,0,missing_printing_market_map
848,OP05-119,Monkey.D.Luffy,SEC,,2846,848,OP05-119::alt,,alt,Alt,local-catalog,thumbs/OP05-119(alt).webp,,,,,,,,,,,,,,,,,,,,,,,,,OP05-119::alt,0,0,0,0,1,0,missing_printing_market_map
848,OP05-119,Monkey.D.Luffy,SEC,,2847,848,OP05-119::mnaga rare,,mr,Mnaga Rare,local-catalog,thumbs/OP05-119 Mnaga Rare.webp,,,,,,,,,,,,,,,,,,,,,,,,,OP05-119::mnaga rare,0,0,0,0,1,0,missing_printing_market_map
848,OP05-119,Monkey.D.Luffy,SEC,,2848,848,OP05-119_p1,,parallel_1,Parallel 1,official-cardlist,OP05/parallel/OP05-119_p1.png,https://en.onepiece-cardgame.com/images/cardlist/card/OP05-119_p1.png?260305,,,,,,,,,,,,,,,,,,,,,,,,OP05-119_p1,0,0,0,0,1,0,missing_printing_market_map
848,OP05-119,Monkey.D.Luffy,SEC,,2849,848,OP05-119_p2,,parallel_2,Parallel 2,official-cardlist,OP05/parallel/OP05-119_p2.png,https://en.onepiece-cardgame.com/images/cardlist/card/OP05-119_p2.png?260305,,,,,,,,,,,,,,,,,,,,,,,,OP05-119_p2,0,0,0,0,1,0,missing_printing_market_map
848,OP05-119,Monkey.D.Luffy,SEC,,2850,848,OP05-119_p4,,parallel_4,Parallel 4,official-cardlist,PRB01/parallel/OP05-119_p4.png,https://en.onepiece-cardgame.com/images/cardlist/card/OP05-119_p4.png?260305,,,,,,,,,,,,,,,,,,,,,,,,OP05-119_p4,0,0,0,0,1,0,missing_printing_market_map
848,OP05-119,Monkey.D.Luffy,SEC,,2851,848,OP05-119_p6,,parallel_6,Parallel 6,official-cardlist,OP09/parallel/OP05-119_p6.png,https://en.onepiece-cardgame.com/images/cardlist/card/OP05-119_p6.png?260305,,,,,,,,,,,,,,,,,,,,,,,,OP05-119_p6,0,0,0,0,1,0,missing_printing_market_map
848,OP05-119,Monkey.D.Luffy,SEC,,2852,848,OP05-119_p7,,parallel_7,Parallel 7,official-cardlist,OP11/parallel/OP05-119_p7.png,https://en.onepiece-cardgame.com/images/cardlist/card/OP05-119_p7.png?260305,,,,,,,,,,,,,,,,,,,,,,,,OP05-119_p7,0,0,0,0,1,0,missing_printing_market_map
848,OP05-119,Monkey.D.Luffy,SEC,,2853,848,OP05-119_p8,,parallel_8,Parallel 8,official-cardlist,OP11/parallel/OP05-119_p8.png,https://en.onepiece-cardgame.com/images/cardlist/card/OP05-119_p8.png?260305,,,,,,,,,,,,,,,,,,,,,,,,OP05-119_p8,0,0,0,0,1,0,missing_printing_market_map
848,OP05-119,Monkey.D.Luffy,SEC,,2854,848,OP05-119::prb01alt,,alt,Prb01Alt,local-catalog,thumbs/OP05-119(PRB01alt).webp,,,,,,,,,,,,,,,,,,,,,,,,,OP05-119::prb01alt,0,0,0,0,1,0,missing_printing_market_map
848,OP05-119,Monkey.D.Luffy,SEC,,2855,848,OP05-119_r1,,r1,R1,official-cardlist,PRB01/reprint/OP05-119_r1.png,https://en.onepiece-cardgame.com/images/cardlist/card/OP05-119_r1.png?260305,,,,,,,,,,,,,,,,,,,,,,,,OP05-119_r1,0,0,0,0,1,0,missing_printing_market_map
848,OP05-119,Monkey.D.Luffy,SEC,,2856,848,OP05-119_r2,,r2,R2,official-cardlist,PRB01/reprint/OP05-119_r2.png,https://en.onepiece-cardgame.com/images/cardlist/card/OP05-119_r2.png?260305,,,,,,,,,,,,,,,,,,,,,,,,OP05-119_r2,0,0,0,0,1,0,missing_printing_market_map
848,OP05-119,Monkey.D.Luffy,SEC,,2857,848,OP05-119::sp1,,sp,SP1,local-catalog,thumbs/OP05-119(SP1).webp,,,,,,,,,,,,,,,,,,,,,,,,,OP05-119::sp1,0,0,0,0,1,0,missing_printing_market_map
848,OP05-119,Monkey.D.Luffy,SEC,,2858,848,OP05-119::sp2,,sp,SP2,local-catalog,thumbs/OP05-119(SP2).webp,,,,,,,,,,,,,,,,,,,,,,,,,OP05-119::sp2,0,0,0,0,1,0,missing_printing_market_map
848,OP05-119,Monkey.D.Luffy,SEC,,2859,848,OP05-119::w orldalt,,alt,W Orldalt,local-catalog,thumbs/OP05-119worldalt.webp,,,,,,,,,,,,,,,,,,,,,,,,,OP05-119::w orldalt,0,0,0,0,1,0,missing_printing_market_map
848,OP05-119,Monkey.D.Luffy,SEC,,2860,848,OP05-119::w orldalt 2nd place,,alt,W Orldalt 2Nd Place,local-catalog,thumbs/OP05-119worldalt(2nd place).webp,,,,,,,,,,,,,,,,,,,,,,,,,OP05-119::w orldalt 2nd place,0,0,0,0,1,0,missing_printing_market_map
848,OP05-119,Monkey.D.Luffy,SEC,,2861,848,OP05-119::w orldalt 3rd place,,alt,W Orldalt 3Rd Place,local-catalog,thumbs/OP05-119worldalt(3rd place).webp,,,,,,,,,,,,,,,,,,,,,,,,,OP05-119::w orldalt 3rd place,0,0,0,0,1,0,missing_printing_market_map
848,OP05-119,Monkey.D.Luffy,SEC,,2862,848,OP05-119::wantedalt,,alt,Wantedalt,local-catalog,thumbs/OP05-119ًWANTEDalt.webp,,,,,,,,,,,,,,,,,,,,,,,,,OP05-119::wantedalt,0,0,0,0,1,0,missing_printing_market_map
849,OP06-001,Uta,L,,2865,849,OP06-001::alt,,alt,Alt,local-catalog,thumbs/OP06-001alt.webp,,,,,,,,,,,,,,,,,,,,,,,,,OP06-001::alt,0,0,0,0,1,0,missing_printing_market_map
849,OP06-001,Uta,L,,2866,849,OP06-001_p1,,parallel_1,Parallel 1,official-cardlist,OP06/parallel/OP06-001_p1.png,https://en.onepiece-cardgame.com/images/cardlist/card/OP06-001_p1.png?260305,,,,,,,,,,,,,,,,,,,,,,,,OP06-001_p1,0,0,0,0,1,0,missing_printing_market_map
849,OP06-001,Uta,L,,2867,849,OP06-001_p2,,parallel_2,Parallel 2,official-cardlist,EB02/parallel/OP06-001_p2.png,https://en.onepiece-cardgame.com/images/cardlist/card/OP06-001_p2.png?260305,,,,,,,,,,,,,,,,,,,,,,,,OP06-001_p2,0,0,0,0,1,0,missing_printing_market_map
851,OP06-003,Emporio.Ivankov,UC,,2872,851,OP06-003_p2,,parallel_2,Parallel 2,official-cardlist,PRB01/parallel/OP06-003_p2.png,https://en.onepiece-cardgame.com/images/cardlist/card/OP06-003_p2.png?260305,,,,,,,,,,,,,,,,,,,,,,,,OP06-003_p2,0,0,0,0,1,0,missing_printing_market_map
851,OP06-003,Emporio.Ivankov,UC,,2873,851,OP06-003_p3,,parallel_3,Parallel 3,official-cardlist,PRB01/parallel/OP06-003_p3.png,https://en.onepiece-cardgame.com/images/cardlist/card/OP06-003_p3.png?260305,,,,,,,,,,,,,,,,,,,,,,,,OP06-003_p3,0,0,0,0,1,0,missing_printing_market_map
851,OP06-003,Emporio.Ivankov,UC,,2874,851,OP06-003::prb01alt,,alt,Prb01Alt,local-catalog,thumbs/OP06-003(PRB01alt).webp,,,,,,,,,,,,,,,,,,,,,,,,,OP06-003::prb01alt,0,0,0,0,1,0,missing_printing_market_map
851,OP06-003,Emporio.Ivankov,UC,,2875,851,OP06-003_r1,,r1,R1,official-cardlist,PRB01/reprint/OP06-003_r1.png,https://en.onepiece-cardgame.com/images/cardlist/card/OP06-003_r1.png?260305,,,,,,,,,,,,,,,,,,,,,,,,OP06-003_r1,0,0,0,0,1,0,missing_printing_market_map
855,OP06-007,Shanks,SR,,2884,855,OP06-007::alt,,alt,Alt,local-catalog,thumbs/OP06-007alt.webp,,,,,,,,,,,,,,,,,,,,,,,,,OP06-007::alt,0,0,0,0,1,0,missing_printing_market_map
855,OP06-007,Shanks,SR,,2885,855,OP06-007_p1,,parallel_1,Parallel 1,official-cardlist,OP06/parallel/OP06-007_p1.png,https://en.onepiece-cardgame.com/images/cardlist/card/OP06-007_p1.png?260305,,,,,,,,,,,,,,,,,,,,,,,,OP06-007_p1,0,0,0,0,1,0,missing_printing_market_map
855,OP06-007,Shanks,SR,,2886,855,OP06-007_p2,,parallel_2,Parallel 2,official-cardlist,PRB02/parallel/OP06-007_p2.png,https://en.onepiece-cardgame.com/images/cardlist/card/OP06-007_p2.png?260305,,,,,,,,,,,,,,,,,,,,,,,,OP06-007_p2,0,0,0,0,1,0,missing_printing_market_map
855,OP06-007,Shanks,SR,,2887,855,OP06-007::prb02,,alt,Prb02,local-catalog,thumbs/OP06-007(PRB02).webp,,,,,,,,,,,,,,,,,,,,,,,,,OP06-007::prb02,0,0,0,0,1,0,missing_printing_market_map
855,OP06-007,Shanks,SR,,2888,855,OP06-007_r1,,r1,R1,official-cardlist,PRB02/reprint/OP06-007_r1.png,https://en.onepiece-cardgame.com/images/cardlist/card/OP06-007_r1.png?260305,,,,,,,,,,,,,,,,,,,,,,,,OP06-007_r1,0,0,0,0,1,0,missing_printing_market_map
857,OP06-009,Shuraiya,SR,,2893,857,OP06-009::alt,,alt,Alt,local-catalog,thumbs/OP06-009alt.webp,,,,,,,,,,,,,,,,,,,,,,,,,OP06-009::alt,0,0,0,0,1,0,missing_printing_market_map
857,OP06-009,Shuraiya,SR,,2894,857,OP06-009_p1,,parallel_1,Parallel 1,official-cardlist,OP06/parallel/OP06-009_p1.png,https://en.onepiece-cardgame.com/images/cardlist/card/OP06-009_p1.png?260305,,,,,,,,,,,,,,,,,,,,,,,,OP06-009_p1,0,0,0,0,1,0,missing_printing_market_map
861,OP06-013,Monkey.D.Luffy,R,,2903,861,OP06-013::alt,,alt,Alt,local-catalog,thumbs/OP06-013alt.webp,,,,,,,,,,,,,,,,,,,,,,,,,OP06-013::alt,0,0,0,0,1,0,missing_printing_market_map
861,OP06-013,Monkey.D.Luffy,R,,2904,861,OP06-013_p1,,parallel_1,Parallel 1,official-cardlist,OP06/parallel/OP06-013_p1.png,https://en.onepiece-cardgame.com/images/cardlist/card/OP06-013_p1.png?260305,,,,,,,,,,,,,,,,,,,,,,,,OP06-013_p1,0,0,0,0,1,0,missing_printing_market_map
864,OP06-016,Raise Max,UC,,2911,864,OP06-016::alt,,alt,Alt,local-catalog,thumbs/OP06-016(alt).webp,,,,,,,,,,,,,,,,,,,,,,,,,OP06-016::alt,0,0,0,0,1,0,missing_printing_market_map
864,OP06-016,Raise Max,UC,,2912,864,OP06-016_p1,,parallel_1,Parallel 1,official-cardlist,BCV3/parallel/OP06-016_p1.png,https://en.onepiece-cardgame.com/images/cardlist/card/OP06-016_p1.png?260305,,,,,,,,,,,,,,,,,,,,,,,,OP06-016_p1,0,0,0,0,1,0,missing_printing_market_map
868,OP06-020,Hody Jones,L,,2921,868,OP06-020::alt,,alt,Alt,local-catalog,thumbs/OP06-020alt.webp,,,,,,,,,,,,,,,,,,,,,,,,,OP06-020::alt,0,0,0,0,1,0,missing_printing_market_map
868,OP06-020,Hody Jones,L,,2922,868,OP06-020_p1,,parallel_1,Parallel 1,official-cardlist,OP06/parallel/OP06-020_p1.png,https://en.onepiece-cardgame.com/images/cardlist/card/OP06-020_p1.png?260305,,,,,,,,,,,,,,,,,,,,,,,,OP06-020_p1,0,0,0,0,1,0,missing_printing_market_map
868,OP06-020,Hody Jones,L,,2923,868,OP06-020_p2,,parallel_2,Parallel 2,official-cardlist,EB02/parallel/OP06-020_p2.png,https://en.onepiece-cardgame.com/images/cardlist/card/OP06-020_p2.png?260305,,,,,,,,,,,,,,,,,,,,,,,,OP06-020_p2,0,0,0,0,1,0,missing_printing_market_map
869,OP06-021,Perona,L,,2926,869,OP06-021::alt,,alt,Alt,local-catalog,thumbs/OP06-021alt.webp,,,,,,,,,,,,,,,,,,,,,,,,,OP06-021::alt,0,0,0,0,1,0,missing_printing_market_map
869,OP06-021,Perona,L,,2927,869,OP06-021_p1,,parallel_1,Parallel 1,official-cardlist,OP06/parallel/OP06-021_p1.png,https://en.onepiece-cardgame.com/images/cardlist/card/OP06-021_p1.png?260305,,,,,,,,,,,,,,,,,,,,,,,,OP06-021_p1,0,0,0,0,1,0,missing_printing_market_map
869,OP06-021,Perona,L,,2928,869,OP06-021_p2,,parallel_2,Parallel 2,official-cardlist,EB02/parallel/OP06-021_p2.png,https://en.onepiece-cardgame.com/images/cardlist/card/OP06-021_p2.png?260305,,,,,,,,,,,,,,,,,,,,,,,,OP06-021_p2,0,0,0,0,1,0,missing_printing_market_map
870,OP06-022,Yamato,L,,2931,870,OP06-022::alt,,alt,Alt,local-catalog,thumbs/OP06-022alt.webp,,,,,,,,,,,,,,,,,,,,,,,,,OP06-022::alt,0,0,0,0,1,0,missing_printing_market_map
870,OP06-022,Yamato,L,,2932,870,OP06-022_p1,,parallel_1,Parallel 1,official-cardlist,OP06/parallel/OP06-022_p1.png,https://en.onepiece-cardgame.com/images/cardlist/card/OP06-022_p1.png?260305,,,,,,,,,,,,,,,,,,,,,,,,OP06-022_p1,0,0,0,0,1,0,missing_printing_market_map
870,OP06-022,Yamato,L,,2933,870,OP06-022_p2,,parallel_2,Parallel 2,official-cardlist,EB02/parallel/OP06-022_p2.png,https://en.onepiece-cardgame.com/images/cardlist/card/OP06-022_p2.png?260305,,,,,,,,,,,,,,,,,,,,,,,,OP06-022_p2,0,0,0,0,1,0,missing_printing_market_map
870,OP06-022,Yamato,L,,2934,870,OP06-022_p3,,parallel_3,Parallel 3,official-cardlist,ST28/parallel/OP06-022_p3.png,https://en.onepiece-cardgame.com/images/cardlist/card/OP06-022_p3.png?260305,,,,,,,,,,,,,,,,,,,,,,,,OP06-022_p3,0,0,0,0,1,0,missing_printing_market_map
870,OP06-022,Yamato,L,,2935,870,OP06-022::st28,,alt,St28,local-catalog,thumbs/OP06-022(ST28).webp,,,,,,,,,,,,,,,,,,,,,,,,,OP06-022::st28,0,0,0,0,1,0,missing_printing_market_map
871,OP06-023,Arlong,R,,2938,871,OP06-023_p2,,parallel_2,Parallel 2,official-cardlist,PRB01/parallel/OP06-023_p2.png,https://en.onepiece-cardgame.com/images/cardlist/card/OP06-023_p2.png?260305,,,,,,,,,,,,,,,,,,,,,,,,OP06-023_p2,0,0,0,0,1,0,missing_printing_market_map
871,OP06-023,Arlong,R,,2939,871,OP06-023_p3,,parallel_3,Parallel 3,official-cardlist,PRB01/parallel/OP06-023_p3.png,https://en.onepiece-cardgame.com/images/cardlist/card/OP06-023_p3.png?260305,,,,,,,,,,,,,,,,,,,,,,,,OP06-023_p3,0,0,0,0,1,0,missing_printing_market_map
871,OP06-023,Arlong,R,,2940,871,OP06-023_p4,,parallel_4,Parallel 4,official-cardlist,PRB01/parallel/OP06-023_p4.png,https://en.onepiece-cardgame.com/images/cardlist/card/OP06-023_p4.png?260305,,,,,,,,,,,,,,,,,,,,,,,,OP06-023_p4,0,0,0,0,1,0,missing_printing_market_map
871,OP06-023,Arlong,R,,2941,871,OP06-023::prb01alt2,,alt,Prb01Alt2,local-catalog,thumbs/OP06-023(PRB01alt2).webp,,,,,,,,,,,,,,,,,,,,,,,,,OP06-023::prb01alt2,0,0,0,0,1,0,missing_printing_market_map
871,OP06-023,Arlong,R,,2942,871,OP06-023_r1,,r1,R1,official-cardlist,PRB01/reprint/OP06-023_r1.png,https://en.onepiece-cardgame.com/images/cardlist/card/OP06-023_r1.png?260305,,,,,,,,,,,,,,,,,,,,,,,,OP06-023_r1,0,0,0,0,1,0,missing_printing_market_map
873,OP06-025,Camie,R,,2947,873,OP06-025::alt,,alt,Alt,local-catalog,thumbs/OP06-025alt.webp,,,,,,,,,,,,,,,,,,,,,,,,,OP06-025::alt,0,0,0,0,1,0,missing_printing_market_map
873,OP06-025,Camie,R,,2948,873,OP06-025::alt art 2,,alt,Alt Art 2,local-catalog,thumbs/OP06-025alt2.webp,,,,,,,,,,,,,,,,,,,,,,,,,OP06-025::alt art 2,0,0,0,0,1,0,missing_printing_market_map
873,OP06-025,Camie,R,,2949,873,OP06-025_p1,,parallel_1,Parallel 1,official-cardlist,OP06/parallel/OP06-025_p1.png,https://en.onepiece-cardgame.com/images/cardlist/card/OP06-025_p1.png?260305,,,,,,,,,,,,,,,,,,,,,,,,OP06-025_p1,0,0,0,0,1,0,missing_printing_market_map
883,OP06-035,Hody Jones,SR,,2970,883,OP06-035::alt,,alt,Alt,local-catalog,thumbs/OP06-035alt.webp,,,,,,,,,,,,,,,,,,,,,,,,,OP06-035::alt,0,0,0,0,1,0,missing_printing_market_map
883,OP06-035,Hody Jones,SR,,2971,883,OP06-035_p1,,parallel_1,Parallel 1,official-cardlist,OP06/parallel/OP06-035_p1.png,https://en.onepiece-cardgame.com/images/cardlist/card/OP06-035_p1.png?260305,,,,,,,,,,,,,,,,,,,,,,,,OP06-035_p1,0,0,0,0,1,0,missing_printing_market_map
883,OP06-035,Hody Jones,SR,,2972,883,OP06-035_p3,,parallel_3,Parallel 3,official-cardlist,PRB01/parallel/OP06-035_p3.png,https://en.onepiece-cardgame.com/images/cardlist/card/OP06-035_p3.png?260305,,,,,,,,,,,,,,,,,,,,,,,,OP06-035_p3,0,0,0,0,1,0,missing_printing_market_map
883,OP06-035,Hody Jones,SR,,2973,883,OP06-035::prb01alt,,alt,Prb01Alt,local-catalog,thumbs/OP06-035(PRB01alt).webp,,,,,,,,,,,,,,,,,,,,,,,,,OP06-035::prb01alt,0,0,0,0,1,0,missing_printing_market_map
883,OP06-035,Hody Jones,SR,,2974,883,OP06-035_r1,,r1,R1,official-cardlist,PRB01/reprint/OP06-035_r1.png,https://en.onepiece-cardgame.com/images/cardlist/card/OP06-035_r1.png?260305,,,,,,,,,,,,,,,,,,,,,,,,OP06-035_r1,0,0,0,0,1,0,missing_printing_market_map
884,OP06-036,Ryuma,R,,2977,884,OP06-036_p2,,parallel_2,Parallel 2,official-cardlist,PRB01/parallel/OP06-036_p2.png,https://en.onepiece-cardgame.com/images/cardlist/card/OP06-036_p2.png?260305,,,,,,,,,,,,,,,,,,,,,,,,OP06-036_p2,0,0,0,0,1,0,missing_printing_market_map
884,OP06-036,Ryuma,R,,2978,884,OP06-036_p3,,parallel_3,Parallel 3,official-cardlist,PRB01/parallel/OP06-036_p3.png,https://en.onepiece-cardgame.com/images/cardlist/card/OP06-036_p3.png?260305,,,,,,,,,,,,,,,,,,,,,,,,OP06-036_p3,0,0,0,0,1,0,missing_printing_market_map
884,OP06-036,Ryuma,R,,2979,884,OP06-036_p4,,parallel_4,Parallel 4,official-cardlist,PRB01/parallel/OP06-036_p4.png,https://en.onepiece-cardgame.com/images/cardlist/card/OP06-036_p4.png?260305,,,,,,,,,,,,,,,,,,,,,,,,OP06-036_p4,0,0,0,0,1,0,missing_printing_market_map
884,OP06-036,Ryuma,R,,2980,884,OP06-036::prb01alt,,alt,Prb01Alt,local-catalog,thumbs/OP06-036(PRB01alt).webp,,,,,,,,,,,,,,,,,,,,,,,,,OP06-036::prb01alt,0,0,0,0,1,0,missing_printing_market_map
884,OP06-036,Ryuma,R,,2981,884,OP06-036_r1,,r1,R1,official-cardlist,PRB01/reprint/OP06-036_r1.png,https://en.onepiece-cardgame.com/images/cardlist/card/OP06-036_r1.png?260305,,,,,,,,,,,,,,,,,,,,,,,,OP06-036_r1,0,0,0,0,1,0,missing_printing_market_map
886,OP06-038,The Billion-fold World Trichiliocosm,UC,,2986,886,OP06-038::alt,,alt,Alt,local-catalog,thumbs/OP06-038alt.webp,,,,,,,,,,,,,,,,,,,,,,,,,OP06-038::alt,0,0,0,0,1,0,missing_printing_market_map
886,OP06-038,The Billion-fold World Trichiliocosm,UC,,2987,886,OP06-038_p2,,parallel_2,Parallel 2,official-cardlist,PRB01/parallel/OP06-038_p2.png,https://en.onepiece-cardgame.com/images/cardlist/card/OP06-038_p2.png?260305,,,,,,,,,,,,,,,,,,,,,,,,OP06-038_p2,0,0,0,0,1,0,missing_printing_market_map
886,OP06-038,The Billion-fold World Trichiliocosm,UC,,2988,886,OP06-038_p3,,parallel_3,Parallel 3,official-cardlist,PRB01/parallel/OP06-038_p3.png,https://en.onepiece-cardgame.com/images/cardlist/card/OP06-038_p3.png?260305,,,,,,,,,,,,,,,,,,,,,,,,OP06-038_p3,0,0,0,0,1,0,missing_printing_market_map
886,OP06-038,The Billion-fold World Trichiliocosm,UC,,2989,886,OP06-038_r1,,r1,R1,official-cardlist,PRB01/reprint/OP06-038_r1.png,https://en.onepiece-cardgame.com/images/cardlist/card/OP06-038_r1.png?260305,,,,,,,,,,,,,,,,,,,,,,,,OP06-038_r1,0,0,0,0,1,0,missing_printing_market_map
890,OP06-042,Vinsmoke Reiju,L,,2998,890,OP06-042::alt,,alt,Alt,local-catalog,thumbs/OP06-042alt.webp,,,,,,,,,,,,,,,,,,,,,,,,,OP06-042::alt,0,0,0,0,1,0,missing_printing_market_map
890,OP06-042,Vinsmoke Reiju,L,,2999,890,OP06-042_p1,,parallel_1,Parallel 1,official-cardlist,OP06/parallel/OP06-042_p1.png,https://en.onepiece-cardgame.com/images/cardlist/card/OP06-042_p1.png?260305,,,,,,,,,,,,,,,,,,,,,,,,OP06-042_p1,0,0,0,0,1,0,missing_printing_market_map
890,OP06-042,Vinsmoke Reiju,L,,3000,890,OP06-042_p2,,parallel_2,Parallel 2,official-cardlist,EB02/parallel/OP06-042_p2.png,https://en.onepiece-cardgame.com/images/cardlist/card/OP06-042_p2.png?260305,,,,,,,,,,,,,,,,,,,,,,,,OP06-042_p2,0,0,0,0,1,0,missing_printing_market_map
891,OP06-043,Aramaki,SR,,3003,891,OP06-043::alt,,alt,Alt,local-catalog,thumbs/OP06-043alt.webp,,,,,,,,,,,,,,,,,,,,,,,,,OP06-043::alt,0,0,0,0,1,0,missing_printing_market_map
891,OP06-043,Aramaki,SR,,3004,891,OP06-043_p1,,parallel_1,Parallel 1,official-cardlist,OP06/parallel/OP06-043_p1.png,https://en.onepiece-cardgame.com/images/cardlist/card/OP06-043_p1.png?260305,,,,,,,,,,,,,,,,,,,,,,,,OP06-043_p1,0,0,0,0,1,0,missing_printing_market_map
892,OP06-044,Gion,UC,,3007,892,OP06-044_p1,,parallel_1,Parallel 1,official-cardlist,PRB02/parallel/OP06-044_p1.png,https://en.onepiece-cardgame.com/images/cardlist/card/OP06-044_p1.png?260305,,,,,,,,,,,,,,,,,,,,,,,,OP06-044_p1,0,0,0,0,1,0,missing_printing_market_map
892,OP06-044,Gion,UC,,3008,892,OP06-044_r1,,r1,R1,official-cardlist,PRB02/reprint/OP06-044_r1.png,https://en.onepiece-cardgame.com/images/cardlist/card/OP06-044_r1.png?260305,,,,,,,,,,,,,,,,,,,,,,,,OP06-044_r1,0,0,0,0,1,0,missing_printing_market_map
895,OP06-047,Charlotte Pudding,R,,3015,895,OP06-047::alt,,alt,Alt,local-catalog,thumbs/OP06-047alt.webp,,,,,,,,,,,,,,,,,,,,,,,,,OP06-047::alt,0,0,0,0,1,0,missing_printing_market_map
895,OP06-047,Charlotte Pudding,R,,3016,895,OP06-047::alt art 2,,alt,Alt Art 2,local-catalog,thumbs/OP06-047alt2.webp,,,,,,,,,,,,,,,,,,,,,,,,,OP06-047::alt art 2,0,0,0,0,1,0,missing_printing_market_map
895,OP06-047,Charlotte Pudding,R,,3017,895,OP06-047_p1,,parallel_1,Parallel 1,official-cardlist,CS2526CP/parallel/OP06-047_p1.png,https://en.onepiece-cardgame.com/images/cardlist/card/OP06-047_p1.png?260305,,,,,,,,,,,,,,,,,,,,,,,,OP06-047_p1,0,0,0,0,1,0,missing_printing_market_map
895,OP06-047,Charlotte Pudding,R,,3018,895,OP06-047_p2,,parallel_2,Parallel 2,official-cardlist,PRB02/parallel/OP06-047_p2.png,https://en.onepiece-cardgame.com/images/cardlist/card/OP06-047_p2.png?260305,,,,,,,,,,,,,,,,,,,,,,,,OP06-047_p2,0,0,0,0,1,0,missing_printing_market_map
895,OP06-047,Charlotte Pudding,R,,3019,895,OP06-047::prb02,,alt,Prb02,local-catalog,thumbs/OP06-047(PRB02).webp,,,,,,,,,,,,,,,,,,,,,,,,,OP06-047::prb02,0,0,0,0,1,0,missing_printing_market_map
895,OP06-047,Charlotte Pudding,R,,3020,895,OP06-047_r1,,r1,R1,official-cardlist,PRB02/reprint/OP06-047_r1.png,https://en.onepiece-cardgame.com/images/cardlist/card/OP06-047_r1.png?260305,,,,,,,,,,,,,,,,,,,,,,,,OP06-047_r1,0,0,0,0,1,0,missing_printing_market_map
897,OP06-049,Sengoku,C,,3025,897,OP06-049_p1,,parallel_1,Parallel 1,official-cardlist,PRB02/parallel/OP06-049_p1.png,https://en.onepiece-cardgame.com/images/cardlist/card/OP06-049_p1.png?260305,,,,,,,,,,,,,,,,,,,,,,,,OP06-049_p1,0,0,0,0,1,0,missing_printing_market_map
897,OP06-049,Sengoku,C,,3026,897,OP06-049_r1,,r1,R1,official-cardlist,PRB02/reprint/OP06-049_r1.png,https://en.onepiece-cardgame.com/images/cardlist/card/OP06-049_r1.png?260305,,,,,,,,,,,,,,,,,,,,,,,,OP06-049_r1,0,0,0,0,1,0,missing_printing_market_map
898,OP06-050,Tashigi,SP CARD,,3029,898,OP06-050::alt,,alt,Alt,local-catalog,thumbs/OP06-050alt.webp,,,,,,,,,,,,,,,,,,,,,,,,,OP06-050::alt,0,0,0,0,1,0,missing_printing_market_map
898,OP06-050,Tashigi,SP CARD,,3030,898,OP06-050_p1,,parallel_1,Parallel 1,official-cardlist,OP06/parallel/OP06-050_p1.png,https://en.onepiece-cardgame.com/images/cardlist/card/OP06-050_p1.png?260305,,,,,,,,,,,,,,,,,,,,,,,,OP06-050_p1,0,0,0,0,1,0,missing_printing_market_map
898,OP06-050,Tashigi,SP CARD,,3031,898,OP06-050_p2,,parallel_2,Parallel 2,official-cardlist,OP12/parallel/OP06-050_p2.png,https://en.onepiece-cardgame.com/images/cardlist/card/OP06-050_p2.png?260305,,,,,,,,,,,,,,,,,,,,,,,,OP06-050_p2,0,0,0,0,1,0,missing_printing_market_map
898,OP06-050,Tashigi,SP CARD,,3032,898,OP06-050::sp,,sp,SP,local-catalog,thumbs/OP06-050(SP).webp,,,,,,,,,,,,,,,,,,,,,,,,,OP06-050::sp,0,0,0,0,1,0,missing_printing_market_map
899,OP06-051,Tsuru,R,,3035,899,OP06-051_p1,,parallel_1,Parallel 1,official-cardlist,TP2025V4/parallel/OP06-051_p1.png,https://en.onepiece-cardgame.com/images/cardlist/card/OP06-051_p1.png?260305,,,,,,,,,,,,,,,,,,,,,,,,OP06-051_p1,0,0,0,0,1,0,missing_printing_market_map
899,OP06-051,Tsuru,R,,3036,899,OP06-051_p2,,parallel_2,Parallel 2,official-cardlist,_unclassified/parallel/OP06-051_p2.png,https://en.onepiece-cardgame.com/images/cardlist/card/OP06-051_p2.png?260305,,,,,,,,,,,,,,,,,,,,,,,,OP06-051_p2,0,0,0,0,1,0,missing_printing_market_map
904,OP06-056,Ama no Murakumo Sword,UC,,3047,904,OP06-056_p2,,parallel_2,Parallel 2,official-cardlist,PRB01/parallel/OP06-056_p2.png,https://en.onepiece-cardgame.com/images/cardlist/card/OP06-056_p2.png?260305,,,,,,,,,,,,,,,,,,,,,,,,OP06-056_p2,0,0,0,0,1,0,missing_printing_market_map
904,OP06-056,Ama no Murakumo Sword,UC,,3048,904,OP06-056_p3,,parallel_3,Parallel 3,official-cardlist,PRB01/parallel/OP06-056_p3.png,https://en.onepiece-cardgame.com/images/cardlist/card/OP06-056_p3.png?260305,,,,,,,,,,,,,,,,,,,,,,,,OP06-056_p3,0,0,0,0,1,0,missing_printing_market_map
904,OP06-056,Ama no Murakumo Sword,UC,,3049,904,OP06-056_p4,,parallel_4,Parallel 4,official-cardlist,PRB02/parallel/OP06-056_p4.png,https://en.onepiece-cardgame.com/images/cardlist/card/OP06-056_p4.png?260305,,,,,,,,,,,,,,,,,,,,,,,,OP06-056_p4,0,0,0,0,1,0,missing_printing_market_map
904,OP06-056,Ama no Murakumo Sword,UC,,3050,904,OP06-056_r1,,r1,R1,official-cardlist,PRB01/reprint/OP06-056_r1.png,https://en.onepiece-cardgame.com/images/cardlist/card/OP06-056_r1.png?260305,,,,,,,,,,,,,,,,,,,,,,,,OP06-056_r1,0,0,0,0,1,0,missing_printing_market_map
904,OP06-056,Ama no Murakumo Sword,UC,,3051,904,OP06-056_r2,,r2,R2,official-cardlist,PRB02/reprint/OP06-056_r2.png,https://en.onepiece-cardgame.com/images/cardlist/card/OP06-056_r2.png?260305,,,,,,,,,,,,,,,,,,,,,,,,OP06-056_r2,0,0,0,0,1,0,missing_printing_market_map
906,OP06-058,Gravity Blade Raging Tiger,R,,3056,906,OP06-058_p1,,parallel_1,Parallel 1,official-cardlist,PRB02/parallel/OP06-058_p1.png,https://en.onepiece-cardgame.com/images/cardlist/card/OP06-058_p1.png?260305,,,,,,,,,,,,,,,,,,,,,,,,OP06-058_p1,0,0,0,0,1,0,missing_printing_market_map
906,OP06-058,Gravity Blade Raging Tiger,R,,3057,906,OP06-058::prb02,,alt,Prb02,local-catalog,thumbs/OP06-058(PRB02).webp,,,,,,,,,,,,,,,,,,,,,,,,,OP06-058::prb02,0,0,0,0,1,0,missing_printing_market_map
906,OP06-058,Gravity Blade Raging Tiger,R,,3058,906,OP06-058_r1,,r1,R1,official-cardlist,PRB02/reprint/OP06-058_r1.png,https://en.onepiece-cardgame.com/images/cardlist/card/OP06-058_r1.png?260305,,,,,,,,,,,,,,,,,,,,,,,,OP06-058_r1,0,0,0,0,1,0,missing_printing_market_map
907,OP06-059,White Snake,UC,,3061,907,OP06-059_p1,,parallel_1,Parallel 1,official-cardlist,PRB02/parallel/OP06-059_p1.png,https://en.onepiece-cardgame.com/images/cardlist/card/OP06-059_p1.png?260305,,,,,,,,,,,,,,,,,,,,,,,,OP06-059_p1,0,0,0,0,1,0,missing_printing_market_map
907,OP06-059,White Snake,UC,,3062,907,OP06-059_r1,,r1,R1,official-cardlist,PRB02/reprint/OP06-059_r1.png,https://en.onepiece-cardgame.com/images/cardlist/card/OP06-059_r1.png?260305,,,,,,,,,,,,,,,,,,,,,,,,OP06-059_r1,0,0,0,0,1,0,missing_printing_market_map
908,OP06-060,Vinsmoke Ichiji,C,,3065,908,OP06-060_p2,,parallel_2,Parallel 2,official-cardlist,PRB01/parallel/OP06-060_p2.png,https://en.onepiece-cardgame.com/images/cardlist/card/OP06-060_p2.png?260305,,,,,,,,,,,,,,,,,,,,,,,,OP06-060_p2,0,0,0,0,1,0,missing_printing_market_map
908,OP06-060,Vinsmoke Ichiji,C,,3066,908,OP06-060_p3,,parallel_3,Parallel 3,official-cardlist,PRB01/parallel/OP06-060_p3.png,https://en.onepiece-cardgame.com/images/cardlist/card/OP06-060_p3.png?260305,,,,,,,,,,,,,,,,,,,,,,,,OP06-060_p3,0,0,0,0,1,0,missing_printing_market_map
908,OP06-060,Vinsmoke Ichiji,C,,3067,908,OP06-060::prb01alt,,alt,Prb01Alt,local-catalog,thumbs/OP06-060(PRB01alt).webp,,,,,,,,,,,,,,,,,,,,,,,,,OP06-060::prb01alt,0,0,0,0,1,0,missing_printing_market_map
908,OP06-060,Vinsmoke Ichiji,C,,3068,908,OP06-060_r1,,r1,R1,official-cardlist,PRB01/reprint/OP06-060_r1.png,https://en.onepiece-cardgame.com/images/cardlist/card/OP06-060_r1.png?260305,,,,,,,,,,,,,,,,,,,,,,,,OP06-060_r1,0,0,0,0,1,0,missing_printing_market_map
909,OP06-061,Vinsmoke Ichiji,R,,3071,909,OP06-061::alt,,alt,Alt,local-catalog,thumbs/OP06-061alt.webp,,,,,,,,,,,,,,,,,,,,,,,,,OP06-061::alt,0,0,0,0,1,0,missing_printing_market_map
909,OP06-061,Vinsmoke Ichiji,R,,3072,909,OP06-061_p1,,parallel_1,Parallel 1,official-cardlist,OP06/parallel/OP06-061_p1.png,https://en.onepiece-cardgame.com/images/cardlist/card/OP06-061_p1.png?260305,,,,,,,,,,,,,,,,,,,,,,,,OP06-061_p1,0,0,0,0,1,0,missing_printing_market_map
910,OP06-062,Vinsmoke Judge,SR,,3075,910,OP06-062::alt,,alt,Alt,local-catalog,thumbs/OP06-062alt.webp,,,,,,,,,,,,,,,,,,,,,,,,,OP06-062::alt,0,0,0,0,1,0,missing_printing_market_map
910,OP06-062,Vinsmoke Judge,SR,,3076,910,OP06-062_p1,,parallel_1,Parallel 1,official-cardlist,OP06/parallel/OP06-062_p1.png,https://en.onepiece-cardgame.com/images/cardlist/card/OP06-062_p1.png?260305,,,,,,,,,,,,,,,,,,,,,,,,OP06-062_p1,0,0,0,0,1,0,missing_printing_market_map
911,OP06-063,Vinsmoke Sora,UC,,3079,911,OP06-063_p1,,parallel_1,Parallel 1,official-cardlist,PRB02/parallel/OP06-063_p1.png,https://en.onepiece-cardgame.com/images/cardlist/card/OP06-063_p1.png?260305,,,,,,,,,,,,,,,,,,,,,,,,OP06-063_p1,0,0,0,0,1,0,missing_printing_market_map
911,OP06-063,Vinsmoke Sora,UC,,3080,911,OP06-063_p2,,parallel_2,Parallel 2,official-cardlist,CS2526TP2/parallel/OP06-063_p2.png,https://en.onepiece-cardgame.com/images/cardlist/card/OP06-063_p2.png?260305,,,,,,,,,,,,,,,,,,,,,,,,OP06-063_p2,0,0,0,0,1,0,missing_printing_market_map
911,OP06-063,Vinsmoke Sora,UC,,3081,911,OP06-063_p3,,parallel_3,Parallel 3,official-cardlist,_unclassified/parallel/OP06-063_p3.png,https://en.onepiece-cardgame.com/images/cardlist/card/OP06-063_p3.png?260305,,,,,,,,,,,,,,,,,,,,,,,,OP06-063_p3,0,0,0,0,1,0,missing_printing_market_map
911,OP06-063,Vinsmoke Sora,UC,,3082,911,OP06-063_p4,,parallel_4,Parallel 4,official-cardlist,_unclassified/parallel/OP06-063_p4.png,https://en.onepiece-cardgame.com/images/cardlist/card/OP06-063_p4.png?260305,,,,,,,,,,,,,,,,,,,,,,,,OP06-063_p4,0,0,0,0,1,0,missing_printing_market_map
911,OP06-063,Vinsmoke Sora,UC,,3083,911,OP06-063_r1,,r1,R1,official-cardlist,PRB02/reprint/OP06-063_r1.png,https://en.onepiece-cardgame.com/images/cardlist/card/OP06-063_r1.png?260305,,,,,,,,,,,,,,,,,,,,,,,,OP06-063_r1,0,0,0,0,1,0,missing_printing_market_map
912,OP06-064,Vinsmoke Niji,C,,3086,912,OP06-064_p2,,parallel_2,Parallel 2,official-cardlist,PRB01/parallel/OP06-064_p2.png,https://en.onepiece-cardgame.com/images/cardlist/card/OP06-064_p2.png?260305,,,,,,,,,,,,,,,,,,,,,,,,OP06-064_p2,0,0,0,0,1,0,missing_printing_market_map
912,OP06-064,Vinsmoke Niji,C,,3087,912,OP06-064_p3,,parallel_3,Parallel 3,official-cardlist,PRB01/parallel/OP06-064_p3.png,https://en.onepiece-cardgame.com/images/cardlist/card/OP06-064_p3.png?260305,,,,,,,,,,,,,,,,,,,,,,,,OP06-064_p3,0,0,0,0,1,0,missing_printing_market_map
912,OP06-064,Vinsmoke Niji,C,,3088,912,OP06-064::prb01alt,,alt,Prb01Alt,local-catalog,thumbs/OP06-064(PRB01alt).webp,,,,,,,,,,,,,,,,,,,,,,,,,OP06-064::prb01alt,0,0,0,0,1,0,missing_printing_market_map
912,OP06-064,Vinsmoke Niji,C,,3089,912,OP06-064_r1,,r1,R1,official-cardlist,PRB01/reprint/OP06-064_r1.png,https://en.onepiece-cardgame.com/images/cardlist/card/OP06-064_r1.png?260305,,,,,,,,,,,,,,,,,,,,,,,,OP06-064_r1,0,0,0,0,1,0,missing_printing_market_map
913,OP06-065,Vinsmoke Niji,R,,3092,913,OP06-065_p2,,parallel_2,Parallel 2,official-cardlist,PRB01/parallel/OP06-065_p2.png,https://en.onepiece-cardgame.com/images/cardlist/card/OP06-065_p2.png?260305,,,,,,,,,,,,,,,,,,,,,,,,OP06-065_p2,0,0,0,0,1,0,missing_printing_market_map
913,OP06-065,Vinsmoke Niji,R,,3093,913,OP06-065_p3,,parallel_3,Parallel 3,official-cardlist,PRB01/parallel/OP06-065_p3.png,https://en.onepiece-cardgame.com/images/cardlist/card/OP06-065_p3.png?260305,,,,,,,,,,,,,,,,,,,,,,,,OP06-065_p3,0,0,0,0,1,0,missing_printing_market_map
913,OP06-065,Vinsmoke Niji,R,,3094,913,OP06-065_p4,,parallel_4,Parallel 4,official-cardlist,PRB01/parallel/OP06-065_p4.png,https://en.onepiece-cardgame.com/images/cardlist/card/OP06-065_p4.png?260305,,,,,,,,,,,,,,,,,,,,,,,,OP06-065_p4,0,0,0,0,1,0,missing_printing_market_map
913,OP06-065,Vinsmoke Niji,R,,3095,913,OP06-065::prb01alt,,alt,Prb01Alt,local-catalog,thumbs/OP06-065(PRB01alt).webp,,,,,,,,,,,,,,,,,,,,,,,,,OP06-065::prb01alt,0,0,0,0,1,0,missing_printing_market_map
913,OP06-065,Vinsmoke Niji,R,,3096,913,OP06-065_r1,,r1,R1,official-cardlist,PRB01/reprint/OP06-065_r1.png,https://en.onepiece-cardgame.com/images/cardlist/card/OP06-065_r1.png?260305,,,,,,,,,,,,,,,,,,,,,,,,OP06-065_r1,0,0,0,0,1,0,missing_printing_market_map
914,OP06-066,Vinsmoke Yonji,C,,3099,914,OP06-066_p2,,parallel_2,Parallel 2,official-cardlist,PRB01/parallel/OP06-066_p2.png,https://en.onepiece-cardgame.com/images/cardlist/card/OP06-066_p2.png?260305,,,,,,,,,,,,,,,,,,,,,,,,OP06-066_p2,0,0,0,0,1,0,missing_printing_market_map
914,OP06-066,Vinsmoke Yonji,C,,3100,914,OP06-066_p3,,parallel_3,Parallel 3,official-cardlist,PRB01/parallel/OP06-066_p3.png,https://en.onepiece-cardgame.com/images/cardlist/card/OP06-066_p3.png?260305,,,,,,,,,,,,,,,,,,,,,,,,OP06-066_p3,0,0,0,0,1,0,missing_printing_market_map
914,OP06-066,Vinsmoke Yonji,C,,3101,914,OP06-066::prb01alt,,alt,Prb01Alt,local-catalog,thumbs/OP06-066(PRB01alt).webp,,,,,,,,,,,,,,,,,,,,,,,,,OP06-066::prb01alt,0,0,0,0,1,0,missing_printing_market_map
914,OP06-066,Vinsmoke Yonji,C,,3102,914,OP06-066_r1,,r1,R1,official-cardlist,PRB01/reprint/OP06-066_r1.png,https://en.onepiece-cardgame.com/images/cardlist/card/OP06-066_r1.png?260305,,,,,,,,,,,,,,,,,,,,,,,,OP06-066_r1,0,0,0,0,1,0,missing_printing_market_map
915,OP06-067,Vinsmoke Yonji,R,,3105,915,OP06-067_p2,,parallel_2,Parallel 2,official-cardlist,PRB01/parallel/OP06-067_p2.png,https://en.onepiece-cardgame.com/images/cardlist/card/OP06-067_p2.png?260305,,,,,,,,,,,,,,,,,,,,,,,,OP06-067_p2,0,0,0,0,1,0,missing_printing_market_map
915,OP06-067,Vinsmoke Yonji,R,,3106,915,OP06-067_p3,,parallel_3,Parallel 3,official-cardlist,PRB01/parallel/OP06-067_p3.png,https://en.onepiece-cardgame.com/images/cardlist/card/OP06-067_p3.png?260305,,,,,,,,,,,,,,,,,,,,,,,,OP06-067_p3,0,0,0,0,1,0,missing_printing_market_map
915,OP06-067,Vinsmoke Yonji,R,,3107,915,OP06-067_p4,,parallel_4,Parallel 4,official-cardlist,PRB01/parallel/OP06-067_p4.png,https://en.onepiece-cardgame.com/images/cardlist/card/OP06-067_p4.png?260305,,,,,,,,,,,,,,,,,,,,,,,,OP06-067_p4,0,0,0,0,1,0,missing_printing_market_map
915,OP06-067,Vinsmoke Yonji,R,,3108,915,OP06-067::prb01alt,,alt,Prb01Alt,local-catalog,thumbs/OP06-067(PRB01alt).webp,,,,,,,,,,,,,,,,,,,,,,,,,OP06-067::prb01alt,0,0,0,0,1,0,missing_printing_market_map
915,OP06-067,Vinsmoke Yonji,R,,3109,915,OP06-067::prb01alt 1,,alt,Prb01Alt 1,local-catalog,thumbs/OP06-067(PRB01alt) (1).webp,,,,,,,,,,,,,,,,,,,,,,,,,OP06-067::prb01alt 1,0,0,0,0,1,0,missing_printing_market_map
915,OP06-067,Vinsmoke Yonji,R,,3110,915,OP06-067_r1,,r1,R1,official-cardlist,PRB01/reprint/OP06-067_r1.png,https://en.onepiece-cardgame.com/images/cardlist/card/OP06-067_r1.png?260305,,,,,,,,,,,,,,,,,,,,,,,,OP06-067_r1,0,0,0,0,1,0,missing_printing_market_map
916,OP06-068,Vinsmoke Reiju,C,,3113,916,OP06-068_p2,,parallel_2,Parallel 2,official-cardlist,PRB01/parallel/OP06-068_p2.png,https://en.onepiece-cardgame.com/images/cardlist/card/OP06-068_p2.png?260305,,,,,,,,,,,,,,,,,,,,,,,,OP06-068_p2,0,0,0,0,1,0,missing_printing_market_map
916,OP06-068,Vinsmoke Reiju,C,,3114,916,OP06-068_p3,,parallel_3,Parallel 3,official-cardlist,PRB01/parallel/OP06-068_p3.png,https://en.onepiece-cardgame.com/images/cardlist/card/OP06-068_p3.png?260305,,,,,,,,,,,,,,,,,,,,,,,,OP06-068_p3,0,0,0,0,1,0,missing_printing_market_map
916,OP06-068,Vinsmoke Reiju,C,,3115,916,OP06-068::prb01alt,,alt,Prb01Alt,local-catalog,thumbs/OP06-068(PRB01alt).webp,,,,,,,,,,,,,,,,,,,,,,,,,OP06-068::prb01alt,0,0,0,0,1,0,missing_printing_market_map
916,OP06-068,Vinsmoke Reiju,C,,3116,916,OP06-068_r1,,r1,R1,official-cardlist,PRB01/reprint/OP06-068_r1.png,https://en.onepiece-cardgame.com/images/cardlist/card/OP06-068_r1.png?260305,,,,,,,,,,,,,,,,,,,,,,,,OP06-068_r1,0,0,0,0,1,0,missing_printing_market_map
917,OP06-069,Vinsmoke Reiju,SR,,3119,917,OP06-069::alt,,alt,Alt,local-catalog,thumbs/OP06-069alt.webp,,,,,,,,,,,,,,,,,,,,,,,,,OP06-069::alt,0,0,0,0,1,0,missing_printing_market_map
917,OP06-069,Vinsmoke Reiju,SR,,3120,917,OP06-069::alt art 2,,alt,Alt Art 2,local-catalog,thumbs/OP06-069alt2.webp,,,,,,,,,,,,,,,,,,,,,,,,,OP06-069::alt art 2,0,0,0,0,1,0,missing_printing_market_map
917,OP06-069,Vinsmoke Reiju,SR,,3121,917,OP06-069_p1,,parallel_1,Parallel 1,official-cardlist,OP06/parallel/OP06-069_p1.png,https://en.onepiece-cardgame.com/images/cardlist/card/OP06-069_p1.png?260305,,,,,,,,,,,,,,,,,,,,,,,,OP06-069_p1,0,0,0,0,1,0,missing_printing_market_map
917,OP06-069,Vinsmoke Reiju,SR,,3122,917,OP06-069_p2,,parallel_2,Parallel 2,official-cardlist,_unclassified/parallel/OP06-069_p2.png,https://en.onepiece-cardgame.com/images/cardlist/card/OP06-069_p2.png?260305,,,,,,,,,,,,,,,,,,,,,,,,OP06-069_p2,0,0,0,0,1,0,missing_printing_market_map
917,OP06-069,Vinsmoke Reiju,SR,,3123,917,OP06-069_p4,,parallel_4,Parallel 4,official-cardlist,PRB01/parallel/OP06-069_p4.png,https://en.onepiece-cardgame.com/images/cardlist/card/OP06-069_p4.png?260305,,,,,,,,,,,,,,,,,,,,,,,,OP06-069_p4,0,0,0,0,1,0,missing_printing_market_map
917,OP06-069,Vinsmoke Reiju,SR,,3124,917,OP06-069::prb01alt,,alt,Prb01Alt,local-catalog,thumbs/OP06-069(PRB01alt).webp,,,,,,,,,,,,,,,,,,,,,,,,,OP06-069::prb01alt,0,0,0,0,1,0,missing_printing_market_map
917,OP06-069,Vinsmoke Reiju,SR,,3125,917,OP06-069_r1,,r1,R1,official-cardlist,PRB01/reprint/OP06-069_r1.png,https://en.onepiece-cardgame.com/images/cardlist/card/OP06-069_r1.png?260305,,,,,,,,,,,,,,,,,,,,,,,,OP06-069_r1,0,0,0,0,1,0,missing_printing_market_map
921,OP06-073,Shiki,UC,,3134,921,OP06-073_p1,,parallel_1,Parallel 1,official-cardlist,PRB02/parallel/OP06-073_p1.png,https://en.onepiece-cardgame.com/images/cardlist/card/OP06-073_p1.png?260305,,,,,,,,,,,,,,,,,,,,,,,,OP06-073_p1,0,0,0,0,1,0,missing_printing_market_map
921,OP06-073,Shiki,UC,,3135,921,OP06-073_r1,,r1,R1,official-cardlist,PRB02/reprint/OP06-073_r1.png,https://en.onepiece-cardgame.com/images/cardlist/card/OP06-073_r1.png?260305,,,,,,,,,,,,,,,,,,,,,,,,OP06-073_r1,0,0,0,0,1,0,missing_printing_market_map
924,OP06-076,Hitokiri Kamazo,UC,,3142,924,OP06-076::alt,,alt,Alt,local-catalog,thumbs/OP06-076alt.webp,,,,,,,,,,,,,,,,,,,,,,,,,OP06-076::alt,0,0,0,0,1,0,missing_printing_market_map
924,OP06-076,Hitokiri Kamazo,UC,,3143,924,OP06-076_p1,,parallel_1,Parallel 1,official-cardlist,CS2526CP/parallel/OP06-076_p1.png,https://en.onepiece-cardgame.com/images/cardlist/card/OP06-076_p1.png?260305,,,,,,,,,,,,,,,,,,,,,,,,OP06-076_p1,0,0,0,0,1,0,missing_printing_market_map
924,OP06-076,Hitokiri Kamazo,UC,,3144,924,OP06-076_p2,,parallel_2,Parallel 2,official-cardlist,PRB02/parallel/OP06-076_p2.png,https://en.onepiece-cardgame.com/images/cardlist/card/OP06-076_p2.png?260305,,,,,,,,,,,,,,,,,,,,,,,,OP06-076_p2,0,0,0,0,1,0,missing_printing_market_map
924,OP06-076,Hitokiri Kamazo,UC,,3145,924,OP06-076_r1,,r1,R1,official-cardlist,PRB02/reprint/OP06-076_r1.png,https://en.onepiece-cardgame.com/images/cardlist/card/OP06-076_r1.png?260305,,,,,,,,,,,,,,,,,,,,,,,,OP06-076_r1,0,0,0,0,1,0,missing_printing_market_map
926,OP06-078,GERMA 66,UC,,3150,926,OP06-078_p1,,parallel_1,Parallel 1,official-cardlist,PRB02/parallel/OP06-078_p1.png,https://en.onepiece-cardgame.com/images/cardlist/card/OP06-078_p1.png?260305,,,,,,,,,,,,,,,,,,,,,,,,OP06-078_p1,0,0,0,0,1,0,missing_printing_market_map
926,OP06-078,GERMA 66,UC,,3151,926,OP06-078_r1,,r1,R1,official-cardlist,PRB02/reprint/OP06-078_r1.png,https://en.onepiece-cardgame.com/images/cardlist/card/OP06-078_r1.png?260305,,,,,,,,,,,,,,,,,,,,,,,,OP06-078_r1,0,0,0,0,1,0,missing_printing_market_map
927,OP06-079,Kingdom of GERMA,C,,3154,927,OP06-079_p2,,parallel_2,Parallel 2,official-cardlist,PRB01/parallel/OP06-079_p2.png,https://en.onepiece-cardgame.com/images/cardlist/card/OP06-079_p2.png?260305,,,,,,,,,,,,,,,,,,,,,,,,OP06-079_p2,0,0,0,0,1,0,missing_printing_market_map
927,OP06-079,Kingdom of GERMA,C,,3155,927,OP06-079_p3,,parallel_3,Parallel 3,official-cardlist,PRB01/parallel/OP06-079_p3.png,https://en.onepiece-cardgame.com/images/cardlist/card/OP06-079_p3.png?260305,,,,,,,,,,,,,,,,,,,,,,,,OP06-079_p3,0,0,0,0,1,0,missing_printing_market_map
927,OP06-079,Kingdom of GERMA,C,,3156,927,OP06-079_p4,,parallel_4,Parallel 4,official-cardlist,PRB01/parallel/OP06-079_p4.png,https://en.onepiece-cardgame.com/images/cardlist/card/OP06-079_p4.png?260305,,,,,,,,,,,,,,,,,,,,,,,,OP06-079_p4,0,0,0,0,1,0,missing_printing_market_map
927,OP06-079,Kingdom of GERMA,C,,3157,927,OP06-079::prb01alt,,alt,Prb01Alt,local-catalog,thumbs/OP06-079(PRB01alt).webp,,,,,,,,,,,,,,,,,,,,,,,,,OP06-079::prb01alt,0,0,0,0,1,0,missing_printing_market_map
927,OP06-079,Kingdom of GERMA,C,,3158,927,OP06-079_r1,,r1,R1,official-cardlist,PRB01/reprint/OP06-079_r1.png,https://en.onepiece-cardgame.com/images/cardlist/card/OP06-079_r1.png?260305,,,,,,,,,,,,,,,,,,,,,,,,OP06-079_r1,0,0,0,0,1,0,missing_printing_market_map
928,OP06-080,Gecko Moria,L,,3161,928,OP06-080::alt,,alt,Alt,local-catalog,thumbs/OP06-080alt.webp,,,,,,,,,,,,,,,,,,,,,,,,,OP06-080::alt,0,0,0,0,1,0,missing_printing_market_map
928,OP06-080,Gecko Moria,L,,3162,928,OP06-080_p1,,parallel_1,Parallel 1,official-cardlist,OP06/parallel/OP06-080_p1.png,https://en.onepiece-cardgame.com/images/cardlist/card/OP06-080_p1.png?260305,,,,,,,,,,,,,,,,,,,,,,,,OP06-080_p1,0,0,0,0,1,0,missing_printing_market_map
928,OP06-080,Gecko Moria,L,,3163,928,OP06-080_p2,,parallel_2,Parallel 2,official-cardlist,EB02/parallel/OP06-080_p2.png,https://en.onepiece-cardgame.com/images/cardlist/card/OP06-080_p2.png?260305,,,,,,,,,,,,,,,,,,,,,,,,OP06-080_p2,0,0,0,0,1,0,missing_printing_market_map
929,OP06-081,Absalom,R,,3166,929,OP06-081::alt,,alt,Alt,local-catalog,thumbs/OP06-081alt.webp,,,,,,,,,,,,,,,,,,,,,,,,,OP06-081::alt,0,0,0,0,1,0,missing_printing_market_map
929,OP06-081,Absalom,R,,3167,929,OP06-081_p1,,parallel_1,Parallel 1,official-cardlist,OP06/parallel/OP06-081_p1.png,https://en.onepiece-cardgame.com/images/cardlist/card/OP06-081_p1.png?260305,,,,,,,,,,,,,,,,,,,,,,,,OP06-081_p1,0,0,0,0,1,0,missing_printing_market_map
934,OP06-086,Gecko Moria,SR,,3178,934,OP06-086::alt,,alt,Alt,local-catalog,thumbs/OP06-086alt.webp,,,,,,,,,,,,,,,,,,,,,,,,,OP06-086::alt,0,0,0,0,1,0,missing_printing_market_map
934,OP06-086,Gecko Moria,SR,,3179,934,OP06-086_p1,,parallel_1,Parallel 1,official-cardlist,OP06/parallel/OP06-086_p1.png,https://en.onepiece-cardgame.com/images/cardlist/card/OP06-086_p1.png?260305,,,,,,,,,,,,,,,,,,,,,,,,OP06-086_p1,0,0,0,0,1,0,missing_printing_market_map
934,OP06-086,Gecko Moria,SR,,3180,934,OP06-086_p3,,parallel_3,Parallel 3,official-cardlist,PRB01/parallel/OP06-086_p3.png,https://en.onepiece-cardgame.com/images/cardlist/card/OP06-086_p3.png?260305,,,,,,,,,,,,,,,,,,,,,,,,OP06-086_p3,0,0,0,0,1,0,missing_printing_market_map
934,OP06-086,Gecko Moria,SR,,3181,934,OP06-086::prb01alt,,alt,Prb01Alt,local-catalog,thumbs/OP06-086(PRB01alt).webp,,,,,,,,,,,,,,,,,,,,,,,,,OP06-086::prb01alt,0,0,0,0,1,0,missing_printing_market_map
934,OP06-086,Gecko Moria,SR,,3182,934,OP06-086_r1,,r1,R1,official-cardlist,PRB01/reprint/OP06-086_r1.png,https://en.onepiece-cardgame.com/images/cardlist/card/OP06-086_r1.png?260305,,,,,,,,,,,,,,,,,,,,,,,,OP06-086_r1,0,0,0,0,1,0,missing_printing_market_map
938,OP06-090,Dr. Hogback,R,,3191,938,OP06-090::alt,,alt,Alt,local-catalog,thumbs/OP06-090(alt).webp,,,,,,,,,,,,,,,,,,,,,,,,,OP06-090::alt,0,0,0,0,1,0,missing_printing_market_map
938,OP06-090,Dr. Hogback,R,,3192,938,OP06-090_p1,,parallel_1,Parallel 1,official-cardlist,BCV3/parallel/OP06-090_p1.png,https://en.onepiece-cardgame.com/images/cardlist/card/OP06-090_p1.png?260305,,,,,,,,,,,,,,,,,,,,,,,,OP06-090_p1,0,0,0,0,1,0,missing_printing_market_map
939,OP06-091,Victoria Cindry,UC,,3195,939,OP06-091_p2,,parallel_2,Parallel 2,official-cardlist,PRB01/parallel/OP06-091_p2.png,https://en.onepiece-cardgame.com/images/cardlist/card/OP06-091_p2.png?260305,,,,,,,,,,,,,,,,,,,,,,,,OP06-091_p2,0,0,0,0,1,0,missing_printing_market_map
939,OP06-091,Victoria Cindry,UC,,3196,939,OP06-091_p3,,parallel_3,Parallel 3,official-cardlist,PRB01/parallel/OP06-091_p3.png,https://en.onepiece-cardgame.com/images/cardlist/card/OP06-091_p3.png?260305,,,,,,,,,,,,,,,,,,,,,,,,OP06-091_p3,0,0,0,0,1,0,missing_printing_market_map
939,OP06-091,Victoria Cindry,UC,,3197,939,OP06-091::prb01alt,,alt,Prb01Alt,local-catalog,thumbs/OP06-091(PRB01alt).webp,,,,,,,,,,,,,,,,,,,,,,,,,OP06-091::prb01alt,0,0,0,0,1,0,missing_printing_market_map
939,OP06-091,Victoria Cindry,UC,,3198,939,OP06-091_r1,,r1,R1,official-cardlist,PRB01/reprint/OP06-091_r1.png,https://en.onepiece-cardgame.com/images/cardlist/card/OP06-091_r1.png?260305,,,,,,,,,,,,,,,,,,,,,,,,OP06-091_r1,0,0,0,0,1,0,missing_printing_market_map
940,OP06-092,Brook,R,,3201,940,OP06-092::alt,,alt,Alt,local-catalog,thumbs/OP06-092alt.webp,,,,,,,,,,,,,,,,,,,,,,,,,OP06-092::alt,0,0,0,0,1,0,missing_printing_market_map
941,OP06-093,Perona,SP CARD,,3204,941,OP06-093::alt,,alt,Alt,local-catalog,thumbs/OP06-093alt.webp,,,,,,,,,,,,,,,,,,,,,,,,,OP06-093::alt,0,0,0,0,1,0,missing_printing_market_map
941,OP06-093,Perona,SP CARD,,3205,941,OP06-093::alt art 2,,alt,Alt Art 2,local-catalog,thumbs/OP06-093alt2.webp,,,,,,,,,,,,,,,,,,,,,,,,,OP06-093::alt art 2,0,0,0,0,1,0,missing_printing_market_map
941,OP06-093,Perona,SP CARD,,3206,941,OP06-093::alt art 3,,alt,Alt Art 3,local-catalog,thumbs/OP06-093alt3.webp,,,,,,,,,,,,,,,,,,,,,,,,,OP06-093::alt art 3,0,0,0,0,1,0,missing_printing_market_map
941,OP06-093,Perona,SP CARD,,3207,941,OP06-093_p1,,parallel_1,Parallel 1,official-cardlist,OP06/parallel/OP06-093_p1.png,https://en.onepiece-cardgame.com/images/cardlist/card/OP06-093_p1.png?260305,,,,,,,,,,,,,,,,,,,,,,,,OP06-093_p1,0,0,0,0,1,0,missing_printing_market_map
941,OP06-093,Perona,SP CARD,,3208,941,OP06-093_p3,,parallel_3,Parallel 3,official-cardlist,OP06/parallel/OP06-093_p3.png,https://en.onepiece-cardgame.com/images/cardlist/card/OP06-093_p3.png?260305,,,,,,,,,,,,,,,,,,,,,,,,OP06-093_p3,0,0,0,0,1,0,missing_printing_market_map
941,OP06-093,Perona,SP CARD,,3209,941,OP06-093_p4,,parallel_4,Parallel 4,official-cardlist,OP06/parallel/OP06-093_p4.png,https://en.onepiece-cardgame.com/images/cardlist/card/OP06-093_p4.png?260305,,,,,,,,,,,,,,,,,,,,,,,,OP06-093_p4,0,0,0,0,1,0,missing_printing_market_map
941,OP06-093,Perona,SP CARD,,3210,941,OP06-093_p5,,parallel_5,Parallel 5,official-cardlist,OP06/parallel/OP06-093_p5.png,https://en.onepiece-cardgame.com/images/cardlist/card/OP06-093_p5.png?260305,,,,,,,,,,,,,,,,,,,,,,,,OP06-093_p5,0,0,0,0,1,0,missing_printing_market_map
941,OP06-093,Perona,SP CARD,,3211,941,OP06-093::sp,,sp,SP,local-catalog,thumbs/OP06-093(SP).webp,,,,,,,,,,,,,,,,,,,,,,,,,OP06-093::sp,0,0,0,0,1,0,missing_printing_market_map
948,OP06-100,Inuarashi,UC,,3226,948,OP06-100_p2,,parallel_2,Parallel 2,official-cardlist,PRB01/parallel/OP06-100_p2.png,https://en.onepiece-cardgame.com/images/cardlist/card/OP06-100_p2.png?260305,,,,,,,,,,,,,,,,,,,,,,,,OP06-100_p2,0,0,0,0,1,0,missing_printing_market_map
948,OP06-100,Inuarashi,UC,,3227,948,OP06-100_p3,,parallel_3,Parallel 3,official-cardlist,PRB01/parallel/OP06-100_p3.png,https://en.onepiece-cardgame.com/images/cardlist/card/OP06-100_p3.png?260305,,,,,,,,,,,,,,,,,,,,,,,,OP06-100_p3,0,0,0,0,1,0,missing_printing_market_map
948,OP06-100,Inuarashi,UC,,3228,948,OP06-100::prb01alt,,alt,Prb01Alt,local-catalog,thumbs/OP06-100(PRB01alt).webp,,,,,,,,,,,,,,,,,,,,,,,,,OP06-100::prb01alt,0,0,0,0,1,0,missing_printing_market_map
948,OP06-100,Inuarashi,UC,,3229,948,OP06-100_r1,,r1,R1,official-cardlist,PRB01/reprint/OP06-100_r1.png,https://en.onepiece-cardgame.com/images/cardlist/card/OP06-100_r1.png?260305,,,,,,,,,,,,,,,,,,,,,,,,OP06-100_r1,0,0,0,0,1,0,missing_printing_market_map
948,OP06-100,Inuarashi,UC,,3230,948,OP06-100_r2,,r2,R2,official-cardlist,ST28/reprint/OP06-100_r2.png,https://en.onepiece-cardgame.com/images/cardlist/card/OP06-100_r2.png?260305,,,,,,,,,,,,,,,,,,,,,,,,OP06-100_r2,0,0,0,0,1,0,missing_printing_market_map
949,OP06-101,O-Nami,SP CARD,,3233,949,OP06-101::alt,,alt,Alt,local-catalog,thumbs/OP06-101alt.webp,,,,,,,,,,,,,,,,,,,,,,,,,OP06-101::alt,0,0,0,0,1,0,missing_printing_market_map
949,OP06-101,O-Nami,SP CARD,,3234,949,OP06-101::alt art 2,,alt,Alt Art 2,local-catalog,thumbs/OP06-101alt2.webp,,,,,,,,,,,,,,,,,,,,,,,,,OP06-101::alt art 2,0,0,0,0,1,0,missing_printing_market_map
949,OP06-101,O-Nami,SP CARD,,3235,949,OP06-101_p1,,parallel_1,Parallel 1,official-cardlist,OP06/parallel/OP06-101_p1.png,https://en.onepiece-cardgame.com/images/cardlist/card/OP06-101_p1.png?260305,,,,,,,,,,,,,,,,,,,,,,,,OP06-101_p1,0,0,0,0,1,0,missing_printing_market_map
949,OP06-101,O-Nami,SP CARD,,3236,949,OP06-101_p2,,parallel_2,Parallel 2,official-cardlist,OP07/parallel/OP06-101_p2.png,https://en.onepiece-cardgame.com/images/cardlist/card/OP06-101_p2.png?260305,,,,,,,,,,,,,,,,,,,,,,,,OP06-101_p2,0,0,0,0,1,0,missing_printing_market_map
949,OP06-101,O-Nami,SP CARD,,3237,949,OP06-101_p3,,parallel_3,Parallel 3,official-cardlist,_unclassified/parallel/OP06-101_p3.png,https://en.onepiece-cardgame.com/images/cardlist/card/OP06-101_p3.png?260305,,,,,,,,,,,,,,,,,,,,,,,,OP06-101_p3,0,0,0,0,1,0,missing_printing_market_map
949,OP06-101,O-Nami,SP CARD,,3238,949,OP06-101_p4,,parallel_4,Parallel 4,official-cardlist,CS2526EP/parallel/OP06-101_p4.png,https://en.onepiece-cardgame.com/images/cardlist/card/OP06-101_p4.png?260305,,,,,,,,,,,,,,,,,,,,,,,,OP06-101_p4,0,0,0,0,1,0,missing_printing_market_map
949,OP06-101,O-Nami,SP CARD,,3239,949,OP06-101_p5,,parallel_5,Parallel 5,official-cardlist,_unclassified/parallel/OP06-101_p5.png,https://en.onepiece-cardgame.com/images/cardlist/card/OP06-101_p5.png?260305,,,,,,,,,,,,,,,,,,,,,,,,OP06-101_p5,0,0,0,0,1,0,missing_printing_market_map
949,OP06-101,O-Nami,SP CARD,,3240,949,OP06-101::s p,,sp,S P,local-catalog,thumbs/OP06-101SP.webp,,,,,,,,,,,,,,,,,,,,,,,,,OP06-101::s p,0,0,0,0,1,0,missing_printing_market_map
951,OP06-103,Kawamatsu,C,,3245,951,OP06-103_r1,,r1,R1,official-cardlist,ST28/reprint/OP06-103_r1.png,https://en.onepiece-cardgame.com/images/cardlist/card/OP06-103_r1.png?260305,,,,,,,,,,,,,,,,,,,,,,,,OP06-103_r1,0,0,0,0,1,0,missing_printing_market_map
952,OP06-104,Kikunojo,R,,3248,952,OP06-104::alt,,alt,Alt,local-catalog,thumbs/OP06-104alt.webp,,,,,,,,,,,,,,,,,,,,,,,,,OP06-104::alt,0,0,0,0,1,0,missing_printing_market_map
952,OP06-104,Kikunojo,R,,3249,952,OP06-104_r1,,r1,R1,official-cardlist,ST28/reprint/OP06-104_r1.png,https://en.onepiece-cardgame.com/images/cardlist/card/OP06-104_r1.png?260305,,,,,,,,,,,,,,,,,,,,,,,,OP06-104_r1,0,0,0,0,1,0,missing_printing_market_map
954,OP06-106,Kouzuki Hiyori,SR,,3254,954,OP06-106::alt,,alt,Alt,local-catalog,thumbs/OP06-106alt.webp,,,,,,,,,,,,,,,,,,,,,,,,,OP06-106::alt,0,0,0,0,1,0,missing_printing_market_map
954,OP06-106,Kouzuki Hiyori,SR,,3255,954,OP06-106_p1,,parallel_1,Parallel 1,official-cardlist,OP06/parallel/OP06-106_p1.png,https://en.onepiece-cardgame.com/images/cardlist/card/OP06-106_p1.png?260305,,,,,,,,,,,,,,,,,,,,,,,,OP06-106_p1,0,0,0,0,1,0,missing_printing_market_map
954,OP06-106,Kouzuki Hiyori,SR,,3256,954,OP06-106_p3,,parallel_3,Parallel 3,official-cardlist,PRB01/parallel/OP06-106_p3.png,https://en.onepiece-cardgame.com/images/cardlist/card/OP06-106_p3.png?260305,,,,,,,,,,,,,,,,,,,,,,,,OP06-106_p3,0,0,0,0,1,0,missing_printing_market_map
954,OP06-106,Kouzuki Hiyori,SR,,3257,954,OP06-106::prb01alt,,alt,Prb01Alt,local-catalog,thumbs/OP06-106(PRB01alt).webp,,,,,,,,,,,,,,,,,,,,,,,,,OP06-106::prb01alt,0,0,0,0,1,0,missing_printing_market_map
954,OP06-106,Kouzuki Hiyori,SR,,3258,954,OP06-106_r1,,r1,R1,official-cardlist,PRB01/reprint/OP06-106_r1.png,https://en.onepiece-cardgame.com/images/cardlist/card/OP06-106_r1.png?260305,,,,,,,,,,,,,,,,,,,,,,,,OP06-106_r1,0,0,0,0,1,0,missing_printing_market_map
955,OP06-107,Kouzuki Momonosuke,SR,,3261,955,OP06-107::alt,,alt,Alt,local-catalog,thumbs/OP06-107alt.webp,,,,,,,,,,,,,,,,,,,,,,,,,OP06-107::alt,0,0,0,0,1,0,missing_printing_market_map
955,OP06-107,Kouzuki Momonosuke,SR,,3262,955,OP06-107_p1,,parallel_1,Parallel 1,official-cardlist,OP06/parallel/OP06-107_p1.png,https://en.onepiece-cardgame.com/images/cardlist/card/OP06-107_p1.png?260305,,,,,,,,,,,,,,,,,,,,,,,,OP06-107_p1,0,0,0,0,1,0,missing_printing_market_map
955,OP06-107,Kouzuki Momonosuke,SR,,3263,955,OP06-107_r1,,r1,R1,official-cardlist,PRB02/reprint/OP06-107_r1.png,https://en.onepiece-cardgame.com/images/cardlist/card/OP06-107_r1.png?260305,,,,,,,,,,,,,,,,,,,,,,,,OP06-107_r1,0,0,0,0,1,0,missing_printing_market_map
957,OP06-109,Denjiro,UC,,3268,957,OP06-109_r1,,r1,R1,official-cardlist,ST28/reprint/OP06-109_r1.png,https://en.onepiece-cardgame.com/images/cardlist/card/OP06-109_r1.png?260305,,,,,,,,,,,,,,,,,,,,,,,,OP06-109_r1,0,0,0,0,1,0,missing_printing_market_map
958,OP06-110,Nekomamushi,UC,,3271,958,OP06-110::alt,,alt,Alt,local-catalog,thumbs/OP06-110alt.webp,,,,,,,,,,,,,,,,,,,,,,,,,OP06-110::alt,0,0,0,0,1,0,missing_printing_market_map
958,OP06-110,Nekomamushi,UC,,3272,958,OP06-110_p1,,parallel_1,Parallel 1,official-cardlist,ORP2024V3/parallel/OP06-110_p1.png,https://en.onepiece-cardgame.com/images/cardlist/card/OP06-110_p1.png?260305,,,,,,,,,,,,,,,,,,,,,,,,OP06-110_p1,0,0,0,0,1,0,missing_printing_market_map
958,OP06-110,Nekomamushi,UC,,3273,958,OP06-110_p3,,parallel_3,Parallel 3,official-cardlist,PRB01/parallel/OP06-110_p3.png,https://en.onepiece-cardgame.com/images/cardlist/card/OP06-110_p3.png?260305,,,,,,,,,,,,,,,,,,,,,,,,OP06-110_p3,0,0,0,0,1,0,missing_printing_market_map
958,OP06-110,Nekomamushi,UC,,3274,958,OP06-110_p4,,parallel_4,Parallel 4,official-cardlist,PRB01/parallel/OP06-110_p4.png,https://en.onepiece-cardgame.com/images/cardlist/card/OP06-110_p4.png?260305,,,,,,,,,,,,,,,,,,,,,,,,OP06-110_p4,0,0,0,0,1,0,missing_printing_market_map
958,OP06-110,Nekomamushi,UC,,3275,958,OP06-110_r1,,r1,R1,official-cardlist,PRB01/reprint/OP06-110_r1.png,https://en.onepiece-cardgame.com/images/cardlist/card/OP06-110_r1.png?260305,,,,,,,,,,,,,,,,,,,,,,,,OP06-110_r1,0,0,0,0,1,0,missing_printing_market_map
958,OP06-110,Nekomamushi,UC,,3276,958,OP06-110_r2,,r2,R2,official-cardlist,ST28/reprint/OP06-110_r2.png,https://en.onepiece-cardgame.com/images/cardlist/card/OP06-110_r2.png?260305,,,,,,,,,,,,,,,,,,,,,,,,OP06-110_r2,0,0,0,0,1,0,missing_printing_market_map
960,OP06-112,Raizo,C,,3281,960,OP06-112_r1,,r1,R1,official-cardlist,ST28/reprint/OP06-112_r1.png,https://en.onepiece-cardgame.com/images/cardlist/card/OP06-112_r1.png?260305,,,,,,,,,,,,,,,,,,,,,,,,OP06-112_r1,0,0,0,0,1,0,missing_printing_market_map
962,OP06-114,Wyper,UC,,3286,962,OP06-114_p2,,parallel_2,Parallel 2,official-cardlist,PRB01/parallel/OP06-114_p2.png,https://en.onepiece-cardgame.com/images/cardlist/card/OP06-114_p2.png?260305,,,,,,,,,,,,,,,,,,,,,,,,OP06-114_p2,0,0,0,0,1,0,missing_printing_market_map
962,OP06-114,Wyper,UC,,3287,962,OP06-114_p3,,parallel_3,Parallel 3,official-cardlist,PRB01/parallel/OP06-114_p3.png,https://en.onepiece-cardgame.com/images/cardlist/card/OP06-114_p3.png?260305,,,,,,,,,,,,,,,,,,,,,,,,OP06-114_p3,0,0,0,0,1,0,missing_printing_market_map
962,OP06-114,Wyper,UC,,3288,962,OP06-114_r1,,r1,R1,official-cardlist,PRB01/reprint/OP06-114_r1.png,https://en.onepiece-cardgame.com/images/cardlist/card/OP06-114_r1.png?260305,,,,,,,,,,,,,,,,,,,,,,,,OP06-114_r1,0,0,0,0,1,0,missing_printing_market_map
963,OP06-115,You're the One Who Should Disappear.,R,,3291,963,OP06-115_p1,,parallel_1,Parallel 1,official-cardlist,PRB02/parallel/OP06-115_p1.png,https://en.onepiece-cardgame.com/images/cardlist/card/OP06-115_p1.png?260305,,,,,,,,,,,,,,,,,,,,,,,,OP06-115_p1,0,0,0,0,1,0,missing_printing_market_map
963,OP06-115,You're the One Who Should Disappear.,R,,3292,963,OP06-115::prb02,,alt,Prb02,local-catalog,thumbs/OP06-115(PRB02).webp,,,,,,,,,,,,,,,,,,,,,,,,,OP06-115::prb02,0,0,0,0,1,0,missing_printing_market_map
963,OP06-115,You're the One Who Should Disappear.,R,,3293,963,OP06-115_r1,,r1,R1,official-cardlist,PRB02/reprint/OP06-115_r1.png,https://en.onepiece-cardgame.com/images/cardlist/card/OP06-115_r1.png?260305,,,,,,,,,,,,,,,,,,,,,,,,OP06-115_r1,0,0,0,0,1,0,missing_printing_market_map
966,OP06-118,Roronoa Zoro,SEC,,3300,966,OP06-118::2nd anniversary alt,,promo,2Nd Anniversary Alt,local-catalog,thumbs/OP06-118(2nd Anniversary alt).webp,,,,,,,,,,,,,,,,,,,,,,,,,OP06-118::2nd anniversary alt,0,0,0,0,1,0,missing_printing_market_map
966,OP06-118,Roronoa Zoro,SEC,,3301,966,OP06-118::alt,,alt,Alt,local-catalog,thumbs/OP06-118alt.webp,,,,,,,,,,,,,,,,,,,,,,,,,OP06-118::alt,0,0,0,0,1,0,missing_printing_market_map
966,OP06-118,Roronoa Zoro,SEC,,3302,966,OP06-118::mnaga rare,,mr,Mnaga Rare,local-catalog,thumbs/OP06-118 Mnaga Rare.webp,,,,,,,,,,,,,,,,,,,,,,,,,OP06-118::mnaga rare,0,0,0,0,1,0,missing_printing_market_map
966,OP06-118,Roronoa Zoro,SEC,,3303,966,OP06-118_p1,,parallel_1,Parallel 1,official-cardlist,OP06/parallel/OP06-118_p1.png,https://en.onepiece-cardgame.com/images/cardlist/card/OP06-118_p1.png?260305,,,,,,,,,,,,,,,,,,,,,,,,OP06-118_p1,0,0,0,0,1,0,missing_printing_market_map
966,OP06-118,Roronoa Zoro,SEC,,3304,966,OP06-118_p2,,parallel_2,Parallel 2,official-cardlist,OP06/parallel/OP06-118_p2.png,https://en.onepiece-cardgame.com/images/cardlist/card/OP06-118_p2.png?260305,,,,,,,,,,,,,,,,,,,,,,,,OP06-118_p2,0,0,0,0,1,0,missing_printing_market_map
966,OP06-118,Roronoa Zoro,SEC,,3305,966,OP06-118_p4,,parallel_4,Parallel 4,official-cardlist,ANN2JP/parallel/OP06-118_p4.png,https://en.onepiece-cardgame.com/images/cardlist/card/OP06-118_p4.png?260305,,,,,,,,,,,,,,,,,,,,,,,,OP06-118_p4,0,0,0,0,1,0,missing_printing_market_map
966,OP06-118,Roronoa Zoro,SEC,,3306,966,OP06-118_r1,,r1,R1,official-cardlist,PRB01/reprint/OP06-118_r1.png,https://en.onepiece-cardgame.com/images/cardlist/card/OP06-118_r1.png?260305,,,,,,,,,,,,,,,,,,,,,,,,OP06-118_r1,0,0,0,0,1,0,missing_printing_market_map
966,OP06-118,Roronoa Zoro,SEC,,3307,966,OP06-118_r2,,r2,R2,official-cardlist,PRB02/reprint/OP06-118_r2.png,https://en.onepiece-cardgame.com/images/cardlist/card/OP06-118_r2.png?260305,,,,,,,,,,,,,,,,,,,,,,,,OP06-118_r2,0,0,0,0,1,0,missing_printing_market_map
967,OP06-119,Sanji,SEC,,3310,967,OP06-119::alt,,alt,Alt,local-catalog,thumbs/OP06-119alt.webp,,,,,,,,,,,,,,,,,,,,,,,,,OP06-119::alt,0,0,0,0,1,0,missing_printing_market_map
967,OP06-119,Sanji,SEC,,3311,967,OP06-119::manga,,mr,Manga,local-catalog,thumbs/OP06-119(manga).webp,,,,,,,,,,,,,,,,,,,,,,,,,OP06-119::manga,0,0,0,0,1,0,missing_printing_market_map
967,OP06-119,Sanji,SEC,,3312,967,OP06-119_p1,,parallel_1,Parallel 1,official-cardlist,OP06/parallel/OP06-119_p1.png,https://en.onepiece-cardgame.com/images/cardlist/card/OP06-119_p1.png?260305,,,,,,,,,,,,,,,,,,,,,,,,OP06-119_p1,0,0,0,0,1,0,missing_printing_market_map
967,OP06-119,Sanji,SEC,,3313,967,OP06-119_p2,,parallel_2,Parallel 2,official-cardlist,OP11/parallel/OP06-119_p2.png,https://en.onepiece-cardgame.com/images/cardlist/card/OP06-119_p2.png?260305,,,,,,,,,,,,,,,,,,,,,,,,OP06-119_p2,0,0,0,0,1,0,missing_printing_market_map
967,OP06-119,Sanji,SEC,,3314,967,OP06-119_p3,,parallel_3,Parallel 3,official-cardlist,PRB02/parallel/OP06-119_p3.png,https://en.onepiece-cardgame.com/images/cardlist/card/OP06-119_p3.png?260305,,,,,,,,,,,,,,,,,,,,,,,,OP06-119_p3,0,0,0,0,1,0,missing_printing_market_map
967,OP06-119,Sanji,SEC,,3315,967,OP06-119_r1,,r1,R1,official-cardlist,PRB02/reprint/OP06-119_r1.png,https://en.onepiece-cardgame.com/images/cardlist/card/OP06-119_r1.png?260305,,,,,,,,,,,,,,,,,,,,,,,,OP06-119_r1,0,0,0,0,1,0,missing_printing_market_map
967,OP06-119,Sanji,SEC,,3316,967,OP06-119::sp,,sp,SP,local-catalog,thumbs/OP06-119(SP).webp,,,,,,,,,,,,,,,,,,,,,,,,,OP06-119::sp,0,0,0,0,1,0,missing_printing_market_map
968,OP07-001,Monkey.D.Dragon,L,,3319,968,OP07-001::alt,,alt,Alt,local-catalog,thumbs/OP07-001alt.webp,,,,,,,,,,,,,,,,,,,,,,,,,OP07-001::alt,0,0,0,0,1,0,missing_printing_market_map
968,OP07-001,Monkey.D.Dragon,L,,3320,968,OP07-001_p1,,parallel_1,Parallel 1,official-cardlist,OP07/parallel/OP07-001_p1.png,https://en.onepiece-cardgame.com/images/cardlist/card/OP07-001_p1.png?260305,,,,,,,,,,,,,,,,,,,,,,,,OP07-001_p1,0,0,0,0,1,0,missing_printing_market_map
968,OP07-001,Monkey.D.Dragon,L,,3321,968,OP07-001_p2,,parallel_2,Parallel 2,official-cardlist,EB02/parallel/OP07-001_p2.png,https://en.onepiece-cardgame.com/images/cardlist/card/OP07-001_p2.png?260305,,,,,,,,,,,,,,,,,,,,,,,,OP07-001_p2,0,0,0,0,1,0,missing_printing_market_map
972,OP07-005,Carina,R,,3330,972,OP07-005::alt,,alt,Alt,local-catalog,thumbs/OP07-005alt.webp,,,,,,,,,,,,,,,,,,,,,,,,,OP07-005::alt,0,0,0,0,1,0,missing_printing_market_map
972,OP07-005,Carina,R,,3331,972,OP07-005_p1,,parallel_1,Parallel 1,official-cardlist,OP07/parallel/OP07-005_p1.png,https://en.onepiece-cardgame.com/images/cardlist/card/OP07-005_p1.png?260305,,,,,,,,,,,,,,,,,,,,,,,,OP07-005_p1,0,0,0,0,1,0,missing_printing_market_map
981,OP07-014,Moda,UC,,3350,981,OP07-014_p1,,parallel_1,Parallel 1,official-cardlist,PRB02/parallel/OP07-014_p1.png,https://en.onepiece-cardgame.com/images/cardlist/card/OP07-014_p1.png?260305,,,,,,,,,,,,,,,,,,,,,,,,OP07-014_p1,0,0,0,0,1,0,missing_printing_market_map
981,OP07-014,Moda,UC,,3351,981,OP07-014_r1,,r1,R1,official-cardlist,PRB02/reprint/OP07-014_r1.png,https://en.onepiece-cardgame.com/images/cardlist/card/OP07-014_r1.png?260305,,,,,,,,,,,,,,,,,,,,,,,,OP07-014_r1,0,0,0,0,1,0,missing_printing_market_map
982,OP07-015,Monkey.D.Dragon,SR,,3354,982,OP07-015::alt,,alt,Alt,local-catalog,thumbs/OP07-015alt.webp,,,,,,,,,,,,,,,,,,,,,,,,,OP07-015::alt,0,0,0,0,1,0,missing_printing_market_map
982,OP07-015,Monkey.D.Dragon,SR,,3355,982,OP07-015_p1,,parallel_1,Parallel 1,official-cardlist,OP07/parallel/OP07-015_p1.png,https://en.onepiece-cardgame.com/images/cardlist/card/OP07-015_p1.png?260305,,,,,,,,,,,,,,,,,,,,,,,,OP07-015_p1,0,0,0,0,1,0,missing_printing_market_map
982,OP07-015,Monkey.D.Dragon,SR,,3356,982,OP07-015_p2,,parallel_2,Parallel 2,official-cardlist,OP09/parallel/OP07-015_p2.png,https://en.onepiece-cardgame.com/images/cardlist/card/OP07-015_p2.png?260305,,,,,,,,,,,,,,,,,,,,,,,,OP07-015_p2,0,0,0,0,1,0,missing_printing_market_map
982,OP07-015,Monkey.D.Dragon,SR,,3357,982,OP07-015_r1,,r1,R1,official-cardlist,PRB02/reprint/OP07-015_r1.png,https://en.onepiece-cardgame.com/images/cardlist/card/OP07-015_r1.png?260305,,,,,,,,,,,,,,,,,,,,,,,,OP07-015_r1,0,0,0,0,1,0,missing_printing_market_map
982,OP07-015,Monkey.D.Dragon,SR,,3358,982,OP07-015::s palt,,sp,S Palt,local-catalog,thumbs/OP07-015SPalt.webp,,,,,,,,,,,,,,,,,,,,,,,,,OP07-015::s palt,0,0,0,0,1,0,missing_printing_market_map
984,OP07-017,Dragon Breath,UC,,3363,984,OP07-017_p1,,parallel_1,Parallel 1,official-cardlist,PRB02/parallel/OP07-017_p1.png,https://en.onepiece-cardgame.com/images/cardlist/card/OP07-017_p1.png?260305,,,,,,,,,,,,,,,,,,,,,,,,OP07-017_p1,0,0,0,0,1,0,missing_printing_market_map
984,OP07-017,Dragon Breath,UC,,3364,984,OP07-017_r1,,r1,R1,official-cardlist,PRB02/reprint/OP07-017_r1.png,https://en.onepiece-cardgame.com/images/cardlist/card/OP07-017_r1.png?260305,,,,,,,,,,,,,,,,,,,,,,,,OP07-017_r1,0,0,0,0,1,0,missing_printing_market_map
986,OP07-019,Jewelry Bonney,L,,3369,986,OP07-019::alt,,alt,Alt,local-catalog,thumbs/OP07-019alt.webp,,,,,,,,,,,,,,,,,,,,,,,,,OP07-019::alt,0,0,0,0,1,0,missing_printing_market_map
986,OP07-019,Jewelry Bonney,L,,3370,986,OP07-019_p1,,parallel_1,Parallel 1,official-cardlist,OP07/parallel/OP07-019_p1.png,https://en.onepiece-cardgame.com/images/cardlist/card/OP07-019_p1.png?260305,,,,,,,,,,,,,,,,,,,,,,,,OP07-019_p1,0,0,0,0,1,0,missing_printing_market_map
986,OP07-019,Jewelry Bonney,L,,3371,986,OP07-019_p2,,parallel_2,Parallel 2,official-cardlist,EB02/parallel/OP07-019_p2.png,https://en.onepiece-cardgame.com/images/cardlist/card/OP07-019_p2.png?260305,,,,,,,,,,,,,,,,,,,,,,,,OP07-019_p2,0,0,0,0,1,0,missing_printing_market_map
986,OP07-019,Jewelry Bonney,L,,3372,986,OP07-019_p3,,parallel_3,Parallel 3,official-cardlist,ST24/parallel/OP07-019_p3.png,https://en.onepiece-cardgame.com/images/cardlist/card/OP07-019_p3.png?260305,,,,,,,,,,,,,,,,,,,,,,,,OP07-019_p3,0,0,0,0,1,0,missing_printing_market_map
986,OP07-019,Jewelry Bonney,L,,3373,986,OP07-019::st24,,alt,St24,local-catalog,thumbs/OP07-019(ST24).webp,,,,,,,,,,,,,,,,,,,,,,,,,OP07-019::st24,0,0,0,0,1,0,missing_printing_market_map
988,OP07-021,Urouge,R,,3378,988,OP07-021_p1,,parallel_1,Parallel 1,official-cardlist,ORP2025V1/parallel/OP07-021_p1.png,https://en.onepiece-cardgame.com/images/cardlist/card/OP07-021_p1.png?260305,,,,,,,,,,,,,,,,,,,,,,,,OP07-021_p1,0,0,0,0,1,0,missing_printing_market_map
988,OP07-021,Urouge,R,,3379,988,OP07-021_p2,,parallel_2,Parallel 2,official-cardlist,OP10/parallel/OP07-021_p2.png,https://en.onepiece-cardgame.com/images/cardlist/card/OP07-021_p2.png?260305,,,,,,,,,,,,,,,,,,,,,,,,OP07-021_p2,0,0,0,0,1,0,missing_printing_market_map
988,OP07-021,Urouge,R,,3380,988,OP07-021_p3,,parallel_3,Parallel 3,official-cardlist,ORFC2526S1/parallel/OP07-021_p3.png,https://en.onepiece-cardgame.com/images/cardlist/card/OP07-021_p3.png?260305,,,,,,,,,,,,,,,,,,,,,,,,OP07-021_p3,0,0,0,0,1,0,missing_printing_market_map
988,OP07-021,Urouge,R,,3381,988,OP07-021_p4,,parallel_4,Parallel 4,official-cardlist,_unclassified/parallel/OP07-021_p4.png,https://en.onepiece-cardgame.com/images/cardlist/card/OP07-021_p4.png?260305,,,,,,,,,,,,,,,,,,,,,,,,OP07-021_p4,0,0,0,0,1,0,missing_printing_market_map
988,OP07-021,Urouge,R,,3382,988,OP07-021_p5,,parallel_5,Parallel 5,official-cardlist,_unclassified/parallel/OP07-021_p5.png,https://en.onepiece-cardgame.com/images/cardlist/card/OP07-021_p5.png?260305,,,,,,,,,,,,,,,,,,,,,,,,OP07-021_p5,0,0,0,0,1,0,missing_printing_market_map
988,OP07-021,Urouge,R,,3383,988,OP07-021_p6,,parallel_6,Parallel 6,official-cardlist,_unclassified/parallel/OP07-021_p6.png,https://en.onepiece-cardgame.com/images/cardlist/card/OP07-021_p6.png?260305,,,,,,,,,,,,,,,,,,,,,,,,OP07-021_p6,0,0,0,0,1,0,missing_printing_market_map
988,OP07-021,Urouge,R,,3384,988,OP07-021_p7,,parallel_7,Parallel 7,official-cardlist,_unclassified/parallel/OP07-021_p7.png,https://en.onepiece-cardgame.com/images/cardlist/card/OP07-021_p7.png?260305,,,,,,,,,,,,,,,,,,,,,,,,OP07-021_p7,0,0,0,0,1,0,missing_printing_market_map
988,OP07-021,Urouge,R,,3385,988,OP07-021_p8,,parallel_8,Parallel 8,official-cardlist,PRB02/parallel/OP07-021_p8.png,https://en.onepiece-cardgame.com/images/cardlist/card/OP07-021_p8.png?260305,,,,,,,,,,,,,,,,,,,,,,,,OP07-021_p8,0,0,0,0,1,0,missing_printing_market_map
988,OP07-021,Urouge,R,,3386,988,OP07-021::prb02,,alt,Prb02,local-catalog,thumbs/OP07-021(PRB02).webp,,,,,,,,,,,,,,,,,,,,,,,,,OP07-021::prb02,0,0,0,0,1,0,missing_printing_market_map
988,OP07-021,Urouge,R,,3387,988,OP07-021_r1,,r1,R1,official-cardlist,ST24/reprint/OP07-021_r1.png,https://en.onepiece-cardgame.com/images/cardlist/card/OP07-021_r1.png?260305,,,,,,,,,,,,,,,,,,,,,,,,OP07-021_r1,0,0,0,0,1,0,missing_printing_market_map
988,OP07-021,Urouge,R,,3388,988,OP07-021_r2,,r2,R2,official-cardlist,PRB02/reprint/OP07-021_r2.png,https://en.onepiece-cardgame.com/images/cardlist/card/OP07-021_r2.png?260305,,,,,,,,,,,,,,,,,,,,,,,,OP07-021_r2,0,0,0,0,1,0,missing_printing_market_map
988,OP07-021,Urouge,R,,3389,988,OP07-021::s p,,sp,S P,local-catalog,thumbs/OP07-021SP.webp,,,,,,,,,,,,,,,,,,,,,,,,,OP07-021::s p,0,0,0,0,1,0,missing_printing_market_map
989,OP07-022,Otama,R,,3392,989,OP07-022::alt,,alt,Alt,local-catalog,thumbs/OP07-022alt.webp,,,,,,,,,,,,,,,,,,,,,,,,,OP07-022::alt,0,0,0,0,1,0,missing_printing_market_map
989,OP07-022,Otama,R,,3393,989,OP07-022_p1,,parallel_1,Parallel 1,official-cardlist,OP07/parallel/OP07-022_p1.png,https://en.onepiece-cardgame.com/images/cardlist/card/OP07-022_p1.png?260305,,,,,,,,,,,,,,,,,,,,,,,,OP07-022_p1,0,0,0,0,1,0,missing_printing_market_map
990,OP07-023,Caribou,UC,,3396,990,OP07-023_r1,,r1,R1,official-cardlist,ST24/reprint/OP07-023_r1.png,https://en.onepiece-cardgame.com/images/cardlist/card/OP07-023_r1.png?260305,,,,,,,,,,,,,,,,,,,,,,,,OP07-023_r1,0,0,0,0,1,0,missing_printing_market_map
992,OP07-025,Coribou,C,,3401,992,OP07-025_r1,,r1,R1,official-cardlist,ST24/reprint/OP07-025_r1.png,https://en.onepiece-cardgame.com/images/cardlist/card/OP07-025_r1.png?260305,,,,,,,,,,,,,,,,,,,,,,,,OP07-025_r1,0,0,0,0,1,0,missing_printing_market_map
993,OP07-026,Jewelry Bonney,SR,,3404,993,OP07-026::alt,,alt,Alt,local-catalog,thumbs/OP07-026alt.webp,,,,,,,,,,,,,,,,,,,,,,,,,OP07-026::alt,0,0,0,0,1,0,missing_printing_market_map
993,OP07-026,Jewelry Bonney,SR,,3405,993,OP07-026_p1,,parallel_1,Parallel 1,official-cardlist,OP07/parallel/OP07-026_p1.png,https://en.onepiece-cardgame.com/images/cardlist/card/OP07-026_p1.png?260305,,,,,,,,,,,,,,,,,,,,,,,,OP07-026_p1,0,0,0,0,1,0,missing_printing_market_map
993,OP07-026,Jewelry Bonney,SR,,3406,993,OP07-026_r1,,r1,R1,official-cardlist,PRB02/reprint/OP07-026_r1.png,https://en.onepiece-cardgame.com/images/cardlist/card/OP07-026_r1.png?260305,,,,,,,,,,,,,,,,,,,,,,,,OP07-026_r1,0,0,0,0,1,0,missing_printing_market_map
996,OP07-029,Basil Hawkins,SR,,3413,996,OP07-029::alt,,alt,Alt,local-catalog,thumbs/OP07-029alt.webp,,,,,,,,,,,,,,,,,,,,,,,,,OP07-029::alt,0,0,0,0,1,0,missing_printing_market_map
996,OP07-029,Basil Hawkins,SR,,3414,996,OP07-029_p1,,parallel_1,Parallel 1,official-cardlist,OP07/parallel/OP07-029_p1.png,https://en.onepiece-cardgame.com/images/cardlist/card/OP07-029_p1.png?260305,,,,,,,,,,,,,,,,,,,,,,,,OP07-029_p1,0,0,0,0,1,0,missing_printing_market_map
996,OP07-029,Basil Hawkins,SR,,3415,996,OP07-029_r1,,r1,R1,official-cardlist,PRB02/reprint/OP07-029_r1.png,https://en.onepiece-cardgame.com/images/cardlist/card/OP07-029_r1.png?260305,,,,,,,,,,,,,,,,,,,,,,,,OP07-029_r1,0,0,0,0,1,0,missing_printing_market_map
998,OP07-031,Bartolomeo,UC,,3420,998,OP07-031_p1,,parallel_1,Parallel 1,official-cardlist,PRB02/parallel/OP07-031_p1.png,https://en.onepiece-cardgame.com/images/cardlist/card/OP07-031_p1.png?260305,,,,,,,,,,,,,,,,,,,,,,,,OP07-031_p1,0,0,0,0,1,0,missing_printing_market_map
998,OP07-031,Bartolomeo,UC,,3421,998,OP07-031_r1,,r1,R1,official-cardlist,ST24/reprint/OP07-031_r1.png,https://en.onepiece-cardgame.com/images/cardlist/card/OP07-031_r1.png?260305,,,,,,,,,,,,,,,,,,,,,,,,OP07-031_r1,0,0,0,0,1,0,missing_printing_market_map
998,OP07-031,Bartolomeo,UC,,3422,998,OP07-031_r2,,r2,R2,official-cardlist,PRB02/reprint/OP07-031_r2.png,https://en.onepiece-cardgame.com/images/cardlist/card/OP07-031_r2.png?260305,,,,,,,,,,,,,,,,,,,,,,,,OP07-031_r2,0,0,0,0,1,0,missing_printing_market_map
1000,OP07-033,Monkey.D.Luffy,UC,,3427,1000,OP07-033_r1,,r1,R1,official-cardlist,ST24/reprint/OP07-033_r1.png,https://en.onepiece-cardgame.com/images/cardlist/card/OP07-033_r1.png?260305,,,,,,,,,,,,,,,,,,,,,,,,OP07-033_r1,0,0,0,0,1,0,missing_printing_market_map
1001,OP07-034,Roronoa Zoro,UC,,3430,1001,OP07-034_r1,,r1,R1,official-cardlist,ST24/reprint/OP07-034_r1.png,https://en.onepiece-cardgame.com/images/cardlist/card/OP07-034_r1.png?260305,,,,,,,,,,,,,,,,,,,,,,,,OP07-034_r1,0,0,0,0,1,0,missing_printing_market_map
1003,OP07-036,Demonic Aura Nine-Sword Style Asura Demon Nine Flash,R,,3435,1003,OP07-036_p1,,parallel_1,Parallel 1,official-cardlist,ST24/parallel/OP07-036_p1.png,https://en.onepiece-cardgame.com/images/cardlist/card/OP07-036_p1.png?260305,,,,,,,,,,,,,,,,,,,,,,,,OP07-036_p1,0,0,0,0,1,0,missing_printing_market_map
1004,OP07-037,More Pizza!!,UC,,3438,1004,OP07-037_p1,,parallel_1,Parallel 1,official-cardlist,BCV4/parallel/OP07-037_p1.png,https://en.onepiece-cardgame.com/images/cardlist/card/OP07-037_p1.png?260305,,,,,,,,,,,,,,,,,,,,,,,,OP07-037_p1,0,0,0,0,1,0,missing_printing_market_map
1004,OP07-037,More Pizza!!,UC,,3439,1004,OP07-037_r1,,r1,R1,official-cardlist,ST24/reprint/OP07-037_r1.png,https://en.onepiece-cardgame.com/images/cardlist/card/OP07-037_r1.png?260305,,,,,,,,,,,,,,,,,,,,,,,,OP07-037_r1,0,0,0,0,1,0,missing_printing_market_map
1005,OP07-038,Boa Hancock,L,,3442,1005,OP07-038::alt,,alt,Alt,local-catalog,thumbs/OP07-038alt.webp,,,,,,,,,,,,,,,,,,,,,,,,,OP07-038::alt,0,0,0,0,1,0,missing_printing_market_map
1005,OP07-038,Boa Hancock,L,,3443,1005,OP07-038_p1,,parallel_1,Parallel 1,official-cardlist,OP07/parallel/OP07-038_p1.png,https://en.onepiece-cardgame.com/images/cardlist/card/OP07-038_p1.png?260305,,,,,,,,,,,,,,,,,,,,,,,,OP07-038_p1,0,0,0,0,1,0,missing_printing_market_map
1005,OP07-038,Boa Hancock,L,,3444,1005,OP07-038_p2,,parallel_2,Parallel 2,official-cardlist,EB02/parallel/OP07-038_p2.png,https://en.onepiece-cardgame.com/images/cardlist/card/OP07-038_p2.png?260305,,,,,,,,,,,,,,,,,,,,,,,,OP07-038_p2,0,0,0,0,1,0,missing_printing_market_map
1007,OP07-040,Crocodile,UC,,3449,1007,OP07-040_p1,,parallel_1,Parallel 1,official-cardlist,ST1520RE/parallel/OP07-040_p1.png,https://en.onepiece-cardgame.com/images/cardlist/card/OP07-040_p1.png?260305,,,,,,,,,,,,,,,,,,,,,,,,OP07-040_p1,0,0,0,0,1,0,missing_printing_market_map
1007,OP07-040,Crocodile,UC,,3450,1007,OP07-040_p2,,parallel_2,Parallel 2,official-cardlist,PRB02/parallel/OP07-040_p2.png,https://en.onepiece-cardgame.com/images/cardlist/card/OP07-040_p2.png?260305,,,,,,,,,,,,,,,,,,,,,,,,OP07-040_p2,0,0,0,0,1,0,missing_printing_market_map
1007,OP07-040,Crocodile,UC,,3451,1007,OP07-040_p3,,parallel_3,Parallel 3,official-cardlist,PRB02/parallel/OP07-040_p3.png,https://en.onepiece-cardgame.com/images/cardlist/card/OP07-040_p3.png?260305,,,,,,,,,,,,,,,,,,,,,,,,OP07-040_p3,0,0,0,0,1,0,missing_printing_market_map
1007,OP07-040,Crocodile,UC,,3452,1007,OP07-040_p4,,parallel_4,Parallel 4,official-cardlist,SWBS01/parallel/OP07-040_p4.png,https://en.onepiece-cardgame.com/images/cardlist/card/OP07-040_p4.png?260305,,,,,,,,,,,,,,,,,,,,,,,,OP07-040_p4,0,0,0,0,1,0,missing_printing_market_map
1007,OP07-040,Crocodile,UC,,3453,1007,OP07-040::prb02,,alt,Prb02,local-catalog,thumbs/OP07-040(PRB02).webp,,,,,,,,,,,,,,,,,,,,,,,,,OP07-040::prb02,0,0,0,0,1,0,missing_printing_market_map
1007,OP07-040,Crocodile,UC,,3454,1007,OP07-040_r1,,r1,R1,official-cardlist,PRB02/reprint/OP07-040_r1.png,https://en.onepiece-cardgame.com/images/cardlist/card/OP07-040_r1.png?260305,,,,,,,,,,,,,,,,,,,,,,,,OP07-040_r1,0,0,0,0,1,0,missing_printing_market_map
1011,OP07-044,Dracule Mihawk,C,,3463,1011,OP07-044_p1,,parallel_1,Parallel 1,official-cardlist,SWBS01/parallel/OP07-044_p1.png,https://en.onepiece-cardgame.com/images/cardlist/card/OP07-044_p1.png?260305,,,,,,,,,,,,,,,,,,,,,,,,OP07-044_p1,0,0,0,0,1,0,missing_printing_market_map
1012,OP07-045,Jinbe,SR,,3466,1012,OP07-045::alt,,alt,Alt,local-catalog,thumbs/OP07-045alt.webp,,,,,,,,,,,,,,,,,,,,,,,,,OP07-045::alt,0,0,0,0,1,0,missing_printing_market_map
1012,OP07-045,Jinbe,SR,,3467,1012,OP07-045_p1,,parallel_1,Parallel 1,official-cardlist,OP07/parallel/OP07-045_p1.png,https://en.onepiece-cardgame.com/images/cardlist/card/OP07-045_p1.png?260305,,,,,,,,,,,,,,,,,,,,,,,,OP07-045_p1,0,0,0,0,1,0,missing_printing_market_map
1013,OP07-046,Sengoku,SP CARD,,3470,1013,OP07-046::alt,,alt,Alt,local-catalog,thumbs/OP07-046alt.webp,,,,,,,,,,,,,,,,,,,,,,,,,OP07-046::alt,0,0,0,0,1,0,missing_printing_market_map
1013,OP07-046,Sengoku,SP CARD,,3471,1013,OP07-046_p1,,parallel_1,Parallel 1,official-cardlist,OP07/parallel/OP07-046_p1.png,https://en.onepiece-cardgame.com/images/cardlist/card/OP07-046_p1.png?260305,,,,,,,,,,,,,,,,,,,,,,,,OP07-046_p1,0,0,0,0,1,0,missing_printing_market_map
1013,OP07-046,Sengoku,SP CARD,,3472,1013,OP07-046_p2,,parallel_2,Parallel 2,official-cardlist,EB04/parallel/OP07-046_p2.png,https://en.onepiece-cardgame.com/images/cardlist/card/OP07-046_p2.png?260305,,,,,,,,,,,,,,,,,,,,,,,,OP07-046_p2,0,0,0,0,1,0,missing_printing_market_map
1013,OP07-046,Sengoku,SP CARD,,3473,1013,OP07-046::sp,,sp,SP,local-catalog,thumbs/OP07-046(SP).webp,,,,,,,,,,,,,,,,,,,,,,,,,OP07-046::sp,0,0,0,0,1,0,missing_printing_market_map
1014,OP07-047,Trafalgar Law,R,,3476,1014,OP07-047::alt,,alt,Alt,local-catalog,thumbs/OP07-047alt.webp,,,,,,,,,,,,,,,,,,,,,,,,,OP07-047::alt,0,0,0,0,1,0,missing_printing_market_map
1014,OP07-047,Trafalgar Law,R,,3477,1014,OP07-047::alt art 2,,alt,Alt Art 2,local-catalog,thumbs/OP07-047alt2.webp,,,,,,,,,,,,,,,,,,,,,,,,,OP07-047::alt art 2,0,0,0,0,1,0,missing_printing_market_map
1014,OP07-047,Trafalgar Law,R,,3478,1014,OP07-047_p1,,parallel_1,Parallel 1,official-cardlist,OP07/parallel/OP07-047_p1.png,https://en.onepiece-cardgame.com/images/cardlist/card/OP07-047_p1.png?260305,,,,,,,,,,,,,,,,,,,,,,,,OP07-047_p1,0,0,0,0,1,0,missing_printing_market_map
1014,OP07-047,Trafalgar Law,R,,3479,1014,OP07-047_p2,,parallel_2,Parallel 2,official-cardlist,_unclassified/parallel/OP07-047_p2.png,https://en.onepiece-cardgame.com/images/cardlist/card/OP07-047_p2.png?260305,,,,,,,,,,,,,,,,,,,,,,,,OP07-047_p2,0,0,0,0,1,0,missing_printing_market_map
1014,OP07-047,Trafalgar Law,R,,3480,1014,OP07-047_p3,,parallel_3,Parallel 3,official-cardlist,ORFC2025V2/parallel/OP07-047_p3.png,https://en.onepiece-cardgame.com/images/cardlist/card/OP07-047_p3.png?260305,,,,,,,,,,,,,,,,,,,,,,,,OP07-047_p3,0,0,0,0,1,0,missing_printing_market_map
1014,OP07-047,Trafalgar Law,R,,3481,1014,OP07-047_p4,,parallel_4,Parallel 4,official-cardlist,_unclassified/parallel/OP07-047_p4.png,https://en.onepiece-cardgame.com/images/cardlist/card/OP07-047_p4.png?260305,,,,,,,,,,,,,,,,,,,,,,,,OP07-047_p4,0,0,0,0,1,0,missing_printing_market_map
1014,OP07-047,Trafalgar Law,R,,3482,1014,OP07-047_p5,,parallel_5,Parallel 5,official-cardlist,SWBS01/parallel/OP07-047_p5.png,https://en.onepiece-cardgame.com/images/cardlist/card/OP07-047_p5.png?260305,,,,,,,,,,,,,,,,,,,,,,,,OP07-047_p5,0,0,0,0,1,0,missing_printing_market_map
1015,OP07-048,Donquixote Doflamingo,UC,,3485,1015,OP07-048_p1,,parallel_1,Parallel 1,official-cardlist,SWBS01/parallel/OP07-048_p1.png,https://en.onepiece-cardgame.com/images/cardlist/card/OP07-048_p1.png?260305,,,,,,,,,,,,,,,,,,,,,,,,OP07-048_p1,0,0,0,0,1,0,missing_printing_market_map
1018,OP07-051,Boa Hancock,SP CARD,,3492,1018,OP07-051::2nd anniversary chinese serial alt,,promo,2Nd Anniversary Chinese Serial Alt,local-catalog,thumbs/OP07-051(2nd Anniversary Chinese Serial alt).webp,,,,,,,,,,,,,,,,,,,,,,,,,OP07-051::2nd anniversary chinese serial alt,0,0,0,0,1,0,missing_printing_market_map
1018,OP07-051,Boa Hancock,SP CARD,,3493,1018,OP07-051::alt,,alt,Alt,local-catalog,thumbs/OP07-051alt.webp,,,,,,,,,,,,,,,,,,,,,,,,,OP07-051::alt,0,0,0,0,1,0,missing_printing_market_map
1018,OP07-051,Boa Hancock,SP CARD,,3494,1018,OP07-051::m anga alt,,mr,M Anga Alt,local-catalog,thumbs/OP07-051manga alt.webp,,,,,,,,,,,,,,,,,,,,,,,,,OP07-051::m anga alt,0,0,0,0,1,0,missing_printing_market_map
1018,OP07-051,Boa Hancock,SP CARD,,3495,1018,OP07-051_p1,,parallel_1,Parallel 1,official-cardlist,OP07/parallel/OP07-051_p1.png,https://en.onepiece-cardgame.com/images/cardlist/card/OP07-051_p1.png?260305,,,,,,,,,,,,,,,,,,,,,,,,OP07-051_p1,0,0,0,0,1,0,missing_printing_market_map
1018,OP07-051,Boa Hancock,SP CARD,,3496,1018,OP07-051_p2,,parallel_2,Parallel 2,official-cardlist,OP07/parallel/OP07-051_p2.png,https://en.onepiece-cardgame.com/images/cardlist/card/OP07-051_p2.png?260305,,,,,,,,,,,,,,,,,,,,,,,,OP07-051_p2,0,0,0,0,1,0,missing_printing_market_map
1018,OP07-051,Boa Hancock,SP CARD,,3497,1018,OP07-051_p3,,parallel_3,Parallel 3,official-cardlist,OP09/parallel/OP07-051_p3.png,https://en.onepiece-cardgame.com/images/cardlist/card/OP07-051_p3.png?260305,,,,,,,,,,,,,,,,,,,,,,,,OP07-051_p3,0,0,0,0,1,0,missing_printing_market_map
1018,OP07-051,Boa Hancock,SP CARD,,3498,1018,OP07-051_p4,,parallel_4,Parallel 4,official-cardlist,SWBS01/parallel/OP07-051_p4.png,https://en.onepiece-cardgame.com/images/cardlist/card/OP07-051_p4.png?260305,,,,,,,,,,,,,,,,,,,,,,,,OP07-051_p4,0,0,0,0,1,0,missing_printing_market_map
1018,OP07-051,Boa Hancock,SP CARD,,3499,1018,OP07-051_p5,,parallel_5,Parallel 5,official-cardlist,SWBS01/parallel/OP07-051_p5.png,https://en.onepiece-cardgame.com/images/cardlist/card/OP07-051_p5.png?260305,,,,,,,,,,,,,,,,,,,,,,,,OP07-051_p5,0,0,0,0,1,0,missing_printing_market_map
1018,OP07-051,Boa Hancock,SP CARD,,3500,1018,OP07-051::s palt,,sp,S Palt,local-catalog,thumbs/OP07-051SPalt.webp,,,,,,,,,,,,,,,,,,,,,,,,,OP07-051::s palt,0,0,0,0,1,0,missing_printing_market_map
1020,OP07-053,Portgas.D.Ace,R,,3505,1020,OP07-053::alt,,alt,Alt,local-catalog,thumbs/OP07-053alt.webp,,,,,,,,,,,,,,,,,,,,,,,,,OP07-053::alt,0,0,0,0,1,0,missing_printing_market_map
1020,OP07-053,Portgas.D.Ace,R,,3506,1020,OP07-053_p1,,parallel_1,Parallel 1,official-cardlist,TP2024OD/parallel/OP07-053_p1.png,https://en.onepiece-cardgame.com/images/cardlist/card/OP07-053_p1.png?260305,,,,,,,,,,,,,,,,,,,,,,,,OP07-053_p1,0,0,0,0,1,0,missing_printing_market_map
1020,OP07-053,Portgas.D.Ace,R,,3507,1020,OP07-053_p2,,parallel_2,Parallel 2,official-cardlist,CS2526CP/parallel/OP07-053_p2.png,https://en.onepiece-cardgame.com/images/cardlist/card/OP07-053_p2.png?260305,,,,,,,,,,,,,,,,,,,,,,,,OP07-053_p2,0,0,0,0,1,0,missing_printing_market_map
1020,OP07-053,Portgas.D.Ace,R,,3508,1020,OP07-053_p3,,parallel_3,Parallel 3,official-cardlist,_unclassified/parallel/OP07-053_p3.png,https://en.onepiece-cardgame.com/images/cardlist/card/OP07-053_p3.png?260305,,,,,,,,,,,,,,,,,,,,,,,,OP07-053_p3,0,0,0,0,1,0,missing_printing_market_map
1020,OP07-053,Portgas.D.Ace,R,,3509,1020,OP07-053_p4,,parallel_4,Parallel 4,official-cardlist,_unclassified/parallel/OP07-053_p4.png,https://en.onepiece-cardgame.com/images/cardlist/card/OP07-053_p4.png?260305,,,,,,,,,,,,,,,,,,,,,,,,OP07-053_p4,0,0,0,0,1,0,missing_printing_market_map
1023,OP07-056,Slave Arrow,UC,,3516,1023,OP07-056_p1,,parallel_1,Parallel 1,official-cardlist,PRB02/parallel/OP07-056_p1.png,https://en.onepiece-cardgame.com/images/cardlist/card/OP07-056_p1.png?260305,,,,,,,,,,,,,,,,,,,,,,,,OP07-056_p1,0,0,0,0,1,0,missing_printing_market_map
1023,OP07-056,Slave Arrow,UC,,3517,1023,OP07-056_r1,,r1,R1,official-cardlist,PRB02/reprint/OP07-056_r1.png,https://en.onepiece-cardgame.com/images/cardlist/card/OP07-056_r1.png?260305,,,,,,,,,,,,,,,,,,,,,,,,OP07-056_r1,0,0,0,0,1,0,missing_printing_market_map
1024,OP07-057,Perfume Femur,R,,3520,1024,OP07-057_p1,,parallel_1,Parallel 1,official-cardlist,BCV4/parallel/OP07-057_p1.png,https://en.onepiece-cardgame.com/images/cardlist/card/OP07-057_p1.png?260305,,,,,,,,,,,,,,,,,,,,,,,,OP07-057_p1,0,0,0,0,1,0,missing_printing_market_map
1026,OP07-059,Foxy,L,,3525,1026,OP07-059::alt,,alt,Alt,local-catalog,thumbs/OP07-059alt.webp,,,,,,,,,,,,,,,,,,,,,,,,,OP07-059::alt,0,0,0,0,1,0,missing_printing_market_map
1026,OP07-059,Foxy,L,,3526,1026,OP07-059_p1,,parallel_1,Parallel 1,official-cardlist,OP07/parallel/OP07-059_p1.png,https://en.onepiece-cardgame.com/images/cardlist/card/OP07-059_p1.png?260305,,,,,,,,,,,,,,,,,,,,,,,,OP07-059_p1,0,0,0,0,1,0,missing_printing_market_map
1026,OP07-059,Foxy,L,,3527,1026,OP07-059_p2,,parallel_2,Parallel 2,official-cardlist,EB02/parallel/OP07-059_p2.png,https://en.onepiece-cardgame.com/images/cardlist/card/OP07-059_p2.png?260305,,,,,,,,,,,,,,,,,,,,,,,,OP07-059_p2,0,0,0,0,1,0,missing_printing_market_map
1031,OP07-064,Sanji,SR,,3538,1031,OP07-064::2nd anniversary alt,,promo,2Nd Anniversary Alt,local-catalog,thumbs/OP07-064(2nd Anniversary alt).webp,,,,,,,,,,,,,,,,,,,,,,,,,OP07-064::2nd anniversary alt,0,0,0,0,1,0,missing_printing_market_map
1031,OP07-064,Sanji,SR,,3539,1031,OP07-064::alt,,alt,Alt,local-catalog,thumbs/OP07-064alt.webp,,,,,,,,,,,,,,,,,,,,,,,,,OP07-064::alt,0,0,0,0,1,0,missing_printing_market_map
1031,OP07-064,Sanji,SR,,3540,1031,OP07-064::alt art 2,,alt,Alt Art 2,local-catalog,thumbs/OP07-064alt2.webp,,,,,,,,,,,,,,,,,,,,,,,,,OP07-064::alt art 2,0,0,0,0,1,0,missing_printing_market_map
1031,OP07-064,Sanji,SR,,3541,1031,OP07-064_p1,,parallel_1,Parallel 1,official-cardlist,OP07/parallel/OP07-064_p1.png,https://en.onepiece-cardgame.com/images/cardlist/card/OP07-064_p1.png?260305,,,,,,,,,,,,,,,,,,,,,,,,OP07-064_p1,0,0,0,0,1,0,missing_printing_market_map
1031,OP07-064,Sanji,SR,,3542,1031,OP07-064_p2,,parallel_2,Parallel 2,official-cardlist,ANN2JP/parallel/OP07-064_p2.png,https://en.onepiece-cardgame.com/images/cardlist/card/OP07-064_p2.png?260305,,,,,,,,,,,,,,,,,,,,,,,,OP07-064_p2,0,0,0,0,1,0,missing_printing_market_map
1031,OP07-064,Sanji,SR,,3543,1031,OP07-064_r1,,r1,R1,official-cardlist,PRB02/reprint/OP07-064_r1.png,https://en.onepiece-cardgame.com/images/cardlist/card/OP07-064_r1.png?260305,,,,,,,,,,,,,,,,,,,,,,,,OP07-064_r1,0,0,0,0,1,0,missing_printing_market_map
1033,OP07-066,Tony Tony.Chopper,R,,3548,1033,OP07-066_p1,,parallel_1,Parallel 1,official-cardlist,CS2526TP1/parallel/OP07-066_p1.png,https://en.onepiece-cardgame.com/images/cardlist/card/OP07-066_p1.png?260305,,,,,,,,,,,,,,,,,,,,,,,,OP07-066_p1,0,0,0,0,1,0,missing_printing_market_map
1033,OP07-066,Tony Tony.Chopper,R,,3549,1033,OP07-066_p2,,parallel_2,Parallel 2,official-cardlist,_unclassified/parallel/OP07-066_p2.png,https://en.onepiece-cardgame.com/images/cardlist/card/OP07-066_p2.png?260305,,,,,,,,,,,,,,,,,,,,,,,,OP07-066_p2,0,0,0,0,1,0,missing_printing_market_map
1038,OP07-071,Foxy,R,,3560,1038,OP07-071::alt,,alt,Alt,local-catalog,thumbs/OP07-071alt.webp,,,,,,,,,,,,,,,,,,,,,,,,,OP07-071::alt,0,0,0,0,1,0,missing_printing_market_map
1038,OP07-071,Foxy,R,,3561,1038,OP07-071_p1,,parallel_1,Parallel 1,official-cardlist,OP07/parallel/OP07-071_p1.png,https://en.onepiece-cardgame.com/images/cardlist/card/OP07-071_p1.png?260305,,,,,,,,,,,,,,,,,,,,,,,,OP07-071_p1,0,0,0,0,1,0,missing_printing_market_map
1039,OP07-072,Porche,SR,,3564,1039,OP07-072::alt,,alt,Alt,local-catalog,thumbs/OP07-072alt.webp,,,,,,,,,,,,,,,,,,,,,,,,,OP07-072::alt,0,0,0,0,1,0,missing_printing_market_map
1039,OP07-072,Porche,SR,,3565,1039,OP07-072_p1,,parallel_1,Parallel 1,official-cardlist,OP07/parallel/OP07-072_p1.png,https://en.onepiece-cardgame.com/images/cardlist/card/OP07-072_p1.png?260305,,,,,,,,,,,,,,,,,,,,,,,,OP07-072_p1,0,0,0,0,1,0,missing_printing_market_map
1040,OP07-073,Monkey.D.Luffy,R,,3568,1040,OP07-073_p1,,parallel_1,Parallel 1,official-cardlist,BCGF2526/parallel/OP07-073_p1.png,https://en.onepiece-cardgame.com/images/cardlist/card/OP07-073_p1.png?260305,,,,,,,,,,,,,,,,,,,,,,,,OP07-073_p1,0,0,0,0,1,0,missing_printing_market_map
1043,OP07-076,Slow-Slow Beam Sword,C,,3575,1043,OP07-076_p1,,parallel_1,Parallel 1,official-cardlist,PRB02/parallel/OP07-076_p1.png,https://en.onepiece-cardgame.com/images/cardlist/card/OP07-076_p1.png?260305,,,,,,,,,,,,,,,,,,,,,,,,OP07-076_p1,0,0,0,0,1,0,missing_printing_market_map
1043,OP07-076,Slow-Slow Beam Sword,C,,3576,1043,OP07-076_r1,,r1,R1,official-cardlist,PRB02/reprint/OP07-076_r1.png,https://en.onepiece-cardgame.com/images/cardlist/card/OP07-076_r1.png?260305,,,,,,,,,,,,,,,,,,,,,,,,OP07-076_r1,0,0,0,0,1,0,missing_printing_market_map
1046,OP07-079,Rob Lucci,L,,3583,1046,OP07-079::alt,,alt,Alt,local-catalog,thumbs/OP07-079alt.webp,,,,,,,,,,,,,,,,,,,,,,,,,OP07-079::alt,0,0,0,0,1,0,missing_printing_market_map
1046,OP07-079,Rob Lucci,L,,3584,1046,OP07-079_p1,,parallel_1,Parallel 1,official-cardlist,OP07/parallel/OP07-079_p1.png,https://en.onepiece-cardgame.com/images/cardlist/card/OP07-079_p1.png?260305,,,,,,,,,,,,,,,,,,,,,,,,OP07-079_p1,0,0,0,0,1,0,missing_printing_market_map
1046,OP07-079,Rob Lucci,L,,3585,1046,OP07-079_p2,,parallel_2,Parallel 2,official-cardlist,EB02/parallel/OP07-079_p2.png,https://en.onepiece-cardgame.com/images/cardlist/card/OP07-079_p2.png?260305,,,,,,,,,,,,,,,,,,,,,,,,OP07-079_p2,0,0,0,0,1,0,missing_printing_market_map
1047,OP07-080,Kaku,R,,3588,1047,OP07-080::alt,,alt,Alt,local-catalog,thumbs/OP07-080alt.webp,,,,,,,,,,,,,,,,,,,,,,,,,OP07-080::alt,0,0,0,0,1,0,missing_printing_market_map
1047,OP07-080,Kaku,R,,3589,1047,OP07-080_p1,,parallel_1,Parallel 1,official-cardlist,CS2526CP/parallel/OP07-080_p1.png,https://en.onepiece-cardgame.com/images/cardlist/card/OP07-080_p1.png?260305,,,,,,,,,,,,,,,,,,,,,,,,OP07-080_p1,0,0,0,0,1,0,missing_printing_market_map
1052,OP07-085,Stussy,SP CARD,,3600,1052,OP07-085::alt,,alt,Alt,local-catalog,thumbs/OP07-085alt.webp,,,,,,,,,,,,,,,,,,,,,,,,,OP07-085::alt,0,0,0,0,1,0,missing_printing_market_map
1052,OP07-085,Stussy,SP CARD,,3601,1052,OP07-085_p1,,parallel_1,Parallel 1,official-cardlist,OP07/parallel/OP07-085_p1.png,https://en.onepiece-cardgame.com/images/cardlist/card/OP07-085_p1.png?260305,,,,,,,,,,,,,,,,,,,,,,,,OP07-085_p1,0,0,0,0,1,0,missing_printing_market_map
1052,OP07-085,Stussy,SP CARD,,3602,1052,OP07-085_p2,,parallel_2,Parallel 2,official-cardlist,OP11/parallel/OP07-085_p2.png,https://en.onepiece-cardgame.com/images/cardlist/card/OP07-085_p2.png?260305,,,,,,,,,,,,,,,,,,,,,,,,OP07-085_p2,0,0,0,0,1,0,missing_printing_market_map
1052,OP07-085,Stussy,SP CARD,,3603,1052,OP07-085::sp,,sp,SP,local-catalog,thumbs/OP07-085(SP).webp,,,,,,,,,,,,,,,,,,,,,,,,,OP07-085::sp,0,0,0,0,1,0,missing_printing_market_map
1058,OP07-091,Monkey.D.Luffy,R,,3616,1058,OP07-091::alt,,alt,Alt,local-catalog,thumbs/OP07-091alt.webp,,,,,,,,,,,,,,,,,,,,,,,,,OP07-091::alt,0,0,0,0,1,0,missing_printing_market_map
1058,OP07-091,Monkey.D.Luffy,R,,3617,1058,OP07-091_p1,,parallel_1,Parallel 1,official-cardlist,ORP2024V3/parallel/OP07-091_p1.png,https://en.onepiece-cardgame.com/images/cardlist/card/OP07-091_p1.png?260305,,,,,,,,,,,,,,,,,,,,,,,,OP07-091_p1,0,0,0,0,1,0,missing_printing_market_map
1064,OP07-097,Vegapunk,L,,3631,1064,OP07-097::alt,,alt,Alt,local-catalog,thumbs/OP07-097alt.webp,,,,,,,,,,,,,,,,,,,,,,,,,OP07-097::alt,0,0,0,0,1,0,missing_printing_market_map
1064,OP07-097,Vegapunk,L,,3632,1064,OP07-097_p1,,parallel_1,Parallel 1,official-cardlist,OP07/parallel/OP07-097_p1.png,https://en.onepiece-cardgame.com/images/cardlist/card/OP07-097_p1.png?260305,,,,,,,,,,,,,,,,,,,,,,,,OP07-097_p1,0,0,0,0,1,0,missing_printing_market_map
1064,OP07-097,Vegapunk,L,,3633,1064,OP07-097_p2,,parallel_2,Parallel 2,official-cardlist,EB02/parallel/OP07-097_p2.png,https://en.onepiece-cardgame.com/images/cardlist/card/OP07-097_p2.png?260305,,,,,,,,,,,,,,,,,,,,,,,,OP07-097_p2,0,0,0,0,1,0,missing_printing_market_map
1067,OP07-100,Edison,C,,3640,1067,OP07-100::alt,,alt,Alt,local-catalog,thumbs/OP07-100alt.webp,,,,,,,,,,,,,,,,,,,,,,,,,OP07-100::alt,0,0,0,0,1,0,missing_printing_market_map
1067,OP07-100,Edison,C,,3641,1067,OP07-100_p1,,parallel_1,Parallel 1,official-cardlist,TP2024OD/parallel/OP07-100_p1.png,https://en.onepiece-cardgame.com/images/cardlist/card/OP07-100_p1.png?260305,,,,,,,,,,,,,,,,,,,,,,,,OP07-100_p1,0,0,0,0,1,0,missing_printing_market_map
1067,OP07-100,Edison,C,,3642,1067,OP07-100_p2,,parallel_2,Parallel 2,official-cardlist,CS2526CP/parallel/OP07-100_p2.png,https://en.onepiece-cardgame.com/images/cardlist/card/OP07-100_p2.png?260305,,,,,,,,,,,,,,,,,,,,,,,,OP07-100_p2,0,0,0,0,1,0,missing_printing_market_map
1074,OP07-107,Franky,R,,3657,1074,OP07-107::alt,,alt,Alt,local-catalog,thumbs/OP07-107alt.webp,,,,,,,,,,,,,,,,,,,,,,,,,OP07-107::alt,0,0,0,0,1,0,missing_printing_market_map
1074,OP07-107,Franky,R,,3658,1074,OP07-107_p1,,parallel_1,Parallel 1,official-cardlist,OP07/parallel/OP07-107_p1.png,https://en.onepiece-cardgame.com/images/cardlist/card/OP07-107_p1.png?260305,,,,,,,,,,,,,,,,,,,,,,,,OP07-107_p1,0,0,0,0,1,0,missing_printing_market_map
1074,OP07-107,Franky,R,,3659,1074,OP07-107_r1,,r1,R1,official-cardlist,PRB02/reprint/OP07-107_r1.png,https://en.onepiece-cardgame.com/images/cardlist/card/OP07-107_r1.png?260305,,,,,,,,,,,,,,,,,,,,,,,,OP07-107_r1,0,0,0,0,1,0,missing_printing_market_map
1076,OP07-109,Monkey.D.Luffy,SR,,3664,1076,OP07-109::alt,,alt,Alt,local-catalog,thumbs/OP07-109alt.webp,,,,,,,,,,,,,,,,,,,,,,,,,OP07-109::alt,0,0,0,0,1,0,missing_printing_market_map
1076,OP07-109,Monkey.D.Luffy,SR,,3665,1076,OP07-109::alt art 2,,alt,Alt Art 2,local-catalog,thumbs/OP07-109alt2.webp,,,,,,,,,,,,,,,,,,,,,,,,,OP07-109::alt art 2,0,0,0,0,1,0,missing_printing_market_map
1076,OP07-109,Monkey.D.Luffy,SR,,3666,1076,OP07-109::alt art 3,,alt,Alt Art 3,local-catalog,thumbs/OP07-109alt3.webp,,,,,,,,,,,,,,,,,,,,,,,,,OP07-109::alt art 3,0,0,0,0,1,0,missing_printing_market_map
1076,OP07-109,Monkey.D.Luffy,SR,,3667,1076,OP07-109::onepieceday24 alt,,promo,Onepieceday24 Alt,local-catalog,thumbs/OP07-109(OnePieceDay24)alt.webp,,,,,,,,,,,,,,,,,,,,,,,,,OP07-109::onepieceday24 alt,0,0,0,0,1,0,missing_printing_market_map
1076,OP07-109,Monkey.D.Luffy,SR,,3668,1076,OP07-109_p1,,parallel_1,Parallel 1,official-cardlist,OP07/parallel/OP07-109_p1.png,https://en.onepiece-cardgame.com/images/cardlist/card/OP07-109_p1.png?260305,,,,,,,,,,,,,,,,,,,,,,,,OP07-109_p1,0,0,0,0,1,0,missing_printing_market_map
1076,OP07-109,Monkey.D.Luffy,SR,,3669,1076,OP07-109_p2,,parallel_2,Parallel 2,official-cardlist,OP08/parallel/OP07-109_p2.png,https://en.onepiece-cardgame.com/images/cardlist/card/OP07-109_p2.png?260305,,,,,,,,,,,,,,,,,,,,,,,,OP07-109_p2,0,0,0,0,1,0,missing_printing_market_map
1076,OP07-109,Monkey.D.Luffy,SR,,3670,1076,OP07-109_p3,,parallel_3,Parallel 3,official-cardlist,CS2526TP1/parallel/OP07-109_p3.png,https://en.onepiece-cardgame.com/images/cardlist/card/OP07-109_p3.png?260305,,,,,,,,,,,,,,,,,,,,,,,,OP07-109_p3,0,0,0,0,1,0,missing_printing_market_map
1076,OP07-109,Monkey.D.Luffy,SR,,3671,1076,OP07-109_p4,,parallel_4,Parallel 4,official-cardlist,_unclassified/parallel/OP07-109_p4.png,https://en.onepiece-cardgame.com/images/cardlist/card/OP07-109_p4.png?260305,,,,,,,,,,,,,,,,,,,,,,,,OP07-109_p4,0,0,0,0,1,0,missing_printing_market_map
1076,OP07-109,Monkey.D.Luffy,SR,,3672,1076,OP07-109_r1,,r1,R1,official-cardlist,PRB02/reprint/OP07-109_r1.png,https://en.onepiece-cardgame.com/images/cardlist/card/OP07-109_r1.png?260305,,,,,,,,,,,,,,,,,,,,,,,,OP07-109_r1,0,0,0,0,1,0,missing_printing_market_map
1078,OP07-111,Lilith,SP CARD,,3677,1078,OP07-111::alt,,alt,Alt,local-catalog,thumbs/OP07-111alt.webp,,,,,,,,,,,,,,,,,,,,,,,,,OP07-111::alt,0,0,0,0,1,0,missing_printing_market_map
1078,OP07-111,Lilith,SP CARD,,3678,1078,OP07-111_p1,,parallel_1,Parallel 1,official-cardlist,OP07/parallel/OP07-111_p1.png,https://en.onepiece-cardgame.com/images/cardlist/card/OP07-111_p1.png?260305,,,,,,,,,,,,,,,,,,,,,,,,OP07-111_p1,0,0,0,0,1,0,missing_printing_market_map
1078,OP07-111,Lilith,SP CARD,,3679,1078,OP07-111_p2,,parallel_2,Parallel 2,official-cardlist,OP13/parallel/OP07-111_p2.png,https://en.onepiece-cardgame.com/images/cardlist/card/OP07-111_p2.png?260305,,,,,,,,,,,,,,,,,,,,,,,,OP07-111_p2,0,0,0,0,1,0,missing_printing_market_map
1078,OP07-111,Lilith,SP CARD,,3680,1078,OP07-111::sp,,sp,SP,local-catalog,thumbs/OP07-111(SP).webp,,,,,,,,,,,,,,,,,,,,,,,,,OP07-111::sp,0,0,0,0,1,0,missing_printing_market_map
1080,OP07-113,Roronoa Zoro,UC,,3685,1080,OP07-113_p1,,parallel_1,Parallel 1,official-cardlist,OPDALLAS/parallel/OP07-113_p1.png,https://en.onepiece-cardgame.com/images/cardlist/card/OP07-113_p1.png?260305,,,,,,,,,,,,,,,,,,,,,,,,OP07-113_p1,0,0,0,0,1,0,missing_printing_market_map
1081,OP07-114,He Possesses the World's Most Brilliant Mind,UC,,3688,1081,OP07-114_p1,,parallel_1,Parallel 1,official-cardlist,PRB02/parallel/OP07-114_p1.png,https://en.onepiece-cardgame.com/images/cardlist/card/OP07-114_p1.png?260305,,,,,,,,,,,,,,,,,,,,,,,,OP07-114_p1,0,0,0,0,1,0,missing_printing_market_map
1081,OP07-114,He Possesses the World's Most Brilliant Mind,UC,,3689,1081,OP07-114_r1,,r1,R1,official-cardlist,PRB02/reprint/OP07-114_r1.png,https://en.onepiece-cardgame.com/images/cardlist/card/OP07-114_r1.png?260305,,,,,,,,,,,,,,,,,,,,,,,,OP07-114_r1,0,0,0,0,1,0,missing_printing_market_map
1083,OP07-116,Blaze Slice,R,,3694,1083,OP07-116_p1,,parallel_1,Parallel 1,official-cardlist,ST28/parallel/OP07-116_p1.png,https://en.onepiece-cardgame.com/images/cardlist/card/OP07-116_p1.png?260305,,,,,,,,,,,,,,,,,,,,,,,,OP07-116_p1,0,0,0,0,1,0,missing_printing_market_map
1083,OP07-116,Blaze Slice,R,,3695,1083,OP07-116_p2,,parallel_2,Parallel 2,official-cardlist,BCV5/parallel/OP07-116_p2.png,https://en.onepiece-cardgame.com/images/cardlist/card/OP07-116_p2.png?260305,,,,,,,,,,,,,,,,,,,,,,,,OP07-116_p2,0,0,0,0,1,0,missing_printing_market_map
1085,OP07-118,Sabo,SEC,,3700,1085,OP07-118::alt,,alt,Alt,local-catalog,thumbs/OP07-118alt.webp,,,,,,,,,,,,,,,,,,,,,,,,,OP07-118::alt,0,0,0,0,1,0,missing_printing_market_map
1085,OP07-118,Sabo,SEC,,3701,1085,OP07-118_p1,,parallel_1,Parallel 1,official-cardlist,OP07/parallel/OP07-118_p1.png,https://en.onepiece-cardgame.com/images/cardlist/card/OP07-118_p1.png?260305,,,,,,,,,,,,,,,,,,,,,,,,OP07-118_p1,0,0,0,0,1,0,missing_printing_market_map
1085,OP07-118,Sabo,SEC,,3702,1085,OP07-118_p2,,parallel_2,Parallel 2,official-cardlist,OP13/parallel/OP07-118_p2.png,https://en.onepiece-cardgame.com/images/cardlist/card/OP07-118_p2.png?260305,,,,,,,,,,,,,,,,,,,,,,,,OP07-118_p2,0,0,0,0,1,0,missing_printing_market_map
1085,OP07-118,Sabo,SEC,,3703,1085,OP07-118_p3,,parallel_3,Parallel 3,official-cardlist,ANN3JP/parallel/OP07-118_p3.png,https://en.onepiece-cardgame.com/images/cardlist/card/OP07-118_p3.png?260305,,,,,,,,,,,,,,,,,,,,,,,,OP07-118_p3,0,0,0,0,1,0,missing_printing_market_map
1085,OP07-118,Sabo,SEC,,3704,1085,OP07-118_r1,,r1,R1,official-cardlist,PRB02/reprint/OP07-118_r1.png,https://en.onepiece-cardgame.com/images/cardlist/card/OP07-118_r1.png?260305,,,,,,,,,,,,,,,,,,,,,,,,OP07-118_r1,0,0,0,0,1,0,missing_printing_market_map
1085,OP07-118,Sabo,SEC,,3705,1085,OP07-118::sp,,sp,SP,local-catalog,thumbs/OP07-118(SP).webp,,,,,,,,,,,,,,,,,,,,,,,,,OP07-118::sp,0,0,0,0,1,0,missing_printing_market_map
1086,OP07-119,Portgas.D.Ace,SEC,,3708,1086,OP07-119::alt,,alt,Alt,local-catalog,thumbs/OP07-119alt.webp,,,,,,,,,,,,,,,,,,,,,,,,,OP07-119::alt,0,0,0,0,1,0,missing_printing_market_map
1086,OP07-119,Portgas.D.Ace,SEC,,3709,1086,OP07-119::alt art 2,,alt,Alt Art 2,local-catalog,thumbs/OP07-119alt2.webp,,,,,,,,,,,,,,,,,,,,,,,,,OP07-119::alt art 2,0,0,0,0,1,0,missing_printing_market_map
1086,OP07-119,Portgas.D.Ace,SEC,,3710,1086,OP07-119_p1,,parallel_1,Parallel 1,official-cardlist,OP07/parallel/OP07-119_p1.png,https://en.onepiece-cardgame.com/images/cardlist/card/OP07-119_p1.png?260305,,,,,,,,,,,,,,,,,,,,,,,,OP07-119_p1,0,0,0,0,1,0,missing_printing_market_map
1086,OP07-119,Portgas.D.Ace,SEC,,3711,1086,OP07-119_p2,,parallel_2,Parallel 2,official-cardlist,_unclassified/parallel/OP07-119_p2.png,https://en.onepiece-cardgame.com/images/cardlist/card/OP07-119_p2.png?260305,,,,,,,,,,,,,,,,,,,,,,,,OP07-119_p2,0,0,0,0,1,0,missing_printing_market_map
1086,OP07-119,Portgas.D.Ace,SEC,,3712,1086,OP07-119_r1,,r1,R1,official-cardlist,PRB02/reprint/OP07-119_r1.png,https://en.onepiece-cardgame.com/images/cardlist/card/OP07-119_r1.png?260305,,,,,,,,,,,,,,,,,,,,,,,,OP07-119_r1,0,0,0,0,1,0,missing_printing_market_map
1087,OP08-001,Tony Tony.Chopper,L,,3715,1087,OP08-001::alt,,alt,Alt,local-catalog,thumbs/OP08-001alt.webp,,,,,,,,,,,,,,,,,,,,,,,,,OP08-001::alt,0,0,0,0,1,0,missing_printing_market_map
1087,OP08-001,Tony Tony.Chopper,L,,3716,1087,OP08-001_p1,,parallel_1,Parallel 1,official-cardlist,OP08/parallel/OP08-001_p1.png,https://en.onepiece-cardgame.com/images/cardlist/card/OP08-001_p1.png?260305,,,,,,,,,,,,,,,,,,,,,,,,OP08-001_p1,0,0,0,0,1,0,missing_printing_market_map
1087,OP08-001,Tony Tony.Chopper,L,,3717,1087,OP08-001_p2,,parallel_2,Parallel 2,official-cardlist,EB02/parallel/OP08-001_p2.png,https://en.onepiece-cardgame.com/images/cardlist/card/OP08-001_p2.png?260305,,,,,,,,,,,,,,,,,,,,,,,,OP08-001_p2,0,0,0,0,1,0,missing_printing_market_map
1088,OP08-002,Marco,L,,3720,1088,OP08-002::alt,,alt,Alt,local-catalog,thumbs/OP08-002alt.webp,,,,,,,,,,,,,,,,,,,,,,,,,OP08-002::alt,0,0,0,0,1,0,missing_printing_market_map
1088,OP08-002,Marco,L,,3721,1088,OP08-002_p1,,parallel_1,Parallel 1,official-cardlist,OP08/parallel/OP08-002_p1.png,https://en.onepiece-cardgame.com/images/cardlist/card/OP08-002_p1.png?260305,,,,,,,,,,,,,,,,,,,,,,,,OP08-002_p1,0,0,0,0,1,0,missing_printing_market_map
1088,OP08-002,Marco,L,,3722,1088,OP08-002_p2,,parallel_2,Parallel 2,official-cardlist,EB02/parallel/OP08-002_p2.png,https://en.onepiece-cardgame.com/images/cardlist/card/OP08-002_p2.png?260305,,,,,,,,,,,,,,,,,,,,,,,,OP08-002_p2,0,0,0,0,1,0,missing_printing_market_map
1093,OP08-007,Tony Tony.Chopper,SR,,3733,1093,OP08-007::alt,,alt,Alt,local-catalog,thumbs/OP08-007alt.webp,,,,,,,,,,,,,,,,,,,,,,,,,OP08-007::alt,0,0,0,0,1,0,missing_printing_market_map
1093,OP08-007,Tony Tony.Chopper,SR,,3734,1093,OP08-007_p1,,parallel_1,Parallel 1,official-cardlist,OP08/parallel/OP08-007_p1.png,https://en.onepiece-cardgame.com/images/cardlist/card/OP08-007_p1.png?260305,,,,,,,,,,,,,,,,,,,,,,,,OP08-007_p1,0,0,0,0,1,0,missing_printing_market_map
1101,OP08-015,Dr.Kureha,R,,3751,1101,OP08-015::alt,,alt,Alt,local-catalog,thumbs/OP08-015alt.webp,,,,,,,,,,,,,,,,,,,,,,,,,OP08-015::alt,0,0,0,0,1,0,missing_printing_market_map
1101,OP08-015,Dr.Kureha,R,,3752,1101,OP08-015_p1,,parallel_1,Parallel 1,official-cardlist,OP08/parallel/OP08-015_p1.png,https://en.onepiece-cardgame.com/images/cardlist/card/OP08-015_p1.png?260305,,,,,,,,,,,,,,,,,,,,,,,,OP08-015_p1,0,0,0,0,1,0,missing_printing_market_map
1106,OP08-020,Drum Kingdom,C,,3763,1106,OP08-020::alt,,alt,Alt,local-catalog,thumbs/OP08-020alt.webp,,,,,,,,,,,,,,,,,,,,,,,,,OP08-020::alt,0,0,0,0,1,0,missing_printing_market_map
1107,OP08-021,Carrot,L,,3766,1107,OP08-021::alt,,alt,Alt,local-catalog,thumbs/OP08-021alt.webp,,,,,,,,,,,,,,,,,,,,,,,,,OP08-021::alt,0,0,0,0,1,0,missing_printing_market_map
1107,OP08-021,Carrot,L,,3767,1107,OP08-021_p1,,parallel_1,Parallel 1,official-cardlist,OP08/parallel/OP08-021_p1.png,https://en.onepiece-cardgame.com/images/cardlist/card/OP08-021_p1.png?260305,,,,,,,,,,,,,,,,,,,,,,,,OP08-021_p1,0,0,0,0,1,0,missing_printing_market_map
1107,OP08-021,Carrot,L,,3768,1107,OP08-021_p2,,parallel_2,Parallel 2,official-cardlist,EB02/parallel/OP08-021_p2.png,https://en.onepiece-cardgame.com/images/cardlist/card/OP08-021_p2.png?260305,,,,,,,,,,,,,,,,,,,,,,,,OP08-021_p2,0,0,0,0,1,0,missing_printing_market_map
1109,OP08-023,Carrot,SR,,3773,1109,OP08-023::alt,,alt,Alt,local-catalog,thumbs/OP08-023alt.webp,,,,,,,,,,,,,,,,,,,,,,,,,OP08-023::alt,0,0,0,0,1,0,missing_printing_market_map
1109,OP08-023,Carrot,SR,,3774,1109,OP08-023_p1,,parallel_1,Parallel 1,official-cardlist,OP08/parallel/OP08-023_p1.png,https://en.onepiece-cardgame.com/images/cardlist/card/OP08-023_p1.png?260305,,,,,,,,,,,,,,,,,,,,,,,,OP08-023_p1,0,0,0,0,1,0,missing_printing_market_map
1109,OP08-023,Carrot,SR,,3775,1109,OP08-023_p2,,parallel_2,Parallel 2,official-cardlist,PRB02/parallel/OP08-023_p2.png,https://en.onepiece-cardgame.com/images/cardlist/card/OP08-023_p2.png?260305,,,,,,,,,,,,,,,,,,,,,,,,OP08-023_p2,0,0,0,0,1,0,missing_printing_market_map
1109,OP08-023,Carrot,SR,,3776,1109,OP08-023::prb02,,alt,Prb02,local-catalog,thumbs/OP08-023(PRB02).webp,,,,,,,,,,,,,,,,,,,,,,,,,OP08-023::prb02,0,0,0,0,1,0,missing_printing_market_map
1109,OP08-023,Carrot,SR,,3777,1109,OP08-023_r1,,r1,R1,official-cardlist,PRB02/reprint/OP08-023_r1.png,https://en.onepiece-cardgame.com/images/cardlist/card/OP08-023_r1.png?260305,,,,,,,,,,,,,,,,,,,,,,,,OP08-023_r1,0,0,0,0,1,0,missing_printing_market_map
1116,OP08-030,Pedro,R,,3792,1116,OP08-030::alt,,alt,Alt,local-catalog,thumbs/OP08-030alt.webp,,,,,,,,,,,,,,,,,,,,,,,,,OP08-030::alt,0,0,0,0,1,0,missing_printing_market_map
1116,OP08-030,Pedro,R,,3793,1116,OP08-030_p1,,parallel_1,Parallel 1,official-cardlist,OP08/parallel/OP08-030_p1.png,https://en.onepiece-cardgame.com/images/cardlist/card/OP08-030_p1.png?260305,,,,,,,,,,,,,,,,,,,,,,,,OP08-030_p1,0,0,0,0,1,0,missing_printing_market_map
1122,OP08-036,Electrical Luna,R,,3806,1122,OP08-036_p1,,parallel_1,Parallel 1,official-cardlist,BCV5/parallel/OP08-036_p1.png,https://en.onepiece-cardgame.com/images/cardlist/card/OP08-036_p1.png?260305,,,,,,,,,,,,,,,,,,,,,,,,OP08-036_p1,0,0,0,0,1,0,missing_printing_market_map
1126,OP08-040,Atmos,UC,,3815,1126,OP08-040::alt,,alt,Alt,local-catalog,thumbs/OP08-040(alt).webp,,,,,,,,,,,,,,,,,,,,,,,,,OP08-040::alt,0,0,0,0,1,0,missing_printing_market_map
1126,OP08-040,Atmos,UC,,3816,1126,OP08-040_p1,,parallel_1,Parallel 1,official-cardlist,BCV3/parallel/OP08-040_p1.png,https://en.onepiece-cardgame.com/images/cardlist/card/OP08-040_p1.png?260305,,,,,,,,,,,,,,,,,,,,,,,,OP08-040_p1,0,0,0,0,1,0,missing_printing_market_map
1129,OP08-043,Edward.Newgate,SR,,3823,1129,OP08-043::alt,,alt,Alt,local-catalog,thumbs/OP08-043alt.webp,,,,,,,,,,,,,,,,,,,,,,,,,OP08-043::alt,0,0,0,0,1,0,missing_printing_market_map
1129,OP08-043,Edward.Newgate,SR,,3824,1129,OP08-043_p1,,parallel_1,Parallel 1,official-cardlist,OP08/parallel/OP08-043_p1.png,https://en.onepiece-cardgame.com/images/cardlist/card/OP08-043_p1.png?260305,,,,,,,,,,,,,,,,,,,,,,,,OP08-043_p1,0,0,0,0,1,0,missing_printing_market_map
1138,OP08-052,Portgas.D.Ace,TR,,3843,1138,OP08-052::alt,,alt,Alt,local-catalog,thumbs/OP08-052alt.webp,,,,,,,,,,,,,,,,,,,,,,,,,OP08-052::alt,0,0,0,0,1,0,missing_printing_market_map
1138,OP08-052,Portgas.D.Ace,TR,,3844,1138,OP08-052_p1,,parallel_1,Parallel 1,official-cardlist,OP08/parallel/OP08-052_p1.png,https://en.onepiece-cardgame.com/images/cardlist/card/OP08-052_p1.png?260305,,,,,,,,,,,,,,,,,,,,,,,,OP08-052_p1,0,0,0,0,1,0,missing_printing_market_map
1138,OP08-052,Portgas.D.Ace,TR,,3845,1138,OP08-052_p2,,parallel_2,Parallel 2,official-cardlist,OP10/parallel/OP08-052_p2.png,https://en.onepiece-cardgame.com/images/cardlist/card/OP08-052_p2.png?260305,,,,,,,,,,,,,,,,,,,,,,,,OP08-052_p2,0,0,0,0,1,0,missing_printing_market_map
1143,OP08-057,King,L,,3856,1143,OP08-057::alt,,alt,Alt,local-catalog,thumbs/OP08-057alt.webp,,,,,,,,,,,,,,,,,,,,,,,,,OP08-057::alt,0,0,0,0,1,0,missing_printing_market_map
1143,OP08-057,King,L,,3857,1143,OP08-057_p1,,parallel_1,Parallel 1,official-cardlist,OP08/parallel/OP08-057_p1.png,https://en.onepiece-cardgame.com/images/cardlist/card/OP08-057_p1.png?260305,,,,,,,,,,,,,,,,,,,,,,,,OP08-057_p1,0,0,0,0,1,0,missing_printing_market_map
1143,OP08-057,King,L,,3858,1143,OP08-057_p2,,parallel_2,Parallel 2,official-cardlist,EB02/parallel/OP08-057_p2.png,https://en.onepiece-cardgame.com/images/cardlist/card/OP08-057_p2.png?260305,,,,,,,,,,,,,,,,,,,,,,,,OP08-057_p2,0,0,0,0,1,0,missing_printing_market_map
1144,OP08-058,Charlotte Pudding,L,,3861,1144,OP08-058::alt,,alt,Alt,local-catalog,thumbs/OP08-058alt.webp,,,,,,,,,,,,,,,,,,,,,,,,,OP08-058::alt,0,0,0,0,1,0,missing_printing_market_map
1144,OP08-058,Charlotte Pudding,L,,3862,1144,OP08-058_p1,,parallel_1,Parallel 1,official-cardlist,OP08/parallel/OP08-058_p1.png,https://en.onepiece-cardgame.com/images/cardlist/card/OP08-058_p1.png?260305,,,,,,,,,,,,,,,,,,,,,,,,OP08-058_p1,0,0,0,0,1,0,missing_printing_market_map
1144,OP08-058,Charlotte Pudding,L,,3863,1144,OP08-058_p2,,parallel_2,Parallel 2,official-cardlist,EB02/parallel/OP08-058_p2.png,https://en.onepiece-cardgame.com/images/cardlist/card/OP08-058_p2.png?260305,,,,,,,,,,,,,,,,,,,,,,,,OP08-058_p2,0,0,0,0,1,0,missing_printing_market_map
1148,OP08-062,Charlotte Katakuri,UC,,3872,1148,OP08-062_p1,,parallel_1,Parallel 1,official-cardlist,TP2025V3/parallel/OP08-062_p1.png,https://en.onepiece-cardgame.com/images/cardlist/card/OP08-062_p1.png?260305,,,,,,,,,,,,,,,,,,,,,,,,OP08-062_p1,0,0,0,0,1,0,missing_printing_market_map
1148,OP08-062,Charlotte Katakuri,UC,,3873,1148,OP08-062_p2,,parallel_2,Parallel 2,official-cardlist,_unclassified/parallel/OP08-062_p2.png,https://en.onepiece-cardgame.com/images/cardlist/card/OP08-062_p2.png?260305,,,,,,,,,,,,,,,,,,,,,,,,OP08-062_p2,0,0,0,0,1,0,missing_printing_market_map
1153,OP08-067,Charlotte Pudding,R,,3884,1153,OP08-067::alt,,alt,Alt,local-catalog,thumbs/OP08-067alt.webp,,,,,,,,,,,,,,,,,,,,,,,,,OP08-067::alt,0,0,0,0,1,0,missing_printing_market_map
1153,OP08-067,Charlotte Pudding,R,,3885,1153,OP08-067::alt art 2,,alt,Alt Art 2,local-catalog,thumbs/OP08-067alt2.webp,,,,,,,,,,,,,,,,,,,,,,,,,OP08-067::alt art 2,0,0,0,0,1,0,missing_printing_market_map
1153,OP08-067,Charlotte Pudding,R,,3886,1153,OP08-067_p1,,parallel_1,Parallel 1,official-cardlist,OP08/parallel/OP08-067_p1.png,https://en.onepiece-cardgame.com/images/cardlist/card/OP08-067_p1.png?260305,,,,,,,,,,,,,,,,,,,,,,,,OP08-067_p1,0,0,0,0,1,0,missing_printing_market_map
1153,OP08-067,Charlotte Pudding,R,,3887,1153,OP08-067_p2,,parallel_2,Parallel 2,official-cardlist,_unclassified/parallel/OP08-067_p2.png,https://en.onepiece-cardgame.com/images/cardlist/card/OP08-067_p2.png?260305,,,,,,,,,,,,,,,,,,,,,,,,OP08-067_p2,0,0,0,0,1,0,missing_printing_market_map
1153,OP08-067,Charlotte Pudding,R,,3888,1153,OP08-067_r1,,r1,R1,official-cardlist,PRB02/reprint/OP08-067_r1.png,https://en.onepiece-cardgame.com/images/cardlist/card/OP08-067_r1.png?260305,,,,,,,,,,,,,,,,,,,,,,,,OP08-067_r1,0,0,0,0,1,0,missing_printing_market_map
1155,OP08-069,Charlotte Linlin,SR,,3893,1155,OP08-069::2nd anniversary alt,,promo,2Nd Anniversary Alt,local-catalog,thumbs/OP08-069(2nd Anniversary alt).webp,,,,,,,,,,,,,,,,,,,,,,,,,OP08-069::2nd anniversary alt,0,0,0,0,1,0,missing_printing_market_map
1155,OP08-069,Charlotte Linlin,SR,,3894,1155,OP08-069::alt,,alt,Alt,local-catalog,thumbs/OP08-069alt.webp,,,,,,,,,,,,,,,,,,,,,,,,,OP08-069::alt,0,0,0,0,1,0,missing_printing_market_map
1155,OP08-069,Charlotte Linlin,SR,,3895,1155,OP08-069_p1,,parallel_1,Parallel 1,official-cardlist,OP08/parallel/OP08-069_p1.png,https://en.onepiece-cardgame.com/images/cardlist/card/OP08-069_p1.png?260305,,,,,,,,,,,,,,,,,,,,,,,,OP08-069_p1,0,0,0,0,1,0,missing_printing_market_map
1155,OP08-069,Charlotte Linlin,SR,,3896,1155,OP08-069_p2,,parallel_2,Parallel 2,official-cardlist,ANN2JP/parallel/OP08-069_p2.png,https://en.onepiece-cardgame.com/images/cardlist/card/OP08-069_p2.png?260305,,,,,,,,,,,,,,,,,,,,,,,,OP08-069_p2,0,0,0,0,1,0,missing_printing_market_map
1160,OP08-074,Black Maria,SR,,3907,1160,OP08-074::alt,,alt,Alt,local-catalog,thumbs/OP08-074alt.webp,,,,,,,,,,,,,,,,,,,,,,,,,OP08-074::alt,0,0,0,0,1,0,missing_printing_market_map
1160,OP08-074,Black Maria,SR,,3908,1160,OP08-074_p1,,parallel_1,Parallel 1,official-cardlist,OP08/parallel/OP08-074_p1.png,https://en.onepiece-cardgame.com/images/cardlist/card/OP08-074_p1.png?260305,,,,,,,,,,,,,,,,,,,,,,,,OP08-074_p1,0,0,0,0,1,0,missing_printing_market_map
1160,OP08-074,Black Maria,SR,,3909,1160,OP08-074_r1,,r1,R1,official-cardlist,PRB02/reprint/OP08-074_r1.png,https://en.onepiece-cardgame.com/images/cardlist/card/OP08-074_r1.png?260305,,,,,,,,,,,,,,,,,,,,,,,,OP08-074_r1,0,0,0,0,1,0,missing_printing_market_map
1162,OP08-076,It's to Die For...,UC,,3914,1162,OP08-076_p1,,parallel_1,Parallel 1,official-cardlist,PRB02/parallel/OP08-076_p1.png,https://en.onepiece-cardgame.com/images/cardlist/card/OP08-076_p1.png?260305,,,,,,,,,,,,,,,,,,,,,,,,OP08-076_p1,0,0,0,0,1,0,missing_printing_market_map
1162,OP08-076,It's to Die For...,UC,,3915,1162,OP08-076_r1,,r1,R1,official-cardlist,PRB02/reprint/OP08-076_r1.png,https://en.onepiece-cardgame.com/images/cardlist/card/OP08-076_r1.png?260305,,,,,,,,,,,,,,,,,,,,,,,,OP08-076_r1,0,0,0,0,1,0,missing_printing_market_map
1165,OP08-079,Kaido,SR,,3922,1165,OP08-079::alt,,alt,Alt,local-catalog,thumbs/OP08-079alt.webp,,,,,,,,,,,,,,,,,,,,,,,,,OP08-079::alt,0,0,0,0,1,0,missing_printing_market_map
1165,OP08-079,Kaido,SR,,3923,1165,OP08-079_p1,,parallel_1,Parallel 1,official-cardlist,OP08/parallel/OP08-079_p1.png,https://en.onepiece-cardgame.com/images/cardlist/card/OP08-079_p1.png?260305,,,,,,,,,,,,,,,,,,,,,,,,OP08-079_p1,0,0,0,0,1,0,missing_printing_market_map
1166,OP08-080,Queen,R,,3926,1166,OP08-080::alt,,alt,Alt,local-catalog,thumbs/OP08-080alt.webp,,,,,,,,,,,,,,,,,,,,,,,,,OP08-080::alt,0,0,0,0,1,0,missing_printing_market_map
1166,OP08-080,Queen,R,,3927,1166,OP08-080_p1,,parallel_1,Parallel 1,official-cardlist,OP08/parallel/OP08-080_p1.png,https://en.onepiece-cardgame.com/images/cardlist/card/OP08-080_p1.png?260305,,,,,,,,,,,,,,,,,,,,,,,,OP08-080_p1,0,0,0,0,1,0,missing_printing_market_map
1170,OP08-084,Jack,SR,,3936,1170,OP08-084::alt,,alt,Alt,local-catalog,thumbs/OP08-084alt.webp,,,,,,,,,,,,,,,,,,,,,,,,,OP08-084::alt,0,0,0,0,1,0,missing_printing_market_map
1170,OP08-084,Jack,SR,,3937,1170,OP08-084_p1,,parallel_1,Parallel 1,official-cardlist,OP08/parallel/OP08-084_p1.png,https://en.onepiece-cardgame.com/images/cardlist/card/OP08-084_p1.png?260305,,,,,,,,,,,,,,,,,,,,,,,,OP08-084_p1,0,0,0,0,1,0,missing_printing_market_map
1170,OP08-084,Jack,SR,,3938,1170,OP08-084_p2,,parallel_2,Parallel 2,official-cardlist,TC2025FEB/parallel/OP08-084_p2.png,https://en.onepiece-cardgame.com/images/cardlist/card/OP08-084_p2.png?260305,,,,,,,,,,,,,,,,,,,,,,,,OP08-084_p2,0,0,0,0,1,0,missing_printing_market_map
1173,OP08-087,Scratchmen Apoo,UC,,3945,1173,OP08-087_p1,,parallel_1,Parallel 1,official-cardlist,PRB02/parallel/OP08-087_p1.png,https://en.onepiece-cardgame.com/images/cardlist/card/OP08-087_p1.png?260305,,,,,,,,,,,,,,,,,,,,,,,,OP08-087_p1,0,0,0,0,1,0,missing_printing_market_map
1173,OP08-087,Scratchmen Apoo,UC,,3946,1173,OP08-087_r1,,r1,R1,official-cardlist,PRB02/reprint/OP08-087_r1.png,https://en.onepiece-cardgame.com/images/cardlist/card/OP08-087_r1.png?260305,,,,,,,,,,,,,,,,,,,,,,,,OP08-087_r1,0,0,0,0,1,0,missing_printing_market_map
1184,OP08-098,Kalgara,L,,3969,1184,OP08-098::alt,,alt,Alt,local-catalog,thumbs/OP08-098alt.webp,,,,,,,,,,,,,,,,,,,,,,,,,OP08-098::alt,0,0,0,0,1,0,missing_printing_market_map
1184,OP08-098,Kalgara,L,,3970,1184,OP08-098_p1,,parallel_1,Parallel 1,official-cardlist,OP08/parallel/OP08-098_p1.png,https://en.onepiece-cardgame.com/images/cardlist/card/OP08-098_p1.png?260305,,,,,,,,,,,,,,,,,,,,,,,,OP08-098_p1,0,0,0,0,1,0,missing_printing_market_map
1184,OP08-098,Kalgara,L,,3971,1184,OP08-098_p2,,parallel_2,Parallel 2,official-cardlist,EB02/parallel/OP08-098_p2.png,https://en.onepiece-cardgame.com/images/cardlist/card/OP08-098_p2.png?260305,,,,,,,,,,,,,,,,,,,,,,,,OP08-098_p2,0,0,0,0,1,0,missing_printing_market_map
1185,OP08-099,Kalgara,C,,3974,1185,OP08-099_p1,,parallel_1,Parallel 1,official-cardlist,PRB02/parallel/OP08-099_p1.png,https://en.onepiece-cardgame.com/images/cardlist/card/OP08-099_p1.png?260305,,,,,,,,,,,,,,,,,,,,,,,,OP08-099_p1,0,0,0,0,1,0,missing_printing_market_map
1185,OP08-099,Kalgara,C,,3975,1185,OP08-099_p2,,parallel_2,Parallel 2,official-cardlist,BCV4/parallel/OP08-099_p2.png,https://en.onepiece-cardgame.com/images/cardlist/card/OP08-099_p2.png?260305,,,,,,,,,,,,,,,,,,,,,,,,OP08-099_p2,0,0,0,0,1,0,missing_printing_market_map
1185,OP08-099,Kalgara,C,,3976,1185,OP08-099_r1,,r1,R1,official-cardlist,PRB02/reprint/OP08-099_r1.png,https://en.onepiece-cardgame.com/images/cardlist/card/OP08-099_r1.png?260305,,,,,,,,,,,,,,,,,,,,,,,,OP08-099_r1,0,0,0,0,1,0,missing_printing_market_map
1191,OP08-105,Jewelry Bonney,SR,,3989,1191,OP08-105::2nd anniversary alt,,promo,2Nd Anniversary Alt,local-catalog,thumbs/OP08-105(2nd anniversary alt).webp,,,,,,,,,,,,,,,,,,,,,,,,,OP08-105::2nd anniversary alt,0,0,0,0,1,0,missing_printing_market_map
1191,OP08-105,Jewelry Bonney,SR,,3990,1191,OP08-105::alt,,alt,Alt,local-catalog,thumbs/OP08-105alt.webp,,,,,,,,,,,,,,,,,,,,,,,,,OP08-105::alt,0,0,0,0,1,0,missing_printing_market_map
1191,OP08-105,Jewelry Bonney,SR,,3991,1191,OP08-105::alt art 2,,alt,Alt Art 2,local-catalog,thumbs/OP08-105alt2.webp,,,,,,,,,,,,,,,,,,,,,,,,,OP08-105::alt art 2,0,0,0,0,1,0,missing_printing_market_map
1191,OP08-105,Jewelry Bonney,SR,,3992,1191,OP08-105_p1,,parallel_1,Parallel 1,official-cardlist,OP08/parallel/OP08-105_p1.png,https://en.onepiece-cardgame.com/images/cardlist/card/OP08-105_p1.png?260305,,,,,,,,,,,,,,,,,,,,,,,,OP08-105_p1,0,0,0,0,1,0,missing_printing_market_map
1192,OP08-106,Nami,SP CARD,,3995,1192,OP08-106::alt,,alt,Alt,local-catalog,thumbs/OP08-106alt.webp,,,,,,,,,,,,,,,,,,,,,,,,,OP08-106::alt,0,0,0,0,1,0,missing_printing_market_map
1192,OP08-106,Nami,SP CARD,,3996,1192,OP08-106_p1,,parallel_1,Parallel 1,official-cardlist,OP08/parallel/OP08-106_p1.png,https://en.onepiece-cardgame.com/images/cardlist/card/OP08-106_p1.png?260305,,,,,,,,,,,,,,,,,,,,,,,,OP08-106_p1,0,0,0,0,1,0,missing_printing_market_map
1192,OP08-106,Nami,SP CARD,,3997,1192,OP08-106_p2,,parallel_2,Parallel 2,official-cardlist,OP09/parallel/OP08-106_p2.png,https://en.onepiece-cardgame.com/images/cardlist/card/OP08-106_p2.png?260305,,,,,,,,,,,,,,,,,,,,,,,,OP08-106_p2,0,0,0,0,1,0,missing_printing_market_map
1192,OP08-106,Nami,SP CARD,,3998,1192,OP08-106::s palt,,sp,S Palt,local-catalog,thumbs/OP08-106SPalt.webp,,,,,,,,,,,,,,,,,,,,,,,,,OP08-106::s palt,0,0,0,0,1,0,missing_printing_market_map
1196,OP08-110,Wyper,R,,4007,1196,OP08-110::alt,,alt,Alt,local-catalog,thumbs/OP08-110alt.webp,,,,,,,,,,,,,,,,,,,,,,,,,OP08-110::alt,0,0,0,0,1,0,missing_printing_market_map
1196,OP08-110,Wyper,R,,4008,1196,OP08-110::alt art 2,,alt,Alt Art 2,local-catalog,thumbs/OP08-110alt2.webp,,,,,,,,,,,,,,,,,,,,,,,,,OP08-110::alt art 2,0,0,0,0,1,0,missing_printing_market_map
1196,OP08-110,Wyper,R,,4009,1196,OP08-110_p1,,parallel_1,Parallel 1,official-cardlist,OP08/parallel/OP08-110_p1.png,https://en.onepiece-cardgame.com/images/cardlist/card/OP08-110_p1.png?260305,,,,,,,,,,,,,,,,,,,,,,,,OP08-110_p1,0,0,0,0,1,0,missing_printing_market_map
1196,OP08-110,Wyper,R,,4010,1196,OP08-110_p2,,parallel_2,Parallel 2,official-cardlist,TK2025V2/parallel/OP08-110_p2.png,https://en.onepiece-cardgame.com/images/cardlist/card/OP08-110_p2.png?260305,,,,,,,,,,,,,,,,,,,,,,,,OP08-110_p2,0,0,0,0,1,0,missing_printing_market_map
1196,OP08-110,Wyper,R,,4011,1196,OP08-110_p3,,parallel_3,Parallel 3,official-cardlist,_unclassified/parallel/OP08-110_p3.png,https://en.onepiece-cardgame.com/images/cardlist/card/OP08-110_p3.png?260305,,,,,,,,,,,,,,,,,,,,,,,,OP08-110_p3,0,0,0,0,1,0,missing_printing_market_map
1196,OP08-110,Wyper,R,,4012,1196,OP08-110_p4,,parallel_4,Parallel 4,official-cardlist,CS2526CP/parallel/OP08-110_p4.png,https://en.onepiece-cardgame.com/images/cardlist/card/OP08-110_p4.png?260305,,,,,,,,,,,,,,,,,,,,,,,,OP08-110_p4,0,0,0,0,1,0,missing_printing_market_map
1198,OP08-112,S-Snake,SR,,4017,1198,OP08-112::alt,,alt,Alt,local-catalog,thumbs/OP08-112alt.webp,,,,,,,,,,,,,,,,,,,,,,,,,OP08-112::alt,0,0,0,0,1,0,missing_printing_market_map
1198,OP08-112,S-Snake,SR,,4018,1198,OP08-112_p1,,parallel_1,Parallel 1,official-cardlist,OP08/parallel/OP08-112_p1.png,https://en.onepiece-cardgame.com/images/cardlist/card/OP08-112_p1.png?260305,,,,,,,,,,,,,,,,,,,,,,,,OP08-112_p1,0,0,0,0,1,0,missing_printing_market_map
1204,OP08-118,Silvers Rayleigh,SEC,,4031,1204,OP08-118::alt,,alt,Alt,local-catalog,thumbs/OP08-118alt.webp,,,,,,,,,,,,,,,,,,,,,,,,,OP08-118::alt,0,0,0,0,1,0,missing_printing_market_map
1204,OP08-118,Silvers Rayleigh,SEC,,4032,1204,OP08-118::m anga alt,,mr,M Anga Alt,local-catalog,thumbs/OP08-118Manga alt.webp,,,,,,,,,,,,,,,,,,,,,,,,,OP08-118::m anga alt,0,0,0,0,1,0,missing_printing_market_map
1204,OP08-118,Silvers Rayleigh,SEC,,4033,1204,OP08-118_p1,,parallel_1,Parallel 1,official-cardlist,OP08/parallel/OP08-118_p1.png,https://en.onepiece-cardgame.com/images/cardlist/card/OP08-118_p1.png?260305,,,,,,,,,,,,,,,,,,,,,,,,OP08-118_p1,0,0,0,0,1,0,missing_printing_market_map
1204,OP08-118,Silvers Rayleigh,SEC,,4034,1204,OP08-118_p2,,parallel_2,Parallel 2,official-cardlist,OP08/parallel/OP08-118_p2.png,https://en.onepiece-cardgame.com/images/cardlist/card/OP08-118_p2.png?260305,,,,,,,,,,,,,,,,,,,,,,,,OP08-118_p2,0,0,0,0,1,0,missing_printing_market_map
1204,OP08-118,Silvers Rayleigh,SEC,,4035,1204,OP08-118_r1,,r1,R1,official-cardlist,PRB02/reprint/OP08-118_r1.png,https://en.onepiece-cardgame.com/images/cardlist/card/OP08-118_r1.png?260305,,,,,,,,,,,,,,,,,,,,,,,,OP08-118_r1,0,0,0,0,1,0,missing_printing_market_map
1205,OP08-119,Kaido & Linlin,SEC,,4038,1205,OP08-119::alt,,alt,Alt,local-catalog,thumbs/OP08-119alt.webp,,,,,,,,,,,,,,,,,,,,,,,,,OP08-119::alt,0,0,0,0,1,0,missing_printing_market_map
1205,OP08-119,Kaido & Linlin,SEC,,4039,1205,OP08-119_p1,,parallel_1,Parallel 1,official-cardlist,OP08/parallel/OP08-119_p1.png,https://en.onepiece-cardgame.com/images/cardlist/card/OP08-119_p1.png?260305,,,,,,,,,,,,,,,,,,,,,,,,OP08-119_p1,0,0,0,0,1,0,missing_printing_market_map
1206,OP09-001,Shanks,L,,4042,1206,OP09-001::alt,,alt,Alt,local-catalog,thumbs/OP09-001alt.webp,,,,,,,,,,,,,,,,,,,,,,,,,OP09-001::alt,0,0,0,0,1,0,missing_printing_market_map
1206,OP09-001,Shanks,L,,4043,1206,OP09-001_p1,,parallel_1,Parallel 1,official-cardlist,OP09/parallel/OP09-001_p1.png,https://en.onepiece-cardgame.com/images/cardlist/card/OP09-001_p1.png?260305,,,,,,,,,,,,,,,,,,,,,,,,OP09-001_p1,0,0,0,0,1,0,missing_printing_market_map
1206,OP09-001,Shanks,L,,4044,1206,OP09-001_p2,,parallel_2,Parallel 2,official-cardlist,ST23/parallel/OP09-001_p2.png,https://en.onepiece-cardgame.com/images/cardlist/card/OP09-001_p2.png?260305,,,,,,,,,,,,,,,,,,,,,,,,OP09-001_p2,0,0,0,0,1,0,missing_printing_market_map
1206,OP09-001,Shanks,L,,4045,1206,OP09-001::st23,,alt,St23,local-catalog,thumbs/OP09-001(ST23).webp,,,,,,,,,,,,,,,,,,,,,,,,,OP09-001::st23,0,0,0,0,1,0,missing_printing_market_map
1207,OP09-002,Uta,R,,4048,1207,OP09-002::alt,,alt,Alt,local-catalog,thumbs/OP09-002alt.webp,,,,,,,,,,,,,,,,,,,,,,,,,OP09-002::alt,0,0,0,0,1,0,missing_printing_market_map
1207,OP09-002,Uta,R,,4049,1207,OP09-002_p1,,parallel_1,Parallel 1,official-cardlist,OP09/parallel/OP09-002_p1.png,https://en.onepiece-cardgame.com/images/cardlist/card/OP09-002_p1.png?260305,,,,,,,,,,,,,,,,,,,,,,,,OP09-002_p1,0,0,0,0,1,0,missing_printing_market_map
1207,OP09-002,Uta,R,,4050,1207,OP09-002_p2,,parallel_2,Parallel 2,official-cardlist,TC2025FEB/parallel/OP09-002_p2.png,https://en.onepiece-cardgame.com/images/cardlist/card/OP09-002_p2.png?260305,,,,,,,,,,,,,,,,,,,,,,,,OP09-002_p2,0,0,0,0,1,0,missing_printing_market_map
1207,OP09-002,Uta,R,,4051,1207,OP09-002_r1,,r1,R1,official-cardlist,PRB02/reprint/OP09-002_r1.png,https://en.onepiece-cardgame.com/images/cardlist/card/OP09-002_r1.png?260305,,,,,,,,,,,,,,,,,,,,,,,,OP09-002_r1,0,0,0,0,1,0,missing_printing_market_map
1209,OP09-004,Shanks,SR,,4056,1209,OP09-004::alt,,alt,Alt,local-catalog,thumbs/OP09-004alt.webp,,,,,,,,,,,,,,,,,,,,,,,,,OP09-004::alt,0,0,0,0,1,0,missing_printing_market_map
1209,OP09-004,Shanks,SR,,4057,1209,OP09-004::m anga alt,,mr,M Anga Alt,local-catalog,thumbs/OP09-004Manga alt.webp,,,,,,,,,,,,,,,,,,,,,,,,,OP09-004::m anga alt,0,0,0,0,1,0,missing_printing_market_map
1209,OP09-004,Shanks,SR,,4058,1209,OP09-004_p1,,parallel_1,Parallel 1,official-cardlist,OP09/parallel/OP09-004_p1.png,https://en.onepiece-cardgame.com/images/cardlist/card/OP09-004_p1.png?260305,,,,,,,,,,,,,,,,,,,,,,,,OP09-004_p1,0,0,0,0,1,0,missing_printing_market_map
1209,OP09-004,Shanks,SR,,4059,1209,OP09-004_p2,,parallel_2,Parallel 2,official-cardlist,OP09/parallel/OP09-004_p2.png,https://en.onepiece-cardgame.com/images/cardlist/card/OP09-004_p2.png?260305,,,,,,,,,,,,,,,,,,,,,,,,OP09-004_p2,0,0,0,0,1,0,missing_printing_market_map
1209,OP09-004,Shanks,SR,,4060,1209,OP09-004_p3,,parallel_3,Parallel 3,official-cardlist,OP09/parallel/OP09-004_p3.png,https://en.onepiece-cardgame.com/images/cardlist/card/OP09-004_p3.png?260305,,,,,,,,,,,,,,,,,,,,,,,,OP09-004_p3,0,0,0,0,1,0,missing_printing_market_map
1209,OP09-004,Shanks,SR,,4061,1209,OP09-004_p4,,parallel_4,Parallel 4,official-cardlist,CS2526ORS2/parallel/OP09-004_p4.png,https://en.onepiece-cardgame.com/images/cardlist/card/OP09-004_p4.png?260305,,,,,,,,,,,,,,,,,,,,,,,,OP09-004_p4,0,0,0,0,1,0,missing_printing_market_map
1209,OP09-004,Shanks,SR,,4062,1209,OP09-004_p5,,parallel_5,Parallel 5,official-cardlist,OP13/parallel/OP09-004_p5.png,https://en.onepiece-cardgame.com/images/cardlist/card/OP09-004_p5.png?260305,,,,,,,,,,,,,,,,,,,,,,,,OP09-004_p5,0,0,0,0,1,0,missing_printing_market_map
1209,OP09-004,Shanks,SR,,4063,1209,OP09-004_p6,,parallel_6,Parallel 6,official-cardlist,OP13/parallel/OP09-004_p6.png,https://en.onepiece-cardgame.com/images/cardlist/card/OP09-004_p6.png?260305,,,,,,,,,,,,,,,,,,,,,,,,OP09-004_p6,0,0,0,0,1,0,missing_printing_market_map
1209,OP09-004,Shanks,SR,,4064,1209,OP09-004_r1,,r1,R1,official-cardlist,PRB02/reprint/OP09-004_r1.png,https://en.onepiece-cardgame.com/images/cardlist/card/OP09-004_r1.png?260305,,,,,,,,,,,,,,,,,,,,,,,,OP09-004_r1,0,0,0,0,1,0,missing_printing_market_map
1209,OP09-004,Shanks,SR,,4065,1209,OP09-004::sp1,,sp,SP1,local-catalog,thumbs/OP09-004(SP1).webp,,,,,,,,,,,,,,,,,,,,,,,,,OP09-004::sp1,0,0,0,0,1,0,missing_printing_market_map
1209,OP09-004,Shanks,SR,,4066,1209,OP09-004::sp2,,sp,SP2,local-catalog,thumbs/OP09-004(SP2).webp,,,,,,,,,,,,,,,,,,,,,,,,,OP09-004::sp2,0,0,0,0,1,0,missing_printing_market_map
1209,OP09-004,Shanks,SR,,4067,1209,OP09-004::w antedalt,,alt,W Antedalt,local-catalog,thumbs/OP09-004WANTEDalt.webp,,,,,,,,,,,,,,,,,,,,,,,,,OP09-004::w antedalt,0,0,0,0,1,0,missing_printing_market_map
1210,OP09-005,Silvers Rayleigh,R,,4070,1210,OP09-005_p1,,parallel_1,Parallel 1,official-cardlist,OP11/parallel/OP09-005_p1.png,https://en.onepiece-cardgame.com/images/cardlist/card/OP09-005_p1.png?260305,,,,,,,,,,,,,,,,,,,,,,,,OP09-005_p1,0,0,0,0,1,0,missing_printing_market_map
1210,OP09-005,Silvers Rayleigh,R,,4071,1210,OP09-005_r1,,r1,R1,official-cardlist,PRB02/reprint/OP09-005_r1.png,https://en.onepiece-cardgame.com/images/cardlist/card/OP09-005_r1.png?260305,,,,,,,,,,,,,,,,,,,,,,,,OP09-005_r1,0,0,0,0,1,0,missing_printing_market_map
1210,OP09-005,Silvers Rayleigh,R,,4072,1210,OP09-005::sp,,sp,SP,local-catalog,thumbs/OP09-005(SP).webp,,,,,,,,,,,,,,,,,,,,,,,,,OP09-005::sp,0,0,0,0,1,0,missing_printing_market_map
1211,OP09-006,Howling Gab,C,,4075,1211,OP09-006_r1,,r1,R1,official-cardlist,ST23/reprint/OP09-006_r1.png,https://en.onepiece-cardgame.com/images/cardlist/card/OP09-006_r1.png?260305,,,,,,,,,,,,,,,,,,,,,,,,OP09-006_r1,0,0,0,0,1,0,missing_printing_market_map
1213,OP09-008,Building Snake,UC,,4080,1213,OP09-008_p1,,parallel_1,Parallel 1,official-cardlist,BCV4/parallel/OP09-008_p1.png,https://en.onepiece-cardgame.com/images/cardlist/card/OP09-008_p1.png?260305,,,,,,,,,,,,,,,,,,,,,,,,OP09-008_p1,0,0,0,0,1,0,missing_printing_market_map
1214,OP09-009,Benn.Beckman,SR,,4083,1214,OP09-009::alt,,alt,Alt,local-catalog,thumbs/OP09-009alt.webp,,,,,,,,,,,,,,,,,,,,,,,,,OP09-009::alt,0,0,0,0,1,0,missing_printing_market_map
1214,OP09-009,Benn.Beckman,SR,,4084,1214,OP09-009_p1,,parallel_1,Parallel 1,official-cardlist,OP09/parallel/OP09-009_p1.png,https://en.onepiece-cardgame.com/images/cardlist/card/OP09-009_p1.png?260305,,,,,,,,,,,,,,,,,,,,,,,,OP09-009_p1,0,0,0,0,1,0,missing_printing_market_map
1214,OP09-009,Benn.Beckman,SR,,4085,1214,OP09-009_p2,,parallel_2,Parallel 2,official-cardlist,CS2526ORS2/parallel/OP09-009_p2.png,https://en.onepiece-cardgame.com/images/cardlist/card/OP09-009_p2.png?260305,,,,,,,,,,,,,,,,,,,,,,,,OP09-009_p2,0,0,0,0,1,0,missing_printing_market_map
1214,OP09-009,Benn.Beckman,SR,,4086,1214,OP09-009_p3,,parallel_3,Parallel 3,official-cardlist,OP13/parallel/OP09-009_p3.png,https://en.onepiece-cardgame.com/images/cardlist/card/OP09-009_p3.png?260305,,,,,,,,,,,,,,,,,,,,,,,,OP09-009_p3,0,0,0,0,1,0,missing_printing_market_map
1214,OP09-009,Benn.Beckman,SR,,4087,1214,OP09-009_r1,,r1,R1,official-cardlist,PRB02/reprint/OP09-009_r1.png,https://en.onepiece-cardgame.com/images/cardlist/card/OP09-009_r1.png?260305,,,,,,,,,,,,,,,,,,,,,,,,OP09-009_r1,0,0,0,0,1,0,missing_printing_market_map
1214,OP09-009,Benn.Beckman,SR,,4088,1214,OP09-009::sp,,sp,SP,local-catalog,thumbs/OP09-009(SP).webp,,,,,,,,,,,,,,,,,,,,,,,,,OP09-009::sp,0,0,0,0,1,0,missing_printing_market_map
1215,OP09-010,Bonk Punch,C,,4091,1215,OP09-010_r1,,r1,R1,official-cardlist,ST23/reprint/OP09-010_r1.png,https://en.onepiece-cardgame.com/images/cardlist/card/OP09-010_r1.png?260305,,,,,,,,,,,,,,,,,,,,,,,,OP09-010_r1,0,0,0,0,1,0,missing_printing_market_map
1216,OP09-011,Hongo,UC,,4094,1216,OP09-011::alt,,alt,Alt,local-catalog,thumbs/OP09-011alt.webp,,,,,,,,,,,,,,,,,,,,,,,,,OP09-011::alt,0,0,0,0,1,0,missing_printing_market_map
1216,OP09-011,Hongo,UC,,4095,1216,OP09-011_p1,,parallel_1,Parallel 1,official-cardlist,TK2025V2/parallel/OP09-011_p1.png,https://en.onepiece-cardgame.com/images/cardlist/card/OP09-011_p1.png?260305,,,,,,,,,,,,,,,,,,,,,,,,OP09-011_p1,0,0,0,0,1,0,missing_printing_market_map
1216,OP09-011,Hongo,UC,,4096,1216,OP09-011_p2,,parallel_2,Parallel 2,official-cardlist,_unclassified/parallel/OP09-011_p2.png,https://en.onepiece-cardgame.com/images/cardlist/card/OP09-011_p2.png?260305,,,,,,,,,,,,,,,,,,,,,,,,OP09-011_p2,0,0,0,0,1,0,missing_printing_market_map
1216,OP09-011,Hongo,UC,,4097,1216,OP09-011_p3,,parallel_3,Parallel 3,official-cardlist,CS2526CP/parallel/OP09-011_p3.png,https://en.onepiece-cardgame.com/images/cardlist/card/OP09-011_p3.png?260305,,,,,,,,,,,,,,,,,,,,,,,,OP09-011_p3,0,0,0,0,1,0,missing_printing_market_map
1216,OP09-011,Hongo,UC,,4098,1216,OP09-011_r1,,r1,R1,official-cardlist,ST23/reprint/OP09-011_r1.png,https://en.onepiece-cardgame.com/images/cardlist/card/OP09-011_r1.png?260305,,,,,,,,,,,,,,,,,,,,,,,,OP09-011_r1,0,0,0,0,1,0,missing_printing_market_map
1217,OP09-012,Monster,C,,4101,1217,OP09-012_r1,,r1,R1,official-cardlist,ST23/reprint/OP09-012_r1.png,https://en.onepiece-cardgame.com/images/cardlist/card/OP09-012_r1.png?260305,,,,,,,,,,,,,,,,,,,,,,,,OP09-012_r1,0,0,0,0,1,0,missing_printing_market_map
1218,OP09-013,Yasopp,SP CARD,,4104,1218,OP09-013_p1,,parallel_1,Parallel 1,official-cardlist,CS2526ORS2/parallel/OP09-013_p1.png,https://en.onepiece-cardgame.com/images/cardlist/card/OP09-013_p1.png?260305,,,,,,,,,,,,,,,,,,,,,,,,OP09-013_p1,0,0,0,0,1,0,missing_printing_market_map
1218,OP09-013,Yasopp,SP CARD,,4105,1218,OP09-013_p2,,parallel_2,Parallel 2,official-cardlist,OP12/parallel/OP09-013_p2.png,https://en.onepiece-cardgame.com/images/cardlist/card/OP09-013_p2.png?260305,,,,,,,,,,,,,,,,,,,,,,,,OP09-013_p2,0,0,0,0,1,0,missing_printing_market_map
1218,OP09-013,Yasopp,SP CARD,,4106,1218,OP09-013_r1,,r1,R1,official-cardlist,ST23/reprint/OP09-013_r1.png,https://en.onepiece-cardgame.com/images/cardlist/card/OP09-013_r1.png?260305,,,,,,,,,,,,,,,,,,,,,,,,OP09-013_r1,0,0,0,0,1,0,missing_printing_market_map
1218,OP09-013,Yasopp,SP CARD,,4107,1218,OP09-013::sp,,sp,SP,local-catalog,thumbs/OP09-013(SP).webp,,,,,,,,,,,,,,,,,,,,,,,,,OP09-013::sp,0,0,0,0,1,0,missing_printing_market_map
1219,OP09-014,Limejuice,UC,,4110,1219,OP09-014_p1,,parallel_1,Parallel 1,official-cardlist,PRB02/parallel/OP09-014_p1.png,https://en.onepiece-cardgame.com/images/cardlist/card/OP09-014_p1.png?260305,,,,,,,,,,,,,,,,,,,,,,,,OP09-014_p1,0,0,0,0,1,0,missing_printing_market_map
1219,OP09-014,Limejuice,UC,,4111,1219,OP09-014_p2,,parallel_2,Parallel 2,official-cardlist,PRB02/parallel/OP09-014_p2.png,https://en.onepiece-cardgame.com/images/cardlist/card/OP09-014_p2.png?260305,,,,,,,,,,,,,,,,,,,,,,,,OP09-014_p2,0,0,0,0,1,0,missing_printing_market_map
1219,OP09-014,Limejuice,UC,,4112,1219,OP09-014::prb02,,alt,Prb02,local-catalog,thumbs/OP09-014(PRB02).webp,,,,,,,,,,,,,,,,,,,,,,,,,OP09-014::prb02,0,0,0,0,1,0,missing_printing_market_map
1219,OP09-014,Limejuice,UC,,4113,1219,OP09-014_r1,,r1,R1,official-cardlist,ST23/reprint/OP09-014_r1.png,https://en.onepiece-cardgame.com/images/cardlist/card/OP09-014_r1.png?260305,,,,,,,,,,,,,,,,,,,,,,,,OP09-014_r1,0,0,0,0,1,0,missing_printing_market_map
1219,OP09-014,Limejuice,UC,,4114,1219,OP09-014_r2,,r2,R2,official-cardlist,PRB02/reprint/OP09-014_r2.png,https://en.onepiece-cardgame.com/images/cardlist/card/OP09-014_r2.png?260305,,,,,,,,,,,,,,,,,,,,,,,,OP09-014_r2,0,0,0,0,1,0,missing_printing_market_map
1220,OP09-015,Lucky.Roux,TR,,4117,1220,OP09-015_p1,,parallel_1,Parallel 1,official-cardlist,OP11/parallel/OP09-015_p1.png,https://en.onepiece-cardgame.com/images/cardlist/card/OP09-015_p1.png?260305,,,,,,,,,,,,,,,,,,,,,,,,OP09-015_p1,0,0,0,0,1,0,missing_printing_market_map
1220,OP09-015,Lucky.Roux,TR,,4118,1220,OP09-015_r1,,r1,R1,official-cardlist,ST23/reprint/OP09-015_r1.png,https://en.onepiece-cardgame.com/images/cardlist/card/OP09-015_r1.png?260305,,,,,,,,,,,,,,,,,,,,,,,,OP09-015_r1,0,0,0,0,1,0,missing_printing_market_map
1221,OP09-016,Rockstar,C,,4121,1221,OP09-016_r1,,r1,R1,official-cardlist,ST23/reprint/OP09-016_r1.png,https://en.onepiece-cardgame.com/images/cardlist/card/OP09-016_r1.png?260305,,,,,,,,,,,,,,,,,,,,,,,,OP09-016_r1,0,0,0,0,1,0,missing_printing_market_map
1225,OP09-020,Come On!! We'll Fight You!!,R,,4130,1225,OP09-020_p2,,parallel_2,Parallel 2,official-cardlist,OP09/parallel/OP09-020_p2.png,https://en.onepiece-cardgame.com/images/cardlist/card/OP09-020_p2.png?260305,,,,,,,,,,,,,,,,,,,,,,,,OP09-020_p2,0,0,0,0,1,0,missing_printing_market_map
1225,OP09-020,Come On!! We'll Fight You!!,R,,4131,1225,OP09-020::prb02,,alt,Prb02,local-catalog,thumbs/OP09-020(PRB02).webp,,,,,,,,,,,,,,,,,,,,,,,,,OP09-020::prb02,0,0,0,0,1,0,missing_printing_market_map
1225,OP09-020,Come On!! We'll Fight You!!,R,,4132,1225,OP09-020_r1,,r1,R1,official-cardlist,ST23/reprint/OP09-020_r1.png,https://en.onepiece-cardgame.com/images/cardlist/card/OP09-020_r1.png?260305,,,,,,,,,,,,,,,,,,,,,,,,OP09-020_r1,0,0,0,0,1,0,missing_printing_market_map
1225,OP09-020,Come On!! We'll Fight You!!,R,,4133,1225,OP09-020_r2,,r2,R2,official-cardlist,PRB02/reprint/OP09-020_r2.png,https://en.onepiece-cardgame.com/images/cardlist/card/OP09-020_r2.png?260305,,,,,,,,,,,,,,,,,,,,,,,,OP09-020_r2,0,0,0,0,1,0,missing_printing_market_map
1227,OP09-022,Lim,L,,4138,1227,OP09-022::alt,,alt,Alt,local-catalog,thumbs/OP09-022alt.webp,,,,,,,,,,,,,,,,,,,,,,,,,OP09-022::alt,0,0,0,0,1,0,missing_printing_market_map
1227,OP09-022,Lim,L,,4139,1227,OP09-022_p1,,parallel_1,Parallel 1,official-cardlist,OP09/parallel/OP09-022_p1.png,https://en.onepiece-cardgame.com/images/cardlist/card/OP09-022_p1.png?260305,,,,,,,,,,,,,,,,,,,,,,,,OP09-022_p1,0,0,0,0,1,0,missing_printing_market_map
1228,OP09-023,Adio,SR,,4142,1228,OP09-023::alt,,alt,Alt,local-catalog,thumbs/OP09-023Alt.webp,,,,,,,,,,,,,,,,,,,,,,,,,OP09-023::alt,0,0,0,0,1,0,missing_printing_market_map
1228,OP09-023,Adio,SR,,4143,1228,OP09-023_p1,,parallel_1,Parallel 1,official-cardlist,OP09/parallel/OP09-023_p1.png,https://en.onepiece-cardgame.com/images/cardlist/card/OP09-023_p1.png?260305,,,,,,,,,,,,,,,,,,,,,,,,OP09-023_p1,0,0,0,0,1,0,missing_printing_market_map
1232,OP09-027,Sabo,UC,,4152,1232,OP09-027_p1,,parallel_1,Parallel 1,official-cardlist,PRB02/parallel/OP09-027_p1.png,https://en.onepiece-cardgame.com/images/cardlist/card/OP09-027_p1.png?260305,,,,,,,,,,,,,,,,,,,,,,,,OP09-027_p1,0,0,0,0,1,0,missing_printing_market_map
1232,OP09-027,Sabo,UC,,4153,1232,OP09-027_p2,,parallel_2,Parallel 2,official-cardlist,_unclassified/parallel/OP09-027_p2.png,https://en.onepiece-cardgame.com/images/cardlist/card/OP09-027_p2.png?260305,,,,,,,,,,,,,,,,,,,,,,,,OP09-027_p2,0,0,0,0,1,0,missing_printing_market_map
1232,OP09-027,Sabo,UC,,4154,1232,OP09-027_p3,,parallel_3,Parallel 3,official-cardlist,_unclassified/parallel/OP09-027_p3.png,https://en.onepiece-cardgame.com/images/cardlist/card/OP09-027_p3.png?260305,,,,,,,,,,,,,,,,,,,,,,,,OP09-027_p3,0,0,0,0,1,0,missing_printing_market_map
1232,OP09-027,Sabo,UC,,4155,1232,OP09-027_r1,,r1,R1,official-cardlist,PRB02/reprint/OP09-027_r1.png,https://en.onepiece-cardgame.com/images/cardlist/card/OP09-027_r1.png?260305,,,,,,,,,,,,,,,,,,,,,,,,OP09-027_r1,0,0,0,0,1,0,missing_printing_market_map
1238,OP09-033,Nico Robin,C,,4168,1238,OP09-033_p1,,parallel_1,Parallel 1,official-cardlist,PRB02/parallel/OP09-033_p1.png,https://en.onepiece-cardgame.com/images/cardlist/card/OP09-033_p1.png?260305,,,,,,,,,,,,,,,,,,,,,,,,OP09-033_p1,0,0,0,0,1,0,missing_printing_market_map
1238,OP09-033,Nico Robin,C,,4169,1238,OP09-033_r1,,r1,R1,official-cardlist,PRB02/reprint/OP09-033_r1.png,https://en.onepiece-cardgame.com/images/cardlist/card/OP09-033_r1.png?260305,,,,,,,,,,,,,,,,,,,,,,,,OP09-033_r1,0,0,0,0,1,0,missing_printing_market_map
1239,OP09-034,Perona,R,,4172,1239,OP09-034::alt,,alt,Alt,local-catalog,thumbs/OP09-034alt.webp,,,,,,,,,,,,,,,,,,,,,,,,,OP09-034::alt,0,0,0,0,1,0,missing_printing_market_map
1239,OP09-034,Perona,R,,4173,1239,OP09-034_p1,,parallel_1,Parallel 1,official-cardlist,OP09/parallel/OP09-034_p1.png,https://en.onepiece-cardgame.com/images/cardlist/card/OP09-034_p1.png?260305,,,,,,,,,,,,,,,,,,,,,,,,OP09-034_p1,0,0,0,0,1,0,missing_printing_market_map
1239,OP09-034,Perona,R,,4174,1239,OP09-034_p2,,parallel_2,Parallel 2,official-cardlist,_unclassified/parallel/OP09-034_p2.png,https://en.onepiece-cardgame.com/images/cardlist/card/OP09-034_p2.png?260305,,,,,,,,,,,,,,,,,,,,,,,,OP09-034_p2,0,0,0,0,1,0,missing_printing_market_map
1240,OP09-035,Portgas.D.Ace,UC,,4177,1240,OP09-035_r1,,r1,R1,official-cardlist,ST28/reprint/OP09-035_r1.png,https://en.onepiece-cardgame.com/images/cardlist/card/OP09-035_r1.png?260305,,,,,,,,,,,,,,,,,,,,,,,,OP09-035_r1,0,0,0,0,1,0,missing_printing_market_map
1242,OP09-037,Lim,SP CARD,,4182,1242,OP09-037::alt,,alt,Alt,local-catalog,thumbs/OP09-037alt.webp,,,,,,,,,,,,,,,,,,,,,,,,,OP09-037::alt,0,0,0,0,1,0,missing_printing_market_map
1242,OP09-037,Lim,SP CARD,,4183,1242,OP09-037_p1,,parallel_1,Parallel 1,official-cardlist,OP09/parallel/OP09-037_p1.png,https://en.onepiece-cardgame.com/images/cardlist/card/OP09-037_p1.png?260305,,,,,,,,,,,,,,,,,,,,,,,,OP09-037_p1,0,0,0,0,1,0,missing_printing_market_map
1242,OP09-037,Lim,SP CARD,,4184,1242,OP09-037_p2,,parallel_2,Parallel 2,official-cardlist,OP12/parallel/OP09-037_p2.png,https://en.onepiece-cardgame.com/images/cardlist/card/OP09-037_p2.png?260305,,,,,,,,,,,,,,,,,,,,,,,,OP09-037_p2,0,0,0,0,1,0,missing_printing_market_map
1242,OP09-037,Lim,SP CARD,,4185,1242,OP09-037::sp,,sp,SP,local-catalog,thumbs/OP09-037(SP).webp,,,,,,,,,,,,,,,,,,,,,,,,,OP09-037::sp,0,0,0,0,1,0,missing_printing_market_map
1247,OP09-042,Buggy,L,,4196,1247,OP09-042::alt,,alt,Alt,local-catalog,thumbs/OP09-042alt.webp,,,,,,,,,,,,,,,,,,,,,,,,,OP09-042::alt,0,0,0,0,1,0,missing_printing_market_map
1247,OP09-042,Buggy,L,,4197,1247,OP09-042_p1,,parallel_1,Parallel 1,official-cardlist,OP09/parallel/OP09-042_p1.png,https://en.onepiece-cardgame.com/images/cardlist/card/OP09-042_p1.png?260305,,,,,,,,,,,,,,,,,,,,,,,,OP09-042_p1,0,0,0,0,1,0,missing_printing_market_map
1247,OP09-042,Buggy,L,,4198,1247,OP09-042_p2,,parallel_2,Parallel 2,official-cardlist,ST25/parallel/OP09-042_p2.png,https://en.onepiece-cardgame.com/images/cardlist/card/OP09-042_p2.png?260305,,,,,,,,,,,,,,,,,,,,,,,,OP09-042_p2,0,0,0,0,1,0,missing_printing_market_map
1248,OP09-043,Alvida,UC,,4201,1248,OP09-043_p1,,parallel_1,Parallel 1,official-cardlist,CS2526TP2/parallel/OP09-043_p1.png,https://en.onepiece-cardgame.com/images/cardlist/card/OP09-043_p1.png?260305,,,,,,,,,,,,,,,,,,,,,,,,OP09-043_p1,0,0,0,0,1,0,missing_printing_market_map
1248,OP09-043,Alvida,UC,,4202,1248,OP09-043_p2,,parallel_2,Parallel 2,official-cardlist,_unclassified/parallel/OP09-043_p2.png,https://en.onepiece-cardgame.com/images/cardlist/card/OP09-043_p2.png?260305,,,,,,,,,,,,,,,,,,,,,,,,OP09-043_p2,0,0,0,0,1,0,missing_printing_market_map
1248,OP09-043,Alvida,UC,,4203,1248,OP09-043_p3,,parallel_3,Parallel 3,official-cardlist,_unclassified/parallel/OP09-043_p3.png,https://en.onepiece-cardgame.com/images/cardlist/card/OP09-043_p3.png?260305,,,,,,,,,,,,,,,,,,,,,,,,OP09-043_p3,0,0,0,0,1,0,missing_printing_market_map
1248,OP09-043,Alvida,UC,,4204,1248,OP09-043_r1,,r1,R1,official-cardlist,ST25/reprint/OP09-043_r1.png,https://en.onepiece-cardgame.com/images/cardlist/card/OP09-043_r1.png?260305,,,,,,,,,,,,,,,,,,,,,,,,OP09-043_r1,0,0,0,0,1,0,missing_printing_market_map
1250,OP09-045,Cabaji,UC,,4209,1250,OP09-045_r1,,r1,R1,official-cardlist,ST25/reprint/OP09-045_r1.png,https://en.onepiece-cardgame.com/images/cardlist/card/OP09-045_r1.png?260305,,,,,,,,,,,,,,,,,,,,,,,,OP09-045_r1,0,0,0,0,1,0,missing_printing_market_map
1251,OP09-046,Crocodile,SR,,4212,1251,OP09-046::alt,,alt,Alt,local-catalog,thumbs/OP09-046alt.webp,,,,,,,,,,,,,,,,,,,,,,,,,OP09-046::alt,0,0,0,0,1,0,missing_printing_market_map
1251,OP09-046,Crocodile,SR,,4213,1251,OP09-046_p1,,parallel_1,Parallel 1,official-cardlist,OP09/parallel/OP09-046_p1.png,https://en.onepiece-cardgame.com/images/cardlist/card/OP09-046_p1.png?260305,,,,,,,,,,,,,,,,,,,,,,,,OP09-046_p1,0,0,0,0,1,0,missing_printing_market_map
1251,OP09-046,Crocodile,SR,,4214,1251,OP09-046_r1,,r1,R1,official-cardlist,PRB02/reprint/OP09-046_r1.png,https://en.onepiece-cardgame.com/images/cardlist/card/OP09-046_r1.png?260305,,,,,,,,,,,,,,,,,,,,,,,,OP09-046_r1,0,0,0,0,1,0,missing_printing_market_map
1253,OP09-048,Dracule Mihawk,SR,,4219,1253,OP09-048::alt,,alt,Alt,local-catalog,thumbs/OP09-048alt.webp,,,,,,,,,,,,,,,,,,,,,,,,,OP09-048::alt,0,0,0,0,1,0,missing_printing_market_map
1253,OP09-048,Dracule Mihawk,SR,,4220,1253,OP09-048_p1,,parallel_1,Parallel 1,official-cardlist,OP09/parallel/OP09-048_p1.png,https://en.onepiece-cardgame.com/images/cardlist/card/OP09-048_p1.png?260305,,,,,,,,,,,,,,,,,,,,,,,,OP09-048_p1,0,0,0,0,1,0,missing_printing_market_map
1253,OP09-048,Dracule Mihawk,SR,,4221,1253,OP09-048_r1,,r1,R1,official-cardlist,PRB02/reprint/OP09-048_r1.png,https://en.onepiece-cardgame.com/images/cardlist/card/OP09-048_r1.png?260305,,,,,,,,,,,,,,,,,,,,,,,,OP09-048_r1,0,0,0,0,1,0,missing_printing_market_map
1255,OP09-050,Nami,R,,4226,1255,OP09-050::alt,,alt,Alt,local-catalog,thumbs/OP09-050alt.webp,,,,,,,,,,,,,,,,,,,,,,,,,OP09-050::alt,0,0,0,0,1,0,missing_printing_market_map
1255,OP09-050,Nami,R,,4227,1255,OP09-050_p1,,parallel_1,Parallel 1,official-cardlist,OP09/parallel/OP09-050_p1.png,https://en.onepiece-cardgame.com/images/cardlist/card/OP09-050_p1.png?260305,,,,,,,,,,,,,,,,,,,,,,,,OP09-050_p1,0,0,0,0,1,0,missing_printing_market_map
1255,OP09-050,Nami,R,,4228,1255,OP09-050_p2,,parallel_2,Parallel 2,official-cardlist,REG2526S1/parallel/OP09-050_p2.png,https://en.onepiece-cardgame.com/images/cardlist/card/OP09-050_p2.png?260305,,,,,,,,,,,,,,,,,,,,,,,,OP09-050_p2,0,0,0,0,1,0,missing_printing_market_map
1256,OP09-051,Buggy,SP CARD,,4231,1256,OP09-051::m anga alt,,mr,M Anga Alt,local-catalog,thumbs/OP09-051Manga alt.webp,,,,,,,,,,,,,,,,,,,,,,,,,OP09-051::m anga alt,0,0,0,0,1,0,missing_printing_market_map
1256,OP09-051,Buggy,SP CARD,,4232,1256,OP09-051_p1,,parallel_1,Parallel 1,official-cardlist,OP09/parallel/OP09-051_p1.png,https://en.onepiece-cardgame.com/images/cardlist/card/OP09-051_p1.png?260305,,,,,,,,,,,,,,,,,,,,,,,,OP09-051_p1,0,0,0,0,1,0,missing_printing_market_map
1256,OP09-051,Buggy,SP CARD,,4233,1256,OP09-051_p2,,parallel_2,Parallel 2,official-cardlist,OP09/parallel/OP09-051_p2.png,https://en.onepiece-cardgame.com/images/cardlist/card/OP09-051_p2.png?260305,,,,,,,,,,,,,,,,,,,,,,,,OP09-051_p2,0,0,0,0,1,0,missing_printing_market_map
1256,OP09-051,Buggy,SP CARD,,4234,1256,OP09-051_p3,,parallel_3,Parallel 3,official-cardlist,OP09/parallel/OP09-051_p3.png,https://en.onepiece-cardgame.com/images/cardlist/card/OP09-051_p3.png?260305,,,,,,,,,,,,,,,,,,,,,,,,OP09-051_p3,0,0,0,0,1,0,missing_printing_market_map
1256,OP09-051,Buggy,SP CARD,,4235,1256,OP09-051_p4,,parallel_4,Parallel 4,official-cardlist,EB04/parallel/OP09-051_p4.png,https://en.onepiece-cardgame.com/images/cardlist/card/OP09-051_p4.png?260305,,,,,,,,,,,,,,,,,,,,,,,,OP09-051_p4,0,0,0,0,1,0,missing_printing_market_map
1256,OP09-051,Buggy,SP CARD,,4236,1256,OP09-051_p5,,parallel_5,Parallel 5,official-cardlist,EB04/parallel/OP09-051_p5.png,https://en.onepiece-cardgame.com/images/cardlist/card/OP09-051_p5.png?260305,,,,,,,,,,,,,,,,,,,,,,,,OP09-051_p5,0,0,0,0,1,0,missing_printing_market_map
1256,OP09-051,Buggy,SP CARD,,4237,1256,OP09-051_r1,,r1,R1,official-cardlist,ST25/reprint/OP09-051_r1.png,https://en.onepiece-cardgame.com/images/cardlist/card/OP09-051_r1.png?260305,,,,,,,,,,,,,,,,,,,,,,,,OP09-051_r1,0,0,0,0,1,0,missing_printing_market_map
1256,OP09-051,Buggy,SP CARD,,4238,1256,OP09-051::w antedalt,,alt,W Antedalt,local-catalog,thumbs/OP09-051WANTEDalt.webp,,,,,,,,,,,,,,,,,,,,,,,,,OP09-051::w antedalt,0,0,0,0,1,0,missing_printing_market_map
1258,OP09-053,Mohji,UC,,4243,1258,OP09-053_r1,,r1,R1,official-cardlist,ST25/reprint/OP09-053_r1.png,https://en.onepiece-cardgame.com/images/cardlist/card/OP09-053_r1.png?260305,,,,,,,,,,,,,,,,,,,,,,,,OP09-053_r1,0,0,0,0,1,0,missing_printing_market_map
1259,OP09-054,Richie,C,,4246,1259,OP09-054_r1,,r1,R1,official-cardlist,ST25/reprint/OP09-054_r1.png,https://en.onepiece-cardgame.com/images/cardlist/card/OP09-054_r1.png?260305,,,,,,,,,,,,,,,,,,,,,,,,OP09-054_r1,0,0,0,0,1,0,missing_printing_market_map
1260,OP09-055,Mr.1(Daz.Bonez),C,,4249,1260,OP09-055_r1,,r1,R1,official-cardlist,ST25/reprint/OP09-055_r1.png,https://en.onepiece-cardgame.com/images/cardlist/card/OP09-055_r1.png?260305,,,,,,,,,,,,,,,,,,,,,,,,OP09-055_r1,0,0,0,0,1,0,missing_printing_market_map
1261,OP09-056,Mr.3(Galdino),R,,4252,1261,OP09-056_p1,,parallel_1,Parallel 1,official-cardlist,PRB02/parallel/OP09-056_p1.png,https://en.onepiece-cardgame.com/images/cardlist/card/OP09-056_p1.png?260305,,,,,,,,,,,,,,,,,,,,,,,,OP09-056_p1,0,0,0,0,1,0,missing_printing_market_map
1261,OP09-056,Mr.3(Galdino),R,,4253,1261,OP09-056::prb02,,alt,Prb02,local-catalog,thumbs/OP09-056(PRB02).webp,,,,,,,,,,,,,,,,,,,,,,,,,OP09-056::prb02,0,0,0,0,1,0,missing_printing_market_map
1261,OP09-056,Mr.3(Galdino),R,,4254,1261,OP09-056_r1,,r1,R1,official-cardlist,ST25/reprint/OP09-056_r1.png,https://en.onepiece-cardgame.com/images/cardlist/card/OP09-056_r1.png?260305,,,,,,,,,,,,,,,,,,,,,,,,OP09-056_r1,0,0,0,0,1,0,missing_printing_market_map
1261,OP09-056,Mr.3(Galdino),R,,4255,1261,OP09-056_r2,,r2,R2,official-cardlist,PRB02/reprint/OP09-056_r2.png,https://en.onepiece-cardgame.com/images/cardlist/card/OP09-056_r2.png?260305,,,,,,,,,,,,,,,,,,,,,,,,OP09-056_r2,0,0,0,0,1,0,missing_printing_market_map
1262,OP09-057,Cross Guild,R,,4258,1262,OP09-057_p2,,parallel_2,Parallel 2,official-cardlist,OP09/parallel/OP09-057_p2.png,https://en.onepiece-cardgame.com/images/cardlist/card/OP09-057_p2.png?260305,,,,,,,,,,,,,,,,,,,,,,,,OP09-057_p2,0,0,0,0,1,0,missing_printing_market_map
1262,OP09-057,Cross Guild,R,,4259,1262,OP09-057::prb02,,alt,Prb02,local-catalog,thumbs/OP09-057(PRB02).webp,,,,,,,,,,,,,,,,,,,,,,,,,OP09-057::prb02,0,0,0,0,1,0,missing_printing_market_map
1262,OP09-057,Cross Guild,R,,4260,1262,OP09-057_r1,,r1,R1,official-cardlist,ST25/reprint/OP09-057_r1.png,https://en.onepiece-cardgame.com/images/cardlist/card/OP09-057_r1.png?260305,,,,,,,,,,,,,,,,,,,,,,,,OP09-057_r1,0,0,0,0,1,0,missing_printing_market_map
1262,OP09-057,Cross Guild,R,,4261,1262,OP09-057_r2,,r2,R2,official-cardlist,PRB02/reprint/OP09-057_r2.png,https://en.onepiece-cardgame.com/images/cardlist/card/OP09-057_r2.png?260305,,,,,,,,,,,,,,,,,,,,,,,,OP09-057_r2,0,0,0,0,1,0,missing_printing_market_map
1266,OP09-061,Monkey.D.Luffy,L,,4270,1266,OP09-061::alt,,alt,Alt,local-catalog,thumbs/OP09-061alt.webp,,,,,,,,,,,,,,,,,,,,,,,,,OP09-061::alt,0,0,0,0,1,0,missing_printing_market_map
1266,OP09-061,Monkey.D.Luffy,L,,4271,1266,OP09-061_p1,,parallel_1,Parallel 1,official-cardlist,OP09/parallel/OP09-061_p1.png,https://en.onepiece-cardgame.com/images/cardlist/card/OP09-061_p1.png?260305,,,,,,,,,,,,,,,,,,,,,,,,OP09-061_p1,0,0,0,0,1,0,missing_printing_market_map
1266,OP09-061,Monkey.D.Luffy,L,,4272,1266,OP09-061_p2,,parallel_2,Parallel 2,official-cardlist,ST26/parallel/OP09-061_p2.png,https://en.onepiece-cardgame.com/images/cardlist/card/OP09-061_p2.png?260305,,,,,,,,,,,,,,,,,,,,,,,,OP09-061_p2,0,0,0,0,1,0,missing_printing_market_map
1266,OP09-061,Monkey.D.Luffy,L,,4273,1266,OP09-061::st26,,alt,St26,local-catalog,thumbs/OP09-061(ST26).webp,,,,,,,,,,,,,,,,,,,,,,,,,OP09-061::st26,0,0,0,0,1,0,missing_printing_market_map
1267,OP09-062,Nico Robin,L,,4276,1267,OP09-062::alt,,alt,Alt,local-catalog,thumbs/OP09-062alt.webp,,,,,,,,,,,,,,,,,,,,,,,,,OP09-062::alt,0,0,0,0,1,0,missing_printing_market_map
1267,OP09-062,Nico Robin,L,,4277,1267,OP09-062_p1,,parallel_1,Parallel 1,official-cardlist,OP09/parallel/OP09-062_p1.png,https://en.onepiece-cardgame.com/images/cardlist/card/OP09-062_p1.png?260305,,,,,,,,,,,,,,,,,,,,,,,,OP09-062_p1,0,0,0,0,1,0,missing_printing_market_map
1268,OP09-063,Usopp,C,,4280,1268,OP09-063_r1,,r1,R1,official-cardlist,ST26/reprint/OP09-063_r1.png,https://en.onepiece-cardgame.com/images/cardlist/card/OP09-063_r1.png?260305,,,,,,,,,,,,,,,,,,,,,,,,OP09-063_r1,0,0,0,0,1,0,missing_printing_market_map
1270,OP09-065,Sanji,SR,,4285,1270,OP09-065::alt,,alt,Alt,local-catalog,thumbs/OP09-065alt.webp,,,,,,,,,,,,,,,,,,,,,,,,,OP09-065::alt,0,0,0,0,1,0,missing_printing_market_map
1270,OP09-065,Sanji,SR,,4286,1270,OP09-065_p1,,parallel_1,Parallel 1,official-cardlist,OP09/parallel/OP09-065_p1.png,https://en.onepiece-cardgame.com/images/cardlist/card/OP09-065_p1.png?260305,,,,,,,,,,,,,,,,,,,,,,,,OP09-065_p1,0,0,0,0,1,0,missing_printing_market_map
1270,OP09-065,Sanji,SR,,4287,1270,OP09-065_p2,,parallel_2,Parallel 2,official-cardlist,REG2526S1/parallel/OP09-065_p2.png,https://en.onepiece-cardgame.com/images/cardlist/card/OP09-065_p2.png?260305,,,,,,,,,,,,,,,,,,,,,,,,OP09-065_p2,0,0,0,0,1,0,missing_printing_market_map
1270,OP09-065,Sanji,SR,,4288,1270,OP09-065_r1,,r1,R1,official-cardlist,PRB02/reprint/OP09-065_r1.png,https://en.onepiece-cardgame.com/images/cardlist/card/OP09-065_r1.png?260305,,,,,,,,,,,,,,,,,,,,,,,,OP09-065_r1,0,0,0,0,1,0,missing_printing_market_map
1274,OP09-069,Trafalgar Law,R,,4297,1274,OP09-069::alt,,alt,Alt,local-catalog,thumbs/OP09-069alt.webp,,,,,,,,,,,,,,,,,,,,,,,,,OP09-069::alt,0,0,0,0,1,0,missing_printing_market_map
1274,OP09-069,Trafalgar Law,R,,4298,1274,OP09-069::alt art 2,,alt,Alt Art 2,local-catalog,thumbs/OP09-069alt2.webp,,,,,,,,,,,,,,,,,,,,,,,,,OP09-069::alt art 2,0,0,0,0,1,0,missing_printing_market_map
1274,OP09-069,Trafalgar Law,R,,4299,1274,OP09-069_p1,,parallel_1,Parallel 1,official-cardlist,OP09/parallel/OP09-069_p1.png,https://en.onepiece-cardgame.com/images/cardlist/card/OP09-069_p1.png?260305,,,,,,,,,,,,,,,,,,,,,,,,OP09-069_p1,0,0,0,0,1,0,missing_printing_market_map
1274,OP09-069,Trafalgar Law,R,,4300,1274,OP09-069_p2,,parallel_2,Parallel 2,official-cardlist,_unclassified/parallel/OP09-069_p2.png,https://en.onepiece-cardgame.com/images/cardlist/card/OP09-069_p2.png?260305,,,,,,,,,,,,,,,,,,,,,,,,OP09-069_p2,0,0,0,0,1,0,missing_printing_market_map
1274,OP09-069,Trafalgar Law,R,,4301,1274,OP09-069_r1,,r1,R1,official-cardlist,PRB02/reprint/OP09-069_r1.png,https://en.onepiece-cardgame.com/images/cardlist/card/OP09-069_r1.png?260305,,,,,,,,,,,,,,,,,,,,,,,,OP09-069_r1,0,0,0,0,1,0,missing_printing_market_map
1275,OP09-070,Nami,UC,,4304,1275,OP09-070_p1,,parallel_1,Parallel 1,official-cardlist,BCV4/parallel/OP09-070_p1.png,https://en.onepiece-cardgame.com/images/cardlist/card/OP09-070_p1.png?260305,,,,,,,,,,,,,,,,,,,,,,,,OP09-070_p1,0,0,0,0,1,0,missing_printing_market_map
1275,OP09-070,Nami,UC,,4305,1275,OP09-070_r1,,r1,R1,official-cardlist,ST26/reprint/OP09-070_r1.png,https://en.onepiece-cardgame.com/images/cardlist/card/OP09-070_r1.png?260305,,,,,,,,,,,,,,,,,,,,,,,,OP09-070_r1,0,0,0,0,1,0,missing_printing_market_map
1277,OP09-072,Franky,SR,,4310,1277,OP09-072::alt,,alt,Alt,local-catalog,thumbs/OP09-072alt.webp,,,,,,,,,,,,,,,,,,,,,,,,,OP09-072::alt,0,0,0,0,1,0,missing_printing_market_map
1277,OP09-072,Franky,SR,,4311,1277,OP09-072_p1,,parallel_1,Parallel 1,official-cardlist,OP09/parallel/OP09-072_p1.png,https://en.onepiece-cardgame.com/images/cardlist/card/OP09-072_p1.png?260305,,,,,,,,,,,,,,,,,,,,,,,,OP09-072_p1,0,0,0,0,1,0,missing_printing_market_map
1277,OP09-072,Franky,SR,,4312,1277,OP09-072_r1,,r1,R1,official-cardlist,PRB02/reprint/OP09-072_r1.png,https://en.onepiece-cardgame.com/images/cardlist/card/OP09-072_r1.png?260305,,,,,,,,,,,,,,,,,,,,,,,,OP09-072_r1,0,0,0,0,1,0,missing_printing_market_map
1281,OP09-076,Roronoa Zoro,R,,4321,1281,OP09-076_p1,,parallel_1,Parallel 1,official-cardlist,REG2526S1/parallel/OP09-076_p1.png,https://en.onepiece-cardgame.com/images/cardlist/card/OP09-076_p1.png?260305,,,,,,,,,,,,,,,,,,,,,,,,OP09-076_p1,0,0,0,0,1,0,missing_printing_market_map
1281,OP09-076,Roronoa Zoro,R,,4322,1281,OP09-076_p2,,parallel_2,Parallel 2,official-cardlist,PRB02/parallel/OP09-076_p2.png,https://en.onepiece-cardgame.com/images/cardlist/card/OP09-076_p2.png?260305,,,,,,,,,,,,,,,,,,,,,,,,OP09-076_p2,0,0,0,0,1,0,missing_printing_market_map
1281,OP09-076,Roronoa Zoro,R,,4323,1281,OP09-076::prb02,,alt,Prb02,local-catalog,thumbs/OP09-076(PRB02).webp,,,,,,,,,,,,,,,,,,,,,,,,,OP09-076::prb02,0,0,0,0,1,0,missing_printing_market_map
1281,OP09-076,Roronoa Zoro,R,,4324,1281,OP09-076_r1,,r1,R1,official-cardlist,ST26/reprint/OP09-076_r1.png,https://en.onepiece-cardgame.com/images/cardlist/card/OP09-076_r1.png?260305,,,,,,,,,,,,,,,,,,,,,,,,OP09-076_r1,0,0,0,0,1,0,missing_printing_market_map
1281,OP09-076,Roronoa Zoro,R,,4325,1281,OP09-076_r2,,r2,R2,official-cardlist,PRB02/reprint/OP09-076_r2.png,https://en.onepiece-cardgame.com/images/cardlist/card/OP09-076_r2.png?260305,,,,,,,,,,,,,,,,,,,,,,,,OP09-076_r2,0,0,0,0,1,0,missing_printing_market_map
1282,OP09-077,Gum-Gum Lightning,UC,,4328,1282,OP09-077_p1,,parallel_1,Parallel 1,official-cardlist,PRB02/parallel/OP09-077_p1.png,https://en.onepiece-cardgame.com/images/cardlist/card/OP09-077_p1.png?260305,,,,,,,,,,,,,,,,,,,,,,,,OP09-077_p1,0,0,0,0,1,0,missing_printing_market_map
1282,OP09-077,Gum-Gum Lightning,UC,,4329,1282,OP09-077_p2,,parallel_2,Parallel 2,official-cardlist,BCV4/parallel/OP09-077_p2.png,https://en.onepiece-cardgame.com/images/cardlist/card/OP09-077_p2.png?260305,,,,,,,,,,,,,,,,,,,,,,,,OP09-077_p2,0,0,0,0,1,0,missing_printing_market_map
1282,OP09-077,Gum-Gum Lightning,UC,,4330,1282,OP09-077_r1,,r1,R1,official-cardlist,ST26/reprint/OP09-077_r1.png,https://en.onepiece-cardgame.com/images/cardlist/card/OP09-077_r1.png?260305,,,,,,,,,,,,,,,,,,,,,,,,OP09-077_r1,0,0,0,0,1,0,missing_printing_market_map
1282,OP09-077,Gum-Gum Lightning,UC,,4331,1282,OP09-077_r2,,r2,R2,official-cardlist,PRB02/reprint/OP09-077_r2.png,https://en.onepiece-cardgame.com/images/cardlist/card/OP09-077_r2.png?260305,,,,,,,,,,,,,,,,,,,,,,,,OP09-077_r2,0,0,0,0,1,0,missing_printing_market_map
1283,OP09-078,Gum-Gum Giant,R,,4334,1283,OP09-078_p1,,parallel_1,Parallel 1,official-cardlist,ST26/parallel/OP09-078_p1.png,https://en.onepiece-cardgame.com/images/cardlist/card/OP09-078_p1.png?260305,,,,,,,,,,,,,,,,,,,,,,,,OP09-078_p1,0,0,0,0,1,0,missing_printing_market_map
1283,OP09-078,Gum-Gum Giant,R,,4335,1283,OP09-078_p2,,parallel_2,Parallel 2,official-cardlist,PRB02/parallel/OP09-078_p2.png,https://en.onepiece-cardgame.com/images/cardlist/card/OP09-078_p2.png?260305,,,,,,,,,,,,,,,,,,,,,,,,OP09-078_p2,0,0,0,0,1,0,missing_printing_market_map
1283,OP09-078,Gum-Gum Giant,R,,4336,1283,OP09-078::prb02,,alt,Prb02,local-catalog,thumbs/OP09-078(PRB02).webp,,,,,,,,,,,,,,,,,,,,,,,,,OP09-078::prb02,0,0,0,0,1,0,missing_printing_market_map
1283,OP09-078,Gum-Gum Giant,R,,4337,1283,OP09-078_r1,,r1,R1,official-cardlist,PRB02/reprint/OP09-078_r1.png,https://en.onepiece-cardgame.com/images/cardlist/card/OP09-078_r1.png?260305,,,,,,,,,,,,,,,,,,,,,,,,OP09-078_r1,0,0,0,0,1,0,missing_printing_market_map
1284,OP09-079,Gum-Gum Jump Rope,C,,4340,1284,OP09-079_p1,,parallel_1,Parallel 1,official-cardlist,PRB02/parallel/OP09-079_p1.png,https://en.onepiece-cardgame.com/images/cardlist/card/OP09-079_p1.png?260305,,,,,,,,,,,,,,,,,,,,,,,,OP09-079_p1,0,0,0,0,1,0,missing_printing_market_map
1284,OP09-079,Gum-Gum Jump Rope,C,,4341,1284,OP09-079_r1,,r1,R1,official-cardlist,PRB02/reprint/OP09-079_r1.png,https://en.onepiece-cardgame.com/images/cardlist/card/OP09-079_r1.png?260305,,,,,,,,,,,,,,,,,,,,,,,,OP09-079_r1,0,0,0,0,1,0,missing_printing_market_map
1286,OP09-081,Marshall.D.Teach,L,,4346,1286,OP09-081::alt,,alt,Alt,local-catalog,thumbs/OP09-081alt.webp,,,,,,,,,,,,,,,,,,,,,,,,,OP09-081::alt,0,0,0,0,1,0,missing_printing_market_map
1286,OP09-081,Marshall.D.Teach,L,,4347,1286,OP09-081_p1,,parallel_1,Parallel 1,official-cardlist,OP09/parallel/OP09-081_p1.png,https://en.onepiece-cardgame.com/images/cardlist/card/OP09-081_p1.png?260305,,,,,,,,,,,,,,,,,,,,,,,,OP09-081_p1,0,0,0,0,1,0,missing_printing_market_map
1286,OP09-081,Marshall.D.Teach,L,,4348,1286,OP09-081_p2,,parallel_2,Parallel 2,official-cardlist,ST27/parallel/OP09-081_p2.png,https://en.onepiece-cardgame.com/images/cardlist/card/OP09-081_p2.png?260305,,,,,,,,,,,,,,,,,,,,,,,,OP09-081_p2,0,0,0,0,1,0,missing_printing_market_map
1286,OP09-081,Marshall.D.Teach,L,,4349,1286,OP09-081::st27,,alt,St27,local-catalog,thumbs/OP09-081(ST27).webp,,,,,,,,,,,,,,,,,,,,,,,,,OP09-081::st27,0,0,0,0,1,0,missing_printing_market_map
1288,OP09-083,Van Augur,R,,4354,1288,OP09-083_r1,,r1,R1,official-cardlist,ST27/reprint/OP09-083_r1.png,https://en.onepiece-cardgame.com/images/cardlist/card/OP09-083_r1.png?260305,,,,,,,,,,,,,,,,,,,,,,,,OP09-083_r1,0,0,0,0,1,0,missing_printing_market_map
1289,OP09-084,Catarina Devon,UC,,4357,1289,OP09-084_p1,,parallel_1,Parallel 1,official-cardlist,PRB02/parallel/OP09-084_p1.png,https://en.onepiece-cardgame.com/images/cardlist/card/OP09-084_p1.png?260305,,,,,,,,,,,,,,,,,,,,,,,,OP09-084_p1,0,0,0,0,1,0,missing_printing_market_map
1289,OP09-084,Catarina Devon,UC,,4358,1289,OP09-084_r1,,r1,R1,official-cardlist,PRB02/reprint/OP09-084_r1.png,https://en.onepiece-cardgame.com/images/cardlist/card/OP09-084_r1.png?260305,,,,,,,,,,,,,,,,,,,,,,,,OP09-084_r1,0,0,0,0,1,0,missing_printing_market_map
1291,OP09-086,Jesus Burgess,R,,4363,1291,OP09-086_p1,,parallel_1,Parallel 1,official-cardlist,PRB02/parallel/OP09-086_p1.png,https://en.onepiece-cardgame.com/images/cardlist/card/OP09-086_p1.png?260305,,,,,,,,,,,,,,,,,,,,,,,,OP09-086_p1,0,0,0,0,1,0,missing_printing_market_map
1291,OP09-086,Jesus Burgess,R,,4364,1291,OP09-086::prb02,,alt,Prb02,local-catalog,thumbs/OP09-086(PRB02).webp,,,,,,,,,,,,,,,,,,,,,,,,,OP09-086::prb02,0,0,0,0,1,0,missing_printing_market_map
1291,OP09-086,Jesus Burgess,R,,4365,1291,OP09-086_r1,,r1,R1,official-cardlist,ST27/reprint/OP09-086_r1.png,https://en.onepiece-cardgame.com/images/cardlist/card/OP09-086_r1.png?260305,,,,,,,,,,,,,,,,,,,,,,,,OP09-086_r1,0,0,0,0,1,0,missing_printing_market_map
1291,OP09-086,Jesus Burgess,R,,4366,1291,OP09-086_r2,,r2,R2,official-cardlist,PRB02/reprint/OP09-086_r2.png,https://en.onepiece-cardgame.com/images/cardlist/card/OP09-086_r2.png?260305,,,,,,,,,,,,,,,,,,,,,,,,OP09-086_r2,0,0,0,0,1,0,missing_printing_market_map
1293,OP09-088,Shiryu,UC,,4371,1293,OP09-088_r1,,r1,R1,official-cardlist,ST27/reprint/OP09-088_r1.png,https://en.onepiece-cardgame.com/images/cardlist/card/OP09-088_r1.png?260305,,,,,,,,,,,,,,,,,,,,,,,,OP09-088_r1,0,0,0,0,1,0,missing_printing_market_map
1294,OP09-089,Stronger,UC,,4374,1294,OP09-089_p1,,parallel_1,Parallel 1,official-cardlist,CS2526TP2/parallel/OP09-089_p1.png,https://en.onepiece-cardgame.com/images/cardlist/card/OP09-089_p1.png?260305,,,,,,,,,,,,,,,,,,,,,,,,OP09-089_p1,0,0,0,0,1,0,missing_printing_market_map
1294,OP09-089,Stronger,UC,,4375,1294,OP09-089_p2,,parallel_2,Parallel 2,official-cardlist,_unclassified/parallel/OP09-089_p2.png,https://en.onepiece-cardgame.com/images/cardlist/card/OP09-089_p2.png?260305,,,,,,,,,,,,,,,,,,,,,,,,OP09-089_p2,0,0,0,0,1,0,missing_printing_market_map
1294,OP09-089,Stronger,UC,,4376,1294,OP09-089_p3,,parallel_3,Parallel 3,official-cardlist,_unclassified/parallel/OP09-089_p3.png,https://en.onepiece-cardgame.com/images/cardlist/card/OP09-089_p3.png?260305,,,,,,,,,,,,,,,,,,,,,,,,OP09-089_p3,0,0,0,0,1,0,missing_printing_market_map
1294,OP09-089,Stronger,UC,,4377,1294,OP09-089_r1,,r1,R1,official-cardlist,ST27/reprint/OP09-089_r1.png,https://en.onepiece-cardgame.com/images/cardlist/card/OP09-089_r1.png?260305,,,,,,,,,,,,,,,,,,,,,,,,OP09-089_r1,0,0,0,0,1,0,missing_printing_market_map
1295,OP09-090,Doc Q,R,,4380,1295,OP09-090_r1,,r1,R1,official-cardlist,ST27/reprint/OP09-090_r1.png,https://en.onepiece-cardgame.com/images/cardlist/card/OP09-090_r1.png?260305,,,,,,,,,,,,,,,,,,,,,,,,OP09-090_r1,0,0,0,0,1,0,missing_printing_market_map
1296,OP09-091,Vasco Shot,C,,4383,1296,OP09-091_r1,,r1,R1,official-cardlist,ST27/reprint/OP09-091_r1.png,https://en.onepiece-cardgame.com/images/cardlist/card/OP09-091_r1.png?260305,,,,,,,,,,,,,,,,,,,,,,,,OP09-091_r1,0,0,0,0,1,0,missing_printing_market_map
1298,OP09-093,Marshall.D.Teach,SR,,4388,1298,OP09-093::alt,,alt,Alt,local-catalog,thumbs/OP09-093alt.webp,,,,,,,,,,,,,,,,,,,,,,,,,OP09-093::alt,0,0,0,0,1,0,missing_printing_market_map
1298,OP09-093,Marshall.D.Teach,SR,,4389,1298,OP09-093::m anga alt,,mr,M Anga Alt,local-catalog,thumbs/OP09-093Manga alt.webp,,,,,,,,,,,,,,,,,,,,,,,,,OP09-093::m anga alt,0,0,0,0,1,0,missing_printing_market_map
1298,OP09-093,Marshall.D.Teach,SR,,4390,1298,OP09-093_p1,,parallel_1,Parallel 1,official-cardlist,OP09/parallel/OP09-093_p1.png,https://en.onepiece-cardgame.com/images/cardlist/card/OP09-093_p1.png?260305,,,,,,,,,,,,,,,,,,,,,,,,OP09-093_p1,0,0,0,0,1,0,missing_printing_market_map
1298,OP09-093,Marshall.D.Teach,SR,,4391,1298,OP09-093_p2,,parallel_2,Parallel 2,official-cardlist,OP09/parallel/OP09-093_p2.png,https://en.onepiece-cardgame.com/images/cardlist/card/OP09-093_p2.png?260305,,,,,,,,,,,,,,,,,,,,,,,,OP09-093_p2,0,0,0,0,1,0,missing_printing_market_map
1298,OP09-093,Marshall.D.Teach,SR,,4392,1298,OP09-093_p3,,parallel_3,Parallel 3,official-cardlist,OP09/parallel/OP09-093_p3.png,https://en.onepiece-cardgame.com/images/cardlist/card/OP09-093_p3.png?260305,,,,,,,,,,,,,,,,,,,,,,,,OP09-093_p3,0,0,0,0,1,0,missing_printing_market_map
1298,OP09-093,Marshall.D.Teach,SR,,4393,1298,OP09-093_p4,,parallel_4,Parallel 4,official-cardlist,OP12/parallel/OP09-093_p4.png,https://en.onepiece-cardgame.com/images/cardlist/card/OP09-093_p4.png?260305,,,,,,,,,,,,,,,,,,,,,,,,OP09-093_p4,0,0,0,0,1,0,missing_printing_market_map
1298,OP09-093,Marshall.D.Teach,SR,,4394,1298,OP09-093_p5,,parallel_5,Parallel 5,official-cardlist,OP12/parallel/OP09-093_p5.png,https://en.onepiece-cardgame.com/images/cardlist/card/OP09-093_p5.png?260305,,,,,,,,,,,,,,,,,,,,,,,,OP09-093_p5,0,0,0,0,1,0,missing_printing_market_map
1298,OP09-093,Marshall.D.Teach,SR,,4395,1298,OP09-093_r1,,r1,R1,official-cardlist,PRB02/reprint/OP09-093_r1.png,https://en.onepiece-cardgame.com/images/cardlist/card/OP09-093_r1.png?260305,,,,,,,,,,,,,,,,,,,,,,,,OP09-093_r1,0,0,0,0,1,0,missing_printing_market_map
1298,OP09-093,Marshall.D.Teach,SR,,4396,1298,OP09-093::sp1,,sp,SP1,local-catalog,thumbs/OP09-093(SP1).webp,,,,,,,,,,,,,,,,,,,,,,,,,OP09-093::sp1,0,0,0,0,1,0,missing_printing_market_map
1298,OP09-093,Marshall.D.Teach,SR,,4397,1298,OP09-093::sp2,,sp,SP2,local-catalog,thumbs/OP09-093(SP2).webp,,,,,,,,,,,,,,,,,,,,,,,,,OP09-093::sp2,0,0,0,0,1,0,missing_printing_market_map
1298,OP09-093,Marshall.D.Teach,SR,,4398,1298,OP09-093::w antedalt,,alt,W Antedalt,local-catalog,thumbs/OP09-093WANTEDalt.webp,,,,,,,,,,,,,,,,,,,,,,,,,OP09-093::w antedalt,0,0,0,0,1,0,missing_printing_market_map
1300,OP09-095,Laffitte,R,,4403,1300,OP09-095_p1,,parallel_1,Parallel 1,official-cardlist,BCV4/parallel/OP09-095_p1.png,https://en.onepiece-cardgame.com/images/cardlist/card/OP09-095_p1.png?260305,,,,,,,,,,,,,,,,,,,,,,,,OP09-095_p1,0,0,0,0,1,0,missing_printing_market_map
1300,OP09-095,Laffitte,R,,4404,1300,OP09-095_r1,,r1,R1,official-cardlist,ST27/reprint/OP09-095_r1.png,https://en.onepiece-cardgame.com/images/cardlist/card/OP09-095_r1.png?260305,,,,,,,,,,,,,,,,,,,,,,,,OP09-095_r1,0,0,0,0,1,0,missing_printing_market_map
1301,OP09-096,My Era...Begins!!,R,,4407,1301,OP09-096_p1,,parallel_1,Parallel 1,official-cardlist,PRB02/parallel/OP09-096_p1.png,https://en.onepiece-cardgame.com/images/cardlist/card/OP09-096_p1.png?260305,,,,,,,,,,,,,,,,,,,,,,,,OP09-096_p1,0,0,0,0,1,0,missing_printing_market_map
1301,OP09-096,My Era...Begins!!,R,,4408,1301,OP09-096::prb02,,alt,Prb02,local-catalog,thumbs/OP09-096(PRB02).webp,,,,,,,,,,,,,,,,,,,,,,,,,OP09-096::prb02,0,0,0,0,1,0,missing_printing_market_map
1301,OP09-096,My Era...Begins!!,R,,4409,1301,OP09-096_r1,,r1,R1,official-cardlist,PRB02/reprint/OP09-096_r1.png,https://en.onepiece-cardgame.com/images/cardlist/card/OP09-096_r1.png?260305,,,,,,,,,,,,,,,,,,,,,,,,OP09-096_r1,0,0,0,0,1,0,missing_printing_market_map
1302,OP09-097,Black Vortex,C,,4412,1302,OP09-097_p1,,parallel_1,Parallel 1,official-cardlist,PRB02/parallel/OP09-097_p1.png,https://en.onepiece-cardgame.com/images/cardlist/card/OP09-097_p1.png?260305,,,,,,,,,,,,,,,,,,,,,,,,OP09-097_p1,0,0,0,0,1,0,missing_printing_market_map
1302,OP09-097,Black Vortex,C,,4413,1302,OP09-097_r1,,r1,R1,official-cardlist,PRB02/reprint/OP09-097_r1.png,https://en.onepiece-cardgame.com/images/cardlist/card/OP09-097_r1.png?260305,,,,,,,,,,,,,,,,,,,,,,,,OP09-097_r1,0,0,0,0,1,0,missing_printing_market_map
1303,OP09-098,Black Hole,UC,,4416,1303,OP09-098_p1,,parallel_1,Parallel 1,official-cardlist,PRB02/parallel/OP09-098_p1.png,https://en.onepiece-cardgame.com/images/cardlist/card/OP09-098_p1.png?260305,,,,,,,,,,,,,,,,,,,,,,,,OP09-098_p1,0,0,0,0,1,0,missing_printing_market_map
1303,OP09-098,Black Hole,UC,,4417,1303,OP09-098_r1,,r1,R1,official-cardlist,PRB02/reprint/OP09-098_r1.png,https://en.onepiece-cardgame.com/images/cardlist/card/OP09-098_r1.png?260305,,,,,,,,,,,,,,,,,,,,,,,,OP09-098_r1,0,0,0,0,1,0,missing_printing_market_map
1304,OP09-099,Fullalead,C,,4420,1304,OP09-099_r1,,r1,R1,official-cardlist,ST27/reprint/OP09-099_r1.png,https://en.onepiece-cardgame.com/images/cardlist/card/OP09-099_r1.png?260305,,,,,,,,,,,,,,,,,,,,,,,,OP09-099_r1,0,0,0,0,1,0,missing_printing_market_map
1308,OP09-103,Koala,SR,,4429,1308,OP09-103::alt,,alt,Alt,local-catalog,thumbs/OP09-103alt.webp,,,,,,,,,,,,,,,,,,,,,,,,,OP09-103::alt,0,0,0,0,1,0,missing_printing_market_map
1308,OP09-103,Koala,SR,,4430,1308,OP09-103_p1,,parallel_1,Parallel 1,official-cardlist,OP09/parallel/OP09-103_p1.png,https://en.onepiece-cardgame.com/images/cardlist/card/OP09-103_p1.png?260305,,,,,,,,,,,,,,,,,,,,,,,,OP09-103_p1,0,0,0,0,1,0,missing_printing_market_map
1311,OP09-106,Nico Olvia,C,,4437,1311,OP09-106_p1,,parallel_1,Parallel 1,official-cardlist,ORP2025V1/parallel/OP09-106_p1.png,https://en.onepiece-cardgame.com/images/cardlist/card/OP09-106_p1.png?260305,,,,,,,,,,,,,,,,,,,,,,,,OP09-106_p1,0,0,0,0,1,0,missing_printing_market_map
1311,OP09-106,Nico Olvia,C,,4438,1311,OP09-106_p2,,parallel_2,Parallel 2,official-cardlist,ORFC2526S1/parallel/OP09-106_p2.png,https://en.onepiece-cardgame.com/images/cardlist/card/OP09-106_p2.png?260305,,,,,,,,,,,,,,,,,,,,,,,,OP09-106_p2,0,0,0,0,1,0,missing_printing_market_map
1311,OP09-106,Nico Olvia,C,,4439,1311,OP09-106_p3,,parallel_3,Parallel 3,official-cardlist,_unclassified/parallel/OP09-106_p3.png,https://en.onepiece-cardgame.com/images/cardlist/card/OP09-106_p3.png?260305,,,,,,,,,,,,,,,,,,,,,,,,OP09-106_p3,0,0,0,0,1,0,missing_printing_market_map
1311,OP09-106,Nico Olvia,C,,4440,1311,OP09-106_p4,,parallel_4,Parallel 4,official-cardlist,_unclassified/parallel/OP09-106_p4.png,https://en.onepiece-cardgame.com/images/cardlist/card/OP09-106_p4.png?260305,,,,,,,,,,,,,,,,,,,,,,,,OP09-106_p4,0,0,0,0,1,0,missing_printing_market_map
1311,OP09-106,Nico Olvia,C,,4441,1311,OP09-106_p5,,parallel_5,Parallel 5,official-cardlist,_unclassified/parallel/OP09-106_p5.png,https://en.onepiece-cardgame.com/images/cardlist/card/OP09-106_p5.png?260305,,,,,,,,,,,,,,,,,,,,,,,,OP09-106_p5,0,0,0,0,1,0,missing_printing_market_map
1311,OP09-106,Nico Olvia,C,,4442,1311,OP09-106_p6,,parallel_6,Parallel 6,official-cardlist,_unclassified/parallel/OP09-106_p6.png,https://en.onepiece-cardgame.com/images/cardlist/card/OP09-106_p6.png?260305,,,,,,,,,,,,,,,,,,,,,,,,OP09-106_p6,0,0,0,0,1,0,missing_printing_market_map
1312,OP09-107,Nico Robin,R,,4445,1312,OP09-107::alt,,alt,Alt,local-catalog,thumbs/OP09-107alt.webp,,,,,,,,,,,,,,,,,,,,,,,,,OP09-107::alt,0,0,0,0,1,0,missing_printing_market_map
1312,OP09-107,Nico Robin,R,,4446,1312,OP09-107_p1,,parallel_1,Parallel 1,official-cardlist,OP09/parallel/OP09-107_p1.png,https://en.onepiece-cardgame.com/images/cardlist/card/OP09-107_p1.png?260305,,,,,,,,,,,,,,,,,,,,,,,,OP09-107_p1,0,0,0,0,1,0,missing_printing_market_map
1313,OP09-108,Bartholomew Kuma,UC,,4449,1313,OP09-108_p1,,parallel_1,Parallel 1,official-cardlist,TP2025V4/parallel/OP09-108_p1.png,https://en.onepiece-cardgame.com/images/cardlist/card/OP09-108_p1.png?260305,,,,,,,,,,,,,,,,,,,,,,,,OP09-108_p1,0,0,0,0,1,0,missing_printing_market_map
1313,OP09-108,Bartholomew Kuma,UC,,4450,1313,OP09-108_p2,,parallel_2,Parallel 2,official-cardlist,_unclassified/parallel/OP09-108_p2.png,https://en.onepiece-cardgame.com/images/cardlist/card/OP09-108_p2.png?260305,,,,,,,,,,,,,,,,,,,,,,,,OP09-108_p2,0,0,0,0,1,0,missing_printing_market_map
1322,OP09-117,Dereshi!,R,,4469,1322,OP09-117_p1,,parallel_1,Parallel 1,official-cardlist,BCV4/parallel/OP09-117_p1.png,https://en.onepiece-cardgame.com/images/cardlist/card/OP09-117_p1.png?260305,,,,,,,,,,,,,,,,,,,,,,,,OP09-117_p1,0,0,0,0,1,0,missing_printing_market_map
1323,OP09-118,Gol.D.Roger,SP CARD,,4472,1323,OP09-118::alt,,alt,Alt,local-catalog,thumbs/OP09-118alt.webp,,,,,,,,,,,,,,,,,,,,,,,,,OP09-118::alt,0,0,0,0,1,0,missing_printing_market_map
1323,OP09-118,Gol.D.Roger,SP CARD,,4473,1323,OP09-118::m anga alt,,mr,M Anga Alt,local-catalog,thumbs/OP09-118Manga alt.webp,,,,,,,,,,,,,,,,,,,,,,,,,OP09-118::m anga alt,0,0,0,0,1,0,missing_printing_market_map
1323,OP09-118,Gol.D.Roger,SP CARD,,4474,1323,OP09-118_p1,,parallel_1,Parallel 1,official-cardlist,OP09/parallel/OP09-118_p1.png,https://en.onepiece-cardgame.com/images/cardlist/card/OP09-118_p1.png?260305,,,,,,,,,,,,,,,,,,,,,,,,OP09-118_p1,0,0,0,0,1,0,missing_printing_market_map
1323,OP09-118,Gol.D.Roger,SP CARD,,4475,1323,OP09-118_p2,,parallel_2,Parallel 2,official-cardlist,OP09/parallel/OP09-118_p2.png,https://en.onepiece-cardgame.com/images/cardlist/card/OP09-118_p2.png?260305,,,,,,,,,,,,,,,,,,,,,,,,OP09-118_p2,0,0,0,0,1,0,missing_printing_market_map
1323,OP09-118,Gol.D.Roger,SP CARD,,4476,1323,OP09-118_p3,,parallel_3,Parallel 3,official-cardlist,OP13/parallel/OP09-118_p3.png,https://en.onepiece-cardgame.com/images/cardlist/card/OP09-118_p3.png?260305,,,,,,,,,,,,,,,,,,,,,,,,OP09-118_p3,0,0,0,0,1,0,missing_printing_market_map
1323,OP09-118,Gol.D.Roger,SP CARD,,4477,1323,OP09-118::wanted,,promo,Wanted,local-catalog,thumbs/OP09-118(Wanted).webp,,,,,,,,,,,,,,,,,,,,,,,,,OP09-118::wanted,0,0,0,0,1,0,missing_printing_market_map
1324,OP09-119,Monkey.D.Luffy,SP CARD,,4480,1324,OP09-119::alt,,alt,Alt,local-catalog,thumbs/OP09-119alt.webp,,,,,,,,,,,,,,,,,,,,,,,,,OP09-119::alt,0,0,0,0,1,0,missing_printing_market_map
1324,OP09-119,Monkey.D.Luffy,SP CARD,,4481,1324,OP09-119::m anga at,,mr,M Anga At,local-catalog,thumbs/OP09-119Manga at.webp,,,,,,,,,,,,,,,,,,,,,,,,,OP09-119::m anga at,0,0,0,0,1,0,missing_printing_market_map
1324,OP09-119,Monkey.D.Luffy,SP CARD,,4482,1324,OP09-119_p1,,parallel_1,Parallel 1,official-cardlist,OP09/parallel/OP09-119_p1.png,https://en.onepiece-cardgame.com/images/cardlist/card/OP09-119_p1.png?260305,,,,,,,,,,,,,,,,,,,,,,,,OP09-119_p1,0,0,0,0,1,0,missing_printing_market_map
1324,OP09-119,Monkey.D.Luffy,SP CARD,,4483,1324,OP09-119_p2,,parallel_2,Parallel 2,official-cardlist,OP09/parallel/OP09-119_p2.png,https://en.onepiece-cardgame.com/images/cardlist/card/OP09-119_p2.png?260305,,,,,,,,,,,,,,,,,,,,,,,,OP09-119_p2,0,0,0,0,1,0,missing_printing_market_map
1324,OP09-119,Monkey.D.Luffy,SP CARD,,4484,1324,OP09-119_p3,,parallel_3,Parallel 3,official-cardlist,OP13/parallel/OP09-119_p3.png,https://en.onepiece-cardgame.com/images/cardlist/card/OP09-119_p3.png?260305,,,,,,,,,,,,,,,,,,,,,,,,OP09-119_p3,0,0,0,0,1,0,missing_printing_market_map
1324,OP09-119,Monkey.D.Luffy,SP CARD,,4485,1324,OP09-119_p4,,parallel_4,Parallel 4,official-cardlist,ANN3JP/parallel/OP09-119_p4.png,https://en.onepiece-cardgame.com/images/cardlist/card/OP09-119_p4.png?260305,,,,,,,,,,,,,,,,,,,,,,,,OP09-119_p4,0,0,0,0,1,0,missing_printing_market_map
1324,OP09-119,Monkey.D.Luffy,SP CARD,,4486,1324,OP09-119::sp,,sp,SP,local-catalog,thumbs/OP09-119(SP).webp,,,,,,,,,,,,,,,,,,,,,,,,,OP09-119::sp,0,0,0,0,1,0,missing_printing_market_map
1325,OP10-001,Smoker,L,,4489,1325,OP10-001::alt,,alt,Alt,local-catalog,thumbs/OP10-001alt.webp,,,,,,,,,,,,,,,,,,,,,,,,,OP10-001::alt,0,0,0,0,1,0,missing_printing_market_map
1325,OP10-001,Smoker,L,,4490,1325,OP10-001_p1,,parallel_1,Parallel 1,official-cardlist,OP10/parallel/OP10-001_p1.png,https://en.onepiece-cardgame.com/images/cardlist/card/OP10-001_p1.png?260305,,,,,,,,,,,,,,,,,,,,,,,,OP10-001_p1,0,0,0,0,1,0,missing_printing_market_map
1326,OP10-002,Caesar Clown,L,,4493,1326,OP10-002::alt,,alt,Alt,local-catalog,thumbs/OP10-002alt.webp,,,,,,,,,,,,,,,,,,,,,,,,,OP10-002::alt,0,0,0,0,1,0,missing_printing_market_map
1326,OP10-002,Caesar Clown,L,,4494,1326,OP10-002_p1,,parallel_1,Parallel 1,official-cardlist,OP10/parallel/OP10-002_p1.png,https://en.onepiece-cardgame.com/images/cardlist/card/OP10-002_p1.png?260305,,,,,,,,,,,,,,,,,,,,,,,,OP10-002_p1,0,0,0,0,1,0,missing_printing_market_map
1327,OP10-003,Sugar,L,,4497,1327,OP10-003::alt,,alt,Alt,local-catalog,thumbs/OP10-003alt.webp,,,,,,,,,,,,,,,,,,,,,,,,,OP10-003::alt,0,0,0,0,1,0,missing_printing_market_map
1327,OP10-003,Sugar,L,,4498,1327,OP10-003_p1,,parallel_1,Parallel 1,official-cardlist,OP10/parallel/OP10-003_p1.png,https://en.onepiece-cardgame.com/images/cardlist/card/OP10-003_p1.png?260305,,,,,,,,,,,,,,,,,,,,,,,,OP10-003_p1,0,0,0,0,1,0,missing_printing_market_map
1329,OP10-005,Sanji,SR,,4503,1329,OP10-005::alt,,alt,Alt,local-catalog,thumbs/OP10-005alt.webp,,,,,,,,,,,,,,,,,,,,,,,,,OP10-005::alt,0,0,0,0,1,0,missing_printing_market_map
1329,OP10-005,Sanji,SR,,4504,1329,OP10-005_p1,,parallel_1,Parallel 1,official-cardlist,OP10/parallel/OP10-005_p1.png,https://en.onepiece-cardgame.com/images/cardlist/card/OP10-005_p1.png?260305,,,,,,,,,,,,,,,,,,,,,,,,OP10-005_p1,0,0,0,0,1,0,missing_printing_market_map
1329,OP10-005,Sanji,SR,,4505,1329,OP10-005_p2,,parallel_2,Parallel 2,official-cardlist,_unclassified/parallel/OP10-005_p2.png,https://en.onepiece-cardgame.com/images/cardlist/card/OP10-005_p2.png?260305,,,,,,,,,,,,,,,,,,,,,,,,OP10-005_p2,0,0,0,0,1,0,missing_printing_market_map
1330,OP10-006,Caesar Clown,UC,,4507,1330,OP10-006::1,,operator_review,1,local-catalog,thumbs/OP10-006 (1).webp,,,,,,,,,,,,,,,,,,,,,,,,,OP10-006::1,0,0,0,0,1,0,missing_printing_market_map
1335,OP10-011,Tony Tony.Chopper,R,,4518,1335,OP10-011_p1,,parallel_1,Parallel 1,official-cardlist,PRB02/parallel/OP10-011_p1.png,https://en.onepiece-cardgame.com/images/cardlist/card/OP10-011_p1.png?260305,,,,,,,,,,,,,,,,,,,,,,,,OP10-011_p1,0,0,0,0,1,0,missing_printing_market_map
1335,OP10-011,Tony Tony.Chopper,R,,4519,1335,OP10-011::prb02,,alt,Prb02,local-catalog,thumbs/OP10-011(PRB02).webp,,,,,,,,,,,,,,,,,,,,,,,,,OP10-011::prb02,0,0,0,0,1,0,missing_printing_market_map
1335,OP10-011,Tony Tony.Chopper,R,,4520,1335,OP10-011_r1,,r1,R1,official-cardlist,PRB02/reprint/OP10-011_r1.png,https://en.onepiece-cardgame.com/images/cardlist/card/OP10-011_r1.png?260305,,,,,,,,,,,,,,,,,,,,,,,,OP10-011_r1,0,0,0,0,1,0,missing_printing_market_map
1340,OP10-016,Monet,SR,,4530,1340,OP10-016::alt,,alt,Alt,local-catalog,thumbs/OP10-016alt.webp,,,,,,,,,,,,,,,,,,,,,,,,,OP10-016::alt,0,0,0,0,1,0,missing_printing_market_map
1340,OP10-016,Monet,SR,,4531,1340,OP10-016_p1,,parallel_1,Parallel 1,official-cardlist,OP10/parallel/OP10-016_p1.png,https://en.onepiece-cardgame.com/images/cardlist/card/OP10-016_p1.png?260305,,,,,,,,,,,,,,,,,,,,,,,,OP10-016_p1,0,0,0,0,1,0,missing_printing_market_map
1342,OP10-018,Ten-Layer Igloo,C,,4536,1342,OP10-018_p2,,parallel_2,Parallel 2,official-cardlist,OP10/parallel/OP10-018_p2.png,https://en.onepiece-cardgame.com/images/cardlist/card/OP10-018_p2.png?260305,,,,,,,,,,,,,,,,,,,,,,,,OP10-018_p2,0,0,0,0,1,0,missing_printing_market_map
1342,OP10-018,Ten-Layer Igloo,C,,4537,1342,OP10-018_r1,,r1,R1,official-cardlist,PRB02/reprint/OP10-018_r1.png,https://en.onepiece-cardgame.com/images/cardlist/card/OP10-018_r1.png?260305,,,,,,,,,,,,,,,,,,,,,,,,OP10-018_r1,0,0,0,0,1,0,missing_printing_market_map
1343,OP10-019,Divine Departure,R,,4540,1343,OP10-019::alt,,alt,Alt,local-catalog,thumbs/OP10-019alt.webp,,,,,,,,,,,,,,,,,,,,,,,,,OP10-019::alt,0,0,0,0,1,0,missing_printing_market_map
1343,OP10-019,Divine Departure,R,,4541,1343,OP10-019_p1,,parallel_1,Parallel 1,official-cardlist,OP10/parallel/OP10-019_p1.png,https://en.onepiece-cardgame.com/images/cardlist/card/OP10-019_p1.png?260305,,,,,,,,,,,,,,,,,,,,,,,,OP10-019_p1,0,0,0,0,1,0,missing_printing_market_map
1346,OP10-022,Trafalgar Law,L,,4548,1346,OP10-022::alt,,alt,Alt,local-catalog,thumbs/OP10-022alt.webp,,,,,,,,,,,,,,,,,,,,,,,,,OP10-022::alt,0,0,0,0,1,0,missing_printing_market_map
1346,OP10-022,Trafalgar Law,L,,4549,1346,OP10-022_p1,,parallel_1,Parallel 1,official-cardlist,OP10/parallel/OP10-022_p1.png,https://en.onepiece-cardgame.com/images/cardlist/card/OP10-022_p1.png?260305,,,,,,,,,,,,,,,,,,,,,,,,OP10-022_p1,0,0,0,0,1,0,missing_printing_market_map
1352,OP10-028,Kouzuki Momonosuke,UC,,4562,1352,OP10-028_p1,,parallel_1,Parallel 1,official-cardlist,BCV4/parallel/OP10-028_p1.png,https://en.onepiece-cardgame.com/images/cardlist/card/OP10-028_p1.png?260305,,,,,,,,,,,,,,,,,,,,,,,,OP10-028_p1,0,0,0,0,1,0,missing_printing_market_map
1354,OP10-030,Smoker,SP CARD,,4567,1354,OP10-030::alt,,alt,Alt,local-catalog,thumbs/OP10-030alt.webp,,,,,,,,,,,,,,,,,,,,,,,,,OP10-030::alt,0,0,0,0,1,0,missing_printing_market_map
1354,OP10-030,Smoker,SP CARD,,4568,1354,OP10-030_p1,,parallel_1,Parallel 1,official-cardlist,OP10/parallel/OP10-030_p1.png,https://en.onepiece-cardgame.com/images/cardlist/card/OP10-030_p1.png?260305,,,,,,,,,,,,,,,,,,,,,,,,OP10-030_p1,0,0,0,0,1,0,missing_printing_market_map
1354,OP10-030,Smoker,SP CARD,,4569,1354,OP10-030_p2,,parallel_2,Parallel 2,official-cardlist,OP13/parallel/OP10-030_p2.png,https://en.onepiece-cardgame.com/images/cardlist/card/OP10-030_p2.png?260305,,,,,,,,,,,,,,,,,,,,,,,,OP10-030_p2,0,0,0,0,1,0,missing_printing_market_map
1354,OP10-030,Smoker,SP CARD,,4570,1354,OP10-030::sp,,sp,SP,local-catalog,thumbs/OP10-030(SP).webp,,,,,,,,,,,,,,,,,,,,,,,,,OP10-030::sp,0,0,0,0,1,0,missing_printing_market_map
1354,OP10-030,Smoker,SP CARD,,4571,1354,OP10-030::sp1,,sp,SP1,local-catalog,thumbs/OP10-030(SP1).webp,,,,,,,,,,,,,,,,,,,,,,,,,OP10-030::sp1,0,0,0,0,1,0,missing_printing_market_map
1354,OP10-030,Smoker,SP CARD,,4572,1354,OP10-030::sp2,,sp,SP2,local-catalog,thumbs/OP10-030(SP2).webp,,,,,,,,,,,,,,,,,,,,,,,,,OP10-030::sp2,0,0,0,0,1,0,missing_printing_market_map
1356,OP10-032,Tashigi,SR,,4577,1356,OP10-032::alt,,alt,Alt,local-catalog,thumbs/OP10-032alt.webp,,,,,,,,,,,,,,,,,,,,,,,,,OP10-032::alt,0,0,0,0,1,0,missing_printing_market_map
1356,OP10-032,Tashigi,SR,,4578,1356,OP10-032_p1,,parallel_1,Parallel 1,official-cardlist,OP10/parallel/OP10-032_p1.png,https://en.onepiece-cardgame.com/images/cardlist/card/OP10-032_p1.png?260305,,,,,,,,,,,,,,,,,,,,,,,,OP10-032_p1,0,0,0,0,1,0,missing_printing_market_map
1356,OP10-032,Tashigi,SR,,4579,1356,OP10-032_r1,,r1,R1,official-cardlist,PRB02/reprint/OP10-032_r1.png,https://en.onepiece-cardgame.com/images/cardlist/card/OP10-032_r1.png?260305,,,,,,,,,,,,,,,,,,,,,,,,OP10-032_r1,0,0,0,0,1,0,missing_printing_market_map
1357,OP10-033,Nami,UC,,4582,1357,OP10-033_p1,,parallel_1,Parallel 1,official-cardlist,CS2526TP1/parallel/OP10-033_p1.png,https://en.onepiece-cardgame.com/images/cardlist/card/OP10-033_p1.png?260305,,,,,,,,,,,,,,,,,,,,,,,,OP10-033_p1,0,0,0,0,1,0,missing_printing_market_map
1357,OP10-033,Nami,UC,,4583,1357,OP10-033_p2,,parallel_2,Parallel 2,official-cardlist,_unclassified/parallel/OP10-033_p2.png,https://en.onepiece-cardgame.com/images/cardlist/card/OP10-033_p2.png?260305,,,,,,,,,,,,,,,,,,,,,,,,OP10-033_p2,0,0,0,0,1,0,missing_printing_market_map
1361,OP10-037,Lim,R,,4592,1361,OP10-037::alt,,alt,Alt,local-catalog,thumbs/OP10-037alt.webp,,,,,,,,,,,,,,,,,,,,,,,,,OP10-037::alt,0,0,0,0,1,0,missing_printing_market_map
1361,OP10-037,Lim,R,,4593,1361,OP10-037_p1,,parallel_1,Parallel 1,official-cardlist,OP10/parallel/OP10-037_p1.png,https://en.onepiece-cardgame.com/images/cardlist/card/OP10-037_p1.png?260305,,,,,,,,,,,,,,,,,,,,,,,,OP10-037_p1,0,0,0,0,1,0,missing_printing_market_map
1366,OP10-042,Usopp,L,,4604,1366,OP10-042::alt,,alt,Alt,local-catalog,thumbs/OP10-042alt.webp,,,,,,,,,,,,,,,,,,,,,,,,,OP10-042::alt,0,0,0,0,1,0,missing_printing_market_map
1366,OP10-042,Usopp,L,,4605,1366,OP10-042_p1,,parallel_1,Parallel 1,official-cardlist,OP10/parallel/OP10-042_p1.png,https://en.onepiece-cardgame.com/images/cardlist/card/OP10-042_p1.png?260305,,,,,,,,,,,,,,,,,,,,,,,,OP10-042_p1,0,0,0,0,1,0,missing_printing_market_map
1366,OP10-042,Usopp,L,,4606,1366,OP10-042_p2,,parallel_2,Parallel 2,official-cardlist,_unclassified/parallel/OP10-042_p2.png,https://en.onepiece-cardgame.com/images/cardlist/card/OP10-042_p2.png?260305,,,,,,,,,,,,,,,,,,,,,,,,OP10-042_p2,0,0,0,0,1,0,missing_printing_market_map
1369,OP10-045,Cavendish,R,,4613,1369,OP10-045::alt,,alt,Alt,local-catalog,thumbs/OP10-045alt.webp,,,,,,,,,,,,,,,,,,,,,,,,,OP10-045::alt,0,0,0,0,1,0,missing_printing_market_map
1369,OP10-045,Cavendish,R,,4614,1369,OP10-045_p1,,parallel_1,Parallel 1,official-cardlist,OP10/parallel/OP10-045_p1.png,https://en.onepiece-cardgame.com/images/cardlist/card/OP10-045_p1.png?260305,,,,,,,,,,,,,,,,,,,,,,,,OP10-045_p1,0,0,0,0,1,0,missing_printing_market_map
1370,OP10-046,Kyros,SR,,4617,1370,OP10-046::alt,,alt,Alt,local-catalog,thumbs/OP10-046alt.webp,,,,,,,,,,,,,,,,,,,,,,,,,OP10-046::alt,0,0,0,0,1,0,missing_printing_market_map
1370,OP10-046,Kyros,SR,,4618,1370,OP10-046_p1,,parallel_1,Parallel 1,official-cardlist,OP10/parallel/OP10-046_p1.png,https://en.onepiece-cardgame.com/images/cardlist/card/OP10-046_p1.png?260305,,,,,,,,,,,,,,,,,,,,,,,,OP10-046_p1,0,0,0,0,1,0,missing_printing_market_map
1370,OP10-046,Kyros,SR,,4619,1370,OP10-046_r1,,r1,R1,official-cardlist,PRB02/reprint/OP10-046_r1.png,https://en.onepiece-cardgame.com/images/cardlist/card/OP10-046_r1.png?260305,,,,,,,,,,,,,,,,,,,,,,,,OP10-046_r1,0,0,0,0,1,0,missing_printing_market_map
1373,OP10-049,Sabo,R,,4626,1373,OP10-049_p1,,parallel_1,Parallel 1,official-cardlist,BCV4/parallel/OP10-049_p1.png,https://en.onepiece-cardgame.com/images/cardlist/card/OP10-049_p1.png?260305,,,,,,,,,,,,,,,,,,,,,,,,OP10-049_p1,0,0,0,0,1,0,missing_printing_market_map
1382,OP10-058,Rebecca,SR,,4645,1382,OP10-058::alt,,alt,Alt,local-catalog,thumbs/OP10-058alt.webp,,,,,,,,,,,,,,,,,,,,,,,,,OP10-058::alt,0,0,0,0,1,0,missing_printing_market_map
1382,OP10-058,Rebecca,SR,,4646,1382,OP10-058_p1,,parallel_1,Parallel 1,official-cardlist,OP10/parallel/OP10-058_p1.png,https://en.onepiece-cardgame.com/images/cardlist/card/OP10-058_p1.png?260305,,,,,,,,,,,,,,,,,,,,,,,,OP10-058_p1,0,0,0,0,1,0,missing_printing_market_map
1387,OP10-063,Vinsmoke Sanji,TR,,4657,1387,OP10-063_p1,,parallel_1,Parallel 1,official-cardlist,OP12/parallel/OP10-063_p1.png,https://en.onepiece-cardgame.com/images/cardlist/card/OP10-063_p1.png?260305,,,,,,,,,,,,,,,,,,,,,,,,OP10-063_p1,0,0,0,0,1,0,missing_printing_market_map
1389,OP10-065,Sugar,SP CARD,,4662,1389,OP10-065_p1,,parallel_1,Parallel 1,official-cardlist,EB04/parallel/OP10-065_p1.png,https://en.onepiece-cardgame.com/images/cardlist/card/OP10-065_p1.png?260305,,,,,,,,,,,,,,,,,,,,,,,,OP10-065_p1,0,0,0,0,1,0,missing_printing_market_map
1389,OP10-065,Sugar,SP CARD,,4663,1389,OP10-065::sp,,sp,SP,local-catalog,thumbs/OP10-065(SP).webp,,,,,,,,,,,,,,,,,,,,,,,,,OP10-065::sp,0,0,0,0,1,0,missing_printing_market_map
1391,OP10-067,Senor Pink,R,,4668,1391,OP10-067::alt,,alt,Alt,local-catalog,thumbs/OP10-067alt.webp,,,,,,,,,,,,,,,,,,,,,,,,,OP10-067::alt,0,0,0,0,1,0,missing_printing_market_map
1391,OP10-067,Senor Pink,R,,4669,1391,OP10-067_p1,,parallel_1,Parallel 1,official-cardlist,OP10/parallel/OP10-067_p1.png,https://en.onepiece-cardgame.com/images/cardlist/card/OP10-067_p1.png?260305,,,,,,,,,,,,,,,,,,,,,,,,OP10-067_p1,0,0,0,0,1,0,missing_printing_market_map
1395,OP10-071,Donquixote Doflamingo,SR,,4678,1395,OP10-071::alt,,alt,Alt,local-catalog,thumbs/OP10-071alt.webp,,,,,,,,,,,,,,,,,,,,,,,,,OP10-071::alt,0,0,0,0,1,0,missing_printing_market_map
1395,OP10-071,Donquixote Doflamingo,SR,,4679,1395,OP10-071_p1,,parallel_1,Parallel 1,official-cardlist,OP10/parallel/OP10-071_p1.png,https://en.onepiece-cardgame.com/images/cardlist/card/OP10-071_p1.png?260305,,,,,,,,,,,,,,,,,,,,,,,,OP10-071_p1,0,0,0,0,1,0,missing_printing_market_map
1396,OP10-072,Donquixote Rosinante,SR,,4682,1396,OP10-072::alt,,alt,Alt,local-catalog,thumbs/OP10-072alt.webp,,,,,,,,,,,,,,,,,,,,,,,,,OP10-072::alt,0,0,0,0,1,0,missing_printing_market_map
1396,OP10-072,Donquixote Rosinante,SR,,4683,1396,OP10-072_p1,,parallel_1,Parallel 1,official-cardlist,OP10/parallel/OP10-072_p1.png,https://en.onepiece-cardgame.com/images/cardlist/card/OP10-072_p1.png?260305,,,,,,,,,,,,,,,,,,,,,,,,OP10-072_p1,0,0,0,0,1,0,missing_printing_market_map
1403,OP10-079,God Thread,UC,,4698,1403,OP10-079_p1,,parallel_1,Parallel 1,official-cardlist,PRB02/parallel/OP10-079_p1.png,https://en.onepiece-cardgame.com/images/cardlist/card/OP10-079_p1.png?260305,,,,,,,,,,,,,,,,,,,,,,,,OP10-079_p1,0,0,0,0,1,0,missing_printing_market_map
1403,OP10-079,God Thread,UC,,4699,1403,OP10-079_r1,,r1,R1,official-cardlist,PRB02/reprint/OP10-079_r1.png,https://en.onepiece-cardgame.com/images/cardlist/card/OP10-079_r1.png?260305,,,,,,,,,,,,,,,,,,,,,,,,OP10-079_r1,0,0,0,0,1,0,missing_printing_market_map
1406,OP10-082,Kuzan,SP CARD,,4706,1406,OP10-082::alt,,alt,Alt,local-catalog,thumbs/OP10-082alt.webp,,,,,,,,,,,,,,,,,,,,,,,,,OP10-082::alt,0,0,0,0,1,0,missing_printing_market_map
1406,OP10-082,Kuzan,SP CARD,,4707,1406,OP10-082_p1,,parallel_1,Parallel 1,official-cardlist,OP10/parallel/OP10-082_p1.png,https://en.onepiece-cardgame.com/images/cardlist/card/OP10-082_p1.png?260305,,,,,,,,,,,,,,,,,,,,,,,,OP10-082_p1,0,0,0,0,1,0,missing_printing_market_map
1406,OP10-082,Kuzan,SP CARD,,4708,1406,OP10-082_p2,,parallel_2,Parallel 2,official-cardlist,OP12/parallel/OP10-082_p2.png,https://en.onepiece-cardgame.com/images/cardlist/card/OP10-082_p2.png?260305,,,,,,,,,,,,,,,,,,,,,,,,OP10-082_p2,0,0,0,0,1,0,missing_printing_market_map
1406,OP10-082,Kuzan,SP CARD,,4709,1406,OP10-082::sp,,sp,SP,local-catalog,thumbs/OP10-082(SP).webp,,,,,,,,,,,,,,,,,,,,,,,,,OP10-082::sp,0,0,0,0,1,0,missing_printing_market_map
1408,OP10-084,Sanjuan.Wolf,C,,4714,1408,OP10-084_r1,,r1,R1,official-cardlist,ST27/reprint/OP10-084_r1.png,https://en.onepiece-cardgame.com/images/cardlist/card/OP10-084_r1.png?260305,,,,,,,,,,,,,,,,,,,,,,,,OP10-084_r1,0,0,0,0,1,0,missing_printing_market_map
1414,OP10-090,Franky,R,,4727,1414,OP10-090::alt,,alt,Alt,local-catalog,thumbs/OP10-090alt.webp,,,,,,,,,,,,,,,,,,,,,,,,,OP10-090::alt,0,0,0,0,1,0,missing_printing_market_map
1414,OP10-090,Franky,R,,4728,1414,OP10-090_p1,,parallel_1,Parallel 1,official-cardlist,OP10/parallel/OP10-090_p1.png,https://en.onepiece-cardgame.com/images/cardlist/card/OP10-090_p1.png?260305,,,,,,,,,,,,,,,,,,,,,,,,OP10-090_p1,0,0,0,0,1,0,missing_printing_market_map
1416,OP10-092,Perona,C,,4733,1416,OP10-092_p1,,parallel_1,Parallel 1,official-cardlist,CS2526TP1/parallel/OP10-092_p1.png,https://en.onepiece-cardgame.com/images/cardlist/card/OP10-092_p1.png?260305,,,,,,,,,,,,,,,,,,,,,,,,OP10-092_p1,0,0,0,0,1,0,missing_printing_market_map
1416,OP10-092,Perona,C,,4734,1416,OP10-092_p2,,parallel_2,Parallel 2,official-cardlist,_unclassified/parallel/OP10-092_p2.png,https://en.onepiece-cardgame.com/images/cardlist/card/OP10-092_p2.png?260305,,,,,,,,,,,,,,,,,,,,,,,,OP10-092_p2,0,0,0,0,1,0,missing_printing_market_map
1416,OP10-092,Perona,C,,4735,1416,OP10-092_p3,,parallel_3,Parallel 3,official-cardlist,BCV4/parallel/OP10-092_p3.png,https://en.onepiece-cardgame.com/images/cardlist/card/OP10-092_p3.png?260305,,,,,,,,,,,,,,,,,,,,,,,,OP10-092_p3,0,0,0,0,1,0,missing_printing_market_map
1419,OP10-095,Roronoa Zoro,R,,4742,1419,OP10-095_p1,,parallel_1,Parallel 1,official-cardlist,PRB02/parallel/OP10-095_p1.png,https://en.onepiece-cardgame.com/images/cardlist/card/OP10-095_p1.png?260305,,,,,,,,,,,,,,,,,,,,,,,,OP10-095_p1,0,0,0,0,1,0,missing_printing_market_map
1419,OP10-095,Roronoa Zoro,R,,4743,1419,OP10-095::prb02,,alt,Prb02,local-catalog,thumbs/OP10-095(PRB02).webp,,,,,,,,,,,,,,,,,,,,,,,,,OP10-095::prb02,0,0,0,0,1,0,missing_printing_market_map
1419,OP10-095,Roronoa Zoro,R,,4744,1419,OP10-095_r1,,r1,R1,official-cardlist,PRB02/reprint/OP10-095_r1.png,https://en.onepiece-cardgame.com/images/cardlist/card/OP10-095_r1.png?260305,,,,,,,,,,,,,,,,,,,,,,,,OP10-095_r1,0,0,0,0,1,0,missing_printing_market_map
1423,OP10-099,"Eustass""Captain""Kid",L,,4753,1423,OP10-099::alt,,alt,Alt,local-catalog,thumbs/OP10-099alt.webp,,,,,,,,,,,,,,,,,,,,,,,,,OP10-099::alt,0,0,0,0,1,0,missing_printing_market_map
1423,OP10-099,"Eustass""Captain""Kid",L,,4754,1423,OP10-099_p1,,parallel_1,Parallel 1,official-cardlist,OP10/parallel/OP10-099_p1.png,https://en.onepiece-cardgame.com/images/cardlist/card/OP10-099_p1.png?260305,,,,,,,,,,,,,,,,,,,,,,,,OP10-099_p1,0,0,0,0,1,0,missing_printing_market_map
1429,OP10-105,Cavendish,C,,4767,1429,OP10-105_p1,,parallel_1,Parallel 1,official-cardlist,PRB02/parallel/OP10-105_p1.png,https://en.onepiece-cardgame.com/images/cardlist/card/OP10-105_p1.png?260305,,,,,,,,,,,,,,,,,,,,,,,,OP10-105_p1,0,0,0,0,1,0,missing_printing_market_map
1429,OP10-105,Cavendish,C,,4768,1429,OP10-105_r1,,r1,R1,official-cardlist,PRB02/reprint/OP10-105_r1.png,https://en.onepiece-cardgame.com/images/cardlist/card/OP10-105_r1.png?260305,,,,,,,,,,,,,,,,,,,,,,,,OP10-105_r1,0,0,0,0,1,0,missing_printing_market_map
1431,OP10-107,Jewelry Bonney,UC,,4773,1431,OP10-107_p1,,parallel_1,Parallel 1,official-cardlist,CS2526TP2/parallel/OP10-107_p1.png,https://en.onepiece-cardgame.com/images/cardlist/card/OP10-107_p1.png?260305,,,,,,,,,,,,,,,,,,,,,,,,OP10-107_p1,0,0,0,0,1,0,missing_printing_market_map
1431,OP10-107,Jewelry Bonney,UC,,4774,1431,OP10-107_p2,,parallel_2,Parallel 2,official-cardlist,_unclassified/parallel/OP10-107_p2.png,https://en.onepiece-cardgame.com/images/cardlist/card/OP10-107_p2.png?260305,,,,,,,,,,,,,,,,,,,,,,,,OP10-107_p2,0,0,0,0,1,0,missing_printing_market_map
1431,OP10-107,Jewelry Bonney,UC,,4775,1431,OP10-107_p3,,parallel_3,Parallel 3,official-cardlist,_unclassified/parallel/OP10-107_p3.png,https://en.onepiece-cardgame.com/images/cardlist/card/OP10-107_p3.png?260305,,,,,,,,,,,,,,,,,,,,,,,,OP10-107_p3,0,0,0,0,1,0,missing_printing_market_map
1432,OP10-108,Scratchmen Apoo,C,,4778,1432,OP10-108_p1,,parallel_1,Parallel 1,official-cardlist,PRB02/parallel/OP10-108_p1.png,https://en.onepiece-cardgame.com/images/cardlist/card/OP10-108_p1.png?260305,,,,,,,,,,,,,,,,,,,,,,,,OP10-108_p1,0,0,0,0,1,0,missing_printing_market_map
1432,OP10-108,Scratchmen Apoo,C,,4779,1432,OP10-108_r1,,r1,R1,official-cardlist,PRB02/reprint/OP10-108_r1.png,https://en.onepiece-cardgame.com/images/cardlist/card/OP10-108_r1.png?260305,,,,,,,,,,,,,,,,,,,,,,,,OP10-108_r1,0,0,0,0,1,0,missing_printing_market_map
1433,OP10-109,Basil Hawkins,R,,4782,1433,OP10-109_p1,,parallel_1,Parallel 1,official-cardlist,PRB02/parallel/OP10-109_p1.png,https://en.onepiece-cardgame.com/images/cardlist/card/OP10-109_p1.png?260305,,,,,,,,,,,,,,,,,,,,,,,,OP10-109_p1,0,0,0,0,1,0,missing_printing_market_map
1433,OP10-109,Basil Hawkins,R,,4783,1433,OP10-109::prb02,,alt,Prb02,local-catalog,thumbs/OP10-109(PRB02).webp,,,,,,,,,,,,,,,,,,,,,,,,,OP10-109::prb02,0,0,0,0,1,0,missing_printing_market_map
1433,OP10-109,Basil Hawkins,R,,4784,1433,OP10-109_r1,,r1,R1,official-cardlist,PRB02/reprint/OP10-109_r1.png,https://en.onepiece-cardgame.com/images/cardlist/card/OP10-109_r1.png?260305,,,,,,,,,,,,,,,,,,,,,,,,OP10-109_r1,0,0,0,0,1,0,missing_printing_market_map
1435,OP10-111,Monkey.D.Luffy,R,,4789,1435,OP10-111::alt,,alt,Alt,local-catalog,thumbs/OP10-111alt.webp,,,,,,,,,,,,,,,,,,,,,,,,,OP10-111::alt,0,0,0,0,1,0,missing_printing_market_map
1435,OP10-111,Monkey.D.Luffy,R,,4790,1435,OP10-111_p1,,parallel_1,Parallel 1,official-cardlist,OP10/parallel/OP10-111_p1.png,https://en.onepiece-cardgame.com/images/cardlist/card/OP10-111_p1.png?260305,,,,,,,,,,,,,,,,,,,,,,,,OP10-111_p1,0,0,0,0,1,0,missing_printing_market_map
1436,OP10-112,"Eustass""Captain""Kid",SR,,4793,1436,OP10-112::alt,,alt,Alt,local-catalog,thumbs/OP10-112alt.webp,,,,,,,,,,,,,,,,,,,,,,,,,OP10-112::alt,0,0,0,0,1,0,missing_printing_market_map
1436,OP10-112,"Eustass""Captain""Kid",SR,,4794,1436,OP10-112_p1,,parallel_1,Parallel 1,official-cardlist,OP10/parallel/OP10-112_p1.png,https://en.onepiece-cardgame.com/images/cardlist/card/OP10-112_p1.png?260305,,,,,,,,,,,,,,,,,,,,,,,,OP10-112_p1,0,0,0,0,1,0,missing_printing_market_map
1436,OP10-112,"Eustass""Captain""Kid",SR,,4795,1436,OP10-112_r1,,r1,R1,official-cardlist,PRB02/reprint/OP10-112_r1.png,https://en.onepiece-cardgame.com/images/cardlist/card/OP10-112_r1.png?260305,,,,,,,,,,,,,,,,,,,,,,,,OP10-112_r1,0,0,0,0,1,0,missing_printing_market_map
1438,OP10-114,X.Drake,UC,,4800,1438,OP10-114_p1,,parallel_1,Parallel 1,official-cardlist,PRB02/parallel/OP10-114_p1.png,https://en.onepiece-cardgame.com/images/cardlist/card/OP10-114_p1.png?260305,,,,,,,,,,,,,,,,,,,,,,,,OP10-114_p1,0,0,0,0,1,0,missing_printing_market_map
1438,OP10-114,X.Drake,UC,,4801,1438,OP10-114_p2,,parallel_2,Parallel 2,official-cardlist,PRB02/parallel/OP10-114_p2.png,https://en.onepiece-cardgame.com/images/cardlist/card/OP10-114_p2.png?260305,,,,,,,,,,,,,,,,,,,,,,,,OP10-114_p2,0,0,0,0,1,0,missing_printing_market_map
1438,OP10-114,X.Drake,UC,,4802,1438,OP10-114::prb02,,alt,Prb02,local-catalog,thumbs/OP10-114(PRB02).webp,,,,,,,,,,,,,,,,,,,,,,,,,OP10-114::prb02,0,0,0,0,1,0,missing_printing_market_map
1438,OP10-114,X.Drake,UC,,4803,1438,OP10-114_r1,,r1,R1,official-cardlist,PRB02/reprint/OP10-114_r1.png,https://en.onepiece-cardgame.com/images/cardlist/card/OP10-114_r1.png?260305,,,,,,,,,,,,,,,,,,,,,,,,OP10-114_r1,0,0,0,0,1,0,missing_printing_market_map
1442,OP10-118,Monkey.D.Luffy,SEC,,4812,1442,OP10-118::alt,,alt,Alt,local-catalog,thumbs/OP10-118alt.webp,,,,,,,,,,,,,,,,,,,,,,,,,OP10-118::alt,0,0,0,0,1,0,missing_printing_market_map
1442,OP10-118,Monkey.D.Luffy,SEC,,4813,1442,OP10-118_p1,,parallel_1,Parallel 1,official-cardlist,OP10/parallel/OP10-118_p1.png,https://en.onepiece-cardgame.com/images/cardlist/card/OP10-118_p1.png?260305,,,,,,,,,,,,,,,,,,,,,,,,OP10-118_p1,0,0,0,0,1,0,missing_printing_market_map
1443,OP10-119,Trafalgar Law,SEC,,4816,1443,OP10-119::alt,,alt,Alt,local-catalog,thumbs/OP10-119alt.webp,,,,,,,,,,,,,,,,,,,,,,,,,OP10-119::alt,0,0,0,0,1,0,missing_printing_market_map
1443,OP10-119,Trafalgar Law,SEC,,4817,1443,OP10-119::manga alt,,mr,Manga Alt,local-catalog,thumbs/OP10-119 manga alt.webp,,,,,,,,,,,,,,,,,,,,,,,,,OP10-119::manga alt,0,0,0,0,1,0,missing_printing_market_map
1443,OP10-119,Trafalgar Law,SEC,,4818,1443,OP10-119_p1,,parallel_1,Parallel 1,official-cardlist,OP10/parallel/OP10-119_p1.png,https://en.onepiece-cardgame.com/images/cardlist/card/OP10-119_p1.png?260305,,,,,,,,,,,,,,,,,,,,,,,,OP10-119_p1,0,0,0,0,1,0,missing_printing_market_map
1443,OP10-119,Trafalgar Law,SEC,,4819,1443,OP10-119_p2,,parallel_2,Parallel 2,official-cardlist,OP10/parallel/OP10-119_p2.png,https://en.onepiece-cardgame.com/images/cardlist/card/OP10-119_p2.png?260305,,,,,,,,,,,,,,,,,,,,,,,,OP10-119_p2,0,0,0,0,1,0,missing_printing_market_map
1443,OP10-119,Trafalgar Law,SEC,,4820,1443,OP10-119_p3,,parallel_3,Parallel 3,official-cardlist,PRB02/parallel/OP10-119_p3.png,https://en.onepiece-cardgame.com/images/cardlist/card/OP10-119_p3.png?260305,,,,,,,,,,,,,,,,,,,,,,,,OP10-119_p3,0,0,0,0,1,0,missing_printing_market_map
1443,OP10-119,Trafalgar Law,SEC,,4821,1443,OP10-119::prb02,,alt,Prb02,local-catalog,thumbs/OP10-119(PRB02).webp,,,,,,,,,,,,,,,,,,,,,,,,,OP10-119::prb02,0,0,0,0,1,0,missing_printing_market_map
1443,OP10-119,Trafalgar Law,SEC,,4822,1443,OP10-119_r1,,r1,R1,official-cardlist,PRB02/reprint/OP10-119_r1.png,https://en.onepiece-cardgame.com/images/cardlist/card/OP10-119_r1.png?260305,,,,,,,,,,,,,,,,,,,,,,,,OP10-119_r1,0,0,0,0,1,0,missing_printing_market_map
1444,OP11-001,Koby,L,,4825,1444,OP11-001::alt,,alt,Alt,local-catalog,thumbs/OP11-001(Alt).webp,,,,,,,,,,,,,,,,,,,,,,,,,OP11-001::alt,0,0,0,0,1,0,missing_printing_market_map
1444,OP11-001,Koby,L,,4826,1444,OP11-001_p1,,parallel_1,Parallel 1,official-cardlist,OP11/parallel/OP11-001_p1.png,https://en.onepiece-cardgame.com/images/cardlist/card/OP11-001_p1.png?260305,,,,,,,,,,,,,,,,,,,,,,,,OP11-001_p1,0,0,0,0,1,0,missing_printing_market_map
1447,OP11-004,Kujyaku,SR,,4833,1447,OP11-004::alt,,alt,Alt,local-catalog,thumbs/OP11-004(Alt).webp,,,,,,,,,,,,,,,,,,,,,,,,,OP11-004::alt,0,0,0,0,1,0,missing_printing_market_map
1447,OP11-004,Kujyaku,SR,,4834,1447,OP11-004_p1,,parallel_1,Parallel 1,official-cardlist,OP11/parallel/OP11-004_p1.png,https://en.onepiece-cardgame.com/images/cardlist/card/OP11-004_p1.png?260305,,,,,,,,,,,,,,,,,,,,,,,,OP11-004_p1,0,0,0,0,1,0,missing_printing_market_map
1447,OP11-004,Kujyaku,SR,,4835,1447,OP11-004_p2,,parallel_2,Parallel 2,official-cardlist,_unclassified/parallel/OP11-004_p2.png,https://en.onepiece-cardgame.com/images/cardlist/card/OP11-004_p2.png?260305,,,,,,,,,,,,,,,,,,,,,,,,OP11-004_p2,0,0,0,0,1,0,missing_printing_market_map
1451,OP11-008,Doll,R,,4844,1451,OP11-008::alt,,alt,Alt,local-catalog,thumbs/OP11-008(Alt).webp,,,,,,,,,,,,,,,,,,,,,,,,,OP11-008::alt,0,0,0,0,1,0,missing_printing_market_map
1451,OP11-008,Doll,R,,4845,1451,OP11-008_p1,,parallel_1,Parallel 1,official-cardlist,OP11/parallel/OP11-008_p1.png,https://en.onepiece-cardgame.com/images/cardlist/card/OP11-008_p1.png?260305,,,,,,,,,,,,,,,,,,,,,,,,OP11-008_p1,0,0,0,0,1,0,missing_printing_market_map
1453,OP11-010,Hibari,SR,,4850,1453,OP11-010::alt,,alt,Alt,local-catalog,thumbs/OP11-010(Alt).webp,,,,,,,,,,,,,,,,,,,,,,,,,OP11-010::alt,0,0,0,0,1,0,missing_printing_market_map
1453,OP11-010,Hibari,SR,,4851,1453,OP11-010_p1,,parallel_1,Parallel 1,official-cardlist,OP11/parallel/OP11-010_p1.png,https://en.onepiece-cardgame.com/images/cardlist/card/OP11-010_p1.png?260305,,,,,,,,,,,,,,,,,,,,,,,,OP11-010_p1,0,0,0,0,1,0,missing_printing_market_map
1453,OP11-010,Hibari,SR,,4852,1453,OP11-010_p2,,parallel_2,Parallel 2,official-cardlist,_unclassified/parallel/OP11-010_p2.png,https://en.onepiece-cardgame.com/images/cardlist/card/OP11-010_p2.png?260305,,,,,,,,,,,,,,,,,,,,,,,,OP11-010_p2,0,0,0,0,1,0,missing_printing_market_map
1453,OP11-010,Hibari,SR,,4853,1453,OP11-010::treasurecup,,promo,Treasurecup,local-catalog,thumbs/OP11-010(TreasureCup).webp,,,,,,,,,,,,,,,,,,,,,,,,,OP11-010::treasurecup,0,0,0,0,1,0,missing_printing_market_map
1455,OP11-012,Franky,UC,,4858,1455,OP11-012::promopackvol 8,,promo,Promopackvol 8,local-catalog,thumbs/OP11-012(PromoPackVol.8).webp,,,,,,,,,,,,,,,,,,,,,,,,,OP11-012::promopackvol 8,0,0,0,0,1,0,missing_printing_market_map
1461,OP11-018,Honesty Impact,R,,4871,1461,OP11-018::alt,,alt,Alt,local-catalog,thumbs/OP11-018(Alt).webp,,,,,,,,,,,,,,,,,,,,,,,,,OP11-018::alt,0,0,0,0,1,0,missing_printing_market_map
1461,OP11-018,Honesty Impact,R,,4872,1461,OP11-018_p1,,parallel_1,Parallel 1,official-cardlist,OP11/parallel/OP11-018_p1.png,https://en.onepiece-cardgame.com/images/cardlist/card/OP11-018_p1.png?260305,,,,,,,,,,,,,,,,,,,,,,,,OP11-018_p1,0,0,0,0,1,0,missing_printing_market_map
1464,OP11-021,Jinbe,L,,4879,1464,OP11-021::alt,,alt,Alt,local-catalog,thumbs/OP11-021(Alt).webp,,,,,,,,,,,,,,,,,,,,,,,,,OP11-021::alt,0,0,0,0,1,0,missing_printing_market_map
1464,OP11-021,Jinbe,L,,4880,1464,OP11-021_p1,,parallel_1,Parallel 1,official-cardlist,OP11/parallel/OP11-021_p1.png,https://en.onepiece-cardgame.com/images/cardlist/card/OP11-021_p1.png?260305,,,,,,,,,,,,,,,,,,,,,,,,OP11-021_p1,0,0,0,0,1,0,missing_printing_market_map
1465,OP11-022,Shirahoshi,L,,4883,1465,OP11-022::alt,,alt,Alt,local-catalog,thumbs/OP11-022(Alt).webp,,,,,,,,,,,,,,,,,,,,,,,,,OP11-022::alt,0,0,0,0,1,0,missing_printing_market_map
1465,OP11-022,Shirahoshi,L,,4884,1465,OP11-022_p1,,parallel_1,Parallel 1,official-cardlist,OP11/parallel/OP11-022_p1.png,https://en.onepiece-cardgame.com/images/cardlist/card/OP11-022_p1.png?260305,,,,,,,,,,,,,,,,,,,,,,,,OP11-022_p1,0,0,0,0,1,0,missing_printing_market_map
1466,OP11-023,Arlong,R,,4887,1466,OP11-023::alt,,alt,Alt,local-catalog,thumbs/OP11-023(Alt).webp,,,,,,,,,,,,,,,,,,,,,,,,,OP11-023::alt,0,0,0,0,1,0,missing_printing_market_map
