id,printing_id,market_product_id,mapping_confidence,mapping_method,is_preferred
2167,1,2709,MEDIUM,exact_code_set_fallback,1
2168,1,2710,MEDIUM,exact_code_set_fallback,1
1191,7,1633,HIGH,exact_code_plus_base_flag,1
1192,7,1634,HIGH,exact_code_plus_base_flag,1
1193,7,1635,HIGH,exact_code_plus_base_flag,1
1290,7,1739,HIGH,exact_code_plus_base_flag,1
1294,7,1744,HIGH,exact_code_plus_base_flag,1
1298,7,1748,HIGH,exact_code_plus_base_flag,1
1346,7,1804,HIGH,exact_code_plus_base_flag,1
2171,7,2713,HIGH,exact_code_plus_base_flag,1
4453,7,5235,HIGH,exact_code_plus_base_flag,1
1021,21,1420,HIGH,exact_code_plus_base_flag,1
2175,21,2717,HIGH,exact_code_plus_base_flag,1
2176,21,2718,HIGH,exact_code_plus_base_flag,1
2750,21,3372,HIGH,exact_code_plus_base_flag,1
1270,29,1718,HIGH,exact_code_plus_base_flag,1
4009,34,4784,HIGH,exact_code_plus_base_flag,1
4010,34,4785,HIGH,exact_code_plus_base_flag,1
1022,42,1421,HIGH,exact_code_plus_base_flag,1
2183,42,2725,HIGH,exact_code_plus_base_flag,1
4011,42,4786,HIGH,exact_code_plus_base_flag,1
2185,49,2727,HIGH,exact_code_plus_base_flag,1
1036,53,1439,HIGH,exact_code_plus_base_flag,1
1040,53,1443,HIGH,exact_code_plus_base_flag,1
1239,53,1684,HIGH,exact_code_plus_base_flag,1
1089,57,1516,HIGH,exact_code_plus_base_flag,1
1094,57,1521,HIGH,exact_code_plus_base_flag,1
1240,57,1685,HIGH,exact_code_plus_base_flag,1
3512,57,4198,HIGH,exact_code_plus_base_flag,1
3991,57,4706,HIGH,exact_code_plus_base_flag,1
4012,57,4787,HIGH,exact_code_plus_base_flag,1
4013,71,4788,HIGH,exact_code_plus_base_flag,1
4014,71,4789,HIGH,exact_code_plus_base_flag,1
2194,79,2736,HIGH,exact_code_plus_base_flag,1
3237,79,3908,HIGH,exact_code_plus_base_flag,1
2196,84,2738,HIGH,exact_code_plus_base_flag,1
954,88,1348,HIGH,exact_code_plus_base_flag,1
1214,88,1657,HIGH,exact_code_plus_base_flag,1
4329,88,5111,HIGH,exact_code_plus_base_flag,1
1162,99,1597,HIGH,exact_code_plus_base_flag,1
1163,99,1598,HIGH,exact_code_plus_base_flag,1
2202,99,2744,HIGH,exact_code_plus_base_flag,1
2207,109,2749,HIGH,exact_code_plus_base_flag,1
2211,117,2753,HIGH,exact_code_plus_base_flag,1
4016,127,4791,HIGH,exact_code_plus_base_flag,1
4017,127,4792,HIGH,exact_code_plus_base_flag,1
2218,133,2760,HIGH,exact_code_plus_base_flag,1
3238,133,3909,HIGH,exact_code_plus_base_flag,1
1058,142,1469,HIGH,exact_code_plus_base_flag,1
1118,142,1546,HIGH,exact_code_plus_base_flag,1
1119,142,1548,HIGH,exact_code_plus_base_flag,1
1359,142,1820,HIGH,exact_code_plus_base_flag,1
1406,142,1871,HIGH,exact_code_plus_base_flag,1
1433,142,1910,HIGH,exact_code_plus_base_flag,1
2225,156,2767,HIGH,exact_code_plus_base_flag,1
4018,156,4793,HIGH,exact_code_plus_base_flag,1
1139,163,1570,HIGH,exact_code_plus_base_flag,1
2228,163,2770,HIGH,exact_code_plus_base_flag,1
4020,163,4795,HIGH,exact_code_plus_base_flag,1
1069,169,1480,HIGH,exact_code_plus_base_flag,1
2230,169,2772,HIGH,exact_code_plus_base_flag,1
4021,175,4796,HIGH,exact_code_plus_base_flag,1
4022,175,4797,HIGH,exact_code_plus_base_flag,1
2234,180,2776,HIGH,exact_code_plus_base_flag,1
2239,190,2781,HIGH,exact_code_plus_base_flag,1
3085,190,3751,HIGH,exact_code_plus_base_flag,1
2241,196,2783,HIGH,exact_code_plus_base_flag,1
3488,196,4164,HIGH,exact_code_plus_base_flag,1
4023,196,4798,HIGH,exact_code_plus_base_flag,1
4024,207,4799,HIGH,exact_code_plus_base_flag,1
4025,207,4800,HIGH,exact_code_plus_base_flag,1
2246,211,2788,HIGH,exact_code_plus_base_flag,1
4026,211,4801,HIGH,exact_code_plus_base_flag,1
3242,221,3913,HIGH,exact_code_plus_base_flag,1
1283,229,1732,HIGH,exact_code_plus_base_flag,1
3246,229,3917,HIGH,exact_code_plus_base_flag,1
1189,242,1627,HIGH,exact_code_plus_base_flag,1
1301,242,1753,HIGH,exact_code_plus_base_flag,1
3251,242,3922,HIGH,exact_code_plus_base_flag,1
3253,249,3924,HIGH,exact_code_plus_base_flag,1
3258,259,3929,HIGH,exact_code_plus_base_flag,1
3261,265,3932,HIGH,exact_code_plus_base_flag,1
1171,272,1608,HIGH,exact_code_plus_base_flag,1
1172,272,1609,HIGH,exact_code_plus_base_flag,1
3267,282,3938,HIGH,exact_code_plus_base_flag,1
3272,292,3943,HIGH,exact_code_plus_base_flag,1
4559,292,5353,HIGH,exact_code_plus_base_flag,1
3742,301,4450,HIGH,exact_code_plus_base_flag,1
3282,317,3953,HIGH,exact_code_plus_base_flag,1
3284,321,3955,HIGH,exact_code_plus_base_flag,1
1344,333,1802,HIGH,exact_code_plus_base_flag,1
1378,333,1843,HIGH,exact_code_plus_base_flag,1
3293,341,3964,HIGH,exact_code_plus_base_flag,1
3295,345,3966,HIGH,exact_code_plus_base_flag,1
3299,353,3970,HIGH,exact_code_plus_base_flag,1
3304,363,3975,HIGH,exact_code_plus_base_flag,1
4594,363,5405,HIGH,exact_code_plus_base_flag,1
3307,369,3978,HIGH,exact_code_plus_base_flag,1
1173,375,1610,HIGH,exact_code_plus_base_flag,1
1174,375,1611,HIGH,exact_code_plus_base_flag,1
3310,380,3981,HIGH,exact_code_plus_base_flag,1
3316,392,3987,HIGH,exact_code_plus_base_flag,1
3317,392,3988,HIGH,exact_code_plus_base_flag,1
4005,392,4720,HIGH,exact_code_plus_base_flag,1
4260,392,5035,HIGH,exact_code_plus_base_flag,1
4470,401,5263,HIGH,exact_code_plus_base_flag,1
4473,407,5266,HIGH,exact_code_plus_base_flag,1
4550,407,5343,HIGH,exact_code_plus_base_flag,1
4479,421,5272,HIGH,exact_code_plus_base_flag,1
4485,433,5278,HIGH,exact_code_plus_base_flag,1
4491,445,5284,HIGH,exact_code_plus_base_flag,1
4551,445,5344,HIGH,exact_code_plus_base_flag,1
4498,461,5291,HIGH,exact_code_plus_base_flag,1
4552,461,5345,HIGH,exact_code_plus_base_flag,1
4500,467,5293,HIGH,exact_code_plus_base_flag,1
4502,471,5295,HIGH,exact_code_plus_base_flag,1
4553,471,5346,HIGH,exact_code_plus_base_flag,1
4508,485,5301,HIGH,exact_code_plus_base_flag,1
4554,485,5347,HIGH,exact_code_plus_base_flag,1
4512,495,5305,HIGH,exact_code_plus_base_flag,1
4520,511,5313,HIGH,exact_code_plus_base_flag,1
4522,515,5315,HIGH,exact_code_plus_base_flag,1
4555,515,5348,HIGH,exact_code_plus_base_flag,1
4526,525,5319,HIGH,exact_code_plus_base_flag,1
4556,525,5349,HIGH,exact_code_plus_base_flag,1
4535,545,5328,HIGH,exact_code_plus_base_flag,1
4557,545,5350,HIGH,exact_code_plus_base_flag,1
4538,553,5331,HIGH,exact_code_plus_base_flag,1
4558,553,5351,HIGH,exact_code_plus_base_flag,1
4541,561,5334,HIGH,exact_code_plus_base_flag,1
4546,571,5339,HIGH,exact_code_plus_base_flag,1
4547,571,5340,HIGH,exact_code_plus_base_flag,1
4549,577,5342,HIGH,exact_code_plus_base_flag,1
4309,597,5091,HIGH,exact_code_plus_base_flag,1
4311,601,5093,HIGH,exact_code_plus_base_flag,1
4275,613,5053,HIGH,exact_code_plus_base_flag,1
4278,623,5056,HIGH,exact_code_plus_base_flag,1
4313,632,5095,HIGH,exact_code_plus_base_flag,1
4280,646,5058,HIGH,exact_code_plus_base_flag,1
4314,658,5096,HIGH,exact_code_plus_base_flag,1
4317,664,5099,HIGH,exact_code_plus_base_flag,1
4454,668,5236,HIGH,exact_code_plus_base_flag,1
487,704,814,HIGH,exact_code_plus_base_flag,1
4622,704,328,HIGH,exact_code_plus_base_flag,1
4623,710,329,HIGH,exact_code_plus_base_flag,1
4604,714,310,HIGH,exact_code_plus_base_flag,1
412,718,717,HIGH,exact_code_plus_base_flag,1
506,718,839,HIGH,exact_code_plus_base_flag,1
541,718,877,HIGH,exact_code_plus_base_flag,1
542,718,878,HIGH,exact_code_plus_base_flag,1
859,718,1236,HIGH,exact_code_plus_base_flag,1
508,723,841,HIGH,exact_code_plus_base_flag,1
543,723,880,HIGH,exact_code_plus_base_flag,1
662,723,1009,HIGH,exact_code_plus_base_flag,1
879,723,1258,HIGH,exact_code_plus_base_flag,1
515,731,848,HIGH,exact_code_plus_base_flag,1
575,731,913,HIGH,exact_code_plus_base_flag,1
576,731,914,HIGH,exact_code_plus_base_flag,1
591,731,929,HIGH,exact_code_plus_base_flag,1
609,731,948,HIGH,exact_code_plus_base_flag,1
610,731,949,HIGH,exact_code_plus_base_flag,1
611,731,950,HIGH,exact_code_plus_base_flag,1
733,731,1085,HIGH,exact_code_plus_base_flag,1
2668,731,3261,HIGH,exact_code_plus_base_flag,1
2754,731,3376,HIGH,exact_code_plus_base_flag,1
2877,731,3529,HIGH,exact_code_plus_base_flag,1
2881,731,3533,HIGH,exact_code_plus_base_flag,1
4605,744,311,HIGH,exact_code_plus_base_flag,1
488,756,815,HIGH,exact_code_plus_base_flag,1
507,756,840,HIGH,exact_code_plus_base_flag,1
663,756,1010,HIGH,exact_code_plus_base_flag,1
860,756,1237,HIGH,exact_code_plus_base_flag,1
4635,756,341,HIGH,exact_code_plus_base_flag,1
544,768,881,HIGH,exact_code_plus_base_flag,1
966,773,1360,HIGH,exact_code_plus_base_flag,1
977,773,1372,HIGH,exact_code_plus_base_flag,1
984,773,1379,HIGH,exact_code_plus_base_flag,1
985,773,1380,HIGH,exact_code_plus_base_flag,1
995,773,1390,HIGH,exact_code_plus_base_flag,1
996,773,1391,HIGH,exact_code_plus_base_flag,1
490,777,817,HIGH,exact_code_plus_base_flag,1
656,777,1003,HIGH,exact_code_plus_base_flag,1
716,777,1068,HIGH,exact_code_plus_base_flag,1
861,777,1238,HIGH,exact_code_plus_base_flag,1
1870,777,2387,HIGH,exact_code_plus_base_flag,1
2753,777,3375,HIGH,exact_code_plus_base_flag,1
4639,777,345,HIGH,exact_code_plus_base_flag,1
527,796,861,HIGH,exact_code_plus_base_flag,1
545,796,882,HIGH,exact_code_plus_base_flag,1
866,796,1243,HIGH,exact_code_plus_base_flag,1
463,811,781,HIGH,exact_code_plus_base_flag,1
464,811,782,HIGH,exact_code_plus_base_flag,1
546,811,883,HIGH,exact_code_plus_base_flag,1
661,811,1008,HIGH,exact_code_plus_base_flag,1
678,811,1026,HIGH,exact_code_plus_base_flag,1
494,821,821,HIGH,exact_code_plus_base_flag,1
2661,827,3253,HIGH,exact_code_plus_base_flag,1
4607,827,313,HIGH,exact_code_plus_base_flag,1
629,834,969,HIGH,exact_code_plus_base_flag,1
717,834,1069,HIGH,exact_code_plus_base_flag,1
863,834,1240,HIGH,exact_code_plus_base_flag,1
4609,834,315,HIGH,exact_code_plus_base_flag,1
831,850,1200,HIGH,exact_code_plus_base_flag,1
2755,850,3377,HIGH,exact_code_plus_base_flag,1
2855,850,3507,HIGH,exact_code_plus_base_flag,1
1049,857,1457,HIGH,exact_code_plus_base_flag,1
4652,861,358,HIGH,exact_code_plus_base_flag,1
465,867,783,HIGH,exact_code_plus_base_flag,1
466,867,784,HIGH,exact_code_plus_base_flag,1
679,867,1027,HIGH,exact_code_plus_base_flag,1
883,867,1262,HIGH,exact_code_plus_base_flag,1
2691,867,3296,HIGH,exact_code_plus_base_flag,1
2756,867,3378,HIGH,exact_code_plus_base_flag,1
2757,867,3379,HIGH,exact_code_plus_base_flag,1
4611,878,317,HIGH,exact_code_plus_base_flag,1
517,882,850,HIGH,exact_code_plus_base_flag,1
531,882,865,HIGH,exact_code_plus_base_flag,1
535,882,869,HIGH,exact_code_plus_base_flag,1
680,882,1028,HIGH,exact_code_plus_base_flag,1
884,882,1263,HIGH,exact_code_plus_base_flag,1
2408,882,2957,HIGH,exact_code_plus_base_flag,1
458,896,772,HIGH,exact_code_plus_base_flag,1
694,896,1045,HIGH,exact_code_plus_base_flag,1
695,896,1046,HIGH,exact_code_plus_base_flag,1
696,896,1047,HIGH,exact_code_plus_base_flag,1
786,896,1147,HIGH,exact_code_plus_base_flag,1
4028,896,4803,HIGH,exact_code_plus_base_flag,1
4029,896,4804,HIGH,exact_code_plus_base_flag,1
4661,901,367,HIGH,exact_code_plus_base_flag,1
846,905,1217,HIGH,exact_code_plus_base_flag,1
847,905,1218,HIGH,exact_code_plus_base_flag,1
933,905,1321,HIGH,exact_code_plus_base_flag,1
2692,905,3297,HIGH,exact_code_plus_base_flag,1
2693,905,3298,HIGH,exact_code_plus_base_flag,1
2758,905,3380,HIGH,exact_code_plus_base_flag,1
1751,925,2259,HIGH,exact_code_plus_base_flag,1
2725,925,3337,HIGH,exact_code_plus_base_flag,1
4613,925,319,HIGH,exact_code_plus_base_flag,1
4614,934,320,HIGH,exact_code_plus_base_flag,1
1650,942,2143,HIGH,exact_code_plus_base_flag,1
2724,942,3336,HIGH,exact_code_plus_base_flag,1
4673,942,379,HIGH,exact_code_plus_base_flag,1
556,951,894,HIGH,exact_code_plus_base_flag,1
667,951,1015,HIGH,exact_code_plus_base_flag,1
780,951,1141,HIGH,exact_code_plus_base_flag,1
2759,951,3381,HIGH,exact_code_plus_base_flag,1
2760,951,3382,HIGH,exact_code_plus_base_flag,1
2882,951,3534,HIGH,exact_code_plus_base_flag,1
4031,964,4806,HIGH,exact_code_plus_base_flag,1
4032,964,4807,HIGH,exact_code_plus_base_flag,1
834,970,1203,HIGH,exact_code_plus_base_flag,1
2611,978,3191,HIGH,exact_code_plus_base_flag,1
4683,978,389,HIGH,exact_code_plus_base_flag,1
4684,984,390,HIGH,exact_code_plus_base_flag,1
4686,988,392,HIGH,exact_code_plus_base_flag,1
4616,994,322,HIGH,exact_code_plus_base_flag,1
4691,1002,397,HIGH,exact_code_plus_base_flag,1
894,1010,1273,HIGH,exact_code_plus_base_flag,1
2687,1010,3285,HIGH,exact_code_plus_base_flag,1
2883,1010,3535,HIGH,exact_code_plus_base_flag,1
4695,1010,401,HIGH,exact_code_plus_base_flag,1
519,1023,852,HIGH,exact_code_plus_base_flag,1
2409,1023,2958,HIGH,exact_code_plus_base_flag,1
2612,1023,3192,HIGH,exact_code_plus_base_flag,1
4699,1023,405,HIGH,exact_code_plus_base_flag,1
787,1032,1148,HIGH,exact_code_plus_base_flag,1
597,1036,936,HIGH,exact_code_plus_base_flag,1
908,1036,1289,HIGH,exact_code_plus_base_flag,1
919,1036,1300,HIGH,exact_code_plus_base_flag,1
1096,1036,1524,HIGH,exact_code_plus_base_flag,1
1102,1036,1530,HIGH,exact_code_plus_base_flag,1
4618,1036,324,HIGH,exact_code_plus_base_flag,1
1752,1042,2260,HIGH,exact_code_plus_base_flag,1
2686,1042,3284,HIGH,exact_code_plus_base_flag,1
2884,1042,3536,HIGH,exact_code_plus_base_flag,1
4705,1042,411,HIGH,exact_code_plus_base_flag,1
459,1051,773,HIGH,exact_code_plus_base_flag,1
568,1062,906,HIGH,exact_code_plus_base_flag,1
4719,1077,425,HIGH,exact_code_plus_base_flag,1
460,1083,774,HIGH,exact_code_plus_base_flag,1
4722,1083,428,HIGH,exact_code_plus_base_flag,1
869,1088,1247,HIGH,exact_code_plus_base_flag,1
4723,1088,429,HIGH,exact_code_plus_base_flag,1
4726,1095,432,HIGH,exact_code_plus_base_flag,1
4728,1099,434,HIGH,exact_code_plus_base_flag,1
513,1106,846,HIGH,exact_code_plus_base_flag,1
557,1108,895,HIGH,exact_code_plus_base_flag,1
668,1108,1016,HIGH,exact_code_plus_base_flag,1
712,1108,1063,HIGH,exact_code_plus_base_flag,1
4734,1112,440,HIGH,exact_code_plus_base_flag,1
526,1126,860,HIGH,exact_code_plus_base_flag,1
4620,1129,326,HIGH,exact_code_plus_base_flag,1
697,1141,1048,HIGH,exact_code_plus_base_flag,1
698,1141,1049,HIGH,exact_code_plus_base_flag,1
699,1141,1050,HIGH,exact_code_plus_base_flag,1
999,1141,1396,HIGH,exact_code_plus_base_flag,1
590,1154,928,HIGH,exact_code_plus_base_flag,1
2673,1154,3268,HIGH,exact_code_plus_base_flag,1
2744,1154,3363,HIGH,exact_code_plus_base_flag,1
2885,1154,3537,HIGH,exact_code_plus_base_flag,1
4752,1154,458,HIGH,exact_code_plus_base_flag,1
4753,1154,459,HIGH,exact_code_plus_base_flag,1
857,1165,1234,HIGH,exact_code_plus_base_flag,1
1871,1165,2388,HIGH,exact_code_plus_base_flag,1
2723,1165,3335,HIGH,exact_code_plus_base_flag,1
2923,1165,3575,HIGH,exact_code_plus_base_flag,1
4755,1165,461,HIGH,exact_code_plus_base_flag,1
192,1174,483,HIGH,exact_code_plus_base_flag,1
836,1174,1205,HIGH,exact_code_plus_base_flag,1
2583,1174,3156,HIGH,exact_code_plus_base_flag,1
193,1181,484,HIGH,exact_code_plus_base_flag,1
223,1187,514,HIGH,exact_code_plus_base_flag,1
588,1187,926,HIGH,exact_code_plus_base_flag,1
1750,1187,2258,HIGH,exact_code_plus_base_flag,1
2663,1187,3256,HIGH,exact_code_plus_base_flag,1
2886,1187,3538,HIGH,exact_code_plus_base_flag,1
824,1197,1193,HIGH,exact_code_plus_base_flag,1
4033,1197,4808,HIGH,exact_code_plus_base_flag,1
4034,1197,4809,HIGH,exact_code_plus_base_flag,1
522,1207,856,HIGH,exact_code_plus_base_flag,1
569,1207,907,HIGH,exact_code_plus_base_flag,1
587,1207,925,HIGH,exact_code_plus_base_flag,1
2584,1207,3157,HIGH,exact_code_plus_base_flag,1
190,1211,481,HIGH,exact_code_plus_base_flag,1
224,1221,515,HIGH,exact_code_plus_base_flag,1
228,1221,519,HIGH,exact_code_plus_base_flag,1
1050,1221,1458,HIGH,exact_code_plus_base_flag,1
2415,1221,2975,HIGH,exact_code_plus_base_flag,1
2745,1221,3364,HIGH,exact_code_plus_base_flag,1
732,1234,1084,HIGH,exact_code_plus_base_flag,1
2761,1234,3383,HIGH,exact_code_plus_base_flag,1
2762,1234,3384,HIGH,exact_code_plus_base_flag,1
226,1244,517,HIGH,exact_code_plus_base_flag,1
225,1248,516,HIGH,exact_code_plus_base_flag,1
461,1248,775,HIGH,exact_code_plus_base_flag,1
627,1248,967,HIGH,exact_code_plus_base_flag,1
2585,1248,3158,HIGH,exact_code_plus_base_flag,1
2664,1248,3257,HIGH,exact_code_plus_base_flag,1
2665,1248,3258,HIGH,exact_code_plus_base_flag,1
2763,1248,3385,HIGH,exact_code_plus_base_flag,1
2887,1248,3539,HIGH,exact_code_plus_base_flag,1
2586,1260,3159,HIGH,exact_code_plus_base_flag,1
1009,1267,1406,HIGH,exact_code_plus_base_flag,1
1010,1267,1407,HIGH,exact_code_plus_base_flag,1
195,1275,486,HIGH,exact_code_plus_base_flag,1
194,1279,485,HIGH,exact_code_plus_base_flag,1
200,1291,491,HIGH,exact_code_plus_base_flag,1
205,1295,496,HIGH,exact_code_plus_base_flag,1
525,1304,859,HIGH,exact_code_plus_base_flag,1
1011,1304,1408,HIGH,exact_code_plus_base_flag,1
1012,1304,1409,HIGH,exact_code_plus_base_flag,1
440,1309,748,HIGH,exact_code_plus_base_flag,1
441,1309,749,HIGH,exact_code_plus_base_flag,1
442,1309,750,HIGH,exact_code_plus_base_flag,1
469,1309,795,HIGH,exact_code_plus_base_flag,1
470,1309,796,HIGH,exact_code_plus_base_flag,1
471,1309,797,HIGH,exact_code_plus_base_flag,1
181,1314,472,HIGH,exact_code_plus_base_flag,1
827,1314,1196,HIGH,exact_code_plus_base_flag,1
598,1328,937,HIGH,exact_code_plus_base_flag,1
176,1331,467,HIGH,exact_code_plus_base_flag,1
518,1336,851,HIGH,exact_code_plus_base_flag,1
196,1352,487,HIGH,exact_code_plus_base_flag,1
220,1358,511,HIGH,exact_code_plus_base_flag,1
577,1364,915,HIGH,exact_code_plus_base_flag,1
578,1364,916,HIGH,exact_code_plus_base_flag,1
592,1364,930,HIGH,exact_code_plus_base_flag,1
612,1364,951,HIGH,exact_code_plus_base_flag,1
613,1364,952,HIGH,exact_code_plus_base_flag,1
614,1364,953,HIGH,exact_code_plus_base_flag,1
2613,1367,3193,HIGH,exact_code_plus_base_flag,1
2614,1374,3194,HIGH,exact_code_plus_base_flag,1
221,1377,512,HIGH,exact_code_plus_base_flag,1
206,1381,497,HIGH,exact_code_plus_base_flag,1
497,1381,828,HIGH,exact_code_plus_base_flag,1
654,1381,1001,HIGH,exact_code_plus_base_flag,1
222,1391,513,HIGH,exact_code_plus_base_flag,1
967,1395,1361,HIGH,exact_code_plus_base_flag,1
978,1395,1373,HIGH,exact_code_plus_base_flag,1
983,1395,1378,HIGH,exact_code_plus_base_flag,1
986,1395,1381,HIGH,exact_code_plus_base_flag,1
991,1395,1386,HIGH,exact_code_plus_base_flag,1
992,1395,1387,HIGH,exact_code_plus_base_flag,1
4035,1407,4810,HIGH,exact_code_plus_base_flag,1
4036,1407,4811,HIGH,exact_code_plus_base_flag,1
197,1416,488,HIGH,exact_code_plus_base_flag,1
198,1420,489,HIGH,exact_code_plus_base_flag,1
218,1424,509,HIGH,exact_code_plus_base_flag,1
514,1424,847,HIGH,exact_code_plus_base_flag,1
219,1450,510,HIGH,exact_code_plus_base_flag,1
1753,1450,2261,HIGH,exact_code_plus_base_flag,1
209,1456,500,HIGH,exact_code_plus_base_flag,1
2735,1464,3347,HIGH,exact_code_plus_base_flag,1
2736,1464,3348,HIGH,exact_code_plus_base_flag,1
2856,1464,3508,HIGH,exact_code_plus_base_flag,1
199,1477,490,HIGH,exact_code_plus_base_flag,1
2636,1477,3222,HIGH,exact_code_plus_base_flag,1
203,1486,494,HIGH,exact_code_plus_base_flag,1
563,1486,901,HIGH,exact_code_plus_base_flag,1
2714,1486,3319,HIGH,exact_code_plus_base_flag,1
2715,1486,3320,HIGH,exact_code_plus_base_flag,1
443,1493,751,HIGH,exact_code_plus_base_flag,1
444,1493,752,HIGH,exact_code_plus_base_flag,1
445,1493,753,HIGH,exact_code_plus_base_flag,1
472,1493,798,HIGH,exact_code_plus_base_flag,1
473,1493,799,HIGH,exact_code_plus_base_flag,1
474,1493,800,HIGH,exact_code_plus_base_flag,1
523,1493,857,HIGH,exact_code_plus_base_flag,1
729,1493,1081,HIGH,exact_code_plus_base_flag,1
2637,1493,3223,HIGH,exact_code_plus_base_flag,1
215,1498,506,HIGH,exact_code_plus_base_flag,1
564,1498,902,HIGH,exact_code_plus_base_flag,1
1754,1498,2262,HIGH,exact_code_plus_base_flag,1
2710,1498,3315,HIGH,exact_code_plus_base_flag,1
2889,1498,3541,HIGH,exact_code_plus_base_flag,1
212,1517,503,HIGH,exact_code_plus_base_flag,1
558,1521,896,HIGH,exact_code_plus_base_flag,1
669,1521,1017,HIGH,exact_code_plus_base_flag,1
777,1521,1138,HIGH,exact_code_plus_base_flag,1
825,1521,1194,HIGH,exact_code_plus_base_flag,1
2638,1521,3224,HIGH,exact_code_plus_base_flag,1
2764,1521,3386,HIGH,exact_code_plus_base_flag,1
2765,1521,3387,HIGH,exact_code_plus_base_flag,1
2891,1521,3543,HIGH,exact_code_plus_base_flag,1
213,1535,504,HIGH,exact_code_plus_base_flag,1
524,1535,858,HIGH,exact_code_plus_base_flag,1
599,1535,938,HIGH,exact_code_plus_base_flag,1
2639,1535,3225,HIGH,exact_code_plus_base_flag,1
2640,1541,3226,HIGH,exact_code_plus_base_flag,1
2641,1550,3227,HIGH,exact_code_plus_base_flag,1
202,1553,493,HIGH,exact_code_plus_base_flag,1
562,1553,900,HIGH,exact_code_plus_base_flag,1
2711,1553,3316,HIGH,exact_code_plus_base_flag,1
2892,1553,3544,HIGH,exact_code_plus_base_flag,1
201,1560,492,HIGH,exact_code_plus_base_flag,1
2642,1564,3228,HIGH,exact_code_plus_base_flag,1
832,1567,1201,HIGH,exact_code_plus_base_flag,1
2766,1567,3388,HIGH,exact_code_plus_base_flag,1
2857,1567,3509,HIGH,exact_code_plus_base_flag,1
191,1579,482,HIGH,exact_code_plus_base_flag,1
880,1579,1259,HIGH,exact_code_plus_base_flag,1
1872,1579,2389,HIGH,exact_code_plus_base_flag,1
217,1585,508,HIGH,exact_code_plus_base_flag,1
2767,1585,3389,HIGH,exact_code_plus_base_flag,1
2894,1585,3546,HIGH,exact_code_plus_base_flag,1
555,1592,892,HIGH,exact_code_plus_base_flag,1
1502,1592,1994,HIGH,exact_code_plus_base_flag,1
2410,1600,2959,HIGH,exact_code_plus_base_flag,1
2587,1600,3160,HIGH,exact_code_plus_base_flag,1
2666,1600,3259,HIGH,exact_code_plus_base_flag,1
2667,1600,3260,HIGH,exact_code_plus_base_flag,1
2768,1600,3390,HIGH,exact_code_plus_base_flag,1
2896,1600,3548,HIGH,exact_code_plus_base_flag,1
1856,1614,2365,HIGH,exact_code_plus_base_flag,1
2588,1614,3161,HIGH,exact_code_plus_base_flag,1
2589,1618,3162,HIGH,exact_code_plus_base_flag,1
600,1621,939,HIGH,exact_code_plus_base_flag,1
2161,1621,2695,HIGH,exact_code_plus_base_flag,1
4039,1621,4814,HIGH,exact_code_plus_base_flag,1
4040,1621,4815,HIGH,exact_code_plus_base_flag,1
2590,1630,3163,HIGH,exact_code_plus_base_flag,1
589,1637,927,HIGH,exact_code_plus_base_flag,1
731,1637,1083,HIGH,exact_code_plus_base_flag,1
1518,1637,2011,HIGH,exact_code_plus_base_flag,1
601,1648,940,HIGH,exact_code_plus_base_flag,1
1520,1652,2013,HIGH,exact_code_plus_base_flag,1
1504,1660,1996,HIGH,exact_code_plus_base_flag,1
1506,1664,1998,HIGH,exact_code_plus_base_flag,1
1522,1670,2015,HIGH,exact_code_plus_base_flag,1
1524,1674,2017,HIGH,exact_code_plus_base_flag,1
579,1678,917,HIGH,exact_code_plus_base_flag,1
580,1678,918,HIGH,exact_code_plus_base_flag,1
593,1678,931,HIGH,exact_code_plus_base_flag,1
615,1678,954,HIGH,exact_code_plus_base_flag,1
616,1678,955,HIGH,exact_code_plus_base_flag,1
617,1678,956,HIGH,exact_code_plus_base_flag,1
570,1688,908,HIGH,exact_code_plus_base_flag,1
1853,1691,2362,HIGH,exact_code_plus_base_flag,1
736,1694,1090,HIGH,exact_code_plus_base_flag,1
737,1694,1091,HIGH,exact_code_plus_base_flag,1
934,1694,1322,HIGH,exact_code_plus_base_flag,1
1508,1711,2000,HIGH,exact_code_plus_base_flag,1
1526,1715,2019,HIGH,exact_code_plus_base_flag,1
738,1723,1092,HIGH,exact_code_plus_base_flag,1
739,1723,1093,HIGH,exact_code_plus_base_flag,1
935,1723,1323,HIGH,exact_code_plus_base_flag,1
1051,1723,1459,HIGH,exact_code_plus_base_flag,1
4043,1723,4818,HIGH,exact_code_plus_base_flag,1
1528,1736,2021,HIGH,exact_code_plus_base_flag,1
4044,1740,4819,HIGH,exact_code_plus_base_flag,1
4046,1740,4821,HIGH,exact_code_plus_base_flag,1
1854,1746,2363,HIGH,exact_code_plus_base_flag,1
1005,1756,1402,HIGH,exact_code_plus_base_flag,1
2769,1756,3391,HIGH,exact_code_plus_base_flag,1
2858,1756,3510,HIGH,exact_code_plus_base_flag,1
2677,1762,3272,HIGH,exact_code_plus_base_flag,1
2770,1762,3392,HIGH,exact_code_plus_base_flag,1
2859,1762,3511,HIGH,exact_code_plus_base_flag,1
602,1769,941,HIGH,exact_code_plus_base_flag,1
2700,1769,3305,HIGH,exact_code_plus_base_flag,1
2701,1769,3306,HIGH,exact_code_plus_base_flag,1
2860,1769,3512,HIGH,exact_code_plus_base_flag,1
1510,1776,2002,HIGH,exact_code_plus_base_flag,1
2771,1782,3393,HIGH,exact_code_plus_base_flag,1
2772,1782,3394,HIGH,exact_code_plus_base_flag,1
2897,1782,3549,HIGH,exact_code_plus_base_flag,1
1530,1798,2023,HIGH,exact_code_plus_base_flag,1
581,1806,919,HIGH,exact_code_plus_base_flag,1
582,1806,920,HIGH,exact_code_plus_base_flag,1
594,1806,932,HIGH,exact_code_plus_base_flag,1
618,1806,957,HIGH,exact_code_plus_base_flag,1
619,1806,958,HIGH,exact_code_plus_base_flag,1
620,1806,959,HIGH,exact_code_plus_base_flag,1
603,1809,942,HIGH,exact_code_plus_base_flag,1
1851,1809,2360,HIGH,exact_code_plus_base_flag,1
4048,1814,4823,HIGH,exact_code_plus_base_flag,1
4049,1814,4824,HIGH,exact_code_plus_base_flag,1
1516,1825,2008,HIGH,exact_code_plus_base_flag,1
1512,1829,2004,HIGH,exact_code_plus_base_flag,1
1532,1833,2025,HIGH,exact_code_plus_base_flag,1
2411,1833,2960,HIGH,exact_code_plus_base_flag,1
2643,1839,3229,HIGH,exact_code_plus_base_flag,1
2773,1839,3395,HIGH,exact_code_plus_base_flag,1
2774,1839,3396,HIGH,exact_code_plus_base_flag,1
2898,1839,3550,HIGH,exact_code_plus_base_flag,1
1598,1846,2091,HIGH,exact_code_plus_base_flag,1
604,1850,943,HIGH,exact_code_plus_base_flag,1
1600,1850,2093,HIGH,exact_code_plus_base_flag,1
1855,1850,2364,HIGH,exact_code_plus_base_flag,1
583,1863,921,HIGH,exact_code_plus_base_flag,1
584,1863,922,HIGH,exact_code_plus_base_flag,1
595,1863,933,HIGH,exact_code_plus_base_flag,1
621,1863,960,HIGH,exact_code_plus_base_flag,1
622,1863,961,HIGH,exact_code_plus_base_flag,1
623,1863,962,HIGH,exact_code_plus_base_flag,1
1606,1863,2099,HIGH,exact_code_plus_base_flag,1
740,1869,1094,HIGH,exact_code_plus_base_flag,1
741,1869,1095,HIGH,exact_code_plus_base_flag,1
888,1869,1267,HIGH,exact_code_plus_base_flag,1
936,1869,1324,HIGH,exact_code_plus_base_flag,1
749,1876,1108,HIGH,exact_code_plus_base_flag,1
750,1876,1109,HIGH,exact_code_plus_base_flag,1
751,1876,1110,HIGH,exact_code_plus_base_flag,1
752,1876,1111,HIGH,exact_code_plus_base_flag,1
753,1876,1112,HIGH,exact_code_plus_base_flag,1
754,1876,1113,HIGH,exact_code_plus_base_flag,1
2644,1876,3230,HIGH,exact_code_plus_base_flag,1
2712,1876,3317,HIGH,exact_code_plus_base_flag,1
2713,1876,3318,HIGH,exact_code_plus_base_flag,1
2775,1876,3397,HIGH,exact_code_plus_base_flag,1
2899,1876,3551,HIGH,exact_code_plus_base_flag,1
571,1889,909,HIGH,exact_code_plus_base_flag,1
1613,1891,2106,HIGH,exact_code_plus_base_flag,1
1873,1891,2390,HIGH,exact_code_plus_base_flag,1
2776,1899,3398,HIGH,exact_code_plus_base_flag,1
2861,1899,3513,HIGH,exact_code_plus_base_flag,1
4050,1908,4825,HIGH,exact_code_plus_base_flag,1
1514,1913,2006,HIGH,exact_code_plus_base_flag,1
2650,1913,3239,HIGH,exact_code_plus_base_flag,1
572,1923,910,HIGH,exact_code_plus_base_flag,1
755,1923,1114,HIGH,exact_code_plus_base_flag,1
756,1923,1115,HIGH,exact_code_plus_base_flag,1
757,1923,1116,HIGH,exact_code_plus_base_flag,1
758,1923,1117,HIGH,exact_code_plus_base_flag,1
759,1923,1118,HIGH,exact_code_plus_base_flag,1
760,1923,1119,HIGH,exact_code_plus_base_flag,1
891,1923,1270,HIGH,exact_code_plus_base_flag,1
788,1931,1149,HIGH,exact_code_plus_base_flag,1
2651,1935,3240,HIGH,exact_code_plus_base_flag,1
2652,1938,3241,HIGH,exact_code_plus_base_flag,1
1628,1941,2121,HIGH,exact_code_plus_base_flag,1
2696,1941,3301,HIGH,exact_code_plus_base_flag,1
2901,1941,3553,HIGH,exact_code_plus_base_flag,1
585,1948,923,HIGH,exact_code_plus_base_flag,1
586,1948,924,HIGH,exact_code_plus_base_flag,1
596,1948,934,HIGH,exact_code_plus_base_flag,1
624,1948,963,HIGH,exact_code_plus_base_flag,1
625,1948,964,HIGH,exact_code_plus_base_flag,1
626,1948,965,HIGH,exact_code_plus_base_flag,1
2653,1950,3242,HIGH,exact_code_plus_base_flag,1
2697,1950,3302,HIGH,exact_code_plus_base_flag,1
2698,1950,3303,HIGH,exact_code_plus_base_flag,1
2777,1950,3399,HIGH,exact_code_plus_base_flag,1
2903,1950,3555,HIGH,exact_code_plus_base_flag,1
605,1961,944,HIGH,exact_code_plus_base_flag,1
872,1961,1250,HIGH,exact_code_plus_base_flag,1
946,1961,1339,HIGH,exact_code_plus_base_flag,1
947,1961,1340,HIGH,exact_code_plus_base_flag,1
1241,1961,1686,HIGH,exact_code_plus_base_flag,1
1633,1961,2126,HIGH,exact_code_plus_base_flag,1
2416,1961,2976,HIGH,exact_code_plus_base_flag,1
2654,1961,3243,HIGH,exact_code_plus_base_flag,1
1635,1973,2128,HIGH,exact_code_plus_base_flag,1
2699,1973,3304,HIGH,exact_code_plus_base_flag,1
2905,1973,3557,HIGH,exact_code_plus_base_flag,1
870,1980,1248,HIGH,exact_code_plus_base_flag,1
1637,1980,2130,HIGH,exact_code_plus_base_flag,1
2162,1980,2696,HIGH,exact_code_plus_base_flag,1
742,1991,1096,HIGH,exact_code_plus_base_flag,1
743,1991,1097,HIGH,exact_code_plus_base_flag,1
892,1991,1271,HIGH,exact_code_plus_base_flag,1
937,1991,1325,HIGH,exact_code_plus_base_flag,1
975,1991,1369,HIGH,exact_code_plus_base_flag,1
1013,1991,1410,HIGH,exact_code_plus_base_flag,1
1014,1991,1411,HIGH,exact_code_plus_base_flag,1
1852,1991,2361,HIGH,exact_code_plus_base_flag,1
2796,1991,3418,HIGH,exact_code_plus_base_flag,1
2797,1991,3419,HIGH,exact_code_plus_base_flag,1
2907,1991,3559,HIGH,exact_code_plus_base_flag,1
606,2012,945,HIGH,exact_code_plus_base_flag,1
835,2012,1204,HIGH,exact_code_plus_base_flag,1
2778,2012,3400,HIGH,exact_code_plus_base_flag,1
2862,2012,3514,HIGH,exact_code_plus_base_flag,1
1645,2020,2138,HIGH,exact_code_plus_base_flag,1
1646,2020,2139,HIGH,exact_code_plus_base_flag,1
2746,2020,3365,HIGH,exact_code_plus_base_flag,1
871,2027,1249,HIGH,exact_code_plus_base_flag,1
1648,2027,2141,HIGH,exact_code_plus_base_flag,1
2727,2027,3339,HIGH,exact_code_plus_base_flag,1
2909,2027,3561,HIGH,exact_code_plus_base_flag,1
1703,2036,2210,HIGH,exact_code_plus_base_flag,1
948,2056,1341,HIGH,exact_code_plus_base_flag,1
949,2056,1342,HIGH,exact_code_plus_base_flag,1
1242,2056,1687,HIGH,exact_code_plus_base_flag,1
1715,2065,2222,HIGH,exact_code_plus_base_flag,1
4051,2073,4826,HIGH,exact_code_plus_base_flag,1
4052,2073,4827,HIGH,exact_code_plus_base_flag,1
1705,2082,2212,HIGH,exact_code_plus_base_flag,1
1709,2086,2216,HIGH,exact_code_plus_base_flag,1
955,2090,1349,HIGH,exact_code_plus_base_flag,1
1717,2096,2224,HIGH,exact_code_plus_base_flag,1
2163,2096,2697,HIGH,exact_code_plus_base_flag,1
1719,2108,2226,HIGH,exact_code_plus_base_flag,1
2779,2112,3401,HIGH,exact_code_plus_base_flag,1
2780,2112,3402,HIGH,exact_code_plus_base_flag,1
2912,2112,3564,HIGH,exact_code_plus_base_flag,1
1721,2118,2228,HIGH,exact_code_plus_base_flag,1
1723,2122,2230,HIGH,exact_code_plus_base_flag,1
2729,2122,3341,HIGH,exact_code_plus_base_flag,1
2913,2122,3565,HIGH,exact_code_plus_base_flag,1
1124,2129,1555,HIGH,exact_code_plus_base_flag,1
2789,2129,3411,HIGH,exact_code_plus_base_flag,1
2790,2129,3412,HIGH,exact_code_plus_base_flag,1
2915,2129,3567,HIGH,exact_code_plus_base_flag,1
789,2141,1150,HIGH,exact_code_plus_base_flag,1
2781,2143,3403,HIGH,exact_code_plus_base_flag,1
2863,2143,3515,HIGH,exact_code_plus_base_flag,1
1707,2152,2214,HIGH,exact_code_plus_base_flag,1
1711,2156,2218,HIGH,exact_code_plus_base_flag,1
790,2164,1151,HIGH,exact_code_plus_base_flag,1
1725,2166,2232,HIGH,exact_code_plus_base_flag,1
1874,2166,2391,HIGH,exact_code_plus_base_flag,1
2682,2166,3280,HIGH,exact_code_plus_base_flag,1
2683,2166,3281,HIGH,exact_code_plus_base_flag,1
1727,2188,2235,HIGH,exact_code_plus_base_flag,1
2675,2200,3270,HIGH,exact_code_plus_base_flag,1
2676,2200,3271,HIGH,exact_code_plus_base_flag,1
2864,2200,3516,HIGH,exact_code_plus_base_flag,1
1713,2209,2220,HIGH,exact_code_plus_base_flag,1
1731,2215,2239,HIGH,exact_code_plus_base_flag,1
1729,2225,2237,HIGH,exact_code_plus_base_flag,1
2164,2225,2698,HIGH,exact_code_plus_base_flag,1
1733,2245,2241,HIGH,exact_code_plus_base_flag,1
4062,2257,4837,HIGH,exact_code_plus_base_flag,1
4063,2257,4838,HIGH,exact_code_plus_base_flag,1
1735,2269,2243,HIGH,exact_code_plus_base_flag,1
632,2273,974,HIGH,exact_code_plus_base_flag,1
1052,2273,1460,HIGH,exact_code_plus_base_flag,1
1737,2273,2245,HIGH,exact_code_plus_base_flag,1
1755,2273,2263,HIGH,exact_code_plus_base_flag,1
2747,2273,3369,HIGH,exact_code_plus_base_flag,1
4065,2273,4840,HIGH,exact_code_plus_base_flag,1
1030,2291,1431,HIGH,exact_code_plus_base_flag,1
791,2295,1152,HIGH,exact_code_plus_base_flag,1
2704,2295,3309,HIGH,exact_code_plus_base_flag,1
2705,2295,3310,HIGH,exact_code_plus_base_flag,1
2782,2295,3404,HIGH,exact_code_plus_base_flag,1
2916,2295,3568,HIGH,exact_code_plus_base_flag,1
1739,2304,2247,HIGH,exact_code_plus_base_flag,1
1088,2310,1515,HIGH,exact_code_plus_base_flag,1
1095,2310,1522,HIGH,exact_code_plus_base_flag,1
1175,2310,1613,HIGH,exact_code_plus_base_flag,1
1243,2310,1688,HIGH,exact_code_plus_base_flag,1
1007,2321,1404,HIGH,exact_code_plus_base_flag,1
2783,2321,3405,HIGH,exact_code_plus_base_flag,1
2865,2321,3517,HIGH,exact_code_plus_base_flag,1
1176,2327,1614,HIGH,exact_code_plus_base_flag,1
4073,2327,4848,HIGH,exact_code_plus_base_flag,1
4076,2327,4851,HIGH,exact_code_plus_base_flag,1
700,2337,1051,HIGH,exact_code_plus_base_flag,1
701,2337,1052,HIGH,exact_code_plus_base_flag,1
702,2337,1053,HIGH,exact_code_plus_base_flag,1
1741,2337,2249,HIGH,exact_code_plus_base_flag,1
2680,2337,3278,HIGH,exact_code_plus_base_flag,1
2681,2337,3279,HIGH,exact_code_plus_base_flag,1
2784,2337,3406,HIGH,exact_code_plus_base_flag,1
2918,2337,3570,HIGH,exact_code_plus_base_flag,1
1743,2353,2251,HIGH,exact_code_plus_base_flag,1
2688,2353,3287,HIGH,exact_code_plus_base_flag,1
2919,2353,3571,HIGH,exact_code_plus_base_flag,1
828,2360,1197,HIGH,exact_code_plus_base_flag,1
905,2376,1286,HIGH,exact_code_plus_base_flag,1
906,2376,1287,HIGH,exact_code_plus_base_flag,1
907,2376,1288,HIGH,exact_code_plus_base_flag,1
1745,2376,2253,HIGH,exact_code_plus_base_flag,1
2720,2376,3326,HIGH,exact_code_plus_base_flag,1
2921,2376,3573,HIGH,exact_code_plus_base_flag,1
1747,2394,2255,HIGH,exact_code_plus_base_flag,1
1749,2398,2257,HIGH,exact_code_plus_base_flag,1
2926,2398,3584,HIGH,exact_code_plus_base_flag,1
1857,2404,2374,HIGH,exact_code_plus_base_flag,1
3318,2404,3989,HIGH,exact_code_plus_base_flag,1
1858,2409,2375,HIGH,exact_code_plus_base_flag,1
3319,2409,3990,HIGH,exact_code_plus_base_flag,1
1028,2416,1429,HIGH,exact_code_plus_base_flag,1
1125,2416,1556,HIGH,exact_code_plus_base_flag,1
4083,2416,4858,HIGH,exact_code_plus_base_flag,1
4084,2416,4859,HIGH,exact_code_plus_base_flag,1
997,2422,1394,HIGH,exact_code_plus_base_flag,1
1882,2425,2402,HIGH,exact_code_plus_base_flag,1
2669,2425,3263,HIGH,exact_code_plus_base_flag,1
2922,2425,3574,HIGH,exact_code_plus_base_flag,1
4560,2425,5354,HIGH,exact_code_plus_base_flag,1
1410,2433,1881,HIGH,exact_code_plus_base_flag,1
1877,2433,2397,HIGH,exact_code_plus_base_flag,1
2670,2433,3264,HIGH,exact_code_plus_base_flag,1
2920,2433,3572,HIGH,exact_code_plus_base_flag,1
1066,2441,1477,HIGH,exact_code_plus_base_flag,1
956,2445,1350,HIGH,exact_code_plus_base_flag,1
2785,2445,3407,HIGH,exact_code_plus_base_flag,1
2786,2445,3408,HIGH,exact_code_plus_base_flag,1
2917,2445,3569,HIGH,exact_code_plus_base_flag,1
1215,2451,1658,HIGH,exact_code_plus_base_flag,1
792,2458,1153,HIGH,exact_code_plus_base_flag,1
793,2460,1154,HIGH,exact_code_plus_base_flag,1
1897,2460,2417,HIGH,exact_code_plus_base_flag,1
2671,2460,3266,HIGH,exact_code_plus_base_flag,1
2672,2460,3267,HIGH,exact_code_plus_base_flag,1
2787,2460,3409,HIGH,exact_code_plus_base_flag,1
2914,2460,3566,HIGH,exact_code_plus_base_flag,1
1003,2475,1400,HIGH,exact_code_plus_base_flag,1
4086,2480,4861,HIGH,exact_code_plus_base_flag,1
4087,2480,4862,HIGH,exact_code_plus_base_flag,1
1860,2484,2377,HIGH,exact_code_plus_base_flag,1
3320,2484,3991,HIGH,exact_code_plus_base_flag,1
1026,2503,1427,HIGH,exact_code_plus_base_flag,1
1053,2503,1461,HIGH,exact_code_plus_base_flag,1
3995,2503,4710,HIGH,exact_code_plus_base_flag,1
4089,2503,4864,HIGH,exact_code_plus_base_flag,1
1931,2512,2451,HIGH,exact_code_plus_base_flag,1
1890,2518,2410,HIGH,exact_code_plus_base_flag,1
2730,2518,3342,HIGH,exact_code_plus_base_flag,1
2731,2518,3343,HIGH,exact_code_plus_base_flag,1
2788,2518,3410,HIGH,exact_code_plus_base_flag,1
2911,2518,3563,HIGH,exact_code_plus_base_flag,1
745,2529,1102,HIGH,exact_code_plus_base_flag,1
920,2529,1302,HIGH,exact_code_plus_base_flag,1
927,2529,1312,HIGH,exact_code_plus_base_flag,1
4091,2529,4866,HIGH,exact_code_plus_base_flag,1
4093,2529,4868,HIGH,exact_code_plus_base_flag,1
1312,2535,1767,HIGH,exact_code_plus_base_flag,1
1316,2535,1771,HIGH,exact_code_plus_base_flag,1
4095,2535,4870,HIGH,exact_code_plus_base_flag,1
1861,2546,2378,HIGH,exact_code_plus_base_flag,1
1031,2550,1432,HIGH,exact_code_plus_base_flag,1
1886,2552,2406,HIGH,exact_code_plus_base_flag,1
2684,2552,3282,HIGH,exact_code_plus_base_flag,1
2910,2552,3562,HIGH,exact_code_plus_base_flag,1
1888,2573,2408,HIGH,exact_code_plus_base_flag,1
2165,2573,2699,HIGH,exact_code_plus_base_flag,1
4097,2579,4872,HIGH,exact_code_plus_base_flag,1
4099,2579,4874,HIGH,exact_code_plus_base_flag,1
1899,2587,2419,HIGH,exact_code_plus_base_flag,1
2702,2593,3307,HIGH,exact_code_plus_base_flag,1
2703,2593,3308,HIGH,exact_code_plus_base_flag,1
2866,2593,3518,HIGH,exact_code_plus_base_flag,1
868,2604,1245,HIGH,exact_code_plus_base_flag,1
1024,2604,1425,HIGH,exact_code_plus_base_flag,1
1862,2604,2379,HIGH,exact_code_plus_base_flag,1
2621,2604,3204,HIGH,exact_code_plus_base_flag,1
3321,2604,3992,HIGH,exact_code_plus_base_flag,1
2622,2614,3205,HIGH,exact_code_plus_base_flag,1
1110,2617,1538,HIGH,exact_code_plus_base_flag,1
2623,2619,3206,HIGH,exact_code_plus_base_flag,1
3548,2624,4238,HIGH,exact_code_plus_base_flag,1
2624,2627,3207,HIGH,exact_code_plus_base_flag,1
3549,2627,4239,HIGH,exact_code_plus_base_flag,1
794,2631,1155,HIGH,exact_code_plus_base_flag,1
970,2631,1364,HIGH,exact_code_plus_base_flag,1
1228,2631,1672,HIGH,exact_code_plus_base_flag,1
1257,2631,1703,HIGH,exact_code_plus_base_flag,1
1883,2631,2403,HIGH,exact_code_plus_base_flag,1
2625,2631,3208,HIGH,exact_code_plus_base_flag,1
2927,2631,3585,HIGH,exact_code_plus_base_flag,1
2626,2642,3209,HIGH,exact_code_plus_base_flag,1
1863,2645,2380,HIGH,exact_code_plus_base_flag,1
1880,2645,2400,HIGH,exact_code_plus_base_flag,1
2748,2645,3370,HIGH,exact_code_plus_base_flag,1
1029,2652,1430,HIGH,exact_code_plus_base_flag,1
2627,2652,3210,HIGH,exact_code_plus_base_flag,1
3550,2652,4240,HIGH,exact_code_plus_base_flag,1
2628,2658,3211,HIGH,exact_code_plus_base_flag,1
795,2661,1156,HIGH,exact_code_plus_base_flag,1
2791,2661,3413,HIGH,exact_code_plus_base_flag,1
2792,2661,3414,HIGH,exact_code_plus_base_flag,1
2908,2661,3560,HIGH,exact_code_plus_base_flag,1
1864,2666,2381,HIGH,exact_code_plus_base_flag,1
1878,2666,2398,HIGH,exact_code_plus_base_flag,1
2412,2666,2961,HIGH,exact_code_plus_base_flag,1
2732,2666,3344,HIGH,exact_code_plus_base_flag,1
2749,2666,3371,HIGH,exact_code_plus_base_flag,1
2906,2666,3558,HIGH,exact_code_plus_base_flag,1
1187,2680,1625,HIGH,exact_code_plus_base_flag,1
1188,2680,1626,HIGH,exact_code_plus_base_flag,1
1405,2680,1870,HIGH,exact_code_plus_base_flag,1
2629,2680,3212,HIGH,exact_code_plus_base_flag,1
4102,2686,4877,HIGH,exact_code_plus_base_flag,1
4103,2686,4878,HIGH,exact_code_plus_base_flag,1
2694,2696,3299,HIGH,exact_code_plus_base_flag,1
2793,2696,3415,HIGH,exact_code_plus_base_flag,1
2794,2696,3416,HIGH,exact_code_plus_base_flag,1
2904,2696,3556,HIGH,exact_code_plus_base_flag,1
2706,2703,3311,HIGH,exact_code_plus_base_flag,1
2707,2703,3312,HIGH,exact_code_plus_base_flag,1
2795,2703,3417,HIGH,exact_code_plus_base_flag,1
2902,2703,3554,HIGH,exact_code_plus_base_flag,1
974,2716,1368,HIGH,exact_code_plus_base_flag,1
1306,2716,1758,HIGH,exact_code_plus_base_flag,1
957,2722,1351,HIGH,exact_code_plus_base_flag,1
1893,2722,2413,HIGH,exact_code_plus_base_flag,1
976,2730,1370,HIGH,exact_code_plus_base_flag,1
1896,2730,2416,HIGH,exact_code_plus_base_flag,1
2166,2730,2700,HIGH,exact_code_plus_base_flag,1
4006,2730,4721,HIGH,exact_code_plus_base_flag,1
4123,2730,4898,HIGH,exact_code_plus_base_flag,1
1113,2743,1541,HIGH,exact_code_plus_base_flag,1
1884,2743,2404,HIGH,exact_code_plus_base_flag,1
2928,2743,3586,HIGH,exact_code_plus_base_flag,1
1379,2757,1844,HIGH,exact_code_plus_base_flag,1
4126,2757,4901,HIGH,exact_code_plus_base_flag,1
4127,2757,4902,HIGH,exact_code_plus_base_flag,1
4129,2757,4904,HIGH,exact_code_plus_base_flag,1
1025,2763,1426,HIGH,exact_code_plus_base_flag,1
1865,2763,2382,HIGH,exact_code_plus_base_flag,1
3322,2763,3993,HIGH,exact_code_plus_base_flag,1
1875,2772,2392,HIGH,exact_code_plus_base_flag,1
1879,2772,2399,HIGH,exact_code_plus_base_flag,1
958,2778,1352,HIGH,exact_code_plus_base_flag,1
796,2780,1157,HIGH,exact_code_plus_base_flag,1
909,2780,1290,HIGH,exact_code_plus_base_flag,1
918,2780,1299,HIGH,exact_code_plus_base_flag,1
1097,2780,1525,HIGH,exact_code_plus_base_flag,1
1103,2780,1531,HIGH,exact_code_plus_base_flag,1
1898,2780,2418,HIGH,exact_code_plus_base_flag,1
4131,2780,4906,HIGH,exact_code_plus_base_flag,1
1027,2789,1428,HIGH,exact_code_plus_base_flag,1
2716,2789,3322,HIGH,exact_code_plus_base_flag,1
2717,2789,3323,HIGH,exact_code_plus_base_flag,1
2798,2789,3420,HIGH,exact_code_plus_base_flag,1
2900,2789,3552,HIGH,exact_code_plus_base_flag,1
848,2796,1219,HIGH,exact_code_plus_base_flag,1
849,2796,1220,HIGH,exact_code_plus_base_flag,1
938,2796,1326,HIGH,exact_code_plus_base_flag,1
1008,2815,1405,HIGH,exact_code_plus_base_flag,1
2799,2815,3421,HIGH,exact_code_plus_base_flag,1
2867,2815,3519,HIGH,exact_code_plus_base_flag,1
2718,2821,3324,HIGH,exact_code_plus_base_flag,1
2719,2821,3325,HIGH,exact_code_plus_base_flag,1
2868,2821,3520,HIGH,exact_code_plus_base_flag,1
2721,2830,3327,HIGH,exact_code_plus_base_flag,1
2800,2830,3422,HIGH,exact_code_plus_base_flag,1
2869,2830,3521,HIGH,exact_code_plus_base_flag,1
1900,2837,2420,HIGH,exact_code_plus_base_flag,1
2801,2837,3423,HIGH,exact_code_plus_base_flag,1
2895,2837,3547,HIGH,exact_code_plus_base_flag,1
1153,2844,1586,HIGH,exact_code_plus_base_flag,1
1868,2844,2385,HIGH,exact_code_plus_base_flag,1
2010,2844,2533,HIGH,exact_code_plus_base_flag,1
2733,2844,3345,HIGH,exact_code_plus_base_flag,1
2751,2844,3373,HIGH,exact_code_plus_base_flag,1
2893,2844,3545,HIGH,exact_code_plus_base_flag,1
2929,2844,3587,HIGH,exact_code_plus_base_flag,1
3489,2844,4165,HIGH,exact_code_plus_base_flag,1
3490,2844,4166,HIGH,exact_code_plus_base_flag,1
2022,2863,2553,HIGH,exact_code_plus_base_flag,1
3323,2863,3994,HIGH,exact_code_plus_base_flag,1
2802,2870,3424,HIGH,exact_code_plus_base_flag,1
2803,2870,3425,HIGH,exact_code_plus_base_flag,1
2021,2882,2552,HIGH,exact_code_plus_base_flag,1
4002,2882,4717,HIGH,exact_code_plus_base_flag,1
4134,2882,4909,HIGH,exact_code_plus_base_flag,1
2018,2891,2549,HIGH,exact_code_plus_base_flag,1
2017,2901,2548,HIGH,exact_code_plus_base_flag,1
1126,2909,1557,HIGH,exact_code_plus_base_flag,1
2038,2919,2569,HIGH,exact_code_plus_base_flag,1
3324,2919,3995,HIGH,exact_code_plus_base_flag,1
2048,2924,2579,HIGH,exact_code_plus_base_flag,1
3325,2924,3996,HIGH,exact_code_plus_base_flag,1
2027,2929,2558,HIGH,exact_code_plus_base_flag,1
3326,2929,3997,HIGH,exact_code_plus_base_flag,1
3572,2929,4266,HIGH,exact_code_plus_base_flag,1
2722,2936,3334,HIGH,exact_code_plus_base_flag,1
2804,2936,3426,HIGH,exact_code_plus_base_flag,1
2805,2936,3427,HIGH,exact_code_plus_base_flag,1
910,2945,1291,HIGH,exact_code_plus_base_flag,1
917,2945,1298,HIGH,exact_code_plus_base_flag,1
1098,2945,1526,HIGH,exact_code_plus_base_flag,1
1104,2945,1532,HIGH,exact_code_plus_base_flag,1
2044,2945,2575,HIGH,exact_code_plus_base_flag,1
2039,2968,2570,HIGH,exact_code_plus_base_flag,1
2806,2968,3428,HIGH,exact_code_plus_base_flag,1
959,2975,1353,HIGH,exact_code_plus_base_flag,1
2689,2975,3294,HIGH,exact_code_plus_base_flag,1
2807,2975,3429,HIGH,exact_code_plus_base_flag,1
2808,2975,3430,HIGH,exact_code_plus_base_flag,1
1004,2984,1401,HIGH,exact_code_plus_base_flag,1
2809,2984,3431,HIGH,exact_code_plus_base_flag,1
2870,2984,3522,HIGH,exact_code_plus_base_flag,1
2046,2996,2577,HIGH,exact_code_plus_base_flag,1
3327,2996,3998,HIGH,exact_code_plus_base_flag,1
2053,3001,2584,HIGH,exact_code_plus_base_flag,1
4137,3005,4912,HIGH,exact_code_plus_base_flag,1
4138,3005,4913,HIGH,exact_code_plus_base_flag,1
1037,3013,1440,HIGH,exact_code_plus_base_flag,1
1041,3013,1444,HIGH,exact_code_plus_base_flag,1
1244,3013,1689,HIGH,exact_code_plus_base_flag,1
4003,3013,4718,HIGH,exact_code_plus_base_flag,1
4142,3013,4917,HIGH,exact_code_plus_base_flag,1
4146,3023,4921,HIGH,exact_code_plus_base_flag,1
4148,3023,4923,HIGH,exact_code_plus_base_flag,1
2055,3027,2586,HIGH,exact_code_plus_base_flag,1
3736,3027,4435,HIGH,exact_code_plus_base_flag,1
1313,3033,1768,HIGH,exact_code_plus_base_flag,1
1317,3033,1772,HIGH,exact_code_plus_base_flag,1
2810,3045,3432,HIGH,exact_code_plus_base_flag,1
2871,3045,3523,HIGH,exact_code_plus_base_flag,1
4149,3045,4924,HIGH,exact_code_plus_base_flag,1
4150,3045,4925,HIGH,exact_code_plus_base_flag,1
4153,3054,4928,HIGH,exact_code_plus_base_flag,1
4154,3054,4929,HIGH,exact_code_plus_base_flag,1
4158,3059,4933,HIGH,exact_code_plus_base_flag,1
4159,3059,4934,HIGH,exact_code_plus_base_flag,1
2811,3063,3433,HIGH,exact_code_plus_base_flag,1
2812,3063,3434,HIGH,exact_code_plus_base_flag,1
1068,3069,1479,HIGH,exact_code_plus_base_flag,1
2073,3069,2604,HIGH,exact_code_plus_base_flag,1
2066,3073,2597,HIGH,exact_code_plus_base_flag,1
1390,3077,1855,HIGH,exact_code_plus_base_flag,1
1391,3077,1856,HIGH,exact_code_plus_base_flag,1
1392,3077,1857,HIGH,exact_code_plus_base_flag,1
4160,3077,4935,HIGH,exact_code_plus_base_flag,1
4163,3077,4938,HIGH,exact_code_plus_base_flag,1
2813,3084,3435,HIGH,exact_code_plus_base_flag,1
2814,3084,3436,HIGH,exact_code_plus_base_flag,1
2737,3090,3351,HIGH,exact_code_plus_base_flag,1
2738,3090,3352,HIGH,exact_code_plus_base_flag,1
2815,3090,3437,HIGH,exact_code_plus_base_flag,1
2816,3097,3438,HIGH,exact_code_plus_base_flag,1
2817,3097,3439,HIGH,exact_code_plus_base_flag,1
2739,3103,3353,HIGH,exact_code_plus_base_flag,1
2740,3103,3354,HIGH,exact_code_plus_base_flag,1
2818,3103,3440,HIGH,exact_code_plus_base_flag,1
2819,3111,3441,HIGH,exact_code_plus_base_flag,1
2820,3111,3442,HIGH,exact_code_plus_base_flag,1
1023,3117,1422,HIGH,exact_code_plus_base_flag,1
2068,3117,2599,HIGH,exact_code_plus_base_flag,1
2742,3117,3359,HIGH,exact_code_plus_base_flag,1
4165,3132,4940,HIGH,exact_code_plus_base_flag,1
4166,3132,4941,HIGH,exact_code_plus_base_flag,1
960,3136,1354,HIGH,exact_code_plus_base_flag,1
1038,3140,1441,HIGH,exact_code_plus_base_flag,1
1042,3140,1445,HIGH,exact_code_plus_base_flag,1
1245,3140,1690,HIGH,exact_code_plus_base_flag,1
4167,3140,4942,HIGH,exact_code_plus_base_flag,1
4169,3140,4944,HIGH,exact_code_plus_base_flag,1
4173,3148,4948,HIGH,exact_code_plus_base_flag,1
4174,3148,4949,HIGH,exact_code_plus_base_flag,1
2743,3152,3360,HIGH,exact_code_plus_base_flag,1
2821,3152,3443,HIGH,exact_code_plus_base_flag,1
2872,3152,3524,HIGH,exact_code_plus_base_flag,1
2058,3159,2589,HIGH,exact_code_plus_base_flag,1
3328,3159,3999,HIGH,exact_code_plus_base_flag,1
2062,3164,2593,HIGH,exact_code_plus_base_flag,1
961,3168,1355,HIGH,exact_code_plus_base_flag,1
2060,3176,2591,HIGH,exact_code_plus_base_flag,1
2695,3176,3300,HIGH,exact_code_plus_base_flag,1
1127,3189,1558,HIGH,exact_code_plus_base_flag,1
2822,3193,3444,HIGH,exact_code_plus_base_flag,1
2823,3193,3445,HIGH,exact_code_plus_base_flag,1
911,3199,1292,HIGH,exact_code_plus_base_flag,1
916,3199,1297,HIGH,exact_code_plus_base_flag,1
1099,3199,1527,HIGH,exact_code_plus_base_flag,1
1105,3199,1533,HIGH,exact_code_plus_base_flag,1
874,3202,1253,HIGH,exact_code_plus_base_flag,1
895,3202,1274,HIGH,exact_code_plus_base_flag,1
2064,3202,2595,HIGH,exact_code_plus_base_flag,1
4455,3202,5237,HIGH,exact_code_plus_base_flag,1
2824,3224,3446,HIGH,exact_code_plus_base_flag,1
2825,3224,3447,HIGH,exact_code_plus_base_flag,1
3573,3224,4267,HIGH,exact_code_plus_base_flag,1
971,3231,1365,HIGH,exact_code_plus_base_flag,1
1164,3231,1599,HIGH,exact_code_plus_base_flag,1
1165,3231,1600,HIGH,exact_code_plus_base_flag,1
1229,3231,1673,HIGH,exact_code_plus_base_flag,1
1258,3231,1704,HIGH,exact_code_plus_base_flag,1
1307,3231,1759,HIGH,exact_code_plus_base_flag,1
2029,3231,2560,HIGH,exact_code_plus_base_flag,1
2413,3231,2962,HIGH,exact_code_plus_base_flag,1
3574,3243,4268,HIGH,exact_code_plus_base_flag,1
1002,3246,1399,HIGH,exact_code_plus_base_flag,1
3575,3246,4269,HIGH,exact_code_plus_base_flag,1
2033,3252,2564,HIGH,exact_code_plus_base_flag,1
2685,3252,3283,HIGH,exact_code_plus_base_flag,1
2031,3259,2562,HIGH,exact_code_plus_base_flag,1
4177,3259,4952,HIGH,exact_code_plus_base_flag,1
3576,3266,4270,HIGH,exact_code_plus_base_flag,1
968,3269,1362,HIGH,exact_code_plus_base_flag,1
979,3269,1374,HIGH,exact_code_plus_base_flag,1
982,3269,1377,HIGH,exact_code_plus_base_flag,1
987,3269,1382,HIGH,exact_code_plus_base_flag,1
993,3269,1388,HIGH,exact_code_plus_base_flag,1
994,3269,1389,HIGH,exact_code_plus_base_flag,1
2826,3269,3448,HIGH,exact_code_plus_base_flag,1
2827,3269,3449,HIGH,exact_code_plus_base_flag,1
3577,3269,4271,HIGH,exact_code_plus_base_flag,1
3578,3279,4272,HIGH,exact_code_plus_base_flag,1
2828,3284,3450,HIGH,exact_code_plus_base_flag,1
2829,3284,3451,HIGH,exact_code_plus_base_flag,1
4180,3289,4955,HIGH,exact_code_plus_base_flag,1
4181,3289,4956,HIGH,exact_code_plus_base_flag,1
1054,3298,1462,HIGH,exact_code_plus_base_flag,1
2155,3298,2689,HIGH,exact_code_plus_base_flag,1
2156,3298,2690,HIGH,exact_code_plus_base_flag,1
2752,3298,3374,HIGH,exact_code_plus_base_flag,1
4187,3298,4962,HIGH,exact_code_plus_base_flag,1
2159,3308,2693,HIGH,exact_code_plus_base_flag,1
3491,3308,4167,HIGH,exact_code_plus_base_flag,1
4008,3308,4723,HIGH,exact_code_plus_base_flag,1
4188,3308,4963,HIGH,exact_code_plus_base_flag,1
2265,3317,2814,HIGH,exact_code_plus_base_flag,1
3329,3317,4000,HIGH,exact_code_plus_base_flag,1
2270,3328,2819,HIGH,exact_code_plus_base_flag,1
962,3340,1356,HIGH,exact_code_plus_base_flag,1
4191,3348,4966,HIGH,exact_code_plus_base_flag,1
4192,3348,4967,HIGH,exact_code_plus_base_flag,1
2281,3352,2830,HIGH,exact_code_plus_base_flag,1
2930,3352,3588,HIGH,exact_code_plus_base_flag,1
4195,3352,4970,HIGH,exact_code_plus_base_flag,1
4196,3361,4971,HIGH,exact_code_plus_base_flag,1
4197,3361,4972,HIGH,exact_code_plus_base_flag,1
2286,3367,2835,HIGH,exact_code_plus_base_flag,1
3330,3367,4001,HIGH,exact_code_plus_base_flag,1
3513,3367,4199,HIGH,exact_code_plus_base_flag,1
1059,3376,1470,HIGH,exact_code_plus_base_flag,1
1117,3376,1545,HIGH,exact_code_plus_base_flag,1
1120,3376,1549,HIGH,exact_code_plus_base_flag,1
1360,3376,1821,HIGH,exact_code_plus_base_flag,1
1434,3376,1911,HIGH,exact_code_plus_base_flag,1
1435,3376,1912,HIGH,exact_code_plus_base_flag,1
3086,3376,3752,HIGH,exact_code_plus_base_flag,1
3514,3376,4200,HIGH,exact_code_plus_base_flag,1
3992,3376,4707,HIGH,exact_code_plus_base_flag,1
4200,3376,4975,HIGH,exact_code_plus_base_flag,1
2290,3390,2839,HIGH,exact_code_plus_base_flag,1
3515,3394,4201,HIGH,exact_code_plus_base_flag,1
3516,3399,4202,HIGH,exact_code_plus_base_flag,1
2295,3402,2844,HIGH,exact_code_plus_base_flag,1
4203,3402,4978,HIGH,exact_code_plus_base_flag,1
2299,3411,2848,HIGH,exact_code_plus_base_flag,1
4206,3411,4981,HIGH,exact_code_plus_base_flag,1
3517,3418,4203,HIGH,exact_code_plus_base_flag,1
4210,3418,4985,HIGH,exact_code_plus_base_flag,1
4213,3418,4988,HIGH,exact_code_plus_base_flag,1
1355,3425,1815,HIGH,exact_code_plus_base_flag,1
3518,3425,4204,HIGH,exact_code_plus_base_flag,1
3519,3428,4205,HIGH,exact_code_plus_base_flag,1
3520,3433,4206,HIGH,exact_code_plus_base_flag,1
1271,3436,1719,HIGH,exact_code_plus_base_flag,1
3521,3436,4207,HIGH,exact_code_plus_base_flag,1
1114,3440,1542,HIGH,exact_code_plus_base_flag,1
2309,3440,2858,HIGH,exact_code_plus_base_flag,1
3331,3440,4002,HIGH,exact_code_plus_base_flag,1
1015,3447,1412,HIGH,exact_code_plus_base_flag,1
1016,3447,1413,HIGH,exact_code_plus_base_flag,1
1177,3447,1615,HIGH,exact_code_plus_base_flag,1
1216,3447,1659,HIGH,exact_code_plus_base_flag,1
4215,3447,4990,HIGH,exact_code_plus_base_flag,1
4216,3447,4991,HIGH,exact_code_plus_base_flag,1
4218,3447,4993,HIGH,exact_code_plus_base_flag,1
1217,3461,1660,HIGH,exact_code_plus_base_flag,1
2317,3464,2866,HIGH,exact_code_plus_base_flag,1
2319,3468,2868,HIGH,exact_code_plus_base_flag,1
4456,3468,5238,HIGH,exact_code_plus_base_flag,1
1194,3474,1636,HIGH,exact_code_plus_base_flag,1
1195,3474,1637,HIGH,exact_code_plus_base_flag,1
1196,3474,1638,HIGH,exact_code_plus_base_flag,1
1218,3474,1661,HIGH,exact_code_plus_base_flag,1
1292,3474,1741,HIGH,exact_code_plus_base_flag,1
1296,3474,1746,HIGH,exact_code_plus_base_flag,1
1300,3474,1750,HIGH,exact_code_plus_base_flag,1
1309,3474,1761,HIGH,exact_code_plus_base_flag,1
1348,3474,1806,HIGH,exact_code_plus_base_flag,1
2321,3474,2870,HIGH,exact_code_plus_base_flag,1
1070,3483,1481,HIGH,exact_code_plus_base_flag,1
1219,3483,1662,HIGH,exact_code_plus_base_flag,1
1220,3490,1663,HIGH,exact_code_plus_base_flag,1
1221,3490,1664,HIGH,exact_code_plus_base_flag,1
2326,3490,2875,HIGH,exact_code_plus_base_flag,1
2327,3490,2876,HIGH,exact_code_plus_base_flag,1
2931,3490,3589,HIGH,exact_code_plus_base_flag,1
950,3503,1343,HIGH,exact_code_plus_base_flag,1
951,3503,1344,HIGH,exact_code_plus_base_flag,1
1246,3503,1691,HIGH,exact_code_plus_base_flag,1
1332,3503,1790,HIGH,exact_code_plus_base_flag,1
1356,3503,1816,HIGH,exact_code_plus_base_flag,1
4220,3514,4995,HIGH,exact_code_plus_base_flag,1
4221,3514,4996,HIGH,exact_code_plus_base_flag,1
1272,3518,1720,HIGH,exact_code_plus_base_flag,1
2336,3523,2885,HIGH,exact_code_plus_base_flag,1
3332,3523,4003,HIGH,exact_code_plus_base_flag,1
912,3536,1293,HIGH,exact_code_plus_base_flag,1
915,3536,1296,HIGH,exact_code_plus_base_flag,1
1055,3536,1463,HIGH,exact_code_plus_base_flag,1
1100,3536,1528,HIGH,exact_code_plus_base_flag,1
1106,3536,1534,HIGH,exact_code_plus_base_flag,1
2342,3536,2891,HIGH,exact_code_plus_base_flag,1
4222,3536,4997,HIGH,exact_code_plus_base_flag,1
1251,3546,1696,HIGH,exact_code_plus_base_flag,1
1263,3546,1710,HIGH,exact_code_plus_base_flag,1
2350,3558,2899,HIGH,exact_code_plus_base_flag,1
2352,3562,2901,HIGH,exact_code_plus_base_flag,1
1282,3566,1731,HIGH,exact_code_plus_base_flag,1
1178,3573,1616,HIGH,exact_code_plus_base_flag,1
4225,3573,5000,HIGH,exact_code_plus_base_flag,1
4227,3573,5002,HIGH,exact_code_plus_base_flag,1
2360,3581,2909,HIGH,exact_code_plus_base_flag,1
3333,3581,4004,HIGH,exact_code_plus_base_flag,1
1039,3586,1442,HIGH,exact_code_plus_base_flag,1
1043,3586,1446,HIGH,exact_code_plus_base_flag,1
1247,3586,1692,HIGH,exact_code_plus_base_flag,1
2367,3598,2916,HIGH,exact_code_plus_base_flag,1
3492,3598,4168,HIGH,exact_code_plus_base_flag,1
969,3614,1363,HIGH,exact_code_plus_base_flag,1
980,3614,1375,HIGH,exact_code_plus_base_flag,1
981,3614,1376,HIGH,exact_code_plus_base_flag,1
988,3614,1383,HIGH,exact_code_plus_base_flag,1
989,3614,1384,HIGH,exact_code_plus_base_flag,1
990,3614,1385,HIGH,exact_code_plus_base_flag,1
2380,3629,2929,HIGH,exact_code_plus_base_flag,1
3334,3629,4005,HIGH,exact_code_plus_base_flag,1
952,3638,1345,HIGH,exact_code_plus_base_flag,1
953,3638,1346,HIGH,exact_code_plus_base_flag,1
1248,3638,1693,HIGH,exact_code_plus_base_flag,1
1071,3643,1482,HIGH,exact_code_plus_base_flag,1
2391,3655,2940,HIGH,exact_code_plus_base_flag,1
4228,3655,5003,HIGH,exact_code_plus_base_flag,1
921,3662,1303,HIGH,exact_code_plus_base_flag,1
1081,3662,1492,HIGH,exact_code_plus_base_flag,1
1082,3662,1493,HIGH,exact_code_plus_base_flag,1
1083,3662,1494,HIGH,exact_code_plus_base_flag,1
1252,3662,1697,HIGH,exact_code_plus_base_flag,1
1264,3662,1711,HIGH,exact_code_plus_base_flag,1
1303,3662,1755,HIGH,exact_code_plus_base_flag,1
2394,3662,2943,HIGH,exact_code_plus_base_flag,1
2565,3662,3128,HIGH,exact_code_plus_base_flag,1
4230,3662,5005,HIGH,exact_code_plus_base_flag,1
2397,3675,2946,HIGH,exact_code_plus_base_flag,1
3743,3675,4451,HIGH,exact_code_plus_base_flag,1
1085,3683,1497,HIGH,exact_code_plus_base_flag,1
1302,3683,1754,HIGH,exact_code_plus_base_flag,1
1450,3683,1931,HIGH,exact_code_plus_base_flag,1
1462,3683,1943,HIGH,exact_code_plus_base_flag,1
1463,3683,1944,HIGH,exact_code_plus_base_flag,1
4231,3686,5006,HIGH,exact_code_plus_base_flag,1
4232,3686,5007,HIGH,exact_code_plus_base_flag,1
1343,3692,1801,HIGH,exact_code_plus_base_flag,1
3579,3692,4273,HIGH,exact_code_plus_base_flag,1
1430,3698,1907,HIGH,exact_code_plus_base_flag,1
2405,3698,2954,HIGH,exact_code_plus_base_flag,1
3744,3698,4452,HIGH,exact_code_plus_base_flag,1
4236,3698,5011,HIGH,exact_code_plus_base_flag,1
1140,3706,1572,HIGH,exact_code_plus_base_flag,1
2407,3706,2956,HIGH,exact_code_plus_base_flag,1
4238,3706,5013,HIGH,exact_code_plus_base_flag,1
2418,3713,2978,HIGH,exact_code_plus_base_flag,1
3335,3713,4006,HIGH,exact_code_plus_base_flag,1
2420,3718,2980,HIGH,exact_code_plus_base_flag,1
3336,3718,4007,HIGH,exact_code_plus_base_flag,1
2426,3731,2986,HIGH,exact_code_plus_base_flag,1
2435,3749,2995,HIGH,exact_code_plus_base_flag,1
913,3761,1294,HIGH,exact_code_plus_base_flag,1
914,3761,1295,HIGH,exact_code_plus_base_flag,1
1101,3761,1529,HIGH,exact_code_plus_base_flag,1
1107,3761,1535,HIGH,exact_code_plus_base_flag,1
2442,3764,3002,HIGH,exact_code_plus_base_flag,1
3337,3764,4008,HIGH,exact_code_plus_base_flag,1
2445,3771,3005,HIGH,exact_code_plus_base_flag,1
4004,3771,4719,HIGH,exact_code_plus_base_flag,1
4243,3771,5018,HIGH,exact_code_plus_base_flag,1
2453,3790,3013,HIGH,exact_code_plus_base_flag,1
1342,3804,1800,HIGH,exact_code_plus_base_flag,1
1128,3813,1559,HIGH,exact_code_plus_base_flag,1
2467,3821,3027,HIGH,exact_code_plus_base_flag,1
2477,3841,3037,HIGH,exact_code_plus_base_flag,1
3235,3841,3901,HIGH,exact_code_plus_base_flag,1
2483,3854,3043,HIGH,exact_code_plus_base_flag,1
3338,3854,4009,HIGH,exact_code_plus_base_flag,1
2485,3859,3045,HIGH,exact_code_plus_base_flag,1
3339,3859,4010,HIGH,exact_code_plus_base_flag,1
1167,3870,1604,HIGH,exact_code_plus_base_flag,1
1168,3870,1605,HIGH,exact_code_plus_base_flag,1
1138,3882,1569,HIGH,exact_code_plus_base_flag,1
1143,3882,1575,HIGH,exact_code_plus_base_flag,1
2495,3882,3055,HIGH,exact_code_plus_base_flag,1
4244,3882,5019,HIGH,exact_code_plus_base_flag,1
1056,3891,1464,HIGH,exact_code_plus_base_flag,1
2498,3891,3058,HIGH,exact_code_plus_base_flag,1
1108,3905,1536,HIGH,exact_code_plus_base_flag,1
2504,3905,3064,HIGH,exact_code_plus_base_flag,1
4247,3905,5022,HIGH,exact_code_plus_base_flag,1
4248,3912,5023,HIGH,exact_code_plus_base_flag,1
4249,3912,5024,HIGH,exact_code_plus_base_flag,1
2510,3920,3070,HIGH,exact_code_plus_base_flag,1
2512,3924,3072,HIGH,exact_code_plus_base_flag,1
1047,3934,1455,HIGH,exact_code_plus_base_flag,1
2517,3934,3077,HIGH,exact_code_plus_base_flag,1
4251,3943,5026,HIGH,exact_code_plus_base_flag,1
4253,3943,5028,HIGH,exact_code_plus_base_flag,1
2532,3967,3092,HIGH,exact_code_plus_base_flag,1
3340,3967,4011,HIGH,exact_code_plus_base_flag,1
1273,3972,1721,HIGH,exact_code_plus_base_flag,1
4255,3972,5030,HIGH,exact_code_plus_base_flag,1
4256,3972,5031,HIGH,exact_code_plus_base_flag,1
1112,3987,1540,HIGH,exact_code_plus_base_flag,1
2540,3987,3100,HIGH,exact_code_plus_base_flag,1
2542,3993,3102,HIGH,exact_code_plus_base_flag,1
2932,3993,3590,HIGH,exact_code_plus_base_flag,1
1090,4005,1517,HIGH,exact_code_plus_base_flag,1
1093,4005,1520,HIGH,exact_code_plus_base_flag,1
1249,4005,1694,HIGH,exact_code_plus_base_flag,1
2547,4005,3107,HIGH,exact_code_plus_base_flag,1
2550,4015,3110,HIGH,exact_code_plus_base_flag,1
2557,4029,3117,HIGH,exact_code_plus_base_flag,1
2558,4029,3118,HIGH,exact_code_plus_base_flag,1
4254,4029,5029,HIGH,exact_code_plus_base_flag,1
2560,4036,3120,HIGH,exact_code_plus_base_flag,1
1147,4040,1579,HIGH,exact_code_plus_base_flag,1
1190,4040,1628,HIGH,exact_code_plus_base_flag,1
2934,4040,3592,HIGH,exact_code_plus_base_flag,1
3497,4040,4180,HIGH,exact_code_plus_base_flag,1
1048,4046,1456,HIGH,exact_code_plus_base_flag,1
1158,4046,1593,HIGH,exact_code_plus_base_flag,1
1159,4046,1594,HIGH,exact_code_plus_base_flag,1
1308,4046,1760,HIGH,exact_code_plus_base_flag,1
2936,4046,3594,HIGH,exact_code_plus_base_flag,1
4054,4046,4829,HIGH,exact_code_plus_base_flag,1
1151,4054,1584,HIGH,exact_code_plus_base_flag,1
1209,4054,1652,HIGH,exact_code_plus_base_flag,1
2939,4054,3597,HIGH,exact_code_plus_base_flag,1
2940,4054,3598,HIGH,exact_code_plus_base_flag,1
2941,4054,3599,HIGH,exact_code_plus_base_flag,1
3910,4054,4618,HIGH,exact_code_plus_base_flag,1
3911,4054,4619,HIGH,exact_code_plus_base_flag,1
4055,4054,4830,HIGH,exact_code_plus_base_flag,1
3493,4068,4169,HIGH,exact_code_plus_base_flag,1
4056,4068,4831,HIGH,exact_code_plus_base_flag,1
3503,4073,4186,HIGH,exact_code_plus_base_flag,1
1274,4078,1722,HIGH,exact_code_plus_base_flag,1
1208,4081,1651,HIGH,exact_code_plus_base_flag,1
2947,4081,3605,HIGH,exact_code_plus_base_flag,1
3912,4081,4620,HIGH,exact_code_plus_base_flag,1
4058,4081,4833,HIGH,exact_code_plus_base_flag,1
3504,4089,4187,HIGH,exact_code_plus_base_flag,1
1073,4092,1484,HIGH,exact_code_plus_base_flag,1
1091,4092,1518,HIGH,exact_code_plus_base_flag,1
1092,4092,1519,HIGH,exact_code_plus_base_flag,1
1250,4092,1695,HIGH,exact_code_plus_base_flag,1
3505,4092,4188,HIGH,exact_code_plus_base_flag,1
3506,4099,4189,HIGH,exact_code_plus_base_flag,1
1207,4102,1650,HIGH,exact_code_plus_base_flag,1
3507,4102,4190,HIGH,exact_code_plus_base_flag,1
3734,4102,4433,HIGH,exact_code_plus_base_flag,1
3509,4108,4192,HIGH,exact_code_plus_base_flag,1
4064,4108,4839,HIGH,exact_code_plus_base_flag,1
4066,4108,4841,HIGH,exact_code_plus_base_flag,1
4067,4108,4842,HIGH,exact_code_plus_base_flag,1
3496,4115,4172,HIGH,exact_code_plus_base_flag,1
3508,4115,4191,HIGH,exact_code_plus_base_flag,1
3510,4119,4193,HIGH,exact_code_plus_base_flag,1
3511,4128,4194,HIGH,exact_code_plus_base_flag,1
3976,4128,4691,HIGH,exact_code_plus_base_flag,1
4071,4128,4846,HIGH,exact_code_plus_base_flag,1
2961,4136,3619,HIGH,exact_code_plus_base_flag,1
2963,4140,3621,HIGH,exact_code_plus_base_flag,1
1333,4150,1791,HIGH,exact_code_plus_base_flag,1
4075,4150,4850,HIGH,exact_code_plus_base_flag,1
4077,4150,4852,HIGH,exact_code_plus_base_flag,1
1136,4158,1567,HIGH,exact_code_plus_base_flag,1
4078,4166,4853,HIGH,exact_code_plus_base_flag,1
4080,4166,4855,HIGH,exact_code_plus_base_flag,1
1074,4170,1485,HIGH,exact_code_plus_base_flag,1
1304,4170,1756,HIGH,exact_code_plus_base_flag,1
2975,4170,3633,HIGH,exact_code_plus_base_flag,1
4561,4170,5355,HIGH,exact_code_plus_base_flag,1
1179,4175,1617,HIGH,exact_code_plus_base_flag,1
3580,4175,4274,HIGH,exact_code_plus_base_flag,1
2979,4180,3637,HIGH,exact_code_plus_base_flag,1
3735,4180,4434,HIGH,exact_code_plus_base_flag,1
1146,4194,1578,HIGH,exact_code_plus_base_flag,1
2985,4194,3643,HIGH,exact_code_plus_base_flag,1
3527,4194,4215,HIGH,exact_code_plus_base_flag,1
1393,4199,1858,HIGH,exact_code_plus_base_flag,1
1394,4199,1859,HIGH,exact_code_plus_base_flag,1
1395,4199,1860,HIGH,exact_code_plus_base_flag,1
3530,4199,4218,HIGH,exact_code_plus_base_flag,1
3531,4207,4219,HIGH,exact_code_plus_base_flag,1
2990,4210,3648,HIGH,exact_code_plus_base_flag,1
4082,4210,4857,HIGH,exact_code_plus_base_flag,1
2993,4217,3651,HIGH,exact_code_plus_base_flag,1
4085,4217,4860,HIGH,exact_code_plus_base_flag,1
1078,4224,1489,HIGH,exact_code_plus_base_flag,1
2996,4224,3654,HIGH,exact_code_plus_base_flag,1
1150,4229,1583,HIGH,exact_code_plus_base_flag,1
2998,4229,3656,HIGH,exact_code_plus_base_flag,1
2999,4229,3657,HIGH,exact_code_plus_base_flag,1
3000,4229,3658,HIGH,exact_code_plus_base_flag,1
3532,4229,4220,HIGH,exact_code_plus_base_flag,1
4457,4229,5239,HIGH,exact_code_plus_base_flag,1
4458,4229,5240,HIGH,exact_code_plus_base_flag,1
3533,4241,4221,HIGH,exact_code_plus_base_flag,1
3534,4244,4222,HIGH,exact_code_plus_base_flag,1
3535,4247,4223,HIGH,exact_code_plus_base_flag,1
3536,4250,4224,HIGH,exact_code_plus_base_flag,1
3996,4250,4711,HIGH,exact_code_plus_base_flag,1
4090,4250,4865,HIGH,exact_code_plus_base_flag,1
3537,4256,4225,HIGH,exact_code_plus_base_flag,1
3977,4256,4692,HIGH,exact_code_plus_base_flag,1
4092,4256,4867,HIGH,exact_code_plus_base_flag,1
1149,4268,1581,HIGH,exact_code_plus_base_flag,1
1269,4268,1716,HIGH,exact_code_plus_base_flag,1
3011,4268,3669,HIGH,exact_code_plus_base_flag,1
3542,4268,4232,HIGH,exact_code_plus_base_flag,1
3013,4274,3671,HIGH,exact_code_plus_base_flag,1
3551,4278,4241,HIGH,exact_code_plus_base_flag,1
1080,4283,1491,HIGH,exact_code_plus_base_flag,1
3017,4283,3675,HIGH,exact_code_plus_base_flag,1
4098,4283,4873,HIGH,exact_code_plus_base_flag,1
1137,4295,1568,HIGH,exact_code_plus_base_flag,1
1156,4295,1591,HIGH,exact_code_plus_base_flag,1
1157,4295,1592,HIGH,exact_code_plus_base_flag,1
3022,4295,3680,HIGH,exact_code_plus_base_flag,1
4101,4295,4876,HIGH,exact_code_plus_base_flag,1
1275,4302,1723,HIGH,exact_code_plus_base_flag,1
3552,4302,4242,HIGH,exact_code_plus_base_flag,1
3026,4308,3684,HIGH,exact_code_plus_base_flag,1
4104,4308,4879,HIGH,exact_code_plus_base_flag,1
1079,4319,1490,HIGH,exact_code_plus_base_flag,1
1310,4319,1762,HIGH,exact_code_plus_base_flag,1
3553,4319,4243,HIGH,exact_code_plus_base_flag,1
3998,4319,4713,HIGH,exact_code_plus_base_flag,1
4105,4319,4880,HIGH,exact_code_plus_base_flag,1
1276,4326,1724,HIGH,exact_code_plus_base_flag,1
3554,4326,4244,HIGH,exact_code_plus_base_flag,1
4106,4326,4881,HIGH,exact_code_plus_base_flag,1
4107,4326,4882,HIGH,exact_code_plus_base_flag,1
3555,4332,4245,HIGH,exact_code_plus_base_flag,1
3978,4332,4693,HIGH,exact_code_plus_base_flag,1
4019,4332,4794,HIGH,exact_code_plus_base_flag,1
4108,4338,4883,HIGH,exact_code_plus_base_flag,1
4109,4338,4884,HIGH,exact_code_plus_base_flag,1
1148,4344,1580,HIGH,exact_code_plus_base_flag,1
3036,4344,3694,HIGH,exact_code_plus_base_flag,1
3557,4344,4249,HIGH,exact_code_plus_base_flag,1
3563,4352,4255,HIGH,exact_code_plus_base_flag,1
4110,4355,4885,HIGH,exact_code_plus_base_flag,1
4111,4355,4886,HIGH,exact_code_plus_base_flag,1
3564,4361,4256,HIGH,exact_code_plus_base_flag,1
3997,4361,4712,HIGH,exact_code_plus_base_flag,1
4112,4361,4887,HIGH,exact_code_plus_base_flag,1
1075,4369,1486,HIGH,exact_code_plus_base_flag,1
3565,4369,4257,HIGH,exact_code_plus_base_flag,1
1396,4372,1861,HIGH,exact_code_plus_base_flag,1
1397,4372,1862,HIGH,exact_code_plus_base_flag,1
1398,4372,1863,HIGH,exact_code_plus_base_flag,1
3566,4372,4258,HIGH,exact_code_plus_base_flag,1
3567,4378,4259,HIGH,exact_code_plus_base_flag,1
3568,4381,4260,HIGH,exact_code_plus_base_flag,1
1152,4386,1585,HIGH,exact_code_plus_base_flag,1
3049,4386,3707,HIGH,exact_code_plus_base_flag,1
3050,4386,3708,HIGH,exact_code_plus_base_flag,1
3051,4386,3709,HIGH,exact_code_plus_base_flag,1
3740,4386,4439,HIGH,exact_code_plus_base_flag,1
3741,4386,4440,HIGH,exact_code_plus_base_flag,1
4113,4386,4888,HIGH,exact_code_plus_base_flag,1
1277,4401,1725,HIGH,exact_code_plus_base_flag,1
3569,4401,4261,HIGH,exact_code_plus_base_flag,1
3979,4405,4694,HIGH,exact_code_plus_base_flag,1
4015,4405,4790,HIGH,exact_code_plus_base_flag,1
4114,4410,4889,HIGH,exact_code_plus_base_flag,1
4115,4410,4890,HIGH,exact_code_plus_base_flag,1
4116,4414,4891,HIGH,exact_code_plus_base_flag,1
4118,4414,4893,HIGH,exact_code_plus_base_flag,1
3570,4418,4262,HIGH,exact_code_plus_base_flag,1
3062,4427,3720,HIGH,exact_code_plus_base_flag,1
1060,4435,1471,HIGH,exact_code_plus_base_flag,1
1116,4435,1544,HIGH,exact_code_plus_base_flag,1
1121,4435,1550,HIGH,exact_code_plus_base_flag,1
1361,4435,1822,HIGH,exact_code_plus_base_flag,1
1438,4435,1915,HIGH,exact_code_plus_base_flag,1
1439,4435,1916,HIGH,exact_code_plus_base_flag,1
3067,4443,3725,HIGH,exact_code_plus_base_flag,1
1314,4447,1769,HIGH,exact_code_plus_base_flag,1
1318,4447,1773,HIGH,exact_code_plus_base_flag,1
1278,4467,1726,HIGH,exact_code_plus_base_flag,1
3079,4470,3737,HIGH,exact_code_plus_base_flag,1
3080,4470,3738,HIGH,exact_code_plus_base_flag,1
3913,4470,4621,HIGH,exact_code_plus_base_flag,1
1428,4478,1905,HIGH,exact_code_plus_base_flag,1
3082,4478,3740,HIGH,exact_code_plus_base_flag,1
3083,4478,3741,HIGH,exact_code_plus_base_flag,1
3914,4478,4622,HIGH,exact_code_plus_base_flag,1
3088,4487,3754,HIGH,exact_code_plus_base_flag,1
3090,4491,3756,HIGH,exact_code_plus_base_flag,1
3092,4495,3758,HIGH,exact_code_plus_base_flag,1
1327,4501,1782,HIGH,exact_code_plus_base_flag,1
3095,4501,3761,HIGH,exact_code_plus_base_flag,1
1180,4516,1618,HIGH,exact_code_plus_base_flag,1
3999,4516,4714,HIGH,exact_code_plus_base_flag,1
4001,4516,4716,HIGH,exact_code_plus_base_flag,1
3107,4528,3773,HIGH,exact_code_plus_base_flag,1
4124,4534,4899,HIGH,exact_code_plus_base_flag,1
4125,4534,4900,HIGH,exact_code_plus_base_flag,1
3111,4538,3777,HIGH,exact_code_plus_base_flag,1
1181,4542,1619,HIGH,exact_code_plus_base_flag,1
3115,4546,3781,HIGH,exact_code_plus_base_flag,1
1182,4554,1620,HIGH,exact_code_plus_base_flag,1
1279,4560,1727,HIGH,exact_code_plus_base_flag,1
3124,4565,3790,HIGH,exact_code_plus_base_flag,1
3915,4565,4623,HIGH,exact_code_plus_base_flag,1
3127,4575,3793,HIGH,exact_code_plus_base_flag,1
4128,4575,4903,HIGH,exact_code_plus_base_flag,1
1253,4580,1698,HIGH,exact_code_plus_base_flag,1
1265,4580,1712,HIGH,exact_code_plus_base_flag,1
3133,4590,3799,HIGH,exact_code_plus_base_flag,1
1213,4602,1656,HIGH,exact_code_plus_base_flag,1
3139,4602,3805,HIGH,exact_code_plus_base_flag,1
3143,4611,3809,HIGH,exact_code_plus_base_flag,1
3145,4615,3811,HIGH,exact_code_plus_base_flag,1
4133,4615,4908,HIGH,exact_code_plus_base_flag,1
1280,4624,1728,HIGH,exact_code_plus_base_flag,1
1357,4624,1817,HIGH,exact_code_plus_base_flag,1
1183,4641,1621,HIGH,exact_code_plus_base_flag,1
1284,4641,1733,HIGH,exact_code_plus_base_flag,1
3158,4643,3824,HIGH,exact_code_plus_base_flag,1
3733,4655,4432,HIGH,exact_code_plus_base_flag,1
1184,4660,1622,HIGH,exact_code_plus_base_flag,1
4459,4660,5241,HIGH,exact_code_plus_base_flag,1
3168,4666,3834,HIGH,exact_code_plus_base_flag,1
3173,4676,3839,HIGH,exact_code_plus_base_flag,1
3175,4680,3841,HIGH,exact_code_plus_base_flag,1
1076,4690,1487,HIGH,exact_code_plus_base_flag,1
4135,4696,4910,HIGH,exact_code_plus_base_flag,1
4136,4696,4911,HIGH,exact_code_plus_base_flag,1
3186,4704,3852,HIGH,exact_code_plus_base_flag,1
3738,4704,4437,HIGH,exact_code_plus_base_flag,1
3571,4712,4263,HIGH,exact_code_plus_base_flag,1
1154,4715,1589,HIGH,exact_code_plus_base_flag,1
1155,4715,1590,HIGH,exact_code_plus_base_flag,1
3195,4725,3861,HIGH,exact_code_plus_base_flag,1
1254,4731,1699,HIGH,exact_code_plus_base_flag,1
1266,4731,1713,HIGH,exact_code_plus_base_flag,1
1281,4731,1729,HIGH,exact_code_plus_base_flag,1
3993,4740,4708,HIGH,exact_code_plus_base_flag,1
4140,4740,4915,HIGH,exact_code_plus_base_flag,1
3205,4751,3871,HIGH,exact_code_plus_base_flag,1
4145,4765,4920,HIGH,exact_code_plus_base_flag,1
4147,4765,4922,HIGH,exact_code_plus_base_flag,1
1077,4769,1488,HIGH,exact_code_plus_base_flag,1
1380,4771,1845,HIGH,exact_code_plus_base_flag,1
1399,4771,1864,HIGH,exact_code_plus_base_flag,1
1400,4771,1865,HIGH,exact_code_plus_base_flag,1
4151,4776,4926,HIGH,exact_code_plus_base_flag,1
4152,4776,4927,HIGH,exact_code_plus_base_flag,1
1185,4780,1623,HIGH,exact_code_plus_base_flag,1
3994,4780,4709,HIGH,exact_code_plus_base_flag,1
4156,4780,4931,HIGH,exact_code_plus_base_flag,1
1285,4787,1734,HIGH,exact_code_plus_base_flag,1
1321,4787,1776,HIGH,exact_code_plus_base_flag,1
3218,4787,3884,HIGH,exact_code_plus_base_flag,1
3220,4791,3886,HIGH,exact_code_plus_base_flag,1
4162,4791,4937,HIGH,exact_code_plus_base_flag,1
1186,4796,1624,HIGH,exact_code_plus_base_flag,1
1322,4796,1777,HIGH,exact_code_plus_base_flag,1
4168,4798,4943,HIGH,exact_code_plus_base_flag,1
4171,4798,4946,HIGH,exact_code_plus_base_flag,1
4175,4798,4950,HIGH,exact_code_plus_base_flag,1
3227,4810,3893,HIGH,exact_code_plus_base_flag,1
3229,4814,3895,HIGH,exact_code_plus_base_flag,1
3230,4814,3896,HIGH,exact_code_plus_base_flag,1
4007,4814,4722,HIGH,exact_code_plus_base_flag,1
4178,4814,4953,HIGH,exact_code_plus_base_flag,1
3342,4823,4018,HIGH,exact_code_plus_base_flag,1
1210,4831,1653,HIGH,exact_code_plus_base_flag,1
3346,4831,4022,HIGH,exact_code_plus_base_flag,1
3351,4842,4027,HIGH,exact_code_plus_base_flag,1
1211,4848,1654,HIGH,exact_code_plus_base_flag,1
3354,4848,4030,HIGH,exact_code_plus_base_flag,1
1381,4859,1846,HIGH,exact_code_plus_base_flag,1
1382,4867,1847,HIGH,exact_code_plus_base_flag,1
3363,4869,4039,HIGH,exact_code_plus_base_flag,1
3367,4877,4043,HIGH,exact_code_plus_base_flag,1
3369,4881,4045,HIGH,exact_code_plus_base_flag,1
3371,4885,4047,HIGH,exact_code_plus_base_flag,1
1383,4897,1848,HIGH,exact_code_plus_base_flag,1
1384,4901,1849,HIGH,exact_code_plus_base_flag,1
3380,4904,4056,HIGH,exact_code_plus_base_flag,1
3390,4924,4066,HIGH,exact_code_plus_base_flag,1
1417,4928,1890,HIGH,exact_code_plus_base_flag,1
3392,4928,4068,HIGH,exact_code_plus_base_flag,1
3399,4945,4075,HIGH,exact_code_plus_base_flag,1
3404,4957,4080,HIGH,exact_code_plus_base_flag,1
1385,4963,1850,HIGH,exact_code_plus_base_flag,1
1427,4965,1904,HIGH,exact_code_plus_base_flag,1
3408,4965,4084,HIGH,exact_code_plus_base_flag,1
3916,4978,4624,HIGH,exact_code_plus_base_flag,1
1341,4985,1799,HIGH,exact_code_plus_base_flag,1
3417,4991,4093,HIGH,exact_code_plus_base_flag,1
1429,5004,1906,HIGH,exact_code_plus_base_flag,1
3423,5004,4099,HIGH,exact_code_plus_base_flag,1
1386,5010,1851,HIGH,exact_code_plus_base_flag,1
3427,5014,4103,HIGH,exact_code_plus_base_flag,1
1286,5023,1735,HIGH,exact_code_plus_base_flag,1
3431,5023,4107,HIGH,exact_code_plus_base_flag,1
3439,5040,4115,HIGH,exact_code_plus_base_flag,1
3444,5050,4120,HIGH,exact_code_plus_base_flag,1
1387,5063,1852,HIGH,exact_code_plus_base_flag,1
3453,5069,4129,HIGH,exact_code_plus_base_flag,1
3457,5077,4133,HIGH,exact_code_plus_base_flag,1
3464,5092,4140,HIGH,exact_code_plus_base_flag,1
1166,5104,1601,HIGH,exact_code_plus_base_flag,1
3470,5104,4146,HIGH,exact_code_plus_base_flag,1
4595,5104,5406,HIGH,exact_code_plus_base_flag,1
1388,5120,1853,HIGH,exact_code_plus_base_flag,1
3479,5124,4155,HIGH,exact_code_plus_base_flag,1
3484,5134,4160,HIGH,exact_code_plus_base_flag,1
3485,5134,4161,HIGH,exact_code_plus_base_flag,1
1212,5140,1655,HIGH,exact_code_plus_base_flag,1
3487,5140,4163,HIGH,exact_code_plus_base_flag,1
3588,5146,4287,HIGH,exact_code_plus_base_flag,1
1340,5158,1798,HIGH,exact_code_plus_base_flag,1
3596,5164,4295,HIGH,exact_code_plus_base_flag,1
3603,5178,4302,HIGH,exact_code_plus_base_flag,1
4596,5178,5407,HIGH,exact_code_plus_base_flag,1
1326,5182,1781,HIGH,exact_code_plus_base_flag,1
3605,5182,4304,HIGH,exact_code_plus_base_flag,1
1287,5191,1736,HIGH,exact_code_plus_base_flag,1
1328,5196,1783,HIGH,exact_code_plus_base_flag,1
1329,5196,1787,HIGH,exact_code_plus_base_flag,1
3611,5196,4310,HIGH,exact_code_plus_base_flag,1
1339,5216,1797,HIGH,exact_code_plus_base_flag,1
1363,5222,1826,HIGH,exact_code_plus_base_flag,1
1374,5222,1838,HIGH,exact_code_plus_base_flag,1
3622,5229,4321,HIGH,exact_code_plus_base_flag,1
4460,5229,5242,HIGH,exact_code_plus_base_flag,1
1323,5235,1778,HIGH,exact_code_plus_base_flag,1
1325,5235,1780,HIGH,exact_code_plus_base_flag,1
3624,5235,4323,HIGH,exact_code_plus_base_flag,1
1426,5246,1903,HIGH,exact_code_plus_base_flag,1
3628,5246,4327,HIGH,exact_code_plus_base_flag,1
3632,5257,4331,HIGH,exact_code_plus_base_flag,1
1446,5264,1925,HIGH,exact_code_plus_base_flag,1
3636,5268,4335,HIGH,exact_code_plus_base_flag,1
3638,5272,4337,HIGH,exact_code_plus_base_flag,1
3641,5278,4340,HIGH,exact_code_plus_base_flag,1
1338,5296,1796,HIGH,exact_code_plus_base_flag,1
3655,5308,4354,HIGH,exact_code_plus_base_flag,1
3660,5318,4359,HIGH,exact_code_plus_base_flag,1
3662,5323,4361,HIGH,exact_code_plus_base_flag,1
1364,5327,1827,HIGH,exact_code_plus_base_flag,1
1375,5327,1839,HIGH,exact_code_plus_base_flag,1
3665,5331,4364,HIGH,exact_code_plus_base_flag,1
3673,5349,4372,HIGH,exact_code_plus_base_flag,1
1451,5353,1932,HIGH,exact_code_plus_base_flag,1
1460,5353,1941,HIGH,exact_code_plus_base_flag,1
1464,5353,1945,HIGH,exact_code_plus_base_flag,1
3677,5359,4376,HIGH,exact_code_plus_base_flag,1
1447,5373,1926,HIGH,exact_code_plus_base_flag,1
3686,5379,4385,HIGH,exact_code_plus_base_flag,1
3692,5391,4391,HIGH,exact_code_plus_base_flag,1
3694,5395,4393,HIGH,exact_code_plus_base_flag,1
1452,5401,1933,HIGH,exact_code_plus_base_flag,1
1461,5401,1942,HIGH,exact_code_plus_base_flag,1
1465,5401,1946,HIGH,exact_code_plus_base_flag,1
1365,5410,1828,HIGH,exact_code_plus_base_flag,1
1376,5410,1840,HIGH,exact_code_plus_base_flag,1
1431,5414,1908,HIGH,exact_code_plus_base_flag,1
3702,5414,4401,HIGH,exact_code_plus_base_flag,1
1337,5426,1795,HIGH,exact_code_plus_base_flag,1
3711,5436,4410,HIGH,exact_code_plus_base_flag,1
1413,5452,1884,HIGH,exact_code_plus_base_flag,1
3718,5452,4417,HIGH,exact_code_plus_base_flag,1
4332,5452,5114,HIGH,exact_code_plus_base_flag,1
1336,5466,1794,HIGH,exact_code_plus_base_flag,1
1366,5466,1829,HIGH,exact_code_plus_base_flag,1
1377,5466,1841,HIGH,exact_code_plus_base_flag,1
3729,5483,4428,HIGH,exact_code_plus_base_flag,1
3730,5483,4429,HIGH,exact_code_plus_base_flag,1
1432,5489,1909,HIGH,exact_code_plus_base_flag,1
3732,5489,4431,HIGH,exact_code_plus_base_flag,1
3746,5495,4454,HIGH,exact_code_plus_base_flag,1
3748,5500,4456,HIGH,exact_code_plus_base_flag,1
1404,5504,1869,HIGH,exact_code_plus_base_flag,1
3750,5504,4458,HIGH,exact_code_plus_base_flag,1
3752,5508,4460,HIGH,exact_code_plus_base_flag,1
3756,5516,4464,HIGH,exact_code_plus_base_flag,1
1458,5537,1939,HIGH,exact_code_plus_base_flag,1
3766,5537,4474,HIGH,exact_code_plus_base_flag,1
1352,5545,1812,HIGH,exact_code_plus_base_flag,1
3774,5554,4482,HIGH,exact_code_plus_base_flag,1
3779,5564,4487,HIGH,exact_code_plus_base_flag,1
3781,5568,4489,HIGH,exact_code_plus_base_flag,1
4597,5576,5408,HIGH,exact_code_plus_base_flag,1
4602,5588,5453,HIGH,exact_code_plus_base_flag,1
1353,5594,1813,HIGH,exact_code_plus_base_flag,1
3796,5599,4504,HIGH,exact_code_plus_base_flag,1
4598,5599,5409,HIGH,exact_code_plus_base_flag,1
3806,5619,4514,HIGH,exact_code_plus_base_flag,1
3810,5627,4518,HIGH,exact_code_plus_base_flag,1
1351,5635,1811,HIGH,exact_code_plus_base_flag,1
1335,5648,1793,HIGH,exact_code_plus_base_flag,1
3821,5652,4529,HIGH,exact_code_plus_base_flag,1
3823,5656,4531,HIGH,exact_code_plus_base_flag,1
3825,5660,4533,HIGH,exact_code_plus_base_flag,1
3836,5682,4544,HIGH,exact_code_plus_base_flag,1
3840,5690,4548,HIGH,exact_code_plus_base_flag,1
3842,5694,4550,HIGH,exact_code_plus_base_flag,1
3843,5694,4551,HIGH,exact_code_plus_base_flag,1
3846,5702,4554,HIGH,exact_code_plus_base_flag,1
3848,5706,4556,HIGH,exact_code_plus_base_flag,1
3849,5706,4557,HIGH,exact_code_plus_base_flag,1
3851,5712,4559,HIGH,exact_code_plus_base_flag,1
3852,5712,4560,HIGH,exact_code_plus_base_flag,1
1334,5720,1792,HIGH,exact_code_plus_base_flag,1
3858,5728,4566,HIGH,exact_code_plus_base_flag,1
3859,5728,4567,HIGH,exact_code_plus_base_flag,1
3862,5736,4570,HIGH,exact_code_plus_base_flag,1
3863,5736,4571,HIGH,exact_code_plus_base_flag,1
3873,5758,4581,HIGH,exact_code_plus_base_flag,1
3882,5776,4590,HIGH,exact_code_plus_base_flag,1
3885,5783,4593,HIGH,exact_code_plus_base_flag,1
3889,5791,4597,HIGH,exact_code_plus_base_flag,1
3891,5795,4599,HIGH,exact_code_plus_base_flag,1
1456,5805,1937,HIGH,exact_code_plus_base_flag,1
3896,5805,4604,HIGH,exact_code_plus_base_flag,1
3897,5805,4605,HIGH,exact_code_plus_base_flag,1
3898,5805,4606,HIGH,exact_code_plus_base_flag,1
3899,5805,4607,HIGH,exact_code_plus_base_flag,1
1448,5816,1927,HIGH,exact_code_plus_base_flag,1
1457,5816,1938,HIGH,exact_code_plus_base_flag,1
3901,5816,4609,HIGH,exact_code_plus_base_flag,1
3902,5816,4610,HIGH,exact_code_plus_base_flag,1
3903,5816,4611,HIGH,exact_code_plus_base_flag,1
3904,5816,4612,HIGH,exact_code_plus_base_flag,1
1324,5827,1779,HIGH,exact_code_plus_base_flag,1
3906,5827,4614,HIGH,exact_code_plus_base_flag,1
3907,5827,4615,HIGH,exact_code_plus_base_flag,1
3908,5827,4616,HIGH,exact_code_plus_base_flag,1
3909,5827,4617,HIGH,exact_code_plus_base_flag,1
4265,5838,5043,HIGH,exact_code_plus_base_flag,1
4301,5856,5083,HIGH,exact_code_plus_base_flag,1
4267,5866,5045,HIGH,exact_code_plus_base_flag,1
4463,5870,5250,HIGH,exact_code_plus_base_flag,1
4318,5873,5100,HIGH,exact_code_plus_base_flag,1
4269,5885,5047,HIGH,exact_code_plus_base_flag,1
4322,5902,5104,HIGH,exact_code_plus_base_flag,1
4464,5908,5251,HIGH,exact_code_plus_base_flag,1
4321,5913,5103,HIGH,exact_code_plus_base_flag,1
4271,5919,5049,HIGH,exact_code_plus_base_flag,1
4297,5935,5079,HIGH,exact_code_plus_base_flag,1
4290,5939,5072,HIGH,exact_code_plus_base_flag,1
4324,5943,5106,HIGH,exact_code_plus_base_flag,1
4465,5947,5252,HIGH,exact_code_plus_base_flag,1
4299,5960,5081,HIGH,exact_code_plus_base_flag,1
4273,5984,5051,HIGH,exact_code_plus_base_flag,1
4319,5988,5101,HIGH,exact_code_plus_base_flag,1
4303,6006,5085,HIGH,exact_code_plus_base_flag,1
4466,6018,5253,HIGH,exact_code_plus_base_flag,1
4286,6029,5068,HIGH,exact_code_plus_base_flag,1
4282,6033,5060,HIGH,exact_code_plus_base_flag,1
4288,6043,5070,HIGH,exact_code_plus_base_flag,1
4467,6051,5254,HIGH,exact_code_plus_base_flag,1
4325,6060,5107,HIGH,exact_code_plus_base_flag,1
4327,6064,5109,HIGH,exact_code_plus_base_flag,1
4330,6076,5112,HIGH,exact_code_plus_base_flag,1
4284,6094,5062,HIGH,exact_code_plus_base_flag,1
4468,6105,5255,HIGH,exact_code_plus_base_flag,1
4323,6112,5105,HIGH,exact_code_plus_base_flag,1
1454,6116,1935,HIGH,exact_code_plus_base_flag,1
4292,6116,5074,HIGH,exact_code_plus_base_flag,1
4461,6116,5243,HIGH,exact_code_plus_base_flag,1
4331,6133,5113,HIGH,exact_code_plus_base_flag,1
1455,6137,1936,HIGH,exact_code_plus_base_flag,1
4307,6137,5089,HIGH,exact_code_plus_base_flag,1
4452,6137,5234,HIGH,exact_code_plus_base_flag,1
1449,6143,1930,HIGH,exact_code_plus_base_flag,1
4306,6143,5088,HIGH,exact_code_plus_base_flag,1
398,6296,703,HIGH,exact_code_plus_base_flag,1
399,6296,704,HIGH,exact_code_plus_base_flag,1
400,6296,705,HIGH,exact_code_plus_base_flag,1
530,6296,864,HIGH,exact_code_plus_base_flag,1
565,6296,903,HIGH,exact_code_plus_base_flag,1
798,6296,1159,HIGH,exact_code_plus_base_flag,1
799,6296,1160,HIGH,exact_code_plus_base_flag,1
800,6296,1161,HIGH,exact_code_plus_base_flag,1
801,6296,1162,HIGH,exact_code_plus_base_flag,1
802,6296,1163,HIGH,exact_code_plus_base_flag,1
803,6296,1164,HIGH,exact_code_plus_base_flag,1
881,6296,1260,HIGH,exact_code_plus_base_flag,1
402,6306,707,HIGH,exact_code_plus_base_flag,1
804,6306,1165,HIGH,exact_code_plus_base_flag,1
805,6306,1166,HIGH,exact_code_plus_base_flag,1
806,6306,1167,HIGH,exact_code_plus_base_flag,1
807,6306,1168,HIGH,exact_code_plus_base_flag,1
808,6306,1169,HIGH,exact_code_plus_base_flag,1
809,6306,1170,HIGH,exact_code_plus_base_flag,1
407,6313,712,HIGH,exact_code_plus_base_flag,1
420,6313,727,HIGH,exact_code_plus_base_flag,1
681,6313,1029,HIGH,exact_code_plus_base_flag,1
408,6315,713,HIGH,exact_code_plus_base_flag,1
682,6315,1030,HIGH,exact_code_plus_base_flag,1
422,6317,729,HIGH,exact_code_plus_base_flag,1
683,6317,1031,HIGH,exact_code_plus_base_flag,1
423,6319,730,HIGH,exact_code_plus_base_flag,1
684,6319,1032,HIGH,exact_code_plus_base_flag,1
424,6321,731,HIGH,exact_code_plus_base_flag,1
685,6321,1033,HIGH,exact_code_plus_base_flag,1
875,6323,1254,HIGH,exact_code_plus_base_flag,1
2674,6329,3269,HIGH,exact_code_plus_base_flag,1
2830,6329,3452,HIGH,exact_code_plus_base_flag,1
2878,6329,3530,HIGH,exact_code_plus_base_flag,1
547,6336,884,HIGH,exact_code_plus_base_flag,1
850,6339,1221,HIGH,exact_code_plus_base_flag,1
851,6339,1222,HIGH,exact_code_plus_base_flag,1
939,6339,1327,HIGH,exact_code_plus_base_flag,1
852,6344,1223,HIGH,exact_code_plus_base_flag,1
853,6344,1224,HIGH,exact_code_plus_base_flag,1
940,6344,1328,HIGH,exact_code_plus_base_flag,1
548,6352,885,HIGH,exact_code_plus_base_flag,1
439,6359,747,HIGH,exact_code_plus_base_flag,1
670,6363,1018,HIGH,exact_code_plus_base_flag,1
784,6363,1145,HIGH,exact_code_plus_base_flag,1
415,6365,720,HIGH,exact_code_plus_base_flag,1
671,6365,1019,HIGH,exact_code_plus_base_flag,1
781,6365,1142,HIGH,exact_code_plus_base_flag,1
416,6367,721,HIGH,exact_code_plus_base_flag,1
672,6367,1020,HIGH,exact_code_plus_base_flag,1
785,6367,1146,HIGH,exact_code_plus_base_flag,1
2690,6367,3295,HIGH,exact_code_plus_base_flag,1
2879,6367,3531,HIGH,exact_code_plus_base_flag,1
2880,6367,3532,HIGH,exact_code_plus_base_flag,1
417,6372,722,HIGH,exact_code_plus_base_flag,1
673,6372,1021,HIGH,exact_code_plus_base_flag,1
783,6372,1144,HIGH,exact_code_plus_base_flag,1
886,6372,1265,HIGH,exact_code_plus_base_flag,1
1222,6372,1665,HIGH,exact_code_plus_base_flag,1
674,6377,1022,HIGH,exact_code_plus_base_flag,1
778,6377,1139,HIGH,exact_code_plus_base_flag,1
878,6377,1257,HIGH,exact_code_plus_base_flag,1
675,6379,1023,HIGH,exact_code_plus_base_flag,1
776,6379,1137,HIGH,exact_code_plus_base_flag,1
676,6380,1024,HIGH,exact_code_plus_base_flag,1
782,6380,1143,HIGH,exact_code_plus_base_flag,1
677,6382,1025,HIGH,exact_code_plus_base_flag,1
779,6382,1140,HIGH,exact_code_plus_base_flag,1
631,6386,971,HIGH,exact_code_plus_base_flag,1
512,6388,845,HIGH,exact_code_plus_base_flag,1
652,6388,997,HIGH,exact_code_plus_base_flag,1
653,6394,998,HIGH,exact_code_plus_base_flag,1
728,6394,1080,HIGH,exact_code_plus_base_flag,1
810,6394,1171,HIGH,exact_code_plus_base_flag,1
811,6394,1172,HIGH,exact_code_plus_base_flag,1
812,6394,1173,HIGH,exact_code_plus_base_flag,1
813,6394,1174,HIGH,exact_code_plus_base_flag,1
814,6394,1175,HIGH,exact_code_plus_base_flag,1
815,6394,1176,HIGH,exact_code_plus_base_flag,1
945,6394,1334,HIGH,exact_code_plus_base_flag,1
2630,6394,3213,HIGH,exact_code_plus_base_flag,1
922,6398,1305,HIGH,exact_code_plus_base_flag,1
928,6398,1314,HIGH,exact_code_plus_base_flag,1
1035,6399,1437,HIGH,exact_code_plus_base_flag,1
822,6401,1184,HIGH,exact_code_plus_base_flag,1
923,6401,1306,HIGH,exact_code_plus_base_flag,1
929,6401,1315,HIGH,exact_code_plus_base_flag,1
4186,6401,4961,HIGH,exact_code_plus_base_flag,1
734,6404,1088,HIGH,exact_code_plus_base_flag,1
1017,6404,1414,HIGH,exact_code_plus_base_flag,1
1018,6404,1415,HIGH,exact_code_plus_base_flag,1
924,6407,1307,HIGH,exact_code_plus_base_flag,1
930,6407,1316,HIGH,exact_code_plus_base_flag,1
837,6409,1206,HIGH,exact_code_plus_base_flag,1
842,6412,1211,HIGH,exact_code_plus_base_flag,1
841,6415,1210,HIGH,exact_code_plus_base_flag,1
844,6418,1213,HIGH,exact_code_plus_base_flag,1
845,6421,1214,HIGH,exact_code_plus_base_flag,1
839,6424,1208,HIGH,exact_code_plus_base_flag,1
838,6427,1207,HIGH,exact_code_plus_base_flag,1
2678,6427,3274,HIGH,exact_code_plus_base_flag,1
2831,6427,3453,HIGH,exact_code_plus_base_flag,1
2925,6427,3577,HIGH,exact_code_plus_base_flag,1
840,6436,1209,HIGH,exact_code_plus_base_flag,1
1416,6436,1889,HIGH,exact_code_plus_base_flag,1
2679,6436,3275,HIGH,exact_code_plus_base_flag,1
2832,6436,3454,HIGH,exact_code_plus_base_flag,1
2924,6436,3576,HIGH,exact_code_plus_base_flag,1
843,6444,1212,HIGH,exact_code_plus_base_flag,1
2597,6447,3174,HIGH,exact_code_plus_base_flag,1
2598,6450,3175,HIGH,exact_code_plus_base_flag,1
2599,6453,3176,HIGH,exact_code_plus_base_flag,1
2600,6456,3177,HIGH,exact_code_plus_base_flag,1
727,6459,1079,HIGH,exact_code_plus_base_flag,1
2601,6459,3178,HIGH,exact_code_plus_base_flag,1
823,6464,1185,HIGH,exact_code_plus_base_flag,1
925,6464,1308,HIGH,exact_code_plus_base_flag,1
931,6464,1317,HIGH,exact_code_plus_base_flag,1
4000,6464,4715,HIGH,exact_code_plus_base_flag,1
4194,6464,4969,HIGH,exact_code_plus_base_flag,1
1230,6470,1674,HIGH,exact_code_plus_base_flag,1
1259,6470,1705,HIGH,exact_code_plus_base_flag,1
4202,6479,4977,HIGH,exact_code_plus_base_flag,1
4207,6479,4982,HIGH,exact_code_plus_base_flag,1
973,6483,1367,HIGH,exact_code_plus_base_flag,1
1231,6483,1675,HIGH,exact_code_plus_base_flag,1
1260,6483,1706,HIGH,exact_code_plus_base_flag,1
1401,6483,1866,HIGH,exact_code_plus_base_flag,1
1402,6483,1867,HIGH,exact_code_plus_base_flag,1
4208,6483,4983,HIGH,exact_code_plus_base_flag,1
4211,6483,4986,HIGH,exact_code_plus_base_flag,1
1062,6497,1473,HIGH,exact_code_plus_base_flag,1
1232,6497,1676,HIGH,exact_code_plus_base_flag,1
1261,6497,1707,HIGH,exact_code_plus_base_flag,1
4214,6497,4989,HIGH,exact_code_plus_base_flag,1
904,6504,1285,HIGH,exact_code_plus_base_flag,1
1130,6508,1561,HIGH,exact_code_plus_base_flag,1
4224,6508,4999,HIGH,exact_code_plus_base_flag,1
4261,6508,5036,HIGH,exact_code_plus_base_flag,1
1131,6513,1562,HIGH,exact_code_plus_base_flag,1
4226,6513,5001,HIGH,exact_code_plus_base_flag,1
4262,6513,5037,HIGH,exact_code_plus_base_flag,1
1132,6517,1563,HIGH,exact_code_plus_base_flag,1
4229,6517,5004,HIGH,exact_code_plus_base_flag,1
4263,6517,5038,HIGH,exact_code_plus_base_flag,1
1233,6523,1677,HIGH,exact_code_plus_base_flag,1
1262,6523,1708,HIGH,exact_code_plus_base_flag,1
1061,6528,1472,HIGH,exact_code_plus_base_flag,1
1115,6528,1543,HIGH,exact_code_plus_base_flag,1
1122,6528,1551,HIGH,exact_code_plus_base_flag,1
1362,6528,1823,HIGH,exact_code_plus_base_flag,1
1436,6528,1913,HIGH,exact_code_plus_base_flag,1
1437,6528,1914,HIGH,exact_code_plus_base_flag,1
4234,6528,5009,HIGH,exact_code_plus_base_flag,1
1064,6538,1475,HIGH,exact_code_plus_base_flag,1
1234,6538,1678,HIGH,exact_code_plus_base_flag,1
1350,6538,1808,HIGH,exact_code_plus_base_flag,1
4239,6538,5014,HIGH,exact_code_plus_base_flag,1
1145,6546,1577,HIGH,exact_code_plus_base_flag,1
4257,6546,5032,HIGH,exact_code_plus_base_flag,1
4258,6546,5033,HIGH,exact_code_plus_base_flag,1
1142,6551,1574,HIGH,exact_code_plus_base_flag,1
4250,6551,5025,HIGH,exact_code_plus_base_flag,1
4252,6551,5027,HIGH,exact_code_plus_base_flag,1
1065,6556,1476,HIGH,exact_code_plus_base_flag,1
1235,6556,1679,HIGH,exact_code_plus_base_flag,1
1349,6556,1807,HIGH,exact_code_plus_base_flag,1
4246,6556,5021,HIGH,exact_code_plus_base_flag,1
1087,6563,1511,HIGH,exact_code_plus_base_flag,1
3541,6563,4229,HIGH,exact_code_plus_base_flag,1
1197,6565,1639,HIGH,exact_code_plus_base_flag,1
1198,6565,1640,HIGH,exact_code_plus_base_flag,1
1199,6565,1641,HIGH,exact_code_plus_base_flag,1
1289,6565,1738,HIGH,exact_code_plus_base_flag,1
1293,6565,1743,HIGH,exact_code_plus_base_flag,1
1297,6565,1747,HIGH,exact_code_plus_base_flag,1
1345,6565,1803,HIGH,exact_code_plus_base_flag,1
4242,6565,5017,HIGH,exact_code_plus_base_flag,1
1203,6574,1646,HIGH,exact_code_plus_base_flag,1
4237,6574,5012,HIGH,exact_code_plus_base_flag,1
1200,6578,1642,HIGH,exact_code_plus_base_flag,1
1201,6578,1643,HIGH,exact_code_plus_base_flag,1
1202,6578,1644,HIGH,exact_code_plus_base_flag,1
1291,6578,1740,HIGH,exact_code_plus_base_flag,1
1295,6578,1745,HIGH,exact_code_plus_base_flag,1
1299,6578,1749,HIGH,exact_code_plus_base_flag,1
1206,6586,1649,HIGH,exact_code_plus_base_flag,1
1227,6586,1670,HIGH,exact_code_plus_base_flag,1
1415,6595,1886,HIGH,exact_code_plus_base_flag,1
4599,6618,5410,HIGH,exact_code_plus_base_flag,1
1440,6629,1917,HIGH,exact_code_plus_base_flag,1
1441,6633,1918,HIGH,exact_code_plus_base_flag,1
1442,6637,1919,HIGH,exact_code_plus_base_flag,1
2709,6662,3314,HIGH,exact_code_plus_base_flag,1
3965,6666,4680,HIGH,exact_code_plus_base_flag,1
3962,6670,4677,HIGH,exact_code_plus_base_flag,1
3949,6674,4664,HIGH,exact_code_plus_base_flag,1
3951,6678,4666,HIGH,exact_code_plus_base_flag,1
1443,6682,1922,HIGH,exact_code_plus_base_flag,1
1444,6682,1923,HIGH,exact_code_plus_base_flag,1
1445,6682,1924,HIGH,exact_code_plus_base_flag,1
3953,6682,4668,HIGH,exact_code_plus_base_flag,1
3967,6686,4682,HIGH,exact_code_plus_base_flag,1
4328,6686,5110,HIGH,exact_code_plus_base_flag,1
3975,6692,4690,HIGH,exact_code_plus_base_flag,1
3972,6696,4687,HIGH,exact_code_plus_base_flag,1
3957,6700,4672,HIGH,exact_code_plus_base_flag,1
3969,6704,4684,HIGH,exact_code_plus_base_flag,1
3971,6708,4686,HIGH,exact_code_plus_base_flag,1
3955,6712,4670,HIGH,exact_code_plus_base_flag,1
3985,6716,4700,HIGH,exact_code_plus_base_flag,1
3983,6720,4698,HIGH,exact_code_plus_base_flag,1
4600,6720,5411,HIGH,exact_code_plus_base_flag,1
3961,6725,4676,HIGH,exact_code_plus_base_flag,1
3959,6729,4674,HIGH,exact_code_plus_base_flag,1
3987,6733,4702,HIGH,exact_code_plus_base_flag,1
3988,6737,4703,HIGH,exact_code_plus_base_flag,1
405,6741,710,HIGH,exact_code_plus_base_flag,1
489,6745,816,HIGH,exact_code_plus_base_flag,1
549,6745,886,HIGH,exact_code_plus_base_flag,1
446,6754,754,HIGH,exact_code_plus_base_flag,1
447,6754,755,HIGH,exact_code_plus_base_flag,1
448,6754,756,HIGH,exact_code_plus_base_flag,1
475,6754,801,HIGH,exact_code_plus_base_flag,1
476,6754,802,HIGH,exact_code_plus_base_flag,1
477,6754,803,HIGH,exact_code_plus_base_flag,1
550,6754,887,HIGH,exact_code_plus_base_flag,1
495,6761,822,HIGH,exact_code_plus_base_flag,1
660,6761,1007,HIGH,exact_code_plus_base_flag,1
413,6767,718,HIGH,exact_code_plus_base_flag,1
492,6767,819,HIGH,exact_code_plus_base_flag,1
520,6767,853,HIGH,exact_code_plus_base_flag,1
521,6767,854,HIGH,exact_code_plus_base_flag,1
551,6767,888,HIGH,exact_code_plus_base_flag,1
665,6767,1012,HIGH,exact_code_plus_base_flag,1
864,6767,1241,HIGH,exact_code_plus_base_flag,1
2662,6767,3254,HIGH,exact_code_plus_base_flag,1
2833,6767,3455,HIGH,exact_code_plus_base_flag,1
2834,6767,3456,HIGH,exact_code_plus_base_flag,1
498,6785,829,HIGH,exact_code_plus_base_flag,1
499,6785,830,HIGH,exact_code_plus_base_flag,1
552,6785,889,HIGH,exact_code_plus_base_flag,1
686,6785,1034,HIGH,exact_code_plus_base_flag,1
1044,6785,1452,HIGH,exact_code_plus_base_flag,1
1045,6785,1453,HIGH,exact_code_plus_base_flag,1
2160,6785,2694,HIGH,exact_code_plus_base_flag,1
491,6798,818,HIGH,exact_code_plus_base_flag,1
666,6798,1013,HIGH,exact_code_plus_base_flag,1
510,6804,843,HIGH,exact_code_plus_base_flag,1
511,6804,844,HIGH,exact_code_plus_base_flag,1
493,6809,820,HIGH,exact_code_plus_base_flag,1
867,6809,1244,HIGH,exact_code_plus_base_flag,1
532,6815,866,HIGH,exact_code_plus_base_flag,1
536,6815,870,HIGH,exact_code_plus_base_flag,1
553,6815,890,HIGH,exact_code_plus_base_flag,1
687,6815,1035,HIGH,exact_code_plus_base_flag,1
862,6815,1239,HIGH,exact_code_plus_base_flag,1
882,6815,1261,HIGH,exact_code_plus_base_flag,1
4219,6815,4994,HIGH,exact_code_plus_base_flag,1
4223,6815,4998,HIGH,exact_code_plus_base_flag,1
644,6828,987,HIGH,exact_code_plus_base_flag,1
645,6828,988,HIGH,exact_code_plus_base_flag,1
941,6828,1329,HIGH,exact_code_plus_base_flag,1
1331,6828,1789,HIGH,exact_code_plus_base_flag,1
1651,6828,2144,HIGH,exact_code_plus_base_flag,1
1869,6828,2386,HIGH,exact_code_plus_base_flag,1
2009,6828,2530,HIGH,exact_code_plus_base_flag,1
414,6841,719,HIGH,exact_code_plus_base_flag,1
539,6841,875,HIGH,exact_code_plus_base_flag,1
540,6841,876,HIGH,exact_code_plus_base_flag,1
554,6841,891,HIGH,exact_code_plus_base_flag,1
664,6841,1011,HIGH,exact_code_plus_base_flag,1
2835,6850,3457,HIGH,exact_code_plus_base_flag,1
2873,6850,3525,HIGH,exact_code_plus_base_flag,1
761,6855,1120,HIGH,exact_code_plus_base_flag,1
762,6855,1121,HIGH,exact_code_plus_base_flag,1
763,6855,1122,HIGH,exact_code_plus_base_flag,1
764,6855,1123,HIGH,exact_code_plus_base_flag,1
765,6855,1124,HIGH,exact_code_plus_base_flag,1
766,6855,1125,HIGH,exact_code_plus_base_flag,1
902,6863,1283,HIGH,exact_code_plus_base_flag,1
998,6870,1395,HIGH,exact_code_plus_base_flag,1
2726,6870,3338,HIGH,exact_code_plus_base_flag,1
2836,6870,3458,HIGH,exact_code_plus_base_flag,1
2837,6870,3459,HIGH,exact_code_plus_base_flag,1
500,6882,831,HIGH,exact_code_plus_base_flag,1
501,6882,832,HIGH,exact_code_plus_base_flag,1
688,6882,1036,HIGH,exact_code_plus_base_flag,1
2561,6882,3121,HIGH,exact_code_plus_base_flag,1
4209,6882,4984,HIGH,exact_code_plus_base_flag,1
4212,6882,4987,HIGH,exact_code_plus_base_flag,1
767,6890,1126,HIGH,exact_code_plus_base_flag,1
768,6890,1127,HIGH,exact_code_plus_base_flag,1
769,6890,1128,HIGH,exact_code_plus_base_flag,1
770,6890,1129,HIGH,exact_code_plus_base_flag,1
771,6890,1130,HIGH,exact_code_plus_base_flag,1
772,6890,1131,HIGH,exact_code_plus_base_flag,1
703,6896,1054,HIGH,exact_code_plus_base_flag,1
704,6896,1055,HIGH,exact_code_plus_base_flag,1
705,6896,1056,HIGH,exact_code_plus_base_flag,1
646,6903,989,HIGH,exact_code_plus_base_flag,1
647,6903,990,HIGH,exact_code_plus_base_flag,1
942,6903,1330,HIGH,exact_code_plus_base_flag,1
607,6907,946,HIGH,exact_code_plus_base_flag,1
901,6915,1282,HIGH,exact_code_plus_base_flag,1
648,6921,991,HIGH,exact_code_plus_base_flag,1
649,6921,992,HIGH,exact_code_plus_base_flag,1
943,6921,1331,HIGH,exact_code_plus_base_flag,1
529,6925,863,HIGH,exact_code_plus_base_flag,1
1223,6925,1666,HIGH,exact_code_plus_base_flag,1
2562,6925,3122,HIGH,exact_code_plus_base_flag,1
533,6932,867,HIGH,exact_code_plus_base_flag,1
537,6932,871,HIGH,exact_code_plus_base_flag,1
689,6932,1037,HIGH,exact_code_plus_base_flag,1
2838,6932,3460,HIGH,exact_code_plus_base_flag,1
2839,6932,3461,HIGH,exact_code_plus_base_flag,1
502,6942,833,HIGH,exact_code_plus_base_flag,1
503,6942,834,HIGH,exact_code_plus_base_flag,1
690,6942,1038,HIGH,exact_code_plus_base_flag,1
885,6942,1264,HIGH,exact_code_plus_base_flag,1
657,6947,1004,HIGH,exact_code_plus_base_flag,1
706,6947,1057,HIGH,exact_code_plus_base_flag,1
707,6947,1058,HIGH,exact_code_plus_base_flag,1
708,6947,1059,HIGH,exact_code_plus_base_flag,1
746,6947,1103,HIGH,exact_code_plus_base_flag,1
816,6947,1177,HIGH,exact_code_plus_base_flag,1
817,6947,1178,HIGH,exact_code_plus_base_flag,1
818,6947,1179,HIGH,exact_code_plus_base_flag,1
819,6947,1180,HIGH,exact_code_plus_base_flag,1
820,6947,1181,HIGH,exact_code_plus_base_flag,1
821,6947,1182,HIGH,exact_code_plus_base_flag,1
926,6947,1310,HIGH,exact_code_plus_base_flag,1
932,6947,1319,HIGH,exact_code_plus_base_flag,1
2840,6947,3462,HIGH,exact_code_plus_base_flag,1
2841,6947,3463,HIGH,exact_code_plus_base_flag,1
1652,6960,2145,HIGH,exact_code_plus_base_flag,1
830,6968,1199,HIGH,exact_code_plus_base_flag,1
1000,6972,1397,HIGH,exact_code_plus_base_flag,1
2728,6972,3340,HIGH,exact_code_plus_base_flag,1
2842,6972,3464,HIGH,exact_code_plus_base_flag,1
2843,6972,3465,HIGH,exact_code_plus_base_flag,1
449,6981,757,HIGH,exact_code_plus_base_flag,1
450,6981,758,HIGH,exact_code_plus_base_flag,1
451,6981,759,HIGH,exact_code_plus_base_flag,1
478,6981,804,HIGH,exact_code_plus_base_flag,1
479,6981,805,HIGH,exact_code_plus_base_flag,1
480,6981,806,HIGH,exact_code_plus_base_flag,1
963,6981,1357,HIGH,exact_code_plus_base_flag,1
826,6989,1195,HIGH,exact_code_plus_base_flag,1
900,6993,1281,HIGH,exact_code_plus_base_flag,1
1133,6995,1564,HIGH,exact_code_plus_base_flag,1
650,6999,993,HIGH,exact_code_plus_base_flag,1
651,6999,994,HIGH,exact_code_plus_base_flag,1
713,6999,1064,HIGH,exact_code_plus_base_flag,1
714,6999,1065,HIGH,exact_code_plus_base_flag,1
715,6999,1066,HIGH,exact_code_plus_base_flag,1
944,6999,1332,HIGH,exact_code_plus_base_flag,1
1653,6999,2146,HIGH,exact_code_plus_base_flag,1
2734,6999,3346,HIGH,exact_code_plus_base_flag,1
608,7013,947,HIGH,exact_code_plus_base_flag,1
628,7013,968,HIGH,exact_code_plus_base_flag,1
2563,7013,3123,HIGH,exact_code_plus_base_flag,1
2844,7013,3466,HIGH,exact_code_plus_base_flag,1
2845,7013,3467,HIGH,exact_code_plus_base_flag,1
452,7025,760,HIGH,exact_code_plus_base_flag,1
453,7025,761,HIGH,exact_code_plus_base_flag,1
454,7025,762,HIGH,exact_code_plus_base_flag,1
481,7025,807,HIGH,exact_code_plus_base_flag,1
482,7025,808,HIGH,exact_code_plus_base_flag,1
483,7025,809,HIGH,exact_code_plus_base_flag,1
889,7025,1268,HIGH,exact_code_plus_base_flag,1
504,7032,835,HIGH,exact_code_plus_base_flag,1
505,7032,836,HIGH,exact_code_plus_base_flag,1
691,7032,1039,HIGH,exact_code_plus_base_flag,1
467,7036,785,HIGH,exact_code_plus_base_flag,1
468,7036,786,HIGH,exact_code_plus_base_flag,1
692,7036,1040,HIGH,exact_code_plus_base_flag,1
890,7036,1269,HIGH,exact_code_plus_base_flag,1
829,7051,1198,HIGH,exact_code_plus_base_flag,1
2846,7051,3468,HIGH,exact_code_plus_base_flag,1
2874,7051,3526,HIGH,exact_code_plus_base_flag,1
1006,7058,1403,HIGH,exact_code_plus_base_flag,1
964,7063,1358,HIGH,exact_code_plus_base_flag,1
1134,7063,1565,HIGH,exact_code_plus_base_flag,1
877,7069,1256,HIGH,exact_code_plus_base_flag,1
573,7078,911,HIGH,exact_code_plus_base_flag,1
833,7091,1202,HIGH,exact_code_plus_base_flag,1
462,7103,776,HIGH,exact_code_plus_base_flag,1
534,7112,868,HIGH,exact_code_plus_base_flag,1
538,7112,872,HIGH,exact_code_plus_base_flag,1
693,7112,1041,HIGH,exact_code_plus_base_flag,1
887,7112,1266,HIGH,exact_code_plus_base_flag,1
1019,7112,1416,HIGH,exact_code_plus_base_flag,1
1020,7112,1417,HIGH,exact_code_plus_base_flag,1
2564,7112,3124,HIGH,exact_code_plus_base_flag,1
797,7123,1158,HIGH,exact_code_plus_base_flag,1
1001,7123,1398,HIGH,exact_code_plus_base_flag,1
4204,7123,4979,HIGH,exact_code_plus_base_flag,1
4205,7123,4980,HIGH,exact_code_plus_base_flag,1
516,7130,849,HIGH,exact_code_plus_base_flag,1
2847,7130,3469,HIGH,exact_code_plus_base_flag,1
2848,7130,3470,HIGH,exact_code_plus_base_flag,1
2890,7130,3542,HIGH,exact_code_plus_base_flag,1
730,7138,1082,HIGH,exact_code_plus_base_flag,1
2849,7143,3471,HIGH,exact_code_plus_base_flag,1
2875,7143,3527,HIGH,exact_code_plus_base_flag,1
2655,7162,3244,HIGH,exact_code_plus_base_flag,1
528,7167,862,HIGH,exact_code_plus_base_flag,1
2850,7167,3472,HIGH,exact_code_plus_base_flag,1
2851,7167,3473,HIGH,exact_code_plus_base_flag,1
455,7173,763,HIGH,exact_code_plus_base_flag,1
456,7173,764,HIGH,exact_code_plus_base_flag,1
457,7173,765,HIGH,exact_code_plus_base_flag,1
484,7173,810,HIGH,exact_code_plus_base_flag,1
485,7173,811,HIGH,exact_code_plus_base_flag,1
486,7173,812,HIGH,exact_code_plus_base_flag,1
873,7179,1251,HIGH,exact_code_plus_base_flag,1
876,7199,1255,HIGH,exact_code_plus_base_flag,1
655,7250,1002,HIGH,exact_code_plus_base_flag,1
2852,7256,3474,HIGH,exact_code_plus_base_flag,1
2876,7256,3528,HIGH,exact_code_plus_base_flag,1
4199,7272,4974,HIGH,exact_code_plus_base_flag,1
4201,7272,4976,HIGH,exact_code_plus_base_flag,1
858,7278,1235,HIGH,exact_code_plus_base_flag,1
896,7278,1276,HIGH,exact_code_plus_base_flag,1
1084,7278,1496,HIGH,exact_code_plus_base_flag,1
1354,7278,1814,HIGH,exact_code_plus_base_flag,1
1315,7287,1770,HIGH,exact_code_plus_base_flag,1
1319,7287,1774,HIGH,exact_code_plus_base_flag,1
4193,7287,4968,HIGH,exact_code_plus_base_flag,1
2414,7295,2966,HIGH,exact_code_plus_base_flag,1
2741,7295,3356,HIGH,exact_code_plus_base_flag,1
2888,7295,3540,HIGH,exact_code_plus_base_flag,1
709,7309,1060,HIGH,exact_code_plus_base_flag,1
710,7309,1061,HIGH,exact_code_plus_base_flag,1
711,7309,1062,HIGH,exact_code_plus_base_flag,1
2602,7323,3179,HIGH,exact_code_plus_base_flag,1
721,7327,1073,HIGH,exact_code_plus_base_flag,1
1067,7327,1478,HIGH,exact_code_plus_base_flag,1
2603,7327,3180,HIGH,exact_code_plus_base_flag,1
719,7331,1071,HIGH,exact_code_plus_base_flag,1
2604,7331,3181,HIGH,exact_code_plus_base_flag,1
720,7335,1072,HIGH,exact_code_plus_base_flag,1
2605,7335,3182,HIGH,exact_code_plus_base_flag,1
1305,7342,1757,HIGH,exact_code_plus_base_flag,1
1453,7342,1934,HIGH,exact_code_plus_base_flag,1
1459,7342,1940,HIGH,exact_code_plus_base_flag,1
1466,7342,1947,HIGH,exact_code_plus_base_flag,1
4184,7346,4959,HIGH,exact_code_plus_base_flag,1
4185,7346,4960,HIGH,exact_code_plus_base_flag,1
893,7353,1272,HIGH,exact_code_plus_base_flag,1
3231,7363,3897,HIGH,exact_code_plus_base_flag,1
2853,7369,3475,HIGH,exact_code_plus_base_flag,1
2854,7369,3476,HIGH,exact_code_plus_base_flag,1
4182,7378,4957,HIGH,exact_code_plus_base_flag,1
4183,7378,4958,HIGH,exact_code_plus_base_flag,1
899,7381,1280,HIGH,exact_code_plus_base_flag,1
898,7386,1279,HIGH,exact_code_plus_base_flag,1
897,7391,1278,HIGH,exact_code_plus_base_flag,1
1034,7391,1436,HIGH,exact_code_plus_base_flag,1
4179,7397,4954,HIGH,exact_code_plus_base_flag,1
4172,7411,4947,HIGH,exact_code_plus_base_flag,1
4164,7425,4939,HIGH,exact_code_plus_base_flag,1
1135,7437,1566,HIGH,exact_code_plus_base_flag,1
4157,7447,4932,HIGH,exact_code_plus_base_flag,1
3581,7459,4275,HIGH,exact_code_plus_base_flag,1
4144,7468,4919,HIGH,exact_code_plus_base_flag,1
3232,7476,3898,HIGH,exact_code_plus_base_flag,1
4139,7486,4914,HIGH,exact_code_plus_base_flag,1
4141,7486,4916,HIGH,exact_code_plus_base_flag,1
3556,7494,4246,HIGH,exact_code_plus_base_flag,1
4130,7494,4905,HIGH,exact_code_plus_base_flag,1
4132,7494,4907,HIGH,exact_code_plus_base_flag,1
4121,7503,4896,HIGH,exact_code_plus_base_flag,1
4122,7503,4897,HIGH,exact_code_plus_base_flag,1
4119,7511,4894,HIGH,exact_code_plus_base_flag,1
4120,7511,4895,HIGH,exact_code_plus_base_flag,1
4117,7515,4892,HIGH,exact_code_plus_base_flag,1
4259,7515,5034,HIGH,exact_code_plus_base_flag,1
3233,7521,3899,HIGH,exact_code_plus_base_flag,1
3980,7521,4695,HIGH,exact_code_plus_base_flag,1
4100,7521,4875,HIGH,exact_code_plus_base_flag,1
1255,7532,1700,HIGH,exact_code_plus_base_flag,1
1267,7532,1714,HIGH,exact_code_plus_base_flag,1
1411,7532,1882,HIGH,exact_code_plus_base_flag,1
1425,7532,1902,HIGH,exact_code_plus_base_flag,1
4094,7544,4869,HIGH,exact_code_plus_base_flag,1
4096,7544,4871,HIGH,exact_code_plus_base_flag,1
3494,7548,4170,HIGH,exact_code_plus_base_flag,1
3981,7548,4696,HIGH,exact_code_plus_base_flag,1
4088,7548,4863,HIGH,exact_code_plus_base_flag,1
1160,7555,1595,HIGH,exact_code_plus_base_flag,1
1161,7555,1596,HIGH,exact_code_plus_base_flag,1
1311,7555,1763,HIGH,exact_code_plus_base_flag,1
4079,7555,4854,HIGH,exact_code_plus_base_flag,1
4081,7555,4856,HIGH,exact_code_plus_base_flag,1
3990,7561,4705,HIGH,exact_code_plus_base_flag,1
4074,7561,4849,HIGH,exact_code_plus_base_flag,1
1072,7566,1483,HIGH,exact_code_plus_base_flag,1
1224,7566,1667,HIGH,exact_code_plus_base_flag,1
1256,7566,1701,HIGH,exact_code_plus_base_flag,1
1268,7566,1715,HIGH,exact_code_plus_base_flag,1
4070,7566,4845,HIGH,exact_code_plus_base_flag,1
4072,7566,4847,HIGH,exact_code_plus_base_flag,1
1109,7573,1537,HIGH,exact_code_plus_base_flag,1
1225,7577,1668,HIGH,exact_code_plus_base_flag,1
1389,7577,1854,HIGH,exact_code_plus_base_flag,1
4068,7577,4843,HIGH,exact_code_plus_base_flag,1
4069,7577,4844,HIGH,exact_code_plus_base_flag,1
3234,7582,3900,HIGH,exact_code_plus_base_flag,1
4059,7582,4834,HIGH,exact_code_plus_base_flag,1
4060,7582,4835,HIGH,exact_code_plus_base_flag,1
4061,7582,4836,HIGH,exact_code_plus_base_flag,1
4053,7590,4828,HIGH,exact_code_plus_base_flag,1
4057,7590,4832,HIGH,exact_code_plus_base_flag,1
4562,7590,5356,HIGH,exact_code_plus_base_flag,1
1046,7595,1454,HIGH,exact_code_plus_base_flag,1
4045,7595,4820,HIGH,exact_code_plus_base_flag,1
4047,7595,4822,HIGH,exact_code_plus_base_flag,1
3084,7600,3742,HIGH,exact_code_plus_base_flag,1
3737,7600,4436,HIGH,exact_code_plus_base_flag,1
3495,7605,4171,HIGH,exact_code_plus_base_flag,1
1169,7611,1606,HIGH,exact_code_plus_base_flag,1
1170,7611,1607,HIGH,exact_code_plus_base_flag,1
4041,7611,4816,HIGH,exact_code_plus_base_flag,1
4042,7611,4817,HIGH,exact_code_plus_base_flag,1
4037,7627,4812,HIGH,exact_code_plus_base_flag,1
4038,7627,4813,HIGH,exact_code_plus_base_flag,1
4030,7645,4805,HIGH,exact_code_plus_base_flag,1
1237,7691,1681,HIGH,exact_code_plus_base_flag,1
1238,7691,1682,HIGH,exact_code_plus_base_flag,1
3918,7705,4630,HIGH,exact_code_plus_base_flag,1
3920,7709,4632,HIGH,exact_code_plus_base_flag,1
1288,7713,1737,HIGH,exact_code_plus_base_flag,1
3922,7713,4634,HIGH,exact_code_plus_base_flag,1
3924,7718,4636,HIGH,exact_code_plus_base_flag,1
3926,7722,4638,HIGH,exact_code_plus_base_flag,1
3928,7726,4640,HIGH,exact_code_plus_base_flag,1
3930,7730,4642,HIGH,exact_code_plus_base_flag,1
3932,7734,4644,HIGH,exact_code_plus_base_flag,1
3934,7738,4646,HIGH,exact_code_plus_base_flag,1
3936,7742,4648,HIGH,exact_code_plus_base_flag,1
3938,7746,4650,HIGH,exact_code_plus_base_flag,1
3940,7750,4652,HIGH,exact_code_plus_base_flag,1
3942,7754,4654,HIGH,exact_code_plus_base_flag,1
3944,7758,4656,HIGH,exact_code_plus_base_flag,1
4601,7801,5412,HIGH,exact_code_plus_base_flag,1
4564,7823,5369,HIGH,exact_code_plus_base_flag,1
4566,7827,5371,HIGH,exact_code_plus_base_flag,1
4568,7831,5373,HIGH,exact_code_plus_base_flag,1
4570,7835,5375,HIGH,exact_code_plus_base_flag,1
4572,7839,5377,HIGH,exact_code_plus_base_flag,1
4574,7843,5379,HIGH,exact_code_plus_base_flag,1
4576,7847,5381,HIGH,exact_code_plus_base_flag,1
4578,7851,5383,HIGH,exact_code_plus_base_flag,1
4580,7855,5385,HIGH,exact_code_plus_base_flag,1
4582,7859,5387,HIGH,exact_code_plus_base_flag,1
4584,7863,5389,HIGH,exact_code_plus_base_flag,1
4586,7867,5391,HIGH,exact_code_plus_base_flag,1
4588,7871,5393,HIGH,exact_code_plus_base_flag,1
4590,7875,5395,HIGH,exact_code_plus_base_flag,1
