card_variant_id,candidate_market_product_pk,candidate_market_product_external_id,match_score,match_reasons,source_bundle,confidence,needs_manual_review
4,3907,629086,101,market_number_eq_canonical_or_extracted;image_basename_number_agrees;set_code_match;rarity_match;parallel_variant_no_parallel_market_penalty;card_name_substring_product;source_tcgcsv,card_catalog_map_candidates_20260404_001525,HIGH,0
15,5235,671449,101,market_number_eq_canonical_or_extracted;image_basename_number_agrees;set_code_match;rarity_match;parallel_variant_no_parallel_market_penalty;card_name_substring_product;source_tcgcsv,card_catalog_map_candidates_20260404_001525,HIGH,0
28,3372,587962,113,market_number_eq_canonical_or_extracted;image_basename_number_agrees;set_code_match;rarity_match;card_name_substring_product;source_tcgcsv,card_catalog_map_candidates_20260404_001525,HIGH,0
31,2719,544533,101,market_number_eq_canonical_or_extracted;image_basename_number_agrees;set_code_match;rarity_match;parallel_variant_no_parallel_market_penalty;card_name_substring_product;source_tcgcsv,card_catalog_map_candidates_20260404_001525,HIGH,0
48,4786,655981,113,market_number_eq_canonical_or_extracted;image_basename_number_agrees;set_code_match;rarity_match;card_name_substring_product;source_tcgcsv,card_catalog_map_candidates_20260404_001525,HIGH,0
55,2728,544542,101,market_number_eq_canonical_or_extracted;set_code_match;rarity_match;card_name_substring_product;source_tcgcsv,card_catalog_map_candidates_20260404_001525,HIGH,0
56,2728,544542,101,market_number_eq_canonical_or_extracted;image_basename_number_agrees;set_code_match;rarity_match;parallel_variant_no_parallel_market_penalty;card_name_substring_product;source_tcgcsv,card_catalog_map_candidates_20260404_001525,HIGH,0
59,2729,544543,101,market_number_eq_canonical_or_extracted;set_code_match;rarity_match;card_name_substring_product;source_tcgcsv,card_catalog_map_candidates_20260404_001525,HIGH,0
60,2729,544543,101,market_number_eq_canonical_or_extracted;image_basename_number_agrees;set_code_match;rarity_match;parallel_variant_no_parallel_market_penalty;card_name_substring_product;source_tcgcsv,card_catalog_map_candidates_20260404_001525,HIGH,0
61,2729,544543,101,market_number_eq_canonical_or_extracted;image_basename_number_agrees;set_code_match;rarity_match;parallel_variant_no_parallel_market_penalty;card_name_substring_product;source_tcgcsv,card_catalog_map_candidates_20260404_001525,HIGH,0
62,4198,634598,101,market_number_eq_canonical_or_extracted;image_basename_number_agrees;set_code_match;rarity_match;parallel_variant_no_parallel_market_penalty;card_name_substring_product;source_tcgcsv,card_catalog_map_candidates_20260404_001525,HIGH,0
63,2729,544543,101,market_number_eq_canonical_or_extracted;image_basename_number_agrees;set_code_match;rarity_match;parallel_variant_no_parallel_market_penalty;card_name_substring_product;source_tcgcsv,card_catalog_map_candidates_20260404_001525,HIGH,0
65,2729,544543,113,market_number_eq_canonical_or_extracted;image_basename_number_agrees;set_code_match;rarity_match;card_name_substring_product;source_tcgcsv,card_catalog_map_candidates_20260404_001525,HIGH,0
83,3908,629087,101,market_number_eq_canonical_or_extracted;image_basename_number_agrees;set_code_match;rarity_match;parallel_variant_no_parallel_market_penalty;card_name_substring_product;source_tcgcsv,card_catalog_map_candidates_20260404_001525,HIGH,0
90,5111,670645,101,market_number_eq_canonical_or_extracted;image_basename_number_agrees;set_code_match;rarity_match;parallel_variant_no_parallel_market_penalty;card_name_substring_product;source_tcgcsv,card_catalog_map_candidates_20260404_001525,HIGH,0
91,2739,544553,101,market_number_eq_canonical_or_extracted;image_basename_number_agrees;set_code_match;rarity_match;parallel_variant_no_parallel_market_penalty;card_name_substring_product;source_tcgcsv,card_catalog_map_candidates_20260404_001525,HIGH,0
92,2739,544553,113,market_number_eq_canonical_or_extracted;image_basename_number_agrees;set_code_match;rarity_match;card_name_substring_product;source_tcgcsv,card_catalog_map_candidates_20260404_001525,HIGH,0
137,3909,629088,101,market_number_eq_canonical_or_extracted;image_basename_number_agrees;set_code_match;rarity_match;parallel_variant_no_parallel_market_penalty;card_name_substring_product;source_tcgcsv,card_catalog_map_candidates_20260404_001525,HIGH,0
144,2763,544577,113,market_number_eq_canonical_or_extracted;image_basename_number_agrees;set_code_match;rarity_match;card_name_substring_product;source_tcgcsv,card_catalog_map_candidates_20260404_001525,HIGH,0
145,2763,544577,101,market_number_eq_canonical_or_extracted;set_code_match;rarity_match;card_name_substring_product;source_tcgcsv,card_catalog_map_candidates_20260404_001525,HIGH,0
146,2763,544577,101,market_number_eq_canonical_or_extracted;image_basename_number_agrees;set_code_match;rarity_match;parallel_variant_no_parallel_market_penalty;card_name_substring_product;source_tcgcsv,card_catalog_map_candidates_20260404_001525,HIGH,0
147,2763,544577,101,market_number_eq_canonical_or_extracted;image_basename_number_agrees;set_code_match;rarity_match;parallel_variant_no_parallel_market_penalty;card_name_substring_product;source_tcgcsv,card_catalog_map_candidates_20260404_001525,HIGH,0
148,2763,544577,101,market_number_eq_canonical_or_extracted;image_basename_number_agrees;set_code_match;rarity_match;parallel_variant_no_parallel_market_penalty;card_name_substring_product;source_tcgcsv,card_catalog_map_candidates_20260404_001525,HIGH,0
149,2763,544577,101,market_number_eq_canonical_or_extracted;image_basename_number_agrees;set_code_match;rarity_match;parallel_variant_no_parallel_market_penalty;card_name_substring_product;source_tcgcsv,card_catalog_map_candidates_20260404_001525,HIGH,0
150,2763,544577,101,market_number_eq_canonical_or_extracted;image_basename_number_agrees;set_code_match;rarity_match;parallel_variant_no_parallel_market_penalty;card_name_substring_product;source_tcgcsv,card_catalog_map_candidates_20260404_001525,HIGH,0
151,2763,544577,101,market_number_eq_canonical_or_extracted;image_basename_number_agrees;set_code_match;rarity_match;parallel_variant_no_parallel_market_penalty;card_name_substring_product;source_tcgcsv,card_catalog_map_candidates_20260404_001525,HIGH,0
160,4793,655988,113,market_number_eq_canonical_or_extracted;image_basename_number_agrees;set_code_match;rarity_match;card_name_substring_product;source_tcgcsv,card_catalog_map_candidates_20260404_001525,HIGH,0
168,4795,655990,113,market_number_eq_canonical_or_extracted;image_basename_number_agrees;set_code_match;rarity_match;card_name_substring_product;source_tcgcsv,card_catalog_map_candidates_20260404_001525,HIGH,0
178,2774,544588,113,market_number_eq_canonical_or_extracted;image_basename_number_agrees;set_code_match;rarity_match;card_name_substring_product;source_tcgcsv,card_catalog_map_candidates_20260404_001525,HIGH,0
194,3751,617028,101,market_number_eq_canonical_or_extracted;image_basename_number_agrees;set_code_match;rarity_match;parallel_variant_no_parallel_market_penalty;card_name_substring_product;source_tcgcsv,card_catalog_map_candidates_20260404_001525,HIGH,0
200,4164,632502,101,market_number_eq_canonical_or_extracted;image_basename_number_agrees;set_code_match;rarity_match;parallel_variant_no_parallel_market_penalty;card_name_substring_product;source_tcgcsv,card_catalog_map_candidates_20260404_001525,HIGH,0
201,4798,655993,113,market_number_eq_canonical_or_extracted;image_basename_number_agrees;set_code_match;rarity_match;card_name_substring_product;source_tcgcsv,card_catalog_map_candidates_20260404_001525,HIGH,0
215,4801,655996,109,market_number_eq_canonical_or_extracted;image_basename_number_agrees;set_code_match;rarity_match;name_token_overlap;source_tcgcsv,card_catalog_map_candidates_20260404_001525,HIGH,0
220,3911,629090,113,market_number_eq_canonical_or_extracted;image_basename_number_agrees;set_code_match;rarity_match;card_name_substring_product;source_tcgcsv,card_catalog_map_candidates_20260404_001525,HIGH,0
274,3934,629113,113,market_number_eq_canonical_or_extracted;image_basename_number_agrees;set_code_match;rarity_match;card_name_substring_product;source_tcgcsv,card_catalog_map_candidates_20260404_001525,HIGH,0
275,3934,629113,113,market_number_eq_canonical_or_extracted;image_basename_number_agrees;set_code_match;rarity_match;card_name_substring_product;source_tcgcsv,card_catalog_map_candidates_20260404_001525,HIGH,0
276,3934,629113,101,market_number_eq_canonical_or_extracted;image_basename_number_agrees;set_code_match;rarity_match;parallel_variant_no_parallel_market_penalty;card_name_substring_product;source_tcgcsv,card_catalog_map_candidates_20260404_001525,HIGH,0
277,3934,629113,101,market_number_eq_canonical_or_extracted;image_basename_number_agrees;set_code_match;rarity_match;parallel_variant_no_parallel_market_penalty;card_name_substring_product;source_tcgcsv,card_catalog_map_candidates_20260404_001525,HIGH,0
303,4450,654923,101,market_number_eq_canonical_or_extracted;image_basename_number_agrees;set_code_match;rarity_match;parallel_variant_no_parallel_market_penalty;card_name_substring_product;source_tcgcsv,card_catalog_map_candidates_20260404_001525,HIGH,0
304,3945,629124,113,market_number_eq_canonical_or_extracted;image_basename_number_agrees;set_code_match;rarity_match;card_name_substring_product;source_tcgcsv,card_catalog_map_candidates_20260404_001525,HIGH,0
335,3960,629139,101,market_number_eq_canonical_or_extracted;image_basename_number_agrees;set_code_match;rarity_match;parallel_variant_no_parallel_market_penalty;card_name_substring_product;source_tcgcsv,card_catalog_map_candidates_20260404_001525,HIGH,0
336,3960,629139,113,market_number_eq_canonical_or_extracted;image_basename_number_agrees;set_code_match;rarity_match;card_name_substring_product;source_tcgcsv,card_catalog_map_candidates_20260404_001525,HIGH,0
377,3979,629158,101,market_number_eq_canonical_or_extracted;image_basename_number_agrees;set_code_match;rarity_match;parallel_variant_no_parallel_market_penalty;card_name_substring_product;source_tcgcsv,card_catalog_map_candidates_20260404_001525,HIGH,0
378,3979,629158,101,market_number_eq_canonical_or_extracted;image_basename_number_agrees;set_code_match;rarity_match;parallel_variant_no_parallel_market_penalty;card_name_substring_product;source_tcgcsv,card_catalog_map_candidates_20260404_001525,HIGH,0
379,3979,629158,113,market_number_eq_canonical_or_extracted;image_basename_number_agrees;set_code_match;rarity_match;card_name_substring_product;source_tcgcsv,card_catalog_map_candidates_20260404_001525,HIGH,0
708,328,454513,129,market_number_eq_canonical_or_extracted;image_basename_number_agrees;set_code_match;rarity_match;parallel_token_in_market_fields;parallel_index_loose_in_name;source_tcgcsv,card_catalog_map_candidates_20260404_001525,HIGH,0
709,328,454513,121,market_number_eq_canonical_or_extracted;image_basename_number_agrees;set_code_match;rarity_match;parallel_token_in_market_fields;source_tcgcsv,card_catalog_map_candidates_20260404_001525,HIGH,0
713,329,454514,119,market_number_eq_canonical_or_extracted;image_basename_number_agrees;set_code_match;parallel_token_in_market_fields;card_name_substring_product;source_tcgcsv,card_catalog_map_candidates_20260404_001525,HIGH,0
717,310,453506,131,market_number_eq_canonical_or_extracted;image_basename_number_agrees;set_code_match;rarity_match;parallel_token_in_market_fields;card_name_substring_product;source_tcgcsv,card_catalog_map_candidates_20260404_001525,HIGH,0
720,331,454516,113,market_number_eq_canonical_or_extracted;image_basename_number_agrees;set_code_match;rarity_match;card_name_substring_product;source_tcgcsv,card_catalog_map_candidates_20260404_001525,HIGH,0
721,331,454516,113,market_number_eq_canonical_or_extracted;image_basename_number_agrees;set_code_match;rarity_match;card_name_substring_product;source_tcgcsv,card_catalog_map_candidates_20260404_001525,HIGH,0
722,331,454516,101,market_number_eq_canonical_or_extracted;image_basename_number_agrees;set_code_match;rarity_match;parallel_variant_no_parallel_market_penalty;card_name_substring_product;source_tcgcsv,card_catalog_map_candidates_20260404_001525,HIGH,0
725,332,454517,91,market_number_eq_canonical_or_extracted;set_code_match;rarity_match;source_tcgcsv,card_catalog_map_candidates_20260404_001525,HIGH,0
726,332,454517,103,market_number_eq_canonical_or_extracted;image_basename_number_agrees;set_code_match;rarity_match;source_tcgcsv,card_catalog_map_candidates_20260404_001525,HIGH,0
727,332,454517,103,market_number_eq_canonical_or_extracted;image_basename_number_agrees;set_code_match;rarity_match;source_tcgcsv,card_catalog_map_candidates_20260404_001525,HIGH,0
728,332,454517,103,market_number_eq_canonical_or_extracted;image_basename_number_agrees;set_code_match;rarity_match;source_tcgcsv,card_catalog_map_candidates_20260404_001525,HIGH,0
729,332,454517,91,market_number_eq_canonical_or_extracted;image_basename_number_agrees;set_code_match;rarity_match;parallel_variant_no_parallel_market_penalty;source_tcgcsv,card_catalog_map_candidates_20260404_001525,HIGH,0
730,332,454517,91,market_number_eq_canonical_or_extracted;image_basename_number_agrees;set_code_match;rarity_match;parallel_variant_no_parallel_market_penalty;source_tcgcsv,card_catalog_map_candidates_20260404_001525,HIGH,0
733,333,454518,113,market_number_eq_canonical_or_extracted;image_basename_number_agrees;set_code_match;rarity_match;card_name_substring_product;source_tcgcsv,card_catalog_map_candidates_20260404_001525,HIGH,0
734,333,454518,101,market_number_eq_canonical_or_extracted;set_code_match;rarity_match;card_name_substring_product;source_tcgcsv,card_catalog_map_candidates_20260404_001525,HIGH,0
735,333,454518,101,market_number_eq_canonical_or_extracted;image_basename_number_agrees;set_code_match;rarity_match;parallel_variant_no_parallel_market_penalty;card_name_substring_product;source_tcgcsv,card_catalog_map_candidates_20260404_001525,HIGH,0
739,333,454518,113,market_number_eq_canonical_or_extracted;image_basename_number_agrees;set_code_match;rarity_match;card_name_substring_product;source_tcgcsv,card_catalog_map_candidates_20260404_001525,HIGH,0
740,333,454518,113,market_number_eq_canonical_or_extracted;image_basename_number_agrees;set_code_match;rarity_match;card_name_substring_product;source_tcgcsv,card_catalog_map_candidates_20260404_001525,HIGH,0
763,341,454530,131,market_number_eq_canonical_or_extracted;image_basename_number_agrees;set_code_match;rarity_match;parallel_token_in_market_fields;card_name_substring_product;source_tcgcsv,card_catalog_map_candidates_20260404_001525,HIGH,0
764,341,454530,131,market_number_eq_canonical_or_extracted;image_basename_number_agrees;set_code_match;rarity_match;parallel_token_in_market_fields;card_name_substring_product;source_tcgcsv,card_catalog_map_candidates_20260404_001525,HIGH,0
765,341,454530,131,market_number_eq_canonical_or_extracted;image_basename_number_agrees;set_code_match;rarity_match;parallel_token_in_market_fields;card_name_substring_product;source_tcgcsv,card_catalog_map_candidates_20260404_001525,HIGH,0
766,341,454530,131,market_number_eq_canonical_or_extracted;image_basename_number_agrees;set_code_match;rarity_match;parallel_token_in_market_fields;card_name_substring_product;source_tcgcsv,card_catalog_map_candidates_20260404_001525,HIGH,0
770,342,454532,113,market_number_eq_canonical_or_extracted;image_basename_number_agrees;set_code_match;rarity_match;card_name_substring_product;source_tcgcsv,card_catalog_map_candidates_20260404_001525,HIGH,0
771,342,454532,113,market_number_eq_canonical_or_extracted;image_basename_number_agrees;set_code_match;rarity_match;card_name_substring_product;source_tcgcsv,card_catalog_map_candidates_20260404_001525,HIGH,0
772,342,454532,101,market_number_eq_canonical_or_extracted;image_basename_number_agrees;set_code_match;rarity_match;parallel_variant_no_parallel_market_penalty;card_name_substring_product;source_tcgcsv,card_catalog_map_candidates_20260404_001525,HIGH,0
775,343,454533,101,market_number_eq_canonical_or_extracted;set_code_match;rarity_match;card_name_substring_product;source_tcgcsv,card_catalog_map_candidates_20260404_001525,HIGH,0
776,343,454533,101,market_number_eq_canonical_or_extracted;image_basename_number_agrees;set_code_match;rarity_match;parallel_variant_no_parallel_market_penalty;card_name_substring_product;source_tcgcsv,card_catalog_map_candidates_20260404_001525,HIGH,0
788,345,454536,131,market_number_eq_canonical_or_extracted;image_basename_number_agrees;set_code_match;rarity_match;parallel_token_in_market_fields;card_name_substring_product;source_tcgcsv,card_catalog_map_candidates_20260404_001525,HIGH,0
789,345,454536,131,market_number_eq_canonical_or_extracted;image_basename_number_agrees;set_code_match;rarity_match;parallel_token_in_market_fields;card_name_substring_product;source_tcgcsv,card_catalog_map_candidates_20260404_001525,HIGH,0
790,345,454536,85,market_number_eq_canonical_or_extracted;image_basename_number_agrees;set_code_mismatch_penalty;rarity_match;parallel_token_in_market_fields;card_name_substring_product;source_tcgcsv,card_catalog_map_candidates_20260404_001525,HIGH,0
792,345,454536,131,market_number_eq_canonical_or_extracted;image_basename_number_agrees;set_code_match;rarity_match;parallel_token_in_market_fields;card_name_substring_product;source_tcgcsv,card_catalog_map_candidates_20260404_001525,HIGH,0
793,345,454536,131,market_number_eq_canonical_or_extracted;image_basename_number_agrees;set_code_match;rarity_match;parallel_token_in_market_fields;card_name_substring_product;source_tcgcsv,card_catalog_map_candidates_20260404_001525,HIGH,0
798,346,454538,113,market_number_eq_canonical_or_extracted;image_basename_number_agrees;set_code_match;rarity_match;card_name_substring_product;source_tcgcsv,card_catalog_map_candidates_20260404_001525,HIGH,0
799,346,454538,113,market_number_eq_canonical_or_extracted;image_basename_number_agrees;set_code_match;rarity_match;card_name_substring_product;source_tcgcsv,card_catalog_map_candidates_20260404_001525,HIGH,0
800,346,454538,101,market_number_eq_canonical_or_extracted;set_code_match;rarity_match;card_name_substring_product;source_tcgcsv,card_catalog_map_candidates_20260404_001525,HIGH,0
801,346,454538,113,market_number_eq_canonical_or_extracted;image_basename_number_agrees;set_code_match;rarity_match;card_name_substring_product;source_tcgcsv,card_catalog_map_candidates_20260404_001525,HIGH,0
802,346,454538,113,market_number_eq_canonical_or_extracted;image_basename_number_agrees;set_code_match;rarity_match;card_name_substring_product;source_tcgcsv,card_catalog_map_candidates_20260404_001525,HIGH,0
803,346,454538,101,market_number_eq_canonical_or_extracted;image_basename_number_agrees;set_code_match;rarity_match;parallel_variant_no_parallel_market_penalty;card_name_substring_product;source_tcgcsv,card_catalog_map_candidates_20260404_001525,HIGH,0
804,346,454538,101,market_number_eq_canonical_or_extracted;image_basename_number_agrees;set_code_match;rarity_match;parallel_variant_no_parallel_market_penalty;card_name_substring_product;source_tcgcsv,card_catalog_map_candidates_20260404_001525,HIGH,0
813,350,454544,113,market_number_eq_canonical_or_extracted;image_basename_number_agrees;set_code_match;rarity_match;card_name_substring_product;source_tcgcsv,card_catalog_map_candidates_20260404_001525,HIGH,0
814,350,454544,113,market_number_eq_canonical_or_extracted;image_basename_number_agrees;set_code_match;rarity_match;card_name_substring_product;source_tcgcsv,card_catalog_map_candidates_20260404_001525,HIGH,0
815,350,454544,113,market_number_eq_canonical_or_extracted;image_basename_number_agrees;set_code_match;rarity_match;card_name_substring_product;source_tcgcsv,card_catalog_map_candidates_20260404_001525,HIGH,0
816,350,454544,113,market_number_eq_canonical_or_extracted;image_basename_number_agrees;set_code_match;rarity_match;card_name_substring_product;source_tcgcsv,card_catalog_map_candidates_20260404_001525,HIGH,0
817,350,454544,113,market_number_eq_canonical_or_extracted;image_basename_number_agrees;set_code_match;rarity_match;card_name_substring_product;source_tcgcsv,card_catalog_map_candidates_20260404_001525,HIGH,0
818,350,454544,101,market_number_eq_canonical_or_extracted;image_basename_number_agrees;set_code_match;rarity_match;parallel_variant_no_parallel_market_penalty;card_name_substring_product;source_tcgcsv,card_catalog_map_candidates_20260404_001525,HIGH,0
819,350,454544,101,market_number_eq_canonical_or_extracted;image_basename_number_agrees;set_code_match;rarity_match;parallel_variant_no_parallel_market_penalty;card_name_substring_product;source_tcgcsv,card_catalog_map_candidates_20260404_001525,HIGH,0
820,350,454544,101,market_number_eq_canonical_or_extracted;image_basename_number_agrees;set_code_match;rarity_match;parallel_variant_no_parallel_market_penalty;card_name_substring_product;source_tcgcsv,card_catalog_map_candidates_20260404_001525,HIGH,0
823,351,454545,113,market_number_eq_canonical_or_extracted;image_basename_number_agrees;set_code_match;rarity_match;card_name_substring_product;source_tcgcsv,card_catalog_map_candidates_20260404_001525,HIGH,0
824,351,454545,101,market_number_eq_canonical_or_extracted;image_basename_number_agrees;set_code_match;rarity_match;parallel_variant_no_parallel_market_penalty;card_name_substring_product;source_tcgcsv,card_catalog_map_candidates_20260404_001525,HIGH,0
830,313,453509,131,market_number_eq_canonical_or_extracted;image_basename_number_agrees;set_code_match;rarity_match;parallel_token_in_market_fields;card_name_substring_product;source_tcgcsv,card_catalog_map_candidates_20260404_001525,HIGH,0
833,3253,586178,113,market_number_eq_canonical_or_extracted;image_basename_number_agrees;set_code_match;rarity_match;card_name_substring_product;source_tcgcsv,card_catalog_map_candidates_20260404_001525,HIGH,0
840,315,453511,131,market_number_eq_canonical_or_extracted;image_basename_number_agrees;set_code_match;rarity_match;parallel_token_in_market_fields;card_name_substring_product;source_tcgcsv,card_catalog_map_candidates_20260404_001525,HIGH,0
841,315,453511,93,market_number_eq_canonical_or_extracted;image_basename_number_agrees;set_code_mismatch_penalty;rarity_match;parallel_token_in_market_fields;parallel_index_loose_in_name;card_name_substring_product;source_tcgcsv,card_catalog_map_candidates_20260404_001525,HIGH,0
842,315,453511,131,market_number_eq_canonical_or_extracted;image_basename_number_agrees;set_code_match;rarity_match;parallel_token_in_market_fields;card_name_substring_product;source_tcgcsv,card_catalog_map_candidates_20260404_001525,HIGH,0
852,356,454550,101,market_number_eq_canonical_or_extracted;set_code_match;rarity_match;card_name_substring_product;source_tcgcsv,card_catalog_map_candidates_20260404_001525,HIGH,0
855,356,454550,101,market_number_eq_canonical_or_extracted;image_basename_number_agrees;set_code_match;rarity_match;parallel_variant_no_parallel_market_penalty;card_name_substring_product;source_tcgcsv,card_catalog_map_candidates_20260404_001525,HIGH,0
859,316,453512,113,market_number_eq_canonical_or_extracted;image_basename_number_agrees;set_code_match;rarity_match;card_name_substring_product;source_tcgcsv,card_catalog_map_candidates_20260404_001525,HIGH,0
860,316,453512,101,market_number_eq_canonical_or_extracted;image_basename_number_agrees;set_code_match;rarity_match;parallel_variant_no_parallel_market_penalty;card_name_substring_product;source_tcgcsv,card_catalog_map_candidates_20260404_001525,HIGH,0
864,358,454552,131,market_number_eq_canonical_or_extracted;image_basename_number_agrees;set_code_match;rarity_match;parallel_token_in_market_fields;card_name_substring_product;source_tcgcsv,card_catalog_map_candidates_20260404_001525,HIGH,0
869,360,454554,103,market_number_eq_canonical_or_extracted;image_basename_number_agrees;set_code_match;rarity_match;source_tcgcsv,card_catalog_map_candidates_20260404_001525,HIGH,0
870,360,454554,91,market_number_eq_canonical_or_extracted;set_code_match;rarity_match;source_tcgcsv,card_catalog_map_candidates_20260404_001525,HIGH,0
871,360,454554,91,market_number_eq_canonical_or_extracted;image_basename_number_agrees;set_code_match;rarity_match;parallel_variant_no_parallel_market_penalty;source_tcgcsv,card_catalog_map_candidates_20260404_001525,HIGH,0
875,360,454554,91,market_number_eq_canonical_or_extracted;image_basename_number_agrees;set_code_match;rarity_match;parallel_variant_no_parallel_market_penalty;source_tcgcsv,card_catalog_map_candidates_20260404_001525,HIGH,0
876,360,454554,103,market_number_eq_canonical_or_extracted;image_basename_number_agrees;set_code_match;rarity_match;source_tcgcsv,card_catalog_map_candidates_20260404_001525,HIGH,0
884,362,454556,89,market_number_eq_canonical_or_extracted;set_code_match;card_name_substring_product;source_tcgcsv,card_catalog_map_candidates_20260404_001525,HIGH,0
885,362,454556,89,market_number_eq_canonical_or_extracted;set_code_match;card_name_substring_product;source_tcgcsv,card_catalog_map_candidates_20260404_001525,HIGH,0
886,362,454556,89,market_number_eq_canonical_or_extracted;image_basename_number_agrees;set_code_match;parallel_variant_no_parallel_market_penalty;card_name_substring_product;source_tcgcsv,card_catalog_map_candidates_20260404_001525,HIGH,0
887,2957,545922,89,market_number_eq_canonical_or_extracted;image_basename_number_agrees;set_code_match;parallel_variant_no_parallel_market_penalty;card_name_substring_product;source_tcgcsv,card_catalog_map_candidates_20260404_001525,HIGH,0
888,362,454556,89,market_number_eq_canonical_or_extracted;image_basename_number_agrees;set_code_match;parallel_variant_no_parallel_market_penalty;card_name_substring_product;source_tcgcsv,card_catalog_map_candidates_20260404_001525,HIGH,0
889,362,454556,89,market_number_eq_canonical_or_extracted;set_code_match;card_name_substring_product;source_tcgcsv,card_catalog_map_candidates_20260404_001525,HIGH,0
898,366,454563,101,market_number_eq_canonical_or_extracted;set_code_match;rarity_match;card_name_substring_product;source_tcgcsv,card_catalog_map_candidates_20260404_001525,HIGH,0
904,367,454564,131,market_number_eq_canonical_or_extracted;image_basename_number_agrees;set_code_match;rarity_match;parallel_token_in_market_fields;card_name_substring_product;source_tcgcsv,card_catalog_map_candidates_20260404_001525,HIGH,0
907,368,454565,101,market_number_eq_canonical_or_extracted;set_code_match;rarity_match;card_name_substring_product;source_tcgcsv,card_catalog_map_candidates_20260404_001525,HIGH,0
908,368,454565,101,market_number_eq_canonical_or_extracted;image_basename_number_agrees;set_code_match;rarity_match;parallel_variant_no_parallel_market_penalty;card_name_substring_product;source_tcgcsv,card_catalog_map_candidates_20260404_001525,HIGH,0
912,368,454565,113,market_number_eq_canonical_or_extracted;image_basename_number_agrees;set_code_match;rarity_match;card_name_substring_product;source_tcgcsv,card_catalog_map_candidates_20260404_001525,HIGH,0
914,368,454565,101,market_number_eq_canonical_or_extracted;set_code_match;rarity_match;card_name_substring_product;source_tcgcsv,card_catalog_map_candidates_20260404_001525,HIGH,0
928,319,453515,131,market_number_eq_canonical_or_extracted;image_basename_number_agrees;set_code_match;rarity_match;parallel_token_in_market_fields;card_name_substring_product;source_tcgcsv,card_catalog_map_candidates_20260404_001525,HIGH,0
932,3337,586893,113,market_number_eq_canonical_or_extracted;image_basename_number_agrees;set_code_match;rarity_match;card_name_substring_product;source_tcgcsv,card_catalog_map_candidates_20260404_001525,HIGH,0
945,379,454576,131,market_number_eq_canonical_or_extracted;image_basename_number_agrees;set_code_match;rarity_match;parallel_token_in_market_fields;card_name_substring_product;source_tcgcsv,card_catalog_map_candidates_20260404_001525,HIGH,0
949,3336,586892,113,market_number_eq_canonical_or_extracted;image_basename_number_agrees;set_code_match;rarity_match;card_name_substring_product;source_tcgcsv,card_catalog_map_candidates_20260404_001525,HIGH,0
953,380,454577,113,market_number_eq_canonical_or_extracted;image_basename_number_agrees;set_code_match;rarity_match;card_name_substring_product;source_tcgcsv,card_catalog_map_candidates_20260404_001525,HIGH,0
954,380,454577,101,market_number_eq_canonical_or_extracted;set_code_match;rarity_match;card_name_substring_product;source_tcgcsv,card_catalog_map_candidates_20260404_001525,HIGH,0
955,380,454577,101,market_number_eq_canonical_or_extracted;image_basename_number_agrees;set_code_match;rarity_match;parallel_variant_no_parallel_market_penalty;card_name_substring_product;source_tcgcsv,card_catalog_map_candidates_20260404_001525,HIGH,0
958,380,454577,113,market_number_eq_canonical_or_extracted;image_basename_number_agrees;set_code_match;rarity_match;card_name_substring_product;source_tcgcsv,card_catalog_map_candidates_20260404_001525,HIGH,0
972,385,454582,101,market_number_eq_canonical_or_extracted;set_code_match;rarity_match;card_name_substring_product;source_tcgcsv,card_catalog_map_candidates_20260404_001525,HIGH,0
973,385,454582,101,market_number_eq_canonical_or_extracted;image_basename_number_agrees;set_code_match;rarity_match;parallel_variant_no_parallel_market_penalty;card_name_substring_product;source_tcgcsv,card_catalog_map_candidates_20260404_001525,HIGH,0
981,389,454586,131,market_number_eq_canonical_or_extracted;image_basename_number_agrees;set_code_match;rarity_match;parallel_token_in_market_fields;card_name_substring_product;source_tcgcsv,card_catalog_map_candidates_20260404_001525,HIGH,0
987,390,454587,139,market_number_eq_canonical_or_extracted;image_basename_number_agrees;set_code_match;rarity_match;parallel_token_in_market_fields;parallel_index_loose_in_name;card_name_substring_product;source_tcgcsv,card_catalog_map_candidates_20260404_001525,HIGH,0
991,392,454589,131,market_number_eq_canonical_or_extracted;image_basename_number_agrees;set_code_match;rarity_match;parallel_token_in_market_fields;card_name_substring_product;source_tcgcsv,card_catalog_map_candidates_20260404_001525,HIGH,0
1005,397,454594,131,market_number_eq_canonical_or_extracted;image_basename_number_agrees;set_code_match;rarity_match;parallel_token_in_market_fields;card_name_substring_product;source_tcgcsv,card_catalog_map_candidates_20260404_001525,HIGH,0
1014,401,454599,131,market_number_eq_canonical_or_extracted;image_basename_number_agrees;set_code_match;rarity_match;parallel_token_in_market_fields;card_name_substring_product;source_tcgcsv,card_catalog_map_candidates_20260404_001525,HIGH,0
1015,401,454599,131,market_number_eq_canonical_or_extracted;image_basename_number_agrees;set_code_match;rarity_match;parallel_token_in_market_fields;card_name_substring_product;source_tcgcsv,card_catalog_map_candidates_20260404_001525,HIGH,0
1026,405,454603,119,market_number_eq_canonical_or_extracted;image_basename_number_agrees;set_code_match;parallel_token_in_market_fields;card_name_substring_product;source_tcgcsv,card_catalog_map_candidates_20260404_001525,HIGH,0
1028,3192,581007,101,market_number_eq_canonical_or_extracted;image_basename_number_agrees;set_code_match;card_name_substring_product;source_tcgcsv,card_catalog_map_candidates_20260404_001525,HIGH,0
1045,411,454609,131,market_number_eq_canonical_or_extracted;image_basename_number_agrees;set_code_match;rarity_match;parallel_token_in_market_fields;card_name_substring_product;source_tcgcsv,card_catalog_map_candidates_20260404_001525,HIGH,0
1053,412,454610,113,market_number_eq_canonical_or_extracted;image_basename_number_agrees;set_code_match;rarity_match;card_name_substring_product;source_tcgcsv,card_catalog_map_candidates_20260404_001525,HIGH,0
1080,425,454623,139,market_number_eq_canonical_or_extracted;image_basename_number_agrees;set_code_match;rarity_match;parallel_token_in_market_fields;parallel_index_loose_in_name;card_name_substring_product;source_tcgcsv,card_catalog_map_candidates_20260404_001525,HIGH,0
1087,428,454626,131,market_number_eq_canonical_or_extracted;image_basename_number_agrees;set_code_match;rarity_match;parallel_token_in_market_fields;card_name_substring_product;source_tcgcsv,card_catalog_map_candidates_20260404_001525,HIGH,0
1092,429,454627,131,market_number_eq_canonical_or_extracted;image_basename_number_agrees;set_code_match;rarity_match;parallel_token_in_market_fields;card_name_substring_product;source_tcgcsv,card_catalog_map_candidates_20260404_001525,HIGH,0
1098,432,454630,131,market_number_eq_canonical_or_extracted;image_basename_number_agrees;set_code_match;rarity_match;parallel_token_in_market_fields;card_name_substring_product;source_tcgcsv,card_catalog_map_candidates_20260404_001525,HIGH,0
1101,434,454632,131,market_number_eq_canonical_or_extracted;image_basename_number_agrees;set_code_match;rarity_match;parallel_token_in_market_fields;card_name_substring_product;source_tcgcsv,card_catalog_map_candidates_20260404_001525,HIGH,0
1110,438,454636,113,market_number_eq_canonical_or_extracted;image_basename_number_agrees;set_code_match;rarity_match;card_name_substring_product;source_tcgcsv,card_catalog_map_candidates_20260404_001525,HIGH,0
1111,438,454636,101,market_number_eq_canonical_or_extracted;image_basename_number_agrees;set_code_match;rarity_match;parallel_variant_no_parallel_market_penalty;card_name_substring_product;source_tcgcsv,card_catalog_map_candidates_20260404_001525,HIGH,0
1115,440,454638,131,market_number_eq_canonical_or_extracted;image_basename_number_agrees;set_code_match;rarity_match;parallel_token_in_market_fields;card_name_substring_product;source_tcgcsv,card_catalog_map_candidates_20260404_001525,HIGH,0
1128,462,455808,113,market_number_eq_canonical_or_extracted;image_basename_number_agrees;set_code_match;rarity_match;card_name_substring_product;source_tcgcsv,card_catalog_map_candidates_20260404_001525,HIGH,0
1143,451,454652,101,market_number_eq_canonical_or_extracted;set_code_match;rarity_match;card_name_substring_product;source_tcgcsv,card_catalog_map_candidates_20260404_001525,HIGH,0
1169,461,454669,131,market_number_eq_canonical_or_extracted;image_basename_number_agrees;set_code_match;rarity_match;parallel_token_in_market_fields;card_name_substring_product;source_tcgcsv,card_catalog_map_candidates_20260404_001525,HIGH,0
1179,3156,580976,101,market_number_eq_canonical_or_extracted;image_basename_number_agrees;set_code_match;rarity_match;parallel_variant_no_parallel_market_penalty;card_name_substring_product;source_tcgcsv,card_catalog_map_candidates_20260404_001525,HIGH,0
1192,2258,516553,101,market_number_eq_canonical_or_extracted;image_basename_number_agrees;set_code_match;rarity_match;parallel_variant_no_parallel_market_penalty;card_name_substring_product;source_tcgcsv,card_catalog_map_candidates_20260404_001525,HIGH,0
1198,470,482425,113,market_number_eq_canonical_or_extracted;image_basename_number_agrees;set_code_match;rarity_match;card_name_substring_product;source_tcgcsv,card_catalog_map_candidates_20260404_001525,HIGH,0
1199,470,482425,101,market_number_eq_canonical_or_extracted;set_code_match;rarity_match;card_name_substring_product;source_tcgcsv,card_catalog_map_candidates_20260404_001525,HIGH,0
1201,470,482425,101,market_number_eq_canonical_or_extracted;image_basename_number_agrees;set_code_match;rarity_match;parallel_variant_no_parallel_market_penalty;card_name_substring_product;source_tcgcsv,card_catalog_map_candidates_20260404_001525,HIGH,0
1208,473,482704,113,market_number_eq_canonical_or_extracted;image_basename_number_agrees;set_code_match;rarity_match;card_name_substring_product;source_tcgcsv,card_catalog_map_candidates_20260404_001525,HIGH,0
1209,473,482704,101,market_number_eq_canonical_or_extracted;set_code_match;rarity_match;card_name_substring_product;source_tcgcsv,card_catalog_map_candidates_20260404_001525,HIGH,0
1210,3157,580977,113,market_number_eq_canonical_or_extracted;image_basename_number_agrees;set_code_match;rarity_match;card_name_substring_product;source_tcgcsv,card_catalog_map_candidates_20260404_001525,HIGH,0
1230,3364,587709,113,market_number_eq_canonical_or_extracted;image_basename_number_agrees;set_code_match;rarity_match;card_name_substring_product;source_tcgcsv,card_catalog_map_candidates_20260404_001525,HIGH,0
1235,521,486335,113,market_number_eq_canonical_or_extracted;image_basename_number_agrees;set_code_match;rarity_match;card_name_substring_product;source_tcgcsv,card_catalog_map_candidates_20260404_001525,HIGH,0
1236,521,486335,113,market_number_eq_canonical_or_extracted;image_basename_number_agrees;set_code_match;rarity_match;card_name_substring_product;source_tcgcsv,card_catalog_map_candidates_20260404_001525,HIGH,0
1237,521,486335,101,market_number_eq_canonical_or_extracted;image_basename_number_agrees;set_code_match;rarity_match;parallel_variant_no_parallel_market_penalty;card_name_substring_product;source_tcgcsv,card_catalog_map_candidates_20260404_001525,HIGH,0
1240,521,486335,113,market_number_eq_canonical_or_extracted;image_basename_number_agrees;set_code_match;rarity_match;card_name_substring_product;source_tcgcsv,card_catalog_map_candidates_20260404_001525,HIGH,0
1258,3158,580978,113,market_number_eq_canonical_or_extracted;image_basename_number_agrees;set_code_match;rarity_match;card_name_substring_product;source_tcgcsv,card_catalog_map_candidates_20260404_001525,HIGH,0
1262,3159,580979,113,market_number_eq_canonical_or_extracted;image_basename_number_agrees;set_code_match;rarity_match;card_name_substring_product;source_tcgcsv,card_catalog_map_candidates_20260404_001525,HIGH,0
1269,528,486342,101,market_number_eq_canonical_or_extracted;image_basename_number_agrees;set_code_match;rarity_match;parallel_variant_no_parallel_market_penalty;card_name_substring_product;source_tcgcsv,card_catalog_map_candidates_20260404_001525,HIGH,0
1290,535,486349,113,market_number_eq_canonical_or_extracted;image_basename_number_agrees;set_code_match;rarity_match;card_name_substring_product;source_tcgcsv,card_catalog_map_candidates_20260404_001525,HIGH,0
1302,539,486353,113,market_number_eq_canonical_or_extracted;image_basename_number_agrees;set_code_match;rarity_match;card_name_substring_product;source_tcgcsv,card_catalog_map_candidates_20260404_001525,HIGH,0
1306,540,486354,113,market_number_eq_canonical_or_extracted;image_basename_number_agrees;set_code_match;rarity_match;card_name_substring_product;source_tcgcsv,card_catalog_map_candidates_20260404_001525,HIGH,0
1308,540,486354,101,market_number_eq_canonical_or_extracted;image_basename_number_agrees;set_code_match;rarity_match;parallel_variant_no_parallel_market_penalty;card_name_substring_product;source_tcgcsv,card_catalog_map_candidates_20260404_001525,HIGH,0
1311,541,486355,113,market_number_eq_canonical_or_extracted;image_basename_number_agrees;set_code_match;rarity_match;card_name_substring_product;source_tcgcsv,card_catalog_map_candidates_20260404_001525,HIGH,0
1312,541,486355,101,market_number_eq_canonical_or_extracted;image_basename_number_agrees;set_code_match;rarity_match;parallel_variant_no_parallel_market_penalty;card_name_substring_product;source_tcgcsv,card_catalog_map_candidates_20260404_001525,HIGH,0
1366,559,486392,113,market_number_eq_canonical_or_extracted;image_basename_number_agrees;set_code_match;rarity_match;card_name_substring_product;source_tcgcsv,card_catalog_map_candidates_20260404_001525,HIGH,0
1369,3193,581009,113,market_number_eq_canonical_or_extracted;image_basename_number_agrees;set_code_match;rarity_match;card_name_substring_product;source_tcgcsv,card_catalog_map_candidates_20260404_001525,HIGH,0
1376,3194,581010,113,market_number_eq_canonical_or_extracted;image_basename_number_agrees;set_code_match;rarity_match;card_name_substring_product;source_tcgcsv,card_catalog_map_candidates_20260404_001525,HIGH,0
1397,568,486401,97,market_number_eq_canonical_or_extracted;set_code_match;rarity_match;name_token_overlap;source_tcgcsv,card_catalog_map_candidates_20260404_001525,HIGH,0
1398,568,486401,97,market_number_eq_canonical_or_extracted;image_basename_number_agrees;set_code_match;rarity_match;parallel_variant_no_parallel_market_penalty;name_token_overlap;source_tcgcsv,card_catalog_map_candidates_20260404_001525,HIGH,0
1410,573,486406,113,market_number_eq_canonical_or_extracted;image_basename_number_agrees;set_code_match;rarity_match;card_name_substring_product;source_tcgcsv,card_catalog_map_candidates_20260404_001525,HIGH,0
1454,2261,516556,89,market_number_eq_canonical_or_extracted;image_basename_number_agrees;set_code_match;parallel_variant_no_parallel_market_penalty;card_name_substring_product;source_tcgcsv,card_catalog_map_candidates_20260404_001525,HIGH,0
1469,593,486456,113,market_number_eq_canonical_or_extracted;image_basename_number_agrees;set_code_match;rarity_match;card_name_substring_product;source_tcgcsv,card_catalog_map_candidates_20260404_001525,HIGH,0
1481,3222,581036,101,market_number_eq_canonical_or_extracted;image_basename_number_agrees;set_code_match;rarity_match;parallel_variant_no_parallel_market_penalty;card_name_substring_product;source_tcgcsv,card_catalog_map_candidates_20260404_001525,HIGH,0
1494,602,486474,101,market_number_eq_canonical_or_extracted;set_code_match;rarity_match;card_name_substring_product;source_tcgcsv,card_catalog_map_candidates_20260404_001525,HIGH,0
1495,602,486474,113,market_number_eq_canonical_or_extracted;image_basename_number_agrees;set_code_match;rarity_match;card_name_substring_product;source_tcgcsv,card_catalog_map_candidates_20260404_001525,HIGH,0
1496,602,486474,101,market_number_eq_canonical_or_extracted;image_basename_number_agrees;set_code_match;rarity_match;parallel_variant_no_parallel_market_penalty;card_name_substring_product;source_tcgcsv,card_catalog_map_candidates_20260404_001525,HIGH,0
1497,3223,581037,113,market_number_eq_canonical_or_extracted;image_basename_number_agrees;set_code_match;rarity_match;card_name_substring_product;source_tcgcsv,card_catalog_map_candidates_20260404_001525,HIGH,0
1502,2262,516557,101,market_number_eq_canonical_or_extracted;image_basename_number_agrees;set_code_match;rarity_match;parallel_variant_no_parallel_market_penalty;card_name_substring_product;source_tcgcsv,card_catalog_map_candidates_20260404_001525,HIGH,0
1523,608,486484,113,market_number_eq_canonical_or_extracted;image_basename_number_agrees;set_code_match;rarity_match;card_name_substring_product;source_tcgcsv,card_catalog_map_candidates_20260404_001525,HIGH,0
1524,608,486484,101,market_number_eq_canonical_or_extracted;set_code_match;rarity_match;card_name_substring_product;source_tcgcsv,card_catalog_map_candidates_20260404_001525,HIGH,0
1526,608,486484,101,market_number_eq_canonical_or_extracted;image_basename_number_agrees;set_code_match;rarity_match;parallel_variant_no_parallel_market_penalty;card_name_substring_product;source_tcgcsv,card_catalog_map_candidates_20260404_001525,HIGH,0
1529,608,486484,101,market_number_eq_canonical_or_extracted;image_basename_number_agrees;set_code_match;rarity_match;parallel_variant_no_parallel_market_penalty;card_name_substring_product;source_tcgcsv,card_catalog_map_candidates_20260404_001525,HIGH,0
1530,608,486484,113,market_number_eq_canonical_or_extracted;image_basename_number_agrees;set_code_match;rarity_match;card_name_substring_product;source_tcgcsv,card_catalog_map_candidates_20260404_001525,HIGH,0
1531,3224,581038,113,market_number_eq_canonical_or_extracted;image_basename_number_agrees;set_code_match;rarity_match;card_name_substring_product;source_tcgcsv,card_catalog_map_candidates_20260404_001525,HIGH,0
1540,3225,581039,113,market_number_eq_canonical_or_extracted;image_basename_number_agrees;set_code_match;rarity_match;card_name_substring_product;source_tcgcsv,card_catalog_map_candidates_20260404_001525,HIGH,0
1543,3226,581040,113,market_number_eq_canonical_or_extracted;image_basename_number_agrees;set_code_match;rarity_match;card_name_substring_product;source_tcgcsv,card_catalog_map_candidates_20260404_001525,HIGH,0
1545,612,486488,113,market_number_eq_canonical_or_extracted;image_basename_number_agrees;set_code_match;rarity_match;card_name_substring_product;source_tcgcsv,card_catalog_map_candidates_20260404_001525,HIGH,0
1549,614,486490,113,market_number_eq_canonical_or_extracted;image_basename_number_agrees;set_code_match;rarity_match;card_name_substring_product;source_tcgcsv,card_catalog_map_candidates_20260404_001525,HIGH,0
1552,3227,581041,113,market_number_eq_canonical_or_extracted;image_basename_number_agrees;set_code_match;rarity_match;card_name_substring_product;source_tcgcsv,card_catalog_map_candidates_20260404_001525,HIGH,0
1566,3228,581042,113,market_number_eq_canonical_or_extracted;image_basename_number_agrees;set_code_match;rarity_match;card_name_substring_product;source_tcgcsv,card_catalog_map_candidates_20260404_001525,HIGH,0
1569,618,486494,101,market_number_eq_canonical_or_extracted;set_code_match;rarity_match;card_name_substring_product;source_tcgcsv,card_catalog_map_candidates_20260404_001525,HIGH,0
1572,618,486494,101,market_number_eq_canonical_or_extracted;image_basename_number_agrees;set_code_match;rarity_match;parallel_variant_no_parallel_market_penalty;card_name_substring_product;source_tcgcsv,card_catalog_map_candidates_20260404_001525,HIGH,0
1584,2389,527038,79,market_number_eq_canonical_or_extracted;image_basename_number_agrees;set_code_match;parallel_variant_no_parallel_market_penalty;source_tcgcsv,card_catalog_map_candidates_20260404_001525,HIGH,0
1602,2959,545924,91,market_number_eq_canonical_or_extracted;image_basename_number_agrees;set_code_match;rarity_match;parallel_variant_no_parallel_market_penalty;source_tcgcsv,card_catalog_map_candidates_20260404_001525,HIGH,0
1606,2027,499881,103,market_number_eq_canonical_or_extracted;image_basename_number_agrees;set_code_match;rarity_match;source_tcgcsv,card_catalog_map_candidates_20260404_001525,HIGH,0
1607,3160,580981,103,market_number_eq_canonical_or_extracted;image_basename_number_agrees;set_code_match;rarity_match;source_tcgcsv,card_catalog_map_candidates_20260404_001525,HIGH,0
1609,2027,499881,91,market_number_eq_canonical_or_extracted;set_code_match;rarity_match;source_tcgcsv,card_catalog_map_candidates_20260404_001525,HIGH,0
1611,2028,499882,113,market_number_eq_canonical_or_extracted;image_basename_number_agrees;set_code_match;rarity_match;card_name_substring_product;source_tcgcsv,card_catalog_map_candidates_20260404_001525,HIGH,0
1616,2030,499884,101,market_number_eq_canonical_or_extracted;set_code_match;rarity_match;card_name_substring_product;source_tcgcsv,card_catalog_map_candidates_20260404_001525,HIGH,0
1617,3161,580982,113,market_number_eq_canonical_or_extracted;image_basename_number_agrees;set_code_match;rarity_match;card_name_substring_product;source_tcgcsv,card_catalog_map_candidates_20260404_001525,HIGH,0
1620,3162,580983,113,market_number_eq_canonical_or_extracted;image_basename_number_agrees;set_code_match;rarity_match;card_name_substring_product;source_tcgcsv,card_catalog_map_candidates_20260404_001525,HIGH,0
1623,2032,499886,101,market_number_eq_canonical_or_extracted;set_code_match;rarity_match;card_name_substring_product;source_tcgcsv,card_catalog_map_candidates_20260404_001525,HIGH,0
1624,2695,541665,101,market_number_eq_canonical_or_extracted;image_basename_number_agrees;set_code_match;rarity_match;parallel_variant_no_parallel_market_penalty;card_name_substring_product;source_tcgcsv,card_catalog_map_candidates_20260404_001525,HIGH,0
1632,3163,580985,113,market_number_eq_canonical_or_extracted;image_basename_number_agrees;set_code_match;rarity_match;card_name_substring_product;source_tcgcsv,card_catalog_map_candidates_20260404_001525,HIGH,0
1636,2036,499890,113,market_number_eq_canonical_or_extracted;image_basename_number_agrees;set_code_match;rarity_match;card_name_substring_product;source_tcgcsv,card_catalog_map_candidates_20260404_001525,HIGH,0
1690,2049,499903,101,market_number_eq_canonical_or_extracted;set_code_match;rarity_match;card_name_substring_product;source_tcgcsv,card_catalog_map_candidates_20260404_001525,HIGH,0
1693,2050,499904,101,market_number_eq_canonical_or_extracted;set_code_match;rarity_match;card_name_substring_product;source_tcgcsv,card_catalog_map_candidates_20260404_001525,HIGH,0
1696,2051,499905,101,market_number_eq_canonical_or_extracted;set_code_match;rarity_match;card_name_substring_product;source_tcgcsv,card_catalog_map_candidates_20260404_001525,HIGH,0
1697,2051,499905,101,market_number_eq_canonical_or_extracted;image_basename_number_agrees;set_code_match;rarity_match;parallel_variant_no_parallel_market_penalty;card_name_substring_product;source_tcgcsv,card_catalog_map_candidates_20260404_001525,HIGH,0
1698,2051,499905,113,market_number_eq_canonical_or_extracted;image_basename_number_agrees;set_code_match;rarity_match;card_name_substring_product;source_tcgcsv,card_catalog_map_candidates_20260404_001525,HIGH,0
1725,2060,499973,113,market_number_eq_canonical_or_extracted;image_basename_number_agrees;set_code_match;rarity_match;card_name_substring_product;source_tcgcsv,card_catalog_map_candidates_20260404_001525,HIGH,0
1726,2060,499973,101,market_number_eq_canonical_or_extracted;set_code_match;rarity_match;card_name_substring_product;source_tcgcsv,card_catalog_map_candidates_20260404_001525,HIGH,0
1727,2060,499973,101,market_number_eq_canonical_or_extracted;set_code_match;rarity_match;card_name_substring_product;source_tcgcsv,card_catalog_map_candidates_20260404_001525,HIGH,0
1728,2060,499973,101,market_number_eq_canonical_or_extracted;image_basename_number_agrees;set_code_match;rarity_match;parallel_variant_no_parallel_market_penalty;card_name_substring_product;source_tcgcsv,card_catalog_map_candidates_20260404_001525,HIGH,0
1729,2060,499973,101,market_number_eq_canonical_or_extracted;image_basename_number_agrees;set_code_match;rarity_match;parallel_variant_no_parallel_market_penalty;card_name_substring_product;source_tcgcsv,card_catalog_map_candidates_20260404_001525,HIGH,0
1730,4818,656013,113,market_number_eq_canonical_or_extracted;image_basename_number_agrees;set_code_match;rarity_match;card_name_substring_product;source_tcgcsv,card_catalog_map_candidates_20260404_001525,HIGH,0
1731,2060,499973,113,market_number_eq_canonical_or_extracted;image_basename_number_agrees;set_code_match;rarity_match;card_name_substring_product;source_tcgcsv,card_catalog_map_candidates_20260404_001525,HIGH,0
1758,2070,499985,101,market_number_eq_canonical_or_extracted;set_code_match;rarity_match;card_name_substring_product;source_tcgcsv,card_catalog_map_candidates_20260404_001525,HIGH,0
1767,2071,499986,113,market_number_eq_canonical_or_extracted;image_basename_number_agrees;set_code_match;rarity_match;card_name_substring_product;source_tcgcsv,card_catalog_map_candidates_20260404_001525,HIGH,0
1774,2072,499988,113,market_number_eq_canonical_or_extracted;image_basename_number_agrees;set_code_match;rarity_match;card_name_substring_product;source_tcgcsv,card_catalog_map_candidates_20260404_001525,HIGH,0
1786,2074,499992,113,market_number_eq_canonical_or_extracted;image_basename_number_agrees;set_code_match;rarity_match;card_name_substring_product;source_tcgcsv,card_catalog_map_candidates_20260404_001525,HIGH,0
1808,2082,500008,101,market_number_eq_canonical_or_extracted;set_code_match;rarity_match;card_name_substring_product;source_tcgcsv,card_catalog_map_candidates_20260404_001525,HIGH,0
1811,2083,500009,101,market_number_eq_canonical_or_extracted;set_code_match;rarity_match;card_name_substring_product;source_tcgcsv,card_catalog_map_candidates_20260404_001525,HIGH,0
1817,2085,500011,113,market_number_eq_canonical_or_extracted;image_basename_number_agrees;set_code_match;rarity_match;card_name_substring_product;source_tcgcsv,card_catalog_map_candidates_20260404_001525,HIGH,0
1837,2960,545925,89,market_number_eq_canonical_or_extracted;image_basename_number_agrees;set_code_match;parallel_variant_no_parallel_market_penalty;card_name_substring_product;source_tcgcsv,card_catalog_map_candidates_20260404_001525,HIGH,0
1843,2089,500016,113,market_number_eq_canonical_or_extracted;image_basename_number_agrees;set_code_match;rarity_match;card_name_substring_product;source_tcgcsv,card_catalog_map_candidates_20260404_001525,HIGH,0
1844,3229,581044,113,market_number_eq_canonical_or_extracted;image_basename_number_agrees;set_code_match;rarity_match;card_name_substring_product;source_tcgcsv,card_catalog_map_candidates_20260404_001525,HIGH,0
1871,2101,500036,101,market_number_eq_canonical_or_extracted;set_code_match;rarity_match;card_name_substring_product;source_tcgcsv,card_catalog_map_candidates_20260404_001525,HIGH,0
1872,2101,500036,101,market_number_eq_canonical_or_extracted;set_code_match;rarity_match;card_name_substring_product;source_tcgcsv,card_catalog_map_candidates_20260404_001525,HIGH,0
1873,2101,500036,101,market_number_eq_canonical_or_extracted;set_code_match;rarity_match;card_name_substring_product;source_tcgcsv,card_catalog_map_candidates_20260404_001525,HIGH,0
1874,2101,500036,101,market_number_eq_canonical_or_extracted;image_basename_number_agrees;set_code_match;rarity_match;parallel_variant_no_parallel_market_penalty;card_name_substring_product;source_tcgcsv,card_catalog_map_candidates_20260404_001525,HIGH,0
1875,2101,500036,101,market_number_eq_canonical_or_extracted;image_basename_number_agrees;set_code_match;rarity_match;parallel_variant_no_parallel_market_penalty;card_name_substring_product;source_tcgcsv,card_catalog_map_candidates_20260404_001525,HIGH,0
1878,2102,500037,113,market_number_eq_canonical_or_extracted;image_basename_number_agrees;set_code_match;rarity_match;card_name_substring_product;source_tcgcsv,card_catalog_map_candidates_20260404_001525,HIGH,0
1879,2102,500037,101,market_number_eq_canonical_or_extracted;image_basename_number_agrees;set_code_match;rarity_match;parallel_variant_no_parallel_market_penalty;card_name_substring_product;source_tcgcsv,card_catalog_map_candidates_20260404_001525,HIGH,0
1883,2102,500037,113,market_number_eq_canonical_or_extracted;image_basename_number_agrees;set_code_match;rarity_match;card_name_substring_product;source_tcgcsv,card_catalog_map_candidates_20260404_001525,HIGH,0
1884,2102,500037,113,market_number_eq_canonical_or_extracted;image_basename_number_agrees;set_code_match;rarity_match;card_name_substring_product;source_tcgcsv,card_catalog_map_candidates_20260404_001525,HIGH,0
1885,3230,581045,113,market_number_eq_canonical_or_extracted;image_basename_number_agrees;set_code_match;rarity_match;card_name_substring_product;source_tcgcsv,card_catalog_map_candidates_20260404_001525,HIGH,0
1896,2390,527040,89,market_number_eq_canonical_or_extracted;image_basename_number_agrees;set_code_match;parallel_variant_no_parallel_market_penalty;card_name_substring_product;source_tcgcsv,card_catalog_map_candidates_20260404_001525,HIGH,0
1910,4825,656020,113,market_number_eq_canonical_or_extracted;image_basename_number_agrees;set_code_match;rarity_match;card_name_substring_product;source_tcgcsv,card_catalog_map_candidates_20260404_001525,HIGH,0
1917,3239,581051,101,market_number_eq_canonical_or_extracted;image_basename_number_agrees;set_code_match;rarity_match;parallel_variant_no_parallel_market_penalty;card_name_substring_product;source_tcgcsv,card_catalog_map_candidates_20260404_001525,HIGH,0
1925,2114,500063,113,market_number_eq_canonical_or_extracted;image_basename_number_agrees;set_code_match;rarity_match;card_name_substring_product;source_tcgcsv,card_catalog_map_candidates_20260404_001525,HIGH,0
1926,2114,500063,101,market_number_eq_canonical_or_extracted;set_code_match;rarity_match;card_name_substring_product;source_tcgcsv,card_catalog_map_candidates_20260404_001525,HIGH,0
1927,2114,500063,101,market_number_eq_canonical_or_extracted;image_basename_number_agrees;set_code_match;rarity_match;parallel_variant_no_parallel_market_penalty;card_name_substring_product;source_tcgcsv,card_catalog_map_candidates_20260404_001525,HIGH,0
1928,2114,500063,101,market_number_eq_canonical_or_extracted;image_basename_number_agrees;set_code_match;rarity_match;parallel_variant_no_parallel_market_penalty;card_name_substring_product;source_tcgcsv,card_catalog_map_candidates_20260404_001525,HIGH,0
1937,3240,581052,113,market_number_eq_canonical_or_extracted;image_basename_number_agrees;set_code_match;rarity_match;card_name_substring_product;source_tcgcsv,card_catalog_map_candidates_20260404_001525,HIGH,0
1940,3241,581053,113,market_number_eq_canonical_or_extracted;image_basename_number_agrees;set_code_match;rarity_match;card_name_substring_product;source_tcgcsv,card_catalog_map_candidates_20260404_001525,HIGH,0
1955,2123,500083,113,market_number_eq_canonical_or_extracted;image_basename_number_agrees;set_code_match;rarity_match;card_name_substring_product;source_tcgcsv,card_catalog_map_candidates_20260404_001525,HIGH,0
1956,2123,500083,113,market_number_eq_canonical_or_extracted;image_basename_number_agrees;set_code_match;rarity_match;card_name_substring_product;source_tcgcsv,card_catalog_map_candidates_20260404_001525,HIGH,0
1957,3242,581054,113,market_number_eq_canonical_or_extracted;image_basename_number_agrees;set_code_match;rarity_match;card_name_substring_product;source_tcgcsv,card_catalog_map_candidates_20260404_001525,HIGH,0
1969,2976,558020,89,market_number_eq_canonical_or_extracted;image_basename_number_agrees;set_code_match;parallel_variant_no_parallel_market_penalty;card_name_substring_product;source_tcgcsv,card_catalog_map_candidates_20260404_001525,HIGH,0
1971,3243,581055,101,market_number_eq_canonical_or_extracted;image_basename_number_agrees;set_code_match;card_name_substring_product;source_tcgcsv,card_catalog_map_candidates_20260404_001525,HIGH,0
1986,2696,541666,89,market_number_eq_canonical_or_extracted;image_basename_number_agrees;set_code_match;parallel_variant_no_parallel_market_penalty;card_name_substring_product;source_tcgcsv,card_catalog_map_candidates_20260404_001525,HIGH,0
1993,2132,500095,101,market_number_eq_canonical_or_extracted;set_code_match;rarity_match;card_name_substring_product;source_tcgcsv,card_catalog_map_candidates_20260404_001525,HIGH,0
1994,2132,500095,101,market_number_eq_canonical_or_extracted;set_code_match;rarity_match;card_name_substring_product;source_tcgcsv,card_catalog_map_candidates_20260404_001525,HIGH,0
1995,2132,500095,101,market_number_eq_canonical_or_extracted;image_basename_number_agrees;set_code_match;rarity_match;parallel_variant_no_parallel_market_penalty;card_name_substring_product;source_tcgcsv,card_catalog_map_candidates_20260404_001525,HIGH,0
1996,2132,500095,101,market_number_eq_canonical_or_extracted;image_basename_number_agrees;set_code_match;rarity_match;parallel_variant_no_parallel_market_penalty;card_name_substring_product;source_tcgcsv,card_catalog_map_candidates_20260404_001525,HIGH,0
1997,2132,500095,101,market_number_eq_canonical_or_extracted;image_basename_number_agrees;set_code_match;rarity_match;parallel_variant_no_parallel_market_penalty;card_name_substring_product;source_tcgcsv,card_catalog_map_candidates_20260404_001525,HIGH,0
2000,2132,500095,101,market_number_eq_canonical_or_extracted;image_basename_number_agrees;set_code_match;rarity_match;parallel_variant_no_parallel_market_penalty;card_name_substring_product;source_tcgcsv,card_catalog_map_candidates_20260404_001525,HIGH,0
2002,2132,500095,113,market_number_eq_canonical_or_extracted;image_basename_number_agrees;set_code_match;rarity_match;card_name_substring_product;source_tcgcsv,card_catalog_map_candidates_20260404_001525,HIGH,0
2014,2137,500112,101,market_number_eq_canonical_or_extracted;set_code_match;rarity_match;card_name_substring_product;source_tcgcsv,card_catalog_map_candidates_20260404_001525,HIGH,0
2017,2137,500112,101,market_number_eq_canonical_or_extracted;image_basename_number_agrees;set_code_match;rarity_match;parallel_variant_no_parallel_market_penalty;card_name_substring_product;source_tcgcsv,card_catalog_map_candidates_20260404_001525,HIGH,0
2026,3365,587710,113,market_number_eq_canonical_or_extracted;image_basename_number_agrees;set_code_match;rarity_match;card_name_substring_product;source_tcgcsv,card_catalog_map_candidates_20260404_001525,HIGH,0
2058,2272,516737,101,market_number_eq_canonical_or_extracted;set_code_match;rarity_match;card_name_substring_product;source_tcgcsv,card_catalog_map_candidates_20260404_001525,HIGH,0
2059,2272,516737,101,market_number_eq_canonical_or_extracted;image_basename_number_agrees;set_code_match;rarity_match;parallel_variant_no_parallel_market_penalty;card_name_substring_product;source_tcgcsv,card_catalog_map_candidates_20260404_001525,HIGH,0
2060,2272,516737,101,market_number_eq_canonical_or_extracted;image_basename_number_agrees;set_code_match;rarity_match;parallel_variant_no_parallel_market_penalty;card_name_substring_product;source_tcgcsv,card_catalog_map_candidates_20260404_001525,HIGH,0
2076,2277,516742,113,market_number_eq_canonical_or_extracted;image_basename_number_agrees;set_code_match;rarity_match;card_name_substring_product;source_tcgcsv,card_catalog_map_candidates_20260404_001525,HIGH,0
2101,2697,541667,89,market_number_eq_canonical_or_extracted;image_basename_number_agrees;set_code_match;parallel_variant_no_parallel_market_penalty;card_name_substring_product;source_tcgcsv,card_catalog_map_candidates_20260404_001525,HIGH,0
2116,2286,516751,113,market_number_eq_canonical_or_extracted;image_basename_number_agrees;set_code_match;rarity_match;card_name_substring_product;source_tcgcsv,card_catalog_map_candidates_20260404_001525,HIGH,0
2131,2287,516752,113,market_number_eq_canonical_or_extracted;image_basename_number_agrees;set_code_match;rarity_match;card_name_substring_product;source_tcgcsv,card_catalog_map_candidates_20260404_001525,HIGH,0
2134,2287,516752,101,market_number_eq_canonical_or_extracted;image_basename_number_agrees;set_code_match;rarity_match;parallel_variant_no_parallel_market_penalty;card_name_substring_product;source_tcgcsv,card_catalog_map_candidates_20260404_001525,HIGH,0
2135,2287,516752,113,market_number_eq_canonical_or_extracted;image_basename_number_agrees;set_code_match;rarity_match;card_name_substring_product;source_tcgcsv,card_catalog_map_candidates_20260404_001525,HIGH,0
2172,2391,527041,101,market_number_eq_canonical_or_extracted;image_basename_number_agrees;set_code_match;rarity_match;parallel_variant_no_parallel_market_penalty;card_name_substring_product;source_tcgcsv,card_catalog_map_candidates_20260404_001525,HIGH,0
2205,2307,516772,113,market_number_eq_canonical_or_extracted;image_basename_number_agrees;set_code_match;rarity_match;card_name_substring_product;source_tcgcsv,card_catalog_map_candidates_20260404_001525,HIGH,0
2230,2698,541668,89,market_number_eq_canonical_or_extracted;image_basename_number_agrees;set_code_match;parallel_variant_no_parallel_market_penalty;card_name_substring_product;source_tcgcsv,card_catalog_map_candidates_20260404_001525,HIGH,0
2283,3369,587958,113,market_number_eq_canonical_or_extracted;image_basename_number_agrees;set_code_match;rarity_match;card_name_substring_product;source_tcgcsv,card_catalog_map_candidates_20260404_001525,HIGH,0
2284,4840,656036,113,market_number_eq_canonical_or_extracted;image_basename_number_agrees;set_code_match;rarity_match;card_name_substring_product;source_tcgcsv,card_catalog_map_candidates_20260404_001525,HIGH,0
2300,2334,516801,113,market_number_eq_canonical_or_extracted;image_basename_number_agrees;set_code_match;rarity_match;card_name_substring_product;source_tcgcsv,card_catalog_map_candidates_20260404_001525,HIGH,0
2301,2334,516801,113,market_number_eq_canonical_or_extracted;image_basename_number_agrees;set_code_match;rarity_match;card_name_substring_product;source_tcgcsv,card_catalog_map_candidates_20260404_001525,HIGH,0
2303,2334,516801,101,market_number_eq_canonical_or_extracted;set_code_match;rarity_match;card_name_substring_product;source_tcgcsv,card_catalog_map_candidates_20260404_001525,HIGH,0
2312,2336,516803,101,market_number_eq_canonical_or_extracted;set_code_match;rarity_match;card_name_substring_product;source_tcgcsv,card_catalog_map_candidates_20260404_001525,HIGH,0
2313,2336,516803,101,market_number_eq_canonical_or_extracted;image_basename_number_agrees;set_code_match;rarity_match;parallel_variant_no_parallel_market_penalty;card_name_substring_product;source_tcgcsv,card_catalog_map_candidates_20260404_001525,HIGH,0
2314,2336,516803,101,market_number_eq_canonical_or_extracted;image_basename_number_agrees;set_code_match;rarity_match;parallel_variant_no_parallel_market_penalty;card_name_substring_product;source_tcgcsv,card_catalog_map_candidates_20260404_001525,HIGH,0
2315,2336,516803,101,market_number_eq_canonical_or_extracted;image_basename_number_agrees;set_code_match;rarity_match;parallel_variant_no_parallel_market_penalty;card_name_substring_product;source_tcgcsv,card_catalog_map_candidates_20260404_001525,HIGH,0
2316,2336,516803,101,market_number_eq_canonical_or_extracted;set_code_match;rarity_match;card_name_substring_product;source_tcgcsv,card_catalog_map_candidates_20260404_001525,HIGH,0
2323,2339,516806,101,market_number_eq_canonical_or_extracted;set_code_match;rarity_match;card_name_substring_product;source_tcgcsv,card_catalog_map_candidates_20260404_001525,HIGH,0
2362,2347,516814,101,market_number_eq_canonical_or_extracted;set_code_match;rarity_match;card_name_substring_product;source_tcgcsv,card_catalog_map_candidates_20260404_001525,HIGH,0
2363,2347,516814,101,market_number_eq_canonical_or_extracted;image_basename_number_agrees;set_code_match;rarity_match;parallel_variant_no_parallel_market_penalty;card_name_substring_product;source_tcgcsv,card_catalog_map_candidates_20260404_001525,HIGH,0
2402,3584,596912,89,market_number_eq_canonical_or_extracted;image_basename_number_agrees;set_code_match;parallel_variant_no_parallel_market_penalty;card_name_substring_product;source_tcgcsv,card_catalog_map_candidates_20260404_001525,HIGH,0
2408,3989,629168,101,market_number_eq_canonical_or_extracted;image_basename_number_agrees;set_code_match;rarity_match;parallel_variant_no_parallel_market_penalty;card_name_substring_product;source_tcgcsv,card_catalog_map_candidates_20260404_001525,HIGH,0
2413,3990,629169,101,market_number_eq_canonical_or_extracted;image_basename_number_agrees;set_code_match;rarity_match;parallel_variant_no_parallel_market_penalty;card_name_substring_product;source_tcgcsv,card_catalog_map_candidates_20260404_001525,HIGH,0
2418,2424,528533,113,market_number_eq_canonical_or_extracted;image_basename_number_agrees;set_code_match;rarity_match;card_name_substring_product;source_tcgcsv,card_catalog_map_candidates_20260404_001525,HIGH,0
2420,2424,528533,101,market_number_eq_canonical_or_extracted;image_basename_number_agrees;set_code_match;rarity_match;parallel_variant_no_parallel_market_penalty;card_name_substring_product;source_tcgcsv,card_catalog_map_candidates_20260404_001525,HIGH,0
2424,2425,528536,101,market_number_eq_canonical_or_extracted;set_code_match;rarity_match;card_name_substring_product;source_tcgcsv,card_catalog_map_candidates_20260404_001525,HIGH,0
2449,2428,528539,113,market_number_eq_canonical_or_extracted;image_basename_number_agrees;set_code_match;rarity_match;card_name_substring_product;source_tcgcsv,card_catalog_map_candidates_20260404_001525,HIGH,0
2453,2429,528540,101,market_number_eq_canonical_or_extracted;image_basename_number_agrees;set_code_match;rarity_match;parallel_variant_no_parallel_market_penalty;card_name_substring_product;source_tcgcsv,card_catalog_map_candidates_20260404_001525,HIGH,0
2477,2437,528551,101,market_number_eq_canonical_or_extracted;set_code_match;rarity_match;card_name_substring_product;source_tcgcsv,card_catalog_map_candidates_20260404_001525,HIGH,0
2488,3991,629170,101,market_number_eq_canonical_or_extracted;image_basename_number_agrees;set_code_match;rarity_match;parallel_variant_no_parallel_market_penalty;card_name_substring_product;source_tcgcsv,card_catalog_map_candidates_20260404_001525,HIGH,0
2505,2448,528574,113,market_number_eq_canonical_or_extracted;image_basename_number_agrees;set_code_match;rarity_match;card_name_substring_product;source_tcgcsv,card_catalog_map_candidates_20260404_001525,HIGH,0
2507,2448,528574,101,market_number_eq_canonical_or_extracted;image_basename_number_agrees;set_code_match;rarity_match;parallel_variant_no_parallel_market_penalty;card_name_substring_product;source_tcgcsv,card_catalog_map_candidates_20260404_001525,HIGH,0
2508,2448,528574,113,market_number_eq_canonical_or_extracted;image_basename_number_agrees;set_code_match;rarity_match;card_name_substring_product;source_tcgcsv,card_catalog_map_candidates_20260404_001525,HIGH,0
2531,2454,528581,101,market_number_eq_canonical_or_extracted;set_code_match;rarity_match;card_name_substring_product;source_tcgcsv,card_catalog_map_candidates_20260404_001525,HIGH,0
2532,2454,528581,101,market_number_eq_canonical_or_extracted;image_basename_number_agrees;set_code_match;rarity_match;parallel_variant_no_parallel_market_penalty;card_name_substring_product;source_tcgcsv,card_catalog_map_candidates_20260404_001525,HIGH,0
2537,2455,528582,101,market_number_eq_canonical_or_extracted;image_basename_number_agrees;set_code_match;rarity_match;parallel_variant_no_parallel_market_penalty;card_name_substring_product;source_tcgcsv,card_catalog_map_candidates_20260404_001525,HIGH,0
2538,2455,528582,101,market_number_eq_canonical_or_extracted;image_basename_number_agrees;set_code_match;rarity_match;parallel_variant_no_parallel_market_penalty;card_name_substring_product;source_tcgcsv,card_catalog_map_candidates_20260404_001525,HIGH,0
2539,4870,656067,113,market_number_eq_canonical_or_extracted;image_basename_number_agrees;set_code_match;rarity_match;card_name_substring_product;source_tcgcsv,card_catalog_map_candidates_20260404_001525,HIGH,0
2578,2699,541669,89,market_number_eq_canonical_or_extracted;image_basename_number_agrees;set_code_match;parallel_variant_no_parallel_market_penalty;card_name_substring_product;source_tcgcsv,card_catalog_map_candidates_20260404_001525,HIGH,0
2598,2473,528613,113,market_number_eq_canonical_or_extracted;image_basename_number_agrees;set_code_match;rarity_match;card_name_substring_product;source_tcgcsv,card_catalog_map_candidates_20260404_001525,HIGH,0
2609,3204,581021,101,market_number_eq_canonical_or_extracted;image_basename_number_agrees;set_code_match;rarity_match;parallel_variant_no_parallel_market_penalty;card_name_substring_product;source_tcgcsv,card_catalog_map_candidates_20260404_001525,HIGH,0
2610,3992,629171,101,market_number_eq_canonical_or_extracted;image_basename_number_agrees;set_code_match;rarity_match;parallel_variant_no_parallel_market_penalty;card_name_substring_product;source_tcgcsv,card_catalog_map_candidates_20260404_001525,HIGH,0
2616,3205,581022,113,market_number_eq_canonical_or_extracted;image_basename_number_agrees;set_code_match;rarity_match;card_name_substring_product;source_tcgcsv,card_catalog_map_candidates_20260404_001525,HIGH,0
2621,3206,581023,113,market_number_eq_canonical_or_extracted;image_basename_number_agrees;set_code_match;rarity_match;card_name_substring_product;source_tcgcsv,card_catalog_map_candidates_20260404_001525,HIGH,0
2626,4238,634310,113,market_number_eq_canonical_or_extracted;image_basename_number_agrees;set_code_match;rarity_match;card_name_substring_product;source_tcgcsv,card_catalog_map_candidates_20260404_001525,HIGH,0
2629,3207,581024,113,market_number_eq_canonical_or_extracted;image_basename_number_agrees;set_code_match;rarity_match;card_name_substring_product;source_tcgcsv,card_catalog_map_candidates_20260404_001525,HIGH,0
2630,4239,634311,113,market_number_eq_canonical_or_extracted;image_basename_number_agrees;set_code_match;rarity_match;card_name_substring_product;source_tcgcsv,card_catalog_map_candidates_20260404_001525,HIGH,0
2637,3585,596913,89,market_number_eq_canonical_or_extracted;image_basename_number_agrees;set_code_match;parallel_variant_no_parallel_market_penalty;card_name_substring_product;source_tcgcsv,card_catalog_map_candidates_20260404_001525,HIGH,0
2640,3208,581025,101,market_number_eq_canonical_or_extracted;image_basename_number_agrees;set_code_match;card_name_substring_product;source_tcgcsv,card_catalog_map_candidates_20260404_001525,HIGH,0
2644,3209,581026,113,market_number_eq_canonical_or_extracted;image_basename_number_agrees;set_code_match;rarity_match;card_name_substring_product;source_tcgcsv,card_catalog_map_candidates_20260404_001525,HIGH,0
2651,3370,587959,113,market_number_eq_canonical_or_extracted;image_basename_number_agrees;set_code_match;rarity_match;card_name_substring_product;source_tcgcsv,card_catalog_map_candidates_20260404_001525,HIGH,0
2654,3210,581027,113,market_number_eq_canonical_or_extracted;image_basename_number_agrees;set_code_match;rarity_match;card_name_substring_product;source_tcgcsv,card_catalog_map_candidates_20260404_001525,HIGH,0
2655,4240,634312,113,market_number_eq_canonical_or_extracted;image_basename_number_agrees;set_code_match;rarity_match;card_name_substring_product;source_tcgcsv,card_catalog_map_candidates_20260404_001525,HIGH,0
2660,3211,581028,113,market_number_eq_canonical_or_extracted;image_basename_number_agrees;set_code_match;rarity_match;card_name_substring_product;source_tcgcsv,card_catalog_map_candidates_20260404_001525,HIGH,0
2672,2961,545926,101,market_number_eq_canonical_or_extracted;image_basename_number_agrees;set_code_match;rarity_match;parallel_variant_no_parallel_market_penalty;card_name_substring_product;source_tcgcsv,card_catalog_map_candidates_20260404_001525,HIGH,0
2682,3212,581029,101,market_number_eq_canonical_or_extracted;image_basename_number_agrees;set_code_match;rarity_match;parallel_variant_no_parallel_market_penalty;card_name_substring_product;source_tcgcsv,card_catalog_map_candidates_20260404_001525,HIGH,0
2683,2491,528636,101,market_number_eq_canonical_or_extracted;image_basename_number_agrees;set_code_match;rarity_match;parallel_variant_no_parallel_market_penalty;card_name_substring_product;source_tcgcsv,card_catalog_map_candidates_20260404_001525,HIGH,0
2684,2491,528636,101,market_number_eq_canonical_or_extracted;image_basename_number_agrees;set_code_match;rarity_match;parallel_variant_no_parallel_market_penalty;card_name_substring_product;source_tcgcsv,card_catalog_map_candidates_20260404_001525,HIGH,0
2685,2491,528636,101,market_number_eq_canonical_or_extracted;image_basename_number_agrees;set_code_match;rarity_match;parallel_variant_no_parallel_market_penalty;card_name_substring_product;source_tcgcsv,card_catalog_map_candidates_20260404_001525,HIGH,0
2701,2496,528641,113,market_number_eq_canonical_or_extracted;image_basename_number_agrees;set_code_match;rarity_match;card_name_substring_product;source_tcgcsv,card_catalog_map_candidates_20260404_001525,HIGH,0
2708,2497,528642,113,market_number_eq_canonical_or_extracted;image_basename_number_agrees;set_code_match;rarity_match;card_name_substring_product;source_tcgcsv,card_catalog_map_candidates_20260404_001525,HIGH,0
2718,2501,528647,101,market_number_eq_canonical_or_extracted;set_code_match;rarity_match;card_name_substring_product;source_tcgcsv,card_catalog_map_candidates_20260404_001525,HIGH,0
2719,2501,528647,101,market_number_eq_canonical_or_extracted;image_basename_number_agrees;set_code_match;rarity_match;parallel_variant_no_parallel_market_penalty;card_name_substring_product;source_tcgcsv,card_catalog_map_candidates_20260404_001525,HIGH,0
2736,2700,541670,101,market_number_eq_canonical_or_extracted;image_basename_number_agrees;set_code_match;rarity_match;parallel_variant_no_parallel_market_penalty;card_name_substring_product;source_tcgcsv,card_catalog_map_candidates_20260404_001525,HIGH,0
2749,3586,596914,89,market_number_eq_canonical_or_extracted;image_basename_number_agrees;set_code_match;parallel_variant_no_parallel_market_penalty;card_name_substring_product;source_tcgcsv,card_catalog_map_candidates_20260404_001525,HIGH,0
2761,2509,528659,113,market_number_eq_canonical_or_extracted;image_basename_number_agrees;set_code_match;rarity_match;card_name_substring_product;source_tcgcsv,card_catalog_map_candidates_20260404_001525,HIGH,0
2768,3993,629172,101,market_number_eq_canonical_or_extracted;image_basename_number_agrees;set_code_match;rarity_match;parallel_variant_no_parallel_market_penalty;card_name_substring_product;source_tcgcsv,card_catalog_map_candidates_20260404_001525,HIGH,0
2784,4906,656107,113,market_number_eq_canonical_or_extracted;image_basename_number_agrees;set_code_match;rarity_match;card_name_substring_product;source_tcgcsv,card_catalog_map_candidates_20260404_001525,HIGH,0
2794,2516,528666,113,market_number_eq_canonical_or_extracted;image_basename_number_agrees;set_code_match;rarity_match;card_name_substring_product;source_tcgcsv,card_catalog_map_candidates_20260404_001525,HIGH,0
2798,2517,528667,101,market_number_eq_canonical_or_extracted;set_code_match;rarity_match;card_name_substring_product;source_tcgcsv,card_catalog_map_candidates_20260404_001525,HIGH,0
2799,2517,528667,101,market_number_eq_canonical_or_extracted;image_basename_number_agrees;set_code_match;rarity_match;parallel_variant_no_parallel_market_penalty;card_name_substring_product;source_tcgcsv,card_catalog_map_candidates_20260404_001525,HIGH,0
2800,2517,528667,113,market_number_eq_canonical_or_extracted;image_basename_number_agrees;set_code_match;rarity_match;card_name_substring_product;source_tcgcsv,card_catalog_map_candidates_20260404_001525,HIGH,0
2817,2525,528676,101,market_number_eq_canonical_or_extracted;set_code_match;rarity_match;card_name_substring_product;source_tcgcsv,card_catalog_map_candidates_20260404_001525,HIGH,0
2826,2526,528677,113,market_number_eq_canonical_or_extracted;image_basename_number_agrees;set_code_match;rarity_match;card_name_substring_product;source_tcgcsv,card_catalog_map_candidates_20260404_001525,HIGH,0
2835,2528,528679,113,market_number_eq_canonical_or_extracted;image_basename_number_agrees;set_code_match;rarity_match;card_name_substring_product;source_tcgcsv,card_catalog_map_candidates_20260404_001525,HIGH,0
2851,3587,596915,101,market_number_eq_canonical_or_extracted;image_basename_number_agrees;set_code_match;rarity_match;parallel_variant_no_parallel_market_penalty;card_name_substring_product;source_tcgcsv,card_catalog_map_candidates_20260404_001525,HIGH,0
2867,3994,629173,91,market_number_eq_canonical_or_extracted;image_basename_number_agrees;set_code_match;rarity_match;parallel_variant_no_parallel_market_penalty;source_tcgcsv,card_catalog_map_candidates_20260404_001525,HIGH,0
2874,2615,541567,113,market_number_eq_canonical_or_extracted;image_basename_number_agrees;set_code_match;rarity_match;card_name_substring_product;source_tcgcsv,card_catalog_map_candidates_20260404_001525,HIGH,0
2911,2623,541591,113,market_number_eq_canonical_or_extracted;image_basename_number_agrees;set_code_match;rarity_match;card_name_substring_product;source_tcgcsv,card_catalog_map_candidates_20260404_001525,HIGH,0
2912,2623,541591,101,market_number_eq_canonical_or_extracted;image_basename_number_agrees;set_code_match;rarity_match;parallel_variant_no_parallel_market_penalty;card_name_substring_product;source_tcgcsv,card_catalog_map_candidates_20260404_001525,HIGH,0
2923,3995,629174,101,market_number_eq_canonical_or_extracted;image_basename_number_agrees;set_code_match;rarity_match;parallel_variant_no_parallel_market_penalty;card_name_substring_product;source_tcgcsv,card_catalog_map_candidates_20260404_001525,HIGH,0
2928,3996,629175,101,market_number_eq_canonical_or_extracted;image_basename_number_agrees;set_code_match;rarity_match;parallel_variant_no_parallel_market_penalty;card_name_substring_product;source_tcgcsv,card_catalog_map_candidates_20260404_001525,HIGH,0
2933,3997,629176,101,market_number_eq_canonical_or_extracted;image_basename_number_agrees;set_code_match;rarity_match;parallel_variant_no_parallel_market_penalty;card_name_substring_product;source_tcgcsv,card_catalog_map_candidates_20260404_001525,HIGH,0
2934,4266,634623,101,market_number_eq_canonical_or_extracted;image_basename_number_agrees;set_code_match;rarity_match;parallel_variant_no_parallel_market_penalty;card_name_substring_product;source_tcgcsv,card_catalog_map_candidates_20260404_001525,HIGH,0
2941,2572,539775,113,market_number_eq_canonical_or_extracted;image_basename_number_agrees;set_code_match;rarity_match;card_name_substring_product;source_tcgcsv,card_catalog_map_candidates_20260404_001525,HIGH,0
2972,3428,593488,101,market_number_eq_canonical_or_extracted;image_basename_number_agrees;set_code_match;rarity_match;parallel_variant_no_parallel_market_penalty;card_name_substring_product;source_tcgcsv,card_catalog_map_candidates_20260404_001525,HIGH,0
2974,3428,593488,113,market_number_eq_canonical_or_extracted;image_basename_number_agrees;set_code_match;rarity_match;card_name_substring_product;source_tcgcsv,card_catalog_map_candidates_20260404_001525,HIGH,0
2980,2580,541045,113,market_number_eq_canonical_or_extracted;image_basename_number_agrees;set_code_match;rarity_match;card_name_substring_product;source_tcgcsv,card_catalog_map_candidates_20260404_001525,HIGH,0
2986,2636,541606,101,market_number_eq_canonical_or_extracted;set_code_match;rarity_match;card_name_substring_product;source_tcgcsv,card_catalog_map_candidates_20260404_001525,HIGH,0
3000,3998,629177,101,market_number_eq_canonical_or_extracted;image_basename_number_agrees;set_code_match;rarity_match;parallel_variant_no_parallel_market_penalty;card_name_substring_product;source_tcgcsv,card_catalog_map_candidates_20260404_001525,HIGH,0
3015,2582,541047,101,market_number_eq_canonical_or_extracted;set_code_match;rarity_match;card_name_substring_product;source_tcgcsv,card_catalog_map_candidates_20260404_001525,HIGH,0
3016,2582,541047,101,market_number_eq_canonical_or_extracted;set_code_match;rarity_match;card_name_substring_product;source_tcgcsv,card_catalog_map_candidates_20260404_001525,HIGH,0
3017,2582,541047,101,market_number_eq_canonical_or_extracted;image_basename_number_agrees;set_code_match;rarity_match;parallel_variant_no_parallel_market_penalty;card_name_substring_product;source_tcgcsv,card_catalog_map_candidates_20260404_001525,HIGH,0
3019,2582,541047,113,market_number_eq_canonical_or_extracted;image_basename_number_agrees;set_code_match;rarity_match;card_name_substring_product;source_tcgcsv,card_catalog_map_candidates_20260404_001525,HIGH,0
3031,4435,646565,89,market_number_eq_canonical_or_extracted;image_basename_number_agrees;set_code_match;parallel_variant_no_parallel_market_penalty;card_name_substring_product;source_tcgcsv,card_catalog_map_candidates_20260404_001525,HIGH,0
3035,2587,541052,101,market_number_eq_canonical_or_extracted;image_basename_number_agrees;set_code_match;rarity_match;parallel_variant_no_parallel_market_penalty;card_name_substring_product;source_tcgcsv,card_catalog_map_candidates_20260404_001525,HIGH,0
3036,2587,541052,101,market_number_eq_canonical_or_extracted;image_basename_number_agrees;set_code_match;rarity_match;parallel_variant_no_parallel_market_penalty;card_name_substring_product;source_tcgcsv,card_catalog_map_candidates_20260404_001525,HIGH,0
3057,2608,541073,113,market_number_eq_canonical_or_extracted;image_basename_number_agrees;set_code_match;rarity_match;card_name_substring_product;source_tcgcsv,card_catalog_map_candidates_20260404_001525,HIGH,0
3067,2651,541621,113,market_number_eq_canonical_or_extracted;image_basename_number_agrees;set_code_match;rarity_match;card_name_substring_product;source_tcgcsv,card_catalog_map_candidates_20260404_001525,HIGH,0
3080,2652,541622,101,market_number_eq_canonical_or_extracted;image_basename_number_agrees;set_code_match;rarity_match;parallel_variant_no_parallel_market_penalty;card_name_substring_product;source_tcgcsv,card_catalog_map_candidates_20260404_001525,HIGH,0
3081,2652,541622,101,market_number_eq_canonical_or_extracted;image_basename_number_agrees;set_code_match;rarity_match;parallel_variant_no_parallel_market_penalty;card_name_substring_product;source_tcgcsv,card_catalog_map_candidates_20260404_001525,HIGH,0
3082,2652,541622,101,market_number_eq_canonical_or_extracted;image_basename_number_agrees;set_code_match;rarity_match;parallel_variant_no_parallel_market_penalty;card_name_substring_product;source_tcgcsv,card_catalog_map_candidates_20260404_001525,HIGH,0
3088,2653,541623,113,market_number_eq_canonical_or_extracted;image_basename_number_agrees;set_code_match;rarity_match;card_name_substring_product;source_tcgcsv,card_catalog_map_candidates_20260404_001525,HIGH,0
3095,2605,541070,113,market_number_eq_canonical_or_extracted;image_basename_number_agrees;set_code_match;rarity_match;card_name_substring_product;source_tcgcsv,card_catalog_map_candidates_20260404_001525,HIGH,0
3101,2654,541624,113,market_number_eq_canonical_or_extracted;image_basename_number_agrees;set_code_match;rarity_match;card_name_substring_product;source_tcgcsv,card_catalog_map_candidates_20260404_001525,HIGH,0
3108,2606,541071,113,market_number_eq_canonical_or_extracted;image_basename_number_agrees;set_code_match;rarity_match;card_name_substring_product;source_tcgcsv,card_catalog_map_candidates_20260404_001525,HIGH,0
3109,2606,541071,113,market_number_eq_canonical_or_extracted;image_basename_number_agrees;set_code_match;rarity_match;card_name_substring_product;source_tcgcsv,card_catalog_map_candidates_20260404_001525,HIGH,0
3115,2655,541625,113,market_number_eq_canonical_or_extracted;image_basename_number_agrees;set_code_match;rarity_match;card_name_substring_product;source_tcgcsv,card_catalog_map_candidates_20260404_001525,HIGH,0
3123,3359,587574,101,market_number_eq_canonical_or_extracted;image_basename_number_agrees;set_code_match;rarity_match;parallel_variant_no_parallel_market_penalty;card_name_substring_product;source_tcgcsv,card_catalog_map_candidates_20260404_001525,HIGH,0
3125,3359,587574,113,market_number_eq_canonical_or_extracted;image_basename_number_agrees;set_code_match;rarity_match;card_name_substring_product;source_tcgcsv,card_catalog_map_candidates_20260404_001525,HIGH,0
3142,2661,541631,101,market_number_eq_canonical_or_extracted;set_code_match;rarity_match;card_name_substring_product;source_tcgcsv,card_catalog_map_candidates_20260404_001525,HIGH,0
3143,2661,541631,101,market_number_eq_canonical_or_extracted;image_basename_number_agrees;set_code_match;rarity_match;parallel_variant_no_parallel_market_penalty;card_name_substring_product;source_tcgcsv,card_catalog_map_candidates_20260404_001525,HIGH,0
3157,2663,541633,113,market_number_eq_canonical_or_extracted;image_basename_number_agrees;set_code_match;rarity_match;card_name_substring_product;source_tcgcsv,card_catalog_map_candidates_20260404_001525,HIGH,0
3163,3999,629178,101,market_number_eq_canonical_or_extracted;image_basename_number_agrees;set_code_match;rarity_match;parallel_variant_no_parallel_market_penalty;card_name_substring_product;source_tcgcsv,card_catalog_map_candidates_20260404_001525,HIGH,0
3180,3300,586593,101,market_number_eq_canonical_or_extracted;image_basename_number_agrees;set_code_match;rarity_match;parallel_variant_no_parallel_market_penalty;card_name_substring_product;source_tcgcsv,card_catalog_map_candidates_20260404_001525,HIGH,0
3182,3300,586593,113,market_number_eq_canonical_or_extracted;image_basename_number_agrees;set_code_match;rarity_match;card_name_substring_product;source_tcgcsv,card_catalog_map_candidates_20260404_001525,HIGH,0
3191,2601,541066,113,market_number_eq_canonical_or_extracted;image_basename_number_agrees;set_code_match;rarity_match;card_name_substring_product;source_tcgcsv,card_catalog_map_candidates_20260404_001525,HIGH,0
3192,2601,541066,101,market_number_eq_canonical_or_extracted;image_basename_number_agrees;set_code_match;rarity_match;parallel_variant_no_parallel_market_penalty;card_name_substring_product;source_tcgcsv,card_catalog_map_candidates_20260404_001525,HIGH,0
3197,2671,541641,113,market_number_eq_canonical_or_extracted;image_basename_number_agrees;set_code_match;rarity_match;card_name_substring_product;source_tcgcsv,card_catalog_map_candidates_20260404_001525,HIGH,0
3201,2602,541067,101,market_number_eq_canonical_or_extracted;set_code_match;rarity_match;card_name_substring_product;source_tcgcsv,card_catalog_map_candidates_20260404_001525,HIGH,0
3210,5237,671451,89,market_number_eq_canonical_or_extracted;image_basename_number_agrees;set_code_match;parallel_variant_no_parallel_market_penalty;card_name_substring_product;source_tcgcsv,card_catalog_map_candidates_20260404_001525,HIGH,0
3228,2677,541647,113,market_number_eq_canonical_or_extracted;image_basename_number_agrees;set_code_match;rarity_match;card_name_substring_product;source_tcgcsv,card_catalog_map_candidates_20260404_001525,HIGH,0
3230,4267,635303,113,market_number_eq_canonical_or_extracted;image_basename_number_agrees;set_code_match;rarity_match;card_name_substring_product;source_tcgcsv,card_catalog_map_candidates_20260404_001525,HIGH,0
3236,2962,545927,89,market_number_eq_canonical_or_extracted;image_basename_number_agrees;set_code_match;parallel_variant_no_parallel_market_penalty;card_name_substring_product;source_tcgcsv,card_catalog_map_candidates_20260404_001525,HIGH,0
3245,4268,635304,113,market_number_eq_canonical_or_extracted;image_basename_number_agrees;set_code_match;rarity_match;card_name_substring_product;source_tcgcsv,card_catalog_map_candidates_20260404_001525,HIGH,0
3248,2565,539503,101,market_number_eq_canonical_or_extracted;set_code_match;rarity_match;card_name_substring_product;source_tcgcsv,card_catalog_map_candidates_20260404_001525,HIGH,0
3249,4269,635305,113,market_number_eq_canonical_or_extracted;image_basename_number_agrees;set_code_match;rarity_match;card_name_substring_product;source_tcgcsv,card_catalog_map_candidates_20260404_001525,HIGH,0
3256,3283,586547,101,market_number_eq_canonical_or_extracted;image_basename_number_agrees;set_code_match;rarity_match;parallel_variant_no_parallel_market_penalty;card_name_substring_product;source_tcgcsv,card_catalog_map_candidates_20260404_001525,HIGH,0
3258,3283,586547,113,market_number_eq_canonical_or_extracted;image_basename_number_agrees;set_code_match;rarity_match;card_name_substring_product;source_tcgcsv,card_catalog_map_candidates_20260404_001525,HIGH,0
3263,4952,656154,113,market_number_eq_canonical_or_extracted;image_basename_number_agrees;set_code_match;rarity_match;card_name_substring_product;source_tcgcsv,card_catalog_map_candidates_20260404_001525,HIGH,0
3268,4270,635306,113,market_number_eq_canonical_or_extracted;image_basename_number_agrees;set_code_match;rarity_match;card_name_substring_product;source_tcgcsv,card_catalog_map_candidates_20260404_001525,HIGH,0
3271,2683,541653,101,market_number_eq_canonical_or_extracted;set_code_match;rarity_match;card_name_substring_product;source_tcgcsv,card_catalog_map_candidates_20260404_001525,HIGH,0
3272,2683,541653,101,market_number_eq_canonical_or_extracted;image_basename_number_agrees;set_code_match;rarity_match;parallel_variant_no_parallel_market_penalty;card_name_substring_product;source_tcgcsv,card_catalog_map_candidates_20260404_001525,HIGH,0
3276,4271,635307,113,market_number_eq_canonical_or_extracted;image_basename_number_agrees;set_code_match;rarity_match;card_name_substring_product;source_tcgcsv,card_catalog_map_candidates_20260404_001525,HIGH,0
3281,4272,635308,113,market_number_eq_canonical_or_extracted;image_basename_number_agrees;set_code_match;rarity_match;card_name_substring_product;source_tcgcsv,card_catalog_map_candidates_20260404_001525,HIGH,0
3292,2566,539504,109,market_number_eq_canonical_or_extracted;image_basename_number_agrees;set_code_match;rarity_match;name_token_overlap;source_tcgcsv,card_catalog_map_candidates_20260404_001525,HIGH,0
3306,3374,587964,113,market_number_eq_canonical_or_extracted;image_basename_number_agrees;set_code_match;rarity_match;card_name_substring_product;source_tcgcsv,card_catalog_map_candidates_20260404_001525,HIGH,0
3307,4962,656164,113,market_number_eq_canonical_or_extracted;image_basename_number_agrees;set_code_match;rarity_match;card_name_substring_product;source_tcgcsv,card_catalog_map_candidates_20260404_001525,HIGH,0
3313,4167,632505,101,market_number_eq_canonical_or_extracted;image_basename_number_agrees;set_code_match;rarity_match;parallel_variant_no_parallel_market_penalty;card_name_substring_product;source_tcgcsv,card_catalog_map_candidates_20260404_001525,HIGH,0
3320,2814,545779,139,market_number_eq_canonical_or_extracted;image_basename_number_agrees;set_code_match;rarity_match;parallel_token_in_market_fields;parallel_index_loose_in_name;card_name_substring_product;source_tcgcsv,card_catalog_map_candidates_20260404_001525,HIGH,0
3331,2819,545784,131,market_number_eq_canonical_or_extracted;image_basename_number_agrees;set_code_match;rarity_match;parallel_token_in_market_fields;card_name_substring_product;source_tcgcsv,card_catalog_map_candidates_20260404_001525,HIGH,0
3355,2830,545795,139,market_number_eq_canonical_or_extracted;image_basename_number_agrees;set_code_match;rarity_match;parallel_token_in_market_fields;parallel_index_loose_in_name;card_name_substring_product;source_tcgcsv,card_catalog_map_candidates_20260404_001525,HIGH,0
3357,4970,656173,113,market_number_eq_canonical_or_extracted;image_basename_number_agrees;set_code_match;rarity_match;card_name_substring_product;source_tcgcsv,card_catalog_map_candidates_20260404_001525,HIGH,0
3370,2835,545800,139,market_number_eq_canonical_or_extracted;image_basename_number_agrees;set_code_match;rarity_match;parallel_token_in_market_fields;parallel_index_loose_in_name;card_name_substring_product;source_tcgcsv,card_catalog_map_candidates_20260404_001525,HIGH,0
3378,2837,545802,101,market_number_eq_canonical_or_extracted;image_basename_number_agrees;set_code_match;rarity_match;parallel_variant_no_parallel_market_penalty;card_name_substring_product;source_tcgcsv,card_catalog_map_candidates_20260404_001525,HIGH,0
3379,3752,617029,101,market_number_eq_canonical_or_extracted;image_basename_number_agrees;set_code_match;rarity_match;parallel_variant_no_parallel_market_penalty;card_name_substring_product;source_tcgcsv,card_catalog_map_candidates_20260404_001525,HIGH,0
3380,2837,545802,101,market_number_eq_canonical_or_extracted;image_basename_number_agrees;set_code_match;rarity_match;parallel_variant_no_parallel_market_penalty;card_name_substring_product;source_tcgcsv,card_catalog_map_candidates_20260404_001525,HIGH,0
3381,2837,545802,101,market_number_eq_canonical_or_extracted;image_basename_number_agrees;set_code_match;rarity_match;parallel_variant_no_parallel_market_penalty;card_name_substring_product;source_tcgcsv,card_catalog_map_candidates_20260404_001525,HIGH,0
3382,2837,545802,101,market_number_eq_canonical_or_extracted;image_basename_number_agrees;set_code_match;rarity_match;parallel_variant_no_parallel_market_penalty;card_name_substring_product;source_tcgcsv,card_catalog_map_candidates_20260404_001525,HIGH,0
3383,2837,545802,101,market_number_eq_canonical_or_extracted;image_basename_number_agrees;set_code_match;rarity_match;parallel_variant_no_parallel_market_penalty;card_name_substring_product;source_tcgcsv,card_catalog_map_candidates_20260404_001525,HIGH,0
3384,2837,545802,101,market_number_eq_canonical_or_extracted;image_basename_number_agrees;set_code_match;rarity_match;parallel_variant_no_parallel_market_penalty;card_name_substring_product;source_tcgcsv,card_catalog_map_candidates_20260404_001525,HIGH,0
3386,2837,545802,113,market_number_eq_canonical_or_extracted;image_basename_number_agrees;set_code_match;rarity_match;card_name_substring_product;source_tcgcsv,card_catalog_map_candidates_20260404_001525,HIGH,0
3387,4200,634600,113,market_number_eq_canonical_or_extracted;image_basename_number_agrees;set_code_match;rarity_match;card_name_substring_product;source_tcgcsv,card_catalog_map_candidates_20260404_001525,HIGH,0
3389,2837,545802,101,market_number_eq_canonical_or_extracted;set_code_match;rarity_match;card_name_substring_product;source_tcgcsv,card_catalog_map_candidates_20260404_001525,HIGH,0
3393,2839,545804,131,market_number_eq_canonical_or_extracted;image_basename_number_agrees;set_code_match;rarity_match;parallel_token_in_market_fields;card_name_substring_product;source_tcgcsv,card_catalog_map_candidates_20260404_001525,HIGH,0
3396,4201,634601,113,market_number_eq_canonical_or_extracted;image_basename_number_agrees;set_code_match;rarity_match;card_name_substring_product;source_tcgcsv,card_catalog_map_candidates_20260404_001525,HIGH,0
3401,4202,634602,113,market_number_eq_canonical_or_extracted;image_basename_number_agrees;set_code_match;rarity_match;card_name_substring_product;source_tcgcsv,card_catalog_map_candidates_20260404_001525,HIGH,0
3405,2844,545809,131,market_number_eq_canonical_or_extracted;image_basename_number_agrees;set_code_match;rarity_match;parallel_token_in_market_fields;card_name_substring_product;source_tcgcsv,card_catalog_map_candidates_20260404_001525,HIGH,0
3406,4978,656182,113,market_number_eq_canonical_or_extracted;image_basename_number_agrees;set_code_match;rarity_match;card_name_substring_product;source_tcgcsv,card_catalog_map_candidates_20260404_001525,HIGH,0
3414,2848,545813,131,market_number_eq_canonical_or_extracted;image_basename_number_agrees;set_code_match;rarity_match;parallel_token_in_market_fields;card_name_substring_product;source_tcgcsv,card_catalog_map_candidates_20260404_001525,HIGH,0
3415,4981,656187,113,market_number_eq_canonical_or_extracted;image_basename_number_agrees;set_code_match;rarity_match;card_name_substring_product;source_tcgcsv,card_catalog_map_candidates_20260404_001525,HIGH,0
3421,4203,634603,113,market_number_eq_canonical_or_extracted;image_basename_number_agrees;set_code_match;rarity_match;card_name_substring_product;source_tcgcsv,card_catalog_map_candidates_20260404_001525,HIGH,0
3427,4204,634605,113,market_number_eq_canonical_or_extracted;image_basename_number_agrees;set_code_match;rarity_match;card_name_substring_product;source_tcgcsv,card_catalog_map_candidates_20260404_001525,HIGH,0
3430,4205,634608,113,market_number_eq_canonical_or_extracted;image_basename_number_agrees;set_code_match;rarity_match;card_name_substring_product;source_tcgcsv,card_catalog_map_candidates_20260404_001525,HIGH,0
3435,4206,634610,101,market_number_eq_canonical_or_extracted;image_basename_number_agrees;set_code_match;rarity_match;parallel_variant_no_parallel_market_penalty;card_name_substring_product;source_tcgcsv,card_catalog_map_candidates_20260404_001525,HIGH,0
3438,2856,545821,101,market_number_eq_canonical_or_extracted;image_basename_number_agrees;set_code_match;rarity_match;parallel_variant_no_parallel_market_penalty;card_name_substring_product;source_tcgcsv,card_catalog_map_candidates_20260404_001525,HIGH,0
3439,4207,634612,113,market_number_eq_canonical_or_extracted;image_basename_number_agrees;set_code_match;rarity_match;card_name_substring_product;source_tcgcsv,card_catalog_map_candidates_20260404_001525,HIGH,0
3443,2858,545823,131,market_number_eq_canonical_or_extracted;image_basename_number_agrees;set_code_match;rarity_match;parallel_token_in_market_fields;card_name_substring_product;source_tcgcsv,card_catalog_map_candidates_20260404_001525,HIGH,0
3449,2860,545825,101,market_number_eq_canonical_or_extracted;image_basename_number_agrees;set_code_match;rarity_match;parallel_variant_no_parallel_market_penalty;card_name_substring_product;source_tcgcsv,card_catalog_map_candidates_20260404_001525,HIGH,0
3452,2860,545825,101,market_number_eq_canonical_or_extracted;image_basename_number_agrees;set_code_match;rarity_match;parallel_variant_no_parallel_market_penalty;card_name_substring_product;source_tcgcsv,card_catalog_map_candidates_20260404_001525,HIGH,0
3453,2860,545825,113,market_number_eq_canonical_or_extracted;image_basename_number_agrees;set_code_match;rarity_match;card_name_substring_product;source_tcgcsv,card_catalog_map_candidates_20260404_001525,HIGH,0
3463,2864,545829,101,market_number_eq_canonical_or_extracted;image_basename_number_agrees;set_code_match;rarity_match;parallel_variant_no_parallel_market_penalty;card_name_substring_product;source_tcgcsv,card_catalog_map_candidates_20260404_001525,HIGH,0
3467,2866,545831,131,market_number_eq_canonical_or_extracted;image_basename_number_agrees;set_code_match;rarity_match;parallel_token_in_market_fields;card_name_substring_product;source_tcgcsv,card_catalog_map_candidates_20260404_001525,HIGH,0
3471,2868,545833,119,market_number_eq_canonical_or_extracted;image_basename_number_agrees;set_code_match;parallel_token_in_market_fields;card_name_substring_product;source_tcgcsv,card_catalog_map_candidates_20260404_001525,HIGH,0
3478,2870,545835,131,market_number_eq_canonical_or_extracted;image_basename_number_agrees;set_code_match;rarity_match;parallel_token_in_market_fields;card_name_substring_product;source_tcgcsv,card_catalog_map_candidates_20260404_001525,HIGH,0
3479,2870,545835,131,market_number_eq_canonical_or_extracted;image_basename_number_agrees;set_code_match;rarity_match;parallel_token_in_market_fields;card_name_substring_product;source_tcgcsv,card_catalog_map_candidates_20260404_001525,HIGH,0
3480,2870,545835,131,market_number_eq_canonical_or_extracted;image_basename_number_agrees;set_code_match;rarity_match;parallel_token_in_market_fields;card_name_substring_product;source_tcgcsv,card_catalog_map_candidates_20260404_001525,HIGH,0
3481,2870,545835,139,market_number_eq_canonical_or_extracted;image_basename_number_agrees;set_code_match;rarity_match;parallel_token_in_market_fields;parallel_index_loose_in_name;card_name_substring_product;source_tcgcsv,card_catalog_map_candidates_20260404_001525,HIGH,0
3482,2870,545835,131,market_number_eq_canonical_or_extracted;image_basename_number_agrees;set_code_match;rarity_match;parallel_token_in_market_fields;card_name_substring_product;source_tcgcsv,card_catalog_map_candidates_20260404_001525,HIGH,0
3485,2871,545836,101,market_number_eq_canonical_or_extracted;image_basename_number_agrees;set_code_match;rarity_match;parallel_variant_no_parallel_market_penalty;card_name_substring_product;source_tcgcsv,card_catalog_map_candidates_20260404_001525,HIGH,0
3505,2878,545843,101,market_number_eq_canonical_or_extracted;set_code_match;rarity_match;card_name_substring_product;source_tcgcsv,card_catalog_map_candidates_20260404_001525,HIGH,0
3506,2878,545843,101,market_number_eq_canonical_or_extracted;image_basename_number_agrees;set_code_match;rarity_match;parallel_variant_no_parallel_market_penalty;card_name_substring_product;source_tcgcsv,card_catalog_map_candidates_20260404_001525,HIGH,0
3507,2878,545843,101,market_number_eq_canonical_or_extracted;image_basename_number_agrees;set_code_match;rarity_match;parallel_variant_no_parallel_market_penalty;card_name_substring_product;source_tcgcsv,card_catalog_map_candidates_20260404_001525,HIGH,0
3508,2878,545843,101,market_number_eq_canonical_or_extracted;image_basename_number_agrees;set_code_match;rarity_match;parallel_variant_no_parallel_market_penalty;card_name_substring_product;source_tcgcsv,card_catalog_map_candidates_20260404_001525,HIGH,0
3509,2878,545843,101,market_number_eq_canonical_or_extracted;image_basename_number_agrees;set_code_match;rarity_match;parallel_variant_no_parallel_market_penalty;card_name_substring_product;source_tcgcsv,card_catalog_map_candidates_20260404_001525,HIGH,0
3520,2882,545847,101,market_number_eq_canonical_or_extracted;image_basename_number_agrees;set_code_match;rarity_match;parallel_variant_no_parallel_market_penalty;card_name_substring_product;source_tcgcsv,card_catalog_map_candidates_20260404_001525,HIGH,0
3526,2885,545850,131,market_number_eq_canonical_or_extracted;image_basename_number_agrees;set_code_match;rarity_match;parallel_token_in_market_fields;card_name_substring_product;source_tcgcsv,card_catalog_map_candidates_20260404_001525,HIGH,0
3541,2891,545856,131,market_number_eq_canonical_or_extracted;image_basename_number_agrees;set_code_match;rarity_match;parallel_token_in_market_fields;card_name_substring_product;source_tcgcsv,card_catalog_map_candidates_20260404_001525,HIGH,0
3542,2891,545856,131,market_number_eq_canonical_or_extracted;image_basename_number_agrees;set_code_match;rarity_match;parallel_token_in_market_fields;card_name_substring_product;source_tcgcsv,card_catalog_map_candidates_20260404_001525,HIGH,0
3543,4997,656204,113,market_number_eq_canonical_or_extracted;image_basename_number_agrees;set_code_match;rarity_match;card_name_substring_product;source_tcgcsv,card_catalog_map_candidates_20260404_001525,HIGH,0
3548,2893,545858,101,market_number_eq_canonical_or_extracted;image_basename_number_agrees;set_code_match;rarity_match;parallel_variant_no_parallel_market_penalty;card_name_substring_product;source_tcgcsv,card_catalog_map_candidates_20260404_001525,HIGH,0
3549,2893,545858,101,market_number_eq_canonical_or_extracted;image_basename_number_agrees;set_code_match;rarity_match;parallel_variant_no_parallel_market_penalty;card_name_substring_product;source_tcgcsv,card_catalog_map_candidates_20260404_001525,HIGH,0
3561,2899,545864,139,market_number_eq_canonical_or_extracted;image_basename_number_agrees;set_code_match;rarity_match;parallel_token_in_market_fields;parallel_index_loose_in_name;card_name_substring_product;source_tcgcsv,card_catalog_map_candidates_20260404_001525,HIGH,0
3565,2901,545866,131,market_number_eq_canonical_or_extracted;image_basename_number_agrees;set_code_match;rarity_match;parallel_token_in_market_fields;card_name_substring_product;source_tcgcsv,card_catalog_map_candidates_20260404_001525,HIGH,0
3568,2902,545867,101,market_number_eq_canonical_or_extracted;image_basename_number_agrees;set_code_match;rarity_match;parallel_variant_no_parallel_market_penalty;card_name_substring_product;source_tcgcsv,card_catalog_map_candidates_20260404_001525,HIGH,0
3584,2909,545874,131,market_number_eq_canonical_or_extracted;image_basename_number_agrees;set_code_match;rarity_match;parallel_token_in_market_fields;card_name_substring_product;source_tcgcsv,card_catalog_map_candidates_20260404_001525,HIGH,0
3588,2910,545875,101,market_number_eq_canonical_or_extracted;set_code_match;rarity_match;card_name_substring_product;source_tcgcsv,card_catalog_map_candidates_20260404_001525,HIGH,0
3589,2910,545875,101,market_number_eq_canonical_or_extracted;image_basename_number_agrees;set_code_match;rarity_match;parallel_variant_no_parallel_market_penalty;card_name_substring_product;source_tcgcsv,card_catalog_map_candidates_20260404_001525,HIGH,0
3601,2916,545881,119,market_number_eq_canonical_or_extracted;image_basename_number_agrees;set_code_match;parallel_token_in_market_fields;card_name_substring_product;source_tcgcsv,card_catalog_map_candidates_20260404_001525,HIGH,0
3616,2922,545887,101,market_number_eq_canonical_or_extracted;set_code_match;rarity_match;card_name_substring_product;source_tcgcsv,card_catalog_map_candidates_20260404_001525,HIGH,0
3617,2922,545887,101,market_number_eq_canonical_or_extracted;image_basename_number_agrees;set_code_match;rarity_match;parallel_variant_no_parallel_market_penalty;card_name_substring_product;source_tcgcsv,card_catalog_map_candidates_20260404_001525,HIGH,0
3632,2929,545894,131,market_number_eq_canonical_or_extracted;image_basename_number_agrees;set_code_match;rarity_match;parallel_token_in_market_fields;card_name_substring_product;source_tcgcsv,card_catalog_map_candidates_20260404_001525,HIGH,0
3640,2932,545897,101,market_number_eq_canonical_or_extracted;set_code_match;rarity_match;card_name_substring_product;source_tcgcsv,card_catalog_map_candidates_20260404_001525,HIGH,0
3641,2932,545897,101,market_number_eq_canonical_or_extracted;image_basename_number_agrees;set_code_match;rarity_match;parallel_variant_no_parallel_market_penalty;card_name_substring_product;source_tcgcsv,card_catalog_map_candidates_20260404_001525,HIGH,0
3642,2932,545897,101,market_number_eq_canonical_or_extracted;image_basename_number_agrees;set_code_match;rarity_match;parallel_variant_no_parallel_market_penalty;card_name_substring_product;source_tcgcsv,card_catalog_map_candidates_20260404_001525,HIGH,0
3658,2940,545905,131,market_number_eq_canonical_or_extracted;image_basename_number_agrees;set_code_match;rarity_match;parallel_token_in_market_fields;card_name_substring_product;source_tcgcsv,card_catalog_map_candidates_20260404_001525,HIGH,0
3659,5003,656214,113,market_number_eq_canonical_or_extracted;image_basename_number_agrees;set_code_match;rarity_match;card_name_substring_product;source_tcgcsv,card_catalog_map_candidates_20260404_001525,HIGH,0
3668,2943,545908,139,market_number_eq_canonical_or_extracted;image_basename_number_agrees;set_code_match;rarity_match;parallel_token_in_market_fields;parallel_index_loose_in_name;card_name_substring_product;source_tcgcsv,card_catalog_map_candidates_20260404_001525,HIGH,0
3670,2943,545908,131,market_number_eq_canonical_or_extracted;image_basename_number_agrees;set_code_match;rarity_match;parallel_token_in_market_fields;card_name_substring_product;source_tcgcsv,card_catalog_map_candidates_20260404_001525,HIGH,0
3671,2943,545908,131,market_number_eq_canonical_or_extracted;image_basename_number_agrees;set_code_match;rarity_match;parallel_token_in_market_fields;card_name_substring_product;source_tcgcsv,card_catalog_map_candidates_20260404_001525,HIGH,0
3672,5005,656217,113,market_number_eq_canonical_or_extracted;image_basename_number_agrees;set_code_match;rarity_match;card_name_substring_product;source_tcgcsv,card_catalog_map_candidates_20260404_001525,HIGH,0
3678,2946,545911,119,market_number_eq_canonical_or_extracted;image_basename_number_agrees;set_code_match;parallel_token_in_market_fields;card_name_substring_product;source_tcgcsv,card_catalog_map_candidates_20260404_001525,HIGH,0
3685,2948,545913,101,market_number_eq_canonical_or_extracted;image_basename_number_agrees;set_code_match;rarity_match;parallel_variant_no_parallel_market_penalty;card_name_substring_product;source_tcgcsv,card_catalog_map_candidates_20260404_001525,HIGH,0
3694,4273,635309,101,market_number_eq_canonical_or_extracted;image_basename_number_agrees;set_code_match;rarity_match;parallel_variant_no_parallel_market_penalty;card_name_substring_product;source_tcgcsv,card_catalog_map_candidates_20260404_001525,HIGH,0
3695,2951,545916,101,market_number_eq_canonical_or_extracted;image_basename_number_agrees;set_code_match;rarity_match;parallel_variant_no_parallel_market_penalty;card_name_substring_product;source_tcgcsv,card_catalog_map_candidates_20260404_001525,HIGH,0
3701,2954,545919,131,market_number_eq_canonical_or_extracted;image_basename_number_agrees;set_code_match;rarity_match;parallel_token_in_market_fields;card_name_substring_product;source_tcgcsv,card_catalog_map_candidates_20260404_001525,HIGH,0
3703,2954,545919,131,market_number_eq_canonical_or_extracted;image_basename_number_agrees;set_code_match;rarity_match;parallel_token_in_market_fields;card_name_substring_product;source_tcgcsv,card_catalog_map_candidates_20260404_001525,HIGH,0
3704,5011,656224,113,market_number_eq_canonical_or_extracted;image_basename_number_agrees;set_code_match;rarity_match;card_name_substring_product;source_tcgcsv,card_catalog_map_candidates_20260404_001525,HIGH,0
3710,2956,545921,139,market_number_eq_canonical_or_extracted;image_basename_number_agrees;set_code_match;rarity_match;parallel_token_in_market_fields;parallel_index_loose_in_name;card_name_substring_product;source_tcgcsv,card_catalog_map_candidates_20260404_001525,HIGH,0
3711,2956,545921,131,market_number_eq_canonical_or_extracted;image_basename_number_agrees;set_code_match;rarity_match;parallel_token_in_market_fields;card_name_substring_product;source_tcgcsv,card_catalog_map_candidates_20260404_001525,HIGH,0
3712,5013,656227,113,market_number_eq_canonical_or_extracted;image_basename_number_agrees;set_code_match;rarity_match;card_name_substring_product;source_tcgcsv,card_catalog_map_candidates_20260404_001525,HIGH,0
3716,2978,558022,139,market_number_eq_canonical_or_extracted;image_basename_number_agrees;set_code_match;rarity_match;parallel_token_in_market_fields;parallel_index_loose_in_name;card_name_substring_product;source_tcgcsv,card_catalog_map_candidates_20260404_001525,HIGH,0
3721,2980,558024,131,market_number_eq_canonical_or_extracted;image_basename_number_agrees;set_code_match;rarity_match;parallel_token_in_market_fields;card_name_substring_product;source_tcgcsv,card_catalog_map_candidates_20260404_001525,HIGH,0
3734,2986,558030,131,market_number_eq_canonical_or_extracted;image_basename_number_agrees;set_code_match;rarity_match;parallel_token_in_market_fields;card_name_substring_product;source_tcgcsv,card_catalog_map_candidates_20260404_001525,HIGH,0
3752,2995,558039,131,market_number_eq_canonical_or_extracted;image_basename_number_agrees;set_code_match;rarity_match;parallel_token_in_market_fields;card_name_substring_product;source_tcgcsv,card_catalog_map_candidates_20260404_001525,HIGH,0
3763,3000,558044,101,market_number_eq_canonical_or_extracted;set_code_match;rarity_match;card_name_substring_product;source_tcgcsv,card_catalog_map_candidates_20260404_001525,HIGH,0
3767,3002,558046,139,market_number_eq_canonical_or_extracted;image_basename_number_agrees;set_code_match;rarity_match;parallel_token_in_market_fields;parallel_index_loose_in_name;card_name_substring_product;source_tcgcsv,card_catalog_map_candidates_20260404_001525,HIGH,0
3774,3005,558049,131,market_number_eq_canonical_or_extracted;image_basename_number_agrees;set_code_match;rarity_match;parallel_token_in_market_fields;card_name_substring_product;source_tcgcsv,card_catalog_map_candidates_20260404_001525,HIGH,0
3793,3013,558057,131,market_number_eq_canonical_or_extracted;image_basename_number_agrees;set_code_match;rarity_match;parallel_token_in_market_fields;card_name_substring_product;source_tcgcsv,card_catalog_map_candidates_20260404_001525,HIGH,0
3806,3019,558063,101,market_number_eq_canonical_or_extracted;image_basename_number_agrees;set_code_match;rarity_match;parallel_variant_no_parallel_market_penalty;card_name_substring_product;source_tcgcsv,card_catalog_map_candidates_20260404_001525,HIGH,0
3815,3023,558067,113,market_number_eq_canonical_or_extracted;image_basename_number_agrees;set_code_match;rarity_match;card_name_substring_product;source_tcgcsv,card_catalog_map_candidates_20260404_001525,HIGH,0
3816,3023,558067,101,market_number_eq_canonical_or_extracted;image_basename_number_agrees;set_code_match;rarity_match;parallel_variant_no_parallel_market_penalty;card_name_substring_product;source_tcgcsv,card_catalog_map_candidates_20260404_001525,HIGH,0
3824,3027,558071,131,market_number_eq_canonical_or_extracted;image_basename_number_agrees;set_code_match;rarity_match;parallel_token_in_market_fields;card_name_substring_product;source_tcgcsv,card_catalog_map_candidates_20260404_001525,HIGH,0
3844,3037,558081,119,market_number_eq_canonical_or_extracted;image_basename_number_agrees;set_code_match;parallel_token_in_market_fields;card_name_substring_product;source_tcgcsv,card_catalog_map_candidates_20260404_001525,HIGH,0
3845,3901,620135,101,market_number_eq_canonical_or_extracted;image_basename_number_agrees;set_code_match;rarity_match;parallel_variant_no_parallel_market_penalty;card_name_substring_product;source_tcgcsv,card_catalog_map_candidates_20260404_001525,HIGH,0
3857,3043,558087,131,market_number_eq_canonical_or_extracted;image_basename_number_agrees;set_code_match;rarity_match;parallel_token_in_market_fields;card_name_substring_product;source_tcgcsv,card_catalog_map_candidates_20260404_001525,HIGH,0
3862,3045,558089,131,market_number_eq_canonical_or_extracted;image_basename_number_agrees;set_code_match;rarity_match;parallel_token_in_market_fields;card_name_substring_product;source_tcgcsv,card_catalog_map_candidates_20260404_001525,HIGH,0
3872,3049,558093,101,market_number_eq_canonical_or_extracted;image_basename_number_agrees;set_code_match;rarity_match;parallel_variant_no_parallel_market_penalty;card_name_substring_product;source_tcgcsv,card_catalog_map_candidates_20260404_001525,HIGH,0
3873,3049,558093,101,market_number_eq_canonical_or_extracted;image_basename_number_agrees;set_code_match;rarity_match;parallel_variant_no_parallel_market_penalty;card_name_substring_product;source_tcgcsv,card_catalog_map_candidates_20260404_001525,HIGH,0
3886,3055,558099,131,market_number_eq_canonical_or_extracted;image_basename_number_agrees;set_code_match;rarity_match;parallel_token_in_market_fields;card_name_substring_product;source_tcgcsv,card_catalog_map_candidates_20260404_001525,HIGH,0
3887,3055,558099,131,market_number_eq_canonical_or_extracted;image_basename_number_agrees;set_code_match;rarity_match;parallel_token_in_market_fields;card_name_substring_product;source_tcgcsv,card_catalog_map_candidates_20260404_001525,HIGH,0
3888,5019,656235,113,market_number_eq_canonical_or_extracted;image_basename_number_agrees;set_code_match;rarity_match;card_name_substring_product;source_tcgcsv,card_catalog_map_candidates_20260404_001525,HIGH,0
3895,3058,558102,131,market_number_eq_canonical_or_extracted;image_basename_number_agrees;set_code_match;rarity_match;parallel_token_in_market_fields;card_name_substring_product;source_tcgcsv,card_catalog_map_candidates_20260404_001525,HIGH,0
3896,3058,558102,131,market_number_eq_canonical_or_extracted;image_basename_number_agrees;set_code_match;rarity_match;parallel_token_in_market_fields;card_name_substring_product;source_tcgcsv,card_catalog_map_candidates_20260404_001525,HIGH,0
3908,3064,558108,131,market_number_eq_canonical_or_extracted;image_basename_number_agrees;set_code_match;rarity_match;parallel_token_in_market_fields;card_name_substring_product;source_tcgcsv,card_catalog_map_candidates_20260404_001525,HIGH,0
3909,5022,656239,113,market_number_eq_canonical_or_extracted;image_basename_number_agrees;set_code_match;rarity_match;card_name_substring_product;source_tcgcsv,card_catalog_map_candidates_20260404_001525,HIGH,0
3923,3070,558114,131,market_number_eq_canonical_or_extracted;image_basename_number_agrees;set_code_match;rarity_match;parallel_token_in_market_fields;card_name_substring_product;source_tcgcsv,card_catalog_map_candidates_20260404_001525,HIGH,0
3927,3072,558116,131,market_number_eq_canonical_or_extracted;image_basename_number_agrees;set_code_match;rarity_match;parallel_token_in_market_fields;card_name_substring_product;source_tcgcsv,card_catalog_map_candidates_20260404_001525,HIGH,0
3937,3077,558121,131,market_number_eq_canonical_or_extracted;image_basename_number_agrees;set_code_match;rarity_match;parallel_token_in_market_fields;card_name_substring_product;source_tcgcsv,card_catalog_map_candidates_20260404_001525,HIGH,0
3938,3077,558121,131,market_number_eq_canonical_or_extracted;image_basename_number_agrees;set_code_match;rarity_match;parallel_token_in_market_fields;card_name_substring_product;source_tcgcsv,card_catalog_map_candidates_20260404_001525,HIGH,0
3970,3092,558136,131,market_number_eq_canonical_or_extracted;image_basename_number_agrees;set_code_match;rarity_match;parallel_token_in_market_fields;card_name_substring_product;source_tcgcsv,card_catalog_map_candidates_20260404_001525,HIGH,0
3975,3093,558137,101,market_number_eq_canonical_or_extracted;image_basename_number_agrees;set_code_match;rarity_match;parallel_variant_no_parallel_market_penalty;card_name_substring_product;source_tcgcsv,card_catalog_map_candidates_20260404_001525,HIGH,0
3992,3100,558144,131,market_number_eq_canonical_or_extracted;image_basename_number_agrees;set_code_match;rarity_match;parallel_token_in_market_fields;card_name_substring_product;source_tcgcsv,card_catalog_map_candidates_20260404_001525,HIGH,0
3996,3102,558146,119,market_number_eq_canonical_or_extracted;image_basename_number_agrees;set_code_match;parallel_token_in_market_fields;card_name_substring_product;source_tcgcsv,card_catalog_map_candidates_20260404_001525,HIGH,0
4009,3107,558151,131,market_number_eq_canonical_or_extracted;image_basename_number_agrees;set_code_match;rarity_match;parallel_token_in_market_fields;card_name_substring_product;source_tcgcsv,card_catalog_map_candidates_20260404_001525,HIGH,0
4010,3107,558151,131,market_number_eq_canonical_or_extracted;image_basename_number_agrees;set_code_match;rarity_match;parallel_token_in_market_fields;card_name_substring_product;source_tcgcsv,card_catalog_map_candidates_20260404_001525,HIGH,0
4011,3107,558151,131,market_number_eq_canonical_or_extracted;image_basename_number_agrees;set_code_match;rarity_match;parallel_token_in_market_fields;card_name_substring_product;source_tcgcsv,card_catalog_map_candidates_20260404_001525,HIGH,0
4012,3107,558151,131,market_number_eq_canonical_or_extracted;image_basename_number_agrees;set_code_match;rarity_match;parallel_token_in_market_fields;card_name_substring_product;source_tcgcsv,card_catalog_map_candidates_20260404_001525,HIGH,0
4018,3110,558154,131,market_number_eq_canonical_or_extracted;image_basename_number_agrees;set_code_match;rarity_match;parallel_token_in_market_fields;card_name_substring_product;source_tcgcsv,card_catalog_map_candidates_20260404_001525,HIGH,0
4035,5029,656246,113,market_number_eq_canonical_or_extracted;image_basename_number_agrees;set_code_match;rarity_match;card_name_substring_product;source_tcgcsv,card_catalog_map_candidates_20260404_001525,HIGH,0
4039,3120,558164,131,market_number_eq_canonical_or_extracted;image_basename_number_agrees;set_code_match;rarity_match;parallel_token_in_market_fields;card_name_substring_product;source_tcgcsv,card_catalog_map_candidates_20260404_001525,HIGH,0
4043,3592,596920,139,market_number_eq_canonical_or_extracted;image_basename_number_agrees;set_code_match;rarity_match;parallel_token_in_market_fields;parallel_index_loose_in_name;card_name_substring_product;source_tcgcsv,card_catalog_map_candidates_20260404_001525,HIGH,0
4049,3594,596922,121,market_number_eq_canonical_or_extracted;image_basename_number_agrees;set_code_match;rarity_match;parallel_token_in_market_fields;source_tcgcsv,card_catalog_map_candidates_20260404_001525,HIGH,0
4050,3594,596922,121,market_number_eq_canonical_or_extracted;image_basename_number_agrees;set_code_match;rarity_match;parallel_token_in_market_fields;source_tcgcsv,card_catalog_map_candidates_20260404_001525,HIGH,0
4051,4829,656024,103,market_number_eq_canonical_or_extracted;image_basename_number_agrees;set_code_match;rarity_match;source_tcgcsv,card_catalog_map_candidates_20260404_001525,HIGH,0
4064,4830,656025,113,market_number_eq_canonical_or_extracted;image_basename_number_agrees;set_code_match;rarity_match;card_name_substring_product;source_tcgcsv,card_catalog_map_candidates_20260404_001525,HIGH,0
4070,4169,632507,101,market_number_eq_canonical_or_extracted;image_basename_number_agrees;set_code_match;rarity_match;parallel_variant_no_parallel_market_penalty;card_name_substring_product;source_tcgcsv,card_catalog_map_candidates_20260404_001525,HIGH,0
4071,4831,656027,113,market_number_eq_canonical_or_extracted;image_basename_number_agrees;set_code_match;rarity_match;card_name_substring_product;source_tcgcsv,card_catalog_map_candidates_20260404_001525,HIGH,0
4072,3600,596928,113,market_number_eq_canonical_or_extracted;image_basename_number_agrees;set_code_match;rarity_match;card_name_substring_product;source_tcgcsv,card_catalog_map_candidates_20260404_001525,HIGH,0
4075,4186,634269,113,market_number_eq_canonical_or_extracted;image_basename_number_agrees;set_code_match;rarity_match;card_name_substring_product;source_tcgcsv,card_catalog_map_candidates_20260404_001525,HIGH,0
4080,3603,596931,101,market_number_eq_canonical_or_extracted;image_basename_number_agrees;set_code_match;rarity_match;parallel_variant_no_parallel_market_penalty;card_name_substring_product;source_tcgcsv,card_catalog_map_candidates_20260404_001525,HIGH,0
4084,3605,596933,131,market_number_eq_canonical_or_extracted;image_basename_number_agrees;set_code_match;rarity_match;parallel_token_in_market_fields;card_name_substring_product;source_tcgcsv,card_catalog_map_candidates_20260404_001525,HIGH,0
4085,3605,596933,131,market_number_eq_canonical_or_extracted;image_basename_number_agrees;set_code_match;rarity_match;parallel_token_in_market_fields;card_name_substring_product;source_tcgcsv,card_catalog_map_candidates_20260404_001525,HIGH,0
4087,4833,656029,113,market_number_eq_canonical_or_extracted;image_basename_number_agrees;set_code_match;rarity_match;card_name_substring_product;source_tcgcsv,card_catalog_map_candidates_20260404_001525,HIGH,0
4091,4187,634270,113,market_number_eq_canonical_or_extracted;image_basename_number_agrees;set_code_match;rarity_match;card_name_substring_product;source_tcgcsv,card_catalog_map_candidates_20260404_001525,HIGH,0
4094,3607,596935,101,market_number_eq_canonical_or_extracted;set_code_match;rarity_match;card_name_substring_product;source_tcgcsv,card_catalog_map_candidates_20260404_001525,HIGH,0
4095,3607,596935,101,market_number_eq_canonical_or_extracted;image_basename_number_agrees;set_code_match;rarity_match;parallel_variant_no_parallel_market_penalty;card_name_substring_product;source_tcgcsv,card_catalog_map_candidates_20260404_001525,HIGH,0
4096,3607,596935,101,market_number_eq_canonical_or_extracted;image_basename_number_agrees;set_code_match;rarity_match;parallel_variant_no_parallel_market_penalty;card_name_substring_product;source_tcgcsv,card_catalog_map_candidates_20260404_001525,HIGH,0
4097,3607,596935,101,market_number_eq_canonical_or_extracted;image_basename_number_agrees;set_code_match;rarity_match;parallel_variant_no_parallel_market_penalty;card_name_substring_product;source_tcgcsv,card_catalog_map_candidates_20260404_001525,HIGH,0
4098,4188,634272,113,market_number_eq_canonical_or_extracted;image_basename_number_agrees;set_code_match;rarity_match;card_name_substring_product;source_tcgcsv,card_catalog_map_candidates_20260404_001525,HIGH,0
4101,4189,634274,113,market_number_eq_canonical_or_extracted;image_basename_number_agrees;set_code_match;rarity_match;card_name_substring_product;source_tcgcsv,card_catalog_map_candidates_20260404_001525,HIGH,0
4104,3609,596937,89,market_number_eq_canonical_or_extracted;image_basename_number_agrees;set_code_match;parallel_variant_no_parallel_market_penalty;card_name_substring_product;source_tcgcsv,card_catalog_map_candidates_20260404_001525,HIGH,0
4105,4433,646563,89,market_number_eq_canonical_or_extracted;image_basename_number_agrees;set_code_match;parallel_variant_no_parallel_market_penalty;card_name_substring_product;source_tcgcsv,card_catalog_map_candidates_20260404_001525,HIGH,0
4106,4190,634276,101,market_number_eq_canonical_or_extracted;image_basename_number_agrees;set_code_match;card_name_substring_product;source_tcgcsv,card_catalog_map_candidates_20260404_001525,HIGH,0
4107,3609,596937,101,market_number_eq_canonical_or_extracted;image_basename_number_agrees;set_code_match;card_name_substring_product;source_tcgcsv,card_catalog_map_candidates_20260404_001525,HIGH,0
4112,3610,596938,113,market_number_eq_canonical_or_extracted;image_basename_number_agrees;set_code_match;rarity_match;card_name_substring_product;source_tcgcsv,card_catalog_map_candidates_20260404_001525,HIGH,0
4113,4192,634278,113,market_number_eq_canonical_or_extracted;image_basename_number_agrees;set_code_match;rarity_match;card_name_substring_product;source_tcgcsv,card_catalog_map_candidates_20260404_001525,HIGH,0
4117,4172,632773,101,market_number_eq_canonical_or_extracted;image_basename_number_agrees;set_code_match;rarity_match;parallel_variant_no_parallel_market_penalty;card_name_substring_product;source_tcgcsv,card_catalog_map_candidates_20260404_001525,HIGH,0
4118,4191,634277,101,market_number_eq_canonical_or_extracted;image_basename_number_agrees;set_code_match;card_name_substring_product;source_tcgcsv,card_catalog_map_candidates_20260404_001525,HIGH,0
4121,4193,634280,113,market_number_eq_canonical_or_extracted;image_basename_number_agrees;set_code_match;rarity_match;card_name_substring_product;source_tcgcsv,card_catalog_map_candidates_20260404_001525,HIGH,0
4131,3616,596944,113,market_number_eq_canonical_or_extracted;image_basename_number_agrees;set_code_match;rarity_match;card_name_substring_product;source_tcgcsv,card_catalog_map_candidates_20260404_001525,HIGH,0
4132,4194,634282,113,market_number_eq_canonical_or_extracted;image_basename_number_agrees;set_code_match;rarity_match;card_name_substring_product;source_tcgcsv,card_catalog_map_candidates_20260404_001525,HIGH,0
4139,3619,596947,121,market_number_eq_canonical_or_extracted;image_basename_number_agrees;set_code_match;rarity_match;parallel_token_in_market_fields;source_tcgcsv,card_catalog_map_candidates_20260404_001525,HIGH,0
4143,3621,596949,131,market_number_eq_canonical_or_extracted;image_basename_number_agrees;set_code_match;rarity_match;parallel_token_in_market_fields;card_name_substring_product;source_tcgcsv,card_catalog_map_candidates_20260404_001525,HIGH,0
4153,3625,596953,101,market_number_eq_canonical_or_extracted;image_basename_number_agrees;set_code_match;rarity_match;parallel_variant_no_parallel_market_penalty;card_name_substring_product;source_tcgcsv,card_catalog_map_candidates_20260404_001525,HIGH,0
4154,3625,596953,101,market_number_eq_canonical_or_extracted;image_basename_number_agrees;set_code_match;rarity_match;parallel_variant_no_parallel_market_penalty;card_name_substring_product;source_tcgcsv,card_catalog_map_candidates_20260404_001525,HIGH,0
4173,3633,596961,131,market_number_eq_canonical_or_extracted;image_basename_number_agrees;set_code_match;rarity_match;parallel_token_in_market_fields;card_name_substring_product;source_tcgcsv,card_catalog_map_candidates_20260404_001525,HIGH,0
4174,3633,596961,131,market_number_eq_canonical_or_extracted;image_basename_number_agrees;set_code_match;rarity_match;parallel_token_in_market_fields;card_name_substring_product;source_tcgcsv,card_catalog_map_candidates_20260404_001525,HIGH,0
4177,4274,635310,113,market_number_eq_canonical_or_extracted;image_basename_number_agrees;set_code_match;rarity_match;card_name_substring_product;source_tcgcsv,card_catalog_map_candidates_20260404_001525,HIGH,0
4183,3637,596965,109,market_number_eq_canonical_or_extracted;image_basename_number_agrees;set_code_match;parallel_token_in_market_fields;source_tcgcsv,card_catalog_map_candidates_20260404_001525,HIGH,0
4197,3643,596971,131,market_number_eq_canonical_or_extracted;image_basename_number_agrees;set_code_match;rarity_match;parallel_token_in_market_fields;card_name_substring_product;source_tcgcsv,card_catalog_map_candidates_20260404_001525,HIGH,0
4201,3644,596972,101,market_number_eq_canonical_or_extracted;image_basename_number_agrees;set_code_match;rarity_match;parallel_variant_no_parallel_market_penalty;card_name_substring_product;source_tcgcsv,card_catalog_map_candidates_20260404_001525,HIGH,0
4202,3644,596972,101,market_number_eq_canonical_or_extracted;image_basename_number_agrees;set_code_match;rarity_match;parallel_variant_no_parallel_market_penalty;card_name_substring_product;source_tcgcsv,card_catalog_map_candidates_20260404_001525,HIGH,0
4203,3644,596972,101,market_number_eq_canonical_or_extracted;image_basename_number_agrees;set_code_match;rarity_match;parallel_variant_no_parallel_market_penalty;card_name_substring_product;source_tcgcsv,card_catalog_map_candidates_20260404_001525,HIGH,0
4204,4218,634289,113,market_number_eq_canonical_or_extracted;image_basename_number_agrees;set_code_match;rarity_match;card_name_substring_product;source_tcgcsv,card_catalog_map_candidates_20260404_001525,HIGH,0
4209,4219,634291,113,market_number_eq_canonical_or_extracted;image_basename_number_agrees;set_code_match;rarity_match;card_name_substring_product;source_tcgcsv,card_catalog_map_candidates_20260404_001525,HIGH,0
4213,3648,596976,131,market_number_eq_canonical_or_extracted;image_basename_number_agrees;set_code_match;rarity_match;parallel_token_in_market_fields;card_name_substring_product;source_tcgcsv,card_catalog_map_candidates_20260404_001525,HIGH,0
4214,4857,656054,113,market_number_eq_canonical_or_extracted;image_basename_number_agrees;set_code_match;rarity_match;card_name_substring_product;source_tcgcsv,card_catalog_map_candidates_20260404_001525,HIGH,0
4220,3651,596979,131,market_number_eq_canonical_or_extracted;image_basename_number_agrees;set_code_match;rarity_match;parallel_token_in_market_fields;card_name_substring_product;source_tcgcsv,card_catalog_map_candidates_20260404_001525,HIGH,0
4221,4860,656057,113,market_number_eq_canonical_or_extracted;image_basename_number_agrees;set_code_match;rarity_match;card_name_substring_product;source_tcgcsv,card_catalog_map_candidates_20260404_001525,HIGH,0
4227,3654,596982,131,market_number_eq_canonical_or_extracted;image_basename_number_agrees;set_code_match;rarity_match;parallel_token_in_market_fields;card_name_substring_product;source_tcgcsv,card_catalog_map_candidates_20260404_001525,HIGH,0
4228,3654,596982,131,market_number_eq_canonical_or_extracted;image_basename_number_agrees;set_code_match;rarity_match;parallel_token_in_market_fields;card_name_substring_product;source_tcgcsv,card_catalog_map_candidates_20260404_001525,HIGH,0
4237,4220,634296,101,market_number_eq_canonical_or_extracted;image_basename_number_agrees;set_code_match;card_name_substring_product;source_tcgcsv,card_catalog_map_candidates_20260404_001525,HIGH,0
4243,4221,634298,113,market_number_eq_canonical_or_extracted;image_basename_number_agrees;set_code_match;rarity_match;card_name_substring_product;source_tcgcsv,card_catalog_map_candidates_20260404_001525,HIGH,0
4246,4222,634300,113,market_number_eq_canonical_or_extracted;image_basename_number_agrees;set_code_match;rarity_match;card_name_substring_product;source_tcgcsv,card_catalog_map_candidates_20260404_001525,HIGH,0
4249,4223,634301,113,market_number_eq_canonical_or_extracted;image_basename_number_agrees;set_code_match;rarity_match;card_name_substring_product;source_tcgcsv,card_catalog_map_candidates_20260404_001525,HIGH,0
4253,3663,596991,113,market_number_eq_canonical_or_extracted;image_basename_number_agrees;set_code_match;rarity_match;card_name_substring_product;source_tcgcsv,card_catalog_map_candidates_20260404_001525,HIGH,0
4254,4224,634302,113,market_number_eq_canonical_or_extracted;image_basename_number_agrees;set_code_match;rarity_match;card_name_substring_product;source_tcgcsv,card_catalog_map_candidates_20260404_001525,HIGH,0
4259,3664,596992,113,market_number_eq_canonical_or_extracted;image_basename_number_agrees;set_code_match;rarity_match;card_name_substring_product;source_tcgcsv,card_catalog_map_candidates_20260404_001525,HIGH,0
4260,4225,634303,113,market_number_eq_canonical_or_extracted;image_basename_number_agrees;set_code_match;rarity_match;card_name_substring_product;source_tcgcsv,card_catalog_map_candidates_20260404_001525,HIGH,0
4271,3669,596997,139,market_number_eq_canonical_or_extracted;image_basename_number_agrees;set_code_match;rarity_match;parallel_token_in_market_fields;parallel_index_loose_in_name;card_name_substring_product;source_tcgcsv,card_catalog_map_candidates_20260404_001525,HIGH,0
4277,3671,596999,131,market_number_eq_canonical_or_extracted;image_basename_number_agrees;set_code_match;rarity_match;parallel_token_in_market_fields;card_name_substring_product;source_tcgcsv,card_catalog_map_candidates_20260404_001525,HIGH,0
4280,4241,634313,113,market_number_eq_canonical_or_extracted;image_basename_number_agrees;set_code_match;rarity_match;card_name_substring_product;source_tcgcsv,card_catalog_map_candidates_20260404_001525,HIGH,0
4286,3675,597003,131,market_number_eq_canonical_or_extracted;image_basename_number_agrees;set_code_match;rarity_match;parallel_token_in_market_fields;card_name_substring_product;source_tcgcsv,card_catalog_map_candidates_20260404_001525,HIGH,0
4287,3675,597003,131,market_number_eq_canonical_or_extracted;image_basename_number_agrees;set_code_match;rarity_match;parallel_token_in_market_fields;card_name_substring_product;source_tcgcsv,card_catalog_map_candidates_20260404_001525,HIGH,0
4288,4873,656070,113,market_number_eq_canonical_or_extracted;image_basename_number_agrees;set_code_match;rarity_match;card_name_substring_product;source_tcgcsv,card_catalog_map_candidates_20260404_001525,HIGH,0
4299,3680,597008,131,market_number_eq_canonical_or_extracted;image_basename_number_agrees;set_code_match;rarity_match;parallel_token_in_market_fields;card_name_substring_product;source_tcgcsv,card_catalog_map_candidates_20260404_001525,HIGH,0
4300,3680,597008,131,market_number_eq_canonical_or_extracted;image_basename_number_agrees;set_code_match;rarity_match;parallel_token_in_market_fields;card_name_substring_product;source_tcgcsv,card_catalog_map_candidates_20260404_001525,HIGH,0
4301,4876,656073,113,market_number_eq_canonical_or_extracted;image_basename_number_agrees;set_code_match;rarity_match;card_name_substring_product;source_tcgcsv,card_catalog_map_candidates_20260404_001525,HIGH,0
4304,3681,597009,101,market_number_eq_canonical_or_extracted;image_basename_number_agrees;set_code_match;rarity_match;parallel_variant_no_parallel_market_penalty;card_name_substring_product;source_tcgcsv,card_catalog_map_candidates_20260404_001525,HIGH,0
4305,4242,634314,113,market_number_eq_canonical_or_extracted;image_basename_number_agrees;set_code_match;rarity_match;card_name_substring_product;source_tcgcsv,card_catalog_map_candidates_20260404_001525,HIGH,0
4311,3684,597012,131,market_number_eq_canonical_or_extracted;image_basename_number_agrees;set_code_match;rarity_match;parallel_token_in_market_fields;card_name_substring_product;source_tcgcsv,card_catalog_map_candidates_20260404_001525,HIGH,0
4312,4879,656076,113,market_number_eq_canonical_or_extracted;image_basename_number_agrees;set_code_match;rarity_match;card_name_substring_product;source_tcgcsv,card_catalog_map_candidates_20260404_001525,HIGH,0
4321,3688,597016,101,market_number_eq_canonical_or_extracted;image_basename_number_agrees;set_code_match;rarity_match;parallel_variant_no_parallel_market_penalty;card_name_substring_product;source_tcgcsv,card_catalog_map_candidates_20260404_001525,HIGH,0
4323,3688,597016,113,market_number_eq_canonical_or_extracted;image_basename_number_agrees;set_code_match;rarity_match;card_name_substring_product;source_tcgcsv,card_catalog_map_candidates_20260404_001525,HIGH,0
4324,4243,634315,113,market_number_eq_canonical_or_extracted;image_basename_number_agrees;set_code_match;rarity_match;card_name_substring_product;source_tcgcsv,card_catalog_map_candidates_20260404_001525,HIGH,0
4329,3689,597017,101,market_number_eq_canonical_or_extracted;image_basename_number_agrees;set_code_match;rarity_match;parallel_variant_no_parallel_market_penalty;card_name_substring_product;source_tcgcsv,card_catalog_map_candidates_20260404_001525,HIGH,0
4330,4244,634316,113,market_number_eq_canonical_or_extracted;image_basename_number_agrees;set_code_match;rarity_match;card_name_substring_product;source_tcgcsv,card_catalog_map_candidates_20260404_001525,HIGH,0
4334,4245,634317,101,market_number_eq_canonical_or_extracted;image_basename_number_agrees;set_code_match;rarity_match;parallel_variant_no_parallel_market_penalty;card_name_substring_product;source_tcgcsv,card_catalog_map_candidates_20260404_001525,HIGH,0
4336,3690,597018,113,market_number_eq_canonical_or_extracted;image_basename_number_agrees;set_code_match;rarity_match;card_name_substring_product;source_tcgcsv,card_catalog_map_candidates_20260404_001525,HIGH,0
4347,3694,597022,139,market_number_eq_canonical_or_extracted;image_basename_number_agrees;set_code_match;rarity_match;parallel_token_in_market_fields;parallel_index_loose_in_name;card_name_substring_product;source_tcgcsv,card_catalog_map_candidates_20260404_001525,HIGH,0
4354,4255,634319,113,market_number_eq_canonical_or_extracted;image_basename_number_agrees;set_code_match;rarity_match;card_name_substring_product;source_tcgcsv,card_catalog_map_candidates_20260404_001525,HIGH,0
4364,3699,597027,113,market_number_eq_canonical_or_extracted;image_basename_number_agrees;set_code_match;rarity_match;card_name_substring_product;source_tcgcsv,card_catalog_map_candidates_20260404_001525,HIGH,0
4365,4256,634320,113,market_number_eq_canonical_or_extracted;image_basename_number_agrees;set_code_match;rarity_match;card_name_substring_product;source_tcgcsv,card_catalog_map_candidates_20260404_001525,HIGH,0
4371,4257,634321,113,market_number_eq_canonical_or_extracted;image_basename_number_agrees;set_code_match;rarity_match;card_name_substring_product;source_tcgcsv,card_catalog_map_candidates_20260404_001525,HIGH,0
4374,3702,597030,101,market_number_eq_canonical_or_extracted;image_basename_number_agrees;set_code_match;rarity_match;parallel_variant_no_parallel_market_penalty;card_name_substring_product;source_tcgcsv,card_catalog_map_candidates_20260404_001525,HIGH,0
4375,3702,597030,101,market_number_eq_canonical_or_extracted;image_basename_number_agrees;set_code_match;rarity_match;parallel_variant_no_parallel_market_penalty;card_name_substring_product;source_tcgcsv,card_catalog_map_candidates_20260404_001525,HIGH,0
4376,3702,597030,101,market_number_eq_canonical_or_extracted;image_basename_number_agrees;set_code_match;rarity_match;parallel_variant_no_parallel_market_penalty;card_name_substring_product;source_tcgcsv,card_catalog_map_candidates_20260404_001525,HIGH,0
4377,4258,634322,113,market_number_eq_canonical_or_extracted;image_basename_number_agrees;set_code_match;rarity_match;card_name_substring_product;source_tcgcsv,card_catalog_map_candidates_20260404_001525,HIGH,0
4380,4259,634323,113,market_number_eq_canonical_or_extracted;image_basename_number_agrees;set_code_match;rarity_match;card_name_substring_product;source_tcgcsv,card_catalog_map_candidates_20260404_001525,HIGH,0
4383,4260,634324,113,market_number_eq_canonical_or_extracted;image_basename_number_agrees;set_code_match;rarity_match;card_name_substring_product;source_tcgcsv,card_catalog_map_candidates_20260404_001525,HIGH,0
4395,4888,656089,113,market_number_eq_canonical_or_extracted;image_basename_number_agrees;set_code_match;rarity_match;card_name_substring_product;source_tcgcsv,card_catalog_map_candidates_20260404_001525,HIGH,0
4403,3711,597039,101,market_number_eq_canonical_or_extracted;image_basename_number_agrees;set_code_match;rarity_match;parallel_variant_no_parallel_market_penalty;card_name_substring_product;source_tcgcsv,card_catalog_map_candidates_20260404_001525,HIGH,0
4404,4261,634325,113,market_number_eq_canonical_or_extracted;image_basename_number_agrees;set_code_match;rarity_match;card_name_substring_product;source_tcgcsv,card_catalog_map_candidates_20260404_001525,HIGH,0
4408,3712,597040,113,market_number_eq_canonical_or_extracted;image_basename_number_agrees;set_code_match;rarity_match;card_name_substring_product;source_tcgcsv,card_catalog_map_candidates_20260404_001525,HIGH,0
4420,4262,634326,113,market_number_eq_canonical_or_extracted;image_basename_number_agrees;set_code_match;rarity_match;card_name_substring_product;source_tcgcsv,card_catalog_map_candidates_20260404_001525,HIGH,0
4430,3720,597048,131,market_number_eq_canonical_or_extracted;image_basename_number_agrees;set_code_match;rarity_match;parallel_token_in_market_fields;card_name_substring_product;source_tcgcsv,card_catalog_map_candidates_20260404_001525,HIGH,0
4437,3723,597051,101,market_number_eq_canonical_or_extracted;image_basename_number_agrees;set_code_match;rarity_match;parallel_variant_no_parallel_market_penalty;card_name_substring_product;source_tcgcsv,card_catalog_map_candidates_20260404_001525,HIGH,0
4438,3723,597051,101,market_number_eq_canonical_or_extracted;image_basename_number_agrees;set_code_match;rarity_match;parallel_variant_no_parallel_market_penalty;card_name_substring_product;source_tcgcsv,card_catalog_map_candidates_20260404_001525,HIGH,0
4439,3723,597051,101,market_number_eq_canonical_or_extracted;image_basename_number_agrees;set_code_match;rarity_match;parallel_variant_no_parallel_market_penalty;card_name_substring_product;source_tcgcsv,card_catalog_map_candidates_20260404_001525,HIGH,0
4440,3723,597051,101,market_number_eq_canonical_or_extracted;image_basename_number_agrees;set_code_match;rarity_match;parallel_variant_no_parallel_market_penalty;card_name_substring_product;source_tcgcsv,card_catalog_map_candidates_20260404_001525,HIGH,0
4441,3723,597051,101,market_number_eq_canonical_or_extracted;image_basename_number_agrees;set_code_match;rarity_match;parallel_variant_no_parallel_market_penalty;card_name_substring_product;source_tcgcsv,card_catalog_map_candidates_20260404_001525,HIGH,0
4442,3723,597051,101,market_number_eq_canonical_or_extracted;image_basename_number_agrees;set_code_match;rarity_match;parallel_variant_no_parallel_market_penalty;card_name_substring_product;source_tcgcsv,card_catalog_map_candidates_20260404_001525,HIGH,0
4446,3725,597053,139,market_number_eq_canonical_or_extracted;image_basename_number_agrees;set_code_match;rarity_match;parallel_token_in_market_fields;parallel_index_loose_in_name;card_name_substring_product;source_tcgcsv,card_catalog_map_candidates_20260404_001525,HIGH,0
4449,3726,597054,101,market_number_eq_canonical_or_extracted;image_basename_number_agrees;set_code_match;rarity_match;parallel_variant_no_parallel_market_penalty;card_name_substring_product;source_tcgcsv,card_catalog_map_candidates_20260404_001525,HIGH,0
4450,3726,597054,101,market_number_eq_canonical_or_extracted;image_basename_number_agrees;set_code_match;rarity_match;parallel_variant_no_parallel_market_penalty;card_name_substring_product;source_tcgcsv,card_catalog_map_candidates_20260404_001525,HIGH,0
4469,3735,597063,101,market_number_eq_canonical_or_extracted;image_basename_number_agrees;set_code_match;rarity_match;parallel_variant_no_parallel_market_penalty;card_name_substring_product;source_tcgcsv,card_catalog_map_candidates_20260404_001525,HIGH,0
4476,4621,657446,89,market_number_eq_canonical_or_extracted;image_basename_number_agrees;set_code_match;parallel_variant_no_parallel_market_penalty;card_name_substring_product;source_tcgcsv,card_catalog_map_candidates_20260404_001525,HIGH,0
4484,4622,657448,89,market_number_eq_canonical_or_extracted;image_basename_number_agrees;set_code_match;parallel_variant_no_parallel_market_penalty;card_name_substring_product;source_tcgcsv,card_catalog_map_candidates_20260404_001525,HIGH,0
4490,3754,617031,139,market_number_eq_canonical_or_extracted;image_basename_number_agrees;set_code_match;rarity_match;parallel_token_in_market_fields;parallel_index_loose_in_name;card_name_substring_product;source_tcgcsv,card_catalog_map_candidates_20260404_001525,HIGH,0
4494,3756,617033,131,market_number_eq_canonical_or_extracted;image_basename_number_agrees;set_code_match;rarity_match;parallel_token_in_market_fields;card_name_substring_product;source_tcgcsv,card_catalog_map_candidates_20260404_001525,HIGH,0
4498,3758,617035,131,market_number_eq_canonical_or_extracted;image_basename_number_agrees;set_code_match;rarity_match;parallel_token_in_market_fields;card_name_substring_product;source_tcgcsv,card_catalog_map_candidates_20260404_001525,HIGH,0
4504,3761,617038,131,market_number_eq_canonical_or_extracted;image_basename_number_agrees;set_code_match;rarity_match;parallel_token_in_market_fields;card_name_substring_product;source_tcgcsv,card_catalog_map_candidates_20260404_001525,HIGH,0
4505,3761,617038,131,market_number_eq_canonical_or_extracted;image_basename_number_agrees;set_code_match;rarity_match;parallel_token_in_market_fields;card_name_substring_product;source_tcgcsv,card_catalog_map_candidates_20260404_001525,HIGH,0
4507,3762,617039,113,market_number_eq_canonical_or_extracted;image_basename_number_agrees;set_code_match;rarity_match;card_name_substring_product;source_tcgcsv,card_catalog_map_candidates_20260404_001525,HIGH,0
4519,3767,617044,113,market_number_eq_canonical_or_extracted;image_basename_number_agrees;set_code_match;rarity_match;card_name_substring_product;source_tcgcsv,card_catalog_map_candidates_20260404_001525,HIGH,0
4531,3773,617050,131,market_number_eq_canonical_or_extracted;image_basename_number_agrees;set_code_match;rarity_match;parallel_token_in_market_fields;card_name_substring_product;source_tcgcsv,card_catalog_map_candidates_20260404_001525,HIGH,0
4541,3777,617054,131,market_number_eq_canonical_or_extracted;image_basename_number_agrees;set_code_match;rarity_match;parallel_token_in_market_fields;card_name_substring_product;source_tcgcsv,card_catalog_map_candidates_20260404_001525,HIGH,0
4549,3781,617058,131,market_number_eq_canonical_or_extracted;image_basename_number_agrees;set_code_match;rarity_match;parallel_token_in_market_fields;card_name_substring_product;source_tcgcsv,card_catalog_map_candidates_20260404_001525,HIGH,0
4562,3787,617064,101,market_number_eq_canonical_or_extracted;image_basename_number_agrees;set_code_match;rarity_match;parallel_variant_no_parallel_market_penalty;card_name_substring_product;source_tcgcsv,card_catalog_map_candidates_20260404_001525,HIGH,0
4568,3790,617067,119,market_number_eq_canonical_or_extracted;image_basename_number_agrees;set_code_match;parallel_token_in_market_fields;card_name_substring_product;source_tcgcsv,card_catalog_map_candidates_20260404_001525,HIGH,0
4578,3793,617070,131,market_number_eq_canonical_or_extracted;image_basename_number_agrees;set_code_match;rarity_match;parallel_token_in_market_fields;card_name_substring_product;source_tcgcsv,card_catalog_map_candidates_20260404_001525,HIGH,0
4579,4903,656104,113,market_number_eq_canonical_or_extracted;image_basename_number_agrees;set_code_match;rarity_match;card_name_substring_product;source_tcgcsv,card_catalog_map_candidates_20260404_001525,HIGH,0
4582,3794,617071,101,market_number_eq_canonical_or_extracted;image_basename_number_agrees;set_code_match;rarity_match;parallel_variant_no_parallel_market_penalty;card_name_substring_product;source_tcgcsv,card_catalog_map_candidates_20260404_001525,HIGH,0
4583,3794,617071,101,market_number_eq_canonical_or_extracted;image_basename_number_agrees;set_code_match;rarity_match;parallel_variant_no_parallel_market_penalty;card_name_substring_product;source_tcgcsv,card_catalog_map_candidates_20260404_001525,HIGH,0
4593,3799,617076,121,market_number_eq_canonical_or_extracted;image_basename_number_agrees;set_code_match;rarity_match;parallel_token_in_market_fields;source_tcgcsv,card_catalog_map_candidates_20260404_001525,HIGH,0
4605,3805,617082,131,market_number_eq_canonical_or_extracted;image_basename_number_agrees;set_code_match;rarity_match;parallel_token_in_market_fields;card_name_substring_product;source_tcgcsv,card_catalog_map_candidates_20260404_001525,HIGH,0
4606,3805,617082,139,market_number_eq_canonical_or_extracted;image_basename_number_agrees;set_code_match;rarity_match;parallel_token_in_market_fields;parallel_index_loose_in_name;card_name_substring_product;source_tcgcsv,card_catalog_map_candidates_20260404_001525,HIGH,0
4614,3809,617086,131,market_number_eq_canonical_or_extracted;image_basename_number_agrees;set_code_match;rarity_match;parallel_token_in_market_fields;card_name_substring_product;source_tcgcsv,card_catalog_map_candidates_20260404_001525,HIGH,0
4618,3811,617088,131,market_number_eq_canonical_or_extracted;image_basename_number_agrees;set_code_match;rarity_match;parallel_token_in_market_fields;card_name_substring_product;source_tcgcsv,card_catalog_map_candidates_20260404_001525,HIGH,0
4619,4908,656109,113,market_number_eq_canonical_or_extracted;image_basename_number_agrees;set_code_match;rarity_match;card_name_substring_product;source_tcgcsv,card_catalog_map_candidates_20260404_001525,HIGH,0
4626,3814,617091,101,market_number_eq_canonical_or_extracted;image_basename_number_agrees;set_code_match;rarity_match;parallel_variant_no_parallel_market_penalty;card_name_substring_product;source_tcgcsv,card_catalog_map_candidates_20260404_001525,HIGH,0
4646,3824,617101,131,market_number_eq_canonical_or_extracted;image_basename_number_agrees;set_code_match;rarity_match;parallel_token_in_market_fields;card_name_substring_product;source_tcgcsv,card_catalog_map_candidates_20260404_001525,HIGH,0
4657,4432,644882,101,market_number_eq_canonical_or_extracted;image_basename_number_agrees;set_code_match;rarity_match;parallel_variant_no_parallel_market_penalty;card_name_substring_product;source_tcgcsv,card_catalog_map_candidates_20260404_001525,HIGH,0
4662,5241,671455,89,market_number_eq_canonical_or_extracted;image_basename_number_agrees;set_code_match;parallel_variant_no_parallel_market_penalty;card_name_substring_product;source_tcgcsv,card_catalog_map_candidates_20260404_001525,HIGH,0
4663,3831,617108,101,market_number_eq_canonical_or_extracted;image_basename_number_agrees;set_code_match;card_name_substring_product;source_tcgcsv,card_catalog_map_candidates_20260404_001525,HIGH,0
4669,3834,617111,131,market_number_eq_canonical_or_extracted;image_basename_number_agrees;set_code_match;rarity_match;parallel_token_in_market_fields;card_name_substring_product;source_tcgcsv,card_catalog_map_candidates_20260404_001525,HIGH,0
4679,3839,617116,131,market_number_eq_canonical_or_extracted;image_basename_number_agrees;set_code_match;rarity_match;parallel_token_in_market_fields;card_name_substring_product;source_tcgcsv,card_catalog_map_candidates_20260404_001525,HIGH,0
4683,3841,617118,131,market_number_eq_canonical_or_extracted;image_basename_number_agrees;set_code_match;rarity_match;parallel_token_in_market_fields;card_name_substring_product;source_tcgcsv,card_catalog_map_candidates_20260404_001525,HIGH,0
4707,3852,617129,119,market_number_eq_canonical_or_extracted;image_basename_number_agrees;set_code_match;parallel_token_in_market_fields;card_name_substring_product;source_tcgcsv,card_catalog_map_candidates_20260404_001525,HIGH,0
4714,4263,634327,113,market_number_eq_canonical_or_extracted;image_basename_number_agrees;set_code_match;rarity_match;card_name_substring_product;source_tcgcsv,card_catalog_map_candidates_20260404_001525,HIGH,0
4728,3861,617138,131,market_number_eq_canonical_or_extracted;image_basename_number_agrees;set_code_match;rarity_match;parallel_token_in_market_fields;card_name_substring_product;source_tcgcsv,card_catalog_map_candidates_20260404_001525,HIGH,0
4733,3863,617140,101,market_number_eq_canonical_or_extracted;image_basename_number_agrees;set_code_match;rarity_match;parallel_variant_no_parallel_market_penalty;card_name_substring_product;source_tcgcsv,card_catalog_map_candidates_20260404_001525,HIGH,0
4734,3863,617140,101,market_number_eq_canonical_or_extracted;image_basename_number_agrees;set_code_match;rarity_match;parallel_variant_no_parallel_market_penalty;card_name_substring_product;source_tcgcsv,card_catalog_map_candidates_20260404_001525,HIGH,0
4735,3863,617140,101,market_number_eq_canonical_or_extracted;image_basename_number_agrees;set_code_match;rarity_match;parallel_variant_no_parallel_market_penalty;card_name_substring_product;source_tcgcsv,card_catalog_map_candidates_20260404_001525,HIGH,0
4743,3866,617143,113,market_number_eq_canonical_or_extracted;image_basename_number_agrees;set_code_match;rarity_match;card_name_substring_product;source_tcgcsv,card_catalog_map_candidates_20260404_001525,HIGH,0
4754,3871,617148,131,market_number_eq_canonical_or_extracted;image_basename_number_agrees;set_code_match;rarity_match;parallel_token_in_market_fields;card_name_substring_product;source_tcgcsv,card_catalog_map_candidates_20260404_001525,HIGH,0
4773,3879,617156,101,market_number_eq_canonical_or_extracted;image_basename_number_agrees;set_code_match;rarity_match;parallel_variant_no_parallel_market_penalty;card_name_substring_product;source_tcgcsv,card_catalog_map_candidates_20260404_001525,HIGH,0
4774,3879,617156,101,market_number_eq_canonical_or_extracted;image_basename_number_agrees;set_code_match;rarity_match;parallel_variant_no_parallel_market_penalty;card_name_substring_product;source_tcgcsv,card_catalog_map_candidates_20260404_001525,HIGH,0
4775,3879,617156,101,market_number_eq_canonical_or_extracted;image_basename_number_agrees;set_code_match;rarity_match;parallel_variant_no_parallel_market_penalty;card_name_substring_product;source_tcgcsv,card_catalog_map_candidates_20260404_001525,HIGH,0
4783,3881,617158,113,market_number_eq_canonical_or_extracted;image_basename_number_agrees;set_code_match;rarity_match;card_name_substring_product;source_tcgcsv,card_catalog_map_candidates_20260404_001525,HIGH,0
4790,3884,617161,139,market_number_eq_canonical_or_extracted;image_basename_number_agrees;set_code_match;rarity_match;parallel_token_in_market_fields;parallel_index_loose_in_name;card_name_substring_product;source_tcgcsv,card_catalog_map_candidates_20260404_001525,HIGH,0
4794,3886,617163,139,market_number_eq_canonical_or_extracted;image_basename_number_agrees;set_code_match;rarity_match;parallel_token_in_market_fields;parallel_index_loose_in_name;card_name_substring_product;source_tcgcsv,card_catalog_map_candidates_20260404_001525,HIGH,0
4795,4937,656138,113,market_number_eq_canonical_or_extracted;image_basename_number_agrees;set_code_match;rarity_match;card_name_substring_product;source_tcgcsv,card_catalog_map_candidates_20260404_001525,HIGH,0
4802,3888,617165,113,market_number_eq_canonical_or_extracted;image_basename_number_agrees;set_code_match;rarity_match;card_name_substring_product;source_tcgcsv,card_catalog_map_candidates_20260404_001525,HIGH,0
4813,3893,617170,139,market_number_eq_canonical_or_extracted;image_basename_number_agrees;set_code_match;rarity_match;parallel_token_in_market_fields;parallel_index_loose_in_name;card_name_substring_product;source_tcgcsv,card_catalog_map_candidates_20260404_001525,HIGH,0
4818,3895,617172,139,market_number_eq_canonical_or_extracted;image_basename_number_agrees;set_code_match;rarity_match;parallel_token_in_market_fields;parallel_index_loose_in_name;card_name_substring_product;source_tcgcsv,card_catalog_map_candidates_20260404_001525,HIGH,0
4819,3895,617172,131,market_number_eq_canonical_or_extracted;image_basename_number_agrees;set_code_match;rarity_match;parallel_token_in_market_fields;card_name_substring_product;source_tcgcsv,card_catalog_map_candidates_20260404_001525,HIGH,0
4858,4032,632370,113,market_number_eq_canonical_or_extracted;image_basename_number_agrees;set_code_match;rarity_match;card_name_substring_product;source_tcgcsv,card_catalog_map_candidates_20260404_001525,HIGH,0
4903,4054,632392,113,market_number_eq_canonical_or_extracted;image_basename_number_agrees;set_code_match;rarity_match;card_name_substring_product;source_tcgcsv,card_catalog_map_candidates_20260404_001525,HIGH,0
4953,4077,632415,113,market_number_eq_canonical_or_extracted;image_basename_number_agrees;set_code_match;rarity_match;card_name_substring_product;source_tcgcsv,card_catalog_map_candidates_20260404_001525,HIGH,0
4954,4077,632415,113,market_number_eq_canonical_or_extracted;image_basename_number_agrees;set_code_match;rarity_match;card_name_substring_product;source_tcgcsv,card_catalog_map_candidates_20260404_001525,HIGH,0
4980,4624,659982,101,market_number_eq_canonical_or_extracted;image_basename_number_agrees;set_code_match;rarity_match;parallel_variant_no_parallel_market_penalty;card_name_substring_product;source_tcgcsv,card_catalog_map_candidates_20260404_001525,HIGH,0
4981,4088,632426,101,market_number_eq_canonical_or_extracted;image_basename_number_agrees;set_code_match;card_name_substring_product;source_tcgcsv,card_catalog_map_candidates_20260404_001525,HIGH,0
4982,4088,632426,101,market_number_eq_canonical_or_extracted;image_basename_number_agrees;set_code_match;card_name_substring_product;source_tcgcsv,card_catalog_map_candidates_20260404_001525,HIGH,0
4987,4090,632428,101,market_number_eq_canonical_or_extracted;image_basename_number_agrees;set_code_match;rarity_match;parallel_variant_no_parallel_market_penalty;card_name_substring_product;source_tcgcsv,card_catalog_map_candidates_20260404_001525,HIGH,0
4988,4090,632428,113,market_number_eq_canonical_or_extracted;image_basename_number_agrees;set_code_match;rarity_match;card_name_substring_product;source_tcgcsv,card_catalog_map_candidates_20260404_001525,HIGH,0
5001,4096,632434,113,market_number_eq_canonical_or_extracted;image_basename_number_agrees;set_code_match;rarity_match;card_name_substring_product;source_tcgcsv,card_catalog_map_candidates_20260404_001525,HIGH,0
5020,4104,632442,113,market_number_eq_canonical_or_extracted;image_basename_number_agrees;set_code_match;rarity_match;card_name_substring_product;source_tcgcsv,card_catalog_map_candidates_20260404_001525,HIGH,0
5083,4134,632472,113,market_number_eq_canonical_or_extracted;image_basename_number_agrees;set_code_match;rarity_match;card_name_substring_product;source_tcgcsv,card_catalog_map_candidates_20260404_001525,HIGH,0
5160,4292,643730,101,market_number_eq_canonical_or_extracted;image_basename_number_agrees;set_code_match;rarity_match;parallel_variant_no_parallel_market_penalty;card_name_substring_product;source_tcgcsv,card_catalog_map_candidates_20260404_001525,HIGH,0
5161,4292,643730,113,market_number_eq_canonical_or_extracted;image_basename_number_agrees;set_code_match;rarity_match;card_name_substring_product;source_tcgcsv,card_catalog_map_candidates_20260404_001525,HIGH,0
5193,4307,643745,113,market_number_eq_canonical_or_extracted;image_basename_number_agrees;set_code_match;rarity_match;card_name_substring_product;source_tcgcsv,card_catalog_map_candidates_20260404_001525,HIGH,0
5218,4316,643754,101,market_number_eq_canonical_or_extracted;image_basename_number_agrees;set_code_match;rarity_match;parallel_variant_no_parallel_market_penalty;card_name_substring_product;source_tcgcsv,card_catalog_map_candidates_20260404_001525,HIGH,0
5219,4316,643754,113,market_number_eq_canonical_or_extracted;image_basename_number_agrees;set_code_match;rarity_match;card_name_substring_product;source_tcgcsv,card_catalog_map_candidates_20260404_001525,HIGH,0
5224,4318,643756,113,market_number_eq_canonical_or_extracted;image_basename_number_agrees;set_code_match;rarity_match;card_name_substring_product;source_tcgcsv,card_catalog_map_candidates_20260404_001525,HIGH,0
5225,4318,643756,113,market_number_eq_canonical_or_extracted;image_basename_number_agrees;set_code_match;rarity_match;card_name_substring_product;source_tcgcsv,card_catalog_map_candidates_20260404_001525,HIGH,0
5226,4318,643756,113,market_number_eq_canonical_or_extracted;image_basename_number_agrees;set_code_match;rarity_match;card_name_substring_product;source_tcgcsv,card_catalog_map_candidates_20260404_001525,HIGH,0
5233,5242,671456,89,market_number_eq_canonical_or_extracted;image_basename_number_agrees;set_code_match;parallel_variant_no_parallel_market_penalty;card_name_substring_product;source_tcgcsv,card_catalog_map_candidates_20260404_001525,HIGH,0
5256,4329,643767,113,market_number_eq_canonical_or_extracted;image_basename_number_agrees;set_code_match;rarity_match;card_name_substring_product;source_tcgcsv,card_catalog_map_candidates_20260404_001525,HIGH,0
5266,4333,643771,113,market_number_eq_canonical_or_extracted;image_basename_number_agrees;set_code_match;rarity_match;card_name_substring_product;source_tcgcsv,card_catalog_map_candidates_20260404_001525,HIGH,0
5267,4333,643771,101,market_number_eq_canonical_or_extracted;image_basename_number_agrees;set_code_match;rarity_match;parallel_variant_no_parallel_market_penalty;card_name_substring_product;source_tcgcsv,card_catalog_map_candidates_20260404_001525,HIGH,0
5298,4348,643786,101,market_number_eq_canonical_or_extracted;image_basename_number_agrees;set_code_match;rarity_match;parallel_variant_no_parallel_market_penalty;card_name_substring_product;source_tcgcsv,card_catalog_map_candidates_20260404_001525,HIGH,0
5299,4348,643786,113,market_number_eq_canonical_or_extracted;image_basename_number_agrees;set_code_match;rarity_match;card_name_substring_product;source_tcgcsv,card_catalog_map_candidates_20260404_001525,HIGH,0
5329,4362,643800,113,market_number_eq_canonical_or_extracted;image_basename_number_agrees;set_code_match;rarity_match;card_name_substring_product;source_tcgcsv,card_catalog_map_candidates_20260404_001525,HIGH,0
5330,4362,643800,113,market_number_eq_canonical_or_extracted;image_basename_number_agrees;set_code_match;rarity_match;card_name_substring_product;source_tcgcsv,card_catalog_map_candidates_20260404_001525,HIGH,0
5355,4373,643811,113,market_number_eq_canonical_or_extracted;image_basename_number_agrees;set_code_match;rarity_match;card_name_substring_product;source_tcgcsv,card_catalog_map_candidates_20260404_001525,HIGH,0
5356,4373,643811,113,market_number_eq_canonical_or_extracted;image_basename_number_agrees;set_code_match;rarity_match;card_name_substring_product;source_tcgcsv,card_catalog_map_candidates_20260404_001525,HIGH,0
5375,4382,643820,113,market_number_eq_canonical_or_extracted;image_basename_number_agrees;set_code_match;rarity_match;card_name_substring_product;source_tcgcsv,card_catalog_map_candidates_20260404_001525,HIGH,0
5376,4382,643820,101,market_number_eq_canonical_or_extracted;image_basename_number_agrees;set_code_match;rarity_match;parallel_variant_no_parallel_market_penalty;card_name_substring_product;source_tcgcsv,card_catalog_map_candidates_20260404_001525,HIGH,0
5403,4395,643833,113,market_number_eq_canonical_or_extracted;image_basename_number_agrees;set_code_match;rarity_match;card_name_substring_product;source_tcgcsv,card_catalog_map_candidates_20260404_001525,HIGH,0
5412,4399,643837,113,market_number_eq_canonical_or_extracted;image_basename_number_agrees;set_code_match;rarity_match;card_name_substring_product;source_tcgcsv,card_catalog_map_candidates_20260404_001525,HIGH,0
5413,4399,643837,113,market_number_eq_canonical_or_extracted;image_basename_number_agrees;set_code_match;rarity_match;card_name_substring_product;source_tcgcsv,card_catalog_map_candidates_20260404_001525,HIGH,0
5428,4405,643843,101,market_number_eq_canonical_or_extracted;image_basename_number_agrees;set_code_match;rarity_match;parallel_variant_no_parallel_market_penalty;card_name_substring_product;source_tcgcsv,card_catalog_map_candidates_20260404_001525,HIGH,0
5429,4405,643843,113,market_number_eq_canonical_or_extracted;image_basename_number_agrees;set_code_match;rarity_match;card_name_substring_product;source_tcgcsv,card_catalog_map_candidates_20260404_001525,HIGH,0
5448,4414,643852,113,market_number_eq_canonical_or_extracted;image_basename_number_agrees;set_code_match;rarity_match;card_name_substring_product;source_tcgcsv,card_catalog_map_candidates_20260404_001525,HIGH,0
5449,4414,643852,113,market_number_eq_canonical_or_extracted;image_basename_number_agrees;set_code_match;rarity_match;card_name_substring_product;source_tcgcsv,card_catalog_map_candidates_20260404_001525,HIGH,0
5457,5114,670876,101,market_number_eq_canonical_or_extracted;image_basename_number_agrees;set_code_match;rarity_match;parallel_variant_no_parallel_market_penalty;card_name_substring_product;source_tcgcsv,card_catalog_map_candidates_20260404_001525,HIGH,0
5468,4421,643859,113,market_number_eq_canonical_or_extracted;image_basename_number_agrees;set_code_match;rarity_match;card_name_substring_product;source_tcgcsv,card_catalog_map_candidates_20260404_001525,HIGH,0
5469,4421,643859,101,market_number_eq_canonical_or_extracted;image_basename_number_agrees;set_code_match;rarity_match;parallel_variant_no_parallel_market_penalty;card_name_substring_product;source_tcgcsv,card_catalog_map_candidates_20260404_001525,HIGH,0
5470,4421,643859,113,market_number_eq_canonical_or_extracted;image_basename_number_agrees;set_code_match;rarity_match;card_name_substring_product;source_tcgcsv,card_catalog_map_candidates_20260404_001525,HIGH,0
5471,4421,643859,113,market_number_eq_canonical_or_extracted;image_basename_number_agrees;set_code_match;rarity_match;card_name_substring_product;source_tcgcsv,card_catalog_map_candidates_20260404_001525,HIGH,0
5474,4422,643860,113,market_number_eq_canonical_or_extracted;image_basename_number_agrees;set_code_match;rarity_match;card_name_substring_product;source_tcgcsv,card_catalog_map_candidates_20260404_001525,HIGH,0
5530,4469,657266,113,market_number_eq_canonical_or_extracted;image_basename_number_agrees;set_code_match;rarity_match;card_name_substring_product;source_tcgcsv,card_catalog_map_candidates_20260404_001525,HIGH,0
5547,4477,657274,113,market_number_eq_canonical_or_extracted;image_basename_number_agrees;set_code_match;rarity_match;card_name_substring_product;source_tcgcsv,card_catalog_map_candidates_20260404_001525,HIGH,0
5596,4501,657298,113,market_number_eq_canonical_or_extracted;image_basename_number_agrees;set_code_match;rarity_match;card_name_substring_product;source_tcgcsv,card_catalog_map_candidates_20260404_001525,HIGH,0
5637,4521,657318,113,market_number_eq_canonical_or_extracted;image_basename_number_agrees;set_code_match;rarity_match;card_name_substring_product;source_tcgcsv,card_catalog_map_candidates_20260404_001525,HIGH,0
5650,4527,657324,101,market_number_eq_canonical_or_extracted;image_basename_number_agrees;set_code_match;rarity_match;parallel_variant_no_parallel_market_penalty;card_name_substring_product;source_tcgcsv,card_catalog_map_candidates_20260404_001525,HIGH,0
5651,4527,657324,113,market_number_eq_canonical_or_extracted;image_basename_number_agrees;set_code_match;rarity_match;card_name_substring_product;source_tcgcsv,card_catalog_map_candidates_20260404_001525,HIGH,0
5698,4551,657348,131,market_number_eq_canonical_or_extracted;image_basename_number_agrees;set_code_match;rarity_match;parallel_token_in_market_fields;card_name_substring_product;source_tcgcsv,card_catalog_map_candidates_20260404_001525,HIGH,0
5699,4551,657348,131,market_number_eq_canonical_or_extracted;image_basename_number_agrees;set_code_match;rarity_match;parallel_token_in_market_fields;card_name_substring_product;source_tcgcsv,card_catalog_map_candidates_20260404_001525,HIGH,0
5710,4557,657354,131,market_number_eq_canonical_or_extracted;image_basename_number_agrees;set_code_match;rarity_match;parallel_token_in_market_fields;card_name_substring_product;source_tcgcsv,card_catalog_map_candidates_20260404_001525,HIGH,0
5711,4557,657354,131,market_number_eq_canonical_or_extracted;image_basename_number_agrees;set_code_match;rarity_match;parallel_token_in_market_fields;card_name_substring_product;source_tcgcsv,card_catalog_map_candidates_20260404_001525,HIGH,0
5716,4560,657357,131,market_number_eq_canonical_or_extracted;image_basename_number_agrees;set_code_match;rarity_match;parallel_token_in_market_fields;card_name_substring_product;source_tcgcsv,card_catalog_map_candidates_20260404_001525,HIGH,0
5717,4560,657357,131,market_number_eq_canonical_or_extracted;image_basename_number_agrees;set_code_match;rarity_match;parallel_token_in_market_fields;card_name_substring_product;source_tcgcsv,card_catalog_map_candidates_20260404_001525,HIGH,0
5722,4562,657359,101,market_number_eq_canonical_or_extracted;image_basename_number_agrees;set_code_match;rarity_match;parallel_variant_no_parallel_market_penalty;card_name_substring_product;source_tcgcsv,card_catalog_map_candidates_20260404_001525,HIGH,0
5723,4562,657359,113,market_number_eq_canonical_or_extracted;image_basename_number_agrees;set_code_match;rarity_match;card_name_substring_product;source_tcgcsv,card_catalog_map_candidates_20260404_001525,HIGH,0
5732,4567,657364,131,market_number_eq_canonical_or_extracted;image_basename_number_agrees;set_code_match;rarity_match;parallel_token_in_market_fields;card_name_substring_product;source_tcgcsv,card_catalog_map_candidates_20260404_001525,HIGH,0
5733,4567,657364,131,market_number_eq_canonical_or_extracted;image_basename_number_agrees;set_code_match;rarity_match;parallel_token_in_market_fields;card_name_substring_product;source_tcgcsv,card_catalog_map_candidates_20260404_001525,HIGH,0
5740,4571,657368,131,market_number_eq_canonical_or_extracted;image_basename_number_agrees;set_code_match;rarity_match;parallel_token_in_market_fields;card_name_substring_product;source_tcgcsv,card_catalog_map_candidates_20260404_001525,HIGH,0
5741,4571,657368,131,market_number_eq_canonical_or_extracted;image_basename_number_agrees;set_code_match;rarity_match;parallel_token_in_market_fields;card_name_substring_product;source_tcgcsv,card_catalog_map_candidates_20260404_001525,HIGH,0
5810,4606,657403,139,market_number_eq_canonical_or_extracted;image_basename_number_agrees;set_code_match;rarity_match;parallel_token_in_market_fields;parallel_index_loose_in_name;card_name_substring_product;source_tcgcsv,card_catalog_map_candidates_20260404_001525,HIGH,0
5811,4606,657403,131,market_number_eq_canonical_or_extracted;image_basename_number_agrees;set_code_match;rarity_match;parallel_token_in_market_fields;card_name_substring_product;source_tcgcsv,card_catalog_map_candidates_20260404_001525,HIGH,0
5812,4606,657403,131,market_number_eq_canonical_or_extracted;image_basename_number_agrees;set_code_match;rarity_match;parallel_token_in_market_fields;card_name_substring_product;source_tcgcsv,card_catalog_map_candidates_20260404_001525,HIGH,0
5813,4606,657403,131,market_number_eq_canonical_or_extracted;image_basename_number_agrees;set_code_match;rarity_match;parallel_token_in_market_fields;card_name_substring_product;source_tcgcsv,card_catalog_map_candidates_20260404_001525,HIGH,0
5821,4611,657408,139,market_number_eq_canonical_or_extracted;image_basename_number_agrees;set_code_match;rarity_match;parallel_token_in_market_fields;parallel_index_loose_in_name;card_name_substring_product;source_tcgcsv,card_catalog_map_candidates_20260404_001525,HIGH,0
5822,4611,657408,131,market_number_eq_canonical_or_extracted;image_basename_number_agrees;set_code_match;rarity_match;parallel_token_in_market_fields;card_name_substring_product;source_tcgcsv,card_catalog_map_candidates_20260404_001525,HIGH,0
5823,4611,657408,131,market_number_eq_canonical_or_extracted;image_basename_number_agrees;set_code_match;rarity_match;parallel_token_in_market_fields;card_name_substring_product;source_tcgcsv,card_catalog_map_candidates_20260404_001525,HIGH,0
5824,4611,657408,131,market_number_eq_canonical_or_extracted;image_basename_number_agrees;set_code_match;rarity_match;parallel_token_in_market_fields;card_name_substring_product;source_tcgcsv,card_catalog_map_candidates_20260404_001525,HIGH,0
5832,4616,657413,139,market_number_eq_canonical_or_extracted;image_basename_number_agrees;set_code_match;rarity_match;parallel_token_in_market_fields;parallel_index_loose_in_name;card_name_substring_product;source_tcgcsv,card_catalog_map_candidates_20260404_001525,HIGH,0
5833,4616,657413,139,market_number_eq_canonical_or_extracted;image_basename_number_agrees;set_code_match;rarity_match;parallel_token_in_market_fields;parallel_index_loose_in_name;card_name_substring_product;source_tcgcsv,card_catalog_map_candidates_20260404_001525,HIGH,0
5834,4616,657413,131,market_number_eq_canonical_or_extracted;image_basename_number_agrees;set_code_match;rarity_match;parallel_token_in_market_fields;card_name_substring_product;source_tcgcsv,card_catalog_map_candidates_20260404_001525,HIGH,0
5835,4616,657413,131,market_number_eq_canonical_or_extracted;image_basename_number_agrees;set_code_match;rarity_match;parallel_token_in_market_fields;card_name_substring_product;source_tcgcsv,card_catalog_map_candidates_20260404_001525,HIGH,0
5895,5152,671366,113,market_number_eq_canonical_or_extracted;image_basename_number_agrees;set_code_match;rarity_match;card_name_substring_product;source_tcgcsv,card_catalog_map_candidates_20260404_001525,HIGH,0
6100,5221,671435,113,market_number_eq_canonical_or_extracted;image_basename_number_agrees;set_code_match;rarity_match;card_name_substring_product;source_tcgcsv,card_catalog_map_candidates_20260404_001525,HIGH,0
6362,824,486778,89,market_number_eq_canonical_or_extracted;set_code_match;card_name_substring_product;source_tcgcsv,card_catalog_map_candidates_20260404_001525,HIGH,0
6370,3173,580991,89,market_number_eq_canonical_or_extracted;set_code_match;card_name_substring_product;source_tcgcsv,card_catalog_map_candidates_20260404_001525,HIGH,0
6376,3195,581011,89,market_number_eq_canonical_or_extracted;set_code_match;card_name_substring_product;source_tcgcsv,card_catalog_map_candidates_20260404_001525,HIGH,0
6397,3213,581030,89,market_number_eq_canonical_or_extracted;set_code_match;card_name_substring_product;source_tcgcsv,card_catalog_map_candidates_20260404_001525,HIGH,0
6461,3178,580996,89,market_number_eq_canonical_or_extracted;set_code_match;card_name_substring_product;source_tcgcsv,card_catalog_map_candidates_20260404_001525,HIGH,0
6592,1883,671740,89,market_number_eq_canonical_or_extracted;set_code_match;card_name_substring_product;source_tcgcsv,card_catalog_map_candidates_20260404_001525,HIGH,0
6608,1830,668173,89,market_number_eq_canonical_or_extracted;set_code_match;card_name_substring_product;source_tcgcsv,card_catalog_map_candidates_20260404_001525,HIGH,0
6611,1831,668174,89,market_number_eq_canonical_or_extracted;set_code_match;card_name_substring_product;source_tcgcsv,card_catalog_map_candidates_20260404_001525,HIGH,0
6614,1832,668175,89,market_number_eq_canonical_or_extracted;set_code_match;card_name_substring_product;source_tcgcsv,card_catalog_map_candidates_20260404_001525,HIGH,0
6617,1833,668177,89,market_number_eq_canonical_or_extracted;set_code_match;card_name_substring_product;source_tcgcsv,card_catalog_map_candidates_20260404_001525,HIGH,0
6620,1834,668179,89,market_number_eq_canonical_or_extracted;set_code_match;card_name_substring_product;source_tcgcsv,card_catalog_map_candidates_20260404_001525,HIGH,0
6623,1835,668181,89,market_number_eq_canonical_or_extracted;set_code_match;card_name_substring_product;source_tcgcsv,card_catalog_map_candidates_20260404_001525,HIGH,0
6624,1835,668181,89,market_number_eq_canonical_or_extracted;set_code_match;card_name_substring_product;source_tcgcsv,card_catalog_map_candidates_20260404_001525,HIGH,0
6690,5110,670642,101,market_number_eq_canonical_or_extracted;image_basename_number_agrees;set_code_match;rarity_match;parallel_variant_no_parallel_market_penalty;card_name_substring_product;source_tcgcsv,card_catalog_map_candidates_20260404_001525,HIGH,0
6743,628,288228,113,market_number_eq_canonical_or_extracted;image_basename_number_agrees;set_code_match;rarity_match;card_name_substring_product;source_tcgcsv,card_catalog_map_candidates_20260404_001525,HIGH,0
6744,628,288228,113,market_number_eq_canonical_or_extracted;image_basename_number_agrees;set_code_match;rarity_match;card_name_substring_product;source_tcgcsv,card_catalog_map_candidates_20260404_001525,HIGH,0
6747,629,288229,113,market_number_eq_canonical_or_extracted;image_basename_number_agrees;set_code_match;rarity_match;card_name_substring_product;source_tcgcsv,card_catalog_map_candidates_20260404_001525,HIGH,0
6748,629,288229,113,market_number_eq_canonical_or_extracted;image_basename_number_agrees;set_code_match;rarity_match;card_name_substring_product;source_tcgcsv,card_catalog_map_candidates_20260404_001525,HIGH,0
6749,629,288229,113,market_number_eq_canonical_or_extracted;image_basename_number_agrees;set_code_match;rarity_match;card_name_substring_product;source_tcgcsv,card_catalog_map_candidates_20260404_001525,HIGH,0
6750,629,288229,101,market_number_eq_canonical_or_extracted;image_basename_number_agrees;set_code_match;rarity_match;parallel_variant_no_parallel_market_penalty;card_name_substring_product;source_tcgcsv,card_catalog_map_candidates_20260404_001525,HIGH,0
6751,629,288229,101,market_number_eq_canonical_or_extracted;image_basename_number_agrees;set_code_match;rarity_match;parallel_variant_no_parallel_market_penalty;card_name_substring_product;source_tcgcsv,card_catalog_map_candidates_20260404_001525,HIGH,0
6756,631,288232,113,market_number_eq_canonical_or_extracted;image_basename_number_agrees;set_code_match;rarity_match;card_name_substring_product;source_tcgcsv,card_catalog_map_candidates_20260404_001525,HIGH,0
6757,631,288232,113,market_number_eq_canonical_or_extracted;image_basename_number_agrees;set_code_match;rarity_match;card_name_substring_product;source_tcgcsv,card_catalog_map_candidates_20260404_001525,HIGH,0
6758,631,288232,113,market_number_eq_canonical_or_extracted;image_basename_number_agrees;set_code_match;rarity_match;card_name_substring_product;source_tcgcsv,card_catalog_map_candidates_20260404_001525,HIGH,0
6759,631,288232,101,market_number_eq_canonical_or_extracted;image_basename_number_agrees;set_code_match;rarity_match;parallel_variant_no_parallel_market_penalty;card_name_substring_product;source_tcgcsv,card_catalog_map_candidates_20260404_001525,HIGH,0
6760,631,288232,101,market_number_eq_canonical_or_extracted;image_basename_number_agrees;set_code_match;rarity_match;parallel_variant_no_parallel_market_penalty;card_name_substring_product;source_tcgcsv,card_catalog_map_candidates_20260404_001525,HIGH,0
6763,632,288234,113,market_number_eq_canonical_or_extracted;image_basename_number_agrees;set_code_match;rarity_match;card_name_substring_product;source_tcgcsv,card_catalog_map_candidates_20260404_001525,HIGH,0
6764,632,288234,113,market_number_eq_canonical_or_extracted;image_basename_number_agrees;set_code_match;rarity_match;card_name_substring_product;source_tcgcsv,card_catalog_map_candidates_20260404_001525,HIGH,0
6765,632,288234,101,market_number_eq_canonical_or_extracted;image_basename_number_agrees;set_code_match;rarity_match;parallel_variant_no_parallel_market_penalty;card_name_substring_product;source_tcgcsv,card_catalog_map_candidates_20260404_001525,HIGH,0
6766,632,288234,101,market_number_eq_canonical_or_extracted;image_basename_number_agrees;set_code_match;rarity_match;parallel_variant_no_parallel_market_penalty;card_name_substring_product;source_tcgcsv,card_catalog_map_candidates_20260404_001525,HIGH,0
6769,633,288235,113,market_number_eq_canonical_or_extracted;image_basename_number_agrees;set_code_match;rarity_match;card_name_substring_product;source_tcgcsv,card_catalog_map_candidates_20260404_001525,HIGH,0
6770,633,288235,113,market_number_eq_canonical_or_extracted;image_basename_number_agrees;set_code_match;rarity_match;card_name_substring_product;source_tcgcsv,card_catalog_map_candidates_20260404_001525,HIGH,0
6771,633,288235,113,market_number_eq_canonical_or_extracted;image_basename_number_agrees;set_code_match;rarity_match;card_name_substring_product;source_tcgcsv,card_catalog_map_candidates_20260404_001525,HIGH,0
6772,633,288235,113,market_number_eq_canonical_or_extracted;image_basename_number_agrees;set_code_match;rarity_match;card_name_substring_product;source_tcgcsv,card_catalog_map_candidates_20260404_001525,HIGH,0
6773,633,288235,101,market_number_eq_canonical_or_extracted;set_code_match;rarity_match;card_name_substring_product;source_tcgcsv,card_catalog_map_candidates_20260404_001525,HIGH,0
6774,633,288235,113,market_number_eq_canonical_or_extracted;image_basename_number_agrees;set_code_match;rarity_match;card_name_substring_product;source_tcgcsv,card_catalog_map_candidates_20260404_001525,HIGH,0
6775,633,288235,113,market_number_eq_canonical_or_extracted;image_basename_number_agrees;set_code_match;rarity_match;card_name_substring_product;source_tcgcsv,card_catalog_map_candidates_20260404_001525,HIGH,0
6776,633,288235,101,market_number_eq_canonical_or_extracted;image_basename_number_agrees;set_code_match;rarity_match;parallel_variant_no_parallel_market_penalty;card_name_substring_product;source_tcgcsv,card_catalog_map_candidates_20260404_001525,HIGH,0
6777,633,288235,101,market_number_eq_canonical_or_extracted;image_basename_number_agrees;set_code_match;rarity_match;parallel_variant_no_parallel_market_penalty;card_name_substring_product;source_tcgcsv,card_catalog_map_candidates_20260404_001525,HIGH,0
6778,633,288235,101,market_number_eq_canonical_or_extracted;image_basename_number_agrees;set_code_match;rarity_match;parallel_variant_no_parallel_market_penalty;card_name_substring_product;source_tcgcsv,card_catalog_map_candidates_20260404_001525,HIGH,0
6779,633,288235,101,market_number_eq_canonical_or_extracted;image_basename_number_agrees;set_code_match;rarity_match;parallel_variant_no_parallel_market_penalty;card_name_substring_product;source_tcgcsv,card_catalog_map_candidates_20260404_001525,HIGH,0
6783,633,288235,113,market_number_eq_canonical_or_extracted;image_basename_number_agrees;set_code_match;rarity_match;card_name_substring_product;source_tcgcsv,card_catalog_map_candidates_20260404_001525,HIGH,0
6787,634,288236,101,market_number_eq_canonical_or_extracted;image_basename_number_agrees;set_code_match;card_name_substring_product;source_tcgcsv,card_catalog_map_candidates_20260404_001525,HIGH,0
6788,634,288236,101,market_number_eq_canonical_or_extracted;image_basename_number_agrees;set_code_match;card_name_substring_product;source_tcgcsv,card_catalog_map_candidates_20260404_001525,HIGH,0
6789,634,288236,89,market_number_eq_canonical_or_extracted;set_code_match;card_name_substring_product;source_tcgcsv,card_catalog_map_candidates_20260404_001525,HIGH,0
6790,634,288236,101,market_number_eq_canonical_or_extracted;image_basename_number_agrees;set_code_match;card_name_substring_product;source_tcgcsv,card_catalog_map_candidates_20260404_001525,HIGH,0
6791,634,288236,101,market_number_eq_canonical_or_extracted;image_basename_number_agrees;set_code_match;card_name_substring_product;source_tcgcsv,card_catalog_map_candidates_20260404_001525,HIGH,0
6792,634,288236,89,market_number_eq_canonical_or_extracted;image_basename_number_agrees;set_code_match;parallel_variant_no_parallel_market_penalty;card_name_substring_product;source_tcgcsv,card_catalog_map_candidates_20260404_001525,HIGH,0
6793,634,288236,89,market_number_eq_canonical_or_extracted;image_basename_number_agrees;set_code_match;parallel_variant_no_parallel_market_penalty;card_name_substring_product;source_tcgcsv,card_catalog_map_candidates_20260404_001525,HIGH,0
6794,2694,541664,101,market_number_eq_canonical_or_extracted;image_basename_number_agrees;set_code_match;rarity_match;parallel_variant_no_parallel_market_penalty;card_name_substring_product;source_tcgcsv,card_catalog_map_candidates_20260404_001525,HIGH,0
6795,634,288236,89,market_number_eq_canonical_or_extracted;image_basename_number_agrees;set_code_match;parallel_variant_no_parallel_market_penalty;card_name_substring_product;source_tcgcsv,card_catalog_map_candidates_20260404_001525,HIGH,0
6796,634,288236,89,market_number_eq_canonical_or_extracted;image_basename_number_agrees;set_code_match;parallel_variant_no_parallel_market_penalty;card_name_substring_product;source_tcgcsv,card_catalog_map_candidates_20260404_001525,HIGH,0
6797,634,288236,101,market_number_eq_canonical_or_extracted;image_basename_number_agrees;set_code_match;card_name_substring_product;source_tcgcsv,card_catalog_map_candidates_20260404_001525,HIGH,0
6800,635,288237,113,market_number_eq_canonical_or_extracted;image_basename_number_agrees;set_code_match;rarity_match;card_name_substring_product;source_tcgcsv,card_catalog_map_candidates_20260404_001525,HIGH,0
6801,635,288237,113,market_number_eq_canonical_or_extracted;image_basename_number_agrees;set_code_match;rarity_match;card_name_substring_product;source_tcgcsv,card_catalog_map_candidates_20260404_001525,HIGH,0
6802,635,288237,101,market_number_eq_canonical_or_extracted;image_basename_number_agrees;set_code_match;rarity_match;parallel_variant_no_parallel_market_penalty;card_name_substring_product;source_tcgcsv,card_catalog_map_candidates_20260404_001525,HIGH,0
6803,635,288237,101,market_number_eq_canonical_or_extracted;image_basename_number_agrees;set_code_match;rarity_match;parallel_variant_no_parallel_market_penalty;card_name_substring_product;source_tcgcsv,card_catalog_map_candidates_20260404_001525,HIGH,0
6806,636,288238,101,market_number_eq_canonical_or_extracted;set_code_match;rarity_match;card_name_substring_product;source_tcgcsv,card_catalog_map_candidates_20260404_001525,HIGH,0
6807,636,288238,101,market_number_eq_canonical_or_extracted;set_code_match;rarity_match;card_name_substring_product;source_tcgcsv,card_catalog_map_candidates_20260404_001525,HIGH,0
6808,636,288238,101,market_number_eq_canonical_or_extracted;image_basename_number_agrees;set_code_match;rarity_match;parallel_variant_no_parallel_market_penalty;card_name_substring_product;source_tcgcsv,card_catalog_map_candidates_20260404_001525,HIGH,0
6811,637,288239,113,market_number_eq_canonical_or_extracted;image_basename_number_agrees;set_code_match;rarity_match;card_name_substring_product;source_tcgcsv,card_catalog_map_candidates_20260404_001525,HIGH,0
6812,637,288239,113,market_number_eq_canonical_or_extracted;image_basename_number_agrees;set_code_match;rarity_match;card_name_substring_product;source_tcgcsv,card_catalog_map_candidates_20260404_001525,HIGH,0
6813,637,288239,101,market_number_eq_canonical_or_extracted;image_basename_number_agrees;set_code_match;rarity_match;parallel_variant_no_parallel_market_penalty;card_name_substring_product;source_tcgcsv,card_catalog_map_candidates_20260404_001525,HIGH,0
6814,637,288239,101,market_number_eq_canonical_or_extracted;image_basename_number_agrees;set_code_match;rarity_match;parallel_variant_no_parallel_market_penalty;card_name_substring_product;source_tcgcsv,card_catalog_map_candidates_20260404_001525,HIGH,0
6817,638,288240,113,market_number_eq_canonical_or_extracted;image_basename_number_agrees;set_code_match;rarity_match;card_name_substring_product;source_tcgcsv,card_catalog_map_candidates_20260404_001525,HIGH,0
6818,638,288240,101,market_number_eq_canonical_or_extracted;set_code_match;rarity_match;card_name_substring_product;source_tcgcsv,card_catalog_map_candidates_20260404_001525,HIGH,0
6819,638,288240,101,market_number_eq_canonical_or_extracted;set_code_match;rarity_match;card_name_substring_product;source_tcgcsv,card_catalog_map_candidates_20260404_001525,HIGH,0
6820,638,288240,113,market_number_eq_canonical_or_extracted;image_basename_number_agrees;set_code_match;rarity_match;card_name_substring_product;source_tcgcsv,card_catalog_map_candidates_20260404_001525,HIGH,0
6821,638,288240,113,market_number_eq_canonical_or_extracted;image_basename_number_agrees;set_code_match;rarity_match;card_name_substring_product;source_tcgcsv,card_catalog_map_candidates_20260404_001525,HIGH,0
6822,638,288240,101,market_number_eq_canonical_or_extracted;image_basename_number_agrees;set_code_match;rarity_match;parallel_variant_no_parallel_market_penalty;card_name_substring_product;source_tcgcsv,card_catalog_map_candidates_20260404_001525,HIGH,0
6823,638,288240,101,market_number_eq_canonical_or_extracted;image_basename_number_agrees;set_code_match;rarity_match;parallel_variant_no_parallel_market_penalty;card_name_substring_product;source_tcgcsv,card_catalog_map_candidates_20260404_001525,HIGH,0
6824,638,288240,101,market_number_eq_canonical_or_extracted;image_basename_number_agrees;set_code_match;rarity_match;parallel_variant_no_parallel_market_penalty;card_name_substring_product;source_tcgcsv,card_catalog_map_candidates_20260404_001525,HIGH,0
6826,638,288240,101,market_number_eq_canonical_or_extracted;image_basename_number_agrees;set_code_match;rarity_match;parallel_variant_no_parallel_market_penalty;card_name_substring_product;source_tcgcsv,card_catalog_map_candidates_20260404_001525,HIGH,0
6830,639,288241,113,market_number_eq_canonical_or_extracted;image_basename_number_agrees;set_code_match;rarity_match;card_name_substring_product;source_tcgcsv,card_catalog_map_candidates_20260404_001525,HIGH,0
6831,639,288241,101,market_number_eq_canonical_or_extracted;set_code_match;rarity_match;card_name_substring_product;source_tcgcsv,card_catalog_map_candidates_20260404_001525,HIGH,0
6832,639,288241,101,market_number_eq_canonical_or_extracted;set_code_match;rarity_match;card_name_substring_product;source_tcgcsv,card_catalog_map_candidates_20260404_001525,HIGH,0
6833,639,288241,113,market_number_eq_canonical_or_extracted;image_basename_number_agrees;set_code_match;rarity_match;card_name_substring_product;source_tcgcsv,card_catalog_map_candidates_20260404_001525,HIGH,0
6834,2144,501678,101,market_number_eq_canonical_or_extracted;image_basename_number_agrees;set_code_match;rarity_match;parallel_variant_no_parallel_market_penalty;card_name_substring_product;source_tcgcsv,card_catalog_map_candidates_20260404_001525,HIGH,0
6837,639,288241,101,market_number_eq_canonical_or_extracted;image_basename_number_agrees;set_code_match;rarity_match;parallel_variant_no_parallel_market_penalty;card_name_substring_product;source_tcgcsv,card_catalog_map_candidates_20260404_001525,HIGH,0
6838,639,288241,101,market_number_eq_canonical_or_extracted;image_basename_number_agrees;set_code_match;rarity_match;parallel_variant_no_parallel_market_penalty;card_name_substring_product;source_tcgcsv,card_catalog_map_candidates_20260404_001525,HIGH,0
6839,639,288241,101,market_number_eq_canonical_or_extracted;image_basename_number_agrees;set_code_match;rarity_match;parallel_variant_no_parallel_market_penalty;card_name_substring_product;source_tcgcsv,card_catalog_map_candidates_20260404_001525,HIGH,0
6840,639,288241,101,market_number_eq_canonical_or_extracted;set_code_match;rarity_match;card_name_substring_product;source_tcgcsv,card_catalog_map_candidates_20260404_001525,HIGH,0
6843,640,288242,101,market_number_eq_canonical_or_extracted;set_code_match;rarity_match;card_name_substring_product;source_tcgcsv,card_catalog_map_candidates_20260404_001525,HIGH,0
6845,640,288242,113,market_number_eq_canonical_or_extracted;image_basename_number_agrees;set_code_match;rarity_match;card_name_substring_product;source_tcgcsv,card_catalog_map_candidates_20260404_001525,HIGH,0
6846,640,288242,113,market_number_eq_canonical_or_extracted;image_basename_number_agrees;set_code_match;rarity_match;card_name_substring_product;source_tcgcsv,card_catalog_map_candidates_20260404_001525,HIGH,0
6847,640,288242,113,market_number_eq_canonical_or_extracted;image_basename_number_agrees;set_code_match;rarity_match;card_name_substring_product;source_tcgcsv,card_catalog_map_candidates_20260404_001525,HIGH,0
6848,640,288242,101,market_number_eq_canonical_or_extracted;image_basename_number_agrees;set_code_match;rarity_match;parallel_variant_no_parallel_market_penalty;card_name_substring_product;source_tcgcsv,card_catalog_map_candidates_20260404_001525,HIGH,0
6849,640,288242,101,market_number_eq_canonical_or_extracted;image_basename_number_agrees;set_code_match;rarity_match;parallel_variant_no_parallel_market_penalty;card_name_substring_product;source_tcgcsv,card_catalog_map_candidates_20260404_001525,HIGH,0
6857,642,288244,113,market_number_eq_canonical_or_extracted;image_basename_number_agrees;set_code_match;rarity_match;card_name_substring_product;source_tcgcsv,card_catalog_map_candidates_20260404_001525,HIGH,0
6858,642,288244,101,market_number_eq_canonical_or_extracted;image_basename_number_agrees;set_code_match;rarity_match;parallel_variant_no_parallel_market_penalty;card_name_substring_product;source_tcgcsv,card_catalog_map_candidates_20260404_001525,HIGH,0
6865,667,288249,113,market_number_eq_canonical_or_extracted;image_basename_number_agrees;set_code_match;rarity_match;card_name_substring_product;source_tcgcsv,card_catalog_map_candidates_20260404_001525,HIGH,0
6872,670,288252,101,market_number_eq_canonical_or_extracted;set_code_match;rarity_match;card_name_substring_product;source_tcgcsv,card_catalog_map_candidates_20260404_001525,HIGH,0
6876,670,288252,113,market_number_eq_canonical_or_extracted;image_basename_number_agrees;set_code_match;rarity_match;card_name_substring_product;source_tcgcsv,card_catalog_map_candidates_20260404_001525,HIGH,0
6884,673,288255,113,market_number_eq_canonical_or_extracted;image_basename_number_agrees;set_code_match;rarity_match;card_name_substring_product;source_tcgcsv,card_catalog_map_candidates_20260404_001525,HIGH,0
6885,673,288255,101,market_number_eq_canonical_or_extracted;image_basename_number_agrees;set_code_match;rarity_match;parallel_variant_no_parallel_market_penalty;card_name_substring_product;source_tcgcsv,card_catalog_map_candidates_20260404_001525,HIGH,0
6886,3121,558165,101,market_number_eq_canonical_or_extracted;image_basename_number_agrees;set_code_match;rarity_match;parallel_variant_no_parallel_market_penalty;card_name_substring_product;source_tcgcsv,card_catalog_map_candidates_20260404_001525,HIGH,0
6889,673,288255,101,market_number_eq_canonical_or_extracted;set_code_match;rarity_match;card_name_substring_product;source_tcgcsv,card_catalog_map_candidates_20260404_001525,HIGH,0
6892,674,288256,113,market_number_eq_canonical_or_extracted;image_basename_number_agrees;set_code_match;rarity_match;card_name_substring_product;source_tcgcsv,card_catalog_map_candidates_20260404_001525,HIGH,0
6893,674,288256,101,market_number_eq_canonical_or_extracted;image_basename_number_agrees;set_code_match;rarity_match;parallel_variant_no_parallel_market_penalty;card_name_substring_product;source_tcgcsv,card_catalog_map_candidates_20260404_001525,HIGH,0
6898,676,288258,101,market_number_eq_canonical_or_extracted;set_code_match;rarity_match;card_name_substring_product;source_tcgcsv,card_catalog_map_candidates_20260404_001525,HIGH,0
6905,679,288261,101,market_number_eq_canonical_or_extracted;set_code_match;rarity_match;card_name_substring_product;source_tcgcsv,card_catalog_map_candidates_20260404_001525,HIGH,0
6906,679,288261,101,market_number_eq_canonical_or_extracted;image_basename_number_agrees;set_code_match;rarity_match;parallel_variant_no_parallel_market_penalty;card_name_substring_product;source_tcgcsv,card_catalog_map_candidates_20260404_001525,HIGH,0
6917,686,288266,113,market_number_eq_canonical_or_extracted;image_basename_number_agrees;set_code_match;rarity_match;card_name_substring_product;source_tcgcsv,card_catalog_map_candidates_20260404_001525,HIGH,0
6923,688,288268,101,market_number_eq_canonical_or_extracted;set_code_match;rarity_match;card_name_substring_product;source_tcgcsv,card_catalog_map_candidates_20260404_001525,HIGH,0
6924,688,288268,101,market_number_eq_canonical_or_extracted;image_basename_number_agrees;set_code_match;rarity_match;parallel_variant_no_parallel_market_penalty;card_name_substring_product;source_tcgcsv,card_catalog_map_candidates_20260404_001525,HIGH,0
6927,689,288270,101,market_number_eq_canonical_or_extracted;image_basename_number_agrees;set_code_match;card_name_substring_product;source_tcgcsv,card_catalog_map_candidates_20260404_001525,HIGH,0
6928,3122,558166,89,market_number_eq_canonical_or_extracted;image_basename_number_agrees;set_code_match;parallel_variant_no_parallel_market_penalty;card_name_substring_product;source_tcgcsv,card_catalog_map_candidates_20260404_001525,HIGH,0
6929,689,288270,89,market_number_eq_canonical_or_extracted;image_basename_number_agrees;set_code_match;parallel_variant_no_parallel_market_penalty;card_name_substring_product;source_tcgcsv,card_catalog_map_candidates_20260404_001525,HIGH,0
6931,689,288270,89,market_number_eq_canonical_or_extracted;set_code_match;card_name_substring_product;source_tcgcsv,card_catalog_map_candidates_20260404_001525,HIGH,0
6934,690,288272,101,market_number_eq_canonical_or_extracted;set_code_match;rarity_match;card_name_substring_product;source_tcgcsv,card_catalog_map_candidates_20260404_001525,HIGH,0
6935,690,288272,101,market_number_eq_canonical_or_extracted;image_basename_number_agrees;set_code_match;rarity_match;parallel_variant_no_parallel_market_penalty;card_name_substring_product;source_tcgcsv,card_catalog_map_candidates_20260404_001525,HIGH,0
6944,692,288275,113,market_number_eq_canonical_or_extracted;image_basename_number_agrees;set_code_match;rarity_match;card_name_substring_product;source_tcgcsv,card_catalog_map_candidates_20260404_001525,HIGH,0
6945,692,288275,101,market_number_eq_canonical_or_extracted;image_basename_number_agrees;set_code_match;rarity_match;parallel_variant_no_parallel_market_penalty;card_name_substring_product;source_tcgcsv,card_catalog_map_candidates_20260404_001525,HIGH,0
6946,692,288275,101,market_number_eq_canonical_or_extracted;image_basename_number_agrees;set_code_match;rarity_match;parallel_variant_no_parallel_market_penalty;card_name_substring_product;source_tcgcsv,card_catalog_map_candidates_20260404_001525,HIGH,0
6949,693,288277,113,market_number_eq_canonical_or_extracted;image_basename_number_agrees;set_code_match;rarity_match;card_name_substring_product;source_tcgcsv,card_catalog_map_candidates_20260404_001525,HIGH,0
6950,693,288277,101,market_number_eq_canonical_or_extracted;set_code_match;rarity_match;card_name_substring_product;source_tcgcsv,card_catalog_map_candidates_20260404_001525,HIGH,0
6951,693,288277,101,market_number_eq_canonical_or_extracted;set_code_match;rarity_match;card_name_substring_product;source_tcgcsv,card_catalog_map_candidates_20260404_001525,HIGH,0
6952,693,288277,113,market_number_eq_canonical_or_extracted;image_basename_number_agrees;set_code_match;rarity_match;card_name_substring_product;source_tcgcsv,card_catalog_map_candidates_20260404_001525,HIGH,0
6953,693,288277,101,market_number_eq_canonical_or_extracted;image_basename_number_agrees;set_code_match;rarity_match;parallel_variant_no_parallel_market_penalty;card_name_substring_product;source_tcgcsv,card_catalog_map_candidates_20260404_001525,HIGH,0
6954,693,288277,101,market_number_eq_canonical_or_extracted;image_basename_number_agrees;set_code_match;rarity_match;parallel_variant_no_parallel_market_penalty;card_name_substring_product;source_tcgcsv,card_catalog_map_candidates_20260404_001525,HIGH,0
6955,693,288277,101,market_number_eq_canonical_or_extracted;image_basename_number_agrees;set_code_match;rarity_match;parallel_variant_no_parallel_market_penalty;card_name_substring_product;source_tcgcsv,card_catalog_map_candidates_20260404_001525,HIGH,0
6962,2145,501679,89,market_number_eq_canonical_or_extracted;image_basename_number_agrees;set_code_match;parallel_variant_no_parallel_market_penalty;card_name_substring_product;source_tcgcsv,card_catalog_map_candidates_20260404_001525,HIGH,0
6963,694,288279,89,market_number_eq_canonical_or_extracted;set_code_match;card_name_substring_product;source_tcgcsv,card_catalog_map_candidates_20260404_001525,HIGH,0
6970,697,288284,101,market_number_eq_canonical_or_extracted;set_code_match;rarity_match;card_name_substring_product;source_tcgcsv,card_catalog_map_candidates_20260404_001525,HIGH,0
6971,697,288284,101,market_number_eq_canonical_or_extracted;image_basename_number_agrees;set_code_match;rarity_match;parallel_variant_no_parallel_market_penalty;card_name_substring_product;source_tcgcsv,card_catalog_map_candidates_20260404_001525,HIGH,0
6974,698,288286,101,market_number_eq_canonical_or_extracted;set_code_match;rarity_match;card_name_substring_product;source_tcgcsv,card_catalog_map_candidates_20260404_001525,HIGH,0
6975,698,288286,101,market_number_eq_canonical_or_extracted;set_code_match;rarity_match;card_name_substring_product;source_tcgcsv,card_catalog_map_candidates_20260404_001525,HIGH,0
6979,698,288286,113,market_number_eq_canonical_or_extracted;image_basename_number_agrees;set_code_match;rarity_match;card_name_substring_product;source_tcgcsv,card_catalog_map_candidates_20260404_001525,HIGH,0
6983,699,288288,113,market_number_eq_canonical_or_extracted;image_basename_number_agrees;set_code_match;rarity_match;card_name_substring_product;source_tcgcsv,card_catalog_map_candidates_20260404_001525,HIGH,0
6984,699,288288,101,market_number_eq_canonical_or_extracted;image_basename_number_agrees;set_code_match;rarity_match;parallel_variant_no_parallel_market_penalty;card_name_substring_product;source_tcgcsv,card_catalog_map_candidates_20260404_001525,HIGH,0
6991,702,288291,101,market_number_eq_canonical_or_extracted;set_code_match;rarity_match;card_name_substring_product;source_tcgcsv,card_catalog_map_candidates_20260404_001525,HIGH,0
6992,702,288291,101,market_number_eq_canonical_or_extracted;image_basename_number_agrees;set_code_match;rarity_match;parallel_variant_no_parallel_market_penalty;card_name_substring_product;source_tcgcsv,card_catalog_map_candidates_20260404_001525,HIGH,0
6997,649,288271,113,market_number_eq_canonical_or_extracted;image_basename_number_agrees;set_code_match;rarity_match;card_name_substring_product;source_tcgcsv,card_catalog_map_candidates_20260404_001525,HIGH,0
6998,649,288271,101,market_number_eq_canonical_or_extracted;image_basename_number_agrees;set_code_match;rarity_match;parallel_variant_no_parallel_market_penalty;card_name_substring_product;source_tcgcsv,card_catalog_map_candidates_20260404_001525,HIGH,0
7001,650,288274,101,market_number_eq_canonical_or_extracted;set_code_match;rarity_match;card_name_substring_product;source_tcgcsv,card_catalog_map_candidates_20260404_001525,HIGH,0
7002,650,288274,101,market_number_eq_canonical_or_extracted;set_code_match;rarity_match;card_name_substring_product;source_tcgcsv,card_catalog_map_candidates_20260404_001525,HIGH,0
7003,650,288274,101,market_number_eq_canonical_or_extracted;set_code_match;rarity_match;card_name_substring_product;source_tcgcsv,card_catalog_map_candidates_20260404_001525,HIGH,0
7004,650,288274,101,market_number_eq_canonical_or_extracted;set_code_match;rarity_match;card_name_substring_product;source_tcgcsv,card_catalog_map_candidates_20260404_001525,HIGH,0
7005,2146,501680,101,market_number_eq_canonical_or_extracted;image_basename_number_agrees;set_code_match;rarity_match;parallel_variant_no_parallel_market_penalty;card_name_substring_product;source_tcgcsv,card_catalog_map_candidates_20260404_001525,HIGH,0
7006,650,288274,101,market_number_eq_canonical_or_extracted;image_basename_number_agrees;set_code_match;rarity_match;parallel_variant_no_parallel_market_penalty;card_name_substring_product;source_tcgcsv,card_catalog_map_candidates_20260404_001525,HIGH,0
7007,3346,586961,101,market_number_eq_canonical_or_extracted;image_basename_number_agrees;set_code_match;rarity_match;parallel_variant_no_parallel_market_penalty;card_name_substring_product;source_tcgcsv,card_catalog_map_candidates_20260404_001525,HIGH,0
7008,650,288274,113,market_number_eq_canonical_or_extracted;image_basename_number_agrees;set_code_match;rarity_match;card_name_substring_product;source_tcgcsv,card_catalog_map_candidates_20260404_001525,HIGH,0
7009,3346,586961,113,market_number_eq_canonical_or_extracted;image_basename_number_agrees;set_code_match;rarity_match;card_name_substring_product;source_tcgcsv,card_catalog_map_candidates_20260404_001525,HIGH,0
7010,650,288274,101,market_number_eq_canonical_or_extracted;set_code_match;rarity_match;card_name_substring_product;source_tcgcsv,card_catalog_map_candidates_20260404_001525,HIGH,0
7015,652,288278,101,market_number_eq_canonical_or_extracted;set_code_match;rarity_match;card_name_substring_product;source_tcgcsv,card_catalog_map_candidates_20260404_001525,HIGH,0
7016,3123,558167,101,market_number_eq_canonical_or_extracted;image_basename_number_agrees;set_code_match;rarity_match;parallel_variant_no_parallel_market_penalty;card_name_substring_product;source_tcgcsv,card_catalog_map_candidates_20260404_001525,HIGH,0
7020,652,288278,101,market_number_eq_canonical_or_extracted;set_code_match;rarity_match;card_name_substring_product;source_tcgcsv,card_catalog_map_candidates_20260404_001525,HIGH,0
7027,655,288285,113,market_number_eq_canonical_or_extracted;image_basename_number_agrees;set_code_match;rarity_match;card_name_substring_product;source_tcgcsv,card_catalog_map_candidates_20260404_001525,HIGH,0
7028,655,288285,101,market_number_eq_canonical_or_extracted;image_basename_number_agrees;set_code_match;rarity_match;parallel_variant_no_parallel_market_penalty;card_name_substring_product;source_tcgcsv,card_catalog_map_candidates_20260404_001525,HIGH,0
7029,655,288285,101,market_number_eq_canonical_or_extracted;image_basename_number_agrees;set_code_match;rarity_match;parallel_variant_no_parallel_market_penalty;card_name_substring_product;source_tcgcsv,card_catalog_map_candidates_20260404_001525,HIGH,0
7034,657,288292,101,market_number_eq_canonical_or_extracted;set_code_match;rarity_match;card_name_substring_product;source_tcgcsv,card_catalog_map_candidates_20260404_001525,HIGH,0
7035,657,288292,101,market_number_eq_canonical_or_extracted;image_basename_number_agrees;set_code_match;rarity_match;parallel_variant_no_parallel_market_penalty;card_name_substring_product;source_tcgcsv,card_catalog_map_candidates_20260404_001525,HIGH,0
7038,658,288293,113,market_number_eq_canonical_or_extracted;image_basename_number_agrees;set_code_match;rarity_match;card_name_substring_product;source_tcgcsv,card_catalog_map_candidates_20260404_001525,HIGH,0
7039,658,288293,101,market_number_eq_canonical_or_extracted;set_code_match;rarity_match;card_name_substring_product;source_tcgcsv,card_catalog_map_candidates_20260404_001525,HIGH,0
7040,658,288293,101,market_number_eq_canonical_or_extracted;image_basename_number_agrees;set_code_match;rarity_match;parallel_variant_no_parallel_market_penalty;card_name_substring_product;source_tcgcsv,card_catalog_map_candidates_20260404_001525,HIGH,0
7041,658,288293,101,market_number_eq_canonical_or_extracted;image_basename_number_agrees;set_code_match;rarity_match;parallel_variant_no_parallel_market_penalty;card_name_substring_product;source_tcgcsv,card_catalog_map_candidates_20260404_001525,HIGH,0
7042,658,288293,101,market_number_eq_canonical_or_extracted;set_code_match;rarity_match;card_name_substring_product;source_tcgcsv,card_catalog_map_candidates_20260404_001525,HIGH,0
7053,663,288298,101,market_number_eq_canonical_or_extracted;set_code_match;rarity_match;card_name_substring_product;source_tcgcsv,card_catalog_map_candidates_20260404_001525,HIGH,0
7056,663,288298,101,market_number_eq_canonical_or_extracted;image_basename_number_agrees;set_code_match;rarity_match;parallel_variant_no_parallel_market_penalty;card_name_substring_product;source_tcgcsv,card_catalog_map_candidates_20260404_001525,HIGH,0
7060,664,288299,101,market_number_eq_canonical_or_extracted;set_code_match;rarity_match;card_name_substring_product;source_tcgcsv,card_catalog_map_candidates_20260404_001525,HIGH,0
7065,1962,479844,103,market_number_eq_canonical_or_extracted;image_basename_number_agrees;set_code_match;rarity_match;source_tcgcsv,card_catalog_map_candidates_20260404_001525,HIGH,0
7066,1962,479844,91,market_number_eq_canonical_or_extracted;image_basename_number_agrees;set_code_match;rarity_match;parallel_variant_no_parallel_market_penalty;source_tcgcsv,card_catalog_map_candidates_20260404_001525,HIGH,0
7071,1953,477317,91,market_number_eq_canonical_or_extracted;set_code_match;rarity_match;source_tcgcsv,card_catalog_map_candidates_20260404_001525,HIGH,0
7080,1956,477321,101,market_number_eq_canonical_or_extracted;set_code_match;rarity_match;card_name_substring_product;source_tcgcsv,card_catalog_map_candidates_20260404_001525,HIGH,0
7093,1959,477325,101,market_number_eq_canonical_or_extracted;set_code_match;rarity_match;card_name_substring_product;source_tcgcsv,card_catalog_map_candidates_20260404_001525,HIGH,0
7094,1959,477325,101,market_number_eq_canonical_or_extracted;image_basename_number_agrees;set_code_match;rarity_match;parallel_variant_no_parallel_market_penalty;card_name_substring_product;source_tcgcsv,card_catalog_map_candidates_20260404_001525,HIGH,0
7105,1974,485248,113,market_number_eq_canonical_or_extracted;image_basename_number_agrees;set_code_match;rarity_match;card_name_substring_product;source_tcgcsv,card_catalog_map_candidates_20260404_001525,HIGH,0
7111,1981,486321,113,market_number_eq_canonical_or_extracted;image_basename_number_agrees;set_code_match;rarity_match;card_name_substring_product;source_tcgcsv,card_catalog_map_candidates_20260404_001525,HIGH,0
7113,1977,485252,101,market_number_eq_canonical_or_extracted;image_basename_number_agrees;set_code_match;card_name_substring_product;source_tcgcsv,card_catalog_map_candidates_20260404_001525,HIGH,0
7114,1977,485252,89,market_number_eq_canonical_or_extracted;set_code_match;card_name_substring_product;source_tcgcsv,card_catalog_map_candidates_20260404_001525,HIGH,0
7115,1977,485252,89,market_number_eq_canonical_or_extracted;set_code_match;card_name_substring_product;source_tcgcsv,card_catalog_map_candidates_20260404_001525,HIGH,0
7116,1977,485252,89,market_number_eq_canonical_or_extracted;image_basename_number_agrees;set_code_match;parallel_variant_no_parallel_market_penalty;card_name_substring_product;source_tcgcsv,card_catalog_map_candidates_20260404_001525,HIGH,0
7117,3124,558168,89,market_number_eq_canonical_or_extracted;image_basename_number_agrees;set_code_match;parallel_variant_no_parallel_market_penalty;card_name_substring_product;source_tcgcsv,card_catalog_map_candidates_20260404_001525,HIGH,0
7118,1977,485252,89,market_number_eq_canonical_or_extracted;image_basename_number_agrees;set_code_match;parallel_variant_no_parallel_market_penalty;card_name_substring_product;source_tcgcsv,card_catalog_map_candidates_20260404_001525,HIGH,0
7119,1977,485252,89,market_number_eq_canonical_or_extracted;image_basename_number_agrees;set_code_match;parallel_variant_no_parallel_market_penalty;card_name_substring_product;source_tcgcsv,card_catalog_map_candidates_20260404_001525,HIGH,0
7120,1977,485252,89,market_number_eq_canonical_or_extracted;set_code_match;card_name_substring_product;source_tcgcsv,card_catalog_map_candidates_20260404_001525,HIGH,0
7125,1983,486323,101,market_number_eq_canonical_or_extracted;set_code_match;rarity_match;card_name_substring_product;source_tcgcsv,card_catalog_map_candidates_20260404_001525,HIGH,0
7134,1976,485251,113,market_number_eq_canonical_or_extracted;image_basename_number_agrees;set_code_match;rarity_match;card_name_substring_product;source_tcgcsv,card_catalog_map_candidates_20260404_001525,HIGH,0
7140,1978,485253,101,market_number_eq_canonical_or_extracted;set_code_match;rarity_match;card_name_substring_product;source_tcgcsv,card_catalog_map_candidates_20260404_001525,HIGH,0
7159,2154,500130,113,market_number_eq_canonical_or_extracted;image_basename_number_agrees;set_code_match;rarity_match;card_name_substring_product;source_tcgcsv,card_catalog_map_candidates_20260404_001525,HIGH,0
7163,2156,500134,113,market_number_eq_canonical_or_extracted;image_basename_number_agrees;set_code_match;rarity_match;card_name_substring_product;source_tcgcsv,card_catalog_map_candidates_20260404_001525,HIGH,0
7164,3244,581059,113,market_number_eq_canonical_or_extracted;image_basename_number_agrees;set_code_match;rarity_match;card_name_substring_product;source_tcgcsv,card_catalog_map_candidates_20260404_001525,HIGH,0
7169,2158,500139,113,market_number_eq_canonical_or_extracted;image_basename_number_agrees;set_code_match;rarity_match;card_name_substring_product;source_tcgcsv,card_catalog_map_candidates_20260404_001525,HIGH,0
7174,2159,500140,113,market_number_eq_canonical_or_extracted;image_basename_number_agrees;set_code_match;rarity_match;card_name_substring_product;source_tcgcsv,card_catalog_map_candidates_20260404_001525,HIGH,0
7175,2159,500140,113,market_number_eq_canonical_or_extracted;image_basename_number_agrees;set_code_match;rarity_match;card_name_substring_product;source_tcgcsv,card_catalog_map_candidates_20260404_001525,HIGH,0
7176,2159,500140,101,market_number_eq_canonical_or_extracted;image_basename_number_agrees;set_code_match;rarity_match;parallel_variant_no_parallel_market_penalty;card_name_substring_product;source_tcgcsv,card_catalog_map_candidates_20260404_001525,HIGH,0
7178,2160,500142,113,market_number_eq_canonical_or_extracted;image_basename_number_agrees;set_code_match;rarity_match;card_name_substring_product;source_tcgcsv,card_catalog_map_candidates_20260404_001525,HIGH,0
7180,2161,500145,113,market_number_eq_canonical_or_extracted;image_basename_number_agrees;set_code_match;rarity_match;card_name_substring_product;source_tcgcsv,card_catalog_map_candidates_20260404_001525,HIGH,0
7181,2161,500145,101,market_number_eq_canonical_or_extracted;set_code_match;rarity_match;card_name_substring_product;source_tcgcsv,card_catalog_map_candidates_20260404_001525,HIGH,0
7183,2162,500147,113,market_number_eq_canonical_or_extracted;image_basename_number_agrees;set_code_match;rarity_match;card_name_substring_product;source_tcgcsv,card_catalog_map_candidates_20260404_001525,HIGH,0
7185,2163,500149,113,market_number_eq_canonical_or_extracted;image_basename_number_agrees;set_code_match;rarity_match;card_name_substring_product;source_tcgcsv,card_catalog_map_candidates_20260404_001525,HIGH,0
7187,2164,500150,113,market_number_eq_canonical_or_extracted;image_basename_number_agrees;set_code_match;rarity_match;card_name_substring_product;source_tcgcsv,card_catalog_map_candidates_20260404_001525,HIGH,0
7189,2165,500151,113,market_number_eq_canonical_or_extracted;image_basename_number_agrees;set_code_match;rarity_match;card_name_substring_product;source_tcgcsv,card_catalog_map_candidates_20260404_001525,HIGH,0
7201,2175,503230,91,market_number_eq_canonical_or_extracted;set_code_match;rarity_match;source_tcgcsv,card_catalog_map_candidates_20260404_001525,HIGH,0
7209,2179,503234,113,market_number_eq_canonical_or_extracted;image_basename_number_agrees;set_code_match;rarity_match;card_name_substring_product;source_tcgcsv,card_catalog_map_candidates_20260404_001525,HIGH,0
7252,2200,504461,113,market_number_eq_canonical_or_extracted;image_basename_number_agrees;set_code_match;rarity_match;card_name_substring_product;source_tcgcsv,card_catalog_map_candidates_20260404_001525,HIGH,0
7253,2200,504461,101,market_number_eq_canonical_or_extracted;image_basename_number_agrees;set_code_match;rarity_match;parallel_variant_no_parallel_market_penalty;card_name_substring_product;source_tcgcsv,card_catalog_map_candidates_20260404_001525,HIGH,0
7301,2966,555691,89,market_number_eq_canonical_or_extracted;image_basename_number_agrees;set_code_match;parallel_variant_no_parallel_market_penalty;card_name_substring_product;source_tcgcsv,card_catalog_map_candidates_20260404_001525,HIGH,0
7324,3179,580997,91,market_number_eq_canonical_or_extracted;image_basename_number_agrees;set_code_match;rarity_match;parallel_variant_no_parallel_market_penalty;source_tcgcsv,card_catalog_map_candidates_20260404_001525,HIGH,0
7325,2539,533879,103,market_number_eq_canonical_or_extracted;image_basename_number_agrees;set_code_match;rarity_match;source_tcgcsv,card_catalog_map_candidates_20260404_001525,HIGH,0
7328,2541,533881,101,market_number_eq_canonical_or_extracted;set_code_match;rarity_match;card_name_substring_product;source_tcgcsv,card_catalog_map_candidates_20260404_001525,HIGH,0
7329,2541,533881,101,market_number_eq_canonical_or_extracted;image_basename_number_agrees;set_code_match;rarity_match;parallel_variant_no_parallel_market_penalty;card_name_substring_product;source_tcgcsv,card_catalog_map_candidates_20260404_001525,HIGH,0
7330,3180,580998,101,market_number_eq_canonical_or_extracted;image_basename_number_agrees;set_code_match;rarity_match;parallel_variant_no_parallel_market_penalty;card_name_substring_product;source_tcgcsv,card_catalog_map_candidates_20260404_001525,HIGH,0
7332,2542,533882,101,market_number_eq_canonical_or_extracted;set_code_match;rarity_match;card_name_substring_product;source_tcgcsv,card_catalog_map_candidates_20260404_001525,HIGH,0
7333,2542,533882,101,market_number_eq_canonical_or_extracted;image_basename_number_agrees;set_code_match;rarity_match;parallel_variant_no_parallel_market_penalty;card_name_substring_product;source_tcgcsv,card_catalog_map_candidates_20260404_001525,HIGH,0
7334,3181,580999,101,market_number_eq_canonical_or_extracted;image_basename_number_agrees;set_code_match;rarity_match;parallel_variant_no_parallel_market_penalty;card_name_substring_product;source_tcgcsv,card_catalog_map_candidates_20260404_001525,HIGH,0
7336,2543,533883,101,market_number_eq_canonical_or_extracted;set_code_match;rarity_match;card_name_substring_product;source_tcgcsv,card_catalog_map_candidates_20260404_001525,HIGH,0
7337,2543,533883,101,market_number_eq_canonical_or_extracted;image_basename_number_agrees;set_code_match;rarity_match;parallel_variant_no_parallel_market_penalty;card_name_substring_product;source_tcgcsv,card_catalog_map_candidates_20260404_001525,HIGH,0
7338,3182,581000,101,market_number_eq_canonical_or_extracted;image_basename_number_agrees;set_code_match;rarity_match;parallel_variant_no_parallel_market_penalty;card_name_substring_product;source_tcgcsv,card_catalog_map_candidates_20260404_001525,HIGH,0
7355,2793,539152,101,market_number_eq_canonical_or_extracted;set_code_match;rarity_match;card_name_substring_product;source_tcgcsv,card_catalog_map_candidates_20260404_001525,HIGH,0
7356,2793,539152,101,market_number_eq_canonical_or_extracted;image_basename_number_agrees;set_code_match;rarity_match;parallel_variant_no_parallel_market_penalty;card_name_substring_product;source_tcgcsv,card_catalog_map_candidates_20260404_001525,HIGH,0
7365,3897,617174,89,market_number_eq_canonical_or_extracted;image_basename_number_agrees;set_code_match;parallel_variant_no_parallel_market_penalty;card_name_substring_product;source_tcgcsv,card_catalog_map_candidates_20260404_001525,HIGH,0
7366,2805,542118,89,market_number_eq_canonical_or_extracted;set_code_match;card_name_substring_product;source_tcgcsv,card_catalog_map_candidates_20260404_001525,HIGH,0
7373,2807,542124,113,market_number_eq_canonical_or_extracted;image_basename_number_agrees;set_code_match;rarity_match;card_name_substring_product;source_tcgcsv,card_catalog_map_candidates_20260404_001525,HIGH,0
7435,4438,646571,89,market_number_eq_canonical_or_extracted;image_basename_number_agrees;set_code_match;parallel_variant_no_parallel_market_penalty;card_name_substring_product;source_tcgcsv,card_catalog_map_candidates_20260404_001525,HIGH,0
7463,4275,635311,113,market_number_eq_canonical_or_extracted;image_basename_number_agrees;set_code_match;rarity_match;card_name_substring_product;source_tcgcsv,card_catalog_map_candidates_20260404_001525,HIGH,0
7478,3898,617175,89,market_number_eq_canonical_or_extracted;image_basename_number_agrees;set_code_match;parallel_variant_no_parallel_market_penalty;card_name_substring_product;source_tcgcsv,card_catalog_map_candidates_20260404_001525,HIGH,0
7479,3138,548414,89,market_number_eq_canonical_or_extracted;set_code_match;card_name_substring_product;source_tcgcsv,card_catalog_map_candidates_20260404_001525,HIGH,0
7497,4246,634318,113,market_number_eq_canonical_or_extracted;image_basename_number_agrees;set_code_match;rarity_match;card_name_substring_product;source_tcgcsv,card_catalog_map_candidates_20260404_001525,HIGH,0
7523,3899,617176,101,market_number_eq_canonical_or_extracted;image_basename_number_agrees;set_code_match;rarity_match;parallel_variant_no_parallel_market_penalty;card_name_substring_product;source_tcgcsv,card_catalog_map_candidates_20260404_001525,HIGH,0
7525,3165,580987,113,market_number_eq_canonical_or_extracted;image_basename_number_agrees;set_code_match;rarity_match;card_name_substring_product;source_tcgcsv,card_catalog_map_candidates_20260404_001525,HIGH,0
7527,3165,580987,101,market_number_eq_canonical_or_extracted;set_code_match;rarity_match;card_name_substring_product;source_tcgcsv,card_catalog_map_candidates_20260404_001525,HIGH,0
7534,3168,580990,101,market_number_eq_canonical_or_extracted;image_basename_number_agrees;set_code_match;rarity_match;parallel_variant_no_parallel_market_penalty;card_name_substring_product;source_tcgcsv,card_catalog_map_candidates_20260404_001525,HIGH,0
7535,3168,580990,101,market_number_eq_canonical_or_extracted;image_basename_number_agrees;set_code_match;rarity_match;parallel_variant_no_parallel_market_penalty;card_name_substring_product;source_tcgcsv,card_catalog_map_candidates_20260404_001525,HIGH,0
7536,3168,580990,101,market_number_eq_canonical_or_extracted;image_basename_number_agrees;set_code_match;rarity_match;parallel_variant_no_parallel_market_penalty;card_name_substring_product;source_tcgcsv,card_catalog_map_candidates_20260404_001525,HIGH,0
7537,3168,580990,101,market_number_eq_canonical_or_extracted;image_basename_number_agrees;set_code_match;rarity_match;parallel_variant_no_parallel_market_penalty;card_name_substring_product;source_tcgcsv,card_catalog_map_candidates_20260404_001525,HIGH,0
7540,3183,581001,103,market_number_eq_canonical_or_extracted;image_basename_number_agrees;set_code_match;rarity_match;source_tcgcsv,card_catalog_map_candidates_20260404_001525,HIGH,0
7541,3183,581001,91,market_number_eq_canonical_or_extracted;set_code_match;rarity_match;source_tcgcsv,card_catalog_map_candidates_20260404_001525,HIGH,0
7550,4170,632508,101,market_number_eq_canonical_or_extracted;image_basename_number_agrees;set_code_match;rarity_match;parallel_variant_no_parallel_market_penalty;card_name_substring_product;source_tcgcsv,card_catalog_map_candidates_20260404_001525,HIGH,0
7552,3186,581004,113,market_number_eq_canonical_or_extracted;image_basename_number_agrees;set_code_match;rarity_match;card_name_substring_product;source_tcgcsv,card_catalog_map_candidates_20260404_001525,HIGH,0
7554,3186,581004,113,market_number_eq_canonical_or_extracted;image_basename_number_agrees;set_code_match;rarity_match;card_name_substring_product;source_tcgcsv,card_catalog_map_candidates_20260404_001525,HIGH,0
7564,3197,581017,113,market_number_eq_canonical_or_extracted;image_basename_number_agrees;set_code_match;rarity_match;card_name_substring_product;source_tcgcsv,card_catalog_map_candidates_20260404_001525,HIGH,0
7568,3198,581018,101,market_number_eq_canonical_or_extracted;image_basename_number_agrees;set_code_match;rarity_match;parallel_variant_no_parallel_market_penalty;card_name_substring_product;source_tcgcsv,card_catalog_map_candidates_20260404_001525,HIGH,0
7569,3198,581018,101,market_number_eq_canonical_or_extracted;image_basename_number_agrees;set_code_match;rarity_match;parallel_variant_no_parallel_market_penalty;card_name_substring_product;source_tcgcsv,card_catalog_map_candidates_20260404_001525,HIGH,0
7571,3198,581018,101,market_number_eq_canonical_or_extracted;image_basename_number_agrees;set_code_match;rarity_match;parallel_variant_no_parallel_market_penalty;card_name_substring_product;source_tcgcsv,card_catalog_map_candidates_20260404_001525,HIGH,0
7575,3199,581019,113,market_number_eq_canonical_or_extracted;image_basename_number_agrees;set_code_match;rarity_match;card_name_substring_product;source_tcgcsv,card_catalog_map_candidates_20260404_001525,HIGH,0
7576,3199,581019,101,market_number_eq_canonical_or_extracted;set_code_match;rarity_match;card_name_substring_product;source_tcgcsv,card_catalog_map_candidates_20260404_001525,HIGH,0
7580,3200,581020,101,market_number_eq_canonical_or_extracted;image_basename_number_agrees;set_code_match;rarity_match;parallel_variant_no_parallel_market_penalty;card_name_substring_product;source_tcgcsv,card_catalog_map_candidates_20260404_001525,HIGH,0
7584,3900,617177,101,market_number_eq_canonical_or_extracted;image_basename_number_agrees;set_code_match;rarity_match;parallel_variant_no_parallel_market_penalty;card_name_substring_product;source_tcgcsv,card_catalog_map_candidates_20260404_001525,HIGH,0
7587,3214,581031,113,market_number_eq_canonical_or_extracted;image_basename_number_agrees;set_code_match;rarity_match;card_name_substring_product;source_tcgcsv,card_catalog_map_candidates_20260404_001525,HIGH,0
7589,3214,581031,101,market_number_eq_canonical_or_extracted;set_code_match;rarity_match;card_name_substring_product;source_tcgcsv,card_catalog_map_candidates_20260404_001525,HIGH,0
7593,3215,581032,101,market_number_eq_canonical_or_extracted;image_basename_number_agrees;set_code_match;rarity_match;parallel_variant_no_parallel_market_penalty;card_name_substring_product;source_tcgcsv,card_catalog_map_candidates_20260404_001525,HIGH,0
7597,3216,581033,101,market_number_eq_canonical_or_extracted;image_basename_number_agrees;set_code_match;rarity_match;parallel_variant_no_parallel_market_penalty;card_name_substring_product;source_tcgcsv,card_catalog_map_candidates_20260404_001525,HIGH,0
7602,3742,600658,89,market_number_eq_canonical_or_extracted;image_basename_number_agrees;set_code_match;parallel_variant_no_parallel_market_penalty;card_name_substring_product;source_tcgcsv,card_catalog_map_candidates_20260404_001525,HIGH,0
7603,4436,646566,89,market_number_eq_canonical_or_extracted;image_basename_number_agrees;set_code_match;parallel_variant_no_parallel_market_penalty;card_name_substring_product;source_tcgcsv,card_catalog_map_candidates_20260404_001525,HIGH,0
7604,3217,581034,101,market_number_eq_canonical_or_extracted;image_basename_number_agrees;set_code_match;card_name_substring_product;source_tcgcsv,card_catalog_map_candidates_20260404_001525,HIGH,0
7607,4171,632509,89,market_number_eq_canonical_or_extracted;image_basename_number_agrees;set_code_match;parallel_variant_no_parallel_market_penalty;card_name_substring_product;source_tcgcsv,card_catalog_map_candidates_20260404_001525,HIGH,0
7608,3218,581035,101,market_number_eq_canonical_or_extracted;image_basename_number_agrees;set_code_match;card_name_substring_product;source_tcgcsv,card_catalog_map_candidates_20260404_001525,HIGH,0
7613,3232,581047,101,market_number_eq_canonical_or_extracted;image_basename_number_agrees;set_code_match;rarity_match;parallel_variant_no_parallel_market_penalty;card_name_substring_product;source_tcgcsv,card_catalog_map_candidates_20260404_001525,HIGH,0
7614,3232,581047,101,market_number_eq_canonical_or_extracted;image_basename_number_agrees;set_code_match;rarity_match;parallel_variant_no_parallel_market_penalty;card_name_substring_product;source_tcgcsv,card_catalog_map_candidates_20260404_001525,HIGH,0
7708,4630,647684,131,market_number_eq_canonical_or_extracted;image_basename_number_agrees;set_code_match;rarity_match;parallel_token_in_market_fields;card_name_substring_product;source_tcgcsv,card_catalog_map_candidates_20260404_001525,HIGH,0
7712,4632,647686,121,market_number_eq_canonical_or_extracted;image_basename_number_agrees;set_code_match;rarity_match;parallel_token_in_market_fields;source_tcgcsv,card_catalog_map_candidates_20260404_001525,HIGH,0
7716,4634,647688,131,market_number_eq_canonical_or_extracted;image_basename_number_agrees;set_code_match;rarity_match;parallel_token_in_market_fields;card_name_substring_product;source_tcgcsv,card_catalog_map_candidates_20260404_001525,HIGH,0
7721,4636,647690,131,market_number_eq_canonical_or_extracted;image_basename_number_agrees;set_code_match;rarity_match;parallel_token_in_market_fields;card_name_substring_product;source_tcgcsv,card_catalog_map_candidates_20260404_001525,HIGH,0
7725,4638,647692,131,market_number_eq_canonical_or_extracted;image_basename_number_agrees;set_code_match;rarity_match;parallel_token_in_market_fields;card_name_substring_product;source_tcgcsv,card_catalog_map_candidates_20260404_001525,HIGH,0
7729,4640,647694,131,market_number_eq_canonical_or_extracted;image_basename_number_agrees;set_code_match;rarity_match;parallel_token_in_market_fields;card_name_substring_product;source_tcgcsv,card_catalog_map_candidates_20260404_001525,HIGH,0
7733,4642,647696,131,market_number_eq_canonical_or_extracted;image_basename_number_agrees;set_code_match;rarity_match;parallel_token_in_market_fields;card_name_substring_product;source_tcgcsv,card_catalog_map_candidates_20260404_001525,HIGH,0
7737,4644,647698,131,market_number_eq_canonical_or_extracted;image_basename_number_agrees;set_code_match;rarity_match;parallel_token_in_market_fields;card_name_substring_product;source_tcgcsv,card_catalog_map_candidates_20260404_001525,HIGH,0
7741,4646,647700,131,market_number_eq_canonical_or_extracted;image_basename_number_agrees;set_code_match;rarity_match;parallel_token_in_market_fields;card_name_substring_product;source_tcgcsv,card_catalog_map_candidates_20260404_001525,HIGH,0
7745,4648,647702,131,market_number_eq_canonical_or_extracted;image_basename_number_agrees;set_code_match;rarity_match;parallel_token_in_market_fields;card_name_substring_product;source_tcgcsv,card_catalog_map_candidates_20260404_001525,HIGH,0
7749,4650,647704,131,market_number_eq_canonical_or_extracted;image_basename_number_agrees;set_code_match;rarity_match;parallel_token_in_market_fields;card_name_substring_product;source_tcgcsv,card_catalog_map_candidates_20260404_001525,HIGH,0
7753,4652,647706,131,market_number_eq_canonical_or_extracted;image_basename_number_agrees;set_code_match;rarity_match;parallel_token_in_market_fields;card_name_substring_product;source_tcgcsv,card_catalog_map_candidates_20260404_001525,HIGH,0
7757,4654,647708,131,market_number_eq_canonical_or_extracted;image_basename_number_agrees;set_code_match;rarity_match;parallel_token_in_market_fields;card_name_substring_product;source_tcgcsv,card_catalog_map_candidates_20260404_001525,HIGH,0
7761,4656,647710,131,market_number_eq_canonical_or_extracted;image_basename_number_agrees;set_code_match;rarity_match;parallel_token_in_market_fields;card_name_substring_product;source_tcgcsv,card_catalog_map_candidates_20260404_001525,HIGH,0
7826,5369,671547,139,market_number_eq_canonical_or_extracted;image_basename_number_agrees;set_code_match;rarity_match;parallel_token_in_market_fields;parallel_index_loose_in_name;card_name_substring_product;source_tcgcsv,card_catalog_map_candidates_20260404_001525,HIGH,0
