card_variant_id,card_variants_card_id,card_canonical_code,card_card_code,card_name,card_rarity,card_source,candidate_market_product_pk,candidate_market_product_external_id,candidate_product_name,candidate_clean_name,candidate_ext_number,candidate_rarity,candidate_subtype,candidate_source_name,match_confidence,match_score,match_reasons,needs_manual_review,derived_number_key,derived_set_key,pool_size,scored_candidates,cv_variant_key,cv_variant_label,cv_source,cv_print_id,cv_image_path,cv_image_url,cv_release_set_code,cv_is_base,cv_official_provenance
4,1,EB01-001,,Kouzuki Oden,L,,3907,629086,Kouzuki Oden (SP),Kouzuki Oden SP,EB01-001,L,,tcgcsv,high,101,market_number_eq_canonical_or_extracted;image_basename_number_agrees;set_code_match;rarity_match;parallel_variant_no_parallel_market_penalty;card_name_substring_product;source_tcgcsv,0,EB01-001,EB02,3,3,parallel_2,Parallel 2,official-cardlist,EB01-001_p2,EB02/parallel/EB01-001_p2.png,https://en.onepiece-cardgame.com/images/cardlist/card/EB01-001_p2.png?260305,EB02,0,-Anime 25th Collection- [EB-02]
15,3,EB01-003,,Kid & Killer,R,OP14,5235,671449,Kid & Killer - EB01-003 (SP),Kid and Killer EB01 003 SP,EB01-003,R,,tcgcsv,high,101,market_number_eq_canonical_or_extracted;image_basename_number_agrees;set_code_match;rarity_match;parallel_variant_no_parallel_market_penalty;card_name_substring_product;source_tcgcsv,0,EB01-003,OP14,10,10,parallel_5,Parallel 5,official-cardlist,EB01-003_p5,OP14/parallel/EB01-003_p5.png,https://en.onepiece-cardgame.com/images/cardlist/card/EB01-003_p5.png?260305,OP14,0,-THE AZURE SEA’S SEVEN- [OP14-EB04]
28,6,EB01-006,,Tony Tony.Chopper,SR,,3372,587962,Tony Tony.Chopper (EB01-006) (Manga),Tony TonyChopper EB01 006 Manga,EB01-006,SR,,tcgcsv,high,113,market_number_eq_canonical_or_extracted;image_basename_number_agrees;set_code_match;rarity_match;card_name_substring_product;source_tcgcsv,0,EB01-006,PRB01,5,5,r1,R1,official-cardlist,EB01-006_r1,PRB01/reprint/EB01-006_r1.png,https://en.onepiece-cardgame.com/images/cardlist/card/EB01-006_r1.png?260305,PRB01,0,-ONE PIECE CARD THE BEST- [PRB-01]
31,7,EB01-007,,Yamato,C,,2719,544533,Yamato,Yamato,EB01-007,C,,tcgcsv,high,101,market_number_eq_canonical_or_extracted;image_basename_number_agrees;set_code_match;rarity_match;parallel_variant_no_parallel_market_penalty;card_name_substring_product;source_tcgcsv,0,EB01-007,EB01,2,2,parallel_1,Parallel 1,official-cardlist,EB01-007_p1,BCV4/parallel/EB01-007_p1.png,https://en.onepiece-cardgame.com/images/cardlist/card/EB01-007_p1.png?260305,EB01,0,Premium Card Collection -Best Selection Vol.4-
48,12,EB01-012,,Cavendish,SR,,4786,655981,Cavendish - EB01-012 (Reprint),Cavendish EB01 012 Reprint,EB01-012,SR,,tcgcsv,high,113,market_number_eq_canonical_or_extracted;image_basename_number_agrees;set_code_match;rarity_match;card_name_substring_product;source_tcgcsv,0,EB01-012,PRB02,4,4,r1,R1,official-cardlist,EB01-012_r1,PRB02/reprint/EB01-012_r1.png,https://en.onepiece-cardgame.com/images/cardlist/card/EB01-012_r1.png?260305,PRB02,0,-ONE PIECE CARD THE BEST vol.2- [PRB-02]
55,14,EB01-014,,Sanji,R,,2728,544542,Sanji,Sanji,EB01-014,R,,tcgcsv,high,101,market_number_eq_canonical_or_extracted;set_code_match;rarity_match;card_name_substring_product;source_tcgcsv,0,EB01-014,EB01,4,4,alt,Alt,local-catalog,EB01-014::alt,thumbs/EB01-014alt.webp,,EB01,0,
56,14,EB01-014,,Sanji,R,,2728,544542,Sanji,Sanji,EB01-014,R,,tcgcsv,high,101,market_number_eq_canonical_or_extracted;image_basename_number_agrees;set_code_match;rarity_match;parallel_variant_no_parallel_market_penalty;card_name_substring_product;source_tcgcsv,0,EB01-014,EB01,4,4,parallel_1,Parallel 1,official-cardlist,EB01-014_p1,CS2526CP/parallel/EB01-014_p1.png,https://en.onepiece-cardgame.com/images/cardlist/card/EB01-014_p1.png?260305,EB01,0,CS 25-26 Celebration Pack
59,15,EB01-015,,Scratchmen Apoo,R,,2729,544543,Scratchmen Apoo,Scratchmen Apoo,EB01-015,R,,tcgcsv,high,101,market_number_eq_canonical_or_extracted;set_code_match;rarity_match;card_name_substring_product;source_tcgcsv,0,EB01-015,EB01,7,7,alt,Alt,local-catalog,EB01-015::alt,thumbs/EB01-015alt.webp,,EB01,0,
60,15,EB01-015,,Scratchmen Apoo,R,,2729,544543,Scratchmen Apoo,Scratchmen Apoo,EB01-015,R,,tcgcsv,high,101,market_number_eq_canonical_or_extracted;image_basename_number_agrees;set_code_match;rarity_match;parallel_variant_no_parallel_market_penalty;card_name_substring_product;source_tcgcsv,0,EB01-015,EB01,7,7,parallel_1,Parallel 1,official-cardlist,EB01-015_p1,TK2025V2/parallel/EB01-015_p1.png,https://en.onepiece-cardgame.com/images/cardlist/card/EB01-015_p1.png?260305,EB01,0,Tournament Kit 2025 Vol.2
61,15,EB01-015,,Scratchmen Apoo,R,,2729,544543,Scratchmen Apoo,Scratchmen Apoo,EB01-015,R,,tcgcsv,high,101,market_number_eq_canonical_or_extracted;image_basename_number_agrees;set_code_match;rarity_match;parallel_variant_no_parallel_market_penalty;card_name_substring_product;source_tcgcsv,0,EB01-015,EB01,7,7,parallel_2,Parallel 2,official-cardlist,EB01-015_p2,_unclassified/parallel/EB01-015_p2.png,https://en.onepiece-cardgame.com/images/cardlist/card/EB01-015_p2.png?260305,EB01,0,Winner Pack 2025 Vol.2
62,15,EB01-015,,Scratchmen Apoo,R,,4198,634598,Scratchmen Apoo (Reprint),Scratchmen Apoo Reprint,EB01-015,R,,tcgcsv,high,101,market_number_eq_canonical_or_extracted;image_basename_number_agrees;set_code_match;rarity_match;parallel_variant_no_parallel_market_penalty;card_name_substring_product;source_tcgcsv,0,EB01-015,ST24,7,7,parallel_3,Parallel 3,official-cardlist,EB01-015_p3,ST24/parallel/EB01-015_p3.png,https://en.onepiece-cardgame.com/images/cardlist/card/EB01-015_p3.png?260305,ST24,0,-GREEN Jewelry Bonney- [ST-24]
63,15,EB01-015,,Scratchmen Apoo,R,,2729,544543,Scratchmen Apoo,Scratchmen Apoo,EB01-015,R,,tcgcsv,high,101,market_number_eq_canonical_or_extracted;image_basename_number_agrees;set_code_match;rarity_match;parallel_variant_no_parallel_market_penalty;card_name_substring_product;source_tcgcsv,0,EB01-015,EB01,7,7,parallel_4,Parallel 4,official-cardlist,EB01-015_p4,CS2526CP/parallel/EB01-015_p4.png,https://en.onepiece-cardgame.com/images/cardlist/card/EB01-015_p4.png?260305,EB01,0,CS 25-26 Celebration Pack
65,15,EB01-015,,Scratchmen Apoo,R,,2729,544543,Scratchmen Apoo,Scratchmen Apoo,EB01-015,R,,tcgcsv,high,113,market_number_eq_canonical_or_extracted;image_basename_number_agrees;set_code_match;rarity_match;card_name_substring_product;source_tcgcsv,0,EB01-015,EB01,7,7,alt,Prb02,local-catalog,EB01-015::prb02,thumbs/EB01-015(PRB02).webp,,EB01,0,
83,21,EB01-021,,Hannyabal,L,,3908,629087,Hannyabal (SP),Hannyabal SP,EB01-021,L,,tcgcsv,high,101,market_number_eq_canonical_or_extracted;image_basename_number_agrees;set_code_match;rarity_match;parallel_variant_no_parallel_market_penalty;card_name_substring_product;source_tcgcsv,0,EB01-021,EB02,3,3,parallel_2,Parallel 2,official-cardlist,EB01-021_p2,EB02/parallel/EB01-021_p2.png,https://en.onepiece-cardgame.com/images/cardlist/card/EB01-021_p2.png?260305,EB02,0,-Anime 25th Collection- [EB-02]
90,23,EB01-023,,Edward Weevil,R,EB01,5111,670645,Edward Weevil - EB01-023 (SP),Edward Weevil EB01 023 SP,EB01-023,R,,tcgcsv,high,101,market_number_eq_canonical_or_extracted;image_basename_number_agrees;set_code_match;rarity_match;parallel_variant_no_parallel_market_penalty;card_name_substring_product;source_tcgcsv,0,EB01-023,OP14,4,4,parallel_1,Parallel 1,official-cardlist,EB01-023_p1,EB04/parallel/EB01-023_p1.png,https://en.onepiece-cardgame.com/images/cardlist/card/EB01-023_p1.png?260305,OP14,0,-THE AZURE SEA’S SEVEN- [OP14-EB04]
91,23,EB01-023,,Edward Weevil,R,EB01,2739,544553,Edward Weevil,Edward Weevil,EB01-023,R,,tcgcsv,high,101,market_number_eq_canonical_or_extracted;image_basename_number_agrees;set_code_match;rarity_match;parallel_variant_no_parallel_market_penalty;card_name_substring_product;source_tcgcsv,0,EB01-023,EB01,4,4,parallel_2,Parallel 2,official-cardlist,EB01-023_p2,SWBS01/parallel/EB01-023_p2.png,https://en.onepiece-cardgame.com/images/cardlist/card/EB01-023_p2.png?260305,EB01,0,Seven Warlords of the Sea Binder Set
92,23,EB01-023,,Edward Weevil,R,EB01,2739,544553,Edward Weevil,Edward Weevil,EB01-023,R,,tcgcsv,high,113,market_number_eq_canonical_or_extracted;image_basename_number_agrees;set_code_match;rarity_match;card_name_substring_product;source_tcgcsv,0,EB01-023,EB01,4,4,sp,SP,local-catalog,EB01-023::sp,thumbs/EB01-023(SP).webp,,EB01,0,
137,40,EB01-040,,Kyros,L,,3909,629088,Kyros (SP),Kyros SP,EB01-040,L,,tcgcsv,high,101,market_number_eq_canonical_or_extracted;image_basename_number_agrees;set_code_match;rarity_match;parallel_variant_no_parallel_market_penalty;card_name_substring_product;source_tcgcsv,0,EB01-040,EB02,3,3,parallel_2,Parallel 2,official-cardlist,EB01-040_p2,EB02/parallel/EB01-040_p2.png,https://en.onepiece-cardgame.com/images/cardlist/card/EB01-040_p2.png?260305,EB02,0,-Anime 25th Collection- [EB-02]
144,43,EB01-043,,Spandine,R,,2763,544577,Spandine,Spandine,EB01-043,R,,tcgcsv,high,113,market_number_eq_canonical_or_extracted;image_basename_number_agrees;set_code_match;rarity_match;card_name_substring_product;source_tcgcsv,0,EB01-043,EB01,7,7,promo,2Nd Anniversary Alt,local-catalog,EB01-043::2nd anniversary alt,thumbs/EB01-043(2nd anniversary alt).webp,,EB01,0,
145,43,EB01-043,,Spandine,R,,2763,544577,Spandine,Spandine,EB01-043,R,,tcgcsv,high,101,market_number_eq_canonical_or_extracted;set_code_match;rarity_match;card_name_substring_product;source_tcgcsv,0,EB01-043,EB01,7,7,alt,Alt,local-catalog,EB01-043::alt,thumbs/EB01-043alt.webp,,EB01,0,
146,43,EB01-043,,Spandine,R,,2763,544577,Spandine,Spandine,EB01-043,R,,tcgcsv,high,101,market_number_eq_canonical_or_extracted;image_basename_number_agrees;set_code_match;rarity_match;parallel_variant_no_parallel_market_penalty;card_name_substring_product;source_tcgcsv,0,EB01-043,EB01,7,7,parallel_1,Parallel 1,official-cardlist,EB01-043_p1,ORP2025V1/parallel/EB01-043_p1.png,https://en.onepiece-cardgame.com/images/cardlist/card/EB01-043_p1.png?260305,EB01,0,Offline Regional Participation Pack 2025 Vol.1
147,43,EB01-043,,Spandine,R,,2763,544577,Spandine,Spandine,EB01-043,R,,tcgcsv,high,101,market_number_eq_canonical_or_extracted;image_basename_number_agrees;set_code_match;rarity_match;parallel_variant_no_parallel_market_penalty;card_name_substring_product;source_tcgcsv,0,EB01-043,EB01,7,7,parallel_2,Parallel 2,official-cardlist,EB01-043_p2,ORFC2526S1/parallel/EB01-043_p2.png,https://en.onepiece-cardgame.com/images/cardlist/card/EB01-043_p2.png?260305,EB01,0,Offline Regional Finalist Card Set 25-26 Season 1
148,43,EB01-043,,Spandine,R,,2763,544577,Spandine,Spandine,EB01-043,R,,tcgcsv,high,101,market_number_eq_canonical_or_extracted;image_basename_number_agrees;set_code_match;rarity_match;parallel_variant_no_parallel_market_penalty;card_name_substring_product;source_tcgcsv,0,EB01-043,EB01,7,7,parallel_3,Parallel 3,official-cardlist,EB01-043_p3,_unclassified/parallel/EB01-043_p3.png,https://en.onepiece-cardgame.com/images/cardlist/card/EB01-043_p3.png?260305,EB01,0,Offline Regional Champion Card Set 25-26 Season 1
149,43,EB01-043,,Spandine,R,,2763,544577,Spandine,Spandine,EB01-043,R,,tcgcsv,high,101,market_number_eq_canonical_or_extracted;image_basename_number_agrees;set_code_match;rarity_match;parallel_variant_no_parallel_market_penalty;card_name_substring_product;source_tcgcsv,0,EB01-043,EB01,7,7,parallel_4,Parallel 4,official-cardlist,EB01-043_p4,_unclassified/parallel/EB01-043_p4.png,https://en.onepiece-cardgame.com/images/cardlist/card/EB01-043_p4.png?260305,EB01,0,Online Regional Participation Pack 25-26 Season 1
150,43,EB01-043,,Spandine,R,,2763,544577,Spandine,Spandine,EB01-043,R,,tcgcsv,high,101,market_number_eq_canonical_or_extracted;image_basename_number_agrees;set_code_match;rarity_match;parallel_variant_no_parallel_market_penalty;card_name_substring_product;source_tcgcsv,0,EB01-043,EB01,7,7,parallel_5,Parallel 5,official-cardlist,EB01-043_p5,_unclassified/parallel/EB01-043_p5.png,https://en.onepiece-cardgame.com/images/cardlist/card/EB01-043_p5.png?260305,EB01,0,Online Regional Finalist Card Set 25-26 Season 1
151,43,EB01-043,,Spandine,R,,2763,544577,Spandine,Spandine,EB01-043,R,,tcgcsv,high,101,market_number_eq_canonical_or_extracted;image_basename_number_agrees;set_code_match;rarity_match;parallel_variant_no_parallel_market_penalty;card_name_substring_product;source_tcgcsv,0,EB01-043,EB01,7,7,parallel_6,Parallel 6,official-cardlist,EB01-043_p6,_unclassified/parallel/EB01-043_p6.png,https://en.onepiece-cardgame.com/images/cardlist/card/EB01-043_p6.png?260305,EB01,0,Online Regional Champion Card Set 25-26 Season 1
160,46,EB01-046,,Brook,SR,,4793,655988,Brook - EB01-046 (Reprint),Brook EB01 046 Reprint,EB01-046,SR,,tcgcsv,high,113,market_number_eq_canonical_or_extracted;image_basename_number_agrees;set_code_match;rarity_match;card_name_substring_product;source_tcgcsv,0,EB01-046,PRB02,3,3,r1,R1,official-cardlist,EB01-046_r1,PRB02/reprint/EB01-046_r1.png,https://en.onepiece-cardgame.com/images/cardlist/card/EB01-046_r1.png?260305,PRB02,0,-ONE PIECE CARD THE BEST vol.2- [PRB-02]
168,48,EB01-048,,Laboon,SR,,4795,655990,Laboon (Reprint),Laboon Reprint,EB01-048,SR,,tcgcsv,high,113,market_number_eq_canonical_or_extracted;image_basename_number_agrees;set_code_match;rarity_match;card_name_substring_product;source_tcgcsv,0,EB01-048,PRB02,4,4,r1,R1,official-cardlist,EB01-048_r1,PRB02/reprint/EB01-048_r1.png,https://en.onepiece-cardgame.com/images/cardlist/card/EB01-048_r1.png?260305,PRB02,0,-ONE PIECE CARD THE BEST vol.2- [PRB-02]
178,51,EB01-051,,Finger Pistol,R,,2774,544588,Finger Pistol,Finger Pistol,EB01-051,R,,tcgcsv,high,113,market_number_eq_canonical_or_extracted;image_basename_number_agrees;set_code_match;rarity_match;card_name_substring_product;source_tcgcsv,0,EB01-051,EB01,3,3,alt,Prb02,local-catalog,EB01-051::prb02,thumbs/EB01-051(PRB02).webp,,EB01,0,
194,56,EB01-056,,Charlotte Flampe,R,,3751,617028,Charlotte Flampe (SP),Charlotte Flampe SP,EB01-056,R,,tcgcsv,high,101,market_number_eq_canonical_or_extracted;image_basename_number_agrees;set_code_match;rarity_match;parallel_variant_no_parallel_market_penalty;card_name_substring_product;source_tcgcsv,0,EB01-056,OP10,3,3,parallel_2,Parallel 2,official-cardlist,EB01-056_p2,OP10/parallel/EB01-056_p2.png,https://en.onepiece-cardgame.com/images/cardlist/card/EB01-056_p2.png?260305,OP10,0,-ROYAL BLOOD- [OP-10]
200,57,EB01-057,,Shirahoshi,SR,EB01,4164,632502,Shirahoshi (SP),Shirahoshi SP,EB01-057,SR,,tcgcsv,high,101,market_number_eq_canonical_or_extracted;image_basename_number_agrees;set_code_match;rarity_match;parallel_variant_no_parallel_market_penalty;card_name_substring_product;source_tcgcsv,0,EB01-057,OP11,4,4,parallel_2,Parallel 2,official-cardlist,EB01-057_p2,OP11/parallel/EB01-057_p2.png,https://en.onepiece-cardgame.com/images/cardlist/card/EB01-057_p2.png?260305,OP11,0,-A FIST OF DIVINE SPEED- [OP-11]
201,57,EB01-057,,Shirahoshi,SR,EB01,4798,655993,Shirahoshi (Reprint),Shirahoshi Reprint,EB01-057,SR,,tcgcsv,high,113,market_number_eq_canonical_or_extracted;image_basename_number_agrees;set_code_match;rarity_match;card_name_substring_product;source_tcgcsv,0,EB01-057,PRB02,4,4,r1,R1,official-cardlist,EB01-057_r1,PRB02/reprint/EB01-057_r1.png,https://en.onepiece-cardgame.com/images/cardlist/card/EB01-057_r1.png?260305,PRB02,0,-ONE PIECE CARD THE BEST vol.2- [PRB-02]
215,61,EB01-061,,Mr.2.Bon.Kurei(Bentham),SEC,,4801,655996,Mr.2.Bon.Kurei (Bentham) (Reprint),Mr2BonKurei Bentham Reprint,EB01-061,SEC,,tcgcsv,high,109,market_number_eq_canonical_or_extracted;image_basename_number_agrees;set_code_match;rarity_match;name_token_overlap;source_tcgcsv,0,EB01-061,PRB02,3,3,r1,R1,official-cardlist,EB01-061_r1,PRB02/reprint/EB01-061_r1.png,https://en.onepiece-cardgame.com/images/cardlist/card/EB01-061_r1.png?260305,PRB02,0,-ONE PIECE CARD THE BEST vol.2- [PRB-02]
220,63,EB02-002,,Sabo,R,,3911,629090,Sabo,Sabo,EB02-002,R,,tcgcsv,high,113,market_number_eq_canonical_or_extracted;image_basename_number_agrees;set_code_match;rarity_match;card_name_substring_product;source_tcgcsv,0,EB02-002,EB02,1,1,promo,Cn,local-catalog,EB02-002::cn,thumbs/EB02-002(CN).webp,,EB02,0,
274,80,EB02-019,,Roronoa Zoro,R,,3934,629113,Roronoa Zoro,Roronoa Zoro,EB02-019,R,,tcgcsv,high,113,market_number_eq_canonical_or_extracted;image_basename_number_agrees;set_code_match;rarity_match;card_name_substring_product;source_tcgcsv,0,EB02-019,EB02,3,3,alt,Alt Art 1,local-catalog,EB02-019::alt art 1,thumbs/EB02-019(Alt1).webp,,EB02,0,
275,80,EB02-019,,Roronoa Zoro,R,,3934,629113,Roronoa Zoro,Roronoa Zoro,EB02-019,R,,tcgcsv,high,113,market_number_eq_canonical_or_extracted;image_basename_number_agrees;set_code_match;rarity_match;card_name_substring_product;source_tcgcsv,0,EB02-019,EB02,3,3,alt,Alt Art 2,local-catalog,EB02-019::alt art 2,thumbs/EB02-019(Alt2).webp,,EB02,0,
276,80,EB02-019,,Roronoa Zoro,R,,3934,629113,Roronoa Zoro,Roronoa Zoro,EB02-019,R,,tcgcsv,high,101,market_number_eq_canonical_or_extracted;image_basename_number_agrees;set_code_match;rarity_match;parallel_variant_no_parallel_market_penalty;card_name_substring_product;source_tcgcsv,0,EB02-019,EB02,3,3,parallel_1,Parallel 1,official-cardlist,EB02-019_p1,TP2025V3/parallel/EB02-019_p1.png,https://en.onepiece-cardgame.com/images/cardlist/card/EB02-019_p1.png?260305,EB02,0,Tournament Pack 2025 Vol. 3
277,80,EB02-019,,Roronoa Zoro,R,,3934,629113,Roronoa Zoro,Roronoa Zoro,EB02-019,R,,tcgcsv,high,101,market_number_eq_canonical_or_extracted;image_basename_number_agrees;set_code_match;rarity_match;parallel_variant_no_parallel_market_penalty;card_name_substring_product;source_tcgcsv,0,EB02-019,EB02,3,3,parallel_2,Parallel 2,official-cardlist,EB02-019_p2,_unclassified/parallel/EB02-019_p2.png,https://en.onepiece-cardgame.com/images/cardlist/card/EB02-019_p2.png?260305,EB02,0,Winner Pack 2025 Vol. 3
303,89,EB02-028,,Portgas.D.Ace,R,OP13,4450,654923,Portgas.D.Ace - EB02-028 (SP),PortgasDAce EB02 028 SP,EB02-028,R,,tcgcsv,high,101,market_number_eq_canonical_or_extracted;image_basename_number_agrees;set_code_match;rarity_match;parallel_variant_no_parallel_market_penalty;card_name_substring_product;source_tcgcsv,0,EB02-028,OP13,2,2,parallel_1,Parallel 1,official-cardlist,EB02-028_p1,OP13/parallel/EB02-028_p1.png,https://en.onepiece-cardgame.com/images/cardlist/card/EB02-028_p1.png?260305,OP13,0,-CARRYING ON HIS WILL- [OP-13]
304,89,EB02-028,,Portgas.D.Ace,R,OP13,3945,629124,Portgas.D.Ace,PortgasDAce,EB02-028,R,,tcgcsv,high,113,market_number_eq_canonical_or_extracted;image_basename_number_agrees;set_code_match;rarity_match;card_name_substring_product;source_tcgcsv,0,EB02-028,EB02,2,2,sp,SP,local-catalog,EB02-028::sp,thumbs/EB02-028(SP).webp,,EB02,0,
335,102,EB02-041,,Merry Go,R,,3960,629139,Merry Go (041),Merry Go 041,EB02-041,R,,tcgcsv,high,101,market_number_eq_canonical_or_extracted;image_basename_number_agrees;set_code_match;rarity_match;parallel_variant_no_parallel_market_penalty;card_name_substring_product;source_tcgcsv,0,EB02-041,EB02,3,3,parallel_1,Parallel 1,official-cardlist,EB02-041_p1,BCV5/parallel/EB02-041_p1.png,https://en.onepiece-cardgame.com/images/cardlist/card/EB02-041_p1.png?260305,EB02,0,Premium Card Collection -Best Selection Vol.5-
336,102,EB02-041,,Merry Go,R,,3960,629139,Merry Go (041),Merry Go 041,EB02-041,R,,tcgcsv,high,113,market_number_eq_canonical_or_extracted;image_basename_number_agrees;set_code_match;rarity_match;card_name_substring_product;source_tcgcsv,0,EB02-041,EB02,3,3,promo,Premiumvol 5,local-catalog,EB02-041::premiumvol 5,thumbs/EB02-041(PremiumVol.5).webp,,EB02,0,
377,116,EB02-055,,Jinbe,R,,3979,629158,Jinbe,Jinbe,EB02-055,R,,tcgcsv,high,101,market_number_eq_canonical_or_extracted;image_basename_number_agrees;set_code_match;rarity_match;parallel_variant_no_parallel_market_penalty;card_name_substring_product;source_tcgcsv,0,EB02-055,EB02,3,3,parallel_1,Parallel 1,official-cardlist,EB02-055_p1,TP2025V3/parallel/EB02-055_p1.png,https://en.onepiece-cardgame.com/images/cardlist/card/EB02-055_p1.png?260305,EB02,0,Tournament Pack 2025 Vol. 3
378,116,EB02-055,,Jinbe,R,,3979,629158,Jinbe,Jinbe,EB02-055,R,,tcgcsv,high,101,market_number_eq_canonical_or_extracted;image_basename_number_agrees;set_code_match;rarity_match;parallel_variant_no_parallel_market_penalty;card_name_substring_product;source_tcgcsv,0,EB02-055,EB02,3,3,parallel_2,Parallel 2,official-cardlist,EB02-055_p2,_unclassified/parallel/EB02-055_p2.png,https://en.onepiece-cardgame.com/images/cardlist/card/EB02-055_p2.png?260305,EB02,0,Winner Pack 2025 Vol. 3
379,116,EB02-055,,Jinbe,R,,3979,629158,Jinbe,Jinbe,EB02-055,R,,tcgcsv,high,113,market_number_eq_canonical_or_extracted;image_basename_number_agrees;set_code_match;rarity_match;card_name_substring_product;source_tcgcsv,0,EB02-055,EB02,3,3,promo,Standardbattlevol11,local-catalog,EB02-055::standardbattlevol11,thumbs/EB02-055(StandardBattleVol11).webp,,EB02,0,
708,246,OP01-001,,Monkey D. Luffy,L,,328,454513,Roronoa Zoro (001) (Parallel),Roronoa Zoro 001 Parallel,OP01-001,L,Parallel,tcgcsv,high,129,market_number_eq_canonical_or_extracted;image_basename_number_agrees;set_code_match;rarity_match;parallel_token_in_market_fields;parallel_index_loose_in_name;source_tcgcsv,0,OP01-001,OP01,3,3,parallel_1,Parallel 1,official-cardlist,OP01-001_p1,OP01/parallel/OP01-001_p1.png,https://en.onepiece-cardgame.com/images/cardlist/card/OP01-001_p1.png?260305,OP01,0,
709,246,OP01-001,,Monkey D. Luffy,L,,328,454513,Roronoa Zoro (001) (Parallel),Roronoa Zoro 001 Parallel,OP01-001,L,Parallel,tcgcsv,high,121,market_number_eq_canonical_or_extracted;image_basename_number_agrees;set_code_match;rarity_match;parallel_token_in_market_fields;source_tcgcsv,0,OP01-001,OP01,3,3,parallel_2,Parallel 2,official-cardlist,OP01-001_p2,PCC25/parallel/OP01-001_p2.png,https://en.onepiece-cardgame.com/images/cardlist/card/OP01-001_p2.png?260305,OP01,0,Premium Card Collection -25th Edition-
713,247,OP01-002,,Trafalgar Law,SR,,329,454514,Trafalgar Law (002) (Parallel),Trafalgar Law 002 Parallel,OP01-002,L,Parallel,tcgcsv,high,119,market_number_eq_canonical_or_extracted;image_basename_number_agrees;set_code_match;parallel_token_in_market_fields;card_name_substring_product;source_tcgcsv,0,OP01-002,OP01,2,2,parallel_1,Parallel 1,official-cardlist,OP01-002_p1,OP01/parallel/OP01-002_p1.png,https://en.onepiece-cardgame.com/images/cardlist/card/OP01-002_p1.png?260305,OP01,0,
717,248,OP01-003,,Monkey.D.Luffy,L,,310,453506,Monkey.D.Luffy (003) (Parallel),MonkeyDLuffy 003 Parallel,OP01-003,L,Parallel,tcgcsv,high,131,market_number_eq_canonical_or_extracted;image_basename_number_agrees;set_code_match;rarity_match;parallel_token_in_market_fields;card_name_substring_product;source_tcgcsv,0,OP01-003,OP01,2,2,parallel_1,Parallel 1,official-cardlist,OP01-003_p1,OP01/parallel/OP01-003_p1.png,https://en.onepiece-cardgame.com/images/cardlist/card/OP01-003_p1.png?260305,OP01,0,
720,249,OP01-004,,Usopp,R,,331,454516,Usopp,Usopp,OP01-004,R,,tcgcsv,high,113,market_number_eq_canonical_or_extracted;image_basename_number_agrees;set_code_match;rarity_match;card_name_substring_product;source_tcgcsv,0,OP01-004,OP01,6,6,promo,1St Anniversary Alt,local-catalog,OP01-004::1st anniversary alt,thumbs/OP01-004(1st anniversary alt).webp,,OP01,0,
721,249,OP01-004,,Usopp,R,,331,454516,Usopp,Usopp,OP01-004,R,,tcgcsv,high,113,market_number_eq_canonical_or_extracted;image_basename_number_agrees;set_code_match;rarity_match;card_name_substring_product;source_tcgcsv,0,OP01-004,OP01,6,6,alt,Alt,local-catalog,OP01-004::alt,thumbs/OP01-004(alt).webp,,OP01,0,
722,249,OP01-004,,Usopp,R,,331,454516,Usopp,Usopp,OP01-004,R,,tcgcsv,high,101,market_number_eq_canonical_or_extracted;image_basename_number_agrees;set_code_match;rarity_match;parallel_variant_no_parallel_market_penalty;card_name_substring_product;source_tcgcsv,0,OP01-004,OP01,6,6,parallel_1,Parallel 1,official-cardlist,OP01-004_p1,ANN1EN/parallel/OP01-004_p1.png,https://en.onepiece-cardgame.com/images/cardlist/card/OP01-004_p1.png?260305,OP01,0,English Version 1st Anniversary Set
725,250,OP01-005,,Uta,R,,332,454517,Uta,Uta,OP01-005,R,,tcgcsv,high,91,market_number_eq_canonical_or_extracted;set_code_match;rarity_match;source_tcgcsv,0,OP01-005,OP01,5,5,alt,Alt,local-catalog,OP01-005::alt,thumbs/OP01-005alt.webp,,OP01,0,
726,250,OP01-005,,Uta,R,,332,454517,Uta,Uta,OP01-005,R,,tcgcsv,high,103,market_number_eq_canonical_or_extracted;image_basename_number_agrees;set_code_match;rarity_match;source_tcgcsv,0,OP01-005,OP01,5,5,alt,Alt Art 2,local-catalog,OP01-005::alt art 2,thumbs/OP01-005(alt2).webp,,OP01,0,
727,250,OP01-005,,Uta,R,,332,454517,Uta,Uta,OP01-005,R,,tcgcsv,high,103,market_number_eq_canonical_or_extracted;image_basename_number_agrees;set_code_match;rarity_match;source_tcgcsv,0,OP01-005,OP01,5,5,promo,Film,local-catalog,OP01-005::film,thumbs/OP01-005_Film.webp,,OP01,0,
728,250,OP01-005,,Uta,R,,332,454517,Uta,Uta,OP01-005,R,,tcgcsv,high,103,market_number_eq_canonical_or_extracted;image_basename_number_agrees;set_code_match;rarity_match;source_tcgcsv,0,OP01-005,OP01,5,5,promo,Film2,local-catalog,OP01-005::film2,thumbs/OP01-005_Film2.webp,,OP01,0,
729,250,OP01-005,,Uta,R,,332,454517,Uta,Uta,OP01-005,R,,tcgcsv,high,91,market_number_eq_canonical_or_extracted;image_basename_number_agrees;set_code_match;rarity_match;parallel_variant_no_parallel_market_penalty;source_tcgcsv,0,OP01-005,OP01,5,5,parallel_1,Parallel 1,official-cardlist,OP01-005_p1,PCCFR/parallel/OP01-005_p1.png,https://en.onepiece-cardgame.com/images/cardlist/card/OP01-005_p1.png?260305,OP01,0,Premium Card Collection -FILM RED Edition-
730,250,OP01-005,,Uta,R,,332,454517,Uta,Uta,OP01-005,R,,tcgcsv,high,91,market_number_eq_canonical_or_extracted;image_basename_number_agrees;set_code_match;rarity_match;parallel_variant_no_parallel_market_penalty;source_tcgcsv,0,OP01-005,OP01,5,5,parallel_2,Parallel 2,official-cardlist,OP01-005_p2,GC01/parallel/OP01-005_p2.png,https://en.onepiece-cardgame.com/images/cardlist/card/OP01-005_p2.png?260305,OP01,0,GIFT COLLECTION 2023 [GC-01]
733,251,OP01-006,,Otama,UC,,333,454518,Otama,Otama,OP01-006,UC,,tcgcsv,high,113,market_number_eq_canonical_or_extracted;image_basename_number_agrees;set_code_match;rarity_match;card_name_substring_product;source_tcgcsv,0,OP01-006,OP01,13,13,alt,Alt,local-catalog,OP01-006::alt,thumbs/OP01-006(alt).webp,,OP01,0,
734,251,OP01-006,,Otama,UC,,333,454518,Otama,Otama,OP01-006,UC,,tcgcsv,high,101,market_number_eq_canonical_or_extracted;set_code_match;rarity_match;card_name_substring_product;source_tcgcsv,0,OP01-006,OP01,13,13,alt,Alt Art 2,local-catalog,OP01-006::alt art 2,thumbs/OP01-006alt2.webp,,OP01,0,
735,251,OP01-006,,Otama,UC,,333,454518,Otama,Otama,OP01-006,UC,,tcgcsv,high,101,market_number_eq_canonical_or_extracted;image_basename_number_agrees;set_code_match;rarity_match;parallel_variant_no_parallel_market_penalty;card_name_substring_product;source_tcgcsv,0,OP01-006,OP01,13,13,parallel_1,Parallel 1,official-cardlist,OP01-006_p1,ANN1JP/parallel/OP01-006_p1.png,https://en.onepiece-cardgame.com/images/cardlist/card/OP01-006_p1.png?260305,OP01,0,Japanese 1st Anniversary Set
739,251,OP01-006,,Otama,UC,,333,454518,Otama,Otama,OP01-006,UC,,tcgcsv,high,113,market_number_eq_canonical_or_extracted;image_basename_number_agrees;set_code_match;rarity_match;card_name_substring_product;source_tcgcsv,0,OP01-006,OP01,13,13,alt,Prb01Alt1,local-catalog,OP01-006::prb01alt1,thumbs/OP01-006(PRB01alt1).webp,,OP01,0,
740,251,OP01-006,,Otama,UC,,333,454518,Otama,Otama,OP01-006,UC,,tcgcsv,high,113,market_number_eq_canonical_or_extracted;image_basename_number_agrees;set_code_match;rarity_match;card_name_substring_product;source_tcgcsv,0,OP01-006,OP01,13,13,alt,Prb01Alt2,local-catalog,OP01-006::prb01alt2,thumbs/OP01-006(PRB01alt2).webp,,OP01,0,
763,258,OP01-013,,Sanji,R,,341,454530,Sanji (Parallel),Sanji Parallel,OP01-013,R,Parallel,tcgcsv,high,131,market_number_eq_canonical_or_extracted;image_basename_number_agrees;set_code_match;rarity_match;parallel_token_in_market_fields;card_name_substring_product;source_tcgcsv,0,OP01-013,OP01,6,6,parallel_1,Parallel 1,official-cardlist,OP01-013_p1,OP01/parallel/OP01-013_p1.png,https://en.onepiece-cardgame.com/images/cardlist/card/OP01-013_p1.png?260305,OP01,0,
764,258,OP01-013,,Sanji,R,,341,454530,Sanji (Parallel),Sanji Parallel,OP01-013,R,Parallel,tcgcsv,high,131,market_number_eq_canonical_or_extracted;image_basename_number_agrees;set_code_match;rarity_match;parallel_token_in_market_fields;card_name_substring_product;source_tcgcsv,0,OP01-013,OP01,6,6,parallel_2,Parallel 2,official-cardlist,OP01-013_p2,PCC25/parallel/OP01-013_p2.png,https://en.onepiece-cardgame.com/images/cardlist/card/OP01-013_p2.png?260305,OP01,0,Premium Card Collection -25th Edition-
765,258,OP01-013,,Sanji,R,,341,454530,Sanji (Parallel),Sanji Parallel,OP01-013,R,Parallel,tcgcsv,high,131,market_number_eq_canonical_or_extracted;image_basename_number_agrees;set_code_match;rarity_match;parallel_token_in_market_fields;card_name_substring_product;source_tcgcsv,0,OP01-013,OP01,6,6,parallel_3,Parallel 3,official-cardlist,OP01-013_p3,GC01/parallel/OP01-013_p3.png,https://en.onepiece-cardgame.com/images/cardlist/card/OP01-013_p3.png?260305,OP01,0,GIFT COLLECTION 2023 [GC-01]
766,258,OP01-013,,Sanji,R,,341,454530,Sanji (Parallel),Sanji Parallel,OP01-013,R,Parallel,tcgcsv,high,131,market_number_eq_canonical_or_extracted;image_basename_number_agrees;set_code_match;rarity_match;parallel_token_in_market_fields;card_name_substring_product;source_tcgcsv,0,OP01-013,OP01,6,6,parallel_4,Parallel 4,official-cardlist,OP01-013_p4,ANN1EN/parallel/OP01-013_p4.png,https://en.onepiece-cardgame.com/images/cardlist/card/OP01-013_p4.png?260305,OP01,0,English Version 1st Anniversary Set
770,259,OP01-014,,Jinbe,UC,,342,454532,Jinbe (014),Jinbe 014,OP01-014,UC,,tcgcsv,high,113,market_number_eq_canonical_or_extracted;image_basename_number_agrees;set_code_match;rarity_match;card_name_substring_product;source_tcgcsv,0,OP01-014,OP01,2,2,promo,Film,local-catalog,OP01-014::film,thumbs/OP01-014_Film.webp,,OP01,0,
771,259,OP01-014,,Jinbe,UC,,342,454532,Jinbe (014),Jinbe 014,OP01-014,UC,,tcgcsv,high,113,market_number_eq_canonical_or_extracted;image_basename_number_agrees;set_code_match;rarity_match;card_name_substring_product;source_tcgcsv,0,OP01-014,OP01,2,2,promo,Film2,local-catalog,OP01-014::film2,thumbs/OP01-014_Film2.webp,,OP01,0,
772,259,OP01-014,,Jinbe,UC,,342,454532,Jinbe (014),Jinbe 014,OP01-014,UC,,tcgcsv,high,101,market_number_eq_canonical_or_extracted;image_basename_number_agrees;set_code_match;rarity_match;parallel_variant_no_parallel_market_penalty;card_name_substring_product;source_tcgcsv,0,OP01-014,OP01,2,2,parallel_1,Parallel 1,official-cardlist,OP01-014_p1,PCCFR/parallel/OP01-014_p1.png,https://en.onepiece-cardgame.com/images/cardlist/card/OP01-014_p1.png?260305,OP01,0,Premium Card Collection -FILM RED Edition-
775,260,OP01-015,,Tony Tony.Chopper,UC,,343,454533,Tony Tony.Chopper,Tony TonyChopper,OP01-015,UC,,tcgcsv,high,101,market_number_eq_canonical_or_extracted;set_code_match;rarity_match;card_name_substring_product;source_tcgcsv,0,OP01-015,OP01,7,7,alt,Alt,local-catalog,OP01-015::alt,thumbs/OP01-015alt.webp,,OP01,0,
776,260,OP01-015,,Tony Tony.Chopper,UC,,343,454533,Tony Tony.Chopper,Tony TonyChopper,OP01-015,UC,,tcgcsv,high,101,market_number_eq_canonical_or_extracted;image_basename_number_agrees;set_code_match;rarity_match;parallel_variant_no_parallel_market_penalty;card_name_substring_product;source_tcgcsv,0,OP01-015,OP01,7,7,parallel_1,Parallel 1,official-cardlist,OP01-015_p1,ORP2024V3/parallel/OP01-015_p1.png,https://en.onepiece-cardgame.com/images/cardlist/card/OP01-015_p1.png?260305,OP01,0,Offline Regional Participation Pack 2024 Vol. 3
788,261,OP01-016,,Nami,R,,345,454536,Nami (Parallel),Nami Parallel,OP01-016,R,Parallel,tcgcsv,high,131,market_number_eq_canonical_or_extracted;image_basename_number_agrees;set_code_match;rarity_match;parallel_token_in_market_fields;card_name_substring_product;source_tcgcsv,0,OP01-016,OP01,8,8,parallel_1,Parallel 1,official-cardlist,OP01-016_p1,OP01/parallel/OP01-016_p1.png,https://en.onepiece-cardgame.com/images/cardlist/card/OP01-016_p1.png?260305,OP01,0,
789,261,OP01-016,,Nami,R,,345,454536,Nami (Parallel),Nami Parallel,OP01-016,R,Parallel,tcgcsv,high,131,market_number_eq_canonical_or_extracted;image_basename_number_agrees;set_code_match;rarity_match;parallel_token_in_market_fields;card_name_substring_product;source_tcgcsv,0,OP01-016,OP01,8,8,parallel_2,Parallel 2,official-cardlist,OP01-016_p2,PCC25/parallel/OP01-016_p2.png,https://en.onepiece-cardgame.com/images/cardlist/card/OP01-016_p2.png?260305,OP01,0,Premium Card Collection -25th Edition-
790,261,OP01-016,,Nami,R,,345,454536,Nami (Parallel),Nami Parallel,OP01-016,R,Parallel,tcgcsv,high,85,market_number_eq_canonical_or_extracted;image_basename_number_agrees;set_code_mismatch_penalty;rarity_match;parallel_token_in_market_fields;card_name_substring_product;source_tcgcsv,0,OP01-016,ST10,8,8,parallel_3,Parallel 3,official-cardlist,OP01-016_p3,OP01/parallel/OP01-016_p3.png,https://en.onepiece-cardgame.com/images/cardlist/card/OP01-016_p3.png?260305,ST10,0,-ROMANCE DAWN- [OP01]
792,261,OP01-016,,Nami,R,,345,454536,Nami (Parallel),Nami Parallel,OP01-016,R,Parallel,tcgcsv,high,131,market_number_eq_canonical_or_extracted;image_basename_number_agrees;set_code_match;rarity_match;parallel_token_in_market_fields;card_name_substring_product;source_tcgcsv,0,OP01-016,OP01,8,8,parallel_5,Parallel 5,official-cardlist,OP01-016_p5,GC01/parallel/OP01-016_p5.png,https://en.onepiece-cardgame.com/images/cardlist/card/OP01-016_p5.png?260305,OP01,0,GIFT COLLECTION 2023 [GC-01]
793,261,OP01-016,,Nami,R,,345,454536,Nami (Parallel),Nami Parallel,OP01-016,R,Parallel,tcgcsv,high,131,market_number_eq_canonical_or_extracted;image_basename_number_agrees;set_code_match;rarity_match;parallel_token_in_market_fields;card_name_substring_product;source_tcgcsv,0,OP01-016,OP01,8,8,parallel_7,Parallel 7,official-cardlist,OP01-016_p7,OP01/parallel/OP01-016_p7.png,https://en.onepiece-cardgame.com/images/cardlist/card/OP01-016_p7.png?260305,OP01,0,
798,262,OP01-017,,Nico Robin,R,,346,454538,Nico Robin,Nico Robin,OP01-017,R,,tcgcsv,high,113,market_number_eq_canonical_or_extracted;image_basename_number_agrees;set_code_match;rarity_match;card_name_substring_product;source_tcgcsv,0,OP01-017,OP01,4,4,promo,1St Anniversary Alt,local-catalog,OP01-017::1st anniversary alt,thumbs/OP01-017(1st anniversary alt).webp,,OP01,0,
799,262,OP01-017,,Nico Robin,R,,346,454538,Nico Robin,Nico Robin,OP01-017,R,,tcgcsv,high,113,market_number_eq_canonical_or_extracted;image_basename_number_agrees;set_code_match;rarity_match;card_name_substring_product;source_tcgcsv,0,OP01-017,OP01,4,4,alt,Alt,local-catalog,OP01-017::alt,thumbs/OP01-017(alt).webp,,OP01,0,
800,262,OP01-017,,Nico Robin,R,,346,454538,Nico Robin,Nico Robin,OP01-017,R,,tcgcsv,high,101,market_number_eq_canonical_or_extracted;set_code_match;rarity_match;card_name_substring_product;source_tcgcsv,0,OP01-017,OP01,4,4,alt,Alt Art 2,local-catalog,OP01-017::alt art 2,thumbs/OP01-017alt2.webp,,OP01,0,
801,262,OP01-017,,Nico Robin,R,,346,454538,Nico Robin,Nico Robin,OP01-017,R,,tcgcsv,high,113,market_number_eq_canonical_or_extracted;image_basename_number_agrees;set_code_match;rarity_match;card_name_substring_product;source_tcgcsv,0,OP01-017,OP01,4,4,promo,Film,local-catalog,OP01-017::film,thumbs/OP01-017_Film.webp,,OP01,0,
802,262,OP01-017,,Nico Robin,R,,346,454538,Nico Robin,Nico Robin,OP01-017,R,,tcgcsv,high,113,market_number_eq_canonical_or_extracted;image_basename_number_agrees;set_code_match;rarity_match;card_name_substring_product;source_tcgcsv,0,OP01-017,OP01,4,4,promo,Film2,local-catalog,OP01-017::film2,thumbs/OP01-017_Film2.webp,,OP01,0,
803,262,OP01-017,,Nico Robin,R,,346,454538,Nico Robin,Nico Robin,OP01-017,R,,tcgcsv,high,101,market_number_eq_canonical_or_extracted;image_basename_number_agrees;set_code_match;rarity_match;parallel_variant_no_parallel_market_penalty;card_name_substring_product;source_tcgcsv,0,OP01-017,OP01,4,4,parallel_1,Parallel 1,official-cardlist,OP01-017_p1,PCCFR/parallel/OP01-017_p1.png,https://en.onepiece-cardgame.com/images/cardlist/card/OP01-017_p1.png?260305,OP01,0,Premium Card Collection -FILM RED Edition-
804,262,OP01-017,,Nico Robin,R,,346,454538,Nico Robin,Nico Robin,OP01-017,R,,tcgcsv,high,101,market_number_eq_canonical_or_extracted;image_basename_number_agrees;set_code_match;rarity_match;parallel_variant_no_parallel_market_penalty;card_name_substring_product;source_tcgcsv,0,OP01-017,OP01,4,4,parallel_2,Parallel 2,official-cardlist,OP01-017_p2,ANN1EN/parallel/OP01-017_p2.png,https://en.onepiece-cardgame.com/images/cardlist/card/OP01-017_p2.png?260305,OP01,0,English Version 1st Anniversary Set
813,266,OP01-021,,Franky,UC,,350,454544,Franky,Franky,OP01-021,UC,,tcgcsv,high,113,market_number_eq_canonical_or_extracted;image_basename_number_agrees;set_code_match;rarity_match;card_name_substring_product;source_tcgcsv,0,OP01-021,OP01,6,6,alt,Alt,local-catalog,OP01-021::alt,thumbs/OP01-021(Alt).webp,,OP01,0,
814,266,OP01-021,,Franky,UC,,350,454544,Franky,Franky,OP01-021,UC,,tcgcsv,high,113,market_number_eq_canonical_or_extracted;image_basename_number_agrees;set_code_match;rarity_match;card_name_substring_product;source_tcgcsv,0,OP01-021,OP01,6,6,alt,Alt Art 2,local-catalog,OP01-021::alt art 2,thumbs/OP01-021(alt2).webp,,OP01,0,
815,266,OP01-021,,Franky,UC,,350,454544,Franky,Franky,OP01-021,UC,,tcgcsv,high,113,market_number_eq_canonical_or_extracted;image_basename_number_agrees;set_code_match;rarity_match;card_name_substring_product;source_tcgcsv,0,OP01-021,OP01,6,6,promo,Film,local-catalog,OP01-021::film,thumbs/OP01-021_Film.webp,,OP01,0,
816,266,OP01-021,,Franky,UC,,350,454544,Franky,Franky,OP01-021,UC,,tcgcsv,high,113,market_number_eq_canonical_or_extracted;image_basename_number_agrees;set_code_match;rarity_match;card_name_substring_product;source_tcgcsv,0,OP01-021,OP01,6,6,promo,Film2,local-catalog,OP01-021::film2,thumbs/OP01-021_Film2.webp,,OP01,0,
817,266,OP01-021,,Franky,UC,,350,454544,Franky,Franky,OP01-021,UC,,tcgcsv,high,113,market_number_eq_canonical_or_extracted;image_basename_number_agrees;set_code_match;rarity_match;card_name_substring_product;source_tcgcsv,0,OP01-021,OP01,6,6,alt,Fullalt,local-catalog,OP01-021::fullalt,thumbs/OP01-021(fullalt).webp,,OP01,0,
818,266,OP01-021,,Franky,UC,,350,454544,Franky,Franky,OP01-021,UC,,tcgcsv,high,101,market_number_eq_canonical_or_extracted;image_basename_number_agrees;set_code_match;rarity_match;parallel_variant_no_parallel_market_penalty;card_name_substring_product;source_tcgcsv,0,OP01-021,OP01,6,6,parallel_1,Parallel 1,official-cardlist,OP01-021_p1,PCCFR/parallel/OP01-021_p1.png,https://en.onepiece-cardgame.com/images/cardlist/card/OP01-021_p1.png?260305,OP01,0,Premium Card Collection -FILM RED Edition-
819,266,OP01-021,,Franky,UC,,350,454544,Franky,Franky,OP01-021,UC,,tcgcsv,high,101,market_number_eq_canonical_or_extracted;image_basename_number_agrees;set_code_match;rarity_match;parallel_variant_no_parallel_market_penalty;card_name_substring_product;source_tcgcsv,0,OP01-021,OP01,6,6,parallel_2,Parallel 2,official-cardlist,OP01-021_p2,TP02/parallel/OP01-021_p2.png,https://en.onepiece-cardgame.com/images/cardlist/card/OP01-021_p2.png?260305,OP01,0,Tournament Pack Vol.2
820,266,OP01-021,,Franky,UC,,350,454544,Franky,Franky,OP01-021,UC,,tcgcsv,high,101,market_number_eq_canonical_or_extracted;image_basename_number_agrees;set_code_match;rarity_match;parallel_variant_no_parallel_market_penalty;card_name_substring_product;source_tcgcsv,0,OP01-021,OP01,6,6,parallel_3,Parallel 3,official-cardlist,OP01-021_p3,GC01/parallel/OP01-021_p3.png,https://en.onepiece-cardgame.com/images/cardlist/card/OP01-021_p3.png?260305,OP01,0,GIFT COLLECTION 2023 [GC-01]
823,267,OP01-022,,Brook,UC,,351,454545,Brook,Brook,OP01-022,UC,,tcgcsv,high,113,market_number_eq_canonical_or_extracted;image_basename_number_agrees;set_code_match;rarity_match;card_name_substring_product;source_tcgcsv,0,OP01-022,OP01,2,2,promo,25Th,local-catalog,OP01-022::25th,thumbs/OP01-022 25th.webp,,OP01,0,
824,267,OP01-022,,Brook,UC,,351,454545,Brook,Brook,OP01-022,UC,,tcgcsv,high,101,market_number_eq_canonical_or_extracted;image_basename_number_agrees;set_code_match;rarity_match;parallel_variant_no_parallel_market_penalty;card_name_substring_product;source_tcgcsv,0,OP01-022,OP01,2,2,parallel_1,Parallel 1,official-cardlist,OP01-022_p1,PCC25/parallel/OP01-022_p1.png,https://en.onepiece-cardgame.com/images/cardlist/card/OP01-022_p1.png?260305,OP01,0,Premium Card Collection -25th Edition-
830,269,OP01-024,,Monkey.D.Luffy,SR,,313,453509,Monkey.D.Luffy (024) (Parallel),MonkeyDLuffy 024 Parallel,OP01-024,SR,Parallel,tcgcsv,high,131,market_number_eq_canonical_or_extracted;image_basename_number_agrees;set_code_match;rarity_match;parallel_token_in_market_fields;card_name_substring_product;source_tcgcsv,0,OP01-024,OP01,3,3,parallel_1,Parallel 1,official-cardlist,OP01-024_p1,OP01/parallel/OP01-024_p1.png,https://en.onepiece-cardgame.com/images/cardlist/card/OP01-024_p1.png?260305,OP01,0,
833,269,OP01-024,,Monkey.D.Luffy,SR,,3253,586178,Monkey.D.Luffy (OP01-024) (Alternate Art),MonkeyDLuffy OP01 024 Alternate Art,OP01-024,SR,,tcgcsv,high,113,market_number_eq_canonical_or_extracted;image_basename_number_agrees;set_code_match;rarity_match;card_name_substring_product;source_tcgcsv,0,OP01-024,PRB01,3,3,r1,R1,official-cardlist,OP01-024_r1,PRB01/reprint/OP01-024_r1.png,https://en.onepiece-cardgame.com/images/cardlist/card/OP01-024_r1.png?260305,PRB01,0,-ONE PIECE CARD THE BEST- [PRB-01]
840,270,OP01-025,,Roronoa Zoro,SR,,315,453511,Roronoa Zoro (025) (Parallel),Roronoa Zoro 025 Parallel,OP01-025,SR,Parallel,tcgcsv,high,131,market_number_eq_canonical_or_extracted;image_basename_number_agrees;set_code_match;rarity_match;parallel_token_in_market_fields;card_name_substring_product;source_tcgcsv,0,OP01-025,OP01,5,5,parallel_1,Parallel 1,official-cardlist,OP01-025_p1,OP01/parallel/OP01-025_p1.png,https://en.onepiece-cardgame.com/images/cardlist/card/OP01-025_p1.png?260305,OP01,0,
841,270,OP01-025,,Roronoa Zoro,SR,,315,453511,Roronoa Zoro (025) (Parallel),Roronoa Zoro 025 Parallel,OP01-025,SR,Parallel,tcgcsv,high,93,market_number_eq_canonical_or_extracted;image_basename_number_agrees;set_code_mismatch_penalty;rarity_match;parallel_token_in_market_fields;parallel_index_loose_in_name;card_name_substring_product;source_tcgcsv,0,OP01-025,ST10,5,5,parallel_2,Parallel 2,official-cardlist,OP01-025_p2,OP01/parallel/OP01-025_p2.png,https://en.onepiece-cardgame.com/images/cardlist/card/OP01-025_p2.png?260305,ST10,0,-ROMANCE DAWN- [OP01]
842,270,OP01-025,,Roronoa Zoro,SR,,315,453511,Roronoa Zoro (025) (Parallel),Roronoa Zoro 025 Parallel,OP01-025,SR,Parallel,tcgcsv,high,131,market_number_eq_canonical_or_extracted;image_basename_number_agrees;set_code_match;rarity_match;parallel_token_in_market_fields;card_name_substring_product;source_tcgcsv,0,OP01-025,OP01,5,5,parallel_3,Parallel 3,official-cardlist,OP01-025_p3,ANN1EN/parallel/OP01-025_p3.png,https://en.onepiece-cardgame.com/images/cardlist/card/OP01-025_p3.png?260305,OP01,0,English Version 1st Anniversary Set
852,274,OP01-029,,Radical Beam!!,UC,,356,454550,Radical Beam!!,Radical Beam,OP01-029,UC,,tcgcsv,high,101,market_number_eq_canonical_or_extracted;set_code_match;rarity_match;card_name_substring_product;source_tcgcsv,0,OP01-029,OP01,4,4,alt,Alt,local-catalog,OP01-029::alt,thumbs/OP01-029alt.webp,,OP01,0,
855,274,OP01-029,,Radical Beam!!,UC,,356,454550,Radical Beam!!,Radical Beam,OP01-029,UC,,tcgcsv,high,101,market_number_eq_canonical_or_extracted;image_basename_number_agrees;set_code_match;rarity_match;parallel_variant_no_parallel_market_penalty;card_name_substring_product;source_tcgcsv,0,OP01-029,OP01,4,4,parallel_4,Parallel 4,official-cardlist,OP01-029_p4,BCV1/parallel/OP01-029_p4.png,https://en.onepiece-cardgame.com/images/cardlist/card/OP01-029_p4.png?260305,OP01,0,Premium Card Collection -Best Selection-
859,275,OP01-030,,In Two Years!! At the Sabaody Archipelago!!,UC,,316,453512,In Two Years!! At the Sabaody Archipelago!!,In Two Years At the Sabaody Archipelago,OP01-030,UC,,tcgcsv,high,113,market_number_eq_canonical_or_extracted;image_basename_number_agrees;set_code_match;rarity_match;card_name_substring_product;source_tcgcsv,0,OP01-030,OP01,2,2,promo,2Nd Anniversary Alt,local-catalog,OP01-030::2nd anniversary alt,thumbs/OP01-030(2nd Anniversary alt).webp,,OP01,0,
860,275,OP01-030,,In Two Years!! At the Sabaody Archipelago!!,UC,,316,453512,In Two Years!! At the Sabaody Archipelago!!,In Two Years At the Sabaody Archipelago,OP01-030,UC,,tcgcsv,high,101,market_number_eq_canonical_or_extracted;image_basename_number_agrees;set_code_match;rarity_match;parallel_variant_no_parallel_market_penalty;card_name_substring_product;source_tcgcsv,0,OP01-030,OP01,2,2,parallel_1,Parallel 1,official-cardlist,OP01-030_p1,ANN2JP/parallel/OP01-030_p1.png,https://en.onepiece-cardgame.com/images/cardlist/card/OP01-030_p1.png?260305,OP01,0,Japanese 2nd Anniversary Set
864,276,OP01-031,,Kouzuki Oden,L,,358,454552,Kouzuki Oden (Parallel),Kouzuki Oden Parallel,OP01-031,L,Parallel,tcgcsv,high,131,market_number_eq_canonical_or_extracted;image_basename_number_agrees;set_code_match;rarity_match;parallel_token_in_market_fields;card_name_substring_product;source_tcgcsv,0,OP01-031,OP01,2,2,parallel_1,Parallel 1,official-cardlist,OP01-031_p1,OP01/parallel/OP01-031_p1.png,https://en.onepiece-cardgame.com/images/cardlist/card/OP01-031_p1.png?260305,OP01,0,
869,278,OP01-033,,Izo,UC,,360,454554,Izo,Izo,OP01-033,UC,,tcgcsv,high,103,market_number_eq_canonical_or_extracted;image_basename_number_agrees;set_code_match;rarity_match;source_tcgcsv,0,OP01-033,OP01,8,8,alt,Alt,local-catalog,OP01-033::alt,thumbs/OP01-033 (Alt).webp,,OP01,0,
870,278,OP01-033,,Izo,UC,,360,454554,Izo,Izo,OP01-033,UC,,tcgcsv,high,91,market_number_eq_canonical_or_extracted;set_code_match;rarity_match;source_tcgcsv,0,OP01-033,OP01,8,8,alt,Alt Art 2,local-catalog,OP01-033::alt art 2,thumbs/OP01-033alt2.webp,,OP01,0,
871,278,OP01-033,,Izo,UC,,360,454554,Izo,Izo,OP01-033,UC,,tcgcsv,high,91,market_number_eq_canonical_or_extracted;image_basename_number_agrees;set_code_match;rarity_match;parallel_variant_no_parallel_market_penalty;source_tcgcsv,0,OP01-033,OP01,8,8,parallel_1,Parallel 1,official-cardlist,OP01-033_p1,TP02/parallel/OP01-033_p1.png,https://en.onepiece-cardgame.com/images/cardlist/card/OP01-033_p1.png?260305,OP01,0,Tournament Pack Vol.2
875,278,OP01-033,,Izo,UC,,360,454554,Izo,Izo,OP01-033,UC,,tcgcsv,high,91,market_number_eq_canonical_or_extracted;image_basename_number_agrees;set_code_match;rarity_match;parallel_variant_no_parallel_market_penalty;source_tcgcsv,0,OP01-033,OP01,8,8,parallel_6,Parallel 6,official-cardlist,OP01-033_p6,_unclassified/parallel/OP01-033_p6.png,https://en.onepiece-cardgame.com/images/cardlist/card/OP01-033_p6.png?260305,OP01,0,Premium Card Collection -BANDAI CARD GAMES Fest. 23-24 Edition-
876,278,OP01-033,,Izo,UC,,360,454554,Izo,Izo,OP01-033,UC,,tcgcsv,high,103,market_number_eq_canonical_or_extracted;image_basename_number_agrees;set_code_match;rarity_match;source_tcgcsv,0,OP01-033,OP01,8,8,alt,Prb01Alt,local-catalog,OP01-033::prb01alt,thumbs/OP01-033(PRB01alt).webp,,OP01,0,
884,280,OP01-035,,Okiku,SP CARD,,362,454556,Okiku,Okiku,OP01-035,R,,tcgcsv,high,89,market_number_eq_canonical_or_extracted;set_code_match;card_name_substring_product;source_tcgcsv,0,OP01-035,OP01,7,7,alt,Alt,local-catalog,OP01-035::alt,thumbs/op01-035alt.webp,,OP01,0,
885,280,OP01-035,,Okiku,SP CARD,,362,454556,Okiku,Okiku,OP01-035,R,,tcgcsv,high,89,market_number_eq_canonical_or_extracted;set_code_match;card_name_substring_product;source_tcgcsv,0,OP01-035,OP01,7,7,alt,Alt Art 2,local-catalog,OP01-035::alt art 2,thumbs/OP01-035alt2.webp,,OP01,0,
886,280,OP01-035,,Okiku,SP CARD,,362,454556,Okiku,Okiku,OP01-035,R,,tcgcsv,high,89,market_number_eq_canonical_or_extracted;image_basename_number_agrees;set_code_match;parallel_variant_no_parallel_market_penalty;card_name_substring_product;source_tcgcsv,0,OP01-035,OP01,7,7,parallel_1,Parallel 1,official-cardlist,OP01-035_p1,TP04/parallel/OP01-035_p1.png,https://en.onepiece-cardgame.com/images/cardlist/card/OP01-035_p1.png?260305,OP01,0,Tournament Pack Vol.4
887,280,OP01-035,,Okiku,SP CARD,,2957,545922,Okiku (SP),Okiku SP,OP01-035,R,,tcgcsv,high,89,market_number_eq_canonical_or_extracted;image_basename_number_agrees;set_code_match;parallel_variant_no_parallel_market_penalty;card_name_substring_product;source_tcgcsv,0,OP01-035,OP07,7,7,parallel_2,Parallel 2,official-cardlist,OP01-035_p2,OP07/parallel/OP01-035_p2.png,https://en.onepiece-cardgame.com/images/cardlist/card/OP01-035_p2.png?260305,OP07,0,-500 YEARS IN THE FUTURE- [OP-07]
888,280,OP01-035,,Okiku,SP CARD,,362,454556,Okiku,Okiku,OP01-035,R,,tcgcsv,high,89,market_number_eq_canonical_or_extracted;image_basename_number_agrees;set_code_match;parallel_variant_no_parallel_market_penalty;card_name_substring_product;source_tcgcsv,0,OP01-035,OP01,7,7,parallel_3,Parallel 3,official-cardlist,OP01-035_p3,_unclassified/parallel/OP01-035_p3.png,https://en.onepiece-cardgame.com/images/cardlist/card/OP01-035_p3.png?260305,OP01,0,Premium Card Collection -BANDAI CARD GAMES Fest. 23-24 Edition-
889,280,OP01-035,,Okiku,SP CARD,,362,454556,Okiku,Okiku,OP01-035,R,,tcgcsv,high,89,market_number_eq_canonical_or_extracted;set_code_match;card_name_substring_product;source_tcgcsv,0,OP01-035,OP01,7,7,sp,S P,local-catalog,OP01-035::s p,thumbs/OP01-035SP.webp,,OP01,0,
898,284,OP01-039,,Killer,UC,,366,454563,Killer,Killer,OP01-039,UC,,tcgcsv,high,101,market_number_eq_canonical_or_extracted;set_code_match;rarity_match;card_name_substring_product;source_tcgcsv,0,OP01-039,OP01,8,8,alt,Alt,local-catalog,OP01-039::alt,thumbs/OP01-039alt.webp,,OP01,0,
904,285,OP01-040,,Kin'emon,SR,,367,454564,Kin'emon (Parallel),Kinemon Parallel,OP01-040,SR,Parallel,tcgcsv,high,131,market_number_eq_canonical_or_extracted;image_basename_number_agrees;set_code_match;rarity_match;parallel_token_in_market_fields;card_name_substring_product;source_tcgcsv,0,OP01-040,OP01,2,2,parallel_1,Parallel 1,official-cardlist,OP01-040_p1,OP01/parallel/OP01-040_p1.png,https://en.onepiece-cardgame.com/images/cardlist/card/OP01-040_p1.png?260305,OP01,0,
907,286,OP01-041,,Kouzuki Momonosuke,R,,368,454565,Kouzuki Momonosuke,Kouzuki Momonosuke,OP01-041,R,,tcgcsv,high,101,market_number_eq_canonical_or_extracted;set_code_match;rarity_match;card_name_substring_product;source_tcgcsv,0,OP01-041,OP01,7,7,alt,Alt,local-catalog,OP01-041::alt,thumbs/OP01-041alt.webp,,OP01,0,
908,286,OP01-041,,Kouzuki Momonosuke,R,,368,454565,Kouzuki Momonosuke,Kouzuki Momonosuke,OP01-041,R,,tcgcsv,high,101,market_number_eq_canonical_or_extracted;image_basename_number_agrees;set_code_match;rarity_match;parallel_variant_no_parallel_market_penalty;card_name_substring_product;source_tcgcsv,0,OP01-041,OP01,7,7,parallel_1,Parallel 1,official-cardlist,OP01-041_p1,TP07/parallel/OP01-041_p1.png,https://en.onepiece-cardgame.com/images/cardlist/card/OP01-041_p1.png?260305,OP01,0,Tournament Pack Vol.7
912,286,OP01-041,,Kouzuki Momonosuke,R,,368,454565,Kouzuki Momonosuke,Kouzuki Momonosuke,OP01-041,R,,tcgcsv,high,113,market_number_eq_canonical_or_extracted;image_basename_number_agrees;set_code_match;rarity_match;card_name_substring_product;source_tcgcsv,0,OP01-041,OP01,7,7,alt,Prb01Alt,local-catalog,OP01-041::prb01alt,thumbs/OP01-041(PRB01alt).webp,,OP01,0,
914,286,OP01-041,,Kouzuki Momonosuke,R,,368,454565,Kouzuki Momonosuke,Kouzuki Momonosuke,OP01-041,R,,tcgcsv,high,101,market_number_eq_canonical_or_extracted;set_code_match;rarity_match;card_name_substring_product;source_tcgcsv,0,OP01-041,OP01,7,7,alt,W Inner Alt,local-catalog,OP01-041::w inner alt,thumbs/OP01-041Winner alt.webp,,OP01,0,
928,292,OP01-047,,Trafalgar Law,SR,,319,453515,Trafalgar Law (047) (Parallel),Trafalgar Law 047 Parallel,OP01-047,SR,Parallel,tcgcsv,high,131,market_number_eq_canonical_or_extracted;image_basename_number_agrees;set_code_match;rarity_match;parallel_token_in_market_fields;card_name_substring_product;source_tcgcsv,0,OP01-047,OP01,4,4,parallel_1,Parallel 1,official-cardlist,OP01-047_p1,OP01/parallel/OP01-047_p1.png,https://en.onepiece-cardgame.com/images/cardlist/card/OP01-047_p1.png?260305,OP01,0,
932,292,OP01-047,,Trafalgar Law,SR,,3337,586893,Trafalgar Law (OP01-047) (Alternate Art),Trafalgar Law OP01 047 Alternate Art,OP01-047,SR,,tcgcsv,high,113,market_number_eq_canonical_or_extracted;image_basename_number_agrees;set_code_match;rarity_match;card_name_substring_product;source_tcgcsv,0,OP01-047,PRB01,4,4,r1,R1,official-cardlist,OP01-047_r1,PRB01/reprint/OP01-047_r1.png,https://en.onepiece-cardgame.com/images/cardlist/card/OP01-047_r1.png?260305,PRB01,0,-ONE PIECE CARD THE BEST- [PRB-01]
945,296,OP01-051,,"Eustass""Captain""Kid",SR,,379,454576,"Eustass""Captain""Kid (Parallel)",EustassCaptainKid Parallel,OP01-051,SR,Parallel,tcgcsv,high,131,market_number_eq_canonical_or_extracted;image_basename_number_agrees;set_code_match;rarity_match;parallel_token_in_market_fields;card_name_substring_product;source_tcgcsv,0,OP01-051,OP01,4,4,parallel_1,Parallel 1,official-cardlist,OP01-051_p1,OP01/parallel/OP01-051_p1.png,https://en.onepiece-cardgame.com/images/cardlist/card/OP01-051_p1.png?260305,OP01,0,
949,296,OP01-051,,"Eustass""Captain""Kid",SR,,3336,586892,"Eustass""Captain""Kid (OP01-051) (Alternate Art)",EustassCaptainKid OP01 051 Alternate Art,OP01-051,SR,,tcgcsv,high,113,market_number_eq_canonical_or_extracted;image_basename_number_agrees;set_code_match;rarity_match;card_name_substring_product;source_tcgcsv,0,OP01-051,PRB01,4,4,r1,R1,official-cardlist,OP01-051_r1,PRB01/reprint/OP01-051_r1.png,https://en.onepiece-cardgame.com/images/cardlist/card/OP01-051_r1.png?260305,PRB01,0,-ONE PIECE CARD THE BEST- [PRB-01]
953,297,OP01-052,,Raizo,UC,,380,454577,Raizo,Raizo,OP01-052,UC,,tcgcsv,high,113,market_number_eq_canonical_or_extracted;image_basename_number_agrees;set_code_match;rarity_match;card_name_substring_product;source_tcgcsv,0,OP01-052,OP01,7,7,alt,Alt,local-catalog,OP01-052::alt,thumbs/OP01-052(alt).webp,,OP01,0,
954,297,OP01-052,,Raizo,UC,,380,454577,Raizo,Raizo,OP01-052,UC,,tcgcsv,high,101,market_number_eq_canonical_or_extracted;set_code_match;rarity_match;card_name_substring_product;source_tcgcsv,0,OP01-052,OP01,7,7,alt,Alt Art 2,local-catalog,OP01-052::alt art 2,thumbs/OP01-052alt2.webp,,OP01,0,
955,297,OP01-052,,Raizo,UC,,380,454577,Raizo,Raizo,OP01-052,UC,,tcgcsv,high,101,market_number_eq_canonical_or_extracted;image_basename_number_agrees;set_code_match;rarity_match;parallel_variant_no_parallel_market_penalty;card_name_substring_product;source_tcgcsv,0,OP01-052,OP01,7,7,parallel_1,Parallel 1,official-cardlist,OP01-052_p1,EP02/parallel/OP01-052_p1.png,https://en.onepiece-cardgame.com/images/cardlist/card/OP01-052_p1.png?260305,OP01,0,Included in Event Pack Vol.2
958,297,OP01-052,,Raizo,UC,,380,454577,Raizo,Raizo,OP01-052,UC,,tcgcsv,high,113,market_number_eq_canonical_or_extracted;image_basename_number_agrees;set_code_match;rarity_match;card_name_substring_product;source_tcgcsv,0,OP01-052,OP01,7,7,alt,Prb01Alt,local-catalog,OP01-052::prb01alt,thumbs/OP01-052(PRB01alt).webp,,OP01,0,
972,302,OP01-057,,Paradise Waterfall,UC,,385,454582,Paradise Waterfall,Paradise Waterfall,OP01-057,UC,,tcgcsv,high,101,market_number_eq_canonical_or_extracted;set_code_match;rarity_match;card_name_substring_product;source_tcgcsv,0,OP01-057,OP01,2,2,alt,Alt,local-catalog,OP01-057::alt,thumbs/OP01-057alt.webp,,OP01,0,
973,302,OP01-057,,Paradise Waterfall,UC,,385,454582,Paradise Waterfall,Paradise Waterfall,OP01-057,UC,,tcgcsv,high,101,market_number_eq_canonical_or_extracted;image_basename_number_agrees;set_code_match;rarity_match;parallel_variant_no_parallel_market_penalty;card_name_substring_product;source_tcgcsv,0,OP01-057,OP01,2,2,parallel_1,Parallel 1,official-cardlist,OP01-057_p1,BCV1/parallel/OP01-057_p1.png,https://en.onepiece-cardgame.com/images/cardlist/card/OP01-057_p1.png?260305,OP01,0,Premium Card Collection -Best Selection-
981,305,OP01-060,,Donquixote Doflamingo,L,,389,454586,Donquixote Doflamingo (060) (Parallel),Donquixote Doflamingo 060 Parallel,OP01-060,L,Parallel,tcgcsv,high,131,market_number_eq_canonical_or_extracted;image_basename_number_agrees;set_code_match;rarity_match;parallel_token_in_market_fields;card_name_substring_product;source_tcgcsv,0,OP01-060,OP01,3,3,parallel_1,Parallel 1,official-cardlist,OP01-060_p1,OP01/parallel/OP01-060_p1.png,https://en.onepiece-cardgame.com/images/cardlist/card/OP01-060_p1.png?260305,OP01,0,
987,306,OP01-061,,Kaido,L,,390,454587,Kaido (061) (Parallel),Kaido 061 Parallel,OP01-061,L,Parallel,tcgcsv,high,139,market_number_eq_canonical_or_extracted;image_basename_number_agrees;set_code_match;rarity_match;parallel_token_in_market_fields;parallel_index_loose_in_name;card_name_substring_product;source_tcgcsv,0,OP01-061,OP01,2,2,parallel_1,Parallel 1,official-cardlist,OP01-061_p1,OP01/parallel/OP01-061_p1.png,https://en.onepiece-cardgame.com/images/cardlist/card/OP01-061_p1.png?260305,OP01,0,
991,307,OP01-062,,Crocodile,L,,392,454589,Crocodile (062) (Parallel),Crocodile 062 Parallel,OP01-062,L,Parallel,tcgcsv,high,131,market_number_eq_canonical_or_extracted;image_basename_number_agrees;set_code_match;rarity_match;parallel_token_in_market_fields;card_name_substring_product;source_tcgcsv,0,OP01-062,OP01,2,2,parallel_1,Parallel 1,official-cardlist,OP01-062_p1,OP01/parallel/OP01-062_p1.png,https://en.onepiece-cardgame.com/images/cardlist/card/OP01-062_p1.png?260305,OP01,0,
1005,312,OP01-067,,Crocodile,SR,,397,454594,Crocodile (067) (Parallel),Crocodile 067 Parallel,OP01-067,SR,Parallel,tcgcsv,high,131,market_number_eq_canonical_or_extracted;image_basename_number_agrees;set_code_match;rarity_match;parallel_token_in_market_fields;card_name_substring_product;source_tcgcsv,0,OP01-067,OP01,2,2,parallel_1,Parallel 1,official-cardlist,OP01-067_p1,OP01/parallel/OP01-067_p1.png,https://en.onepiece-cardgame.com/images/cardlist/card/OP01-067_p1.png?260305,OP01,0,
1014,315,OP01-070,,Dracule Mihawk,SR,,401,454599,Dracule Mihawk (Parallel),Dracule Mihawk Parallel,OP01-070,SR,Parallel,tcgcsv,high,131,market_number_eq_canonical_or_extracted;image_basename_number_agrees;set_code_match;rarity_match;parallel_token_in_market_fields;card_name_substring_product;source_tcgcsv,0,OP01-070,OP01,5,5,parallel_1,Parallel 1,official-cardlist,OP01-070_p1,OP01/parallel/OP01-070_p1.png,https://en.onepiece-cardgame.com/images/cardlist/card/OP01-070_p1.png?260305,OP01,0,
1015,315,OP01-070,,Dracule Mihawk,SR,,401,454599,Dracule Mihawk (Parallel),Dracule Mihawk Parallel,OP01-070,SR,Parallel,tcgcsv,high,131,market_number_eq_canonical_or_extracted;image_basename_number_agrees;set_code_match;rarity_match;parallel_token_in_market_fields;card_name_substring_product;source_tcgcsv,0,OP01-070,OP01,5,5,parallel_2,Parallel 2,official-cardlist,OP01-070_p2,_unclassified/parallel/OP01-070_p2.png,https://en.onepiece-cardgame.com/images/cardlist/card/OP01-070_p2.png?260305,OP01,0,Treasure Cup August – September
1026,318,OP01-073,,Donquixote Doflamingo,SP CARD,,405,454603,Donquixote Doflamingo (073) (Parallel),Donquixote Doflamingo 073 Parallel,OP01-073,R,Parallel,tcgcsv,high,119,market_number_eq_canonical_or_extracted;image_basename_number_agrees;set_code_match;parallel_token_in_market_fields;card_name_substring_product;source_tcgcsv,0,OP01-073,OP01,5,5,parallel_1,Parallel 1,official-cardlist,OP01-073_p1,OP01/parallel/OP01-073_p1.png,https://en.onepiece-cardgame.com/images/cardlist/card/OP01-073_p1.png?260305,OP01,0,
1028,318,OP01-073,,Donquixote Doflamingo,SP CARD,,3192,581007,Donquixote Doflamingo (OP01-073),Donquixote Doflamingo OP01 073,OP01-073,R,,tcgcsv,high,101,market_number_eq_canonical_or_extracted;image_basename_number_agrees;set_code_match;card_name_substring_product;source_tcgcsv,0,OP01-073,ST17,5,5,r1,R1,official-cardlist,OP01-073_r1,ST17/reprint/OP01-073_r1.png,https://en.onepiece-cardgame.com/images/cardlist/card/OP01-073_r1.png?260305,ST17,0,-Blue Donquixote Doflamingo- [ST-17]
1045,323,OP01-078,,Boa Hancock,SR,,411,454609,Boa Hancock (Parallel),Boa Hancock Parallel,OP01-078,SR,Parallel,tcgcsv,high,131,market_number_eq_canonical_or_extracted;image_basename_number_agrees;set_code_match;rarity_match;parallel_token_in_market_fields;card_name_substring_product;source_tcgcsv,0,OP01-078,OP01,5,5,parallel_1,Parallel 1,official-cardlist,OP01-078_p1,OP01/parallel/OP01-078_p1.png,https://en.onepiece-cardgame.com/images/cardlist/card/OP01-078_p1.png?260305,OP01,0,
1053,324,OP01-079,,Ms. All Sunday,R,,412,454610,Ms. All Sunday,Ms All Sunday,OP01-079,R,,tcgcsv,high,113,market_number_eq_canonical_or_extracted;image_basename_number_agrees;set_code_match;rarity_match;card_name_substring_product;source_tcgcsv,0,OP01-079,OP01,2,2,alt,Alt,local-catalog,OP01-079::alt,thumbs/OP01-079(alt).webp,,OP01,0,
1080,336,OP01-091,,King,L,,425,454623,King (091) (Parallel),King 091 Parallel,OP01-091,L,Parallel,tcgcsv,high,139,market_number_eq_canonical_or_extracted;image_basename_number_agrees;set_code_match;rarity_match;parallel_token_in_market_fields;parallel_index_loose_in_name;card_name_substring_product;source_tcgcsv,0,OP01-091,OP01,2,2,parallel_1,Parallel 1,official-cardlist,OP01-091_p1,OP01/parallel/OP01-091_p1.png,https://en.onepiece-cardgame.com/images/cardlist/card/OP01-091_p1.png?260305,OP01,0,
1087,338,OP01-093,,Ulti,R,,428,454626,Ulti (Parallel),Ulti Parallel,OP01-093,R,Parallel,tcgcsv,high,131,market_number_eq_canonical_or_extracted;image_basename_number_agrees;set_code_match;rarity_match;parallel_token_in_market_fields;card_name_substring_product;source_tcgcsv,0,OP01-093,OP01,3,3,parallel_1,Parallel 1,official-cardlist,OP01-093_p1,OP01/parallel/OP01-093_p1.png,https://en.onepiece-cardgame.com/images/cardlist/card/OP01-093_p1.png?260305,OP01,0,
1092,339,OP01-094,,Kaido,SR,,429,454627,Kaido (094) (Parallel),Kaido 094 Parallel,OP01-094,SR,Parallel,tcgcsv,high,131,market_number_eq_canonical_or_extracted;image_basename_number_agrees;set_code_match;rarity_match;parallel_token_in_market_fields;card_name_substring_product;source_tcgcsv,0,OP01-094,OP01,3,3,parallel_1,Parallel 1,official-cardlist,OP01-094_p1,OP01/parallel/OP01-094_p1.png,https://en.onepiece-cardgame.com/images/cardlist/card/OP01-094_p1.png?260305,OP01,0,
1098,341,OP01-096,,King,SR,,432,454630,King (096) (Parallel),King 096 Parallel,OP01-096,SR,Parallel,tcgcsv,high,131,market_number_eq_canonical_or_extracted;image_basename_number_agrees;set_code_match;rarity_match;parallel_token_in_market_fields;card_name_substring_product;source_tcgcsv,0,OP01-096,OP01,2,2,parallel_1,Parallel 1,official-cardlist,OP01-096_p1,OP01/parallel/OP01-096_p1.png,https://en.onepiece-cardgame.com/images/cardlist/card/OP01-096_p1.png?260305,OP01,0,
1101,342,OP01-097,,Queen,R,,434,454632,Queen (Parallel),Queen Parallel,OP01-097,R,Parallel,tcgcsv,high,131,market_number_eq_canonical_or_extracted;image_basename_number_agrees;set_code_match;rarity_match;parallel_token_in_market_fields;card_name_substring_product;source_tcgcsv,0,OP01-097,OP01,2,2,parallel_1,Parallel 1,official-cardlist,OP01-097_p1,OP01/parallel/OP01-097_p1.png,https://en.onepiece-cardgame.com/images/cardlist/card/OP01-097_p1.png?260305,OP01,0,
1110,346,OP01-101,,Sasaki,UC,,438,454636,Sasaki,Sasaki,OP01-101,UC,,tcgcsv,high,113,market_number_eq_canonical_or_extracted;image_basename_number_agrees;set_code_match;rarity_match;card_name_substring_product;source_tcgcsv,0,OP01-101,OP01,4,4,alt,Alt,local-catalog,OP01-101::alt,thumbs/OP01-101(alt).webp,,OP01,0,
1111,346,OP01-101,,Sasaki,UC,,438,454636,Sasaki,Sasaki,OP01-101,UC,,tcgcsv,high,101,market_number_eq_canonical_or_extracted;image_basename_number_agrees;set_code_match;rarity_match;parallel_variant_no_parallel_market_penalty;card_name_substring_product;source_tcgcsv,0,OP01-101,OP01,4,4,parallel_1,Parallel 1,official-cardlist,OP01-101_p1,EP02/parallel/OP01-101_p1.png,https://en.onepiece-cardgame.com/images/cardlist/card/OP01-101_p1.png?260305,OP01,0,Included in Event Pack Vol.2
1115,347,OP01-102,,Jack,R,,440,454638,Jack (Parallel),Jack Parallel,OP01-102,R,Parallel,tcgcsv,high,131,market_number_eq_canonical_or_extracted;image_basename_number_agrees;set_code_match;rarity_match;parallel_token_in_market_fields;card_name_substring_product;source_tcgcsv,0,OP01-102,OP01,2,2,parallel_1,Parallel 1,official-cardlist,OP01-102_p1,OP01/parallel/OP01-102_p1.png,https://en.onepiece-cardgame.com/images/cardlist/card/OP01-102_p1.png?260305,OP01,0,
1128,353,OP01-108,,Hitokiri Kamazo,UC,,462,455808,Hitokiri Kamazo,Hitokiri Kamazo,OP01-108,UC,,tcgcsv,high,113,market_number_eq_canonical_or_extracted;image_basename_number_agrees;set_code_match;rarity_match;card_name_substring_product;source_tcgcsv,0,OP01-108,OP01,2,2,alt,Alt,local-catalog,OP01-108::alt,thumbs/OP01-108(ALT).webp,,OP01,0,
1143,359,OP01-114,,X.Drake,R,,451,454652,X.Drake (114),XDrake 114,OP01-114,R,,tcgcsv,high,101,market_number_eq_canonical_or_extracted;set_code_match;rarity_match;card_name_substring_product;source_tcgcsv,0,OP01-114,OP01,5,5,alt,Alt,local-catalog,OP01-114::alt,thumbs/OP01-114alt.webp,,OP01,0,
1169,366,OP01-121,,Yamato,SEC,,461,454669,Yamato (Parallel),Yamato Parallel,OP01-121,SEC,Parallel,tcgcsv,high,131,market_number_eq_canonical_or_extracted;image_basename_number_agrees;set_code_match;rarity_match;parallel_token_in_market_fields;card_name_substring_product;source_tcgcsv,0,OP01-121,OP01,6,6,parallel_1,Parallel 1,official-cardlist,OP01-121_p1,OP01/parallel/OP01-121_p1.png,https://en.onepiece-cardgame.com/images/cardlist/card/OP01-121_p1.png?260305,OP01,0,
1179,367,OP02-001,,Edward.Newgate,L,,3156,580976,Edward.Newgate (OP02-001),EdwardNewgate OP02 001,OP02-001,L,,tcgcsv,high,101,market_number_eq_canonical_or_extracted;image_basename_number_agrees;set_code_match;rarity_match;parallel_variant_no_parallel_market_penalty;card_name_substring_product;source_tcgcsv,0,OP02-001,ST15,4,4,parallel_2,Parallel 2,official-cardlist,OP02-001_p2,ST15/parallel/OP02-001_p2.png,https://en.onepiece-cardgame.com/images/cardlist/card/OP02-001_p2.png?260305,ST15,0,-Red Edward.Newgate- [ST-15]
1192,370,OP02-004,,Edward.Newgate,SR,,2258,516553,Edward.Newgate (SP),EdwardNewgate SP,OP02-004,SR,,tcgcsv,high,101,market_number_eq_canonical_or_extracted;image_basename_number_agrees;set_code_match;rarity_match;parallel_variant_no_parallel_market_penalty;card_name_substring_product;source_tcgcsv,0,OP02-004,OP04,6,6,parallel_2,Parallel 2,official-cardlist,OP02-004_p2,OP04/parallel/OP02-004_p2.png,https://en.onepiece-cardgame.com/images/cardlist/card/OP02-004_p2.png?260305,OP04,0,-KINGDOMS OF INTRIGUE- [OP04]
1198,371,OP02-005,,Curly.Dadan,UC,,470,482425,Curly.Dadan,CurlyDadan,OP02-005,UC,,tcgcsv,high,113,market_number_eq_canonical_or_extracted;image_basename_number_agrees;set_code_match;rarity_match;card_name_substring_product;source_tcgcsv,0,OP02-005,OP02,4,4,operator_review,2,local-catalog,OP02-005::2,thumbs/OP02-005 (2).webp,,OP02,0,
1199,371,OP02-005,,Curly.Dadan,UC,,470,482425,Curly.Dadan,CurlyDadan,OP02-005,UC,,tcgcsv,high,101,market_number_eq_canonical_or_extracted;set_code_match;rarity_match;card_name_substring_product;source_tcgcsv,0,OP02-005,OP02,4,4,alt,Alt,local-catalog,OP02-005::alt,thumbs/OP02-005alt.webp,,OP02,0,
1201,371,OP02-005,,Curly.Dadan,UC,,470,482425,Curly.Dadan,CurlyDadan,OP02-005,UC,,tcgcsv,high,101,market_number_eq_canonical_or_extracted;image_basename_number_agrees;set_code_match;rarity_match;parallel_variant_no_parallel_market_penalty;card_name_substring_product;source_tcgcsv,0,OP02-005,OP02,4,4,parallel_2,Parallel 2,official-cardlist,OP02-005_p2,BCV1/parallel/OP02-005_p2.png,https://en.onepiece-cardgame.com/images/cardlist/card/OP02-005_p2.png?260305,OP02,0,Premium Card Collection -Best Selection-
1208,374,OP02-008,,Jozu,R,,473,482704,Jozu,Jozu,OP02-008,R,,tcgcsv,high,113,market_number_eq_canonical_or_extracted;image_basename_number_agrees;set_code_match;rarity_match;card_name_substring_product;source_tcgcsv,0,OP02-008,OP02,5,5,operator_review,2,local-catalog,OP02-008::2,thumbs/OP02-008 (2).webp,,OP02,0,
1209,374,OP02-008,,Jozu,R,,473,482704,Jozu,Jozu,OP02-008,R,,tcgcsv,high,101,market_number_eq_canonical_or_extracted;set_code_match;rarity_match;card_name_substring_product;source_tcgcsv,0,OP02-008,OP02,5,5,alt,Alt,local-catalog,OP02-008::alt,thumbs/OP02-008alt.webp,,OP02,0,
1210,374,OP02-008,,Jozu,R,,3157,580977,Jozu,Jozu,OP02-008,R,,tcgcsv,high,113,market_number_eq_canonical_or_extracted;image_basename_number_agrees;set_code_match;rarity_match;card_name_substring_product;source_tcgcsv,0,OP02-008,ST15,5,5,r1,R1,official-cardlist,OP02-008_r1,ST15/reprint/OP02-008_r1.png,https://en.onepiece-cardgame.com/images/cardlist/card/OP02-008_r1.png?260305,ST15,0,-Red Edward.Newgate- [ST-15]
1230,379,OP02-013,,Portgas.D.Ace,SR,,3364,587709,Portgas.D.Ace (Manga),PortgasDAce Manga,OP02-013,SR,,tcgcsv,high,113,market_number_eq_canonical_or_extracted;image_basename_number_agrees;set_code_match;rarity_match;card_name_substring_product;source_tcgcsv,0,OP02-013,PRB01,6,6,r1,R1,official-cardlist,OP02-013_r1,PRB01/reprint/OP02-013_r1.png,https://en.onepiece-cardgame.com/images/cardlist/card/OP02-013_r1.png?260305,PRB01,0,-ONE PIECE CARD THE BEST- [PRB-01]
1235,381,OP02-015,,Makino,UC,,521,486335,Makino,Makino,OP02-015,UC,,tcgcsv,high,113,market_number_eq_canonical_or_extracted;image_basename_number_agrees;set_code_match;rarity_match;card_name_substring_product;source_tcgcsv,0,OP02-015,OP02,4,4,operator_review,2,local-catalog,OP02-015::2,thumbs/OP02-015 (2).webp,,OP02,0,
1236,381,OP02-015,,Makino,UC,,521,486335,Makino,Makino,OP02-015,UC,,tcgcsv,high,113,market_number_eq_canonical_or_extracted;image_basename_number_agrees;set_code_match;rarity_match;card_name_substring_product;source_tcgcsv,0,OP02-015,OP02,4,4,alt,Alt,local-catalog,OP02-015::alt,thumbs/OP02-015(alt).webp,,OP02,0,
1237,381,OP02-015,,Makino,UC,,521,486335,Makino,Makino,OP02-015,UC,,tcgcsv,high,101,market_number_eq_canonical_or_extracted;image_basename_number_agrees;set_code_match;rarity_match;parallel_variant_no_parallel_market_penalty;card_name_substring_product;source_tcgcsv,0,OP02-015,OP02,4,4,parallel_1,Parallel 1,official-cardlist,OP02-015_p1,ANN1JP/parallel/OP02-015_p1.png,https://en.onepiece-cardgame.com/images/cardlist/card/OP02-015_p1.png?260305,OP02,0,Japanese 1st Anniversary Set
1240,381,OP02-015,,Makino,UC,,521,486335,Makino,Makino,OP02-015,UC,,tcgcsv,high,113,market_number_eq_canonical_or_extracted;image_basename_number_agrees;set_code_match;rarity_match;card_name_substring_product;source_tcgcsv,0,OP02-015,OP02,4,4,alt,Prb01Alt,local-catalog,OP02-015::prb01alt,thumbs/OP02-015(PRB01alt).webp,,OP02,0,
1258,384,OP02-018,,Marco,R,,3158,580978,Marco,Marco,OP02-018,R,,tcgcsv,high,113,market_number_eq_canonical_or_extracted;image_basename_number_agrees;set_code_match;rarity_match;card_name_substring_product;source_tcgcsv,0,OP02-018,ST15,9,9,r1,R1,official-cardlist,OP02-018_r1,ST15/reprint/OP02-018_r1.png,https://en.onepiece-cardgame.com/images/cardlist/card/OP02-018_r1.png?260305,ST15,0,-Red Edward.Newgate- [ST-15]
1262,385,OP02-019,,Rakuyo,UC,,3159,580979,Rakuyo,Rakuyo,OP02-019,UC,,tcgcsv,high,113,market_number_eq_canonical_or_extracted;image_basename_number_agrees;set_code_match;rarity_match;card_name_substring_product;source_tcgcsv,0,OP02-019,ST15,2,2,r1,R1,official-cardlist,OP02-019_r1,ST15/reprint/OP02-019_r1.png,https://en.onepiece-cardgame.com/images/cardlist/card/OP02-019_r1.png?260305,ST15,0,-Red Edward.Newgate- [ST-15]
1269,388,OP02-022,,Whitebeard Pirates,UC,,528,486342,Whitebeard Pirates,Whitebeard Pirates,OP02-022,UC,,tcgcsv,high,101,market_number_eq_canonical_or_extracted;image_basename_number_agrees;set_code_match;rarity_match;parallel_variant_no_parallel_market_penalty;card_name_substring_product;source_tcgcsv,0,OP02-022,OP02,3,3,parallel_1,Parallel 1,official-cardlist,OP02-022_p1,ST1520RE/parallel/OP02-022_p1.png,https://en.onepiece-cardgame.com/images/cardlist/card/OP02-022_p1.png?260305,OP02,0,ST15-20 Release Event
1290,395,OP02-029,,Carrot,R,,535,486349,Carrot,Carrot,OP02-029,R,,tcgcsv,high,113,market_number_eq_canonical_or_extracted;image_basename_number_agrees;set_code_match;rarity_match;card_name_substring_product;source_tcgcsv,0,OP02-029,OP02,1,1,alt,Alt,local-catalog,OP02-029::alt,thumbs/OP02-029(alt).webp,,OP02,0,
1302,399,OP02-033,,Jinbe,C,,539,486353,Jinbe,Jinbe,OP02-033,C,,tcgcsv,high,113,market_number_eq_canonical_or_extracted;image_basename_number_agrees;set_code_match;rarity_match;card_name_substring_product;source_tcgcsv,0,OP02-033,OP02,1,1,operator_review,2,local-catalog,OP02-033::2,thumbs/OP02-033 (2).webp,,OP02,0,
1306,400,OP02-034,,Tony Tony.Chopper,UC,,540,486354,Tony Tony.Chopper,Tony TonyChopper,OP02-034,UC,,tcgcsv,high,113,market_number_eq_canonical_or_extracted;image_basename_number_agrees;set_code_match;rarity_match;card_name_substring_product;source_tcgcsv,0,OP02-034,OP02,4,4,alt,Alt,local-catalog,OP02-034::alt,thumbs/OP02-034(alt).webp,,OP02,0,
1308,400,OP02-034,,Tony Tony.Chopper,UC,,540,486354,Tony Tony.Chopper,Tony TonyChopper,OP02-034,UC,,tcgcsv,high,101,market_number_eq_canonical_or_extracted;image_basename_number_agrees;set_code_match;rarity_match;parallel_variant_no_parallel_market_penalty;card_name_substring_product;source_tcgcsv,0,OP02-034,OP02,4,4,parallel_2,Parallel 2,official-cardlist,OP02-034_p2,ST1520RE/parallel/OP02-034_p2.png,https://en.onepiece-cardgame.com/images/cardlist/card/OP02-034_p2.png?260305,OP02,0,ST15-20 Release Event
1311,401,OP02-035,,Trafalgar Law,C,,541,486355,Trafalgar Law,Trafalgar Law,OP02-035,C,,tcgcsv,high,113,market_number_eq_canonical_or_extracted;image_basename_number_agrees;set_code_match;rarity_match;card_name_substring_product;source_tcgcsv,0,OP02-035,OP02,7,7,alt,Alt,local-catalog,OP02-035::alt,thumbs/OP02-035(alt).webp,,OP02,0,
1312,401,OP02-035,,Trafalgar Law,C,,541,486355,Trafalgar Law,Trafalgar Law,OP02-035,C,,tcgcsv,high,101,market_number_eq_canonical_or_extracted;image_basename_number_agrees;set_code_match;rarity_match;parallel_variant_no_parallel_market_penalty;card_name_substring_product;source_tcgcsv,0,OP02-035,OP02,7,7,parallel_1,Parallel 1,official-cardlist,OP02-035_p1,ORP01/parallel/OP02-035_p1.png,https://en.onepiece-cardgame.com/images/cardlist/card/OP02-035_p1.png?260305,OP02,0,Included in Online Regional Participation Pack Vol.1
1366,419,OP02-053,,Crocodile,C,,559,486392,Crocodile,Crocodile,OP02-053,C,,tcgcsv,high,113,market_number_eq_canonical_or_extracted;image_basename_number_agrees;set_code_match;rarity_match;card_name_substring_product;source_tcgcsv,0,OP02-053,OP02,7,7,alt,Alt,local-catalog,OP02-053::alt,thumbs/OP02-053(alt).webp,,OP02,0,
1369,420,OP02-054,,Gecko Moria,C,,3193,581009,Gecko Moria (OP02-054),Gecko Moria OP02 054,OP02-054,C,,tcgcsv,high,113,market_number_eq_canonical_or_extracted;image_basename_number_agrees;set_code_match;rarity_match;card_name_substring_product;source_tcgcsv,0,OP02-054,ST17,2,2,r1,R1,official-cardlist,OP02-054_r1,ST17/reprint/OP02-054_r1.png,https://en.onepiece-cardgame.com/images/cardlist/card/OP02-054_r1.png?260305,ST17,0,-Blue Donquixote Doflamingo- [ST-17]
1376,423,OP02-057,,Bartholomew Kuma,UC,,3194,581010,Bartholomew Kuma,Bartholomew Kuma,OP02-057,UC,,tcgcsv,high,113,market_number_eq_canonical_or_extracted;image_basename_number_agrees;set_code_match;rarity_match;card_name_substring_product;source_tcgcsv,0,OP02-057,ST17,2,2,r1,R1,official-cardlist,OP02-057_r1,ST17/reprint/OP02-057_r1.png,https://en.onepiece-cardgame.com/images/cardlist/card/OP02-057_r1.png?260305,ST17,0,-Blue Donquixote Doflamingo- [ST-17]
1397,429,OP02-063,,Mr.1(Daz.Bonez),UC,,568,486401,Mr.1 (Daz.Bonez),Mr1 DazBonez,OP02-063,UC,,tcgcsv,high,97,market_number_eq_canonical_or_extracted;set_code_match;rarity_match;name_token_overlap;source_tcgcsv,0,OP02-063,OP02,7,7,alt,Alt,local-catalog,OP02-063::alt,thumbs/OP02-063Alt.webp,,OP02,0,
1398,429,OP02-063,,Mr.1(Daz.Bonez),UC,,568,486401,Mr.1 (Daz.Bonez),Mr1 DazBonez,OP02-063,UC,,tcgcsv,high,97,market_number_eq_canonical_or_extracted;image_basename_number_agrees;set_code_match;rarity_match;parallel_variant_no_parallel_market_penalty;name_token_overlap;source_tcgcsv,0,OP02-063,OP02,7,7,parallel_1,Parallel 1,official-cardlist,OP02-063_p1,ORP2024V3/parallel/OP02-063_p1.png,https://en.onepiece-cardgame.com/images/cardlist/card/OP02-063_p1.png?260305,OP02,0,Offline Regional Participation Pack 2024 Vol. 3
1410,434,OP02-068,,Gum-Gum Rain,R,,573,486406,Gum-Gum Rain,Gum Gum Rain,OP02-068,R,,tcgcsv,high,113,market_number_eq_canonical_or_extracted;image_basename_number_agrees;set_code_match;rarity_match;card_name_substring_product;source_tcgcsv,0,OP02-068,OP02,3,3,alt,Prb02,local-catalog,OP02-068::prb02,thumbs/OP02-068(PRB02).webp,,OP02,0,
1454,451,OP02-085,,Magellan,SP CARD,,2261,516556,Magellan (SP),Magellan SP,OP02-085,SR,,tcgcsv,high,89,market_number_eq_canonical_or_extracted;image_basename_number_agrees;set_code_match;parallel_variant_no_parallel_market_penalty;card_name_substring_product;source_tcgcsv,0,OP02-085,OP04,3,3,parallel_2,Parallel 2,official-cardlist,OP02-085_p2,OP04/parallel/OP02-085_p2.png,https://en.onepiece-cardgame.com/images/cardlist/card/OP02-085_p2.png?260305,OP04,0,-KINGDOMS OF INTRIGUE- [OP04]
1469,455,OP02-089,,Judgment of Hell,R,,593,486456,Judgment of Hell,Judgment of Hell,OP02-089,R,,tcgcsv,high,113,market_number_eq_canonical_or_extracted;image_basename_number_agrees;set_code_match;rarity_match;card_name_substring_product;source_tcgcsv,0,OP02-089,OP02,4,4,alt,Prb01Alt,local-catalog,OP02-089::prb01alt,thumbs/OP02-089(PRB01alt).webp,,OP02,0,
1481,459,OP02-093,,Smoker,L,,3222,581036,Smoker (OP02-093),Smoker OP02 093,OP02-093,L,,tcgcsv,high,101,market_number_eq_canonical_or_extracted;image_basename_number_agrees;set_code_match;rarity_match;parallel_variant_no_parallel_market_penalty;card_name_substring_product;source_tcgcsv,0,OP02-093,ST19,3,3,parallel_2,Parallel 2,official-cardlist,OP02-093_p2,ST19/parallel/OP02-093_p2.png,https://en.onepiece-cardgame.com/images/cardlist/card/OP02-093_p2.png?260305,ST19,0,-Black Smoker- [ST-19]
1494,464,OP02-098,,Koby,R,,602,486474,Koby,Koby,OP02-098,R,,tcgcsv,high,101,market_number_eq_canonical_or_extracted;set_code_match;rarity_match;card_name_substring_product;source_tcgcsv,0,OP02-098,OP02,10,10,alt,Alt,local-catalog,OP02-098::alt,thumbs/OP02-098alt.webp,,OP02,0,
1495,464,OP02-098,,Koby,R,,602,486474,Koby,Koby,OP02-098,R,,tcgcsv,high,113,market_number_eq_canonical_or_extracted;image_basename_number_agrees;set_code_match;rarity_match;card_name_substring_product;source_tcgcsv,0,OP02-098,OP02,10,10,alt,Alt Art 2,local-catalog,OP02-098::alt art 2,thumbs/OP02-098(alt2).webp,,OP02,0,
1496,464,OP02-098,,Koby,R,,602,486474,Koby,Koby,OP02-098,R,,tcgcsv,high,101,market_number_eq_canonical_or_extracted;image_basename_number_agrees;set_code_match;rarity_match;parallel_variant_no_parallel_market_penalty;card_name_substring_product;source_tcgcsv,0,OP02-098,OP02,10,10,parallel_1,Parallel 1,official-cardlist,OP02-098_p1,ORP01/parallel/OP02-098_p1.png,https://en.onepiece-cardgame.com/images/cardlist/card/OP02-098_p1.png?260305,OP02,0,Included in Online Regional Participation Pack Vol.1
1497,464,OP02-098,,Koby,R,,3223,581037,Koby,Koby,OP02-098,R,,tcgcsv,high,113,market_number_eq_canonical_or_extracted;image_basename_number_agrees;set_code_match;rarity_match;card_name_substring_product;source_tcgcsv,0,OP02-098,ST19,10,10,r1,R1,official-cardlist,OP02-098_r1,ST19/reprint/OP02-098_r1.png,https://en.onepiece-cardgame.com/images/cardlist/card/OP02-098_r1.png?260305,ST19,0,-Black Smoker- [ST-19]
1502,465,OP02-099,,Sakazuki,SR,,2262,516557,Sakazuki (SP),Sakazuki SP,OP02-099,SR,,tcgcsv,high,101,market_number_eq_canonical_or_extracted;image_basename_number_agrees;set_code_match;rarity_match;parallel_variant_no_parallel_market_penalty;card_name_substring_product;source_tcgcsv,0,OP02-099,OP04,6,6,parallel_2,Parallel 2,official-cardlist,OP02-099_p2,OP04/parallel/OP02-099_p2.png,https://en.onepiece-cardgame.com/images/cardlist/card/OP02-099_p2.png?260305,OP04,0,-KINGDOMS OF INTRIGUE- [OP04]
1523,472,OP02-106,,Tsuru,UC,,608,486484,Tsuru,Tsuru,OP02-106,UC,,tcgcsv,high,113,market_number_eq_canonical_or_extracted;image_basename_number_agrees;set_code_match;rarity_match;card_name_substring_product;source_tcgcsv,0,OP02-106,OP02,9,9,alt,Alt,local-catalog,OP02-106::alt,thumbs/OP02-106(alt).webp,,OP02,0,
1524,472,OP02-106,,Tsuru,UC,,608,486484,Tsuru,Tsuru,OP02-106,UC,,tcgcsv,high,101,market_number_eq_canonical_or_extracted;set_code_match;rarity_match;card_name_substring_product;source_tcgcsv,0,OP02-106,OP02,9,9,alt,Alt Art 2,local-catalog,OP02-106::alt art 2,thumbs/OP02-106alt2.webp,,OP02,0,
1526,472,OP02-106,,Tsuru,UC,,608,486484,Tsuru,Tsuru,OP02-106,UC,,tcgcsv,high,101,market_number_eq_canonical_or_extracted;image_basename_number_agrees;set_code_match;rarity_match;parallel_variant_no_parallel_market_penalty;card_name_substring_product;source_tcgcsv,0,OP02-106,OP02,9,9,parallel_1,Parallel 1,official-cardlist,OP02-106_p1,EP02/parallel/OP02-106_p1.png,https://en.onepiece-cardgame.com/images/cardlist/card/OP02-106_p1.png?260305,OP02,0,Included in Event Pack Vol.2
1529,472,OP02-106,,Tsuru,UC,,608,486484,Tsuru,Tsuru,OP02-106,UC,,tcgcsv,high,101,market_number_eq_canonical_or_extracted;image_basename_number_agrees;set_code_match;rarity_match;parallel_variant_no_parallel_market_penalty;card_name_substring_product;source_tcgcsv,0,OP02-106,OP02,9,9,parallel_6,Parallel 6,official-cardlist,OP02-106_p6,BCV1/parallel/OP02-106_p6.png,https://en.onepiece-cardgame.com/images/cardlist/card/OP02-106_p6.png?260305,OP02,0,Premium Card Collection -Best Selection-
1530,472,OP02-106,,Tsuru,UC,,608,486484,Tsuru,Tsuru,OP02-106,UC,,tcgcsv,high,113,market_number_eq_canonical_or_extracted;image_basename_number_agrees;set_code_match;rarity_match;card_name_substring_product;source_tcgcsv,0,OP02-106,OP02,9,9,alt,Prb01Alt,local-catalog,OP02-106::prb01alt,thumbs/OP02-106(PRB01alt).webp,,OP02,0,
1531,472,OP02-106,,Tsuru,UC,,3224,581038,Tsuru,Tsuru,OP02-106,UC,,tcgcsv,high,113,market_number_eq_canonical_or_extracted;image_basename_number_agrees;set_code_match;rarity_match;card_name_substring_product;source_tcgcsv,0,OP02-106,ST19,9,9,r1,R1,official-cardlist,OP02-106_r1,ST19/reprint/OP02-106_r1.png,https://en.onepiece-cardgame.com/images/cardlist/card/OP02-106_r1.png?260305,ST19,0,-Black Smoker- [ST-19]
1540,474,OP02-108,,Donquixote Rosinante,C,,3225,581039,Donquixote Rosinante,Donquixote Rosinante,OP02-108,C,,tcgcsv,high,113,market_number_eq_canonical_or_extracted;image_basename_number_agrees;set_code_match;rarity_match;card_name_substring_product;source_tcgcsv,0,OP02-108,ST19,5,5,r1,R1,official-cardlist,OP02-108_r1,ST19/reprint/OP02-108_r1.png,https://en.onepiece-cardgame.com/images/cardlist/card/OP02-108_r1.png?260305,ST19,0,-Black Smoker- [ST-19]
1543,475,OP02-109,,Jaguar.D.Saul,C,,3226,581040,Jaguar.D.Saul,JaguarDSaul,OP02-109,C,,tcgcsv,high,113,market_number_eq_canonical_or_extracted;image_basename_number_agrees;set_code_match;rarity_match;card_name_substring_product;source_tcgcsv,0,OP02-109,ST19,2,2,r1,R1,official-cardlist,OP02-109_r1,ST19/reprint/OP02-109_r1.png,https://en.onepiece-cardgame.com/images/cardlist/card/OP02-109_r1.png?260305,ST19,0,-Black Smoker- [ST-19]
1545,476,OP02-110,,Hina,R,,612,486488,Hina,Hina,OP02-110,R,,tcgcsv,high,113,market_number_eq_canonical_or_extracted;image_basename_number_agrees;set_code_match;rarity_match;card_name_substring_product;source_tcgcsv,0,OP02-110,OP02,1,1,operator_review,2,local-catalog,OP02-110::2,thumbs/OP02-110 (2).webp,,OP02,0,
1549,478,OP02-112,,Bell-mere,UC,,614,486490,Bell-mere,Bell mere,OP02-112,UC,,tcgcsv,high,113,market_number_eq_canonical_or_extracted;image_basename_number_agrees;set_code_match;rarity_match;card_name_substring_product;source_tcgcsv,0,OP02-112,OP02,1,1,operator_review,2,local-catalog,OP02-112::2,thumbs/OP02-112 (2).webp,,OP02,0,
1552,479,OP02-113,,Helmeppo,UC,,3227,581041,Helmeppo,Helmeppo,OP02-113,UC,,tcgcsv,high,113,market_number_eq_canonical_or_extracted;image_basename_number_agrees;set_code_match;rarity_match;card_name_substring_product;source_tcgcsv,0,OP02-113,ST19,2,2,r1,R1,official-cardlist,OP02-113_r1,ST19/reprint/OP02-113_r1.png,https://en.onepiece-cardgame.com/images/cardlist/card/OP02-113_r1.png?260305,ST19,0,-Black Smoker- [ST-19]
1566,482,OP02-116,,Yamakaji,C,,3228,581042,Yamakaji,Yamakaji,OP02-116,C,,tcgcsv,high,113,market_number_eq_canonical_or_extracted;image_basename_number_agrees;set_code_match;rarity_match;card_name_substring_product;source_tcgcsv,0,OP02-116,ST19,2,2,r1,R1,official-cardlist,OP02-116_r1,ST19/reprint/OP02-116_r1.png,https://en.onepiece-cardgame.com/images/cardlist/card/OP02-116_r1.png?260305,ST19,0,-Black Smoker- [ST-19]
1569,483,OP02-117,,Ice Age,UC,,618,486494,Ice Age,Ice Age,OP02-117,UC,,tcgcsv,high,101,market_number_eq_canonical_or_extracted;set_code_match;rarity_match;card_name_substring_product;source_tcgcsv,0,OP02-117,OP02,4,4,alt,Alt,local-catalog,OP02-117::alt,thumbs/OP02-117alt.webp,,OP02,0,
1572,483,OP02-117,,Ice Age,UC,,618,486494,Ice Age,Ice Age,OP02-117,UC,,tcgcsv,high,101,market_number_eq_canonical_or_extracted;image_basename_number_agrees;set_code_match;rarity_match;parallel_variant_no_parallel_market_penalty;card_name_substring_product;source_tcgcsv,0,OP02-117,OP02,4,4,parallel_7,Parallel 7,official-cardlist,OP02-117_p7,OP02/parallel/OP02-117_p7.png,https://en.onepiece-cardgame.com/images/cardlist/card/OP02-117_p7.png?260305,OP02,0,
1584,486,OP02-120,,Uta,SP CARD,,2389,527038,Uta (SP),Uta SP,OP02-120,SEC,,tcgcsv,high,79,market_number_eq_canonical_or_extracted;image_basename_number_agrees;set_code_match;parallel_variant_no_parallel_market_penalty;source_tcgcsv,0,OP02-120,OP05,4,4,parallel_2,Parallel 2,official-cardlist,OP02-120_p2,OP05/parallel/OP02-120_p2.png,https://en.onepiece-cardgame.com/images/cardlist/card/OP02-120_p2.png?260305,OP05,0,-AWAKENING OF THE NEW ERA-[OP05]
1602,490,OP03-003,,Izo,R,,2959,545924,Izo (SP),Izo SP,OP03-003,R,,tcgcsv,high,91,market_number_eq_canonical_or_extracted;image_basename_number_agrees;set_code_match;rarity_match;parallel_variant_no_parallel_market_penalty;source_tcgcsv,0,OP03-003,OP07,7,7,parallel_1,Parallel 1,official-cardlist,OP03-003_p1,OP07/parallel/OP03-003_p1.png,https://en.onepiece-cardgame.com/images/cardlist/card/OP03-003_p1.png?260305,OP07,0,-500 YEARS IN THE FUTURE- [OP-07]
1606,490,OP03-003,,Izo,R,,2027,499881,Izo,Izo,OP03-003,R,,tcgcsv,high,103,market_number_eq_canonical_or_extracted;image_basename_number_agrees;set_code_match;rarity_match;source_tcgcsv,0,OP03-003,OP03,7,7,alt,Prb01Alt2,local-catalog,OP03-003::prb01alt2,thumbs/OP03-003(PRB01alt2).webp,,OP03,0,
1607,490,OP03-003,,Izo,R,,3160,580981,Izo,Izo,OP03-003,R,,tcgcsv,high,103,market_number_eq_canonical_or_extracted;image_basename_number_agrees;set_code_match;rarity_match;source_tcgcsv,0,OP03-003,ST15,7,7,r1,R1,official-cardlist,OP03-003_r1,ST15/reprint/OP03-003_r1.png,https://en.onepiece-cardgame.com/images/cardlist/card/OP03-003_r1.png?260305,ST15,0,-Red Edward.Newgate- [ST-15]
1609,490,OP03-003,,Izo,R,,2027,499881,Izo,Izo,OP03-003,R,,tcgcsv,high,91,market_number_eq_canonical_or_extracted;set_code_match;rarity_match;source_tcgcsv,0,OP03-003,OP03,7,7,sp,S P,local-catalog,OP03-003::s p,thumbs/OP03-003SP.webp,,OP03,0,
1611,491,OP03-004,,Curiel,C,,2028,499882,Curiel,Curiel,OP03-004,C,,tcgcsv,high,113,market_number_eq_canonical_or_extracted;image_basename_number_agrees;set_code_match;rarity_match;card_name_substring_product;source_tcgcsv,0,OP03-004,OP03,1,1,operator_review,2,local-catalog,OP03-004::2,thumbs/OP03-004 (2).webp,,OP03,0,
1616,493,OP03-006,,Speed Jil,C,,2030,499884,Speed Jil,Speed Jil,OP03-006,C,,tcgcsv,high,101,market_number_eq_canonical_or_extracted;set_code_match;rarity_match;card_name_substring_product;source_tcgcsv,0,OP03-006,OP03,3,3,alt,Alt,local-catalog,OP03-006::alt,thumbs/OP03-006alt.webp,,OP03,0,
1617,493,OP03-006,,Speed Jil,C,,3161,580982,Speed Jil,Speed Jil,OP03-006,C,,tcgcsv,high,113,market_number_eq_canonical_or_extracted;image_basename_number_agrees;set_code_match;rarity_match;card_name_substring_product;source_tcgcsv,0,OP03-006,ST15,3,3,r1,R1,official-cardlist,OP03-006_r1,ST15/reprint/OP03-006_r1.png,https://en.onepiece-cardgame.com/images/cardlist/card/OP03-006_r1.png?260305,ST15,0,-Red Edward.Newgate- [ST-15]
1620,494,OP03-007,,Namule,C,,3162,580983,Namule,Namule,OP03-007,C,,tcgcsv,high,113,market_number_eq_canonical_or_extracted;image_basename_number_agrees;set_code_match;rarity_match;card_name_substring_product;source_tcgcsv,0,OP03-007,ST15,2,2,r1,R1,official-cardlist,OP03-007_r1,ST15/reprint/OP03-007_r1.png,https://en.onepiece-cardgame.com/images/cardlist/card/OP03-007_r1.png?260305,ST15,0,-Red Edward.Newgate- [ST-15]
1623,495,OP03-008,,Buggy,UC,,2032,499886,Buggy (008),Buggy 008,OP03-008,UC,,tcgcsv,high,101,market_number_eq_canonical_or_extracted;set_code_match;rarity_match;card_name_substring_product;source_tcgcsv,0,OP03-008,OP03,5,5,sp,Alt SP,local-catalog,OP03-008::alt sp,thumbs/OP03-008alt(SP).webp,,OP03,0,
1624,495,OP03-008,,Buggy,UC,,2695,541665,Buggy (SP),Buggy SP,OP03-008,UC,,tcgcsv,high,101,market_number_eq_canonical_or_extracted;image_basename_number_agrees;set_code_match;rarity_match;parallel_variant_no_parallel_market_penalty;card_name_substring_product;source_tcgcsv,0,OP03-008,OP06,5,5,parallel_1,Parallel 1,official-cardlist,OP03-008_p1,OP06/parallel/OP03-008_p1.png,https://en.onepiece-cardgame.com/images/cardlist/card/OP03-008_p1.png?260305,OP06,0,-WINGS OF THE CAPTAIN-[OP06]
1632,497,OP03-010,,Fossa,C,,3163,580985,Fossa,Fossa,OP03-010,C,,tcgcsv,high,113,market_number_eq_canonical_or_extracted;image_basename_number_agrees;set_code_match;rarity_match;card_name_substring_product;source_tcgcsv,0,OP03-010,ST15,2,2,r1,R1,official-cardlist,OP03-010_r1,ST15/reprint/OP03-010_r1.png,https://en.onepiece-cardgame.com/images/cardlist/card/OP03-010_r1.png?260305,ST15,0,-Red Edward.Newgate- [ST-15]
1636,499,OP03-012,,Marshall.D.Teach,R,,2036,499890,Marshall.D.Teach,MarshallDTeach,OP03-012,R,,tcgcsv,high,113,market_number_eq_canonical_or_extracted;image_basename_number_agrees;set_code_match;rarity_match;card_name_substring_product;source_tcgcsv,0,OP03-012,OP03,1,1,operator_review,2,local-catalog,OP03-012::2,thumbs/OP03-012 (2).webp,,OP03,0,
1690,518,OP03-031,,Pearl,C,,2049,499903,Pearl,Pearl,OP03-031,C,,tcgcsv,high,101,market_number_eq_canonical_or_extracted;set_code_match;rarity_match;card_name_substring_product;source_tcgcsv,0,OP03-031,OP03,2,2,alt,Alt,local-catalog,OP03-031::alt,thumbs/OP03-031alt.webp,,OP03,0,
1693,519,OP03-032,,Buggy,C,,2050,499904,Buggy (032),Buggy 032,OP03-032,C,,tcgcsv,high,101,market_number_eq_canonical_or_extracted;set_code_match;rarity_match;card_name_substring_product;source_tcgcsv,0,OP03-032,OP03,2,2,alt,Alt,local-catalog,OP03-032::alt,thumbs/OP03-032alt.webp,,OP03,0,
1696,520,OP03-033,,Hatchan,UC,,2051,499905,Hatchan,Hatchan,OP03-033,UC,,tcgcsv,high,101,market_number_eq_canonical_or_extracted;set_code_match;rarity_match;card_name_substring_product;source_tcgcsv,0,OP03-033,OP03,4,4,alt,Alt,local-catalog,OP03-033::alt,thumbs/OP03-033alt.webp,,OP03,0,
1697,520,OP03-033,,Hatchan,UC,,2051,499905,Hatchan,Hatchan,OP03-033,UC,,tcgcsv,high,101,market_number_eq_canonical_or_extracted;image_basename_number_agrees;set_code_match;rarity_match;parallel_variant_no_parallel_market_penalty;card_name_substring_product;source_tcgcsv,0,OP03-033,OP03,4,4,parallel_1,Parallel 1,official-cardlist,OP03-033_p1,TP06/parallel/OP03-033_p1.png,https://en.onepiece-cardgame.com/images/cardlist/card/OP03-033_p1.png?260305,OP03,0,Tournament Pack Vol.6
1698,520,OP03-033,,Hatchan,UC,,2051,499905,Hatchan,Hatchan,OP03-033,UC,,tcgcsv,high,113,market_number_eq_canonical_or_extracted;image_basename_number_agrees;set_code_match;rarity_match;card_name_substring_product;source_tcgcsv,0,OP03-033,OP03,4,4,alt,Winner Alt,local-catalog,OP03-033::winner alt,thumbs/OP03-033 Winner alt.webp,,OP03,0,
1725,531,OP03-044,,Kaya,R,,2060,499973,Kaya,Kaya,OP03-044,R,,tcgcsv,high,113,market_number_eq_canonical_or_extracted;image_basename_number_agrees;set_code_match;rarity_match;card_name_substring_product;source_tcgcsv,0,OP03-044,OP03,6,6,promo,2Nd Anniversary Alt,local-catalog,OP03-044::2nd anniversary alt,thumbs/OP03-044(2nd Anniversary alt).webp,,OP03,0,
1726,531,OP03-044,,Kaya,R,,2060,499973,Kaya,Kaya,OP03-044,R,,tcgcsv,high,101,market_number_eq_canonical_or_extracted;set_code_match;rarity_match;card_name_substring_product;source_tcgcsv,0,OP03-044,OP03,6,6,alt,Alt,local-catalog,OP03-044::alt,thumbs/OP03-044alt.webp,,OP03,0,
1727,531,OP03-044,,Kaya,R,,2060,499973,Kaya,Kaya,OP03-044,R,,tcgcsv,high,101,market_number_eq_canonical_or_extracted;set_code_match;rarity_match;card_name_substring_product;source_tcgcsv,0,OP03-044,OP03,6,6,alt,Alt Art 2,local-catalog,OP03-044::alt art 2,thumbs/OP03-044alt2.webp,,OP03,0,
1728,531,OP03-044,,Kaya,R,,2060,499973,Kaya,Kaya,OP03-044,R,,tcgcsv,high,101,market_number_eq_canonical_or_extracted;image_basename_number_agrees;set_code_match;rarity_match;parallel_variant_no_parallel_market_penalty;card_name_substring_product;source_tcgcsv,0,OP03-044,OP03,6,6,parallel_1,Parallel 1,official-cardlist,OP03-044_p1,TP06/parallel/OP03-044_p1.png,https://en.onepiece-cardgame.com/images/cardlist/card/OP03-044_p1.png?260305,OP03,0,Tournament Pack Vol.6
1729,531,OP03-044,,Kaya,R,,2060,499973,Kaya,Kaya,OP03-044,R,,tcgcsv,high,101,market_number_eq_canonical_or_extracted;image_basename_number_agrees;set_code_match;rarity_match;parallel_variant_no_parallel_market_penalty;card_name_substring_product;source_tcgcsv,0,OP03-044,OP03,6,6,parallel_2,Parallel 2,official-cardlist,OP03-044_p2,ANN2JP/parallel/OP03-044_p2.png,https://en.onepiece-cardgame.com/images/cardlist/card/OP03-044_p2.png?260305,OP03,0,Japanese 2nd Anniversary Set
1730,531,OP03-044,,Kaya,R,,4818,656013,Kaya (Reprint),Kaya Reprint,OP03-044,R,,tcgcsv,high,113,market_number_eq_canonical_or_extracted;image_basename_number_agrees;set_code_match;rarity_match;card_name_substring_product;source_tcgcsv,0,OP03-044,PRB02,6,6,r1,R1,official-cardlist,OP03-044_r1,PRB02/reprint/OP03-044_r1.png,https://en.onepiece-cardgame.com/images/cardlist/card/OP03-044_r1.png?260305,PRB02,0,-ONE PIECE CARD THE BEST vol.2- [PRB-02]
1731,531,OP03-044,,Kaya,R,,2060,499973,Kaya,Kaya,OP03-044,R,,tcgcsv,high,113,market_number_eq_canonical_or_extracted;image_basename_number_agrees;set_code_match;rarity_match;card_name_substring_product;source_tcgcsv,0,OP03-044,OP03,6,6,alt,Winner Alt,local-catalog,OP03-044::winner alt,thumbs/OP03-044 Winner alt.webp,,OP03,0,
1758,542,OP03-055,,Gum-Gum Giant Gavel,C,,2070,499985,Gum-Gum Giant Gavel,Gum Gum Giant Gavel,OP03-055,C,,tcgcsv,high,101,market_number_eq_canonical_or_extracted;set_code_match;rarity_match;card_name_substring_product;source_tcgcsv,0,OP03-055,OP03,4,4,alt,Alt,local-catalog,OP03-055::alt,thumbs/OP03-055alt.webp,,OP03,0,
1767,543,OP03-056,,Sanji's Pilaf,UC,,2071,499986,Sanji's Pilaf,Sanjis Pilaf,OP03-056,UC,,tcgcsv,high,113,market_number_eq_canonical_or_extracted;image_basename_number_agrees;set_code_match;rarity_match;card_name_substring_product;source_tcgcsv,0,OP03-056,OP03,4,4,alt,Prb01Alt,local-catalog,OP03-056::prb01alt,thumbs/OP03-056(PRB01alt).webp,,OP03,0,
1774,544,OP03-057,,Three Thousand Worlds,R,,2072,499988,Three Thousand Worlds,Three Thousand Worlds,OP03-057,R,,tcgcsv,high,113,market_number_eq_canonical_or_extracted;image_basename_number_agrees;set_code_match;rarity_match;card_name_substring_product;source_tcgcsv,0,OP03-057,OP03,5,5,alt,Prb01Alt,local-catalog,OP03-057::prb01alt,thumbs/OP03-057(PRB01alt).webp,,OP03,0,
1786,547,OP03-060,,Kalifa,UC,,2074,499992,Kalifa (060),Kalifa 060,OP03-060,UC,,tcgcsv,high,113,market_number_eq_canonical_or_extracted;image_basename_number_agrees;set_code_match;rarity_match;card_name_substring_product;source_tcgcsv,0,OP03-060,OP03,4,4,alt,Prb01Alt,local-catalog,OP03-060::prb01alt,thumbs/OP03-060(PRB01alt).webp,,OP03,0,
1808,556,OP03-069,,Minorhinoceros,C,,2082,500008,Minorhinoceros,Minorhinoceros,OP03-069,C,,tcgcsv,high,101,market_number_eq_canonical_or_extracted;set_code_match;rarity_match;card_name_substring_product;source_tcgcsv,0,OP03-069,OP03,7,7,alt,Alt Art 2,local-catalog,OP03-069::alt art 2,thumbs/OP03-069alt2.webp,,OP03,0,
1811,557,OP03-070,,Monkey.D.Luffy,R,,2083,500009,Monkey.D.Luffy,MonkeyDLuffy,OP03-070,R,,tcgcsv,high,101,market_number_eq_canonical_or_extracted;set_code_match;rarity_match;card_name_substring_product;source_tcgcsv,0,OP03-070,OP03,3,3,alt,Alt,local-catalog,OP03-070::alt,thumbs/OP03-070alt.webp,,OP03,0,
1817,559,OP03-072,,Gum-Gum Jet Gatling,R,,2085,500011,Gum-Gum Jet Gatling,Gum Gum Jet Gatling,OP03-072,R,,tcgcsv,high,113,market_number_eq_canonical_or_extracted;image_basename_number_agrees;set_code_match;rarity_match;card_name_substring_product;source_tcgcsv,0,OP03-072,OP03,3,3,alt,Prb02,local-catalog,OP03-072::prb02,thumbs/OP03-072(PRB02).webp,,OP03,0,
1837,565,OP03-078,,Issho,SP CARD,,2960,545925,Issho (SP),Issho SP,OP03-078,SR,,tcgcsv,high,89,market_number_eq_canonical_or_extracted;image_basename_number_agrees;set_code_match;parallel_variant_no_parallel_market_penalty;card_name_substring_product;source_tcgcsv,0,OP03-078,OP07,3,3,parallel_2,Parallel 2,official-cardlist,OP03-078_p2,OP07/parallel/OP03-078_p2.png,https://en.onepiece-cardgame.com/images/cardlist/card/OP03-078_p2.png?260305,OP07,0,-500 YEARS IN THE FUTURE- [OP-07]
1843,566,OP03-079,,Vergo,UC,,2089,500016,Vergo,Vergo,OP03-079,UC,,tcgcsv,high,113,market_number_eq_canonical_or_extracted;image_basename_number_agrees;set_code_match;rarity_match;card_name_substring_product;source_tcgcsv,0,OP03-079,OP03,5,5,alt,Prb01Alt,local-catalog,OP03-079::prb01alt,thumbs/OP03-079(PRB01alt).webp,,OP03,0,
1844,566,OP03-079,,Vergo,UC,,3229,581044,Vergo,Vergo,OP03-079,UC,,tcgcsv,high,113,market_number_eq_canonical_or_extracted;image_basename_number_agrees;set_code_match;rarity_match;card_name_substring_product;source_tcgcsv,0,OP03-079,ST19,5,5,r1,R1,official-cardlist,OP03-079_r1,ST19/reprint/OP03-079_r1.png,https://en.onepiece-cardgame.com/images/cardlist/card/OP03-079_r1.png?260305,ST19,0,-Black Smoker- [ST-19]
1871,575,OP03-088,,Fukurou,UC,,2101,500036,Fukurou,Fukurou,OP03-088,UC,,tcgcsv,high,101,market_number_eq_canonical_or_extracted;set_code_match;rarity_match;card_name_substring_product;source_tcgcsv,0,OP03-088,OP03,5,5,alt,Alt,local-catalog,OP03-088::alt,thumbs/OP03-088alt.webp,,OP03,0,
1872,575,OP03-088,,Fukurou,UC,,2101,500036,Fukurou,Fukurou,OP03-088,UC,,tcgcsv,high,101,market_number_eq_canonical_or_extracted;set_code_match;rarity_match;card_name_substring_product;source_tcgcsv,0,OP03-088,OP03,5,5,alt,Alt Art 2,local-catalog,OP03-088::alt art 2,thumbs/OP03-088alt2.webp,,OP03,0,
1873,575,OP03-088,,Fukurou,UC,,2101,500036,Fukurou,Fukurou,OP03-088,UC,,tcgcsv,high,101,market_number_eq_canonical_or_extracted;set_code_match;rarity_match;card_name_substring_product;source_tcgcsv,0,OP03-088,OP03,5,5,alt,Alt Art 3,local-catalog,OP03-088::alt art 3,thumbs/OP03-088alt3.webp,,OP03,0,
1874,575,OP03-088,,Fukurou,UC,,2101,500036,Fukurou,Fukurou,OP03-088,UC,,tcgcsv,high,101,market_number_eq_canonical_or_extracted;image_basename_number_agrees;set_code_match;rarity_match;parallel_variant_no_parallel_market_penalty;card_name_substring_product;source_tcgcsv,0,OP03-088,OP03,5,5,parallel_1,Parallel 1,official-cardlist,OP03-088_p1,TP06/parallel/OP03-088_p1.png,https://en.onepiece-cardgame.com/images/cardlist/card/OP03-088_p1.png?260305,OP03,0,Tournament Pack Vol.6
1875,575,OP03-088,,Fukurou,UC,,2101,500036,Fukurou,Fukurou,OP03-088,UC,,tcgcsv,high,101,market_number_eq_canonical_or_extracted;image_basename_number_agrees;set_code_match;rarity_match;parallel_variant_no_parallel_market_penalty;card_name_substring_product;source_tcgcsv,0,OP03-088,OP03,5,5,parallel_2,Parallel 2,official-cardlist,OP03-088_p2,_unclassified/parallel/OP03-088_p2.png,https://en.onepiece-cardgame.com/images/cardlist/card/OP03-088_p2.png?260305,OP03,0,Premium Card Collection -BANDAI CARD GAMES Fest. 23-24 Edition-
1878,576,OP03-089,,Brannew,R,,2102,500037,Brannew,Brannew,OP03-089,R,,tcgcsv,high,113,market_number_eq_canonical_or_extracted;image_basename_number_agrees;set_code_match;rarity_match;card_name_substring_product;source_tcgcsv,0,OP03-089,OP03,12,12,alt,Alt,local-catalog,OP03-089::alt,thumbs/OP03-089(alt).webp,,OP03,0,
1879,576,OP03-089,,Brannew,R,,2102,500037,Brannew,Brannew,OP03-089,R,,tcgcsv,high,101,market_number_eq_canonical_or_extracted;image_basename_number_agrees;set_code_match;rarity_match;parallel_variant_no_parallel_market_penalty;card_name_substring_product;source_tcgcsv,0,OP03-089,OP03,12,12,parallel_1,Parallel 1,official-cardlist,OP03-089_p1,ORP2024V1/parallel/OP03-089_p1.png,https://en.onepiece-cardgame.com/images/cardlist/card/OP03-089_p1.png?260305,OP03,0,Offline Regional Participation Pack 2024 Vol. 1
1883,576,OP03-089,,Brannew,R,,2102,500037,Brannew,Brannew,OP03-089,R,,tcgcsv,high,113,market_number_eq_canonical_or_extracted;image_basename_number_agrees;set_code_match;rarity_match;card_name_substring_product;source_tcgcsv,0,OP03-089,OP03,12,12,alt,Prb01Alt2,local-catalog,OP03-089::prb01alt2,thumbs/OP03-089(PRB01alt2).webp,,OP03,0,
1884,576,OP03-089,,Brannew,R,,2102,500037,Brannew,Brannew,OP03-089,R,,tcgcsv,high,113,market_number_eq_canonical_or_extracted;image_basename_number_agrees;set_code_match;rarity_match;card_name_substring_product;source_tcgcsv,0,OP03-089,OP03,12,12,alt,Prb01Alt2 1,local-catalog,OP03-089::prb01alt2 1,thumbs/OP03-089(PRB01alt2) (1).webp,,OP03,0,
1885,576,OP03-089,,Brannew,R,,3230,581045,Brannew,Brannew,OP03-089,R,,tcgcsv,high,113,market_number_eq_canonical_or_extracted;image_basename_number_agrees;set_code_match;rarity_match;card_name_substring_product;source_tcgcsv,0,OP03-089,ST19,12,12,r1,R1,official-cardlist,OP03-089_r1,ST19/reprint/OP03-089_r1.png,https://en.onepiece-cardgame.com/images/cardlist/card/OP03-089_r1.png?260305,ST19,0,-Black Smoker- [ST-19]
1896,579,OP03-092,,Rob Lucci,SP CARD,,2390,527040,Rob Lucci (092) (SP),Rob Lucci 092 SP,OP03-092,SR,,tcgcsv,high,89,market_number_eq_canonical_or_extracted;image_basename_number_agrees;set_code_match;parallel_variant_no_parallel_market_penalty;card_name_substring_product;source_tcgcsv,0,OP03-092,OP05,3,3,parallel_2,Parallel 2,official-cardlist,OP03-092_p2,OP05/parallel/OP03-092_p2.png,https://en.onepiece-cardgame.com/images/cardlist/card/OP03-092_p2.png?260305,OP05,0,-AWAKENING OF THE NEW ERA-[OP05]
1910,584,OP03-097,,Six King Pistol,R,,4825,656020,Six King Pistol (Reprint),Six King Pistol Reprint,OP03-097,R,,tcgcsv,high,113,market_number_eq_canonical_or_extracted;image_basename_number_agrees;set_code_match;rarity_match;card_name_substring_product;source_tcgcsv,0,OP03-097,PRB02,2,2,r1,R1,official-cardlist,OP03-097_r1,PRB02/reprint/OP03-097_r1.png,https://en.onepiece-cardgame.com/images/cardlist/card/OP03-097_r1.png?260305,PRB02,0,-ONE PIECE CARD THE BEST vol.2- [PRB-02]
1917,586,OP03-099,,Charlotte Katakuri,L,,3239,581051,Charlotte Katakuri (OP03-099),Charlotte Katakuri OP03 099,OP03-099,L,,tcgcsv,high,101,market_number_eq_canonical_or_extracted;image_basename_number_agrees;set_code_match;rarity_match;parallel_variant_no_parallel_market_penalty;card_name_substring_product;source_tcgcsv,0,OP03-099,ST20,3,3,parallel_2,Parallel 2,official-cardlist,OP03-099_p2,ST20/parallel/OP03-099_p2.png,https://en.onepiece-cardgame.com/images/cardlist/card/OP03-099_p2.png?260305,ST20,0,-Yellow Charlotte Katakuri- [ST-20]
1925,589,OP03-102,,Sanji,R,,2114,500063,Sanji,Sanji,OP03-102,R,,tcgcsv,high,113,market_number_eq_canonical_or_extracted;image_basename_number_agrees;set_code_match;rarity_match;card_name_substring_product;source_tcgcsv,0,OP03-102,OP03,9,9,alt,Alt,local-catalog,OP03-102::alt,thumbs/OP03-102(alt).webp,,OP03,0,
1926,589,OP03-102,,Sanji,R,,2114,500063,Sanji,Sanji,OP03-102,R,,tcgcsv,high,101,market_number_eq_canonical_or_extracted;set_code_match;rarity_match;card_name_substring_product;source_tcgcsv,0,OP03-102,OP03,9,9,alt,Alt Art 2,local-catalog,OP03-102::alt art 2,thumbs/OP03-102alt2.webp,,OP03,0,
1927,589,OP03-102,,Sanji,R,,2114,500063,Sanji,Sanji,OP03-102,R,,tcgcsv,high,101,market_number_eq_canonical_or_extracted;image_basename_number_agrees;set_code_match;rarity_match;parallel_variant_no_parallel_market_penalty;card_name_substring_product;source_tcgcsv,0,OP03-102,OP03,9,9,parallel_1,Parallel 1,official-cardlist,OP03-102_p1,ORP2024V1/parallel/OP03-102_p1.png,https://en.onepiece-cardgame.com/images/cardlist/card/OP03-102_p1.png?260305,OP03,0,Offline Regional Participation Pack 2024 Vol. 1
1928,589,OP03-102,,Sanji,R,,2114,500063,Sanji,Sanji,OP03-102,R,,tcgcsv,high,101,market_number_eq_canonical_or_extracted;image_basename_number_agrees;set_code_match;rarity_match;parallel_variant_no_parallel_market_penalty;card_name_substring_product;source_tcgcsv,0,OP03-102,OP03,9,9,parallel_2,Parallel 2,official-cardlist,OP03-102_p2,_unclassified/parallel/OP03-102_p2.png,https://en.onepiece-cardgame.com/images/cardlist/card/OP03-102_p2.png?260305,OP03,0,Premium Card Collection -BANDAI CARD GAMES Fest. 23-24 Edition-
1937,593,OP03-106,,Charlotte Opera,C,,3240,581052,Charlotte Opera,Charlotte Opera,OP03-106,C,,tcgcsv,high,113,market_number_eq_canonical_or_extracted;image_basename_number_agrees;set_code_match;rarity_match;card_name_substring_product;source_tcgcsv,0,OP03-106,ST20,2,2,r1,R1,official-cardlist,OP03-106_r1,ST20/reprint/OP03-106_r1.png,https://en.onepiece-cardgame.com/images/cardlist/card/OP03-106_r1.png?260305,ST20,0,-Yellow Charlotte Katakuri- [ST-20]
1940,594,OP03-107,,Charlotte Galette,C,,3241,581053,Charlotte Galette,Charlotte Galette,OP03-107,C,,tcgcsv,high,113,market_number_eq_canonical_or_extracted;image_basename_number_agrees;set_code_match;rarity_match;card_name_substring_product;source_tcgcsv,0,OP03-107,ST20,2,2,r1,R1,official-cardlist,OP03-107_r1,ST20/reprint/OP03-107_r1.png,https://en.onepiece-cardgame.com/images/cardlist/card/OP03-107_r1.png?260305,ST20,0,-Yellow Charlotte Katakuri- [ST-20]
1955,597,OP03-110,,Charlotte Smoothie,R,,2123,500083,Charlotte Smoothie,Charlotte Smoothie,OP03-110,R,,tcgcsv,high,113,market_number_eq_canonical_or_extracted;image_basename_number_agrees;set_code_match;rarity_match;card_name_substring_product;source_tcgcsv,0,OP03-110,OP03,6,6,alt,Prb01Alt,local-catalog,OP03-110::prb01alt,thumbs/OP03-110(PRB01alt).webp,,OP03,0,
1956,597,OP03-110,,Charlotte Smoothie,R,,2123,500083,Charlotte Smoothie,Charlotte Smoothie,OP03-110,R,,tcgcsv,high,113,market_number_eq_canonical_or_extracted;image_basename_number_agrees;set_code_match;rarity_match;card_name_substring_product;source_tcgcsv,0,OP03-110,OP03,6,6,alt,Prb01Alt2,local-catalog,OP03-110::prb01alt2,thumbs/OP03-110(PRB01alt2).webp,,OP03,0,
1957,597,OP03-110,,Charlotte Smoothie,R,,3242,581054,Charlotte Smoothie,Charlotte Smoothie,OP03-110,R,,tcgcsv,high,113,market_number_eq_canonical_or_extracted;image_basename_number_agrees;set_code_match;rarity_match;card_name_substring_product;source_tcgcsv,0,OP03-110,ST20,6,6,r1,R1,official-cardlist,OP03-110_r1,ST20/reprint/OP03-110_r1.png,https://en.onepiece-cardgame.com/images/cardlist/card/OP03-110_r1.png?260305,ST20,0,-Yellow Charlotte Katakuri- [ST-20]
1969,599,OP03-112,,Charlotte Pudding,SP CARD,,2976,558020,Charlotte Pudding (SP),Charlotte Pudding SP,OP03-112,R,,tcgcsv,high,89,market_number_eq_canonical_or_extracted;image_basename_number_agrees;set_code_match;parallel_variant_no_parallel_market_penalty;card_name_substring_product;source_tcgcsv,0,OP03-112,OP08,9,9,parallel_4,Parallel 4,official-cardlist,OP03-112_p4,OP08/parallel/OP03-112_p4.png,https://en.onepiece-cardgame.com/images/cardlist/card/OP03-112_p4.png?260305,OP08,0,-TWO LEGENDS- [OP-08]
1971,599,OP03-112,,Charlotte Pudding,SP CARD,,3243,581055,Charlotte Pudding (OP03-112),Charlotte Pudding OP03 112,OP03-112,R,,tcgcsv,high,101,market_number_eq_canonical_or_extracted;image_basename_number_agrees;set_code_match;card_name_substring_product;source_tcgcsv,0,OP03-112,ST20,9,9,r1,R1,official-cardlist,OP03-112_r1,ST20/reprint/OP03-112_r1.png,https://en.onepiece-cardgame.com/images/cardlist/card/OP03-112_r1.png?260305,ST20,0,-Yellow Charlotte Katakuri- [ST-20]
1986,601,OP03-114,,Charlotte Linlin,SP CARD,,2696,541666,Charlotte Linlin (SP),Charlotte Linlin SP,OP03-114,SR,,tcgcsv,high,89,market_number_eq_canonical_or_extracted;image_basename_number_agrees;set_code_match;parallel_variant_no_parallel_market_penalty;card_name_substring_product;source_tcgcsv,0,OP03-114,OP06,4,4,parallel_2,Parallel 2,official-cardlist,OP03-114_p2,OP06/parallel/OP03-114_p2.png,https://en.onepiece-cardgame.com/images/cardlist/card/OP03-114_p2.png?260305,OP06,0,-WINGS OF THE CAPTAIN-[OP06]
1993,603,OP03-116,,Shirahoshi,UC,,2132,500095,Shirahoshi,Shirahoshi,OP03-116,UC,,tcgcsv,high,101,market_number_eq_canonical_or_extracted;set_code_match;rarity_match;card_name_substring_product;source_tcgcsv,0,OP03-116,OP03,12,12,alt,Alt,local-catalog,OP03-116::alt,thumbs/OP03-116alt.webp,,OP03,0,
1994,603,OP03-116,,Shirahoshi,UC,,2132,500095,Shirahoshi,Shirahoshi,OP03-116,UC,,tcgcsv,high,101,market_number_eq_canonical_or_extracted;set_code_match;rarity_match;card_name_substring_product;source_tcgcsv,0,OP03-116,OP03,12,12,alt,Alt Art 2,local-catalog,OP03-116::alt art 2,thumbs/OP03-116alt2.webp,,OP03,0,
1995,603,OP03-116,,Shirahoshi,UC,,2132,500095,Shirahoshi,Shirahoshi,OP03-116,UC,,tcgcsv,high,101,market_number_eq_canonical_or_extracted;image_basename_number_agrees;set_code_match;rarity_match;parallel_variant_no_parallel_market_penalty;card_name_substring_product;source_tcgcsv,0,OP03-116,OP03,12,12,parallel_1,Parallel 1,official-cardlist,OP03-116_p1,TP06/parallel/OP03-116_p1.png,https://en.onepiece-cardgame.com/images/cardlist/card/OP03-116_p1.png?260305,OP03,0,Tournament Pack Vol.6
1996,603,OP03-116,,Shirahoshi,UC,,2132,500095,Shirahoshi,Shirahoshi,OP03-116,UC,,tcgcsv,high,101,market_number_eq_canonical_or_extracted;image_basename_number_agrees;set_code_match;rarity_match;parallel_variant_no_parallel_market_penalty;card_name_substring_product;source_tcgcsv,0,OP03-116,OP03,12,12,parallel_2,Parallel 2,official-cardlist,OP03-116_p2,REG2024W3/parallel/OP03-116_p2.png,https://en.onepiece-cardgame.com/images/cardlist/card/OP03-116_p2.png?260305,OP03,0,Regionals Wave 3
1997,603,OP03-116,,Shirahoshi,UC,,2132,500095,Shirahoshi,Shirahoshi,OP03-116,UC,,tcgcsv,high,101,market_number_eq_canonical_or_extracted;image_basename_number_agrees;set_code_match;rarity_match;parallel_variant_no_parallel_market_penalty;card_name_substring_product;source_tcgcsv,0,OP03-116,OP03,12,12,parallel_3,Parallel 3,official-cardlist,OP03-116_p3,ST1520RE/parallel/OP03-116_p3.png,https://en.onepiece-cardgame.com/images/cardlist/card/OP03-116_p3.png?260305,OP03,0,ST15-20 Release Event
2000,603,OP03-116,,Shirahoshi,UC,,2132,500095,Shirahoshi,Shirahoshi,OP03-116,UC,,tcgcsv,high,101,market_number_eq_canonical_or_extracted;image_basename_number_agrees;set_code_match;rarity_match;parallel_variant_no_parallel_market_penalty;card_name_substring_product;source_tcgcsv,0,OP03-116,OP03,12,12,parallel_7,Parallel 7,official-cardlist,OP03-116_p7,_unclassified/parallel/OP03-116_p7.png,https://en.onepiece-cardgame.com/images/cardlist/card/OP03-116_p7.png?260305,OP03,0,Premium Card Collection -BANDAI CARD GAMES Fest. 23-24 Edition-
2002,603,OP03-116,,Shirahoshi,UC,,2132,500095,Shirahoshi,Shirahoshi,OP03-116,UC,,tcgcsv,high,113,market_number_eq_canonical_or_extracted;image_basename_number_agrees;set_code_match;rarity_match;card_name_substring_product;source_tcgcsv,0,OP03-116,OP03,12,12,alt,Winner Alt,local-catalog,OP03-116::winner alt,thumbs/OP03-116 winner alt.webp,,OP03,0,
2014,608,OP03-121,,Thunder Bolt,C,,2137,500112,Thunder Bolt,Thunder Bolt,OP03-121,C,,tcgcsv,high,101,market_number_eq_canonical_or_extracted;set_code_match;rarity_match;card_name_substring_product;source_tcgcsv,0,OP03-121,OP03,5,5,alt,Alt,local-catalog,OP03-121::alt,thumbs/OP03-121alt.webp,,OP03,0,
2017,608,OP03-121,,Thunder Bolt,C,,2137,500112,Thunder Bolt,Thunder Bolt,OP03-121,C,,tcgcsv,high,101,market_number_eq_canonical_or_extracted;image_basename_number_agrees;set_code_match;rarity_match;parallel_variant_no_parallel_market_penalty;card_name_substring_product;source_tcgcsv,0,OP03-121,OP03,5,5,parallel_5,Parallel 5,official-cardlist,OP03-121_p5,BCV1/parallel/OP03-121_p5.png,https://en.onepiece-cardgame.com/images/cardlist/card/OP03-121_p5.png?260305,OP03,0,Premium Card Collection -Best Selection-
2026,609,OP03-122,,Sogeking,SEC,,3365,587710,Sogeking (Manga),Sogeking Manga,OP03-122,SEC,,tcgcsv,high,113,market_number_eq_canonical_or_extracted;image_basename_number_agrees;set_code_match;rarity_match;card_name_substring_product;source_tcgcsv,0,OP03-122,PRB01,4,4,r1,R1,official-cardlist,OP03-122_r1,PRB01/reprint/OP03-122_r1.png,https://en.onepiece-cardgame.com/images/cardlist/card/OP03-122_r1.png?260305,PRB01,0,-ONE PIECE CARD THE BEST- [PRB-01]
2058,620,OP04-010,,Tony Tony.Chopper,C,,2272,516737,Tony Tony.Chopper,Tony TonyChopper,OP04-010,C,,tcgcsv,high,101,market_number_eq_canonical_or_extracted;set_code_match;rarity_match;card_name_substring_product;source_tcgcsv,0,OP04-010,OP04,4,4,alt,Alt,local-catalog,OP04-010::alt,thumbs/OP04-010alt.webp,,OP04,0,
2059,620,OP04-010,,Tony Tony.Chopper,C,,2272,516737,Tony Tony.Chopper,Tony TonyChopper,OP04-010,C,,tcgcsv,high,101,market_number_eq_canonical_or_extracted;image_basename_number_agrees;set_code_match;rarity_match;parallel_variant_no_parallel_market_penalty;card_name_substring_product;source_tcgcsv,0,OP04-010,OP04,4,4,parallel_1,Parallel 1,official-cardlist,OP04-010_p1,TP2024OD/parallel/OP04-010_p1.png,https://en.onepiece-cardgame.com/images/cardlist/card/OP04-010_p1.png?260305,OP04,0,Tournament Pack 2024 Oct.-Dec.
2060,620,OP04-010,,Tony Tony.Chopper,C,,2272,516737,Tony Tony.Chopper,Tony TonyChopper,OP04-010,C,,tcgcsv,high,101,market_number_eq_canonical_or_extracted;image_basename_number_agrees;set_code_match;rarity_match;parallel_variant_no_parallel_market_penalty;card_name_substring_product;source_tcgcsv,0,OP04-010,OP04,4,4,parallel_2,Parallel 2,official-cardlist,OP04-010_p2,CS2526CP/parallel/OP04-010_p2.png,https://en.onepiece-cardgame.com/images/cardlist/card/OP04-010_p2.png?260305,OP04,0,CS 25-26 Celebration Pack
2076,626,OP04-016,,Bad Manners Kick Course,R,,2277,516742,Bad Manners Kick Course,Bad Manners Kick Course,OP04-016,R,,tcgcsv,high,113,market_number_eq_canonical_or_extracted;image_basename_number_agrees;set_code_match;rarity_match;card_name_substring_product;source_tcgcsv,0,OP04-016,OP04,3,3,alt,Prb02,local-catalog,OP04-016::prb02,thumbs/OP04-016(PRB02).webp,,OP04,0,
2101,634,OP04-024,,Sugar,SP CARD,,2697,541667,Sugar (SP),Sugar SP,OP04-024,SR,,tcgcsv,high,89,market_number_eq_canonical_or_extracted;image_basename_number_agrees;set_code_match;parallel_variant_no_parallel_market_penalty;card_name_substring_product;source_tcgcsv,0,OP04-024,OP06,3,3,parallel_2,Parallel 2,official-cardlist,OP04-024_p2,OP06/parallel/OP04-024_p2.png,https://en.onepiece-cardgame.com/images/cardlist/card/OP04-024_p2.png?260305,OP06,0,-WINGS OF THE CAPTAIN-[OP06]
2116,639,OP04-029,,Dellinger,C,,2286,516751,Dellinger,Dellinger,OP04-029,C,,tcgcsv,high,113,market_number_eq_canonical_or_extracted;image_basename_number_agrees;set_code_match;rarity_match;card_name_substring_product;source_tcgcsv,0,OP04-029,OP04,4,4,alt,Prb01Alt,local-catalog,OP04-029::prb01alt,thumbs/OP04-029(PRB01alt).webp,,OP04,0,
2131,642,OP04-032,,Baby 5,UC,,2287,516752,Baby 5,Baby 5,OP04-032,UC,,tcgcsv,high,113,market_number_eq_canonical_or_extracted;image_basename_number_agrees;set_code_match;rarity_match;card_name_substring_product;source_tcgcsv,0,OP04-032,OP04,5,5,alt,Alt,local-catalog,OP04-032::alt,thumbs/OP04-032(alt).webp,,OP04,0,
2134,642,OP04-032,,Baby 5,UC,,2287,516752,Baby 5,Baby 5,OP04-032,UC,,tcgcsv,high,101,market_number_eq_canonical_or_extracted;image_basename_number_agrees;set_code_match;rarity_match;parallel_variant_no_parallel_market_penalty;card_name_substring_product;source_tcgcsv,0,OP04-032,OP04,5,5,parallel_4,Parallel 4,official-cardlist,OP04-032_p4,BCV3/parallel/OP04-032_p4.png,https://en.onepiece-cardgame.com/images/cardlist/card/OP04-032_p4.png?260305,OP04,0,Premium Card Collection -Best Selection Vol.3-
2135,642,OP04-032,,Baby 5,UC,,2287,516752,Baby 5,Baby 5,OP04-032,UC,,tcgcsv,high,113,market_number_eq_canonical_or_extracted;image_basename_number_agrees;set_code_match;rarity_match;card_name_substring_product;source_tcgcsv,0,OP04-032,OP04,5,5,alt,Prb01Alt,local-catalog,OP04-032::prb01alt,thumbs/OP04-032(PRB01alt).webp,,OP04,0,
2172,654,OP04-044,,Kaido,SR,,2391,527041,Kaido (044) (SP),Kaido 044 SP,OP04-044,SR,,tcgcsv,high,101,market_number_eq_canonical_or_extracted;image_basename_number_agrees;set_code_match;rarity_match;parallel_variant_no_parallel_market_penalty;card_name_substring_product;source_tcgcsv,0,OP04-044,OP05,5,5,parallel_2,Parallel 2,official-cardlist,OP04-044_p2,OP05/parallel/OP04-044_p2.png,https://en.onepiece-cardgame.com/images/cardlist/card/OP04-044_p2.png?260305,OP05,0,-AWAKENING OF THE NEW ERA-[OP05]
2205,666,OP04-056,,Gum-Gum Red Roc,R,,2307,516772,Gum-Gum Red Roc,Gum Gum Red Roc,OP04-056,R,,tcgcsv,high,113,market_number_eq_canonical_or_extracted;image_basename_number_agrees;set_code_match;rarity_match;card_name_substring_product;source_tcgcsv,0,OP04-056,OP04,4,4,alt,Prb01Alt,local-catalog,OP04-056::prb01alt,thumbs/OP04-056(PRB01alt).webp,,OP04,0,
2230,674,OP04-064,,Ms. All Sunday,SP CARD,,2698,541668,Ms. All Sunday (SP),Ms All Sunday SP,OP04-064,SR,,tcgcsv,high,89,market_number_eq_canonical_or_extracted;image_basename_number_agrees;set_code_match;parallel_variant_no_parallel_market_penalty;card_name_substring_product;source_tcgcsv,0,OP04-064,OP06,3,3,parallel_2,Parallel 2,official-cardlist,OP04-064_p2,OP06/parallel/OP04-064_p2.png,https://en.onepiece-cardgame.com/images/cardlist/card/OP04-064_p2.png?260305,OP06,0,-WINGS OF THE CAPTAIN-[OP06]
2283,693,OP04-083,,Sabo,SR,,3369,587958,Sabo (OP04-083) (Manga),Sabo OP04 083 Manga,OP04-083,SR,,tcgcsv,high,113,market_number_eq_canonical_or_extracted;image_basename_number_agrees;set_code_match;rarity_match;card_name_substring_product;source_tcgcsv,0,OP04-083,PRB01,7,7,r1,R1,official-cardlist,OP04-083_r1,PRB01/reprint/OP04-083_r1.png,https://en.onepiece-cardgame.com/images/cardlist/card/OP04-083_r1.png?260305,PRB01,0,-ONE PIECE CARD THE BEST- [PRB-01]
2284,693,OP04-083,,Sabo,SR,,4840,656036,Sabo - OP04-083 (Reprint),Sabo OP04 083 Reprint,OP04-083,SR,,tcgcsv,high,113,market_number_eq_canonical_or_extracted;image_basename_number_agrees;set_code_match;rarity_match;card_name_substring_product;source_tcgcsv,0,OP04-083,PRB02,7,7,r2,R2,official-cardlist,OP04-083_r2,PRB02/reprint/OP04-083_r2.png,https://en.onepiece-cardgame.com/images/cardlist/card/OP04-083_r2.png?260305,PRB02,0,-ONE PIECE CARD THE BEST vol.2- [PRB-02]
2300,699,OP04-089,,Bartolomeo,R,,2334,516801,Bartolomeo,Bartolomeo,OP04-089,R,,tcgcsv,high,113,market_number_eq_canonical_or_extracted;image_basename_number_agrees;set_code_match;rarity_match;card_name_substring_product;source_tcgcsv,0,OP04-089,OP04,6,6,alt,Prb01Alt,local-catalog,OP04-089::prb01alt,thumbs/OP04-089(PRB01alt).webp,,OP04,0,
2301,699,OP04-089,,Bartolomeo,R,,2334,516801,Bartolomeo,Bartolomeo,OP04-089,R,,tcgcsv,high,113,market_number_eq_canonical_or_extracted;image_basename_number_agrees;set_code_match;rarity_match;card_name_substring_product;source_tcgcsv,0,OP04-089,OP04,6,6,alt,Prb01Alt 1,local-catalog,OP04-089::prb01alt 1,thumbs/OP04-089(PRB01alt) (1).webp,,OP04,0,
2303,699,OP04-089,,Bartolomeo,R,,2334,516801,Bartolomeo,Bartolomeo,OP04-089,R,,tcgcsv,high,101,market_number_eq_canonical_or_extracted;set_code_match;rarity_match;card_name_substring_product;source_tcgcsv,0,OP04-089,OP04,6,6,tr,T R Op09,local-catalog,OP04-089::t r op09,thumbs/OP04-089TR(OP09).webp,,OP04,0,
2312,702,OP04-092,,Rebecca,R,,2336,516803,Rebecca (092),Rebecca 092,OP04-092,R,,tcgcsv,high,101,market_number_eq_canonical_or_extracted;set_code_match;rarity_match;card_name_substring_product;source_tcgcsv,0,OP04-092,OP04,5,5,alt,Alt Art 2,local-catalog,OP04-092::alt art 2,thumbs/OP04-092alt2.webp,,OP04,0,
2313,702,OP04-092,,Rebecca,R,,2336,516803,Rebecca (092),Rebecca 092,OP04-092,R,,tcgcsv,high,101,market_number_eq_canonical_or_extracted;image_basename_number_agrees;set_code_match;rarity_match;parallel_variant_no_parallel_market_penalty;card_name_substring_product;source_tcgcsv,0,OP04-092,OP04,5,5,parallel_1,Parallel 1,official-cardlist,OP04-092_p1,TK2025V2/parallel/OP04-092_p1.png,https://en.onepiece-cardgame.com/images/cardlist/card/OP04-092_p1.png?260305,OP04,0,Tournament Kit 2025 Vol.2
2314,702,OP04-092,,Rebecca,R,,2336,516803,Rebecca (092),Rebecca 092,OP04-092,R,,tcgcsv,high,101,market_number_eq_canonical_or_extracted;image_basename_number_agrees;set_code_match;rarity_match;parallel_variant_no_parallel_market_penalty;card_name_substring_product;source_tcgcsv,0,OP04-092,OP04,5,5,parallel_2,Parallel 2,official-cardlist,OP04-092_p2,_unclassified/parallel/OP04-092_p2.png,https://en.onepiece-cardgame.com/images/cardlist/card/OP04-092_p2.png?260305,OP04,0,Winner Pack 2025 Vol.2
2315,702,OP04-092,,Rebecca,R,,2336,516803,Rebecca (092),Rebecca 092,OP04-092,R,,tcgcsv,high,101,market_number_eq_canonical_or_extracted;image_basename_number_agrees;set_code_match;rarity_match;parallel_variant_no_parallel_market_penalty;card_name_substring_product;source_tcgcsv,0,OP04-092,OP04,5,5,parallel_3,Parallel 3,official-cardlist,OP04-092_p3,CS2526CP/parallel/OP04-092_p3.png,https://en.onepiece-cardgame.com/images/cardlist/card/OP04-092_p3.png?260305,OP04,0,CS 25-26 Celebration Pack
2316,702,OP04-092,,Rebecca,R,,2336,516803,Rebecca (092),Rebecca 092,OP04-092,R,,tcgcsv,high,101,market_number_eq_canonical_or_extracted;set_code_match;rarity_match;card_name_substring_product;source_tcgcsv,0,OP04-092,OP04,5,5,tr,T R,local-catalog,OP04-092::t r,thumbs/OP04-092TR.webp,,OP04,0,
2323,705,OP04-095,,Barrier!!,C,,2339,516806,Barrier!!,Barrier,OP04-095,C,,tcgcsv,high,101,market_number_eq_canonical_or_extracted;set_code_match;rarity_match;card_name_substring_product;source_tcgcsv,0,OP04-095,OP04,4,4,alt,Alt,local-catalog,OP04-095::alt,thumbs/OP04-095alt.webp,,OP04,0,
2362,715,OP04-105,,Charlotte Amande,R,,2347,516814,Charlotte Amande,Charlotte Amande,OP04-105,R,,tcgcsv,high,101,market_number_eq_canonical_or_extracted;set_code_match;rarity_match;card_name_substring_product;source_tcgcsv,0,OP04-105,OP04,2,2,alt,Alt,local-catalog,OP04-105::alt,thumbs/OP04-105alt.webp,,OP04,0,
2363,715,OP04-105,,Charlotte Amande,R,,2347,516814,Charlotte Amande,Charlotte Amande,OP04-105,R,,tcgcsv,high,101,market_number_eq_canonical_or_extracted;image_basename_number_agrees;set_code_match;rarity_match;parallel_variant_no_parallel_market_penalty;card_name_substring_product;source_tcgcsv,0,OP04-105,OP04,2,2,parallel_1,Parallel 1,official-cardlist,OP04-105_p1,BCV1/parallel/OP04-105_p1.png,https://en.onepiece-cardgame.com/images/cardlist/card/OP04-105_p1.png?260305,OP04,0,Premium Card Collection -Best Selection-
2402,729,OP04-119,,Donquixote Rosinante,SP CARD,,3584,596912,Donquixote Rosinante (SP),Donquixote Rosinante SP,OP04-119,SEC,,tcgcsv,high,89,market_number_eq_canonical_or_extracted;image_basename_number_agrees;set_code_match;parallel_variant_no_parallel_market_penalty;card_name_substring_product;source_tcgcsv,0,OP04-119,OP09,3,3,parallel_2,Parallel 2,official-cardlist,OP04-119_p2,OP09/parallel/OP04-119_p2.png,https://en.onepiece-cardgame.com/images/cardlist/card/OP04-119_p2.png?260305,OP09,0,-EMPERORS IN THE NEW WORLD- [OP-09]
2408,730,OP05-001,,Sabo,L,,3989,629168,Sabo (SP),Sabo SP,OP05-001,L,,tcgcsv,high,101,market_number_eq_canonical_or_extracted;image_basename_number_agrees;set_code_match;rarity_match;parallel_variant_no_parallel_market_penalty;card_name_substring_product;source_tcgcsv,0,OP05-001,EB02,3,3,parallel_2,Parallel 2,official-cardlist,OP05-001_p2,EB02/parallel/OP05-001_p2.png,https://en.onepiece-cardgame.com/images/cardlist/card/OP05-001_p2.png?260305,EB02,0,-Anime 25th Collection- [EB-02]
2413,731,OP05-002,,Belo Betty,L,,3990,629169,Belo Betty (SP),Belo Betty SP,OP05-002,L,,tcgcsv,high,101,market_number_eq_canonical_or_extracted;image_basename_number_agrees;set_code_match;rarity_match;parallel_variant_no_parallel_market_penalty;card_name_substring_product;source_tcgcsv,0,OP05-002,EB02,3,3,parallel_2,Parallel 2,official-cardlist,OP05-002_p2,EB02/parallel/OP05-002_p2.png,https://en.onepiece-cardgame.com/images/cardlist/card/OP05-002_p2.png?260305,EB02,0,-Anime 25th Collection- [EB-02]
2418,733,OP05-004,,Emporio.Ivankov,UC,,2424,528533,Emporio.Ivankov,EmporioIvankov,OP05-004,UC,,tcgcsv,high,113,market_number_eq_canonical_or_extracted;image_basename_number_agrees;set_code_match;rarity_match;card_name_substring_product;source_tcgcsv,0,OP05-004,OP05,5,5,alt,Alt,local-catalog,OP05-004::alt,thumbs/OP05-004(alt).webp,,OP05,0,
2420,733,OP05-004,,Emporio.Ivankov,UC,,2424,528533,Emporio.Ivankov,EmporioIvankov,OP05-004,UC,,tcgcsv,high,101,market_number_eq_canonical_or_extracted;image_basename_number_agrees;set_code_match;rarity_match;parallel_variant_no_parallel_market_penalty;card_name_substring_product;source_tcgcsv,0,OP05-004,OP05,5,5,parallel_2,Parallel 2,official-cardlist,OP05-004_p2,BCV3/parallel/OP05-004_p2.png,https://en.onepiece-cardgame.com/images/cardlist/card/OP05-004_p2.png?260305,OP05,0,Premium Card Collection -Best Selection Vol.3-
2424,734,OP05-005,,Karasu,R,,2425,528536,Karasu,Karasu,OP05-005,R,,tcgcsv,high,101,market_number_eq_canonical_or_extracted;set_code_match;rarity_match;card_name_substring_product;source_tcgcsv,0,OP05-005,OP05,2,2,alt,Alt,local-catalog,OP05-005::alt,thumbs/OP05-005alt.webp,,OP05,0,
2449,739,OP05-010,,Nico Robin,UC,,2428,528539,Nico Robin,Nico Robin,OP05-010,UC,,tcgcsv,high,113,market_number_eq_canonical_or_extracted;image_basename_number_agrees;set_code_match;rarity_match;card_name_substring_product;source_tcgcsv,0,OP05-010,OP05,5,5,alt,Prb01Alt,local-catalog,OP05-010::prb01alt,thumbs/OP05-010(PRB01alt).webp,,OP05,0,
2453,740,OP05-011,,Bartholomew Kuma,C,,2429,528540,Bartholomew Kuma,Bartholomew Kuma,OP05-011,C,,tcgcsv,high,101,market_number_eq_canonical_or_extracted;image_basename_number_agrees;set_code_match;rarity_match;parallel_variant_no_parallel_market_penalty;card_name_substring_product;source_tcgcsv,0,OP05-011,OP05,2,2,parallel_1,Parallel 1,official-cardlist,OP05-011_p1,SWBS01/parallel/OP05-011_p1.png,https://en.onepiece-cardgame.com/images/cardlist/card/OP05-011_p1.png?260305,OP05,0,Seven Warlords of the Sea Binder Set
2477,748,OP05-019,,Fire Fist,R,,2437,528551,Fire Fist,Fire Fist,OP05-019,R,,tcgcsv,high,101,market_number_eq_canonical_or_extracted;set_code_match;rarity_match;card_name_substring_product;source_tcgcsv,0,OP05-019,OP05,2,2,alt,Alt,local-catalog,OP05-019::alt,thumbs/OP05-019alt.webp,,OP05,0,
2488,751,OP05-022,,Donquixote Rosinante,L,,3991,629170,Donquixote Rosinante (SP),Donquixote Rosinante SP,OP05-022,L,,tcgcsv,high,101,market_number_eq_canonical_or_extracted;image_basename_number_agrees;set_code_match;rarity_match;parallel_variant_no_parallel_market_penalty;card_name_substring_product;source_tcgcsv,0,OP05-022,EB02,3,3,parallel_2,Parallel 2,official-cardlist,OP05-022_p2,EB02/parallel/OP05-022_p2.png,https://en.onepiece-cardgame.com/images/cardlist/card/OP05-022_p2.png?260305,EB02,0,-Anime 25th Collection- [EB-02]
2505,759,OP05-030,,Donquixote Rosinante,R,,2448,528574,Donquixote Rosinante (030),Donquixote Rosinante 030,OP05-030,R,,tcgcsv,high,113,market_number_eq_canonical_or_extracted;image_basename_number_agrees;set_code_match;rarity_match;card_name_substring_product;source_tcgcsv,0,OP05-030,OP05,5,5,promo,2Nd Anniversary Alt,local-catalog,OP05-030::2nd anniversary alt,thumbs/OP05-030(2nd Anniversary alt).webp,,OP05,0,
2507,759,OP05-030,,Donquixote Rosinante,R,,2448,528574,Donquixote Rosinante (030),Donquixote Rosinante 030,OP05-030,R,,tcgcsv,high,101,market_number_eq_canonical_or_extracted;image_basename_number_agrees;set_code_match;rarity_match;parallel_variant_no_parallel_market_penalty;card_name_substring_product;source_tcgcsv,0,OP05-030,OP05,5,5,parallel_2,Parallel 2,official-cardlist,OP05-030_p2,ANN2JP/parallel/OP05-030_p2.png,https://en.onepiece-cardgame.com/images/cardlist/card/OP05-030_p2.png?260305,OP05,0,Japanese 2nd Anniversary Set
2508,759,OP05-030,,Donquixote Rosinante,R,,2448,528574,Donquixote Rosinante (030),Donquixote Rosinante 030,OP05-030,R,,tcgcsv,high,113,market_number_eq_canonical_or_extracted;image_basename_number_agrees;set_code_match;rarity_match;card_name_substring_product;source_tcgcsv,0,OP05-030,OP05,5,5,alt,Prb02,local-catalog,OP05-030::prb02,thumbs/OP05-030(PRB02).webp,,OP05,0,
2531,765,OP05-036,,Monet,UC,,2454,528581,Monet,Monet,OP05-036,UC,,tcgcsv,high,101,market_number_eq_canonical_or_extracted;set_code_match;rarity_match;card_name_substring_product;source_tcgcsv,0,OP05-036,OP05,6,6,alt,Alt,local-catalog,OP05-036::alt,thumbs/OP05-036alt.webp,,OP05,0,
2532,765,OP05-036,,Monet,UC,,2454,528581,Monet,Monet,OP05-036,UC,,tcgcsv,high,101,market_number_eq_canonical_or_extracted;image_basename_number_agrees;set_code_match;rarity_match;parallel_variant_no_parallel_market_penalty;card_name_substring_product;source_tcgcsv,0,OP05-036,OP05,6,6,parallel_1,Parallel 1,official-cardlist,OP05-036_p1,EP03/parallel/OP05-036_p1.png,https://en.onepiece-cardgame.com/images/cardlist/card/OP05-036_p1.png?260305,OP05,0,Event Pack Vol.3
2537,766,OP05-037,,Because the Side of Justice Will Be Whichever Side Wins!!,R,,2455,528582,Because the Side of Justice Will Be Whichever Side Wins!!,Because the Side of Justice Will Be Whichever Side Wins,OP05-037,R,,tcgcsv,high,101,market_number_eq_canonical_or_extracted;image_basename_number_agrees;set_code_match;rarity_match;parallel_variant_no_parallel_market_penalty;card_name_substring_product;source_tcgcsv,0,OP05-037,OP05,4,4,parallel_1,Parallel 1,official-cardlist,OP05-037_p1,TP2025V4/parallel/OP05-037_p1.png,https://en.onepiece-cardgame.com/images/cardlist/card/OP05-037_p1.png?260305,OP05,0,Tournament Pack 2025 Vol. 4
2538,766,OP05-037,,Because the Side of Justice Will Be Whichever Side Wins!!,R,,2455,528582,Because the Side of Justice Will Be Whichever Side Wins!!,Because the Side of Justice Will Be Whichever Side Wins,OP05-037,R,,tcgcsv,high,101,market_number_eq_canonical_or_extracted;image_basename_number_agrees;set_code_match;rarity_match;parallel_variant_no_parallel_market_penalty;card_name_substring_product;source_tcgcsv,0,OP05-037,OP05,4,4,parallel_2,Parallel 2,official-cardlist,OP05-037_p2,_unclassified/parallel/OP05-037_p2.png,https://en.onepiece-cardgame.com/images/cardlist/card/OP05-037_p2.png?260305,OP05,0,Winner Pack 2025 Vol. 4
2539,766,OP05-037,,Because the Side of Justice Will Be Whichever Side Wins!!,R,,4870,656067,Because the Side of Justice Will Be Whichever Side Wins!! (Reprint),Because the Side of Justice Will Be Whichever Side Wins Reprint,OP05-037,R,,tcgcsv,high,113,market_number_eq_canonical_or_extracted;image_basename_number_agrees;set_code_match;rarity_match;card_name_substring_product;source_tcgcsv,0,OP05-037,PRB02,4,4,r1,R1,official-cardlist,OP05-037_r1,PRB02/reprint/OP05-037_r1.png,https://en.onepiece-cardgame.com/images/cardlist/card/OP05-037_r1.png?260305,PRB02,0,-ONE PIECE CARD THE BEST vol.2- [PRB-02]
2578,780,OP05-051,,Borsalino,SP CARD,,2699,541669,Borsalino (SP),Borsalino SP,OP05-051,SR,,tcgcsv,high,89,market_number_eq_canonical_or_extracted;image_basename_number_agrees;set_code_match;parallel_variant_no_parallel_market_penalty;card_name_substring_product;source_tcgcsv,0,OP05-051,OP06,3,3,parallel_2,Parallel 2,official-cardlist,OP05-051_p2,OP06/parallel/OP05-051_p2.png,https://en.onepiece-cardgame.com/images/cardlist/card/OP05-051_p2.png?260305,OP06,0,-WINGS OF THE CAPTAIN-[OP06]
2598,786,OP05-057,,Hound Blaze,R,,2473,528613,Hound Blaze,Hound Blaze,OP05-057,R,,tcgcsv,high,113,market_number_eq_canonical_or_extracted;image_basename_number_agrees;set_code_match;rarity_match;card_name_substring_product;source_tcgcsv,0,OP05-057,OP05,4,4,alt,Prb01Alt,local-catalog,OP05-057::prb01alt,thumbs/OP05-057(PRB01alt).webp,,OP05,0,
2609,789,OP05-060,,Monkey.D.Luffy,L,,3204,581021,Monkey.D.Luffy (OP05-060),MonkeyDLuffy OP05 060,OP05-060,L,,tcgcsv,high,101,market_number_eq_canonical_or_extracted;image_basename_number_agrees;set_code_match;rarity_match;parallel_variant_no_parallel_market_penalty;card_name_substring_product;source_tcgcsv,0,OP05-060,ST18,6,6,parallel_3,Parallel 3,official-cardlist,OP05-060_p3,ST18/parallel/OP05-060_p3.png,https://en.onepiece-cardgame.com/images/cardlist/card/OP05-060_p3.png?260305,ST18,0,-Purple Monkey.D.Luffy- [ST-18]
2610,789,OP05-060,,Monkey.D.Luffy,L,,3992,629171,Monkey.D.Luffy (SP),MonkeyDLuffy SP,OP05-060,L,,tcgcsv,high,101,market_number_eq_canonical_or_extracted;image_basename_number_agrees;set_code_match;rarity_match;parallel_variant_no_parallel_market_penalty;card_name_substring_product;source_tcgcsv,0,OP05-060,EB02,6,6,parallel_4,Parallel 4,official-cardlist,OP05-060_p4,EB02/parallel/OP05-060_p4.png,https://en.onepiece-cardgame.com/images/cardlist/card/OP05-060_p4.png?260305,EB02,0,-Anime 25th Collection- [EB-02]
2616,790,OP05-061,,Uso-Hachi,UC,,3205,581022,Uso-Hachi (OP05-061),Uso Hachi OP05 061,OP05-061,UC,,tcgcsv,high,113,market_number_eq_canonical_or_extracted;image_basename_number_agrees;set_code_match;rarity_match;card_name_substring_product;source_tcgcsv,0,OP05-061,ST18,2,2,r1,R1,official-cardlist,OP05-061_r1,ST18/reprint/OP05-061_r1.png,https://en.onepiece-cardgame.com/images/cardlist/card/OP05-061_r1.png?260305,ST18,0,-Purple Monkey.D.Luffy- [ST-18]
2621,792,OP05-063,,O-Robi,C,,3206,581023,O-Robi,O Robi,OP05-063,C,,tcgcsv,high,113,market_number_eq_canonical_or_extracted;image_basename_number_agrees;set_code_match;rarity_match;card_name_substring_product;source_tcgcsv,0,OP05-063,ST18,2,2,r1,R1,official-cardlist,OP05-063_r1,ST18/reprint/OP05-063_r1.png,https://en.onepiece-cardgame.com/images/cardlist/card/OP05-063_r1.png?260305,ST18,0,-Purple Monkey.D.Luffy- [ST-18]
2626,794,OP05-065,,San-Gorou,C,,4238,634310,San-Gorou (Reprint),San Gorou Reprint,OP05-065,C,,tcgcsv,high,113,market_number_eq_canonical_or_extracted;image_basename_number_agrees;set_code_match;rarity_match;card_name_substring_product;source_tcgcsv,0,OP05-065,ST26,2,2,r1,R1,official-cardlist,OP05-065_r1,ST26/reprint/OP05-065_r1.png,https://en.onepiece-cardgame.com/images/cardlist/card/OP05-065_r1.png?260305,ST26,0,-PURPLE/BLACK Monkey.D.Luffy- [ST-26]
2629,795,OP05-066,,Jinbe,C,,3207,581024,Jinbe,Jinbe,OP05-066,C,,tcgcsv,high,113,market_number_eq_canonical_or_extracted;image_basename_number_agrees;set_code_match;rarity_match;card_name_substring_product;source_tcgcsv,0,OP05-066,ST18,3,3,r1,R1,official-cardlist,OP05-066_r1,ST18/reprint/OP05-066_r1.png,https://en.onepiece-cardgame.com/images/cardlist/card/OP05-066_r1.png?260305,ST18,0,-Purple Monkey.D.Luffy- [ST-18]
2630,795,OP05-066,,Jinbe,C,,4239,634311,Jinbe (Reprint),Jinbe Reprint,OP05-066,C,,tcgcsv,high,113,market_number_eq_canonical_or_extracted;image_basename_number_agrees;set_code_match;rarity_match;card_name_substring_product;source_tcgcsv,0,OP05-066,ST26,3,3,r2,R2,official-cardlist,OP05-066_r2,ST26/reprint/OP05-066_r2.png,https://en.onepiece-cardgame.com/images/cardlist/card/OP05-066_r2.png?260305,ST26,0,-PURPLE/BLACK Monkey.D.Luffy- [ST-26]
2637,796,OP05-067,,Zoro-Juurou,SP CARD,,3585,596913,Zoro-Juurou (SP),Zoro Juurou SP,OP05-067,R,,tcgcsv,high,89,market_number_eq_canonical_or_extracted;image_basename_number_agrees;set_code_match;parallel_variant_no_parallel_market_penalty;card_name_substring_product;source_tcgcsv,0,OP05-067,OP09,8,8,parallel_4,Parallel 4,official-cardlist,OP05-067_p4,OP09/parallel/OP05-067_p4.png,https://en.onepiece-cardgame.com/images/cardlist/card/OP05-067_p4.png?260305,OP09,0,-EMPERORS IN THE NEW WORLD- [OP-09]
2640,796,OP05-067,,Zoro-Juurou,SP CARD,,3208,581025,Zoro-Juurou (OP05-067),Zoro Juurou OP05 067,OP05-067,R,,tcgcsv,high,101,market_number_eq_canonical_or_extracted;image_basename_number_agrees;set_code_match;card_name_substring_product;source_tcgcsv,0,OP05-067,ST18,8,8,r1,R1,official-cardlist,OP05-067_r1,ST18/reprint/OP05-067_r1.png,https://en.onepiece-cardgame.com/images/cardlist/card/OP05-067_r1.png?260305,ST18,0,-Purple Monkey.D.Luffy- [ST-18]
2644,797,OP05-068,,Chopa-Emon,C,,3209,581026,Chopa-Emon,Chopa Emon,OP05-068,C,,tcgcsv,high,113,market_number_eq_canonical_or_extracted;image_basename_number_agrees;set_code_match;rarity_match;card_name_substring_product;source_tcgcsv,0,OP05-068,ST18,2,2,r1,R1,official-cardlist,OP05-068_r1,ST18/reprint/OP05-068_r1.png,https://en.onepiece-cardgame.com/images/cardlist/card/OP05-068_r1.png?260305,ST18,0,-Purple Monkey.D.Luffy- [ST-18]
2651,798,OP05-069,,Trafalgar Law,SR,,3370,587959,Trafalgar Law (OP05-069) (Manga),Trafalgar Law OP05 069 Manga,OP05-069,SR,,tcgcsv,high,113,market_number_eq_canonical_or_extracted;image_basename_number_agrees;set_code_match;rarity_match;card_name_substring_product;source_tcgcsv,0,OP05-069,PRB01,4,4,r1,R1,official-cardlist,OP05-069_r1,PRB01/reprint/OP05-069_r1.png,https://en.onepiece-cardgame.com/images/cardlist/card/OP05-069_r1.png?260305,PRB01,0,-ONE PIECE CARD THE BEST- [PRB-01]
2654,799,OP05-070,,Fra-Nosuke,UC,,3210,581027,Fra-Nosuke,Fra Nosuke,OP05-070,UC,,tcgcsv,high,113,market_number_eq_canonical_or_extracted;image_basename_number_agrees;set_code_match;rarity_match;card_name_substring_product;source_tcgcsv,0,OP05-070,ST18,4,4,r1,R1,official-cardlist,OP05-070_r1,ST18/reprint/OP05-070_r1.png,https://en.onepiece-cardgame.com/images/cardlist/card/OP05-070_r1.png?260305,ST18,0,-Purple Monkey.D.Luffy- [ST-18]
2655,799,OP05-070,,Fra-Nosuke,UC,,4240,634312,Fra-Nosuke (Reprint),Fra Nosuke Reprint,OP05-070,UC,,tcgcsv,high,113,market_number_eq_canonical_or_extracted;image_basename_number_agrees;set_code_match;rarity_match;card_name_substring_product;source_tcgcsv,0,OP05-070,ST26,4,4,r2,R2,official-cardlist,OP05-070_r2,ST26/reprint/OP05-070_r2.png,https://en.onepiece-cardgame.com/images/cardlist/card/OP05-070_r2.png?260305,ST26,0,-PURPLE/BLACK Monkey.D.Luffy- [ST-26]
2660,801,OP05-072,,Hone-Kichi,C,,3211,581028,Hone-Kichi,Hone Kichi,OP05-072,C,,tcgcsv,high,113,market_number_eq_canonical_or_extracted;image_basename_number_agrees;set_code_match;rarity_match;card_name_substring_product;source_tcgcsv,0,OP05-072,ST18,2,2,r1,R1,official-cardlist,OP05-072_r1,ST18/reprint/OP05-072_r1.png,https://en.onepiece-cardgame.com/images/cardlist/card/OP05-072_r1.png?260305,ST18,0,-Purple Monkey.D.Luffy- [ST-18]
2672,803,OP05-074,,"Eustass""Captain""Kid",SR,,2961,545926,"Eustass""Captain""Kid (SP)",EustassCaptainKid SP,OP05-074,SR,,tcgcsv,high,101,market_number_eq_canonical_or_extracted;image_basename_number_agrees;set_code_match;rarity_match;parallel_variant_no_parallel_market_penalty;card_name_substring_product;source_tcgcsv,0,OP05-074,OP07,7,7,parallel_3,Parallel 3,official-cardlist,OP05-074_p3,OP07/parallel/OP05-074_p3.png,https://en.onepiece-cardgame.com/images/cardlist/card/OP05-074_p3.png?260305,OP07,0,-500 YEARS IN THE FUTURE- [OP-07]
2682,805,OP05-076,,When You're at Sea You Fight against Pirates!!,R,,3212,581029,When You're at Sea You Fight against Pirates!!,When Youre at Sea You Fight against Pirates,OP05-076,R,,tcgcsv,high,101,market_number_eq_canonical_or_extracted;image_basename_number_agrees;set_code_match;rarity_match;parallel_variant_no_parallel_market_penalty;card_name_substring_product;source_tcgcsv,0,OP05-076,ST18,5,5,parallel_1,Parallel 1,official-cardlist,OP05-076_p1,ST18/parallel/OP05-076_p1.png,https://en.onepiece-cardgame.com/images/cardlist/card/OP05-076_p1.png?260305,ST18,0,-Purple Monkey.D.Luffy- [ST-18]
2683,805,OP05-076,,When You're at Sea You Fight against Pirates!!,R,,2491,528636,When You're at Sea You Fight against Pirates!!,When Youre at Sea You Fight against Pirates,OP05-076,R,,tcgcsv,high,101,market_number_eq_canonical_or_extracted;image_basename_number_agrees;set_code_match;rarity_match;parallel_variant_no_parallel_market_penalty;card_name_substring_product;source_tcgcsv,0,OP05-076,OP05,5,5,parallel_2,Parallel 2,official-cardlist,OP05-076_p2,_unclassified/parallel/OP05-076_p2.png,https://en.onepiece-cardgame.com/images/cardlist/card/OP05-076_p2.png?260305,OP05,0,Pirates League Store Qualifier
2684,805,OP05-076,,When You're at Sea You Fight against Pirates!!,R,,2491,528636,When You're at Sea You Fight against Pirates!!,When Youre at Sea You Fight against Pirates,OP05-076,R,,tcgcsv,high,101,market_number_eq_canonical_or_extracted;image_basename_number_agrees;set_code_match;rarity_match;parallel_variant_no_parallel_market_penalty;card_name_substring_product;source_tcgcsv,0,OP05-076,OP05,5,5,parallel_3,Parallel 3,official-cardlist,OP05-076_p3,_unclassified/parallel/OP05-076_p3.png,https://en.onepiece-cardgame.com/images/cardlist/card/OP05-076_p3.png?260305,OP05,0,Pirates League Store Qualifier
2685,805,OP05-076,,When You're at Sea You Fight against Pirates!!,R,,2491,528636,When You're at Sea You Fight against Pirates!!,When Youre at Sea You Fight against Pirates,OP05-076,R,,tcgcsv,high,101,market_number_eq_canonical_or_extracted;image_basename_number_agrees;set_code_match;rarity_match;parallel_variant_no_parallel_market_penalty;card_name_substring_product;source_tcgcsv,0,OP05-076,OP05,5,5,parallel_4,Parallel 4,official-cardlist,OP05-076_p4,_unclassified/parallel/OP05-076_p4.png,https://en.onepiece-cardgame.com/images/cardlist/card/OP05-076_p4.png?260305,OP05,0,Pirates League Three Captains Battle & Support Crew Battle
2701,810,OP05-081,,One-Legged Toy Soldier,UC,,2496,528641,One-Legged Toy Soldier,One Legged Toy Soldier,OP05-081,UC,,tcgcsv,high,113,market_number_eq_canonical_or_extracted;image_basename_number_agrees;set_code_match;rarity_match;card_name_substring_product;source_tcgcsv,0,OP05-081,OP05,5,5,alt,Prb01Alt,local-catalog,OP05-081::prb01alt,thumbs/OP05-081(PRB01alt).webp,,OP05,0,
2708,811,OP05-082,,Shirahoshi,R,,2497,528642,Shirahoshi,Shirahoshi,OP05-082,R,,tcgcsv,high,113,market_number_eq_canonical_or_extracted;image_basename_number_agrees;set_code_match;rarity_match;card_name_substring_product;source_tcgcsv,0,OP05-082,OP05,5,5,alt,Prb01Alt2,local-catalog,OP05-082::prb01alt2,thumbs/OP05-082(PRB01alt2).webp,,OP05,0,
2718,815,OP05-086,,Nefeltari Vivi,R,,2501,528647,Nefeltari Vivi,Nefeltari Vivi,OP05-086,R,,tcgcsv,high,101,market_number_eq_canonical_or_extracted;set_code_match;rarity_match;card_name_substring_product;source_tcgcsv,0,OP05-086,OP05,3,3,alt,Alt,local-catalog,OP05-086::alt,thumbs/OP05-086alt.webp,,OP05,0,
2719,815,OP05-086,,Nefeltari Vivi,R,,2501,528647,Nefeltari Vivi,Nefeltari Vivi,OP05-086,R,,tcgcsv,high,101,market_number_eq_canonical_or_extracted;image_basename_number_agrees;set_code_match;rarity_match;parallel_variant_no_parallel_market_penalty;card_name_substring_product;source_tcgcsv,0,OP05-086,OP05,3,3,parallel_1,Parallel 1,official-cardlist,OP05-086_p1,REG2024W3/parallel/OP05-086_p1.png,https://en.onepiece-cardgame.com/images/cardlist/card/OP05-086_p1.png?260305,OP05,0,Regionals Wave 3
2736,820,OP05-091,,Rebecca,SR,,2700,541670,Rebecca (SP),Rebecca SP,OP05-091,SR,,tcgcsv,high,101,market_number_eq_canonical_or_extracted;image_basename_number_agrees;set_code_match;rarity_match;parallel_variant_no_parallel_market_penalty;card_name_substring_product;source_tcgcsv,0,OP05-091,OP06,6,6,parallel_2,Parallel 2,official-cardlist,OP05-091_p2,OP06/parallel/OP05-091_p2.png,https://en.onepiece-cardgame.com/images/cardlist/card/OP05-091_p2.png?260305,OP06,0,-WINGS OF THE CAPTAIN-[OP06]
2749,822,OP05-093,,Rob Lucci,SP CARD,,3586,596914,Rob Lucci (SP),Rob Lucci SP,OP05-093,SR,,tcgcsv,high,89,market_number_eq_canonical_or_extracted;image_basename_number_agrees;set_code_match;parallel_variant_no_parallel_market_penalty;card_name_substring_product;source_tcgcsv,0,OP05-093,OP09,4,4,parallel_2,Parallel 2,official-cardlist,OP05-093_p2,OP09/parallel/OP05-093_p2.png,https://en.onepiece-cardgame.com/images/cardlist/card/OP05-093_p2.png?260305,OP09,0,-EMPERORS IN THE NEW WORLD- [OP-09]
2761,826,OP05-097,,Mary Geoise,C,,2509,528659,Mary Geoise,Mary Geoise,OP05-097,C,,tcgcsv,high,113,market_number_eq_canonical_or_extracted;image_basename_number_agrees;set_code_match;rarity_match;card_name_substring_product;source_tcgcsv,0,OP05-097,OP05,5,5,alt,Prb02,local-catalog,OP05-097::prb02,thumbs/OP05-097(PRB02).webp,,OP05,0,
2768,827,OP05-098,,Enel,L,,3993,629172,Enel (SP),Enel SP,OP05-098,L,,tcgcsv,high,101,market_number_eq_canonical_or_extracted;image_basename_number_agrees;set_code_match;rarity_match;parallel_variant_no_parallel_market_penalty;card_name_substring_product;source_tcgcsv,0,OP05-098,EB02,4,4,parallel_2,Parallel 2,official-cardlist,OP05-098_p2,EB02/parallel/OP05-098_p2.png,https://en.onepiece-cardgame.com/images/cardlist/card/OP05-098_p2.png?260305,EB02,0,-Anime 25th Collection- [EB-02]
2784,831,OP05-102,,Gedatsu,R,,4906,656107,Gedatsu (Reprint),Gedatsu Reprint,OP05-102,R,,tcgcsv,high,113,market_number_eq_canonical_or_extracted;image_basename_number_agrees;set_code_match;rarity_match;card_name_substring_product;source_tcgcsv,0,OP05-102,PRB02,8,8,r1,R1,official-cardlist,OP05-102_r1,PRB02/reprint/OP05-102_r1.png,https://en.onepiece-cardgame.com/images/cardlist/card/OP05-102_r1.png?260305,PRB02,0,-ONE PIECE CARD THE BEST vol.2- [PRB-02]
2794,834,OP05-105,,Satori,R,,2516,528666,Satori,Satori,OP05-105,R,,tcgcsv,high,113,market_number_eq_canonical_or_extracted;image_basename_number_agrees;set_code_match;rarity_match;card_name_substring_product;source_tcgcsv,0,OP05-105,OP05,6,6,alt,Prb01Alt,local-catalog,OP05-105::prb01alt,thumbs/OP05-105(PRB01alt).webp,,OP05,0,
2798,835,OP05-106,,Shura,R,,2517,528667,Shura,Shura,OP05-106,R,,tcgcsv,high,101,market_number_eq_canonical_or_extracted;set_code_match;rarity_match;card_name_substring_product;source_tcgcsv,0,OP05-106,OP05,4,4,alt,Alt,local-catalog,OP05-106::alt,thumbs/OP05-106alt.webp,,OP05,0,
2799,835,OP05-106,,Shura,R,,2517,528667,Shura,Shura,OP05-106,R,,tcgcsv,high,101,market_number_eq_canonical_or_extracted;image_basename_number_agrees;set_code_match;rarity_match;parallel_variant_no_parallel_market_penalty;card_name_substring_product;source_tcgcsv,0,OP05-106,OP05,4,4,parallel_1,Parallel 1,official-cardlist,OP05-106_p1,TP07/parallel/OP05-106_p1.png,https://en.onepiece-cardgame.com/images/cardlist/card/OP05-106_p1.png?260305,OP05,0,Tournament Pack Vol.7
2800,835,OP05-106,,Shura,R,,2517,528667,Shura,Shura,OP05-106,R,,tcgcsv,high,113,market_number_eq_canonical_or_extracted;image_basename_number_agrees;set_code_match;rarity_match;card_name_substring_product;source_tcgcsv,0,OP05-106,OP05,4,4,alt,Winner Alt,local-catalog,OP05-106::winner alt,thumbs/OP05-106 Winner alt.webp,,OP05,0,
2817,843,OP05-114,,El Thor,UC,,2525,528676,El Thor,El Thor,OP05-114,UC,,tcgcsv,high,101,market_number_eq_canonical_or_extracted;set_code_match;rarity_match;card_name_substring_product;source_tcgcsv,0,OP05-114,OP05,4,4,alt,Alt,local-catalog,OP05-114::alt,thumbs/OP05-114alt.webp,,OP05,0,
2826,844,OP05-115,,Two-Hundred Million Volts Amaru,R,,2526,528677,Two-Hundred Million Volts Amaru,Two Hundred Million Volts Amaru,OP05-115,R,,tcgcsv,high,113,market_number_eq_canonical_or_extracted;image_basename_number_agrees;set_code_match;rarity_match;card_name_substring_product;source_tcgcsv,0,OP05-115,OP05,4,4,alt,Prb01Alt,local-catalog,OP05-115::prb01alt,thumbs/OP05-115(PRB01alt).webp,,OP05,0,
2835,846,OP05-117,,Upper Yard,UC,,2528,528679,Upper Yard,Upper Yard,OP05-117,UC,,tcgcsv,high,113,market_number_eq_canonical_or_extracted;image_basename_number_agrees;set_code_match;rarity_match;card_name_substring_product;source_tcgcsv,0,OP05-117,OP05,4,4,alt,Prb01Alt,local-catalog,OP05-117::prb01alt,thumbs/OP05-117(PRB01alt).webp,,OP05,0,
2851,848,OP05-119,,Monkey.D.Luffy,SEC,,3587,596915,Monkey.D.Luffy (Wanted Poster),MonkeyDLuffy Wanted Poster,OP05-119,SEC,,tcgcsv,high,101,market_number_eq_canonical_or_extracted;image_basename_number_agrees;set_code_match;rarity_match;parallel_variant_no_parallel_market_penalty;card_name_substring_product;source_tcgcsv,0,OP05-119,OP09,10,10,parallel_6,Parallel 6,official-cardlist,OP05-119_p6,OP09/parallel/OP05-119_p6.png,https://en.onepiece-cardgame.com/images/cardlist/card/OP05-119_p6.png?260305,OP09,0,-EMPERORS IN THE NEW WORLD- [OP-09]
2867,849,OP06-001,,Uta,L,,3994,629173,Uta (SP),Uta SP,OP06-001,L,,tcgcsv,high,91,market_number_eq_canonical_or_extracted;image_basename_number_agrees;set_code_match;rarity_match;parallel_variant_no_parallel_market_penalty;source_tcgcsv,0,OP06-001,EB02,3,3,parallel_2,Parallel 2,official-cardlist,OP06-001_p2,EB02/parallel/OP06-001_p2.png,https://en.onepiece-cardgame.com/images/cardlist/card/OP06-001_p2.png?260305,EB02,0,-Anime 25th Collection- [EB-02]
2874,851,OP06-003,,Emporio.Ivankov,UC,,2615,541567,Emporio.Ivankov,EmporioIvankov,OP06-003,UC,,tcgcsv,high,113,market_number_eq_canonical_or_extracted;image_basename_number_agrees;set_code_match;rarity_match;card_name_substring_product;source_tcgcsv,0,OP06-003,OP06,3,3,alt,Prb01Alt,local-catalog,OP06-003::prb01alt,thumbs/OP06-003(PRB01alt).webp,,OP06,0,
2911,864,OP06-016,,Raise Max,UC,,2623,541591,Raise Max,Raise Max,OP06-016,UC,,tcgcsv,high,113,market_number_eq_canonical_or_extracted;image_basename_number_agrees;set_code_match;rarity_match;card_name_substring_product;source_tcgcsv,0,OP06-016,OP06,2,2,alt,Alt,local-catalog,OP06-016::alt,thumbs/OP06-016(alt).webp,,OP06,0,
2912,864,OP06-016,,Raise Max,UC,,2623,541591,Raise Max,Raise Max,OP06-016,UC,,tcgcsv,high,101,market_number_eq_canonical_or_extracted;image_basename_number_agrees;set_code_match;rarity_match;parallel_variant_no_parallel_market_penalty;card_name_substring_product;source_tcgcsv,0,OP06-016,OP06,2,2,parallel_1,Parallel 1,official-cardlist,OP06-016_p1,BCV3/parallel/OP06-016_p1.png,https://en.onepiece-cardgame.com/images/cardlist/card/OP06-016_p1.png?260305,OP06,0,Premium Card Collection -Best Selection Vol.3-
2923,868,OP06-020,,Hody Jones,L,,3995,629174,Hody Jones (SP),Hody Jones SP,OP06-020,L,,tcgcsv,high,101,market_number_eq_canonical_or_extracted;image_basename_number_agrees;set_code_match;rarity_match;parallel_variant_no_parallel_market_penalty;card_name_substring_product;source_tcgcsv,0,OP06-020,EB02,3,3,parallel_2,Parallel 2,official-cardlist,OP06-020_p2,EB02/parallel/OP06-020_p2.png,https://en.onepiece-cardgame.com/images/cardlist/card/OP06-020_p2.png?260305,EB02,0,-Anime 25th Collection- [EB-02]
2928,869,OP06-021,,Perona,L,,3996,629175,Perona (SP),Perona SP,OP06-021,L,,tcgcsv,high,101,market_number_eq_canonical_or_extracted;image_basename_number_agrees;set_code_match;rarity_match;parallel_variant_no_parallel_market_penalty;card_name_substring_product;source_tcgcsv,0,OP06-021,EB02,3,3,parallel_2,Parallel 2,official-cardlist,OP06-021_p2,EB02/parallel/OP06-021_p2.png,https://en.onepiece-cardgame.com/images/cardlist/card/OP06-021_p2.png?260305,EB02,0,-Anime 25th Collection- [EB-02]
2933,870,OP06-022,,Yamato,L,,3997,629176,Yamato (SP),Yamato SP,OP06-022,L,,tcgcsv,high,101,market_number_eq_canonical_or_extracted;image_basename_number_agrees;set_code_match;rarity_match;parallel_variant_no_parallel_market_penalty;card_name_substring_product;source_tcgcsv,0,OP06-022,EB02,4,4,parallel_2,Parallel 2,official-cardlist,OP06-022_p2,EB02/parallel/OP06-022_p2.png,https://en.onepiece-cardgame.com/images/cardlist/card/OP06-022_p2.png?260305,EB02,0,-Anime 25th Collection- [EB-02]
2934,870,OP06-022,,Yamato,L,,4266,634623,Yamato (OP06-022),Yamato OP06 022,OP06-022,L,,tcgcsv,high,101,market_number_eq_canonical_or_extracted;image_basename_number_agrees;set_code_match;rarity_match;parallel_variant_no_parallel_market_penalty;card_name_substring_product;source_tcgcsv,0,OP06-022,ST28,4,4,parallel_3,Parallel 3,official-cardlist,OP06-022_p3,ST28/parallel/OP06-022_p3.png,https://en.onepiece-cardgame.com/images/cardlist/card/OP06-022_p3.png?260305,ST28,0,-GREEN/YELLOW Yamato- [ST-28]
2941,871,OP06-023,,Arlong,R,,2572,539775,Arlong,Arlong,OP06-023,R,,tcgcsv,high,113,market_number_eq_canonical_or_extracted;image_basename_number_agrees;set_code_match;rarity_match;card_name_substring_product;source_tcgcsv,0,OP06-023,OP06,4,4,alt,Prb01Alt2,local-catalog,OP06-023::prb01alt2,thumbs/OP06-023(PRB01alt2).webp,,OP06,0,
2972,883,OP06-035,,Hody Jones,SR,,3428,593488,Hody Jones (Alternate Art),Hody Jones Alternate Art,OP06-035,SR,,tcgcsv,high,101,market_number_eq_canonical_or_extracted;image_basename_number_agrees;set_code_match;rarity_match;parallel_variant_no_parallel_market_penalty;card_name_substring_product;source_tcgcsv,0,OP06-035,PRB01,3,3,parallel_3,Parallel 3,official-cardlist,OP06-035_p3,PRB01/parallel/OP06-035_p3.png,https://en.onepiece-cardgame.com/images/cardlist/card/OP06-035_p3.png?260305,PRB01,0,-ONE PIECE CARD THE BEST- [PRB-01]
2974,883,OP06-035,,Hody Jones,SR,,3428,593488,Hody Jones (Alternate Art),Hody Jones Alternate Art,OP06-035,SR,,tcgcsv,high,113,market_number_eq_canonical_or_extracted;image_basename_number_agrees;set_code_match;rarity_match;card_name_substring_product;source_tcgcsv,0,OP06-035,PRB01,3,3,r1,R1,official-cardlist,OP06-035_r1,PRB01/reprint/OP06-035_r1.png,https://en.onepiece-cardgame.com/images/cardlist/card/OP06-035_r1.png?260305,PRB01,0,-ONE PIECE CARD THE BEST- [PRB-01]
2980,884,OP06-036,,Ryuma,R,,2580,541045,Ryuma,Ryuma,OP06-036,R,,tcgcsv,high,113,market_number_eq_canonical_or_extracted;image_basename_number_agrees;set_code_match;rarity_match;card_name_substring_product;source_tcgcsv,0,OP06-036,OP06,5,5,alt,Prb01Alt,local-catalog,OP06-036::prb01alt,thumbs/OP06-036(PRB01alt).webp,,OP06,0,
2986,886,OP06-038,,The Billion-fold World Trichiliocosm,UC,,2636,541606,The Billion-fold World Trichiliocosm,The Billion fold World Trichiliocosm,OP06-038,UC,,tcgcsv,high,101,market_number_eq_canonical_or_extracted;set_code_match;rarity_match;card_name_substring_product;source_tcgcsv,0,OP06-038,OP06,4,4,alt,Alt,local-catalog,OP06-038::alt,thumbs/OP06-038alt.webp,,OP06,0,
3000,890,OP06-042,,Vinsmoke Reiju,L,,3998,629177,Vinsmoke Reiju (SP),Vinsmoke Reiju SP,OP06-042,L,,tcgcsv,high,101,market_number_eq_canonical_or_extracted;image_basename_number_agrees;set_code_match;rarity_match;parallel_variant_no_parallel_market_penalty;card_name_substring_product;source_tcgcsv,0,OP06-042,EB02,3,3,parallel_2,Parallel 2,official-cardlist,OP06-042_p2,EB02/parallel/OP06-042_p2.png,https://en.onepiece-cardgame.com/images/cardlist/card/OP06-042_p2.png?260305,EB02,0,-Anime 25th Collection- [EB-02]
3015,895,OP06-047,,Charlotte Pudding,R,,2582,541047,Charlotte Pudding,Charlotte Pudding,OP06-047,R,,tcgcsv,high,101,market_number_eq_canonical_or_extracted;set_code_match;rarity_match;card_name_substring_product;source_tcgcsv,0,OP06-047,OP06,6,6,alt,Alt,local-catalog,OP06-047::alt,thumbs/OP06-047alt.webp,,OP06,0,
3016,895,OP06-047,,Charlotte Pudding,R,,2582,541047,Charlotte Pudding,Charlotte Pudding,OP06-047,R,,tcgcsv,high,101,market_number_eq_canonical_or_extracted;set_code_match;rarity_match;card_name_substring_product;source_tcgcsv,0,OP06-047,OP06,6,6,alt,Alt Art 2,local-catalog,OP06-047::alt art 2,thumbs/OP06-047alt2.webp,,OP06,0,
3017,895,OP06-047,,Charlotte Pudding,R,,2582,541047,Charlotte Pudding,Charlotte Pudding,OP06-047,R,,tcgcsv,high,101,market_number_eq_canonical_or_extracted;image_basename_number_agrees;set_code_match;rarity_match;parallel_variant_no_parallel_market_penalty;card_name_substring_product;source_tcgcsv,0,OP06-047,OP06,6,6,parallel_1,Parallel 1,official-cardlist,OP06-047_p1,CS2526CP/parallel/OP06-047_p1.png,https://en.onepiece-cardgame.com/images/cardlist/card/OP06-047_p1.png?260305,OP06,0,CS 25-26 Celebration Pack
3019,895,OP06-047,,Charlotte Pudding,R,,2582,541047,Charlotte Pudding,Charlotte Pudding,OP06-047,R,,tcgcsv,high,113,market_number_eq_canonical_or_extracted;image_basename_number_agrees;set_code_match;rarity_match;card_name_substring_product;source_tcgcsv,0,OP06-047,OP06,6,6,alt,Prb02,local-catalog,OP06-047::prb02,thumbs/OP06-047(PRB02).webp,,OP06,0,
3031,898,OP06-050,,Tashigi,SP CARD,,4435,646565,Tashigi (SP),Tashigi SP,OP06-050,R,,tcgcsv,high,89,market_number_eq_canonical_or_extracted;image_basename_number_agrees;set_code_match;parallel_variant_no_parallel_market_penalty;card_name_substring_product;source_tcgcsv,0,OP06-050,OP12,3,3,parallel_2,Parallel 2,official-cardlist,OP06-050_p2,OP12/parallel/OP06-050_p2.png,https://en.onepiece-cardgame.com/images/cardlist/card/OP06-050_p2.png?260305,OP12,0,-LEGACY OF THE MASTER- [OP-12]
3035,899,OP06-051,,Tsuru,R,,2587,541052,Tsuru,Tsuru,OP06-051,R,,tcgcsv,high,101,market_number_eq_canonical_or_extracted;image_basename_number_agrees;set_code_match;rarity_match;parallel_variant_no_parallel_market_penalty;card_name_substring_product;source_tcgcsv,0,OP06-051,OP06,3,3,parallel_1,Parallel 1,official-cardlist,OP06-051_p1,TP2025V4/parallel/OP06-051_p1.png,https://en.onepiece-cardgame.com/images/cardlist/card/OP06-051_p1.png?260305,OP06,0,Tournament Pack 2025 Vol. 4
3036,899,OP06-051,,Tsuru,R,,2587,541052,Tsuru,Tsuru,OP06-051,R,,tcgcsv,high,101,market_number_eq_canonical_or_extracted;image_basename_number_agrees;set_code_match;rarity_match;parallel_variant_no_parallel_market_penalty;card_name_substring_product;source_tcgcsv,0,OP06-051,OP06,3,3,parallel_2,Parallel 2,official-cardlist,OP06-051_p2,_unclassified/parallel/OP06-051_p2.png,https://en.onepiece-cardgame.com/images/cardlist/card/OP06-051_p2.png?260305,OP06,0,Winner Pack 2025 Vol. 4
3057,906,OP06-058,,Gravity Blade Raging Tiger,R,,2608,541073,Gravity Blade Raging Tiger,Gravity Blade Raging Tiger,OP06-058,R,,tcgcsv,high,113,market_number_eq_canonical_or_extracted;image_basename_number_agrees;set_code_match;rarity_match;card_name_substring_product;source_tcgcsv,0,OP06-058,OP06,3,3,alt,Prb02,local-catalog,OP06-058::prb02,thumbs/OP06-058(PRB02).webp,,OP06,0,
3067,908,OP06-060,,Vinsmoke Ichiji,C,,2651,541621,Vinsmoke Ichiji (060),Vinsmoke Ichiji 060,OP06-060,C,,tcgcsv,high,113,market_number_eq_canonical_or_extracted;image_basename_number_agrees;set_code_match;rarity_match;card_name_substring_product;source_tcgcsv,0,OP06-060,OP06,3,3,alt,Prb01Alt,local-catalog,OP06-060::prb01alt,thumbs/OP06-060(PRB01alt).webp,,OP06,0,
3080,911,OP06-063,,Vinsmoke Sora,UC,,2652,541622,Vinsmoke Sora,Vinsmoke Sora,OP06-063,UC,,tcgcsv,high,101,market_number_eq_canonical_or_extracted;image_basename_number_agrees;set_code_match;rarity_match;parallel_variant_no_parallel_market_penalty;card_name_substring_product;source_tcgcsv,0,OP06-063,OP06,6,6,parallel_2,Parallel 2,official-cardlist,OP06-063_p2,CS2526TP2/parallel/OP06-063_p2.png,https://en.onepiece-cardgame.com/images/cardlist/card/OP06-063_p2.png?260305,OP06,0,CS 25-26 Top Player Pack 2
3081,911,OP06-063,,Vinsmoke Sora,UC,,2652,541622,Vinsmoke Sora,Vinsmoke Sora,OP06-063,UC,,tcgcsv,high,101,market_number_eq_canonical_or_extracted;image_basename_number_agrees;set_code_match;rarity_match;parallel_variant_no_parallel_market_penalty;card_name_substring_product;source_tcgcsv,0,OP06-063,OP06,6,6,parallel_3,Parallel 3,official-cardlist,OP06-063_p3,_unclassified/parallel/OP06-063_p3.png,https://en.onepiece-cardgame.com/images/cardlist/card/OP06-063_p3.png?260305,OP06,0,CS 25-26 Finalist Card Set 2
3082,911,OP06-063,,Vinsmoke Sora,UC,,2652,541622,Vinsmoke Sora,Vinsmoke Sora,OP06-063,UC,,tcgcsv,high,101,market_number_eq_canonical_or_extracted;image_basename_number_agrees;set_code_match;rarity_match;parallel_variant_no_parallel_market_penalty;card_name_substring_product;source_tcgcsv,0,OP06-063,OP06,6,6,parallel_4,Parallel 4,official-cardlist,OP06-063_p4,_unclassified/parallel/OP06-063_p4.png,https://en.onepiece-cardgame.com/images/cardlist/card/OP06-063_p4.png?260305,OP06,0,CS 25-26 Winner Card Set 2
3088,912,OP06-064,,Vinsmoke Niji,C,,2653,541623,Vinsmoke Niji (064),Vinsmoke Niji 064,OP06-064,C,,tcgcsv,high,113,market_number_eq_canonical_or_extracted;image_basename_number_agrees;set_code_match;rarity_match;card_name_substring_product;source_tcgcsv,0,OP06-064,OP06,3,3,alt,Prb01Alt,local-catalog,OP06-064::prb01alt,thumbs/OP06-064(PRB01alt).webp,,OP06,0,
3095,913,OP06-065,,Vinsmoke Niji,R,,2605,541070,Vinsmoke Niji (065),Vinsmoke Niji 065,OP06-065,R,,tcgcsv,high,113,market_number_eq_canonical_or_extracted;image_basename_number_agrees;set_code_match;rarity_match;card_name_substring_product;source_tcgcsv,0,OP06-065,OP06,4,4,alt,Prb01Alt,local-catalog,OP06-065::prb01alt,thumbs/OP06-065(PRB01alt).webp,,OP06,0,
3101,914,OP06-066,,Vinsmoke Yonji,C,,2654,541624,Vinsmoke Yonji (066),Vinsmoke Yonji 066,OP06-066,C,,tcgcsv,high,113,market_number_eq_canonical_or_extracted;image_basename_number_agrees;set_code_match;rarity_match;card_name_substring_product;source_tcgcsv,0,OP06-066,OP06,3,3,alt,Prb01Alt,local-catalog,OP06-066::prb01alt,thumbs/OP06-066(PRB01alt).webp,,OP06,0,
3108,915,OP06-067,,Vinsmoke Yonji,R,,2606,541071,Vinsmoke Yonji (067),Vinsmoke Yonji 067,OP06-067,R,,tcgcsv,high,113,market_number_eq_canonical_or_extracted;image_basename_number_agrees;set_code_match;rarity_match;card_name_substring_product;source_tcgcsv,0,OP06-067,OP06,4,4,alt,Prb01Alt,local-catalog,OP06-067::prb01alt,thumbs/OP06-067(PRB01alt).webp,,OP06,0,
3109,915,OP06-067,,Vinsmoke Yonji,R,,2606,541071,Vinsmoke Yonji (067),Vinsmoke Yonji 067,OP06-067,R,,tcgcsv,high,113,market_number_eq_canonical_or_extracted;image_basename_number_agrees;set_code_match;rarity_match;card_name_substring_product;source_tcgcsv,0,OP06-067,OP06,4,4,alt,Prb01Alt 1,local-catalog,OP06-067::prb01alt 1,thumbs/OP06-067(PRB01alt) (1).webp,,OP06,0,
3115,916,OP06-068,,Vinsmoke Reiju,C,,2655,541625,Vinsmoke Reiju (068),Vinsmoke Reiju 068,OP06-068,C,,tcgcsv,high,113,market_number_eq_canonical_or_extracted;image_basename_number_agrees;set_code_match;rarity_match;card_name_substring_product;source_tcgcsv,0,OP06-068,OP06,3,3,alt,Prb01Alt,local-catalog,OP06-068::prb01alt,thumbs/OP06-068(PRB01alt).webp,,OP06,0,
3123,917,OP06-069,,Vinsmoke Reiju,SR,,3359,587574,Vinsmoke Reiju (OP06-069) (Alternate Art),Vinsmoke Reiju OP06 069 Alternate Art,OP06-069,SR,,tcgcsv,high,101,market_number_eq_canonical_or_extracted;image_basename_number_agrees;set_code_match;rarity_match;parallel_variant_no_parallel_market_penalty;card_name_substring_product;source_tcgcsv,0,OP06-069,PRB01,4,4,parallel_4,Parallel 4,official-cardlist,OP06-069_p4,PRB01/parallel/OP06-069_p4.png,https://en.onepiece-cardgame.com/images/cardlist/card/OP06-069_p4.png?260305,PRB01,0,-ONE PIECE CARD THE BEST- [PRB-01]
3125,917,OP06-069,,Vinsmoke Reiju,SR,,3359,587574,Vinsmoke Reiju (OP06-069) (Alternate Art),Vinsmoke Reiju OP06 069 Alternate Art,OP06-069,SR,,tcgcsv,high,113,market_number_eq_canonical_or_extracted;image_basename_number_agrees;set_code_match;rarity_match;card_name_substring_product;source_tcgcsv,0,OP06-069,PRB01,4,4,r1,R1,official-cardlist,OP06-069_r1,PRB01/reprint/OP06-069_r1.png,https://en.onepiece-cardgame.com/images/cardlist/card/OP06-069_r1.png?260305,PRB01,0,-ONE PIECE CARD THE BEST- [PRB-01]
3142,924,OP06-076,,Hitokiri Kamazo,UC,,2661,541631,Hitokiri Kamazo,Hitokiri Kamazo,OP06-076,UC,,tcgcsv,high,101,market_number_eq_canonical_or_extracted;set_code_match;rarity_match;card_name_substring_product;source_tcgcsv,0,OP06-076,OP06,6,6,alt,Alt,local-catalog,OP06-076::alt,thumbs/OP06-076alt.webp,,OP06,0,
3143,924,OP06-076,,Hitokiri Kamazo,UC,,2661,541631,Hitokiri Kamazo,Hitokiri Kamazo,OP06-076,UC,,tcgcsv,high,101,market_number_eq_canonical_or_extracted;image_basename_number_agrees;set_code_match;rarity_match;parallel_variant_no_parallel_market_penalty;card_name_substring_product;source_tcgcsv,0,OP06-076,OP06,6,6,parallel_1,Parallel 1,official-cardlist,OP06-076_p1,CS2526CP/parallel/OP06-076_p1.png,https://en.onepiece-cardgame.com/images/cardlist/card/OP06-076_p1.png?260305,OP06,0,CS 25-26 Celebration Pack
3157,927,OP06-079,,Kingdom of GERMA,C,,2663,541633,Kingdom of GERMA,Kingdom of GERMA,OP06-079,C,,tcgcsv,high,113,market_number_eq_canonical_or_extracted;image_basename_number_agrees;set_code_match;rarity_match;card_name_substring_product;source_tcgcsv,0,OP06-079,OP06,4,4,alt,Prb01Alt,local-catalog,OP06-079::prb01alt,thumbs/OP06-079(PRB01alt).webp,,OP06,0,
3163,928,OP06-080,,Gecko Moria,L,,3999,629178,Gecko Moria (SP),Gecko Moria SP,OP06-080,L,,tcgcsv,high,101,market_number_eq_canonical_or_extracted;image_basename_number_agrees;set_code_match;rarity_match;parallel_variant_no_parallel_market_penalty;card_name_substring_product;source_tcgcsv,0,OP06-080,EB02,3,3,parallel_2,Parallel 2,official-cardlist,OP06-080_p2,EB02/parallel/OP06-080_p2.png,https://en.onepiece-cardgame.com/images/cardlist/card/OP06-080_p2.png?260305,EB02,0,-Anime 25th Collection- [EB-02]
3180,934,OP06-086,,Gecko Moria,SR,,3300,586593,Gecko Moria (Alternate Art),Gecko Moria Alternate Art,OP06-086,SR,,tcgcsv,high,101,market_number_eq_canonical_or_extracted;image_basename_number_agrees;set_code_match;rarity_match;parallel_variant_no_parallel_market_penalty;card_name_substring_product;source_tcgcsv,0,OP06-086,PRB01,3,3,parallel_3,Parallel 3,official-cardlist,OP06-086_p3,PRB01/parallel/OP06-086_p3.png,https://en.onepiece-cardgame.com/images/cardlist/card/OP06-086_p3.png?260305,PRB01,0,-ONE PIECE CARD THE BEST- [PRB-01]
3182,934,OP06-086,,Gecko Moria,SR,,3300,586593,Gecko Moria (Alternate Art),Gecko Moria Alternate Art,OP06-086,SR,,tcgcsv,high,113,market_number_eq_canonical_or_extracted;image_basename_number_agrees;set_code_match;rarity_match;card_name_substring_product;source_tcgcsv,0,OP06-086,PRB01,3,3,r1,R1,official-cardlist,OP06-086_r1,PRB01/reprint/OP06-086_r1.png,https://en.onepiece-cardgame.com/images/cardlist/card/OP06-086_r1.png?260305,PRB01,0,-ONE PIECE CARD THE BEST- [PRB-01]
3191,938,OP06-090,,Dr. Hogback,R,,2601,541066,Dr. Hogback,Dr Hogback,OP06-090,R,,tcgcsv,high,113,market_number_eq_canonical_or_extracted;image_basename_number_agrees;set_code_match;rarity_match;card_name_substring_product;source_tcgcsv,0,OP06-090,OP06,2,2,alt,Alt,local-catalog,OP06-090::alt,thumbs/OP06-090(alt).webp,,OP06,0,
3192,938,OP06-090,,Dr. Hogback,R,,2601,541066,Dr. Hogback,Dr Hogback,OP06-090,R,,tcgcsv,high,101,market_number_eq_canonical_or_extracted;image_basename_number_agrees;set_code_match;rarity_match;parallel_variant_no_parallel_market_penalty;card_name_substring_product;source_tcgcsv,0,OP06-090,OP06,2,2,parallel_1,Parallel 1,official-cardlist,OP06-090_p1,BCV3/parallel/OP06-090_p1.png,https://en.onepiece-cardgame.com/images/cardlist/card/OP06-090_p1.png?260305,OP06,0,Premium Card Collection -Best Selection Vol.3-
3197,939,OP06-091,,Victoria Cindry,UC,,2671,541641,Victoria Cindry,Victoria Cindry,OP06-091,UC,,tcgcsv,high,113,market_number_eq_canonical_or_extracted;image_basename_number_agrees;set_code_match;rarity_match;card_name_substring_product;source_tcgcsv,0,OP06-091,OP06,3,3,alt,Prb01Alt,local-catalog,OP06-091::prb01alt,thumbs/OP06-091(PRB01alt).webp,,OP06,0,
3201,940,OP06-092,,Brook,R,,2602,541067,Brook,Brook,OP06-092,R,,tcgcsv,high,101,market_number_eq_canonical_or_extracted;set_code_match;rarity_match;card_name_substring_product;source_tcgcsv,0,OP06-092,OP06,5,5,alt,Alt,local-catalog,OP06-092::alt,thumbs/OP06-092alt.webp,,OP06,0,
3210,941,OP06-093,,Perona,SP CARD,,5237,671451,Perona - OP06-093 (SP),Perona OP06 093 SP,OP06-093,SR,,tcgcsv,high,89,market_number_eq_canonical_or_extracted;image_basename_number_agrees;set_code_match;parallel_variant_no_parallel_market_penalty;card_name_substring_product;source_tcgcsv,0,OP06-093,OP14,5,5,parallel_5,Parallel 5,official-cardlist,OP06-093_p5,OP06/parallel/OP06-093_p5.png,https://en.onepiece-cardgame.com/images/cardlist/card/OP06-093_p5.png?260305,OP14,0,
3228,948,OP06-100,,Inuarashi,UC,,2677,541647,Inuarashi,Inuarashi,OP06-100,UC,,tcgcsv,high,113,market_number_eq_canonical_or_extracted;image_basename_number_agrees;set_code_match;rarity_match;card_name_substring_product;source_tcgcsv,0,OP06-100,OP06,4,4,alt,Prb01Alt,local-catalog,OP06-100::prb01alt,thumbs/OP06-100(PRB01alt).webp,,OP06,0,
3230,948,OP06-100,,Inuarashi,UC,,4267,635303,Inuarashi (Reprint),Inuarashi Reprint,OP06-100,UC,,tcgcsv,high,113,market_number_eq_canonical_or_extracted;image_basename_number_agrees;set_code_match;rarity_match;card_name_substring_product;source_tcgcsv,0,OP06-100,ST28,4,4,r2,R2,official-cardlist,OP06-100_r2,ST28/reprint/OP06-100_r2.png,https://en.onepiece-cardgame.com/images/cardlist/card/OP06-100_r2.png?260305,ST28,0,-GREEN/YELLOW Yamato- [ST-28]
3236,949,OP06-101,,O-Nami,SP CARD,,2962,545927,O-Nami (SP),O Nami SP,OP06-101,R,,tcgcsv,high,89,market_number_eq_canonical_or_extracted;image_basename_number_agrees;set_code_match;parallel_variant_no_parallel_market_penalty;card_name_substring_product;source_tcgcsv,0,OP06-101,OP07,9,9,parallel_2,Parallel 2,official-cardlist,OP06-101_p2,OP07/parallel/OP06-101_p2.png,https://en.onepiece-cardgame.com/images/cardlist/card/OP06-101_p2.png?260305,OP07,0,-500 YEARS IN THE FUTURE- [OP-07]
3245,951,OP06-103,,Kawamatsu,C,,4268,635304,Kawamatsu (Reprint),Kawamatsu Reprint,OP06-103,C,,tcgcsv,high,113,market_number_eq_canonical_or_extracted;image_basename_number_agrees;set_code_match;rarity_match;card_name_substring_product;source_tcgcsv,0,OP06-103,ST28,2,2,r1,R1,official-cardlist,OP06-103_r1,ST28/reprint/OP06-103_r1.png,https://en.onepiece-cardgame.com/images/cardlist/card/OP06-103_r1.png?260305,ST28,0,-GREEN/YELLOW Yamato- [ST-28]
3248,952,OP06-104,,Kikunojo,R,,2565,539503,Kikunojo,Kikunojo,OP06-104,R,,tcgcsv,high,101,market_number_eq_canonical_or_extracted;set_code_match;rarity_match;card_name_substring_product;source_tcgcsv,0,OP06-104,OP06,3,3,alt,Alt,local-catalog,OP06-104::alt,thumbs/OP06-104alt.webp,,OP06,0,
3249,952,OP06-104,,Kikunojo,R,,4269,635305,Kikunojo (Reprint),Kikunojo Reprint,OP06-104,R,,tcgcsv,high,113,market_number_eq_canonical_or_extracted;image_basename_number_agrees;set_code_match;rarity_match;card_name_substring_product;source_tcgcsv,0,OP06-104,ST28,3,3,r1,R1,official-cardlist,OP06-104_r1,ST28/reprint/OP06-104_r1.png,https://en.onepiece-cardgame.com/images/cardlist/card/OP06-104_r1.png?260305,ST28,0,-GREEN/YELLOW Yamato- [ST-28]
3256,954,OP06-106,,Kouzuki Hiyori,SR,,3283,586547,Kouzuki Hiyori (Alternate Art),Kouzuki Hiyori Alternate Art,OP06-106,SR,,tcgcsv,high,101,market_number_eq_canonical_or_extracted;image_basename_number_agrees;set_code_match;rarity_match;parallel_variant_no_parallel_market_penalty;card_name_substring_product;source_tcgcsv,0,OP06-106,PRB01,3,3,parallel_3,Parallel 3,official-cardlist,OP06-106_p3,PRB01/parallel/OP06-106_p3.png,https://en.onepiece-cardgame.com/images/cardlist/card/OP06-106_p3.png?260305,PRB01,0,-ONE PIECE CARD THE BEST- [PRB-01]
3258,954,OP06-106,,Kouzuki Hiyori,SR,,3283,586547,Kouzuki Hiyori (Alternate Art),Kouzuki Hiyori Alternate Art,OP06-106,SR,,tcgcsv,high,113,market_number_eq_canonical_or_extracted;image_basename_number_agrees;set_code_match;rarity_match;card_name_substring_product;source_tcgcsv,0,OP06-106,PRB01,3,3,r1,R1,official-cardlist,OP06-106_r1,PRB01/reprint/OP06-106_r1.png,https://en.onepiece-cardgame.com/images/cardlist/card/OP06-106_r1.png?260305,PRB01,0,-ONE PIECE CARD THE BEST- [PRB-01]
3263,955,OP06-107,,Kouzuki Momonosuke,SR,,4952,656154,Kouzuki Momonosuke (Reprint),Kouzuki Momonosuke Reprint,OP06-107,SR,,tcgcsv,high,113,market_number_eq_canonical_or_extracted;image_basename_number_agrees;set_code_match;rarity_match;card_name_substring_product;source_tcgcsv,0,OP06-107,PRB02,3,3,r1,R1,official-cardlist,OP06-107_r1,PRB02/reprint/OP06-107_r1.png,https://en.onepiece-cardgame.com/images/cardlist/card/OP06-107_r1.png?260305,PRB02,0,-ONE PIECE CARD THE BEST vol.2- [PRB-02]
3268,957,OP06-109,,Denjiro,UC,,4270,635306,Denjiro (Reprint),Denjiro Reprint,OP06-109,UC,,tcgcsv,high,113,market_number_eq_canonical_or_extracted;image_basename_number_agrees;set_code_match;rarity_match;card_name_substring_product;source_tcgcsv,0,OP06-109,ST28,2,2,r1,R1,official-cardlist,OP06-109_r1,ST28/reprint/OP06-109_r1.png,https://en.onepiece-cardgame.com/images/cardlist/card/OP06-109_r1.png?260305,ST28,0,-GREEN/YELLOW Yamato- [ST-28]
3271,958,OP06-110,,Nekomamushi,UC,,2683,541653,Nekomamushi,Nekomamushi,OP06-110,UC,,tcgcsv,high,101,market_number_eq_canonical_or_extracted;set_code_match;rarity_match;card_name_substring_product;source_tcgcsv,0,OP06-110,OP06,10,10,alt,Alt,local-catalog,OP06-110::alt,thumbs/OP06-110alt.webp,,OP06,0,
3272,958,OP06-110,,Nekomamushi,UC,,2683,541653,Nekomamushi,Nekomamushi,OP06-110,UC,,tcgcsv,high,101,market_number_eq_canonical_or_extracted;image_basename_number_agrees;set_code_match;rarity_match;parallel_variant_no_parallel_market_penalty;card_name_substring_product;source_tcgcsv,0,OP06-110,OP06,10,10,parallel_1,Parallel 1,official-cardlist,OP06-110_p1,ORP2024V3/parallel/OP06-110_p1.png,https://en.onepiece-cardgame.com/images/cardlist/card/OP06-110_p1.png?260305,OP06,0,Offline Regional Participation Pack 2024 Vol. 3
3276,958,OP06-110,,Nekomamushi,UC,,4271,635307,Nekomamushi (Reprint),Nekomamushi Reprint,OP06-110,UC,,tcgcsv,high,113,market_number_eq_canonical_or_extracted;image_basename_number_agrees;set_code_match;rarity_match;card_name_substring_product;source_tcgcsv,0,OP06-110,ST28,10,10,r2,R2,official-cardlist,OP06-110_r2,ST28/reprint/OP06-110_r2.png,https://en.onepiece-cardgame.com/images/cardlist/card/OP06-110_r2.png?260305,ST28,0,-GREEN/YELLOW Yamato- [ST-28]
3281,960,OP06-112,,Raizo,C,,4272,635308,Raizo (Reprint),Raizo Reprint,OP06-112,C,,tcgcsv,high,113,market_number_eq_canonical_or_extracted;image_basename_number_agrees;set_code_match;rarity_match;card_name_substring_product;source_tcgcsv,0,OP06-112,ST28,2,2,r1,R1,official-cardlist,OP06-112_r1,ST28/reprint/OP06-112_r1.png,https://en.onepiece-cardgame.com/images/cardlist/card/OP06-112_r1.png?260305,ST28,0,-GREEN/YELLOW Yamato- [ST-28]
3292,963,OP06-115,,You're the One Who Should Disappear.,R,,2566,539504,You're the One Who Should Disappear,Youre the One Who Should Disappear,OP06-115,R,,tcgcsv,high,109,market_number_eq_canonical_or_extracted;image_basename_number_agrees;set_code_match;rarity_match;name_token_overlap;source_tcgcsv,0,OP06-115,OP06,3,3,alt,Prb02,local-catalog,OP06-115::prb02,thumbs/OP06-115(PRB02).webp,,OP06,0,
3306,966,OP06-118,,Roronoa Zoro,SEC,,3374,587964,Roronoa Zoro (Manga),Roronoa Zoro Manga,OP06-118,SEC,,tcgcsv,high,113,market_number_eq_canonical_or_extracted;image_basename_number_agrees;set_code_match;rarity_match;card_name_substring_product;source_tcgcsv,0,OP06-118,PRB01,6,6,r1,R1,official-cardlist,OP06-118_r1,PRB01/reprint/OP06-118_r1.png,https://en.onepiece-cardgame.com/images/cardlist/card/OP06-118_r1.png?260305,PRB01,0,-ONE PIECE CARD THE BEST- [PRB-01]
3307,966,OP06-118,,Roronoa Zoro,SEC,,4962,656164,Roronoa Zoro - OP06-118 (Reprint),Roronoa Zoro OP06 118 Reprint,OP06-118,SEC,,tcgcsv,high,113,market_number_eq_canonical_or_extracted;image_basename_number_agrees;set_code_match;rarity_match;card_name_substring_product;source_tcgcsv,0,OP06-118,PRB02,6,6,r2,R2,official-cardlist,OP06-118_r2,PRB02/reprint/OP06-118_r2.png,https://en.onepiece-cardgame.com/images/cardlist/card/OP06-118_r2.png?260305,PRB02,0,-ONE PIECE CARD THE BEST vol.2- [PRB-02]
3313,967,OP06-119,,Sanji,SEC,,4167,632505,Sanji (SP),Sanji SP,OP06-119,SEC,,tcgcsv,high,101,market_number_eq_canonical_or_extracted;image_basename_number_agrees;set_code_match;rarity_match;parallel_variant_no_parallel_market_penalty;card_name_substring_product;source_tcgcsv,0,OP06-119,OP11,5,5,parallel_2,Parallel 2,official-cardlist,OP06-119_p2,OP11/parallel/OP06-119_p2.png,https://en.onepiece-cardgame.com/images/cardlist/card/OP06-119_p2.png?260305,OP11,0,-A FIST OF DIVINE SPEED- [OP-11]
3320,968,OP07-001,,Monkey.D.Dragon,L,,2814,545779,Monkey.D.Dragon (001) (Parallel),MonkeyDDragon 001 Parallel,OP07-001,L,Parallel,tcgcsv,high,139,market_number_eq_canonical_or_extracted;image_basename_number_agrees;set_code_match;rarity_match;parallel_token_in_market_fields;parallel_index_loose_in_name;card_name_substring_product;source_tcgcsv,0,OP07-001,OP07,3,3,parallel_1,Parallel 1,official-cardlist,OP07-001_p1,OP07/parallel/OP07-001_p1.png,https://en.onepiece-cardgame.com/images/cardlist/card/OP07-001_p1.png?260305,OP07,0,
3331,972,OP07-005,,Carina,R,,2819,545784,Carina (Parallel),Carina Parallel,OP07-005,R,Parallel,tcgcsv,high,131,market_number_eq_canonical_or_extracted;image_basename_number_agrees;set_code_match;rarity_match;parallel_token_in_market_fields;card_name_substring_product;source_tcgcsv,0,OP07-005,OP07,2,2,parallel_1,Parallel 1,official-cardlist,OP07-005_p1,OP07/parallel/OP07-005_p1.png,https://en.onepiece-cardgame.com/images/cardlist/card/OP07-005_p1.png?260305,OP07,0,
3355,982,OP07-015,,Monkey.D.Dragon,SR,,2830,545795,Monkey.D.Dragon (015) (Parallel),MonkeyDDragon 015 Parallel,OP07-015,SR,Parallel,tcgcsv,high,139,market_number_eq_canonical_or_extracted;image_basename_number_agrees;set_code_match;rarity_match;parallel_token_in_market_fields;parallel_index_loose_in_name;card_name_substring_product;source_tcgcsv,0,OP07-015,OP07,4,4,parallel_1,Parallel 1,official-cardlist,OP07-015_p1,OP07/parallel/OP07-015_p1.png,https://en.onepiece-cardgame.com/images/cardlist/card/OP07-015_p1.png?260305,OP07,0,
3357,982,OP07-015,,Monkey.D.Dragon,SR,,4970,656173,Monkey.D.Dragon (Reprint),MonkeyDDragon Reprint,OP07-015,SR,,tcgcsv,high,113,market_number_eq_canonical_or_extracted;image_basename_number_agrees;set_code_match;rarity_match;card_name_substring_product;source_tcgcsv,0,OP07-015,PRB02,4,4,r1,R1,official-cardlist,OP07-015_r1,PRB02/reprint/OP07-015_r1.png,https://en.onepiece-cardgame.com/images/cardlist/card/OP07-015_r1.png?260305,PRB02,0,-ONE PIECE CARD THE BEST vol.2- [PRB-02]
3370,986,OP07-019,,Jewelry Bonney,L,,2835,545800,Jewelry Bonney (019) (Parallel),Jewelry Bonney 019 Parallel,OP07-019,L,Parallel,tcgcsv,high,139,market_number_eq_canonical_or_extracted;image_basename_number_agrees;set_code_match;rarity_match;parallel_token_in_market_fields;parallel_index_loose_in_name;card_name_substring_product;source_tcgcsv,0,OP07-019,OP07,4,4,parallel_1,Parallel 1,official-cardlist,OP07-019_p1,OP07/parallel/OP07-019_p1.png,https://en.onepiece-cardgame.com/images/cardlist/card/OP07-019_p1.png?260305,OP07,0,
3378,988,OP07-021,,Urouge,R,,2837,545802,Urouge,Urouge,OP07-021,R,,tcgcsv,high,101,market_number_eq_canonical_or_extracted;image_basename_number_agrees;set_code_match;rarity_match;parallel_variant_no_parallel_market_penalty;card_name_substring_product;source_tcgcsv,0,OP07-021,OP07,11,11,parallel_1,Parallel 1,official-cardlist,OP07-021_p1,ORP2025V1/parallel/OP07-021_p1.png,https://en.onepiece-cardgame.com/images/cardlist/card/OP07-021_p1.png?260305,OP07,0,Offline Regional Participation Pack 2025 Vol.1
3379,988,OP07-021,,Urouge,R,,3752,617029,Urouge (SP),Urouge SP,OP07-021,R,,tcgcsv,high,101,market_number_eq_canonical_or_extracted;image_basename_number_agrees;set_code_match;rarity_match;parallel_variant_no_parallel_market_penalty;card_name_substring_product;source_tcgcsv,0,OP07-021,OP10,11,11,parallel_2,Parallel 2,official-cardlist,OP07-021_p2,OP10/parallel/OP07-021_p2.png,https://en.onepiece-cardgame.com/images/cardlist/card/OP07-021_p2.png?260305,OP10,0,-ROYAL BLOOD- [OP-10]
3380,988,OP07-021,,Urouge,R,,2837,545802,Urouge,Urouge,OP07-021,R,,tcgcsv,high,101,market_number_eq_canonical_or_extracted;image_basename_number_agrees;set_code_match;rarity_match;parallel_variant_no_parallel_market_penalty;card_name_substring_product;source_tcgcsv,0,OP07-021,OP07,11,11,parallel_3,Parallel 3,official-cardlist,OP07-021_p3,ORFC2526S1/parallel/OP07-021_p3.png,https://en.onepiece-cardgame.com/images/cardlist/card/OP07-021_p3.png?260305,OP07,0,Offline Regional Finalist Card Set 25-26 Season 1
3381,988,OP07-021,,Urouge,R,,2837,545802,Urouge,Urouge,OP07-021,R,,tcgcsv,high,101,market_number_eq_canonical_or_extracted;image_basename_number_agrees;set_code_match;rarity_match;parallel_variant_no_parallel_market_penalty;card_name_substring_product;source_tcgcsv,0,OP07-021,OP07,11,11,parallel_4,Parallel 4,official-cardlist,OP07-021_p4,_unclassified/parallel/OP07-021_p4.png,https://en.onepiece-cardgame.com/images/cardlist/card/OP07-021_p4.png?260305,OP07,0,Offline Regional Champion Card Set 25-26 Season 1
3382,988,OP07-021,,Urouge,R,,2837,545802,Urouge,Urouge,OP07-021,R,,tcgcsv,high,101,market_number_eq_canonical_or_extracted;image_basename_number_agrees;set_code_match;rarity_match;parallel_variant_no_parallel_market_penalty;card_name_substring_product;source_tcgcsv,0,OP07-021,OP07,11,11,parallel_5,Parallel 5,official-cardlist,OP07-021_p5,_unclassified/parallel/OP07-021_p5.png,https://en.onepiece-cardgame.com/images/cardlist/card/OP07-021_p5.png?260305,OP07,0,Online Regional Participation Pack 25-26 Season 1
3383,988,OP07-021,,Urouge,R,,2837,545802,Urouge,Urouge,OP07-021,R,,tcgcsv,high,101,market_number_eq_canonical_or_extracted;image_basename_number_agrees;set_code_match;rarity_match;parallel_variant_no_parallel_market_penalty;card_name_substring_product;source_tcgcsv,0,OP07-021,OP07,11,11,parallel_6,Parallel 6,official-cardlist,OP07-021_p6,_unclassified/parallel/OP07-021_p6.png,https://en.onepiece-cardgame.com/images/cardlist/card/OP07-021_p6.png?260305,OP07,0,Online Regional Finalist Card Set 25-26 Season 1
3384,988,OP07-021,,Urouge,R,,2837,545802,Urouge,Urouge,OP07-021,R,,tcgcsv,high,101,market_number_eq_canonical_or_extracted;image_basename_number_agrees;set_code_match;rarity_match;parallel_variant_no_parallel_market_penalty;card_name_substring_product;source_tcgcsv,0,OP07-021,OP07,11,11,parallel_7,Parallel 7,official-cardlist,OP07-021_p7,_unclassified/parallel/OP07-021_p7.png,https://en.onepiece-cardgame.com/images/cardlist/card/OP07-021_p7.png?260305,OP07,0,Online Regional Champion Card Set 25-26 Season 1
3386,988,OP07-021,,Urouge,R,,2837,545802,Urouge,Urouge,OP07-021,R,,tcgcsv,high,113,market_number_eq_canonical_or_extracted;image_basename_number_agrees;set_code_match;rarity_match;card_name_substring_product;source_tcgcsv,0,OP07-021,OP07,11,11,alt,Prb02,local-catalog,OP07-021::prb02,thumbs/OP07-021(PRB02).webp,,OP07,0,
3387,988,OP07-021,,Urouge,R,,4200,634600,Urouge (Reprint),Urouge Reprint,OP07-021,R,,tcgcsv,high,113,market_number_eq_canonical_or_extracted;image_basename_number_agrees;set_code_match;rarity_match;card_name_substring_product;source_tcgcsv,0,OP07-021,ST24,11,11,r1,R1,official-cardlist,OP07-021_r1,ST24/reprint/OP07-021_r1.png,https://en.onepiece-cardgame.com/images/cardlist/card/OP07-021_r1.png?260305,ST24,0,-GREEN Jewelry Bonney- [ST-24]
3389,988,OP07-021,,Urouge,R,,2837,545802,Urouge,Urouge,OP07-021,R,,tcgcsv,high,101,market_number_eq_canonical_or_extracted;set_code_match;rarity_match;card_name_substring_product;source_tcgcsv,0,OP07-021,OP07,11,11,sp,S P,local-catalog,OP07-021::s p,thumbs/OP07-021SP.webp,,OP07,0,
3393,989,OP07-022,,Otama,R,,2839,545804,Otama (Parallel),Otama Parallel,OP07-022,R,Parallel,tcgcsv,high,131,market_number_eq_canonical_or_extracted;image_basename_number_agrees;set_code_match;rarity_match;parallel_token_in_market_fields;card_name_substring_product;source_tcgcsv,0,OP07-022,OP07,2,2,parallel_1,Parallel 1,official-cardlist,OP07-022_p1,OP07/parallel/OP07-022_p1.png,https://en.onepiece-cardgame.com/images/cardlist/card/OP07-022_p1.png?260305,OP07,0,
3396,990,OP07-023,,Caribou,UC,,4201,634601,Caribou (Reprint),Caribou Reprint,OP07-023,UC,,tcgcsv,high,113,market_number_eq_canonical_or_extracted;image_basename_number_agrees;set_code_match;rarity_match;card_name_substring_product;source_tcgcsv,0,OP07-023,ST24,2,2,r1,R1,official-cardlist,OP07-023_r1,ST24/reprint/OP07-023_r1.png,https://en.onepiece-cardgame.com/images/cardlist/card/OP07-023_r1.png?260305,ST24,0,-GREEN Jewelry Bonney- [ST-24]
3401,992,OP07-025,,Coribou,C,,4202,634602,Coribou (Reprint),Coribou Reprint,OP07-025,C,,tcgcsv,high,113,market_number_eq_canonical_or_extracted;image_basename_number_agrees;set_code_match;rarity_match;card_name_substring_product;source_tcgcsv,0,OP07-025,ST24,2,2,r1,R1,official-cardlist,OP07-025_r1,ST24/reprint/OP07-025_r1.png,https://en.onepiece-cardgame.com/images/cardlist/card/OP07-025_r1.png?260305,ST24,0,-GREEN Jewelry Bonney- [ST-24]
3405,993,OP07-026,,Jewelry Bonney,SR,,2844,545809,Jewelry Bonney (026) (Parallel),Jewelry Bonney 026 Parallel,OP07-026,SR,Parallel,tcgcsv,high,131,market_number_eq_canonical_or_extracted;image_basename_number_agrees;set_code_match;rarity_match;parallel_token_in_market_fields;card_name_substring_product;source_tcgcsv,0,OP07-026,OP07,3,3,parallel_1,Parallel 1,official-cardlist,OP07-026_p1,OP07/parallel/OP07-026_p1.png,https://en.onepiece-cardgame.com/images/cardlist/card/OP07-026_p1.png?260305,OP07,0,
3406,993,OP07-026,,Jewelry Bonney,SR,,4978,656182,Jewelry Bonney - OP07-026 (Reprint),Jewelry Bonney OP07 026 Reprint,OP07-026,SR,,tcgcsv,high,113,market_number_eq_canonical_or_extracted;image_basename_number_agrees;set_code_match;rarity_match;card_name_substring_product;source_tcgcsv,0,OP07-026,PRB02,3,3,r1,R1,official-cardlist,OP07-026_r1,PRB02/reprint/OP07-026_r1.png,https://en.onepiece-cardgame.com/images/cardlist/card/OP07-026_r1.png?260305,PRB02,0,-ONE PIECE CARD THE BEST vol.2- [PRB-02]
3414,996,OP07-029,,Basil Hawkins,SR,,2848,545813,Basil Hawkins (Parallel),Basil Hawkins Parallel,OP07-029,SR,Parallel,tcgcsv,high,131,market_number_eq_canonical_or_extracted;image_basename_number_agrees;set_code_match;rarity_match;parallel_token_in_market_fields;card_name_substring_product;source_tcgcsv,0,OP07-029,OP07,3,3,parallel_1,Parallel 1,official-cardlist,OP07-029_p1,OP07/parallel/OP07-029_p1.png,https://en.onepiece-cardgame.com/images/cardlist/card/OP07-029_p1.png?260305,OP07,0,
3415,996,OP07-029,,Basil Hawkins,SR,,4981,656187,Basil Hawkins - OP07-029 (Reprint),Basil Hawkins OP07 029 Reprint,OP07-029,SR,,tcgcsv,high,113,market_number_eq_canonical_or_extracted;image_basename_number_agrees;set_code_match;rarity_match;card_name_substring_product;source_tcgcsv,0,OP07-029,PRB02,3,3,r1,R1,official-cardlist,OP07-029_r1,PRB02/reprint/OP07-029_r1.png,https://en.onepiece-cardgame.com/images/cardlist/card/OP07-029_r1.png?260305,PRB02,0,-ONE PIECE CARD THE BEST vol.2- [PRB-02]
3421,998,OP07-031,,Bartolomeo,UC,,4203,634603,Bartolomeo (Reprint),Bartolomeo Reprint,OP07-031,UC,,tcgcsv,high,113,market_number_eq_canonical_or_extracted;image_basename_number_agrees;set_code_match;rarity_match;card_name_substring_product;source_tcgcsv,0,OP07-031,ST24,4,4,r1,R1,official-cardlist,OP07-031_r1,ST24/reprint/OP07-031_r1.png,https://en.onepiece-cardgame.com/images/cardlist/card/OP07-031_r1.png?260305,ST24,0,-GREEN Jewelry Bonney- [ST-24]
3427,1000,OP07-033,,Monkey.D.Luffy,UC,,4204,634605,Monkey.D.Luffy (Reprint),MonkeyDLuffy Reprint,OP07-033,UC,,tcgcsv,high,113,market_number_eq_canonical_or_extracted;image_basename_number_agrees;set_code_match;rarity_match;card_name_substring_product;source_tcgcsv,0,OP07-033,ST24,3,3,r1,R1,official-cardlist,OP07-033_r1,ST24/reprint/OP07-033_r1.png,https://en.onepiece-cardgame.com/images/cardlist/card/OP07-033_r1.png?260305,ST24,0,-GREEN Jewelry Bonney- [ST-24]
3430,1001,OP07-034,,Roronoa Zoro,UC,,4205,634608,Roronoa Zoro (Reprint),Roronoa Zoro Reprint,OP07-034,UC,,tcgcsv,high,113,market_number_eq_canonical_or_extracted;image_basename_number_agrees;set_code_match;rarity_match;card_name_substring_product;source_tcgcsv,0,OP07-034,ST24,2,2,r1,R1,official-cardlist,OP07-034_r1,ST24/reprint/OP07-034_r1.png,https://en.onepiece-cardgame.com/images/cardlist/card/OP07-034_r1.png?260305,ST24,0,-GREEN Jewelry Bonney- [ST-24]
3435,1003,OP07-036,,Demonic Aura Nine-Sword Style Asura Demon Nine Flash,R,,4206,634610,Demonic Aura Nine-Sword Style Asura Demon Nine Flash (Reprint),Demonic Aura Nine Sword Style Asura Demon Nine Flash Reprint,OP07-036,R,,tcgcsv,high,101,market_number_eq_canonical_or_extracted;image_basename_number_agrees;set_code_match;rarity_match;parallel_variant_no_parallel_market_penalty;card_name_substring_product;source_tcgcsv,0,OP07-036,ST24,2,2,parallel_1,Parallel 1,official-cardlist,OP07-036_p1,ST24/parallel/OP07-036_p1.png,https://en.onepiece-cardgame.com/images/cardlist/card/OP07-036_p1.png?260305,ST24,0,-GREEN Jewelry Bonney- [ST-24]
3438,1004,OP07-037,,More Pizza!!,UC,,2856,545821,More Pizza!!,More Pizza,OP07-037,UC,,tcgcsv,high,101,market_number_eq_canonical_or_extracted;image_basename_number_agrees;set_code_match;rarity_match;parallel_variant_no_parallel_market_penalty;card_name_substring_product;source_tcgcsv,0,OP07-037,OP07,3,3,parallel_1,Parallel 1,official-cardlist,OP07-037_p1,BCV4/parallel/OP07-037_p1.png,https://en.onepiece-cardgame.com/images/cardlist/card/OP07-037_p1.png?260305,OP07,0,Premium Card Collection -Best Selection Vol.4-
3439,1004,OP07-037,,More Pizza!!,UC,,4207,634612,More Pizza!! (Reprint),More Pizza Reprint,OP07-037,UC,,tcgcsv,high,113,market_number_eq_canonical_or_extracted;image_basename_number_agrees;set_code_match;rarity_match;card_name_substring_product;source_tcgcsv,0,OP07-037,ST24,3,3,r1,R1,official-cardlist,OP07-037_r1,ST24/reprint/OP07-037_r1.png,https://en.onepiece-cardgame.com/images/cardlist/card/OP07-037_r1.png?260305,ST24,0,-GREEN Jewelry Bonney- [ST-24]
3443,1005,OP07-038,,Boa Hancock,L,,2858,545823,Boa Hancock (038) (Parallel),Boa Hancock 038 Parallel,OP07-038,L,Parallel,tcgcsv,high,131,market_number_eq_canonical_or_extracted;image_basename_number_agrees;set_code_match;rarity_match;parallel_token_in_market_fields;card_name_substring_product;source_tcgcsv,0,OP07-038,OP07,4,4,parallel_1,Parallel 1,official-cardlist,OP07-038_p1,OP07/parallel/OP07-038_p1.png,https://en.onepiece-cardgame.com/images/cardlist/card/OP07-038_p1.png?260305,OP07,0,
3449,1007,OP07-040,,Crocodile,UC,,2860,545825,Crocodile,Crocodile,OP07-040,UC,,tcgcsv,high,101,market_number_eq_canonical_or_extracted;image_basename_number_agrees;set_code_match;rarity_match;parallel_variant_no_parallel_market_penalty;card_name_substring_product;source_tcgcsv,0,OP07-040,OP07,8,8,parallel_1,Parallel 1,official-cardlist,OP07-040_p1,ST1520RE/parallel/OP07-040_p1.png,https://en.onepiece-cardgame.com/images/cardlist/card/OP07-040_p1.png?260305,OP07,0,ST15-20 Release Event
3452,1007,OP07-040,,Crocodile,UC,,2860,545825,Crocodile,Crocodile,OP07-040,UC,,tcgcsv,high,101,market_number_eq_canonical_or_extracted;image_basename_number_agrees;set_code_match;rarity_match;parallel_variant_no_parallel_market_penalty;card_name_substring_product;source_tcgcsv,0,OP07-040,OP07,8,8,parallel_4,Parallel 4,official-cardlist,OP07-040_p4,SWBS01/parallel/OP07-040_p4.png,https://en.onepiece-cardgame.com/images/cardlist/card/OP07-040_p4.png?260305,OP07,0,Seven Warlords of the Sea Binder Set
3453,1007,OP07-040,,Crocodile,UC,,2860,545825,Crocodile,Crocodile,OP07-040,UC,,tcgcsv,high,113,market_number_eq_canonical_or_extracted;image_basename_number_agrees;set_code_match;rarity_match;card_name_substring_product;source_tcgcsv,0,OP07-040,OP07,8,8,alt,Prb02,local-catalog,OP07-040::prb02,thumbs/OP07-040(PRB02).webp,,OP07,0,
3463,1011,OP07-044,,Dracule Mihawk,C,,2864,545829,Dracule Mihawk,Dracule Mihawk,OP07-044,C,,tcgcsv,high,101,market_number_eq_canonical_or_extracted;image_basename_number_agrees;set_code_match;rarity_match;parallel_variant_no_parallel_market_penalty;card_name_substring_product;source_tcgcsv,0,OP07-044,OP07,2,2,parallel_1,Parallel 1,official-cardlist,OP07-044_p1,SWBS01/parallel/OP07-044_p1.png,https://en.onepiece-cardgame.com/images/cardlist/card/OP07-044_p1.png?260305,OP07,0,Seven Warlords of the Sea Binder Set
3467,1012,OP07-045,,Jinbe,SR,,2866,545831,Jinbe (045) (Parallel),Jinbe 045 Parallel,OP07-045,SR,Parallel,tcgcsv,high,131,market_number_eq_canonical_or_extracted;image_basename_number_agrees;set_code_match;rarity_match;parallel_token_in_market_fields;card_name_substring_product;source_tcgcsv,0,OP07-045,OP07,2,2,parallel_1,Parallel 1,official-cardlist,OP07-045_p1,OP07/parallel/OP07-045_p1.png,https://en.onepiece-cardgame.com/images/cardlist/card/OP07-045_p1.png?260305,OP07,0,
3471,1013,OP07-046,,Sengoku,SP CARD,,2868,545833,Sengoku (Parallel),Sengoku Parallel,OP07-046,R,Parallel,tcgcsv,high,119,market_number_eq_canonical_or_extracted;image_basename_number_agrees;set_code_match;parallel_token_in_market_fields;card_name_substring_product;source_tcgcsv,0,OP07-046,OP07,3,3,parallel_1,Parallel 1,official-cardlist,OP07-046_p1,OP07/parallel/OP07-046_p1.png,https://en.onepiece-cardgame.com/images/cardlist/card/OP07-046_p1.png?260305,OP07,0,
3478,1014,OP07-047,,Trafalgar Law,R,,2870,545835,Trafalgar Law (047) (Parallel),Trafalgar Law 047 Parallel,OP07-047,R,Parallel,tcgcsv,high,131,market_number_eq_canonical_or_extracted;image_basename_number_agrees;set_code_match;rarity_match;parallel_token_in_market_fields;card_name_substring_product;source_tcgcsv,0,OP07-047,OP07,11,11,parallel_1,Parallel 1,official-cardlist,OP07-047_p1,OP07/parallel/OP07-047_p1.png,https://en.onepiece-cardgame.com/images/cardlist/card/OP07-047_p1.png?260305,OP07,0,
3479,1014,OP07-047,,Trafalgar Law,R,,2870,545835,Trafalgar Law (047) (Parallel),Trafalgar Law 047 Parallel,OP07-047,R,Parallel,tcgcsv,high,131,market_number_eq_canonical_or_extracted;image_basename_number_agrees;set_code_match;rarity_match;parallel_token_in_market_fields;card_name_substring_product;source_tcgcsv,0,OP07-047,OP07,11,11,parallel_2,Parallel 2,official-cardlist,OP07-047_p2,_unclassified/parallel/OP07-047_p2.png,https://en.onepiece-cardgame.com/images/cardlist/card/OP07-047_p2.png?260305,OP07,0,Offline Regional Participation Pack 2025 Vol.2
3480,1014,OP07-047,,Trafalgar Law,R,,2870,545835,Trafalgar Law (047) (Parallel),Trafalgar Law 047 Parallel,OP07-047,R,Parallel,tcgcsv,high,131,market_number_eq_canonical_or_extracted;image_basename_number_agrees;set_code_match;rarity_match;parallel_token_in_market_fields;card_name_substring_product;source_tcgcsv,0,OP07-047,OP07,11,11,parallel_3,Parallel 3,official-cardlist,OP07-047_p3,ORFC2025V2/parallel/OP07-047_p3.png,https://en.onepiece-cardgame.com/images/cardlist/card/OP07-047_p3.png?260305,OP07,0,Offline Regional Finalist Card Set 2025 Vol.2
3481,1014,OP07-047,,Trafalgar Law,R,,2870,545835,Trafalgar Law (047) (Parallel),Trafalgar Law 047 Parallel,OP07-047,R,Parallel,tcgcsv,high,139,market_number_eq_canonical_or_extracted;image_basename_number_agrees;set_code_match;rarity_match;parallel_token_in_market_fields;parallel_index_loose_in_name;card_name_substring_product;source_tcgcsv,0,OP07-047,OP07,11,11,parallel_4,Parallel 4,official-cardlist,OP07-047_p4,_unclassified/parallel/OP07-047_p4.png,https://en.onepiece-cardgame.com/images/cardlist/card/OP07-047_p4.png?260305,OP07,0,Offline Regional Champion Card Set 2025 Vol.2
3482,1014,OP07-047,,Trafalgar Law,R,,2870,545835,Trafalgar Law (047) (Parallel),Trafalgar Law 047 Parallel,OP07-047,R,Parallel,tcgcsv,high,131,market_number_eq_canonical_or_extracted;image_basename_number_agrees;set_code_match;rarity_match;parallel_token_in_market_fields;card_name_substring_product;source_tcgcsv,0,OP07-047,OP07,11,11,parallel_5,Parallel 5,official-cardlist,OP07-047_p5,SWBS01/parallel/OP07-047_p5.png,https://en.onepiece-cardgame.com/images/cardlist/card/OP07-047_p5.png?260305,OP07,0,Seven Warlords of the Sea Binder Set
3485,1015,OP07-048,,Donquixote Doflamingo,UC,,2871,545836,Donquixote Doflamingo,Donquixote Doflamingo,OP07-048,UC,,tcgcsv,high,101,market_number_eq_canonical_or_extracted;image_basename_number_agrees;set_code_match;rarity_match;parallel_variant_no_parallel_market_penalty;card_name_substring_product;source_tcgcsv,0,OP07-048,OP07,3,3,parallel_1,Parallel 1,official-cardlist,OP07-048_p1,SWBS01/parallel/OP07-048_p1.png,https://en.onepiece-cardgame.com/images/cardlist/card/OP07-048_p1.png?260305,OP07,0,Seven Warlords of the Sea Binder Set
3505,1020,OP07-053,,Portgas.D.Ace,R,,2878,545843,Portgas.D.Ace (053),PortgasDAce 053,OP07-053,R,,tcgcsv,high,101,market_number_eq_canonical_or_extracted;set_code_match;rarity_match;card_name_substring_product;source_tcgcsv,0,OP07-053,OP07,6,6,alt,Alt,local-catalog,OP07-053::alt,thumbs/OP07-053alt.webp,,OP07,0,
3506,1020,OP07-053,,Portgas.D.Ace,R,,2878,545843,Portgas.D.Ace (053),PortgasDAce 053,OP07-053,R,,tcgcsv,high,101,market_number_eq_canonical_or_extracted;image_basename_number_agrees;set_code_match;rarity_match;parallel_variant_no_parallel_market_penalty;card_name_substring_product;source_tcgcsv,0,OP07-053,OP07,6,6,parallel_1,Parallel 1,official-cardlist,OP07-053_p1,TP2024OD/parallel/OP07-053_p1.png,https://en.onepiece-cardgame.com/images/cardlist/card/OP07-053_p1.png?260305,OP07,0,Tournament Pack 2024 Oct.-Dec.
3507,1020,OP07-053,,Portgas.D.Ace,R,,2878,545843,Portgas.D.Ace (053),PortgasDAce 053,OP07-053,R,,tcgcsv,high,101,market_number_eq_canonical_or_extracted;image_basename_number_agrees;set_code_match;rarity_match;parallel_variant_no_parallel_market_penalty;card_name_substring_product;source_tcgcsv,0,OP07-053,OP07,6,6,parallel_2,Parallel 2,official-cardlist,OP07-053_p2,CS2526CP/parallel/OP07-053_p2.png,https://en.onepiece-cardgame.com/images/cardlist/card/OP07-053_p2.png?260305,OP07,0,CS 25-26 Celebration Pack
3508,1020,OP07-053,,Portgas.D.Ace,R,,2878,545843,Portgas.D.Ace (053),PortgasDAce 053,OP07-053,R,,tcgcsv,high,101,market_number_eq_canonical_or_extracted;image_basename_number_agrees;set_code_match;rarity_match;parallel_variant_no_parallel_market_penalty;card_name_substring_product;source_tcgcsv,0,OP07-053,OP07,6,6,parallel_3,Parallel 3,official-cardlist,OP07-053_p3,_unclassified/parallel/OP07-053_p3.png,https://en.onepiece-cardgame.com/images/cardlist/card/OP07-053_p3.png?260305,OP07,0,3rd Anniversary Event
3509,1020,OP07-053,,Portgas.D.Ace,R,,2878,545843,Portgas.D.Ace (053),PortgasDAce 053,OP07-053,R,,tcgcsv,high,101,market_number_eq_canonical_or_extracted;image_basename_number_agrees;set_code_match;rarity_match;parallel_variant_no_parallel_market_penalty;card_name_substring_product;source_tcgcsv,0,OP07-053,OP07,6,6,parallel_4,Parallel 4,official-cardlist,OP07-053_p4,_unclassified/parallel/OP07-053_p4.png,https://en.onepiece-cardgame.com/images/cardlist/card/OP07-053_p4.png?260305,OP07,0,3rd Anniversary Event
3520,1024,OP07-057,,Perfume Femur,R,,2882,545847,Perfume Femur,Perfume Femur,OP07-057,R,,tcgcsv,high,101,market_number_eq_canonical_or_extracted;image_basename_number_agrees;set_code_match;rarity_match;parallel_variant_no_parallel_market_penalty;card_name_substring_product;source_tcgcsv,0,OP07-057,OP07,2,2,parallel_1,Parallel 1,official-cardlist,OP07-057_p1,BCV4/parallel/OP07-057_p1.png,https://en.onepiece-cardgame.com/images/cardlist/card/OP07-057_p1.png?260305,OP07,0,Premium Card Collection -Best Selection Vol.4-
3526,1026,OP07-059,,Foxy,L,,2885,545850,Foxy (059) (Parallel),Foxy 059 Parallel,OP07-059,L,Parallel,tcgcsv,high,131,market_number_eq_canonical_or_extracted;image_basename_number_agrees;set_code_match;rarity_match;parallel_token_in_market_fields;card_name_substring_product;source_tcgcsv,0,OP07-059,OP07,3,3,parallel_1,Parallel 1,official-cardlist,OP07-059_p1,OP07/parallel/OP07-059_p1.png,https://en.onepiece-cardgame.com/images/cardlist/card/OP07-059_p1.png?260305,OP07,0,
3541,1031,OP07-064,,Sanji,SR,,2891,545856,Sanji (Parallel),Sanji Parallel,OP07-064,SR,Parallel,tcgcsv,high,131,market_number_eq_canonical_or_extracted;image_basename_number_agrees;set_code_match;rarity_match;parallel_token_in_market_fields;card_name_substring_product;source_tcgcsv,0,OP07-064,OP07,8,8,parallel_1,Parallel 1,official-cardlist,OP07-064_p1,OP07/parallel/OP07-064_p1.png,https://en.onepiece-cardgame.com/images/cardlist/card/OP07-064_p1.png?260305,OP07,0,
3542,1031,OP07-064,,Sanji,SR,,2891,545856,Sanji (Parallel),Sanji Parallel,OP07-064,SR,Parallel,tcgcsv,high,131,market_number_eq_canonical_or_extracted;image_basename_number_agrees;set_code_match;rarity_match;parallel_token_in_market_fields;card_name_substring_product;source_tcgcsv,0,OP07-064,OP07,8,8,parallel_2,Parallel 2,official-cardlist,OP07-064_p2,ANN2JP/parallel/OP07-064_p2.png,https://en.onepiece-cardgame.com/images/cardlist/card/OP07-064_p2.png?260305,OP07,0,Japanese 2nd Anniversary Set
3543,1031,OP07-064,,Sanji,SR,,4997,656204,Sanji (Reprint),Sanji Reprint,OP07-064,SR,,tcgcsv,high,113,market_number_eq_canonical_or_extracted;image_basename_number_agrees;set_code_match;rarity_match;card_name_substring_product;source_tcgcsv,0,OP07-064,PRB02,8,8,r1,R1,official-cardlist,OP07-064_r1,PRB02/reprint/OP07-064_r1.png,https://en.onepiece-cardgame.com/images/cardlist/card/OP07-064_r1.png?260305,PRB02,0,-ONE PIECE CARD THE BEST vol.2- [PRB-02]
3548,1033,OP07-066,,Tony Tony.Chopper,R,,2893,545858,Tony Tony.Chopper (066),Tony TonyChopper 066,OP07-066,R,,tcgcsv,high,101,market_number_eq_canonical_or_extracted;image_basename_number_agrees;set_code_match;rarity_match;parallel_variant_no_parallel_market_penalty;card_name_substring_product;source_tcgcsv,0,OP07-066,OP07,3,3,parallel_1,Parallel 1,official-cardlist,OP07-066_p1,CS2526TP1/parallel/OP07-066_p1.png,https://en.onepiece-cardgame.com/images/cardlist/card/OP07-066_p1.png?260305,OP07,0,CS 25-26 Top Player Pack
3549,1033,OP07-066,,Tony Tony.Chopper,R,,2893,545858,Tony Tony.Chopper (066),Tony TonyChopper 066,OP07-066,R,,tcgcsv,high,101,market_number_eq_canonical_or_extracted;image_basename_number_agrees;set_code_match;rarity_match;parallel_variant_no_parallel_market_penalty;card_name_substring_product;source_tcgcsv,0,OP07-066,OP07,3,3,parallel_2,Parallel 2,official-cardlist,OP07-066_p2,_unclassified/parallel/OP07-066_p2.png,https://en.onepiece-cardgame.com/images/cardlist/card/OP07-066_p2.png?260305,OP07,0,CS 25-26 Finalist Card Set 1
3561,1038,OP07-071,,Foxy,R,,2899,545864,Foxy (071) (Parallel),Foxy 071 Parallel,OP07-071,R,Parallel,tcgcsv,high,139,market_number_eq_canonical_or_extracted;image_basename_number_agrees;set_code_match;rarity_match;parallel_token_in_market_fields;parallel_index_loose_in_name;card_name_substring_product;source_tcgcsv,0,OP07-071,OP07,2,2,parallel_1,Parallel 1,official-cardlist,OP07-071_p1,OP07/parallel/OP07-071_p1.png,https://en.onepiece-cardgame.com/images/cardlist/card/OP07-071_p1.png?260305,OP07,0,
3565,1039,OP07-072,,Porche,SR,,2901,545866,Porche (Parallel),Porche Parallel,OP07-072,SR,Parallel,tcgcsv,high,131,market_number_eq_canonical_or_extracted;image_basename_number_agrees;set_code_match;rarity_match;parallel_token_in_market_fields;card_name_substring_product;source_tcgcsv,0,OP07-072,OP07,2,2,parallel_1,Parallel 1,official-cardlist,OP07-072_p1,OP07/parallel/OP07-072_p1.png,https://en.onepiece-cardgame.com/images/cardlist/card/OP07-072_p1.png?260305,OP07,0,
3568,1040,OP07-073,,Monkey.D.Luffy,R,,2902,545867,Monkey.D.Luffy (073),MonkeyDLuffy 073,OP07-073,R,,tcgcsv,high,101,market_number_eq_canonical_or_extracted;image_basename_number_agrees;set_code_match;rarity_match;parallel_variant_no_parallel_market_penalty;card_name_substring_product;source_tcgcsv,0,OP07-073,OP07,2,2,parallel_1,Parallel 1,official-cardlist,OP07-073_p1,BCGF2526/parallel/OP07-073_p1.png,https://en.onepiece-cardgame.com/images/cardlist/card/OP07-073_p1.png?260305,OP07,0,BANDAI CARD GAMES Fest 25-26
3584,1046,OP07-079,,Rob Lucci,L,,2909,545874,Rob Lucci (079) (Parallel),Rob Lucci 079 Parallel,OP07-079,L,Parallel,tcgcsv,high,131,market_number_eq_canonical_or_extracted;image_basename_number_agrees;set_code_match;rarity_match;parallel_token_in_market_fields;card_name_substring_product;source_tcgcsv,0,OP07-079,OP07,3,3,parallel_1,Parallel 1,official-cardlist,OP07-079_p1,OP07/parallel/OP07-079_p1.png,https://en.onepiece-cardgame.com/images/cardlist/card/OP07-079_p1.png?260305,OP07,0,
3588,1047,OP07-080,,Kaku,R,,2910,545875,Kaku,Kaku,OP07-080,R,,tcgcsv,high,101,market_number_eq_canonical_or_extracted;set_code_match;rarity_match;card_name_substring_product;source_tcgcsv,0,OP07-080,OP07,4,4,alt,Alt,local-catalog,OP07-080::alt,thumbs/OP07-080alt.webp,,OP07,0,
3589,1047,OP07-080,,Kaku,R,,2910,545875,Kaku,Kaku,OP07-080,R,,tcgcsv,high,101,market_number_eq_canonical_or_extracted;image_basename_number_agrees;set_code_match;rarity_match;parallel_variant_no_parallel_market_penalty;card_name_substring_product;source_tcgcsv,0,OP07-080,OP07,4,4,parallel_1,Parallel 1,official-cardlist,OP07-080_p1,CS2526CP/parallel/OP07-080_p1.png,https://en.onepiece-cardgame.com/images/cardlist/card/OP07-080_p1.png?260305,OP07,0,CS 25-26 Celebration Pack
3601,1052,OP07-085,,Stussy,SP CARD,,2916,545881,Stussy (Parallel),Stussy Parallel,OP07-085,SR,Parallel,tcgcsv,high,119,market_number_eq_canonical_or_extracted;image_basename_number_agrees;set_code_match;parallel_token_in_market_fields;card_name_substring_product;source_tcgcsv,0,OP07-085,OP07,3,3,parallel_1,Parallel 1,official-cardlist,OP07-085_p1,OP07/parallel/OP07-085_p1.png,https://en.onepiece-cardgame.com/images/cardlist/card/OP07-085_p1.png?260305,OP07,0,
3616,1058,OP07-091,,Monkey.D.Luffy,R,,2922,545887,Monkey.D.Luffy (091),MonkeyDLuffy 091,OP07-091,R,,tcgcsv,high,101,market_number_eq_canonical_or_extracted;set_code_match;rarity_match;card_name_substring_product;source_tcgcsv,0,OP07-091,OP07,7,7,alt,Alt,local-catalog,OP07-091::alt,thumbs/OP07-091alt.webp,,OP07,0,
3617,1058,OP07-091,,Monkey.D.Luffy,R,,2922,545887,Monkey.D.Luffy (091),MonkeyDLuffy 091,OP07-091,R,,tcgcsv,high,101,market_number_eq_canonical_or_extracted;image_basename_number_agrees;set_code_match;rarity_match;parallel_variant_no_parallel_market_penalty;card_name_substring_product;source_tcgcsv,0,OP07-091,OP07,7,7,parallel_1,Parallel 1,official-cardlist,OP07-091_p1,ORP2024V3/parallel/OP07-091_p1.png,https://en.onepiece-cardgame.com/images/cardlist/card/OP07-091_p1.png?260305,OP07,0,Offline Regional Participation Pack 2024 Vol. 3
3632,1064,OP07-097,,Vegapunk,L,,2929,545894,Vegapunk (Parallel),Vegapunk Parallel,OP07-097,L,Parallel,tcgcsv,high,131,market_number_eq_canonical_or_extracted;image_basename_number_agrees;set_code_match;rarity_match;parallel_token_in_market_fields;card_name_substring_product;source_tcgcsv,0,OP07-097,OP07,3,3,parallel_1,Parallel 1,official-cardlist,OP07-097_p1,OP07/parallel/OP07-097_p1.png,https://en.onepiece-cardgame.com/images/cardlist/card/OP07-097_p1.png?260305,OP07,0,
3640,1067,OP07-100,,Edison,C,,2932,545897,Edison,Edison,OP07-100,C,,tcgcsv,high,101,market_number_eq_canonical_or_extracted;set_code_match;rarity_match;card_name_substring_product;source_tcgcsv,0,OP07-100,OP07,4,4,alt,Alt,local-catalog,OP07-100::alt,thumbs/OP07-100alt.webp,,OP07,0,
3641,1067,OP07-100,,Edison,C,,2932,545897,Edison,Edison,OP07-100,C,,tcgcsv,high,101,market_number_eq_canonical_or_extracted;image_basename_number_agrees;set_code_match;rarity_match;parallel_variant_no_parallel_market_penalty;card_name_substring_product;source_tcgcsv,0,OP07-100,OP07,4,4,parallel_1,Parallel 1,official-cardlist,OP07-100_p1,TP2024OD/parallel/OP07-100_p1.png,https://en.onepiece-cardgame.com/images/cardlist/card/OP07-100_p1.png?260305,OP07,0,Tournament Pack 2024 Oct.-Dec.
3642,1067,OP07-100,,Edison,C,,2932,545897,Edison,Edison,OP07-100,C,,tcgcsv,high,101,market_number_eq_canonical_or_extracted;image_basename_number_agrees;set_code_match;rarity_match;parallel_variant_no_parallel_market_penalty;card_name_substring_product;source_tcgcsv,0,OP07-100,OP07,4,4,parallel_2,Parallel 2,official-cardlist,OP07-100_p2,CS2526CP/parallel/OP07-100_p2.png,https://en.onepiece-cardgame.com/images/cardlist/card/OP07-100_p2.png?260305,OP07,0,CS 25-26 Celebration Pack
3658,1074,OP07-107,,Franky,R,,2940,545905,Franky (Parallel),Franky Parallel,OP07-107,R,Parallel,tcgcsv,high,131,market_number_eq_canonical_or_extracted;image_basename_number_agrees;set_code_match;rarity_match;parallel_token_in_market_fields;card_name_substring_product;source_tcgcsv,0,OP07-107,OP07,3,3,parallel_1,Parallel 1,official-cardlist,OP07-107_p1,OP07/parallel/OP07-107_p1.png,https://en.onepiece-cardgame.com/images/cardlist/card/OP07-107_p1.png?260305,OP07,0,
3659,1074,OP07-107,,Franky,R,,5003,656214,Franky - OP07-107 (Reprint),Franky OP07 107 Reprint,OP07-107,R,,tcgcsv,high,113,market_number_eq_canonical_or_extracted;image_basename_number_agrees;set_code_match;rarity_match;card_name_substring_product;source_tcgcsv,0,OP07-107,PRB02,3,3,r1,R1,official-cardlist,OP07-107_r1,PRB02/reprint/OP07-107_r1.png,https://en.onepiece-cardgame.com/images/cardlist/card/OP07-107_r1.png?260305,PRB02,0,-ONE PIECE CARD THE BEST vol.2- [PRB-02]
3668,1076,OP07-109,,Monkey.D.Luffy,SR,,2943,545908,Monkey.D.Luffy (109) (Parallel),MonkeyDLuffy 109 Parallel,OP07-109,SR,Parallel,tcgcsv,high,139,market_number_eq_canonical_or_extracted;image_basename_number_agrees;set_code_match;rarity_match;parallel_token_in_market_fields;parallel_index_loose_in_name;card_name_substring_product;source_tcgcsv,0,OP07-109,OP07,11,11,parallel_1,Parallel 1,official-cardlist,OP07-109_p1,OP07/parallel/OP07-109_p1.png,https://en.onepiece-cardgame.com/images/cardlist/card/OP07-109_p1.png?260305,OP07,0,
3670,1076,OP07-109,,Monkey.D.Luffy,SR,,2943,545908,Monkey.D.Luffy (109) (Parallel),MonkeyDLuffy 109 Parallel,OP07-109,SR,Parallel,tcgcsv,high,131,market_number_eq_canonical_or_extracted;image_basename_number_agrees;set_code_match;rarity_match;parallel_token_in_market_fields;card_name_substring_product;source_tcgcsv,0,OP07-109,OP07,11,11,parallel_3,Parallel 3,official-cardlist,OP07-109_p3,CS2526TP1/parallel/OP07-109_p3.png,https://en.onepiece-cardgame.com/images/cardlist/card/OP07-109_p3.png?260305,OP07,0,CS 25-26 Top Player Pack
3671,1076,OP07-109,,Monkey.D.Luffy,SR,,2943,545908,Monkey.D.Luffy (109) (Parallel),MonkeyDLuffy 109 Parallel,OP07-109,SR,Parallel,tcgcsv,high,131,market_number_eq_canonical_or_extracted;image_basename_number_agrees;set_code_match;rarity_match;parallel_token_in_market_fields;card_name_substring_product;source_tcgcsv,0,OP07-109,OP07,11,11,parallel_4,Parallel 4,official-cardlist,OP07-109_p4,_unclassified/parallel/OP07-109_p4.png,https://en.onepiece-cardgame.com/images/cardlist/card/OP07-109_p4.png?260305,OP07,0,CS 25-26 Finalist Card Set 1
3672,1076,OP07-109,,Monkey.D.Luffy,SR,,5005,656217,Monkey.D.Luffy - OP07-109 (Reprint),MonkeyDLuffy OP07 109 Reprint,OP07-109,SR,,tcgcsv,high,113,market_number_eq_canonical_or_extracted;image_basename_number_agrees;set_code_match;rarity_match;card_name_substring_product;source_tcgcsv,0,OP07-109,PRB02,11,11,r1,R1,official-cardlist,OP07-109_r1,PRB02/reprint/OP07-109_r1.png,https://en.onepiece-cardgame.com/images/cardlist/card/OP07-109_r1.png?260305,PRB02,0,-ONE PIECE CARD THE BEST vol.2- [PRB-02]
3678,1078,OP07-111,,Lilith,SP CARD,,2946,545911,Lilith (Parallel),Lilith Parallel,OP07-111,SR,Parallel,tcgcsv,high,119,market_number_eq_canonical_or_extracted;image_basename_number_agrees;set_code_match;parallel_token_in_market_fields;card_name_substring_product;source_tcgcsv,0,OP07-111,OP07,3,3,parallel_1,Parallel 1,official-cardlist,OP07-111_p1,OP07/parallel/OP07-111_p1.png,https://en.onepiece-cardgame.com/images/cardlist/card/OP07-111_p1.png?260305,OP07,0,
3685,1080,OP07-113,,Roronoa Zoro,UC,,2948,545913,Roronoa Zoro (113),Roronoa Zoro 113,OP07-113,UC,,tcgcsv,high,101,market_number_eq_canonical_or_extracted;image_basename_number_agrees;set_code_match;rarity_match;parallel_variant_no_parallel_market_penalty;card_name_substring_product;source_tcgcsv,0,OP07-113,OP07,6,6,parallel_1,Parallel 1,official-cardlist,OP07-113_p1,OPDALLAS/parallel/OP07-113_p1.png,https://en.onepiece-cardgame.com/images/cardlist/card/OP07-113_p1.png?260305,OP07,0,ONE PIECE DAY Dallas -Card Game Celebration-
3694,1083,OP07-116,,Blaze Slice,R,,4273,635309,Blaze Slice (Reprint),Blaze Slice Reprint,OP07-116,R,,tcgcsv,high,101,market_number_eq_canonical_or_extracted;image_basename_number_agrees;set_code_match;rarity_match;parallel_variant_no_parallel_market_penalty;card_name_substring_product;source_tcgcsv,0,OP07-116,ST28,3,3,parallel_1,Parallel 1,official-cardlist,OP07-116_p1,ST28/parallel/OP07-116_p1.png,https://en.onepiece-cardgame.com/images/cardlist/card/OP07-116_p1.png?260305,ST28,0,-GREEN/YELLOW Yamato- [ST-28]
3695,1083,OP07-116,,Blaze Slice,R,,2951,545916,Blaze Slice,Blaze Slice,OP07-116,R,,tcgcsv,high,101,market_number_eq_canonical_or_extracted;image_basename_number_agrees;set_code_match;rarity_match;parallel_variant_no_parallel_market_penalty;card_name_substring_product;source_tcgcsv,0,OP07-116,OP07,3,3,parallel_2,Parallel 2,official-cardlist,OP07-116_p2,BCV5/parallel/OP07-116_p2.png,https://en.onepiece-cardgame.com/images/cardlist/card/OP07-116_p2.png?260305,OP07,0,Premium Card Collection -Best Selection Vol.5-
3701,1085,OP07-118,,Sabo,SEC,,2954,545919,Sabo (Parallel),Sabo Parallel,OP07-118,SEC,Parallel,tcgcsv,high,131,market_number_eq_canonical_or_extracted;image_basename_number_agrees;set_code_match;rarity_match;parallel_token_in_market_fields;card_name_substring_product;source_tcgcsv,0,OP07-118,OP07,5,5,parallel_1,Parallel 1,official-cardlist,OP07-118_p1,OP07/parallel/OP07-118_p1.png,https://en.onepiece-cardgame.com/images/cardlist/card/OP07-118_p1.png?260305,OP07,0,
3703,1085,OP07-118,,Sabo,SEC,,2954,545919,Sabo (Parallel),Sabo Parallel,OP07-118,SEC,Parallel,tcgcsv,high,131,market_number_eq_canonical_or_extracted;image_basename_number_agrees;set_code_match;rarity_match;parallel_token_in_market_fields;card_name_substring_product;source_tcgcsv,0,OP07-118,OP07,5,5,parallel_3,Parallel 3,official-cardlist,OP07-118_p3,ANN3JP/parallel/OP07-118_p3.png,https://en.onepiece-cardgame.com/images/cardlist/card/OP07-118_p3.png?260305,OP07,0,Japanese 3rd ANNIVERSARY SET
3704,1085,OP07-118,,Sabo,SEC,,5011,656224,Sabo - OP07-118 (Reprint),Sabo OP07 118 Reprint,OP07-118,SEC,,tcgcsv,high,113,market_number_eq_canonical_or_extracted;image_basename_number_agrees;set_code_match;rarity_match;card_name_substring_product;source_tcgcsv,0,OP07-118,PRB02,5,5,r1,R1,official-cardlist,OP07-118_r1,PRB02/reprint/OP07-118_r1.png,https://en.onepiece-cardgame.com/images/cardlist/card/OP07-118_r1.png?260305,PRB02,0,-ONE PIECE CARD THE BEST vol.2- [PRB-02]
3710,1086,OP07-119,,Portgas.D.Ace,SEC,,2956,545921,Portgas.D.Ace (119) (Parallel),PortgasDAce 119 Parallel,OP07-119,SEC,Parallel,tcgcsv,high,139,market_number_eq_canonical_or_extracted;image_basename_number_agrees;set_code_match;rarity_match;parallel_token_in_market_fields;parallel_index_loose_in_name;card_name_substring_product;source_tcgcsv,0,OP07-119,OP07,4,4,parallel_1,Parallel 1,official-cardlist,OP07-119_p1,OP07/parallel/OP07-119_p1.png,https://en.onepiece-cardgame.com/images/cardlist/card/OP07-119_p1.png?260305,OP07,0,
3711,1086,OP07-119,,Portgas.D.Ace,SEC,,2956,545921,Portgas.D.Ace (119) (Parallel),PortgasDAce 119 Parallel,OP07-119,SEC,Parallel,tcgcsv,high,131,market_number_eq_canonical_or_extracted;image_basename_number_agrees;set_code_match;rarity_match;parallel_token_in_market_fields;card_name_substring_product;source_tcgcsv,0,OP07-119,OP07,4,4,parallel_2,Parallel 2,official-cardlist,OP07-119_p2,_unclassified/parallel/OP07-119_p2.png,https://en.onepiece-cardgame.com/images/cardlist/card/OP07-119_p2.png?260305,OP07,0,Regionals Season 1
3712,1086,OP07-119,,Portgas.D.Ace,SEC,,5013,656227,Portgas.D.Ace - OP07-119 (Reprint),PortgasDAce OP07 119 Reprint,OP07-119,SEC,,tcgcsv,high,113,market_number_eq_canonical_or_extracted;image_basename_number_agrees;set_code_match;rarity_match;card_name_substring_product;source_tcgcsv,0,OP07-119,PRB02,4,4,r1,R1,official-cardlist,OP07-119_r1,PRB02/reprint/OP07-119_r1.png,https://en.onepiece-cardgame.com/images/cardlist/card/OP07-119_r1.png?260305,PRB02,0,-ONE PIECE CARD THE BEST vol.2- [PRB-02]
3716,1087,OP08-001,,Tony Tony.Chopper,L,,2978,558022,Tony Tony.Chopper (001) (Parallel),Tony TonyChopper 001 Parallel,OP08-001,L,Parallel,tcgcsv,high,139,market_number_eq_canonical_or_extracted;image_basename_number_agrees;set_code_match;rarity_match;parallel_token_in_market_fields;parallel_index_loose_in_name;card_name_substring_product;source_tcgcsv,0,OP08-001,OP08,3,3,parallel_1,Parallel 1,official-cardlist,OP08-001_p1,OP08/parallel/OP08-001_p1.png,https://en.onepiece-cardgame.com/images/cardlist/card/OP08-001_p1.png?260305,OP08,0,
3721,1088,OP08-002,,Marco,L,,2980,558024,Marco (Parallel),Marco Parallel,OP08-002,L,Parallel,tcgcsv,high,131,market_number_eq_canonical_or_extracted;image_basename_number_agrees;set_code_match;rarity_match;parallel_token_in_market_fields;card_name_substring_product;source_tcgcsv,0,OP08-002,OP08,3,3,parallel_1,Parallel 1,official-cardlist,OP08-002_p1,OP08/parallel/OP08-002_p1.png,https://en.onepiece-cardgame.com/images/cardlist/card/OP08-002_p1.png?260305,OP08,0,
3734,1093,OP08-007,,Tony Tony.Chopper,SR,,2986,558030,Tony Tony.Chopper (0070) (Parallel),Tony TonyChopper 0070 Parallel,OP08-007,SR,Parallel,tcgcsv,high,131,market_number_eq_canonical_or_extracted;image_basename_number_agrees;set_code_match;rarity_match;parallel_token_in_market_fields;card_name_substring_product;source_tcgcsv,0,OP08-007,OP08,2,2,parallel_1,Parallel 1,official-cardlist,OP08-007_p1,OP08/parallel/OP08-007_p1.png,https://en.onepiece-cardgame.com/images/cardlist/card/OP08-007_p1.png?260305,OP08,0,
3752,1101,OP08-015,,Dr.Kureha,R,,2995,558039,Dr.Kureha (Parallel),DrKureha Parallel,OP08-015,R,Parallel,tcgcsv,high,131,market_number_eq_canonical_or_extracted;image_basename_number_agrees;set_code_match;rarity_match;parallel_token_in_market_fields;card_name_substring_product;source_tcgcsv,0,OP08-015,OP08,2,2,parallel_1,Parallel 1,official-cardlist,OP08-015_p1,OP08/parallel/OP08-015_p1.png,https://en.onepiece-cardgame.com/images/cardlist/card/OP08-015_p1.png?260305,OP08,0,
3763,1106,OP08-020,,Drum Kingdom,C,,3000,558044,Drum Kingdom,Drum Kingdom,OP08-020,C,,tcgcsv,high,101,market_number_eq_canonical_or_extracted;set_code_match;rarity_match;card_name_substring_product;source_tcgcsv,0,OP08-020,OP08,5,5,alt,Alt,local-catalog,OP08-020::alt,thumbs/OP08-020alt.webp,,OP08,0,
3767,1107,OP08-021,,Carrot,L,,3002,558046,Carrot (021) (Parallel),Carrot 021 Parallel,OP08-021,L,Parallel,tcgcsv,high,139,market_number_eq_canonical_or_extracted;image_basename_number_agrees;set_code_match;rarity_match;parallel_token_in_market_fields;parallel_index_loose_in_name;card_name_substring_product;source_tcgcsv,0,OP08-021,OP08,3,3,parallel_1,Parallel 1,official-cardlist,OP08-021_p1,OP08/parallel/OP08-021_p1.png,https://en.onepiece-cardgame.com/images/cardlist/card/OP08-021_p1.png?260305,OP08,0,
3774,1109,OP08-023,,Carrot,SR,,3005,558049,Carrot (023) (Parallel),Carrot 023 Parallel,OP08-023,SR,Parallel,tcgcsv,high,131,market_number_eq_canonical_or_extracted;image_basename_number_agrees;set_code_match;rarity_match;parallel_token_in_market_fields;card_name_substring_product;source_tcgcsv,0,OP08-023,OP08,4,4,parallel_1,Parallel 1,official-cardlist,OP08-023_p1,OP08/parallel/OP08-023_p1.png,https://en.onepiece-cardgame.com/images/cardlist/card/OP08-023_p1.png?260305,OP08,0,
3793,1116,OP08-030,,Pedro,R,,3013,558057,Pedro (Parallel),Pedro Parallel,OP08-030,R,Parallel,tcgcsv,high,131,market_number_eq_canonical_or_extracted;image_basename_number_agrees;set_code_match;rarity_match;parallel_token_in_market_fields;card_name_substring_product;source_tcgcsv,0,OP08-030,OP08,2,2,parallel_1,Parallel 1,official-cardlist,OP08-030_p1,OP08/parallel/OP08-030_p1.png,https://en.onepiece-cardgame.com/images/cardlist/card/OP08-030_p1.png?260305,OP08,0,
3806,1122,OP08-036,,Electrical Luna,R,,3019,558063,Electrical Luna,Electrical Luna,OP08-036,R,,tcgcsv,high,101,market_number_eq_canonical_or_extracted;image_basename_number_agrees;set_code_match;rarity_match;parallel_variant_no_parallel_market_penalty;card_name_substring_product;source_tcgcsv,0,OP08-036,OP08,2,2,parallel_1,Parallel 1,official-cardlist,OP08-036_p1,BCV5/parallel/OP08-036_p1.png,https://en.onepiece-cardgame.com/images/cardlist/card/OP08-036_p1.png?260305,OP08,0,Premium Card Collection -Best Selection Vol.5-
3815,1126,OP08-040,,Atmos,UC,,3023,558067,Atmos,Atmos,OP08-040,UC,,tcgcsv,high,113,market_number_eq_canonical_or_extracted;image_basename_number_agrees;set_code_match;rarity_match;card_name_substring_product;source_tcgcsv,0,OP08-040,OP08,2,2,alt,Alt,local-catalog,OP08-040::alt,thumbs/OP08-040(alt).webp,,OP08,0,
3816,1126,OP08-040,,Atmos,UC,,3023,558067,Atmos,Atmos,OP08-040,UC,,tcgcsv,high,101,market_number_eq_canonical_or_extracted;image_basename_number_agrees;set_code_match;rarity_match;parallel_variant_no_parallel_market_penalty;card_name_substring_product;source_tcgcsv,0,OP08-040,OP08,2,2,parallel_1,Parallel 1,official-cardlist,OP08-040_p1,BCV3/parallel/OP08-040_p1.png,https://en.onepiece-cardgame.com/images/cardlist/card/OP08-040_p1.png?260305,OP08,0,Premium Card Collection -Best Selection Vol.3-
3824,1129,OP08-043,,Edward.Newgate,SR,,3027,558071,Edward.Newgate (Parallel),EdwardNewgate Parallel,OP08-043,SR,Parallel,tcgcsv,high,131,market_number_eq_canonical_or_extracted;image_basename_number_agrees;set_code_match;rarity_match;parallel_token_in_market_fields;card_name_substring_product;source_tcgcsv,0,OP08-043,OP08,2,2,parallel_1,Parallel 1,official-cardlist,OP08-043_p1,OP08/parallel/OP08-043_p1.png,https://en.onepiece-cardgame.com/images/cardlist/card/OP08-043_p1.png?260305,OP08,0,
3844,1138,OP08-052,,Portgas.D.Ace,TR,,3037,558081,Portgas.D.Ace (Parallel),PortgasDAce Parallel,OP08-052,R,Parallel,tcgcsv,high,119,market_number_eq_canonical_or_extracted;image_basename_number_agrees;set_code_match;parallel_token_in_market_fields;card_name_substring_product;source_tcgcsv,0,OP08-052,OP08,3,3,parallel_1,Parallel 1,official-cardlist,OP08-052_p1,OP08/parallel/OP08-052_p1.png,https://en.onepiece-cardgame.com/images/cardlist/card/OP08-052_p1.png?260305,OP08,0,
3845,1138,OP08-052,,Portgas.D.Ace,TR,,3901,620135,Portgas.D.Ace (TR),PortgasDAce TR,OP08-052,TR,,tcgcsv,high,101,market_number_eq_canonical_or_extracted;image_basename_number_agrees;set_code_match;rarity_match;parallel_variant_no_parallel_market_penalty;card_name_substring_product;source_tcgcsv,0,OP08-052,OP10,3,3,parallel_2,Parallel 2,official-cardlist,OP08-052_p2,OP10/parallel/OP08-052_p2.png,https://en.onepiece-cardgame.com/images/cardlist/card/OP08-052_p2.png?260305,OP10,0,-ROYAL BLOOD- [OP-10]
3857,1143,OP08-057,,King,L,,3043,558087,King (057) (Parallel),King 057 Parallel,OP08-057,L,Parallel,tcgcsv,high,131,market_number_eq_canonical_or_extracted;image_basename_number_agrees;set_code_match;rarity_match;parallel_token_in_market_fields;card_name_substring_product;source_tcgcsv,0,OP08-057,OP08,3,3,parallel_1,Parallel 1,official-cardlist,OP08-057_p1,OP08/parallel/OP08-057_p1.png,https://en.onepiece-cardgame.com/images/cardlist/card/OP08-057_p1.png?260305,OP08,0,
3862,1144,OP08-058,,Charlotte Pudding,L,,3045,558089,Charlotte Pudding (058) (Parallel),Charlotte Pudding 058 Parallel,OP08-058,L,Parallel,tcgcsv,high,131,market_number_eq_canonical_or_extracted;image_basename_number_agrees;set_code_match;rarity_match;parallel_token_in_market_fields;card_name_substring_product;source_tcgcsv,0,OP08-058,OP08,3,3,parallel_1,Parallel 1,official-cardlist,OP08-058_p1,OP08/parallel/OP08-058_p1.png,https://en.onepiece-cardgame.com/images/cardlist/card/OP08-058_p1.png?260305,OP08,0,
3872,1148,OP08-062,,Charlotte Katakuri,UC,,3049,558093,Charlotte Katakuri (062),Charlotte Katakuri 062,OP08-062,UC,,tcgcsv,high,101,market_number_eq_canonical_or_extracted;image_basename_number_agrees;set_code_match;rarity_match;parallel_variant_no_parallel_market_penalty;card_name_substring_product;source_tcgcsv,0,OP08-062,OP08,3,3,parallel_1,Parallel 1,official-cardlist,OP08-062_p1,TP2025V3/parallel/OP08-062_p1.png,https://en.onepiece-cardgame.com/images/cardlist/card/OP08-062_p1.png?260305,OP08,0,Tournament Pack 2025 Vol. 3
3873,1148,OP08-062,,Charlotte Katakuri,UC,,3049,558093,Charlotte Katakuri (062),Charlotte Katakuri 062,OP08-062,UC,,tcgcsv,high,101,market_number_eq_canonical_or_extracted;image_basename_number_agrees;set_code_match;rarity_match;parallel_variant_no_parallel_market_penalty;card_name_substring_product;source_tcgcsv,0,OP08-062,OP08,3,3,parallel_2,Parallel 2,official-cardlist,OP08-062_p2,_unclassified/parallel/OP08-062_p2.png,https://en.onepiece-cardgame.com/images/cardlist/card/OP08-062_p2.png?260305,OP08,0,Winner Pack 2025 Vol. 3
3886,1153,OP08-067,,Charlotte Pudding,R,,3055,558099,Charlotte Pudding (067) (Parallel),Charlotte Pudding 067 Parallel,OP08-067,R,Parallel,tcgcsv,high,131,market_number_eq_canonical_or_extracted;image_basename_number_agrees;set_code_match;rarity_match;parallel_token_in_market_fields;card_name_substring_product;source_tcgcsv,0,OP08-067,OP08,5,5,parallel_1,Parallel 1,official-cardlist,OP08-067_p1,OP08/parallel/OP08-067_p1.png,https://en.onepiece-cardgame.com/images/cardlist/card/OP08-067_p1.png?260305,OP08,0,
3887,1153,OP08-067,,Charlotte Pudding,R,,3055,558099,Charlotte Pudding (067) (Parallel),Charlotte Pudding 067 Parallel,OP08-067,R,Parallel,tcgcsv,high,131,market_number_eq_canonical_or_extracted;image_basename_number_agrees;set_code_match;rarity_match;parallel_token_in_market_fields;card_name_substring_product;source_tcgcsv,0,OP08-067,OP08,5,5,parallel_2,Parallel 2,official-cardlist,OP08-067_p2,_unclassified/parallel/OP08-067_p2.png,https://en.onepiece-cardgame.com/images/cardlist/card/OP08-067_p2.png?260305,OP08,0,Treasure Cup May 2025~
3888,1153,OP08-067,,Charlotte Pudding,R,,5019,656235,Charlotte Pudding - OP08-067 (Reprint),Charlotte Pudding OP08 067 Reprint,OP08-067,R,,tcgcsv,high,113,market_number_eq_canonical_or_extracted;image_basename_number_agrees;set_code_match;rarity_match;card_name_substring_product;source_tcgcsv,0,OP08-067,PRB02,5,5,r1,R1,official-cardlist,OP08-067_r1,PRB02/reprint/OP08-067_r1.png,https://en.onepiece-cardgame.com/images/cardlist/card/OP08-067_r1.png?260305,PRB02,0,-ONE PIECE CARD THE BEST vol.2- [PRB-02]
3895,1155,OP08-069,,Charlotte Linlin,SR,,3058,558102,Charlotte Linlin (Parallel),Charlotte Linlin Parallel,OP08-069,SR,Parallel,tcgcsv,high,131,market_number_eq_canonical_or_extracted;image_basename_number_agrees;set_code_match;rarity_match;parallel_token_in_market_fields;card_name_substring_product;source_tcgcsv,0,OP08-069,OP08,3,3,parallel_1,Parallel 1,official-cardlist,OP08-069_p1,OP08/parallel/OP08-069_p1.png,https://en.onepiece-cardgame.com/images/cardlist/card/OP08-069_p1.png?260305,OP08,0,
3896,1155,OP08-069,,Charlotte Linlin,SR,,3058,558102,Charlotte Linlin (Parallel),Charlotte Linlin Parallel,OP08-069,SR,Parallel,tcgcsv,high,131,market_number_eq_canonical_or_extracted;image_basename_number_agrees;set_code_match;rarity_match;parallel_token_in_market_fields;card_name_substring_product;source_tcgcsv,0,OP08-069,OP08,3,3,parallel_2,Parallel 2,official-cardlist,OP08-069_p2,ANN2JP/parallel/OP08-069_p2.png,https://en.onepiece-cardgame.com/images/cardlist/card/OP08-069_p2.png?260305,OP08,0,Japanese 2nd Anniversary Set
3908,1160,OP08-074,,Black Maria,SR,,3064,558108,Black Maria (Parallel),Black Maria Parallel,OP08-074,SR,Parallel,tcgcsv,high,131,market_number_eq_canonical_or_extracted;image_basename_number_agrees;set_code_match;rarity_match;parallel_token_in_market_fields;card_name_substring_product;source_tcgcsv,0,OP08-074,OP08,4,4,parallel_1,Parallel 1,official-cardlist,OP08-074_p1,OP08/parallel/OP08-074_p1.png,https://en.onepiece-cardgame.com/images/cardlist/card/OP08-074_p1.png?260305,OP08,0,
3909,1160,OP08-074,,Black Maria,SR,,5022,656239,Black Maria (Reprint),Black Maria Reprint,OP08-074,SR,,tcgcsv,high,113,market_number_eq_canonical_or_extracted;image_basename_number_agrees;set_code_match;rarity_match;card_name_substring_product;source_tcgcsv,0,OP08-074,PRB02,4,4,r1,R1,official-cardlist,OP08-074_r1,PRB02/reprint/OP08-074_r1.png,https://en.onepiece-cardgame.com/images/cardlist/card/OP08-074_r1.png?260305,PRB02,0,-ONE PIECE CARD THE BEST vol.2- [PRB-02]
3923,1165,OP08-079,,Kaido,SR,,3070,558114,Kaido (Parallel),Kaido Parallel,OP08-079,SR,Parallel,tcgcsv,high,131,market_number_eq_canonical_or_extracted;image_basename_number_agrees;set_code_match;rarity_match;parallel_token_in_market_fields;card_name_substring_product;source_tcgcsv,0,OP08-079,OP08,2,2,parallel_1,Parallel 1,official-cardlist,OP08-079_p1,OP08/parallel/OP08-079_p1.png,https://en.onepiece-cardgame.com/images/cardlist/card/OP08-079_p1.png?260305,OP08,0,
3927,1166,OP08-080,,Queen,R,,3072,558116,Queen (Parallel),Queen Parallel,OP08-080,R,Parallel,tcgcsv,high,131,market_number_eq_canonical_or_extracted;image_basename_number_agrees;set_code_match;rarity_match;parallel_token_in_market_fields;card_name_substring_product;source_tcgcsv,0,OP08-080,OP08,2,2,parallel_1,Parallel 1,official-cardlist,OP08-080_p1,OP08/parallel/OP08-080_p1.png,https://en.onepiece-cardgame.com/images/cardlist/card/OP08-080_p1.png?260305,OP08,0,
3937,1170,OP08-084,,Jack,SR,,3077,558121,Jack (Parallel),Jack Parallel,OP08-084,SR,Parallel,tcgcsv,high,131,market_number_eq_canonical_or_extracted;image_basename_number_agrees;set_code_match;rarity_match;parallel_token_in_market_fields;card_name_substring_product;source_tcgcsv,0,OP08-084,OP08,3,3,parallel_1,Parallel 1,official-cardlist,OP08-084_p1,OP08/parallel/OP08-084_p1.png,https://en.onepiece-cardgame.com/images/cardlist/card/OP08-084_p1.png?260305,OP08,0,
3938,1170,OP08-084,,Jack,SR,,3077,558121,Jack (Parallel),Jack Parallel,OP08-084,SR,Parallel,tcgcsv,high,131,market_number_eq_canonical_or_extracted;image_basename_number_agrees;set_code_match;rarity_match;parallel_token_in_market_fields;card_name_substring_product;source_tcgcsv,0,OP08-084,OP08,3,3,parallel_2,Parallel 2,official-cardlist,OP08-084_p2,TC2025FEB/parallel/OP08-084_p2.png,https://en.onepiece-cardgame.com/images/cardlist/card/OP08-084_p2.png?260305,OP08,0,Treasure Cup February 2025
3970,1184,OP08-098,,Kalgara,L,,3092,558136,Kalgara (098) (Parallel),Kalgara 098 Parallel,OP08-098,L,Parallel,tcgcsv,high,131,market_number_eq_canonical_or_extracted;image_basename_number_agrees;set_code_match;rarity_match;parallel_token_in_market_fields;card_name_substring_product;source_tcgcsv,0,OP08-098,OP08,3,3,parallel_1,Parallel 1,official-cardlist,OP08-098_p1,OP08/parallel/OP08-098_p1.png,https://en.onepiece-cardgame.com/images/cardlist/card/OP08-098_p1.png?260305,OP08,0,
3975,1185,OP08-099,,Kalgara,C,,3093,558137,Kalgara (099),Kalgara 099,OP08-099,C,,tcgcsv,high,101,market_number_eq_canonical_or_extracted;image_basename_number_agrees;set_code_match;rarity_match;parallel_variant_no_parallel_market_penalty;card_name_substring_product;source_tcgcsv,0,OP08-099,OP08,4,4,parallel_2,Parallel 2,official-cardlist,OP08-099_p2,BCV4/parallel/OP08-099_p2.png,https://en.onepiece-cardgame.com/images/cardlist/card/OP08-099_p2.png?260305,OP08,0,Premium Card Collection -Best Selection Vol.4-
3992,1191,OP08-105,,Jewelry Bonney,SR,,3100,558144,Jewelry Bonney (Parallel),Jewelry Bonney Parallel,OP08-105,SR,Parallel,tcgcsv,high,131,market_number_eq_canonical_or_extracted;image_basename_number_agrees;set_code_match;rarity_match;parallel_token_in_market_fields;card_name_substring_product;source_tcgcsv,0,OP08-105,OP08,3,3,parallel_1,Parallel 1,official-cardlist,OP08-105_p1,OP08/parallel/OP08-105_p1.png,https://en.onepiece-cardgame.com/images/cardlist/card/OP08-105_p1.png?260305,OP08,0,
3996,1192,OP08-106,,Nami,SP CARD,,3102,558146,Nami (Parallel),Nami Parallel,OP08-106,SR,Parallel,tcgcsv,high,119,market_number_eq_canonical_or_extracted;image_basename_number_agrees;set_code_match;parallel_token_in_market_fields;card_name_substring_product;source_tcgcsv,0,OP08-106,OP08,3,3,parallel_1,Parallel 1,official-cardlist,OP08-106_p1,OP08/parallel/OP08-106_p1.png,https://en.onepiece-cardgame.com/images/cardlist/card/OP08-106_p1.png?260305,OP08,0,
4009,1196,OP08-110,,Wyper,R,,3107,558151,Wyper (Parallel),Wyper Parallel,OP08-110,R,Parallel,tcgcsv,high,131,market_number_eq_canonical_or_extracted;image_basename_number_agrees;set_code_match;rarity_match;parallel_token_in_market_fields;card_name_substring_product;source_tcgcsv,0,OP08-110,OP08,5,5,parallel_1,Parallel 1,official-cardlist,OP08-110_p1,OP08/parallel/OP08-110_p1.png,https://en.onepiece-cardgame.com/images/cardlist/card/OP08-110_p1.png?260305,OP08,0,
4010,1196,OP08-110,,Wyper,R,,3107,558151,Wyper (Parallel),Wyper Parallel,OP08-110,R,Parallel,tcgcsv,high,131,market_number_eq_canonical_or_extracted;image_basename_number_agrees;set_code_match;rarity_match;parallel_token_in_market_fields;card_name_substring_product;source_tcgcsv,0,OP08-110,OP08,5,5,parallel_2,Parallel 2,official-cardlist,OP08-110_p2,TK2025V2/parallel/OP08-110_p2.png,https://en.onepiece-cardgame.com/images/cardlist/card/OP08-110_p2.png?260305,OP08,0,Tournament Kit 2025 Vol.2
4011,1196,OP08-110,,Wyper,R,,3107,558151,Wyper (Parallel),Wyper Parallel,OP08-110,R,Parallel,tcgcsv,high,131,market_number_eq_canonical_or_extracted;image_basename_number_agrees;set_code_match;rarity_match;parallel_token_in_market_fields;card_name_substring_product;source_tcgcsv,0,OP08-110,OP08,5,5,parallel_3,Parallel 3,official-cardlist,OP08-110_p3,_unclassified/parallel/OP08-110_p3.png,https://en.onepiece-cardgame.com/images/cardlist/card/OP08-110_p3.png?260305,OP08,0,Winner Pack 2025 Vol.2
4012,1196,OP08-110,,Wyper,R,,3107,558151,Wyper (Parallel),Wyper Parallel,OP08-110,R,Parallel,tcgcsv,high,131,market_number_eq_canonical_or_extracted;image_basename_number_agrees;set_code_match;rarity_match;parallel_token_in_market_fields;card_name_substring_product;source_tcgcsv,0,OP08-110,OP08,5,5,parallel_4,Parallel 4,official-cardlist,OP08-110_p4,CS2526CP/parallel/OP08-110_p4.png,https://en.onepiece-cardgame.com/images/cardlist/card/OP08-110_p4.png?260305,OP08,0,CS 25-26 Celebration Pack
4018,1198,OP08-112,,S-Snake,SR,,3110,558154,S-Snake (Parallel),S Snake Parallel,OP08-112,SR,Parallel,tcgcsv,high,131,market_number_eq_canonical_or_extracted;image_basename_number_agrees;set_code_match;rarity_match;parallel_token_in_market_fields;card_name_substring_product;source_tcgcsv,0,OP08-112,OP08,2,2,parallel_1,Parallel 1,official-cardlist,OP08-112_p1,OP08/parallel/OP08-112_p1.png,https://en.onepiece-cardgame.com/images/cardlist/card/OP08-112_p1.png?260305,OP08,0,
4035,1204,OP08-118,,Silvers Rayleigh,SEC,,5029,656246,Silvers Rayleigh - OP08-118 (Reprint),Silvers Rayleigh OP08 118 Reprint,OP08-118,SEC,,tcgcsv,high,113,market_number_eq_canonical_or_extracted;image_basename_number_agrees;set_code_match;rarity_match;card_name_substring_product;source_tcgcsv,0,OP08-118,PRB02,4,4,r1,R1,official-cardlist,OP08-118_r1,PRB02/reprint/OP08-118_r1.png,https://en.onepiece-cardgame.com/images/cardlist/card/OP08-118_r1.png?260305,PRB02,0,-ONE PIECE CARD THE BEST vol.2- [PRB-02]
4039,1205,OP08-119,,Kaido & Linlin,SEC,,3120,558164,Kaido & Linlin (Parallel),Kaido and Linlin Parallel,OP08-119,SEC,Parallel,tcgcsv,high,131,market_number_eq_canonical_or_extracted;image_basename_number_agrees;set_code_match;rarity_match;parallel_token_in_market_fields;card_name_substring_product;source_tcgcsv,0,OP08-119,OP08,2,2,parallel_1,Parallel 1,official-cardlist,OP08-119_p1,OP08/parallel/OP08-119_p1.png,https://en.onepiece-cardgame.com/images/cardlist/card/OP08-119_p1.png?260305,OP08,0,
4043,1206,OP09-001,,Shanks,L,,3592,596920,Shanks (001) (Parallel),Shanks 001 Parallel,OP09-001,L,Parallel,tcgcsv,high,139,market_number_eq_canonical_or_extracted;image_basename_number_agrees;set_code_match;rarity_match;parallel_token_in_market_fields;parallel_index_loose_in_name;card_name_substring_product;source_tcgcsv,0,OP09-001,OP09,5,5,parallel_1,Parallel 1,official-cardlist,OP09-001_p1,OP09/parallel/OP09-001_p1.png,https://en.onepiece-cardgame.com/images/cardlist/card/OP09-001_p1.png?260305,OP09,0,
4049,1207,OP09-002,,Uta,R,,3594,596922,Uta (Parallel),Uta Parallel,OP09-002,R,Parallel,tcgcsv,high,121,market_number_eq_canonical_or_extracted;image_basename_number_agrees;set_code_match;rarity_match;parallel_token_in_market_fields;source_tcgcsv,0,OP09-002,OP09,7,7,parallel_1,Parallel 1,official-cardlist,OP09-002_p1,OP09/parallel/OP09-002_p1.png,https://en.onepiece-cardgame.com/images/cardlist/card/OP09-002_p1.png?260305,OP09,0,
4050,1207,OP09-002,,Uta,R,,3594,596922,Uta (Parallel),Uta Parallel,OP09-002,R,Parallel,tcgcsv,high,121,market_number_eq_canonical_or_extracted;image_basename_number_agrees;set_code_match;rarity_match;parallel_token_in_market_fields;source_tcgcsv,0,OP09-002,OP09,7,7,parallel_2,Parallel 2,official-cardlist,OP09-002_p2,TC2025FEB/parallel/OP09-002_p2.png,https://en.onepiece-cardgame.com/images/cardlist/card/OP09-002_p2.png?260305,OP09,0,Treasure Cup February 2025
4051,1207,OP09-002,,Uta,R,,4829,656024,Uta (Reprint),Uta Reprint,OP09-002,R,,tcgcsv,high,103,market_number_eq_canonical_or_extracted;image_basename_number_agrees;set_code_match;rarity_match;source_tcgcsv,0,OP09-002,PRB02,7,7,r1,R1,official-cardlist,OP09-002_r1,PRB02/reprint/OP09-002_r1.png,https://en.onepiece-cardgame.com/images/cardlist/card/OP09-002_r1.png?260305,PRB02,0,-ONE PIECE CARD THE BEST vol.2- [PRB-02]
4064,1209,OP09-004,,Shanks,SR,,4830,656025,Shanks - OP09-004 (Reprint),Shanks OP09 004 Reprint,OP09-004,SR,,tcgcsv,high,113,market_number_eq_canonical_or_extracted;image_basename_number_agrees;set_code_match;rarity_match;card_name_substring_product;source_tcgcsv,0,OP09-004,PRB02,9,9,r1,R1,official-cardlist,OP09-004_r1,PRB02/reprint/OP09-004_r1.png,https://en.onepiece-cardgame.com/images/cardlist/card/OP09-004_r1.png?260305,PRB02,0,-ONE PIECE CARD THE BEST vol.2- [PRB-02]
4070,1210,OP09-005,,Silvers Rayleigh,R,,4169,632507,Silvers Rayleigh (SP),Silvers Rayleigh SP,OP09-005,R,,tcgcsv,high,101,market_number_eq_canonical_or_extracted;image_basename_number_agrees;set_code_match;rarity_match;parallel_variant_no_parallel_market_penalty;card_name_substring_product;source_tcgcsv,0,OP09-005,OP11,3,3,parallel_1,Parallel 1,official-cardlist,OP09-005_p1,OP11/parallel/OP09-005_p1.png,https://en.onepiece-cardgame.com/images/cardlist/card/OP09-005_p1.png?260305,OP11,0,-A FIST OF DIVINE SPEED- [OP-11]
4071,1210,OP09-005,,Silvers Rayleigh,R,,4831,656027,Silvers Rayleigh - OP09-005 (Reprint),Silvers Rayleigh OP09 005 Reprint,OP09-005,R,,tcgcsv,high,113,market_number_eq_canonical_or_extracted;image_basename_number_agrees;set_code_match;rarity_match;card_name_substring_product;source_tcgcsv,0,OP09-005,PRB02,3,3,r1,R1,official-cardlist,OP09-005_r1,PRB02/reprint/OP09-005_r1.png,https://en.onepiece-cardgame.com/images/cardlist/card/OP09-005_r1.png?260305,PRB02,0,-ONE PIECE CARD THE BEST vol.2- [PRB-02]
4072,1210,OP09-005,,Silvers Rayleigh,R,,3600,596928,Silvers Rayleigh,Silvers Rayleigh,OP09-005,R,,tcgcsv,high,113,market_number_eq_canonical_or_extracted;image_basename_number_agrees;set_code_match;rarity_match;card_name_substring_product;source_tcgcsv,0,OP09-005,OP09,3,3,sp,SP,local-catalog,OP09-005::sp,thumbs/OP09-005(SP).webp,,OP09,0,
4075,1211,OP09-006,,Howling Gab,C,,4186,634269,Howling Gab (Reprint),Howling Gab Reprint,OP09-006,C,,tcgcsv,high,113,market_number_eq_canonical_or_extracted;image_basename_number_agrees;set_code_match;rarity_match;card_name_substring_product;source_tcgcsv,0,OP09-006,ST23,2,2,r1,R1,official-cardlist,OP09-006_r1,ST23/reprint/OP09-006_r1.png,https://en.onepiece-cardgame.com/images/cardlist/card/OP09-006_r1.png?260305,ST23,0,-RED Shanks- [ST-23]
4080,1213,OP09-008,,Building Snake,UC,,3603,596931,Building Snake,Building Snake,OP09-008,UC,,tcgcsv,high,101,market_number_eq_canonical_or_extracted;image_basename_number_agrees;set_code_match;rarity_match;parallel_variant_no_parallel_market_penalty;card_name_substring_product;source_tcgcsv,0,OP09-008,OP09,2,2,parallel_1,Parallel 1,official-cardlist,OP09-008_p1,BCV4/parallel/OP09-008_p1.png,https://en.onepiece-cardgame.com/images/cardlist/card/OP09-008_p1.png?260305,OP09,0,Premium Card Collection -Best Selection Vol.4-
4084,1214,OP09-009,,Benn.Beckman,SR,,3605,596933,Benn.Beckman (Parallel),BennBeckman Parallel,OP09-009,SR,Parallel,tcgcsv,high,131,market_number_eq_canonical_or_extracted;image_basename_number_agrees;set_code_match;rarity_match;parallel_token_in_market_fields;card_name_substring_product;source_tcgcsv,0,OP09-009,OP09,5,5,parallel_1,Parallel 1,official-cardlist,OP09-009_p1,OP09/parallel/OP09-009_p1.png,https://en.onepiece-cardgame.com/images/cardlist/card/OP09-009_p1.png?260305,OP09,0,
4085,1214,OP09-009,,Benn.Beckman,SR,,3605,596933,Benn.Beckman (Parallel),BennBeckman Parallel,OP09-009,SR,Parallel,tcgcsv,high,131,market_number_eq_canonical_or_extracted;image_basename_number_agrees;set_code_match;rarity_match;parallel_token_in_market_fields;card_name_substring_product;source_tcgcsv,0,OP09-009,OP09,5,5,parallel_2,Parallel 2,official-cardlist,OP09-009_p2,CS2526ORS2/parallel/OP09-009_p2.png,https://en.onepiece-cardgame.com/images/cardlist/card/OP09-009_p2.png?260305,OP09,0,Championship 25-26 Offline Regionals Season 2
4087,1214,OP09-009,,Benn.Beckman,SR,,4833,656029,Benn.Beckman (Reprint),BennBeckman Reprint,OP09-009,SR,,tcgcsv,high,113,market_number_eq_canonical_or_extracted;image_basename_number_agrees;set_code_match;rarity_match;card_name_substring_product;source_tcgcsv,0,OP09-009,PRB02,5,5,r1,R1,official-cardlist,OP09-009_r1,PRB02/reprint/OP09-009_r1.png,https://en.onepiece-cardgame.com/images/cardlist/card/OP09-009_r1.png?260305,PRB02,0,-ONE PIECE CARD THE BEST vol.2- [PRB-02]
4091,1215,OP09-010,,Bonk Punch,C,,4187,634270,Bonk Punch (Reprint),Bonk Punch Reprint,OP09-010,C,,tcgcsv,high,113,market_number_eq_canonical_or_extracted;image_basename_number_agrees;set_code_match;rarity_match;card_name_substring_product;source_tcgcsv,0,OP09-010,ST23,2,2,r1,R1,official-cardlist,OP09-010_r1,ST23/reprint/OP09-010_r1.png,https://en.onepiece-cardgame.com/images/cardlist/card/OP09-010_r1.png?260305,ST23,0,-RED Shanks- [ST-23]
4094,1216,OP09-011,,Hongo,UC,,3607,596935,Hongo,Hongo,OP09-011,UC,,tcgcsv,high,101,market_number_eq_canonical_or_extracted;set_code_match;rarity_match;card_name_substring_product;source_tcgcsv,0,OP09-011,OP09,6,6,alt,Alt,local-catalog,OP09-011::alt,thumbs/OP09-011alt.webp,,OP09,0,
4095,1216,OP09-011,,Hongo,UC,,3607,596935,Hongo,Hongo,OP09-011,UC,,tcgcsv,high,101,market_number_eq_canonical_or_extracted;image_basename_number_agrees;set_code_match;rarity_match;parallel_variant_no_parallel_market_penalty;card_name_substring_product;source_tcgcsv,0,OP09-011,OP09,6,6,parallel_1,Parallel 1,official-cardlist,OP09-011_p1,TK2025V2/parallel/OP09-011_p1.png,https://en.onepiece-cardgame.com/images/cardlist/card/OP09-011_p1.png?260305,OP09,0,Tournament Kit 2025 Vol.2
4096,1216,OP09-011,,Hongo,UC,,3607,596935,Hongo,Hongo,OP09-011,UC,,tcgcsv,high,101,market_number_eq_canonical_or_extracted;image_basename_number_agrees;set_code_match;rarity_match;parallel_variant_no_parallel_market_penalty;card_name_substring_product;source_tcgcsv,0,OP09-011,OP09,6,6,parallel_2,Parallel 2,official-cardlist,OP09-011_p2,_unclassified/parallel/OP09-011_p2.png,https://en.onepiece-cardgame.com/images/cardlist/card/OP09-011_p2.png?260305,OP09,0,Winner Pack 2025 Vol.2
4097,1216,OP09-011,,Hongo,UC,,3607,596935,Hongo,Hongo,OP09-011,UC,,tcgcsv,high,101,market_number_eq_canonical_or_extracted;image_basename_number_agrees;set_code_match;rarity_match;parallel_variant_no_parallel_market_penalty;card_name_substring_product;source_tcgcsv,0,OP09-011,OP09,6,6,parallel_3,Parallel 3,official-cardlist,OP09-011_p3,CS2526CP/parallel/OP09-011_p3.png,https://en.onepiece-cardgame.com/images/cardlist/card/OP09-011_p3.png?260305,OP09,0,CS 25-26 Celebration Pack
4098,1216,OP09-011,,Hongo,UC,,4188,634272,Hongo (Reprint),Hongo Reprint,OP09-011,UC,,tcgcsv,high,113,market_number_eq_canonical_or_extracted;image_basename_number_agrees;set_code_match;rarity_match;card_name_substring_product;source_tcgcsv,0,OP09-011,ST23,6,6,r1,R1,official-cardlist,OP09-011_r1,ST23/reprint/OP09-011_r1.png,https://en.onepiece-cardgame.com/images/cardlist/card/OP09-011_r1.png?260305,ST23,0,-RED Shanks- [ST-23]
4101,1217,OP09-012,,Monster,C,,4189,634274,Monster (Reprint),Monster Reprint,OP09-012,C,,tcgcsv,high,113,market_number_eq_canonical_or_extracted;image_basename_number_agrees;set_code_match;rarity_match;card_name_substring_product;source_tcgcsv,0,OP09-012,ST23,2,2,r1,R1,official-cardlist,OP09-012_r1,ST23/reprint/OP09-012_r1.png,https://en.onepiece-cardgame.com/images/cardlist/card/OP09-012_r1.png?260305,ST23,0,-RED Shanks- [ST-23]
4104,1218,OP09-013,,Yasopp,SP CARD,,3609,596937,Yasopp,Yasopp,OP09-013,R,,tcgcsv,high,89,market_number_eq_canonical_or_extracted;image_basename_number_agrees;set_code_match;parallel_variant_no_parallel_market_penalty;card_name_substring_product;source_tcgcsv,0,OP09-013,OP09,4,4,parallel_1,Parallel 1,official-cardlist,OP09-013_p1,CS2526ORS2/parallel/OP09-013_p1.png,https://en.onepiece-cardgame.com/images/cardlist/card/OP09-013_p1.png?260305,OP09,0,Championship 25-26 Offline Regionals Season 2
4105,1218,OP09-013,,Yasopp,SP CARD,,4433,646563,Yasopp (SP),Yasopp SP,OP09-013,R,,tcgcsv,high,89,market_number_eq_canonical_or_extracted;image_basename_number_agrees;set_code_match;parallel_variant_no_parallel_market_penalty;card_name_substring_product;source_tcgcsv,0,OP09-013,OP12,4,4,parallel_2,Parallel 2,official-cardlist,OP09-013_p2,OP12/parallel/OP09-013_p2.png,https://en.onepiece-cardgame.com/images/cardlist/card/OP09-013_p2.png?260305,OP12,0,-LEGACY OF THE MASTER- [OP-12]
4106,1218,OP09-013,,Yasopp,SP CARD,,4190,634276,Yasopp (Reprint),Yasopp Reprint,OP09-013,R,,tcgcsv,high,101,market_number_eq_canonical_or_extracted;image_basename_number_agrees;set_code_match;card_name_substring_product;source_tcgcsv,0,OP09-013,ST23,4,4,r1,R1,official-cardlist,OP09-013_r1,ST23/reprint/OP09-013_r1.png,https://en.onepiece-cardgame.com/images/cardlist/card/OP09-013_r1.png?260305,ST23,0,-RED Shanks- [ST-23]
4107,1218,OP09-013,,Yasopp,SP CARD,,3609,596937,Yasopp,Yasopp,OP09-013,R,,tcgcsv,high,101,market_number_eq_canonical_or_extracted;image_basename_number_agrees;set_code_match;card_name_substring_product;source_tcgcsv,0,OP09-013,OP09,4,4,sp,SP,local-catalog,OP09-013::sp,thumbs/OP09-013(SP).webp,,OP09,0,
4112,1219,OP09-014,,Limejuice,UC,,3610,596938,Limejuice,Limejuice,OP09-014,UC,,tcgcsv,high,113,market_number_eq_canonical_or_extracted;image_basename_number_agrees;set_code_match;rarity_match;card_name_substring_product;source_tcgcsv,0,OP09-014,OP09,5,5,alt,Prb02,local-catalog,OP09-014::prb02,thumbs/OP09-014(PRB02).webp,,OP09,0,
4113,1219,OP09-014,,Limejuice,UC,,4192,634278,Limejuice (Reprint),Limejuice Reprint,OP09-014,UC,,tcgcsv,high,113,market_number_eq_canonical_or_extracted;image_basename_number_agrees;set_code_match;rarity_match;card_name_substring_product;source_tcgcsv,0,OP09-014,ST23,5,5,r1,R1,official-cardlist,OP09-014_r1,ST23/reprint/OP09-014_r1.png,https://en.onepiece-cardgame.com/images/cardlist/card/OP09-014_r1.png?260305,ST23,0,-RED Shanks- [ST-23]
4117,1220,OP09-015,,Lucky.Roux,TR,,4172,632773,Lucky.Roux (TR),LuckyRoux TR,OP09-015,TR,,tcgcsv,high,101,market_number_eq_canonical_or_extracted;image_basename_number_agrees;set_code_match;rarity_match;parallel_variant_no_parallel_market_penalty;card_name_substring_product;source_tcgcsv,0,OP09-015,OP11,3,3,parallel_1,Parallel 1,official-cardlist,OP09-015_p1,OP11/parallel/OP09-015_p1.png,https://en.onepiece-cardgame.com/images/cardlist/card/OP09-015_p1.png?260305,OP11,0,-A FIST OF DIVINE SPEED- [OP-11]
4118,1220,OP09-015,,Lucky.Roux,TR,,4191,634277,Lucky.Roux (Reprint),LuckyRoux Reprint,OP09-015,R,,tcgcsv,high,101,market_number_eq_canonical_or_extracted;image_basename_number_agrees;set_code_match;card_name_substring_product;source_tcgcsv,0,OP09-015,ST23,3,3,r1,R1,official-cardlist,OP09-015_r1,ST23/reprint/OP09-015_r1.png,https://en.onepiece-cardgame.com/images/cardlist/card/OP09-015_r1.png?260305,ST23,0,-RED Shanks- [ST-23]
4121,1221,OP09-016,,Rockstar,C,,4193,634280,Rockstar (Reprint),Rockstar Reprint,OP09-016,C,,tcgcsv,high,113,market_number_eq_canonical_or_extracted;image_basename_number_agrees;set_code_match;rarity_match;card_name_substring_product;source_tcgcsv,0,OP09-016,ST23,2,2,r1,R1,official-cardlist,OP09-016_r1,ST23/reprint/OP09-016_r1.png,https://en.onepiece-cardgame.com/images/cardlist/card/OP09-016_r1.png?260305,ST23,0,-RED Shanks- [ST-23]
4131,1225,OP09-020,,Come On!! We'll Fight You!!,R,,3616,596944,Come On!! We'll Fight You!!,Come On Well Fight You,OP09-020,R,,tcgcsv,high,113,market_number_eq_canonical_or_extracted;image_basename_number_agrees;set_code_match;rarity_match;card_name_substring_product;source_tcgcsv,0,OP09-020,OP09,4,4,alt,Prb02,local-catalog,OP09-020::prb02,thumbs/OP09-020(PRB02).webp,,OP09,0,
4132,1225,OP09-020,,Come On!! We'll Fight You!!,R,,4194,634282,Come On!! We'll Fight You!! (Reprint),Come On Well Fight You Reprint,OP09-020,R,,tcgcsv,high,113,market_number_eq_canonical_or_extracted;image_basename_number_agrees;set_code_match;rarity_match;card_name_substring_product;source_tcgcsv,0,OP09-020,ST23,4,4,r1,R1,official-cardlist,OP09-020_r1,ST23/reprint/OP09-020_r1.png,https://en.onepiece-cardgame.com/images/cardlist/card/OP09-020_r1.png?260305,ST23,0,-RED Shanks- [ST-23]
4139,1227,OP09-022,,Lim,L,,3619,596947,Lim (022) (Parallel),Lim 022 Parallel,OP09-022,L,Parallel,tcgcsv,high,121,market_number_eq_canonical_or_extracted;image_basename_number_agrees;set_code_match;rarity_match;parallel_token_in_market_fields;source_tcgcsv,0,OP09-022,OP09,2,2,parallel_1,Parallel 1,official-cardlist,OP09-022_p1,OP09/parallel/OP09-022_p1.png,https://en.onepiece-cardgame.com/images/cardlist/card/OP09-022_p1.png?260305,OP09,0,
4143,1228,OP09-023,,Adio,SR,,3621,596949,Adio (Parallel),Adio Parallel,OP09-023,SR,Parallel,tcgcsv,high,131,market_number_eq_canonical_or_extracted;image_basename_number_agrees;set_code_match;rarity_match;parallel_token_in_market_fields;card_name_substring_product;source_tcgcsv,0,OP09-023,OP09,2,2,parallel_1,Parallel 1,official-cardlist,OP09-023_p1,OP09/parallel/OP09-023_p1.png,https://en.onepiece-cardgame.com/images/cardlist/card/OP09-023_p1.png?260305,OP09,0,
4153,1232,OP09-027,,Sabo,UC,,3625,596953,Sabo (027),Sabo 027,OP09-027,UC,,tcgcsv,high,101,market_number_eq_canonical_or_extracted;image_basename_number_agrees;set_code_match;rarity_match;parallel_variant_no_parallel_market_penalty;card_name_substring_product;source_tcgcsv,0,OP09-027,OP09,4,4,parallel_2,Parallel 2,official-cardlist,OP09-027_p2,_unclassified/parallel/OP09-027_p2.png,https://en.onepiece-cardgame.com/images/cardlist/card/OP09-027_p2.png?260305,OP09,0,3rd Anniversary Event
4154,1232,OP09-027,,Sabo,UC,,3625,596953,Sabo (027),Sabo 027,OP09-027,UC,,tcgcsv,high,101,market_number_eq_canonical_or_extracted;image_basename_number_agrees;set_code_match;rarity_match;parallel_variant_no_parallel_market_penalty;card_name_substring_product;source_tcgcsv,0,OP09-027,OP09,4,4,parallel_3,Parallel 3,official-cardlist,OP09-027_p3,_unclassified/parallel/OP09-027_p3.png,https://en.onepiece-cardgame.com/images/cardlist/card/OP09-027_p3.png?260305,OP09,0,3rd Anniversary Event
4173,1239,OP09-034,,Perona,R,,3633,596961,Perona (Parallel),Perona Parallel,OP09-034,R,Parallel,tcgcsv,high,131,market_number_eq_canonical_or_extracted;image_basename_number_agrees;set_code_match;rarity_match;parallel_token_in_market_fields;card_name_substring_product;source_tcgcsv,0,OP09-034,OP09,5,5,parallel_1,Parallel 1,official-cardlist,OP09-034_p1,OP09/parallel/OP09-034_p1.png,https://en.onepiece-cardgame.com/images/cardlist/card/OP09-034_p1.png?260305,OP09,0,
4174,1239,OP09-034,,Perona,R,,3633,596961,Perona (Parallel),Perona Parallel,OP09-034,R,Parallel,tcgcsv,high,131,market_number_eq_canonical_or_extracted;image_basename_number_agrees;set_code_match;rarity_match;parallel_token_in_market_fields;card_name_substring_product;source_tcgcsv,0,OP09-034,OP09,5,5,parallel_2,Parallel 2,official-cardlist,OP09-034_p2,_unclassified/parallel/OP09-034_p2.png,https://en.onepiece-cardgame.com/images/cardlist/card/OP09-034_p2.png?260305,OP09,0,ONE PIECE HEROINES CAMPAIGN Dash Pack
4177,1240,OP09-035,,Portgas.D.Ace,UC,,4274,635310,Portgas.D.Ace (Reprint),PortgasDAce Reprint,OP09-035,UC,,tcgcsv,high,113,market_number_eq_canonical_or_extracted;image_basename_number_agrees;set_code_match;rarity_match;card_name_substring_product;source_tcgcsv,0,OP09-035,ST28,3,3,r1,R1,official-cardlist,OP09-035_r1,ST28/reprint/OP09-035_r1.png,https://en.onepiece-cardgame.com/images/cardlist/card/OP09-035_r1.png?260305,ST28,0,-GREEN/YELLOW Yamato- [ST-28]
4183,1242,OP09-037,,Lim,SP CARD,,3637,596965,Lim (037) (Parallel),Lim 037 Parallel,OP09-037,SR,Parallel,tcgcsv,high,109,market_number_eq_canonical_or_extracted;image_basename_number_agrees;set_code_match;parallel_token_in_market_fields;source_tcgcsv,0,OP09-037,OP09,3,3,parallel_1,Parallel 1,official-cardlist,OP09-037_p1,OP09/parallel/OP09-037_p1.png,https://en.onepiece-cardgame.com/images/cardlist/card/OP09-037_p1.png?260305,OP09,0,
4197,1247,OP09-042,,Buggy,L,,3643,596971,Buggy (042) (Parallel),Buggy 042 Parallel,OP09-042,L,Parallel,tcgcsv,high,131,market_number_eq_canonical_or_extracted;image_basename_number_agrees;set_code_match;rarity_match;parallel_token_in_market_fields;card_name_substring_product;source_tcgcsv,0,OP09-042,OP09,4,4,parallel_1,Parallel 1,official-cardlist,OP09-042_p1,OP09/parallel/OP09-042_p1.png,https://en.onepiece-cardgame.com/images/cardlist/card/OP09-042_p1.png?260305,OP09,0,
4201,1248,OP09-043,,Alvida,UC,,3644,596972,Alvida,Alvida,OP09-043,UC,,tcgcsv,high,101,market_number_eq_canonical_or_extracted;image_basename_number_agrees;set_code_match;rarity_match;parallel_variant_no_parallel_market_penalty;card_name_substring_product;source_tcgcsv,0,OP09-043,OP09,5,5,parallel_1,Parallel 1,official-cardlist,OP09-043_p1,CS2526TP2/parallel/OP09-043_p1.png,https://en.onepiece-cardgame.com/images/cardlist/card/OP09-043_p1.png?260305,OP09,0,CS 25-26 Top Player Pack 2
4202,1248,OP09-043,,Alvida,UC,,3644,596972,Alvida,Alvida,OP09-043,UC,,tcgcsv,high,101,market_number_eq_canonical_or_extracted;image_basename_number_agrees;set_code_match;rarity_match;parallel_variant_no_parallel_market_penalty;card_name_substring_product;source_tcgcsv,0,OP09-043,OP09,5,5,parallel_2,Parallel 2,official-cardlist,OP09-043_p2,_unclassified/parallel/OP09-043_p2.png,https://en.onepiece-cardgame.com/images/cardlist/card/OP09-043_p2.png?260305,OP09,0,CS 25-26 Finalist Card Set 2
4203,1248,OP09-043,,Alvida,UC,,3644,596972,Alvida,Alvida,OP09-043,UC,,tcgcsv,high,101,market_number_eq_canonical_or_extracted;image_basename_number_agrees;set_code_match;rarity_match;parallel_variant_no_parallel_market_penalty;card_name_substring_product;source_tcgcsv,0,OP09-043,OP09,5,5,parallel_3,Parallel 3,official-cardlist,OP09-043_p3,_unclassified/parallel/OP09-043_p3.png,https://en.onepiece-cardgame.com/images/cardlist/card/OP09-043_p3.png?260305,OP09,0,CS 25-26 Winner Card Set 2
4204,1248,OP09-043,,Alvida,UC,,4218,634289,Alvida (Reprint),Alvida Reprint,OP09-043,UC,,tcgcsv,high,113,market_number_eq_canonical_or_extracted;image_basename_number_agrees;set_code_match;rarity_match;card_name_substring_product;source_tcgcsv,0,OP09-043,ST25,5,5,r1,R1,official-cardlist,OP09-043_r1,ST25/reprint/OP09-043_r1.png,https://en.onepiece-cardgame.com/images/cardlist/card/OP09-043_r1.png?260305,ST25,0,-BLUE Buggy- [ST-25]
4209,1250,OP09-045,,Cabaji,UC,,4219,634291,Cabaji (Reprint),Cabaji Reprint,OP09-045,UC,,tcgcsv,high,113,market_number_eq_canonical_or_extracted;image_basename_number_agrees;set_code_match;rarity_match;card_name_substring_product;source_tcgcsv,0,OP09-045,ST25,2,2,r1,R1,official-cardlist,OP09-045_r1,ST25/reprint/OP09-045_r1.png,https://en.onepiece-cardgame.com/images/cardlist/card/OP09-045_r1.png?260305,ST25,0,-BLUE Buggy- [ST-25]
4213,1251,OP09-046,,Crocodile,SR,,3648,596976,Crocodile (046) (Parallel),Crocodile 046 Parallel,OP09-046,SR,Parallel,tcgcsv,high,131,market_number_eq_canonical_or_extracted;image_basename_number_agrees;set_code_match;rarity_match;parallel_token_in_market_fields;card_name_substring_product;source_tcgcsv,0,OP09-046,OP09,3,3,parallel_1,Parallel 1,official-cardlist,OP09-046_p1,OP09/parallel/OP09-046_p1.png,https://en.onepiece-cardgame.com/images/cardlist/card/OP09-046_p1.png?260305,OP09,0,
4214,1251,OP09-046,,Crocodile,SR,,4857,656054,Crocodile - OP09-046 (Reprint),Crocodile OP09 046 Reprint,OP09-046,SR,,tcgcsv,high,113,market_number_eq_canonical_or_extracted;image_basename_number_agrees;set_code_match;rarity_match;card_name_substring_product;source_tcgcsv,0,OP09-046,PRB02,3,3,r1,R1,official-cardlist,OP09-046_r1,PRB02/reprint/OP09-046_r1.png,https://en.onepiece-cardgame.com/images/cardlist/card/OP09-046_r1.png?260305,PRB02,0,-ONE PIECE CARD THE BEST vol.2- [PRB-02]
4220,1253,OP09-048,,Dracule Mihawk,SR,,3651,596979,Dracule Mihawk (Parallel),Dracule Mihawk Parallel,OP09-048,SR,Parallel,tcgcsv,high,131,market_number_eq_canonical_or_extracted;image_basename_number_agrees;set_code_match;rarity_match;parallel_token_in_market_fields;card_name_substring_product;source_tcgcsv,0,OP09-048,OP09,3,3,parallel_1,Parallel 1,official-cardlist,OP09-048_p1,OP09/parallel/OP09-048_p1.png,https://en.onepiece-cardgame.com/images/cardlist/card/OP09-048_p1.png?260305,OP09,0,
4221,1253,OP09-048,,Dracule Mihawk,SR,,4860,656057,Dracule Mihawk - OP09-048 (Reprint),Dracule Mihawk OP09 048 Reprint,OP09-048,SR,,tcgcsv,high,113,market_number_eq_canonical_or_extracted;image_basename_number_agrees;set_code_match;rarity_match;card_name_substring_product;source_tcgcsv,0,OP09-048,PRB02,3,3,r1,R1,official-cardlist,OP09-048_r1,PRB02/reprint/OP09-048_r1.png,https://en.onepiece-cardgame.com/images/cardlist/card/OP09-048_r1.png?260305,PRB02,0,-ONE PIECE CARD THE BEST vol.2- [PRB-02]
4227,1255,OP09-050,,Nami,R,,3654,596982,Nami (050) (Parallel),Nami 050 Parallel,OP09-050,R,Parallel,tcgcsv,high,131,market_number_eq_canonical_or_extracted;image_basename_number_agrees;set_code_match;rarity_match;parallel_token_in_market_fields;card_name_substring_product;source_tcgcsv,0,OP09-050,OP09,3,3,parallel_1,Parallel 1,official-cardlist,OP09-050_p1,OP09/parallel/OP09-050_p1.png,https://en.onepiece-cardgame.com/images/cardlist/card/OP09-050_p1.png?260305,OP09,0,
4228,1255,OP09-050,,Nami,R,,3654,596982,Nami (050) (Parallel),Nami 050 Parallel,OP09-050,R,Parallel,tcgcsv,high,131,market_number_eq_canonical_or_extracted;image_basename_number_agrees;set_code_match;rarity_match;parallel_token_in_market_fields;card_name_substring_product;source_tcgcsv,0,OP09-050,OP09,3,3,parallel_2,Parallel 2,official-cardlist,OP09-050_p2,REG2526S1/parallel/OP09-050_p2.png,https://en.onepiece-cardgame.com/images/cardlist/card/OP09-050_p2.png?260305,OP09,0,Regional 25-26 Season1
4237,1256,OP09-051,,Buggy,SP CARD,,4220,634296,Buggy (Reprint),Buggy Reprint,OP09-051,R,,tcgcsv,high,101,market_number_eq_canonical_or_extracted;image_basename_number_agrees;set_code_match;card_name_substring_product;source_tcgcsv,0,OP09-051,ST25,8,8,r1,R1,official-cardlist,OP09-051_r1,ST25/reprint/OP09-051_r1.png,https://en.onepiece-cardgame.com/images/cardlist/card/OP09-051_r1.png?260305,ST25,0,-BLUE Buggy- [ST-25]
4243,1258,OP09-053,,Mohji,UC,,4221,634298,Mohji (Reprint),Mohji Reprint,OP09-053,UC,,tcgcsv,high,113,market_number_eq_canonical_or_extracted;image_basename_number_agrees;set_code_match;rarity_match;card_name_substring_product;source_tcgcsv,0,OP09-053,ST25,2,2,r1,R1,official-cardlist,OP09-053_r1,ST25/reprint/OP09-053_r1.png,https://en.onepiece-cardgame.com/images/cardlist/card/OP09-053_r1.png?260305,ST25,0,-BLUE Buggy- [ST-25]
4246,1259,OP09-054,,Richie,C,,4222,634300,Richie (Reprint),Richie Reprint,OP09-054,C,,tcgcsv,high,113,market_number_eq_canonical_or_extracted;image_basename_number_agrees;set_code_match;rarity_match;card_name_substring_product;source_tcgcsv,0,OP09-054,ST25,2,2,r1,R1,official-cardlist,OP09-054_r1,ST25/reprint/OP09-054_r1.png,https://en.onepiece-cardgame.com/images/cardlist/card/OP09-054_r1.png?260305,ST25,0,-BLUE Buggy- [ST-25]
4249,1260,OP09-055,,Mr.1(Daz.Bonez),C,,4223,634301,Mr.1(Daz.Bonez) (Reprint),Mr1DazBonez Reprint,OP09-055,C,,tcgcsv,high,113,market_number_eq_canonical_or_extracted;image_basename_number_agrees;set_code_match;rarity_match;card_name_substring_product;source_tcgcsv,0,OP09-055,ST25,2,2,r1,R1,official-cardlist,OP09-055_r1,ST25/reprint/OP09-055_r1.png,https://en.onepiece-cardgame.com/images/cardlist/card/OP09-055_r1.png?260305,ST25,0,-BLUE Buggy- [ST-25]
4253,1261,OP09-056,,Mr.3(Galdino),R,,3663,596991,Mr.3(Galdino),Mr3Galdino,OP09-056,R,,tcgcsv,high,113,market_number_eq_canonical_or_extracted;image_basename_number_agrees;set_code_match;rarity_match;card_name_substring_product;source_tcgcsv,0,OP09-056,OP09,4,4,alt,Prb02,local-catalog,OP09-056::prb02,thumbs/OP09-056(PRB02).webp,,OP09,0,
4254,1261,OP09-056,,Mr.3(Galdino),R,,4224,634302,Mr.3(Galdino) (Reprint),Mr3Galdino Reprint,OP09-056,R,,tcgcsv,high,113,market_number_eq_canonical_or_extracted;image_basename_number_agrees;set_code_match;rarity_match;card_name_substring_product;source_tcgcsv,0,OP09-056,ST25,4,4,r1,R1,official-cardlist,OP09-056_r1,ST25/reprint/OP09-056_r1.png,https://en.onepiece-cardgame.com/images/cardlist/card/OP09-056_r1.png?260305,ST25,0,-BLUE Buggy- [ST-25]
4259,1262,OP09-057,,Cross Guild,R,,3664,596992,Cross Guild,Cross Guild,OP09-057,R,,tcgcsv,high,113,market_number_eq_canonical_or_extracted;image_basename_number_agrees;set_code_match;rarity_match;card_name_substring_product;source_tcgcsv,0,OP09-057,OP09,4,4,alt,Prb02,local-catalog,OP09-057::prb02,thumbs/OP09-057(PRB02).webp,,OP09,0,
4260,1262,OP09-057,,Cross Guild,R,,4225,634303,Cross Guild (Reprint),Cross Guild Reprint,OP09-057,R,,tcgcsv,high,113,market_number_eq_canonical_or_extracted;image_basename_number_agrees;set_code_match;rarity_match;card_name_substring_product;source_tcgcsv,0,OP09-057,ST25,4,4,r1,R1,official-cardlist,OP09-057_r1,ST25/reprint/OP09-057_r1.png,https://en.onepiece-cardgame.com/images/cardlist/card/OP09-057_r1.png?260305,ST25,0,-BLUE Buggy- [ST-25]
4271,1266,OP09-061,,Monkey.D.Luffy,L,,3669,596997,Monkey.D.Luffy (061) (Parallel),MonkeyDLuffy 061 Parallel,OP09-061,L,Parallel,tcgcsv,high,139,market_number_eq_canonical_or_extracted;image_basename_number_agrees;set_code_match;rarity_match;parallel_token_in_market_fields;parallel_index_loose_in_name;card_name_substring_product;source_tcgcsv,0,OP09-061,OP09,5,5,parallel_1,Parallel 1,official-cardlist,OP09-061_p1,OP09/parallel/OP09-061_p1.png,https://en.onepiece-cardgame.com/images/cardlist/card/OP09-061_p1.png?260305,OP09,0,
4277,1267,OP09-062,,Nico Robin,L,,3671,596999,Nico Robin (062) (Parallel),Nico Robin 062 Parallel,OP09-062,L,Parallel,tcgcsv,high,131,market_number_eq_canonical_or_extracted;image_basename_number_agrees;set_code_match;rarity_match;parallel_token_in_market_fields;card_name_substring_product;source_tcgcsv,0,OP09-062,OP09,2,2,parallel_1,Parallel 1,official-cardlist,OP09-062_p1,OP09/parallel/OP09-062_p1.png,https://en.onepiece-cardgame.com/images/cardlist/card/OP09-062_p1.png?260305,OP09,0,
4280,1268,OP09-063,,Usopp,C,,4241,634313,Usopp (Reprint),Usopp Reprint,OP09-063,C,,tcgcsv,high,113,market_number_eq_canonical_or_extracted;image_basename_number_agrees;set_code_match;rarity_match;card_name_substring_product;source_tcgcsv,0,OP09-063,ST26,2,2,r1,R1,official-cardlist,OP09-063_r1,ST26/reprint/OP09-063_r1.png,https://en.onepiece-cardgame.com/images/cardlist/card/OP09-063_r1.png?260305,ST26,0,-PURPLE/BLACK Monkey.D.Luffy- [ST-26]
4286,1270,OP09-065,,Sanji,SR,,3675,597003,Sanji (065) (Parallel),Sanji 065 Parallel,OP09-065,SR,Parallel,tcgcsv,high,131,market_number_eq_canonical_or_extracted;image_basename_number_agrees;set_code_match;rarity_match;parallel_token_in_market_fields;card_name_substring_product;source_tcgcsv,0,OP09-065,OP09,4,4,parallel_1,Parallel 1,official-cardlist,OP09-065_p1,OP09/parallel/OP09-065_p1.png,https://en.onepiece-cardgame.com/images/cardlist/card/OP09-065_p1.png?260305,OP09,0,
4287,1270,OP09-065,,Sanji,SR,,3675,597003,Sanji (065) (Parallel),Sanji 065 Parallel,OP09-065,SR,Parallel,tcgcsv,high,131,market_number_eq_canonical_or_extracted;image_basename_number_agrees;set_code_match;rarity_match;parallel_token_in_market_fields;card_name_substring_product;source_tcgcsv,0,OP09-065,OP09,4,4,parallel_2,Parallel 2,official-cardlist,OP09-065_p2,REG2526S1/parallel/OP09-065_p2.png,https://en.onepiece-cardgame.com/images/cardlist/card/OP09-065_p2.png?260305,OP09,0,Regional 25-26 Season1
4288,1270,OP09-065,,Sanji,SR,,4873,656070,Sanji - OP09-065 (Reprint),Sanji OP09 065 Reprint,OP09-065,SR,,tcgcsv,high,113,market_number_eq_canonical_or_extracted;image_basename_number_agrees;set_code_match;rarity_match;card_name_substring_product;source_tcgcsv,0,OP09-065,PRB02,4,4,r1,R1,official-cardlist,OP09-065_r1,PRB02/reprint/OP09-065_r1.png,https://en.onepiece-cardgame.com/images/cardlist/card/OP09-065_r1.png?260305,PRB02,0,-ONE PIECE CARD THE BEST vol.2- [PRB-02]
4299,1274,OP09-069,,Trafalgar Law,R,,3680,597008,Trafalgar Law (069) (Parallel),Trafalgar Law 069 Parallel,OP09-069,R,Parallel,tcgcsv,high,131,market_number_eq_canonical_or_extracted;image_basename_number_agrees;set_code_match;rarity_match;parallel_token_in_market_fields;card_name_substring_product;source_tcgcsv,0,OP09-069,OP09,6,6,parallel_1,Parallel 1,official-cardlist,OP09-069_p1,OP09/parallel/OP09-069_p1.png,https://en.onepiece-cardgame.com/images/cardlist/card/OP09-069_p1.png?260305,OP09,0,
4300,1274,OP09-069,,Trafalgar Law,R,,3680,597008,Trafalgar Law (069) (Parallel),Trafalgar Law 069 Parallel,OP09-069,R,Parallel,tcgcsv,high,131,market_number_eq_canonical_or_extracted;image_basename_number_agrees;set_code_match;rarity_match;parallel_token_in_market_fields;card_name_substring_product;source_tcgcsv,0,OP09-069,OP09,6,6,parallel_2,Parallel 2,official-cardlist,OP09-069_p2,_unclassified/parallel/OP09-069_p2.png,https://en.onepiece-cardgame.com/images/cardlist/card/OP09-069_p2.png?260305,OP09,0,Treasure Cup May 2025~
4301,1274,OP09-069,,Trafalgar Law,R,,4876,656073,Trafalgar Law - OP09-069 (Reprint),Trafalgar Law OP09 069 Reprint,OP09-069,R,,tcgcsv,high,113,market_number_eq_canonical_or_extracted;image_basename_number_agrees;set_code_match;rarity_match;card_name_substring_product;source_tcgcsv,0,OP09-069,PRB02,6,6,r1,R1,official-cardlist,OP09-069_r1,PRB02/reprint/OP09-069_r1.png,https://en.onepiece-cardgame.com/images/cardlist/card/OP09-069_r1.png?260305,PRB02,0,-ONE PIECE CARD THE BEST vol.2- [PRB-02]
4304,1275,OP09-070,,Nami,UC,,3681,597009,Nami (070),Nami 070,OP09-070,UC,,tcgcsv,high,101,market_number_eq_canonical_or_extracted;image_basename_number_agrees;set_code_match;rarity_match;parallel_variant_no_parallel_market_penalty;card_name_substring_product;source_tcgcsv,0,OP09-070,OP09,3,3,parallel_1,Parallel 1,official-cardlist,OP09-070_p1,BCV4/parallel/OP09-070_p1.png,https://en.onepiece-cardgame.com/images/cardlist/card/OP09-070_p1.png?260305,OP09,0,Premium Card Collection -Best Selection Vol.4-
4305,1275,OP09-070,,Nami,UC,,4242,634314,Nami (Reprint),Nami Reprint,OP09-070,UC,,tcgcsv,high,113,market_number_eq_canonical_or_extracted;image_basename_number_agrees;set_code_match;rarity_match;card_name_substring_product;source_tcgcsv,0,OP09-070,ST26,3,3,r1,R1,official-cardlist,OP09-070_r1,ST26/reprint/OP09-070_r1.png,https://en.onepiece-cardgame.com/images/cardlist/card/OP09-070_r1.png?260305,ST26,0,-PURPLE/BLACK Monkey.D.Luffy- [ST-26]
4311,1277,OP09-072,,Franky,SR,,3684,597012,Franky (Parallel),Franky Parallel,OP09-072,SR,Parallel,tcgcsv,high,131,market_number_eq_canonical_or_extracted;image_basename_number_agrees;set_code_match;rarity_match;parallel_token_in_market_fields;card_name_substring_product;source_tcgcsv,0,OP09-072,OP09,3,3,parallel_1,Parallel 1,official-cardlist,OP09-072_p1,OP09/parallel/OP09-072_p1.png,https://en.onepiece-cardgame.com/images/cardlist/card/OP09-072_p1.png?260305,OP09,0,
4312,1277,OP09-072,,Franky,SR,,4879,656076,Franky - OP09-072 (Reprint),Franky OP09 072 Reprint,OP09-072,SR,,tcgcsv,high,113,market_number_eq_canonical_or_extracted;image_basename_number_agrees;set_code_match;rarity_match;card_name_substring_product;source_tcgcsv,0,OP09-072,PRB02,3,3,r1,R1,official-cardlist,OP09-072_r1,PRB02/reprint/OP09-072_r1.png,https://en.onepiece-cardgame.com/images/cardlist/card/OP09-072_r1.png?260305,PRB02,0,-ONE PIECE CARD THE BEST vol.2- [PRB-02]
4321,1281,OP09-076,,Roronoa Zoro,R,,3688,597016,Roronoa Zoro (076),Roronoa Zoro 076,OP09-076,R,,tcgcsv,high,101,market_number_eq_canonical_or_extracted;image_basename_number_agrees;set_code_match;rarity_match;parallel_variant_no_parallel_market_penalty;card_name_substring_product;source_tcgcsv,0,OP09-076,OP09,6,6,parallel_1,Parallel 1,official-cardlist,OP09-076_p1,REG2526S1/parallel/OP09-076_p1.png,https://en.onepiece-cardgame.com/images/cardlist/card/OP09-076_p1.png?260305,OP09,0,Regional 25-26 Season1
4323,1281,OP09-076,,Roronoa Zoro,R,,3688,597016,Roronoa Zoro (076),Roronoa Zoro 076,OP09-076,R,,tcgcsv,high,113,market_number_eq_canonical_or_extracted;image_basename_number_agrees;set_code_match;rarity_match;card_name_substring_product;source_tcgcsv,0,OP09-076,OP09,6,6,alt,Prb02,local-catalog,OP09-076::prb02,thumbs/OP09-076(PRB02).webp,,OP09,0,
4324,1281,OP09-076,,Roronoa Zoro,R,,4243,634315,Roronoa Zoro (Reprint),Roronoa Zoro Reprint,OP09-076,R,,tcgcsv,high,113,market_number_eq_canonical_or_extracted;image_basename_number_agrees;set_code_match;rarity_match;card_name_substring_product;source_tcgcsv,0,OP09-076,ST26,6,6,r1,R1,official-cardlist,OP09-076_r1,ST26/reprint/OP09-076_r1.png,https://en.onepiece-cardgame.com/images/cardlist/card/OP09-076_r1.png?260305,ST26,0,-PURPLE/BLACK Monkey.D.Luffy- [ST-26]
4329,1282,OP09-077,,Gum-Gum Lightning,UC,,3689,597017,Gum-Gum Lightning,Gum Gum Lightning,OP09-077,UC,,tcgcsv,high,101,market_number_eq_canonical_or_extracted;image_basename_number_agrees;set_code_match;rarity_match;parallel_variant_no_parallel_market_penalty;card_name_substring_product;source_tcgcsv,0,OP09-077,OP09,5,5,parallel_2,Parallel 2,official-cardlist,OP09-077_p2,BCV4/parallel/OP09-077_p2.png,https://en.onepiece-cardgame.com/images/cardlist/card/OP09-077_p2.png?260305,OP09,0,Premium Card Collection -Best Selection Vol.4-
4330,1282,OP09-077,,Gum-Gum Lightning,UC,,4244,634316,Gum-Gum Lightning (Reprint),Gum Gum Lightning Reprint,OP09-077,UC,,tcgcsv,high,113,market_number_eq_canonical_or_extracted;image_basename_number_agrees;set_code_match;rarity_match;card_name_substring_product;source_tcgcsv,0,OP09-077,ST26,5,5,r1,R1,official-cardlist,OP09-077_r1,ST26/reprint/OP09-077_r1.png,https://en.onepiece-cardgame.com/images/cardlist/card/OP09-077_r1.png?260305,ST26,0,-PURPLE/BLACK Monkey.D.Luffy- [ST-26]
4334,1283,OP09-078,,Gum-Gum Giant,R,,4245,634317,Gum-Gum Giant (Reprint),Gum Gum Giant Reprint,OP09-078,R,,tcgcsv,high,101,market_number_eq_canonical_or_extracted;image_basename_number_agrees;set_code_match;rarity_match;parallel_variant_no_parallel_market_penalty;card_name_substring_product;source_tcgcsv,0,OP09-078,ST26,4,4,parallel_1,Parallel 1,official-cardlist,OP09-078_p1,ST26/parallel/OP09-078_p1.png,https://en.onepiece-cardgame.com/images/cardlist/card/OP09-078_p1.png?260305,ST26,0,-PURPLE/BLACK Monkey.D.Luffy- [ST-26]
4336,1283,OP09-078,,Gum-Gum Giant,R,,3690,597018,Gum-Gum Giant,Gum Gum Giant,OP09-078,R,,tcgcsv,high,113,market_number_eq_canonical_or_extracted;image_basename_number_agrees;set_code_match;rarity_match;card_name_substring_product;source_tcgcsv,0,OP09-078,OP09,4,4,alt,Prb02,local-catalog,OP09-078::prb02,thumbs/OP09-078(PRB02).webp,,OP09,0,
4347,1286,OP09-081,,Marshall.D.Teach,L,,3694,597022,Marshall.D.Teach (081) (Parallel),MarshallDTeach 081 Parallel,OP09-081,L,Parallel,tcgcsv,high,139,market_number_eq_canonical_or_extracted;image_basename_number_agrees;set_code_match;rarity_match;parallel_token_in_market_fields;parallel_index_loose_in_name;card_name_substring_product;source_tcgcsv,0,OP09-081,OP09,4,4,parallel_1,Parallel 1,official-cardlist,OP09-081_p1,OP09/parallel/OP09-081_p1.png,https://en.onepiece-cardgame.com/images/cardlist/card/OP09-081_p1.png?260305,OP09,0,
4354,1288,OP09-083,,Van Augur,R,,4255,634319,Van Augur (Reprint),Van Augur Reprint,OP09-083,R,,tcgcsv,high,113,market_number_eq_canonical_or_extracted;image_basename_number_agrees;set_code_match;rarity_match;card_name_substring_product;source_tcgcsv,0,OP09-083,ST27,2,2,r1,R1,official-cardlist,OP09-083_r1,ST27/reprint/OP09-083_r1.png,https://en.onepiece-cardgame.com/images/cardlist/card/OP09-083_r1.png?260305,ST27,0,-BLACK Marshall.D.Teach- [ST-27]
4364,1291,OP09-086,,Jesus Burgess,R,,3699,597027,Jesus Burgess,Jesus Burgess,OP09-086,R,,tcgcsv,high,113,market_number_eq_canonical_or_extracted;image_basename_number_agrees;set_code_match;rarity_match;card_name_substring_product;source_tcgcsv,0,OP09-086,OP09,4,4,alt,Prb02,local-catalog,OP09-086::prb02,thumbs/OP09-086(PRB02).webp,,OP09,0,
4365,1291,OP09-086,,Jesus Burgess,R,,4256,634320,Jesus Burgess (Reprint),Jesus Burgess Reprint,OP09-086,R,,tcgcsv,high,113,market_number_eq_canonical_or_extracted;image_basename_number_agrees;set_code_match;rarity_match;card_name_substring_product;source_tcgcsv,0,OP09-086,ST27,4,4,r1,R1,official-cardlist,OP09-086_r1,ST27/reprint/OP09-086_r1.png,https://en.onepiece-cardgame.com/images/cardlist/card/OP09-086_r1.png?260305,ST27,0,-BLACK Marshall.D.Teach- [ST-27]
4371,1293,OP09-088,,Shiryu,UC,,4257,634321,Shiryu (Reprint),Shiryu Reprint,OP09-088,UC,,tcgcsv,high,113,market_number_eq_canonical_or_extracted;image_basename_number_agrees;set_code_match;rarity_match;card_name_substring_product;source_tcgcsv,0,OP09-088,ST27,3,3,r1,R1,official-cardlist,OP09-088_r1,ST27/reprint/OP09-088_r1.png,https://en.onepiece-cardgame.com/images/cardlist/card/OP09-088_r1.png?260305,ST27,0,-BLACK Marshall.D.Teach- [ST-27]
4374,1294,OP09-089,,Stronger,UC,,3702,597030,Stronger,Stronger,OP09-089,UC,,tcgcsv,high,101,market_number_eq_canonical_or_extracted;image_basename_number_agrees;set_code_match;rarity_match;parallel_variant_no_parallel_market_penalty;card_name_substring_product;source_tcgcsv,0,OP09-089,OP09,5,5,parallel_1,Parallel 1,official-cardlist,OP09-089_p1,CS2526TP2/parallel/OP09-089_p1.png,https://en.onepiece-cardgame.com/images/cardlist/card/OP09-089_p1.png?260305,OP09,0,CS 25-26 Top Player Pack 2
4375,1294,OP09-089,,Stronger,UC,,3702,597030,Stronger,Stronger,OP09-089,UC,,tcgcsv,high,101,market_number_eq_canonical_or_extracted;image_basename_number_agrees;set_code_match;rarity_match;parallel_variant_no_parallel_market_penalty;card_name_substring_product;source_tcgcsv,0,OP09-089,OP09,5,5,parallel_2,Parallel 2,official-cardlist,OP09-089_p2,_unclassified/parallel/OP09-089_p2.png,https://en.onepiece-cardgame.com/images/cardlist/card/OP09-089_p2.png?260305,OP09,0,CS 25-26 Finalist Card Set 2
4376,1294,OP09-089,,Stronger,UC,,3702,597030,Stronger,Stronger,OP09-089,UC,,tcgcsv,high,101,market_number_eq_canonical_or_extracted;image_basename_number_agrees;set_code_match;rarity_match;parallel_variant_no_parallel_market_penalty;card_name_substring_product;source_tcgcsv,0,OP09-089,OP09,5,5,parallel_3,Parallel 3,official-cardlist,OP09-089_p3,_unclassified/parallel/OP09-089_p3.png,https://en.onepiece-cardgame.com/images/cardlist/card/OP09-089_p3.png?260305,OP09,0,CS 25-26 Winner Card Set 2
4377,1294,OP09-089,,Stronger,UC,,4258,634322,Stronger (Reprint),Stronger Reprint,OP09-089,UC,,tcgcsv,high,113,market_number_eq_canonical_or_extracted;image_basename_number_agrees;set_code_match;rarity_match;card_name_substring_product;source_tcgcsv,0,OP09-089,ST27,5,5,r1,R1,official-cardlist,OP09-089_r1,ST27/reprint/OP09-089_r1.png,https://en.onepiece-cardgame.com/images/cardlist/card/OP09-089_r1.png?260305,ST27,0,-BLACK Marshall.D.Teach- [ST-27]
4380,1295,OP09-090,,Doc Q,R,,4259,634323,Doc Q (Reprint),Doc Q Reprint,OP09-090,R,,tcgcsv,high,113,market_number_eq_canonical_or_extracted;image_basename_number_agrees;set_code_match;rarity_match;card_name_substring_product;source_tcgcsv,0,OP09-090,ST27,2,2,r1,R1,official-cardlist,OP09-090_r1,ST27/reprint/OP09-090_r1.png,https://en.onepiece-cardgame.com/images/cardlist/card/OP09-090_r1.png?260305,ST27,0,-BLACK Marshall.D.Teach- [ST-27]
4383,1296,OP09-091,,Vasco Shot,C,,4260,634324,Vasco Shot (Reprint),Vasco Shot Reprint,OP09-091,C,,tcgcsv,high,113,market_number_eq_canonical_or_extracted;image_basename_number_agrees;set_code_match;rarity_match;card_name_substring_product;source_tcgcsv,0,OP09-091,ST27,2,2,r1,R1,official-cardlist,OP09-091_r1,ST27/reprint/OP09-091_r1.png,https://en.onepiece-cardgame.com/images/cardlist/card/OP09-091_r1.png?260305,ST27,0,-BLACK Marshall.D.Teach- [ST-27]
4395,1298,OP09-093,,Marshall.D.Teach,SR,,4888,656089,Marshall.D.Teach - OP09-093 (Reprint),MarshallDTeach OP09 093 Reprint,OP09-093,SR,,tcgcsv,high,113,market_number_eq_canonical_or_extracted;image_basename_number_agrees;set_code_match;rarity_match;card_name_substring_product;source_tcgcsv,0,OP09-093,PRB02,8,8,r1,R1,official-cardlist,OP09-093_r1,PRB02/reprint/OP09-093_r1.png,https://en.onepiece-cardgame.com/images/cardlist/card/OP09-093_r1.png?260305,PRB02,0,-ONE PIECE CARD THE BEST vol.2- [PRB-02]
4403,1300,OP09-095,,Laffitte,R,,3711,597039,Laffitte,Laffitte,OP09-095,R,,tcgcsv,high,101,market_number_eq_canonical_or_extracted;image_basename_number_agrees;set_code_match;rarity_match;parallel_variant_no_parallel_market_penalty;card_name_substring_product;source_tcgcsv,0,OP09-095,OP09,3,3,parallel_1,Parallel 1,official-cardlist,OP09-095_p1,BCV4/parallel/OP09-095_p1.png,https://en.onepiece-cardgame.com/images/cardlist/card/OP09-095_p1.png?260305,OP09,0,Premium Card Collection -Best Selection Vol.4-
4404,1300,OP09-095,,Laffitte,R,,4261,634325,Laffitte (Reprint),Laffitte Reprint,OP09-095,R,,tcgcsv,high,113,market_number_eq_canonical_or_extracted;image_basename_number_agrees;set_code_match;rarity_match;card_name_substring_product;source_tcgcsv,0,OP09-095,ST27,3,3,r1,R1,official-cardlist,OP09-095_r1,ST27/reprint/OP09-095_r1.png,https://en.onepiece-cardgame.com/images/cardlist/card/OP09-095_r1.png?260305,ST27,0,-BLACK Marshall.D.Teach- [ST-27]
4408,1301,OP09-096,,My Era...Begins!!,R,,3712,597040,My Era...Begins!!,My EraBegins,OP09-096,R,,tcgcsv,high,113,market_number_eq_canonical_or_extracted;image_basename_number_agrees;set_code_match;rarity_match;card_name_substring_product;source_tcgcsv,0,OP09-096,OP09,3,3,alt,Prb02,local-catalog,OP09-096::prb02,thumbs/OP09-096(PRB02).webp,,OP09,0,
4420,1304,OP09-099,,Fullalead,C,,4262,634326,Fullalead (Reprint),Fullalead Reprint,OP09-099,C,,tcgcsv,high,113,market_number_eq_canonical_or_extracted;image_basename_number_agrees;set_code_match;rarity_match;card_name_substring_product;source_tcgcsv,0,OP09-099,ST27,2,2,r1,R1,official-cardlist,OP09-099_r1,ST27/reprint/OP09-099_r1.png,https://en.onepiece-cardgame.com/images/cardlist/card/OP09-099_r1.png?260305,ST27,0,-BLACK Marshall.D.Teach- [ST-27]
4430,1308,OP09-103,,Koala,SR,,3720,597048,Koala (Parallel),Koala Parallel,OP09-103,SR,Parallel,tcgcsv,high,131,market_number_eq_canonical_or_extracted;image_basename_number_agrees;set_code_match;rarity_match;parallel_token_in_market_fields;card_name_substring_product;source_tcgcsv,0,OP09-103,OP09,2,2,parallel_1,Parallel 1,official-cardlist,OP09-103_p1,OP09/parallel/OP09-103_p1.png,https://en.onepiece-cardgame.com/images/cardlist/card/OP09-103_p1.png?260305,OP09,0,
4437,1311,OP09-106,,Nico Olvia,C,,3723,597051,Nico Olvia,Nico Olvia,OP09-106,C,,tcgcsv,high,101,market_number_eq_canonical_or_extracted;image_basename_number_agrees;set_code_match;rarity_match;parallel_variant_no_parallel_market_penalty;card_name_substring_product;source_tcgcsv,0,OP09-106,OP09,7,7,parallel_1,Parallel 1,official-cardlist,OP09-106_p1,ORP2025V1/parallel/OP09-106_p1.png,https://en.onepiece-cardgame.com/images/cardlist/card/OP09-106_p1.png?260305,OP09,0,Offline Regional Participation Pack 2025 Vol.1
4438,1311,OP09-106,,Nico Olvia,C,,3723,597051,Nico Olvia,Nico Olvia,OP09-106,C,,tcgcsv,high,101,market_number_eq_canonical_or_extracted;image_basename_number_agrees;set_code_match;rarity_match;parallel_variant_no_parallel_market_penalty;card_name_substring_product;source_tcgcsv,0,OP09-106,OP09,7,7,parallel_2,Parallel 2,official-cardlist,OP09-106_p2,ORFC2526S1/parallel/OP09-106_p2.png,https://en.onepiece-cardgame.com/images/cardlist/card/OP09-106_p2.png?260305,OP09,0,Offline Regional Finalist Card Set 25-26 Season 1
4439,1311,OP09-106,,Nico Olvia,C,,3723,597051,Nico Olvia,Nico Olvia,OP09-106,C,,tcgcsv,high,101,market_number_eq_canonical_or_extracted;image_basename_number_agrees;set_code_match;rarity_match;parallel_variant_no_parallel_market_penalty;card_name_substring_product;source_tcgcsv,0,OP09-106,OP09,7,7,parallel_3,Parallel 3,official-cardlist,OP09-106_p3,_unclassified/parallel/OP09-106_p3.png,https://en.onepiece-cardgame.com/images/cardlist/card/OP09-106_p3.png?260305,OP09,0,Offline Regional Champion Card Set 25-26 Season 1
4440,1311,OP09-106,,Nico Olvia,C,,3723,597051,Nico Olvia,Nico Olvia,OP09-106,C,,tcgcsv,high,101,market_number_eq_canonical_or_extracted;image_basename_number_agrees;set_code_match;rarity_match;parallel_variant_no_parallel_market_penalty;card_name_substring_product;source_tcgcsv,0,OP09-106,OP09,7,7,parallel_4,Parallel 4,official-cardlist,OP09-106_p4,_unclassified/parallel/OP09-106_p4.png,https://en.onepiece-cardgame.com/images/cardlist/card/OP09-106_p4.png?260305,OP09,0,Online Regional Participation Pack 25-26 Season 1
4441,1311,OP09-106,,Nico Olvia,C,,3723,597051,Nico Olvia,Nico Olvia,OP09-106,C,,tcgcsv,high,101,market_number_eq_canonical_or_extracted;image_basename_number_agrees;set_code_match;rarity_match;parallel_variant_no_parallel_market_penalty;card_name_substring_product;source_tcgcsv,0,OP09-106,OP09,7,7,parallel_5,Parallel 5,official-cardlist,OP09-106_p5,_unclassified/parallel/OP09-106_p5.png,https://en.onepiece-cardgame.com/images/cardlist/card/OP09-106_p5.png?260305,OP09,0,Online Regional Finalist Card Set 25-26 Season 1
4442,1311,OP09-106,,Nico Olvia,C,,3723,597051,Nico Olvia,Nico Olvia,OP09-106,C,,tcgcsv,high,101,market_number_eq_canonical_or_extracted;image_basename_number_agrees;set_code_match;rarity_match;parallel_variant_no_parallel_market_penalty;card_name_substring_product;source_tcgcsv,0,OP09-106,OP09,7,7,parallel_6,Parallel 6,official-cardlist,OP09-106_p6,_unclassified/parallel/OP09-106_p6.png,https://en.onepiece-cardgame.com/images/cardlist/card/OP09-106_p6.png?260305,OP09,0,Online Regional Champion Card Set 25-26 Season 1
4446,1312,OP09-107,,Nico Robin,R,,3725,597053,Nico Robin (107) (Parallel),Nico Robin 107 Parallel,OP09-107,R,Parallel,tcgcsv,high,139,market_number_eq_canonical_or_extracted;image_basename_number_agrees;set_code_match;rarity_match;parallel_token_in_market_fields;parallel_index_loose_in_name;card_name_substring_product;source_tcgcsv,0,OP09-107,OP09,2,2,parallel_1,Parallel 1,official-cardlist,OP09-107_p1,OP09/parallel/OP09-107_p1.png,https://en.onepiece-cardgame.com/images/cardlist/card/OP09-107_p1.png?260305,OP09,0,
4449,1313,OP09-108,,Bartholomew Kuma,UC,,3726,597054,Bartholomew Kuma,Bartholomew Kuma,OP09-108,UC,,tcgcsv,high,101,market_number_eq_canonical_or_extracted;image_basename_number_agrees;set_code_match;rarity_match;parallel_variant_no_parallel_market_penalty;card_name_substring_product;source_tcgcsv,0,OP09-108,OP09,3,3,parallel_1,Parallel 1,official-cardlist,OP09-108_p1,TP2025V4/parallel/OP09-108_p1.png,https://en.onepiece-cardgame.com/images/cardlist/card/OP09-108_p1.png?260305,OP09,0,Tournament Pack 2025 Vol. 4
4450,1313,OP09-108,,Bartholomew Kuma,UC,,3726,597054,Bartholomew Kuma,Bartholomew Kuma,OP09-108,UC,,tcgcsv,high,101,market_number_eq_canonical_or_extracted;image_basename_number_agrees;set_code_match;rarity_match;parallel_variant_no_parallel_market_penalty;card_name_substring_product;source_tcgcsv,0,OP09-108,OP09,3,3,parallel_2,Parallel 2,official-cardlist,OP09-108_p2,_unclassified/parallel/OP09-108_p2.png,https://en.onepiece-cardgame.com/images/cardlist/card/OP09-108_p2.png?260305,OP09,0,Winner Pack 2025 Vol. 4
4469,1322,OP09-117,,Dereshi!,R,,3735,597063,Dereshi!,Dereshi,OP09-117,R,,tcgcsv,high,101,market_number_eq_canonical_or_extracted;image_basename_number_agrees;set_code_match;rarity_match;parallel_variant_no_parallel_market_penalty;card_name_substring_product;source_tcgcsv,0,OP09-117,OP09,2,2,parallel_1,Parallel 1,official-cardlist,OP09-117_p1,BCV4/parallel/OP09-117_p1.png,https://en.onepiece-cardgame.com/images/cardlist/card/OP09-117_p1.png?260305,OP09,0,Premium Card Collection -Best Selection Vol.4-
4476,1323,OP09-118,,Gol.D.Roger,SP CARD,,4621,657446,Gol.D.Roger - OP09-118 (SP) (Wanted Poster),GolDRoger OP09 118 SP Wanted Poster,OP09-118,SEC,,tcgcsv,high,89,market_number_eq_canonical_or_extracted;image_basename_number_agrees;set_code_match;parallel_variant_no_parallel_market_penalty;card_name_substring_product;source_tcgcsv,0,OP09-118,OP13,4,4,parallel_3,Parallel 3,official-cardlist,OP09-118_p3,OP13/parallel/OP09-118_p3.png,https://en.onepiece-cardgame.com/images/cardlist/card/OP09-118_p3.png?260305,OP13,0,-CARRYING ON HIS WILL- [OP-13]
4484,1324,OP09-119,,Monkey.D.Luffy,SP CARD,,4622,657448,Monkey.D.Luffy - OP09-119 (SP),MonkeyDLuffy OP09 119 SP,OP09-119,SEC,,tcgcsv,high,89,market_number_eq_canonical_or_extracted;image_basename_number_agrees;set_code_match;parallel_variant_no_parallel_market_penalty;card_name_substring_product;source_tcgcsv,0,OP09-119,OP13,5,5,parallel_3,Parallel 3,official-cardlist,OP09-119_p3,OP13/parallel/OP09-119_p3.png,https://en.onepiece-cardgame.com/images/cardlist/card/OP09-119_p3.png?260305,OP13,0,-CARRYING ON HIS WILL- [OP-13]
4490,1325,OP10-001,,Smoker,L,,3754,617031,Smoker (001) (Parallel),Smoker 001 Parallel,OP10-001,L,Parallel,tcgcsv,high,139,market_number_eq_canonical_or_extracted;image_basename_number_agrees;set_code_match;rarity_match;parallel_token_in_market_fields;parallel_index_loose_in_name;card_name_substring_product;source_tcgcsv,0,OP10-001,OP10,2,2,parallel_1,Parallel 1,official-cardlist,OP10-001_p1,OP10/parallel/OP10-001_p1.png,https://en.onepiece-cardgame.com/images/cardlist/card/OP10-001_p1.png?260305,OP10,0,
4494,1326,OP10-002,,Caesar Clown,L,,3756,617033,Caesar Clown (002) (Parallel),Caesar Clown 002 Parallel,OP10-002,L,Parallel,tcgcsv,high,131,market_number_eq_canonical_or_extracted;image_basename_number_agrees;set_code_match;rarity_match;parallel_token_in_market_fields;card_name_substring_product;source_tcgcsv,0,OP10-002,OP10,2,2,parallel_1,Parallel 1,official-cardlist,OP10-002_p1,OP10/parallel/OP10-002_p1.png,https://en.onepiece-cardgame.com/images/cardlist/card/OP10-002_p1.png?260305,OP10,0,
4498,1327,OP10-003,,Sugar,L,,3758,617035,Sugar (003) (Parallel),Sugar 003 Parallel,OP10-003,L,Parallel,tcgcsv,high,131,market_number_eq_canonical_or_extracted;image_basename_number_agrees;set_code_match;rarity_match;parallel_token_in_market_fields;card_name_substring_product;source_tcgcsv,0,OP10-003,OP10,2,2,parallel_1,Parallel 1,official-cardlist,OP10-003_p1,OP10/parallel/OP10-003_p1.png,https://en.onepiece-cardgame.com/images/cardlist/card/OP10-003_p1.png?260305,OP10,0,
4504,1329,OP10-005,,Sanji,SR,,3761,617038,Sanji (Parallel),Sanji Parallel,OP10-005,SR,Parallel,tcgcsv,high,131,market_number_eq_canonical_or_extracted;image_basename_number_agrees;set_code_match;rarity_match;parallel_token_in_market_fields;card_name_substring_product;source_tcgcsv,0,OP10-005,OP10,3,3,parallel_1,Parallel 1,official-cardlist,OP10-005_p1,OP10/parallel/OP10-005_p1.png,https://en.onepiece-cardgame.com/images/cardlist/card/OP10-005_p1.png?260305,OP10,0,
4505,1329,OP10-005,,Sanji,SR,,3761,617038,Sanji (Parallel),Sanji Parallel,OP10-005,SR,Parallel,tcgcsv,high,131,market_number_eq_canonical_or_extracted;image_basename_number_agrees;set_code_match;rarity_match;parallel_token_in_market_fields;card_name_substring_product;source_tcgcsv,0,OP10-005,OP10,3,3,parallel_2,Parallel 2,official-cardlist,OP10-005_p2,_unclassified/parallel/OP10-005_p2.png,https://en.onepiece-cardgame.com/images/cardlist/card/OP10-005_p2.png?260305,OP10,0,Treasure Cup November 2025~
4507,1330,OP10-006,,Caesar Clown,UC,,3762,617039,Caesar Clown (006),Caesar Clown 006,OP10-006,UC,,tcgcsv,high,113,market_number_eq_canonical_or_extracted;image_basename_number_agrees;set_code_match;rarity_match;card_name_substring_product;source_tcgcsv,0,OP10-006,OP10,1,1,operator_review,1,local-catalog,OP10-006::1,thumbs/OP10-006 (1).webp,,OP10,0,
4519,1335,OP10-011,,Tony Tony.Chopper,R,,3767,617044,Tony Tony.Chopper (011),Tony TonyChopper 011,OP10-011,R,,tcgcsv,high,113,market_number_eq_canonical_or_extracted;image_basename_number_agrees;set_code_match;rarity_match;card_name_substring_product;source_tcgcsv,0,OP10-011,OP10,4,4,alt,Prb02,local-catalog,OP10-011::prb02,thumbs/OP10-011(PRB02).webp,,OP10,0,
4531,1340,OP10-016,,Monet,SR,,3773,617050,Monet (Parallel),Monet Parallel,OP10-016,SR,Parallel,tcgcsv,high,131,market_number_eq_canonical_or_extracted;image_basename_number_agrees;set_code_match;rarity_match;parallel_token_in_market_fields;card_name_substring_product;source_tcgcsv,0,OP10-016,OP10,2,2,parallel_1,Parallel 1,official-cardlist,OP10-016_p1,OP10/parallel/OP10-016_p1.png,https://en.onepiece-cardgame.com/images/cardlist/card/OP10-016_p1.png?260305,OP10,0,
4541,1343,OP10-019,,Divine Departure,R,,3777,617054,Divine Departure (Parallel),Divine Departure Parallel,OP10-019,R,Parallel,tcgcsv,high,131,market_number_eq_canonical_or_extracted;image_basename_number_agrees;set_code_match;rarity_match;parallel_token_in_market_fields;card_name_substring_product;source_tcgcsv,0,OP10-019,OP10,2,2,parallel_1,Parallel 1,official-cardlist,OP10-019_p1,OP10/parallel/OP10-019_p1.png,https://en.onepiece-cardgame.com/images/cardlist/card/OP10-019_p1.png?260305,OP10,0,
4549,1346,OP10-022,,Trafalgar Law,L,,3781,617058,Trafalgar Law (022) (Parallel),Trafalgar Law 022 Parallel,OP10-022,L,Parallel,tcgcsv,high,131,market_number_eq_canonical_or_extracted;image_basename_number_agrees;set_code_match;rarity_match;parallel_token_in_market_fields;card_name_substring_product;source_tcgcsv,0,OP10-022,OP10,2,2,parallel_1,Parallel 1,official-cardlist,OP10-022_p1,OP10/parallel/OP10-022_p1.png,https://en.onepiece-cardgame.com/images/cardlist/card/OP10-022_p1.png?260305,OP10,0,
4562,1352,OP10-028,,Kouzuki Momonosuke,UC,,3787,617064,Kouzuki Momonosuke (028),Kouzuki Momonosuke 028,OP10-028,UC,,tcgcsv,high,101,market_number_eq_canonical_or_extracted;image_basename_number_agrees;set_code_match;rarity_match;parallel_variant_no_parallel_market_penalty;card_name_substring_product;source_tcgcsv,0,OP10-028,OP10,2,2,parallel_1,Parallel 1,official-cardlist,OP10-028_p1,BCV4/parallel/OP10-028_p1.png,https://en.onepiece-cardgame.com/images/cardlist/card/OP10-028_p1.png?260305,OP10,0,Premium Card Collection -Best Selection Vol.4-
4568,1354,OP10-030,,Smoker,SP CARD,,3790,617067,Smoker (030) (Parallel),Smoker 030 Parallel,OP10-030,SR,Parallel,tcgcsv,high,119,market_number_eq_canonical_or_extracted;image_basename_number_agrees;set_code_match;parallel_token_in_market_fields;card_name_substring_product;source_tcgcsv,0,OP10-030,OP10,3,3,parallel_1,Parallel 1,official-cardlist,OP10-030_p1,OP10/parallel/OP10-030_p1.png,https://en.onepiece-cardgame.com/images/cardlist/card/OP10-030_p1.png?260305,OP10,0,
4578,1356,OP10-032,,Tashigi,SR,,3793,617070,Tashigi (Parallel),Tashigi Parallel,OP10-032,SR,Parallel,tcgcsv,high,131,market_number_eq_canonical_or_extracted;image_basename_number_agrees;set_code_match;rarity_match;parallel_token_in_market_fields;card_name_substring_product;source_tcgcsv,0,OP10-032,OP10,3,3,parallel_1,Parallel 1,official-cardlist,OP10-032_p1,OP10/parallel/OP10-032_p1.png,https://en.onepiece-cardgame.com/images/cardlist/card/OP10-032_p1.png?260305,OP10,0,
4579,1356,OP10-032,,Tashigi,SR,,4903,656104,Tashigi (Reprint),Tashigi Reprint,OP10-032,SR,,tcgcsv,high,113,market_number_eq_canonical_or_extracted;image_basename_number_agrees;set_code_match;rarity_match;card_name_substring_product;source_tcgcsv,0,OP10-032,PRB02,3,3,r1,R1,official-cardlist,OP10-032_r1,PRB02/reprint/OP10-032_r1.png,https://en.onepiece-cardgame.com/images/cardlist/card/OP10-032_r1.png?260305,PRB02,0,-ONE PIECE CARD THE BEST vol.2- [PRB-02]
4582,1357,OP10-033,,Nami,UC,,3794,617071,Nami (033),Nami 033,OP10-033,UC,,tcgcsv,high,101,market_number_eq_canonical_or_extracted;image_basename_number_agrees;set_code_match;rarity_match;parallel_variant_no_parallel_market_penalty;card_name_substring_product;source_tcgcsv,0,OP10-033,OP10,3,3,parallel_1,Parallel 1,official-cardlist,OP10-033_p1,CS2526TP1/parallel/OP10-033_p1.png,https://en.onepiece-cardgame.com/images/cardlist/card/OP10-033_p1.png?260305,OP10,0,CS 25-26 Top Player Pack
4583,1357,OP10-033,,Nami,UC,,3794,617071,Nami (033),Nami 033,OP10-033,UC,,tcgcsv,high,101,market_number_eq_canonical_or_extracted;image_basename_number_agrees;set_code_match;rarity_match;parallel_variant_no_parallel_market_penalty;card_name_substring_product;source_tcgcsv,0,OP10-033,OP10,3,3,parallel_2,Parallel 2,official-cardlist,OP10-033_p2,_unclassified/parallel/OP10-033_p2.png,https://en.onepiece-cardgame.com/images/cardlist/card/OP10-033_p2.png?260305,OP10,0,CS 25-26 Finalist Card Set 1
4593,1361,OP10-037,,Lim,R,,3799,617076,Lim (Parallel),Lim Parallel,OP10-037,R,Parallel,tcgcsv,high,121,market_number_eq_canonical_or_extracted;image_basename_number_agrees;set_code_match;rarity_match;parallel_token_in_market_fields;source_tcgcsv,0,OP10-037,OP10,2,2,parallel_1,Parallel 1,official-cardlist,OP10-037_p1,OP10/parallel/OP10-037_p1.png,https://en.onepiece-cardgame.com/images/cardlist/card/OP10-037_p1.png?260305,OP10,0,
4605,1366,OP10-042,,Usopp,L,,3805,617082,Usopp (042) (Parallel),Usopp 042 Parallel,OP10-042,L,Parallel,tcgcsv,high,131,market_number_eq_canonical_or_extracted;image_basename_number_agrees;set_code_match;rarity_match;parallel_token_in_market_fields;card_name_substring_product;source_tcgcsv,0,OP10-042,OP10,3,3,parallel_1,Parallel 1,official-cardlist,OP10-042_p1,OP10/parallel/OP10-042_p1.png,https://en.onepiece-cardgame.com/images/cardlist/card/OP10-042_p1.png?260305,OP10,0,
4606,1366,OP10-042,,Usopp,L,,3805,617082,Usopp (042) (Parallel),Usopp 042 Parallel,OP10-042,L,Parallel,tcgcsv,high,139,market_number_eq_canonical_or_extracted;image_basename_number_agrees;set_code_match;rarity_match;parallel_token_in_market_fields;parallel_index_loose_in_name;card_name_substring_product;source_tcgcsv,0,OP10-042,OP10,3,3,parallel_2,Parallel 2,official-cardlist,OP10-042_p2,_unclassified/parallel/OP10-042_p2.png,https://en.onepiece-cardgame.com/images/cardlist/card/OP10-042_p2.png?260305,OP10,0,Official Playmat Limited Edition Vol.3
4614,1369,OP10-045,,Cavendish,R,,3809,617086,Cavendish (045) (Parallel),Cavendish 045 Parallel,OP10-045,R,Parallel,tcgcsv,high,131,market_number_eq_canonical_or_extracted;image_basename_number_agrees;set_code_match;rarity_match;parallel_token_in_market_fields;card_name_substring_product;source_tcgcsv,0,OP10-045,OP10,2,2,parallel_1,Parallel 1,official-cardlist,OP10-045_p1,OP10/parallel/OP10-045_p1.png,https://en.onepiece-cardgame.com/images/cardlist/card/OP10-045_p1.png?260305,OP10,0,
4618,1370,OP10-046,,Kyros,SR,,3811,617088,Kyros (Parallel),Kyros Parallel,OP10-046,SR,Parallel,tcgcsv,high,131,market_number_eq_canonical_or_extracted;image_basename_number_agrees;set_code_match;rarity_match;parallel_token_in_market_fields;card_name_substring_product;source_tcgcsv,0,OP10-046,OP10,3,3,parallel_1,Parallel 1,official-cardlist,OP10-046_p1,OP10/parallel/OP10-046_p1.png,https://en.onepiece-cardgame.com/images/cardlist/card/OP10-046_p1.png?260305,OP10,0,
4619,1370,OP10-046,,Kyros,SR,,4908,656109,Kyros (Reprint),Kyros Reprint,OP10-046,SR,,tcgcsv,high,113,market_number_eq_canonical_or_extracted;image_basename_number_agrees;set_code_match;rarity_match;card_name_substring_product;source_tcgcsv,0,OP10-046,PRB02,3,3,r1,R1,official-cardlist,OP10-046_r1,PRB02/reprint/OP10-046_r1.png,https://en.onepiece-cardgame.com/images/cardlist/card/OP10-046_r1.png?260305,PRB02,0,-ONE PIECE CARD THE BEST vol.2- [PRB-02]
4626,1373,OP10-049,,Sabo,R,,3814,617091,Sabo,Sabo,OP10-049,R,,tcgcsv,high,101,market_number_eq_canonical_or_extracted;image_basename_number_agrees;set_code_match;rarity_match;parallel_variant_no_parallel_market_penalty;card_name_substring_product;source_tcgcsv,0,OP10-049,OP10,3,3,parallel_1,Parallel 1,official-cardlist,OP10-049_p1,BCV4/parallel/OP10-049_p1.png,https://en.onepiece-cardgame.com/images/cardlist/card/OP10-049_p1.png?260305,OP10,0,Premium Card Collection -Best Selection Vol.4-
4646,1382,OP10-058,,Rebecca,SR,,3824,617101,Rebecca (Parallel),Rebecca Parallel,OP10-058,SR,Parallel,tcgcsv,high,131,market_number_eq_canonical_or_extracted;image_basename_number_agrees;set_code_match;rarity_match;parallel_token_in_market_fields;card_name_substring_product;source_tcgcsv,0,OP10-058,OP10,2,2,parallel_1,Parallel 1,official-cardlist,OP10-058_p1,OP10/parallel/OP10-058_p1.png,https://en.onepiece-cardgame.com/images/cardlist/card/OP10-058_p1.png?260305,OP10,0,
4657,1387,OP10-063,,Vinsmoke Sanji,TR,,4432,644882,Vinsmoke Sanji (TR),Vinsmoke Sanji TR,OP10-063,TR,,tcgcsv,high,101,market_number_eq_canonical_or_extracted;image_basename_number_agrees;set_code_match;rarity_match;parallel_variant_no_parallel_market_penalty;card_name_substring_product;source_tcgcsv,0,OP10-063,OP12,2,2,parallel_1,Parallel 1,official-cardlist,OP10-063_p1,OP12/parallel/OP10-063_p1.png,https://en.onepiece-cardgame.com/images/cardlist/card/OP10-063_p1.png?260305,OP12,0,-LEGACY OF THE MASTER- [OP-12]
4662,1389,OP10-065,,Sugar,SP CARD,,5241,671455,Sugar - OP10-065 (SP),Sugar OP10 065 SP,OP10-065,R,,tcgcsv,high,89,market_number_eq_canonical_or_extracted;image_basename_number_agrees;set_code_match;parallel_variant_no_parallel_market_penalty;card_name_substring_product;source_tcgcsv,0,OP10-065,OP14,3,3,parallel_1,Parallel 1,official-cardlist,OP10-065_p1,EB04/parallel/OP10-065_p1.png,https://en.onepiece-cardgame.com/images/cardlist/card/OP10-065_p1.png?260305,OP14,0,-THE AZURE SEA’S SEVEN- [OP14-EB04]
4663,1389,OP10-065,,Sugar,SP CARD,,3831,617108,Sugar (065),Sugar 065,OP10-065,R,,tcgcsv,high,101,market_number_eq_canonical_or_extracted;image_basename_number_agrees;set_code_match;card_name_substring_product;source_tcgcsv,0,OP10-065,OP10,3,3,sp,SP,local-catalog,OP10-065::sp,thumbs/OP10-065(SP).webp,,OP10,0,
4669,1391,OP10-067,,Senor Pink,R,,3834,617111,Senor Pink (Parallel),Senor Pink Parallel,OP10-067,R,Parallel,tcgcsv,high,131,market_number_eq_canonical_or_extracted;image_basename_number_agrees;set_code_match;rarity_match;parallel_token_in_market_fields;card_name_substring_product;source_tcgcsv,0,OP10-067,OP10,2,2,parallel_1,Parallel 1,official-cardlist,OP10-067_p1,OP10/parallel/OP10-067_p1.png,https://en.onepiece-cardgame.com/images/cardlist/card/OP10-067_p1.png?260305,OP10,0,
4679,1395,OP10-071,,Donquixote Doflamingo,SR,,3839,617116,Donquixote Doflamingo (Parallel),Donquixote Doflamingo Parallel,OP10-071,SR,Parallel,tcgcsv,high,131,market_number_eq_canonical_or_extracted;image_basename_number_agrees;set_code_match;rarity_match;parallel_token_in_market_fields;card_name_substring_product;source_tcgcsv,0,OP10-071,OP10,2,2,parallel_1,Parallel 1,official-cardlist,OP10-071_p1,OP10/parallel/OP10-071_p1.png,https://en.onepiece-cardgame.com/images/cardlist/card/OP10-071_p1.png?260305,OP10,0,
4683,1396,OP10-072,,Donquixote Rosinante,SR,,3841,617118,Donquixote Rosinante (Parallel),Donquixote Rosinante Parallel,OP10-072,SR,Parallel,tcgcsv,high,131,market_number_eq_canonical_or_extracted;image_basename_number_agrees;set_code_match;rarity_match;parallel_token_in_market_fields;card_name_substring_product;source_tcgcsv,0,OP10-072,OP10,2,2,parallel_1,Parallel 1,official-cardlist,OP10-072_p1,OP10/parallel/OP10-072_p1.png,https://en.onepiece-cardgame.com/images/cardlist/card/OP10-072_p1.png?260305,OP10,0,
4707,1406,OP10-082,,Kuzan,SP CARD,,3852,617129,Kuzan (Parallel),Kuzan Parallel,OP10-082,SR,Parallel,tcgcsv,high,119,market_number_eq_canonical_or_extracted;image_basename_number_agrees;set_code_match;parallel_token_in_market_fields;card_name_substring_product;source_tcgcsv,0,OP10-082,OP10,3,3,parallel_1,Parallel 1,official-cardlist,OP10-082_p1,OP10/parallel/OP10-082_p1.png,https://en.onepiece-cardgame.com/images/cardlist/card/OP10-082_p1.png?260305,OP10,0,
4714,1408,OP10-084,,Sanjuan.Wolf,C,,4263,634327,Sanjuan.Wolf (Reprint),SanjuanWolf Reprint,OP10-084,C,,tcgcsv,high,113,market_number_eq_canonical_or_extracted;image_basename_number_agrees;set_code_match;rarity_match;card_name_substring_product;source_tcgcsv,0,OP10-084,ST27,2,2,r1,R1,official-cardlist,OP10-084_r1,ST27/reprint/OP10-084_r1.png,https://en.onepiece-cardgame.com/images/cardlist/card/OP10-084_r1.png?260305,ST27,0,-BLACK Marshall.D.Teach- [ST-27]
4728,1414,OP10-090,,Franky,R,,3861,617138,Franky (090) (Parallel),Franky 090 Parallel,OP10-090,R,Parallel,tcgcsv,high,131,market_number_eq_canonical_or_extracted;image_basename_number_agrees;set_code_match;rarity_match;parallel_token_in_market_fields;card_name_substring_product;source_tcgcsv,0,OP10-090,OP10,2,2,parallel_1,Parallel 1,official-cardlist,OP10-090_p1,OP10/parallel/OP10-090_p1.png,https://en.onepiece-cardgame.com/images/cardlist/card/OP10-090_p1.png?260305,OP10,0,
4733,1416,OP10-092,,Perona,C,,3863,617140,Perona (092),Perona 092,OP10-092,C,,tcgcsv,high,101,market_number_eq_canonical_or_extracted;image_basename_number_agrees;set_code_match;rarity_match;parallel_variant_no_parallel_market_penalty;card_name_substring_product;source_tcgcsv,0,OP10-092,OP10,4,4,parallel_1,Parallel 1,official-cardlist,OP10-092_p1,CS2526TP1/parallel/OP10-092_p1.png,https://en.onepiece-cardgame.com/images/cardlist/card/OP10-092_p1.png?260305,OP10,0,CS 25-26 Top Player Pack
4734,1416,OP10-092,,Perona,C,,3863,617140,Perona (092),Perona 092,OP10-092,C,,tcgcsv,high,101,market_number_eq_canonical_or_extracted;image_basename_number_agrees;set_code_match;rarity_match;parallel_variant_no_parallel_market_penalty;card_name_substring_product;source_tcgcsv,0,OP10-092,OP10,4,4,parallel_2,Parallel 2,official-cardlist,OP10-092_p2,_unclassified/parallel/OP10-092_p2.png,https://en.onepiece-cardgame.com/images/cardlist/card/OP10-092_p2.png?260305,OP10,0,CS 25-26 Finalist Card Set 1
4735,1416,OP10-092,,Perona,C,,3863,617140,Perona (092),Perona 092,OP10-092,C,,tcgcsv,high,101,market_number_eq_canonical_or_extracted;image_basename_number_agrees;set_code_match;rarity_match;parallel_variant_no_parallel_market_penalty;card_name_substring_product;source_tcgcsv,0,OP10-092,OP10,4,4,parallel_3,Parallel 3,official-cardlist,OP10-092_p3,BCV4/parallel/OP10-092_p3.png,https://en.onepiece-cardgame.com/images/cardlist/card/OP10-092_p3.png?260305,OP10,0,Premium Card Collection -Best Selection Vol.4-
4743,1419,OP10-095,,Roronoa Zoro,R,,3866,617143,Roronoa Zoro (095),Roronoa Zoro 095,OP10-095,R,,tcgcsv,high,113,market_number_eq_canonical_or_extracted;image_basename_number_agrees;set_code_match;rarity_match;card_name_substring_product;source_tcgcsv,0,OP10-095,OP10,3,3,alt,Prb02,local-catalog,OP10-095::prb02,thumbs/OP10-095(PRB02).webp,,OP10,0,
4754,1423,OP10-099,,"Eustass""Captain""Kid",L,,3871,617148,"Eustass""Captain""Kid (099) (Parallel)",EustassCaptainKid 099 Parallel,OP10-099,L,Parallel,tcgcsv,high,131,market_number_eq_canonical_or_extracted;image_basename_number_agrees;set_code_match;rarity_match;parallel_token_in_market_fields;card_name_substring_product;source_tcgcsv,0,OP10-099,OP10,2,2,parallel_1,Parallel 1,official-cardlist,OP10-099_p1,OP10/parallel/OP10-099_p1.png,https://en.onepiece-cardgame.com/images/cardlist/card/OP10-099_p1.png?260305,OP10,0,
4773,1431,OP10-107,,Jewelry Bonney,UC,,3879,617156,Jewelry Bonney,Jewelry Bonney,OP10-107,UC,,tcgcsv,high,101,market_number_eq_canonical_or_extracted;image_basename_number_agrees;set_code_match;rarity_match;parallel_variant_no_parallel_market_penalty;card_name_substring_product;source_tcgcsv,0,OP10-107,OP10,4,4,parallel_1,Parallel 1,official-cardlist,OP10-107_p1,CS2526TP2/parallel/OP10-107_p1.png,https://en.onepiece-cardgame.com/images/cardlist/card/OP10-107_p1.png?260305,OP10,0,CS 25-26 Top Player Pack 2
4774,1431,OP10-107,,Jewelry Bonney,UC,,3879,617156,Jewelry Bonney,Jewelry Bonney,OP10-107,UC,,tcgcsv,high,101,market_number_eq_canonical_or_extracted;image_basename_number_agrees;set_code_match;rarity_match;parallel_variant_no_parallel_market_penalty;card_name_substring_product;source_tcgcsv,0,OP10-107,OP10,4,4,parallel_2,Parallel 2,official-cardlist,OP10-107_p2,_unclassified/parallel/OP10-107_p2.png,https://en.onepiece-cardgame.com/images/cardlist/card/OP10-107_p2.png?260305,OP10,0,CS 25-26 Finalist Card Set 2
4775,1431,OP10-107,,Jewelry Bonney,UC,,3879,617156,Jewelry Bonney,Jewelry Bonney,OP10-107,UC,,tcgcsv,high,101,market_number_eq_canonical_or_extracted;image_basename_number_agrees;set_code_match;rarity_match;parallel_variant_no_parallel_market_penalty;card_name_substring_product;source_tcgcsv,0,OP10-107,OP10,4,4,parallel_3,Parallel 3,official-cardlist,OP10-107_p3,_unclassified/parallel/OP10-107_p3.png,https://en.onepiece-cardgame.com/images/cardlist/card/OP10-107_p3.png?260305,OP10,0,CS 25-26 Winner Card Set 2
4783,1433,OP10-109,,Basil Hawkins,R,,3881,617158,Basil Hawkins,Basil Hawkins,OP10-109,R,,tcgcsv,high,113,market_number_eq_canonical_or_extracted;image_basename_number_agrees;set_code_match;rarity_match;card_name_substring_product;source_tcgcsv,0,OP10-109,OP10,4,4,alt,Prb02,local-catalog,OP10-109::prb02,thumbs/OP10-109(PRB02).webp,,OP10,0,
4790,1435,OP10-111,,Monkey.D.Luffy,R,,3884,617161,Monkey.D.Luffy (111) (Parallel),MonkeyDLuffy 111 Parallel,OP10-111,R,Parallel,tcgcsv,high,139,market_number_eq_canonical_or_extracted;image_basename_number_agrees;set_code_match;rarity_match;parallel_token_in_market_fields;parallel_index_loose_in_name;card_name_substring_product;source_tcgcsv,0,OP10-111,OP10,4,4,parallel_1,Parallel 1,official-cardlist,OP10-111_p1,OP10/parallel/OP10-111_p1.png,https://en.onepiece-cardgame.com/images/cardlist/card/OP10-111_p1.png?260305,OP10,0,
4794,1436,OP10-112,,"Eustass""Captain""Kid",SR,,3886,617163,"Eustass""Captain""Kid (112) (Parallel)",EustassCaptainKid 112 Parallel,OP10-112,SR,Parallel,tcgcsv,high,139,market_number_eq_canonical_or_extracted;image_basename_number_agrees;set_code_match;rarity_match;parallel_token_in_market_fields;parallel_index_loose_in_name;card_name_substring_product;source_tcgcsv,0,OP10-112,OP10,3,3,parallel_1,Parallel 1,official-cardlist,OP10-112_p1,OP10/parallel/OP10-112_p1.png,https://en.onepiece-cardgame.com/images/cardlist/card/OP10-112_p1.png?260305,OP10,0,
4795,1436,OP10-112,,"Eustass""Captain""Kid",SR,,4937,656138,"Eustass""Captain""Kid (Reprint)",EustassCaptainKid Reprint,OP10-112,SR,,tcgcsv,high,113,market_number_eq_canonical_or_extracted;image_basename_number_agrees;set_code_match;rarity_match;card_name_substring_product;source_tcgcsv,0,OP10-112,PRB02,3,3,r1,R1,official-cardlist,OP10-112_r1,PRB02/reprint/OP10-112_r1.png,https://en.onepiece-cardgame.com/images/cardlist/card/OP10-112_r1.png?260305,PRB02,0,-ONE PIECE CARD THE BEST vol.2- [PRB-02]
4802,1438,OP10-114,,X.Drake,UC,,3888,617165,X.Drake,XDrake,OP10-114,UC,,tcgcsv,high,113,market_number_eq_canonical_or_extracted;image_basename_number_agrees;set_code_match;rarity_match;card_name_substring_product;source_tcgcsv,0,OP10-114,OP10,4,4,alt,Prb02,local-catalog,OP10-114::prb02,thumbs/OP10-114(PRB02).webp,,OP10,0,
4813,1442,OP10-118,,Monkey.D.Luffy,SEC,,3893,617170,Monkey.D.Luffy (118) (Parallel),MonkeyDLuffy 118 Parallel,OP10-118,SEC,Parallel,tcgcsv,high,139,market_number_eq_canonical_or_extracted;image_basename_number_agrees;set_code_match;rarity_match;parallel_token_in_market_fields;parallel_index_loose_in_name;card_name_substring_product;source_tcgcsv,0,OP10-118,OP10,2,2,parallel_1,Parallel 1,official-cardlist,OP10-118_p1,OP10/parallel/OP10-118_p1.png,https://en.onepiece-cardgame.com/images/cardlist/card/OP10-118_p1.png?260305,OP10,0,
4818,1443,OP10-119,,Trafalgar Law,SEC,,3895,617172,Trafalgar Law (119) (Parallel),Trafalgar Law 119 Parallel,OP10-119,SEC,Parallel,tcgcsv,high,139,market_number_eq_canonical_or_extracted;image_basename_number_agrees;set_code_match;rarity_match;parallel_token_in_market_fields;parallel_index_loose_in_name;card_name_substring_product;source_tcgcsv,0,OP10-119,OP10,5,5,parallel_1,Parallel 1,official-cardlist,OP10-119_p1,OP10/parallel/OP10-119_p1.png,https://en.onepiece-cardgame.com/images/cardlist/card/OP10-119_p1.png?260305,OP10,0,
4819,1443,OP10-119,,Trafalgar Law,SEC,,3895,617172,Trafalgar Law (119) (Parallel),Trafalgar Law 119 Parallel,OP10-119,SEC,Parallel,tcgcsv,high,131,market_number_eq_canonical_or_extracted;image_basename_number_agrees;set_code_match;rarity_match;parallel_token_in_market_fields;card_name_substring_product;source_tcgcsv,0,OP10-119,OP10,5,5,parallel_2,Parallel 2,official-cardlist,OP10-119_p2,OP10/parallel/OP10-119_p2.png,https://en.onepiece-cardgame.com/images/cardlist/card/OP10-119_p2.png?260305,OP10,0,
4858,1455,OP11-012,,Franky,UC,,4032,632370,Franky,Franky,OP11-012,UC,,tcgcsv,high,113,market_number_eq_canonical_or_extracted;image_basename_number_agrees;set_code_match;rarity_match;card_name_substring_product;source_tcgcsv,0,OP11-012,OP11,1,1,promo,Promopackvol 8,local-catalog,OP11-012::promopackvol 8,thumbs/OP11-012(PromoPackVol.8).webp,,OP11,0,
4903,1473,OP11-030,,Shirahoshi,R,,4054,632392,Shirahoshi (030),Shirahoshi 030,OP11-030,R,,tcgcsv,high,113,market_number_eq_canonical_or_extracted;image_basename_number_agrees;set_code_match;rarity_match;card_name_substring_product;source_tcgcsv,0,OP11-030,OP11,2,2,tr,Tr,local-catalog,OP11-030::tr,thumbs/OP11-030(TR).webp,,OP11,0,
4953,1492,OP11-049,,Carrot,R,,4077,632415,Carrot,Carrot,OP11-049,R,,tcgcsv,high,113,market_number_eq_canonical_or_extracted;image_basename_number_agrees;set_code_match;rarity_match;card_name_substring_product;source_tcgcsv,0,OP11-049,OP11,1,1,promo,Cn,local-catalog,OP11-049::cn,thumbs/OP11-049(CN).webp,,OP11,0,
4954,1492,OP11-049,,Carrot,R,,4077,632415,Carrot,Carrot,OP11-049,R,,tcgcsv,high,113,market_number_eq_canonical_or_extracted;image_basename_number_agrees;set_code_match;rarity_match;card_name_substring_product;source_tcgcsv,0,OP11-049,OP11,1,1,tr,Tr,local-catalog,OP11-049::tr,thumbs/OP11-049(TR).webp,,OP11,0,
4980,1501,OP11-058,,Monkey.D.Luffy,TR,,4624,659982,Monkey.D.Luffy - OP11-058 (TR),MonkeyDLuffy OP11 058 TR,OP11-058,TR,,tcgcsv,high,101,market_number_eq_canonical_or_extracted;image_basename_number_agrees;set_code_match;rarity_match;parallel_variant_no_parallel_market_penalty;card_name_substring_product;source_tcgcsv,0,OP11-058,OP13,2,2,parallel_1,Parallel 1,official-cardlist,OP11-058_p1,OP13/parallel/OP11-058_p1.png,https://en.onepiece-cardgame.com/images/cardlist/card/OP11-058_p1.png?260305,OP13,0,-CARRYING ON HIS WILL- [OP-13]
4981,1501,OP11-058,,Monkey.D.Luffy,TR,,4088,632426,Monkey.D.Luffy (058),MonkeyDLuffy 058,OP11-058,UC,,tcgcsv,high,101,market_number_eq_canonical_or_extracted;image_basename_number_agrees;set_code_match;card_name_substring_product;source_tcgcsv,0,OP11-058,OP11,2,2,promo,Promopackvol 8,local-catalog,OP11-058::promopackvol 8,thumbs/OP11-058(PromoPackVol.8).webp,,OP11,0,
4982,1501,OP11-058,,Monkey.D.Luffy,TR,,4088,632426,Monkey.D.Luffy (058),MonkeyDLuffy 058,OP11-058,UC,,tcgcsv,high,101,market_number_eq_canonical_or_extracted;image_basename_number_agrees;set_code_match;card_name_substring_product;source_tcgcsv,0,OP11-058,OP11,2,2,tr,Tr,local-catalog,OP11-058::tr,thumbs/OP11-058(TR).webp,,OP11,0,
4987,1503,OP11-060,,Let's Crash This Wedding!!!,R,,4090,632428,Let's Crash This Wedding!!!,Lets Crash This Wedding,OP11-060,R,,tcgcsv,high,101,market_number_eq_canonical_or_extracted;image_basename_number_agrees;set_code_match;rarity_match;parallel_variant_no_parallel_market_penalty;card_name_substring_product;source_tcgcsv,0,OP11-060,OP11,2,2,parallel_1,Parallel 1,official-cardlist,OP11-060_p1,BCV5/parallel/OP11-060_p1.png,https://en.onepiece-cardgame.com/images/cardlist/card/OP11-060_p1.png?260305,OP11,0,Premium Card Collection -Best Selection Vol.5-
4988,1503,OP11-060,,Let's Crash This Wedding!!!,R,,4090,632428,Let's Crash This Wedding!!!,Lets Crash This Wedding,OP11-060,R,,tcgcsv,high,113,market_number_eq_canonical_or_extracted;image_basename_number_agrees;set_code_match;rarity_match;card_name_substring_product;source_tcgcsv,0,OP11-060,OP11,2,2,promo,Premiumvol 5,local-catalog,OP11-060::premiumvol 5,thumbs/OP11-060(PremiumVol.5).webp,,OP11,0,
5001,1508,OP11-065,,Charlotte Anana,UC,,4096,632434,Charlotte Anana,Charlotte Anana,OP11-065,UC,,tcgcsv,high,113,market_number_eq_canonical_or_extracted;image_basename_number_agrees;set_code_match;rarity_match;card_name_substring_product;source_tcgcsv,0,OP11-065,OP11,1,1,promo,Promopackvol 8,local-catalog,OP11-065::promopackvol 8,thumbs/OP11-065(PromoPackVol.8).webp,,OP11,0,
5020,1514,OP11-071,,Charlotte Perospero,R,,4104,632442,Charlotte Perospero,Charlotte Perospero,OP11-071,R,,tcgcsv,high,113,market_number_eq_canonical_or_extracted;image_basename_number_agrees;set_code_match;rarity_match;card_name_substring_product;source_tcgcsv,0,OP11-071,OP11,1,1,promo,Exe Vol 3,local-catalog,OP11-071::exe vol 3,thumbs/OP11-071(EXE.Vol.3).webp,,OP11,0,
5083,1539,OP11-096,,Ripper,UC,,4134,632472,Ripper,Ripper,OP11-096,UC,,tcgcsv,high,113,market_number_eq_canonical_or_extracted;image_basename_number_agrees;set_code_match;rarity_match;card_name_substring_product;source_tcgcsv,0,OP11-096,OP11,1,1,promo,Promopackvol 8,local-catalog,OP11-096::promopackvol 8,thumbs/OP11-096(PromoPackVol.8).webp,,OP11,0,
5160,1568,OP12-006,,Shakuyaku,R,,4292,643730,Shakuyaku,Shakuyaku,OP12-006,R,,tcgcsv,high,101,market_number_eq_canonical_or_extracted;image_basename_number_agrees;set_code_match;rarity_match;parallel_variant_no_parallel_market_penalty;card_name_substring_product;source_tcgcsv,0,OP12-006,OP12,2,2,parallel_1,Parallel 1,official-cardlist,OP12-006_p1,BCV5/parallel/OP12-006_p1.png,https://en.onepiece-cardgame.com/images/cardlist/card/OP12-006_p1.png?260305,OP12,0,Premium Card Collection -Best Selection Vol.5-
5161,1568,OP12-006,,Shakuyaku,R,,4292,643730,Shakuyaku,Shakuyaku,OP12-006,R,,tcgcsv,high,113,market_number_eq_canonical_or_extracted;image_basename_number_agrees;set_code_match;rarity_match;card_name_substring_product;source_tcgcsv,0,OP12-006,OP12,2,2,promo,Premiumvol 5,local-catalog,OP12-006::premiumvol 5,thumbs/OP12-006(PremiumVol.5).webp,,OP12,0,
5193,1580,OP12-018,,Color of the Supreme King Haki,R,,4307,643745,Color of the Supreme King Haki,Color of the Supreme King Haki,OP12-018,R,,tcgcsv,high,113,market_number_eq_canonical_or_extracted;image_basename_number_agrees;set_code_match;rarity_match;card_name_substring_product;source_tcgcsv,0,OP12-018,OP12,2,2,promo,Premiumvol 6,local-catalog,OP12-018::premiumvol 6,thumbs/OP12-018(PremiumVol.6).webp,,OP12,0,
5218,1588,OP12-026,,Kuina,UC,,4316,643754,Kuina,Kuina,OP12-026,UC,,tcgcsv,high,101,market_number_eq_canonical_or_extracted;image_basename_number_agrees;set_code_match;rarity_match;parallel_variant_no_parallel_market_penalty;card_name_substring_product;source_tcgcsv,0,OP12-026,OP12,2,2,parallel_1,Parallel 1,official-cardlist,OP12-026_p1,BCV5/parallel/OP12-026_p1.png,https://en.onepiece-cardgame.com/images/cardlist/card/OP12-026_p1.png?260305,OP12,0,Premium Card Collection -Best Selection Vol.5-
5219,1588,OP12-026,,Kuina,UC,,4316,643754,Kuina,Kuina,OP12-026,UC,,tcgcsv,high,113,market_number_eq_canonical_or_extracted;image_basename_number_agrees;set_code_match;rarity_match;card_name_substring_product;source_tcgcsv,0,OP12-026,OP12,2,2,promo,Premiumvol 5,local-catalog,OP12-026::premiumvol 5,thumbs/OP12-026(PremiumVol.5).webp,,OP12,0,
5224,1590,OP12-028,,Kouzuki Hiyori,R,,4318,643756,Kouzuki Hiyori,Kouzuki Hiyori,OP12-028,R,,tcgcsv,high,113,market_number_eq_canonical_or_extracted;image_basename_number_agrees;set_code_match;rarity_match;card_name_substring_product;source_tcgcsv,0,OP12-028,OP12,3,3,alt,Alt Art 1,local-catalog,OP12-028::alt art 1,thumbs/OP12-028(alt1).webp,,OP12,0,
5225,1590,OP12-028,,Kouzuki Hiyori,R,,4318,643756,Kouzuki Hiyori,Kouzuki Hiyori,OP12-028,R,,tcgcsv,high,113,market_number_eq_canonical_or_extracted;image_basename_number_agrees;set_code_match;rarity_match;card_name_substring_product;source_tcgcsv,0,OP12-028,OP12,3,3,alt,Alt Art 2,local-catalog,OP12-028::alt art 2,thumbs/OP12-028(alt2).webp,,OP12,0,
5226,1590,OP12-028,,Kouzuki Hiyori,R,,4318,643756,Kouzuki Hiyori,Kouzuki Hiyori,OP12-028,R,,tcgcsv,high,113,market_number_eq_canonical_or_extracted;image_basename_number_agrees;set_code_match;rarity_match;card_name_substring_product;source_tcgcsv,0,OP12-028,OP12,3,3,promo,Winner,local-catalog,OP12-028::winner,thumbs/OP12-028(winner).webp,,OP12,0,
5233,1592,OP12-030,,Dracule Mihawk,SP CARD,,5242,671456,Dracule Mihawk - OP12-030 (SP),Dracule Mihawk OP12 030 SP,OP12-030,SR,,tcgcsv,high,89,market_number_eq_canonical_or_extracted;image_basename_number_agrees;set_code_match;parallel_variant_no_parallel_market_penalty;card_name_substring_product;source_tcgcsv,0,OP12-030,OP14,3,3,parallel_2,Parallel 2,official-cardlist,OP12-030_p2,EB04/parallel/OP12-030_p2.png,https://en.onepiece-cardgame.com/images/cardlist/card/OP12-030_p2.png?260305,OP14,0,-THE AZURE SEA’S SEVEN- [OP14-EB04]
5256,1598,OP12-036,,Roronoa Zoro,C,,4329,643767,Roronoa Zoro (036),Roronoa Zoro 036,OP12-036,C,,tcgcsv,high,113,market_number_eq_canonical_or_extracted;image_basename_number_agrees;set_code_match;rarity_match;card_name_substring_product;source_tcgcsv,0,OP12-036,OP12,1,1,promo,Promopackvol 8,local-catalog,OP12-036::promopackvol 8,thumbs/OP12-036(PromoPackVol.8).webp,,OP12,0,
5266,1601,OP12-039,,Luffy Is the Man Who Will Become the King of Pirates!!!,R,,4333,643771,Luffy Is the Man Who Will Become the King of Pirates!!!,Luffy Is the Man Who Will Become the King of Pirates,OP12-039,R,,tcgcsv,high,113,market_number_eq_canonical_or_extracted;image_basename_number_agrees;set_code_match;rarity_match;card_name_substring_product;source_tcgcsv,0,OP12-039,OP12,2,2,alt,Alt,local-catalog,OP12-039::alt,thumbs/OP12-039(alt).webp,,OP12,0,
5267,1601,OP12-039,,Luffy Is the Man Who Will Become the King of Pirates!!!,R,,4333,643771,Luffy Is the Man Who Will Become the King of Pirates!!!,Luffy Is the Man Who Will Become the King of Pirates,OP12-039,R,,tcgcsv,high,101,market_number_eq_canonical_or_extracted;image_basename_number_agrees;set_code_match;rarity_match;parallel_variant_no_parallel_market_penalty;card_name_substring_product;source_tcgcsv,0,OP12-039,OP12,2,2,parallel_1,Parallel 1,official-cardlist,OP12-039_p1,ANN3JP/parallel/OP12-039_p1.png,https://en.onepiece-cardgame.com/images/cardlist/card/OP12-039_p1.png?260305,OP12,0,Japanese 3rd ANNIVERSARY SET
5298,1613,OP12-051,,Hina,UC,,4348,643786,Hina,Hina,OP12-051,UC,,tcgcsv,high,101,market_number_eq_canonical_or_extracted;image_basename_number_agrees;set_code_match;rarity_match;parallel_variant_no_parallel_market_penalty;card_name_substring_product;source_tcgcsv,0,OP12-051,OP12,2,2,parallel_1,Parallel 1,official-cardlist,OP12-051_p1,BCV5/parallel/OP12-051_p1.png,https://en.onepiece-cardgame.com/images/cardlist/card/OP12-051_p1.png?260305,OP12,0,Premium Card Collection -Best Selection Vol.5-
5299,1613,OP12-051,,Hina,UC,,4348,643786,Hina,Hina,OP12-051,UC,,tcgcsv,high,113,market_number_eq_canonical_or_extracted;image_basename_number_agrees;set_code_match;rarity_match;card_name_substring_product;source_tcgcsv,0,OP12-051,OP12,2,2,promo,Premiumvol 5,local-catalog,OP12-051::premiumvol 5,thumbs/OP12-051(PremiumVol.5).webp,,OP12,0,
5329,1624,OP12-062,,Vinsmoke Sora,R,,4362,643800,Vinsmoke Sora,Vinsmoke Sora,OP12-062,R,,tcgcsv,high,113,market_number_eq_canonical_or_extracted;image_basename_number_agrees;set_code_match;rarity_match;card_name_substring_product;source_tcgcsv,0,OP12-062,OP12,3,3,alt,Alt,local-catalog,OP12-062::alt,thumbs/OP12-062(alt).webp,,OP12,0,
5330,1624,OP12-062,,Vinsmoke Sora,R,,4362,643800,Vinsmoke Sora,Vinsmoke Sora,OP12-062,R,,tcgcsv,high,113,market_number_eq_canonical_or_extracted;image_basename_number_agrees;set_code_match;rarity_match;card_name_substring_product;source_tcgcsv,0,OP12-062,OP12,3,3,promo,Winner,local-catalog,OP12-062::winner,thumbs/OP12-062(winner).webp,,OP12,0,
5355,1633,OP12-071,,Charlotte Pudding,R,,4373,643811,Charlotte Pudding,Charlotte Pudding,OP12-071,R,,tcgcsv,high,113,market_number_eq_canonical_or_extracted;image_basename_number_agrees;set_code_match;rarity_match;card_name_substring_product;source_tcgcsv,0,OP12-071,OP12,4,4,promo,Cn3Rdanniv,local-catalog,OP12-071::cn3rdanniv,thumbs/OP12-071(CN3rdAnniv).webp,,OP12,0,
5356,1633,OP12-071,,Charlotte Pudding,R,,4373,643811,Charlotte Pudding,Charlotte Pudding,OP12-071,R,,tcgcsv,high,113,market_number_eq_canonical_or_extracted;image_basename_number_agrees;set_code_match;rarity_match;card_name_substring_product;source_tcgcsv,0,OP12-071,OP12,4,4,promo,Exe Vol 3,local-catalog,OP12-071::exe vol 3,thumbs/OP12-071(EXE.Vol.3).webp,,OP12,0,
5375,1641,OP12-079,,Luffy Is the Man Who Will Be King of the Pirates!!!,R,,4382,643820,Luffy Is the Man Who Will Be King of the Pirates!!!,Luffy Is the Man Who Will Be King of the Pirates,OP12-079,R,,tcgcsv,high,113,market_number_eq_canonical_or_extracted;image_basename_number_agrees;set_code_match;rarity_match;card_name_substring_product;source_tcgcsv,0,OP12-079,OP12,2,2,alt,Alt,local-catalog,OP12-079::alt,thumbs/OP12-079(alt).webp,,OP12,0,
5376,1641,OP12-079,,Luffy Is the Man Who Will Be King of the Pirates!!!,R,,4382,643820,Luffy Is the Man Who Will Be King of the Pirates!!!,Luffy Is the Man Who Will Be King of the Pirates,OP12-079,R,,tcgcsv,high,101,market_number_eq_canonical_or_extracted;image_basename_number_agrees;set_code_match;rarity_match;parallel_variant_no_parallel_market_penalty;card_name_substring_product;source_tcgcsv,0,OP12-079,OP12,2,2,parallel_1,Parallel 1,official-cardlist,OP12-079_p1,ANN3JP/parallel/OP12-079_p1.png,https://en.onepiece-cardgame.com/images/cardlist/card/OP12-079_p1.png?260305,OP12,0,Japanese 3rd ANNIVERSARY SET
5403,1651,OP12-089,,Hack,R,,4395,643833,Hack,Hack,OP12-089,R,,tcgcsv,high,113,market_number_eq_canonical_or_extracted;image_basename_number_agrees;set_code_match;rarity_match;card_name_substring_product;source_tcgcsv,0,OP12-089,OP12,4,4,promo,Exe Vol 3,local-catalog,OP12-089::exe vol 3,thumbs/OP12-089(EXE.Vol.3).webp,,OP12,0,
5412,1655,OP12-093,,Morley,UC,,4399,643837,Morley,Morley,OP12-093,UC,,tcgcsv,high,113,market_number_eq_canonical_or_extracted;image_basename_number_agrees;set_code_match;rarity_match;card_name_substring_product;source_tcgcsv,0,OP12-093,OP12,3,3,alt,Alt,local-catalog,OP12-093::alt,thumbs/OP12-093(alt).webp,,OP12,0,
5413,1655,OP12-093,,Morley,UC,,4399,643837,Morley,Morley,OP12-093,UC,,tcgcsv,high,113,market_number_eq_canonical_or_extracted;image_basename_number_agrees;set_code_match;rarity_match;card_name_substring_product;source_tcgcsv,0,OP12-093,OP12,3,3,promo,Winner,local-catalog,OP12-093::winner,thumbs/OP12-093(winner).webp,,OP12,0,
5428,1660,OP12-098,,Hair Removal Fist,UC,,4405,643843,Hair Removal Fist,Hair Removal Fist,OP12-098,UC,,tcgcsv,high,101,market_number_eq_canonical_or_extracted;image_basename_number_agrees;set_code_match;rarity_match;parallel_variant_no_parallel_market_penalty;card_name_substring_product;source_tcgcsv,0,OP12-098,OP12,2,2,parallel_1,Parallel 1,official-cardlist,OP12-098_p1,BCV5/parallel/OP12-098_p1.png,https://en.onepiece-cardgame.com/images/cardlist/card/OP12-098_p1.png?260305,OP12,0,Premium Card Collection -Best Selection Vol.5-
5429,1660,OP12-098,,Hair Removal Fist,UC,,4405,643843,Hair Removal Fist,Hair Removal Fist,OP12-098,UC,,tcgcsv,high,113,market_number_eq_canonical_or_extracted;image_basename_number_agrees;set_code_match;rarity_match;card_name_substring_product;source_tcgcsv,0,OP12-098,OP12,2,2,promo,Premiumvol 5,local-catalog,OP12-098::premiumvol 5,thumbs/OP12-098(PremiumVol.5).webp,,OP12,0,
5448,1668,OP12-106,,Trafalgar Law,UC,,4414,643852,Trafalgar Law (106),Trafalgar Law 106,OP12-106,UC,,tcgcsv,high,113,market_number_eq_canonical_or_extracted;image_basename_number_agrees;set_code_match;rarity_match;card_name_substring_product;source_tcgcsv,0,OP12-106,OP12,1,1,alt,Alt,local-catalog,OP12-106::alt,thumbs/OP12-106(alt).webp,,OP12,0,
5449,1668,OP12-106,,Trafalgar Law,UC,,4414,643852,Trafalgar Law (106),Trafalgar Law 106,OP12-106,UC,,tcgcsv,high,113,market_number_eq_canonical_or_extracted;image_basename_number_agrees;set_code_match;rarity_match;card_name_substring_product;source_tcgcsv,0,OP12-106,OP12,1,1,promo,Cn,local-catalog,OP12-106::cn,thumbs/OP12-106(CN).webp,,OP12,0,
5457,1670,OP12-108,,Donquixote Rosinante,TR,,5114,670876,Donquixote Rosinante - OP12-108,Donquixote Rosinante OP12 108,OP12-108,TR,,tcgcsv,high,101,market_number_eq_canonical_or_extracted;image_basename_number_agrees;set_code_match;rarity_match;parallel_variant_no_parallel_market_penalty;card_name_substring_product;source_tcgcsv,0,OP12-108,OP14,4,4,parallel_2,Parallel 2,official-cardlist,OP12-108_p2,EB04/parallel/OP12-108_p2.png,https://en.onepiece-cardgame.com/images/cardlist/card/OP12-108_p2.png?260305,OP14,0,-THE AZURE SEA’S SEVEN- [OP14-EB04]
5468,1674,OP12-112,,Baby 5,R,,4421,643859,Baby 5 (112),Baby 5 112,OP12-112,R,,tcgcsv,high,113,market_number_eq_canonical_or_extracted;image_basename_number_agrees;set_code_match;rarity_match;card_name_substring_product;source_tcgcsv,0,OP12-112,OP12,4,4,alt,Alt,local-catalog,OP12-112::alt,thumbs/OP12-112(alt).webp,,OP12,0,
5469,1674,OP12-112,,Baby 5,R,,4421,643859,Baby 5 (112),Baby 5 112,OP12-112,R,,tcgcsv,high,101,market_number_eq_canonical_or_extracted;image_basename_number_agrees;set_code_match;rarity_match;parallel_variant_no_parallel_market_penalty;card_name_substring_product;source_tcgcsv,0,OP12-112,OP12,4,4,parallel_1,Parallel 1,official-cardlist,OP12-112_p1,BCV5/parallel/OP12-112_p1.png,https://en.onepiece-cardgame.com/images/cardlist/card/OP12-112_p1.png?260305,OP12,0,Premium Card Collection -Best Selection Vol.5-
5470,1674,OP12-112,,Baby 5,R,,4421,643859,Baby 5 (112),Baby 5 112,OP12-112,R,,tcgcsv,high,113,market_number_eq_canonical_or_extracted;image_basename_number_agrees;set_code_match;rarity_match;card_name_substring_product;source_tcgcsv,0,OP12-112,OP12,4,4,promo,Premiumvol 5,local-catalog,OP12-112::premiumvol 5,thumbs/OP12-112(PremiumVol.5).webp,,OP12,0,
5471,1674,OP12-112,,Baby 5,R,,4421,643859,Baby 5 (112),Baby 5 112,OP12-112,R,,tcgcsv,high,113,market_number_eq_canonical_or_extracted;image_basename_number_agrees;set_code_match;rarity_match;card_name_substring_product;source_tcgcsv,0,OP12-112,OP12,4,4,promo,Winner,local-catalog,OP12-112::winner,thumbs/OP12-112(winner).webp,,OP12,0,
5474,1675,OP12-113,,Roronoa Zoro,UC,,4422,643860,Roronoa Zoro (113),Roronoa Zoro 113,OP12-113,UC,,tcgcsv,high,113,market_number_eq_canonical_or_extracted;image_basename_number_agrees;set_code_match;rarity_match;card_name_substring_product;source_tcgcsv,0,OP12-113,OP12,1,1,tr,Tr,local-catalog,OP12-113::tr,thumbs/OP12-113(TR).webp,,OP12,0,
5530,1693,OP13-012,,Nefeltari Vivi,R,,4469,657266,Nefeltari Vivi,Nefeltari Vivi,OP13-012,R,,tcgcsv,high,113,market_number_eq_canonical_or_extracted;image_basename_number_agrees;set_code_match;rarity_match;card_name_substring_product;source_tcgcsv,0,OP13-012,OP13,1,1,promo,Premium,local-catalog,OP13-012::premium,thumbs/OP13-012(Premium).webp,,OP13,0,
5547,1700,OP13-019,,But Ace Here Said You Deserved It!!,R,,4477,657274,But Ace Here Said You Deserved It!!,But Ace Here Said You Deserved It,OP13-019,R,,tcgcsv,high,113,market_number_eq_canonical_or_extracted;image_basename_number_agrees;set_code_match;rarity_match;card_name_substring_product;source_tcgcsv,0,OP13-019,OP13,2,2,alt,Alt,local-catalog,OP13-019::alt,thumbs/OP13-019(alt).webp,,OP13,0,
5596,1721,OP13-040,,I Know You're Strong... So I'll Go All Out from the Very Start!!!,R,,4501,657298,I Know You're Strong... So I'll Go All Out from the Very Start!!!,I Know Youre Strong So Ill Go All Out from the Very Start,OP13-040,R,,tcgcsv,high,113,market_number_eq_canonical_or_extracted;image_basename_number_agrees;set_code_match;rarity_match;card_name_substring_product;source_tcgcsv,0,OP13-040,OP13,2,2,alt,Alt,local-catalog,OP13-040::alt,thumbs/OP13-040(alt).webp,,OP13,0,
5637,1738,OP13-057,,"If I Bowed Down to Power, What's the Point in Living?",R,,4521,657318,"If I Bowed Down to Power, What's the Point in Living?",If I Bowed Down to Power Whats the Point in Living,OP13-057,R,,tcgcsv,high,113,market_number_eq_canonical_or_extracted;image_basename_number_agrees;set_code_match;rarity_match;card_name_substring_product;source_tcgcsv,0,OP13-057,OP13,2,2,alt,Alt,local-catalog,OP13-057::alt,thumbs/OP13-057(alt).webp,,OP13,0,
5650,1744,OP13-063,,Kouzuki Oden,UC,,4527,657324,Kouzuki Oden,Kouzuki Oden,OP13-063,UC,,tcgcsv,high,101,market_number_eq_canonical_or_extracted;image_basename_number_agrees;set_code_match;rarity_match;parallel_variant_no_parallel_market_penalty;card_name_substring_product;source_tcgcsv,0,OP13-063,OP13,2,2,parallel_1,Parallel 1,official-cardlist,OP13-063_p1,BCV5/parallel/OP13-063_p1.png,https://en.onepiece-cardgame.com/images/cardlist/card/OP13-063_p1.png?260305,OP13,0,Premium Card Collection -Best Selection Vol.5-
5651,1744,OP13-063,,Kouzuki Oden,UC,,4527,657324,Kouzuki Oden,Kouzuki Oden,OP13-063,UC,,tcgcsv,high,113,market_number_eq_canonical_or_extracted;image_basename_number_agrees;set_code_match;rarity_match;card_name_substring_product;source_tcgcsv,0,OP13-063,OP13,2,2,promo,Premiumvol 5,local-catalog,OP13-063::premiumvol 5,thumbs/OP13-063(PremiumVol.5).webp,,OP13,0,
5698,1761,OP13-080,,St. Ethanbaron V. Nusjuro,R,,4551,657348,St. Ethanbaron V. Nusjuro (Parallel),St Ethanbaron V Nusjuro Parallel,OP13-080,R,Parallel,tcgcsv,high,131,market_number_eq_canonical_or_extracted;image_basename_number_agrees;set_code_match;rarity_match;parallel_token_in_market_fields;card_name_substring_product;source_tcgcsv,0,OP13-080,OP13,3,3,parallel_1,Parallel 1,official-cardlist,OP13-080_p1,OP13/parallel/OP13-080_p1.png,https://en.onepiece-cardgame.com/images/cardlist/card/OP13-080_p1.png?260305,OP13,0,
5699,1761,OP13-080,,St. Ethanbaron V. Nusjuro,R,,4551,657348,St. Ethanbaron V. Nusjuro (Parallel),St Ethanbaron V Nusjuro Parallel,OP13-080,R,Parallel,tcgcsv,high,131,market_number_eq_canonical_or_extracted;image_basename_number_agrees;set_code_match;rarity_match;parallel_token_in_market_fields;card_name_substring_product;source_tcgcsv,0,OP13-080,OP13,3,3,parallel_2,Parallel 2,official-cardlist,OP13-080_p2,OP13/parallel/OP13-080_p2.png,https://en.onepiece-cardgame.com/images/cardlist/card/OP13-080_p2.png?260305,OP13,0,
5710,1764,OP13-083,,St. Jaygarcia Saturn,R,,4557,657354,St. Jaygarcia Saturn (Parallel),St Jaygarcia Saturn Parallel,OP13-083,R,Parallel,tcgcsv,high,131,market_number_eq_canonical_or_extracted;image_basename_number_agrees;set_code_match;rarity_match;parallel_token_in_market_fields;card_name_substring_product;source_tcgcsv,0,OP13-083,OP13,3,3,parallel_1,Parallel 1,official-cardlist,OP13-083_p1,OP13/parallel/OP13-083_p1.png,https://en.onepiece-cardgame.com/images/cardlist/card/OP13-083_p1.png?260305,OP13,0,
5711,1764,OP13-083,,St. Jaygarcia Saturn,R,,4557,657354,St. Jaygarcia Saturn (Parallel),St Jaygarcia Saturn Parallel,OP13-083,R,Parallel,tcgcsv,high,131,market_number_eq_canonical_or_extracted;image_basename_number_agrees;set_code_match;rarity_match;parallel_token_in_market_fields;card_name_substring_product;source_tcgcsv,0,OP13-083,OP13,3,3,parallel_2,Parallel 2,official-cardlist,OP13-083_p2,OP13/parallel/OP13-083_p2.png,https://en.onepiece-cardgame.com/images/cardlist/card/OP13-083_p2.png?260305,OP13,0,
5716,1765,OP13-084,,St. Shepherd Ju Peter,R,,4560,657357,St. Shepherd Ju Peter (Parallel),St Shepherd Ju Peter Parallel,OP13-084,R,Parallel,tcgcsv,high,131,market_number_eq_canonical_or_extracted;image_basename_number_agrees;set_code_match;rarity_match;parallel_token_in_market_fields;card_name_substring_product;source_tcgcsv,0,OP13-084,OP13,3,3,parallel_1,Parallel 1,official-cardlist,OP13-084_p1,OP13/parallel/OP13-084_p1.png,https://en.onepiece-cardgame.com/images/cardlist/card/OP13-084_p1.png?260305,OP13,0,
5717,1765,OP13-084,,St. Shepherd Ju Peter,R,,4560,657357,St. Shepherd Ju Peter (Parallel),St Shepherd Ju Peter Parallel,OP13-084,R,Parallel,tcgcsv,high,131,market_number_eq_canonical_or_extracted;image_basename_number_agrees;set_code_match;rarity_match;parallel_token_in_market_fields;card_name_substring_product;source_tcgcsv,0,OP13-084,OP13,3,3,parallel_2,Parallel 2,official-cardlist,OP13-084_p2,OP13/parallel/OP13-084_p2.png,https://en.onepiece-cardgame.com/images/cardlist/card/OP13-084_p2.png?260305,OP13,0,
5722,1767,OP13-086,,Saint Shalria,UC,,4562,657359,Saint Shalria,Saint Shalria,OP13-086,UC,,tcgcsv,high,101,market_number_eq_canonical_or_extracted;image_basename_number_agrees;set_code_match;rarity_match;parallel_variant_no_parallel_market_penalty;card_name_substring_product;source_tcgcsv,0,OP13-086,OP13,2,2,parallel_1,Parallel 1,official-cardlist,OP13-086_p1,BCV5/parallel/OP13-086_p1.png,https://en.onepiece-cardgame.com/images/cardlist/card/OP13-086_p1.png?260305,OP13,0,Premium Card Collection -Best Selection Vol.5-
5723,1767,OP13-086,,Saint Shalria,UC,,4562,657359,Saint Shalria,Saint Shalria,OP13-086,UC,,tcgcsv,high,113,market_number_eq_canonical_or_extracted;image_basename_number_agrees;set_code_match;rarity_match;card_name_substring_product;source_tcgcsv,0,OP13-086,OP13,2,2,promo,Premiumvol 5,local-catalog,OP13-086::premiumvol 5,thumbs/OP13-086(PremiumVol.5).webp,,OP13,0,
5732,1770,OP13-089,,St. Topman Warcury,R,,4567,657364,St. Topman Warcury (Parallel),St Topman Warcury Parallel,OP13-089,R,Parallel,tcgcsv,high,131,market_number_eq_canonical_or_extracted;image_basename_number_agrees;set_code_match;rarity_match;parallel_token_in_market_fields;card_name_substring_product;source_tcgcsv,0,OP13-089,OP13,3,3,parallel_1,Parallel 1,official-cardlist,OP13-089_p1,OP13/parallel/OP13-089_p1.png,https://en.onepiece-cardgame.com/images/cardlist/card/OP13-089_p1.png?260305,OP13,0,
5733,1770,OP13-089,,St. Topman Warcury,R,,4567,657364,St. Topman Warcury (Parallel),St Topman Warcury Parallel,OP13-089,R,Parallel,tcgcsv,high,131,market_number_eq_canonical_or_extracted;image_basename_number_agrees;set_code_match;rarity_match;parallel_token_in_market_fields;card_name_substring_product;source_tcgcsv,0,OP13-089,OP13,3,3,parallel_2,Parallel 2,official-cardlist,OP13-089_p2,OP13/parallel/OP13-089_p2.png,https://en.onepiece-cardgame.com/images/cardlist/card/OP13-089_p2.png?260305,OP13,0,
5740,1772,OP13-091,,St. Marcus Mars,R,,4571,657368,St. Marcus Mars (Parallel),St Marcus Mars Parallel,OP13-091,R,Parallel,tcgcsv,high,131,market_number_eq_canonical_or_extracted;image_basename_number_agrees;set_code_match;rarity_match;parallel_token_in_market_fields;card_name_substring_product;source_tcgcsv,0,OP13-091,OP13,3,3,parallel_1,Parallel 1,official-cardlist,OP13-091_p1,OP13/parallel/OP13-091_p1.png,https://en.onepiece-cardgame.com/images/cardlist/card/OP13-091_p1.png?260305,OP13,0,
5741,1772,OP13-091,,St. Marcus Mars,R,,4571,657368,St. Marcus Mars (Parallel),St Marcus Mars Parallel,OP13-091,R,Parallel,tcgcsv,high,131,market_number_eq_canonical_or_extracted;image_basename_number_agrees;set_code_match;rarity_match;parallel_token_in_market_fields;card_name_substring_product;source_tcgcsv,0,OP13-091,OP13,3,3,parallel_2,Parallel 2,official-cardlist,OP13-091_p2,OP13/parallel/OP13-091_p2.png,https://en.onepiece-cardgame.com/images/cardlist/card/OP13-091_p2.png?260305,OP13,0,
5810,1799,OP13-118,,Monkey.D.Luffy,SEC,,4606,657403,Monkey.D.Luffy (118) (Parallel),MonkeyDLuffy 118 Parallel,OP13-118,SEC,Parallel,tcgcsv,high,139,market_number_eq_canonical_or_extracted;image_basename_number_agrees;set_code_match;rarity_match;parallel_token_in_market_fields;parallel_index_loose_in_name;card_name_substring_product;source_tcgcsv,0,OP13-118,OP13,6,6,parallel_1,Parallel 1,official-cardlist,OP13-118_p1,OP13/parallel/OP13-118_p1.png,https://en.onepiece-cardgame.com/images/cardlist/card/OP13-118_p1.png?260305,OP13,0,
5811,1799,OP13-118,,Monkey.D.Luffy,SEC,,4606,657403,Monkey.D.Luffy (118) (Parallel),MonkeyDLuffy 118 Parallel,OP13-118,SEC,Parallel,tcgcsv,high,131,market_number_eq_canonical_or_extracted;image_basename_number_agrees;set_code_match;rarity_match;parallel_token_in_market_fields;card_name_substring_product;source_tcgcsv,0,OP13-118,OP13,6,6,parallel_2,Parallel 2,official-cardlist,OP13-118_p2,OP13/parallel/OP13-118_p2.png,https://en.onepiece-cardgame.com/images/cardlist/card/OP13-118_p2.png?260305,OP13,0,
5812,1799,OP13-118,,Monkey.D.Luffy,SEC,,4606,657403,Monkey.D.Luffy (118) (Parallel),MonkeyDLuffy 118 Parallel,OP13-118,SEC,Parallel,tcgcsv,high,131,market_number_eq_canonical_or_extracted;image_basename_number_agrees;set_code_match;rarity_match;parallel_token_in_market_fields;card_name_substring_product;source_tcgcsv,0,OP13-118,OP13,6,6,parallel_3,Parallel 3,official-cardlist,OP13-118_p3,OP13/parallel/OP13-118_p3.png,https://en.onepiece-cardgame.com/images/cardlist/card/OP13-118_p3.png?260305,OP13,0,-CARRYING ON HIS WILL- [OP-13]
5813,1799,OP13-118,,Monkey.D.Luffy,SEC,,4606,657403,Monkey.D.Luffy (118) (Parallel),MonkeyDLuffy 118 Parallel,OP13-118,SEC,Parallel,tcgcsv,high,131,market_number_eq_canonical_or_extracted;image_basename_number_agrees;set_code_match;rarity_match;parallel_token_in_market_fields;card_name_substring_product;source_tcgcsv,0,OP13-118,OP13,6,6,parallel_4,Parallel 4,official-cardlist,OP13-118_p4,OP13/parallel/OP13-118_p4.png,https://en.onepiece-cardgame.com/images/cardlist/card/OP13-118_p4.png?260305,OP13,0,-CARRYING ON HIS WILL- [OP-13]
5821,1800,OP13-119,,Portgas.D.Ace,SEC,,4611,657408,Portgas.D.Ace (119) (Parallel),PortgasDAce 119 Parallel,OP13-119,SEC,Parallel,tcgcsv,high,139,market_number_eq_canonical_or_extracted;image_basename_number_agrees;set_code_match;rarity_match;parallel_token_in_market_fields;parallel_index_loose_in_name;card_name_substring_product;source_tcgcsv,0,OP13-119,OP13,7,7,parallel_1,Parallel 1,official-cardlist,OP13-119_p1,OP13/parallel/OP13-119_p1.png,https://en.onepiece-cardgame.com/images/cardlist/card/OP13-119_p1.png?260305,OP13,0,
5822,1800,OP13-119,,Portgas.D.Ace,SEC,,4611,657408,Portgas.D.Ace (119) (Parallel),PortgasDAce 119 Parallel,OP13-119,SEC,Parallel,tcgcsv,high,131,market_number_eq_canonical_or_extracted;image_basename_number_agrees;set_code_match;rarity_match;parallel_token_in_market_fields;card_name_substring_product;source_tcgcsv,0,OP13-119,OP13,7,7,parallel_2,Parallel 2,official-cardlist,OP13-119_p2,OP13/parallel/OP13-119_p2.png,https://en.onepiece-cardgame.com/images/cardlist/card/OP13-119_p2.png?260305,OP13,0,
5823,1800,OP13-119,,Portgas.D.Ace,SEC,,4611,657408,Portgas.D.Ace (119) (Parallel),PortgasDAce 119 Parallel,OP13-119,SEC,Parallel,tcgcsv,high,131,market_number_eq_canonical_or_extracted;image_basename_number_agrees;set_code_match;rarity_match;parallel_token_in_market_fields;card_name_substring_product;source_tcgcsv,0,OP13-119,OP13,7,7,parallel_3,Parallel 3,official-cardlist,OP13-119_p3,OP13/parallel/OP13-119_p3.png,https://en.onepiece-cardgame.com/images/cardlist/card/OP13-119_p3.png?260305,OP13,0,-CARRYING ON HIS WILL- [OP-13]
5824,1800,OP13-119,,Portgas.D.Ace,SEC,,4611,657408,Portgas.D.Ace (119) (Parallel),PortgasDAce 119 Parallel,OP13-119,SEC,Parallel,tcgcsv,high,131,market_number_eq_canonical_or_extracted;image_basename_number_agrees;set_code_match;rarity_match;parallel_token_in_market_fields;card_name_substring_product;source_tcgcsv,0,OP13-119,OP13,7,7,parallel_4,Parallel 4,official-cardlist,OP13-119_p4,OP13/parallel/OP13-119_p4.png,https://en.onepiece-cardgame.com/images/cardlist/card/OP13-119_p4.png?260305,OP13,0,-CARRYING ON HIS WILL- [OP-13]
5832,1801,OP13-120,,Sabo,SEC,,4616,657413,Sabo (120) (Parallel),Sabo 120 Parallel,OP13-120,SEC,Parallel,tcgcsv,high,139,market_number_eq_canonical_or_extracted;image_basename_number_agrees;set_code_match;rarity_match;parallel_token_in_market_fields;parallel_index_loose_in_name;card_name_substring_product;source_tcgcsv,0,OP13-120,OP13,6,6,parallel_1,Parallel 1,official-cardlist,OP13-120_p1,OP13/parallel/OP13-120_p1.png,https://en.onepiece-cardgame.com/images/cardlist/card/OP13-120_p1.png?260305,OP13,0,
5833,1801,OP13-120,,Sabo,SEC,,4616,657413,Sabo (120) (Parallel),Sabo 120 Parallel,OP13-120,SEC,Parallel,tcgcsv,high,139,market_number_eq_canonical_or_extracted;image_basename_number_agrees;set_code_match;rarity_match;parallel_token_in_market_fields;parallel_index_loose_in_name;card_name_substring_product;source_tcgcsv,0,OP13-120,OP13,6,6,parallel_2,Parallel 2,official-cardlist,OP13-120_p2,OP13/parallel/OP13-120_p2.png,https://en.onepiece-cardgame.com/images/cardlist/card/OP13-120_p2.png?260305,OP13,0,
5834,1801,OP13-120,,Sabo,SEC,,4616,657413,Sabo (120) (Parallel),Sabo 120 Parallel,OP13-120,SEC,Parallel,tcgcsv,high,131,market_number_eq_canonical_or_extracted;image_basename_number_agrees;set_code_match;rarity_match;parallel_token_in_market_fields;card_name_substring_product;source_tcgcsv,0,OP13-120,OP13,6,6,parallel_3,Parallel 3,official-cardlist,OP13-120_p3,OP13/parallel/OP13-120_p3.png,https://en.onepiece-cardgame.com/images/cardlist/card/OP13-120_p3.png?260305,OP13,0,-CARRYING ON HIS WILL- [OP-13]
5835,1801,OP13-120,,Sabo,SEC,,4616,657413,Sabo (120) (Parallel),Sabo 120 Parallel,OP13-120,SEC,Parallel,tcgcsv,high,131,market_number_eq_canonical_or_extracted;image_basename_number_agrees;set_code_match;rarity_match;parallel_token_in_market_fields;card_name_substring_product;source_tcgcsv,0,OP13-120,OP13,6,6,parallel_4,Parallel 4,official-cardlist,OP13-120_p4,OP13/parallel/OP13-120_p4.png,https://en.onepiece-cardgame.com/images/cardlist/card/OP13-120_p4.png?260305,OP13,0,-CARRYING ON HIS WILL- [OP-13]
5895,1824,OP14-023,,Kikunojo,R,,5152,671366,Kikunojo - OP14-023,Kikunojo OP14 023,OP14-023,R,,tcgcsv,high,113,market_number_eq_canonical_or_extracted;image_basename_number_agrees;set_code_match;rarity_match;card_name_substring_product;source_tcgcsv,0,OP14-023,OP14,1,1,promo,Standardbattle,local-catalog,OP14-023::standardbattle,thumbs/OP14-023(StandardBattle).webp,,OP14,0,
6100,1906,OP14-105,,Gorgon Sisters,UC,,5221,671435,Gorgon Sisters,Gorgon Sisters,OP14-105,UC,,tcgcsv,high,113,market_number_eq_canonical_or_extracted;image_basename_number_agrees;set_code_match;rarity_match;card_name_substring_product;source_tcgcsv,0,OP14-105,OP14,1,1,promo,Standardbattle,local-catalog,OP14-105::standardbattle,thumbs/OP14-105(StandardBattle).webp,,OP14,0,
6362,2067,P-026,,Morgan,P,,824,486778,Morgan (Pirates Party Vol. 2),Morgan Pirates Party Vol 2,P-026,PR,,tcgcsv,high,89,market_number_eq_canonical_or_extracted;set_code_match;card_name_substring_product;source_tcgcsv,0,P-026,P,1,1,operator_review,2,local-catalog,P-026::2,thumbs/P-026 (2).webp,,P,0,
6370,2070,P-029,,Bartolomeo,P,,3173,580991,Bartolomeo,Bartolomeo,P-029,PR,,tcgcsv,high,89,market_number_eq_canonical_or_extracted;set_code_match;card_name_substring_product;source_tcgcsv,0,P-029,ST16,7,7,r1,R1,official-cardlist,P-029_r1,ST16/reprint/P-029_r1.png,https://en.onepiece-cardgame.com/images/cardlist/card/P-029_r1.png?260305,ST16,0,-Green Uta- [ST-16]
6376,2071,P-030,,Jinbe,P,,3195,581011,Jinbe,Jinbe,P-030,PR,,tcgcsv,high,89,market_number_eq_canonical_or_extracted;set_code_match;card_name_substring_product;source_tcgcsv,0,P-030,ST17,6,6,r1,R1,official-cardlist,P-030_r1,ST17/reprint/P-030_r1.png,https://en.onepiece-cardgame.com/images/cardlist/card/P-030_r1.png?260305,ST17,0,-Blue Donquixote Doflamingo- [ST-17]
6397,2082,P-041,,Monkey.D.Luffy,P,,3213,581030,Monkey.D.Luffy (P-041),MonkeyDLuffy P 041,P-041,PR,,tcgcsv,high,89,market_number_eq_canonical_or_extracted;set_code_match;card_name_substring_product;source_tcgcsv,0,P-041,ST18,11,11,r1,R1,official-cardlist,P-041_r1,ST18/reprint/P-041_r1.png,https://en.onepiece-cardgame.com/images/cardlist/card/P-041_r1.png?260305,ST18,0,-Purple Monkey.D.Luffy- [ST-18]
6461,2102,P-061,,Monkey.D.Luffy,P,,3178,580996,Monkey.D.Luffy (P-061),MonkeyDLuffy P 061,P-061,PR,,tcgcsv,high,89,market_number_eq_canonical_or_extracted;set_code_match;card_name_substring_product;source_tcgcsv,0,P-061,ST16,3,3,r1,R1,official-cardlist,P-061_r1,ST16/reprint/P-061_r1.png,https://en.onepiece-cardgame.com/images/cardlist/card/P-061_r1.png?260305,ST16,0,-Green Uta- [ST-16]
6592,2134,P-093,,Trafalgar Law,P,,1883,671740,Trafalgar Law (Illustration Box Vol.6),Trafalgar Law Illustration Box Vol6,P-093,PR,,tcgcsv,high,89,market_number_eq_canonical_or_extracted;set_code_match;card_name_substring_product;source_tcgcsv,0,P-093,P,1,1,operator_review,Illustration Boxvol 6,local-catalog,P-093::illustration boxvol 6,thumbs/P-093(IllustrationBoxVol.6).webp,,P,0,
6608,2142,P-101,,Tony Tony.Chopper,P,,1830,668173,Tony Tony.Chopper (Store Tournament 2025 Vol. 4),Tony TonyChopper Store Tournament 2025 Vol 4,P-101,PR,,tcgcsv,high,89,market_number_eq_canonical_or_extracted;set_code_match;card_name_substring_product;source_tcgcsv,0,P-101,P,1,1,alt,Alt,local-catalog,P-101::alt,thumbs/P-101(alt).webp,,P,0,
6611,2143,P-102,,Nami,P,,1831,668174,Nami (Store Tournament 2025 Vol. 4),Nami Store Tournament 2025 Vol 4,P-102,PR,,tcgcsv,high,89,market_number_eq_canonical_or_extracted;set_code_match;card_name_substring_product;source_tcgcsv,0,P-102,P,1,1,alt,Alt,local-catalog,P-102::alt,thumbs/P-102(alt).webp,,P,0,
6614,2144,P-103,,Portgas.D.Ace,P,,1832,668175,Portgas.D.Ace (Store Tournament 2025 Vol. 4),PortgasDAce Store Tournament 2025 Vol 4,P-103,PR,,tcgcsv,high,89,market_number_eq_canonical_or_extracted;set_code_match;card_name_substring_product;source_tcgcsv,0,P-103,P,1,1,alt,Alt,local-catalog,P-103::alt,thumbs/P-103(alt).webp,,P,0,
6617,2145,P-104,,Shanks,P,,1833,668177,Shanks (Store Tournament 2025 Vol. 4),Shanks Store Tournament 2025 Vol 4,P-104,PR,,tcgcsv,high,89,market_number_eq_canonical_or_extracted;set_code_match;card_name_substring_product;source_tcgcsv,0,P-104,P,1,1,alt,Alt,local-catalog,P-104::alt,thumbs/P-104(alt).webp,,P,0,
6620,2146,P-105,,Sabo,P,,1834,668179,Sabo (Store Tournament 2025 Vol. 4),Sabo Store Tournament 2025 Vol 4,P-105,PR,,tcgcsv,high,89,market_number_eq_canonical_or_extracted;set_code_match;card_name_substring_product;source_tcgcsv,0,P-105,P,2,2,alt,Alt,local-catalog,P-105::alt,thumbs/P-105(alt).webp,,P,0,
6623,2147,P-106,,Monkey.D.Luffy,P,,1835,668181,Monkey.D.Luffy (Store Tournament 2025 Vol. 4),MonkeyDLuffy Store Tournament 2025 Vol 4,P-106,PR,,tcgcsv,high,89,market_number_eq_canonical_or_extracted;set_code_match;card_name_substring_product;source_tcgcsv,0,P-106,P,1,1,alt,Alt,local-catalog,P-106::alt,thumbs/P-106(alt).webp,,P,0,
6624,2147,P-106,,Monkey.D.Luffy,P,,1835,668181,Monkey.D.Luffy (Store Tournament 2025 Vol. 4),MonkeyDLuffy Store Tournament 2025 Vol 4,P-106,PR,,tcgcsv,high,89,market_number_eq_canonical_or_extracted;set_code_match;card_name_substring_product;source_tcgcsv,0,P-106,P,1,1,promo,Gold,local-catalog,P-106::gold,thumbs/P-106(gold).webp,,P,0,
6690,2180,PRB02-006,,Roronoa Zoro,R,,5110,670642,Roronoa Zoro - PRB02-006 (SP),Roronoa Zoro PRB02 006 SP,PRB02-006,R,,tcgcsv,high,101,market_number_eq_canonical_or_extracted;image_basename_number_agrees;set_code_match;rarity_match;parallel_variant_no_parallel_market_penalty;card_name_substring_product;source_tcgcsv,0,PRB02-006,OP14,3,3,parallel_2,Parallel 2,official-cardlist,PRB02-006_p2,EB04/parallel/PRB02-006_p2.png,https://en.onepiece-cardgame.com/images/cardlist/card/PRB02-006_p2.png?260305,OP14,0,-THE AZURE SEA’S SEVEN- [OP14-EB04]
6743,2193,ST01-001,,Monkey.D.Luffy,L,,628,288228,Monkey.D.Luffy (001),MonkeyDLuffy 001,ST01-001,L,,tcgcsv,high,113,market_number_eq_canonical_or_extracted;image_basename_number_agrees;set_code_match;rarity_match;card_name_substring_product;source_tcgcsv,0,ST01-001,ST01,2,2,promo,Champion,local-catalog,ST01-001::champion,thumbs/ST01-001 Champion.webp,,ST01,0,
6744,2193,ST01-001,,Monkey.D.Luffy,L,,628,288228,Monkey.D.Luffy (001),MonkeyDLuffy 001,ST01-001,L,,tcgcsv,high,113,market_number_eq_canonical_or_extracted;image_basename_number_agrees;set_code_match;rarity_match;card_name_substring_product;source_tcgcsv,0,ST01-001,ST01,2,2,promo,Super Pre Release,local-catalog,ST01-001::super pre release,thumbs/ST01-001 super pre release.webp,,ST01,0,
6747,2194,ST01-002,,Usopp,C,,629,288229,Usopp,Usopp,ST01-002,C,,tcgcsv,high,113,market_number_eq_canonical_or_extracted;image_basename_number_agrees;set_code_match;rarity_match;card_name_substring_product;source_tcgcsv,0,ST01-002,ST01,3,3,promo,25Th,local-catalog,ST01-002::25th,thumbs/ST01-002_25th.webp,,ST01,0,
6748,2194,ST01-002,,Usopp,C,,629,288229,Usopp,Usopp,ST01-002,C,,tcgcsv,high,113,market_number_eq_canonical_or_extracted;image_basename_number_agrees;set_code_match;rarity_match;card_name_substring_product;source_tcgcsv,0,ST01-002,ST01,3,3,promo,Film,local-catalog,ST01-002::film,thumbs/ST01-002_Film.webp,,ST01,0,
6749,2194,ST01-002,,Usopp,C,,629,288229,Usopp,Usopp,ST01-002,C,,tcgcsv,high,113,market_number_eq_canonical_or_extracted;image_basename_number_agrees;set_code_match;rarity_match;card_name_substring_product;source_tcgcsv,0,ST01-002,ST01,3,3,promo,Film2,local-catalog,ST01-002::film2,thumbs/ST01-002_Film2.webp,,ST01,0,
6750,2194,ST01-002,,Usopp,C,,629,288229,Usopp,Usopp,ST01-002,C,,tcgcsv,high,101,market_number_eq_canonical_or_extracted;image_basename_number_agrees;set_code_match;rarity_match;parallel_variant_no_parallel_market_penalty;card_name_substring_product;source_tcgcsv,0,ST01-002,ST01,3,3,parallel_1,Parallel 1,official-cardlist,ST01-002_p1,PCCFR/parallel/ST01-002_p1.png,https://en.onepiece-cardgame.com/images/cardlist/card/ST01-002_p1.png?260305,ST01,0,Premium Card Collection -FILM RED Edition-
6751,2194,ST01-002,,Usopp,C,,629,288229,Usopp,Usopp,ST01-002,C,,tcgcsv,high,101,market_number_eq_canonical_or_extracted;image_basename_number_agrees;set_code_match;rarity_match;parallel_variant_no_parallel_market_penalty;card_name_substring_product;source_tcgcsv,0,ST01-002,ST01,3,3,parallel_2,Parallel 2,official-cardlist,ST01-002_p2,PCC25/parallel/ST01-002_p2.png,https://en.onepiece-cardgame.com/images/cardlist/card/ST01-002_p2.png?260305,ST01,0,Premium Card Collection -25th Edition-
6756,2196,ST01-004,,Sanji,C,,631,288232,Sanji,Sanji,ST01-004,C,,tcgcsv,high,113,market_number_eq_canonical_or_extracted;image_basename_number_agrees;set_code_match;rarity_match;card_name_substring_product;source_tcgcsv,0,ST01-004,ST01,8,8,alt,Alt,local-catalog,ST01-004::alt,thumbs/ST01-004(alt).webp,,ST01,0,
6757,2196,ST01-004,,Sanji,C,,631,288232,Sanji,Sanji,ST01-004,C,,tcgcsv,high,113,market_number_eq_canonical_or_extracted;image_basename_number_agrees;set_code_match;rarity_match;card_name_substring_product;source_tcgcsv,0,ST01-004,ST01,8,8,promo,Film,local-catalog,ST01-004::film,thumbs/ST01-004_Film.webp,,ST01,0,
6758,2196,ST01-004,,Sanji,C,,631,288232,Sanji,Sanji,ST01-004,C,,tcgcsv,high,113,market_number_eq_canonical_or_extracted;image_basename_number_agrees;set_code_match;rarity_match;card_name_substring_product;source_tcgcsv,0,ST01-004,ST01,8,8,promo,Film2,local-catalog,ST01-004::film2,thumbs/ST01-004_Film2.webp,,ST01,0,
6759,2196,ST01-004,,Sanji,C,,631,288232,Sanji,Sanji,ST01-004,C,,tcgcsv,high,101,market_number_eq_canonical_or_extracted;image_basename_number_agrees;set_code_match;rarity_match;parallel_variant_no_parallel_market_penalty;card_name_substring_product;source_tcgcsv,0,ST01-004,ST01,8,8,parallel_1,Parallel 1,official-cardlist,ST01-004_p1,ORP01/parallel/ST01-004_p1.png,https://en.onepiece-cardgame.com/images/cardlist/card/ST01-004_p1.png?260305,ST01,0,Included in Online Regional Participation Pack Vol.1
6760,2196,ST01-004,,Sanji,C,,631,288232,Sanji,Sanji,ST01-004,C,,tcgcsv,high,101,market_number_eq_canonical_or_extracted;image_basename_number_agrees;set_code_match;rarity_match;parallel_variant_no_parallel_market_penalty;card_name_substring_product;source_tcgcsv,0,ST01-004,ST01,8,8,parallel_2,Parallel 2,official-cardlist,ST01-004_p2,PCCFR/parallel/ST01-004_p2.png,https://en.onepiece-cardgame.com/images/cardlist/card/ST01-004_p2.png?260305,ST01,0,Premium Card Collection -FILM RED Edition-
6763,2197,ST01-005,,Jinbe,C,,632,288234,Jinbe,Jinbe,ST01-005,C,,tcgcsv,high,113,market_number_eq_canonical_or_extracted;image_basename_number_agrees;set_code_match;rarity_match;card_name_substring_product;source_tcgcsv,0,ST01-005,ST01,3,3,promo,25Th,local-catalog,ST01-005::25th,thumbs/ST01-005_25th.webp,,ST01,0,
6764,2197,ST01-005,,Jinbe,C,,632,288234,Jinbe,Jinbe,ST01-005,C,,tcgcsv,high,113,market_number_eq_canonical_or_extracted;image_basename_number_agrees;set_code_match;rarity_match;card_name_substring_product;source_tcgcsv,0,ST01-005,ST01,3,3,alt,Alt,local-catalog,ST01-005::alt,thumbs/ST01-005(alt).webp,,ST01,0,
6765,2197,ST01-005,,Jinbe,C,,632,288234,Jinbe,Jinbe,ST01-005,C,,tcgcsv,high,101,market_number_eq_canonical_or_extracted;image_basename_number_agrees;set_code_match;rarity_match;parallel_variant_no_parallel_market_penalty;card_name_substring_product;source_tcgcsv,0,ST01-005,ST01,3,3,parallel_1,Parallel 1,official-cardlist,ST01-005_p1,PCC25/parallel/ST01-005_p1.png,https://en.onepiece-cardgame.com/images/cardlist/card/ST01-005_p1.png?260305,ST01,0,Premium Card Collection -25th Edition-
6766,2197,ST01-005,,Jinbe,C,,632,288234,Jinbe,Jinbe,ST01-005,C,,tcgcsv,high,101,market_number_eq_canonical_or_extracted;image_basename_number_agrees;set_code_match;rarity_match;parallel_variant_no_parallel_market_penalty;card_name_substring_product;source_tcgcsv,0,ST01-005,ST01,3,3,parallel_2,Parallel 2,official-cardlist,ST01-005_p2,GC01/parallel/ST01-005_p2.png,https://en.onepiece-cardgame.com/images/cardlist/card/ST01-005_p2.png?260305,ST01,0,GIFT COLLECTION 2023 [GC-01]
6769,2198,ST01-006,,Tony Tony.Chopper,C,,633,288235,Tony Tony.Chopper,Tony TonyChopper,ST01-006,C,,tcgcsv,high,113,market_number_eq_canonical_or_extracted;image_basename_number_agrees;set_code_match;rarity_match;card_name_substring_product;source_tcgcsv,0,ST01-006,ST01,11,11,promo,1St Anniversary Alt,local-catalog,ST01-006::1st anniversary alt,thumbs/ST01-006(1st anniversary alt).webp,,ST01,0,
6770,2198,ST01-006,,Tony Tony.Chopper,C,,633,288235,Tony Tony.Chopper,Tony TonyChopper,ST01-006,C,,tcgcsv,high,113,market_number_eq_canonical_or_extracted;image_basename_number_agrees;set_code_match;rarity_match;card_name_substring_product;source_tcgcsv,0,ST01-006,ST01,11,11,promo,25Th,local-catalog,ST01-006::25th,thumbs/ST01-006_25th.webp,,ST01,0,
6771,2198,ST01-006,,Tony Tony.Chopper,C,,633,288235,Tony Tony.Chopper,Tony TonyChopper,ST01-006,C,,tcgcsv,high,113,market_number_eq_canonical_or_extracted;image_basename_number_agrees;set_code_match;rarity_match;card_name_substring_product;source_tcgcsv,0,ST01-006,ST01,11,11,alt,Alt,local-catalog,ST01-006::alt,thumbs/ST01-006 (Alt).webp,,ST01,0,
6772,2198,ST01-006,,Tony Tony.Chopper,C,,633,288235,Tony Tony.Chopper,Tony TonyChopper,ST01-006,C,,tcgcsv,high,113,market_number_eq_canonical_or_extracted;image_basename_number_agrees;set_code_match;rarity_match;card_name_substring_product;source_tcgcsv,0,ST01-006,ST01,11,11,alt,Alt Art 2,local-catalog,ST01-006::alt art 2,thumbs/ST01-006(alt2).webp,,ST01,0,
6773,2198,ST01-006,,Tony Tony.Chopper,C,,633,288235,Tony Tony.Chopper,Tony TonyChopper,ST01-006,C,,tcgcsv,high,101,market_number_eq_canonical_or_extracted;set_code_match;rarity_match;card_name_substring_product;source_tcgcsv,0,ST01-006,ST01,11,11,alt,Alt Art 3,local-catalog,ST01-006::alt art 3,thumbs/ST01-006alt3.webp,,ST01,0,
6774,2198,ST01-006,,Tony Tony.Chopper,C,,633,288235,Tony Tony.Chopper,Tony TonyChopper,ST01-006,C,,tcgcsv,high,113,market_number_eq_canonical_or_extracted;image_basename_number_agrees;set_code_match;rarity_match;card_name_substring_product;source_tcgcsv,0,ST01-006,ST01,11,11,promo,Film,local-catalog,ST01-006::film,thumbs/ST01-006_Film.webp,,ST01,0,
6775,2198,ST01-006,,Tony Tony.Chopper,C,,633,288235,Tony Tony.Chopper,Tony TonyChopper,ST01-006,C,,tcgcsv,high,113,market_number_eq_canonical_or_extracted;image_basename_number_agrees;set_code_match;rarity_match;card_name_substring_product;source_tcgcsv,0,ST01-006,ST01,11,11,promo,Film2,local-catalog,ST01-006::film2,thumbs/ST01-006_Film2.webp,,ST01,0,
6776,2198,ST01-006,,Tony Tony.Chopper,C,,633,288235,Tony Tony.Chopper,Tony TonyChopper,ST01-006,C,,tcgcsv,high,101,market_number_eq_canonical_or_extracted;image_basename_number_agrees;set_code_match;rarity_match;parallel_variant_no_parallel_market_penalty;card_name_substring_product;source_tcgcsv,0,ST01-006,ST01,11,11,parallel_1,Parallel 1,official-cardlist,ST01-006_p1,PCCFR/parallel/ST01-006_p1.png,https://en.onepiece-cardgame.com/images/cardlist/card/ST01-006_p1.png?260305,ST01,0,Premium Card Collection -FILM RED Edition-
6777,2198,ST01-006,,Tony Tony.Chopper,C,,633,288235,Tony Tony.Chopper,Tony TonyChopper,ST01-006,C,,tcgcsv,high,101,market_number_eq_canonical_or_extracted;image_basename_number_agrees;set_code_match;rarity_match;parallel_variant_no_parallel_market_penalty;card_name_substring_product;source_tcgcsv,0,ST01-006,ST01,11,11,parallel_2,Parallel 2,official-cardlist,ST01-006_p2,PCC25/parallel/ST01-006_p2.png,https://en.onepiece-cardgame.com/images/cardlist/card/ST01-006_p2.png?260305,ST01,0,Premium Card Collection -25th Edition-
6778,2198,ST01-006,,Tony Tony.Chopper,C,,633,288235,Tony Tony.Chopper,Tony TonyChopper,ST01-006,C,,tcgcsv,high,101,market_number_eq_canonical_or_extracted;image_basename_number_agrees;set_code_match;rarity_match;parallel_variant_no_parallel_market_penalty;card_name_substring_product;source_tcgcsv,0,ST01-006,ST01,11,11,parallel_3,Parallel 3,official-cardlist,ST01-006_p3,GC01/parallel/ST01-006_p3.png,https://en.onepiece-cardgame.com/images/cardlist/card/ST01-006_p3.png?260305,ST01,0,GIFT COLLECTION 2023 [GC-01]
6779,2198,ST01-006,,Tony Tony.Chopper,C,,633,288235,Tony Tony.Chopper,Tony TonyChopper,ST01-006,C,,tcgcsv,high,101,market_number_eq_canonical_or_extracted;image_basename_number_agrees;set_code_match;rarity_match;parallel_variant_no_parallel_market_penalty;card_name_substring_product;source_tcgcsv,0,ST01-006,ST01,11,11,parallel_4,Parallel 4,official-cardlist,ST01-006_p4,ANN1EN/parallel/ST01-006_p4.png,https://en.onepiece-cardgame.com/images/cardlist/card/ST01-006_p4.png?260305,ST01,0,English Version 1st Anniversary Set
6783,2198,ST01-006,,Tony Tony.Chopper,C,,633,288235,Tony Tony.Chopper,Tony TonyChopper,ST01-006,C,,tcgcsv,high,113,market_number_eq_canonical_or_extracted;image_basename_number_agrees;set_code_match;rarity_match;card_name_substring_product;source_tcgcsv,0,ST01-006,ST01,11,11,alt,Prb01Alt,local-catalog,ST01-006::prb01alt,thumbs/ST01-006(PRB01alt).webp,,ST01,0,
6787,2199,ST01-007,,Nami,TR,,634,288236,Nami,Nami,ST01-007,C,,tcgcsv,high,101,market_number_eq_canonical_or_extracted;image_basename_number_agrees;set_code_match;card_name_substring_product;source_tcgcsv,0,ST01-007,ST01,8,8,promo,2Nd Anniversary Alt,local-catalog,ST01-007::2nd anniversary alt,thumbs/ST01-007(2nd anniversary alt).webp,,ST01,0,
6788,2199,ST01-007,,Nami,TR,,634,288236,Nami,Nami,ST01-007,C,,tcgcsv,high,101,market_number_eq_canonical_or_extracted;image_basename_number_agrees;set_code_match;card_name_substring_product;source_tcgcsv,0,ST01-007,ST01,8,8,alt,Alt,local-catalog,ST01-007::alt,thumbs/ST01-007_Alt.webp,,ST01,0,
6789,2199,ST01-007,,Nami,TR,,634,288236,Nami,Nami,ST01-007,C,,tcgcsv,high,89,market_number_eq_canonical_or_extracted;set_code_match;card_name_substring_product;source_tcgcsv,0,ST01-007,ST01,8,8,alt,Alt Art 3,local-catalog,ST01-007::alt art 3,thumbs/ST01-007alt3.webp,,ST01,0,
6790,2199,ST01-007,,Nami,TR,,634,288236,Nami,Nami,ST01-007,C,,tcgcsv,high,101,market_number_eq_canonical_or_extracted;image_basename_number_agrees;set_code_match;card_name_substring_product;source_tcgcsv,0,ST01-007,ST01,8,8,promo,Film,local-catalog,ST01-007::film,thumbs/ST01-007_Film.webp,,ST01,0,
6791,2199,ST01-007,,Nami,TR,,634,288236,Nami,Nami,ST01-007,C,,tcgcsv,high,101,market_number_eq_canonical_or_extracted;image_basename_number_agrees;set_code_match;card_name_substring_product;source_tcgcsv,0,ST01-007,ST01,8,8,promo,Film2,local-catalog,ST01-007::film2,thumbs/ST01-007_Film2.webp,,ST01,0,
6792,2199,ST01-007,,Nami,TR,,634,288236,Nami,Nami,ST01-007,C,,tcgcsv,high,89,market_number_eq_canonical_or_extracted;image_basename_number_agrees;set_code_match;parallel_variant_no_parallel_market_penalty;card_name_substring_product;source_tcgcsv,0,ST01-007,ST01,8,8,parallel_1,Parallel 1,official-cardlist,ST01-007_p1,PCCFR/parallel/ST01-007_p1.png,https://en.onepiece-cardgame.com/images/cardlist/card/ST01-007_p1.png?260305,ST01,0,Premium Card Collection -FILM RED Edition-
6793,2199,ST01-007,,Nami,TR,,634,288236,Nami,Nami,ST01-007,C,,tcgcsv,high,89,market_number_eq_canonical_or_extracted;image_basename_number_agrees;set_code_match;parallel_variant_no_parallel_market_penalty;card_name_substring_product;source_tcgcsv,0,ST01-007,ST01,8,8,parallel_2,Parallel 2,official-cardlist,ST01-007_p2,TP03/parallel/ST01-007_p2.png,https://en.onepiece-cardgame.com/images/cardlist/card/ST01-007_p2.png?260305,ST01,0,Tournament Pack Vol.3
6794,2199,ST01-007,,Nami,TR,,2694,541664,Nami (TR),Nami TR,ST01-007,TR,,tcgcsv,high,101,market_number_eq_canonical_or_extracted;image_basename_number_agrees;set_code_match;rarity_match;parallel_variant_no_parallel_market_penalty;card_name_substring_product;source_tcgcsv,0,ST01-007,OP06,8,8,parallel_3,Parallel 3,official-cardlist,ST01-007_p3,OP06/parallel/ST01-007_p3.png,https://en.onepiece-cardgame.com/images/cardlist/card/ST01-007_p3.png?260305,OP06,0,-WINGS OF THE CAPTAIN-[OP06]
6795,2199,ST01-007,,Nami,TR,,634,288236,Nami,Nami,ST01-007,C,,tcgcsv,high,89,market_number_eq_canonical_or_extracted;image_basename_number_agrees;set_code_match;parallel_variant_no_parallel_market_penalty;card_name_substring_product;source_tcgcsv,0,ST01-007,ST01,8,8,parallel_4,Parallel 4,official-cardlist,ST01-007_p4,_unclassified/parallel/ST01-007_p4.png,https://en.onepiece-cardgame.com/images/cardlist/card/ST01-007_p4.png?260305,ST01,0,2025 NEW YEAR EVENT
6796,2199,ST01-007,,Nami,TR,,634,288236,Nami,Nami,ST01-007,C,,tcgcsv,high,89,market_number_eq_canonical_or_extracted;image_basename_number_agrees;set_code_match;parallel_variant_no_parallel_market_penalty;card_name_substring_product;source_tcgcsv,0,ST01-007,ST01,8,8,parallel_5,Parallel 5,official-cardlist,ST01-007_p5,_unclassified/parallel/ST01-007_p5.png,https://en.onepiece-cardgame.com/images/cardlist/card/ST01-007_p5.png?260305,ST01,0,2025 NEW YEAR EVENT
6797,2199,ST01-007,,Nami,TR,,634,288236,Nami,Nami,ST01-007,C,,tcgcsv,high,101,market_number_eq_canonical_or_extracted;image_basename_number_agrees;set_code_match;card_name_substring_product;source_tcgcsv,0,ST01-007,ST01,8,8,tr,Tralt,local-catalog,ST01-007::tralt,thumbs/ST01-007(TRalt).webp,,ST01,0,
6800,2200,ST01-008,,Nico Robin,C,,635,288237,Nico Robin,Nico Robin,ST01-008,C,,tcgcsv,high,113,market_number_eq_canonical_or_extracted;image_basename_number_agrees;set_code_match;rarity_match;card_name_substring_product;source_tcgcsv,0,ST01-008,ST01,3,3,promo,25Th,local-catalog,ST01-008::25th,thumbs/ST01-008_25th.webp,,ST01,0,
6801,2200,ST01-008,,Nico Robin,C,,635,288237,Nico Robin,Nico Robin,ST01-008,C,,tcgcsv,high,113,market_number_eq_canonical_or_extracted;image_basename_number_agrees;set_code_match;rarity_match;card_name_substring_product;source_tcgcsv,0,ST01-008,ST01,3,3,alt,Alt Art 2,local-catalog,ST01-008::alt art 2,thumbs/ST01-008(alt2).webp,,ST01,0,
6802,2200,ST01-008,,Nico Robin,C,,635,288237,Nico Robin,Nico Robin,ST01-008,C,,tcgcsv,high,101,market_number_eq_canonical_or_extracted;image_basename_number_agrees;set_code_match;rarity_match;parallel_variant_no_parallel_market_penalty;card_name_substring_product;source_tcgcsv,0,ST01-008,ST01,3,3,parallel_1,Parallel 1,official-cardlist,ST01-008_p1,PCC25/parallel/ST01-008_p1.png,https://en.onepiece-cardgame.com/images/cardlist/card/ST01-008_p1.png?260305,ST01,0,Premium Card Collection -25th Edition-
6803,2200,ST01-008,,Nico Robin,C,,635,288237,Nico Robin,Nico Robin,ST01-008,C,,tcgcsv,high,101,market_number_eq_canonical_or_extracted;image_basename_number_agrees;set_code_match;rarity_match;parallel_variant_no_parallel_market_penalty;card_name_substring_product;source_tcgcsv,0,ST01-008,ST01,3,3,parallel_2,Parallel 2,official-cardlist,ST01-008_p2,GC01/parallel/ST01-008_p2.png,https://en.onepiece-cardgame.com/images/cardlist/card/ST01-008_p2.png?260305,ST01,0,GIFT COLLECTION 2023 [GC-01]
6806,2201,ST01-009,,Nefeltari Vivi,C,,636,288238,Nefeltari Vivi,Nefeltari Vivi,ST01-009,C,,tcgcsv,high,101,market_number_eq_canonical_or_extracted;set_code_match;rarity_match;card_name_substring_product;source_tcgcsv,0,ST01-009,ST01,3,3,alt,Alt,local-catalog,ST01-009::alt,thumbs/ST01-009alt.webp,,ST01,0,
6807,2201,ST01-009,,Nefeltari Vivi,C,,636,288238,Nefeltari Vivi,Nefeltari Vivi,ST01-009,C,,tcgcsv,high,101,market_number_eq_canonical_or_extracted;set_code_match;rarity_match;card_name_substring_product;source_tcgcsv,0,ST01-009,ST01,3,3,alt,Alt Art 2,local-catalog,ST01-009::alt art 2,thumbs/ST01-009alt2.webp,,ST01,0,
6808,2201,ST01-009,,Nefeltari Vivi,C,,636,288238,Nefeltari Vivi,Nefeltari Vivi,ST01-009,C,,tcgcsv,high,101,market_number_eq_canonical_or_extracted;image_basename_number_agrees;set_code_match;rarity_match;parallel_variant_no_parallel_market_penalty;card_name_substring_product;source_tcgcsv,0,ST01-009,ST01,3,3,parallel_1,Parallel 1,official-cardlist,ST01-009_p1,PREP03/parallel/ST01-009_p1.png,https://en.onepiece-cardgame.com/images/cardlist/card/ST01-009_p1.png?260305,ST01,0,Pre-Release OP03
6811,2202,ST01-010,,Franky,C,,637,288239,Franky,Franky,ST01-010,C,,tcgcsv,high,113,market_number_eq_canonical_or_extracted;image_basename_number_agrees;set_code_match;rarity_match;card_name_substring_product;source_tcgcsv,0,ST01-010,ST01,3,3,promo,1St Anniversary Alt,local-catalog,ST01-010::1st anniversary alt,thumbs/ST01-010(1st anniversary alt).webp,,ST01,0,
6812,2202,ST01-010,,Franky,C,,637,288239,Franky,Franky,ST01-010,C,,tcgcsv,high,113,market_number_eq_canonical_or_extracted;image_basename_number_agrees;set_code_match;rarity_match;card_name_substring_product;source_tcgcsv,0,ST01-010,ST01,3,3,promo,25Th,local-catalog,ST01-010::25th,thumbs/ST01-010_25th.webp,,ST01,0,
6813,2202,ST01-010,,Franky,C,,637,288239,Franky,Franky,ST01-010,C,,tcgcsv,high,101,market_number_eq_canonical_or_extracted;image_basename_number_agrees;set_code_match;rarity_match;parallel_variant_no_parallel_market_penalty;card_name_substring_product;source_tcgcsv,0,ST01-010,ST01,3,3,parallel_1,Parallel 1,official-cardlist,ST01-010_p1,PCC25/parallel/ST01-010_p1.png,https://en.onepiece-cardgame.com/images/cardlist/card/ST01-010_p1.png?260305,ST01,0,Premium Card Collection -25th Edition-
6814,2202,ST01-010,,Franky,C,,637,288239,Franky,Franky,ST01-010,C,,tcgcsv,high,101,market_number_eq_canonical_or_extracted;image_basename_number_agrees;set_code_match;rarity_match;parallel_variant_no_parallel_market_penalty;card_name_substring_product;source_tcgcsv,0,ST01-010,ST01,3,3,parallel_2,Parallel 2,official-cardlist,ST01-010_p2,ANN1EN/parallel/ST01-010_p2.png,https://en.onepiece-cardgame.com/images/cardlist/card/ST01-010_p2.png?260305,ST01,0,English Version 1st Anniversary Set
6817,2203,ST01-011,,Brook,C,,638,288240,Brook,Brook,ST01-011,C,,tcgcsv,high,113,market_number_eq_canonical_or_extracted;image_basename_number_agrees;set_code_match;rarity_match;card_name_substring_product;source_tcgcsv,0,ST01-011,ST01,9,9,promo,1St Anniversary Alt,local-catalog,ST01-011::1st anniversary alt,thumbs/ST01-011(1st anniversary alt).webp,,ST01,0,
6818,2203,ST01-011,,Brook,C,,638,288240,Brook,Brook,ST01-011,C,,tcgcsv,high,101,market_number_eq_canonical_or_extracted;set_code_match;rarity_match;card_name_substring_product;source_tcgcsv,0,ST01-011,ST01,9,9,alt,Alt,local-catalog,ST01-011::alt,thumbs/st01-011alt.webp,,ST01,0,
6819,2203,ST01-011,,Brook,C,,638,288240,Brook,Brook,ST01-011,C,,tcgcsv,high,101,market_number_eq_canonical_or_extracted;set_code_match;rarity_match;card_name_substring_product;source_tcgcsv,0,ST01-011,ST01,9,9,alt,Alt Art 2,local-catalog,ST01-011::alt art 2,thumbs/ST01-011alt2.webp,,ST01,0,
6820,2203,ST01-011,,Brook,C,,638,288240,Brook,Brook,ST01-011,C,,tcgcsv,high,113,market_number_eq_canonical_or_extracted;image_basename_number_agrees;set_code_match;rarity_match;card_name_substring_product;source_tcgcsv,0,ST01-011,ST01,9,9,promo,Film,local-catalog,ST01-011::film,thumbs/ST01-011_Film.webp,,ST01,0,
6821,2203,ST01-011,,Brook,C,,638,288240,Brook,Brook,ST01-011,C,,tcgcsv,high,113,market_number_eq_canonical_or_extracted;image_basename_number_agrees;set_code_match;rarity_match;card_name_substring_product;source_tcgcsv,0,ST01-011,ST01,9,9,promo,Film2,local-catalog,ST01-011::film2,thumbs/ST01-011_Film2.webp,,ST01,0,
6822,2203,ST01-011,,Brook,C,,638,288240,Brook,Brook,ST01-011,C,,tcgcsv,high,101,market_number_eq_canonical_or_extracted;image_basename_number_agrees;set_code_match;rarity_match;parallel_variant_no_parallel_market_penalty;card_name_substring_product;source_tcgcsv,0,ST01-011,ST01,9,9,parallel_1,Parallel 1,official-cardlist,ST01-011_p1,PCCFR/parallel/ST01-011_p1.png,https://en.onepiece-cardgame.com/images/cardlist/card/ST01-011_p1.png?260305,ST01,0,Premium Card Collection -FILM RED Edition-
6823,2203,ST01-011,,Brook,C,,638,288240,Brook,Brook,ST01-011,C,,tcgcsv,high,101,market_number_eq_canonical_or_extracted;image_basename_number_agrees;set_code_match;rarity_match;parallel_variant_no_parallel_market_penalty;card_name_substring_product;source_tcgcsv,0,ST01-011,ST01,9,9,parallel_2,Parallel 2,official-cardlist,ST01-011_p2,TP04/parallel/ST01-011_p2.png,https://en.onepiece-cardgame.com/images/cardlist/card/ST01-011_p2.png?260305,ST01,0,Tournament Pack Vol.4
6824,2203,ST01-011,,Brook,C,,638,288240,Brook,Brook,ST01-011,C,,tcgcsv,high,101,market_number_eq_canonical_or_extracted;image_basename_number_agrees;set_code_match;rarity_match;parallel_variant_no_parallel_market_penalty;card_name_substring_product;source_tcgcsv,0,ST01-011,ST01,9,9,parallel_3,Parallel 3,official-cardlist,ST01-011_p3,ANN1EN/parallel/ST01-011_p3.png,https://en.onepiece-cardgame.com/images/cardlist/card/ST01-011_p3.png?260305,ST01,0,English Version 1st Anniversary Set
6826,2203,ST01-011,,Brook,C,,638,288240,Brook,Brook,ST01-011,C,,tcgcsv,high,101,market_number_eq_canonical_or_extracted;image_basename_number_agrees;set_code_match;rarity_match;parallel_variant_no_parallel_market_penalty;card_name_substring_product;source_tcgcsv,0,ST01-011,ST01,9,9,parallel_5,Parallel 5,official-cardlist,ST01-011_p5,_unclassified/parallel/ST01-011_p5.png,https://en.onepiece-cardgame.com/images/cardlist/card/ST01-011_p5.png?260305,ST01,0,Premium Card Collection -BANDAI CARD GAMES Fest. 23-24 Edition-
6830,2204,ST01-012,,Monkey.D.Luffy,SR,,639,288241,Monkey.D.Luffy (012),MonkeyDLuffy 012,ST01-012,SR,,tcgcsv,high,113,market_number_eq_canonical_or_extracted;image_basename_number_agrees;set_code_match;rarity_match;card_name_substring_product;source_tcgcsv,0,ST01-012,ST01,8,8,alt,Alt,local-catalog,ST01-012::alt,thumbs/ST01-012(alt).webp,,ST01,0,
6831,2204,ST01-012,,Monkey.D.Luffy,SR,,639,288241,Monkey.D.Luffy (012),MonkeyDLuffy 012,ST01-012,SR,,tcgcsv,high,101,market_number_eq_canonical_or_extracted;set_code_match;rarity_match;card_name_substring_product;source_tcgcsv,0,ST01-012,ST01,8,8,alt,Alt Art 3,local-catalog,ST01-012::alt art 3,thumbs/ST01-012alt3.webp,,ST01,0,
6832,2204,ST01-012,,Monkey.D.Luffy,SR,,639,288241,Monkey.D.Luffy (012),MonkeyDLuffy 012,ST01-012,SR,,tcgcsv,high,101,market_number_eq_canonical_or_extracted;set_code_match;rarity_match;card_name_substring_product;source_tcgcsv,0,ST01-012,ST01,8,8,alt,Alt Art 4,local-catalog,ST01-012::alt art 4,thumbs/ST01-012alt4.webp,,ST01,0,
6833,2204,ST01-012,,Monkey.D.Luffy,SR,,639,288241,Monkey.D.Luffy (012),MonkeyDLuffy 012,ST01-012,SR,,tcgcsv,high,113,market_number_eq_canonical_or_extracted;image_basename_number_agrees;set_code_match;rarity_match;card_name_substring_product;source_tcgcsv,0,ST01-012,ST01,8,8,alt,Oda Alt,local-catalog,ST01-012::oda alt,thumbs/ST01-012 oda alt.webp,,ST01,0,
6834,2204,ST01-012,,Monkey.D.Luffy,SR,,2144,501678,Monkey.D.Luffy (Wanted Poster),MonkeyDLuffy Wanted Poster,ST01-012,SR,,tcgcsv,high,101,market_number_eq_canonical_or_extracted;image_basename_number_agrees;set_code_match;rarity_match;parallel_variant_no_parallel_market_penalty;card_name_substring_product;source_tcgcsv,0,ST01-012,OP03,8,8,parallel_1,Parallel 1,official-cardlist,ST01-012_p1,OP03/parallel/ST01-012_p1.png,https://en.onepiece-cardgame.com/images/cardlist/card/ST01-012_p1.png?260305,OP03,0,-PILLARS OF STRENGTH- [OP03]
6837,2204,ST01-012,,Monkey.D.Luffy,SR,,639,288241,Monkey.D.Luffy (012),MonkeyDLuffy 012,ST01-012,SR,,tcgcsv,high,101,market_number_eq_canonical_or_extracted;image_basename_number_agrees;set_code_match;rarity_match;parallel_variant_no_parallel_market_penalty;card_name_substring_product;source_tcgcsv,0,ST01-012,ST01,8,8,parallel_4,Parallel 4,official-cardlist,ST01-012_p4,TP05/parallel/ST01-012_p4.png,https://en.onepiece-cardgame.com/images/cardlist/card/ST01-012_p4.png?260305,ST01,0,Tournament Pack Vol.5
6838,2204,ST01-012,,Monkey.D.Luffy,SR,,639,288241,Monkey.D.Luffy (012),MonkeyDLuffy 012,ST01-012,SR,,tcgcsv,high,101,market_number_eq_canonical_or_extracted;image_basename_number_agrees;set_code_match;rarity_match;parallel_variant_no_parallel_market_penalty;card_name_substring_product;source_tcgcsv,0,ST01-012,ST01,8,8,parallel_5,Parallel 5,official-cardlist,ST01-012_p5,_unclassified/parallel/ST01-012_p5.png,https://en.onepiece-cardgame.com/images/cardlist/card/ST01-012_p5.png?260305,ST01,0,3rd Anniversary Event
6839,2204,ST01-012,,Monkey.D.Luffy,SR,,639,288241,Monkey.D.Luffy (012),MonkeyDLuffy 012,ST01-012,SR,,tcgcsv,high,101,market_number_eq_canonical_or_extracted;image_basename_number_agrees;set_code_match;rarity_match;parallel_variant_no_parallel_market_penalty;card_name_substring_product;source_tcgcsv,0,ST01-012,ST01,8,8,parallel_6,Parallel 6,official-cardlist,ST01-012_p6,_unclassified/parallel/ST01-012_p6.png,https://en.onepiece-cardgame.com/images/cardlist/card/ST01-012_p6.png?260305,ST01,0,3rd Anniversary Event
6840,2204,ST01-012,,Monkey.D.Luffy,SR,,639,288241,Monkey.D.Luffy (012),MonkeyDLuffy 012,ST01-012,SR,,tcgcsv,high,101,market_number_eq_canonical_or_extracted;set_code_match;rarity_match;card_name_substring_product;source_tcgcsv,0,ST01-012,ST01,8,8,promo,W Anted,local-catalog,ST01-012::w anted,thumbs/ST01-012wanted.webp,,ST01,0,
6843,2205,ST01-013,,Roronoa Zoro,SR,,640,288242,Roronoa Zoro,Roronoa Zoro,ST01-013,SR,,tcgcsv,high,101,market_number_eq_canonical_or_extracted;set_code_match;rarity_match;card_name_substring_product;source_tcgcsv,0,ST01-013,ST01,6,6,alt,Alt,local-catalog,ST01-013::alt,thumbs/ST01-013alt.webp,,ST01,0,
6845,2205,ST01-013,,Roronoa Zoro,SR,,640,288242,Roronoa Zoro,Roronoa Zoro,ST01-013,SR,,tcgcsv,high,113,market_number_eq_canonical_or_extracted;image_basename_number_agrees;set_code_match;rarity_match;card_name_substring_product;source_tcgcsv,0,ST01-013,ST01,6,6,promo,Film,local-catalog,ST01-013::film,thumbs/ST01-013_Film.webp,,ST01,0,
6846,2205,ST01-013,,Roronoa Zoro,SR,,640,288242,Roronoa Zoro,Roronoa Zoro,ST01-013,SR,,tcgcsv,high,113,market_number_eq_canonical_or_extracted;image_basename_number_agrees;set_code_match;rarity_match;card_name_substring_product;source_tcgcsv,0,ST01-013,ST01,6,6,promo,Film2,local-catalog,ST01-013::film2,thumbs/ST01-013_Film2.webp,,ST01,0,
6847,2205,ST01-013,,Roronoa Zoro,SR,,640,288242,Roronoa Zoro,Roronoa Zoro,ST01-013,SR,,tcgcsv,high,113,market_number_eq_canonical_or_extracted;image_basename_number_agrees;set_code_match;rarity_match;card_name_substring_product;source_tcgcsv,0,ST01-013,ST01,6,6,promo,New Year Alt,local-catalog,ST01-013::new year alt,thumbs/ST01-013 new year alt.webp,,ST01,0,
6848,2205,ST01-013,,Roronoa Zoro,SR,,640,288242,Roronoa Zoro,Roronoa Zoro,ST01-013,SR,,tcgcsv,high,101,market_number_eq_canonical_or_extracted;image_basename_number_agrees;set_code_match;rarity_match;parallel_variant_no_parallel_market_penalty;card_name_substring_product;source_tcgcsv,0,ST01-013,ST01,6,6,parallel_1,Parallel 1,official-cardlist,ST01-013_p1,PCCFR/parallel/ST01-013_p1.png,https://en.onepiece-cardgame.com/images/cardlist/card/ST01-013_p1.png?260305,ST01,0,Premium Card Collection -FILM RED Edition-
6849,2205,ST01-013,,Roronoa Zoro,SR,,640,288242,Roronoa Zoro,Roronoa Zoro,ST01-013,SR,,tcgcsv,high,101,market_number_eq_canonical_or_extracted;image_basename_number_agrees;set_code_match;rarity_match;parallel_variant_no_parallel_market_penalty;card_name_substring_product;source_tcgcsv,0,ST01-013,ST01,6,6,parallel_2,Parallel 2,official-cardlist,ST01-013_p2,GC01/parallel/ST01-013_p2.png,https://en.onepiece-cardgame.com/images/cardlist/card/ST01-013_p2.png?260305,ST01,0,GIFT COLLECTION 2023 [GC-01]
6857,2207,ST01-015,,Gum-Gum Jet Pistol,C,,642,288244,Gum-Gum Jet Pistol,Gum Gum Jet Pistol,ST01-015,C,,tcgcsv,high,113,market_number_eq_canonical_or_extracted;image_basename_number_agrees;set_code_match;rarity_match;card_name_substring_product;source_tcgcsv,0,ST01-015,ST01,7,7,alt,Alt,local-catalog,ST01-015::alt,thumbs/ST01-015(alt).webp,,ST01,0,
6858,2207,ST01-015,,Gum-Gum Jet Pistol,C,,642,288244,Gum-Gum Jet Pistol,Gum Gum Jet Pistol,ST01-015,C,,tcgcsv,high,101,market_number_eq_canonical_or_extracted;image_basename_number_agrees;set_code_match;rarity_match;parallel_variant_no_parallel_market_penalty;card_name_substring_product;source_tcgcsv,0,ST01-015,ST01,7,7,parallel_1,Parallel 1,official-cardlist,ST01-015_p1,ORP2024V1/parallel/ST01-015_p1.png,https://en.onepiece-cardgame.com/images/cardlist/card/ST01-015_p1.png?260305,ST01,0,Offline Regional Participation Pack 2024 Vol. 1
6865,2210,ST02-001,,"Eustass""Captain""Kid",L,,667,288249,"Eustass""Captain""Kid (001)",EustassCaptainKid 001,ST02-001,L,,tcgcsv,high,113,market_number_eq_canonical_or_extracted;image_basename_number_agrees;set_code_match;rarity_match;card_name_substring_product;source_tcgcsv,0,ST02-001,ST02,2,2,alt,Alt,local-catalog,ST02-001::alt,thumbs/st02-001(alt).webp,,ST02,0,
6872,2213,ST02-004,,"Capone""Gang""Bege",C,,670,288252,"Capone""Gang""Bege",CaponeGangBege,ST02-004,C,,tcgcsv,high,101,market_number_eq_canonical_or_extracted;set_code_match;rarity_match;card_name_substring_product;source_tcgcsv,0,ST02-004,ST02,5,5,alt,Alt,local-catalog,ST02-004::alt,thumbs/ST02-004alt.webp,,ST02,0,
6876,2213,ST02-004,,"Capone""Gang""Bege",C,,670,288252,"Capone""Gang""Bege",CaponeGangBege,ST02-004,C,,tcgcsv,high,113,market_number_eq_canonical_or_extracted;image_basename_number_agrees;set_code_match;rarity_match;card_name_substring_product;source_tcgcsv,0,ST02-004,ST02,5,5,alt,Prb01Alt,local-catalog,ST02-004::prb01alt,thumbs/ST02-004(PRB01alt).webp,,ST02,0,
6884,2216,ST02-007,,Jewelry Bonney,C,,673,288255,Jewelry Bonney,Jewelry Bonney,ST02-007,C,,tcgcsv,high,113,market_number_eq_canonical_or_extracted;image_basename_number_agrees;set_code_match;rarity_match;card_name_substring_product;source_tcgcsv,0,ST02-007,ST02,7,7,alt,Alt,local-catalog,ST02-007::alt,thumbs/ST02-007 (Alt).webp,,ST02,0,
6885,2216,ST02-007,,Jewelry Bonney,C,,673,288255,Jewelry Bonney,Jewelry Bonney,ST02-007,C,,tcgcsv,high,101,market_number_eq_canonical_or_extracted;image_basename_number_agrees;set_code_match;rarity_match;parallel_variant_no_parallel_market_penalty;card_name_substring_product;source_tcgcsv,0,ST02-007,ST02,7,7,parallel_1,Parallel 1,official-cardlist,ST02-007_p1,TP03/parallel/ST02-007_p1.png,https://en.onepiece-cardgame.com/images/cardlist/card/ST02-007_p1.png?260305,ST02,0,Tournament Pack Vol.3
6886,2216,ST02-007,,Jewelry Bonney,C,,3121,558165,Jewelry Bonney (SP),Jewelry Bonney SP,ST02-007,C,,tcgcsv,high,101,market_number_eq_canonical_or_extracted;image_basename_number_agrees;set_code_match;rarity_match;parallel_variant_no_parallel_market_penalty;card_name_substring_product;source_tcgcsv,0,ST02-007,OP08,7,7,parallel_2,Parallel 2,official-cardlist,ST02-007_p2,OP08/parallel/ST02-007_p2.png,https://en.onepiece-cardgame.com/images/cardlist/card/ST02-007_p2.png?260305,OP08,0,-TWO LEGENDS- [OP-08]
6889,2216,ST02-007,,Jewelry Bonney,C,,673,288255,Jewelry Bonney,Jewelry Bonney,ST02-007,C,,tcgcsv,high,101,market_number_eq_canonical_or_extracted;set_code_match;rarity_match;card_name_substring_product;source_tcgcsv,0,ST02-007,ST02,7,7,sp,S P,local-catalog,ST02-007::s p,thumbs/ST02-007SP.webp,,ST02,0,
6892,2217,ST02-008,,Scratchmen Apoo,C,,674,288256,Scratchmen Apoo,Scratchmen Apoo,ST02-008,C,,tcgcsv,high,113,market_number_eq_canonical_or_extracted;image_basename_number_agrees;set_code_match;rarity_match;card_name_substring_product;source_tcgcsv,0,ST02-008,ST02,7,7,alt,Alt,local-catalog,ST02-008::alt,thumbs/ST02-008(alt).webp,,ST02,0,
6893,2217,ST02-008,,Scratchmen Apoo,C,,674,288256,Scratchmen Apoo,Scratchmen Apoo,ST02-008,C,,tcgcsv,high,101,market_number_eq_canonical_or_extracted;image_basename_number_agrees;set_code_match;rarity_match;parallel_variant_no_parallel_market_penalty;card_name_substring_product;source_tcgcsv,0,ST02-008,ST02,7,7,parallel_1,Parallel 1,official-cardlist,ST02-008_p1,ORP2024V1/parallel/ST02-008_p1.png,https://en.onepiece-cardgame.com/images/cardlist/card/ST02-008_p1.png?260305,ST02,0,Offline Regional Participation Pack 2024 Vol. 1
6898,2219,ST02-010,,Basil Hawkins,C,,676,288258,Basil Hawkins,Basil Hawkins,ST02-010,C,,tcgcsv,high,101,market_number_eq_canonical_or_extracted;set_code_match;rarity_match;card_name_substring_product;source_tcgcsv,0,ST02-010,ST02,4,4,alt,Alt,local-catalog,ST02-010::alt,thumbs/ST02-010alt.webp,,ST02,0,
6905,2222,ST02-013,,"Eustass""Captain""Kid",SR,,679,288261,"Eustass""Captain""Kid (013)",EustassCaptainKid 013,ST02-013,SR,,tcgcsv,high,101,market_number_eq_canonical_or_extracted;set_code_match;rarity_match;card_name_substring_product;source_tcgcsv,0,ST02-013,ST02,4,4,alt,Alt,local-catalog,ST02-013::alt,thumbs/ST02-013alt.webp,,ST02,0,
6906,2222,ST02-013,,"Eustass""Captain""Kid",SR,,679,288261,"Eustass""Captain""Kid (013)",EustassCaptainKid 013,ST02-013,SR,,tcgcsv,high,101,market_number_eq_canonical_or_extracted;image_basename_number_agrees;set_code_match;rarity_match;parallel_variant_no_parallel_market_penalty;card_name_substring_product;source_tcgcsv,0,ST02-013,ST02,4,4,parallel_1,Parallel 1,official-cardlist,ST02-013_p1,TP05/parallel/ST02-013_p1.png,https://en.onepiece-cardgame.com/images/cardlist/card/ST02-013_p1.png?260305,ST02,0,Tournament Pack Vol.5
6917,2227,ST03-001,,Crocodile,L,,686,288266,Crocodile (001),Crocodile 001,ST03-001,L,,tcgcsv,high,113,market_number_eq_canonical_or_extracted;image_basename_number_agrees;set_code_match;rarity_match;card_name_substring_product;source_tcgcsv,0,ST03-001,ST03,2,2,promo,Super Pre Release,local-catalog,ST03-001::super pre release,thumbs/ST03-001 super pre release.webp,,ST03,0,
6923,2229,ST03-003,,Crocodile,SR,,688,288268,Crocodile (003),Crocodile 003,ST03-003,SR,,tcgcsv,high,101,market_number_eq_canonical_or_extracted;set_code_match;rarity_match;card_name_substring_product;source_tcgcsv,0,ST03-003,ST03,4,4,alt,Alt,local-catalog,ST03-003::alt,thumbs/ST03-003alt.webp,,ST03,0,
6924,2229,ST03-003,,Crocodile,SR,,688,288268,Crocodile (003),Crocodile 003,ST03-003,SR,,tcgcsv,high,101,market_number_eq_canonical_or_extracted;image_basename_number_agrees;set_code_match;rarity_match;parallel_variant_no_parallel_market_penalty;card_name_substring_product;source_tcgcsv,0,ST03-003,ST03,4,4,parallel_1,Parallel 1,official-cardlist,ST03-003_p1,TP05/parallel/ST03-003_p1.png,https://en.onepiece-cardgame.com/images/cardlist/card/ST03-003_p1.png?260305,ST03,0,Tournament Pack Vol.5
6927,2230,ST03-004,,Gecko Moria,SP CARD,,689,288270,Gecko Moria,Gecko Moria,ST03-004,C,,tcgcsv,high,101,market_number_eq_canonical_or_extracted;image_basename_number_agrees;set_code_match;card_name_substring_product;source_tcgcsv,0,ST03-004,ST03,4,4,alt,Alt,local-catalog,ST03-004::alt,thumbs/ST03-004(alt).webp,,ST03,0,
6928,2230,ST03-004,,Gecko Moria,SP CARD,,3122,558166,Gecko Moria (SP),Gecko Moria SP,ST03-004,C,,tcgcsv,high,89,market_number_eq_canonical_or_extracted;image_basename_number_agrees;set_code_match;parallel_variant_no_parallel_market_penalty;card_name_substring_product;source_tcgcsv,0,ST03-004,OP08,4,4,parallel_1,Parallel 1,official-cardlist,ST03-004_p1,OP08/parallel/ST03-004_p1.png,https://en.onepiece-cardgame.com/images/cardlist/card/ST03-004_p1.png?260305,OP08,0,-TWO LEGENDS- [OP-08]
6929,2230,ST03-004,,Gecko Moria,SP CARD,,689,288270,Gecko Moria,Gecko Moria,ST03-004,C,,tcgcsv,high,89,market_number_eq_canonical_or_extracted;image_basename_number_agrees;set_code_match;parallel_variant_no_parallel_market_penalty;card_name_substring_product;source_tcgcsv,0,ST03-004,ST03,4,4,parallel_3,Parallel 3,official-cardlist,ST03-004_p3,SWBS01/parallel/ST03-004_p3.png,https://en.onepiece-cardgame.com/images/cardlist/card/ST03-004_p3.png?260305,ST03,0,Seven Warlords of the Sea Binder Set
6931,2230,ST03-004,,Gecko Moria,SP CARD,,689,288270,Gecko Moria,Gecko Moria,ST03-004,C,,tcgcsv,high,89,market_number_eq_canonical_or_extracted;set_code_match;card_name_substring_product;source_tcgcsv,0,ST03-004,ST03,4,4,sp,S P,local-catalog,ST03-004::s p,thumbs/ST03-004SP.webp,,ST03,0,
6934,2231,ST03-005,,Dracule Mihawk,C,,690,288272,Dracule Mihawk,Dracule Mihawk,ST03-005,C,,tcgcsv,high,101,market_number_eq_canonical_or_extracted;set_code_match;rarity_match;card_name_substring_product;source_tcgcsv,0,ST03-005,ST03,6,6,alt,Alt,local-catalog,ST03-005::alt,thumbs/st03-005alt.webp,,ST03,0,
6935,2231,ST03-005,,Dracule Mihawk,C,,690,288272,Dracule Mihawk,Dracule Mihawk,ST03-005,C,,tcgcsv,high,101,market_number_eq_canonical_or_extracted;image_basename_number_agrees;set_code_match;rarity_match;parallel_variant_no_parallel_market_penalty;card_name_substring_product;source_tcgcsv,0,ST03-005,ST03,6,6,parallel_1,Parallel 1,official-cardlist,ST03-005_p1,TP04/parallel/ST03-005_p1.png,https://en.onepiece-cardgame.com/images/cardlist/card/ST03-005_p1.png?260305,ST03,0,Tournament Pack Vol.4
6944,2233,ST03-007,,Sentomaru,C,,692,288275,Sentomaru,Sentomaru,ST03-007,C,,tcgcsv,high,113,market_number_eq_canonical_or_extracted;image_basename_number_agrees;set_code_match;rarity_match;card_name_substring_product;source_tcgcsv,0,ST03-007,ST03,5,5,alt,Alt,local-catalog,ST03-007::alt,thumbs/ST03-007_Alt.webp,,ST03,0,
6945,2233,ST03-007,,Sentomaru,C,,692,288275,Sentomaru,Sentomaru,ST03-007,C,,tcgcsv,high,101,market_number_eq_canonical_or_extracted;image_basename_number_agrees;set_code_match;rarity_match;parallel_variant_no_parallel_market_penalty;card_name_substring_product;source_tcgcsv,0,ST03-007,ST03,5,5,parallel_1,Parallel 1,official-cardlist,ST03-007_p1,TP03/parallel/ST03-007_p1.png,https://en.onepiece-cardgame.com/images/cardlist/card/ST03-007_p1.png?260305,ST03,0,Tournament Pack Vol.3
6946,2233,ST03-007,,Sentomaru,C,,692,288275,Sentomaru,Sentomaru,ST03-007,C,,tcgcsv,high,101,market_number_eq_canonical_or_extracted;image_basename_number_agrees;set_code_match;rarity_match;parallel_variant_no_parallel_market_penalty;card_name_substring_product;source_tcgcsv,0,ST03-007,ST03,5,5,parallel_2,Parallel 2,official-cardlist,ST03-007_p2,_unclassified/parallel/ST03-007_p2.png,https://en.onepiece-cardgame.com/images/cardlist/card/ST03-007_p2.png?260305,ST03,0,Premium Card Collection -BANDAI CARD GAMES Fest. 23-24 Edition-
6949,2234,ST03-008,,Trafalgar Law,C,,693,288277,Trafalgar Law,Trafalgar Law,ST03-008,C,,tcgcsv,high,113,market_number_eq_canonical_or_extracted;image_basename_number_agrees;set_code_match;rarity_match;card_name_substring_product;source_tcgcsv,0,ST03-008,ST03,16,16,alt,Alt,local-catalog,ST03-008::alt,thumbs/ST03-008(alt).webp,,ST03,0,
6950,2234,ST03-008,,Trafalgar Law,C,,693,288277,Trafalgar Law,Trafalgar Law,ST03-008,C,,tcgcsv,high,101,market_number_eq_canonical_or_extracted;set_code_match;rarity_match;card_name_substring_product;source_tcgcsv,0,ST03-008,ST03,16,16,alt,Alt Art 2,local-catalog,ST03-008::alt art 2,thumbs/ST03-008alt2.webp,,ST03,0,
6951,2234,ST03-008,,Trafalgar Law,C,,693,288277,Trafalgar Law,Trafalgar Law,ST03-008,C,,tcgcsv,high,101,market_number_eq_canonical_or_extracted;set_code_match;rarity_match;card_name_substring_product;source_tcgcsv,0,ST03-008,ST03,16,16,alt,Alt Art 3,local-catalog,ST03-008::alt art 3,thumbs/ST03-008alt3.webp,,ST03,0,
6952,2234,ST03-008,,Trafalgar Law,C,,693,288277,Trafalgar Law,Trafalgar Law,ST03-008,C,,tcgcsv,high,113,market_number_eq_canonical_or_extracted;image_basename_number_agrees;set_code_match;rarity_match;card_name_substring_product;source_tcgcsv,0,ST03-008,ST03,16,16,alt,Law Alt,local-catalog,ST03-008::law alt,thumbs/ST03-008_Law_Alt_Art_.webp,,ST03,0,
6953,2234,ST03-008,,Trafalgar Law,C,,693,288277,Trafalgar Law,Trafalgar Law,ST03-008,C,,tcgcsv,high,101,market_number_eq_canonical_or_extracted;image_basename_number_agrees;set_code_match;rarity_match;parallel_variant_no_parallel_market_penalty;card_name_substring_product;source_tcgcsv,0,ST03-008,ST03,16,16,parallel_1,Parallel 1,official-cardlist,ST03-008_p1,GC01/parallel/ST03-008_p1.png,https://en.onepiece-cardgame.com/images/cardlist/card/ST03-008_p1.png?260305,ST03,0,GIFT COLLECTION 2023 [GC-01]
6954,2234,ST03-008,,Trafalgar Law,C,,693,288277,Trafalgar Law,Trafalgar Law,ST03-008,C,,tcgcsv,high,101,market_number_eq_canonical_or_extracted;image_basename_number_agrees;set_code_match;rarity_match;parallel_variant_no_parallel_market_penalty;card_name_substring_product;source_tcgcsv,0,ST03-008,ST03,16,16,parallel_2,Parallel 2,official-cardlist,ST03-008_p2,EP03/parallel/ST03-008_p2.png,https://en.onepiece-cardgame.com/images/cardlist/card/ST03-008_p2.png?260305,ST03,0,Event Pack Vol.3
6955,2234,ST03-008,,Trafalgar Law,C,,693,288277,Trafalgar Law,Trafalgar Law,ST03-008,C,,tcgcsv,high,101,market_number_eq_canonical_or_extracted;image_basename_number_agrees;set_code_match;rarity_match;parallel_variant_no_parallel_market_penalty;card_name_substring_product;source_tcgcsv,0,ST03-008,ST03,16,16,parallel_3,Parallel 3,official-cardlist,ST03-008_p3,ORP2024V2/parallel/ST03-008_p3.png,https://en.onepiece-cardgame.com/images/cardlist/card/ST03-008_p3.png?260305,ST03,0,Offline Regional Participation Pack 2024 Vol. 2
6962,2235,ST03-009,,Donquixote Doflamingo,SP CARD,,2145,501679,Donquixote Doflamingo (Wanted Poster),Donquixote Doflamingo Wanted Poster,ST03-009,SR,,tcgcsv,high,89,market_number_eq_canonical_or_extracted;image_basename_number_agrees;set_code_match;parallel_variant_no_parallel_market_penalty;card_name_substring_product;source_tcgcsv,0,ST03-009,OP03,2,2,parallel_1,Parallel 1,official-cardlist,ST03-009_p1,OP03/parallel/ST03-009_p1.png,https://en.onepiece-cardgame.com/images/cardlist/card/ST03-009_p1.png?260305,OP03,0,-PILLARS OF STRENGTH- [OP03]
6963,2235,ST03-009,,Donquixote Doflamingo,SP CARD,,694,288279,Donquixote Doflamingo,Donquixote Doflamingo,ST03-009,SR,,tcgcsv,high,89,market_number_eq_canonical_or_extracted;set_code_match;card_name_substring_product;source_tcgcsv,0,ST03-009,ST03,2,2,promo,W Anted,local-catalog,ST03-009::w anted,thumbs/ST03-009wanted.webp,,ST03,0,
6970,2238,ST03-012,,Pacifista,C,,697,288284,Pacifista,Pacifista,ST03-012,C,,tcgcsv,high,101,market_number_eq_canonical_or_extracted;set_code_match;rarity_match;card_name_substring_product;source_tcgcsv,0,ST03-012,ST03,2,2,alt,Alt,local-catalog,ST03-012::alt,thumbs/ST03-012alt.webp,,ST03,0,
6971,2238,ST03-012,,Pacifista,C,,697,288284,Pacifista,Pacifista,ST03-012,C,,tcgcsv,high,101,market_number_eq_canonical_or_extracted;image_basename_number_agrees;set_code_match;rarity_match;parallel_variant_no_parallel_market_penalty;card_name_substring_product;source_tcgcsv,0,ST03-012,ST03,2,2,parallel_1,Parallel 1,official-cardlist,ST03-012_p1,BCV1/parallel/ST03-012_p1.png,https://en.onepiece-cardgame.com/images/cardlist/card/ST03-012_p1.png?260305,ST03,0,Premium Card Collection -Best Selection-
6974,2239,ST03-013,,Boa Hancock,C,,698,288286,Boa Hancock,Boa Hancock,ST03-013,C,,tcgcsv,high,101,market_number_eq_canonical_or_extracted;set_code_match;rarity_match;card_name_substring_product;source_tcgcsv,0,ST03-013,ST03,5,5,alt,Alt,local-catalog,ST03-013::alt,thumbs/ST03-013alt.webp,,ST03,0,
6975,2239,ST03-013,,Boa Hancock,C,,698,288286,Boa Hancock,Boa Hancock,ST03-013,C,,tcgcsv,high,101,market_number_eq_canonical_or_extracted;set_code_match;rarity_match;card_name_substring_product;source_tcgcsv,0,ST03-013,ST03,5,5,alt,Alt Art 2,local-catalog,ST03-013::alt art 2,thumbs/ST03-013alt2.webp,,ST03,0,
6979,2239,ST03-013,,Boa Hancock,C,,698,288286,Boa Hancock,Boa Hancock,ST03-013,C,,tcgcsv,high,113,market_number_eq_canonical_or_extracted;image_basename_number_agrees;set_code_match;rarity_match;card_name_substring_product;source_tcgcsv,0,ST03-013,ST03,5,5,alt,Prb01Alt2,local-catalog,ST03-013::prb01alt2,thumbs/ST03-013(PRB01alt2).webp,,ST03,0,
6983,2240,ST03-014,,Marshall.D.Teach,C,,699,288288,Marshall.D.Teach,MarshallDTeach,ST03-014,C,,tcgcsv,high,113,market_number_eq_canonical_or_extracted;image_basename_number_agrees;set_code_match;rarity_match;card_name_substring_product;source_tcgcsv,0,ST03-014,ST03,8,8,alt,Alt,local-catalog,ST03-014::alt,thumbs/ST03-014(alt).webp,,ST03,0,
6984,2240,ST03-014,,Marshall.D.Teach,C,,699,288288,Marshall.D.Teach,MarshallDTeach,ST03-014,C,,tcgcsv,high,101,market_number_eq_canonical_or_extracted;image_basename_number_agrees;set_code_match;rarity_match;parallel_variant_no_parallel_market_penalty;card_name_substring_product;source_tcgcsv,0,ST03-014,ST03,8,8,parallel_1,Parallel 1,official-cardlist,ST03-014_p1,ORP01/parallel/ST03-014_p1.png,https://en.onepiece-cardgame.com/images/cardlist/card/ST03-014_p1.png?260305,ST03,0,Included in Online Regional Participation Pack Vol.1
6991,2243,ST03-017,,Love-Love Mellow,C,,702,288291,Love-Love Mellow,Love Love Mellow,ST03-017,C,,tcgcsv,high,101,market_number_eq_canonical_or_extracted;set_code_match;rarity_match;card_name_substring_product;source_tcgcsv,0,ST03-017,ST03,2,2,alt,Alt,local-catalog,ST03-017::alt,thumbs/ST03-017alt.webp,,ST03,0,
6992,2243,ST03-017,,Love-Love Mellow,C,,702,288291,Love-Love Mellow,Love Love Mellow,ST03-017,C,,tcgcsv,high,101,market_number_eq_canonical_or_extracted;image_basename_number_agrees;set_code_match;rarity_match;parallel_variant_no_parallel_market_penalty;card_name_substring_product;source_tcgcsv,0,ST03-017,ST03,2,2,parallel_1,Parallel 1,official-cardlist,ST03-017_p1,BCV1/parallel/ST03-017_p1.png,https://en.onepiece-cardgame.com/images/cardlist/card/ST03-017_p1.png?260305,ST03,0,Premium Card Collection -Best Selection-
6997,2245,ST04-002,,Ulti,C,,649,288271,Ulti,Ulti,ST04-002,C,,tcgcsv,high,113,market_number_eq_canonical_or_extracted;image_basename_number_agrees;set_code_match;rarity_match;card_name_substring_product;source_tcgcsv,0,ST04-002,ST04,2,2,alt,Alt,local-catalog,ST04-002::alt,thumbs/ST04-002(Alt).webp,,ST04,0,
6998,2245,ST04-002,,Ulti,C,,649,288271,Ulti,Ulti,ST04-002,C,,tcgcsv,high,101,market_number_eq_canonical_or_extracted;image_basename_number_agrees;set_code_match;rarity_match;parallel_variant_no_parallel_market_penalty;card_name_substring_product;source_tcgcsv,0,ST04-002,ST04,2,2,parallel_1,Parallel 1,official-cardlist,ST04-002_p1,BCV3/parallel/ST04-002_p1.png,https://en.onepiece-cardgame.com/images/cardlist/card/ST04-002_p1.png?260305,ST04,0,Premium Card Collection -Best Selection Vol.3-
7001,2246,ST04-003,,Kaido,SR,,650,288274,Kaido (003),Kaido 003,ST04-003,SR,,tcgcsv,high,101,market_number_eq_canonical_or_extracted;set_code_match;rarity_match;card_name_substring_product;source_tcgcsv,0,ST04-003,ST04,9,9,alt,Alt,local-catalog,ST04-003::alt,thumbs/ST04-003alt.webp,,ST04,0,
7002,2246,ST04-003,,Kaido,SR,,650,288274,Kaido (003),Kaido 003,ST04-003,SR,,tcgcsv,high,101,market_number_eq_canonical_or_extracted;set_code_match;rarity_match;card_name_substring_product;source_tcgcsv,0,ST04-003,ST04,9,9,alt,Alt Art 2,local-catalog,ST04-003::alt art 2,thumbs/ST04-003alt2.webp,,ST04,0,
7003,2246,ST04-003,,Kaido,SR,,650,288274,Kaido (003),Kaido 003,ST04-003,SR,,tcgcsv,high,101,market_number_eq_canonical_or_extracted;set_code_match;rarity_match;card_name_substring_product;source_tcgcsv,0,ST04-003,ST04,9,9,alt,Alt2Nd,local-catalog,ST04-003::alt2nd,thumbs/ST04-003alt2nd.webp,,ST04,0,
7004,2246,ST04-003,,Kaido,SR,,650,288274,Kaido (003),Kaido 003,ST04-003,SR,,tcgcsv,high,101,market_number_eq_canonical_or_extracted;set_code_match;rarity_match;card_name_substring_product;source_tcgcsv,0,ST04-003,ST04,9,9,alt,Alt3Rd,local-catalog,ST04-003::alt3rd,thumbs/ST04-003alt3rd.webp,,ST04,0,
7005,2246,ST04-003,,Kaido,SR,,2146,501680,Kaido (Wanted Poster),Kaido Wanted Poster,ST04-003,SR,,tcgcsv,high,101,market_number_eq_canonical_or_extracted;image_basename_number_agrees;set_code_match;rarity_match;parallel_variant_no_parallel_market_penalty;card_name_substring_product;source_tcgcsv,0,ST04-003,OP03,9,9,parallel_1,Parallel 1,official-cardlist,ST04-003_p1,OP03/parallel/ST04-003_p1.png,https://en.onepiece-cardgame.com/images/cardlist/card/ST04-003_p1.png?260305,OP03,0,-PILLARS OF STRENGTH- [OP03]
7006,2246,ST04-003,,Kaido,SR,,650,288274,Kaido (003),Kaido 003,ST04-003,SR,,tcgcsv,high,101,market_number_eq_canonical_or_extracted;image_basename_number_agrees;set_code_match;rarity_match;parallel_variant_no_parallel_market_penalty;card_name_substring_product;source_tcgcsv,0,ST04-003,ST04,9,9,parallel_2,Parallel 2,official-cardlist,ST04-003_p2,TP05/parallel/ST04-003_p2.png,https://en.onepiece-cardgame.com/images/cardlist/card/ST04-003_p2.png?260305,ST04,0,Tournament Pack Vol.5
7007,2246,ST04-003,,Kaido,SR,,3346,586961,Kaido (ST04-003) (Alternate Art),Kaido ST04 003 Alternate Art,ST04-003,SR,,tcgcsv,high,101,market_number_eq_canonical_or_extracted;image_basename_number_agrees;set_code_match;rarity_match;parallel_variant_no_parallel_market_penalty;card_name_substring_product;source_tcgcsv,0,ST04-003,PRB01,9,9,parallel_4,Parallel 4,official-cardlist,ST04-003_p4,PRB01/parallel/ST04-003_p4.png,https://en.onepiece-cardgame.com/images/cardlist/card/ST04-003_p4.png?260305,PRB01,0,-ONE PIECE CARD THE BEST- [PRB-01]
7008,2246,ST04-003,,Kaido,SR,,650,288274,Kaido (003),Kaido 003,ST04-003,SR,,tcgcsv,high,113,market_number_eq_canonical_or_extracted;image_basename_number_agrees;set_code_match;rarity_match;card_name_substring_product;source_tcgcsv,0,ST04-003,ST04,9,9,alt,Prb01Alt,local-catalog,ST04-003::prb01alt,thumbs/ST04-003(PRB01alt).webp,,ST04,0,
7009,2246,ST04-003,,Kaido,SR,,3346,586961,Kaido (ST04-003) (Alternate Art),Kaido ST04 003 Alternate Art,ST04-003,SR,,tcgcsv,high,113,market_number_eq_canonical_or_extracted;image_basename_number_agrees;set_code_match;rarity_match;card_name_substring_product;source_tcgcsv,0,ST04-003,PRB01,9,9,r1,R1,official-cardlist,ST04-003_r1,PRB01/reprint/ST04-003_r1.png,https://en.onepiece-cardgame.com/images/cardlist/card/ST04-003_r1.png?260305,PRB01,0,-ONE PIECE CARD THE BEST- [PRB-01]
7010,2246,ST04-003,,Kaido,SR,,650,288274,Kaido (003),Kaido 003,ST04-003,SR,,tcgcsv,high,101,market_number_eq_canonical_or_extracted;set_code_match;rarity_match;card_name_substring_product;source_tcgcsv,0,ST04-003,ST04,9,9,promo,W Anted,local-catalog,ST04-003::w anted,thumbs/ST04-003wanted.webp,,ST04,0,
7015,2248,ST04-005,,Queen,C,,652,288278,Queen,Queen,ST04-005,C,,tcgcsv,high,101,market_number_eq_canonical_or_extracted;set_code_match;rarity_match;card_name_substring_product;source_tcgcsv,0,ST04-005,ST04,6,6,alt,Alt,local-catalog,ST04-005::alt,thumbs/ST04-005ALT.webp,,ST04,0,
7016,2248,ST04-005,,Queen,C,,3123,558167,Queen (SP),Queen SP,ST04-005,C,,tcgcsv,high,101,market_number_eq_canonical_or_extracted;image_basename_number_agrees;set_code_match;rarity_match;parallel_variant_no_parallel_market_penalty;card_name_substring_product;source_tcgcsv,0,ST04-005,OP08,6,6,parallel_1,Parallel 1,official-cardlist,ST04-005_p1,OP08/parallel/ST04-005_p1.png,https://en.onepiece-cardgame.com/images/cardlist/card/ST04-005_p1.png?260305,OP08,0,-TWO LEGENDS- [OP-08]
7020,2248,ST04-005,,Queen,C,,652,288278,Queen,Queen,ST04-005,C,,tcgcsv,high,101,market_number_eq_canonical_or_extracted;set_code_match;rarity_match;card_name_substring_product;source_tcgcsv,0,ST04-005,ST04,6,6,sp,S P,local-catalog,ST04-005::s p,thumbs/ST04-005SP.webp,,ST04,0,
7027,2251,ST04-008,,Jack,C,,655,288285,Jack,Jack,ST04-008,C,,tcgcsv,high,113,market_number_eq_canonical_or_extracted;image_basename_number_agrees;set_code_match;rarity_match;card_name_substring_product;source_tcgcsv,0,ST04-008,ST04,8,8,alt,Alt,local-catalog,ST04-008::alt,thumbs/ST04-008(alt).webp,,ST04,0,
7028,2251,ST04-008,,Jack,C,,655,288285,Jack,Jack,ST04-008,C,,tcgcsv,high,101,market_number_eq_canonical_or_extracted;image_basename_number_agrees;set_code_match;rarity_match;parallel_variant_no_parallel_market_penalty;card_name_substring_product;source_tcgcsv,0,ST04-008,ST04,8,8,parallel_1,Parallel 1,official-cardlist,ST04-008_p1,ORP01/parallel/ST04-008_p1.png,https://en.onepiece-cardgame.com/images/cardlist/card/ST04-008_p1.png?260305,ST04,0,Included in Online Regional Participation Pack Vol.1
7029,2251,ST04-008,,Jack,C,,655,288285,Jack,Jack,ST04-008,C,,tcgcsv,high,101,market_number_eq_canonical_or_extracted;image_basename_number_agrees;set_code_match;rarity_match;parallel_variant_no_parallel_market_penalty;card_name_substring_product;source_tcgcsv,0,ST04-008,ST04,8,8,parallel_2,Parallel 2,official-cardlist,ST04-008_p2,_unclassified/parallel/ST04-008_p2.png,https://en.onepiece-cardgame.com/images/cardlist/card/ST04-008_p2.png?260305,ST04,0,Premium Card Collection -BANDAI CARD GAMES Fest. 23-24 Edition-
7034,2253,ST04-010,,Who's.Who,C,,657,288292,Who's.Who,WhosWho,ST04-010,C,,tcgcsv,high,101,market_number_eq_canonical_or_extracted;set_code_match;rarity_match;card_name_substring_product;source_tcgcsv,0,ST04-010,ST04,4,4,alt,Alt,local-catalog,ST04-010::alt,thumbs/ST04-010alt.webp,,ST04,0,
7035,2253,ST04-010,,Who's.Who,C,,657,288292,Who's.Who,WhosWho,ST04-010,C,,tcgcsv,high,101,market_number_eq_canonical_or_extracted;image_basename_number_agrees;set_code_match;rarity_match;parallel_variant_no_parallel_market_penalty;card_name_substring_product;source_tcgcsv,0,ST04-010,ST04,4,4,parallel_1,Parallel 1,official-cardlist,ST04-010_p1,TP03/parallel/ST04-010_p1.png,https://en.onepiece-cardgame.com/images/cardlist/card/ST04-010_p1.png?260305,ST04,0,Tournament Pack Vol.3
7038,2254,ST04-011,,Black Maria,C,,658,288293,Black Maria,Black Maria,ST04-011,C,,tcgcsv,high,113,market_number_eq_canonical_or_extracted;image_basename_number_agrees;set_code_match;rarity_match;card_name_substring_product;source_tcgcsv,0,ST04-011,ST04,5,5,alt,Alt,local-catalog,ST04-011::alt,thumbs/ST04-011(alt).webp,,ST04,0,
7039,2254,ST04-011,,Black Maria,C,,658,288293,Black Maria,Black Maria,ST04-011,C,,tcgcsv,high,101,market_number_eq_canonical_or_extracted;set_code_match;rarity_match;card_name_substring_product;source_tcgcsv,0,ST04-011,ST04,5,5,alt,Alt Art 4,local-catalog,ST04-011::alt art 4,thumbs/ST04-011alt4.webp,,ST04,0,
7040,2254,ST04-011,,Black Maria,C,,658,288293,Black Maria,Black Maria,ST04-011,C,,tcgcsv,high,101,market_number_eq_canonical_or_extracted;image_basename_number_agrees;set_code_match;rarity_match;parallel_variant_no_parallel_market_penalty;card_name_substring_product;source_tcgcsv,0,ST04-011,ST04,5,5,parallel_1,Parallel 1,official-cardlist,ST04-011_p1,TP02/parallel/ST04-011_p1.png,https://en.onepiece-cardgame.com/images/cardlist/card/ST04-011_p1.png?260305,ST04,0,Tournament Pack Vol.2
7041,2254,ST04-011,,Black Maria,C,,658,288293,Black Maria,Black Maria,ST04-011,C,,tcgcsv,high,101,market_number_eq_canonical_or_extracted;image_basename_number_agrees;set_code_match;rarity_match;parallel_variant_no_parallel_market_penalty;card_name_substring_product;source_tcgcsv,0,ST04-011,ST04,5,5,parallel_2,Parallel 2,official-cardlist,ST04-011_p2,_unclassified/parallel/ST04-011_p2.png,https://en.onepiece-cardgame.com/images/cardlist/card/ST04-011_p2.png?260305,ST04,0,Premium Card Collection -BANDAI CARD GAMES Fest. 23-24 Edition-
7042,2254,ST04-011,,Black Maria,C,,658,288293,Black Maria,Black Maria,ST04-011,C,,tcgcsv,high,101,market_number_eq_canonical_or_extracted;set_code_match;rarity_match;card_name_substring_product;source_tcgcsv,0,ST04-011,ST04,5,5,promo,T Ournament Pack Vol 2 Winner,local-catalog,ST04-011::t ournament pack vol 2 winner,thumbs/ST04-011Tournament-Pack-Vol.2-Winner-.webp,,ST04,0,
7053,2259,ST04-016,,Blast Breath,C,,663,288298,Blast Breath,Blast Breath,ST04-016,C,,tcgcsv,high,101,market_number_eq_canonical_or_extracted;set_code_match;rarity_match;card_name_substring_product;source_tcgcsv,0,ST04-016,ST04,4,4,alt,Alt,local-catalog,ST04-016::alt,thumbs/ST04-016alt.webp,,ST04,0,
7056,2259,ST04-016,,Blast Breath,C,,663,288298,Blast Breath,Blast Breath,ST04-016,C,,tcgcsv,high,101,market_number_eq_canonical_or_extracted;image_basename_number_agrees;set_code_match;rarity_match;parallel_variant_no_parallel_market_penalty;card_name_substring_product;source_tcgcsv,0,ST04-016,ST04,4,4,parallel_4,Parallel 4,official-cardlist,ST04-016_p4,BCV1/parallel/ST04-016_p4.png,https://en.onepiece-cardgame.com/images/cardlist/card/ST04-016_p4.png?260305,ST04,0,Premium Card Collection -Best Selection-
7060,2260,ST04-017,,Onigashima Island,C,,664,288299,Onigashima Island,Onigashima Island,ST04-017,C,,tcgcsv,high,101,market_number_eq_canonical_or_extracted;set_code_match;rarity_match;card_name_substring_product;source_tcgcsv,0,ST04-017,ST04,2,2,alt,Alt,local-catalog,ST04-017::alt,thumbs/ST04-017alt.webp,,ST04,0,
7065,2262,ST05-002,,Ain,C,,1962,479844,Ain,Ain,ST05-002,C,,tcgcsv,high,103,market_number_eq_canonical_or_extracted;image_basename_number_agrees;set_code_match;rarity_match;source_tcgcsv,0,ST05-002,ST05,3,3,alt,Alt,local-catalog,ST05-002::alt,thumbs/ST05-002(Alt).webp,,ST05,0,
7066,2262,ST05-002,,Ain,C,,1962,479844,Ain,Ain,ST05-002,C,,tcgcsv,high,91,market_number_eq_canonical_or_extracted;image_basename_number_agrees;set_code_match;rarity_match;parallel_variant_no_parallel_market_penalty;source_tcgcsv,0,ST05-002,ST05,3,3,parallel_1,Parallel 1,official-cardlist,ST05-002_p1,BCV3/parallel/ST05-002_p1.png,https://en.onepiece-cardgame.com/images/cardlist/card/ST05-002_p1.png?260305,ST05,0,Premium Card Collection -Best Selection Vol.3-
7071,2264,ST05-004,,Uta,SR,,1953,477317,Uta,Uta,ST05-004,SR,,tcgcsv,high,91,market_number_eq_canonical_or_extracted;set_code_match;rarity_match;source_tcgcsv,0,ST05-004,ST05,2,2,alt,Alt,local-catalog,ST05-004::alt,thumbs/ST05-004alt.webp,,ST05,0,
7080,2268,ST05-008,,Shiki,C,,1956,477321,Shiki,Shiki,ST05-008,C,,tcgcsv,high,101,market_number_eq_canonical_or_extracted;set_code_match;rarity_match;card_name_substring_product;source_tcgcsv,0,ST05-008,ST05,2,2,alt,Alt,local-catalog,ST05-008::alt,thumbs/ST05-008alt.webp,,ST05,0,
7093,2274,ST05-014,,Buena Festa,C,,1959,477325,Buena Festa,Buena Festa,ST05-014,C,,tcgcsv,high,101,market_number_eq_canonical_or_extracted;set_code_match;rarity_match;card_name_substring_product;source_tcgcsv,0,ST05-014,ST05,2,2,alt,Alt,local-catalog,ST05-014::alt,thumbs/ST05-014alt.webp,,ST05,0,
7094,2274,ST05-014,,Buena Festa,C,,1959,477325,Buena Festa,Buena Festa,ST05-014,C,,tcgcsv,high,101,market_number_eq_canonical_or_extracted;image_basename_number_agrees;set_code_match;rarity_match;parallel_variant_no_parallel_market_penalty;card_name_substring_product;source_tcgcsv,0,ST05-014,ST05,2,2,parallel_1,Parallel 1,official-cardlist,ST05-014_p1,BCV1/parallel/ST05-014_p1.png,https://en.onepiece-cardgame.com/images/cardlist/card/ST05-014_p1.png?260305,ST05,0,Premium Card Collection -Best Selection-
7105,2279,ST06-002,,Koby,C,,1974,485248,Koby,Koby,ST06-002,C,,tcgcsv,high,113,market_number_eq_canonical_or_extracted;image_basename_number_agrees;set_code_match;rarity_match;card_name_substring_product;source_tcgcsv,0,ST06-002,ST06,2,2,alt,Alt,local-catalog,ST06-002::alt,thumbs/ST06-002(alt).webp,,ST06,0,
7111,2282,ST06-005,,Sengoku,C,,1981,486321,Sengoku,Sengoku,ST06-005,C,,tcgcsv,high,113,market_number_eq_canonical_or_extracted;image_basename_number_agrees;set_code_match;rarity_match;card_name_substring_product;source_tcgcsv,0,ST06-005,ST06,1,1,operator_review,2,local-catalog,ST06-005::2,thumbs/ST06-005 (2).webp,,ST06,0,
7113,2283,ST06-006,,Tashigi,SP CARD,,1977,485252,Tashigi,Tashigi,ST06-006,C,,tcgcsv,high,101,market_number_eq_canonical_or_extracted;image_basename_number_agrees;set_code_match;card_name_substring_product;source_tcgcsv,0,ST06-006,ST06,8,8,operator_review,2,local-catalog,ST06-006::2,thumbs/ST06-006 (2).webp,,ST06,0,
7114,2283,ST06-006,,Tashigi,SP CARD,,1977,485252,Tashigi,Tashigi,ST06-006,C,,tcgcsv,high,89,market_number_eq_canonical_or_extracted;set_code_match;card_name_substring_product;source_tcgcsv,0,ST06-006,ST06,8,8,alt,Alt,local-catalog,ST06-006::alt,thumbs/st06-006alt.webp,,ST06,0,
7115,2283,ST06-006,,Tashigi,SP CARD,,1977,485252,Tashigi,Tashigi,ST06-006,C,,tcgcsv,high,89,market_number_eq_canonical_or_extracted;set_code_match;card_name_substring_product;source_tcgcsv,0,ST06-006,ST06,8,8,alt,Alt Art 3,local-catalog,ST06-006::alt art 3,thumbs/ST06-006alt3.webp,,ST06,0,
7116,2283,ST06-006,,Tashigi,SP CARD,,1977,485252,Tashigi,Tashigi,ST06-006,C,,tcgcsv,high,89,market_number_eq_canonical_or_extracted;image_basename_number_agrees;set_code_match;parallel_variant_no_parallel_market_penalty;card_name_substring_product;source_tcgcsv,0,ST06-006,ST06,8,8,parallel_1,Parallel 1,official-cardlist,ST06-006_p1,TP04/parallel/ST06-006_p1.png,https://en.onepiece-cardgame.com/images/cardlist/card/ST06-006_p1.png?260305,ST06,0,Tournament Pack Vol.4
7117,2283,ST06-006,,Tashigi,SP CARD,,3124,558168,Tashigi (SP),Tashigi SP,ST06-006,C,,tcgcsv,high,89,market_number_eq_canonical_or_extracted;image_basename_number_agrees;set_code_match;parallel_variant_no_parallel_market_penalty;card_name_substring_product;source_tcgcsv,0,ST06-006,OP08,8,8,parallel_2,Parallel 2,official-cardlist,ST06-006_p2,OP08/parallel/ST06-006_p2.png,https://en.onepiece-cardgame.com/images/cardlist/card/ST06-006_p2.png?260305,OP08,0,-TWO LEGENDS- [OP-08]
7118,2283,ST06-006,,Tashigi,SP CARD,,1977,485252,Tashigi,Tashigi,ST06-006,C,,tcgcsv,high,89,market_number_eq_canonical_or_extracted;image_basename_number_agrees;set_code_match;parallel_variant_no_parallel_market_penalty;card_name_substring_product;source_tcgcsv,0,ST06-006,ST06,8,8,parallel_3,Parallel 3,official-cardlist,ST06-006_p3,ST1520RE/parallel/ST06-006_p3.png,https://en.onepiece-cardgame.com/images/cardlist/card/ST06-006_p3.png?260305,ST06,0,ST15-20 Release Event
7119,2283,ST06-006,,Tashigi,SP CARD,,1977,485252,Tashigi,Tashigi,ST06-006,C,,tcgcsv,high,89,market_number_eq_canonical_or_extracted;image_basename_number_agrees;set_code_match;parallel_variant_no_parallel_market_penalty;card_name_substring_product;source_tcgcsv,0,ST06-006,ST06,8,8,parallel_4,Parallel 4,official-cardlist,ST06-006_p4,_unclassified/parallel/ST06-006_p4.png,https://en.onepiece-cardgame.com/images/cardlist/card/ST06-006_p4.png?260305,ST06,0,Premium Card Collection -BANDAI CARD GAMES Fest. 23-24 Edition-
7120,2283,ST06-006,,Tashigi,SP CARD,,1977,485252,Tashigi,Tashigi,ST06-006,C,,tcgcsv,high,89,market_number_eq_canonical_or_extracted;set_code_match;card_name_substring_product;source_tcgcsv,0,ST06-006,ST06,8,8,sp,S P,local-catalog,ST06-006::s p,thumbs/ST06-006SP.webp,,ST06,0,
7125,2285,ST06-008,,Hina,C,,1983,486323,Hina,Hina,ST06-008,C,,tcgcsv,high,101,market_number_eq_canonical_or_extracted;set_code_match;rarity_match;card_name_substring_product;source_tcgcsv,0,ST06-008,ST06,5,5,alt,Alt,local-catalog,ST06-008::alt,thumbs/ST06-008alt.webp,,ST06,0,
7134,2287,ST06-010,,Helmeppo,C,,1976,485251,Helmeppo,Helmeppo,ST06-010,C,,tcgcsv,high,113,market_number_eq_canonical_or_extracted;image_basename_number_agrees;set_code_match;rarity_match;card_name_substring_product;source_tcgcsv,0,ST06-010,ST06,5,5,alt,Prb01Alt,local-catalog,ST06-010::prb01alt,thumbs/ST06-010(PRB01alt).webp,,ST06,0,
7140,2289,ST06-012,,Monkey.D.Garp,SR,,1978,485253,Monkey.D.Garp,MonkeyDGarp,ST06-012,SR,,tcgcsv,high,101,market_number_eq_canonical_or_extracted;set_code_match;rarity_match;card_name_substring_product;source_tcgcsv,0,ST06-012,ST06,2,2,alt,Alt,local-catalog,ST06-012::alt,thumbs/ST06-012alt.webp,,ST06,0,
7159,2297,ST07-003,,Charlotte Katakuri,SR,,2154,500130,Charlotte Katakuri,Charlotte Katakuri,ST07-003,SR,,tcgcsv,high,113,market_number_eq_canonical_or_extracted;image_basename_number_agrees;set_code_match;rarity_match;card_name_substring_product;source_tcgcsv,0,ST07-003,ST07,1,1,operator_review,2,local-catalog,ST07-003::2,thumbs/ST07-003 (2).webp,,ST07,0,
7163,2299,ST07-005,,Charlotte Daifuku,C,,2156,500134,Charlotte Daifuku,Charlotte Daifuku,ST07-005,C,,tcgcsv,high,113,market_number_eq_canonical_or_extracted;image_basename_number_agrees;set_code_match;rarity_match;card_name_substring_product;source_tcgcsv,0,ST07-005,ST07,2,2,operator_review,2,local-catalog,ST07-005::2,thumbs/ST07-005 (2).webp,,ST07,0,
7164,2299,ST07-005,,Charlotte Daifuku,C,,3244,581059,Charlotte Daifuku,Charlotte Daifuku,ST07-005,C,,tcgcsv,high,113,market_number_eq_canonical_or_extracted;image_basename_number_agrees;set_code_match;rarity_match;card_name_substring_product;source_tcgcsv,0,ST07-005,ST20,2,2,r1,R1,official-cardlist,ST07-005_r1,ST20/reprint/ST07-005_r1.png,https://en.onepiece-cardgame.com/images/cardlist/card/ST07-005_r1.png?260305,ST20,0,-Yellow Charlotte Katakuri- [ST-20]
7169,2301,ST07-007,,Charlotte Brulee,C,,2158,500139,Charlotte Brulee,Charlotte Brulee,ST07-007,C,,tcgcsv,high,113,market_number_eq_canonical_or_extracted;image_basename_number_agrees;set_code_match;rarity_match;card_name_substring_product;source_tcgcsv,0,ST07-007,ST07,4,4,alt,Alt,local-catalog,ST07-007::alt,thumbs/ST07-007(alt).webp,,ST07,0,
7174,2302,ST07-008,,Charlotte Pudding,C,,2159,500140,Charlotte Pudding,Charlotte Pudding,ST07-008,C,,tcgcsv,high,113,market_number_eq_canonical_or_extracted;image_basename_number_agrees;set_code_match;rarity_match;card_name_substring_product;source_tcgcsv,0,ST07-008,ST07,7,7,alt,Alt,local-catalog,ST07-008::alt,thumbs/ST07-008(alt).webp,,ST07,0,
7175,2302,ST07-008,,Charlotte Pudding,C,,2159,500140,Charlotte Pudding,Charlotte Pudding,ST07-008,C,,tcgcsv,high,113,market_number_eq_canonical_or_extracted;image_basename_number_agrees;set_code_match;rarity_match;card_name_substring_product;source_tcgcsv,0,ST07-008,ST07,7,7,alt,Alt Art 2,local-catalog,ST07-008::alt art 2,thumbs/ST07-008(alt2).webp,,ST07,0,
7176,2302,ST07-008,,Charlotte Pudding,C,,2159,500140,Charlotte Pudding,Charlotte Pudding,ST07-008,C,,tcgcsv,high,101,market_number_eq_canonical_or_extracted;image_basename_number_agrees;set_code_match;rarity_match;parallel_variant_no_parallel_market_penalty;card_name_substring_product;source_tcgcsv,0,ST07-008,ST07,7,7,parallel_1,Parallel 1,official-cardlist,ST07-008_p1,ORP01/parallel/ST07-008_p1.png,https://en.onepiece-cardgame.com/images/cardlist/card/ST07-008_p1.png?260305,ST07,0,Included in Online Regional Participation Pack Vol.1
7178,2303,ST07-009,,Charlotte Mont-d'or,C,,2160,500142,Charlotte Mont-d'Or,Charlotte Mont dOr,ST07-009,C,,tcgcsv,high,113,market_number_eq_canonical_or_extracted;image_basename_number_agrees;set_code_match;rarity_match;card_name_substring_product;source_tcgcsv,0,ST07-009,ST07,1,1,operator_review,2,local-catalog,ST07-009::2,thumbs/ST07-009 (2).webp,,ST07,0,
7180,2304,ST07-010,,Charlotte Linlin,SR,,2161,500145,Charlotte Linlin (010),Charlotte Linlin 010,ST07-010,SR,,tcgcsv,high,113,market_number_eq_canonical_or_extracted;image_basename_number_agrees;set_code_match;rarity_match;card_name_substring_product;source_tcgcsv,0,ST07-010,ST07,2,2,operator_review,2,local-catalog,ST07-010::2,thumbs/ST07-010 (2).webp,,ST07,0,
7181,2304,ST07-010,,Charlotte Linlin,SR,,2161,500145,Charlotte Linlin (010),Charlotte Linlin 010,ST07-010,SR,,tcgcsv,high,101,market_number_eq_canonical_or_extracted;set_code_match;rarity_match;card_name_substring_product;source_tcgcsv,0,ST07-010,ST07,2,2,alt,Alt,local-catalog,ST07-010::alt,thumbs/ST07-010alt.webp,,ST07,0,
7183,2305,ST07-011,,Zeus,C,,2162,500147,Zeus,Zeus,ST07-011,C,,tcgcsv,high,113,market_number_eq_canonical_or_extracted;image_basename_number_agrees;set_code_match;rarity_match;card_name_substring_product;source_tcgcsv,0,ST07-011,ST07,1,1,operator_review,2,local-catalog,ST07-011::2,thumbs/ST07-011 (2).webp,,ST07,0,
7185,2306,ST07-012,,Baron Tamago,C,,2163,500149,Baron Tamago,Baron Tamago,ST07-012,C,,tcgcsv,high,113,market_number_eq_canonical_or_extracted;image_basename_number_agrees;set_code_match;rarity_match;card_name_substring_product;source_tcgcsv,0,ST07-012,ST07,1,1,operator_review,2,local-catalog,ST07-012::2,thumbs/ST07-012 (2).webp,,ST07,0,
7187,2307,ST07-013,,Prometheus,C,,2164,500150,Prometheus,Prometheus,ST07-013,C,,tcgcsv,high,113,market_number_eq_canonical_or_extracted;image_basename_number_agrees;set_code_match;rarity_match;card_name_substring_product;source_tcgcsv,0,ST07-013,ST07,1,1,operator_review,2,local-catalog,ST07-013::2,thumbs/ST07-013 (2).webp,,ST07,0,
7189,2308,ST07-014,,Pekoms,C,,2165,500151,Pekoms,Pekoms,ST07-014,C,,tcgcsv,high,113,market_number_eq_canonical_or_extracted;image_basename_number_agrees;set_code_match;rarity_match;card_name_substring_product;source_tcgcsv,0,ST07-014,ST07,1,1,operator_review,2,local-catalog,ST07-014::2,thumbs/ST07-014 (2).webp,,ST07,0,
7201,2313,ST08-002,,Uta,SR,,2175,503230,Uta,Uta,ST08-002,SR,,tcgcsv,high,91,market_number_eq_canonical_or_extracted;set_code_match;rarity_match;source_tcgcsv,0,ST08-002,ST08,2,2,alt,Alt,local-catalog,ST08-002::alt,thumbs/ST08-002alt.webp,,ST08,0,
7209,2317,ST08-006,,Shirahoshi,C,,2179,503234,Shirahoshi,Shirahoshi,ST08-006,C,,tcgcsv,high,113,market_number_eq_canonical_or_extracted;image_basename_number_agrees;set_code_match;rarity_match;card_name_substring_product;source_tcgcsv,0,ST08-006,ST08,1,1,operator_review,1,local-catalog,ST08-006::1,thumbs/ST08-006 (1).webp,,ST08,0,
7252,2338,ST09-012,,Yamato,C,,2200,504461,Yamato (012),Yamato 012,ST09-012,C,,tcgcsv,high,113,market_number_eq_canonical_or_extracted;image_basename_number_agrees;set_code_match;rarity_match;card_name_substring_product;source_tcgcsv,0,ST09-012,ST09,2,2,alt,Alt,local-catalog,ST09-012::alt,thumbs/ST09-012_Alt.webp,,ST09,0,
7253,2338,ST09-012,,Yamato,C,,2200,504461,Yamato (012),Yamato 012,ST09-012,C,,tcgcsv,high,101,market_number_eq_canonical_or_extracted;image_basename_number_agrees;set_code_match;rarity_match;parallel_variant_no_parallel_market_penalty;card_name_substring_product;source_tcgcsv,0,ST09-012,ST09,2,2,parallel_1,Parallel 1,official-cardlist,ST09-012_p1,GC01/parallel/ST09-012_p1.png,https://en.onepiece-cardgame.com/images/cardlist/card/ST09-012_p1.png?260305,ST09,0,GIFT COLLECTION 2023 [GC-01]
7301,2351,ST10-010,,Trafalgar Law,SR,,2966,555691,Trafalgar Law (010) (TR),Trafalgar Law 010 TR,ST10-010,TR,,tcgcsv,high,89,market_number_eq_canonical_or_extracted;image_basename_number_agrees;set_code_match;parallel_variant_no_parallel_market_penalty;card_name_substring_product;source_tcgcsv,0,ST10-010,OP07,4,4,parallel_2,Parallel 2,official-cardlist,ST10-010_p2,OP07/parallel/ST10-010_p2.png,https://en.onepiece-cardgame.com/images/cardlist/card/ST10-010_p2.png?260305,OP07,0,-500 YEARS IN THE FUTURE- [OP-07]
7324,2359,ST11-001,,Uta,L,,3179,580997,Uta (ST11-001),Uta ST11 001,ST11-001,L,,tcgcsv,high,91,market_number_eq_canonical_or_extracted;image_basename_number_agrees;set_code_match;rarity_match;parallel_variant_no_parallel_market_penalty;source_tcgcsv,0,ST11-001,ST16,2,2,parallel_1,Parallel 1,official-cardlist,ST11-001_p1,ST16/parallel/ST11-001_p1.png,https://en.onepiece-cardgame.com/images/cardlist/card/ST11-001_p1.png?260305,ST16,0,-Green Uta- [ST-16]
7325,2359,ST11-001,,Uta,L,,2539,533879,Uta (001),Uta 001,ST11-001,L,,tcgcsv,high,103,market_number_eq_canonical_or_extracted;image_basename_number_agrees;set_code_match;rarity_match;source_tcgcsv,0,ST11-001,ST11,2,2,alt,St16Alt,local-catalog,ST11-001::st16alt,thumbs/ST11-001(ST16alt).webp,,ST11,0,
7328,2361,ST11-003,,Backlight,C,,2541,533881,Backlight,Backlight,ST11-003,C,,tcgcsv,high,101,market_number_eq_canonical_or_extracted;set_code_match;rarity_match;card_name_substring_product;source_tcgcsv,0,ST11-003,ST11,4,4,alt,Alt Art 2,local-catalog,ST11-003::alt art 2,thumbs/ST11-003alt2.webp,,ST11,0,
7329,2361,ST11-003,,Backlight,C,,2541,533881,Backlight,Backlight,ST11-003,C,,tcgcsv,high,101,market_number_eq_canonical_or_extracted;image_basename_number_agrees;set_code_match;rarity_match;parallel_variant_no_parallel_market_penalty;card_name_substring_product;source_tcgcsv,0,ST11-003,ST11,4,4,parallel_1,Parallel 1,official-cardlist,ST11-003_p1,ST11BP/parallel/ST11-003_p1.png,https://en.onepiece-cardgame.com/images/cardlist/card/ST11-003_p1.png?260305,ST11,0,ST-11 Uta Deck Battle Participation Pack
7330,2361,ST11-003,,Backlight,C,,3180,580998,Backlight,Backlight,ST11-003,C,,tcgcsv,high,101,market_number_eq_canonical_or_extracted;image_basename_number_agrees;set_code_match;rarity_match;parallel_variant_no_parallel_market_penalty;card_name_substring_product;source_tcgcsv,0,ST11-003,ST16,4,4,parallel_2,Parallel 2,official-cardlist,ST11-003_p2,ST16/parallel/ST11-003_p2.png,https://en.onepiece-cardgame.com/images/cardlist/card/ST11-003_p2.png?260305,ST16,0,-Green Uta- [ST-16]
7332,2362,ST11-004,,New Genesis,SR,,2542,533882,New Genesis,New Genesis,ST11-004,SR,,tcgcsv,high,101,market_number_eq_canonical_or_extracted;set_code_match;rarity_match;card_name_substring_product;source_tcgcsv,0,ST11-004,ST11,3,3,alt,Alt Art 2,local-catalog,ST11-004::alt art 2,thumbs/ST11-004alt2.webp,,ST11,0,
7333,2362,ST11-004,,New Genesis,SR,,2542,533882,New Genesis,New Genesis,ST11-004,SR,,tcgcsv,high,101,market_number_eq_canonical_or_extracted;image_basename_number_agrees;set_code_match;rarity_match;parallel_variant_no_parallel_market_penalty;card_name_substring_product;source_tcgcsv,0,ST11-004,ST11,3,3,parallel_1,Parallel 1,official-cardlist,ST11-004_p1,ST11BP/parallel/ST11-004_p1.png,https://en.onepiece-cardgame.com/images/cardlist/card/ST11-004_p1.png?260305,ST11,0,ST-11 Uta Deck Battle Participation Pack
7334,2362,ST11-004,,New Genesis,SR,,3181,580999,New Genesis,New Genesis,ST11-004,SR,,tcgcsv,high,101,market_number_eq_canonical_or_extracted;image_basename_number_agrees;set_code_match;rarity_match;parallel_variant_no_parallel_market_penalty;card_name_substring_product;source_tcgcsv,0,ST11-004,ST16,3,3,parallel_2,Parallel 2,official-cardlist,ST11-004_p2,ST16/parallel/ST11-004_p2.png,https://en.onepiece-cardgame.com/images/cardlist/card/ST11-004_p2.png?260305,ST16,0,-Green Uta- [ST-16]
7336,2363,ST11-005,,I'm invincible,C,,2543,533883,I'm invincible,Im invincible,ST11-005,C,,tcgcsv,high,101,market_number_eq_canonical_or_extracted;set_code_match;rarity_match;card_name_substring_product;source_tcgcsv,0,ST11-005,ST11,3,3,alt,Alt Art 2,local-catalog,ST11-005::alt art 2,thumbs/ST11-005alt2.webp,,ST11,0,
7337,2363,ST11-005,,I'm invincible,C,,2543,533883,I'm invincible,Im invincible,ST11-005,C,,tcgcsv,high,101,market_number_eq_canonical_or_extracted;image_basename_number_agrees;set_code_match;rarity_match;parallel_variant_no_parallel_market_penalty;card_name_substring_product;source_tcgcsv,0,ST11-005,ST11,3,3,parallel_1,Parallel 1,official-cardlist,ST11-005_p1,ST11BP/parallel/ST11-005_p1.png,https://en.onepiece-cardgame.com/images/cardlist/card/ST11-005_p1.png?260305,ST11,0,ST-11 Uta Deck Battle Participation Pack
7338,2363,ST11-005,,I'm invincible,C,,3182,581000,I'm invincible,Im invincible,ST11-005,C,,tcgcsv,high,101,market_number_eq_canonical_or_extracted;image_basename_number_agrees;set_code_match;rarity_match;parallel_variant_no_parallel_market_penalty;card_name_substring_product;source_tcgcsv,0,ST11-005,ST16,3,3,parallel_2,Parallel 2,official-cardlist,ST11-005_p2,ST16/parallel/ST11-005_p2.png,https://en.onepiece-cardgame.com/images/cardlist/card/ST11-005_p2.png?260305,ST16,0,-Green Uta- [ST-16]
7355,2371,ST12-008,,Roronoa Zoro,C,,2793,539152,Roronoa Zoro,Roronoa Zoro,ST12-008,C,,tcgcsv,high,101,market_number_eq_canonical_or_extracted;set_code_match;rarity_match;card_name_substring_product;source_tcgcsv,0,ST12-008,ST12,2,2,alt,Alt,local-catalog,ST12-008::alt,thumbs/ST12-008Alt.webp,,ST12,0,
7356,2371,ST12-008,,Roronoa Zoro,C,,2793,539152,Roronoa Zoro,Roronoa Zoro,ST12-008,C,,tcgcsv,high,101,market_number_eq_canonical_or_extracted;image_basename_number_agrees;set_code_match;rarity_match;parallel_variant_no_parallel_market_penalty;card_name_substring_product;source_tcgcsv,0,ST12-008,ST12,2,2,parallel_1,Parallel 1,official-cardlist,ST12-008_p1,_unclassified/parallel/ST12-008_p1.png,https://en.onepiece-cardgame.com/images/cardlist/card/ST12-008_p1.png?260305,ST12,0,Treasure Cup August – September
7365,2375,ST12-012,,Charlotte Pudding,SP CARD,,3897,617174,Charlotte Pudding (SP),Charlotte Pudding SP,ST12-012,C,,tcgcsv,high,89,market_number_eq_canonical_or_extracted;image_basename_number_agrees;set_code_match;parallel_variant_no_parallel_market_penalty;card_name_substring_product;source_tcgcsv,0,ST12-012,OP10,2,2,parallel_1,Parallel 1,official-cardlist,ST12-012_p1,OP10/parallel/ST12-012_p1.png,https://en.onepiece-cardgame.com/images/cardlist/card/ST12-012_p1.png?260305,OP10,0,-ROYAL BLOOD- [OP-10]
7366,2375,ST12-012,,Charlotte Pudding,SP CARD,,2805,542118,Charlotte Pudding,Charlotte Pudding,ST12-012,C,,tcgcsv,high,89,market_number_eq_canonical_or_extracted;set_code_match;card_name_substring_product;source_tcgcsv,0,ST12-012,ST12,2,2,sp,S P,local-catalog,ST12-012::s p,thumbs/ST12-012SP.webp,,ST12,0,
7373,2377,ST12-014,,Duval,C,,2807,542124,Duval,Duval,ST12-014,C,,tcgcsv,high,113,market_number_eq_canonical_or_extracted;image_basename_number_agrees;set_code_match;rarity_match;card_name_substring_product;source_tcgcsv,0,ST12-014,ST12,3,3,alt,Prb01Alt,local-catalog,ST12-014::prb01alt,thumbs/ST12-014(PRB01alt).webp,,ST12,0,
7435,2391,ST13-011,,Portgas.D.Ace,SP CARD,,4438,646571,Portgas.D.Ace (SP),PortgasDAce SP,ST13-011,SR,,tcgcsv,high,89,market_number_eq_canonical_or_extracted;image_basename_number_agrees;set_code_match;parallel_variant_no_parallel_market_penalty;card_name_substring_product;source_tcgcsv,0,ST13-011,OP12,1,1,parallel_2,Parallel 2,official-cardlist,ST13-011_p2,OP12/parallel/ST13-011_p2.png,https://en.onepiece-cardgame.com/images/cardlist/card/ST13-011_p2.png?260305,OP12,0,-LEGACY OF THE MASTER- [OP-12]
7463,2396,ST13-016,,Yamato,C,,4275,635311,Yamato (Reprint),Yamato Reprint,ST13-016,C,,tcgcsv,high,113,market_number_eq_canonical_or_extracted;image_basename_number_agrees;set_code_match;rarity_match;card_name_substring_product;source_tcgcsv,0,ST13-016,ST28,2,2,r1,R1,official-cardlist,ST13-016_r1,ST28/reprint/ST13-016_r1.png,https://en.onepiece-cardgame.com/images/cardlist/card/ST13-016_r1.png?260305,ST28,0,-GREEN/YELLOW Yamato- [ST-28]
7478,2402,ST14-003,,Sanji,SP CARD,,3898,617175,Sanji (SP),Sanji SP,ST14-003,SR,,tcgcsv,high,89,market_number_eq_canonical_or_extracted;image_basename_number_agrees;set_code_match;parallel_variant_no_parallel_market_penalty;card_name_substring_product;source_tcgcsv,0,ST14-003,OP10,2,2,parallel_1,Parallel 1,official-cardlist,ST14-003_p1,OP10/parallel/ST14-003_p1.png,https://en.onepiece-cardgame.com/images/cardlist/card/ST14-003_p1.png?260305,OP10,0,-ROYAL BLOOD- [OP-10]
7479,2402,ST14-003,,Sanji,SP CARD,,3138,548414,Sanji,Sanji,ST14-003,SR,,tcgcsv,high,89,market_number_eq_canonical_or_extracted;set_code_match;card_name_substring_product;source_tcgcsv,0,ST14-003,ST14,2,2,sp,S P,local-catalog,ST14-003::s p,thumbs/ST14-003SP.webp,,ST14,0,
7497,2409,ST14-010,,Brook,C,,4246,634318,Brook (Reprint),Brook Reprint,ST14-010,C,,tcgcsv,high,113,market_number_eq_canonical_or_extracted;image_basename_number_agrees;set_code_match;rarity_match;card_name_substring_product;source_tcgcsv,0,ST14-010,ST26,4,4,r1,R1,official-cardlist,ST14-010_r1,_unclassified/reprint/ST14-010_r1.png,https://en.onepiece-cardgame.com/images/cardlist/card/ST14-010_r1.png?260305,ST26,0,
7523,2418,ST15-002,,Edward.Newgate,SR,,3899,617176,Edward.Newgate (SP),EdwardNewgate SP,ST15-002,SR,,tcgcsv,high,101,market_number_eq_canonical_or_extracted;image_basename_number_agrees;set_code_match;rarity_match;parallel_variant_no_parallel_market_penalty;card_name_substring_product;source_tcgcsv,0,ST15-002,OP10,4,4,parallel_1,Parallel 1,official-cardlist,ST15-002_p1,OP10/parallel/ST15-002_p1.png,https://en.onepiece-cardgame.com/images/cardlist/card/ST15-002_p1.png?260305,OP10,0,-ROYAL BLOOD- [OP-10]
7525,2418,ST15-002,,Edward.Newgate,SR,,3165,580987,Edward.Newgate (ST15-002),EdwardNewgate ST15 002,ST15-002,SR,,tcgcsv,high,113,market_number_eq_canonical_or_extracted;image_basename_number_agrees;set_code_match;rarity_match;card_name_substring_product;source_tcgcsv,0,ST15-002,ST15,4,4,alt,Prb02,local-catalog,ST15-002::prb02,thumbs/ST15-002(PRB02).webp,,ST15,0,
7527,2418,ST15-002,,Edward.Newgate,SR,,3165,580987,Edward.Newgate (ST15-002),EdwardNewgate ST15 002,ST15-002,SR,,tcgcsv,high,101,market_number_eq_canonical_or_extracted;set_code_match;rarity_match;card_name_substring_product;source_tcgcsv,0,ST15-002,ST15,4,4,sp,S P,local-catalog,ST15-002::s p,thumbs/ST15-002SP.webp,,ST15,0,
7534,2421,ST15-005,,Portgas.D.Ace,SR,,3168,580990,Portgas.D.Ace,PortgasDAce,ST15-005,SR,,tcgcsv,high,101,market_number_eq_canonical_or_extracted;image_basename_number_agrees;set_code_match;rarity_match;parallel_variant_no_parallel_market_penalty;card_name_substring_product;source_tcgcsv,0,ST15-005,ST15,5,5,parallel_1,Parallel 1,official-cardlist,ST15-005_p1,CS2526TP1/parallel/ST15-005_p1.png,https://en.onepiece-cardgame.com/images/cardlist/card/ST15-005_p1.png?260305,ST15,0,CS 25-26 Top Player Pack
7535,2421,ST15-005,,Portgas.D.Ace,SR,,3168,580990,Portgas.D.Ace,PortgasDAce,ST15-005,SR,,tcgcsv,high,101,market_number_eq_canonical_or_extracted;image_basename_number_agrees;set_code_match;rarity_match;parallel_variant_no_parallel_market_penalty;card_name_substring_product;source_tcgcsv,0,ST15-005,ST15,5,5,parallel_2,Parallel 2,official-cardlist,ST15-005_p2,_unclassified/parallel/ST15-005_p2.png,https://en.onepiece-cardgame.com/images/cardlist/card/ST15-005_p2.png?260305,ST15,0,CS 25-26 Finalist Card Set 1
7536,2421,ST15-005,,Portgas.D.Ace,SR,,3168,580990,Portgas.D.Ace,PortgasDAce,ST15-005,SR,,tcgcsv,high,101,market_number_eq_canonical_or_extracted;image_basename_number_agrees;set_code_match;rarity_match;parallel_variant_no_parallel_market_penalty;card_name_substring_product;source_tcgcsv,0,ST15-005,ST15,5,5,parallel_3,Parallel 3,official-cardlist,ST15-005_p3,_unclassified/parallel/ST15-005_p3.png,https://en.onepiece-cardgame.com/images/cardlist/card/ST15-005_p3.png?260305,ST15,0,Illustration Box Vol.5
7537,2421,ST15-005,,Portgas.D.Ace,SR,,3168,580990,Portgas.D.Ace,PortgasDAce,ST15-005,SR,,tcgcsv,high,101,market_number_eq_canonical_or_extracted;image_basename_number_agrees;set_code_match;rarity_match;parallel_variant_no_parallel_market_penalty;card_name_substring_product;source_tcgcsv,0,ST15-005,ST15,5,5,parallel_4,Parallel 4,official-cardlist,ST15-005_p4,ANN3JP/parallel/ST15-005_p4.png,https://en.onepiece-cardgame.com/images/cardlist/card/ST15-005_p4.png?260305,ST15,0,Japanese 3rd ANNIVERSARY SET
7540,2422,ST16-001,,Uta,SR,,3183,581001,Uta (ST16-001),Uta ST16 001,ST16-001,SR,,tcgcsv,high,103,market_number_eq_canonical_or_extracted;image_basename_number_agrees;set_code_match;rarity_match;source_tcgcsv,0,ST16-001,ST16,1,1,promo,2Nd Anniversary Alt,local-catalog,ST16-001::2nd anniversary alt,thumbs/ST16-001(2nd anniversary alt).webp,,ST16,0,
7541,2422,ST16-001,,Uta,SR,,3183,581001,Uta (ST16-001),Uta ST16 001,ST16-001,SR,,tcgcsv,high,91,market_number_eq_canonical_or_extracted;set_code_match;rarity_match;source_tcgcsv,0,ST16-001,ST16,1,1,alt,Alt,local-catalog,ST16-001::alt,thumbs/ST16-001alt.webp,,ST16,0,
7550,2425,ST16-004,,Shanks,SR,,4170,632508,Shanks (SP),Shanks SP,ST16-004,SR,,tcgcsv,high,101,market_number_eq_canonical_or_extracted;image_basename_number_agrees;set_code_match;rarity_match;parallel_variant_no_parallel_market_penalty;card_name_substring_product;source_tcgcsv,0,ST16-004,OP11,4,4,parallel_1,Parallel 1,official-cardlist,ST16-004_p1,OP11/parallel/ST16-004_p1.png,https://en.onepiece-cardgame.com/images/cardlist/card/ST16-004_p1.png?260305,OP11,0,-A FIST OF DIVINE SPEED- [OP-11]
7552,2425,ST16-004,,Shanks,SR,,3186,581004,Shanks,Shanks,ST16-004,SR,,tcgcsv,high,113,market_number_eq_canonical_or_extracted;image_basename_number_agrees;set_code_match;rarity_match;card_name_substring_product;source_tcgcsv,0,ST16-004,ST16,4,4,alt,Prb02,local-catalog,ST16-004::prb02,thumbs/ST16-004(PRB02).webp,,ST16,0,
7554,2425,ST16-004,,Shanks,SR,,3186,581004,Shanks,Shanks,ST16-004,SR,,tcgcsv,high,113,market_number_eq_canonical_or_extracted;image_basename_number_agrees;set_code_match;rarity_match;card_name_substring_product;source_tcgcsv,0,ST16-004,ST16,4,4,sp,SP,local-catalog,ST16-004::sp,thumbs/ST16-004(SP).webp,,ST16,0,
7564,2428,ST17-002,,Trafalgar Law,SR,,3197,581017,Trafalgar Law (ST17-002),Trafalgar Law ST17 002,ST17-002,SR,,tcgcsv,high,113,market_number_eq_canonical_or_extracted;image_basename_number_agrees;set_code_match;rarity_match;card_name_substring_product;source_tcgcsv,0,ST17-002,ST17,3,3,alt,Prb02,local-catalog,ST17-002::prb02,thumbs/ST17-002(PRB02).webp,,ST17,0,
7568,2429,ST17-003,,Buggy,C,,3198,581018,Buggy,Buggy,ST17-003,C,,tcgcsv,high,101,market_number_eq_canonical_or_extracted;image_basename_number_agrees;set_code_match;rarity_match;parallel_variant_no_parallel_market_penalty;card_name_substring_product;source_tcgcsv,0,ST17-003,ST17,7,7,parallel_1,Parallel 1,official-cardlist,ST17-003_p1,CS2526TP1/parallel/ST17-003_p1.png,https://en.onepiece-cardgame.com/images/cardlist/card/ST17-003_p1.png?260305,ST17,0,CS 25-26 Top Player Pack
7569,2429,ST17-003,,Buggy,C,,3198,581018,Buggy,Buggy,ST17-003,C,,tcgcsv,high,101,market_number_eq_canonical_or_extracted;image_basename_number_agrees;set_code_match;rarity_match;parallel_variant_no_parallel_market_penalty;card_name_substring_product;source_tcgcsv,0,ST17-003,ST17,7,7,parallel_2,Parallel 2,official-cardlist,ST17-003_p2,_unclassified/parallel/ST17-003_p2.png,https://en.onepiece-cardgame.com/images/cardlist/card/ST17-003_p2.png?260305,ST17,0,CS 25-26 Finalist Card Set 1
7571,2429,ST17-003,,Buggy,C,,3198,581018,Buggy,Buggy,ST17-003,C,,tcgcsv,high,101,market_number_eq_canonical_or_extracted;image_basename_number_agrees;set_code_match;rarity_match;parallel_variant_no_parallel_market_penalty;card_name_substring_product;source_tcgcsv,0,ST17-003,ST17,7,7,parallel_4,Parallel 4,official-cardlist,ST17-003_p4,SWBS01/parallel/ST17-003_p4.png,https://en.onepiece-cardgame.com/images/cardlist/card/ST17-003_p4.png?260305,ST17,0,Seven Warlords of the Sea Binder Set
7575,2430,ST17-004,,Boa Hancock,SR,,3199,581019,Boa Hancock,Boa Hancock,ST17-004,SR,,tcgcsv,high,113,market_number_eq_canonical_or_extracted;image_basename_number_agrees;set_code_match;rarity_match;card_name_substring_product;source_tcgcsv,0,ST17-004,ST17,2,2,promo,2Nd Anniversary Alt,local-catalog,ST17-004::2nd anniversary alt,thumbs/ST17-004(2nd anniversary alt).webp,,ST17,0,
7576,2430,ST17-004,,Boa Hancock,SR,,3199,581019,Boa Hancock,Boa Hancock,ST17-004,SR,,tcgcsv,high,101,market_number_eq_canonical_or_extracted;set_code_match;rarity_match;card_name_substring_product;source_tcgcsv,0,ST17-004,ST17,2,2,alt,Alt,local-catalog,ST17-004::alt,thumbs/ST17-004alt.webp,,ST17,0,
7580,2431,ST17-005,,Marshall.D.Teach,C,,3200,581020,Marshall.D.Teach,MarshallDTeach,ST17-005,C,,tcgcsv,high,101,market_number_eq_canonical_or_extracted;image_basename_number_agrees;set_code_match;rarity_match;parallel_variant_no_parallel_market_penalty;card_name_substring_product;source_tcgcsv,0,ST17-005,ST17,5,5,parallel_2,Parallel 2,official-cardlist,ST17-005_p2,SWBS01/parallel/ST17-005_p2.png,https://en.onepiece-cardgame.com/images/cardlist/card/ST17-005_p2.png?260305,ST17,0,Seven Warlords of the Sea Binder Set
7584,2432,ST18-001,,Uso-Hachi,C,,3900,617177,Uso-Hachi (SP),Uso Hachi SP,ST18-001,C,,tcgcsv,high,101,market_number_eq_canonical_or_extracted;image_basename_number_agrees;set_code_match;rarity_match;parallel_variant_no_parallel_market_penalty;card_name_substring_product;source_tcgcsv,0,ST18-001,OP10,5,5,parallel_1,Parallel 1,official-cardlist,ST18-001_p1,OP10/parallel/ST18-001_p1.png,https://en.onepiece-cardgame.com/images/cardlist/card/ST18-001_p1.png?260305,OP10,0,-ROYAL BLOOD- [OP-10]
7587,2432,ST18-001,,Uso-Hachi,C,,3214,581031,Uso-Hachi (ST18-001),Uso Hachi ST18 001,ST18-001,C,,tcgcsv,high,113,market_number_eq_canonical_or_extracted;image_basename_number_agrees;set_code_match;rarity_match;card_name_substring_product;source_tcgcsv,0,ST18-001,ST18,5,5,alt,Prb02,local-catalog,ST18-001::prb02,thumbs/ST18-001(PRB02).webp,,ST18,0,
7589,2432,ST18-001,,Uso-Hachi,C,,3214,581031,Uso-Hachi (ST18-001),Uso Hachi ST18 001,ST18-001,C,,tcgcsv,high,101,market_number_eq_canonical_or_extracted;set_code_match;rarity_match;card_name_substring_product;source_tcgcsv,0,ST18-001,ST18,5,5,sp,S P,local-catalog,ST18-001::s p,thumbs/ST18-001SP.webp,,ST18,0,
7593,2433,ST18-002,,O-Nami,C,,3215,581032,O-Nami,O Nami,ST18-002,C,,tcgcsv,high,101,market_number_eq_canonical_or_extracted;image_basename_number_agrees;set_code_match;rarity_match;parallel_variant_no_parallel_market_penalty;card_name_substring_product;source_tcgcsv,0,ST18-002,ST18,4,4,parallel_2,Parallel 2,official-cardlist,ST18-002_p2,_unclassified/parallel/ST18-002_p2.png,https://en.onepiece-cardgame.com/images/cardlist/card/ST18-002_p2.png?260305,ST18,0,ONE PIECE HEROINES CAMPAIGN Dash Pack
7597,2434,ST18-003,,San-Gorou,C,,3216,581033,San-Gorou,San Gorou,ST18-003,C,,tcgcsv,high,101,market_number_eq_canonical_or_extracted;image_basename_number_agrees;set_code_match;rarity_match;parallel_variant_no_parallel_market_penalty;card_name_substring_product;source_tcgcsv,0,ST18-003,ST18,4,4,parallel_1,Parallel 1,official-cardlist,ST18-003_p1,TC2025FEB/parallel/ST18-003_p1.png,https://en.onepiece-cardgame.com/images/cardlist/card/ST18-003_p1.png?260305,ST18,0,Treasure Cup February 2025
7602,2435,ST18-004,,Zoro-Juurou,SP CARD,,3742,600658,Zoro-Juurou (ST18-004),Zoro Juurou ST18 004,ST18-004,TR,,tcgcsv,high,89,market_number_eq_canonical_or_extracted;image_basename_number_agrees;set_code_match;parallel_variant_no_parallel_market_penalty;card_name_substring_product;source_tcgcsv,0,ST18-004,OP09,3,3,parallel_1,Parallel 1,official-cardlist,ST18-004_p1,OP09/parallel/ST18-004_p1.png,https://en.onepiece-cardgame.com/images/cardlist/card/ST18-004_p1.png?260305,OP09,0,-EMPERORS IN THE NEW WORLD- [OP-09]
7603,2435,ST18-004,,Zoro-Juurou,SP CARD,,4436,646566,Zoro-Juurou (SP),Zoro Juurou SP,ST18-004,SR,,tcgcsv,high,89,market_number_eq_canonical_or_extracted;image_basename_number_agrees;set_code_match;parallel_variant_no_parallel_market_penalty;card_name_substring_product;source_tcgcsv,0,ST18-004,OP12,3,3,parallel_2,Parallel 2,official-cardlist,ST18-004_p2,OP12/parallel/ST18-004_p2.png,https://en.onepiece-cardgame.com/images/cardlist/card/ST18-004_p2.png?260305,OP12,0,-LEGACY OF THE MASTER- [OP-12]
7604,2435,ST18-004,,Zoro-Juurou,SP CARD,,3217,581034,Zoro-Juurou (ST18-004),Zoro Juurou ST18 004,ST18-004,SR,,tcgcsv,high,101,market_number_eq_canonical_or_extracted;image_basename_number_agrees;set_code_match;card_name_substring_product;source_tcgcsv,0,ST18-004,ST18,3,3,sp,SP,local-catalog,ST18-004::sp,thumbs/ST18-004(SP).webp,,ST18,0,
7607,2436,ST18-005,,Luffy-Tarou,SP CARD,,4171,632509,Luffy-Tarou (SP),Luffy Tarou SP,ST18-005,SR,,tcgcsv,high,89,market_number_eq_canonical_or_extracted;image_basename_number_agrees;set_code_match;parallel_variant_no_parallel_market_penalty;card_name_substring_product;source_tcgcsv,0,ST18-005,OP11,2,2,parallel_1,Parallel 1,official-cardlist,ST18-005_p1,OP11/parallel/ST18-005_p1.png,https://en.onepiece-cardgame.com/images/cardlist/card/ST18-005_p1.png?260305,OP11,0,-A FIST OF DIVINE SPEED- [OP-11]
7608,2436,ST18-005,,Luffy-Tarou,SP CARD,,3218,581035,Luffy-Tarou,Luffy Tarou,ST18-005,SR,,tcgcsv,high,101,market_number_eq_canonical_or_extracted;image_basename_number_agrees;set_code_match;card_name_substring_product;source_tcgcsv,0,ST18-005,ST18,2,2,sp,SP,local-catalog,ST18-005::sp,thumbs/ST18-005(SP).webp,,ST18,0,
7613,2438,ST19-002,,Sengoku,C,,3232,581047,Sengoku,Sengoku,ST19-002,C,,tcgcsv,high,101,market_number_eq_canonical_or_extracted;image_basename_number_agrees;set_code_match;rarity_match;parallel_variant_no_parallel_market_penalty;card_name_substring_product;source_tcgcsv,0,ST19-002,ST19,5,5,parallel_1,Parallel 1,official-cardlist,ST19-002_p1,TP2025V3/parallel/ST19-002_p1.png,https://en.onepiece-cardgame.com/images/cardlist/card/ST19-002_p1.png?260305,ST19,0,Tournament Pack 2025 Vol. 3
7614,2438,ST19-002,,Sengoku,C,,3232,581047,Sengoku,Sengoku,ST19-002,C,,tcgcsv,high,101,market_number_eq_canonical_or_extracted;image_basename_number_agrees;set_code_match;rarity_match;parallel_variant_no_parallel_market_penalty;card_name_substring_product;source_tcgcsv,0,ST19-002,ST19,5,5,parallel_2,Parallel 2,official-cardlist,ST19-002_p2,_unclassified/parallel/ST19-002_p2.png,https://en.onepiece-cardgame.com/images/cardlist/card/ST19-002_p2.png?260305,ST19,0,Winner Pack 2025 Vol. 3
7708,2464,ST22-001,,Ace & Newgate,L,,4630,647684,Ace & Newgate (Parallel),Ace and Newgate Parallel,ST22-001,L,Parallel,tcgcsv,high,131,market_number_eq_canonical_or_extracted;image_basename_number_agrees;set_code_match;rarity_match;parallel_token_in_market_fields;card_name_substring_product;source_tcgcsv,0,ST22-001,ST22,2,2,parallel_1,Parallel 1,official-cardlist,ST22-001_p1,ST22/parallel/ST22-001_p1.png,https://en.onepiece-cardgame.com/images/cardlist/card/ST22-001_p1.png?260305,ST22,0,
7712,2465,ST22-002,,Izo,SR,,4632,647686,Izo (Parallel),Izo Parallel,ST22-002,SR,Parallel,tcgcsv,high,121,market_number_eq_canonical_or_extracted;image_basename_number_agrees;set_code_match;rarity_match;parallel_token_in_market_fields;source_tcgcsv,0,ST22-002,ST22,2,2,parallel_1,Parallel 1,official-cardlist,ST22-002_p1,ST22/parallel/ST22-002_p1.png,https://en.onepiece-cardgame.com/images/cardlist/card/ST22-002_p1.png?260305,ST22,0,
7716,2466,ST22-003,,Edward.Newgate,C,,4634,647688,Edward.Newgate (Parallel),EdwardNewgate Parallel,ST22-003,C,Parallel,tcgcsv,high,131,market_number_eq_canonical_or_extracted;image_basename_number_agrees;set_code_match;rarity_match;parallel_token_in_market_fields;card_name_substring_product;source_tcgcsv,0,ST22-003,ST22,3,3,parallel_1,Parallel 1,official-cardlist,ST22-003_p1,ST22/parallel/ST22-003_p1.png,https://en.onepiece-cardgame.com/images/cardlist/card/ST22-003_p1.png?260305,ST22,0,
7721,2467,ST22-004,,Elmy,C,,4636,647690,Elmy (Parallel),Elmy Parallel,ST22-004,C,Parallel,tcgcsv,high,131,market_number_eq_canonical_or_extracted;image_basename_number_agrees;set_code_match;rarity_match;parallel_token_in_market_fields;card_name_substring_product;source_tcgcsv,0,ST22-004,ST22,2,2,parallel_1,Parallel 1,official-cardlist,ST22-004_p1,ST22/parallel/ST22-004_p1.png,https://en.onepiece-cardgame.com/images/cardlist/card/ST22-004_p1.png?260305,ST22,0,
7725,2468,ST22-005,,Kouzuki Oden,SR,,4638,647692,Kouzuki Oden (Parallel),Kouzuki Oden Parallel,ST22-005,SR,Parallel,tcgcsv,high,131,market_number_eq_canonical_or_extracted;image_basename_number_agrees;set_code_match;rarity_match;parallel_token_in_market_fields;card_name_substring_product;source_tcgcsv,0,ST22-005,ST22,2,2,parallel_1,Parallel 1,official-cardlist,ST22-005_p1,ST22/parallel/ST22-005_p1.png,https://en.onepiece-cardgame.com/images/cardlist/card/ST22-005_p1.png?260305,ST22,0,
7729,2469,ST22-006,,Jozu,C,,4640,647694,Jozu (Parallel),Jozu Parallel,ST22-006,C,Parallel,tcgcsv,high,131,market_number_eq_canonical_or_extracted;image_basename_number_agrees;set_code_match;rarity_match;parallel_token_in_market_fields;card_name_substring_product;source_tcgcsv,0,ST22-006,ST22,2,2,parallel_1,Parallel 1,official-cardlist,ST22-006_p1,ST22/parallel/ST22-006_p1.png,https://en.onepiece-cardgame.com/images/cardlist/card/ST22-006_p1.png?260305,ST22,0,
7733,2470,ST22-007,,Squard,C,,4642,647696,Squard (Parallel),Squard Parallel,ST22-007,C,Parallel,tcgcsv,high,131,market_number_eq_canonical_or_extracted;image_basename_number_agrees;set_code_match;rarity_match;parallel_token_in_market_fields;card_name_substring_product;source_tcgcsv,0,ST22-007,ST22,2,2,parallel_1,Parallel 1,official-cardlist,ST22-007_p1,ST22/parallel/ST22-007_p1.png,https://en.onepiece-cardgame.com/images/cardlist/card/ST22-007_p1.png?260305,ST22,0,
7737,2471,ST22-008,,Decalvan Brothers,C,,4644,647698,Decalvan Brothers (Parallel),Decalvan Brothers Parallel,ST22-008,C,Parallel,tcgcsv,high,131,market_number_eq_canonical_or_extracted;image_basename_number_agrees;set_code_match;rarity_match;parallel_token_in_market_fields;card_name_substring_product;source_tcgcsv,0,ST22-008,ST22,2,2,parallel_1,Parallel 1,official-cardlist,ST22-008_p1,ST22/parallel/ST22-008_p1.png,https://en.onepiece-cardgame.com/images/cardlist/card/ST22-008_p1.png?260305,ST22,0,
7741,2472,ST22-009,,Vista,C,,4646,647700,Vista (Parallel),Vista Parallel,ST22-009,C,Parallel,tcgcsv,high,131,market_number_eq_canonical_or_extracted;image_basename_number_agrees;set_code_match;rarity_match;parallel_token_in_market_fields;card_name_substring_product;source_tcgcsv,0,ST22-009,ST22,2,2,parallel_1,Parallel 1,official-cardlist,ST22-009_p1,ST22/parallel/ST22-009_p1.png,https://en.onepiece-cardgame.com/images/cardlist/card/ST22-009_p1.png?260305,ST22,0,
7745,2473,ST22-010,,Portgas.D.Ace,C,,4648,647702,Portgas.D.Ace (Parallel),PortgasDAce Parallel,ST22-010,C,Parallel,tcgcsv,high,131,market_number_eq_canonical_or_extracted;image_basename_number_agrees;set_code_match;rarity_match;parallel_token_in_market_fields;card_name_substring_product;source_tcgcsv,0,ST22-010,ST22,2,2,parallel_1,Parallel 1,official-cardlist,ST22-010_p1,ST22/parallel/ST22-010_p1.png,https://en.onepiece-cardgame.com/images/cardlist/card/ST22-010_p1.png?260305,ST22,0,
7749,2474,ST22-011,,Whitey Bay,C,,4650,647704,Whitey Bay (Parallel),Whitey Bay Parallel,ST22-011,C,Parallel,tcgcsv,high,131,market_number_eq_canonical_or_extracted;image_basename_number_agrees;set_code_match;rarity_match;parallel_token_in_market_fields;card_name_substring_product;source_tcgcsv,0,ST22-011,ST22,2,2,parallel_1,Parallel 1,official-cardlist,ST22-011_p1,ST22/parallel/ST22-011_p1.png,https://en.onepiece-cardgame.com/images/cardlist/card/ST22-011_p1.png?260305,ST22,0,
7753,2475,ST22-012,,Marco,C,,4652,647706,Marco (Parallel),Marco Parallel,ST22-012,C,Parallel,tcgcsv,high,131,market_number_eq_canonical_or_extracted;image_basename_number_agrees;set_code_match;rarity_match;parallel_token_in_market_fields;card_name_substring_product;source_tcgcsv,0,ST22-012,ST22,2,2,parallel_1,Parallel 1,official-cardlist,ST22-012_p1,ST22/parallel/ST22-012_p1.png,https://en.onepiece-cardgame.com/images/cardlist/card/ST22-012_p1.png?260305,ST22,0,
7757,2476,ST22-013,,LittleOars Jr.,C,,4654,647708,LittleOars Jr. (Parallel),LittleOars Jr Parallel,ST22-013,C,Parallel,tcgcsv,high,131,market_number_eq_canonical_or_extracted;image_basename_number_agrees;set_code_match;rarity_match;parallel_token_in_market_fields;card_name_substring_product;source_tcgcsv,0,ST22-013,ST22,2,2,parallel_1,Parallel 1,official-cardlist,ST22-013_p1,ST22/parallel/ST22-013_p1.png,https://en.onepiece-cardgame.com/images/cardlist/card/ST22-013_p1.png?260305,ST22,0,
7761,2477,ST22-014,,A.O.,C,,4656,647710,A.O. (Parallel),AO Parallel,ST22-014,C,Parallel,tcgcsv,high,131,market_number_eq_canonical_or_extracted;image_basename_number_agrees;set_code_match;rarity_match;parallel_token_in_market_fields;card_name_substring_product;source_tcgcsv,0,ST22-014,ST22,2,2,parallel_1,Parallel 1,official-cardlist,ST22-014_p1,ST22/parallel/ST22-014_p1.png,https://en.onepiece-cardgame.com/images/cardlist/card/ST22-014_p1.png?260305,ST22,0,
7826,2511,ST29-001,,Monkey.D.Luffy,L,,5369,671547,Monkey.D.Luffy (001) (Parallel),MonkeyDLuffy 001 Parallel,ST29-001,L,Parallel,tcgcsv,high,139,market_number_eq_canonical_or_extracted;image_basename_number_agrees;set_code_match;rarity_match;parallel_token_in_market_fields;parallel_index_loose_in_name;card_name_substring_product;source_tcgcsv,0,ST29-001,ST29,2,2,parallel_1,Parallel 1,official-cardlist,ST29-001_p1,ST29/parallel/ST29-001_p1.png,https://en.onepiece-cardgame.com/images/cardlist/card/ST29-001_p1.png?260305,ST29,0,
