card_variant_id,card_canonical_code,card_name,candidate_market_product_pk,candidate_market_product_external_id,match_score,match_reasons,match_confidence,needs_manual_review,cv_variant_key,cv_variant_label,cv_print_id,cv_image_path
3,EB01-001,Kouzuki Oden,2709,544523,101,market_number_eq_canonical_or_extracted;image_basename_number_agrees;set_code_match;rarity_match;parallel_variant_no_parallel_market_penalty;card_name_substring_product;source_tcgcsv,low,1,parallel_1,Parallel 1,EB01-001_p1,EB01/parallel/EB01-001_p1.png
11,EB01-003,Kid & Killer,2712,544526,101,market_number_eq_canonical_or_extracted;image_basename_number_agrees;set_code_match;rarity_match;parallel_variant_no_parallel_market_penalty;card_name_substring_product;source_tcgcsv,low,1,parallel_1,Parallel 1,EB01-003_p1,EB01/parallel/EB01-003_p1.png
12,EB01-003,Kid & Killer,2712,544526,101,market_number_eq_canonical_or_extracted;image_basename_number_agrees;set_code_match;rarity_match;parallel_variant_no_parallel_market_penalty;card_name_substring_product;source_tcgcsv,low,1,parallel_2,Parallel 2,EB01-003_p2,_unclassified/parallel/EB01-003_p2.png
13,EB01-003,Kid & Killer,2712,544526,101,market_number_eq_canonical_or_extracted;image_basename_number_agrees;set_code_match;rarity_match;parallel_variant_no_parallel_market_penalty;card_name_substring_product;source_tcgcsv,low,1,parallel_3,Parallel 3,EB01-003_p3,ORFC2025V2/parallel/EB01-003_p3.png
14,EB01-003,Kid & Killer,1633,646720,67,market_number_eq_canonical_or_extracted;image_basename_number_agrees;set_code_mismatch_penalty;rarity_match;card_name_substring_product;source_tcgcsv,low,1,sp,Parallel 4,EB01-003_p4,ORFC2025V2/alt_art/EB01-003_alt.png
16,EB01-003,Kid & Killer,2712,544526,113,market_number_eq_canonical_or_extracted;image_basename_number_agrees;set_code_match;rarity_match;card_name_substring_product;source_tcgcsv,low,1,sp,SP,EB01-003::sp,thumbs/EB01-003(SP).webp
23,EB01-006,Tony Tony.Chopper,2717,544531,115,market_number_eq_canonical_or_extracted;set_code_match;rarity_match;alt_art_signal;card_name_substring_product;source_tcgcsv,low,1,alt,Alt,EB01-006::alt,thumbs/EB01-006alt.webp
24,EB01-006,Tony Tony.Chopper,2716,544530,113,market_number_eq_canonical_or_extracted;image_basename_number_agrees;set_code_match;rarity_match;card_name_substring_product;source_tcgcsv,low,1,mr,Manga,EB01-006::manga,thumbs/EB01-006 Manga Rare.webp
25,EB01-006,Tony Tony.Chopper,2716,544530,101,market_number_eq_canonical_or_extracted;image_basename_number_agrees;set_code_match;rarity_match;parallel_variant_no_parallel_market_penalty;card_name_substring_product;source_tcgcsv,low,1,parallel_1,Parallel 1,EB01-006_p1,EB01/parallel/EB01-006_p1.png
26,EB01-006,Tony Tony.Chopper,2716,544530,101,market_number_eq_canonical_or_extracted;image_basename_number_agrees;set_code_match;rarity_match;parallel_variant_no_parallel_market_penalty;card_name_substring_product;source_tcgcsv,low,1,parallel_2,Parallel 2,EB01-006_p2,EB01/parallel/EB01-006_p2.png
27,EB01-006,Tony Tony.Chopper,2716,544530,101,market_number_eq_canonical_or_extracted;image_basename_number_agrees;set_code_match;rarity_match;parallel_variant_no_parallel_market_penalty;card_name_substring_product;source_tcgcsv,low,1,parallel_3,Parallel 3,EB01-006_p3,_unclassified/parallel/EB01-006_p3.png
36,EB01-009,Just Shut Up and Come with Us!!!!,4784,655979,101,market_number_eq_canonical_or_extracted;image_basename_number_agrees;set_code_match;rarity_match;parallel_variant_no_parallel_market_penalty;card_name_substring_product;source_tcgcsv,low,1,parallel_1,Parallel 1,EB01-009_p1,PRB02/parallel/EB01-009_p1.png
37,EB01-009,Just Shut Up and Come with Us!!!!,4784,655979,113,market_number_eq_canonical_or_extracted;image_basename_number_agrees;set_code_match;rarity_match;card_name_substring_product;source_tcgcsv,low,1,r1,R1,EB01-009_r1,PRB02/reprint/EB01-009_r1.png
46,EB01-012,Cavendish,2724,544538,101,market_number_eq_canonical_or_extracted;image_basename_number_agrees;set_code_match;rarity_match;parallel_variant_no_parallel_market_penalty;card_name_substring_product;source_tcgcsv,low,1,parallel_1,Parallel 1,EB01-012_p1,EB01/parallel/EB01-012_p1.png
47,EB01-012,Cavendish,2724,544538,101,market_number_eq_canonical_or_extracted;image_basename_number_agrees;set_code_match;rarity_match;parallel_variant_no_parallel_market_penalty;card_name_substring_product;source_tcgcsv,low,1,parallel_3,Parallel 3,EB01-012_p3,EB01/parallel/EB01-012_p3.png
52,EB01-013,Kouzuki Hiyori,2726,544540,101,market_number_eq_canonical_or_extracted;image_basename_number_agrees;set_code_match;rarity_match;parallel_variant_no_parallel_market_penalty;card_name_substring_product;source_tcgcsv,low,1,parallel_1,Parallel 1,EB01-013_p1,EB01/parallel/EB01-013_p1.png
64,EB01-015,Scratchmen Apoo,4706,653917,101,market_number_eq_canonical_or_extracted;image_basename_number_agrees;set_code_match;rarity_match;parallel_variant_no_parallel_market_penalty;card_name_substring_product;source_tcgcsv,low,1,parallel_5,Parallel 5,EB01-015_p5,PRB02/parallel/EB01-015_p5.png
66,EB01-015,Scratchmen Apoo,4706,653917,113,market_number_eq_canonical_or_extracted;image_basename_number_agrees;set_code_match;rarity_match;card_name_substring_product;source_tcgcsv,low,1,r1,R1,EB01-015_r1,PRB02/reprint/EB01-015_r1.png
73,EB01-018,Mountain God,4788,655983,101,market_number_eq_canonical_or_extracted;image_basename_number_agrees;set_code_match;rarity_match;parallel_variant_no_parallel_market_penalty;card_name_substring_product;source_tcgcsv,low,1,parallel_1,Parallel 1,EB01-018_p1,PRB02/parallel/EB01-018_p1.png
74,EB01-018,Mountain God,4788,655983,113,market_number_eq_canonical_or_extracted;image_basename_number_agrees;set_code_match;rarity_match;card_name_substring_product;source_tcgcsv,low,1,r1,R1,EB01-018_r1,PRB02/reprint/EB01-018_r1.png
82,EB01-021,Hannyabal,2735,544549,101,market_number_eq_canonical_or_extracted;image_basename_number_agrees;set_code_match;rarity_match;parallel_variant_no_parallel_market_penalty;card_name_substring_product;source_tcgcsv,low,1,parallel_1,Parallel 1,EB01-021_p1,EB01/parallel/EB01-021_p1.png
87,EB01-022,Inazuma,2737,544551,101,market_number_eq_canonical_or_extracted;image_basename_number_agrees;set_code_match;rarity_match;parallel_variant_no_parallel_market_penalty;card_name_substring_product;source_tcgcsv,low,1,parallel_1,Parallel 1,EB01-022_p1,EB01/parallel/EB01-022_p1.png
102,EB01-027,Mr.1(Daz.Bonez),2743,544557,97,market_number_eq_canonical_or_extracted;image_basename_number_agrees;set_code_match;rarity_match;parallel_variant_no_parallel_market_penalty;name_token_overlap;source_tcgcsv,low,1,parallel_1,Parallel 1,EB01-027_p1,EB01/parallel/EB01-027_p1.png
112,EB01-031,Kalifa,2748,544562,101,market_number_eq_canonical_or_extracted;image_basename_number_agrees;set_code_match;rarity_match;parallel_variant_no_parallel_market_penalty;card_name_substring_product;source_tcgcsv,low,1,parallel_1,Parallel 1,EB01-031_p1,EB01/parallel/EB01-031_p1.png
120,EB01-034,Ms. Wednesday,2752,544566,101,market_number_eq_canonical_or_extracted;image_basename_number_agrees;set_code_match;rarity_match;parallel_variant_no_parallel_market_penalty;card_name_substring_product;source_tcgcsv,low,1,parallel_1,Parallel 1,EB01-034_p1,EB01/parallel/EB01-034_p1.png
129,EB01-038,Oh Come My Way,4791,655986,101,market_number_eq_canonical_or_extracted;image_basename_number_agrees;set_code_match;rarity_match;parallel_variant_no_parallel_market_penalty;card_name_substring_product;source_tcgcsv,low,1,parallel_1,Parallel 1,EB01-038_p1,PRB02/parallel/EB01-038_p1.png
130,EB01-038,Oh Come My Way,4791,655986,113,market_number_eq_canonical_or_extracted;image_basename_number_agrees;set_code_match;rarity_match;card_name_substring_product;source_tcgcsv,low,1,r1,R1,EB01-038_r1,PRB02/reprint/EB01-038_r1.png
136,EB01-040,Kyros,2759,544573,101,market_number_eq_canonical_or_extracted;image_basename_number_agrees;set_code_match;rarity_match;parallel_variant_no_parallel_market_penalty;card_name_substring_product;source_tcgcsv,low,1,parallel_1,Parallel 1,EB01-040_p1,EB01/parallel/EB01-040_p1.png
159,EB01-046,Brook,2766,544580,101,market_number_eq_canonical_or_extracted;image_basename_number_agrees;set_code_match;rarity_match;parallel_variant_no_parallel_market_penalty;card_name_substring_product;source_tcgcsv,low,1,parallel_1,Parallel 1,EB01-046_p1,EB01/parallel/EB01-046_p1.png
166,EB01-048,Laboon,2769,544583,101,market_number_eq_canonical_or_extracted;image_basename_number_agrees;set_code_match;rarity_match;parallel_variant_no_parallel_market_penalty;card_name_substring_product;source_tcgcsv,low,1,parallel_1,Parallel 1,EB01-048_p1,EB01/parallel/EB01-048_p1.png
167,EB01-048,Laboon,2769,544583,101,market_number_eq_canonical_or_extracted;image_basename_number_agrees;set_code_match;rarity_match;parallel_variant_no_parallel_market_penalty;card_name_substring_product;source_tcgcsv,low,1,parallel_2,Parallel 2,EB01-048_p2,_unclassified/parallel/EB01-048_p2.png
172,EB01-049,T-Bone,2771,544585,101,market_number_eq_canonical_or_extracted;image_basename_number_agrees;set_code_match;rarity_match;parallel_variant_no_parallel_market_penalty;card_name_substring_product;source_tcgcsv,low,1,parallel_1,Parallel 1,EB01-049_p1,EB01/parallel/EB01-049_p1.png
177,EB01-051,Finger Pistol,4796,655991,101,market_number_eq_canonical_or_extracted;image_basename_number_agrees;set_code_match;rarity_match;parallel_variant_no_parallel_market_penalty;card_name_substring_product;source_tcgcsv,low,1,parallel_1,Parallel 1,EB01-051_p1,PRB02/parallel/EB01-051_p1.png
179,EB01-051,Finger Pistol,4796,655991,113,market_number_eq_canonical_or_extracted;image_basename_number_agrees;set_code_match;rarity_match;card_name_substring_product;source_tcgcsv,low,1,r1,R1,EB01-051_r1,PRB02/reprint/EB01-051_r1.png
183,EB01-052,Viola,2775,544589,101,market_number_eq_canonical_or_extracted;image_basename_number_agrees;set_code_match;rarity_match;parallel_variant_no_parallel_market_penalty;card_name_substring_product;source_tcgcsv,low,1,parallel_1,Parallel 1,EB01-052_p1,EB01/parallel/EB01-052_p1.png
193,EB01-056,Charlotte Flampe,2780,544594,101,market_number_eq_canonical_or_extracted;image_basename_number_agrees;set_code_match;rarity_match;parallel_variant_no_parallel_market_penalty;card_name_substring_product;source_tcgcsv,low,1,parallel_1,Parallel 1,EB01-056_p1,EB01/parallel/EB01-056_p1.png
195,EB01-056,Charlotte Flampe,2780,544594,101,market_number_eq_canonical_or_extracted;set_code_match;rarity_match;card_name_substring_product;source_tcgcsv,low,1,sp,S P,EB01-056::s p,thumbs/EB01-056SP.webp
199,EB01-057,Shirahoshi,2782,544596,101,market_number_eq_canonical_or_extracted;image_basename_number_agrees;set_code_match;rarity_match;parallel_variant_no_parallel_market_penalty;card_name_substring_product;source_tcgcsv,low,1,parallel_1,Parallel 1,EB01-057_p1,EB01/parallel/EB01-057_p1.png
202,EB01-057,Shirahoshi,2782,544596,113,market_number_eq_canonical_or_extracted;image_basename_number_agrees;set_code_match;rarity_match;card_name_substring_product;source_tcgcsv,low,1,sp,SP,EB01-057::sp,thumbs/EB01-057(SP).webp
209,EB01-060,Did Someone Say...Kami?,4799,655994,101,market_number_eq_canonical_or_extracted;image_basename_number_agrees;set_code_match;rarity_match;parallel_variant_no_parallel_market_penalty;card_name_substring_product;source_tcgcsv,low,1,parallel_1,Parallel 1,EB01-060_p1,PRB02/parallel/EB01-060_p1.png
210,EB01-060,Did Someone Say...Kami?,4799,655994,113,market_number_eq_canonical_or_extracted;image_basename_number_agrees;set_code_match;rarity_match;card_name_substring_product;source_tcgcsv,low,1,r1,R1,EB01-060_r1,PRB02/reprint/EB01-060_r1.png
214,EB01-061,Mr.2.Bon.Kurei(Bentham),2787,544601,97,market_number_eq_canonical_or_extracted;image_basename_number_agrees;set_code_match;rarity_match;parallel_variant_no_parallel_market_penalty;name_token_overlap;source_tcgcsv,low,1,parallel_1,Parallel 1,EB01-061_p1,EB01/parallel/EB01-061_p1.png
224,EB02-003,Tony Tony.Chopper,3912,629091,101,market_number_eq_canonical_or_extracted;image_basename_number_agrees;set_code_match;rarity_match;parallel_variant_no_parallel_market_penalty;card_name_substring_product;source_tcgcsv,low,1,parallel_1,Parallel 1,EB02-003_p1,EB02/parallel/EB02-003_p1.png
232,EB02-006,Yamato,3916,629095,113,market_number_eq_canonical_or_extracted;image_basename_number_agrees;set_code_match;rarity_match;card_name_substring_product;source_tcgcsv,low,1,promo,Cn3Rdann,EB02-006::cn3rdann,thumbs/EB02-006(CN3rdAnn).webp
233,EB02-006,Yamato,3916,629095,101,market_number_eq_canonical_or_extracted;image_basename_number_agrees;set_code_match;rarity_match;parallel_variant_no_parallel_market_penalty;card_name_substring_product;source_tcgcsv,low,1,parallel_1,Parallel 1,EB02-006_p1,EB02/parallel/EB02-006_p1.png
234,EB02-006,Yamato,3916,629095,113,market_number_eq_canonical_or_extracted;image_basename_number_agrees;set_code_match;rarity_match;card_name_substring_product;source_tcgcsv,low,1,promo,Premiumvol 5,EB02-006::premiumvol 5,thumbs/EB02-006(PremiumVol.5).webp
235,EB02-006,Yamato,3916,629095,113,market_number_eq_canonical_or_extracted;image_basename_number_agrees;set_code_match;rarity_match;card_name_substring_product;source_tcgcsv,low,1,promo,Serial,EB02-006::serial,thumbs/EB02-006(serial).webp
245,EB02-010,Monkey.D.Luffy,3921,629100,113,market_number_eq_canonical_or_extracted;image_basename_number_agrees;set_code_match;rarity_match;card_name_substring_product;source_tcgcsv,low,1,ir,Ia,EB02-010::ia,thumbs/EB02-010(IA).webp
246,EB02-010,Monkey.D.Luffy,3921,629100,101,market_number_eq_canonical_or_extracted;image_basename_number_agrees;set_code_match;rarity_match;parallel_variant_no_parallel_market_penalty;card_name_substring_product;source_tcgcsv,low,1,parallel_1,Parallel 1,EB02-010_p1,EB02/parallel/EB02-010_p1.png
247,EB02-010,Monkey.D.Luffy,3921,629100,101,market_number_eq_canonical_or_extracted;image_basename_number_agrees;set_code_match;rarity_match;parallel_variant_no_parallel_market_penalty;card_name_substring_product;source_tcgcsv,low,1,parallel_2,Parallel 2,EB02-010_p2,_unclassified/parallel/EB02-010_p2.png
248,EB02-010,Monkey.D.Luffy,3921,629100,113,market_number_eq_canonical_or_extracted;image_basename_number_agrees;set_code_match;rarity_match;card_name_substring_product;source_tcgcsv,low,1,promo,Soundloader,EB02-010::soundloader,thumbs/EB02-010(Soundloader).webp
252,EB02-011,Arlong,3923,629102,101,market_number_eq_canonical_or_extracted;image_basename_number_agrees;set_code_match;rarity_match;parallel_variant_no_parallel_market_penalty;card_name_substring_product;source_tcgcsv,low,1,parallel_1,Parallel 1,EB02-011_p1,EB02/parallel/EB02-011_p1.png
262,EB02-015,Jewelry Bonney,3928,629107,101,market_number_eq_canonical_or_extracted;image_basename_number_agrees;set_code_match;rarity_match;parallel_variant_no_parallel_market_penalty;card_name_substring_product;source_tcgcsv,low,1,parallel_1,Parallel 1,EB02-015_p1,EB02/parallel/EB02-015_p1.png
269,EB02-017,Nami,3931,629110,101,market_number_eq_canonical_or_extracted;image_basename_number_agrees;set_code_match;rarity_match;parallel_variant_no_parallel_market_penalty;card_name_substring_product;source_tcgcsv,low,1,parallel_1,Parallel 1,EB02-017_p1,EB02/parallel/EB02-017_p1.png
285,EB02-022,Usopp,3937,629116,101,market_number_eq_canonical_or_extracted;image_basename_number_agrees;set_code_match;rarity_match;parallel_variant_no_parallel_market_penalty;card_name_substring_product;source_tcgcsv,low,1,parallel_1,Parallel 1,EB02-022_p1,EB02/parallel/EB02-022_p1.png
295,EB02-026,Nefeltari Vivi,3942,629121,113,market_number_eq_canonical_or_extracted;image_basename_number_agrees;set_code_match;rarity_match;card_name_substring_product;source_tcgcsv,low,1,promo,Exe Vol 3,EB02-026::exe vol 3,thumbs/EB02-026(EXE.Vol.3).webp
296,EB02-026,Nefeltari Vivi,3942,629121,101,market_number_eq_canonical_or_extracted;image_basename_number_agrees;set_code_match;rarity_match;parallel_variant_no_parallel_market_penalty;card_name_substring_product;source_tcgcsv,low,1,parallel_1,Parallel 1,EB02-026_p1,EB02/parallel/EB02-026_p1.png
297,EB02-026,Nefeltari Vivi,3942,629121,101,market_number_eq_canonical_or_extracted;image_basename_number_agrees;set_code_match;rarity_match;parallel_variant_no_parallel_market_penalty;card_name_substring_product;source_tcgcsv,low,1,parallel_2,Parallel 2,EB02-026_p2,_unclassified/parallel/EB02-026_p2.png
298,EB02-026,Nefeltari Vivi,3942,629121,113,market_number_eq_canonical_or_extracted;image_basename_number_agrees;set_code_match;rarity_match;card_name_substring_product;source_tcgcsv,low,1,tr,Tr,EB02-026::tr,thumbs/EB02-026(TR).webp
320,EB02-035,Sanji & Pudding,3952,629131,101,market_number_eq_canonical_or_extracted;image_basename_number_agrees;set_code_match;rarity_match;parallel_variant_no_parallel_market_penalty;card_name_substring_product;source_tcgcsv,low,1,parallel_1,Parallel 1,EB02-035_p1,EB02/parallel/EB02-035_p1.png
324,EB02-036,Nico Robin,3954,629133,101,market_number_eq_canonical_or_extracted;image_basename_number_agrees;set_code_match;rarity_match;parallel_variant_no_parallel_market_penalty;card_name_substring_product;source_tcgcsv,low,1,parallel_1,Parallel 1,EB02-036_p1,EB02/parallel/EB02-036_p1.png
344,EB02-044,Sengoku,3963,629142,101,market_number_eq_canonical_or_extracted;image_basename_number_agrees;set_code_match;rarity_match;parallel_variant_no_parallel_market_penalty;card_name_substring_product;source_tcgcsv,low,1,parallel_1,Parallel 1,EB02-044_p1,EB02/parallel/EB02-044_p1.png
348,EB02-045,Trafalgar Law,3965,629144,101,market_number_eq_canonical_or_extracted;image_basename_number_agrees;set_code_match;rarity_match;parallel_variant_no_parallel_market_penalty;card_name_substring_product;source_tcgcsv,low,1,parallel_1,Parallel 1,EB02-045_p1,EB02/parallel/EB02-045_p1.png
356,EB02-048,Brook,3969,629148,101,market_number_eq_canonical_or_extracted;image_basename_number_agrees;set_code_match;rarity_match;parallel_variant_no_parallel_market_penalty;card_name_substring_product;source_tcgcsv,low,1,parallel_1,Parallel 1,EB02-048_p1,EB02/parallel/EB02-048_p1.png
366,EB02-052,Enel,3974,629153,101,market_number_eq_canonical_or_extracted;image_basename_number_agrees;set_code_match;rarity_match;parallel_variant_no_parallel_market_penalty;card_name_substring_product;source_tcgcsv,low,1,parallel_1,Parallel 1,EB02-052_p1,EB02/parallel/EB02-052_p1.png
372,EB02-054,Sanji,3977,629156,113,market_number_eq_canonical_or_extracted;image_basename_number_agrees;set_code_match;rarity_match;card_name_substring_product;source_tcgcsv,low,1,promo,Exe Vol 3,EB02-054::exe vol 3,thumbs/EB02-054(EXE.Vol.3).webp
373,EB02-054,Sanji,3977,629156,101,market_number_eq_canonical_or_extracted;image_basename_number_agrees;set_code_match;rarity_match;parallel_variant_no_parallel_market_penalty;card_name_substring_product;source_tcgcsv,low,1,parallel_1,Parallel 1,EB02-054_p1,EB02/parallel/EB02-054_p1.png
374,EB02-054,Sanji,3977,629156,113,market_number_eq_canonical_or_extracted;image_basename_number_agrees;set_code_match;rarity_match;card_name_substring_product;source_tcgcsv,low,1,promo,Promo,EB02-054::promo,thumbs/EB02-054(promo).webp
383,EB02-056,Vegapunk,3980,629159,101,market_number_eq_canonical_or_extracted;image_basename_number_agrees;set_code_match;rarity_match;parallel_variant_no_parallel_market_penalty;card_name_substring_product;source_tcgcsv,low,1,parallel_1,Parallel 1,EB02-056_p1,EB02/parallel/EB02-056_p1.png
395,EB02-061,Monkey.D.Luffy,3986,629165,113,market_number_eq_canonical_or_extracted;image_basename_number_agrees;set_code_match;rarity_match;card_name_substring_product;source_tcgcsv,low,1,mr,Manga,EB02-061::manga,thumbs/EB02-061(Manga).webp
396,EB02-061,Monkey.D.Luffy,3986,629165,101,market_number_eq_canonical_or_extracted;image_basename_number_agrees;set_code_match;rarity_match;parallel_variant_no_parallel_market_penalty;card_name_substring_product;source_tcgcsv,low,1,parallel_1,Parallel 1,EB02-061_p1,EB02/parallel/EB02-061_p1.png
397,EB02-061,Monkey.D.Luffy,3986,629165,101,market_number_eq_canonical_or_extracted;image_basename_number_agrees;set_code_match;rarity_match;parallel_variant_no_parallel_market_penalty;card_name_substring_product;source_tcgcsv,low,1,parallel_2,Parallel 2,EB02-061_p2,EB02/parallel/EB02-061_p2.png
398,EB02-061,Monkey.D.Luffy,4720,654533,101,market_number_eq_canonical_or_extracted;image_basename_number_agrees;set_code_match;rarity_match;parallel_variant_no_parallel_market_penalty;card_name_substring_product;source_tcgcsv,low,1,parallel_3,Parallel 3,EB02-061_p3,PRB02/parallel/EB02-061_p3.png
400,EB02-061,Monkey.D.Luffy,4720,654533,113,market_number_eq_canonical_or_extracted;image_basename_number_agrees;set_code_match;rarity_match;card_name_substring_product;source_tcgcsv,low,1,r1,R1,EB02-061_r1,PRB02/reprint/EB02-061_r1.png
404,EB03-001,Nefeltari Vivi,5262,672739,101,market_number_eq_canonical_or_extracted;image_basename_number_agrees;set_code_match;rarity_match;parallel_variant_no_parallel_market_penalty;card_name_substring_product;source_tcgcsv,low,1,parallel_1,Parallel 1,EB03-001_p1,EB03/parallel/EB03-001_p1.png
410,EB03-003,Uta,5265,672742,91,market_number_eq_canonical_or_extracted;image_basename_number_agrees;set_code_match;rarity_match;parallel_variant_no_parallel_market_penalty;source_tcgcsv,low,1,parallel_1,Parallel 1,EB03-003_p1,EB03/parallel/EB03-003_p1.png
411,EB03-003,Uta,5265,672742,91,market_number_eq_canonical_or_extracted;image_basename_number_agrees;set_code_match;rarity_match;parallel_variant_no_parallel_market_penalty;source_tcgcsv,low,1,parallel_2,Parallel 2,EB03-003_p2,EB03/parallel/EB03-003_p2.png
412,EB03-003,Uta,5265,672742,103,market_number_eq_canonical_or_extracted;image_basename_number_agrees;set_code_match;rarity_match;source_tcgcsv,low,1,sp,SP,EB03-003::sp,thumbs/EB03-003(SP).webp
424,EB03-008,Hibari,5271,672748,101,market_number_eq_canonical_or_extracted;image_basename_number_agrees;set_code_match;rarity_match;parallel_variant_no_parallel_market_penalty;card_name_substring_product;source_tcgcsv,low,1,parallel_1,Parallel 1,EB03-008_p1,EB03/parallel/EB03-008_p1.png
436,EB03-013,Carrot,5277,672754,101,market_number_eq_canonical_or_extracted;image_basename_number_agrees;set_code_match;rarity_match;parallel_variant_no_parallel_market_penalty;card_name_substring_product;source_tcgcsv,low,1,parallel_1,Parallel 1,EB03-013_p1,EB03/parallel/EB03-013_p1.png
448,EB03-018,Tashigi,5283,672760,101,market_number_eq_canonical_or_extracted;image_basename_number_agrees;set_code_match;rarity_match;parallel_variant_no_parallel_market_penalty;card_name_substring_product;source_tcgcsv,low,1,parallel_1,Parallel 1,EB03-018_p1,EB03/parallel/EB03-018_p1.png
449,EB03-018,Tashigi,5283,672760,101,market_number_eq_canonical_or_extracted;image_basename_number_agrees;set_code_match;rarity_match;parallel_variant_no_parallel_market_penalty;card_name_substring_product;source_tcgcsv,low,1,parallel_2,Parallel 2,EB03-018_p2,EB03/parallel/EB03-018_p2.png
450,EB03-018,Tashigi,5283,672760,113,market_number_eq_canonical_or_extracted;image_basename_number_agrees;set_code_match;rarity_match;card_name_substring_product;source_tcgcsv,low,1,sp,SP,EB03-018::sp,thumbs/EB03-018(SP).webp
464,EB03-024,Nefeltari Vivi,5290,672767,101,market_number_eq_canonical_or_extracted;image_basename_number_agrees;set_code_match;rarity_match;parallel_variant_no_parallel_market_penalty;card_name_substring_product;source_tcgcsv,low,1,parallel_1,Parallel 1,EB03-024_p1,EB03/parallel/EB03-024_p1.png
465,EB03-024,Nefeltari Vivi,5290,672767,101,market_number_eq_canonical_or_extracted;image_basename_number_agrees;set_code_match;rarity_match;parallel_variant_no_parallel_market_penalty;card_name_substring_product;source_tcgcsv,low,1,parallel_2,Parallel 2,EB03-024_p2,EB03/parallel/EB03-024_p2.png
466,EB03-024,Nefeltari Vivi,5290,672767,113,market_number_eq_canonical_or_extracted;image_basename_number_agrees;set_code_match;rarity_match;card_name_substring_product;source_tcgcsv,low,1,sp,SP,EB03-024::sp,thumbs/EB03-024(SP).webp
470,EB03-025,Hina,5292,672769,101,market_number_eq_canonical_or_extracted;image_basename_number_agrees;set_code_match;rarity_match;parallel_variant_no_parallel_market_penalty;card_name_substring_product;source_tcgcsv,low,1,parallel_1,Parallel 1,EB03-025_p1,EB03/parallel/EB03-025_p1.png
474,EB03-026,Boa Hancock,5294,672771,101,market_number_eq_canonical_or_extracted;image_basename_number_agrees;set_code_match;rarity_match;parallel_variant_no_parallel_market_penalty;card_name_substring_product;source_tcgcsv,low,1,parallel_1,Parallel 1,EB03-026_p1,EB03/parallel/EB03-026_p1.png
475,EB03-026,Boa Hancock,5294,672771,101,market_number_eq_canonical_or_extracted;image_basename_number_agrees;set_code_match;rarity_match;parallel_variant_no_parallel_market_penalty;card_name_substring_product;source_tcgcsv,low,1,parallel_2,Parallel 2,EB03-026_p2,EB03/parallel/EB03-026_p2.png
476,EB03-026,Boa Hancock,5294,672771,113,market_number_eq_canonical_or_extracted;image_basename_number_agrees;set_code_match;rarity_match;card_name_substring_product;source_tcgcsv,low,1,sp,SP,EB03-026::sp,thumbs/EB03-026(SP).webp
488,EB03-031,Vinsmoke Reiju,5300,672777,101,market_number_eq_canonical_or_extracted;image_basename_number_agrees;set_code_match;rarity_match;parallel_variant_no_parallel_market_penalty;card_name_substring_product;source_tcgcsv,low,1,parallel_1,Parallel 1,EB03-031_p1,EB03/parallel/EB03-031_p1.png
489,EB03-031,Vinsmoke Reiju,5300,672777,101,market_number_eq_canonical_or_extracted;image_basename_number_agrees;set_code_match;rarity_match;parallel_variant_no_parallel_market_penalty;card_name_substring_product;source_tcgcsv,low,1,parallel_2,Parallel 2,EB03-031_p2,EB03/parallel/EB03-031_p2.png
490,EB03-031,Vinsmoke Reiju,5300,672777,113,market_number_eq_canonical_or_extracted;image_basename_number_agrees;set_code_match;rarity_match;card_name_substring_product;source_tcgcsv,low,1,sp,SP,EB03-031::sp,thumbs/EB03-031(SP).webp
498,EB03-034,Charlotte Linlin,5304,672781,101,market_number_eq_canonical_or_extracted;image_basename_number_agrees;set_code_match;rarity_match;parallel_variant_no_parallel_market_penalty;card_name_substring_product;source_tcgcsv,low,1,parallel_1,Parallel 1,EB03-034_p1,EB03/parallel/EB03-034_p1.png
514,EB03-041,Kujyaku,5312,672789,101,market_number_eq_canonical_or_extracted;image_basename_number_agrees;set_code_match;rarity_match;parallel_variant_no_parallel_market_penalty;card_name_substring_product;source_tcgcsv,low,1,parallel_1,Parallel 1,EB03-041_p1,EB03/parallel/EB03-041_p1.png
518,EB03-042,Koala,5314,672791,101,market_number_eq_canonical_or_extracted;image_basename_number_agrees;set_code_match;rarity_match;parallel_variant_no_parallel_market_penalty;card_name_substring_product;source_tcgcsv,low,1,parallel_1,Parallel 1,EB03-042_p1,EB03/parallel/EB03-042_p1.png
519,EB03-042,Koala,5314,672791,101,market_number_eq_canonical_or_extracted;image_basename_number_agrees;set_code_match;rarity_match;parallel_variant_no_parallel_market_penalty;card_name_substring_product;source_tcgcsv,low,1,parallel_2,Parallel 2,EB03-042_p2,EB03/parallel/EB03-042_p2.png
520,EB03-042,Koala,5314,672791,113,market_number_eq_canonical_or_extracted;image_basename_number_agrees;set_code_match;rarity_match;card_name_substring_product;source_tcgcsv,low,1,sp,SP,EB03-042::sp,thumbs/EB03-042(SP).webp
528,EB03-045,Perona,5318,672795,101,market_number_eq_canonical_or_extracted;image_basename_number_agrees;set_code_match;rarity_match;parallel_variant_no_parallel_market_penalty;card_name_substring_product;source_tcgcsv,low,1,parallel_1,Parallel 1,EB03-045_p1,EB03/parallel/EB03-045_p1.png
529,EB03-045,Perona,5318,672795,101,market_number_eq_canonical_or_extracted;image_basename_number_agrees;set_code_match;rarity_match;parallel_variant_no_parallel_market_penalty;card_name_substring_product;source_tcgcsv,low,1,parallel_2,Parallel 2,EB03-045_p2,EB03/parallel/EB03-045_p2.png
530,EB03-045,Perona,5318,672795,113,market_number_eq_canonical_or_extracted;image_basename_number_agrees;set_code_match;rarity_match;card_name_substring_product;source_tcgcsv,low,1,sp,SP,EB03-045::sp,thumbs/EB03-045(SP).webp
548,EB03-053,Nami,5327,672804,101,market_number_eq_canonical_or_extracted;image_basename_number_agrees;set_code_match;rarity_match;parallel_variant_no_parallel_market_penalty;card_name_substring_product;source_tcgcsv,low,1,parallel_1,Parallel 1,EB03-053_p1,EB03/parallel/EB03-053_p1.png
549,EB03-053,Nami,5327,672804,101,market_number_eq_canonical_or_extracted;image_basename_number_agrees;set_code_match;rarity_match;parallel_variant_no_parallel_market_penalty;card_name_substring_product;source_tcgcsv,low,1,parallel_2,Parallel 2,EB03-053_p2,EB03/parallel/EB03-053_p2.png
550,EB03-053,Nami,5327,672804,113,market_number_eq_canonical_or_extracted;image_basename_number_agrees;set_code_match;rarity_match;card_name_substring_product;source_tcgcsv,low,1,sp,SP,EB03-053::sp,thumbs/EB03-053(SP).webp
556,EB03-055,Nico Robin,5330,672807,101,market_number_eq_canonical_or_extracted;image_basename_number_agrees;set_code_match;rarity_match;parallel_variant_no_parallel_market_penalty;card_name_substring_product;source_tcgcsv,low,1,parallel_1,Parallel 1,EB03-055_p1,EB03/parallel/EB03-055_p1.png
557,EB03-055,Nico Robin,5330,672807,101,market_number_eq_canonical_or_extracted;image_basename_number_agrees;set_code_match;rarity_match;parallel_variant_no_parallel_market_penalty;card_name_substring_product;source_tcgcsv,low,1,parallel_2,Parallel 2,EB03-055_p2,EB03/parallel/EB03-055_p2.png
558,EB03-055,Nico Robin,5330,672807,113,market_number_eq_canonical_or_extracted;image_basename_number_agrees;set_code_match;rarity_match;card_name_substring_product;source_tcgcsv,low,1,sp,SP,EB03-055::sp,thumbs/EB03-055(SP).webp
564,EB03-057,Yamato,5333,672810,101,market_number_eq_canonical_or_extracted;image_basename_number_agrees;set_code_match;rarity_match;parallel_variant_no_parallel_market_penalty;card_name_substring_product;source_tcgcsv,low,1,parallel_1,Parallel 1,EB03-057_p1,EB03/parallel/EB03-057_p1.png
574,EB03-061,Uta,5338,672815,103,market_number_eq_canonical_or_extracted;image_basename_number_agrees;set_code_match;rarity_match;source_tcgcsv,low,1,mr,Manga,EB03-061::manga,thumbs/EB03-061(manga).webp
575,EB03-061,Uta,5338,672815,91,market_number_eq_canonical_or_extracted;image_basename_number_agrees;set_code_match;rarity_match;parallel_variant_no_parallel_market_penalty;source_tcgcsv,low,1,parallel_1,Parallel 1,EB03-061_p1,EB03/parallel/EB03-061_p1.png
576,EB03-061,Uta,5338,672815,91,market_number_eq_canonical_or_extracted;image_basename_number_agrees;set_code_match;rarity_match;parallel_variant_no_parallel_market_penalty;source_tcgcsv,low,1,parallel_2,Parallel 2,EB03-061_p2,EB03/parallel/EB03-061_p2.png
580,EB03-062,Trafalgar Law,5341,672818,101,market_number_eq_canonical_or_extracted;image_basename_number_agrees;set_code_match;rarity_match;parallel_variant_no_parallel_market_penalty;card_name_substring_product;source_tcgcsv,low,1,parallel_1,Parallel 1,EB03-062_p1,EB03/parallel/EB03-062_p1.png
586,EB04-003,Smoker & Tashigi,5417,685299,67,market_number_eq_canonical_or_extracted;image_basename_number_agrees;set_code_mismatch_penalty;rarity_match;card_name_substring_product;source_tcgcsv,low,1,sp,SP,EB04-003::sp,thumbs/EB04-003(SP).webp
600,EB04-012,Kikunojo,5090,668644,101,market_number_eq_canonical_or_extracted;image_basename_number_agrees;set_code_match;rarity_match;parallel_variant_no_parallel_market_penalty;card_name_substring_product;source_tcgcsv,low,1,parallel_1,Parallel 1,EB04-012_p1,EB04/parallel/EB04-012_p1.png
604,EB04-013,Carrot,5092,668658,101,market_number_eq_canonical_or_extracted;image_basename_number_agrees;set_code_match;rarity_match;parallel_variant_no_parallel_market_penalty;card_name_substring_product;source_tcgcsv,low,1,parallel_1,Parallel 1,EB04-013_p1,EB04/parallel/EB04-013_p1.png
616,EB04-018,Megalo,5053,666532,101,market_number_eq_canonical_or_extracted;image_basename_number_agrees;set_code_match;rarity_match;parallel_variant_no_parallel_market_penalty;card_name_substring_product;source_tcgcsv,low,1,parallel_1,Parallel 1,EB04-018_p1,EB04/parallel/EB04-018_p1.png
626,EB04-022,Issho,5056,666537,101,market_number_eq_canonical_or_extracted;image_basename_number_agrees;set_code_match;rarity_match;parallel_variant_no_parallel_market_penalty;card_name_substring_product;source_tcgcsv,low,1,parallel_1,Parallel 1,EB04-022_p1,EB04/parallel/EB04-022_p1.png
635,EB04-025,Nefeltari Vivi,5094,668670,101,market_number_eq_canonical_or_extracted;image_basename_number_agrees;set_code_match;rarity_match;parallel_variant_no_parallel_market_penalty;card_name_substring_product;source_tcgcsv,low,1,parallel_1,Parallel 1,EB04-025_p1,EB04/parallel/EB04-025_p1.png
649,EB04-031,King,5058,666540,101,market_number_eq_canonical_or_extracted;image_basename_number_agrees;set_code_match;rarity_match;parallel_variant_no_parallel_market_penalty;card_name_substring_product;source_tcgcsv,low,1,parallel_1,Parallel 1,EB04-031_p1,EB04/parallel/EB04-031_p1.png
661,EB04-036,Foxy,5096,668752,101,market_number_eq_canonical_or_extracted;image_basename_number_agrees;set_code_match;rarity_match;parallel_variant_no_parallel_market_penalty;card_name_substring_product;source_tcgcsv,low,1,parallel_1,Parallel 1,EB04-036_p1,EB04/parallel/EB04-036_p1.png
667,EB04-038,Rosinante & Law,5098,669239,101,market_number_eq_canonical_or_extracted;image_basename_number_agrees;set_code_match;rarity_match;parallel_variant_no_parallel_market_penalty;card_name_substring_product;source_tcgcsv,low,1,parallel_1,Parallel 1,EB04-038_p1,EB04/parallel/EB04-038_p1.png
670,EB04-039,"Eustass""Captain""Kid",5133,671347,101,market_number_eq_canonical_or_extracted;image_basename_number_agrees;set_code_match;rarity_match;parallel_variant_no_parallel_market_penalty;card_name_substring_product;source_tcgcsv,low,1,parallel_1,Parallel 1,EB04-039_p1,EB04/parallel/EB04-039_p1.png
671,EB04-039,"Eustass""Captain""Kid",5133,671347,67,market_number_eq_canonical_or_extracted;image_basename_number_agrees;set_code_mismatch_penalty;rarity_match;card_name_substring_product;source_tcgcsv,low,1,sp,SP,EB04-039::sp,thumbs/EB04-039(SP).webp
681,EB04-044,Koby,5429,685311,67,market_number_eq_canonical_or_extracted;image_basename_number_agrees;set_code_mismatch_penalty;rarity_match;card_name_substring_product;source_tcgcsv,low,1,mr,Manga,EB04-044::manga,thumbs/EB04-044(manga).webp
703,EB04-061,Monkey.D.Luffy,5451,685333,67,market_number_eq_canonical_or_extracted;image_basename_number_agrees;set_code_mismatch_penalty;rarity_match;card_name_substring_product;source_tcgcsv,low,1,promo,Serial,EB04-061::serial,thumbs/EB04-061(serial).webp
706,OP01-001,Monkey D. Luffy,327,454512,103,market_number_eq_canonical_or_extracted;image_basename_number_agrees;set_code_match;rarity_match;source_tcgcsv,low,1,promo,25Th,OP01-001::25th,thumbs/OP01-001(25th).webp
707,OP01-001,Monkey D. Luffy,327,454512,103,market_number_eq_canonical_or_extracted;image_basename_number_agrees;set_code_match;rarity_match;source_tcgcsv,low,1,alt,Alt,OP01-001::alt,thumbs/OP01-001(alt).webp
712,OP01-002,Trafalgar Law,309,453505,101,market_number_eq_canonical_or_extracted;image_basename_number_agrees;set_code_match;card_name_substring_product;source_tcgcsv,low,1,alt,Alt,OP01-002::alt,thumbs/OP01-002(alt).webp
716,OP01-003,Monkey.D.Luffy,310,453506,113,market_number_eq_canonical_or_extracted;image_basename_number_agrees;set_code_match;rarity_match;card_name_substring_product;source_tcgcsv,low,1,alt,Alt,OP01-003::alt,thumbs/OP01-003(alt).webp
736,OP01-006,Otama,3261,586187,101,market_number_eq_canonical_or_extracted;image_basename_number_agrees;set_code_match;rarity_match;parallel_variant_no_parallel_market_penalty;card_name_substring_product;source_tcgcsv,low,1,parallel_3,Parallel 3,OP01-006_p3,PRB01/parallel/OP01-006_p3.png
737,OP01-006,Otama,3261,586187,101,market_number_eq_canonical_or_extracted;image_basename_number_agrees;set_code_match;rarity_match;parallel_variant_no_parallel_market_penalty;card_name_substring_product;source_tcgcsv,low,1,parallel_4,Parallel 4,OP01-006_p4,PRB01/parallel/OP01-006_p4.png
738,OP01-006,Otama,3261,586187,101,market_number_eq_canonical_or_extracted;image_basename_number_agrees;set_code_match;rarity_match;parallel_variant_no_parallel_market_penalty;card_name_substring_product;source_tcgcsv,low,1,parallel_5,Parallel 5,OP01-006_p5,PRB01/parallel/OP01-006_p5.png
741,OP01-006,Otama,3261,586187,113,market_number_eq_canonical_or_extracted;image_basename_number_agrees;set_code_match;rarity_match;card_name_substring_product;source_tcgcsv,low,1,r1,R1,OP01-006_r1,PRB01/reprint/OP01-006_r1.png
746,OP01-008,Cavendish,311,453507,113,market_number_eq_canonical_or_extracted;image_basename_number_agrees;set_code_match;rarity_match;card_name_substring_product;source_tcgcsv,low,1,alt,Alt,OP01-008::alt,thumbs/OP01-008(alt).webp
747,OP01-008,Cavendish,311,453507,101,market_number_eq_canonical_or_extracted;image_basename_number_agrees;set_code_match;rarity_match;parallel_variant_no_parallel_market_penalty;card_name_substring_product;source_tcgcsv,low,1,parallel_1,Parallel 1,OP01-008_p1,OP01/parallel/OP01-008_p1.png
758,OP01-013,Sanji,340,454529,113,market_number_eq_canonical_or_extracted;image_basename_number_agrees;set_code_match;rarity_match;card_name_substring_product;source_tcgcsv,low,1,promo,1St Anniversary Alt,OP01-013::1st anniversary alt,thumbs/OP01-013(1st anniversary alt).webp
759,OP01-013,Sanji,340,454529,113,market_number_eq_canonical_or_extracted;image_basename_number_agrees;set_code_match;rarity_match;card_name_substring_product;source_tcgcsv,low,1,promo,25Th,OP01-013::25th,thumbs/OP01-013(25th).webp
760,OP01-013,Sanji,340,454529,113,market_number_eq_canonical_or_extracted;image_basename_number_agrees;set_code_match;rarity_match;card_name_substring_product;source_tcgcsv,low,1,alt,Alt,OP01-013::alt,thumbs/OP01-013(alt).webp
761,OP01-013,Sanji,340,454529,113,market_number_eq_canonical_or_extracted;image_basename_number_agrees;set_code_match;rarity_match;card_name_substring_product;source_tcgcsv,low,1,alt,Alt Art 2,OP01-013::alt art 2,thumbs/OP01-013(alt2).webp
762,OP01-013,Sanji,340,454529,101,market_number_eq_canonical_or_extracted;set_code_match;rarity_match;card_name_substring_product;source_tcgcsv,low,1,alt,Alt Art 3,OP01-013::alt art 3,thumbs/OP01-013alt3.webp
767,OP01-013,Sanji,340,454529,113,market_number_eq_canonical_or_extracted;image_basename_number_agrees;set_code_match;rarity_match;card_name_substring_product;source_tcgcsv,low,1,tr,Tr Alt,OP01-013::tr alt,thumbs/OP01-013(TR-alt).webp
779,OP01-016,Nami,344,454534,113,market_number_eq_canonical_or_extracted;image_basename_number_agrees;set_code_match;rarity_match;card_name_substring_product;source_tcgcsv,low,1,promo,1St Anniversary Alt,OP01-016::1st anniversary alt,thumbs/OP01-016(1st anniversary alt).webp
780,OP01-016,Nami,344,454534,113,market_number_eq_canonical_or_extracted;image_basename_number_agrees;set_code_match;rarity_match;card_name_substring_product;source_tcgcsv,low,1,promo,25Th,OP01-016::25th,thumbs/OP01-016 25th.webp
781,OP01-016,Nami,344,454534,101,market_number_eq_canonical_or_extracted;set_code_match;rarity_match;card_name_substring_product;source_tcgcsv,low,1,alt,Alt,OP01-016::alt,thumbs/OP01-016alt.webp
783,OP01-016,Nami,344,454534,113,market_number_eq_canonical_or_extracted;image_basename_number_agrees;set_code_match;rarity_match;card_name_substring_product;source_tcgcsv,low,1,alt,Alt Art 2,OP01-016::alt art 2,thumbs/OP01-016(alt2).webp
784,OP01-016,Nami,344,454534,101,market_number_eq_canonical_or_extracted;set_code_match;rarity_match;card_name_substring_product;source_tcgcsv,low,1,alt,Alt Art 3,OP01-016::alt art 3,thumbs/OP01-016alt3.webp
785,OP01-016,Nami,344,454534,101,market_number_eq_canonical_or_extracted;set_code_match;rarity_match;card_name_substring_product;source_tcgcsv,low,1,alt,Alt Art 4,OP01-016::alt art 4,thumbs/OP01-016alt4.webp
786,OP01-016,Nami,344,454534,101,market_number_eq_canonical_or_extracted;set_code_match;rarity_match;card_name_substring_product;source_tcgcsv,low,1,alt,Alt Art 7,OP01-016::alt art 7,thumbs/OP01-016alt7.webp
787,OP01-016,Nami,344,454534,113,market_number_eq_canonical_or_extracted;image_basename_number_agrees;set_code_match;rarity_match;card_name_substring_product;source_tcgcsv,low,1,mr,Manga Alt,OP01-016::manga alt,thumbs/OP01-016( manga alt ).webp
795,OP01-016,Nami,344,454534,113,market_number_eq_canonical_or_extracted;image_basename_number_agrees;set_code_match;rarity_match;card_name_substring_product;source_tcgcsv,low,1,alt,St10 Alt,OP01-016::st10 alt,thumbs/OP01-016(ST10 alt ).webp
829,OP01-024,Monkey.D.Luffy,312,453508,113,market_number_eq_canonical_or_extracted;image_basename_number_agrees;set_code_match;rarity_match;card_name_substring_product;source_tcgcsv,low,1,alt,Alt,OP01-024::alt,thumbs/OP01-024 (alt).webp
832,OP01-024,Monkey.D.Luffy,312,453508,113,market_number_eq_canonical_or_extracted;image_basename_number_agrees;set_code_match;rarity_match;card_name_substring_product;source_tcgcsv,low,1,alt,Prb01Alt,OP01-024::prb01alt,thumbs/OP01-024(PRB01alt).webp
836,OP01-025,Roronoa Zoro,314,453510,113,market_number_eq_canonical_or_extracted;image_basename_number_agrees;set_code_match;rarity_match;card_name_substring_product;source_tcgcsv,low,1,promo,1St Anniversary Alt,OP01-025::1st anniversary alt,thumbs/OP01-025(1st anniversary alt).webp
837,OP01-025,Roronoa Zoro,314,453510,113,market_number_eq_canonical_or_extracted;image_basename_number_agrees;set_code_match;rarity_match;card_name_substring_product;source_tcgcsv,low,1,alt,Alt,OP01-025::alt,thumbs/OP01-025(alt).webp
838,OP01-025,Roronoa Zoro,314,453510,101,market_number_eq_canonical_or_extracted;set_code_match;rarity_match;card_name_substring_product;source_tcgcsv,low,1,alt,Alt Art 2,OP01-025::alt art 2,thumbs/OP01-025alt2.webp
839,OP01-025,Roronoa Zoro,314,453510,113,market_number_eq_canonical_or_extracted;image_basename_number_agrees;set_code_match;rarity_match;card_name_substring_product;source_tcgcsv,low,1,alt,Alt St10,OP01-025::alt st10,thumbs/OP01-025(alt-st10).webp
843,OP01-025,Roronoa Zoro,314,453510,113,market_number_eq_canonical_or_extracted;image_basename_number_agrees;set_code_match;rarity_match;card_name_substring_product;source_tcgcsv,low,1,alt,Winner Alt,OP01-025::winner alt,thumbs/OP01-025 Winner_Alt.webp
853,OP01-029,Radical Beam!!,3377,593272,101,market_number_eq_canonical_or_extracted;image_basename_number_agrees;set_code_match;rarity_match;parallel_variant_no_parallel_market_penalty;card_name_substring_product;source_tcgcsv,low,1,parallel_2,Parallel 2,OP01-029_p2,PRB01/parallel/OP01-029_p2.png
854,OP01-029,Radical Beam!!,3377,593272,101,market_number_eq_canonical_or_extracted;image_basename_number_agrees;set_code_match;rarity_match;parallel_variant_no_parallel_market_penalty;card_name_substring_product;source_tcgcsv,low,1,parallel_3,Parallel 3,OP01-029_p3,PRB01/parallel/OP01-029_p3.png
856,OP01-029,Radical Beam!!,3377,593272,113,market_number_eq_canonical_or_extracted;image_basename_number_agrees;set_code_match;rarity_match;card_name_substring_product;source_tcgcsv,low,1,r1,R1,OP01-029_r1,PRB01/reprint/OP01-029_r1.png
863,OP01-031,Kouzuki Oden,357,454551,113,market_number_eq_canonical_or_extracted;image_basename_number_agrees;set_code_match;rarity_match;card_name_substring_product;source_tcgcsv,low,1,alt,Alt,OP01-031::alt,thumbs/OP01-031 (Alt).webp
872,OP01-033,Izo,3296,586589,91,market_number_eq_canonical_or_extracted;image_basename_number_agrees;set_code_match;rarity_match;parallel_variant_no_parallel_market_penalty;source_tcgcsv,low,1,parallel_3,Parallel 3,OP01-033_p3,PRB01/parallel/OP01-033_p3.png
873,OP01-033,Izo,3296,586589,91,market_number_eq_canonical_or_extracted;image_basename_number_agrees;set_code_match;rarity_match;parallel_variant_no_parallel_market_penalty;source_tcgcsv,low,1,parallel_4,Parallel 4,OP01-033_p4,PRB01/parallel/OP01-033_p4.png
874,OP01-033,Izo,3296,586589,91,market_number_eq_canonical_or_extracted;image_basename_number_agrees;set_code_match;rarity_match;parallel_variant_no_parallel_market_penalty;source_tcgcsv,low,1,parallel_5,Parallel 5,OP01-033_p5,PRB01/parallel/OP01-033_p5.png
877,OP01-033,Izo,3296,586589,103,market_number_eq_canonical_or_extracted;image_basename_number_agrees;set_code_match;rarity_match;source_tcgcsv,low,1,r1,R1,OP01-033_r1,PRB01/reprint/OP01-033_r1.png
880,OP01-034,Inuarashi,317,453513,113,market_number_eq_canonical_or_extracted;image_basename_number_agrees;set_code_match;rarity_match;card_name_substring_product;source_tcgcsv,low,1,alt,Alt,OP01-034::alt,thumbs/OP01-034 (alt).webp
881,OP01-034,Inuarashi,317,453513,101,market_number_eq_canonical_or_extracted;image_basename_number_agrees;set_code_match;rarity_match;parallel_variant_no_parallel_market_penalty;card_name_substring_product;source_tcgcsv,low,1,parallel_1,Parallel 1,OP01-034_p1,OP01/parallel/OP01-034_p1.png
899,OP01-039,Killer,4803,655998,101,market_number_eq_canonical_or_extracted;image_basename_number_agrees;set_code_match;rarity_match;parallel_variant_no_parallel_market_penalty;card_name_substring_product;source_tcgcsv,low,1,parallel_1,Parallel 1,OP01-039_p1,PRB02/parallel/OP01-039_p1.png
900,OP01-039,Killer,4803,655998,113,market_number_eq_canonical_or_extracted;image_basename_number_agrees;set_code_match;rarity_match;card_name_substring_product;source_tcgcsv,low,1,r1,R1,OP01-039_r1,PRB02/reprint/OP01-039_r1.png
903,OP01-040,Kin'emon,318,453514,113,market_number_eq_canonical_or_extracted;image_basename_number_agrees;set_code_match;rarity_match;card_name_substring_product;source_tcgcsv,low,1,alt,Alt,OP01-040::alt,thumbs/OP01-040 (Alt).webp
909,OP01-041,Kouzuki Momonosuke,3297,586590,101,market_number_eq_canonical_or_extracted;image_basename_number_agrees;set_code_match;rarity_match;parallel_variant_no_parallel_market_penalty;card_name_substring_product;source_tcgcsv,low,1,parallel_3,Parallel 3,OP01-041_p3,PRB01/parallel/OP01-041_p3.png
910,OP01-041,Kouzuki Momonosuke,3297,586590,101,market_number_eq_canonical_or_extracted;image_basename_number_agrees;set_code_match;rarity_match;parallel_variant_no_parallel_market_penalty;card_name_substring_product;source_tcgcsv,low,1,parallel_4,Parallel 4,OP01-041_p4,PRB01/parallel/OP01-041_p4.png
911,OP01-041,Kouzuki Momonosuke,3297,586590,101,market_number_eq_canonical_or_extracted;image_basename_number_agrees;set_code_match;rarity_match;parallel_variant_no_parallel_market_penalty;card_name_substring_product;source_tcgcsv,low,1,parallel_5,Parallel 5,OP01-041_p5,PRB01/parallel/OP01-041_p5.png
913,OP01-041,Kouzuki Momonosuke,3297,586590,113,market_number_eq_canonical_or_extracted;image_basename_number_agrees;set_code_match;rarity_match;card_name_substring_product;source_tcgcsv,low,1,r1,R1,OP01-041_r1,PRB01/reprint/OP01-041_r1.png
927,OP01-047,Trafalgar Law,319,453515,113,market_number_eq_canonical_or_extracted;image_basename_number_agrees;set_code_match;rarity_match;card_name_substring_product;source_tcgcsv,low,1,alt,Alt,OP01-047::alt,thumbs/OP01-047 (alt).webp
930,OP01-047,Trafalgar Law,3337,586893,101,market_number_eq_canonical_or_extracted;image_basename_number_agrees;set_code_match;rarity_match;parallel_variant_no_parallel_market_penalty;card_name_substring_product;source_tcgcsv,low,1,parallel_4,Parallel 4,OP01-047_p4,PRB01/parallel/OP01-047_p4.png
931,OP01-047,Trafalgar Law,319,453515,113,market_number_eq_canonical_or_extracted;image_basename_number_agrees;set_code_match;rarity_match;card_name_substring_product;source_tcgcsv,low,1,alt,Prb01Alt2,OP01-047::prb01alt2,thumbs/OP01-047(PRB01alt2).webp
933,OP01-047,Trafalgar Law,319,453515,105,market_number_eq_canonical_or_extracted;set_code_match;rarity_match;card_name_substring_product;source_tcgcsv,low,1,sp,S P,OP01-047::s p,thumbs/OP01-047SP.webp
936,OP01-048,Nekomamushi,320,453516,113,market_number_eq_canonical_or_extracted;image_basename_number_agrees;set_code_match;rarity_match;card_name_substring_product;source_tcgcsv,low,1,alt,Alt,OP01-048::alt,thumbs/OP01-048 (alt).webp
937,OP01-048,Nekomamushi,320,453516,101,market_number_eq_canonical_or_extracted;image_basename_number_agrees;set_code_match;rarity_match;parallel_variant_no_parallel_market_penalty;card_name_substring_product;source_tcgcsv,low,1,parallel_1,Parallel 1,OP01-048_p1,OP01/parallel/OP01-048_p1.png
944,OP01-051,"Eustass""Captain""Kid",378,454575,113,market_number_eq_canonical_or_extracted;image_basename_number_agrees;set_code_match;rarity_match;card_name_substring_product;source_tcgcsv,low,1,alt,Alt,OP01-051::alt,thumbs/OP01-051 (Alt).webp
948,OP01-051,"Eustass""Captain""Kid",378,454575,113,market_number_eq_canonical_or_extracted;image_basename_number_agrees;set_code_match;rarity_match;card_name_substring_product;source_tcgcsv,low,1,alt,Prb01Alt,OP01-051::prb01alt,thumbs/OP01-051(PRB01alt).webp
950,OP01-051,"Eustass""Captain""Kid",378,454575,113,market_number_eq_canonical_or_extracted;image_basename_number_agrees;set_code_match;rarity_match;card_name_substring_product;source_tcgcsv,low,1,promo,Wanted,OP01-051::wanted,thumbs/OP01-051 wanted.webp
956,OP01-052,Raizo,3381,593291,101,market_number_eq_canonical_or_extracted;image_basename_number_agrees;set_code_match;rarity_match;parallel_variant_no_parallel_market_penalty;card_name_substring_product;source_tcgcsv,low,1,parallel_3,Parallel 3,OP01-052_p3,PRB01/parallel/OP01-052_p3.png
957,OP01-052,Raizo,3381,593291,101,market_number_eq_canonical_or_extracted;image_basename_number_agrees;set_code_match;rarity_match;parallel_variant_no_parallel_market_penalty;card_name_substring_product;source_tcgcsv,low,1,parallel_4,Parallel 4,OP01-052_p4,PRB01/parallel/OP01-052_p4.png
959,OP01-052,Raizo,3381,593291,113,market_number_eq_canonical_or_extracted;image_basename_number_agrees;set_code_match;rarity_match;card_name_substring_product;source_tcgcsv,low,1,r1,R1,OP01-052_r1,PRB01/reprint/OP01-052_r1.png
966,OP01-055,You Can Be My Samurai!!,4806,656001,101,market_number_eq_canonical_or_extracted;image_basename_number_agrees;set_code_match;rarity_match;parallel_variant_no_parallel_market_penalty;card_name_substring_product;source_tcgcsv,low,1,parallel_1,Parallel 1,OP01-055_p1,PRB02/parallel/OP01-055_p1.png
967,OP01-055,You Can Be My Samurai!!,4806,656001,113,market_number_eq_canonical_or_extracted;image_basename_number_agrees;set_code_match;rarity_match;card_name_substring_product;source_tcgcsv,low,1,r1,R1,OP01-055_r1,PRB02/reprint/OP01-055_r1.png
980,OP01-060,Donquixote Doflamingo,388,454585,113,market_number_eq_canonical_or_extracted;image_basename_number_agrees;set_code_match;rarity_match;card_name_substring_product;source_tcgcsv,low,1,alt,Alt,OP01-060::alt,thumbs/OP01-060 (alt).webp
983,OP01-060,Donquixote Doflamingo,388,454585,113,market_number_eq_canonical_or_extracted;image_basename_number_agrees;set_code_match;rarity_match;card_name_substring_product;source_tcgcsv,low,1,alt,St17Alt,OP01-060::st17alt,thumbs/OP01-060(ST17alt).webp
986,OP01-061,Kaido,321,453517,113,market_number_eq_canonical_or_extracted;image_basename_number_agrees;set_code_match;rarity_match;card_name_substring_product;source_tcgcsv,low,1,alt,Alt,OP01-061::alt,thumbs/OP01-061 (alt).webp
990,OP01-062,Crocodile,391,454588,113,market_number_eq_canonical_or_extracted;image_basename_number_agrees;set_code_match;rarity_match;card_name_substring_product;source_tcgcsv,low,1,alt,Alt,OP01-062::alt,thumbs/OP01-062 (alt).webp
996,OP01-064,Alvida,322,453518,101,market_number_eq_canonical_or_extracted;set_code_match;rarity_match;card_name_substring_product;source_tcgcsv,low,1,alt,Alt,OP01-064::alt,thumbs/OP01-064alt.webp
997,OP01-064,Alvida,322,453518,101,market_number_eq_canonical_or_extracted;image_basename_number_agrees;set_code_match;rarity_match;parallel_variant_no_parallel_market_penalty;card_name_substring_product;source_tcgcsv,low,1,parallel_1,Parallel 1,OP01-064_p1,OP01/parallel/OP01-064_p1.png
1004,OP01-067,Crocodile,323,453519,113,market_number_eq_canonical_or_extracted;image_basename_number_agrees;set_code_match;rarity_match;card_name_substring_product;source_tcgcsv,low,1,alt,Alt,OP01-067::alt,thumbs/OP01-067 (Alt).webp
1012,OP01-070,Dracule Mihawk,400,454598,113,market_number_eq_canonical_or_extracted;image_basename_number_agrees;set_code_match;rarity_match;card_name_substring_product;source_tcgcsv,low,1,alt,Alt,OP01-070::alt,thumbs/OP01-070 (alt).webp
1013,OP01-070,Dracule Mihawk,400,454598,101,market_number_eq_canonical_or_extracted;set_code_match;rarity_match;card_name_substring_product;source_tcgcsv,low,1,alt,Alt Art 2,OP01-070::alt art 2,thumbs/OP01-070alt2.webp
1016,OP01-070,Dracule Mihawk,3285,586549,101,market_number_eq_canonical_or_extracted;image_basename_number_agrees;set_code_match;rarity_match;parallel_variant_no_parallel_market_penalty;card_name_substring_product;source_tcgcsv,low,1,parallel_4,Parallel 4,OP01-070_p4,PRB01/parallel/OP01-070_p4.png
1017,OP01-070,Dracule Mihawk,400,454598,113,market_number_eq_canonical_or_extracted;image_basename_number_agrees;set_code_match;rarity_match;card_name_substring_product;source_tcgcsv,low,1,alt,Prb01Alt,OP01-070::prb01alt,thumbs/OP01-070(PRB01alt).webp
1018,OP01-070,Dracule Mihawk,3285,586549,113,market_number_eq_canonical_or_extracted;image_basename_number_agrees;set_code_match;rarity_match;card_name_substring_product;source_tcgcsv,low,1,r1,R1,OP01-070_r1,PRB01/reprint/OP01-070_r1.png
1025,OP01-073,Donquixote Doflamingo,404,454602,101,market_number_eq_canonical_or_extracted;image_basename_number_agrees;set_code_match;card_name_substring_product;source_tcgcsv,low,1,alt,Alt,OP01-073::alt,thumbs/OP01-073 (Alt).webp
1029,OP01-073,Donquixote Doflamingo,405,454603,93,market_number_eq_canonical_or_extracted;set_code_match;card_name_substring_product;source_tcgcsv,low,1,sp,S P,OP01-073::s p,thumbs/OP01-073SP.webp
1038,OP01-077,Perona,324,453520,113,market_number_eq_canonical_or_extracted;image_basename_number_agrees;set_code_match;rarity_match;card_name_substring_product;source_tcgcsv,low,1,alt,Alt,OP01-077::alt,thumbs/OP01-077 (alt).webp
1039,OP01-077,Perona,324,453520,101,market_number_eq_canonical_or_extracted;set_code_match;rarity_match;card_name_substring_product;source_tcgcsv,low,1,alt,Alt Art 2,OP01-077::alt art 2,thumbs/OP01-077alt2.webp
1040,OP01-077,Perona,324,453520,101,market_number_eq_canonical_or_extracted;set_code_match;rarity_match;card_name_substring_product;source_tcgcsv,low,1,alt,Alt Art 3,OP01-077::alt art 3,thumbs/OP01-077Alt3.webp
1041,OP01-077,Perona,324,453520,101,market_number_eq_canonical_or_extracted;image_basename_number_agrees;set_code_match;rarity_match;parallel_variant_no_parallel_market_penalty;card_name_substring_product;source_tcgcsv,low,1,parallel_1,Parallel 1,OP01-077_p1,OP01/parallel/OP01-077_p1.png
1044,OP01-078,Boa Hancock,410,454608,113,market_number_eq_canonical_or_extracted;image_basename_number_agrees;set_code_match;rarity_match;card_name_substring_product;source_tcgcsv,low,1,alt,Alt,OP01-078::alt,thumbs/OP01-078 (Alt).webp
1047,OP01-078,Boa Hancock,3284,586548,101,market_number_eq_canonical_or_extracted;image_basename_number_agrees;set_code_match;rarity_match;parallel_variant_no_parallel_market_penalty;card_name_substring_product;source_tcgcsv,low,1,parallel_4,Parallel 4,OP01-078_p4,PRB01/parallel/OP01-078_p4.png
1048,OP01-078,Boa Hancock,410,454608,113,market_number_eq_canonical_or_extracted;image_basename_number_agrees;set_code_match;rarity_match;card_name_substring_product;source_tcgcsv,low,1,alt,Prb01Alt,OP01-078::prb01alt,thumbs/OP01-078(PRB01alt).webp
1049,OP01-078,Boa Hancock,3284,586548,113,market_number_eq_canonical_or_extracted;image_basename_number_agrees;set_code_match;rarity_match;card_name_substring_product;source_tcgcsv,low,1,r1,R1,OP01-078_r1,PRB01/reprint/OP01-078_r1.png
1050,OP01-078,Boa Hancock,411,454609,105,market_number_eq_canonical_or_extracted;set_code_match;rarity_match;card_name_substring_product;source_tcgcsv,low,1,sp,S P,OP01-078::s p,thumbs/OP01-078SP.webp
1079,OP01-091,King,424,454622,113,market_number_eq_canonical_or_extracted;image_basename_number_agrees;set_code_match;rarity_match;card_name_substring_product;source_tcgcsv,low,1,alt,Alt,OP01-091::alt,thumbs/OP01-091 (alt).webp
1085,OP01-093,Ulti,427,454625,113,market_number_eq_canonical_or_extracted;image_basename_number_agrees;set_code_match;rarity_match;card_name_substring_product;source_tcgcsv,low,1,alt,Alt,OP01-093::alt,thumbs/OP01-093 (alt).webp
1086,OP01-093,Ulti,427,454625,113,market_number_eq_canonical_or_extracted;image_basename_number_agrees;set_code_match;rarity_match;card_name_substring_product;source_tcgcsv,low,1,alt,Alt Art 2,OP01-093::alt art 2,thumbs/OP01-093(alt2).webp
1090,OP01-094,Kaido,325,453521,113,market_number_eq_canonical_or_extracted;image_basename_number_agrees;set_code_match;rarity_match;card_name_substring_product;source_tcgcsv,low,1,alt,Alt,OP01-094::alt,thumbs/OP01-094 (alt).webp
1091,OP01-094,Kaido,325,453521,101,market_number_eq_canonical_or_extracted;set_code_match;rarity_match;card_name_substring_product;source_tcgcsv,low,1,alt,Alt Art 2,OP01-094::alt art 2,thumbs/OP01-094alt2.webp
1097,OP01-096,King,431,454629,113,market_number_eq_canonical_or_extracted;image_basename_number_agrees;set_code_match;rarity_match;card_name_substring_product;source_tcgcsv,low,1,alt,Alt,OP01-096::alt,thumbs/OP01-096 (Alt).webp
1114,OP01-102,Jack,439,454637,113,market_number_eq_canonical_or_extracted;image_basename_number_agrees;set_code_match;rarity_match;card_name_substring_product;source_tcgcsv,low,1,alt,Alt,OP01-102::alt,thumbs/OP01-102 (Alt).webp
1131,OP01-109,Who's.Who,326,453522,113,market_number_eq_canonical_or_extracted;image_basename_number_agrees;set_code_match;rarity_match;card_name_substring_product;source_tcgcsv,low,1,alt,Alt,OP01-109::alt,thumbs/OP01-109 (alt).webp
1132,OP01-109,Who's.Who,326,453522,101,market_number_eq_canonical_or_extracted;image_basename_number_agrees;set_code_match;rarity_match;parallel_variant_no_parallel_market_penalty;card_name_substring_product;source_tcgcsv,low,1,parallel_1,Parallel 1,OP01-109_p1,OP01/parallel/OP01-109_p1.png
1157,OP01-120,Shanks,457,454664,113,market_number_eq_canonical_or_extracted;image_basename_number_agrees;set_code_match;rarity_match;card_name_substring_product;source_tcgcsv,low,1,mr,Manga,OP01-120::manga,thumbs/OP01-120 Manga Rare.webp
1158,OP01-120,Shanks,458,454665,131,market_number_eq_canonical_or_extracted;image_basename_number_agrees;set_code_match;rarity_match;parallel_token_in_market_fields;card_name_substring_product;source_tcgcsv,low,1,parallel_1,Parallel 1,OP01-120_p1,OP01/parallel/OP01-120_p1.png
1159,OP01-120,Shanks,458,454665,131,market_number_eq_canonical_or_extracted;image_basename_number_agrees;set_code_match;rarity_match;parallel_token_in_market_fields;card_name_substring_product;source_tcgcsv,low,1,parallel_2,Parallel 2,OP01-120_p2,OP01/parallel/OP01-120_p2.png
1160,OP01-120,Shanks,3268,586194,101,market_number_eq_canonical_or_extracted;image_basename_number_agrees;set_code_match;rarity_match;parallel_variant_no_parallel_market_penalty;card_name_substring_product;source_tcgcsv,low,1,parallel_5,Parallel 5,OP01-120_p5,PRB01/parallel/OP01-120_p5.png
1162,OP01-120,Shanks,3268,586194,113,market_number_eq_canonical_or_extracted;image_basename_number_agrees;set_code_match;rarity_match;card_name_substring_product;source_tcgcsv,low,1,r1,R1,OP01-120_r1,PRB01/reprint/OP01-120_r1.png
1163,OP01-120,Shanks,3268,586194,113,market_number_eq_canonical_or_extracted;image_basename_number_agrees;set_code_match;rarity_match;card_name_substring_product;source_tcgcsv,low,1,r2,R2,OP01-120_r2,PRB01/reprint/OP01-120_r2.png
1164,OP01-120,Shanks,457,454664,101,market_number_eq_canonical_or_extracted;set_code_match;rarity_match;card_name_substring_product;source_tcgcsv,low,1,promo,S N,OP01-120::s n,thumbs/OP01-120sn.webp
1167,OP01-121,Yamato,460,454667,101,market_number_eq_canonical_or_extracted;set_code_match;rarity_match;card_name_substring_product;source_tcgcsv,low,1,operator_review,A T2,OP01-121::a t2,thumbs/OP01-121at2.webp
1168,OP01-121,Yamato,460,454667,113,market_number_eq_canonical_or_extracted;image_basename_number_agrees;set_code_match;rarity_match;card_name_substring_product;source_tcgcsv,low,1,alt,Alt,OP01-121::alt,thumbs/OP01-121 (alt).webp
1171,OP01-121,Yamato,3335,586891,101,market_number_eq_canonical_or_extracted;image_basename_number_agrees;set_code_match;rarity_match;parallel_variant_no_parallel_market_penalty;card_name_substring_product;source_tcgcsv,low,1,parallel_4,Parallel 4,OP01-121_p4,PRB01/parallel/OP01-121_p4.png
1172,OP01-121,Yamato,460,454667,113,market_number_eq_canonical_or_extracted;image_basename_number_agrees;set_code_match;rarity_match;card_name_substring_product;source_tcgcsv,low,1,alt,Prb01Alt,OP01-121::prb01alt,thumbs/OP01-121(PRB01alt).webp
1173,OP01-121,Yamato,3335,586891,113,market_number_eq_canonical_or_extracted;image_basename_number_agrees;set_code_match;rarity_match;card_name_substring_product;source_tcgcsv,low,1,r1,R1,OP01-121_r1,PRB01/reprint/OP01-121_r1.png
1178,OP02-001,Edward.Newgate,469,482424,101,market_number_eq_canonical_or_extracted;image_basename_number_agrees;set_code_match;rarity_match;parallel_variant_no_parallel_market_penalty;card_name_substring_product;source_tcgcsv,low,1,parallel_1,Parallel 1,OP02-001_p1,OP02/parallel/OP02-001_p1.png
1184,OP02-002,Monkey.D.Garp,474,482705,101,market_number_eq_canonical_or_extracted;image_basename_number_agrees;set_code_match;rarity_match;parallel_variant_no_parallel_market_penalty;card_name_substring_product;source_tcgcsv,low,1,parallel_1,Parallel 1,OP02-002_p1,OP02/parallel/OP02-002_p1.png
1188,OP02-004,Edward.Newgate,468,482423,113,market_number_eq_canonical_or_extracted;image_basename_number_agrees;set_code_match;rarity_match;card_name_substring_product;source_tcgcsv,low,1,operator_review,2,OP02-004::2,thumbs/OP02-004 (2).webp
1191,OP02-004,Edward.Newgate,468,482423,101,market_number_eq_canonical_or_extracted;image_basename_number_agrees;set_code_match;rarity_match;parallel_variant_no_parallel_market_penalty;card_name_substring_product;source_tcgcsv,low,1,parallel_1,Parallel 1,OP02-004_p1,OP02/parallel/OP02-004_p1.png
1193,OP02-004,Edward.Newgate,3256,586182,101,market_number_eq_canonical_or_extracted;image_basename_number_agrees;set_code_match;rarity_match;parallel_variant_no_parallel_market_penalty;card_name_substring_product;source_tcgcsv,low,1,parallel_4,Parallel 4,OP02-004_p4,PRB01/parallel/OP02-004_p4.png
1195,OP02-004,Edward.Newgate,3256,586182,113,market_number_eq_canonical_or_extracted;image_basename_number_agrees;set_code_match;rarity_match;card_name_substring_product;source_tcgcsv,low,1,r1,R1,OP02-004_r1,PRB01/reprint/OP02-004_r1.png
1196,OP02-004,Edward.Newgate,468,482423,101,market_number_eq_canonical_or_extracted;set_code_match;rarity_match;card_name_substring_product;source_tcgcsv,low,1,sp,S P,OP02-004::s p,thumbs/OP02-004SP.webp
1200,OP02-005,Curly.Dadan,4808,656003,101,market_number_eq_canonical_or_extracted;image_basename_number_agrees;set_code_match;rarity_match;parallel_variant_no_parallel_market_penalty;card_name_substring_product;source_tcgcsv,low,1,parallel_1,Parallel 1,OP02-005_p1,PRB02/parallel/OP02-005_p1.png
1202,OP02-005,Curly.Dadan,4808,656003,113,market_number_eq_canonical_or_extracted;image_basename_number_agrees;set_code_match;rarity_match;card_name_substring_product;source_tcgcsv,low,1,r1,R1,OP02-005_r1,PRB02/reprint/OP02-005_r1.png
1213,OP02-009,Squard,481,483096,113,market_number_eq_canonical_or_extracted;image_basename_number_agrees;set_code_match;rarity_match;card_name_substring_product;source_tcgcsv,low,1,alt,Alt,OP02-009::alt,thumbs/OP02-009(alt).webp
1214,OP02-009,Squard,481,483096,101,market_number_eq_canonical_or_extracted;image_basename_number_agrees;set_code_match;rarity_match;parallel_variant_no_parallel_market_penalty;card_name_substring_product;source_tcgcsv,low,1,parallel_1,Parallel 1,OP02-009_p1,OP02/parallel/OP02-009_p1.png
1222,OP02-013,Portgas.D.Ace,495,485235,113,market_number_eq_canonical_or_extracted;image_basename_number_agrees;set_code_match;rarity_match;card_name_substring_product;source_tcgcsv,low,1,operator_review,2,OP02-013::2,thumbs/OP02-013 (2).webp
1223,OP02-013,Portgas.D.Ace,495,485235,113,market_number_eq_canonical_or_extracted;image_basename_number_agrees;set_code_match;rarity_match;card_name_substring_product;source_tcgcsv,low,1,promo,2Nd Anniversary Alt,OP02-013::2nd anniversary alt,thumbs/OP02-013(2nd Anniversary alt).webp
1225,OP02-013,Portgas.D.Ace,495,485235,113,market_number_eq_canonical_or_extracted;image_basename_number_agrees;set_code_match;rarity_match;card_name_substring_product;source_tcgcsv,low,1,mr,Manga,OP02-013::manga,thumbs/OP02-013 Manga Rare.webp
1226,OP02-013,Portgas.D.Ace,515,485862,131,market_number_eq_canonical_or_extracted;image_basename_number_agrees;set_code_match;rarity_match;parallel_token_in_market_fields;card_name_substring_product;source_tcgcsv,low,1,parallel_1,Parallel 1,OP02-013_p1,OP02/parallel/OP02-013_p1.png
1227,OP02-013,Portgas.D.Ace,515,485862,131,market_number_eq_canonical_or_extracted;image_basename_number_agrees;set_code_match;rarity_match;parallel_token_in_market_fields;card_name_substring_product;source_tcgcsv,low,1,parallel_2,Parallel 2,OP02-013_p2,OP02/parallel/OP02-013_p2.png
1229,OP02-013,Portgas.D.Ace,515,485862,131,market_number_eq_canonical_or_extracted;image_basename_number_agrees;set_code_match;rarity_match;parallel_token_in_market_fields;card_name_substring_product;source_tcgcsv,low,1,parallel_5,Parallel 5,OP02-013_p5,ANN2JP/parallel/OP02-013_p5.png
1231,OP02-013,Portgas.D.Ace,515,485862,105,market_number_eq_canonical_or_extracted;set_code_match;rarity_match;card_name_substring_product;source_tcgcsv,low,1,sp,S P,OP02-013::s p,thumbs/OP02-013SP.webp
1238,OP02-015,Makino,3383,593295,101,market_number_eq_canonical_or_extracted;image_basename_number_agrees;set_code_match;rarity_match;parallel_variant_no_parallel_market_penalty;card_name_substring_product;source_tcgcsv,low,1,parallel_3,Parallel 3,OP02-015_p3,PRB01/parallel/OP02-015_p3.png
1239,OP02-015,Makino,3383,593295,101,market_number_eq_canonical_or_extracted;image_basename_number_agrees;set_code_match;rarity_match;parallel_variant_no_parallel_market_penalty;card_name_substring_product;source_tcgcsv,low,1,parallel_4,Parallel 4,OP02-015_p4,PRB01/parallel/OP02-015_p4.png
1241,OP02-015,Makino,3383,593295,113,market_number_eq_canonical_or_extracted;image_basename_number_agrees;set_code_match;rarity_match;card_name_substring_product;source_tcgcsv,low,1,r1,R1,OP02-015_r1,PRB01/reprint/OP02-015_r1.png
1247,OP02-017,Masked Deuce,517,485864,101,market_number_eq_canonical_or_extracted;image_basename_number_agrees;set_code_match;rarity_match;parallel_variant_no_parallel_market_penalty;card_name_substring_product;source_tcgcsv,low,1,parallel_1,Parallel 1,OP02-017_p1,OP02/parallel/OP02-017_p1.png
1252,OP02-018,Marco,516,485863,101,market_number_eq_canonical_or_extracted;image_basename_number_agrees;set_code_match;rarity_match;parallel_variant_no_parallel_market_penalty;card_name_substring_product;source_tcgcsv,low,1,parallel_1,Parallel 1,OP02-018_p1,OP02/parallel/OP02-018_p1.png
1253,OP02-018,Marco,3257,586183,101,market_number_eq_canonical_or_extracted;image_basename_number_agrees;set_code_match;rarity_match;parallel_variant_no_parallel_market_penalty;card_name_substring_product;source_tcgcsv,low,1,parallel_4,Parallel 4,OP02-018_p4,PRB01/parallel/OP02-018_p4.png
1254,OP02-018,Marco,3257,586183,101,market_number_eq_canonical_or_extracted;image_basename_number_agrees;set_code_match;rarity_match;parallel_variant_no_parallel_market_penalty;card_name_substring_product;source_tcgcsv,low,1,parallel_5,Parallel 5,OP02-018_p5,PRB01/parallel/OP02-018_p5.png
1255,OP02-018,Marco,3257,586183,101,market_number_eq_canonical_or_extracted;image_basename_number_agrees;set_code_match;rarity_match;parallel_variant_no_parallel_market_penalty;card_name_substring_product;source_tcgcsv,low,1,parallel_6,Parallel 6,OP02-018_p6,PRB01/parallel/OP02-018_p6.png
1259,OP02-018,Marco,3257,586183,113,market_number_eq_canonical_or_extracted;image_basename_number_agrees;set_code_match;rarity_match;card_name_substring_product;source_tcgcsv,low,1,r2,R2,OP02-018_r2,PRB01/reprint/OP02-018_r2.png
1278,OP02-025,Kin'emon,486,483629,101,market_number_eq_canonical_or_extracted;image_basename_number_agrees;set_code_match;rarity_match;parallel_variant_no_parallel_market_penalty;card_name_substring_product;source_tcgcsv,low,1,parallel_1,Parallel 1,OP02-025_p1,OP02/parallel/OP02-025_p1.png
1282,OP02-026,Sanji,485,483628,101,market_number_eq_canonical_or_extracted;image_basename_number_agrees;set_code_match;rarity_match;parallel_variant_no_parallel_market_penalty;card_name_substring_product;source_tcgcsv,low,1,parallel_1,Parallel 1,OP02-026_p1,OP02/parallel/OP02-026_p1.png
1292,OP02-030,Kouzuki Oden,491,484627,113,market_number_eq_canonical_or_extracted;image_basename_number_agrees;set_code_match;rarity_match;card_name_substring_product;source_tcgcsv,low,1,operator_review,2,OP02-030::2,thumbs/OP02-030 (2).webp
1294,OP02-030,Kouzuki Oden,491,484627,101,market_number_eq_canonical_or_extracted;image_basename_number_agrees;set_code_match;rarity_match;parallel_variant_no_parallel_market_penalty;card_name_substring_product;source_tcgcsv,low,1,parallel_1,Parallel 1,OP02-030_p1,OP02/parallel/OP02-030_p1.png
1296,OP02-031,Kouzuki Toki,496,485236,113,market_number_eq_canonical_or_extracted;image_basename_number_agrees;set_code_match;rarity_match;card_name_substring_product;source_tcgcsv,low,1,operator_review,2,OP02-031::2,thumbs/OP02-031 (2).webp
1297,OP02-031,Kouzuki Toki,496,485236,113,market_number_eq_canonical_or_extracted;image_basename_number_agrees;set_code_match;rarity_match;card_name_substring_product;source_tcgcsv,low,1,alt,Alt,OP02-031::alt,thumbs/OP02-031_Alt.webp
1298,OP02-031,Kouzuki Toki,496,485236,101,market_number_eq_canonical_or_extracted;image_basename_number_agrees;set_code_match;rarity_match;parallel_variant_no_parallel_market_penalty;card_name_substring_product;source_tcgcsv,low,1,parallel_1,Parallel 1,OP02-031_p1,OP02/parallel/OP02-031_p1.png
1307,OP02-034,Tony Tony.Chopper,540,486354,55,market_number_eq_canonical_or_extracted;image_basename_number_agrees;set_code_mismatch_penalty;rarity_match;parallel_variant_no_parallel_market_penalty;card_name_substring_product;source_tcgcsv,low,1,parallel_1,Parallel 1,OP02-034_p1,ST11/parallel/OP02-034_p1.png
1316,OP02-036,Nami,472,482429,113,market_number_eq_canonical_or_extracted;image_basename_number_agrees;set_code_match;rarity_match;card_name_substring_product;source_tcgcsv,low,1,operator_review,2,OP02-036::2,thumbs/OP02-036 (2).webp
1318,OP02-036,Nami,472,482429,101,market_number_eq_canonical_or_extracted;image_basename_number_agrees;set_code_match;rarity_match;parallel_variant_no_parallel_market_penalty;card_name_substring_product;source_tcgcsv,low,1,parallel_1,Parallel 1,OP02-036_p1,OP02/parallel/OP02-036_p1.png
1319,OP02-036,Nami,472,482429,101,market_number_eq_canonical_or_extracted;image_basename_number_agrees;set_code_match;rarity_match;parallel_variant_no_parallel_market_penalty;card_name_substring_product;source_tcgcsv,low,1,parallel_2,Parallel 2,OP02-036_p2,BCV1/parallel/OP02-036_p2.png
1334,OP02-041,Monkey.D.Luffy,467,482337,101,market_number_eq_canonical_or_extracted;image_basename_number_agrees;set_code_match;rarity_match;parallel_variant_no_parallel_market_penalty;card_name_substring_product;source_tcgcsv,low,1,parallel_1,Parallel 1,OP02-041_p1,OP02/parallel/OP02-041_p1.png
1335,OP02-041,Monkey.D.Luffy,467,482337,55,market_number_eq_canonical_or_extracted;image_basename_number_agrees;set_code_mismatch_penalty;rarity_match;parallel_variant_no_parallel_market_penalty;card_name_substring_product;source_tcgcsv,low,1,parallel_2,Parallel 2,OP02-041_p2,ST11/parallel/OP02-041_p2.png
1355,OP02-049,Emporio.Ivankov,487,483949,101,market_number_eq_canonical_or_extracted;image_basename_number_agrees;set_code_match;rarity_match;parallel_variant_no_parallel_market_penalty;card_name_substring_product;source_tcgcsv,low,1,parallel_1,Parallel 1,OP02-049_p1,OP02/parallel/OP02-049_p1.png
1361,OP02-051,Emporio.Ivankov,511,485812,101,market_number_eq_canonical_or_extracted;image_basename_number_agrees;set_code_match;rarity_match;parallel_variant_no_parallel_market_penalty;card_name_substring_product;source_tcgcsv,low,1,parallel_1,Parallel 1,OP02-051_p1,OP02/parallel/OP02-051_p1.png
1380,OP02-058,Buggy,512,485813,101,market_number_eq_canonical_or_extracted;image_basename_number_agrees;set_code_match;rarity_match;parallel_variant_no_parallel_market_penalty;card_name_substring_product;source_tcgcsv,low,1,parallel_1,Parallel 1,OP02-058_p1,OP02/parallel/OP02-058_p1.png
1383,OP02-059,Boa Hancock,497,485237,113,market_number_eq_canonical_or_extracted;image_basename_number_agrees;set_code_match;rarity_match;card_name_substring_product;source_tcgcsv,low,1,alt,Alt,OP02-059::alt,thumbs/OP02-059(alt).webp
1384,OP02-059,Boa Hancock,497,485237,113,market_number_eq_canonical_or_extracted;image_basename_number_agrees;set_code_match;rarity_match;card_name_substring_product;source_tcgcsv,low,1,alt,Alt Art 2,OP02-059::alt art 2,thumbs/OP02-059(alt2).webp
1385,OP02-059,Boa Hancock,497,485237,101,market_number_eq_canonical_or_extracted;image_basename_number_agrees;set_code_match;rarity_match;parallel_variant_no_parallel_market_penalty;card_name_substring_product;source_tcgcsv,low,1,parallel_1,Parallel 1,OP02-059_p1,OP02/parallel/OP02-059_p1.png
1386,OP02-059,Boa Hancock,497,485237,101,market_number_eq_canonical_or_extracted;image_basename_number_agrees;set_code_match;rarity_match;parallel_variant_no_parallel_market_penalty;card_name_substring_product;source_tcgcsv,low,1,parallel_2,Parallel 2,OP02-059_p2,GC01/parallel/OP02-059_p2.png
1394,OP02-062,Monkey.D.Luffy,498,485238,101,market_number_eq_canonical_or_extracted;image_basename_number_agrees;set_code_match;rarity_match;parallel_variant_no_parallel_market_penalty;card_name_substring_product;source_tcgcsv,low,1,parallel_1,Parallel 1,OP02-062_p1,OP02/parallel/OP02-062_p1.png
1409,OP02-068,Gum-Gum Rain,4810,656005,101,market_number_eq_canonical_or_extracted;image_basename_number_agrees;set_code_match;rarity_match;parallel_variant_no_parallel_market_penalty;card_name_substring_product;source_tcgcsv,low,1,parallel_1,Parallel 1,OP02-068_p1,PRB02/parallel/OP02-068_p1.png
1411,OP02-068,Gum-Gum Rain,4810,656005,113,market_number_eq_canonical_or_extracted;image_basename_number_agrees;set_code_match;rarity_match;card_name_substring_product;source_tcgcsv,low,1,r1,R1,OP02-068_r1,PRB02/reprint/OP02-068_r1.png
1419,OP02-071,Magellan,488,484134,101,market_number_eq_canonical_or_extracted;image_basename_number_agrees;set_code_match;rarity_match;parallel_variant_no_parallel_market_penalty;card_name_substring_product;source_tcgcsv,low,1,parallel_1,Parallel 1,OP02-071_p1,OP02/parallel/OP02-071_p1.png
1423,OP02-072,Zephyr,489,484314,101,market_number_eq_canonical_or_extracted;image_basename_number_agrees;set_code_match;rarity_match;parallel_variant_no_parallel_market_penalty;card_name_substring_product;source_tcgcsv,low,1,parallel_1,Parallel 1,OP02-072_p1,OP02/parallel/OP02-072_p1.png
1427,OP02-073,Little Sadi,509,485457,101,market_number_eq_canonical_or_extracted;image_basename_number_agrees;set_code_match;rarity_match;parallel_variant_no_parallel_market_penalty;card_name_substring_product;source_tcgcsv,low,1,parallel_1,Parallel 1,OP02-073_p1,OP02/parallel/OP02-073_p1.png
1453,OP02-085,Magellan,510,485459,89,market_number_eq_canonical_or_extracted;image_basename_number_agrees;set_code_match;parallel_variant_no_parallel_market_penalty;card_name_substring_product;source_tcgcsv,low,1,parallel_1,Parallel 1,OP02-085_p1,OP02/parallel/OP02-085_p1.png
1455,OP02-085,Magellan,510,485459,89,market_number_eq_canonical_or_extracted;set_code_match;card_name_substring_product;source_tcgcsv,low,1,sp,S P,OP02-085::s p,thumbs/OP02-085SP.webp
1458,OP02-086,Minokoala,500,485241,113,market_number_eq_canonical_or_extracted;image_basename_number_agrees;set_code_match;rarity_match;card_name_substring_product;source_tcgcsv,low,1,alt,Alt,OP02-086::alt,thumbs/OP02-086_Alt.webp
1459,OP02-086,Minokoala,500,485241,101,market_number_eq_canonical_or_extracted;image_basename_number_agrees;set_code_match;rarity_match;parallel_variant_no_parallel_market_penalty;card_name_substring_product;source_tcgcsv,low,1,parallel_1,Parallel 1,OP02-086_p1,OP02/parallel/OP02-086_p1.png
1466,OP02-089,Judgment of Hell,3347,587189,101,market_number_eq_canonical_or_extracted;image_basename_number_agrees;set_code_match;rarity_match;parallel_variant_no_parallel_market_penalty;card_name_substring_product;source_tcgcsv,low,1,parallel_2,Parallel 2,OP02-089_p2,PRB01/parallel/OP02-089_p2.png
1467,OP02-089,Judgment of Hell,3347,587189,101,market_number_eq_canonical_or_extracted;image_basename_number_agrees;set_code_match;rarity_match;parallel_variant_no_parallel_market_penalty;card_name_substring_product;source_tcgcsv,low,1,parallel_3,Parallel 3,OP02-089_p3,PRB01/parallel/OP02-089_p3.png
1468,OP02-089,Judgment of Hell,3347,587189,101,market_number_eq_canonical_or_extracted;image_basename_number_agrees;set_code_match;rarity_match;parallel_variant_no_parallel_market_penalty;card_name_substring_product;source_tcgcsv,low,1,parallel_4,Parallel 4,OP02-089_p4,PRB01/parallel/OP02-089_p4.png
1470,OP02-089,Judgment of Hell,3347,587189,113,market_number_eq_canonical_or_extracted;image_basename_number_agrees;set_code_match;rarity_match;card_name_substring_product;source_tcgcsv,low,1,r1,R1,OP02-089_r1,PRB01/reprint/OP02-089_r1.png
1480,OP02-093,Smoker,490,484476,101,market_number_eq_canonical_or_extracted;image_basename_number_agrees;set_code_match;rarity_match;parallel_variant_no_parallel_market_penalty;card_name_substring_product;source_tcgcsv,low,1,parallel_1,Parallel 1,OP02-093_p1,OP02/parallel/OP02-093_p1.png
1488,OP02-096,Kuzan,494,485162,101,market_number_eq_canonical_or_extracted;image_basename_number_agrees;set_code_match;rarity_match;parallel_variant_no_parallel_market_penalty;card_name_substring_product;source_tcgcsv,low,1,parallel_1,Parallel 1,OP02-096_p1,OP02/parallel/OP02-096_p1.png
1489,OP02-096,Kuzan,3319,586720,101,market_number_eq_canonical_or_extracted;image_basename_number_agrees;set_code_match;rarity_match;parallel_variant_no_parallel_market_penalty;card_name_substring_product;source_tcgcsv,low,1,parallel_3,Parallel 3,OP02-096_p3,PRB01/parallel/OP02-096_p3.png
1491,OP02-096,Kuzan,3319,586720,113,market_number_eq_canonical_or_extracted;image_basename_number_agrees;set_code_match;rarity_match;card_name_substring_product;source_tcgcsv,low,1,r1,R1,OP02-096_r1,PRB01/reprint/OP02-096_r1.png
1501,OP02-099,Sakazuki,501,485242,101,market_number_eq_canonical_or_extracted;image_basename_number_agrees;set_code_match;rarity_match;parallel_variant_no_parallel_market_penalty;card_name_substring_product;source_tcgcsv,low,1,parallel_1,Parallel 1,OP02-099_p1,OP02/parallel/OP02-099_p1.png
1503,OP02-099,Sakazuki,3315,586715,101,market_number_eq_canonical_or_extracted;image_basename_number_agrees;set_code_match;rarity_match;parallel_variant_no_parallel_market_penalty;card_name_substring_product;source_tcgcsv,low,1,parallel_4,Parallel 4,OP02-099_p4,PRB01/parallel/OP02-099_p4.png
1505,OP02-099,Sakazuki,3315,586715,113,market_number_eq_canonical_or_extracted;image_basename_number_agrees;set_code_match;rarity_match;card_name_substring_product;source_tcgcsv,low,1,r1,R1,OP02-099_r1,PRB01/reprint/OP02-099_r1.png
1506,OP02-099,Sakazuki,501,485242,101,market_number_eq_canonical_or_extracted;set_code_match;rarity_match;card_name_substring_product;source_tcgcsv,low,1,sp,S P,OP02-099::s p,thumbs/OP02-099SP.webp
1518,OP02-105,Tashigi,502,485243,113,market_number_eq_canonical_or_extracted;image_basename_number_agrees;set_code_match;rarity_match;card_name_substring_product;source_tcgcsv,low,1,operator_review,2,OP02-105::2,thumbs/OP02-105 (2).webp
1519,OP02-105,Tashigi,502,485243,113,market_number_eq_canonical_or_extracted;image_basename_number_agrees;set_code_match;rarity_match;card_name_substring_product;source_tcgcsv,low,1,alt,Alt,OP02-105::alt,thumbs/OP02-105_Alt.webp
1520,OP02-105,Tashigi,502,485243,101,market_number_eq_canonical_or_extracted;image_basename_number_agrees;set_code_match;rarity_match;parallel_variant_no_parallel_market_penalty;card_name_substring_product;source_tcgcsv,low,1,parallel_1,Parallel 1,OP02-105_p1,OP02/parallel/OP02-105_p1.png
1527,OP02-106,Tsuru,3386,593299,101,market_number_eq_canonical_or_extracted;image_basename_number_agrees;set_code_match;rarity_match;parallel_variant_no_parallel_market_penalty;card_name_substring_product;source_tcgcsv,low,1,parallel_4,Parallel 4,OP02-106_p4,PRB01/parallel/OP02-106_p4.png
1528,OP02-106,Tsuru,3386,593299,101,market_number_eq_canonical_or_extracted;image_basename_number_agrees;set_code_match;rarity_match;parallel_variant_no_parallel_market_penalty;card_name_substring_product;source_tcgcsv,low,1,parallel_5,Parallel 5,OP02-106_p5,PRB01/parallel/OP02-106_p5.png
1532,OP02-106,Tsuru,3386,593299,113,market_number_eq_canonical_or_extracted;image_basename_number_agrees;set_code_match;rarity_match;card_name_substring_product;source_tcgcsv,low,1,r2,R2,OP02-106_r2,PRB01/reprint/OP02-106_r2.png
1537,OP02-108,Donquixote Rosinante,504,485245,101,market_number_eq_canonical_or_extracted;set_code_match;rarity_match;card_name_substring_product;source_tcgcsv,low,1,alt,Alt,OP02-108::alt,thumbs/OP02-108alt.webp
1538,OP02-108,Donquixote Rosinante,504,485245,101,market_number_eq_canonical_or_extracted;set_code_match;rarity_match;card_name_substring_product;source_tcgcsv,low,1,alt,Alt Art 2,OP02-108::alt art 2,thumbs/OP02-108alt2.webp
1539,OP02-108,Donquixote Rosinante,504,485245,101,market_number_eq_canonical_or_extracted;image_basename_number_agrees;set_code_match;rarity_match;parallel_variant_no_parallel_market_penalty;card_name_substring_product;source_tcgcsv,low,1,parallel_1,Parallel 1,OP02-108_p1,OP02/parallel/OP02-108_p1.png
1556,OP02-114,Borsalino,493,485087,101,market_number_eq_canonical_or_extracted;image_basename_number_agrees;set_code_match;rarity_match;parallel_variant_no_parallel_market_penalty;card_name_substring_product;source_tcgcsv,low,1,parallel_1,Parallel 1,OP02-114_p1,OP02/parallel/OP02-114_p1.png
1557,OP02-114,Borsalino,3316,586716,101,market_number_eq_canonical_or_extracted;image_basename_number_agrees;set_code_match;rarity_match;parallel_variant_no_parallel_market_penalty;card_name_substring_product;source_tcgcsv,low,1,parallel_3,Parallel 3,OP02-114_p3,PRB01/parallel/OP02-114_p3.png
1559,OP02-114,Borsalino,3316,586716,113,market_number_eq_canonical_or_extracted;image_basename_number_agrees;set_code_match;rarity_match;card_name_substring_product;source_tcgcsv,low,1,r1,R1,OP02-114_r1,PRB01/reprint/OP02-114_r1.png
1563,OP02-115,Monkey.D.Garp,492,484822,101,market_number_eq_canonical_or_extracted;image_basename_number_agrees;set_code_match;rarity_match;parallel_variant_no_parallel_market_penalty;card_name_substring_product;source_tcgcsv,low,1,parallel_1,Parallel 1,OP02-115_p1,OP02/parallel/OP02-115_p1.png
1570,OP02-117,Ice Age,3388,593302,101,market_number_eq_canonical_or_extracted;image_basename_number_agrees;set_code_match;rarity_match;parallel_variant_no_parallel_market_penalty;card_name_substring_product;source_tcgcsv,low,1,parallel_5,Parallel 5,OP02-117_p5,OP02/parallel/OP02-117_p5.png
1571,OP02-117,Ice Age,3388,593302,101,market_number_eq_canonical_or_extracted;image_basename_number_agrees;set_code_match;rarity_match;parallel_variant_no_parallel_market_penalty;card_name_substring_product;source_tcgcsv,low,1,parallel_6,Parallel 6,OP02-117_p6,OP02/parallel/OP02-117_p6.png
1573,OP02-117,Ice Age,618,486494,67,market_number_eq_canonical_or_extracted;image_basename_number_agrees;set_code_mismatch_penalty;rarity_match;card_name_substring_product;source_tcgcsv,low,1,r1,R1,OP02-117_r1,ST19/reprint/OP02-117_r1.png
1574,OP02-117,Ice Age,3388,593302,113,market_number_eq_canonical_or_extracted;image_basename_number_agrees;set_code_match;rarity_match;card_name_substring_product;source_tcgcsv,low,1,r2,R2,OP02-117_r2,PRB01/reprint/OP02-117_r2.png
1583,OP02-120,Uta,477,482718,79,market_number_eq_canonical_or_extracted;image_basename_number_agrees;set_code_match;parallel_variant_no_parallel_market_penalty;source_tcgcsv,low,1,parallel_1,Parallel 1,OP02-120_p1,OP02/parallel/OP02-120_p1.png
1588,OP02-121,Kuzan,507,485397,101,market_number_eq_canonical_or_extracted;image_basename_number_agrees;set_code_match;rarity_match;parallel_variant_no_parallel_market_penalty;card_name_substring_product;source_tcgcsv,low,1,parallel_1,Parallel 1,OP02-121_p1,OP02/parallel/OP02-121_p1.png
1589,OP02-121,Kuzan,3389,593303,101,market_number_eq_canonical_or_extracted;image_basename_number_agrees;set_code_match;rarity_match;parallel_variant_no_parallel_market_penalty;card_name_substring_product;source_tcgcsv,low,1,parallel_3,Parallel 3,OP02-121_p3,PRB01/parallel/OP02-121_p3.png
1591,OP02-121,Kuzan,3389,593303,113,market_number_eq_canonical_or_extracted;image_basename_number_agrees;set_code_match;rarity_match;card_name_substring_product;source_tcgcsv,low,1,r1,R1,OP02-121_r1,PRB01/reprint/OP02-121_r1.png
1596,OP03-001,Portgas.D.Ace,1993,497932,101,market_number_eq_canonical_or_extracted;image_basename_number_agrees;set_code_match;rarity_match;parallel_variant_no_parallel_market_penalty;card_name_substring_product;source_tcgcsv,low,1,parallel_1,Parallel 1,OP03-001_p1,OP03/parallel/OP03-001_p1.png
1597,OP03-001,Portgas.D.Ace,1993,497932,101,market_number_eq_canonical_or_extracted;image_basename_number_agrees;set_code_match;rarity_match;parallel_variant_no_parallel_market_penalty;card_name_substring_product;source_tcgcsv,low,1,parallel_2,Parallel 2,OP03-001_p2,_unclassified/parallel/OP03-001_p2.png
1603,OP03-003,Izo,3259,586185,91,market_number_eq_canonical_or_extracted;image_basename_number_agrees;set_code_match;rarity_match;parallel_variant_no_parallel_market_penalty;source_tcgcsv,low,1,parallel_4,Parallel 4,OP03-003_p4,PRB01/parallel/OP03-003_p4.png
1604,OP03-003,Izo,3259,586185,91,market_number_eq_canonical_or_extracted;image_basename_number_agrees;set_code_match;rarity_match;parallel_variant_no_parallel_market_penalty;source_tcgcsv,low,1,parallel_5,Parallel 5,OP03-003_p5,PRB01/parallel/OP03-003_p5.png
1605,OP03-003,Izo,3259,586185,91,market_number_eq_canonical_or_extracted;image_basename_number_agrees;set_code_match;rarity_match;parallel_variant_no_parallel_market_penalty;source_tcgcsv,low,1,parallel_6,Parallel 6,OP03-003_p6,PRB01/parallel/OP03-003_p6.png
1608,OP03-003,Izo,3259,586185,103,market_number_eq_canonical_or_extracted;image_basename_number_agrees;set_code_match;rarity_match;source_tcgcsv,low,1,r2,R2,OP03-003_r2,PRB01/reprint/OP03-003_r2.png
1625,OP03-008,Buggy,4814,656009,101,market_number_eq_canonical_or_extracted;image_basename_number_agrees;set_code_match;rarity_match;parallel_variant_no_parallel_market_penalty;card_name_substring_product;source_tcgcsv,low,1,parallel_2,Parallel 2,OP03-008_p2,PRB02/parallel/OP03-008_p2.png
1626,OP03-008,Buggy,4814,656009,113,market_number_eq_canonical_or_extracted;image_basename_number_agrees;set_code_match;rarity_match;card_name_substring_product;source_tcgcsv,low,1,r1,R1,OP03-008_r1,PRB02/reprint/OP03-008_r1.png
1642,OP03-013,Marco,2010,498595,101,market_number_eq_canonical_or_extracted;image_basename_number_agrees;set_code_match;rarity_match;parallel_variant_no_parallel_market_penalty;card_name_substring_product;source_tcgcsv,low,1,parallel_1,Parallel 1,OP03-013_p1,OP03/parallel/OP03-013_p1.png
1643,OP03-013,Marco,2010,498595,101,market_number_eq_canonical_or_extracted;image_basename_number_agrees;set_code_match;rarity_match;parallel_variant_no_parallel_market_penalty;card_name_substring_product;source_tcgcsv,low,1,parallel_2,Parallel 2,OP03-013_p2,ANN1JP/parallel/OP03-013_p2.png
1655,OP03-018,Fire Fist,2012,498783,101,market_number_eq_canonical_or_extracted;image_basename_number_agrees;set_code_match;rarity_match;parallel_variant_no_parallel_market_penalty;card_name_substring_product;source_tcgcsv,low,1,parallel_1,Parallel 1,OP03-018_p1,OP03/parallel/OP03-018_p1.png
1663,OP03-021,Kuro,1995,498038,101,market_number_eq_canonical_or_extracted;image_basename_number_agrees;set_code_match;rarity_match;parallel_variant_no_parallel_market_penalty;card_name_substring_product;source_tcgcsv,low,1,parallel_1,Parallel 1,OP03-021_p1,OP03/parallel/OP03-021_p1.png
1667,OP03-022,Arlong,1997,498063,101,market_number_eq_canonical_or_extracted;image_basename_number_agrees;set_code_match;rarity_match;parallel_variant_no_parallel_market_penalty;card_name_substring_product;source_tcgcsv,low,1,parallel_1,Parallel 1,OP03-022_p1,OP03/parallel/OP03-022_p1.png
1673,OP03-024,Gin,2014,498861,91,market_number_eq_canonical_or_extracted;image_basename_number_agrees;set_code_match;rarity_match;parallel_variant_no_parallel_market_penalty;source_tcgcsv,low,1,parallel_1,Parallel 1,OP03-024_p1,OP03/parallel/OP03-024_p1.png
1677,OP03-025,Krieg,2016,499028,101,market_number_eq_canonical_or_extracted;image_basename_number_agrees;set_code_match;rarity_match;parallel_variant_no_parallel_market_penalty;card_name_substring_product;source_tcgcsv,low,1,parallel_1,Parallel 1,OP03-025_p1,OP03/parallel/OP03-025_p1.png
1714,OP03-040,Nami,1999,498253,101,market_number_eq_canonical_or_extracted;image_basename_number_agrees;set_code_match;rarity_match;parallel_variant_no_parallel_market_penalty;card_name_substring_product;source_tcgcsv,low,1,parallel_1,Parallel 1,OP03-040_p1,OP03/parallel/OP03-040_p1.png
1718,OP03-041,Usopp,2018,499190,101,market_number_eq_canonical_or_extracted;image_basename_number_agrees;set_code_match;rarity_match;parallel_variant_no_parallel_market_penalty;card_name_substring_product;source_tcgcsv,low,1,parallel_1,Parallel 1,OP03-041_p1,OP03/parallel/OP03-041_p1.png
1739,OP03-047,Zeff,2020,499283,101,market_number_eq_canonical_or_extracted;image_basename_number_agrees;set_code_match;rarity_match;parallel_variant_no_parallel_market_penalty;card_name_substring_product;source_tcgcsv,low,1,parallel_1,Parallel 1,OP03-047_p1,OP03/parallel/OP03-047_p1.png
1742,OP03-048,Nojiko,4819,656014,101,market_number_eq_canonical_or_extracted;image_basename_number_agrees;set_code_match;rarity_match;parallel_variant_no_parallel_market_penalty;card_name_substring_product;source_tcgcsv,low,1,parallel_1,Parallel 1,OP03-048_p1,PRB02/parallel/OP03-048_p1.png
1743,OP03-048,Nojiko,4819,656014,113,market_number_eq_canonical_or_extracted;image_basename_number_agrees;set_code_match;rarity_match;card_name_substring_product;source_tcgcsv,low,1,r1,R1,OP03-048_r1,PRB02/reprint/OP03-048_r1.png
1759,OP03-055,Gum-Gum Giant Gavel,3391,593306,101,market_number_eq_canonical_or_extracted;image_basename_number_agrees;set_code_match;rarity_match;parallel_variant_no_parallel_market_penalty;card_name_substring_product;source_tcgcsv,low,1,parallel_2,Parallel 2,OP03-055_p2,PRB01/parallel/OP03-055_p2.png
1760,OP03-055,Gum-Gum Giant Gavel,3391,593306,101,market_number_eq_canonical_or_extracted;image_basename_number_agrees;set_code_match;rarity_match;parallel_variant_no_parallel_market_penalty;card_name_substring_product;source_tcgcsv,low,1,parallel_3,Parallel 3,OP03-055_p3,PRB01/parallel/OP03-055_p3.png
1761,OP03-055,Gum-Gum Giant Gavel,3391,593306,113,market_number_eq_canonical_or_extracted;image_basename_number_agrees;set_code_match;rarity_match;card_name_substring_product;source_tcgcsv,low,1,r1,R1,OP03-055_r1,PRB01/reprint/OP03-055_r1.png
1764,OP03-056,Sanji's Pilaf,3272,586201,101,market_number_eq_canonical_or_extracted;image_basename_number_agrees;set_code_match;rarity_match;parallel_variant_no_parallel_market_penalty;card_name_substring_product;source_tcgcsv,low,1,parallel_2,Parallel 2,OP03-056_p2,PRB01/parallel/OP03-056_p2.png
1765,OP03-056,Sanji's Pilaf,3272,586201,101,market_number_eq_canonical_or_extracted;image_basename_number_agrees;set_code_match;rarity_match;parallel_variant_no_parallel_market_penalty;card_name_substring_product;source_tcgcsv,low,1,parallel_3,Parallel 3,OP03-056_p3,PRB01/parallel/OP03-056_p3.png
1766,OP03-056,Sanji's Pilaf,3272,586201,101,market_number_eq_canonical_or_extracted;image_basename_number_agrees;set_code_match;rarity_match;parallel_variant_no_parallel_market_penalty;card_name_substring_product;source_tcgcsv,low,1,parallel_4,Parallel 4,OP03-056_p4,PRB01/parallel/OP03-056_p4.png
1768,OP03-056,Sanji's Pilaf,3272,586201,113,market_number_eq_canonical_or_extracted;image_basename_number_agrees;set_code_match;rarity_match;card_name_substring_product;source_tcgcsv,low,1,r1,R1,OP03-056_r1,PRB01/reprint/OP03-056_r1.png
1771,OP03-057,Three Thousand Worlds,3305,586598,101,market_number_eq_canonical_or_extracted;image_basename_number_agrees;set_code_match;rarity_match;parallel_variant_no_parallel_market_penalty;card_name_substring_product;source_tcgcsv,low,1,parallel_2,Parallel 2,OP03-057_p2,PRB01/parallel/OP03-057_p2.png
1772,OP03-057,Three Thousand Worlds,3305,586598,101,market_number_eq_canonical_or_extracted;image_basename_number_agrees;set_code_match;rarity_match;parallel_variant_no_parallel_market_penalty;card_name_substring_product;source_tcgcsv,low,1,parallel_3,Parallel 3,OP03-057_p3,PRB01/parallel/OP03-057_p3.png
1773,OP03-057,Three Thousand Worlds,3305,586598,101,market_number_eq_canonical_or_extracted;image_basename_number_agrees;set_code_match;rarity_match;parallel_variant_no_parallel_market_penalty;card_name_substring_product;source_tcgcsv,low,1,parallel_4,Parallel 4,OP03-057_p4,PRB01/parallel/OP03-057_p4.png
1775,OP03-057,Three Thousand Worlds,3305,586598,113,market_number_eq_canonical_or_extracted;image_basename_number_agrees;set_code_match;rarity_match;card_name_substring_product;source_tcgcsv,low,1,r1,R1,OP03-057_r1,PRB01/reprint/OP03-057_r1.png
1779,OP03-058,Iceburg,2001,498296,101,market_number_eq_canonical_or_extracted;image_basename_number_agrees;set_code_match;rarity_match;parallel_variant_no_parallel_market_penalty;card_name_substring_product;source_tcgcsv,low,1,parallel_1,Parallel 1,OP03-058_p1,OP03/parallel/OP03-058_p1.png
1784,OP03-060,Kalifa,3393,593309,101,market_number_eq_canonical_or_extracted;image_basename_number_agrees;set_code_match;rarity_match;parallel_variant_no_parallel_market_penalty;card_name_substring_product;source_tcgcsv,low,1,parallel_2,Parallel 2,OP03-060_p2,PRB01/parallel/OP03-060_p2.png
1785,OP03-060,Kalifa,3393,593309,101,market_number_eq_canonical_or_extracted;image_basename_number_agrees;set_code_match;rarity_match;parallel_variant_no_parallel_market_penalty;card_name_substring_product;source_tcgcsv,low,1,parallel_3,Parallel 3,OP03-060_p3,PRB01/parallel/OP03-060_p3.png
1787,OP03-060,Kalifa,3393,593309,113,market_number_eq_canonical_or_extracted;image_basename_number_agrees;set_code_match;rarity_match;card_name_substring_product;source_tcgcsv,low,1,r1,R1,OP03-060_r1,PRB01/reprint/OP03-060_r1.png
1801,OP03-066,Paulie,2022,499399,101,market_number_eq_canonical_or_extracted;image_basename_number_agrees;set_code_match;rarity_match;parallel_variant_no_parallel_market_penalty;card_name_substring_product;source_tcgcsv,low,1,parallel_1,Parallel 1,OP03-066_p1,OP03/parallel/OP03-066_p1.png
1816,OP03-072,Gum-Gum Jet Gatling,4823,656018,101,market_number_eq_canonical_or_extracted;image_basename_number_agrees;set_code_match;rarity_match;parallel_variant_no_parallel_market_penalty;card_name_substring_product;source_tcgcsv,low,1,parallel_1,Parallel 1,OP03-072_p1,PRB02/parallel/OP03-072_p1.png
1818,OP03-072,Gum-Gum Jet Gatling,4823,656018,113,market_number_eq_canonical_or_extracted;image_basename_number_agrees;set_code_match;rarity_match;card_name_substring_product;source_tcgcsv,low,1,r1,R1,OP03-072_r1,PRB02/reprint/OP03-072_r1.png
1828,OP03-076,Rob Lucci,2007,498485,101,market_number_eq_canonical_or_extracted;image_basename_number_agrees;set_code_match;rarity_match;parallel_variant_no_parallel_market_penalty;card_name_substring_product;source_tcgcsv,low,1,parallel_1,Parallel 1,OP03-076_p1,OP03/parallel/OP03-076_p1.png
1832,OP03-077,Charlotte Linlin,2003,498481,101,market_number_eq_canonical_or_extracted;image_basename_number_agrees;set_code_match;rarity_match;parallel_variant_no_parallel_market_penalty;card_name_substring_product;source_tcgcsv,low,1,parallel_1,Parallel 1,OP03-077_p1,OP03/parallel/OP03-077_p1.png
1836,OP03-078,Issho,2024,499497,89,market_number_eq_canonical_or_extracted;image_basename_number_agrees;set_code_match;parallel_variant_no_parallel_market_penalty;card_name_substring_product;source_tcgcsv,low,1,parallel_1,Parallel 1,OP03-078_p1,OP03/parallel/OP03-078_p1.png
1838,OP03-078,Issho,2024,499497,89,market_number_eq_canonical_or_extracted;set_code_match;card_name_substring_product;source_tcgcsv,low,1,sp,S P,OP03-078::s p,thumbs/OP03-078SP.webp
1841,OP03-079,Vergo,3395,593311,101,market_number_eq_canonical_or_extracted;image_basename_number_agrees;set_code_match;rarity_match;parallel_variant_no_parallel_market_penalty;card_name_substring_product;source_tcgcsv,low,1,parallel_3,Parallel 3,OP03-079_p3,PRB01/parallel/OP03-079_p3.png
1842,OP03-079,Vergo,3395,593311,101,market_number_eq_canonical_or_extracted;image_basename_number_agrees;set_code_match;rarity_match;parallel_variant_no_parallel_market_penalty;card_name_substring_product;source_tcgcsv,low,1,parallel_4,Parallel 4,OP03-079_p4,PRB01/parallel/OP03-079_p4.png
1845,OP03-079,Vergo,3395,593311,113,market_number_eq_canonical_or_extracted;image_basename_number_agrees;set_code_match;rarity_match;card_name_substring_product;source_tcgcsv,low,1,r2,R2,OP03-079_r2,PRB01/reprint/OP03-079_r2.png
1849,OP03-080,Kaku,2090,500017,101,market_number_eq_canonical_or_extracted;image_basename_number_agrees;set_code_match;rarity_match;parallel_variant_no_parallel_market_penalty;card_name_substring_product;source_tcgcsv,low,1,parallel_1,Parallel 1,OP03-080_p1,OP03/parallel/OP03-080_p1.png
1854,OP03-081,Kalifa,2092,500019,101,market_number_eq_canonical_or_extracted;image_basename_number_agrees;set_code_match;rarity_match;parallel_variant_no_parallel_market_penalty;card_name_substring_product;source_tcgcsv,low,1,parallel_1,Parallel 1,OP03-081_p1,OP03/parallel/OP03-081_p1.png
1866,OP03-086,Spandam,2098,500030,101,market_number_eq_canonical_or_extracted;image_basename_number_agrees;set_code_match;rarity_match;parallel_variant_no_parallel_market_penalty;card_name_substring_product;source_tcgcsv,low,1,parallel_1,Parallel 1,OP03-086_p1,OP03/parallel/OP03-086_p1.png
1880,OP03-089,Brannew,3317,586718,101,market_number_eq_canonical_or_extracted;image_basename_number_agrees;set_code_match;rarity_match;parallel_variant_no_parallel_market_penalty;card_name_substring_product;source_tcgcsv,low,1,parallel_4,Parallel 4,OP03-089_p4,PRB01/parallel/OP03-089_p4.png
1881,OP03-089,Brannew,3317,586718,101,market_number_eq_canonical_or_extracted;image_basename_number_agrees;set_code_match;rarity_match;parallel_variant_no_parallel_market_penalty;card_name_substring_product;source_tcgcsv,low,1,parallel_5,Parallel 5,OP03-089_p5,PRB01/parallel/OP03-089_p5.png
1882,OP03-089,Brannew,3317,586718,101,market_number_eq_canonical_or_extracted;image_basename_number_agrees;set_code_match;rarity_match;parallel_variant_no_parallel_market_penalty;card_name_substring_product;source_tcgcsv,low,1,parallel_6,Parallel 6,OP03-089_p6,PRB01/parallel/OP03-089_p6.png
1886,OP03-089,Brannew,3317,586718,113,market_number_eq_canonical_or_extracted;image_basename_number_agrees;set_code_match;rarity_match;card_name_substring_product;source_tcgcsv,low,1,r2,R2,OP03-089_r2,PRB01/reprint/OP03-089_r2.png
1895,OP03-092,Rob Lucci,2105,500040,89,market_number_eq_canonical_or_extracted;image_basename_number_agrees;set_code_match;parallel_variant_no_parallel_market_penalty;card_name_substring_product;source_tcgcsv,low,1,parallel_1,Parallel 1,OP03-092_p1,OP03/parallel/OP03-092_p1.png
1901,OP03-094,Air Door,3398,593316,101,market_number_eq_canonical_or_extracted;image_basename_number_agrees;set_code_match;rarity_match;parallel_variant_no_parallel_market_penalty;card_name_substring_product;source_tcgcsv,low,1,parallel_2,Parallel 2,OP03-094_p2,PRB01/parallel/OP03-094_p2.png
1902,OP03-094,Air Door,3398,593316,101,market_number_eq_canonical_or_extracted;image_basename_number_agrees;set_code_match;rarity_match;parallel_variant_no_parallel_market_penalty;card_name_substring_product;source_tcgcsv,low,1,parallel_3,Parallel 3,OP03-094_p3,PRB01/parallel/OP03-094_p3.png
1903,OP03-094,Air Door,3398,593316,113,market_number_eq_canonical_or_extracted;image_basename_number_agrees;set_code_match;rarity_match;card_name_substring_product;source_tcgcsv,low,1,r1,R1,OP03-094_r1,PRB01/reprint/OP03-094_r1.png
1916,OP03-099,Charlotte Katakuri,2005,498483,101,market_number_eq_canonical_or_extracted;image_basename_number_agrees;set_code_match;rarity_match;parallel_variant_no_parallel_market_penalty;card_name_substring_product;source_tcgcsv,low,1,parallel_1,Parallel 1,OP03-099_p1,OP03/parallel/OP03-099_p1.png
1944,OP03-108,Charlotte Cracker,2120,500077,101,market_number_eq_canonical_or_extracted;image_basename_number_agrees;set_code_match;rarity_match;parallel_variant_no_parallel_market_penalty;card_name_substring_product;source_tcgcsv,low,1,parallel_1,Parallel 1,OP03-108_p1,OP03/parallel/OP03-108_p1.png
1945,OP03-108,Charlotte Cracker,3301,586594,101,market_number_eq_canonical_or_extracted;image_basename_number_agrees;set_code_match;rarity_match;parallel_variant_no_parallel_market_penalty;card_name_substring_product;source_tcgcsv,low,1,parallel_3,Parallel 3,OP03-108_p3,PRB01/parallel/OP03-108_p3.png
1947,OP03-108,Charlotte Cracker,3301,586594,113,market_number_eq_canonical_or_extracted;image_basename_number_agrees;set_code_match;rarity_match;card_name_substring_product;source_tcgcsv,low,1,r1,R1,OP03-108_r1,PRB01/reprint/OP03-108_r1.png
1952,OP03-110,Charlotte Smoothie,3302,586595,101,market_number_eq_canonical_or_extracted;image_basename_number_agrees;set_code_match;rarity_match;parallel_variant_no_parallel_market_penalty;card_name_substring_product;source_tcgcsv,low,1,parallel_3,Parallel 3,OP03-110_p3,PRB01/parallel/OP03-110_p3.png
1953,OP03-110,Charlotte Smoothie,3302,586595,101,market_number_eq_canonical_or_extracted;image_basename_number_agrees;set_code_match;rarity_match;parallel_variant_no_parallel_market_penalty;card_name_substring_product;source_tcgcsv,low,1,parallel_4,Parallel 4,OP03-110_p4,PRB01/parallel/OP03-110_p4.png
1954,OP03-110,Charlotte Smoothie,3302,586595,101,market_number_eq_canonical_or_extracted;image_basename_number_agrees;set_code_match;rarity_match;parallel_variant_no_parallel_market_penalty;card_name_substring_product;source_tcgcsv,low,1,parallel_5,Parallel 5,OP03-110_p5,PRB01/parallel/OP03-110_p5.png
1958,OP03-110,Charlotte Smoothie,3302,586595,113,market_number_eq_canonical_or_extracted;image_basename_number_agrees;set_code_match;rarity_match;card_name_substring_product;source_tcgcsv,low,1,r2,R2,OP03-110_r2,PRB01/reprint/OP03-110_r2.png
1966,OP03-112,Charlotte Pudding,2125,500085,89,market_number_eq_canonical_or_extracted;image_basename_number_agrees;set_code_match;parallel_variant_no_parallel_market_penalty;card_name_substring_product;source_tcgcsv,low,1,parallel_1,Parallel 1,OP03-112_p1,OP03/parallel/OP03-112_p1.png
1967,OP03-112,Charlotte Pudding,2125,500085,89,market_number_eq_canonical_or_extracted;image_basename_number_agrees;set_code_match;parallel_variant_no_parallel_market_penalty;card_name_substring_product;source_tcgcsv,low,1,parallel_2,Parallel 2,OP03-112_p2,_unclassified/parallel/OP03-112_p2.png
1968,OP03-112,Charlotte Pudding,2125,500085,89,market_number_eq_canonical_or_extracted;image_basename_number_agrees;set_code_match;parallel_variant_no_parallel_market_penalty;card_name_substring_product;source_tcgcsv,low,1,parallel_3,Parallel 3,OP03-112_p3,TP2024OD/parallel/OP03-112_p3.png
1970,OP03-112,Charlotte Pudding,2125,500085,89,market_number_eq_canonical_or_extracted;image_basename_number_agrees;set_code_match;parallel_variant_no_parallel_market_penalty;card_name_substring_product;source_tcgcsv,low,1,parallel_6,Parallel 6,OP03-112_p6,CS2526CP/parallel/OP03-112_p6.png
1972,OP03-112,Charlotte Pudding,2125,500085,89,market_number_eq_canonical_or_extracted;set_code_match;card_name_substring_product;source_tcgcsv,low,1,sp,S P,OP03-112::s p,thumbs/OP03-112SP.webp
1976,OP03-113,Charlotte Perospero,2127,500088,101,market_number_eq_canonical_or_extracted;image_basename_number_agrees;set_code_match;rarity_match;parallel_variant_no_parallel_market_penalty;card_name_substring_product;source_tcgcsv,low,1,parallel_1,Parallel 1,OP03-113_p1,OP03/parallel/OP03-113_p1.png
1977,OP03-113,Charlotte Perospero,3304,586597,101,market_number_eq_canonical_or_extracted;image_basename_number_agrees;set_code_match;rarity_match;parallel_variant_no_parallel_market_penalty;card_name_substring_product;source_tcgcsv,low,1,parallel_3,Parallel 3,OP03-113_p3,PRB01/parallel/OP03-113_p3.png
1979,OP03-113,Charlotte Perospero,3304,586597,113,market_number_eq_canonical_or_extracted;image_basename_number_agrees;set_code_match;rarity_match;card_name_substring_product;source_tcgcsv,low,1,r1,R1,OP03-113_r1,PRB01/reprint/OP03-113_r1.png
1984,OP03-114,Charlotte Linlin,2129,500092,89,market_number_eq_canonical_or_extracted;set_code_match;card_name_substring_product;source_tcgcsv,low,1,sp,Alt SP,OP03-114::alt sp,thumbs/OP03-114alt(SP).webp
1985,OP03-114,Charlotte Linlin,2129,500092,89,market_number_eq_canonical_or_extracted;image_basename_number_agrees;set_code_match;parallel_variant_no_parallel_market_penalty;card_name_substring_product;source_tcgcsv,low,1,parallel_1,Parallel 1,OP03-114_p1,OP03/parallel/OP03-114_p1.png
1987,OP03-114,Charlotte Linlin,2129,500092,89,market_number_eq_canonical_or_extracted;image_basename_number_agrees;set_code_match;parallel_variant_no_parallel_market_penalty;card_name_substring_product;source_tcgcsv,low,1,parallel_3,Parallel 3,OP03-114_p3,_unclassified/parallel/OP03-114_p3.png
1998,OP03-116,Shirahoshi,3418,593473,101,market_number_eq_canonical_or_extracted;image_basename_number_agrees;set_code_match;rarity_match;parallel_variant_no_parallel_market_penalty;card_name_substring_product;source_tcgcsv,low,1,parallel_5,Parallel 5,OP03-116_p5,PRB01/parallel/OP03-116_p5.png
1999,OP03-116,Shirahoshi,3418,593473,101,market_number_eq_canonical_or_extracted;image_basename_number_agrees;set_code_match;rarity_match;parallel_variant_no_parallel_market_penalty;card_name_substring_product;source_tcgcsv,low,1,parallel_6,Parallel 6,OP03-116_p6,PRB01/parallel/OP03-116_p6.png
2001,OP03-116,Shirahoshi,3418,593473,113,market_number_eq_canonical_or_extracted;image_basename_number_agrees;set_code_match;rarity_match;card_name_substring_product;source_tcgcsv,low,1,r1,R1,OP03-116_r1,PRB01/reprint/OP03-116_r1.png
2015,OP03-121,Thunder Bolt,3400,593358,101,market_number_eq_canonical_or_extracted;image_basename_number_agrees;set_code_match;rarity_match;parallel_variant_no_parallel_market_penalty;card_name_substring_product;source_tcgcsv,low,1,parallel_3,Parallel 3,OP03-121_p3,PRB01/parallel/OP03-121_p3.png
2016,OP03-121,Thunder Bolt,3400,593358,101,market_number_eq_canonical_or_extracted;image_basename_number_agrees;set_code_match;rarity_match;parallel_variant_no_parallel_market_penalty;card_name_substring_product;source_tcgcsv,low,1,parallel_4,Parallel 4,OP03-121_p4,PRB01/parallel/OP03-121_p4.png
2018,OP03-121,Thunder Bolt,1204,546677,67,market_number_eq_canonical_or_extracted;image_basename_number_agrees;set_code_mismatch_penalty;rarity_match;card_name_substring_product;source_tcgcsv,low,1,r1,R1,OP03-121_r1,ST20/reprint/OP03-121_r1.png
2019,OP03-121,Thunder Bolt,3400,593358,113,market_number_eq_canonical_or_extracted;image_basename_number_agrees;set_code_match;rarity_match;card_name_substring_product;source_tcgcsv,low,1,r2,R2,OP03-121_r2,PRB01/reprint/OP03-121_r2.png
2022,OP03-122,Sogeking,2138,500116,127,market_number_eq_canonical_or_extracted;image_basename_number_agrees;set_code_match;rarity_match;alt_art_signal;card_name_substring_product;source_tcgcsv,low,1,alt,Alt,OP03-122::alt,thumbs/OP03-122_Alt.webp
2023,OP03-122,Sogeking,2138,500116,113,market_number_eq_canonical_or_extracted;image_basename_number_agrees;set_code_match;rarity_match;card_name_substring_product;source_tcgcsv,low,1,mr,Manga,OP03-122::manga,thumbs/OP03-122 Manga Rare.webp
2024,OP03-122,Sogeking,2138,500116,101,market_number_eq_canonical_or_extracted;image_basename_number_agrees;set_code_match;rarity_match;parallel_variant_no_parallel_market_penalty;card_name_substring_product;source_tcgcsv,low,1,parallel_1,Parallel 1,OP03-122_p1,OP03/parallel/OP03-122_p1.png
2025,OP03-122,Sogeking,2138,500116,101,market_number_eq_canonical_or_extracted;image_basename_number_agrees;set_code_match;rarity_match;parallel_variant_no_parallel_market_penalty;card_name_substring_product;source_tcgcsv,low,1,parallel_2,Parallel 2,OP03-122_p2,OP03/parallel/OP03-122_p2.png
2031,OP03-123,Charlotte Katakuri,2140,500120,101,market_number_eq_canonical_or_extracted;image_basename_number_agrees;set_code_match;rarity_match;parallel_variant_no_parallel_market_penalty;card_name_substring_product;source_tcgcsv,low,1,parallel_1,Parallel 1,OP03-123_p1,OP03/parallel/OP03-123_p1.png
2032,OP03-123,Charlotte Katakuri,2140,500120,101,market_number_eq_canonical_or_extracted;image_basename_number_agrees;set_code_match;rarity_match;parallel_variant_no_parallel_market_penalty;card_name_substring_product;source_tcgcsv,low,1,parallel_2,Parallel 2,OP03-123_p2,_unclassified/parallel/OP03-123_p2.png
2033,OP03-123,Charlotte Katakuri,3339,586895,101,market_number_eq_canonical_or_extracted;image_basename_number_agrees;set_code_match;rarity_match;parallel_variant_no_parallel_market_penalty;card_name_substring_product;source_tcgcsv,low,1,parallel_4,Parallel 4,OP03-123_p4,PRB01/parallel/OP03-123_p4.png
2035,OP03-123,Charlotte Katakuri,3339,586895,113,market_number_eq_canonical_or_extracted;image_basename_number_agrees;set_code_match;rarity_match;card_name_substring_product;source_tcgcsv,low,1,r1,R1,OP03-123_r1,PRB01/reprint/OP03-123_r1.png
2039,OP04-001,Nefeltari Vivi,2209,510762,101,market_number_eq_canonical_or_extracted;image_basename_number_agrees;set_code_match;rarity_match;parallel_variant_no_parallel_market_penalty;card_name_substring_product;source_tcgcsv,low,1,parallel_1,Parallel 1,OP04-001_p1,OP04/parallel/OP04-001_p1.png
2068,OP04-013,Pell,2221,512612,101,market_number_eq_canonical_or_extracted;image_basename_number_agrees;set_code_match;rarity_match;parallel_variant_no_parallel_market_penalty;card_name_substring_product;source_tcgcsv,low,1,parallel_1,Parallel 1,OP04-013_p1,OP04/parallel/OP04-013_p1.png
2075,OP04-016,Bad Manners Kick Course,4826,656021,101,market_number_eq_canonical_or_extracted;image_basename_number_agrees;set_code_match;rarity_match;parallel_variant_no_parallel_market_penalty;card_name_substring_product;source_tcgcsv,low,1,parallel_1,Parallel 1,OP04-016_p1,PRB02/parallel/OP04-016_p1.png
2077,OP04-016,Bad Manners Kick Course,4826,656021,113,market_number_eq_canonical_or_extracted;image_basename_number_agrees;set_code_match;rarity_match;card_name_substring_product;source_tcgcsv,low,1,r1,R1,OP04-016_r1,PRB02/reprint/OP04-016_r1.png
2085,OP04-019,Donquixote Doflamingo,2211,510896,101,market_number_eq_canonical_or_extracted;image_basename_number_agrees;set_code_match;rarity_match;parallel_variant_no_parallel_market_penalty;card_name_substring_product;source_tcgcsv,low,1,parallel_1,Parallel 1,OP04-019_p1,OP04/parallel/OP04-019_p1.png
2089,OP04-020,Issho,2215,510995,101,market_number_eq_canonical_or_extracted;image_basename_number_agrees;set_code_match;rarity_match;parallel_variant_no_parallel_market_penalty;card_name_substring_product;source_tcgcsv,low,1,parallel_1,Parallel 1,OP04-020_p1,OP04/parallel/OP04-020_p1.png
2099,OP04-024,Sugar,2223,512875,89,market_number_eq_canonical_or_extracted;set_code_match;card_name_substring_product;source_tcgcsv,low,1,sp,Alt SP,OP04-024::alt sp,thumbs/OP04-024alt(SP).webp
2100,OP04-024,Sugar,2223,512875,89,market_number_eq_canonical_or_extracted;image_basename_number_agrees;set_code_match;parallel_variant_no_parallel_market_penalty;card_name_substring_product;source_tcgcsv,low,1,parallel_1,Parallel 1,OP04-024_p1,OP04/parallel/OP04-024_p1.png
2111,OP04-028,Diamante,2225,512959,101,market_number_eq_canonical_or_extracted;image_basename_number_agrees;set_code_match;rarity_match;parallel_variant_no_parallel_market_penalty;card_name_substring_product;source_tcgcsv,low,1,parallel_1,Parallel 1,OP04-028_p1,OP04/parallel/OP04-028_p1.png
2114,OP04-029,Dellinger,3401,593361,101,market_number_eq_canonical_or_extracted;image_basename_number_agrees;set_code_match;rarity_match;parallel_variant_no_parallel_market_penalty;card_name_substring_product;source_tcgcsv,low,1,parallel_2,Parallel 2,OP04-029_p2,PRB01/parallel/OP04-029_p2.png
2115,OP04-029,Dellinger,3401,593361,101,market_number_eq_canonical_or_extracted;image_basename_number_agrees;set_code_match;rarity_match;parallel_variant_no_parallel_market_penalty;card_name_substring_product;source_tcgcsv,low,1,parallel_3,Parallel 3,OP04-029_p3,PRB01/parallel/OP04-029_p3.png
2117,OP04-029,Dellinger,3401,593361,113,market_number_eq_canonical_or_extracted;image_basename_number_agrees;set_code_match;rarity_match;card_name_substring_product;source_tcgcsv,low,1,r1,R1,OP04-029_r1,PRB01/reprint/OP04-029_r1.png
2121,OP04-030,Trebol,2227,513306,101,market_number_eq_canonical_or_extracted;image_basename_number_agrees;set_code_match;rarity_match;parallel_variant_no_parallel_market_penalty;card_name_substring_product;source_tcgcsv,low,1,parallel_1,Parallel 1,OP04-030_p1,OP04/parallel/OP04-030_p1.png
2125,OP04-031,Donquixote Doflamingo,2229,513464,101,market_number_eq_canonical_or_extracted;image_basename_number_agrees;set_code_match;rarity_match;parallel_variant_no_parallel_market_penalty;card_name_substring_product;source_tcgcsv,low,1,parallel_1,Parallel 1,OP04-031_p1,OP04/parallel/OP04-031_p1.png
2126,OP04-031,Donquixote Doflamingo,3341,586897,101,market_number_eq_canonical_or_extracted;image_basename_number_agrees;set_code_match;rarity_match;parallel_variant_no_parallel_market_penalty;card_name_substring_product;source_tcgcsv,low,1,parallel_3,Parallel 3,OP04-031_p3,PRB01/parallel/OP04-031_p3.png
2128,OP04-031,Donquixote Doflamingo,3341,586897,113,market_number_eq_canonical_or_extracted;image_basename_number_agrees;set_code_match;rarity_match;card_name_substring_product;source_tcgcsv,low,1,r1,R1,OP04-031_r1,PRB01/reprint/OP04-031_r1.png
2132,OP04-032,Baby 5,3411,593438,101,market_number_eq_canonical_or_extracted;image_basename_number_agrees;set_code_match;rarity_match;parallel_variant_no_parallel_market_penalty;card_name_substring_product;source_tcgcsv,low,1,parallel_2,Parallel 2,OP04-032_p2,PRB01/parallel/OP04-032_p2.png
2133,OP04-032,Baby 5,3411,593438,101,market_number_eq_canonical_or_extracted;image_basename_number_agrees;set_code_match;rarity_match;parallel_variant_no_parallel_market_penalty;card_name_substring_product;source_tcgcsv,low,1,parallel_3,Parallel 3,OP04-032_p3,PRB01/parallel/OP04-032_p3.png
2136,OP04-032,Baby 5,3411,593438,113,market_number_eq_canonical_or_extracted;image_basename_number_agrees;set_code_match;rarity_match;card_name_substring_product;source_tcgcsv,low,1,r1,R1,OP04-032_r1,PRB01/reprint/OP04-032_r1.png
2145,OP04-036,Donquixote Family,3403,593430,101,market_number_eq_canonical_or_extracted;image_basename_number_agrees;set_code_match;rarity_match;parallel_variant_no_parallel_market_penalty;card_name_substring_product;source_tcgcsv,low,1,parallel_2,Parallel 2,OP04-036_p2,PRB01/parallel/OP04-036_p2.png
2146,OP04-036,Donquixote Family,3403,593430,101,market_number_eq_canonical_or_extracted;image_basename_number_agrees;set_code_match;rarity_match;parallel_variant_no_parallel_market_penalty;card_name_substring_product;source_tcgcsv,low,1,parallel_3,Parallel 3,OP04-036_p3,PRB01/parallel/OP04-036_p3.png
2147,OP04-036,Donquixote Family,3403,593430,113,market_number_eq_canonical_or_extracted;image_basename_number_agrees;set_code_match;rarity_match;card_name_substring_product;source_tcgcsv,low,1,r1,R1,OP04-036_r1,PRB01/reprint/OP04-036_r1.png
2155,OP04-039,Rebecca,2213,510993,101,market_number_eq_canonical_or_extracted;image_basename_number_agrees;set_code_match;rarity_match;parallel_variant_no_parallel_market_penalty;card_name_substring_product;source_tcgcsv,low,1,parallel_1,Parallel 1,OP04-039_p1,OP04/parallel/OP04-039_p1.png
2159,OP04-040,Queen,2217,511397,101,market_number_eq_canonical_or_extracted;image_basename_number_agrees;set_code_match;rarity_match;parallel_variant_no_parallel_market_penalty;card_name_substring_product;source_tcgcsv,low,1,parallel_1,Parallel 1,OP04-040_p1,OP04/parallel/OP04-040_p1.png
2171,OP04-044,Kaido,2231,513822,101,market_number_eq_canonical_or_extracted;image_basename_number_agrees;set_code_match;rarity_match;parallel_variant_no_parallel_market_penalty;card_name_substring_product;source_tcgcsv,low,1,parallel_1,Parallel 1,OP04-044_p1,OP04/parallel/OP04-044_p1.png
2173,OP04-044,Kaido,3280,586543,101,market_number_eq_canonical_or_extracted;image_basename_number_agrees;set_code_match;rarity_match;parallel_variant_no_parallel_market_penalty;card_name_substring_product;source_tcgcsv,low,1,parallel_4,Parallel 4,OP04-044_p4,PRB01/parallel/OP04-044_p4.png
2175,OP04-044,Kaido,3280,586543,113,market_number_eq_canonical_or_extracted;image_basename_number_agrees;set_code_match;rarity_match;card_name_substring_product;source_tcgcsv,low,1,r1,R1,OP04-044_r1,PRB01/reprint/OP04-044_r1.png
2191,OP04-051,Who's.Who,2234,514030,101,market_number_eq_canonical_or_extracted;image_basename_number_agrees;set_code_match;rarity_match;parallel_variant_no_parallel_market_penalty;card_name_substring_product;source_tcgcsv,low,1,parallel_1,Parallel 1,OP04-051_p1,OP04/parallel/OP04-051_p1.png
2202,OP04-056,Gum-Gum Red Roc,3270,586197,101,market_number_eq_canonical_or_extracted;image_basename_number_agrees;set_code_match;rarity_match;parallel_variant_no_parallel_market_penalty;card_name_substring_product;source_tcgcsv,low,1,parallel_2,Parallel 2,OP04-056_p2,PRB01/parallel/OP04-056_p2.png
2203,OP04-056,Gum-Gum Red Roc,3270,586197,101,market_number_eq_canonical_or_extracted;image_basename_number_agrees;set_code_match;rarity_match;parallel_variant_no_parallel_market_penalty;card_name_substring_product;source_tcgcsv,low,1,parallel_3,Parallel 3,OP04-056_p3,PRB01/parallel/OP04-056_p3.png
2204,OP04-056,Gum-Gum Red Roc,3270,586197,101,market_number_eq_canonical_or_extracted;image_basename_number_agrees;set_code_match;rarity_match;parallel_variant_no_parallel_market_penalty;card_name_substring_product;source_tcgcsv,low,1,parallel_4,Parallel 4,OP04-056_p4,PRB01/parallel/OP04-056_p4.png
2206,OP04-056,Gum-Gum Red Roc,3270,586197,113,market_number_eq_canonical_or_extracted;image_basename_number_agrees;set_code_match;rarity_match;card_name_substring_product;source_tcgcsv,low,1,r1,R1,OP04-056_r1,PRB01/reprint/OP04-056_r1.png
2212,OP04-058,Crocodile,2219,511765,101,market_number_eq_canonical_or_extracted;image_basename_number_agrees;set_code_match;rarity_match;parallel_variant_no_parallel_market_penalty;card_name_substring_product;source_tcgcsv,low,1,parallel_1,Parallel 1,OP04-058_p1,OP04/parallel/OP04-058_p1.png
2218,OP04-060,Crocodile,2238,514247,101,market_number_eq_canonical_or_extracted;image_basename_number_agrees;set_code_match;rarity_match;parallel_variant_no_parallel_market_penalty;card_name_substring_product;source_tcgcsv,low,1,parallel_1,Parallel 1,OP04-060_p1,OP04/parallel/OP04-060_p1.png
2228,OP04-064,Ms. All Sunday,2236,514245,89,market_number_eq_canonical_or_extracted;set_code_match;card_name_substring_product;source_tcgcsv,low,1,sp,Alt SP,OP04-064::alt sp,thumbs/OP04-064alt(SP).webp
2229,OP04-064,Ms. All Sunday,2236,514245,89,market_number_eq_canonical_or_extracted;image_basename_number_agrees;set_code_match;parallel_variant_no_parallel_market_penalty;card_name_substring_product;source_tcgcsv,low,1,parallel_1,Parallel 1,OP04-064_p1,OP04/parallel/OP04-064_p1.png
2248,OP04-072,Mr.5(Gem),2240,514253,97,market_number_eq_canonical_or_extracted;image_basename_number_agrees;set_code_match;rarity_match;parallel_variant_no_parallel_market_penalty;name_token_overlap;source_tcgcsv,low,1,parallel_1,Parallel 1,OP04-072_p1,OP04/parallel/OP04-072_p1.png
2259,OP04-077,Ideo,4837,656033,101,market_number_eq_canonical_or_extracted;image_basename_number_agrees;set_code_match;rarity_match;parallel_variant_no_parallel_market_penalty;card_name_substring_product;source_tcgcsv,low,1,parallel_1,Parallel 1,OP04-077_p1,PRB02/parallel/OP04-077_p1.png
2260,OP04-077,Ideo,4837,656033,113,market_number_eq_canonical_or_extracted;image_basename_number_agrees;set_code_match;rarity_match;card_name_substring_product;source_tcgcsv,low,1,r1,R1,OP04-077_r1,PRB02/reprint/OP04-077_r1.png
2272,OP04-082,Kyros,2242,514436,101,market_number_eq_canonical_or_extracted;image_basename_number_agrees;set_code_match;rarity_match;parallel_variant_no_parallel_market_penalty;card_name_substring_product;source_tcgcsv,low,1,parallel_1,Parallel 1,OP04-082_p1,OP04/parallel/OP04-082_p1.png
2275,OP04-083,Sabo,2244,514543,113,market_number_eq_canonical_or_extracted;image_basename_number_agrees;set_code_match;rarity_match;card_name_substring_product;source_tcgcsv,low,1,promo,2Nd Anniversary Alt,OP04-083::2nd anniversary alt,thumbs/OP04-083(2nd Anniversary alt).webp
2276,OP04-083,Sabo,2245,514544,127,market_number_eq_canonical_or_extracted;image_basename_number_agrees;set_code_match;rarity_match;alt_art_signal;card_name_substring_product;source_tcgcsv,low,1,alt,Alt,OP04-083::alt,thumbs/OP04-083(alt).webp
2277,OP04-083,Sabo,2245,514544,127,market_number_eq_canonical_or_extracted;image_basename_number_agrees;set_code_match;rarity_match;alt_art_signal;card_name_substring_product;source_tcgcsv,low,1,alt,Alt Art 2,OP04-083::alt art 2,thumbs/OP04-083(alt2).webp
2278,OP04-083,Sabo,2244,514543,113,market_number_eq_canonical_or_extracted;image_basename_number_agrees;set_code_match;rarity_match;card_name_substring_product;source_tcgcsv,low,1,mr,Manga,OP04-083::manga,thumbs/OP04-083 Manga Rare.webp
2279,OP04-083,Sabo,2244,514543,101,market_number_eq_canonical_or_extracted;image_basename_number_agrees;set_code_match;rarity_match;parallel_variant_no_parallel_market_penalty;card_name_substring_product;source_tcgcsv,low,1,parallel_1,Parallel 1,OP04-083_p1,OP04/parallel/OP04-083_p1.png
2280,OP04-083,Sabo,2244,514543,101,market_number_eq_canonical_or_extracted;image_basename_number_agrees;set_code_match;rarity_match;parallel_variant_no_parallel_market_penalty;card_name_substring_product;source_tcgcsv,low,1,parallel_2,Parallel 2,OP04-083_p2,OP04/parallel/OP04-083_p2.png
2281,OP04-083,Sabo,2244,514543,101,market_number_eq_canonical_or_extracted;image_basename_number_agrees;set_code_match;rarity_match;parallel_variant_no_parallel_market_penalty;card_name_substring_product;source_tcgcsv,low,1,parallel_3,Parallel 3,OP04-083_p3,_unclassified/parallel/OP04-083_p3.png
2282,OP04-083,Sabo,2244,514543,101,market_number_eq_canonical_or_extracted;image_basename_number_agrees;set_code_match;rarity_match;parallel_variant_no_parallel_market_penalty;card_name_substring_product;source_tcgcsv,low,1,parallel_5,Parallel 5,OP04-083_p5,ANN2JP/parallel/OP04-083_p5.png
2297,OP04-089,Bartolomeo,3309,586602,101,market_number_eq_canonical_or_extracted;image_basename_number_agrees;set_code_match;rarity_match;parallel_variant_no_parallel_market_penalty;card_name_substring_product;source_tcgcsv,low,1,parallel_2,Parallel 2,OP04-089_p2,PRB01/parallel/OP04-089_p2.png
2298,OP04-089,Bartolomeo,3309,586602,101,market_number_eq_canonical_or_extracted;image_basename_number_agrees;set_code_match;rarity_match;parallel_variant_no_parallel_market_penalty;card_name_substring_product;source_tcgcsv,low,1,parallel_3,Parallel 3,OP04-089_p3,PRB01/parallel/OP04-089_p3.png
2299,OP04-089,Bartolomeo,3309,586602,101,market_number_eq_canonical_or_extracted;image_basename_number_agrees;set_code_match;rarity_match;parallel_variant_no_parallel_market_penalty;card_name_substring_product;source_tcgcsv,low,1,parallel_4,Parallel 4,OP04-089_p4,PRB01/parallel/OP04-089_p4.png
2302,OP04-089,Bartolomeo,3309,586602,113,market_number_eq_canonical_or_extracted;image_basename_number_agrees;set_code_match;rarity_match;card_name_substring_product;source_tcgcsv,low,1,r1,R1,OP04-089_r1,PRB01/reprint/OP04-089_r1.png
2307,OP04-090,Monkey.D.Luffy,2246,515278,101,market_number_eq_canonical_or_extracted;image_basename_number_agrees;set_code_match;rarity_match;parallel_variant_no_parallel_market_penalty;card_name_substring_product;source_tcgcsv,low,1,parallel_1,Parallel 1,OP04-090_p1,OP04/parallel/OP04-090_p1.png
2324,OP04-095,Barrier!!,3405,593432,101,market_number_eq_canonical_or_extracted;image_basename_number_agrees;set_code_match;rarity_match;parallel_variant_no_parallel_market_penalty;card_name_substring_product;source_tcgcsv,low,1,parallel_2,Parallel 2,OP04-095_p2,PRB01/parallel/OP04-095_p2.png
2325,OP04-095,Barrier!!,3405,593432,101,market_number_eq_canonical_or_extracted;image_basename_number_agrees;set_code_match;rarity_match;parallel_variant_no_parallel_market_penalty;card_name_substring_product;source_tcgcsv,low,1,parallel_3,Parallel 3,OP04-095_p3,PRB01/parallel/OP04-095_p3.png
2326,OP04-095,Barrier!!,3405,593432,113,market_number_eq_canonical_or_extracted;image_basename_number_agrees;set_code_match;rarity_match;card_name_substring_product;source_tcgcsv,low,1,r1,R1,OP04-095_r1,PRB01/reprint/OP04-095_r1.png
2329,OP04-096,Corrida Coliseum,4848,656044,101,market_number_eq_canonical_or_extracted;image_basename_number_agrees;set_code_match;rarity_match;parallel_variant_no_parallel_market_penalty;card_name_substring_product;source_tcgcsv,low,1,parallel_1,Parallel 1,OP04-096_p1,PRB02/parallel/OP04-096_p1.png
2330,OP04-096,Corrida Coliseum,4848,656044,113,market_number_eq_canonical_or_extracted;image_basename_number_agrees;set_code_match;rarity_match;card_name_substring_product;source_tcgcsv,low,1,r1,R1,OP04-096_r1,PRB02/reprint/OP04-096_r1.png
2341,OP04-100,"Capone""Gang""Bege",2248,515280,101,market_number_eq_canonical_or_extracted;image_basename_number_agrees;set_code_match;rarity_match;parallel_variant_no_parallel_market_penalty;card_name_substring_product;source_tcgcsv,low,1,parallel_1,Parallel 1,OP04-100_p1,OP04/parallel/OP04-100_p1.png
2342,OP04-100,"Capone""Gang""Bege",3278,586483,101,market_number_eq_canonical_or_extracted;image_basename_number_agrees;set_code_match;rarity_match;parallel_variant_no_parallel_market_penalty;card_name_substring_product;source_tcgcsv,low,1,parallel_3,Parallel 3,OP04-100_p3,PRB01/parallel/OP04-100_p3.png
2343,OP04-100,"Capone""Gang""Bege",3278,586483,101,market_number_eq_canonical_or_extracted;image_basename_number_agrees;set_code_match;rarity_match;parallel_variant_no_parallel_market_penalty;card_name_substring_product;source_tcgcsv,low,1,parallel_4,Parallel 4,OP04-100_p4,PRB01/parallel/OP04-100_p4.png
2344,OP04-100,"Capone""Gang""Bege",3278,586483,101,market_number_eq_canonical_or_extracted;image_basename_number_agrees;set_code_match;rarity_match;parallel_variant_no_parallel_market_penalty;card_name_substring_product;source_tcgcsv,low,1,parallel_5,Parallel 5,OP04-100_p5,PRB01/parallel/OP04-100_p5.png
2346,OP04-100,"Capone""Gang""Bege",3278,586483,113,market_number_eq_canonical_or_extracted;image_basename_number_agrees;set_code_match;rarity_match;card_name_substring_product;source_tcgcsv,low,1,r1,R1,OP04-100_r1,PRB01/reprint/OP04-100_r1.png
2356,OP04-104,Sanji,2250,515282,101,market_number_eq_canonical_or_extracted;image_basename_number_agrees;set_code_match;rarity_match;parallel_variant_no_parallel_market_penalty;card_name_substring_product;source_tcgcsv,low,1,parallel_1,Parallel 1,OP04-104_p1,OP04/parallel/OP04-104_p1.png
2357,OP04-104,Sanji,3287,586551,101,market_number_eq_canonical_or_extracted;image_basename_number_agrees;set_code_match;rarity_match;parallel_variant_no_parallel_market_penalty;card_name_substring_product;source_tcgcsv,low,1,parallel_3,Parallel 3,OP04-104_p3,PRB01/parallel/OP04-104_p3.png
2359,OP04-104,Sanji,3287,586551,113,market_number_eq_canonical_or_extracted;image_basename_number_agrees;set_code_match;rarity_match;card_name_substring_product;source_tcgcsv,low,1,r1,R1,OP04-104_r1,PRB01/reprint/OP04-104_r1.png
2380,OP04-112,Yamato,2252,515309,101,market_number_eq_canonical_or_extracted;image_basename_number_agrees;set_code_match;rarity_match;parallel_variant_no_parallel_market_penalty;card_name_substring_product;source_tcgcsv,low,1,parallel_1,Parallel 1,OP04-112_p1,OP04/parallel/OP04-112_p1.png
2381,OP04-112,Yamato,3326,586808,101,market_number_eq_canonical_or_extracted;image_basename_number_agrees;set_code_match;rarity_match;parallel_variant_no_parallel_market_penalty;card_name_substring_product;source_tcgcsv,low,1,parallel_3,Parallel 3,OP04-112_p3,PRB01/parallel/OP04-112_p3.png
2383,OP04-112,Yamato,3326,586808,113,market_number_eq_canonical_or_extracted;image_basename_number_agrees;set_code_match;rarity_match;card_name_substring_product;source_tcgcsv,low,1,r1,R1,OP04-112_r1,PRB01/reprint/OP04-112_r1.png
2397,OP04-118,Nefeltari Vivi,2254,515312,101,market_number_eq_canonical_or_extracted;image_basename_number_agrees;set_code_match;rarity_match;parallel_variant_no_parallel_market_penalty;card_name_substring_product;source_tcgcsv,low,1,parallel_1,Parallel 1,OP04-118_p1,OP04/parallel/OP04-118_p1.png
2401,OP04-119,Donquixote Rosinante,2256,515594,89,market_number_eq_canonical_or_extracted;image_basename_number_agrees;set_code_match;parallel_variant_no_parallel_market_penalty;card_name_substring_product;source_tcgcsv,low,1,parallel_1,Parallel 1,OP04-119_p1,OP04/parallel/OP04-119_p1.png
2403,OP04-119,Donquixote Rosinante,2256,515594,89,market_number_eq_canonical_or_extracted;set_code_match;card_name_substring_product;source_tcgcsv,low,1,sp,S Palt,OP04-119::s palt,thumbs/OP04-119SPalt.webp
2407,OP05-001,Sabo,2374,527007,101,market_number_eq_canonical_or_extracted;image_basename_number_agrees;set_code_match;rarity_match;parallel_variant_no_parallel_market_penalty;card_name_substring_product;source_tcgcsv,low,1,parallel_1,Parallel 1,OP05-001_p1,OP05/parallel/OP05-001_p1.png
2412,OP05-002,Belo Betty,2375,527008,101,market_number_eq_canonical_or_extracted;image_basename_number_agrees;set_code_match;rarity_match;parallel_variant_no_parallel_market_penalty;card_name_substring_product;source_tcgcsv,low,1,parallel_1,Parallel 1,OP05-002_p1,OP05/parallel/OP05-002_p1.png
2419,OP05-004,Emporio.Ivankov,4858,656055,101,market_number_eq_canonical_or_extracted;image_basename_number_agrees;set_code_match;rarity_match;parallel_variant_no_parallel_market_penalty;card_name_substring_product;source_tcgcsv,low,1,parallel_1,Parallel 1,OP05-004_p1,PRB02/parallel/OP05-004_p1.png
2421,OP05-004,Emporio.Ivankov,4858,656055,113,market_number_eq_canonical_or_extracted;image_basename_number_agrees;set_code_match;rarity_match;card_name_substring_product;source_tcgcsv,low,1,r1,R1,OP05-004_r1,PRB02/reprint/OP05-004_r1.png
2428,OP05-006,Koala,2401,527663,101,market_number_eq_canonical_or_extracted;image_basename_number_agrees;set_code_match;rarity_match;parallel_variant_no_parallel_market_penalty;card_name_substring_product;source_tcgcsv,low,1,parallel_1,Parallel 1,OP05-006_p1,OP05/parallel/OP05-006_p1.png
2429,OP05-006,Koala,3263,586189,101,market_number_eq_canonical_or_extracted;image_basename_number_agrees;set_code_match;rarity_match;parallel_variant_no_parallel_market_penalty;card_name_substring_product;source_tcgcsv,low,1,parallel_3,Parallel 3,OP05-006_p3,PRB01/parallel/OP05-006_p3.png
2430,OP05-006,Koala,2401,527663,101,market_number_eq_canonical_or_extracted;image_basename_number_agrees;set_code_match;rarity_match;parallel_variant_no_parallel_market_penalty;card_name_substring_product;source_tcgcsv,low,1,parallel_4,Parallel 4,OP05-006_p4,_unclassified/parallel/OP05-006_p4.png
2432,OP05-006,Koala,3263,586189,113,market_number_eq_canonical_or_extracted;image_basename_number_agrees;set_code_match;rarity_match;card_name_substring_product;source_tcgcsv,low,1,r1,R1,OP05-006_r1,PRB01/reprint/OP05-006_r1.png
2436,OP05-007,Sabo,2376,527009,101,market_number_eq_canonical_or_extracted;image_basename_number_agrees;set_code_match;rarity_match;parallel_variant_no_parallel_market_penalty;card_name_substring_product;source_tcgcsv,low,1,parallel_1,Parallel 1,OP05-007_p1,OP05/parallel/OP05-007_p1.png
2437,OP05-007,Sabo,3264,586190,101,market_number_eq_canonical_or_extracted;image_basename_number_agrees;set_code_match;rarity_match;parallel_variant_no_parallel_market_penalty;card_name_substring_product;source_tcgcsv,low,1,parallel_3,Parallel 3,OP05-007_p3,PRB01/parallel/OP05-007_p3.png
2438,OP05-007,Sabo,2376,527009,101,market_number_eq_canonical_or_extracted;image_basename_number_agrees;set_code_match;rarity_match;parallel_variant_no_parallel_market_penalty;card_name_substring_product;source_tcgcsv,low,1,parallel_4,Parallel 4,OP05-007_p4,_unclassified/parallel/OP05-007_p4.png
2440,OP05-007,Sabo,3264,586190,113,market_number_eq_canonical_or_extracted;image_basename_number_agrees;set_code_match;rarity_match;card_name_substring_product;source_tcgcsv,low,1,r1,R1,OP05-007_r1,PRB01/reprint/OP05-007_r1.png
2447,OP05-010,Nico Robin,3407,593434,101,market_number_eq_canonical_or_extracted;image_basename_number_agrees;set_code_match;rarity_match;parallel_variant_no_parallel_market_penalty;card_name_substring_product;source_tcgcsv,low,1,parallel_2,Parallel 2,OP05-010_p2,PRB01/parallel/OP05-010_p2.png
2448,OP05-010,Nico Robin,3407,593434,101,market_number_eq_canonical_or_extracted;image_basename_number_agrees;set_code_match;rarity_match;parallel_variant_no_parallel_market_penalty;card_name_substring_product;source_tcgcsv,low,1,parallel_3,Parallel 3,OP05-010_p3,PRB01/parallel/OP05-010_p3.png
2450,OP05-010,Nico Robin,3407,593434,113,market_number_eq_canonical_or_extracted;image_basename_number_agrees;set_code_match;rarity_match;card_name_substring_product;source_tcgcsv,low,1,r1,R1,OP05-010_r1,PRB01/reprint/OP05-010_r1.png
2463,OP05-015,Belo Betty,2417,528168,101,market_number_eq_canonical_or_extracted;image_basename_number_agrees;set_code_match;rarity_match;parallel_variant_no_parallel_market_penalty;card_name_substring_product;source_tcgcsv,low,1,parallel_1,Parallel 1,OP05-015_p1,OP05/parallel/OP05-015_p1.png
2464,OP05-015,Belo Betty,3266,586192,101,market_number_eq_canonical_or_extracted;image_basename_number_agrees;set_code_match;rarity_match;parallel_variant_no_parallel_market_penalty;card_name_substring_product;source_tcgcsv,low,1,parallel_3,Parallel 3,OP05-015_p3,PRB01/parallel/OP05-015_p3.png
2465,OP05-015,Belo Betty,3266,586192,101,market_number_eq_canonical_or_extracted;image_basename_number_agrees;set_code_match;rarity_match;parallel_variant_no_parallel_market_penalty;card_name_substring_product;source_tcgcsv,low,1,parallel_4,Parallel 4,OP05-015_p4,PRB01/parallel/OP05-015_p4.png
2466,OP05-015,Belo Betty,3266,586192,101,market_number_eq_canonical_or_extracted;image_basename_number_agrees;set_code_match;rarity_match;parallel_variant_no_parallel_market_penalty;card_name_substring_product;source_tcgcsv,low,1,parallel_5,Parallel 5,OP05-015_p5,PRB01/parallel/OP05-015_p5.png
2468,OP05-015,Belo Betty,3266,586192,113,market_number_eq_canonical_or_extracted;image_basename_number_agrees;set_code_match;rarity_match;card_name_substring_product;source_tcgcsv,low,1,r1,R1,OP05-015_r1,PRB01/reprint/OP05-015_r1.png
2482,OP05-021,Revolutionary Army HQ,4861,656058,101,market_number_eq_canonical_or_extracted;image_basename_number_agrees;set_code_match;rarity_match;parallel_variant_no_parallel_market_penalty;card_name_substring_product;source_tcgcsv,low,1,parallel_1,Parallel 1,OP05-021_p1,PRB02/parallel/OP05-021_p1.png
2483,OP05-021,Revolutionary Army HQ,4861,656058,113,market_number_eq_canonical_or_extracted;image_basename_number_agrees;set_code_match;rarity_match;card_name_substring_product;source_tcgcsv,low,1,r1,R1,OP05-021_r1,PRB02/reprint/OP05-021_r1.png
2487,OP05-022,Donquixote Rosinante,2377,527010,101,market_number_eq_canonical_or_extracted;image_basename_number_agrees;set_code_match;rarity_match;parallel_variant_no_parallel_market_penalty;card_name_substring_product;source_tcgcsv,low,1,parallel_1,Parallel 1,OP05-022_p1,OP05/parallel/OP05-022_p1.png
2506,OP05-030,Donquixote Rosinante,4710,654096,101,market_number_eq_canonical_or_extracted;image_basename_number_agrees;set_code_match;rarity_match;parallel_variant_no_parallel_market_penalty;card_name_substring_product;source_tcgcsv,low,1,parallel_1,Parallel 1,OP05-030_p1,PRB02/parallel/OP05-030_p1.png
2509,OP05-030,Donquixote Rosinante,4710,654096,113,market_number_eq_canonical_or_extracted;image_basename_number_agrees;set_code_match;rarity_match;card_name_substring_product;source_tcgcsv,low,1,r1,R1,OP05-030_r1,PRB02/reprint/OP05-030_r1.png
2515,OP05-032,Pica,2450,528577,101,market_number_eq_canonical_or_extracted;image_basename_number_agrees;set_code_match;rarity_match;parallel_variant_no_parallel_market_penalty;card_name_substring_product;source_tcgcsv,low,1,parallel_1,Parallel 1,OP05-032_p1,OP05/parallel/OP05-032_p1.png
2521,OP05-034,Baby 5,2409,527873,101,market_number_eq_canonical_or_extracted;image_basename_number_agrees;set_code_match;rarity_match;parallel_variant_no_parallel_market_penalty;card_name_substring_product;source_tcgcsv,low,1,parallel_1,Parallel 1,OP05-034_p1,OP05/parallel/OP05-034_p1.png
2522,OP05-034,Baby 5,3342,586898,101,market_number_eq_canonical_or_extracted;image_basename_number_agrees;set_code_match;rarity_match;parallel_variant_no_parallel_market_penalty;card_name_substring_product;source_tcgcsv,low,1,parallel_3,Parallel 3,OP05-034_p3,PRB01/parallel/OP05-034_p3.png
2523,OP05-034,Baby 5,3342,586898,101,market_number_eq_canonical_or_extracted;image_basename_number_agrees;set_code_match;rarity_match;parallel_variant_no_parallel_market_penalty;card_name_substring_product;source_tcgcsv,low,1,parallel_4,Parallel 4,OP05-034_p4,PRB01/parallel/OP05-034_p4.png
2524,OP05-034,Baby 5,3342,586898,101,market_number_eq_canonical_or_extracted;image_basename_number_agrees;set_code_match;rarity_match;parallel_variant_no_parallel_market_penalty;card_name_substring_product;source_tcgcsv,low,1,parallel_5,Parallel 5,OP05-034_p5,PRB01/parallel/OP05-034_p5.png
2526,OP05-034,Baby 5,3342,586898,113,market_number_eq_canonical_or_extracted;image_basename_number_agrees;set_code_match;rarity_match;card_name_substring_product;source_tcgcsv,low,1,r1,R1,OP05-034_r1,PRB01/reprint/OP05-034_r1.png
2533,OP05-036,Monet,4866,656063,101,market_number_eq_canonical_or_extracted;image_basename_number_agrees;set_code_match;rarity_match;parallel_variant_no_parallel_market_penalty;card_name_substring_product;source_tcgcsv,low,1,parallel_2,Parallel 2,OP05-036_p2,PRB02/parallel/OP05-036_p2.png
2534,OP05-036,Monet,4866,656063,113,market_number_eq_canonical_or_extracted;image_basename_number_agrees;set_code_match;rarity_match;card_name_substring_product;source_tcgcsv,low,1,r1,R1,OP05-036_r1,PRB02/reprint/OP05-036_r1.png
2549,OP05-041,Sakazuki,2378,527011,101,market_number_eq_canonical_or_extracted;image_basename_number_agrees;set_code_match;rarity_match;parallel_variant_no_parallel_market_penalty;card_name_substring_product;source_tcgcsv,low,1,parallel_1,Parallel 1,OP05-041_p1,OP05/parallel/OP05-041_p1.png
2555,OP05-043,Ulti,2405,527793,101,market_number_eq_canonical_or_extracted;image_basename_number_agrees;set_code_match;rarity_match;parallel_variant_no_parallel_market_penalty;card_name_substring_product;source_tcgcsv,low,1,parallel_1,Parallel 1,OP05-043_p1,OP05/parallel/OP05-043_p1.png
2556,OP05-043,Ulti,3282,586545,101,market_number_eq_canonical_or_extracted;image_basename_number_agrees;set_code_match;rarity_match;parallel_variant_no_parallel_market_penalty;card_name_substring_product;source_tcgcsv,low,1,parallel_3,Parallel 3,OP05-043_p3,PRB01/parallel/OP05-043_p3.png
2558,OP05-043,Ulti,3282,586545,113,market_number_eq_canonical_or_extracted;image_basename_number_agrees;set_code_match;rarity_match;card_name_substring_product;source_tcgcsv,low,1,r1,R1,OP05-043_r1,PRB01/reprint/OP05-043_r1.png
2576,OP05-051,Borsalino,2407,527842,89,market_number_eq_canonical_or_extracted;set_code_match;card_name_substring_product;source_tcgcsv,low,1,sp,Alt SP,OP05-051::alt sp,thumbs/OP05-051alt(SP).webp
2577,OP05-051,Borsalino,2407,527842,89,market_number_eq_canonical_or_extracted;image_basename_number_agrees;set_code_match;parallel_variant_no_parallel_market_penalty;card_name_substring_product;source_tcgcsv,low,1,parallel_1,Parallel 1,OP05-051_p1,OP05/parallel/OP05-051_p1.png
2581,OP05-052,Maynard,4872,656069,101,market_number_eq_canonical_or_extracted;image_basename_number_agrees;set_code_match;rarity_match;parallel_variant_no_parallel_market_penalty;card_name_substring_product;source_tcgcsv,low,1,parallel_1,Parallel 1,OP05-052_p1,PRB02/parallel/OP05-052_p1.png
2582,OP05-052,Maynard,4872,656069,113,market_number_eq_canonical_or_extracted;image_basename_number_agrees;set_code_match;rarity_match;card_name_substring_product;source_tcgcsv,low,1,r1,R1,OP05-052_r1,PRB02/reprint/OP05-052_r1.png
2590,OP05-055,X.Drake,2419,528314,101,market_number_eq_canonical_or_extracted;image_basename_number_agrees;set_code_match;rarity_match;parallel_variant_no_parallel_market_penalty;card_name_substring_product;source_tcgcsv,low,1,parallel_1,Parallel 1,OP05-055_p1,OP05/parallel/OP05-055_p1.png
2595,OP05-057,Hound Blaze,3307,586600,101,market_number_eq_canonical_or_extracted;image_basename_number_agrees;set_code_match;rarity_match;parallel_variant_no_parallel_market_penalty;card_name_substring_product;source_tcgcsv,low,1,parallel_2,Parallel 2,OP05-057_p2,PRB01/parallel/OP05-057_p2.png
2596,OP05-057,Hound Blaze,3307,586600,101,market_number_eq_canonical_or_extracted;image_basename_number_agrees;set_code_match;rarity_match;parallel_variant_no_parallel_market_penalty;card_name_substring_product;source_tcgcsv,low,1,parallel_3,Parallel 3,OP05-057_p3,PRB01/parallel/OP05-057_p3.png
2597,OP05-057,Hound Blaze,3307,586600,101,market_number_eq_canonical_or_extracted;image_basename_number_agrees;set_code_match;rarity_match;parallel_variant_no_parallel_market_penalty;card_name_substring_product;source_tcgcsv,low,1,parallel_4,Parallel 4,OP05-057_p4,PRB01/parallel/OP05-057_p4.png
2599,OP05-057,Hound Blaze,3307,586600,113,market_number_eq_canonical_or_extracted;image_basename_number_agrees;set_code_match;rarity_match;card_name_substring_product;source_tcgcsv,low,1,r1,R1,OP05-057_r1,PRB01/reprint/OP05-057_r1.png
2607,OP05-060,Monkey.D.Luffy,2379,527014,101,market_number_eq_canonical_or_extracted;image_basename_number_agrees;set_code_match;rarity_match;parallel_variant_no_parallel_market_penalty;card_name_substring_product;source_tcgcsv,low,1,parallel_1,Parallel 1,OP05-060_p1,OP05/parallel/OP05-060_p1.png
2608,OP05-060,Monkey.D.Luffy,2379,527014,101,market_number_eq_canonical_or_extracted;image_basename_number_agrees;set_code_match;rarity_match;parallel_variant_no_parallel_market_penalty;card_name_substring_product;source_tcgcsv,low,1,parallel_2,Parallel 2,OP05-060_p2,_unclassified/parallel/OP05-060_p2.png
2611,OP05-060,Monkey.D.Luffy,2379,527014,113,market_number_eq_canonical_or_extracted;image_basename_number_agrees;set_code_match;rarity_match;card_name_substring_product;source_tcgcsv,low,1,promo,Psa X Bandai Promo Alt,OP05-060::psa x bandai promo alt,thumbs/OP05-060 PSA x Bandai promo alt.webp
2612,OP05-060,Monkey.D.Luffy,2379,527014,113,market_number_eq_canonical_or_extracted;image_basename_number_agrees;set_code_match;rarity_match;card_name_substring_product;source_tcgcsv,low,1,promo,Sound Loader Alt,OP05-060::sound loader alt,thumbs/OP05-060 SOUND LOADER alt.webp
2635,OP05-067,Zoro-Juurou,2403,527665,89,market_number_eq_canonical_or_extracted;image_basename_number_agrees;set_code_match;parallel_variant_no_parallel_market_penalty;card_name_substring_product;source_tcgcsv,low,1,parallel_1,Parallel 1,OP05-067_p1,OP05/parallel/OP05-067_p1.png
2636,OP05-067,Zoro-Juurou,2403,527665,89,market_number_eq_canonical_or_extracted;image_basename_number_agrees;set_code_match;parallel_variant_no_parallel_market_penalty;card_name_substring_product;source_tcgcsv,low,1,parallel_2,Parallel 2,OP05-067_p2,_unclassified/parallel/OP05-067_p2.png
2638,OP05-067,Zoro-Juurou,2403,527665,89,market_number_eq_canonical_or_extracted;image_basename_number_agrees;set_code_match;parallel_variant_no_parallel_market_penalty;card_name_substring_product;source_tcgcsv,low,1,parallel_5,Parallel 5,OP05-067_p5,CS2526EP/parallel/OP05-067_p5.png
2639,OP05-067,Zoro-Juurou,2403,527665,89,market_number_eq_canonical_or_extracted;image_basename_number_agrees;set_code_match;parallel_variant_no_parallel_market_penalty;card_name_substring_product;source_tcgcsv,low,1,parallel_6,Parallel 6,OP05-067_p6,_unclassified/parallel/OP05-067_p6.png
2641,OP05-067,Zoro-Juurou,2403,527665,89,market_number_eq_canonical_or_extracted;set_code_match;card_name_substring_product;source_tcgcsv,low,1,sp,S Palt,OP05-067::s palt,thumbs/OP05-067SPalt.webp
2647,OP05-069,Trafalgar Law,2380,527019,115,market_number_eq_canonical_or_extracted;set_code_match;rarity_match;alt_art_signal;card_name_substring_product;source_tcgcsv,low,1,alt,Alt,OP05-069::alt,thumbs/OP05-069alt.webp
2648,OP05-069,Trafalgar Law,2380,527019,113,market_number_eq_canonical_or_extracted;image_basename_number_agrees;set_code_match;rarity_match;card_name_substring_product;source_tcgcsv,low,1,mr,Manga,OP05-069::manga,thumbs/OP05-069 Manga Rare.webp
2649,OP05-069,Trafalgar Law,2380,527019,101,market_number_eq_canonical_or_extracted;image_basename_number_agrees;set_code_match;rarity_match;parallel_variant_no_parallel_market_penalty;card_name_substring_product;source_tcgcsv,low,1,parallel_1,Parallel 1,OP05-069_p1,OP05/parallel/OP05-069_p1.png
2650,OP05-069,Trafalgar Law,2380,527019,101,market_number_eq_canonical_or_extracted;image_basename_number_agrees;set_code_match;rarity_match;parallel_variant_no_parallel_market_penalty;card_name_substring_product;source_tcgcsv,low,1,parallel_2,Parallel 2,OP05-069_p2,OP05/parallel/OP05-069_p2.png
2663,OP05-073,Miss Doublefinger(Zala),3413,593464,101,market_number_eq_canonical_or_extracted;image_basename_number_agrees;set_code_match;rarity_match;parallel_variant_no_parallel_market_penalty;card_name_substring_product;source_tcgcsv,low,1,parallel_2,Parallel 2,OP05-073_p2,PRB01/parallel/OP05-073_p2.png
2664,OP05-073,Miss Doublefinger(Zala),3413,593464,101,market_number_eq_canonical_or_extracted;image_basename_number_agrees;set_code_match;rarity_match;parallel_variant_no_parallel_market_penalty;card_name_substring_product;source_tcgcsv,low,1,parallel_3,Parallel 3,OP05-073_p3,PRB01/parallel/OP05-073_p3.png
2665,OP05-073,Miss Doublefinger(Zala),3413,593464,113,market_number_eq_canonical_or_extracted;image_basename_number_agrees;set_code_match;rarity_match;card_name_substring_product;source_tcgcsv,low,1,r1,R1,OP05-073_r1,PRB01/reprint/OP05-073_r1.png
2668,OP05-074,"Eustass""Captain""Kid",2381,527020,115,market_number_eq_canonical_or_extracted;set_code_match;rarity_match;alt_art_signal;card_name_substring_product;source_tcgcsv,low,1,alt,Alt,OP05-074::alt,thumbs/OP05-074alt.webp
2669,OP05-074,"Eustass""Captain""Kid",2381,527020,113,market_number_eq_canonical_or_extracted;image_basename_number_agrees;set_code_match;rarity_match;card_name_substring_product;source_tcgcsv,low,1,mr,Manga,OP05-074::manga,thumbs/OP05-074 Manga Rare.webp
2670,OP05-074,"Eustass""Captain""Kid",2381,527020,101,market_number_eq_canonical_or_extracted;image_basename_number_agrees;set_code_match;rarity_match;parallel_variant_no_parallel_market_penalty;card_name_substring_product;source_tcgcsv,low,1,parallel_1,Parallel 1,OP05-074_p1,OP05/parallel/OP05-074_p1.png
2671,OP05-074,"Eustass""Captain""Kid",2381,527020,101,market_number_eq_canonical_or_extracted;image_basename_number_agrees;set_code_match;rarity_match;parallel_variant_no_parallel_market_penalty;card_name_substring_product;source_tcgcsv,low,1,parallel_2,Parallel 2,OP05-074_p2,OP05/parallel/OP05-074_p2.png
2673,OP05-074,"Eustass""Captain""Kid",3344,586959,101,market_number_eq_canonical_or_extracted;image_basename_number_agrees;set_code_match;rarity_match;parallel_variant_no_parallel_market_penalty;card_name_substring_product;source_tcgcsv,low,1,parallel_5,Parallel 5,OP05-074_p5,PRB01/parallel/OP05-074_p5.png
2674,OP05-074,"Eustass""Captain""Kid",2381,527020,127,market_number_eq_canonical_or_extracted;image_basename_number_agrees;set_code_match;rarity_match;alt_art_signal;card_name_substring_product;source_tcgcsv,low,1,alt,Prb01Alt,OP05-074::prb01alt,thumbs/OP05-074(PRB01alt).webp
2675,OP05-074,"Eustass""Captain""Kid",3344,586959,113,market_number_eq_canonical_or_extracted;image_basename_number_agrees;set_code_match;rarity_match;card_name_substring_product;source_tcgcsv,low,1,r1,R1,OP05-074_r1,PRB01/reprint/OP05-074_r1.png
2676,OP05-074,"Eustass""Captain""Kid",3344,586959,113,market_number_eq_canonical_or_extracted;image_basename_number_agrees;set_code_match;rarity_match;card_name_substring_product;source_tcgcsv,low,1,r2,R2,OP05-074_r2,PRB01/reprint/OP05-074_r2.png
2677,OP05-074,"Eustass""Captain""Kid",2381,527020,101,market_number_eq_canonical_or_extracted;set_code_match;rarity_match;card_name_substring_product;source_tcgcsv,low,1,sp,S P,OP05-074::s p,thumbs/OP05-074SP.webp
2688,OP05-077,Gamma Knife,4877,656074,101,market_number_eq_canonical_or_extracted;image_basename_number_agrees;set_code_match;rarity_match;parallel_variant_no_parallel_market_penalty;card_name_substring_product;source_tcgcsv,low,1,parallel_1,Parallel 1,OP05-077_p1,PRB02/parallel/OP05-077_p1.png
2689,OP05-077,Gamma Knife,4877,656074,113,market_number_eq_canonical_or_extracted;image_basename_number_agrees;set_code_match;rarity_match;card_name_substring_product;source_tcgcsv,low,1,r1,R1,OP05-077_r1,PRB02/reprint/OP05-077_r1.png
2698,OP05-081,One-Legged Toy Soldier,3299,586592,101,market_number_eq_canonical_or_extracted;image_basename_number_agrees;set_code_match;rarity_match;parallel_variant_no_parallel_market_penalty;card_name_substring_product;source_tcgcsv,low,1,parallel_2,Parallel 2,OP05-081_p2,PRB01/parallel/OP05-081_p2.png
2699,OP05-081,One-Legged Toy Soldier,3299,586592,101,market_number_eq_canonical_or_extracted;image_basename_number_agrees;set_code_match;rarity_match;parallel_variant_no_parallel_market_penalty;card_name_substring_product;source_tcgcsv,low,1,parallel_3,Parallel 3,OP05-081_p3,PRB01/parallel/OP05-081_p3.png
2700,OP05-081,One-Legged Toy Soldier,3299,586592,101,market_number_eq_canonical_or_extracted;image_basename_number_agrees;set_code_match;rarity_match;parallel_variant_no_parallel_market_penalty;card_name_substring_product;source_tcgcsv,low,1,parallel_4,Parallel 4,OP05-081_p4,PRB01/parallel/OP05-081_p4.png
2702,OP05-081,One-Legged Toy Soldier,3299,586592,113,market_number_eq_canonical_or_extracted;image_basename_number_agrees;set_code_match;rarity_match;card_name_substring_product;source_tcgcsv,low,1,r1,R1,OP05-081_r1,PRB01/reprint/OP05-081_r1.png
2705,OP05-082,Shirahoshi,3311,586604,101,market_number_eq_canonical_or_extracted;image_basename_number_agrees;set_code_match;rarity_match;parallel_variant_no_parallel_market_penalty;card_name_substring_product;source_tcgcsv,low,1,parallel_2,Parallel 2,OP05-082_p2,PRB01/parallel/OP05-082_p2.png
2706,OP05-082,Shirahoshi,3311,586604,101,market_number_eq_canonical_or_extracted;image_basename_number_agrees;set_code_match;rarity_match;parallel_variant_no_parallel_market_penalty;card_name_substring_product;source_tcgcsv,low,1,parallel_3,Parallel 3,OP05-082_p3,PRB01/parallel/OP05-082_p3.png
2707,OP05-082,Shirahoshi,3311,586604,101,market_number_eq_canonical_or_extracted;image_basename_number_agrees;set_code_match;rarity_match;parallel_variant_no_parallel_market_penalty;card_name_substring_product;source_tcgcsv,low,1,parallel_4,Parallel 4,OP05-082_p4,PRB01/parallel/OP05-082_p4.png
2709,OP05-082,Shirahoshi,3311,586604,113,market_number_eq_canonical_or_extracted;image_basename_number_agrees;set_code_match;rarity_match;card_name_substring_product;source_tcgcsv,low,1,r1,R1,OP05-082_r1,PRB01/reprint/OP05-082_r1.png
2725,OP05-088,Mansherry,2412,528036,101,market_number_eq_canonical_or_extracted;image_basename_number_agrees;set_code_match;rarity_match;parallel_variant_no_parallel_market_penalty;card_name_substring_product;source_tcgcsv,low,1,parallel_1,Parallel 1,OP05-088_p1,OP05/parallel/OP05-088_p1.png
2734,OP05-091,Rebecca,2415,528165,101,market_number_eq_canonical_or_extracted;set_code_match;rarity_match;card_name_substring_product;source_tcgcsv,low,1,sp,Alt SP,OP05-091::alt sp,thumbs/OP05-091alt(SP).webp
2735,OP05-091,Rebecca,2415,528165,101,market_number_eq_canonical_or_extracted;image_basename_number_agrees;set_code_match;rarity_match;parallel_variant_no_parallel_market_penalty;card_name_substring_product;source_tcgcsv,low,1,parallel_1,Parallel 1,OP05-091_p1,OP05/parallel/OP05-091_p1.png
2737,OP05-091,Rebecca,2415,528165,101,market_number_eq_canonical_or_extracted;image_basename_number_agrees;set_code_match;rarity_match;parallel_variant_no_parallel_market_penalty;card_name_substring_product;source_tcgcsv,low,1,parallel_3,Parallel 3,OP05-091_p3,REG2024W3/parallel/OP05-091_p3.png
2738,OP05-091,Rebecca,4721,654571,101,market_number_eq_canonical_or_extracted;image_basename_number_agrees;set_code_match;rarity_match;parallel_variant_no_parallel_market_penalty;card_name_substring_product;source_tcgcsv,low,1,parallel_4,Parallel 4,OP05-091_p4,PRB02/parallel/OP05-091_p4.png
2740,OP05-091,Rebecca,4721,654571,113,market_number_eq_canonical_or_extracted;image_basename_number_agrees;set_code_match;rarity_match;card_name_substring_product;source_tcgcsv,low,1,r1,R1,OP05-091_r1,PRB02/reprint/OP05-091_r1.png
2745,OP05-093,Rob Lucci,2404,527666,101,market_number_eq_canonical_or_extracted;image_basename_number_agrees;set_code_match;card_name_substring_product;source_tcgcsv,low,1,promo,2Nd Anniversary Alt,OP05-093::2nd anniversary alt,thumbs/OP05-093(2nd anniversary alt).webp
2748,OP05-093,Rob Lucci,2404,527666,89,market_number_eq_canonical_or_extracted;image_basename_number_agrees;set_code_match;parallel_variant_no_parallel_market_penalty;card_name_substring_product;source_tcgcsv,low,1,parallel_1,Parallel 1,OP05-093_p1,OP05/parallel/OP05-093_p1.png
2750,OP05-093,Rob Lucci,2404,527666,89,market_number_eq_canonical_or_extracted;set_code_match;card_name_substring_product;source_tcgcsv,low,1,sp,S Palt,OP05-093::s palt,thumbs/OP05-093SPalt.webp
2759,OP05-097,Mary Geoise,4901,656102,101,market_number_eq_canonical_or_extracted;image_basename_number_agrees;set_code_match;rarity_match;parallel_variant_no_parallel_market_penalty;card_name_substring_product;source_tcgcsv,low,1,parallel_1,Parallel 1,OP05-097_p1,PRB02/parallel/OP05-097_p1.png
2760,OP05-097,Mary Geoise,4901,656102,101,market_number_eq_canonical_or_extracted;image_basename_number_agrees;set_code_match;rarity_match;parallel_variant_no_parallel_market_penalty;card_name_substring_product;source_tcgcsv,low,1,parallel_2,Parallel 2,OP05-097_p2,PRB02/parallel/OP05-097_p2.png
2762,OP05-097,Mary Geoise,4901,656102,113,market_number_eq_canonical_or_extracted;image_basename_number_agrees;set_code_match;rarity_match;card_name_substring_product;source_tcgcsv,low,1,r1,R1,OP05-097_r1,PRB02/reprint/OP05-097_r1.png
2767,OP05-098,Enel,2382,527021,101,market_number_eq_canonical_or_extracted;image_basename_number_agrees;set_code_match;rarity_match;parallel_variant_no_parallel_market_penalty;card_name_substring_product;source_tcgcsv,low,1,parallel_1,Parallel 1,OP05-098_p1,OP05/parallel/OP05-098_p1.png
2769,OP05-098,Enel,2382,527021,113,market_number_eq_canonical_or_extracted;image_basename_number_agrees;set_code_match;rarity_match;card_name_substring_product;source_tcgcsv,low,1,promo,Sound Loader Alt,OP05-098::sound loader alt,thumbs/OP05-098 SOUND LOADER alt.webp
2776,OP05-100,Enel,2383,527022,101,market_number_eq_canonical_or_extracted;image_basename_number_agrees;set_code_match;rarity_match;parallel_variant_no_parallel_market_penalty;card_name_substring_product;source_tcgcsv,low,1,parallel_1,Parallel 1,OP05-100_p1,OP05/parallel/OP05-100_p1.png
2777,OP05-100,Enel,2383,527022,101,market_number_eq_canonical_or_extracted;image_basename_number_agrees;set_code_match;rarity_match;parallel_variant_no_parallel_market_penalty;card_name_substring_product;source_tcgcsv,low,1,parallel_2,Parallel 2,OP05-100_p2,OP05/parallel/OP05-100_p2.png
2782,OP05-102,Gedatsu,2418,528169,101,market_number_eq_canonical_or_extracted;set_code_match;rarity_match;card_name_substring_product;source_tcgcsv,low,1,operator_review,A T,OP05-102::a t,thumbs/OP05-102at.webp
2783,OP05-102,Gedatsu,2418,528169,101,market_number_eq_canonical_or_extracted;image_basename_number_agrees;set_code_match;rarity_match;parallel_variant_no_parallel_market_penalty;card_name_substring_product;source_tcgcsv,low,1,parallel_1,Parallel 1,OP05-102_p1,OP05/parallel/OP05-102_p1.png
2791,OP05-105,Satori,3322,586804,101,market_number_eq_canonical_or_extracted;image_basename_number_agrees;set_code_match;rarity_match;parallel_variant_no_parallel_market_penalty;card_name_substring_product;source_tcgcsv,low,1,parallel_2,Parallel 2,OP05-105_p2,PRB01/parallel/OP05-105_p2.png
2792,OP05-105,Satori,3322,586804,101,market_number_eq_canonical_or_extracted;image_basename_number_agrees;set_code_match;rarity_match;parallel_variant_no_parallel_market_penalty;card_name_substring_product;source_tcgcsv,low,1,parallel_3,Parallel 3,OP05-105_p3,PRB01/parallel/OP05-105_p3.png
2793,OP05-105,Satori,3322,586804,101,market_number_eq_canonical_or_extracted;image_basename_number_agrees;set_code_match;rarity_match;parallel_variant_no_parallel_market_penalty;card_name_substring_product;source_tcgcsv,low,1,parallel_4,Parallel 4,OP05-105_p4,PRB01/parallel/OP05-105_p4.png
2795,OP05-105,Satori,3322,586804,113,market_number_eq_canonical_or_extracted;image_basename_number_agrees;set_code_match;rarity_match;card_name_substring_product;source_tcgcsv,low,1,r1,R1,OP05-105_r1,PRB01/reprint/OP05-105_r1.png
2818,OP05-114,El Thor,3421,593477,101,market_number_eq_canonical_or_extracted;image_basename_number_agrees;set_code_match;rarity_match;parallel_variant_no_parallel_market_penalty;card_name_substring_product;source_tcgcsv,low,1,parallel_2,Parallel 2,OP05-114_p2,PRB01/parallel/OP05-114_p2.png
2819,OP05-114,El Thor,3421,593477,101,market_number_eq_canonical_or_extracted;image_basename_number_agrees;set_code_match;rarity_match;parallel_variant_no_parallel_market_penalty;card_name_substring_product;source_tcgcsv,low,1,parallel_3,Parallel 3,OP05-114_p3,PRB01/parallel/OP05-114_p3.png
2820,OP05-114,El Thor,3421,593477,113,market_number_eq_canonical_or_extracted;image_basename_number_agrees;set_code_match;rarity_match;card_name_substring_product;source_tcgcsv,low,1,r1,R1,OP05-114_r1,PRB01/reprint/OP05-114_r1.png
2823,OP05-115,Two-Hundred Million Volts Amaru,3324,586806,101,market_number_eq_canonical_or_extracted;image_basename_number_agrees;set_code_match;rarity_match;parallel_variant_no_parallel_market_penalty;card_name_substring_product;source_tcgcsv,low,1,parallel_2,Parallel 2,OP05-115_p2,PRB01/parallel/OP05-115_p2.png
2824,OP05-115,Two-Hundred Million Volts Amaru,3324,586806,101,market_number_eq_canonical_or_extracted;image_basename_number_agrees;set_code_match;rarity_match;parallel_variant_no_parallel_market_penalty;card_name_substring_product;source_tcgcsv,low,1,parallel_3,Parallel 3,OP05-115_p3,PRB01/parallel/OP05-115_p3.png
2825,OP05-115,Two-Hundred Million Volts Amaru,3324,586806,101,market_number_eq_canonical_or_extracted;image_basename_number_agrees;set_code_match;rarity_match;parallel_variant_no_parallel_market_penalty;card_name_substring_product;source_tcgcsv,low,1,parallel_4,Parallel 4,OP05-115_p4,PRB01/parallel/OP05-115_p4.png
2827,OP05-115,Two-Hundred Million Volts Amaru,3324,586806,113,market_number_eq_canonical_or_extracted;image_basename_number_agrees;set_code_match;rarity_match;card_name_substring_product;source_tcgcsv,low,1,r1,R1,OP05-115_r1,PRB01/reprint/OP05-115_r1.png
2832,OP05-117,Upper Yard,3327,586809,101,market_number_eq_canonical_or_extracted;image_basename_number_agrees;set_code_match;rarity_match;parallel_variant_no_parallel_market_penalty;card_name_substring_product;source_tcgcsv,low,1,parallel_2,Parallel 2,OP05-117_p2,PRB01/parallel/OP05-117_p2.png
2833,OP05-117,Upper Yard,3327,586809,101,market_number_eq_canonical_or_extracted;image_basename_number_agrees;set_code_match;rarity_match;parallel_variant_no_parallel_market_penalty;card_name_substring_product;source_tcgcsv,low,1,parallel_3,Parallel 3,OP05-117_p3,PRB01/parallel/OP05-117_p3.png
2834,OP05-117,Upper Yard,3327,586809,101,market_number_eq_canonical_or_extracted;image_basename_number_agrees;set_code_match;rarity_match;parallel_variant_no_parallel_market_penalty;card_name_substring_product;source_tcgcsv,low,1,parallel_4,Parallel 4,OP05-117_p4,PRB01/parallel/OP05-117_p4.png
2836,OP05-117,Upper Yard,3327,586809,113,market_number_eq_canonical_or_extracted;image_basename_number_agrees;set_code_match;rarity_match;card_name_substring_product;source_tcgcsv,low,1,r1,R1,OP05-117_r1,PRB01/reprint/OP05-117_r1.png
2840,OP05-118,Kaido,2393,527045,101,market_number_eq_canonical_or_extracted;image_basename_number_agrees;set_code_match;rarity_match;parallel_variant_no_parallel_market_penalty;card_name_substring_product;source_tcgcsv,low,1,parallel_1,Parallel 1,OP05-118_p1,OP05/parallel/OP05-118_p1.png
2841,OP05-118,Kaido,3423,593480,101,market_number_eq_canonical_or_extracted;image_basename_number_agrees;set_code_match;rarity_match;parallel_variant_no_parallel_market_penalty;card_name_substring_product;source_tcgcsv,low,1,parallel_3,Parallel 3,OP05-118_p3,PRB01/parallel/OP05-118_p3.png
2843,OP05-118,Kaido,3423,593480,113,market_number_eq_canonical_or_extracted;image_basename_number_agrees;set_code_match;rarity_match;card_name_substring_product;source_tcgcsv,low,1,r1,R1,OP05-118_r1,PRB01/reprint/OP05-118_r1.png
2846,OP05-119,Monkey.D.Luffy,2385,527026,127,market_number_eq_canonical_or_extracted;image_basename_number_agrees;set_code_match;rarity_match;alt_art_signal;card_name_substring_product;source_tcgcsv,low,1,alt,Alt,OP05-119::alt,thumbs/OP05-119(alt).webp
2847,OP05-119,Monkey.D.Luffy,2384,527024,113,market_number_eq_canonical_or_extracted;image_basename_number_agrees;set_code_match;rarity_match;card_name_substring_product;source_tcgcsv,low,1,mr,Mnaga Rare,OP05-119::mnaga rare,thumbs/OP05-119 Mnaga Rare.webp
2848,OP05-119,Monkey.D.Luffy,2384,527024,101,market_number_eq_canonical_or_extracted;image_basename_number_agrees;set_code_match;rarity_match;parallel_variant_no_parallel_market_penalty;card_name_substring_product;source_tcgcsv,low,1,parallel_1,Parallel 1,OP05-119_p1,OP05/parallel/OP05-119_p1.png
2849,OP05-119,Monkey.D.Luffy,2384,527024,101,market_number_eq_canonical_or_extracted;image_basename_number_agrees;set_code_match;rarity_match;parallel_variant_no_parallel_market_penalty;card_name_substring_product;source_tcgcsv,low,1,parallel_2,Parallel 2,OP05-119_p2,OP05/parallel/OP05-119_p2.png
2850,OP05-119,Monkey.D.Luffy,3345,586960,101,market_number_eq_canonical_or_extracted;image_basename_number_agrees;set_code_match;rarity_match;parallel_variant_no_parallel_market_penalty;card_name_substring_product;source_tcgcsv,low,1,parallel_4,Parallel 4,OP05-119_p4,PRB01/parallel/OP05-119_p4.png
2852,OP05-119,Monkey.D.Luffy,4165,632503,101,market_number_eq_canonical_or_extracted;image_basename_number_agrees;set_code_match;rarity_match;parallel_variant_no_parallel_market_penalty;card_name_substring_product;source_tcgcsv,low,1,parallel_7,Parallel 7,OP05-119_p7,OP11/parallel/OP05-119_p7.png
2853,OP05-119,Monkey.D.Luffy,4165,632503,101,market_number_eq_canonical_or_extracted;image_basename_number_agrees;set_code_match;rarity_match;parallel_variant_no_parallel_market_penalty;card_name_substring_product;source_tcgcsv,low,1,parallel_8,Parallel 8,OP05-119_p8,OP11/parallel/OP05-119_p8.png
2854,OP05-119,Monkey.D.Luffy,2385,527026,127,market_number_eq_canonical_or_extracted;image_basename_number_agrees;set_code_match;rarity_match;alt_art_signal;card_name_substring_product;source_tcgcsv,low,1,alt,Prb01Alt,OP05-119::prb01alt,thumbs/OP05-119(PRB01alt).webp
2855,OP05-119,Monkey.D.Luffy,3345,586960,113,market_number_eq_canonical_or_extracted;image_basename_number_agrees;set_code_match;rarity_match;card_name_substring_product;source_tcgcsv,low,1,r1,R1,OP05-119_r1,PRB01/reprint/OP05-119_r1.png
2856,OP05-119,Monkey.D.Luffy,3345,586960,113,market_number_eq_canonical_or_extracted;image_basename_number_agrees;set_code_match;rarity_match;card_name_substring_product;source_tcgcsv,low,1,r2,R2,OP05-119_r2,PRB01/reprint/OP05-119_r2.png
2857,OP05-119,Monkey.D.Luffy,2384,527024,113,market_number_eq_canonical_or_extracted;image_basename_number_agrees;set_code_match;rarity_match;card_name_substring_product;source_tcgcsv,low,1,sp,SP1,OP05-119::sp1,thumbs/OP05-119(SP1).webp
2858,OP05-119,Monkey.D.Luffy,2384,527024,113,market_number_eq_canonical_or_extracted;image_basename_number_agrees;set_code_match;rarity_match;card_name_substring_product;source_tcgcsv,low,1,sp,SP2,OP05-119::sp2,thumbs/OP05-119(SP2).webp
2859,OP05-119,Monkey.D.Luffy,2385,527026,115,market_number_eq_canonical_or_extracted;set_code_match;rarity_match;alt_art_signal;card_name_substring_product;source_tcgcsv,low,1,alt,W Orldalt,OP05-119::w orldalt,thumbs/OP05-119worldalt.webp
2860,OP05-119,Monkey.D.Luffy,2385,527026,115,market_number_eq_canonical_or_extracted;set_code_match;rarity_match;alt_art_signal;card_name_substring_product;source_tcgcsv,low,1,alt,W Orldalt 2Nd Place,OP05-119::w orldalt 2nd place,thumbs/OP05-119worldalt(2nd place).webp
2861,OP05-119,Monkey.D.Luffy,2385,527026,115,market_number_eq_canonical_or_extracted;set_code_match;rarity_match;alt_art_signal;card_name_substring_product;source_tcgcsv,low,1,alt,W Orldalt 3Rd Place,OP05-119::w orldalt 3rd place,thumbs/OP05-119worldalt(3rd place).webp
2862,OP05-119,Monkey.D.Luffy,2385,527026,127,market_number_eq_canonical_or_extracted;image_basename_number_agrees;set_code_match;rarity_match;alt_art_signal;card_name_substring_product;source_tcgcsv,low,1,alt,Wantedalt,OP05-119::wantedalt,thumbs/OP05-119ًWANTEDalt.webp
2866,OP06-001,Uta,2553,539285,91,market_number_eq_canonical_or_extracted;image_basename_number_agrees;set_code_match;rarity_match;parallel_variant_no_parallel_market_penalty;source_tcgcsv,low,1,parallel_1,Parallel 1,OP06-001_p1,OP06/parallel/OP06-001_p1.png
2872,OP06-003,Emporio.Ivankov,3424,593482,101,market_number_eq_canonical_or_extracted;image_basename_number_agrees;set_code_match;rarity_match;parallel_variant_no_parallel_market_penalty;card_name_substring_product;source_tcgcsv,low,1,parallel_2,Parallel 2,OP06-003_p2,PRB01/parallel/OP06-003_p2.png
2873,OP06-003,Emporio.Ivankov,3424,593482,101,market_number_eq_canonical_or_extracted;image_basename_number_agrees;set_code_match;rarity_match;parallel_variant_no_parallel_market_penalty;card_name_substring_product;source_tcgcsv,low,1,parallel_3,Parallel 3,OP06-003_p3,PRB01/parallel/OP06-003_p3.png
2875,OP06-003,Emporio.Ivankov,3424,593482,113,market_number_eq_canonical_or_extracted;image_basename_number_agrees;set_code_match;rarity_match;card_name_substring_product;source_tcgcsv,low,1,r1,R1,OP06-003_r1,PRB01/reprint/OP06-003_r1.png
2885,OP06-007,Shanks,2551,539282,101,market_number_eq_canonical_or_extracted;image_basename_number_agrees;set_code_match;rarity_match;parallel_variant_no_parallel_market_penalty;card_name_substring_product;source_tcgcsv,low,1,parallel_1,Parallel 1,OP06-007_p1,OP06/parallel/OP06-007_p1.png
2886,OP06-007,Shanks,4717,654141,101,market_number_eq_canonical_or_extracted;image_basename_number_agrees;set_code_match;rarity_match;parallel_variant_no_parallel_market_penalty;card_name_substring_product;source_tcgcsv,low,1,parallel_2,Parallel 2,OP06-007_p2,PRB02/parallel/OP06-007_p2.png
2888,OP06-007,Shanks,4717,654141,113,market_number_eq_canonical_or_extracted;image_basename_number_agrees;set_code_match;rarity_match;card_name_substring_product;source_tcgcsv,low,1,r1,R1,OP06-007_r1,PRB02/reprint/OP06-007_r1.png
2894,OP06-009,Shuraiya,2549,539279,101,market_number_eq_canonical_or_extracted;image_basename_number_agrees;set_code_match;rarity_match;parallel_variant_no_parallel_market_penalty;card_name_substring_product;source_tcgcsv,low,1,parallel_1,Parallel 1,OP06-009_p1,OP06/parallel/OP06-009_p1.png
2904,OP06-013,Monkey.D.Luffy,2547,539277,101,market_number_eq_canonical_or_extracted;image_basename_number_agrees;set_code_match;rarity_match;parallel_variant_no_parallel_market_penalty;card_name_substring_product;source_tcgcsv,low,1,parallel_1,Parallel 1,OP06-013_p1,OP06/parallel/OP06-013_p1.png
2922,OP06-020,Hody Jones,2568,539767,101,market_number_eq_canonical_or_extracted;image_basename_number_agrees;set_code_match;rarity_match;parallel_variant_no_parallel_market_penalty;card_name_substring_product;source_tcgcsv,low,1,parallel_1,Parallel 1,OP06-020_p1,OP06/parallel/OP06-020_p1.png
2927,OP06-021,Perona,2578,541043,101,market_number_eq_canonical_or_extracted;image_basename_number_agrees;set_code_match;rarity_match;parallel_variant_no_parallel_market_penalty;card_name_substring_product;source_tcgcsv,low,1,parallel_1,Parallel 1,OP06-021_p1,OP06/parallel/OP06-021_p1.png
2932,OP06-022,Yamato,2557,539489,101,market_number_eq_canonical_or_extracted;image_basename_number_agrees;set_code_match;rarity_match;parallel_variant_no_parallel_market_penalty;card_name_substring_product;source_tcgcsv,low,1,parallel_1,Parallel 1,OP06-022_p1,OP06/parallel/OP06-022_p1.png
2938,OP06-023,Arlong,3334,586889,101,market_number_eq_canonical_or_extracted;image_basename_number_agrees;set_code_match;rarity_match;parallel_variant_no_parallel_market_penalty;card_name_substring_product;source_tcgcsv,low,1,parallel_2,Parallel 2,OP06-023_p2,PRB01/parallel/OP06-023_p2.png
2939,OP06-023,Arlong,3334,586889,101,market_number_eq_canonical_or_extracted;image_basename_number_agrees;set_code_match;rarity_match;parallel_variant_no_parallel_market_penalty;card_name_substring_product;source_tcgcsv,low,1,parallel_3,Parallel 3,OP06-023_p3,PRB01/parallel/OP06-023_p3.png
2940,OP06-023,Arlong,3334,586889,101,market_number_eq_canonical_or_extracted;image_basename_number_agrees;set_code_match;rarity_match;parallel_variant_no_parallel_market_penalty;card_name_substring_product;source_tcgcsv,low,1,parallel_4,Parallel 4,OP06-023_p4,PRB01/parallel/OP06-023_p4.png
2942,OP06-023,Arlong,3334,586889,113,market_number_eq_canonical_or_extracted;image_basename_number_agrees;set_code_match;rarity_match;card_name_substring_product;source_tcgcsv,low,1,r1,R1,OP06-023_r1,PRB01/reprint/OP06-023_r1.png
2949,OP06-025,Camie,2574,539787,101,market_number_eq_canonical_or_extracted;image_basename_number_agrees;set_code_match;rarity_match;parallel_variant_no_parallel_market_penalty;card_name_substring_product;source_tcgcsv,low,1,parallel_1,Parallel 1,OP06-025_p1,OP06/parallel/OP06-025_p1.png
2971,OP06-035,Hody Jones,2570,539770,101,market_number_eq_canonical_or_extracted;image_basename_number_agrees;set_code_match;rarity_match;parallel_variant_no_parallel_market_penalty;card_name_substring_product;source_tcgcsv,low,1,parallel_1,Parallel 1,OP06-035_p1,OP06/parallel/OP06-035_p1.png
2977,OP06-036,Ryuma,3294,586559,101,market_number_eq_canonical_or_extracted;image_basename_number_agrees;set_code_match;rarity_match;parallel_variant_no_parallel_market_penalty;card_name_substring_product;source_tcgcsv,low,1,parallel_2,Parallel 2,OP06-036_p2,PRB01/parallel/OP06-036_p2.png
2978,OP06-036,Ryuma,3294,586559,101,market_number_eq_canonical_or_extracted;image_basename_number_agrees;set_code_match;rarity_match;parallel_variant_no_parallel_market_penalty;card_name_substring_product;source_tcgcsv,low,1,parallel_3,Parallel 3,OP06-036_p3,PRB01/parallel/OP06-036_p3.png
2979,OP06-036,Ryuma,3294,586559,101,market_number_eq_canonical_or_extracted;image_basename_number_agrees;set_code_match;rarity_match;parallel_variant_no_parallel_market_penalty;card_name_substring_product;source_tcgcsv,low,1,parallel_4,Parallel 4,OP06-036_p4,PRB01/parallel/OP06-036_p4.png
2981,OP06-036,Ryuma,3294,586559,113,market_number_eq_canonical_or_extracted;image_basename_number_agrees;set_code_match;rarity_match;card_name_substring_product;source_tcgcsv,low,1,r1,R1,OP06-036_r1,PRB01/reprint/OP06-036_r1.png
2987,OP06-038,The Billion-fold World Trichiliocosm,3431,593491,101,market_number_eq_canonical_or_extracted;image_basename_number_agrees;set_code_match;rarity_match;parallel_variant_no_parallel_market_penalty;card_name_substring_product;source_tcgcsv,low,1,parallel_2,Parallel 2,OP06-038_p2,PRB01/parallel/OP06-038_p2.png
2988,OP06-038,The Billion-fold World Trichiliocosm,3431,593491,101,market_number_eq_canonical_or_extracted;image_basename_number_agrees;set_code_match;rarity_match;parallel_variant_no_parallel_market_penalty;card_name_substring_product;source_tcgcsv,low,1,parallel_3,Parallel 3,OP06-038_p3,PRB01/parallel/OP06-038_p3.png
2989,OP06-038,The Billion-fold World Trichiliocosm,3431,593491,113,market_number_eq_canonical_or_extracted;image_basename_number_agrees;set_code_match;rarity_match;card_name_substring_product;source_tcgcsv,low,1,r1,R1,OP06-038_r1,PRB01/reprint/OP06-038_r1.png
2999,OP06-042,Vinsmoke Reiju,2576,541006,101,market_number_eq_canonical_or_extracted;image_basename_number_agrees;set_code_match;rarity_match;parallel_variant_no_parallel_market_penalty;card_name_substring_product;source_tcgcsv,low,1,parallel_1,Parallel 1,OP06-042_p1,OP06/parallel/OP06-042_p1.png
3004,OP06-043,Aramaki,2583,541048,101,market_number_eq_canonical_or_extracted;image_basename_number_agrees;set_code_match;rarity_match;parallel_variant_no_parallel_market_penalty;card_name_substring_product;source_tcgcsv,low,1,parallel_1,Parallel 1,OP06-043_p1,OP06/parallel/OP06-043_p1.png
3007,OP06-044,Gion,4912,656113,101,market_number_eq_canonical_or_extracted;image_basename_number_agrees;set_code_match;rarity_match;parallel_variant_no_parallel_market_penalty;card_name_substring_product;source_tcgcsv,low,1,parallel_1,Parallel 1,OP06-044_p1,PRB02/parallel/OP06-044_p1.png
3008,OP06-044,Gion,4912,656113,113,market_number_eq_canonical_or_extracted;image_basename_number_agrees;set_code_match;rarity_match;card_name_substring_product;source_tcgcsv,low,1,r1,R1,OP06-044_r1,PRB02/reprint/OP06-044_r1.png
3018,OP06-047,Charlotte Pudding,4718,654142,101,market_number_eq_canonical_or_extracted;image_basename_number_agrees;set_code_match;rarity_match;parallel_variant_no_parallel_market_penalty;card_name_substring_product;source_tcgcsv,low,1,parallel_2,Parallel 2,OP06-047_p2,PRB02/parallel/OP06-047_p2.png
3020,OP06-047,Charlotte Pudding,4718,654142,113,market_number_eq_canonical_or_extracted;image_basename_number_agrees;set_code_match;rarity_match;card_name_substring_product;source_tcgcsv,low,1,r1,R1,OP06-047_r1,PRB02/reprint/OP06-047_r1.png
3025,OP06-049,Sengoku,4921,656122,101,market_number_eq_canonical_or_extracted;image_basename_number_agrees;set_code_match;rarity_match;parallel_variant_no_parallel_market_penalty;card_name_substring_product;source_tcgcsv,low,1,parallel_1,Parallel 1,OP06-049_p1,PRB02/parallel/OP06-049_p1.png
3026,OP06-049,Sengoku,4921,656122,113,market_number_eq_canonical_or_extracted;image_basename_number_agrees;set_code_match;rarity_match;card_name_substring_product;source_tcgcsv,low,1,r1,R1,OP06-049_r1,PRB02/reprint/OP06-049_r1.png
3030,OP06-050,Tashigi,2585,541050,89,market_number_eq_canonical_or_extracted;image_basename_number_agrees;set_code_match;parallel_variant_no_parallel_market_penalty;card_name_substring_product;source_tcgcsv,low,1,parallel_1,Parallel 1,OP06-050_p1,OP06/parallel/OP06-050_p1.png
3032,OP06-050,Tashigi,2585,541050,101,market_number_eq_canonical_or_extracted;image_basename_number_agrees;set_code_match;card_name_substring_product;source_tcgcsv,low,1,sp,SP,OP06-050::sp,thumbs/OP06-050(SP).webp
3047,OP06-056,Ama no Murakumo Sword,3432,593493,101,market_number_eq_canonical_or_extracted;image_basename_number_agrees;set_code_match;rarity_match;parallel_variant_no_parallel_market_penalty;card_name_substring_product;source_tcgcsv,low,1,parallel_2,Parallel 2,OP06-056_p2,PRB01/parallel/OP06-056_p2.png
3048,OP06-056,Ama no Murakumo Sword,3432,593493,101,market_number_eq_canonical_or_extracted;image_basename_number_agrees;set_code_match;rarity_match;parallel_variant_no_parallel_market_penalty;card_name_substring_product;source_tcgcsv,low,1,parallel_3,Parallel 3,OP06-056_p3,PRB01/parallel/OP06-056_p3.png
3049,OP06-056,Ama no Murakumo Sword,4924,656125,101,market_number_eq_canonical_or_extracted;image_basename_number_agrees;set_code_match;rarity_match;parallel_variant_no_parallel_market_penalty;card_name_substring_product;source_tcgcsv,low,1,parallel_4,Parallel 4,OP06-056_p4,PRB02/parallel/OP06-056_p4.png
3050,OP06-056,Ama no Murakumo Sword,3432,593493,113,market_number_eq_canonical_or_extracted;image_basename_number_agrees;set_code_match;rarity_match;card_name_substring_product;source_tcgcsv,low,1,r1,R1,OP06-056_r1,PRB01/reprint/OP06-056_r1.png
3051,OP06-056,Ama no Murakumo Sword,4924,656125,113,market_number_eq_canonical_or_extracted;image_basename_number_agrees;set_code_match;rarity_match;card_name_substring_product;source_tcgcsv,low,1,r2,R2,OP06-056_r2,PRB02/reprint/OP06-056_r2.png
3056,OP06-058,Gravity Blade Raging Tiger,4928,656129,101,market_number_eq_canonical_or_extracted;image_basename_number_agrees;set_code_match;rarity_match;parallel_variant_no_parallel_market_penalty;card_name_substring_product;source_tcgcsv,low,1,parallel_1,Parallel 1,OP06-058_p1,PRB02/parallel/OP06-058_p1.png
3058,OP06-058,Gravity Blade Raging Tiger,4928,656129,113,market_number_eq_canonical_or_extracted;image_basename_number_agrees;set_code_match;rarity_match;card_name_substring_product;source_tcgcsv,low,1,r1,R1,OP06-058_r1,PRB02/reprint/OP06-058_r1.png
3061,OP06-059,White Snake,4933,656134,101,market_number_eq_canonical_or_extracted;image_basename_number_agrees;set_code_match;rarity_match;parallel_variant_no_parallel_market_penalty;card_name_substring_product;source_tcgcsv,low,1,parallel_1,Parallel 1,OP06-059_p1,PRB02/parallel/OP06-059_p1.png
3062,OP06-059,White Snake,4933,656134,113,market_number_eq_canonical_or_extracted;image_basename_number_agrees;set_code_match;rarity_match;card_name_substring_product;source_tcgcsv,low,1,r1,R1,OP06-059_r1,PRB02/reprint/OP06-059_r1.png
3065,OP06-060,Vinsmoke Ichiji,3433,593500,101,market_number_eq_canonical_or_extracted;image_basename_number_agrees;set_code_match;rarity_match;parallel_variant_no_parallel_market_penalty;card_name_substring_product;source_tcgcsv,low,1,parallel_2,Parallel 2,OP06-060_p2,PRB01/parallel/OP06-060_p2.png
3066,OP06-060,Vinsmoke Ichiji,3433,593500,101,market_number_eq_canonical_or_extracted;image_basename_number_agrees;set_code_match;rarity_match;parallel_variant_no_parallel_market_penalty;card_name_substring_product;source_tcgcsv,low,1,parallel_3,Parallel 3,OP06-060_p3,PRB01/parallel/OP06-060_p3.png
3068,OP06-060,Vinsmoke Ichiji,3433,593500,113,market_number_eq_canonical_or_extracted;image_basename_number_agrees;set_code_match;rarity_match;card_name_substring_product;source_tcgcsv,low,1,r1,R1,OP06-060_r1,PRB01/reprint/OP06-060_r1.png
3072,OP06-061,Vinsmoke Ichiji,2603,541068,101,market_number_eq_canonical_or_extracted;image_basename_number_agrees;set_code_match;rarity_match;parallel_variant_no_parallel_market_penalty;card_name_substring_product;source_tcgcsv,low,1,parallel_1,Parallel 1,OP06-061_p1,OP06/parallel/OP06-061_p1.png
3076,OP06-062,Vinsmoke Judge,2596,541061,101,market_number_eq_canonical_or_extracted;image_basename_number_agrees;set_code_match;rarity_match;parallel_variant_no_parallel_market_penalty;card_name_substring_product;source_tcgcsv,low,1,parallel_1,Parallel 1,OP06-062_p1,OP06/parallel/OP06-062_p1.png
3079,OP06-063,Vinsmoke Sora,4935,656136,101,market_number_eq_canonical_or_extracted;image_basename_number_agrees;set_code_match;rarity_match;parallel_variant_no_parallel_market_penalty;card_name_substring_product;source_tcgcsv,low,1,parallel_1,Parallel 1,OP06-063_p1,PRB02/parallel/OP06-063_p1.png
3083,OP06-063,Vinsmoke Sora,4935,656136,113,market_number_eq_canonical_or_extracted;image_basename_number_agrees;set_code_match;rarity_match;card_name_substring_product;source_tcgcsv,low,1,r1,R1,OP06-063_r1,PRB02/reprint/OP06-063_r1.png
3086,OP06-064,Vinsmoke Niji,3435,593506,101,market_number_eq_canonical_or_extracted;image_basename_number_agrees;set_code_match;rarity_match;parallel_variant_no_parallel_market_penalty;card_name_substring_product;source_tcgcsv,low,1,parallel_2,Parallel 2,OP06-064_p2,PRB01/parallel/OP06-064_p2.png
3087,OP06-064,Vinsmoke Niji,3435,593506,101,market_number_eq_canonical_or_extracted;image_basename_number_agrees;set_code_match;rarity_match;parallel_variant_no_parallel_market_penalty;card_name_substring_product;source_tcgcsv,low,1,parallel_3,Parallel 3,OP06-064_p3,PRB01/parallel/OP06-064_p3.png
3089,OP06-064,Vinsmoke Niji,3435,593506,113,market_number_eq_canonical_or_extracted;image_basename_number_agrees;set_code_match;rarity_match;card_name_substring_product;source_tcgcsv,low,1,r1,R1,OP06-064_r1,PRB01/reprint/OP06-064_r1.png
3092,OP06-065,Vinsmoke Niji,3351,587233,101,market_number_eq_canonical_or_extracted;image_basename_number_agrees;set_code_match;rarity_match;parallel_variant_no_parallel_market_penalty;card_name_substring_product;source_tcgcsv,low,1,parallel_2,Parallel 2,OP06-065_p2,PRB01/parallel/OP06-065_p2.png
3093,OP06-065,Vinsmoke Niji,3351,587233,101,market_number_eq_canonical_or_extracted;image_basename_number_agrees;set_code_match;rarity_match;parallel_variant_no_parallel_market_penalty;card_name_substring_product;source_tcgcsv,low,1,parallel_3,Parallel 3,OP06-065_p3,PRB01/parallel/OP06-065_p3.png
3094,OP06-065,Vinsmoke Niji,3351,587233,101,market_number_eq_canonical_or_extracted;image_basename_number_agrees;set_code_match;rarity_match;parallel_variant_no_parallel_market_penalty;card_name_substring_product;source_tcgcsv,low,1,parallel_4,Parallel 4,OP06-065_p4,PRB01/parallel/OP06-065_p4.png
3096,OP06-065,Vinsmoke Niji,3351,587233,113,market_number_eq_canonical_or_extracted;image_basename_number_agrees;set_code_match;rarity_match;card_name_substring_product;source_tcgcsv,low,1,r1,R1,OP06-065_r1,PRB01/reprint/OP06-065_r1.png
3099,OP06-066,Vinsmoke Yonji,3438,593553,101,market_number_eq_canonical_or_extracted;image_basename_number_agrees;set_code_match;rarity_match;parallel_variant_no_parallel_market_penalty;card_name_substring_product;source_tcgcsv,low,1,parallel_2,Parallel 2,OP06-066_p2,PRB01/parallel/OP06-066_p2.png
3100,OP06-066,Vinsmoke Yonji,3438,593553,101,market_number_eq_canonical_or_extracted;image_basename_number_agrees;set_code_match;rarity_match;parallel_variant_no_parallel_market_penalty;card_name_substring_product;source_tcgcsv,low,1,parallel_3,Parallel 3,OP06-066_p3,PRB01/parallel/OP06-066_p3.png
3102,OP06-066,Vinsmoke Yonji,3438,593553,113,market_number_eq_canonical_or_extracted;image_basename_number_agrees;set_code_match;rarity_match;card_name_substring_product;source_tcgcsv,low,1,r1,R1,OP06-066_r1,PRB01/reprint/OP06-066_r1.png
3105,OP06-067,Vinsmoke Yonji,3353,587235,101,market_number_eq_canonical_or_extracted;image_basename_number_agrees;set_code_match;rarity_match;parallel_variant_no_parallel_market_penalty;card_name_substring_product;source_tcgcsv,low,1,parallel_2,Parallel 2,OP06-067_p2,PRB01/parallel/OP06-067_p2.png
3106,OP06-067,Vinsmoke Yonji,3353,587235,101,market_number_eq_canonical_or_extracted;image_basename_number_agrees;set_code_match;rarity_match;parallel_variant_no_parallel_market_penalty;card_name_substring_product;source_tcgcsv,low,1,parallel_3,Parallel 3,OP06-067_p3,PRB01/parallel/OP06-067_p3.png
3107,OP06-067,Vinsmoke Yonji,3353,587235,101,market_number_eq_canonical_or_extracted;image_basename_number_agrees;set_code_match;rarity_match;parallel_variant_no_parallel_market_penalty;card_name_substring_product;source_tcgcsv,low,1,parallel_4,Parallel 4,OP06-067_p4,PRB01/parallel/OP06-067_p4.png
3110,OP06-067,Vinsmoke Yonji,3353,587235,113,market_number_eq_canonical_or_extracted;image_basename_number_agrees;set_code_match;rarity_match;card_name_substring_product;source_tcgcsv,low,1,r1,R1,OP06-067_r1,PRB01/reprint/OP06-067_r1.png
3113,OP06-068,Vinsmoke Reiju,3441,593558,101,market_number_eq_canonical_or_extracted;image_basename_number_agrees;set_code_match;rarity_match;parallel_variant_no_parallel_market_penalty;card_name_substring_product;source_tcgcsv,low,1,parallel_2,Parallel 2,OP06-068_p2,PRB01/parallel/OP06-068_p2.png
3114,OP06-068,Vinsmoke Reiju,3441,593558,101,market_number_eq_canonical_or_extracted;image_basename_number_agrees;set_code_match;rarity_match;parallel_variant_no_parallel_market_penalty;card_name_substring_product;source_tcgcsv,low,1,parallel_3,Parallel 3,OP06-068_p3,PRB01/parallel/OP06-068_p3.png
3116,OP06-068,Vinsmoke Reiju,3441,593558,113,market_number_eq_canonical_or_extracted;image_basename_number_agrees;set_code_match;rarity_match;card_name_substring_product;source_tcgcsv,low,1,r1,R1,OP06-068_r1,PRB01/reprint/OP06-068_r1.png
3121,OP06-069,Vinsmoke Reiju,2598,541063,101,market_number_eq_canonical_or_extracted;image_basename_number_agrees;set_code_match;rarity_match;parallel_variant_no_parallel_market_penalty;card_name_substring_product;source_tcgcsv,low,1,parallel_1,Parallel 1,OP06-069_p1,OP06/parallel/OP06-069_p1.png
3122,OP06-069,Vinsmoke Reiju,2598,541063,101,market_number_eq_canonical_or_extracted;image_basename_number_agrees;set_code_match;rarity_match;parallel_variant_no_parallel_market_penalty;card_name_substring_product;source_tcgcsv,low,1,parallel_2,Parallel 2,OP06-069_p2,_unclassified/parallel/OP06-069_p2.png
3134,OP06-073,Shiki,4940,656141,101,market_number_eq_canonical_or_extracted;image_basename_number_agrees;set_code_match;rarity_match;parallel_variant_no_parallel_market_penalty;card_name_substring_product;source_tcgcsv,low,1,parallel_1,Parallel 1,OP06-073_p1,PRB02/parallel/OP06-073_p1.png
3135,OP06-073,Shiki,4940,656141,113,market_number_eq_canonical_or_extracted;image_basename_number_agrees;set_code_match;rarity_match;card_name_substring_product;source_tcgcsv,low,1,r1,R1,OP06-073_r1,PRB02/reprint/OP06-073_r1.png
3144,OP06-076,Hitokiri Kamazo,4942,656143,101,market_number_eq_canonical_or_extracted;image_basename_number_agrees;set_code_match;rarity_match;parallel_variant_no_parallel_market_penalty;card_name_substring_product;source_tcgcsv,low,1,parallel_2,Parallel 2,OP06-076_p2,PRB02/parallel/OP06-076_p2.png
3145,OP06-076,Hitokiri Kamazo,4942,656143,113,market_number_eq_canonical_or_extracted;image_basename_number_agrees;set_code_match;rarity_match;card_name_substring_product;source_tcgcsv,low,1,r1,R1,OP06-076_r1,PRB02/reprint/OP06-076_r1.png
3150,OP06-078,GERMA 66,4948,656149,101,market_number_eq_canonical_or_extracted;image_basename_number_agrees;set_code_match;rarity_match;parallel_variant_no_parallel_market_penalty;card_name_substring_product;source_tcgcsv,low,1,parallel_1,Parallel 1,OP06-078_p1,PRB02/parallel/OP06-078_p1.png
3151,OP06-078,GERMA 66,4948,656149,113,market_number_eq_canonical_or_extracted;image_basename_number_agrees;set_code_match;rarity_match;card_name_substring_product;source_tcgcsv,low,1,r1,R1,OP06-078_r1,PRB02/reprint/OP06-078_r1.png
3154,OP06-079,Kingdom of GERMA,3360,587575,101,market_number_eq_canonical_or_extracted;image_basename_number_agrees;set_code_match;rarity_match;parallel_variant_no_parallel_market_penalty;card_name_substring_product;source_tcgcsv,low,1,parallel_2,Parallel 2,OP06-079_p2,PRB01/parallel/OP06-079_p2.png
3155,OP06-079,Kingdom of GERMA,3360,587575,101,market_number_eq_canonical_or_extracted;image_basename_number_agrees;set_code_match;rarity_match;parallel_variant_no_parallel_market_penalty;card_name_substring_product;source_tcgcsv,low,1,parallel_3,Parallel 3,OP06-079_p3,PRB01/parallel/OP06-079_p3.png
3156,OP06-079,Kingdom of GERMA,3360,587575,101,market_number_eq_canonical_or_extracted;image_basename_number_agrees;set_code_match;rarity_match;parallel_variant_no_parallel_market_penalty;card_name_substring_product;source_tcgcsv,low,1,parallel_4,Parallel 4,OP06-079_p4,PRB01/parallel/OP06-079_p4.png
3158,OP06-079,Kingdom of GERMA,3360,587575,113,market_number_eq_canonical_or_extracted;image_basename_number_agrees;set_code_match;rarity_match;card_name_substring_product;source_tcgcsv,low,1,r1,R1,OP06-079_r1,PRB01/reprint/OP06-079_r1.png
3162,OP06-080,Gecko Moria,2588,541053,101,market_number_eq_canonical_or_extracted;image_basename_number_agrees;set_code_match;rarity_match;parallel_variant_no_parallel_market_penalty;card_name_substring_product;source_tcgcsv,low,1,parallel_1,Parallel 1,OP06-080_p1,OP06/parallel/OP06-080_p1.png
3167,OP06-081,Absalom,2592,541057,101,market_number_eq_canonical_or_extracted;image_basename_number_agrees;set_code_match;rarity_match;parallel_variant_no_parallel_market_penalty;card_name_substring_product;source_tcgcsv,low,1,parallel_1,Parallel 1,OP06-081_p1,OP06/parallel/OP06-081_p1.png
3179,OP06-086,Gecko Moria,2590,541055,101,market_number_eq_canonical_or_extracted;image_basename_number_agrees;set_code_match;rarity_match;parallel_variant_no_parallel_market_penalty;card_name_substring_product;source_tcgcsv,low,1,parallel_1,Parallel 1,OP06-086_p1,OP06/parallel/OP06-086_p1.png
3195,OP06-091,Victoria Cindry,3444,593562,101,market_number_eq_canonical_or_extracted;image_basename_number_agrees;set_code_match;rarity_match;parallel_variant_no_parallel_market_penalty;card_name_substring_product;source_tcgcsv,low,1,parallel_2,Parallel 2,OP06-091_p2,PRB01/parallel/OP06-091_p2.png
3196,OP06-091,Victoria Cindry,3444,593562,101,market_number_eq_canonical_or_extracted;image_basename_number_agrees;set_code_match;rarity_match;parallel_variant_no_parallel_market_penalty;card_name_substring_product;source_tcgcsv,low,1,parallel_3,Parallel 3,OP06-091_p3,PRB01/parallel/OP06-091_p3.png
3198,OP06-091,Victoria Cindry,3444,593562,113,market_number_eq_canonical_or_extracted;image_basename_number_agrees;set_code_match;rarity_match;card_name_substring_product;source_tcgcsv,low,1,r1,R1,OP06-091_r1,PRB01/reprint/OP06-091_r1.png
3207,OP06-093,Perona,2594,541059,89,market_number_eq_canonical_or_extracted;image_basename_number_agrees;set_code_match;parallel_variant_no_parallel_market_penalty;card_name_substring_product;source_tcgcsv,low,1,parallel_1,Parallel 1,OP06-093_p1,OP06/parallel/OP06-093_p1.png
3208,OP06-093,Perona,2594,541059,89,market_number_eq_canonical_or_extracted;image_basename_number_agrees;set_code_match;parallel_variant_no_parallel_market_penalty;card_name_substring_product;source_tcgcsv,low,1,parallel_3,Parallel 3,OP06-093_p3,OP06/parallel/OP06-093_p3.png
3209,OP06-093,Perona,2594,541059,89,market_number_eq_canonical_or_extracted;image_basename_number_agrees;set_code_match;parallel_variant_no_parallel_market_penalty;card_name_substring_product;source_tcgcsv,low,1,parallel_4,Parallel 4,OP06-093_p4,OP06/parallel/OP06-093_p4.png
3211,OP06-093,Perona,2594,541059,101,market_number_eq_canonical_or_extracted;image_basename_number_agrees;set_code_match;card_name_substring_product;source_tcgcsv,low,1,sp,SP,OP06-093::sp,thumbs/OP06-093(SP).webp
3226,OP06-100,Inuarashi,3446,593564,101,market_number_eq_canonical_or_extracted;image_basename_number_agrees;set_code_match;rarity_match;parallel_variant_no_parallel_market_penalty;card_name_substring_product;source_tcgcsv,low,1,parallel_2,Parallel 2,OP06-100_p2,PRB01/parallel/OP06-100_p2.png
3227,OP06-100,Inuarashi,3446,593564,101,market_number_eq_canonical_or_extracted;image_basename_number_agrees;set_code_match;rarity_match;parallel_variant_no_parallel_market_penalty;card_name_substring_product;source_tcgcsv,low,1,parallel_3,Parallel 3,OP06-100_p3,PRB01/parallel/OP06-100_p3.png
3229,OP06-100,Inuarashi,3446,593564,113,market_number_eq_canonical_or_extracted;image_basename_number_agrees;set_code_match;rarity_match;card_name_substring_product;source_tcgcsv,low,1,r1,R1,OP06-100_r1,PRB01/reprint/OP06-100_r1.png
3235,OP06-101,O-Nami,2559,539491,89,market_number_eq_canonical_or_extracted;image_basename_number_agrees;set_code_match;parallel_variant_no_parallel_market_penalty;card_name_substring_product;source_tcgcsv,low,1,parallel_1,Parallel 1,OP06-101_p1,OP06/parallel/OP06-101_p1.png
3237,OP06-101,O-Nami,2559,539491,89,market_number_eq_canonical_or_extracted;image_basename_number_agrees;set_code_match;parallel_variant_no_parallel_market_penalty;card_name_substring_product;source_tcgcsv,low,1,parallel_3,Parallel 3,OP06-101_p3,_unclassified/parallel/OP06-101_p3.png
3238,OP06-101,O-Nami,2559,539491,89,market_number_eq_canonical_or_extracted;image_basename_number_agrees;set_code_match;parallel_variant_no_parallel_market_penalty;card_name_substring_product;source_tcgcsv,low,1,parallel_4,Parallel 4,OP06-101_p4,CS2526EP/parallel/OP06-101_p4.png
3239,OP06-101,O-Nami,2559,539491,89,market_number_eq_canonical_or_extracted;image_basename_number_agrees;set_code_match;parallel_variant_no_parallel_market_penalty;card_name_substring_product;source_tcgcsv,low,1,parallel_5,Parallel 5,OP06-101_p5,_unclassified/parallel/OP06-101_p5.png
3240,OP06-101,O-Nami,2559,539491,89,market_number_eq_canonical_or_extracted;set_code_match;card_name_substring_product;source_tcgcsv,low,1,sp,S P,OP06-101::s p,thumbs/OP06-101SP.webp
3255,OP06-106,Kouzuki Hiyori,2563,539501,101,market_number_eq_canonical_or_extracted;image_basename_number_agrees;set_code_match;rarity_match;parallel_variant_no_parallel_market_penalty;card_name_substring_product;source_tcgcsv,low,1,parallel_1,Parallel 1,OP06-106_p1,OP06/parallel/OP06-106_p1.png
3262,OP06-107,Kouzuki Momonosuke,2561,539499,101,market_number_eq_canonical_or_extracted;image_basename_number_agrees;set_code_match;rarity_match;parallel_variant_no_parallel_market_penalty;card_name_substring_product;source_tcgcsv,low,1,parallel_1,Parallel 1,OP06-107_p1,OP06/parallel/OP06-107_p1.png
3273,OP06-110,Nekomamushi,3448,593567,101,market_number_eq_canonical_or_extracted;image_basename_number_agrees;set_code_match;rarity_match;parallel_variant_no_parallel_market_penalty;card_name_substring_product;source_tcgcsv,low,1,parallel_3,Parallel 3,OP06-110_p3,PRB01/parallel/OP06-110_p3.png
3274,OP06-110,Nekomamushi,3448,593567,101,market_number_eq_canonical_or_extracted;image_basename_number_agrees;set_code_match;rarity_match;parallel_variant_no_parallel_market_penalty;card_name_substring_product;source_tcgcsv,low,1,parallel_4,Parallel 4,OP06-110_p4,PRB01/parallel/OP06-110_p4.png
3275,OP06-110,Nekomamushi,3448,593567,113,market_number_eq_canonical_or_extracted;image_basename_number_agrees;set_code_match;rarity_match;card_name_substring_product;source_tcgcsv,low,1,r1,R1,OP06-110_r1,PRB01/reprint/OP06-110_r1.png
3286,OP06-114,Wyper,3450,593569,101,market_number_eq_canonical_or_extracted;image_basename_number_agrees;set_code_match;rarity_match;parallel_variant_no_parallel_market_penalty;card_name_substring_product;source_tcgcsv,low,1,parallel_2,Parallel 2,OP06-114_p2,PRB01/parallel/OP06-114_p2.png
3287,OP06-114,Wyper,3450,593569,101,market_number_eq_canonical_or_extracted;image_basename_number_agrees;set_code_match;rarity_match;parallel_variant_no_parallel_market_penalty;card_name_substring_product;source_tcgcsv,low,1,parallel_3,Parallel 3,OP06-114_p3,PRB01/parallel/OP06-114_p3.png
3288,OP06-114,Wyper,3450,593569,113,market_number_eq_canonical_or_extracted;image_basename_number_agrees;set_code_match;rarity_match;card_name_substring_product;source_tcgcsv,low,1,r1,R1,OP06-114_r1,PRB01/reprint/OP06-114_r1.png
3291,OP06-115,You're the One Who Should Disappear.,4955,656157,97,market_number_eq_canonical_or_extracted;image_basename_number_agrees;set_code_match;rarity_match;parallel_variant_no_parallel_market_penalty;name_token_overlap;source_tcgcsv,low,1,parallel_1,Parallel 1,OP06-115_p1,PRB02/parallel/OP06-115_p1.png
3293,OP06-115,You're the One Who Should Disappear.,4955,656157,109,market_number_eq_canonical_or_extracted;image_basename_number_agrees;set_code_match;rarity_match;name_token_overlap;source_tcgcsv,low,1,r1,R1,OP06-115_r1,PRB02/reprint/OP06-115_r1.png
3300,OP06-118,Roronoa Zoro,2689,541659,113,market_number_eq_canonical_or_extracted;image_basename_number_agrees;set_code_match;rarity_match;card_name_substring_product;source_tcgcsv,low,1,promo,2Nd Anniversary Alt,OP06-118::2nd anniversary alt,thumbs/OP06-118(2nd Anniversary alt).webp
3301,OP06-118,Roronoa Zoro,2689,541659,115,market_number_eq_canonical_or_extracted;set_code_match;rarity_match;alt_art_signal;card_name_substring_product;source_tcgcsv,low,1,alt,Alt,OP06-118::alt,thumbs/OP06-118alt.webp
3302,OP06-118,Roronoa Zoro,2689,541659,113,market_number_eq_canonical_or_extracted;image_basename_number_agrees;set_code_match;rarity_match;card_name_substring_product;source_tcgcsv,low,1,mr,Mnaga Rare,OP06-118::mnaga rare,thumbs/OP06-118 Mnaga Rare.webp
3303,OP06-118,Roronoa Zoro,2689,541659,101,market_number_eq_canonical_or_extracted;image_basename_number_agrees;set_code_match;rarity_match;parallel_variant_no_parallel_market_penalty;card_name_substring_product;source_tcgcsv,low,1,parallel_1,Parallel 1,OP06-118_p1,OP06/parallel/OP06-118_p1.png
3304,OP06-118,Roronoa Zoro,2689,541659,101,market_number_eq_canonical_or_extracted;image_basename_number_agrees;set_code_match;rarity_match;parallel_variant_no_parallel_market_penalty;card_name_substring_product;source_tcgcsv,low,1,parallel_2,Parallel 2,OP06-118_p2,OP06/parallel/OP06-118_p2.png
3305,OP06-118,Roronoa Zoro,2689,541659,101,market_number_eq_canonical_or_extracted;image_basename_number_agrees;set_code_match;rarity_match;parallel_variant_no_parallel_market_penalty;card_name_substring_product;source_tcgcsv,low,1,parallel_4,Parallel 4,OP06-118_p4,ANN2JP/parallel/OP06-118_p4.png
3311,OP06-119,Sanji,2692,541662,113,market_number_eq_canonical_or_extracted;image_basename_number_agrees;set_code_match;rarity_match;card_name_substring_product;source_tcgcsv,low,1,mr,Manga,OP06-119::manga,thumbs/OP06-119(manga).webp
3312,OP06-119,Sanji,2692,541662,101,market_number_eq_canonical_or_extracted;image_basename_number_agrees;set_code_match;rarity_match;parallel_variant_no_parallel_market_penalty;card_name_substring_product;source_tcgcsv,low,1,parallel_1,Parallel 1,OP06-119_p1,OP06/parallel/OP06-119_p1.png
3314,OP06-119,Sanji,4723,654637,101,market_number_eq_canonical_or_extracted;image_basename_number_agrees;set_code_match;rarity_match;parallel_variant_no_parallel_market_penalty;card_name_substring_product;source_tcgcsv,low,1,parallel_3,Parallel 3,OP06-119_p3,PRB02/parallel/OP06-119_p3.png
3315,OP06-119,Sanji,4723,654637,113,market_number_eq_canonical_or_extracted;image_basename_number_agrees;set_code_match;rarity_match;card_name_substring_product;source_tcgcsv,low,1,r1,R1,OP06-119_r1,PRB02/reprint/OP06-119_r1.png
3316,OP06-119,Sanji,2692,541662,113,market_number_eq_canonical_or_extracted;image_basename_number_agrees;set_code_match;rarity_match;card_name_substring_product;source_tcgcsv,low,1,sp,SP,OP06-119::sp,thumbs/OP06-119(SP).webp
3319,OP07-001,Monkey.D.Dragon,2813,545778,101,market_number_eq_canonical_or_extracted;set_code_match;rarity_match;card_name_substring_product;source_tcgcsv,low,1,alt,Alt,OP07-001::alt,thumbs/OP07-001alt.webp
3330,OP07-005,Carina,2818,545783,101,market_number_eq_canonical_or_extracted;set_code_match;rarity_match;card_name_substring_product;source_tcgcsv,low,1,alt,Alt,OP07-005::alt,thumbs/OP07-005alt.webp
3350,OP07-014,Moda,4966,656168,101,market_number_eq_canonical_or_extracted;image_basename_number_agrees;set_code_match;rarity_match;parallel_variant_no_parallel_market_penalty;card_name_substring_product;source_tcgcsv,low,1,parallel_1,Parallel 1,OP07-014_p1,PRB02/parallel/OP07-014_p1.png
3351,OP07-014,Moda,4966,656168,113,market_number_eq_canonical_or_extracted;image_basename_number_agrees;set_code_match;rarity_match;card_name_substring_product;source_tcgcsv,low,1,r1,R1,OP07-014_r1,PRB02/reprint/OP07-014_r1.png
3354,OP07-015,Monkey.D.Dragon,2829,545794,101,market_number_eq_canonical_or_extracted;set_code_match;rarity_match;card_name_substring_product;source_tcgcsv,low,1,alt,Alt,OP07-015::alt,thumbs/OP07-015alt.webp
3358,OP07-015,Monkey.D.Dragon,2830,545795,105,market_number_eq_canonical_or_extracted;set_code_match;rarity_match;card_name_substring_product;source_tcgcsv,low,1,sp,S Palt,OP07-015::s palt,thumbs/OP07-015SPalt.webp
3363,OP07-017,Dragon Breath,4971,656174,101,market_number_eq_canonical_or_extracted;image_basename_number_agrees;set_code_match;rarity_match;parallel_variant_no_parallel_market_penalty;card_name_substring_product;source_tcgcsv,low,1,parallel_1,Parallel 1,OP07-017_p1,PRB02/parallel/OP07-017_p1.png
3364,OP07-017,Dragon Breath,4971,656174,113,market_number_eq_canonical_or_extracted;image_basename_number_agrees;set_code_match;rarity_match;card_name_substring_product;source_tcgcsv,low,1,r1,R1,OP07-017_r1,PRB02/reprint/OP07-017_r1.png
3369,OP07-019,Jewelry Bonney,2834,545799,101,market_number_eq_canonical_or_extracted;set_code_match;rarity_match;card_name_substring_product;source_tcgcsv,low,1,alt,Alt,OP07-019::alt,thumbs/OP07-019alt.webp
3373,OP07-019,Jewelry Bonney,2834,545799,113,market_number_eq_canonical_or_extracted;image_basename_number_agrees;set_code_match;rarity_match;card_name_substring_product;source_tcgcsv,low,1,alt,St24,OP07-019::st24,thumbs/OP07-019(ST24).webp
3385,OP07-021,Urouge,4707,653918,101,market_number_eq_canonical_or_extracted;image_basename_number_agrees;set_code_match;rarity_match;parallel_variant_no_parallel_market_penalty;card_name_substring_product;source_tcgcsv,low,1,parallel_8,Parallel 8,OP07-021_p8,PRB02/parallel/OP07-021_p8.png
3388,OP07-021,Urouge,4707,653918,113,market_number_eq_canonical_or_extracted;image_basename_number_agrees;set_code_match;rarity_match;card_name_substring_product;source_tcgcsv,low,1,r2,R2,OP07-021_r2,PRB02/reprint/OP07-021_r2.png
3392,OP07-022,Otama,2838,545803,101,market_number_eq_canonical_or_extracted;set_code_match;rarity_match;card_name_substring_product;source_tcgcsv,low,1,alt,Alt,OP07-022::alt,thumbs/OP07-022alt.webp
3404,OP07-026,Jewelry Bonney,2843,545808,101,market_number_eq_canonical_or_extracted;set_code_match;rarity_match;card_name_substring_product;source_tcgcsv,low,1,alt,Alt,OP07-026::alt,thumbs/OP07-026alt.webp
3413,OP07-029,Basil Hawkins,2847,545812,101,market_number_eq_canonical_or_extracted;set_code_match;rarity_match;card_name_substring_product;source_tcgcsv,low,1,alt,Alt,OP07-029::alt,thumbs/OP07-029alt.webp
3420,OP07-031,Bartolomeo,4985,656191,101,market_number_eq_canonical_or_extracted;image_basename_number_agrees;set_code_match;rarity_match;parallel_variant_no_parallel_market_penalty;card_name_substring_product;source_tcgcsv,low,1,parallel_1,Parallel 1,OP07-031_p1,PRB02/parallel/OP07-031_p1.png
3422,OP07-031,Bartolomeo,4985,656191,113,market_number_eq_canonical_or_extracted;image_basename_number_agrees;set_code_match;rarity_match;card_name_substring_product;source_tcgcsv,low,1,r2,R2,OP07-031_r2,PRB02/reprint/OP07-031_r2.png
3442,OP07-038,Boa Hancock,2857,545822,101,market_number_eq_canonical_or_extracted;set_code_match;rarity_match;card_name_substring_product;source_tcgcsv,low,1,alt,Alt,OP07-038::alt,thumbs/OP07-038alt.webp
3450,OP07-040,Crocodile,4990,656197,101,market_number_eq_canonical_or_extracted;image_basename_number_agrees;set_code_match;rarity_match;parallel_variant_no_parallel_market_penalty;card_name_substring_product;source_tcgcsv,low,1,parallel_2,Parallel 2,OP07-040_p2,PRB02/parallel/OP07-040_p2.png
3451,OP07-040,Crocodile,4990,656197,101,market_number_eq_canonical_or_extracted;image_basename_number_agrees;set_code_match;rarity_match;parallel_variant_no_parallel_market_penalty;card_name_substring_product;source_tcgcsv,low,1,parallel_3,Parallel 3,OP07-040_p3,PRB02/parallel/OP07-040_p3.png
3454,OP07-040,Crocodile,4990,656197,113,market_number_eq_canonical_or_extracted;image_basename_number_agrees;set_code_match;rarity_match;card_name_substring_product;source_tcgcsv,low,1,r1,R1,OP07-040_r1,PRB02/reprint/OP07-040_r1.png
3466,OP07-045,Jinbe,2865,545830,101,market_number_eq_canonical_or_extracted;set_code_match;rarity_match;card_name_substring_product;source_tcgcsv,low,1,alt,Alt,OP07-045::alt,thumbs/OP07-045alt.webp
3470,OP07-046,Sengoku,2867,545832,89,market_number_eq_canonical_or_extracted;set_code_match;card_name_substring_product;source_tcgcsv,low,1,alt,Alt,OP07-046::alt,thumbs/OP07-046alt.webp
3473,OP07-046,Sengoku,2868,545833,105,market_number_eq_canonical_or_extracted;image_basename_number_agrees;set_code_match;card_name_substring_product;source_tcgcsv,low,1,sp,SP,OP07-046::sp,thumbs/OP07-046(SP).webp
3476,OP07-047,Trafalgar Law,2869,545834,101,market_number_eq_canonical_or_extracted;set_code_match;rarity_match;card_name_substring_product;source_tcgcsv,low,1,alt,Alt,OP07-047::alt,thumbs/OP07-047alt.webp
3477,OP07-047,Trafalgar Law,2869,545834,101,market_number_eq_canonical_or_extracted;set_code_match;rarity_match;card_name_substring_product;source_tcgcsv,low,1,alt,Alt Art 2,OP07-047::alt art 2,thumbs/OP07-047alt2.webp
3492,OP07-051,Boa Hancock,2874,545839,101,market_number_eq_canonical_or_extracted;image_basename_number_agrees;set_code_match;card_name_substring_product;source_tcgcsv,low,1,promo,2Nd Anniversary Chinese Serial Alt,OP07-051::2nd anniversary chinese serial alt,thumbs/OP07-051(2nd Anniversary Chinese Serial alt).webp
3493,OP07-051,Boa Hancock,2874,545839,89,market_number_eq_canonical_or_extracted;set_code_match;card_name_substring_product;source_tcgcsv,low,1,alt,Alt,OP07-051::alt,thumbs/OP07-051alt.webp
3494,OP07-051,Boa Hancock,2874,545839,89,market_number_eq_canonical_or_extracted;set_code_match;card_name_substring_product;source_tcgcsv,low,1,mr,M Anga Alt,OP07-051::m anga alt,thumbs/OP07-051manga alt.webp
3495,OP07-051,Boa Hancock,2875,545840,127,market_number_eq_canonical_or_extracted;image_basename_number_agrees;set_code_match;parallel_token_in_market_fields;parallel_index_loose_in_name;card_name_substring_product;source_tcgcsv,low,1,parallel_1,Parallel 1,OP07-051_p1,OP07/parallel/OP07-051_p1.png
3496,OP07-051,Boa Hancock,2875,545840,119,market_number_eq_canonical_or_extracted;image_basename_number_agrees;set_code_match;parallel_token_in_market_fields;card_name_substring_product;source_tcgcsv,low,1,parallel_2,Parallel 2,OP07-051_p2,OP07/parallel/OP07-051_p2.png
3498,OP07-051,Boa Hancock,2875,545840,119,market_number_eq_canonical_or_extracted;image_basename_number_agrees;set_code_match;parallel_token_in_market_fields;card_name_substring_product;source_tcgcsv,low,1,parallel_4,Parallel 4,OP07-051_p4,SWBS01/parallel/OP07-051_p4.png
3499,OP07-051,Boa Hancock,2875,545840,127,market_number_eq_canonical_or_extracted;image_basename_number_agrees;set_code_match;parallel_token_in_market_fields;parallel_index_loose_in_name;card_name_substring_product;source_tcgcsv,low,1,parallel_5,Parallel 5,OP07-051_p5,SWBS01/parallel/OP07-051_p5.png
3500,OP07-051,Boa Hancock,2875,545840,93,market_number_eq_canonical_or_extracted;set_code_match;card_name_substring_product;source_tcgcsv,low,1,sp,S Palt,OP07-051::s palt,thumbs/OP07-051SPalt.webp
3516,OP07-056,Slave Arrow,4995,656202,101,market_number_eq_canonical_or_extracted;image_basename_number_agrees;set_code_match;rarity_match;parallel_variant_no_parallel_market_penalty;card_name_substring_product;source_tcgcsv,low,1,parallel_1,Parallel 1,OP07-056_p1,PRB02/parallel/OP07-056_p1.png
3517,OP07-056,Slave Arrow,4995,656202,113,market_number_eq_canonical_or_extracted;image_basename_number_agrees;set_code_match;rarity_match;card_name_substring_product;source_tcgcsv,low,1,r1,R1,OP07-056_r1,PRB02/reprint/OP07-056_r1.png
3525,OP07-059,Foxy,2884,545849,101,market_number_eq_canonical_or_extracted;set_code_match;rarity_match;card_name_substring_product;source_tcgcsv,low,1,alt,Alt,OP07-059::alt,thumbs/OP07-059alt.webp
3538,OP07-064,Sanji,2890,545855,113,market_number_eq_canonical_or_extracted;image_basename_number_agrees;set_code_match;rarity_match;card_name_substring_product;source_tcgcsv,low,1,promo,2Nd Anniversary Alt,OP07-064::2nd anniversary alt,thumbs/OP07-064(2nd Anniversary alt).webp
3539,OP07-064,Sanji,2890,545855,101,market_number_eq_canonical_or_extracted;set_code_match;rarity_match;card_name_substring_product;source_tcgcsv,low,1,alt,Alt,OP07-064::alt,thumbs/OP07-064alt.webp
3540,OP07-064,Sanji,2890,545855,101,market_number_eq_canonical_or_extracted;set_code_match;rarity_match;card_name_substring_product;source_tcgcsv,low,1,alt,Alt Art 2,OP07-064::alt art 2,thumbs/OP07-064alt2.webp
3560,OP07-071,Foxy,2898,545863,101,market_number_eq_canonical_or_extracted;set_code_match;rarity_match;card_name_substring_product;source_tcgcsv,low,1,alt,Alt,OP07-071::alt,thumbs/OP07-071alt.webp
3564,OP07-072,Porche,2900,545865,101,market_number_eq_canonical_or_extracted;set_code_match;rarity_match;card_name_substring_product;source_tcgcsv,low,1,alt,Alt,OP07-072::alt,thumbs/OP07-072alt.webp
3575,OP07-076,Slow-Slow Beam Sword,5000,656211,101,market_number_eq_canonical_or_extracted;image_basename_number_agrees;set_code_match;rarity_match;parallel_variant_no_parallel_market_penalty;card_name_substring_product;source_tcgcsv,low,1,parallel_1,Parallel 1,OP07-076_p1,PRB02/parallel/OP07-076_p1.png
3576,OP07-076,Slow-Slow Beam Sword,5000,656211,113,market_number_eq_canonical_or_extracted;image_basename_number_agrees;set_code_match;rarity_match;card_name_substring_product;source_tcgcsv,low,1,r1,R1,OP07-076_r1,PRB02/reprint/OP07-076_r1.png
3583,OP07-079,Rob Lucci,2908,545873,101,market_number_eq_canonical_or_extracted;set_code_match;rarity_match;card_name_substring_product;source_tcgcsv,low,1,alt,Alt,OP07-079::alt,thumbs/OP07-079alt.webp
3600,OP07-085,Stussy,2915,545880,89,market_number_eq_canonical_or_extracted;set_code_match;card_name_substring_product;source_tcgcsv,low,1,alt,Alt,OP07-085::alt,thumbs/OP07-085alt.webp
3603,OP07-085,Stussy,2916,545881,105,market_number_eq_canonical_or_extracted;image_basename_number_agrees;set_code_match;card_name_substring_product;source_tcgcsv,low,1,sp,SP,OP07-085::sp,thumbs/OP07-085(SP).webp
3631,OP07-097,Vegapunk,2928,545893,101,market_number_eq_canonical_or_extracted;set_code_match;rarity_match;card_name_substring_product;source_tcgcsv,low,1,alt,Alt,OP07-097::alt,thumbs/OP07-097alt.webp
3657,OP07-107,Franky,2939,545904,101,market_number_eq_canonical_or_extracted;set_code_match;rarity_match;card_name_substring_product;source_tcgcsv,low,1,alt,Alt,OP07-107::alt,thumbs/OP07-107alt.webp
3664,OP07-109,Monkey.D.Luffy,2942,545907,101,market_number_eq_canonical_or_extracted;set_code_match;rarity_match;card_name_substring_product;source_tcgcsv,low,1,alt,Alt,OP07-109::alt,thumbs/OP07-109alt.webp
3665,OP07-109,Monkey.D.Luffy,2942,545907,101,market_number_eq_canonical_or_extracted;set_code_match;rarity_match;card_name_substring_product;source_tcgcsv,low,1,alt,Alt Art 2,OP07-109::alt art 2,thumbs/OP07-109alt2.webp
3666,OP07-109,Monkey.D.Luffy,2942,545907,101,market_number_eq_canonical_or_extracted;set_code_match;rarity_match;card_name_substring_product;source_tcgcsv,low,1,alt,Alt Art 3,OP07-109::alt art 3,thumbs/OP07-109alt3.webp
3667,OP07-109,Monkey.D.Luffy,2942,545907,113,market_number_eq_canonical_or_extracted;image_basename_number_agrees;set_code_match;rarity_match;card_name_substring_product;source_tcgcsv,low,1,promo,Onepieceday24 Alt,OP07-109::onepieceday24 alt,thumbs/OP07-109(OnePieceDay24)alt.webp
3669,OP07-109,Monkey.D.Luffy,3128,564551,89,market_number_eq_canonical_or_extracted;image_basename_number_agrees;set_code_match;parallel_variant_no_parallel_market_penalty;card_name_substring_product;source_tcgcsv,low,1,parallel_2,Parallel 2,OP07-109_p2,OP08/parallel/OP07-109_p2.png
3677,OP07-111,Lilith,2945,545910,89,market_number_eq_canonical_or_extracted;set_code_match;card_name_substring_product;source_tcgcsv,low,1,alt,Alt,OP07-111::alt,thumbs/OP07-111alt.webp
3680,OP07-111,Lilith,2946,545911,105,market_number_eq_canonical_or_extracted;image_basename_number_agrees;set_code_match;card_name_substring_product;source_tcgcsv,low,1,sp,SP,OP07-111::sp,thumbs/OP07-111(SP).webp
3688,OP07-114,He Possesses the World's Most Brilliant Mind,5006,656218,101,market_number_eq_canonical_or_extracted;image_basename_number_agrees;set_code_match;rarity_match;parallel_variant_no_parallel_market_penalty;card_name_substring_product;source_tcgcsv,low,1,parallel_1,Parallel 1,OP07-114_p1,PRB02/parallel/OP07-114_p1.png
3689,OP07-114,He Possesses the World's Most Brilliant Mind,5006,656218,113,market_number_eq_canonical_or_extracted;image_basename_number_agrees;set_code_match;rarity_match;card_name_substring_product;source_tcgcsv,low,1,r1,R1,OP07-114_r1,PRB02/reprint/OP07-114_r1.png
3700,OP07-118,Sabo,2953,545918,101,market_number_eq_canonical_or_extracted;set_code_match;rarity_match;card_name_substring_product;source_tcgcsv,low,1,alt,Alt,OP07-118::alt,thumbs/OP07-118alt.webp
3705,OP07-118,Sabo,2954,545919,117,market_number_eq_canonical_or_extracted;image_basename_number_agrees;set_code_match;rarity_match;card_name_substring_product;source_tcgcsv,low,1,sp,SP,OP07-118::sp,thumbs/OP07-118(SP).webp
3708,OP07-119,Portgas.D.Ace,2955,545920,101,market_number_eq_canonical_or_extracted;set_code_match;rarity_match;card_name_substring_product;source_tcgcsv,low,1,alt,Alt,OP07-119::alt,thumbs/OP07-119alt.webp
3709,OP07-119,Portgas.D.Ace,2955,545920,101,market_number_eq_canonical_or_extracted;set_code_match;rarity_match;card_name_substring_product;source_tcgcsv,low,1,alt,Alt Art 2,OP07-119::alt art 2,thumbs/OP07-119alt2.webp
3715,OP08-001,Tony Tony.Chopper,2977,558021,101,market_number_eq_canonical_or_extracted;set_code_match;rarity_match;card_name_substring_product;source_tcgcsv,low,1,alt,Alt,OP08-001::alt,thumbs/OP08-001alt.webp
3720,OP08-002,Marco,2979,558023,101,market_number_eq_canonical_or_extracted;set_code_match;rarity_match;card_name_substring_product;source_tcgcsv,low,1,alt,Alt,OP08-002::alt,thumbs/OP08-002alt.webp
3733,OP08-007,Tony Tony.Chopper,2985,558029,101,market_number_eq_canonical_or_extracted;set_code_match;rarity_match;card_name_substring_product;source_tcgcsv,low,1,alt,Alt,OP08-007::alt,thumbs/OP08-007alt.webp
3751,OP08-015,Dr.Kureha,2994,558038,101,market_number_eq_canonical_or_extracted;set_code_match;rarity_match;card_name_substring_product;source_tcgcsv,low,1,alt,Alt,OP08-015::alt,thumbs/OP08-015alt.webp
3766,OP08-021,Carrot,3001,558045,101,market_number_eq_canonical_or_extracted;set_code_match;rarity_match;card_name_substring_product;source_tcgcsv,low,1,alt,Alt,OP08-021::alt,thumbs/OP08-021alt.webp
3768,OP08-021,Carrot,4008,629187,101,market_number_eq_canonical_or_extracted;image_basename_number_agrees;set_code_match;rarity_match;parallel_variant_no_parallel_market_penalty;card_name_substring_product;source_tcgcsv,low,1,parallel_2,Parallel 2,OP08-021_p2,EB02/parallel/OP08-021_p2.png
3773,OP08-023,Carrot,3004,558048,101,market_number_eq_canonical_or_extracted;set_code_match;rarity_match;card_name_substring_product;source_tcgcsv,low,1,alt,Alt,OP08-023::alt,thumbs/OP08-023alt.webp
3775,OP08-023,Carrot,4719,654143,101,market_number_eq_canonical_or_extracted;image_basename_number_agrees;set_code_match;rarity_match;parallel_variant_no_parallel_market_penalty;card_name_substring_product;source_tcgcsv,low,1,parallel_2,Parallel 2,OP08-023_p2,PRB02/parallel/OP08-023_p2.png
3776,OP08-023,Carrot,3004,558048,113,market_number_eq_canonical_or_extracted;image_basename_number_agrees;set_code_match;rarity_match;card_name_substring_product;source_tcgcsv,low,1,alt,Prb02,OP08-023::prb02,thumbs/OP08-023(PRB02).webp
3777,OP08-023,Carrot,4719,654143,113,market_number_eq_canonical_or_extracted;image_basename_number_agrees;set_code_match;rarity_match;card_name_substring_product;source_tcgcsv,low,1,r1,R1,OP08-023_r1,PRB02/reprint/OP08-023_r1.png
3792,OP08-030,Pedro,3012,558056,101,market_number_eq_canonical_or_extracted;set_code_match;rarity_match;card_name_substring_product;source_tcgcsv,low,1,alt,Alt,OP08-030::alt,thumbs/OP08-030alt.webp
3823,OP08-043,Edward.Newgate,3026,558070,101,market_number_eq_canonical_or_extracted;set_code_match;rarity_match;card_name_substring_product;source_tcgcsv,low,1,alt,Alt,OP08-043::alt,thumbs/OP08-043alt.webp
3843,OP08-052,Portgas.D.Ace,3036,558080,89,market_number_eq_canonical_or_extracted;set_code_match;card_name_substring_product;source_tcgcsv,low,1,alt,Alt,OP08-052::alt,thumbs/OP08-052alt.webp
3856,OP08-057,King,3042,558086,101,market_number_eq_canonical_or_extracted;set_code_match;rarity_match;card_name_substring_product;source_tcgcsv,low,1,alt,Alt,OP08-057::alt,thumbs/OP08-057alt.webp
3861,OP08-058,Charlotte Pudding,3044,558088,101,market_number_eq_canonical_or_extracted;set_code_match;rarity_match;card_name_substring_product;source_tcgcsv,low,1,alt,Alt,OP08-058::alt,thumbs/OP08-058alt.webp
3884,OP08-067,Charlotte Pudding,3054,558098,101,market_number_eq_canonical_or_extracted;set_code_match;rarity_match;card_name_substring_product;source_tcgcsv,low,1,alt,Alt,OP08-067::alt,thumbs/OP08-067alt.webp
3885,OP08-067,Charlotte Pudding,3054,558098,101,market_number_eq_canonical_or_extracted;set_code_match;rarity_match;card_name_substring_product;source_tcgcsv,low,1,alt,Alt Art 2,OP08-067::alt art 2,thumbs/OP08-067alt2.webp
3893,OP08-069,Charlotte Linlin,3057,558101,113,market_number_eq_canonical_or_extracted;image_basename_number_agrees;set_code_match;rarity_match;card_name_substring_product;source_tcgcsv,low,1,promo,2Nd Anniversary Alt,OP08-069::2nd anniversary alt,thumbs/OP08-069(2nd Anniversary alt).webp
3894,OP08-069,Charlotte Linlin,3057,558101,101,market_number_eq_canonical_or_extracted;set_code_match;rarity_match;card_name_substring_product;source_tcgcsv,low,1,alt,Alt,OP08-069::alt,thumbs/OP08-069alt.webp
3907,OP08-074,Black Maria,3063,558107,101,market_number_eq_canonical_or_extracted;set_code_match;rarity_match;card_name_substring_product;source_tcgcsv,low,1,alt,Alt,OP08-074::alt,thumbs/OP08-074alt.webp
3914,OP08-076,It's to Die For...,5023,656240,97,market_number_eq_canonical_or_extracted;image_basename_number_agrees;set_code_match;rarity_match;parallel_variant_no_parallel_market_penalty;name_token_overlap;source_tcgcsv,low,1,parallel_1,Parallel 1,OP08-076_p1,PRB02/parallel/OP08-076_p1.png
3915,OP08-076,It's to Die For...,5023,656240,109,market_number_eq_canonical_or_extracted;image_basename_number_agrees;set_code_match;rarity_match;name_token_overlap;source_tcgcsv,low,1,r1,R1,OP08-076_r1,PRB02/reprint/OP08-076_r1.png
3922,OP08-079,Kaido,3069,558113,101,market_number_eq_canonical_or_extracted;set_code_match;rarity_match;card_name_substring_product;source_tcgcsv,low,1,alt,Alt,OP08-079::alt,thumbs/OP08-079alt.webp
3926,OP08-080,Queen,3071,558115,101,market_number_eq_canonical_or_extracted;set_code_match;rarity_match;card_name_substring_product;source_tcgcsv,low,1,alt,Alt,OP08-080::alt,thumbs/OP08-080alt.webp
3936,OP08-084,Jack,3076,558120,101,market_number_eq_canonical_or_extracted;set_code_match;rarity_match;card_name_substring_product;source_tcgcsv,low,1,alt,Alt,OP08-084::alt,thumbs/OP08-084alt.webp
3945,OP08-087,Scratchmen Apoo,5026,656243,101,market_number_eq_canonical_or_extracted;image_basename_number_agrees;set_code_match;rarity_match;parallel_variant_no_parallel_market_penalty;card_name_substring_product;source_tcgcsv,low,1,parallel_1,Parallel 1,OP08-087_p1,PRB02/parallel/OP08-087_p1.png
3946,OP08-087,Scratchmen Apoo,5026,656243,113,market_number_eq_canonical_or_extracted;image_basename_number_agrees;set_code_match;rarity_match;card_name_substring_product;source_tcgcsv,low,1,r1,R1,OP08-087_r1,PRB02/reprint/OP08-087_r1.png
3969,OP08-098,Kalgara,3091,558135,101,market_number_eq_canonical_or_extracted;set_code_match;rarity_match;card_name_substring_product;source_tcgcsv,low,1,alt,Alt,OP08-098::alt,thumbs/OP08-098alt.webp
3974,OP08-099,Kalgara,5030,656247,101,market_number_eq_canonical_or_extracted;image_basename_number_agrees;set_code_match;rarity_match;parallel_variant_no_parallel_market_penalty;card_name_substring_product;source_tcgcsv,low,1,parallel_1,Parallel 1,OP08-099_p1,PRB02/parallel/OP08-099_p1.png
3976,OP08-099,Kalgara,5030,656247,113,market_number_eq_canonical_or_extracted;image_basename_number_agrees;set_code_match;rarity_match;card_name_substring_product;source_tcgcsv,low,1,r1,R1,OP08-099_r1,PRB02/reprint/OP08-099_r1.png
3989,OP08-105,Jewelry Bonney,3099,558143,113,market_number_eq_canonical_or_extracted;image_basename_number_agrees;set_code_match;rarity_match;card_name_substring_product;source_tcgcsv,low,1,promo,2Nd Anniversary Alt,OP08-105::2nd anniversary alt,thumbs/OP08-105(2nd anniversary alt).webp
3990,OP08-105,Jewelry Bonney,3099,558143,101,market_number_eq_canonical_or_extracted;set_code_match;rarity_match;card_name_substring_product;source_tcgcsv,low,1,alt,Alt,OP08-105::alt,thumbs/OP08-105alt.webp
3991,OP08-105,Jewelry Bonney,3099,558143,101,market_number_eq_canonical_or_extracted;set_code_match;rarity_match;card_name_substring_product;source_tcgcsv,low,1,alt,Alt Art 2,OP08-105::alt art 2,thumbs/OP08-105alt2.webp
3995,OP08-106,Nami,3101,558145,89,market_number_eq_canonical_or_extracted;set_code_match;card_name_substring_product;source_tcgcsv,low,1,alt,Alt,OP08-106::alt,thumbs/OP08-106alt.webp
3998,OP08-106,Nami,3102,558146,93,market_number_eq_canonical_or_extracted;set_code_match;card_name_substring_product;source_tcgcsv,low,1,sp,S Palt,OP08-106::s palt,thumbs/OP08-106SPalt.webp
4007,OP08-110,Wyper,3106,558150,101,market_number_eq_canonical_or_extracted;set_code_match;rarity_match;card_name_substring_product;source_tcgcsv,low,1,alt,Alt,OP08-110::alt,thumbs/OP08-110alt.webp
4008,OP08-110,Wyper,3106,558150,101,market_number_eq_canonical_or_extracted;set_code_match;rarity_match;card_name_substring_product;source_tcgcsv,low,1,alt,Alt Art 2,OP08-110::alt art 2,thumbs/OP08-110alt2.webp
4017,OP08-112,S-Snake,3109,558153,101,market_number_eq_canonical_or_extracted;set_code_match;rarity_match;card_name_substring_product;source_tcgcsv,low,1,alt,Alt,OP08-112::alt,thumbs/OP08-112alt.webp
4031,OP08-118,Silvers Rayleigh,3116,558160,101,market_number_eq_canonical_or_extracted;set_code_match;rarity_match;card_name_substring_product;source_tcgcsv,low,1,alt,Alt,OP08-118::alt,thumbs/OP08-118alt.webp
4032,OP08-118,Silvers Rayleigh,3116,558160,101,market_number_eq_canonical_or_extracted;set_code_match;rarity_match;card_name_substring_product;source_tcgcsv,low,1,mr,M Anga Alt,OP08-118::m anga alt,thumbs/OP08-118Manga alt.webp
4033,OP08-118,Silvers Rayleigh,3117,558161,131,market_number_eq_canonical_or_extracted;image_basename_number_agrees;set_code_match;rarity_match;parallel_token_in_market_fields;card_name_substring_product;source_tcgcsv,low,1,parallel_1,Parallel 1,OP08-118_p1,OP08/parallel/OP08-118_p1.png
4034,OP08-118,Silvers Rayleigh,3117,558161,131,market_number_eq_canonical_or_extracted;image_basename_number_agrees;set_code_match;rarity_match;parallel_token_in_market_fields;card_name_substring_product;source_tcgcsv,low,1,parallel_2,Parallel 2,OP08-118_p2,OP08/parallel/OP08-118_p2.png
4038,OP08-119,Kaido & Linlin,3119,558163,101,market_number_eq_canonical_or_extracted;set_code_match;rarity_match;card_name_substring_product;source_tcgcsv,low,1,alt,Alt,OP08-119::alt,thumbs/OP08-119alt.webp
4042,OP09-001,Shanks,3591,596919,101,market_number_eq_canonical_or_extracted;set_code_match;rarity_match;card_name_substring_product;source_tcgcsv,low,1,alt,Alt,OP09-001::alt,thumbs/OP09-001alt.webp
4045,OP09-001,Shanks,3591,596919,113,market_number_eq_canonical_or_extracted;image_basename_number_agrees;set_code_match;rarity_match;card_name_substring_product;source_tcgcsv,low,1,alt,St23,OP09-001::st23,thumbs/OP09-001(ST23).webp
4048,OP09-002,Uta,3593,596921,91,market_number_eq_canonical_or_extracted;set_code_match;rarity_match;source_tcgcsv,low,1,alt,Alt,OP09-002::alt,thumbs/OP09-002alt.webp
4057,OP09-004,Shanks,3596,596924,101,market_number_eq_canonical_or_extracted;set_code_match;rarity_match;card_name_substring_product;source_tcgcsv,low,1,mr,M Anga Alt,OP09-004::m anga alt,thumbs/OP09-004Manga alt.webp
4058,OP09-004,Shanks,3596,596924,101,market_number_eq_canonical_or_extracted;image_basename_number_agrees;set_code_match;rarity_match;parallel_variant_no_parallel_market_penalty;card_name_substring_product;source_tcgcsv,low,1,parallel_1,Parallel 1,OP09-004_p1,OP09/parallel/OP09-004_p1.png
4059,OP09-004,Shanks,3596,596924,101,market_number_eq_canonical_or_extracted;image_basename_number_agrees;set_code_match;rarity_match;parallel_variant_no_parallel_market_penalty;card_name_substring_product;source_tcgcsv,low,1,parallel_2,Parallel 2,OP09-004_p2,OP09/parallel/OP09-004_p2.png
4060,OP09-004,Shanks,3596,596924,101,market_number_eq_canonical_or_extracted;image_basename_number_agrees;set_code_match;rarity_match;parallel_variant_no_parallel_market_penalty;card_name_substring_product;source_tcgcsv,low,1,parallel_3,Parallel 3,OP09-004_p3,OP09/parallel/OP09-004_p3.png
4061,OP09-004,Shanks,3596,596924,101,market_number_eq_canonical_or_extracted;image_basename_number_agrees;set_code_match;rarity_match;parallel_variant_no_parallel_market_penalty;card_name_substring_product;source_tcgcsv,low,1,parallel_4,Parallel 4,OP09-004_p4,CS2526ORS2/parallel/OP09-004_p4.png
4062,OP09-004,Shanks,4618,657442,101,market_number_eq_canonical_or_extracted;image_basename_number_agrees;set_code_match;rarity_match;parallel_variant_no_parallel_market_penalty;card_name_substring_product;source_tcgcsv,low,1,parallel_5,Parallel 5,OP09-004_p5,OP13/parallel/OP09-004_p5.png
4063,OP09-004,Shanks,4618,657442,101,market_number_eq_canonical_or_extracted;image_basename_number_agrees;set_code_match;rarity_match;parallel_variant_no_parallel_market_penalty;card_name_substring_product;source_tcgcsv,low,1,parallel_6,Parallel 6,OP09-004_p6,OP13/parallel/OP09-004_p6.png
4065,OP09-004,Shanks,3596,596924,113,market_number_eq_canonical_or_extracted;image_basename_number_agrees;set_code_match;rarity_match;card_name_substring_product;source_tcgcsv,low,1,sp,SP1,OP09-004::sp1,thumbs/OP09-004(SP1).webp
4066,OP09-004,Shanks,3596,596924,113,market_number_eq_canonical_or_extracted;image_basename_number_agrees;set_code_match;rarity_match;card_name_substring_product;source_tcgcsv,low,1,sp,SP2,OP09-004::sp2,thumbs/OP09-004(SP2).webp
4083,OP09-009,Benn.Beckman,3604,596932,101,market_number_eq_canonical_or_extracted;set_code_match;rarity_match;card_name_substring_product;source_tcgcsv,low,1,alt,Alt,OP09-009::alt,thumbs/OP09-009alt.webp
4088,OP09-009,Benn.Beckman,3605,596933,117,market_number_eq_canonical_or_extracted;image_basename_number_agrees;set_code_match;rarity_match;card_name_substring_product;source_tcgcsv,low,1,sp,SP,OP09-009::sp,thumbs/OP09-009(SP).webp
4110,OP09-014,Limejuice,4839,656035,101,market_number_eq_canonical_or_extracted;image_basename_number_agrees;set_code_match;rarity_match;parallel_variant_no_parallel_market_penalty;card_name_substring_product;source_tcgcsv,low,1,parallel_1,Parallel 1,OP09-014_p1,PRB02/parallel/OP09-014_p1.png
4111,OP09-014,Limejuice,4839,656035,101,market_number_eq_canonical_or_extracted;image_basename_number_agrees;set_code_match;rarity_match;parallel_variant_no_parallel_market_penalty;card_name_substring_product;source_tcgcsv,low,1,parallel_2,Parallel 2,OP09-014_p2,PRB02/parallel/OP09-014_p2.png
4114,OP09-014,Limejuice,4839,656035,113,market_number_eq_canonical_or_extracted;image_basename_number_agrees;set_code_match;rarity_match;card_name_substring_product;source_tcgcsv,low,1,r2,R2,OP09-014_r2,PRB02/reprint/OP09-014_r2.png
4130,OP09-020,Come On!! We'll Fight You!!,4691,653833,101,market_number_eq_canonical_or_extracted;image_basename_number_agrees;set_code_match;rarity_match;parallel_variant_no_parallel_market_penalty;card_name_substring_product;source_tcgcsv,low,1,parallel_2,Parallel 2,OP09-020_p2,OP09/parallel/OP09-020_p2.png
4133,OP09-020,Come On!! We'll Fight You!!,4691,653833,113,market_number_eq_canonical_or_extracted;image_basename_number_agrees;set_code_match;rarity_match;card_name_substring_product;source_tcgcsv,low,1,r2,R2,OP09-020_r2,PRB02/reprint/OP09-020_r2.png
4138,OP09-022,Lim,3618,596946,91,market_number_eq_canonical_or_extracted;set_code_match;rarity_match;source_tcgcsv,low,1,alt,Alt,OP09-022::alt,thumbs/OP09-022alt.webp
4142,OP09-023,Adio,3620,596948,101,market_number_eq_canonical_or_extracted;set_code_match;rarity_match;card_name_substring_product;source_tcgcsv,low,1,alt,Alt,OP09-023::alt,thumbs/OP09-023Alt.webp
4152,OP09-027,Sabo,4850,656046,101,market_number_eq_canonical_or_extracted;image_basename_number_agrees;set_code_match;rarity_match;parallel_variant_no_parallel_market_penalty;card_name_substring_product;source_tcgcsv,low,1,parallel_1,Parallel 1,OP09-027_p1,PRB02/parallel/OP09-027_p1.png
4155,OP09-027,Sabo,4850,656046,113,market_number_eq_canonical_or_extracted;image_basename_number_agrees;set_code_match;rarity_match;card_name_substring_product;source_tcgcsv,low,1,r1,R1,OP09-027_r1,PRB02/reprint/OP09-027_r1.png
4168,OP09-033,Nico Robin,4853,656050,101,market_number_eq_canonical_or_extracted;image_basename_number_agrees;set_code_match;rarity_match;parallel_variant_no_parallel_market_penalty;card_name_substring_product;source_tcgcsv,low,1,parallel_1,Parallel 1,OP09-033_p1,PRB02/parallel/OP09-033_p1.png
4169,OP09-033,Nico Robin,4853,656050,113,market_number_eq_canonical_or_extracted;image_basename_number_agrees;set_code_match;rarity_match;card_name_substring_product;source_tcgcsv,low,1,r1,R1,OP09-033_r1,PRB02/reprint/OP09-033_r1.png
4172,OP09-034,Perona,3632,596960,101,market_number_eq_canonical_or_extracted;set_code_match;rarity_match;card_name_substring_product;source_tcgcsv,low,1,alt,Alt,OP09-034::alt,thumbs/OP09-034alt.webp
4182,OP09-037,Lim,3636,596964,79,market_number_eq_canonical_or_extracted;set_code_match;source_tcgcsv,low,1,alt,Alt,OP09-037::alt,thumbs/OP09-037alt.webp
4185,OP09-037,Lim,3637,596965,95,market_number_eq_canonical_or_extracted;image_basename_number_agrees;set_code_match;source_tcgcsv,low,1,sp,SP,OP09-037::sp,thumbs/OP09-037(SP).webp
4196,OP09-042,Buggy,3642,596970,101,market_number_eq_canonical_or_extracted;set_code_match;rarity_match;card_name_substring_product;source_tcgcsv,low,1,alt,Alt,OP09-042::alt,thumbs/OP09-042alt.webp
4198,OP09-042,Buggy,4215,633944,101,market_number_eq_canonical_or_extracted;image_basename_number_agrees;set_code_match;rarity_match;parallel_variant_no_parallel_market_penalty;card_name_substring_product;source_tcgcsv,low,1,parallel_2,Parallel 2,OP09-042_p2,ST25/parallel/OP09-042_p2.png
4212,OP09-046,Crocodile,3647,596975,101,market_number_eq_canonical_or_extracted;set_code_match;rarity_match;card_name_substring_product;source_tcgcsv,low,1,alt,Alt,OP09-046::alt,thumbs/OP09-046alt.webp
4219,OP09-048,Dracule Mihawk,3650,596978,101,market_number_eq_canonical_or_extracted;set_code_match;rarity_match;card_name_substring_product;source_tcgcsv,low,1,alt,Alt,OP09-048::alt,thumbs/OP09-048alt.webp
4226,OP09-050,Nami,3653,596981,101,market_number_eq_canonical_or_extracted;set_code_match;rarity_match;card_name_substring_product;source_tcgcsv,low,1,alt,Alt,OP09-050::alt,thumbs/OP09-050alt.webp
4231,OP09-051,Buggy,3655,596983,89,market_number_eq_canonical_or_extracted;set_code_match;card_name_substring_product;source_tcgcsv,low,1,mr,M Anga Alt,OP09-051::m anga alt,thumbs/OP09-051Manga alt.webp
4232,OP09-051,Buggy,3655,596983,89,market_number_eq_canonical_or_extracted;image_basename_number_agrees;set_code_match;parallel_variant_no_parallel_market_penalty;card_name_substring_product;source_tcgcsv,low,1,parallel_1,Parallel 1,OP09-051_p1,OP09/parallel/OP09-051_p1.png
4233,OP09-051,Buggy,3655,596983,89,market_number_eq_canonical_or_extracted;image_basename_number_agrees;set_code_match;parallel_variant_no_parallel_market_penalty;card_name_substring_product;source_tcgcsv,low,1,parallel_2,Parallel 2,OP09-051_p2,OP09/parallel/OP09-051_p2.png
4234,OP09-051,Buggy,3655,596983,89,market_number_eq_canonical_or_extracted;image_basename_number_agrees;set_code_match;parallel_variant_no_parallel_market_penalty;card_name_substring_product;source_tcgcsv,low,1,parallel_3,Parallel 3,OP09-051_p3,OP09/parallel/OP09-051_p3.png
4235,OP09-051,Buggy,5239,671453,89,market_number_eq_canonical_or_extracted;image_basename_number_agrees;set_code_match;parallel_variant_no_parallel_market_penalty;card_name_substring_product;source_tcgcsv,low,1,parallel_4,Parallel 4,OP09-051_p4,EB04/parallel/OP09-051_p4.png
4236,OP09-051,Buggy,5239,671453,89,market_number_eq_canonical_or_extracted;image_basename_number_agrees;set_code_match;parallel_variant_no_parallel_market_penalty;card_name_substring_product;source_tcgcsv,low,1,parallel_5,Parallel 5,OP09-051_p5,EB04/parallel/OP09-051_p5.png
4252,OP09-056,Mr.3(Galdino),4711,654097,101,market_number_eq_canonical_or_extracted;image_basename_number_agrees;set_code_match;rarity_match;parallel_variant_no_parallel_market_penalty;card_name_substring_product;source_tcgcsv,low,1,parallel_1,Parallel 1,OP09-056_p1,PRB02/parallel/OP09-056_p1.png
4255,OP09-056,Mr.3(Galdino),4711,654097,113,market_number_eq_canonical_or_extracted;image_basename_number_agrees;set_code_match;rarity_match;card_name_substring_product;source_tcgcsv,low,1,r2,R2,OP09-056_r2,PRB02/reprint/OP09-056_r2.png
4258,OP09-057,Cross Guild,4692,653834,101,market_number_eq_canonical_or_extracted;image_basename_number_agrees;set_code_match;rarity_match;parallel_variant_no_parallel_market_penalty;card_name_substring_product;source_tcgcsv,low,1,parallel_2,Parallel 2,OP09-057_p2,OP09/parallel/OP09-057_p2.png
4261,OP09-057,Cross Guild,4692,653834,113,market_number_eq_canonical_or_extracted;image_basename_number_agrees;set_code_match;rarity_match;card_name_substring_product;source_tcgcsv,low,1,r2,R2,OP09-057_r2,PRB02/reprint/OP09-057_r2.png
4270,OP09-061,Monkey.D.Luffy,3668,596996,101,market_number_eq_canonical_or_extracted;set_code_match;rarity_match;card_name_substring_product;source_tcgcsv,low,1,alt,Alt,OP09-061::alt,thumbs/OP09-061alt.webp
4273,OP09-061,Monkey.D.Luffy,3668,596996,113,market_number_eq_canonical_or_extracted;image_basename_number_agrees;set_code_match;rarity_match;card_name_substring_product;source_tcgcsv,low,1,alt,St26,OP09-061::st26,thumbs/OP09-061(ST26).webp
4276,OP09-062,Nico Robin,3670,596998,101,market_number_eq_canonical_or_extracted;set_code_match;rarity_match;card_name_substring_product;source_tcgcsv,low,1,alt,Alt,OP09-062::alt,thumbs/OP09-062alt.webp
4285,OP09-065,Sanji,3674,597002,101,market_number_eq_canonical_or_extracted;set_code_match;rarity_match;card_name_substring_product;source_tcgcsv,low,1,alt,Alt,OP09-065::alt,thumbs/OP09-065alt.webp
4297,OP09-069,Trafalgar Law,3679,597007,101,market_number_eq_canonical_or_extracted;set_code_match;rarity_match;card_name_substring_product;source_tcgcsv,low,1,alt,Alt,OP09-069::alt,thumbs/OP09-069alt.webp
4298,OP09-069,Trafalgar Law,3679,597007,101,market_number_eq_canonical_or_extracted;set_code_match;rarity_match;card_name_substring_product;source_tcgcsv,low,1,alt,Alt Art 2,OP09-069::alt art 2,thumbs/OP09-069alt2.webp
4310,OP09-072,Franky,3683,597011,101,market_number_eq_canonical_or_extracted;set_code_match;rarity_match;card_name_substring_product;source_tcgcsv,low,1,alt,Alt,OP09-072::alt,thumbs/OP09-072alt.webp
4322,OP09-076,Roronoa Zoro,4713,654099,101,market_number_eq_canonical_or_extracted;image_basename_number_agrees;set_code_match;rarity_match;parallel_variant_no_parallel_market_penalty;card_name_substring_product;source_tcgcsv,low,1,parallel_2,Parallel 2,OP09-076_p2,PRB02/parallel/OP09-076_p2.png
4325,OP09-076,Roronoa Zoro,4713,654099,113,market_number_eq_canonical_or_extracted;image_basename_number_agrees;set_code_match;rarity_match;card_name_substring_product;source_tcgcsv,low,1,r2,R2,OP09-076_r2,PRB02/reprint/OP09-076_r2.png
4328,OP09-077,Gum-Gum Lightning,4881,656082,101,market_number_eq_canonical_or_extracted;image_basename_number_agrees;set_code_match;rarity_match;parallel_variant_no_parallel_market_penalty;card_name_substring_product;source_tcgcsv,low,1,parallel_1,Parallel 1,OP09-077_p1,PRB02/parallel/OP09-077_p1.png
4331,OP09-077,Gum-Gum Lightning,4881,656082,113,market_number_eq_canonical_or_extracted;image_basename_number_agrees;set_code_match;rarity_match;card_name_substring_product;source_tcgcsv,low,1,r2,R2,OP09-077_r2,PRB02/reprint/OP09-077_r2.png
4335,OP09-078,Gum-Gum Giant,4693,653835,101,market_number_eq_canonical_or_extracted;image_basename_number_agrees;set_code_match;rarity_match;parallel_variant_no_parallel_market_penalty;card_name_substring_product;source_tcgcsv,low,1,parallel_2,Parallel 2,OP09-078_p2,PRB02/parallel/OP09-078_p2.png
4337,OP09-078,Gum-Gum Giant,4693,653835,113,market_number_eq_canonical_or_extracted;image_basename_number_agrees;set_code_match;rarity_match;card_name_substring_product;source_tcgcsv,low,1,r1,R1,OP09-078_r1,PRB02/reprint/OP09-078_r1.png
4340,OP09-079,Gum-Gum Jump Rope,4883,656084,101,market_number_eq_canonical_or_extracted;image_basename_number_agrees;set_code_match;rarity_match;parallel_variant_no_parallel_market_penalty;card_name_substring_product;source_tcgcsv,low,1,parallel_1,Parallel 1,OP09-079_p1,PRB02/parallel/OP09-079_p1.png
4341,OP09-079,Gum-Gum Jump Rope,4883,656084,113,market_number_eq_canonical_or_extracted;image_basename_number_agrees;set_code_match;rarity_match;card_name_substring_product;source_tcgcsv,low,1,r1,R1,OP09-079_r1,PRB02/reprint/OP09-079_r1.png
4346,OP09-081,Marshall.D.Teach,3693,597021,101,market_number_eq_canonical_or_extracted;set_code_match;rarity_match;card_name_substring_product;source_tcgcsv,low,1,alt,Alt,OP09-081::alt,thumbs/OP09-081alt.webp
4349,OP09-081,Marshall.D.Teach,3693,597021,113,market_number_eq_canonical_or_extracted;image_basename_number_agrees;set_code_match;rarity_match;card_name_substring_product;source_tcgcsv,low,1,alt,St27,OP09-081::st27,thumbs/OP09-081(ST27).webp
4357,OP09-084,Catarina Devon,4885,656086,101,market_number_eq_canonical_or_extracted;image_basename_number_agrees;set_code_match;rarity_match;parallel_variant_no_parallel_market_penalty;card_name_substring_product;source_tcgcsv,low,1,parallel_1,Parallel 1,OP09-084_p1,PRB02/parallel/OP09-084_p1.png
4358,OP09-084,Catarina Devon,4885,656086,113,market_number_eq_canonical_or_extracted;image_basename_number_agrees;set_code_match;rarity_match;card_name_substring_product;source_tcgcsv,low,1,r1,R1,OP09-084_r1,PRB02/reprint/OP09-084_r1.png
4363,OP09-086,Jesus Burgess,4712,654098,101,market_number_eq_canonical_or_extracted;image_basename_number_agrees;set_code_match;rarity_match;parallel_variant_no_parallel_market_penalty;card_name_substring_product;source_tcgcsv,low,1,parallel_1,Parallel 1,OP09-086_p1,PRB02/parallel/OP09-086_p1.png
4366,OP09-086,Jesus Burgess,4712,654098,113,market_number_eq_canonical_or_extracted;image_basename_number_agrees;set_code_match;rarity_match;card_name_substring_product;source_tcgcsv,low,1,r2,R2,OP09-086_r2,PRB02/reprint/OP09-086_r2.png
4389,OP09-093,Marshall.D.Teach,3706,597034,101,market_number_eq_canonical_or_extracted;set_code_match;rarity_match;card_name_substring_product;source_tcgcsv,low,1,mr,M Anga Alt,OP09-093::m anga alt,thumbs/OP09-093Manga alt.webp
4390,OP09-093,Marshall.D.Teach,3706,597034,101,market_number_eq_canonical_or_extracted;image_basename_number_agrees;set_code_match;rarity_match;parallel_variant_no_parallel_market_penalty;card_name_substring_product;source_tcgcsv,low,1,parallel_1,Parallel 1,OP09-093_p1,OP09/parallel/OP09-093_p1.png
4391,OP09-093,Marshall.D.Teach,3706,597034,101,market_number_eq_canonical_or_extracted;image_basename_number_agrees;set_code_match;rarity_match;parallel_variant_no_parallel_market_penalty;card_name_substring_product;source_tcgcsv,low,1,parallel_2,Parallel 2,OP09-093_p2,OP09/parallel/OP09-093_p2.png
4392,OP09-093,Marshall.D.Teach,3706,597034,101,market_number_eq_canonical_or_extracted;image_basename_number_agrees;set_code_match;rarity_match;parallel_variant_no_parallel_market_penalty;card_name_substring_product;source_tcgcsv,low,1,parallel_3,Parallel 3,OP09-093_p3,OP09/parallel/OP09-093_p3.png
4393,OP09-093,Marshall.D.Teach,4439,646572,101,market_number_eq_canonical_or_extracted;image_basename_number_agrees;set_code_match;rarity_match;parallel_variant_no_parallel_market_penalty;card_name_substring_product;source_tcgcsv,low,1,parallel_4,Parallel 4,OP09-093_p4,OP12/parallel/OP09-093_p4.png
4394,OP09-093,Marshall.D.Teach,4439,646572,101,market_number_eq_canonical_or_extracted;image_basename_number_agrees;set_code_match;rarity_match;parallel_variant_no_parallel_market_penalty;card_name_substring_product;source_tcgcsv,low,1,parallel_5,Parallel 5,OP09-093_p5,OP12/parallel/OP09-093_p5.png
4396,OP09-093,Marshall.D.Teach,3706,597034,113,market_number_eq_canonical_or_extracted;image_basename_number_agrees;set_code_match;rarity_match;card_name_substring_product;source_tcgcsv,low,1,sp,SP1,OP09-093::sp1,thumbs/OP09-093(SP1).webp
4397,OP09-093,Marshall.D.Teach,3706,597034,113,market_number_eq_canonical_or_extracted;image_basename_number_agrees;set_code_match;rarity_match;card_name_substring_product;source_tcgcsv,low,1,sp,SP2,OP09-093::sp2,thumbs/OP09-093(SP2).webp
4407,OP09-096,My Era...Begins!!,4694,653836,101,market_number_eq_canonical_or_extracted;image_basename_number_agrees;set_code_match;rarity_match;parallel_variant_no_parallel_market_penalty;card_name_substring_product;source_tcgcsv,low,1,parallel_1,Parallel 1,OP09-096_p1,PRB02/parallel/OP09-096_p1.png
4409,OP09-096,My Era...Begins!!,4694,653836,113,market_number_eq_canonical_or_extracted;image_basename_number_agrees;set_code_match;rarity_match;card_name_substring_product;source_tcgcsv,low,1,r1,R1,OP09-096_r1,PRB02/reprint/OP09-096_r1.png
4412,OP09-097,Black Vortex,4889,656090,101,market_number_eq_canonical_or_extracted;image_basename_number_agrees;set_code_match;rarity_match;parallel_variant_no_parallel_market_penalty;card_name_substring_product;source_tcgcsv,low,1,parallel_1,Parallel 1,OP09-097_p1,PRB02/parallel/OP09-097_p1.png
4413,OP09-097,Black Vortex,4889,656090,113,market_number_eq_canonical_or_extracted;image_basename_number_agrees;set_code_match;rarity_match;card_name_substring_product;source_tcgcsv,low,1,r1,R1,OP09-097_r1,PRB02/reprint/OP09-097_r1.png
4416,OP09-098,Black Hole,4891,656092,101,market_number_eq_canonical_or_extracted;image_basename_number_agrees;set_code_match;rarity_match;parallel_variant_no_parallel_market_penalty;card_name_substring_product;source_tcgcsv,low,1,parallel_1,Parallel 1,OP09-098_p1,PRB02/parallel/OP09-098_p1.png
4417,OP09-098,Black Hole,4891,656092,113,market_number_eq_canonical_or_extracted;image_basename_number_agrees;set_code_match;rarity_match;card_name_substring_product;source_tcgcsv,low,1,r1,R1,OP09-098_r1,PRB02/reprint/OP09-098_r1.png
4429,OP09-103,Koala,3719,597047,101,market_number_eq_canonical_or_extracted;set_code_match;rarity_match;card_name_substring_product;source_tcgcsv,low,1,alt,Alt,OP09-103::alt,thumbs/OP09-103alt.webp
4445,OP09-107,Nico Robin,3724,597052,101,market_number_eq_canonical_or_extracted;set_code_match;rarity_match;card_name_substring_product;source_tcgcsv,low,1,alt,Alt,OP09-107::alt,thumbs/OP09-107alt.webp
4473,OP09-118,Gol.D.Roger,3736,597064,89,market_number_eq_canonical_or_extracted;set_code_match;card_name_substring_product;source_tcgcsv,low,1,mr,M Anga Alt,OP09-118::m anga alt,thumbs/OP09-118Manga alt.webp
4474,OP09-118,Gol.D.Roger,3736,597064,89,market_number_eq_canonical_or_extracted;image_basename_number_agrees;set_code_match;parallel_variant_no_parallel_market_penalty;card_name_substring_product;source_tcgcsv,low,1,parallel_1,Parallel 1,OP09-118_p1,OP09/parallel/OP09-118_p1.png
4475,OP09-118,Gol.D.Roger,3736,597064,89,market_number_eq_canonical_or_extracted;image_basename_number_agrees;set_code_match;parallel_variant_no_parallel_market_penalty;card_name_substring_product;source_tcgcsv,low,1,parallel_2,Parallel 2,OP09-118_p2,OP09/parallel/OP09-118_p2.png
4477,OP09-118,Gol.D.Roger,3736,597064,101,market_number_eq_canonical_or_extracted;image_basename_number_agrees;set_code_match;card_name_substring_product;source_tcgcsv,low,1,promo,Wanted,OP09-118::wanted,thumbs/OP09-118(Wanted).webp
4481,OP09-119,Monkey.D.Luffy,3739,597067,89,market_number_eq_canonical_or_extracted;set_code_match;card_name_substring_product;source_tcgcsv,low,1,mr,M Anga At,OP09-119::m anga at,thumbs/OP09-119Manga at.webp
4482,OP09-119,Monkey.D.Luffy,3739,597067,89,market_number_eq_canonical_or_extracted;image_basename_number_agrees;set_code_match;parallel_variant_no_parallel_market_penalty;card_name_substring_product;source_tcgcsv,low,1,parallel_1,Parallel 1,OP09-119_p1,OP09/parallel/OP09-119_p1.png
4483,OP09-119,Monkey.D.Luffy,3739,597067,89,market_number_eq_canonical_or_extracted;image_basename_number_agrees;set_code_match;parallel_variant_no_parallel_market_penalty;card_name_substring_product;source_tcgcsv,low,1,parallel_2,Parallel 2,OP09-119_p2,OP09/parallel/OP09-119_p2.png
4485,OP09-119,Monkey.D.Luffy,3739,597067,89,market_number_eq_canonical_or_extracted;image_basename_number_agrees;set_code_match;parallel_variant_no_parallel_market_penalty;card_name_substring_product;source_tcgcsv,low,1,parallel_4,Parallel 4,OP09-119_p4,ANN3JP/parallel/OP09-119_p4.png
4486,OP09-119,Monkey.D.Luffy,3739,597067,101,market_number_eq_canonical_or_extracted;image_basename_number_agrees;set_code_match;card_name_substring_product;source_tcgcsv,low,1,sp,SP,OP09-119::sp,thumbs/OP09-119(SP).webp
4489,OP10-001,Smoker,3753,617030,101,market_number_eq_canonical_or_extracted;set_code_match;rarity_match;card_name_substring_product;source_tcgcsv,low,1,alt,Alt,OP10-001::alt,thumbs/OP10-001alt.webp
4493,OP10-002,Caesar Clown,3755,617032,101,market_number_eq_canonical_or_extracted;set_code_match;rarity_match;card_name_substring_product;source_tcgcsv,low,1,alt,Alt,OP10-002::alt,thumbs/OP10-002alt.webp
4497,OP10-003,Sugar,3757,617034,101,market_number_eq_canonical_or_extracted;set_code_match;rarity_match;card_name_substring_product;source_tcgcsv,low,1,alt,Alt,OP10-003::alt,thumbs/OP10-003alt.webp
4503,OP10-005,Sanji,3760,617037,101,market_number_eq_canonical_or_extracted;set_code_match;rarity_match;card_name_substring_product;source_tcgcsv,low,1,alt,Alt,OP10-005::alt,thumbs/OP10-005alt.webp
4518,OP10-011,Tony Tony.Chopper,4714,654100,101,market_number_eq_canonical_or_extracted;image_basename_number_agrees;set_code_match;rarity_match;parallel_variant_no_parallel_market_penalty;card_name_substring_product;source_tcgcsv,low,1,parallel_1,Parallel 1,OP10-011_p1,PRB02/parallel/OP10-011_p1.png
4520,OP10-011,Tony Tony.Chopper,4714,654100,113,market_number_eq_canonical_or_extracted;image_basename_number_agrees;set_code_match;rarity_match;card_name_substring_product;source_tcgcsv,low,1,r1,R1,OP10-011_r1,PRB02/reprint/OP10-011_r1.png
4530,OP10-016,Monet,3772,617049,101,market_number_eq_canonical_or_extracted;set_code_match;rarity_match;card_name_substring_product;source_tcgcsv,low,1,alt,Alt,OP10-016::alt,thumbs/OP10-016alt.webp
4536,OP10-018,Ten-Layer Igloo,4899,656100,101,market_number_eq_canonical_or_extracted;image_basename_number_agrees;set_code_match;rarity_match;parallel_variant_no_parallel_market_penalty;card_name_substring_product;source_tcgcsv,low,1,parallel_2,Parallel 2,OP10-018_p2,OP10/parallel/OP10-018_p2.png
4537,OP10-018,Ten-Layer Igloo,4899,656100,113,market_number_eq_canonical_or_extracted;image_basename_number_agrees;set_code_match;rarity_match;card_name_substring_product;source_tcgcsv,low,1,r1,R1,OP10-018_r1,PRB02/reprint/OP10-018_r1.png
4540,OP10-019,Divine Departure,3776,617053,101,market_number_eq_canonical_or_extracted;set_code_match;rarity_match;card_name_substring_product;source_tcgcsv,low,1,alt,Alt,OP10-019::alt,thumbs/OP10-019alt.webp
4548,OP10-022,Trafalgar Law,3780,617057,101,market_number_eq_canonical_or_extracted;set_code_match;rarity_match;card_name_substring_product;source_tcgcsv,low,1,alt,Alt,OP10-022::alt,thumbs/OP10-022alt.webp
4567,OP10-030,Smoker,3789,617066,89,market_number_eq_canonical_or_extracted;set_code_match;card_name_substring_product;source_tcgcsv,low,1,alt,Alt,OP10-030::alt,thumbs/OP10-030alt.webp
4570,OP10-030,Smoker,3790,617067,105,market_number_eq_canonical_or_extracted;image_basename_number_agrees;set_code_match;card_name_substring_product;source_tcgcsv,low,1,sp,SP,OP10-030::sp,thumbs/OP10-030(SP).webp
4571,OP10-030,Smoker,3790,617067,105,market_number_eq_canonical_or_extracted;image_basename_number_agrees;set_code_match;card_name_substring_product;source_tcgcsv,low,1,sp,SP1,OP10-030::sp1,thumbs/OP10-030(SP1).webp
4572,OP10-030,Smoker,3790,617067,105,market_number_eq_canonical_or_extracted;image_basename_number_agrees;set_code_match;card_name_substring_product;source_tcgcsv,low,1,sp,SP2,OP10-030::sp2,thumbs/OP10-030(SP2).webp
4577,OP10-032,Tashigi,3792,617069,101,market_number_eq_canonical_or_extracted;set_code_match;rarity_match;card_name_substring_product;source_tcgcsv,low,1,alt,Alt,OP10-032::alt,thumbs/OP10-032alt.webp
4592,OP10-037,Lim,3798,617075,91,market_number_eq_canonical_or_extracted;set_code_match;rarity_match;source_tcgcsv,low,1,alt,Alt,OP10-037::alt,thumbs/OP10-037alt.webp
4604,OP10-042,Usopp,3804,617081,101,market_number_eq_canonical_or_extracted;set_code_match;rarity_match;card_name_substring_product;source_tcgcsv,low,1,alt,Alt,OP10-042::alt,thumbs/OP10-042alt.webp
4613,OP10-045,Cavendish,3808,617085,101,market_number_eq_canonical_or_extracted;set_code_match;rarity_match;card_name_substring_product;source_tcgcsv,low,1,alt,Alt,OP10-045::alt,thumbs/OP10-045alt.webp
4617,OP10-046,Kyros,3810,617087,101,market_number_eq_canonical_or_extracted;set_code_match;rarity_match;card_name_substring_product;source_tcgcsv,low,1,alt,Alt,OP10-046::alt,thumbs/OP10-046alt.webp
4645,OP10-058,Rebecca,3823,617100,101,market_number_eq_canonical_or_extracted;set_code_match;rarity_match;card_name_substring_product;source_tcgcsv,low,1,alt,Alt,OP10-058::alt,thumbs/OP10-058alt.webp
4668,OP10-067,Senor Pink,3833,617110,101,market_number_eq_canonical_or_extracted;set_code_match;rarity_match;card_name_substring_product;source_tcgcsv,low,1,alt,Alt,OP10-067::alt,thumbs/OP10-067alt.webp
4678,OP10-071,Donquixote Doflamingo,3838,617115,101,market_number_eq_canonical_or_extracted;set_code_match;rarity_match;card_name_substring_product;source_tcgcsv,low,1,alt,Alt,OP10-071::alt,thumbs/OP10-071alt.webp
4682,OP10-072,Donquixote Rosinante,3840,617117,101,market_number_eq_canonical_or_extracted;set_code_match;rarity_match;card_name_substring_product;source_tcgcsv,low,1,alt,Alt,OP10-072::alt,thumbs/OP10-072alt.webp
4698,OP10-079,God Thread,4910,656111,101,market_number_eq_canonical_or_extracted;image_basename_number_agrees;set_code_match;rarity_match;parallel_variant_no_parallel_market_penalty;card_name_substring_product;source_tcgcsv,low,1,parallel_1,Parallel 1,OP10-079_p1,PRB02/parallel/OP10-079_p1.png
4699,OP10-079,God Thread,4910,656111,113,market_number_eq_canonical_or_extracted;image_basename_number_agrees;set_code_match;rarity_match;card_name_substring_product;source_tcgcsv,low,1,r1,R1,OP10-079_r1,PRB02/reprint/OP10-079_r1.png
4706,OP10-082,Kuzan,3851,617128,89,market_number_eq_canonical_or_extracted;set_code_match;card_name_substring_product;source_tcgcsv,low,1,alt,Alt,OP10-082::alt,thumbs/OP10-082alt.webp
4709,OP10-082,Kuzan,3852,617129,105,market_number_eq_canonical_or_extracted;image_basename_number_agrees;set_code_match;card_name_substring_product;source_tcgcsv,low,1,sp,SP,OP10-082::sp,thumbs/OP10-082(SP).webp
4727,OP10-090,Franky,3860,617137,101,market_number_eq_canonical_or_extracted;set_code_match;rarity_match;card_name_substring_product;source_tcgcsv,low,1,alt,Alt,OP10-090::alt,thumbs/OP10-090alt.webp
4742,OP10-095,Roronoa Zoro,4708,654022,101,market_number_eq_canonical_or_extracted;image_basename_number_agrees;set_code_match;rarity_match;parallel_variant_no_parallel_market_penalty;card_name_substring_product;source_tcgcsv,low,1,parallel_1,Parallel 1,OP10-095_p1,PRB02/parallel/OP10-095_p1.png
4744,OP10-095,Roronoa Zoro,4708,654022,113,market_number_eq_canonical_or_extracted;image_basename_number_agrees;set_code_match;rarity_match;card_name_substring_product;source_tcgcsv,low,1,r1,R1,OP10-095_r1,PRB02/reprint/OP10-095_r1.png
4753,OP10-099,"Eustass""Captain""Kid",3870,617147,101,market_number_eq_canonical_or_extracted;set_code_match;rarity_match;card_name_substring_product;source_tcgcsv,low,1,alt,Alt,OP10-099::alt,thumbs/OP10-099alt.webp
4767,OP10-105,Cavendish,4920,656121,101,market_number_eq_canonical_or_extracted;image_basename_number_agrees;set_code_match;rarity_match;parallel_variant_no_parallel_market_penalty;card_name_substring_product;source_tcgcsv,low,1,parallel_1,Parallel 1,OP10-105_p1,PRB02/parallel/OP10-105_p1.png
4768,OP10-105,Cavendish,4920,656121,113,market_number_eq_canonical_or_extracted;image_basename_number_agrees;set_code_match;rarity_match;card_name_substring_product;source_tcgcsv,low,1,r1,R1,OP10-105_r1,PRB02/reprint/OP10-105_r1.png
4778,OP10-108,Scratchmen Apoo,4926,656127,101,market_number_eq_canonical_or_extracted;image_basename_number_agrees;set_code_match;rarity_match;parallel_variant_no_parallel_market_penalty;card_name_substring_product;source_tcgcsv,low,1,parallel_1,Parallel 1,OP10-108_p1,PRB02/parallel/OP10-108_p1.png
4779,OP10-108,Scratchmen Apoo,4926,656127,113,market_number_eq_canonical_or_extracted;image_basename_number_agrees;set_code_match;rarity_match;card_name_substring_product;source_tcgcsv,low,1,r1,R1,OP10-108_r1,PRB02/reprint/OP10-108_r1.png
4782,OP10-109,Basil Hawkins,4709,654093,101,market_number_eq_canonical_or_extracted;image_basename_number_agrees;set_code_match;rarity_match;parallel_variant_no_parallel_market_penalty;card_name_substring_product;source_tcgcsv,low,1,parallel_1,Parallel 1,OP10-109_p1,PRB02/parallel/OP10-109_p1.png
4784,OP10-109,Basil Hawkins,4709,654093,113,market_number_eq_canonical_or_extracted;image_basename_number_agrees;set_code_match;rarity_match;card_name_substring_product;source_tcgcsv,low,1,r1,R1,OP10-109_r1,PRB02/reprint/OP10-109_r1.png
4789,OP10-111,Monkey.D.Luffy,3883,617160,101,market_number_eq_canonical_or_extracted;set_code_match;rarity_match;card_name_substring_product;source_tcgcsv,low,1,alt,Alt,OP10-111::alt,thumbs/OP10-111alt.webp
4793,OP10-112,"Eustass""Captain""Kid",3885,617162,101,market_number_eq_canonical_or_extracted;set_code_match;rarity_match;card_name_substring_product;source_tcgcsv,low,1,alt,Alt,OP10-112::alt,thumbs/OP10-112alt.webp
4800,OP10-114,X.Drake,4943,656144,101,market_number_eq_canonical_or_extracted;image_basename_number_agrees;set_code_match;rarity_match;parallel_variant_no_parallel_market_penalty;card_name_substring_product;source_tcgcsv,low,1,parallel_1,Parallel 1,OP10-114_p1,PRB02/parallel/OP10-114_p1.png
4801,OP10-114,X.Drake,4943,656144,101,market_number_eq_canonical_or_extracted;image_basename_number_agrees;set_code_match;rarity_match;parallel_variant_no_parallel_market_penalty;card_name_substring_product;source_tcgcsv,low,1,parallel_2,Parallel 2,OP10-114_p2,PRB02/parallel/OP10-114_p2.png
4803,OP10-114,X.Drake,4943,656144,113,market_number_eq_canonical_or_extracted;image_basename_number_agrees;set_code_match;rarity_match;card_name_substring_product;source_tcgcsv,low,1,r1,R1,OP10-114_r1,PRB02/reprint/OP10-114_r1.png
4812,OP10-118,Monkey.D.Luffy,3892,617169,101,market_number_eq_canonical_or_extracted;set_code_match;rarity_match;card_name_substring_product;source_tcgcsv,low,1,alt,Alt,OP10-118::alt,thumbs/OP10-118alt.webp
4816,OP10-119,Trafalgar Law,3894,617171,101,market_number_eq_canonical_or_extracted;set_code_match;rarity_match;card_name_substring_product;source_tcgcsv,low,1,alt,Alt,OP10-119::alt,thumbs/OP10-119alt.webp
4817,OP10-119,Trafalgar Law,3894,617171,113,market_number_eq_canonical_or_extracted;image_basename_number_agrees;set_code_match;rarity_match;card_name_substring_product;source_tcgcsv,low,1,mr,Manga Alt,OP10-119::manga alt,thumbs/OP10-119 manga alt.webp
4820,OP10-119,Trafalgar Law,4722,654636,101,market_number_eq_canonical_or_extracted;image_basename_number_agrees;set_code_match;rarity_match;parallel_variant_no_parallel_market_penalty;card_name_substring_product;source_tcgcsv,low,1,parallel_3,Parallel 3,OP10-119_p3,PRB02/parallel/OP10-119_p3.png
4821,OP10-119,Trafalgar Law,3894,617171,113,market_number_eq_canonical_or_extracted;image_basename_number_agrees;set_code_match;rarity_match;card_name_substring_product;source_tcgcsv,low,1,alt,Prb02,OP10-119::prb02,thumbs/OP10-119(PRB02).webp
4822,OP10-119,Trafalgar Law,4722,654636,113,market_number_eq_canonical_or_extracted;image_basename_number_agrees;set_code_match;rarity_match;card_name_substring_product;source_tcgcsv,low,1,r1,R1,OP10-119_r1,PRB02/reprint/OP10-119_r1.png
4826,OP11-001,Koby,4017,632355,101,market_number_eq_canonical_or_extracted;image_basename_number_agrees;set_code_match;rarity_match;parallel_variant_no_parallel_market_penalty;card_name_substring_product;source_tcgcsv,low,1,parallel_1,Parallel 1,OP11-001_p1,OP11/parallel/OP11-001_p1.png
4834,OP11-004,Kujyaku,4021,632359,101,market_number_eq_canonical_or_extracted;image_basename_number_agrees;set_code_match;rarity_match;parallel_variant_no_parallel_market_penalty;card_name_substring_product;source_tcgcsv,low,1,parallel_1,Parallel 1,OP11-004_p1,OP11/parallel/OP11-004_p1.png
4835,OP11-004,Kujyaku,4021,632359,101,market_number_eq_canonical_or_extracted;image_basename_number_agrees;set_code_match;rarity_match;parallel_variant_no_parallel_market_penalty;card_name_substring_product;source_tcgcsv,low,1,parallel_2,Parallel 2,OP11-004_p2,_unclassified/parallel/OP11-004_p2.png
4845,OP11-008,Doll,4026,632364,101,market_number_eq_canonical_or_extracted;image_basename_number_agrees;set_code_match;rarity_match;parallel_variant_no_parallel_market_penalty;card_name_substring_product;source_tcgcsv,low,1,parallel_1,Parallel 1,OP11-008_p1,OP11/parallel/OP11-008_p1.png
4851,OP11-010,Hibari,4029,632367,101,market_number_eq_canonical_or_extracted;image_basename_number_agrees;set_code_match;rarity_match;parallel_variant_no_parallel_market_penalty;card_name_substring_product;source_tcgcsv,low,1,parallel_1,Parallel 1,OP11-010_p1,OP11/parallel/OP11-010_p1.png
4852,OP11-010,Hibari,4029,632367,101,market_number_eq_canonical_or_extracted;image_basename_number_agrees;set_code_match;rarity_match;parallel_variant_no_parallel_market_penalty;card_name_substring_product;source_tcgcsv,low,1,parallel_2,Parallel 2,OP11-010_p2,_unclassified/parallel/OP11-010_p2.png
4853,OP11-010,Hibari,4029,632367,113,market_number_eq_canonical_or_extracted;image_basename_number_agrees;set_code_match;rarity_match;card_name_substring_product;source_tcgcsv,low,1,promo,Treasurecup,OP11-010::treasurecup,thumbs/OP11-010(TreasureCup).webp
4872,OP11-018,Honesty Impact,4038,632376,101,market_number_eq_canonical_or_extracted;image_basename_number_agrees;set_code_match;rarity_match;parallel_variant_no_parallel_market_penalty;card_name_substring_product;source_tcgcsv,low,1,parallel_1,Parallel 1,OP11-018_p1,OP11/parallel/OP11-018_p1.png
4880,OP11-021,Jinbe,4042,632380,101,market_number_eq_canonical_or_extracted;image_basename_number_agrees;set_code_match;rarity_match;parallel_variant_no_parallel_market_penalty;card_name_substring_product;source_tcgcsv,low,1,parallel_1,Parallel 1,OP11-021_p1,OP11/parallel/OP11-021_p1.png
4884,OP11-022,Shirahoshi,4044,632382,101,market_number_eq_canonical_or_extracted;image_basename_number_agrees;set_code_match;rarity_match;parallel_variant_no_parallel_market_penalty;card_name_substring_product;source_tcgcsv,low,1,parallel_1,Parallel 1,OP11-022_p1,OP11/parallel/OP11-022_p1.png
4888,OP11-023,Arlong,4046,632384,101,market_number_eq_canonical_or_extracted;image_basename_number_agrees;set_code_match;rarity_match;parallel_variant_no_parallel_market_penalty;card_name_substring_product;source_tcgcsv,low,1,parallel_1,Parallel 1,OP11-023_p1,OP11/parallel/OP11-023_p1.png
4907,OP11-031,Jinbe,4055,632393,101,market_number_eq_canonical_or_extracted;image_basename_number_agrees;set_code_match;rarity_match;parallel_variant_no_parallel_market_penalty;card_name_substring_product;source_tcgcsv,low,1,parallel_1,Parallel 1,OP11-031_p1,OP11/parallel/OP11-031_p1.png
4927,OP11-040,Monkey.D.Luffy,4065,632403,101,market_number_eq_canonical_or_extracted;image_basename_number_agrees;set_code_match;rarity_match;parallel_variant_no_parallel_market_penalty;card_name_substring_product;source_tcgcsv,low,1,parallel_1,Parallel 1,OP11-040_p1,OP11/parallel/OP11-040_p1.png
4931,OP11-041,Nami,4067,632405,113,market_number_eq_canonical_or_extracted;image_basename_number_agrees;set_code_match;rarity_match;card_name_substring_product;source_tcgcsv,low,1,promo,Ltd,OP11-041::ltd,thumbs/OP11-041(LTD).webp
4932,OP11-041,Nami,4067,632405,101,market_number_eq_canonical_or_extracted;image_basename_number_agrees;set_code_match;rarity_match;parallel_variant_no_parallel_market_penalty;card_name_substring_product;source_tcgcsv,low,1,parallel_1,Parallel 1,OP11-041_p1,OP11/parallel/OP11-041_p1.png
4933,OP11-041,Nami,4067,632405,101,market_number_eq_canonical_or_extracted;image_basename_number_agrees;set_code_match;rarity_match;parallel_variant_no_parallel_market_penalty;card_name_substring_product;source_tcgcsv,low,1,parallel_2,Parallel 2,OP11-041_p2,_unclassified/parallel/OP11-041_p2.png
4934,OP11-041,Nami,4067,632405,113,market_number_eq_canonical_or_extracted;image_basename_number_agrees;set_code_match;rarity_match;card_name_substring_product;source_tcgcsv,low,1,promo,Premium,OP11-041::premium,thumbs/OP11-041(Premium).webp
4948,OP11-047,Vinsmoke Reiju,4074,632412,101,market_number_eq_canonical_or_extracted;image_basename_number_agrees;set_code_match;rarity_match;parallel_variant_no_parallel_market_penalty;card_name_substring_product;source_tcgcsv,low,1,parallel_1,Parallel 1,OP11-047_p1,OP11/parallel/OP11-047_p1.png
4960,OP11-051,Sanji,4079,632417,101,market_number_eq_canonical_or_extracted;image_basename_number_agrees;set_code_match;rarity_match;parallel_variant_no_parallel_market_penalty;card_name_substring_product;source_tcgcsv,low,1,parallel_1,Parallel 1,OP11-051_p1,OP11/parallel/OP11-051_p1.png
4967,OP11-054,Nami,4083,632421,113,market_number_eq_canonical_or_extracted;image_basename_number_agrees;set_code_match;rarity_match;card_name_substring_product;source_tcgcsv,low,1,promo,3Rdann,OP11-054::3rdann,thumbs/OP11-054(3rdAnn).webp
4969,OP11-054,Nami,4083,632421,113,market_number_eq_canonical_or_extracted;image_basename_number_agrees;set_code_match;rarity_match;card_name_substring_product;source_tcgcsv,low,1,promo,Cn3Rdann,OP11-054::cn3rdann,thumbs/OP11-054(CN3rdAnn).webp
4970,OP11-054,Nami,4083,632421,101,market_number_eq_canonical_or_extracted;image_basename_number_agrees;set_code_match;rarity_match;parallel_variant_no_parallel_market_penalty;card_name_substring_product;source_tcgcsv,low,1,parallel_1,Parallel 1,OP11-054_p1,OP11/parallel/OP11-054_p1.png
4971,OP11-054,Nami,4083,632421,101,market_number_eq_canonical_or_extracted;image_basename_number_agrees;set_code_match;rarity_match;parallel_variant_no_parallel_market_penalty;card_name_substring_product;source_tcgcsv,low,1,parallel_2,Parallel 2,OP11-054_p2,ANN3JP/parallel/OP11-054_p2.png
4994,OP11-062,Charlotte Katakuri,4092,632430,101,market_number_eq_canonical_or_extracted;image_basename_number_agrees;set_code_match;rarity_match;parallel_variant_no_parallel_market_penalty;card_name_substring_product;source_tcgcsv,low,1,parallel_1,Parallel 1,OP11-062_p1,OP11/parallel/OP11-062_p1.png
5006,OP11-067,Charlotte Katakuri,4098,632436,113,market_number_eq_canonical_or_extracted;image_basename_number_agrees;set_code_match;rarity_match;card_name_substring_product;source_tcgcsv,low,1,promo,3Rdann,OP11-067::3rdann,thumbs/OP11-067(3rdAnn).webp
5008,OP11-067,Charlotte Katakuri,4098,632436,101,market_number_eq_canonical_or_extracted;image_basename_number_agrees;set_code_match;rarity_match;parallel_variant_no_parallel_market_penalty;card_name_substring_product;source_tcgcsv,low,1,parallel_1,Parallel 1,OP11-067_p1,OP11/parallel/OP11-067_p1.png
5009,OP11-067,Charlotte Katakuri,4098,632436,101,market_number_eq_canonical_or_extracted;image_basename_number_agrees;set_code_match;rarity_match;parallel_variant_no_parallel_market_penalty;card_name_substring_product;source_tcgcsv,low,1,parallel_2,Parallel 2,OP11-067_p2,ANN3JP/parallel/OP11-067_p2.png
5017,OP11-070,Charlotte Pudding,4102,632440,101,market_number_eq_canonical_or_extracted;image_basename_number_agrees;set_code_match;rarity_match;parallel_variant_no_parallel_market_penalty;card_name_substring_product;source_tcgcsv,low,1,parallel_1,Parallel 1,OP11-070_p1,OP11/parallel/OP11-070_p1.png
5026,OP11-073,Charlotte Linlin,4106,632444,101,market_number_eq_canonical_or_extracted;image_basename_number_agrees;set_code_match;rarity_match;parallel_variant_no_parallel_market_penalty;card_name_substring_product;source_tcgcsv,low,1,parallel_1,Parallel 1,OP11-073_p1,OP11/parallel/OP11-073_p1.png
5027,OP11-073,Charlotte Linlin,4106,632444,113,market_number_eq_canonical_or_extracted;image_basename_number_agrees;set_code_match;rarity_match;card_name_substring_product;source_tcgcsv,low,1,promo,Premiumvol 6,OP11-073::premiumvol 6,thumbs/OP11-073(PremiumVol.6).webp
5043,OP11-080,Gear Two,4114,632452,101,market_number_eq_canonical_or_extracted;image_basename_number_agrees;set_code_match;rarity_match;parallel_variant_no_parallel_market_penalty;card_name_substring_product;source_tcgcsv,low,1,parallel_1,Parallel 1,OP11-080_p1,OP11/parallel/OP11-080_p1.png
5053,OP11-084,Kuzan,4119,632457,113,market_number_eq_canonical_or_extracted;image_basename_number_agrees;set_code_match;rarity_match;card_name_substring_product;source_tcgcsv,low,1,promo,Cn,OP11-084::cn,thumbs/OP11-084(CN).webp
5054,OP11-084,Kuzan,4119,632457,101,market_number_eq_canonical_or_extracted;image_basename_number_agrees;set_code_match;rarity_match;parallel_variant_no_parallel_market_penalty;card_name_substring_product;source_tcgcsv,low,1,parallel_1,Parallel 1,OP11-084_p1,OP11/parallel/OP11-084_p1.png
5072,OP11-092,Helmeppo,4128,632466,101,market_number_eq_canonical_or_extracted;image_basename_number_agrees;set_code_match;rarity_match;parallel_variant_no_parallel_market_penalty;card_name_substring_product;source_tcgcsv,low,1,parallel_1,Parallel 1,OP11-092_p1,OP11/parallel/OP11-092_p1.png
5080,OP11-095,Monkey.D.Garp,4132,632470,101,market_number_eq_canonical_or_extracted;image_basename_number_agrees;set_code_match;rarity_match;parallel_variant_no_parallel_market_penalty;card_name_substring_product;source_tcgcsv,low,1,parallel_1,Parallel 1,OP11-095_p1,OP11/parallel/OP11-095_p1.png
5095,OP11-101,"Capone""Gang""Bege",4139,632477,101,market_number_eq_canonical_or_extracted;image_basename_number_agrees;set_code_match;rarity_match;parallel_variant_no_parallel_market_penalty;card_name_substring_product;source_tcgcsv,low,1,parallel_1,Parallel 1,OP11-101_p1,OP11/parallel/OP11-101_p1.png
5108,OP11-106,Zeus,4145,632483,101,market_number_eq_canonical_or_extracted;image_basename_number_agrees;set_code_match;rarity_match;parallel_variant_no_parallel_market_penalty;card_name_substring_product;source_tcgcsv,low,1,parallel_1,Parallel 1,OP11-106_p1,OP11/parallel/OP11-106_p1.png
5109,OP11-106,Zeus,4145,632483,113,market_number_eq_canonical_or_extracted;image_basename_number_agrees;set_code_match;rarity_match;card_name_substring_product;source_tcgcsv,low,1,sp,SP,OP11-106::sp,thumbs/OP11-106(SP).webp
5127,OP11-114,Gum-Gum Fire-Fist Pistol Red Hawk,4154,632492,101,market_number_eq_canonical_or_extracted;image_basename_number_agrees;set_code_match;rarity_match;parallel_variant_no_parallel_market_penalty;card_name_substring_product;source_tcgcsv,low,1,parallel_1,Parallel 1,OP11-114_p1,OP11/parallel/OP11-114_p1.png
5137,OP11-118,Monkey.D.Luffy,4159,632497,113,market_number_eq_canonical_or_extracted;image_basename_number_agrees;set_code_match;rarity_match;card_name_substring_product;source_tcgcsv,low,1,mr,Manga,OP11-118::manga,thumbs/OP11-118(Manga).webp
5138,OP11-118,Monkey.D.Luffy,4159,632497,101,market_number_eq_canonical_or_extracted;image_basename_number_agrees;set_code_match;rarity_match;parallel_variant_no_parallel_market_penalty;card_name_substring_product;source_tcgcsv,low,1,parallel_1,Parallel 1,OP11-118_p1,OP11/parallel/OP11-118_p1.png
5139,OP11-118,Monkey.D.Luffy,4159,632497,101,market_number_eq_canonical_or_extracted;image_basename_number_agrees;set_code_match;rarity_match;parallel_variant_no_parallel_market_penalty;card_name_substring_product;source_tcgcsv,low,1,parallel_2,Parallel 2,OP11-118_p2,OP11/parallel/OP11-118_p2.png
5143,OP11-119,Koby,4162,632500,101,market_number_eq_canonical_or_extracted;image_basename_number_agrees;set_code_match;rarity_match;parallel_variant_no_parallel_market_penalty;card_name_substring_product;source_tcgcsv,low,1,parallel_1,Parallel 1,OP11-119_p1,OP11/parallel/OP11-119_p1.png
5144,OP11-119,Koby,4162,632500,101,market_number_eq_canonical_or_extracted;image_basename_number_agrees;set_code_match;rarity_match;parallel_variant_no_parallel_market_penalty;card_name_substring_product;source_tcgcsv,low,1,parallel_2,Parallel 2,OP11-119_p2,_unclassified/parallel/OP11-119_p2.png
5145,OP11-119,Koby,4162,632500,113,market_number_eq_canonical_or_extracted;image_basename_number_agrees;set_code_match;rarity_match;card_name_substring_product;source_tcgcsv,low,1,promo,Treasurecup,OP11-119::treasurecup,thumbs/OP11-119(TreasureCup).webp
5149,OP12-001,Silvers Rayleigh,4286,643723,101,market_number_eq_canonical_or_extracted;image_basename_number_agrees;set_code_match;rarity_match;parallel_variant_no_parallel_market_penalty;card_name_substring_product;source_tcgcsv,low,1,parallel_1,Parallel 1,OP12-001_p1,OP12/parallel/OP12-001_p1.png
5167,OP12-008,Shanks,4294,643732,101,market_number_eq_canonical_or_extracted;image_basename_number_agrees;set_code_match;rarity_match;parallel_variant_no_parallel_market_penalty;card_name_substring_product;source_tcgcsv,low,1,parallel_1,Parallel 1,OP12-008_p1,OP12/parallel/OP12-008_p1.png
5181,OP12-014,Boa Hancock,4301,643739,101,market_number_eq_canonical_or_extracted;image_basename_number_agrees;set_code_match;rarity_match;parallel_variant_no_parallel_market_penalty;card_name_substring_product;source_tcgcsv,low,1,parallel_1,Parallel 1,OP12-014_p1,OP12/parallel/OP12-014_p1.png
5185,OP12-015,Monkey.D.Luffy,4303,643741,101,market_number_eq_canonical_or_extracted;image_basename_number_agrees;set_code_match;rarity_match;parallel_variant_no_parallel_market_penalty;card_name_substring_product;source_tcgcsv,low,1,parallel_1,Parallel 1,OP12-015_p1,OP12/parallel/OP12-015_p1.png
5186,OP12-015,Monkey.D.Luffy,4303,643741,101,market_number_eq_canonical_or_extracted;image_basename_number_agrees;set_code_match;rarity_match;parallel_variant_no_parallel_market_penalty;card_name_substring_product;source_tcgcsv,low,1,parallel_2,Parallel 2,OP12-015_p2,_unclassified/parallel/OP12-015_p2.png
5199,OP12-020,Roronoa Zoro,4309,643747,113,market_number_eq_canonical_or_extracted;image_basename_number_agrees;set_code_match;rarity_match;card_name_substring_product;source_tcgcsv,low,1,promo,Ltd,OP12-020::ltd,thumbs/OP12-020(LTD).webp
5200,OP12-020,Roronoa Zoro,4309,643747,101,market_number_eq_canonical_or_extracted;image_basename_number_agrees;set_code_match;rarity_match;parallel_variant_no_parallel_market_penalty;card_name_substring_product;source_tcgcsv,low,1,parallel_1,Parallel 1,OP12-020_p1,OP12/parallel/OP12-020_p1.png
5201,OP12-020,Roronoa Zoro,4309,643747,101,market_number_eq_canonical_or_extracted;image_basename_number_agrees;set_code_match;rarity_match;parallel_variant_no_parallel_market_penalty;card_name_substring_product;source_tcgcsv,low,1,parallel_2,Parallel 2,OP12-020_p2,_unclassified/parallel/OP12-020_p2.png
5202,OP12-020,Roronoa Zoro,4309,643747,101,market_number_eq_canonical_or_extracted;image_basename_number_agrees;set_code_match;rarity_match;parallel_variant_no_parallel_market_penalty;card_name_substring_product;source_tcgcsv,low,1,parallel_3,Parallel 3,OP12-020_p3,_unclassified/parallel/OP12-020_p3.png
5203,OP12-020,Roronoa Zoro,4309,643747,101,market_number_eq_canonical_or_extracted;image_basename_number_agrees;set_code_match;rarity_match;parallel_variant_no_parallel_market_penalty;card_name_substring_product;source_tcgcsv,low,1,parallel_4,Parallel 4,OP12-020_p4,_unclassified/parallel/OP12-020_p4.png
5204,OP12-020,Roronoa Zoro,4309,643747,113,market_number_eq_canonical_or_extracted;image_basename_number_agrees;set_code_match;rarity_match;card_name_substring_product;source_tcgcsv,low,1,promo,Premium,OP12-020::premium,thumbs/OP12-020(premium).webp
5205,OP12-020,Roronoa Zoro,4309,643747,113,market_number_eq_canonical_or_extracted;image_basename_number_agrees;set_code_match;rarity_match;card_name_substring_product;source_tcgcsv,low,1,promo,Serial,OP12-020::serial,thumbs/OP12-020(serial).webp
5232,OP12-030,Dracule Mihawk,4320,643758,89,market_number_eq_canonical_or_extracted;image_basename_number_agrees;set_code_match;parallel_variant_no_parallel_market_penalty;card_name_substring_product;source_tcgcsv,low,1,parallel_1,Parallel 1,OP12-030_p1,OP12/parallel/OP12-030_p1.png
5234,OP12-030,Dracule Mihawk,4320,643758,101,market_number_eq_canonical_or_extracted;image_basename_number_agrees;set_code_match;card_name_substring_product;source_tcgcsv,low,1,sp,SP,OP12-030::sp,thumbs/OP12-030(SP).webp
5238,OP12-031,Tashigi,4322,643760,113,market_number_eq_canonical_or_extracted;image_basename_number_agrees;set_code_match;rarity_match;card_name_substring_product;source_tcgcsv,low,1,promo,Cn3Rdanniv,OP12-031::cn3rdanniv,thumbs/OP12-031(CN3rdAnniv).webp
5239,OP12-031,Tashigi,4322,643760,113,market_number_eq_canonical_or_extracted;image_basename_number_agrees;set_code_match;rarity_match;card_name_substring_product;source_tcgcsv,low,1,promo,Cs,OP12-031::cs,thumbs/OP12-031(CS).webp
5240,OP12-031,Tashigi,4322,643760,101,market_number_eq_canonical_or_extracted;image_basename_number_agrees;set_code_match;rarity_match;parallel_variant_no_parallel_market_penalty;card_name_substring_product;source_tcgcsv,low,1,parallel_1,Parallel 1,OP12-031_p1,OP12/parallel/OP12-031_p1.png
5241,OP12-031,Tashigi,4322,643760,101,market_number_eq_canonical_or_extracted;image_basename_number_agrees;set_code_match;rarity_match;parallel_variant_no_parallel_market_penalty;card_name_substring_product;source_tcgcsv,low,1,parallel_2,Parallel 2,OP12-031_p2,_unclassified/parallel/OP12-031_p2.png
5248,OP12-034,Perona,4326,643764,113,market_number_eq_canonical_or_extracted;image_basename_number_agrees;set_code_match;rarity_match;card_name_substring_product;source_tcgcsv,low,1,promo,3Rdann,OP12-034::3rdann,thumbs/OP12-034(3rdAnn).webp
5250,OP12-034,Perona,4326,643764,101,market_number_eq_canonical_or_extracted;image_basename_number_agrees;set_code_match;rarity_match;parallel_variant_no_parallel_market_penalty;card_name_substring_product;source_tcgcsv,low,1,parallel_1,Parallel 1,OP12-034_p1,OP12/parallel/OP12-034_p1.png
5251,OP12-034,Perona,4326,643764,101,market_number_eq_canonical_or_extracted;image_basename_number_agrees;set_code_match;rarity_match;parallel_variant_no_parallel_market_penalty;card_name_substring_product;source_tcgcsv,low,1,parallel_2,Parallel 2,OP12-034_p2,ANN3JP/parallel/OP12-034_p2.png
5260,OP12-037,Demon Aura Nine Sword Style Asura Blades Drawn Dead Man's Game,4330,643768,113,market_number_eq_canonical_or_extracted;image_basename_number_agrees;set_code_match;rarity_match;card_name_substring_product;source_tcgcsv,low,1,promo,English,OP12-037::english,thumbs/OP12-037(english).webp
5261,OP12-037,Demon Aura Nine Sword Style Asura Blades Drawn Dead Man's Game,4330,643768,101,market_number_eq_canonical_or_extracted;image_basename_number_agrees;set_code_match;rarity_match;parallel_variant_no_parallel_market_penalty;card_name_substring_product;source_tcgcsv,low,1,parallel_1,Parallel 1,OP12-037_p1,OP12/parallel/OP12-037_p1.png
5271,OP12-040,Kuzan,4334,643772,101,market_number_eq_canonical_or_extracted;image_basename_number_agrees;set_code_match;rarity_match;parallel_variant_no_parallel_market_penalty;card_name_substring_product;source_tcgcsv,low,1,parallel_1,Parallel 1,OP12-040_p1,OP12/parallel/OP12-040_p1.png
5275,OP12-041,Sanji,4336,643774,101,market_number_eq_canonical_or_extracted;image_basename_number_agrees;set_code_match;rarity_match;parallel_variant_no_parallel_market_penalty;card_name_substring_product;source_tcgcsv,low,1,parallel_1,Parallel 1,OP12-041_p1,OP12/parallel/OP12-041_p1.png
5281,OP12-043,Kuzan,4339,643777,101,market_number_eq_canonical_or_extracted;image_basename_number_agrees;set_code_match;rarity_match;parallel_variant_no_parallel_market_penalty;card_name_substring_product;source_tcgcsv,low,1,parallel_1,Parallel 1,OP12-043_p1,OP12/parallel/OP12-043_p1.png
5311,OP12-056,Monkey.D.Garp,4353,643791,101,market_number_eq_canonical_or_extracted;image_basename_number_agrees;set_code_match;rarity_match;parallel_variant_no_parallel_market_penalty;card_name_substring_product;source_tcgcsv,low,1,parallel_1,Parallel 1,OP12-056_p1,OP12/parallel/OP12-056_p1.png
5321,OP12-060,Boeuf Burst,4358,643796,113,market_number_eq_canonical_or_extracted;image_basename_number_agrees;set_code_match;rarity_match;card_name_substring_product;source_tcgcsv,low,1,promo,English,OP12-060::english,thumbs/OP12-060(english).webp
5322,OP12-060,Boeuf Burst,4358,643796,101,market_number_eq_canonical_or_extracted;image_basename_number_agrees;set_code_match;rarity_match;parallel_variant_no_parallel_market_penalty;card_name_substring_product;source_tcgcsv,low,1,parallel_1,Parallel 1,OP12-060_p1,OP12/parallel/OP12-060_p1.png
5326,OP12-061,Donquixote Rosinante,4360,643798,101,market_number_eq_canonical_or_extracted;image_basename_number_agrees;set_code_match;rarity_match;parallel_variant_no_parallel_market_penalty;card_name_substring_product;source_tcgcsv,low,1,parallel_1,Parallel 1,OP12-061_p1,OP12/parallel/OP12-061_p1.png
5334,OP12-063,Vinsmoke Reiju,4363,643801,113,market_number_eq_canonical_or_extracted;image_basename_number_agrees;set_code_match;rarity_match;card_name_substring_product;source_tcgcsv,low,1,promo,Milky Gold,OP12-063::milky gold,thumbs/OP12-063(milky_gold).webp
5335,OP12-063,Vinsmoke Reiju,4363,643801,113,market_number_eq_canonical_or_extracted;image_basename_number_agrees;set_code_match;rarity_match;card_name_substring_product;source_tcgcsv,low,1,promo,Milky Normal,OP12-063::milky normal,thumbs/OP12-063(milky_normal).webp
5336,OP12-063,Vinsmoke Reiju,4363,643801,101,market_number_eq_canonical_or_extracted;image_basename_number_agrees;set_code_match;rarity_match;parallel_variant_no_parallel_market_penalty;card_name_substring_product;source_tcgcsv,low,1,parallel_1,Parallel 1,OP12-063_p1,OP12/parallel/OP12-063_p1.png
5352,OP12-070,Sanji,4371,643809,101,market_number_eq_canonical_or_extracted;image_basename_number_agrees;set_code_match;rarity_match;parallel_variant_no_parallel_market_penalty;card_name_substring_product;source_tcgcsv,low,1,parallel_1,Parallel 1,OP12-070_p1,OP12/parallel/OP12-070_p1.png
5362,OP12-073,Trafalgar Law,4375,643813,101,market_number_eq_canonical_or_extracted;image_basename_number_agrees;set_code_match;rarity_match;parallel_variant_no_parallel_market_penalty;card_name_substring_product;source_tcgcsv,low,1,parallel_1,Parallel 1,OP12-073_p1,OP12/parallel/OP12-073_p1.png
5382,OP12-081,Koala,4384,643822,101,market_number_eq_canonical_or_extracted;image_basename_number_agrees;set_code_match;rarity_match;parallel_variant_no_parallel_market_penalty;card_name_substring_product;source_tcgcsv,low,1,parallel_1,Parallel 1,OP12-081_p1,OP12/parallel/OP12-081_p1.png
5394,OP12-086,Koala,4390,643828,101,market_number_eq_canonical_or_extracted;image_basename_number_agrees;set_code_match;rarity_match;parallel_variant_no_parallel_market_penalty;card_name_substring_product;source_tcgcsv,low,1,parallel_1,Parallel 1,OP12-086_p1,OP12/parallel/OP12-086_p1.png
5398,OP12-087,Nico Robin,4392,643830,101,market_number_eq_canonical_or_extracted;image_basename_number_agrees;set_code_match;rarity_match;parallel_variant_no_parallel_market_penalty;card_name_substring_product;source_tcgcsv,low,1,parallel_1,Parallel 1,OP12-087_p1,OP12/parallel/OP12-087_p1.png
5416,OP12-094,Monkey.D.Dragon,4400,643838,113,market_number_eq_canonical_or_extracted;image_basename_number_agrees;set_code_match;rarity_match;card_name_substring_product;source_tcgcsv,low,1,promo,3Rdann,OP12-094::3rdann,thumbs/OP12-094(3rdAnn).webp
5418,OP12-094,Monkey.D.Dragon,4400,643838,101,market_number_eq_canonical_or_extracted;image_basename_number_agrees;set_code_match;rarity_match;parallel_variant_no_parallel_market_penalty;card_name_substring_product;source_tcgcsv,low,1,parallel_1,Parallel 1,OP12-094_p1,OP12/parallel/OP12-094_p1.png
5419,OP12-094,Monkey.D.Dragon,4400,643838,101,market_number_eq_canonical_or_extracted;image_basename_number_agrees;set_code_match;rarity_match;parallel_variant_no_parallel_market_penalty;card_name_substring_product;source_tcgcsv,low,1,parallel_2,Parallel 2,OP12-094_p2,ANN3JP/parallel/OP12-094_p2.png
5439,OP12-102,Shirahoshi,4409,643847,101,market_number_eq_canonical_or_extracted;image_basename_number_agrees;set_code_match;rarity_match;parallel_variant_no_parallel_market_penalty;card_name_substring_product;source_tcgcsv,low,1,parallel_1,Parallel 1,OP12-102_p1,OP12/parallel/OP12-102_p1.png
5455,OP12-108,Donquixote Rosinante,4416,643854,101,market_number_eq_canonical_or_extracted;image_basename_number_agrees;set_code_match;card_name_substring_product;source_tcgcsv,low,1,operator_review,Illustration Boxvol 6,OP12-108::illustration boxvol 6,thumbs/OP12-108(IllustrationBoxVol.6).webp
5456,OP12-108,Donquixote Rosinante,4416,643854,89,market_number_eq_canonical_or_extracted;image_basename_number_agrees;set_code_match;parallel_variant_no_parallel_market_penalty;card_name_substring_product;source_tcgcsv,low,1,parallel_1,Parallel 1,OP12-108_p1,OP12/parallel/OP12-108_p1.png
5458,OP12-108,Donquixote Rosinante,4416,643854,89,market_number_eq_canonical_or_extracted;image_basename_number_agrees;set_code_match;parallel_variant_no_parallel_market_penalty;card_name_substring_product;source_tcgcsv,low,1,parallel_3,Parallel 3,OP12-108_p3,_unclassified/parallel/OP12-108_p3.png
5459,OP12-108,Donquixote Rosinante,4416,643854,101,market_number_eq_canonical_or_extracted;image_basename_number_agrees;set_code_match;card_name_substring_product;source_tcgcsv,low,1,tr,Tr,OP12-108::tr,thumbs/OP12-108(TR).webp
5486,OP12-118,Jewelry Bonney,4427,643865,113,market_number_eq_canonical_or_extracted;image_basename_number_agrees;set_code_match;rarity_match;card_name_substring_product;source_tcgcsv,low,1,mr,Manga,OP12-118::manga,thumbs/OP12-118(manga).webp
5487,OP12-118,Jewelry Bonney,4427,643865,101,market_number_eq_canonical_or_extracted;image_basename_number_agrees;set_code_match;rarity_match;parallel_variant_no_parallel_market_penalty;card_name_substring_product;source_tcgcsv,low,1,parallel_1,Parallel 1,OP12-118_p1,OP12/parallel/OP12-118_p1.png
5488,OP12-118,Jewelry Bonney,4427,643865,101,market_number_eq_canonical_or_extracted;image_basename_number_agrees;set_code_match;rarity_match;parallel_variant_no_parallel_market_penalty;card_name_substring_product;source_tcgcsv,low,1,parallel_2,Parallel 2,OP12-118_p2,OP12/parallel/OP12-118_p2.png
5491,OP12-119,Bartholomew Kuma,4430,643868,113,market_number_eq_canonical_or_extracted;image_basename_number_agrees;set_code_match;rarity_match;card_name_substring_product;source_tcgcsv,low,1,promo,3Rdann,OP12-119::3rdann,thumbs/OP12-119(3rdAnn).webp
5493,OP12-119,Bartholomew Kuma,4430,643868,101,market_number_eq_canonical_or_extracted;image_basename_number_agrees;set_code_match;rarity_match;parallel_variant_no_parallel_market_penalty;card_name_substring_product;source_tcgcsv,low,1,parallel_1,Parallel 1,OP12-119_p1,OP12/parallel/OP12-119_p1.png
5494,OP12-119,Bartholomew Kuma,4430,643868,101,market_number_eq_canonical_or_extracted;image_basename_number_agrees;set_code_match;rarity_match;parallel_variant_no_parallel_market_penalty;card_name_substring_product;source_tcgcsv,low,1,parallel_2,Parallel 2,OP12-119_p2,ANN3JP/parallel/OP12-119_p2.png
5498,OP13-001,Monkey.D.Luffy,4453,657250,113,market_number_eq_canonical_or_extracted;image_basename_number_agrees;set_code_match;rarity_match;card_name_substring_product;source_tcgcsv,low,1,promo,Ichiban Byhylianer,OP13-001::ichiban byhylianer,thumbs/OP13-001(Ichiban_byHylianer).webp
5499,OP13-001,Monkey.D.Luffy,4453,657250,101,market_number_eq_canonical_or_extracted;image_basename_number_agrees;set_code_match;rarity_match;parallel_variant_no_parallel_market_penalty;card_name_substring_product;source_tcgcsv,low,1,parallel_1,Parallel 1,OP13-001_p1,OP13/parallel/OP13-001_p1.png
5503,OP13-002,Portgas.D.Ace,4455,657252,101,market_number_eq_canonical_or_extracted;image_basename_number_agrees;set_code_match;rarity_match;parallel_variant_no_parallel_market_penalty;card_name_substring_product;source_tcgcsv,low,1,parallel_1,Parallel 1,OP13-002_p1,OP13/parallel/OP13-002_p1.png
5507,OP13-003,Gol.D.Roger,4457,657254,101,market_number_eq_canonical_or_extracted;image_basename_number_agrees;set_code_match;rarity_match;parallel_variant_no_parallel_market_penalty;card_name_substring_product;source_tcgcsv,low,1,parallel_1,Parallel 1,OP13-003_p1,OP13/parallel/OP13-003_p1.png
5511,OP13-004,Sabo,4459,657256,101,market_number_eq_canonical_or_extracted;image_basename_number_agrees;set_code_match;rarity_match;parallel_variant_no_parallel_market_penalty;card_name_substring_product;source_tcgcsv,low,1,parallel_1,Parallel 1,OP13-004_p1,OP13/parallel/OP13-004_p1.png
5519,OP13-007,Ace & Sabo & Luffy,4463,657260,101,market_number_eq_canonical_or_extracted;image_basename_number_agrees;set_code_match;rarity_match;parallel_variant_no_parallel_market_penalty;card_name_substring_product;source_tcgcsv,low,1,parallel_1,Parallel 1,OP13-007_p1,OP13/parallel/OP13-007_p1.png
5540,OP13-016,Monkey.D.Garp,4473,657270,101,market_number_eq_canonical_or_extracted;image_basename_number_agrees;set_code_match;rarity_match;parallel_variant_no_parallel_market_penalty;card_name_substring_product;source_tcgcsv,low,1,parallel_1,Parallel 1,OP13-016_p1,OP13/parallel/OP13-016_p1.png
5557,OP13-023,Uta,4481,657278,91,market_number_eq_canonical_or_extracted;image_basename_number_agrees;set_code_match;rarity_match;parallel_variant_no_parallel_market_penalty;source_tcgcsv,low,1,parallel_1,Parallel 1,OP13-023_p1,OP13/parallel/OP13-023_p1.png
5567,OP13-027,Sanji,4486,657283,101,market_number_eq_canonical_or_extracted;image_basename_number_agrees;set_code_match;rarity_match;parallel_variant_no_parallel_market_penalty;card_name_substring_product;source_tcgcsv,low,1,parallel_1,Parallel 1,OP13-027_p1,OP13/parallel/OP13-027_p1.png
5571,OP13-028,Shanks,4488,657285,101,market_number_eq_canonical_or_extracted;image_basename_number_agrees;set_code_match;rarity_match;parallel_variant_no_parallel_market_penalty;card_name_substring_product;source_tcgcsv,low,1,parallel_1,Parallel 1,OP13-028_p1,OP13/parallel/OP13-028_p1.png
5602,OP13-042,Edward.Newgate,4503,657300,101,market_number_eq_canonical_or_extracted;image_basename_number_agrees;set_code_match;rarity_match;parallel_variant_no_parallel_market_penalty;card_name_substring_product;source_tcgcsv,low,1,parallel_1,Parallel 1,OP13-042_p1,OP13/parallel/OP13-042_p1.png
5622,OP13-051,Boa Hancock,4513,657310,101,market_number_eq_canonical_or_extracted;image_basename_number_agrees;set_code_match;rarity_match;parallel_variant_no_parallel_market_penalty;card_name_substring_product;source_tcgcsv,low,1,parallel_1,Parallel 1,OP13-051_p1,OP13/parallel/OP13-051_p1.png
5630,OP13-054,Yamato,4517,657314,101,market_number_eq_canonical_or_extracted;image_basename_number_agrees;set_code_match;rarity_match;parallel_variant_no_parallel_market_penalty;card_name_substring_product;source_tcgcsv,low,1,parallel_1,Parallel 1,OP13-054_p1,OP13/parallel/OP13-054_p1.png
5655,OP13-064,Gol.D.Roger,4528,657325,101,market_number_eq_canonical_or_extracted;image_basename_number_agrees;set_code_match;rarity_match;parallel_variant_no_parallel_market_penalty;card_name_substring_product;source_tcgcsv,low,1,parallel_1,Parallel 1,OP13-064_p1,OP13/parallel/OP13-064_p1.png
5659,OP13-065,Shanks,4530,657327,101,market_number_eq_canonical_or_extracted;image_basename_number_agrees;set_code_match;rarity_match;parallel_variant_no_parallel_market_penalty;card_name_substring_product;source_tcgcsv,low,1,parallel_1,Parallel 1,OP13-065_p1,OP13/parallel/OP13-065_p1.png
5663,OP13-066,Silvers Rayleigh,4532,657329,101,market_number_eq_canonical_or_extracted;image_basename_number_agrees;set_code_match;rarity_match;parallel_variant_no_parallel_market_penalty;card_name_substring_product;source_tcgcsv,low,1,parallel_1,Parallel 1,OP13-066_p1,OP13/parallel/OP13-066_p1.png
5685,OP13-076,Divine Departure,4543,657340,101,market_number_eq_canonical_or_extracted;image_basename_number_agrees;set_code_match;rarity_match;parallel_variant_no_parallel_market_penalty;card_name_substring_product;source_tcgcsv,low,1,parallel_1,Parallel 1,OP13-076_p1,OP13/parallel/OP13-076_p1.png
5693,OP13-079,Imu,4547,657344,91,market_number_eq_canonical_or_extracted;image_basename_number_agrees;set_code_match;rarity_match;parallel_variant_no_parallel_market_penalty;source_tcgcsv,low,1,parallel_1,Parallel 1,OP13-079_p1,OP13/parallel/OP13-079_p1.png
5705,OP13-082,Five Elders,4553,657350,101,market_number_eq_canonical_or_extracted;image_basename_number_agrees;set_code_match;rarity_match;parallel_variant_no_parallel_market_penalty;card_name_substring_product;source_tcgcsv,low,1,parallel_1,Parallel 1,OP13-082_p1,OP13/parallel/OP13-082_p1.png
5761,OP13-100,Jewelry Bonney,4580,657377,101,market_number_eq_canonical_or_extracted;image_basename_number_agrees;set_code_match;rarity_match;parallel_variant_no_parallel_market_penalty;card_name_substring_product;source_tcgcsv,low,1,parallel_1,Parallel 1,OP13-100_p1,OP13/parallel/OP13-100_p1.png
5779,OP13-108,Jewelry Bonney,4589,657386,113,market_number_eq_canonical_or_extracted;image_basename_number_agrees;set_code_match;rarity_match;card_name_substring_product;source_tcgcsv,low,1,promo,Flagship,OP13-108::flagship,thumbs/OP13-108(Flagship).webp
5780,OP13-108,Jewelry Bonney,4589,657386,101,market_number_eq_canonical_or_extracted;image_basename_number_agrees;set_code_match;rarity_match;parallel_variant_no_parallel_market_penalty;card_name_substring_product;source_tcgcsv,low,1,parallel_1,Parallel 1,OP13-108_p1,OP13/parallel/OP13-108_p1.png
5786,OP13-110,Stussy,4592,657389,101,market_number_eq_canonical_or_extracted;image_basename_number_agrees;set_code_match;rarity_match;parallel_variant_no_parallel_market_penalty;card_name_substring_product;source_tcgcsv,low,1,parallel_1,Parallel 1,OP13-110_p1,OP13/parallel/OP13-110_p1.png
5794,OP13-113,Lilith,4596,657393,101,market_number_eq_canonical_or_extracted;image_basename_number_agrees;set_code_match;rarity_match;parallel_variant_no_parallel_market_penalty;card_name_substring_product;source_tcgcsv,low,1,parallel_1,Parallel 1,OP13-113_p1,OP13/parallel/OP13-113_p1.png
5798,OP13-114,S-Snake,4598,657395,101,market_number_eq_canonical_or_extracted;image_basename_number_agrees;set_code_match;rarity_match;parallel_variant_no_parallel_market_penalty;card_name_substring_product;source_tcgcsv,low,1,parallel_1,Parallel 1,OP13-114_p1,OP13/parallel/OP13-114_p1.png
5807,OP13-118,Monkey.D.Luffy,4604,657401,127,market_number_eq_canonical_or_extracted;image_basename_number_agrees;set_code_match;rarity_match;alt_art_signal;card_name_substring_product;source_tcgcsv,low,1,alt,Alt,OP13-118::alt,thumbs/OP13-118(alt).webp
5808,OP13-118,Monkey.D.Luffy,4603,657400,113,market_number_eq_canonical_or_extracted;image_basename_number_agrees;set_code_match;rarity_match;card_name_substring_product;source_tcgcsv,low,1,promo,Cs,OP13-118::cs,thumbs/OP13-118(CS).webp
5809,OP13-118,Monkey.D.Luffy,4603,657400,113,market_number_eq_canonical_or_extracted;image_basename_number_agrees;set_code_match;rarity_match;card_name_substring_product;source_tcgcsv,low,1,mr,Manga,OP13-118::manga,thumbs/OP13-118(manga).webp
5814,OP13-118,Monkey.D.Luffy,4603,657400,113,market_number_eq_canonical_or_extracted;image_basename_number_agrees;set_code_match;rarity_match;card_name_substring_product;source_tcgcsv,low,1,promo,Red,OP13-118::red,thumbs/OP13-118(red).webp
5815,OP13-118,Monkey.D.Luffy,4603,657400,113,market_number_eq_canonical_or_extracted;image_basename_number_agrees;set_code_match;rarity_match;card_name_substring_product;source_tcgcsv,low,1,promo,Wanted,OP13-118::wanted,thumbs/OP13-118(Wanted).webp
5818,OP13-119,Portgas.D.Ace,4609,657406,127,market_number_eq_canonical_or_extracted;image_basename_number_agrees;set_code_match;rarity_match;alt_art_signal;card_name_substring_product;source_tcgcsv,low,1,alt,Alt,OP13-119::alt,thumbs/OP13-119(alt).webp
5819,OP13-119,Portgas.D.Ace,4608,657405,113,market_number_eq_canonical_or_extracted;image_basename_number_agrees;set_code_match;rarity_match;card_name_substring_product;source_tcgcsv,low,1,promo,Cs,OP13-119::cs,thumbs/OP13-119(CS).webp
5820,OP13-119,Portgas.D.Ace,4608,657405,113,market_number_eq_canonical_or_extracted;image_basename_number_agrees;set_code_match;rarity_match;card_name_substring_product;source_tcgcsv,low,1,mr,Manga,OP13-119::manga,thumbs/OP13-119(manga).webp
5825,OP13-119,Portgas.D.Ace,4608,657405,113,market_number_eq_canonical_or_extracted;image_basename_number_agrees;set_code_match;rarity_match;card_name_substring_product;source_tcgcsv,low,1,promo,Red,OP13-119::red,thumbs/OP13-119(red).webp
5826,OP13-119,Portgas.D.Ace,4608,657405,113,market_number_eq_canonical_or_extracted;image_basename_number_agrees;set_code_match;rarity_match;card_name_substring_product;source_tcgcsv,low,1,promo,Wanted,OP13-119::wanted,thumbs/OP13-119(Wanted).webp
5829,OP13-120,Sabo,4614,657411,127,market_number_eq_canonical_or_extracted;image_basename_number_agrees;set_code_match;rarity_match;alt_art_signal;card_name_substring_product;source_tcgcsv,low,1,alt,Alt,OP13-120::alt,thumbs/OP13-120(alt).webp
5830,OP13-120,Sabo,4613,657410,113,market_number_eq_canonical_or_extracted;image_basename_number_agrees;set_code_match;rarity_match;card_name_substring_product;source_tcgcsv,low,1,promo,Cs,OP13-120::cs,thumbs/OP13-120(CS).webp
5831,OP13-120,Sabo,4613,657410,113,market_number_eq_canonical_or_extracted;image_basename_number_agrees;set_code_match;rarity_match;card_name_substring_product;source_tcgcsv,low,1,mr,Manga,OP13-120::manga,thumbs/OP13-120(manga).webp
5836,OP13-120,Sabo,4613,657410,113,market_number_eq_canonical_or_extracted;image_basename_number_agrees;set_code_match;rarity_match;card_name_substring_product;source_tcgcsv,low,1,promo,Red,OP13-120::red,thumbs/OP13-120(red).webp
5837,OP13-120,Sabo,4613,657410,113,market_number_eq_canonical_or_extracted;image_basename_number_agrees;set_code_match;rarity_match;card_name_substring_product;source_tcgcsv,low,1,promo,Wanted,OP13-120::wanted,thumbs/OP13-120(Wanted).webp
5841,OP14-001,Trafalgar Law,5042,666518,101,market_number_eq_canonical_or_extracted;image_basename_number_agrees;set_code_match;rarity_match;parallel_variant_no_parallel_market_penalty;card_name_substring_product;source_tcgcsv,low,1,parallel_1,Parallel 1,OP14-001_p1,OP14/parallel/OP14-001_p1.png
5859,OP14-009,Trafalgar Law,5082,668636,101,market_number_eq_canonical_or_extracted;image_basename_number_agrees;set_code_match;rarity_match;parallel_variant_no_parallel_market_penalty;card_name_substring_product;source_tcgcsv,low,1,parallel_1,Parallel 1,OP14-009_p1,OP14/parallel/OP14-009_p1.png
5869,OP14-013,Monkey.D.Luffy,5044,666520,101,market_number_eq_canonical_or_extracted;image_basename_number_agrees;set_code_match;rarity_match;parallel_variant_no_parallel_market_penalty;card_name_substring_product;source_tcgcsv,low,1,parallel_1,Parallel 1,OP14-013_p1,OP14/parallel/OP14-013_p1.png
5872,OP14-014,"Eustass""Captain""Kid",5145,671359,113,market_number_eq_canonical_or_extracted;image_basename_number_agrees;set_code_match;rarity_match;card_name_substring_product;source_tcgcsv,low,1,promo,Dashpack,OP14-014::dashpack,thumbs/OP14-014(DashPack).webp
5876,OP14-015,Roronoa Zoro,5100,670250,101,market_number_eq_canonical_or_extracted;image_basename_number_agrees;set_code_match;rarity_match;parallel_variant_no_parallel_market_penalty;card_name_substring_product;source_tcgcsv,low,1,parallel_1,Parallel 1,OP14-015_p1,OP14/parallel/OP14-015_p1.png
5888,OP14-020,Dracule Mihawk,5046,666524,101,market_number_eq_canonical_or_extracted;image_basename_number_agrees;set_code_match;rarity_match;parallel_variant_no_parallel_market_penalty;card_name_substring_product;source_tcgcsv,low,1,parallel_1,Parallel 1,OP14-020_p1,OP14/parallel/OP14-020_p1.png
5905,OP14-027,Shanks,5104,670255,101,market_number_eq_canonical_or_extracted;image_basename_number_agrees;set_code_match;rarity_match;parallel_variant_no_parallel_market_penalty;card_name_substring_product;source_tcgcsv,low,1,parallel_1,Parallel 1,OP14-027_p1,OP14/parallel/OP14-027_p1.png
5910,OP14-029,Tashigi,5158,671372,113,market_number_eq_canonical_or_extracted;image_basename_number_agrees;set_code_match;rarity_match;card_name_substring_product;source_tcgcsv,low,1,promo,Dashpack,OP14-029::dashpack,thumbs/OP14-029(DashPack).webp
5916,OP14-031,Nami,5102,670252,101,market_number_eq_canonical_or_extracted;image_basename_number_agrees;set_code_match;rarity_match;parallel_variant_no_parallel_market_penalty;card_name_substring_product;source_tcgcsv,low,1,parallel_1,Parallel 1,OP14-031_p1,OP14/parallel/OP14-031_p1.png
5922,OP14-033,Perona,5048,666526,101,market_number_eq_canonical_or_extracted;image_basename_number_agrees;set_code_match;rarity_match;parallel_variant_no_parallel_market_penalty;card_name_substring_product;source_tcgcsv,low,1,parallel_1,Parallel 1,OP14-033_p1,OP14/parallel/OP14-033_p1.png
5938,OP14-040,Jinbe,5078,668568,101,market_number_eq_canonical_or_extracted;image_basename_number_agrees;set_code_match;rarity_match;parallel_variant_no_parallel_market_penalty;card_name_substring_product;source_tcgcsv,low,1,parallel_1,Parallel 1,OP14-040_p1,OP14/parallel/OP14-040_p1.png
5942,OP14-041,Boa Hancock,5071,668333,101,market_number_eq_canonical_or_extracted;image_basename_number_agrees;set_code_match;rarity_match;parallel_variant_no_parallel_market_penalty;card_name_substring_product;source_tcgcsv,low,1,parallel_1,Parallel 1,OP14-041_p1,OP14/parallel/OP14-041_p1.png
5946,OP14-042,Arlong,5106,670597,101,market_number_eq_canonical_or_extracted;image_basename_number_agrees;set_code_match;rarity_match;parallel_variant_no_parallel_market_penalty;card_name_substring_product;source_tcgcsv,low,1,parallel_1,Parallel 1,OP14-042_p1,OP14/parallel/OP14-042_p1.png
5949,OP14-043,Aladine,5168,671382,113,market_number_eq_canonical_or_extracted;image_basename_number_agrees;set_code_match;rarity_match;card_name_substring_product;source_tcgcsv,low,1,promo,Dashpack,OP14-043::dashpack,thumbs/OP14-043(DashPack).webp
5963,OP14-049,Jinbe,5080,668570,101,market_number_eq_canonical_or_extracted;image_basename_number_agrees;set_code_match;rarity_match;parallel_variant_no_parallel_market_penalty;card_name_substring_product;source_tcgcsv,low,1,parallel_1,Parallel 1,OP14-049_p1,OP14/parallel/OP14-049_p1.png
5987,OP14-060,Donquixote Doflamingo,5050,666528,101,market_number_eq_canonical_or_extracted;image_basename_number_agrees;set_code_match;rarity_match;parallel_variant_no_parallel_market_penalty;card_name_substring_product;source_tcgcsv,low,1,parallel_1,Parallel 1,OP14-060_p1,OP14/parallel/OP14-060_p1.png
5991,OP14-061,Vergo,5101,670251,101,market_number_eq_canonical_or_extracted;image_basename_number_agrees;set_code_match;rarity_match;parallel_variant_no_parallel_market_penalty;card_name_substring_product;source_tcgcsv,low,1,parallel_1,Parallel 1,OP14-061_p1,OP14/parallel/OP14-061_p1.png
6009,OP14-069,Donquixote Doflamingo,5084,668638,101,market_number_eq_canonical_or_extracted;image_basename_number_agrees;set_code_match;rarity_match;parallel_variant_no_parallel_market_penalty;card_name_substring_product;source_tcgcsv,low,1,parallel_1,Parallel 1,OP14-069_p1,OP14/parallel/OP14-069_p1.png
6020,OP14-074,Monet,5195,671409,113,market_number_eq_canonical_or_extracted;image_basename_number_agrees;set_code_match;rarity_match;card_name_substring_product;source_tcgcsv,low,1,promo,Dashpack,OP14-074::dashpack,thumbs/OP14-074(DashPack).webp
6032,OP14-079,Crocodile,5067,666761,101,market_number_eq_canonical_or_extracted;image_basename_number_agrees;set_code_match;rarity_match;parallel_variant_no_parallel_market_penalty;card_name_substring_product;source_tcgcsv,low,1,parallel_1,Parallel 1,OP14-079_p1,OP14/parallel/OP14-079_p1.png
6036,OP14-080,Gecko Moria,5059,666572,101,market_number_eq_canonical_or_extracted;image_basename_number_agrees;set_code_match;rarity_match;parallel_variant_no_parallel_market_penalty;card_name_substring_product;source_tcgcsv,low,1,parallel_1,Parallel 1,OP14-080_p1,OP14/parallel/OP14-080_p1.png
6046,OP14-084,Ms. All Sunday,5069,666912,101,market_number_eq_canonical_or_extracted;image_basename_number_agrees;set_code_match;rarity_match;parallel_variant_no_parallel_market_penalty;card_name_substring_product;source_tcgcsv,low,1,parallel_1,Parallel 1,OP14-084_p1,OP14/parallel/OP14-084_p1.png
6053,OP14-087,Miss.Valentine(Mikita),5205,671419,113,market_number_eq_canonical_or_extracted;image_basename_number_agrees;set_code_match;rarity_match;card_name_substring_product;source_tcgcsv,low,1,promo,Dashpack,OP14-087::dashpack,thumbs/OP14-087(DashPack).webp
6054,OP14-087,Miss.Valentine(Mikita),5205,671419,113,market_number_eq_canonical_or_extracted;image_basename_number_agrees;set_code_match;rarity_match;card_name_substring_product;source_tcgcsv,low,1,promo,Standardbattle,OP14-087::standardbattle,thumbs/OP14-087(StandardBattle).webp
6055,OP14-087,Miss.Valentine(Mikita),5205,671419,113,market_number_eq_canonical_or_extracted;image_basename_number_agrees;set_code_match;rarity_match;card_name_substring_product;source_tcgcsv,low,1,promo,Standardbattlewinner,OP14-087::standardbattlewinner,thumbs/OP14-087(StandardBattleWinner).webp
6063,OP14-090,Mr.1(Daz.Bonez),5208,671422,101,market_number_eq_canonical_or_extracted;image_basename_number_agrees;set_code_match;rarity_match;parallel_variant_no_parallel_market_penalty;card_name_substring_product;source_tcgcsv,low,1,parallel_1,Parallel 1,OP14-090_p1,OP14/parallel/OP14-090_p1.png
6067,OP14-091,Mr.2.Bon.Kurei(Bentham),5108,670639,97,market_number_eq_canonical_or_extracted;image_basename_number_agrees;set_code_match;rarity_match;parallel_variant_no_parallel_market_penalty;name_token_overlap;source_tcgcsv,low,1,parallel_1,Parallel 1,OP14-091_p1,OP14/parallel/OP14-091_p1.png
6079,OP14-096,Ground Death,5112,670874,101,market_number_eq_canonical_or_extracted;image_basename_number_agrees;set_code_match;rarity_match;parallel_variant_no_parallel_market_penalty;card_name_substring_product;source_tcgcsv,low,1,parallel_1,Parallel 1,OP14-096_p1,OP14/parallel/OP14-096_p1.png
6097,OP14-104,Gecko Moria,5061,666574,101,market_number_eq_canonical_or_extracted;image_basename_number_agrees;set_code_match;rarity_match;parallel_variant_no_parallel_market_penalty;card_name_substring_product;source_tcgcsv,low,1,parallel_1,Parallel 1,OP14-104_p1,OP14/parallel/OP14-104_p1.png
6107,OP14-108,Silvers Rayleigh,5224,671438,113,market_number_eq_canonical_or_extracted;image_basename_number_agrees;set_code_match;rarity_match;card_name_substring_product;source_tcgcsv,low,1,promo,Dashpack,OP14-108::dashpack,thumbs/OP14-108(DashPack).webp
6115,OP14-111,Perona,5105,670596,101,market_number_eq_canonical_or_extracted;image_basename_number_agrees;set_code_match;rarity_match;parallel_variant_no_parallel_market_penalty;card_name_substring_product;source_tcgcsv,low,1,parallel_1,Parallel 1,OP14-111_p1,OP14/parallel/OP14-111_p1.png
6119,OP14-112,Boa Hancock,5073,668342,113,market_number_eq_canonical_or_extracted;image_basename_number_agrees;set_code_match;rarity_match;card_name_substring_product;source_tcgcsv,low,1,promo,Cs,OP14-112::cs,thumbs/OP14-112(CS).webp
6120,OP14-112,Boa Hancock,5073,668342,101,market_number_eq_canonical_or_extracted;image_basename_number_agrees;set_code_match;rarity_match;parallel_variant_no_parallel_market_penalty;card_name_substring_product;source_tcgcsv,low,1,parallel_1,Parallel 1,OP14-112_p1,OP14/parallel/OP14-112_p1.png
6121,OP14-112,Boa Hancock,5073,668342,101,market_number_eq_canonical_or_extracted;image_basename_number_agrees;set_code_match;rarity_match;parallel_variant_no_parallel_market_penalty;card_name_substring_product;source_tcgcsv,low,1,parallel_2,Parallel 2,OP14-112_p2,EB04/parallel/OP14-112_p2.png
6122,OP14-112,Boa Hancock,5073,668342,113,market_number_eq_canonical_or_extracted;image_basename_number_agrees;set_code_match;rarity_match;card_name_substring_product;source_tcgcsv,low,1,sp,SP,OP14-112::sp,thumbs/OP14-112(SP).webp
6136,OP14-118,You'll Frighten Me... ♡,5113,670875,97,market_number_eq_canonical_or_extracted;image_basename_number_agrees;set_code_match;rarity_match;parallel_variant_no_parallel_market_penalty;name_token_overlap;source_tcgcsv,low,1,parallel_1,Parallel 1,OP14-118_p1,OP14/parallel/OP14-118_p1.png
6140,OP14-119,Dracule Mihawk,5087,668641,113,market_number_eq_canonical_or_extracted;image_basename_number_agrees;set_code_match;rarity_match;card_name_substring_product;source_tcgcsv,low,1,mr,Manga,OP14-119::manga,thumbs/OP14-119(manga).webp
6141,OP14-119,Dracule Mihawk,5087,668641,101,market_number_eq_canonical_or_extracted;image_basename_number_agrees;set_code_match;rarity_match;parallel_variant_no_parallel_market_penalty;card_name_substring_product;source_tcgcsv,low,1,parallel_1,Parallel 1,OP14-119_p1,OP14/parallel/OP14-119_p1.png
6142,OP14-119,Dracule Mihawk,5087,668641,101,market_number_eq_canonical_or_extracted;image_basename_number_agrees;set_code_match;rarity_match;parallel_variant_no_parallel_market_penalty;card_name_substring_product;source_tcgcsv,low,1,parallel_2,Parallel 2,OP14-119_p2,EB04/parallel/OP14-119_p2.png
6146,OP14-120,Crocodile,5086,668640,113,market_number_eq_canonical_or_extracted;image_basename_number_agrees;set_code_match;rarity_match;card_name_substring_product;source_tcgcsv,low,1,promo,Cs,OP14-120::cs,thumbs/OP14-120(CS).webp
6147,OP14-120,Crocodile,5086,668640,101,market_number_eq_canonical_or_extracted;image_basename_number_agrees;set_code_match;rarity_match;parallel_variant_no_parallel_market_penalty;card_name_substring_product;source_tcgcsv,low,1,parallel_1,Parallel 1,OP14-120_p1,OP14/parallel/OP14-120_p1.png
6291,OP15-118,Enel,5595,685477,113,market_number_eq_canonical_or_extracted;image_basename_number_agrees;set_code_match;rarity_match;card_name_substring_product;source_tcgcsv,low,1,mr,Manga,OP15-118::manga,thumbs/OP15-118(manga).webp
6298,P-001,Monkey.D.Luffy,703,450299,77,market_number_eq_canonical_or_extracted;set_code_match;parallel_variant_no_parallel_market_penalty;card_name_substring_product;source_tcgcsv,low,1,parallel_1,Parallel 1,P-001_p1,SPRRE/parallel/P-001_p1.png
6299,P-001,Monkey.D.Luffy,703,450299,77,market_number_eq_canonical_or_extracted;set_code_match;parallel_variant_no_parallel_market_penalty;card_name_substring_product;source_tcgcsv,low,1,parallel_2,Parallel 2,P-001_p2,SPRRE/parallel/P-001_p2.png
6300,P-001,Monkey.D.Luffy,703,450299,77,market_number_eq_canonical_or_extracted;set_code_match;parallel_variant_no_parallel_market_penalty;card_name_substring_product;source_tcgcsv,low,1,parallel_3,Parallel 3,P-001_p3,PCC25/parallel/P-001_p3.png
6301,P-001,Monkey.D.Luffy,703,450299,77,market_number_eq_canonical_or_extracted;set_code_match;parallel_variant_no_parallel_market_penalty;card_name_substring_product;source_tcgcsv,low,1,parallel_4,Parallel 4,P-001_p4,GC01/parallel/P-001_p4.png
6302,P-001,Monkey.D.Luffy,703,450299,77,market_number_eq_canonical_or_extracted;set_code_match;parallel_variant_no_parallel_market_penalty;card_name_substring_product;source_tcgcsv,low,1,parallel_5,Parallel 5,P-001_p5,ORP2024V2/parallel/P-001_p5.png
6303,P-001,Monkey.D.Luffy,703,450299,77,market_number_eq_canonical_or_extracted;set_code_match;parallel_variant_no_parallel_market_penalty;card_name_substring_product;source_tcgcsv,low,1,parallel_6,Parallel 6,P-001_p6,_unclassified/parallel/P-001_p6.png
6308,P-003,"Eustass""Captain""Kid",707,450303,77,market_number_eq_canonical_or_extracted;set_code_match;parallel_variant_no_parallel_market_penalty;card_name_substring_product;source_tcgcsv,low,1,parallel_1,Parallel 1,P-003_p1,ORP2024V2/parallel/P-003_p1.png
6331,P-014,Koby,3269,586195,77,market_number_eq_canonical_or_extracted;set_code_match;parallel_variant_no_parallel_market_penalty;card_name_substring_product;source_tcgcsv,low,1,parallel_2,Parallel 2,P-014_p2,PRB01/parallel/P-014_p2.png
6332,P-014,Koby,3269,586195,77,market_number_eq_canonical_or_extracted;set_code_match;parallel_variant_no_parallel_market_penalty;card_name_substring_product;source_tcgcsv,low,1,parallel_3,Parallel 3,P-014_p3,PRB01/parallel/P-014_p3.png
6333,P-014,Koby,3269,586195,89,market_number_eq_canonical_or_extracted;set_code_match;card_name_substring_product;source_tcgcsv,low,1,r1,R1,P-014_r1,PRB01/reprint/P-014_r1.png
6338,P-016,Shanks,737,457032,77,market_number_eq_canonical_or_extracted;set_code_match;parallel_variant_no_parallel_market_penalty;card_name_substring_product;source_tcgcsv,low,1,parallel_1,Parallel 1,P-016_p1,PCCFR/parallel/P-016_p1.png
6341,P-017,Trafalgar Law,738,457033,77,market_number_eq_canonical_or_extracted;set_code_match;parallel_variant_no_parallel_market_penalty;card_name_substring_product;source_tcgcsv,low,1,parallel_1,Parallel 1,P-017_p1,TP07/parallel/P-017_p1.png
6346,P-019,Bepo,740,457035,77,market_number_eq_canonical_or_extracted;set_code_match;parallel_variant_no_parallel_market_penalty;card_name_substring_product;source_tcgcsv,low,1,parallel_1,Parallel 1,P-019_p1,TP07/parallel/P-019_p1.png
6347,P-019,Bepo,740,457035,89,market_number_eq_canonical_or_extracted;set_code_match;card_name_substring_product;source_tcgcsv,low,1,promo,Winner,P-019::winner,thumbs/P-019(winner).webp
6354,P-022,Monkey.D.Luffy,743,457039,77,market_number_eq_canonical_or_extracted;set_code_match;parallel_variant_no_parallel_market_penalty;card_name_substring_product;source_tcgcsv,low,1,parallel_1,Parallel 1,P-022_p1,PCCFR/parallel/P-022_p1.png
6360,P-025,Smoker,746,482215,89,market_number_eq_canonical_or_extracted;set_code_match;card_name_substring_product;source_tcgcsv,low,1,operator_review,2,P-025::2,thumbs/P-025 (2).webp
6366,P-028,Portgas.D.Ace,720,455819,77,market_number_eq_canonical_or_extracted;set_code_match;parallel_variant_no_parallel_market_penalty;card_name_substring_product;source_tcgcsv,low,1,parallel_1,Parallel 1,P-028_p1,GC01/parallel/P-028_p1.png
6368,P-029,Bartolomeo,3295,586560,77,market_number_eq_canonical_or_extracted;set_code_match;parallel_variant_no_parallel_market_penalty;card_name_substring_product;source_tcgcsv,low,1,parallel_3,Parallel 3,P-029_p3,PRB01/parallel/P-029_p3.png
6369,P-029,Bartolomeo,3295,586560,77,market_number_eq_canonical_or_extracted;set_code_match;parallel_variant_no_parallel_market_penalty;card_name_substring_product;source_tcgcsv,low,1,parallel_4,Parallel 4,P-029_p4,PRB01/parallel/P-029_p4.png
6371,P-029,Bartolomeo,3295,586560,89,market_number_eq_canonical_or_extracted;set_code_match;card_name_substring_product;source_tcgcsv,low,1,r2,R2,P-029_r2,PRB01/reprint/P-029_r2.png
6373,P-030,Jinbe,722,455823,89,market_number_eq_canonical_or_extracted;set_code_match;card_name_substring_product;source_tcgcsv,low,1,promo,Binder,P-030::binder,thumbs/P-030(Binder).webp
6374,P-030,Jinbe,722,455823,77,market_number_eq_canonical_or_extracted;set_code_match;parallel_variant_no_parallel_market_penalty;card_name_substring_product;source_tcgcsv,low,1,parallel_2,Parallel 2,P-030_p2,SWBS01/parallel/P-030_p2.png
6375,P-030,Jinbe,722,455823,77,market_number_eq_canonical_or_extracted;set_code_match;parallel_variant_no_parallel_market_penalty;card_name_substring_product;source_tcgcsv,low,1,parallel_3,Parallel 3,P-030_p3,_unclassified/parallel/P-030_p3.png
6383,P-034,Sanji,899,509464,89,market_number_eq_canonical_or_extracted;set_code_match;card_name_substring_product;source_tcgcsv,low,1,operator_review,2,P-034::2,thumbs/p-034 (2).webp
6396,P-041,Monkey.D.Luffy,998,520773,77,market_number_eq_canonical_or_extracted;set_code_match;parallel_variant_no_parallel_market_penalty;card_name_substring_product;source_tcgcsv,low,1,parallel_1,Parallel 1,P-041_p1,ORP2024V2/parallel/P-041_p1.png
6403,P-044,Sabo,4961,656163,89,market_number_eq_canonical_or_extracted;set_code_match;card_name_substring_product;source_tcgcsv,low,1,r1,R1,P-044_r1,PRB02/reprint/P-044_r1.png
6406,P-045,Roronoa Zoro,1088,537438,77,market_number_eq_canonical_or_extracted;set_code_match;parallel_variant_no_parallel_market_penalty;card_name_substring_product;source_tcgcsv,low,1,parallel_1,Parallel 1,P-045_p1,ST1520RE/parallel/P-045_p1.png
6411,P-047,Monkey.D.Luffy,975,518694,77,market_number_eq_canonical_or_extracted;set_code_match;parallel_variant_no_parallel_market_penalty;card_name_substring_product;source_tcgcsv,low,1,parallel_1,Parallel 1,P-047_p1,PCCLA1/parallel/P-047_p1.png
6414,P-048,Arlong,976,518695,77,market_number_eq_canonical_or_extracted;set_code_match;parallel_variant_no_parallel_market_penalty;card_name_substring_product;source_tcgcsv,low,1,parallel_1,Parallel 1,P-048_p1,PCCLA1/parallel/P-048_p1.png
6417,P-049,Usopp,977,518696,77,market_number_eq_canonical_or_extracted;set_code_match;parallel_variant_no_parallel_market_penalty;card_name_substring_product;source_tcgcsv,low,1,parallel_1,Parallel 1,P-049_p1,PCCLA1/parallel/P-049_p1.png
6420,P-050,Sanji,978,518697,77,market_number_eq_canonical_or_extracted;set_code_match;parallel_variant_no_parallel_market_penalty;card_name_substring_product;source_tcgcsv,low,1,parallel_1,Parallel 1,P-050_p1,PCCLA1/parallel/P-050_p1.png
6423,P-051,Shanks,979,518698,77,market_number_eq_canonical_or_extracted;set_code_match;parallel_variant_no_parallel_market_penalty;card_name_substring_product;source_tcgcsv,low,1,parallel_1,Parallel 1,P-051_p1,PCCLA1/parallel/P-051_p1.png
6426,P-052,Dracule Mihawk,980,518699,77,market_number_eq_canonical_or_extracted;set_code_match;parallel_variant_no_parallel_market_penalty;card_name_substring_product;source_tcgcsv,low,1,parallel_1,Parallel 1,P-052_p1,PCCLA1/parallel/P-052_p1.png
6429,P-053,Nami,3274,586408,77,market_number_eq_canonical_or_extracted;set_code_match;parallel_variant_no_parallel_market_penalty;card_name_substring_product;source_tcgcsv,low,1,parallel_2,Parallel 2,P-053_p2,PRB01/parallel/P-053_p2.png
6430,P-053,Nami,3274,586408,77,market_number_eq_canonical_or_extracted;set_code_match;parallel_variant_no_parallel_market_penalty;card_name_substring_product;source_tcgcsv,low,1,parallel_3,Parallel 3,P-053_p3,PRB01/parallel/P-053_p3.png
6431,P-053,Nami,981,518700,77,market_number_eq_canonical_or_extracted;set_code_match;parallel_variant_no_parallel_market_penalty;card_name_substring_product;source_tcgcsv,low,1,parallel_4,Parallel 4,P-053_p4,PCCLA1/parallel/P-053_p4.png
6432,P-053,Nami,981,518700,89,market_number_eq_canonical_or_extracted;set_code_match;card_name_substring_product;source_tcgcsv,low,1,alt,Prb01Alt,P-053::prb01alt,thumbs/P-053(PRB01alt).webp
6433,P-053,Nami,3274,586408,89,market_number_eq_canonical_or_extracted;set_code_match;card_name_substring_product;source_tcgcsv,low,1,r1,R1,P-053_r1,PRB01/reprint/P-053_r1.png
6438,P-055,Monkey.D.Luffy,983,518702,89,market_number_eq_canonical_or_extracted;set_code_match;card_name_substring_product;source_tcgcsv,low,1,promo,Basketball,P-055::basketball,thumbs/P-055(basketball).webp
6439,P-055,Monkey.D.Luffy,3275,586480,77,market_number_eq_canonical_or_extracted;set_code_match;parallel_variant_no_parallel_market_penalty;card_name_substring_product;source_tcgcsv,low,1,parallel_2,Parallel 2,P-055_p2,PRB01/parallel/P-055_p2.png
6440,P-055,Monkey.D.Luffy,3275,586480,77,market_number_eq_canonical_or_extracted;set_code_match;parallel_variant_no_parallel_market_penalty;card_name_substring_product;source_tcgcsv,low,1,parallel_3,Parallel 3,P-055_p3,PRB01/parallel/P-055_p3.png
6441,P-055,Monkey.D.Luffy,983,518702,77,market_number_eq_canonical_or_extracted;set_code_match;parallel_variant_no_parallel_market_penalty;card_name_substring_product;source_tcgcsv,low,1,parallel_4,Parallel 4,P-055_p4,PCCLA1/parallel/P-055_p4.png
6442,P-055,Monkey.D.Luffy,983,518702,89,market_number_eq_canonical_or_extracted;set_code_match;card_name_substring_product;source_tcgcsv,low,1,alt,Prb01Alt,P-055::prb01alt,thumbs/P-055(PRB01alt).webp
6443,P-055,Monkey.D.Luffy,3275,586480,89,market_number_eq_canonical_or_extracted;set_code_match;card_name_substring_product;source_tcgcsv,low,1,r1,R1,P-055_r1,PRB01/reprint/P-055_r1.png
6446,P-056,Roronoa Zoro,984,518703,77,market_number_eq_canonical_or_extracted;set_code_match;parallel_variant_no_parallel_market_penalty;card_name_substring_product;source_tcgcsv,low,1,parallel_1,Parallel 1,P-056_p1,PCCLA1/parallel/P-056_p1.png
6466,P-063,Jinbe,4715,654101,77,market_number_eq_canonical_or_extracted;set_code_match;parallel_variant_no_parallel_market_penalty;card_name_substring_product;source_tcgcsv,low,1,parallel_1,Parallel 1,P-063_p1,PRB02/parallel/P-063_p1.png
6467,P-063,Jinbe,1185,544796,89,market_number_eq_canonical_or_extracted;set_code_match;card_name_substring_product;source_tcgcsv,low,1,alt,Prb02,P-063::prb02,thumbs/P-063(PRB02).webp
6468,P-063,Jinbe,4715,654101,89,market_number_eq_canonical_or_extracted;set_code_match;card_name_substring_product;source_tcgcsv,low,1,r1,R1,P-063_r1,PRB02/reprint/P-063_r1.png
6472,P-065,Tony Tony.Chopper,1366,583766,89,market_number_eq_canonical_or_extracted;set_code_match;card_name_substring_product;source_tcgcsv,low,1,promo,Championship,P-065::championship,thumbs/P-065(championship).webp
6473,P-065,Tony Tony.Chopper,1366,583766,77,market_number_eq_canonical_or_extracted;set_code_match;parallel_variant_no_parallel_market_penalty;card_name_substring_product;source_tcgcsv,low,1,parallel_1,Parallel 1,P-065_p1,CS2526EP/parallel/P-065_p1.png
6474,P-065,Tony Tony.Chopper,1366,583766,77,market_number_eq_canonical_or_extracted;set_code_match;parallel_variant_no_parallel_market_penalty;card_name_substring_product;source_tcgcsv,low,1,parallel_2,Parallel 2,P-065_p2,_unclassified/parallel/P-065_p2.png
6481,P-068,Sanji,4977,656181,77,market_number_eq_canonical_or_extracted;set_code_match;parallel_variant_no_parallel_market_penalty;card_name_substring_product;source_tcgcsv,low,1,parallel_1,Parallel 1,P-068_p1,PRB02/parallel/P-068_p1.png
6482,P-068,Sanji,4977,656181,89,market_number_eq_canonical_or_extracted;set_code_match;card_name_substring_product;source_tcgcsv,low,1,r1,R1,P-068_r1,PRB02/reprint/P-068_r1.png
6485,P-069,Koala,1367,583768,89,market_number_eq_canonical_or_extracted;set_code_match;card_name_substring_product;source_tcgcsv,low,1,alt,Alt,P-069::alt,thumbs/P-069(alt).webp
6486,P-069,Koala,1367,583768,89,market_number_eq_canonical_or_extracted;set_code_match;card_name_substring_product;source_tcgcsv,low,1,promo,Championship,P-069::championship,thumbs/P-069(championship).webp
6487,P-069,Koala,1367,583768,89,market_number_eq_canonical_or_extracted;set_code_match;card_name_substring_product;source_tcgcsv,low,1,promo,Cn3Rdann,P-069::cn3rdann,thumbs/P-069(CN3rdAnn).webp
6488,P-069,Koala,1367,583768,89,market_number_eq_canonical_or_extracted;set_code_match;card_name_substring_product;source_tcgcsv,low,1,promo,Cs,P-069::cs,thumbs/P-069(CS).webp
6489,P-069,Koala,1367,583768,77,market_number_eq_canonical_or_extracted;set_code_match;parallel_variant_no_parallel_market_penalty;card_name_substring_product;source_tcgcsv,low,1,parallel_1,Parallel 1,P-069_p1,CS2526EP/parallel/P-069_p1.png
6490,P-069,Koala,1367,583768,77,market_number_eq_canonical_or_extracted;set_code_match;parallel_variant_no_parallel_market_penalty;card_name_substring_product;source_tcgcsv,low,1,parallel_2,Parallel 2,P-069_p2,_unclassified/parallel/P-069_p2.png
6491,P-069,Koala,4983,656189,77,market_number_eq_canonical_or_extracted;set_code_match;parallel_variant_no_parallel_market_penalty;card_name_substring_product;source_tcgcsv,low,1,parallel_3,Parallel 3,P-069_p3,PRB02/parallel/P-069_p3.png
6492,P-069,Koala,1367,583768,77,market_number_eq_canonical_or_extracted;set_code_match;parallel_variant_no_parallel_market_penalty;card_name_substring_product;source_tcgcsv,low,1,parallel_4,Parallel 4,P-069_p4,CS2526TP2/parallel/P-069_p4.png
6493,P-069,Koala,1367,583768,77,market_number_eq_canonical_or_extracted;set_code_match;parallel_variant_no_parallel_market_penalty;card_name_substring_product;source_tcgcsv,low,1,parallel_5,Parallel 5,P-069_p5,_unclassified/parallel/P-069_p5.png
6494,P-069,Koala,1367,583768,77,market_number_eq_canonical_or_extracted;set_code_match;parallel_variant_no_parallel_market_penalty;card_name_substring_product;source_tcgcsv,low,1,parallel_6,Parallel 6,P-069_p6,_unclassified/parallel/P-069_p6.png
6495,P-069,Koala,1367,583768,89,market_number_eq_canonical_or_extracted;set_code_match;card_name_substring_product;source_tcgcsv,low,1,promo,Pp7,P-069::pp7,thumbs/P-069(pp7).webp
6496,P-069,Koala,4983,656189,89,market_number_eq_canonical_or_extracted;set_code_match;card_name_substring_product;source_tcgcsv,low,1,r1,R1,P-069_r1,PRB02/reprint/P-069_r1.png
6499,P-070,Carrot,1473,619199,89,market_number_eq_canonical_or_extracted;set_code_match;card_name_substring_product;source_tcgcsv,low,1,promo,Championship,P-070::championship,thumbs/P-070(championship).webp
6500,P-070,Carrot,1473,619199,77,market_number_eq_canonical_or_extracted;set_code_match;parallel_variant_no_parallel_market_penalty;card_name_substring_product;source_tcgcsv,low,1,parallel_1,Parallel 1,P-070_p1,CS2526EP/parallel/P-070_p1.png
6501,P-070,Carrot,1473,619199,77,market_number_eq_canonical_or_extracted;set_code_match;parallel_variant_no_parallel_market_penalty;card_name_substring_product;source_tcgcsv,low,1,parallel_2,Parallel 2,P-070_p2,_unclassified/parallel/P-070_p2.png
6502,P-070,Carrot,4989,656196,77,market_number_eq_canonical_or_extracted;set_code_match;parallel_variant_no_parallel_market_penalty;card_name_substring_product;source_tcgcsv,low,1,parallel_3,Parallel 3,P-070_p3,PRB02/parallel/P-070_p3.png
6503,P-070,Carrot,4989,656196,89,market_number_eq_canonical_or_extracted;set_code_match;card_name_substring_product;source_tcgcsv,low,1,r1,R1,P-070_r1,PRB02/reprint/P-070_r1.png
6510,P-073,Sabo,1561,626674,89,market_number_eq_canonical_or_extracted;set_code_match;card_name_substring_product;source_tcgcsv,low,1,alt,Alt,P-073::alt,thumbs/P-073(alt).webp
6511,P-073,Sabo,1561,626674,77,market_number_eq_canonical_or_extracted;set_code_match;parallel_variant_no_parallel_market_penalty;card_name_substring_product;source_tcgcsv,low,1,parallel_1,Parallel 1,P-073_p1,BCV3/parallel/P-073_p1.png
6512,P-073,Sabo,4999,656209,89,market_number_eq_canonical_or_extracted;set_code_match;card_name_substring_product;source_tcgcsv,low,1,r1,R1,P-073_r1,PRB02/reprint/P-073_r1.png
6515,P-074,Portgas.D.Ace,1562,626675,77,market_number_eq_canonical_or_extracted;set_code_match;parallel_variant_no_parallel_market_penalty;card_name_substring_product;source_tcgcsv,low,1,parallel_1,Parallel 1,P-074_p1,BCV3/parallel/P-074_p1.png
6516,P-074,Portgas.D.Ace,5001,656212,89,market_number_eq_canonical_or_extracted;set_code_match;card_name_substring_product;source_tcgcsv,low,1,r1,R1,P-074_r1,PRB02/reprint/P-074_r1.png
6519,P-075,Monkey.D.Luffy,1563,627095,77,market_number_eq_canonical_or_extracted;set_code_match;parallel_variant_no_parallel_market_penalty;card_name_substring_product;source_tcgcsv,low,1,parallel_1,Parallel 1,P-075_p1,BCV3/parallel/P-075_p1.png
6520,P-075,Monkey.D.Luffy,5004,656216,89,market_number_eq_canonical_or_extracted;set_code_match;card_name_substring_product;source_tcgcsv,low,1,r1,R1,P-075_r1,PRB02/reprint/P-075_r1.png
6525,P-077,Ulti,1474,619200,89,market_number_eq_canonical_or_extracted;set_code_match;card_name_substring_product;source_tcgcsv,low,1,alt,Alt,P-077::alt,thumbs/P-077(alt).webp
6526,P-077,Ulti,1474,619200,77,market_number_eq_canonical_or_extracted;set_code_match;parallel_variant_no_parallel_market_penalty;card_name_substring_product;source_tcgcsv,low,1,parallel_1,Parallel 1,P-077_p1,CS2526EP/parallel/P-077_p1.png
6527,P-077,Ulti,1474,619200,77,market_number_eq_canonical_or_extracted;set_code_match;parallel_variant_no_parallel_market_penalty;card_name_substring_product;source_tcgcsv,low,1,parallel_2,Parallel 2,P-077_p2,_unclassified/parallel/P-077_p2.png
6530,P-078,Adio,1472,619198,89,market_number_eq_canonical_or_extracted;set_code_match;card_name_substring_product;source_tcgcsv,low,1,alt,Alt,P-078::alt,thumbs/P-078(alt).webp
6531,P-078,Adio,1472,619198,77,market_number_eq_canonical_or_extracted;set_code_match;parallel_variant_no_parallel_market_penalty;card_name_substring_product;source_tcgcsv,low,1,parallel_1,Parallel 1,P-078_p1,ORFC2526S1/parallel/P-078_p1.png
6532,P-078,Adio,1472,619198,77,market_number_eq_canonical_or_extracted;set_code_match;parallel_variant_no_parallel_market_penalty;card_name_substring_product;source_tcgcsv,low,1,parallel_2,Parallel 2,P-078_p2,_unclassified/parallel/P-078_p2.png
6533,P-078,Adio,1472,619198,77,market_number_eq_canonical_or_extracted;set_code_match;parallel_variant_no_parallel_market_penalty;card_name_substring_product;source_tcgcsv,low,1,parallel_3,Parallel 3,P-078_p3,_unclassified/parallel/P-078_p3.png
6534,P-078,Adio,1472,619198,77,market_number_eq_canonical_or_extracted;set_code_match;parallel_variant_no_parallel_market_penalty;card_name_substring_product;source_tcgcsv,low,1,parallel_4,Parallel 4,P-078_p4,_unclassified/parallel/P-078_p4.png
6535,P-078,Adio,1472,619198,77,market_number_eq_canonical_or_extracted;set_code_match;parallel_variant_no_parallel_market_penalty;card_name_substring_product;source_tcgcsv,low,1,parallel_5,Parallel 5,P-078_p5,_unclassified/parallel/P-078_p5.png
6536,P-078,Adio,5009,656222,77,market_number_eq_canonical_or_extracted;set_code_match;parallel_variant_no_parallel_market_penalty;card_name_substring_product;source_tcgcsv,low,1,parallel_6,Parallel 6,P-078_p6,PRB02/parallel/P-078_p6.png
6537,P-078,Adio,5009,656222,89,market_number_eq_canonical_or_extracted;set_code_match;card_name_substring_product;source_tcgcsv,low,1,r1,R1,P-078_r1,PRB02/reprint/P-078_r1.png
6540,P-079,Lim,1475,619201,79,market_number_eq_canonical_or_extracted;set_code_match;source_tcgcsv,low,1,promo,Championship,P-079::championship,thumbs/P-079(championship).webp
6541,P-079,Lim,1475,619201,67,market_number_eq_canonical_or_extracted;set_code_match;parallel_variant_no_parallel_market_penalty;source_tcgcsv,low,1,parallel_1,Parallel 1,P-079_p1,CS2526EP/parallel/P-079_p1.png
6542,P-079,Lim,1475,619201,67,market_number_eq_canonical_or_extracted;set_code_match;parallel_variant_no_parallel_market_penalty;source_tcgcsv,low,1,parallel_2,Parallel 2,P-079_p2,_unclassified/parallel/P-079_p2.png
6543,P-079,Lim,5014,656228,67,market_number_eq_canonical_or_extracted;set_code_match;parallel_variant_no_parallel_market_penalty;source_tcgcsv,low,1,parallel_3,Parallel 3,P-079_p3,PRB02/parallel/P-079_p3.png
6544,P-079,Lim,5014,656228,79,market_number_eq_canonical_or_extracted;set_code_match;source_tcgcsv,low,1,r1,R1,P-079_r1,PRB02/reprint/P-079_r1.png
6548,P-081,Dracule Mihawk,1576,634529,77,market_number_eq_canonical_or_extracted;set_code_match;parallel_variant_no_parallel_market_penalty;card_name_substring_product;source_tcgcsv,low,1,parallel_1,Parallel 1,P-081_p1,OP11RE/parallel/P-081_p1.png
6549,P-081,Dracule Mihawk,5032,656249,77,market_number_eq_canonical_or_extracted;set_code_match;parallel_variant_no_parallel_market_penalty;card_name_substring_product;source_tcgcsv,low,1,parallel_2,Parallel 2,P-081_p2,PRB02/parallel/P-081_p2.png
6550,P-081,Dracule Mihawk,5032,656249,89,market_number_eq_canonical_or_extracted;set_code_match;card_name_substring_product;source_tcgcsv,low,1,r1,R1,P-081_r1,PRB02/reprint/P-081_r1.png
6553,P-082,Crocodile,1573,630420,77,market_number_eq_canonical_or_extracted;set_code_match;parallel_variant_no_parallel_market_penalty;card_name_substring_product;source_tcgcsv,low,1,parallel_1,Parallel 1,P-082_p1,S2ON2/parallel/P-082_p1.png
6554,P-082,Crocodile,5025,656242,77,market_number_eq_canonical_or_extracted;set_code_match;parallel_variant_no_parallel_market_penalty;card_name_substring_product;source_tcgcsv,low,1,parallel_2,Parallel 2,P-082_p2,PRB02/parallel/P-082_p2.png
6555,P-082,Crocodile,5025,656242,89,market_number_eq_canonical_or_extracted;set_code_match;card_name_substring_product;source_tcgcsv,low,1,r1,R1,P-082_r1,PRB02/reprint/P-082_r1.png
6558,P-083,Shanks,1476,619202,89,market_number_eq_canonical_or_extracted;set_code_match;card_name_substring_product;source_tcgcsv,low,1,promo,Championship,P-083::championship,thumbs/P-083(championship).webp
6559,P-083,Shanks,1476,619202,77,market_number_eq_canonical_or_extracted;set_code_match;parallel_variant_no_parallel_market_penalty;card_name_substring_product;source_tcgcsv,low,1,parallel_1,Parallel 1,P-083_p1,CS2526EP/parallel/P-083_p1.png
6560,P-083,Shanks,1476,619202,77,market_number_eq_canonical_or_extracted;set_code_match;parallel_variant_no_parallel_market_penalty;card_name_substring_product;source_tcgcsv,low,1,parallel_2,Parallel 2,P-083_p2,_unclassified/parallel/P-083_p2.png
6561,P-083,Shanks,5020,656237,77,market_number_eq_canonical_or_extracted;set_code_match;parallel_variant_no_parallel_market_penalty;card_name_substring_product;source_tcgcsv,low,1,parallel_3,Parallel 3,P-083_p3,PRB02/parallel/P-083_p3.png
6562,P-083,Shanks,5020,656237,89,market_number_eq_canonical_or_extracted;set_code_match;card_name_substring_product;source_tcgcsv,low,1,r1,R1,P-083_r1,PRB02/reprint/P-083_r1.png
6567,P-085,Jewelry Bonney,1639,646728,89,market_number_eq_canonical_or_extracted;set_code_match;card_name_substring_product;source_tcgcsv,low,1,alt,Alt,P-085::alt,thumbs/P-085(alt).webp
6568,P-085,Jewelry Bonney,1639,646728,77,market_number_eq_canonical_or_extracted;set_code_match;parallel_variant_no_parallel_market_penalty;card_name_substring_product;source_tcgcsv,low,1,parallel_1,Parallel 1,P-085_p1,ORFC2025V2/parallel/P-085_p1.png
6569,P-085,Jewelry Bonney,1639,646728,77,market_number_eq_canonical_or_extracted;set_code_match;parallel_variant_no_parallel_market_penalty;card_name_substring_product;source_tcgcsv,low,1,parallel_2,Parallel 2,P-085_p2,_unclassified/parallel/P-085_p2.png
6570,P-085,Jewelry Bonney,5016,656230,77,market_number_eq_canonical_or_extracted;set_code_match;parallel_variant_no_parallel_market_penalty;card_name_substring_product;source_tcgcsv,low,1,parallel_3,Parallel 3,P-085_p3,PRB02/parallel/P-085_p3.png
6571,P-085,Jewelry Bonney,5016,656230,89,market_number_eq_canonical_or_extracted;set_code_match;card_name_substring_product;source_tcgcsv,low,1,r1,R1,P-085_r1,PRB02/reprint/P-085_r1.png
6576,P-088,Trafalgar Law,5008,656220,77,market_number_eq_canonical_or_extracted;set_code_match;parallel_variant_no_parallel_market_penalty;card_name_substring_product;source_tcgcsv,low,1,parallel_3,Parallel 3,P-088_p3,P/base/P-088_p3.png
6577,P-088,Trafalgar Law,5008,656220,89,market_number_eq_canonical_or_extracted;set_code_match;card_name_substring_product;source_tcgcsv,low,1,r1,R1,P-088_r1,PRB02/reprint/P-088_r1.png
6580,P-089,Tony Tony.Chopper,1642,646731,77,market_number_eq_canonical_or_extracted;set_code_match;parallel_variant_no_parallel_market_penalty;card_name_substring_product;source_tcgcsv,low,1,parallel_1,Parallel 1,P-089_p1,ORFC2025V2/parallel/P-089_p1.png
6581,P-089,Tony Tony.Chopper,1642,646731,77,market_number_eq_canonical_or_extracted;set_code_match;parallel_variant_no_parallel_market_penalty;card_name_substring_product;source_tcgcsv,low,1,parallel_2,Parallel 2,P-089_p2,_unclassified/parallel/P-089_p2.png
6588,P-092,Koby,1649,646740,77,market_number_eq_canonical_or_extracted;set_code_match;parallel_variant_no_parallel_market_penalty;card_name_substring_product;source_tcgcsv,low,1,parallel_1,Parallel 1,P-092_p1,OP12RE/parallel/P-092_p1.png
6589,P-092,Koby,1649,646740,77,market_number_eq_canonical_or_extracted;set_code_match;parallel_variant_no_parallel_market_penalty;card_name_substring_product;source_tcgcsv,low,1,parallel_2,Parallel 2,P-092_p2,OP12RE/parallel/P-092_p2.png
6597,P-096,Girl,1885,671883,77,market_number_eq_canonical_or_extracted;set_code_match;parallel_variant_no_parallel_market_penalty;card_name_substring_product;source_tcgcsv,low,1,parallel_1,Parallel 1,P-096_p1,OP14RE/parallel/P-096_p1.png
6630,P-111,Nico Robin,1898,676843,89,market_number_eq_canonical_or_extracted;set_code_match;card_name_substring_product;source_tcgcsv,low,1,promo,Bisai,P-111::bisai,thumbs/P-111(BISAI).webp
6631,P-111,Nico Robin,1898,676843,89,market_number_eq_canonical_or_extracted;set_code_match;card_name_substring_product;source_tcgcsv,low,1,promo,Koushirokushiro,P-111::koushirokushiro,thumbs/P-111(KoushiRokushiro).webp
6632,P-111,Nico Robin,1898,676843,77,market_number_eq_canonical_or_extracted;set_code_match;parallel_variant_no_parallel_market_penalty;card_name_substring_product;source_tcgcsv,low,1,parallel_1,Parallel 1,P-111_p1,HBWP01/parallel/P-111_p1.png
6634,P-112,Nami,1899,676844,89,market_number_eq_canonical_or_extracted;set_code_match;card_name_substring_product;source_tcgcsv,low,1,promo,Bisai,P-112::bisai,thumbs/P-112(BISAI).webp
6635,P-112,Nami,1899,676844,89,market_number_eq_canonical_or_extracted;set_code_match;card_name_substring_product;source_tcgcsv,low,1,promo,Koushirokushiro,P-112::koushirokushiro,thumbs/P-112(KoushiRokushiro).webp
6636,P-112,Nami,1899,676844,77,market_number_eq_canonical_or_extracted;set_code_match;parallel_variant_no_parallel_market_penalty;card_name_substring_product;source_tcgcsv,low,1,parallel_1,Parallel 1,P-112_p1,HBWP01/parallel/P-112_p1.png
6638,P-113,Jewelry Bonney,1900,676845,89,market_number_eq_canonical_or_extracted;set_code_match;card_name_substring_product;source_tcgcsv,low,1,promo,Bisai,P-113::bisai,thumbs/P-113(BISAI).webp
6639,P-113,Jewelry Bonney,1900,676845,89,market_number_eq_canonical_or_extracted;set_code_match;card_name_substring_product;source_tcgcsv,low,1,promo,Koushirokushiro,P-113::koushirokushiro,thumbs/P-113(KoushiRokushiro).webp
6640,P-113,Jewelry Bonney,1900,676845,77,market_number_eq_canonical_or_extracted;set_code_match;parallel_variant_no_parallel_market_penalty;card_name_substring_product;source_tcgcsv,low,1,parallel_1,Parallel 1,P-113_p1,HBWP01/parallel/P-113_p1.png
6665,PRB01-001,Sanji,3313,586607,101,market_number_eq_canonical_or_extracted;image_basename_number_agrees;set_code_match;rarity_match;parallel_variant_no_parallel_market_penalty;card_name_substring_product;source_tcgcsv,low,1,parallel_1,Parallel 1,PRB01-001_p1,PRB01/parallel/PRB01-001_p1.png
6669,PRB02-001,Koby,4679,653428,101,market_number_eq_canonical_or_extracted;image_basename_number_agrees;set_code_match;rarity_match;parallel_variant_no_parallel_market_penalty;card_name_substring_product;source_tcgcsv,low,1,parallel_1,Parallel 1,PRB02-001_p1,PRB02/parallel/PRB02-001_p1.png
6673,PRB02-002,Trafalgar Law,4677,653423,101,market_number_eq_canonical_or_extracted;image_basename_number_agrees;set_code_match;rarity_match;parallel_variant_no_parallel_market_penalty;card_name_substring_product;source_tcgcsv,low,1,parallel_1,Parallel 1,PRB02-002_p1,PRB02/parallel/PRB02-002_p1.png
6677,PRB02-003,Lucky.Roux,4663,653261,101,market_number_eq_canonical_or_extracted;image_basename_number_agrees;set_code_match;rarity_match;parallel_variant_no_parallel_market_penalty;card_name_substring_product;source_tcgcsv,low,1,parallel_1,Parallel 1,PRB02-003_p1,PRB02/parallel/PRB02-003_p1.png
6681,PRB02-004,Jewelry Bonney,4665,653263,101,market_number_eq_canonical_or_extracted;image_basename_number_agrees;set_code_match;rarity_match;parallel_variant_no_parallel_market_penalty;card_name_substring_product;source_tcgcsv,low,1,parallel_1,Parallel 1,PRB02-004_p1,PRB02/parallel/PRB02-004_p1.png
6685,PRB02-005,Monkey.D.Luffy,4667,653265,101,market_number_eq_canonical_or_extracted;image_basename_number_agrees;set_code_match;rarity_match;parallel_variant_no_parallel_market_penalty;card_name_substring_product;source_tcgcsv,low,1,parallel_1,Parallel 1,PRB02-005_p1,PRB02/parallel/PRB02-005_p1.png
6689,PRB02-006,Roronoa Zoro,4681,653430,101,market_number_eq_canonical_or_extracted;image_basename_number_agrees;set_code_match;rarity_match;parallel_variant_no_parallel_market_penalty;card_name_substring_product;source_tcgcsv,low,1,parallel_1,Parallel 1,PRB02-006_p1,PRB02/parallel/PRB02-006_p1.png
6691,PRB02-006,Roronoa Zoro,4681,653430,113,market_number_eq_canonical_or_extracted;image_basename_number_agrees;set_code_match;rarity_match;card_name_substring_product;source_tcgcsv,low,1,sp,SP,PRB02-006::sp,thumbs/PRB02-006(SP).webp
6695,PRB02-007,Jinbe,4689,653601,101,market_number_eq_canonical_or_extracted;image_basename_number_agrees;set_code_match;rarity_match;parallel_variant_no_parallel_market_penalty;card_name_substring_product;source_tcgcsv,low,1,parallel_1,Parallel 1,PRB02-007_p1,PRB02/parallel/PRB02-007_p1.png
6699,PRB02-008,Marco,4687,653586,101,market_number_eq_canonical_or_extracted;image_basename_number_agrees;set_code_match;rarity_match;parallel_variant_no_parallel_market_penalty;card_name_substring_product;source_tcgcsv,low,1,parallel_1,Parallel 1,PRB02-008_p1,PRB02/parallel/PRB02-008_p1.png
6703,PRB02-009,Mr.3(Galdino),4671,653397,101,market_number_eq_canonical_or_extracted;image_basename_number_agrees;set_code_match;rarity_match;parallel_variant_no_parallel_market_penalty;card_name_substring_product;source_tcgcsv,low,1,parallel_1,Parallel 1,PRB02-009_p1,PRB02/parallel/PRB02-009_p1.png
6707,PRB02-010,Charlotte Pudding,4683,653535,101,market_number_eq_canonical_or_extracted;image_basename_number_agrees;set_code_match;rarity_match;parallel_variant_no_parallel_market_penalty;card_name_substring_product;source_tcgcsv,low,1,parallel_1,Parallel 1,PRB02-010_p1,PRB02/parallel/PRB02-010_p1.png
6711,PRB02-011,Donquixote Doflamingo,4685,653542,101,market_number_eq_canonical_or_extracted;image_basename_number_agrees;set_code_match;rarity_match;parallel_variant_no_parallel_market_penalty;card_name_substring_product;source_tcgcsv,low,1,parallel_1,Parallel 1,PRB02-011_p1,PRB02/parallel/PRB02-011_p1.png
6715,PRB02-012,Nami,4669,653392,101,market_number_eq_canonical_or_extracted;image_basename_number_agrees;set_code_match;rarity_match;parallel_variant_no_parallel_market_penalty;card_name_substring_product;source_tcgcsv,low,1,parallel_1,Parallel 1,PRB02-012_p1,PRB02/parallel/PRB02-012_p1.png
6719,PRB02-013,Gecko Moria,4699,653842,101,market_number_eq_canonical_or_extracted;image_basename_number_agrees;set_code_match;rarity_match;parallel_variant_no_parallel_market_penalty;card_name_substring_product;source_tcgcsv,low,1,parallel_1,Parallel 1,PRB02-013_p1,PRB02/parallel/PRB02-013_p1.png
6723,PRB02-014,Sabo,4697,653840,101,market_number_eq_canonical_or_extracted;image_basename_number_agrees;set_code_match;rarity_match;parallel_variant_no_parallel_market_penalty;card_name_substring_product;source_tcgcsv,low,1,parallel_1,Parallel 1,PRB02-014_p1,PRB02/parallel/PRB02-014_p1.png
6724,PRB02-014,Sabo,4697,653840,113,market_number_eq_canonical_or_extracted;image_basename_number_agrees;set_code_match;rarity_match;card_name_substring_product;source_tcgcsv,low,1,sp,SP,PRB02-014::sp,thumbs/PRB02-014(SP).webp
6728,PRB02-015,Shiryu,4675,653403,101,market_number_eq_canonical_or_extracted;image_basename_number_agrees;set_code_match;rarity_match;parallel_variant_no_parallel_market_penalty;card_name_substring_product;source_tcgcsv,low,1,parallel_1,Parallel 1,PRB02-015_p1,PRB02/parallel/PRB02-015_p1.png
6732,PRB02-016,Otama,4673,653400,101,market_number_eq_canonical_or_extracted;image_basename_number_agrees;set_code_match;rarity_match;parallel_variant_no_parallel_market_penalty;card_name_substring_product;source_tcgcsv,low,1,parallel_1,Parallel 1,PRB02-016_p1,PRB02/parallel/PRB02-016_p1.png
6736,PRB02-017,Boa Hancock,4701,653857,101,market_number_eq_canonical_or_extracted;image_basename_number_agrees;set_code_match;rarity_match;parallel_variant_no_parallel_market_penalty;card_name_substring_product;source_tcgcsv,low,1,parallel_1,Parallel 1,PRB02-017_p1,PRB02/parallel/PRB02-017_p1.png
6740,PRB02-018,Portgas.D.Ace,4703,653860,101,market_number_eq_canonical_or_extracted;image_basename_number_agrees;set_code_match;rarity_match;parallel_variant_no_parallel_market_penalty;card_name_substring_product;source_tcgcsv,low,1,parallel_1,Parallel 1,PRB02-018_p1,PRB02/parallel/PRB02-018_p1.png
6780,ST01-006,Tony Tony.Chopper,3254,586180,101,market_number_eq_canonical_or_extracted;image_basename_number_agrees;set_code_match;rarity_match;parallel_variant_no_parallel_market_penalty;card_name_substring_product;source_tcgcsv,low,1,parallel_6,Parallel 6,ST01-006_p6,PRB01/parallel/ST01-006_p6.png
6781,ST01-006,Tony Tony.Chopper,3254,586180,101,market_number_eq_canonical_or_extracted;image_basename_number_agrees;set_code_match;rarity_match;parallel_variant_no_parallel_market_penalty;card_name_substring_product;source_tcgcsv,low,1,parallel_7,Parallel 7,ST01-006_p7,PRB01/parallel/ST01-006_p7.png
6782,ST01-006,Tony Tony.Chopper,3254,586180,101,market_number_eq_canonical_or_extracted;image_basename_number_agrees;set_code_match;rarity_match;parallel_variant_no_parallel_market_penalty;card_name_substring_product;source_tcgcsv,low,1,parallel_8,Parallel 8,ST01-006_p8,PRB01/parallel/ST01-006_p8.png
6784,ST01-006,Tony Tony.Chopper,3254,586180,113,market_number_eq_canonical_or_extracted;image_basename_number_agrees;set_code_match;rarity_match;card_name_substring_product;source_tcgcsv,low,1,r1,R1,ST01-006_r1,PRB01/reprint/ST01-006_r1.png
6825,ST01-011,Brook,4994,656201,101,market_number_eq_canonical_or_extracted;image_basename_number_agrees;set_code_match;rarity_match;parallel_variant_no_parallel_market_penalty;card_name_substring_product;source_tcgcsv,low,1,parallel_4,Parallel 4,ST01-011_p4,PRB02/parallel/ST01-011_p4.png
6827,ST01-011,Brook,4994,656201,113,market_number_eq_canonical_or_extracted;image_basename_number_agrees;set_code_match;rarity_match;card_name_substring_product;source_tcgcsv,low,1,r1,R1,ST01-011_r1,PRB02/reprint/ST01-011_r1.png
6835,ST01-012,Monkey.D.Luffy,2386,527027,101,market_number_eq_canonical_or_extracted;image_basename_number_agrees;set_code_match;rarity_match;parallel_variant_no_parallel_market_penalty;card_name_substring_product;source_tcgcsv,low,1,parallel_2,Parallel 2,ST01-012_p2,OP05/parallel/ST01-012_p2.png
6836,ST01-012,Monkey.D.Luffy,2386,527027,101,market_number_eq_canonical_or_extracted;image_basename_number_agrees;set_code_match;rarity_match;parallel_variant_no_parallel_market_penalty;card_name_substring_product;source_tcgcsv,low,1,parallel_3,Parallel 3,ST01-012_p3,OP05/parallel/ST01-012_p3.png
6852,ST01-014,Guard Point,3457,593576,101,market_number_eq_canonical_or_extracted;image_basename_number_agrees;set_code_match;rarity_match;parallel_variant_no_parallel_market_penalty;card_name_substring_product;source_tcgcsv,low,1,parallel_2,Parallel 2,ST01-014_p2,PRB01/parallel/ST01-014_p2.png
6853,ST01-014,Guard Point,3457,593576,101,market_number_eq_canonical_or_extracted;image_basename_number_agrees;set_code_match;rarity_match;parallel_variant_no_parallel_market_penalty;card_name_substring_product;source_tcgcsv,low,1,parallel_3,Parallel 3,ST01-014_p3,PRB01/parallel/ST01-014_p3.png
6854,ST01-014,Guard Point,3457,593576,113,market_number_eq_canonical_or_extracted;image_basename_number_agrees;set_code_match;rarity_match;card_name_substring_product;source_tcgcsv,low,1,r1,R1,ST01-014_r1,PRB01/reprint/ST01-014_r1.png
6873,ST02-004,"Capone""Gang""Bege",3338,586894,101,market_number_eq_canonical_or_extracted;image_basename_number_agrees;set_code_match;rarity_match;parallel_variant_no_parallel_market_penalty;card_name_substring_product;source_tcgcsv,low,1,parallel_2,Parallel 2,ST02-004_p2,PRB01/parallel/ST02-004_p2.png
6874,ST02-004,"Capone""Gang""Bege",3338,586894,101,market_number_eq_canonical_or_extracted;image_basename_number_agrees;set_code_match;rarity_match;parallel_variant_no_parallel_market_penalty;card_name_substring_product;source_tcgcsv,low,1,parallel_3,Parallel 3,ST02-004_p3,PRB01/parallel/ST02-004_p3.png
6875,ST02-004,"Capone""Gang""Bege",3338,586894,101,market_number_eq_canonical_or_extracted;image_basename_number_agrees;set_code_match;rarity_match;parallel_variant_no_parallel_market_penalty;card_name_substring_product;source_tcgcsv,low,1,parallel_4,Parallel 4,ST02-004_p4,PRB01/parallel/ST02-004_p4.png
6877,ST02-004,"Capone""Gang""Bege",3338,586894,113,market_number_eq_canonical_or_extracted;image_basename_number_agrees;set_code_match;rarity_match;card_name_substring_product;source_tcgcsv,low,1,r1,R1,ST02-004_r1,PRB01/reprint/ST02-004_r1.png
6887,ST02-007,Jewelry Bonney,4984,656190,101,market_number_eq_canonical_or_extracted;image_basename_number_agrees;set_code_match;rarity_match;parallel_variant_no_parallel_market_penalty;card_name_substring_product;source_tcgcsv,low,1,parallel_3,Parallel 3,ST02-007_p3,PRB02/parallel/ST02-007_p3.png
6888,ST02-007,Jewelry Bonney,4984,656190,113,market_number_eq_canonical_or_extracted;image_basename_number_agrees;set_code_match;rarity_match;card_name_substring_product;source_tcgcsv,low,1,r1,R1,ST02-007_r1,PRB02/reprint/ST02-007_r1.png
6930,ST03-004,Gecko Moria,689,288270,55,market_number_eq_canonical_or_extracted;image_basename_number_agrees;set_code_mismatch_penalty;card_name_substring_product;source_tcgcsv,low,1,r1,R1,ST03-004_r1,ST17/reprint/ST03-004_r1.png
6936,ST03-005,Dracule Mihawk,3460,593580,101,market_number_eq_canonical_or_extracted;image_basename_number_agrees;set_code_match;rarity_match;parallel_variant_no_parallel_market_penalty;card_name_substring_product;source_tcgcsv,low,1,parallel_4,Parallel 4,ST03-005_p4,PRB01/parallel/ST03-005_p4.png
6937,ST03-005,Dracule Mihawk,3460,593580,101,market_number_eq_canonical_or_extracted;image_basename_number_agrees;set_code_match;rarity_match;parallel_variant_no_parallel_market_penalty;card_name_substring_product;source_tcgcsv,low,1,parallel_5,Parallel 5,ST03-005_p5,PRB01/parallel/ST03-005_p5.png
6938,ST03-005,Dracule Mihawk,690,288272,67,market_number_eq_canonical_or_extracted;image_basename_number_agrees;set_code_mismatch_penalty;rarity_match;card_name_substring_product;source_tcgcsv,low,1,r1,R1,ST03-005_r1,ST17/reprint/ST03-005_r1.png
6939,ST03-005,Dracule Mihawk,3460,593580,113,market_number_eq_canonical_or_extracted;image_basename_number_agrees;set_code_match;rarity_match;card_name_substring_product;source_tcgcsv,low,1,r2,R2,ST03-005_r2,PRB01/reprint/ST03-005_r2.png
6956,ST03-008,Trafalgar Law,3462,593583,101,market_number_eq_canonical_or_extracted;image_basename_number_agrees;set_code_match;rarity_match;parallel_variant_no_parallel_market_penalty;card_name_substring_product;source_tcgcsv,low,1,parallel_6,Parallel 6,ST03-008_p6,PRB01/parallel/ST03-008_p6.png
6957,ST03-008,Trafalgar Law,3462,593583,101,market_number_eq_canonical_or_extracted;image_basename_number_agrees;set_code_match;rarity_match;parallel_variant_no_parallel_market_penalty;card_name_substring_product;source_tcgcsv,low,1,parallel_7,Parallel 7,ST03-008_p7,PRB01/parallel/ST03-008_p7.png
6958,ST03-008,Trafalgar Law,693,288277,67,market_number_eq_canonical_or_extracted;image_basename_number_agrees;set_code_mismatch_penalty;rarity_match;card_name_substring_product;source_tcgcsv,low,1,r1,R1,ST03-008_r1,ST17/reprint/ST03-008_r1.png
6959,ST03-008,Trafalgar Law,3462,593583,113,market_number_eq_canonical_or_extracted;image_basename_number_agrees;set_code_match;rarity_match;card_name_substring_product;source_tcgcsv,low,1,r2,R2,ST03-008_r2,PRB01/reprint/ST03-008_r2.png
6976,ST03-013,Boa Hancock,3340,586896,101,market_number_eq_canonical_or_extracted;image_basename_number_agrees;set_code_match;rarity_match;parallel_variant_no_parallel_market_penalty;card_name_substring_product;source_tcgcsv,low,1,parallel_2,Parallel 2,ST03-013_p2,PRB01/parallel/ST03-013_p2.png
6977,ST03-013,Boa Hancock,3340,586896,101,market_number_eq_canonical_or_extracted;image_basename_number_agrees;set_code_match;rarity_match;parallel_variant_no_parallel_market_penalty;card_name_substring_product;source_tcgcsv,low,1,parallel_3,Parallel 3,ST03-013_p3,PRB01/parallel/ST03-013_p3.png
6978,ST03-013,Boa Hancock,3340,586896,101,market_number_eq_canonical_or_extracted;image_basename_number_agrees;set_code_match;rarity_match;parallel_variant_no_parallel_market_penalty;card_name_substring_product;source_tcgcsv,low,1,parallel_4,Parallel 4,ST03-013_p4,PRB01/parallel/ST03-013_p4.png
6980,ST03-013,Boa Hancock,3340,586896,113,market_number_eq_canonical_or_extracted;image_basename_number_agrees;set_code_match;rarity_match;card_name_substring_product;source_tcgcsv,low,1,r1,R1,ST03-013_r1,PRB01/reprint/ST03-013_r1.png
7017,ST04-005,Queen,3466,593587,101,market_number_eq_canonical_or_extracted;image_basename_number_agrees;set_code_match;rarity_match;parallel_variant_no_parallel_market_penalty;card_name_substring_product;source_tcgcsv,low,1,parallel_3,Parallel 3,ST04-005_p3,PRB01/parallel/ST04-005_p3.png
7018,ST04-005,Queen,3466,593587,101,market_number_eq_canonical_or_extracted;image_basename_number_agrees;set_code_match;rarity_match;parallel_variant_no_parallel_market_penalty;card_name_substring_product;source_tcgcsv,low,1,parallel_4,Parallel 4,ST04-005_p4,PRB01/parallel/ST04-005_p4.png
7019,ST04-005,Queen,3466,593587,113,market_number_eq_canonical_or_extracted;image_basename_number_agrees;set_code_match;rarity_match;card_name_substring_product;source_tcgcsv,low,1,r1,R1,ST04-005_r1,PRB01/reprint/ST04-005_r1.png
7054,ST04-016,Blast Breath,3468,593589,101,market_number_eq_canonical_or_extracted;image_basename_number_agrees;set_code_match;rarity_match;parallel_variant_no_parallel_market_penalty;card_name_substring_product;source_tcgcsv,low,1,parallel_2,Parallel 2,ST04-016_p2,PRB01/parallel/ST04-016_p2.png
7055,ST04-016,Blast Breath,3468,593589,101,market_number_eq_canonical_or_extracted;image_basename_number_agrees;set_code_match;rarity_match;parallel_variant_no_parallel_market_penalty;card_name_substring_product;source_tcgcsv,low,1,parallel_3,Parallel 3,ST04-016_p3,PRB01/parallel/ST04-016_p3.png
7057,ST04-016,Blast Breath,3468,593589,113,market_number_eq_canonical_or_extracted;image_basename_number_agrees;set_code_match;rarity_match;card_name_substring_product;source_tcgcsv,low,1,r1,R1,ST04-016_r1,PRB01/reprint/ST04-016_r1.png
7126,ST06-008,Hina,4979,656184,101,market_number_eq_canonical_or_extracted;image_basename_number_agrees;set_code_match;rarity_match;parallel_variant_no_parallel_market_penalty;card_name_substring_product;source_tcgcsv,low,1,parallel_1,Parallel 1,ST06-008_p1,PRB02/parallel/ST06-008_p1.png
7127,ST06-008,Hina,4979,656184,113,market_number_eq_canonical_or_extracted;image_basename_number_agrees;set_code_match;rarity_match;card_name_substring_product;source_tcgcsv,low,1,r1,R1,ST06-008_r1,PRB02/reprint/ST06-008_r1.png
7132,ST06-010,Helmeppo,3469,593673,101,market_number_eq_canonical_or_extracted;image_basename_number_agrees;set_code_match;rarity_match;parallel_variant_no_parallel_market_penalty;card_name_substring_product;source_tcgcsv,low,1,parallel_2,Parallel 2,ST06-010_p2,PRB01/parallel/ST06-010_p2.png
7133,ST06-010,Helmeppo,3469,593673,101,market_number_eq_canonical_or_extracted;image_basename_number_agrees;set_code_match;rarity_match;parallel_variant_no_parallel_market_penalty;card_name_substring_product;source_tcgcsv,low,1,parallel_3,Parallel 3,ST06-010_p3,PRB01/parallel/ST06-010_p3.png
7135,ST06-010,Helmeppo,3469,593673,113,market_number_eq_canonical_or_extracted;image_basename_number_agrees;set_code_match;rarity_match;card_name_substring_product;source_tcgcsv,low,1,r1,R1,ST06-010_r1,PRB01/reprint/ST06-010_r1.png
7145,ST06-014,Shockwave,3471,593675,101,market_number_eq_canonical_or_extracted;image_basename_number_agrees;set_code_match;rarity_match;parallel_variant_no_parallel_market_penalty;card_name_substring_product;source_tcgcsv,low,1,parallel_2,Parallel 2,ST06-014_p2,PRB01/parallel/ST06-014_p2.png
7146,ST06-014,Shockwave,3471,593675,101,market_number_eq_canonical_or_extracted;image_basename_number_agrees;set_code_match;rarity_match;parallel_variant_no_parallel_market_penalty;card_name_substring_product;source_tcgcsv,low,1,parallel_3,Parallel 3,ST06-014_p3,PRB01/parallel/ST06-014_p3.png
7147,ST06-014,Shockwave,3471,593675,113,market_number_eq_canonical_or_extracted;image_basename_number_agrees;set_code_match;rarity_match;card_name_substring_product;source_tcgcsv,low,1,r1,R1,ST06-014_r1,PRB01/reprint/ST06-014_r1.png
7170,ST07-007,Charlotte Brulee,3472,593676,101,market_number_eq_canonical_or_extracted;image_basename_number_agrees;set_code_match;rarity_match;parallel_variant_no_parallel_market_penalty;card_name_substring_product;source_tcgcsv,low,1,parallel_2,Parallel 2,ST07-007_p2,PRB01/parallel/ST07-007_p2.png
7171,ST07-007,Charlotte Brulee,3472,593676,101,market_number_eq_canonical_or_extracted;image_basename_number_agrees;set_code_match;rarity_match;parallel_variant_no_parallel_market_penalty;card_name_substring_product;source_tcgcsv,low,1,parallel_3,Parallel 3,ST07-007_p3,PRB01/parallel/ST07-007_p3.png
7172,ST07-007,Charlotte Brulee,3472,593676,113,market_number_eq_canonical_or_extracted;image_basename_number_agrees;set_code_match;rarity_match;card_name_substring_product;source_tcgcsv,low,1,r1,R1,ST07-007_r1,PRB01/reprint/ST07-007_r1.png
7258,ST09-014,Narikabura Arrow,3474,593678,101,market_number_eq_canonical_or_extracted;image_basename_number_agrees;set_code_match;rarity_match;parallel_variant_no_parallel_market_penalty;card_name_substring_product;source_tcgcsv,low,1,parallel_2,Parallel 2,ST09-014_p2,PRB01/parallel/ST09-014_p2.png
7259,ST09-014,Narikabura Arrow,3474,593678,101,market_number_eq_canonical_or_extracted;image_basename_number_agrees;set_code_match;rarity_match;parallel_variant_no_parallel_market_penalty;card_name_substring_product;source_tcgcsv,low,1,parallel_3,Parallel 3,ST09-014_p3,PRB01/parallel/ST09-014_p3.png
7260,ST09-014,Narikabura Arrow,3474,593678,113,market_number_eq_canonical_or_extracted;image_basename_number_agrees;set_code_match;rarity_match;card_name_substring_product;source_tcgcsv,low,1,r1,R1,ST09-014_r1,PRB01/reprint/ST09-014_r1.png
7274,ST10-005,Jinbe,1242,557290,67,market_number_eq_canonical_or_extracted;image_basename_number_agrees;set_code_mismatch_penalty;rarity_match;card_name_substring_product;source_tcgcsv,low,1,promo,1St Anniversary Alt,ST10-005::1st anniversary alt,thumbs/ST10-005(1st anniversary alt).webp
7275,ST10-005,Jinbe,1242,557290,55,market_number_eq_canonical_or_extracted;image_basename_number_agrees;set_code_mismatch_penalty;rarity_match;parallel_variant_no_parallel_market_penalty;card_name_substring_product;source_tcgcsv,low,1,parallel_1,Parallel 1,ST10-005_p1,ANN1EN/parallel/ST10-005_p1.png
7276,ST10-005,Jinbe,4974,656178,101,market_number_eq_canonical_or_extracted;image_basename_number_agrees;set_code_match;rarity_match;parallel_variant_no_parallel_market_penalty;card_name_substring_product;source_tcgcsv,low,1,parallel_2,Parallel 2,ST10-005_p2,PRB02/parallel/ST10-005_p2.png
7277,ST10-005,Jinbe,4974,656178,113,market_number_eq_canonical_or_extracted;image_basename_number_agrees;set_code_match;rarity_match;card_name_substring_product;source_tcgcsv,low,1,r1,R1,ST10-005_r1,PRB02/reprint/ST10-005_r1.png
7280,ST10-006,Monkey.D.Luffy,1235,557283,55,market_number_eq_canonical_or_extracted;set_code_mismatch_penalty;rarity_match;card_name_substring_product;source_tcgcsv,low,1,alt,Alt,ST10-006::alt,thumbs/ST10-006alt.webp
7281,ST10-006,Monkey.D.Luffy,1235,557283,67,market_number_eq_canonical_or_extracted;image_basename_number_agrees;set_code_mismatch_penalty;rarity_match;card_name_substring_product;source_tcgcsv,low,1,promo,One Piece Day 24 Alt,ST10-006::one piece day 24 alt,thumbs/ST10-006(One Piece Day 24 alt).webp
7282,ST10-006,Monkey.D.Luffy,1235,557283,55,market_number_eq_canonical_or_extracted;image_basename_number_agrees;set_code_mismatch_penalty;rarity_match;parallel_variant_no_parallel_market_penalty;card_name_substring_product;source_tcgcsv,low,1,parallel_1,Parallel 1,ST10-006_p1,REG2024W1/parallel/ST10-006_p1.png
7283,ST10-006,Monkey.D.Luffy,1235,557283,55,market_number_eq_canonical_or_extracted;image_basename_number_agrees;set_code_mismatch_penalty;rarity_match;parallel_variant_no_parallel_market_penalty;card_name_substring_product;source_tcgcsv,low,1,parallel_2,Parallel 2,ST10-006_p2,ANN1EN/parallel/ST10-006_p2.png
7284,ST10-006,Monkey.D.Luffy,1235,557283,55,market_number_eq_canonical_or_extracted;image_basename_number_agrees;set_code_mismatch_penalty;rarity_match;parallel_variant_no_parallel_market_penalty;card_name_substring_product;source_tcgcsv,low,1,parallel_4,Parallel 4,ST10-006_p4,ST10/parallel/ST10-006_p4.png
7289,ST10-008,Shachi & Penguin,1770,655969,55,market_number_eq_canonical_or_extracted;image_basename_number_agrees;set_code_mismatch_penalty;rarity_match;parallel_variant_no_parallel_market_penalty;card_name_substring_product;source_tcgcsv,low,1,parallel_1,Parallel 1,ST10-008_p1,TP2025V4/parallel/ST10-008_p1.png
7290,ST10-008,Shachi & Penguin,1770,655969,55,market_number_eq_canonical_or_extracted;image_basename_number_agrees;set_code_mismatch_penalty;rarity_match;parallel_variant_no_parallel_market_penalty;card_name_substring_product;source_tcgcsv,low,1,parallel_2,Parallel 2,ST10-008_p2,_unclassified/parallel/ST10-008_p2.png
7291,ST10-008,Shachi & Penguin,4965,656167,101,market_number_eq_canonical_or_extracted;image_basename_number_agrees;set_code_match;rarity_match;parallel_variant_no_parallel_market_penalty;card_name_substring_product;source_tcgcsv,low,1,parallel_3,Parallel 3,ST10-008_p3,PRB02/parallel/ST10-008_p3.png
7292,ST10-008,Shachi & Penguin,4965,656167,113,market_number_eq_canonical_or_extracted;image_basename_number_agrees;set_code_match;rarity_match;card_name_substring_product;source_tcgcsv,low,1,r1,R1,ST10-008_r1,PRB02/reprint/ST10-008_r1.png
7297,ST10-010,Trafalgar Law,1135,539207,67,market_number_eq_canonical_or_extracted;image_basename_number_agrees;set_code_mismatch_penalty;rarity_match;card_name_substring_product;source_tcgcsv,low,1,promo,1St Anniversary Alt,ST10-010::1st anniversary alt,thumbs/ST10-010(1st anniversary alt).webp
7300,ST10-010,Trafalgar Law,1135,539207,55,market_number_eq_canonical_or_extracted;image_basename_number_agrees;set_code_mismatch_penalty;rarity_match;parallel_variant_no_parallel_market_penalty;card_name_substring_product;source_tcgcsv,low,1,parallel_1,Parallel 1,ST10-010_p1,REG2024W1/parallel/ST10-010_p1.png
7302,ST10-010,Trafalgar Law,3356,587398,101,market_number_eq_canonical_or_extracted;image_basename_number_agrees;set_code_match;rarity_match;parallel_variant_no_parallel_market_penalty;card_name_substring_product;source_tcgcsv,low,1,parallel_4,Parallel 4,ST10-010_p4,PRB01/parallel/ST10-010_p4.png
7304,ST10-010,Trafalgar Law,3356,587398,113,market_number_eq_canonical_or_extracted;image_basename_number_agrees;set_code_match;rarity_match;card_name_substring_product;source_tcgcsv,low,1,r1,R1,ST10-010_r1,PRB01/reprint/ST10-010_r1.png
7311,ST10-013,"Eustass""Captain""Kid",1060,525689,67,market_number_eq_canonical_or_extracted;image_basename_number_agrees;set_code_mismatch_penalty;rarity_match;card_name_substring_product;source_tcgcsv,low,1,promo,2Nd Anniversary Alt,ST10-013::2nd anniversary alt,thumbs/ST10-013(2nd anniversary alt).webp
7312,ST10-013,"Eustass""Captain""Kid",1060,525689,55,market_number_eq_canonical_or_extracted;set_code_mismatch_penalty;rarity_match;card_name_substring_product;source_tcgcsv,low,1,alt,Alt,ST10-013::alt,thumbs/ST10-013alt.webp
7313,ST10-013,"Eustass""Captain""Kid",1060,525689,55,market_number_eq_canonical_or_extracted;set_code_mismatch_penalty;rarity_match;card_name_substring_product;source_tcgcsv,low,1,alt,Alt Art 3,ST10-013::alt art 3,thumbs/ST10-013alt3.webp
7314,ST10-013,"Eustass""Captain""Kid",1060,525689,55,market_number_eq_canonical_or_extracted;image_basename_number_agrees;set_code_mismatch_penalty;rarity_match;parallel_variant_no_parallel_market_penalty;card_name_substring_product;source_tcgcsv,low,1,parallel_1,Parallel 1,ST10-013_p1,REG2024W1/parallel/ST10-013_p1.png
7348,ST12-005,Perona,4959,656161,101,market_number_eq_canonical_or_extracted;image_basename_number_agrees;set_code_match;rarity_match;parallel_variant_no_parallel_market_penalty;card_name_substring_product;source_tcgcsv,low,1,parallel_1,Parallel 1,ST12-005_p1,PRB02/parallel/ST12-005_p1.png
7349,ST12-005,Perona,4959,656161,113,market_number_eq_canonical_or_extracted;image_basename_number_agrees;set_code_match;rarity_match;card_name_substring_product;source_tcgcsv,low,1,r1,R1,ST12-005_r1,PRB02/reprint/ST12-005_r1.png
7371,ST12-014,Duval,3475,593680,101,market_number_eq_canonical_or_extracted;image_basename_number_agrees;set_code_match;rarity_match;parallel_variant_no_parallel_market_penalty;card_name_substring_product;source_tcgcsv,low,1,parallel_2,Parallel 2,ST12-014_p2,PRB01/parallel/ST12-014_p2.png
7372,ST12-014,Duval,3475,593680,101,market_number_eq_canonical_or_extracted;image_basename_number_agrees;set_code_match;rarity_match;parallel_variant_no_parallel_market_penalty;card_name_substring_product;source_tcgcsv,low,1,parallel_3,Parallel 3,ST12-014_p3,PRB01/parallel/ST12-014_p3.png
7374,ST12-014,Duval,3475,593680,113,market_number_eq_canonical_or_extracted;image_basename_number_agrees;set_code_match;rarity_match;card_name_substring_product;source_tcgcsv,low,1,r1,R1,ST12-014_r1,PRB01/reprint/ST12-014_r1.png
7379,ST12-017,Plastic Surgery Shot,4957,656159,101,market_number_eq_canonical_or_extracted;image_basename_number_agrees;set_code_match;rarity_match;parallel_variant_no_parallel_market_penalty;card_name_substring_product;source_tcgcsv,low,1,parallel_1,Parallel 1,ST12-017_p1,PRB02/parallel/ST12-017_p1.png
7380,ST12-017,Plastic Surgery Shot,4957,656159,113,market_number_eq_canonical_or_extracted;image_basename_number_agrees;set_code_match;rarity_match;card_name_substring_product;source_tcgcsv,low,1,r1,R1,ST12-017_r1,PRB02/reprint/ST12-017_r1.png
7383,ST13-001,Sabo,1280,567114,55,market_number_eq_canonical_or_extracted;set_code_mismatch_penalty;rarity_match;card_name_substring_product;source_tcgcsv,low,1,alt,Alt,ST13-001::alt,thumbs/ST13-001alt.webp
7384,ST13-001,Sabo,1280,567114,55,market_number_eq_canonical_or_extracted;set_code_mismatch_penalty;rarity_match;card_name_substring_product;source_tcgcsv,low,1,alt,Alt Art 2,ST13-001::alt art 2,thumbs/ST13-001alt2.webp
7385,ST13-001,Sabo,1280,567114,55,market_number_eq_canonical_or_extracted;image_basename_number_agrees;set_code_mismatch_penalty;rarity_match;parallel_variant_no_parallel_market_penalty;card_name_substring_product;source_tcgcsv,low,1,parallel_1,Parallel 1,ST13-001_p1,ST13/parallel/ST13-001_p1.png
7388,ST13-002,Portgas.D.Ace,1279,566953,55,market_number_eq_canonical_or_extracted;set_code_mismatch_penalty;rarity_match;card_name_substring_product;source_tcgcsv,low,1,alt,Alt,ST13-002::alt,thumbs/ST13-002alt.webp
7389,ST13-002,Portgas.D.Ace,1279,566953,55,market_number_eq_canonical_or_extracted;set_code_mismatch_penalty;rarity_match;card_name_substring_product;source_tcgcsv,low,1,alt,Alt Art 2,ST13-002::alt art 2,thumbs/ST13-002alt2.webp
7390,ST13-002,Portgas.D.Ace,1279,566953,55,market_number_eq_canonical_or_extracted;image_basename_number_agrees;set_code_mismatch_penalty;rarity_match;parallel_variant_no_parallel_market_penalty;card_name_substring_product;source_tcgcsv,low,1,parallel_1,Parallel 1,ST13-002_p1,ST13/parallel/ST13-002_p1.png
7393,ST13-003,Monkey.D.Luffy,1278,566952,55,market_number_eq_canonical_or_extracted;set_code_mismatch_penalty;rarity_match;card_name_substring_product;source_tcgcsv,low,1,alt,Alt,ST13-003::alt,thumbs/ST13-003alt.webp
7394,ST13-003,Monkey.D.Luffy,1278,566952,55,market_number_eq_canonical_or_extracted;set_code_mismatch_penalty;rarity_match;card_name_substring_product;source_tcgcsv,low,1,alt,Alt Art 2,ST13-003::alt art 2,thumbs/ST13-003alt2.webp
7395,ST13-003,Monkey.D.Luffy,1278,566952,55,market_number_eq_canonical_or_extracted;image_basename_number_agrees;set_code_mismatch_penalty;rarity_match;parallel_variant_no_parallel_market_penalty;card_name_substring_product;source_tcgcsv,low,1,parallel_1,Parallel 1,ST13-003_p1,ST13/parallel/ST13-003_p1.png
7396,ST13-003,Monkey.D.Luffy,1278,566952,55,market_number_eq_canonical_or_extracted;image_basename_number_agrees;set_code_mismatch_penalty;rarity_match;parallel_variant_no_parallel_market_penalty;card_name_substring_product;source_tcgcsv,low,1,parallel_2,Parallel 2,ST13-003_p2,_unclassified/parallel/ST13-003_p2.png
7399,ST13-004,Edward.Newgate,4951,656153,55,market_number_eq_canonical_or_extracted;set_code_mismatch_penalty;rarity_match;card_name_substring_product;source_tcgcsv,low,1,alt,Alt,ST13-004::alt,thumbs/ST13-004alt.webp
7400,ST13-004,Edward.Newgate,4951,656153,55,market_number_eq_canonical_or_extracted;image_basename_number_agrees;set_code_mismatch_penalty;rarity_match;parallel_variant_no_parallel_market_penalty;card_name_substring_product;source_tcgcsv,low,1,parallel_1,Parallel 1,ST13-004_p1,ST13/parallel/ST13-004_p1.png
7401,ST13-004,Edward.Newgate,4951,656153,101,market_number_eq_canonical_or_extracted;image_basename_number_agrees;set_code_match;rarity_match;parallel_variant_no_parallel_market_penalty;card_name_substring_product;source_tcgcsv,low,1,parallel_2,Parallel 2,ST13-004_p2,PRB02/parallel/ST13-004_p2.png
7402,ST13-004,Edward.Newgate,4951,656153,113,market_number_eq_canonical_or_extracted;image_basename_number_agrees;set_code_match;rarity_match;card_name_substring_product;source_tcgcsv,low,1,r1,R1,ST13-004_r1,PRB02/reprint/ST13-004_r1.png
7413,ST13-007,Sabo,4945,656146,55,market_number_eq_canonical_or_extracted;set_code_mismatch_penalty;rarity_match;card_name_substring_product;source_tcgcsv,low,1,alt,Alt,ST13-007::alt,thumbs/ST13-007alt.webp
7414,ST13-007,Sabo,4945,656146,55,market_number_eq_canonical_or_extracted;image_basename_number_agrees;set_code_mismatch_penalty;rarity_match;parallel_variant_no_parallel_market_penalty;card_name_substring_product;source_tcgcsv,low,1,parallel_1,Parallel 1,ST13-007_p1,ST13/parallel/ST13-007_p1.png
7415,ST13-007,Sabo,4945,656146,101,market_number_eq_canonical_or_extracted;image_basename_number_agrees;set_code_match;rarity_match;parallel_variant_no_parallel_market_penalty;card_name_substring_product;source_tcgcsv,low,1,parallel_2,Parallel 2,ST13-007_p2,PRB02/parallel/ST13-007_p2.png
7416,ST13-007,Sabo,4945,656146,113,market_number_eq_canonical_or_extracted;image_basename_number_agrees;set_code_match;rarity_match;card_name_substring_product;source_tcgcsv,low,1,r1,R1,ST13-007_r1,PRB02/reprint/ST13-007_r1.png
7427,ST13-010,Portgas.D.Ace,4936,656137,55,market_number_eq_canonical_or_extracted;set_code_mismatch_penalty;rarity_match;card_name_substring_product;source_tcgcsv,low,1,alt,Alt,ST13-010::alt,thumbs/ST13-010alt.webp
7428,ST13-010,Portgas.D.Ace,4936,656137,55,market_number_eq_canonical_or_extracted;image_basename_number_agrees;set_code_mismatch_penalty;rarity_match;parallel_variant_no_parallel_market_penalty;card_name_substring_product;source_tcgcsv,low,1,parallel_1,Parallel 1,ST13-010_p1,ST13/parallel/ST13-010_p1.png
7429,ST13-010,Portgas.D.Ace,4936,656137,101,market_number_eq_canonical_or_extracted;image_basename_number_agrees;set_code_match;rarity_match;parallel_variant_no_parallel_market_penalty;card_name_substring_product;source_tcgcsv,low,1,parallel_2,Parallel 2,ST13-010_p2,PRB02/parallel/ST13-010_p2.png
7430,ST13-010,Portgas.D.Ace,4936,656137,113,market_number_eq_canonical_or_extracted;image_basename_number_agrees;set_code_match;rarity_match;card_name_substring_product;source_tcgcsv,low,1,r1,R1,ST13-010_r1,PRB02/reprint/ST13-010_r1.png
7439,ST13-012,Makino,1359,583756,55,market_number_eq_canonical_or_extracted;set_code_mismatch_penalty;rarity_match;card_name_substring_product;source_tcgcsv,low,1,alt,Alt,ST13-012::alt,thumbs/ST13-012alt.webp
7440,ST13-012,Makino,1359,583756,67,market_number_eq_canonical_or_extracted;image_basename_number_agrees;set_code_mismatch_penalty;rarity_match;card_name_substring_product;source_tcgcsv,low,1,alt,Alt Art 2,ST13-012::alt art 2,thumbs/ST13-012(Alt2).webp
7441,ST13-012,Makino,1359,583756,55,market_number_eq_canonical_or_extracted;image_basename_number_agrees;set_code_mismatch_penalty;rarity_match;parallel_variant_no_parallel_market_penalty;card_name_substring_product;source_tcgcsv,low,1,parallel_1,Parallel 1,ST13-012_p1,ST13/parallel/ST13-012_p1.png
7442,ST13-012,Makino,1359,583756,55,market_number_eq_canonical_or_extracted;image_basename_number_agrees;set_code_mismatch_penalty;rarity_match;parallel_variant_no_parallel_market_penalty;card_name_substring_product;source_tcgcsv,low,1,parallel_2,Parallel 2,ST13-012_p2,BCV3/parallel/ST13-012_p2.png
7449,ST13-014,Monkey.D.Luffy,4930,656131,55,market_number_eq_canonical_or_extracted;set_code_mismatch_penalty;rarity_match;card_name_substring_product;source_tcgcsv,low,1,alt,Alt,ST13-014::alt,thumbs/ST13-014alt.webp
7450,ST13-014,Monkey.D.Luffy,4930,656131,55,market_number_eq_canonical_or_extracted;image_basename_number_agrees;set_code_mismatch_penalty;rarity_match;parallel_variant_no_parallel_market_penalty;card_name_substring_product;source_tcgcsv,low,1,parallel_1,Parallel 1,ST13-014_p1,ST13/parallel/ST13-014_p1.png
7451,ST13-014,Monkey.D.Luffy,4930,656131,101,market_number_eq_canonical_or_extracted;image_basename_number_agrees;set_code_match;rarity_match;parallel_variant_no_parallel_market_penalty;card_name_substring_product;source_tcgcsv,low,1,parallel_2,Parallel 2,ST13-014_p2,PRB02/parallel/ST13-014_p2.png
7452,ST13-014,Monkey.D.Luffy,4930,656131,113,market_number_eq_canonical_or_extracted;image_basename_number_agrees;set_code_match;rarity_match;card_name_substring_product;source_tcgcsv,low,1,r1,R1,ST13-014_r1,PRB02/reprint/ST13-014_r1.png
7461,ST13-016,Yamato,1539,623071,55,market_number_eq_canonical_or_extracted;set_code_mismatch_penalty;rarity_match;card_name_substring_product;source_tcgcsv,low,1,alt,Alt,ST13-016::alt,thumbs/ST13-016alt.webp
7462,ST13-016,Yamato,1539,623071,55,market_number_eq_canonical_or_extracted;image_basename_number_agrees;set_code_mismatch_penalty;rarity_match;parallel_variant_no_parallel_market_penalty;card_name_substring_product;source_tcgcsv,low,1,parallel_1,Parallel 1,ST13-016_p1,ST13/parallel/ST13-016_p1.png
7470,ST13-019,The Three Brothers' Bond,4918,656119,101,market_number_eq_canonical_or_extracted;image_basename_number_agrees;set_code_match;rarity_match;parallel_variant_no_parallel_market_penalty;card_name_substring_product;source_tcgcsv,low,1,parallel_1,Parallel 1,ST13-019_p1,PRB02/parallel/ST13-019_p1.png
7471,ST13-019,The Three Brothers' Bond,4918,656119,113,market_number_eq_canonical_or_extracted;image_basename_number_agrees;set_code_match;rarity_match;card_name_substring_product;source_tcgcsv,low,1,r1,R1,ST13-019_r1,PRB02/reprint/ST13-019_r1.png
7488,ST14-007,Nico Robin,4914,656115,101,market_number_eq_canonical_or_extracted;image_basename_number_agrees;set_code_match;rarity_match;parallel_variant_no_parallel_market_penalty;card_name_substring_product;source_tcgcsv,low,1,parallel_1,Parallel 1,ST14-007_p1,PRB02/parallel/ST14-007_p1.png
7489,ST14-007,Nico Robin,4914,656115,113,market_number_eq_canonical_or_extracted;image_basename_number_agrees;set_code_match;rarity_match;card_name_substring_product;source_tcgcsv,low,1,r1,R1,ST14-007_r1,PRB02/reprint/ST14-007_r1.png
7496,ST14-010,Brook,4905,656106,101,market_number_eq_canonical_or_extracted;image_basename_number_agrees;set_code_match;rarity_match;parallel_variant_no_parallel_market_penalty;card_name_substring_product;source_tcgcsv,low,1,parallel_1,Parallel 1,ST14-010_p1,PRB02/parallel/ST14-010_p1.png
7498,ST14-010,Brook,4905,656106,113,market_number_eq_canonical_or_extracted;image_basename_number_agrees;set_code_match;rarity_match;card_name_substring_product;source_tcgcsv,low,1,r2,R2,ST14-010_r2,PRB02/reprint/ST14-010_r2.png
7505,ST14-013,Roronoa Zoro,4896,656097,101,market_number_eq_canonical_or_extracted;image_basename_number_agrees;set_code_match;rarity_match;parallel_variant_no_parallel_market_penalty;card_name_substring_product;source_tcgcsv,low,1,parallel_1,Parallel 1,ST14-013_p1,PRB02/parallel/ST14-013_p1.png
7506,ST14-013,Roronoa Zoro,4896,656097,113,market_number_eq_canonical_or_extracted;image_basename_number_agrees;set_code_match;rarity_match;card_name_substring_product;source_tcgcsv,low,1,r1,R1,ST14-013_r1,PRB02/reprint/ST14-013_r1.png
7513,ST14-016,I Have My Crew!!,4894,656095,101,market_number_eq_canonical_or_extracted;image_basename_number_agrees;set_code_match;rarity_match;parallel_variant_no_parallel_market_penalty;card_name_substring_product;source_tcgcsv,low,1,parallel_1,Parallel 1,ST14-016_p1,PRB02/parallel/ST14-016_p1.png
7514,ST14-016,I Have My Crew!!,4894,656095,113,market_number_eq_canonical_or_extracted;image_basename_number_agrees;set_code_match;rarity_match;card_name_substring_product;source_tcgcsv,low,1,r1,R1,ST14-016_r1,PRB02/reprint/ST14-016_r1.png
7517,ST14-017,Thousand Sunny,4892,656093,101,market_number_eq_canonical_or_extracted;image_basename_number_agrees;set_code_match;rarity_match;parallel_variant_no_parallel_market_penalty;card_name_substring_product;source_tcgcsv,low,1,parallel_1,Parallel 1,ST14-017_p1,PRB02/parallel/ST14-017_p1.png
7518,ST14-017,Thousand Sunny,4892,656093,113,market_number_eq_canonical_or_extracted;image_basename_number_agrees;set_code_match;rarity_match;card_name_substring_product;source_tcgcsv,low,1,r1,R1,ST14-017_r1,PRB02/reprint/ST14-017_r1.png
7524,ST15-002,Edward.Newgate,4695,653838,101,market_number_eq_canonical_or_extracted;image_basename_number_agrees;set_code_match;rarity_match;parallel_variant_no_parallel_market_penalty;card_name_substring_product;source_tcgcsv,low,1,parallel_2,Parallel 2,ST15-002_p2,PRB02/parallel/ST15-002_p2.png
7526,ST15-002,Edward.Newgate,4695,653838,113,market_number_eq_canonical_or_extracted;image_basename_number_agrees;set_code_match;rarity_match;card_name_substring_product;source_tcgcsv,low,1,r1,R1,ST15-002_r1,PRB02/reprint/ST15-002_r1.png
7546,ST16-003,Charlotte Katakuri,4869,656066,101,market_number_eq_canonical_or_extracted;image_basename_number_agrees;set_code_match;rarity_match;parallel_variant_no_parallel_market_penalty;card_name_substring_product;source_tcgcsv,low,1,parallel_1,Parallel 1,ST16-003_p1,PRB02/parallel/ST16-003_p1.png
7547,ST16-003,Charlotte Katakuri,4869,656066,113,market_number_eq_canonical_or_extracted;image_basename_number_agrees;set_code_match;rarity_match;card_name_substring_product;source_tcgcsv,low,1,r1,R1,ST16-003_r1,PRB02/reprint/ST16-003_r1.png
7551,ST16-004,Shanks,4696,653839,101,market_number_eq_canonical_or_extracted;image_basename_number_agrees;set_code_match;rarity_match;parallel_variant_no_parallel_market_penalty;card_name_substring_product;source_tcgcsv,low,1,parallel_2,Parallel 2,ST16-004_p2,PRB02/parallel/ST16-004_p2.png
7553,ST16-004,Shanks,4696,653839,113,market_number_eq_canonical_or_extracted;image_basename_number_agrees;set_code_match;rarity_match;card_name_substring_product;source_tcgcsv,low,1,r1,R1,ST16-004_r1,PRB02/reprint/ST16-004_r1.png
7557,ST16-005,Monkey.D.Luffy,4854,656051,101,market_number_eq_canonical_or_extracted;image_basename_number_agrees;set_code_match;rarity_match;parallel_variant_no_parallel_market_penalty;card_name_substring_product;source_tcgcsv,low,1,parallel_1,Parallel 1,ST16-005_p1,PRB02/parallel/ST16-005_p1.png
7558,ST16-005,Monkey.D.Luffy,4854,656051,113,market_number_eq_canonical_or_extracted;image_basename_number_agrees;set_code_match;rarity_match;card_name_substring_product;source_tcgcsv,low,1,r1,R1,ST16-005_r1,PRB02/reprint/ST16-005_r1.png
7563,ST17-002,Trafalgar Law,4705,653914,101,market_number_eq_canonical_or_extracted;image_basename_number_agrees;set_code_match;rarity_match;parallel_variant_no_parallel_market_penalty;card_name_substring_product;source_tcgcsv,low,1,parallel_1,Parallel 1,ST17-002_p1,PRB02/parallel/ST17-002_p1.png
7565,ST17-002,Trafalgar Law,4705,653914,113,market_number_eq_canonical_or_extracted;image_basename_number_agrees;set_code_match;rarity_match;card_name_substring_product;source_tcgcsv,low,1,r1,R1,ST17-002_r1,PRB02/reprint/ST17-002_r1.png
7570,ST17-003,Buggy,4845,656041,101,market_number_eq_canonical_or_extracted;image_basename_number_agrees;set_code_match;rarity_match;parallel_variant_no_parallel_market_penalty;card_name_substring_product;source_tcgcsv,low,1,parallel_3,Parallel 3,ST17-003_p3,PRB02/parallel/ST17-003_p3.png
7572,ST17-003,Buggy,4845,656041,113,market_number_eq_canonical_or_extracted;image_basename_number_agrees;set_code_match;rarity_match;card_name_substring_product;source_tcgcsv,low,1,r1,R1,ST17-003_r1,PRB02/reprint/ST17-003_r1.png
7579,ST17-005,Marshall.D.Teach,4843,656039,101,market_number_eq_canonical_or_extracted;image_basename_number_agrees;set_code_match;rarity_match;parallel_variant_no_parallel_market_penalty;card_name_substring_product;source_tcgcsv,low,1,parallel_1,Parallel 1,ST17-005_p1,PRB02/parallel/ST17-005_p1.png
7581,ST17-005,Marshall.D.Teach,4843,656039,113,market_number_eq_canonical_or_extracted;image_basename_number_agrees;set_code_match;rarity_match;card_name_substring_product;source_tcgcsv,low,1,r1,R1,ST17-005_r1,PRB02/reprint/ST17-005_r1.png
7585,ST18-001,Uso-Hachi,4834,656030,101,market_number_eq_canonical_or_extracted;image_basename_number_agrees;set_code_match;rarity_match;parallel_variant_no_parallel_market_penalty;card_name_substring_product;source_tcgcsv,low,1,parallel_2,Parallel 2,ST18-001_p2,PRB02/parallel/ST18-001_p2.png
7586,ST18-001,Uso-Hachi,4834,656030,101,market_number_eq_canonical_or_extracted;image_basename_number_agrees;set_code_match;rarity_match;parallel_variant_no_parallel_market_penalty;card_name_substring_product;source_tcgcsv,low,1,parallel_3,Parallel 3,ST18-001_p3,PRB02/parallel/ST18-001_p3.png
7588,ST18-001,Uso-Hachi,4834,656030,113,market_number_eq_canonical_or_extracted;image_basename_number_agrees;set_code_match;rarity_match;card_name_substring_product;source_tcgcsv,low,1,r1,R1,ST18-001_r1,PRB02/reprint/ST18-001_r1.png
7592,ST18-002,O-Nami,4828,656023,101,market_number_eq_canonical_or_extracted;image_basename_number_agrees;set_code_match;rarity_match;parallel_variant_no_parallel_market_penalty;card_name_substring_product;source_tcgcsv,low,1,parallel_1,Parallel 1,ST18-002_p1,PRB02/parallel/ST18-002_p1.png
7594,ST18-002,O-Nami,4828,656023,113,market_number_eq_canonical_or_extracted;image_basename_number_agrees;set_code_match;rarity_match;card_name_substring_product;source_tcgcsv,low,1,r1,R1,ST18-002_r1,PRB02/reprint/ST18-002_r1.png
7598,ST18-003,San-Gorou,4820,656015,101,market_number_eq_canonical_or_extracted;image_basename_number_agrees;set_code_match;rarity_match;parallel_variant_no_parallel_market_penalty;card_name_substring_product;source_tcgcsv,low,1,parallel_2,Parallel 2,ST18-003_p2,PRB02/parallel/ST18-003_p2.png
7599,ST18-003,San-Gorou,4820,656015,113,market_number_eq_canonical_or_extracted;image_basename_number_agrees;set_code_match;rarity_match;card_name_substring_product;source_tcgcsv,low,1,r1,R1,ST18-003_r1,PRB02/reprint/ST18-003_r1.png
7615,ST19-002,Sengoku,4816,656011,101,market_number_eq_canonical_or_extracted;image_basename_number_agrees;set_code_match;rarity_match;parallel_variant_no_parallel_market_penalty;card_name_substring_product;source_tcgcsv,low,1,parallel_3,Parallel 3,ST19-002_p3,PRB02/parallel/ST19-002_p3.png
7616,ST19-002,Sengoku,4816,656011,113,market_number_eq_canonical_or_extracted;image_basename_number_agrees;set_code_match;rarity_match;card_name_substring_product;source_tcgcsv,low,1,r1,R1,ST19-002_r1,PRB02/reprint/ST19-002_r1.png
7629,ST20-003,Charlotte Brulee,4812,656007,101,market_number_eq_canonical_or_extracted;image_basename_number_agrees;set_code_match;rarity_match;parallel_variant_no_parallel_market_penalty;card_name_substring_product;source_tcgcsv,low,1,parallel_1,Parallel 1,ST20-003_p1,PRB02/parallel/ST20-003_p1.png
7630,ST20-003,Charlotte Brulee,4812,656007,113,market_number_eq_canonical_or_extracted;image_basename_number_agrees;set_code_match;rarity_match;card_name_substring_product;source_tcgcsv,low,1,r1,R1,ST20-003_r1,PRB02/reprint/ST20-003_r1.png
7647,ST21-003,Sanji,4802,655997,67,market_number_eq_canonical_or_extracted;image_basename_number_agrees;set_code_mismatch_penalty;rarity_match;card_name_substring_product;source_tcgcsv,low,1,alt,Alt,ST21-003::alt,thumbs/ST21-003(Alt).webp
7648,ST21-003,Sanji,4802,655997,55,market_number_eq_canonical_or_extracted;image_basename_number_agrees;set_code_mismatch_penalty;rarity_match;parallel_variant_no_parallel_market_penalty;card_name_substring_product;source_tcgcsv,low,1,parallel_1,Parallel 1,ST21-003_p1,ST21/parallel/ST21-003_p1.png
7649,ST21-003,Sanji,4802,655997,101,market_number_eq_canonical_or_extracted;image_basename_number_agrees;set_code_match;rarity_match;parallel_variant_no_parallel_market_penalty;card_name_substring_product;source_tcgcsv,low,1,parallel_2,Parallel 2,ST21-003_p2,PRB02/parallel/ST21-003_p2.png
7650,ST21-003,Sanji,4802,655997,113,market_number_eq_canonical_or_extracted;image_basename_number_agrees;set_code_match;rarity_match;card_name_substring_product;source_tcgcsv,low,1,r1,R1,ST21-003_r1,PRB02/reprint/ST21-003_r1.png
7693,ST21-015,Roronoa Zoro,1680,649626,67,market_number_eq_canonical_or_extracted;image_basename_number_agrees;set_code_mismatch_penalty;rarity_match;card_name_substring_product;source_tcgcsv,low,1,alt,Alt,ST21-015::alt,thumbs/ST21-015(Alt).webp
7694,ST21-015,Roronoa Zoro,1680,649626,67,market_number_eq_canonical_or_extracted;image_basename_number_agrees;set_code_mismatch_penalty;rarity_match;card_name_substring_product;source_tcgcsv,low,1,promo,Championship,ST21-015::championship,thumbs/ST21-015(championship).webp
7695,ST21-015,Roronoa Zoro,1680,649626,55,market_number_eq_canonical_or_extracted;image_basename_number_agrees;set_code_mismatch_penalty;rarity_match;parallel_variant_no_parallel_market_penalty;card_name_substring_product;source_tcgcsv,low,1,parallel_1,Parallel 1,ST21-015_p1,ST21/parallel/ST21-015_p1.png
7696,ST21-015,Roronoa Zoro,1680,649626,55,market_number_eq_canonical_or_extracted;image_basename_number_agrees;set_code_mismatch_penalty;rarity_match;parallel_variant_no_parallel_market_penalty;card_name_substring_product;source_tcgcsv,low,1,parallel_2,Parallel 2,ST21-015_p2,_unclassified/parallel/ST21-015_p2.png
7697,ST21-015,Roronoa Zoro,1680,649626,55,market_number_eq_canonical_or_extracted;image_basename_number_agrees;set_code_mismatch_penalty;rarity_match;parallel_variant_no_parallel_market_penalty;card_name_substring_product;source_tcgcsv,low,1,parallel_3,Parallel 3,ST21-015_p3,_unclassified/parallel/ST21-015_p3.png
7698,ST21-015,Roronoa Zoro,1680,649626,55,market_number_eq_canonical_or_extracted;image_basename_number_agrees;set_code_mismatch_penalty;rarity_match;parallel_variant_no_parallel_market_penalty;card_name_substring_product;source_tcgcsv,low,1,parallel_4,Parallel 4,ST21-015_p4,_unclassified/parallel/ST21-015_p4.png
7707,ST22-001,Ace & Newgate,4629,647683,113,market_number_eq_canonical_or_extracted;image_basename_number_agrees;set_code_match;rarity_match;card_name_substring_product;source_tcgcsv,low,1,alt,Alt,ST22-001::alt,thumbs/ST22-001(alt).webp
7711,ST22-002,Izo,4631,647685,103,market_number_eq_canonical_or_extracted;image_basename_number_agrees;set_code_match;rarity_match;source_tcgcsv,low,1,alt,Alt,ST22-002::alt,thumbs/ST22-002(alt).webp
7715,ST22-003,Edward.Newgate,4633,647687,113,market_number_eq_canonical_or_extracted;image_basename_number_agrees;set_code_match;rarity_match;card_name_substring_product;source_tcgcsv,low,1,alt,Alt,ST22-003::alt,thumbs/ST22-003(alt).webp
7717,ST22-003,Edward.Newgate,4633,647687,113,market_number_eq_canonical_or_extracted;image_basename_number_agrees;set_code_match;rarity_match;card_name_substring_product;source_tcgcsv,low,1,promo,Premiumvol 6,ST22-003::premiumvol 6,thumbs/ST22-003(PremiumVol.6).webp
7720,ST22-004,Elmy,4635,647689,113,market_number_eq_canonical_or_extracted;image_basename_number_agrees;set_code_match;rarity_match;card_name_substring_product;source_tcgcsv,low,1,alt,Alt,ST22-004::alt,thumbs/ST22-004(alt).webp
7724,ST22-005,Kouzuki Oden,4637,647691,113,market_number_eq_canonical_or_extracted;image_basename_number_agrees;set_code_match;rarity_match;card_name_substring_product;source_tcgcsv,low,1,alt,Alt,ST22-005::alt,thumbs/ST22-005(alt).webp
7728,ST22-006,Jozu,4639,647693,113,market_number_eq_canonical_or_extracted;image_basename_number_agrees;set_code_match;rarity_match;card_name_substring_product;source_tcgcsv,low,1,alt,Alt,ST22-006::alt,thumbs/ST22-006(alt).webp
7732,ST22-007,Squard,4641,647695,113,market_number_eq_canonical_or_extracted;image_basename_number_agrees;set_code_match;rarity_match;card_name_substring_product;source_tcgcsv,low,1,alt,Alt,ST22-007::alt,thumbs/ST22-007(alt).webp
7736,ST22-008,Decalvan Brothers,4643,647697,113,market_number_eq_canonical_or_extracted;image_basename_number_agrees;set_code_match;rarity_match;card_name_substring_product;source_tcgcsv,low,1,alt,Alt,ST22-008::alt,thumbs/ST22-008(alt).webp
7740,ST22-009,Vista,4645,647699,113,market_number_eq_canonical_or_extracted;image_basename_number_agrees;set_code_match;rarity_match;card_name_substring_product;source_tcgcsv,low,1,alt,Alt,ST22-009::alt,thumbs/ST22-009(alt).webp
7744,ST22-010,Portgas.D.Ace,4647,647701,113,market_number_eq_canonical_or_extracted;image_basename_number_agrees;set_code_match;rarity_match;card_name_substring_product;source_tcgcsv,low,1,alt,Alt,ST22-010::alt,thumbs/ST22-010(alt).webp
7748,ST22-011,Whitey Bay,4649,647703,113,market_number_eq_canonical_or_extracted;image_basename_number_agrees;set_code_match;rarity_match;card_name_substring_product;source_tcgcsv,low,1,alt,Alt,ST22-011::alt,thumbs/ST22-011(alt).webp
7752,ST22-012,Marco,4651,647705,113,market_number_eq_canonical_or_extracted;image_basename_number_agrees;set_code_match;rarity_match;card_name_substring_product;source_tcgcsv,low,1,alt,Alt,ST22-012::alt,thumbs/ST22-012(alt).webp
7756,ST22-013,LittleOars Jr.,4653,647707,113,market_number_eq_canonical_or_extracted;image_basename_number_agrees;set_code_match;rarity_match;card_name_substring_product;source_tcgcsv,low,1,alt,Alt,ST22-013::alt,thumbs/ST22-013(alt).webp
7760,ST22-014,A.O.,4655,647709,113,market_number_eq_canonical_or_extracted;image_basename_number_agrees;set_code_match;rarity_match;card_name_substring_product;source_tcgcsv,low,1,alt,Alt,ST22-014::alt,thumbs/ST22-014(alt).webp
7825,ST29-001,Monkey.D.Luffy,5368,671534,113,market_number_eq_canonical_or_extracted;image_basename_number_agrees;set_code_match;rarity_match;card_name_substring_product;source_tcgcsv,low,1,alt,Alt,ST29-001::alt,thumbs/ST29-001(alt).webp
7830,ST29-002,Usopp,5370,671548,101,market_number_eq_canonical_or_extracted;image_basename_number_agrees;set_code_match;rarity_match;parallel_variant_no_parallel_market_penalty;card_name_substring_product;source_tcgcsv,low,1,parallel_1,Parallel 1,ST29-002_p1,ST29/parallel/ST29-002_p1.png
7834,ST29-003,Kaku,5372,671554,101,market_number_eq_canonical_or_extracted;image_basename_number_agrees;set_code_match;rarity_match;parallel_variant_no_parallel_market_penalty;card_name_substring_product;source_tcgcsv,low,1,parallel_1,Parallel 1,ST29-003_p1,ST29/parallel/ST29-003_p1.png
7838,ST29-004,Sanji,5374,671557,101,market_number_eq_canonical_or_extracted;image_basename_number_agrees;set_code_match;rarity_match;parallel_variant_no_parallel_market_penalty;card_name_substring_product;source_tcgcsv,low,1,parallel_1,Parallel 1,ST29-004_p1,ST29/parallel/ST29-004_p1.png
7842,ST29-005,Jinbe,5376,671559,101,market_number_eq_canonical_or_extracted;image_basename_number_agrees;set_code_match;rarity_match;parallel_variant_no_parallel_market_penalty;card_name_substring_product;source_tcgcsv,low,1,parallel_1,Parallel 1,ST29-005_p1,ST29/parallel/ST29-005_p1.png
7846,ST29-006,Stussy,5378,671562,101,market_number_eq_canonical_or_extracted;image_basename_number_agrees;set_code_match;rarity_match;parallel_variant_no_parallel_market_penalty;card_name_substring_product;source_tcgcsv,low,1,parallel_1,Parallel 1,ST29-006_p1,ST29/parallel/ST29-006_p1.png
7850,ST29-007,Tony Tony.Chopper,5380,671595,101,market_number_eq_canonical_or_extracted;image_basename_number_agrees;set_code_match;rarity_match;parallel_variant_no_parallel_market_penalty;card_name_substring_product;source_tcgcsv,low,1,parallel_1,Parallel 1,ST29-007_p1,ST29/parallel/ST29-007_p1.png
7854,ST29-008,Nami,5382,671597,101,market_number_eq_canonical_or_extracted;image_basename_number_agrees;set_code_match;rarity_match;parallel_variant_no_parallel_market_penalty;card_name_substring_product;source_tcgcsv,low,1,parallel_1,Parallel 1,ST29-008_p1,ST29/parallel/ST29-008_p1.png
7858,ST29-009,Nico Robin,5384,671599,101,market_number_eq_canonical_or_extracted;image_basename_number_agrees;set_code_match;rarity_match;parallel_variant_no_parallel_market_penalty;card_name_substring_product;source_tcgcsv,low,1,parallel_1,Parallel 1,ST29-009_p1,ST29/parallel/ST29-009_p1.png
7862,ST29-010,Franky,5386,671601,101,market_number_eq_canonical_or_extracted;image_basename_number_agrees;set_code_match;rarity_match;parallel_variant_no_parallel_market_penalty;card_name_substring_product;source_tcgcsv,low,1,parallel_1,Parallel 1,ST29-010_p1,ST29/parallel/ST29-010_p1.png
7866,ST29-011,Brook,5388,671603,101,market_number_eq_canonical_or_extracted;image_basename_number_agrees;set_code_match;rarity_match;parallel_variant_no_parallel_market_penalty;card_name_substring_product;source_tcgcsv,low,1,parallel_1,Parallel 1,ST29-011_p1,ST29/parallel/ST29-011_p1.png
7870,ST29-012,Monkey.D.Luffy,5390,671605,101,market_number_eq_canonical_or_extracted;image_basename_number_agrees;set_code_match;rarity_match;parallel_variant_no_parallel_market_penalty;card_name_substring_product;source_tcgcsv,low,1,parallel_1,Parallel 1,ST29-012_p1,ST29/parallel/ST29-012_p1.png
7874,ST29-013,Rob Lucci,5392,671607,101,market_number_eq_canonical_or_extracted;image_basename_number_agrees;set_code_match;rarity_match;parallel_variant_no_parallel_market_penalty;card_name_substring_product;source_tcgcsv,low,1,parallel_1,Parallel 1,ST29-013_p1,ST29/parallel/ST29-013_p1.png
7878,ST29-014,Roronoa Zoro,5394,671609,101,market_number_eq_canonical_or_extracted;image_basename_number_agrees;set_code_match;rarity_match;parallel_variant_no_parallel_market_penalty;card_name_substring_product;source_tcgcsv,low,1,parallel_1,Parallel 1,ST29-014_p1,ST29/parallel/ST29-014_p1.png
