card_variant_id,card_canonical_code,card_card_code,card_name,candidate_market_product_pk,candidate_market_product_external_id,match_score,match_reasons,ambiguity_notes,pool_size,scored_candidates,match_confidence,needs_manual_review
9,EB01-003,,Kid & Killer,2713,544527,115,market_number_eq_canonical_or_extracted;set_code_match;rarity_match;alt_art_signal;card_name_substring_product;source_tcgcsv,large_candidate_pool n=10; multiple_scored_candidates n=10; flagged_needs_manual_review,10,10,medium,1
10,EB01-003,,Kid & Killer,2713,544527,115,market_number_eq_canonical_or_extracted;set_code_match;rarity_match;alt_art_signal;card_name_substring_product;source_tcgcsv,large_candidate_pool n=10; multiple_scored_candidates n=10; flagged_needs_manual_review,10,10,medium,1
44,EB01-012,,Cavendish,2725,544539,115,market_number_eq_canonical_or_extracted;set_code_match;rarity_match;alt_art_signal;card_name_substring_product;source_tcgcsv,multiple_scored_candidates n=4; flagged_needs_manual_review,4,4,medium,1
45,EB01-012,,Cavendish,2725,544539,115,market_number_eq_canonical_or_extracted;set_code_match;rarity_match;alt_art_signal;card_name_substring_product;source_tcgcsv,multiple_scored_candidates n=4; flagged_needs_manual_review,4,4,medium,1
51,EB01-013,,Kouzuki Hiyori,2727,544541,115,market_number_eq_canonical_or_extracted;set_code_match;rarity_match;alt_art_signal;card_name_substring_product;source_tcgcsv,multiple_scored_candidates n=2; flagged_needs_manual_review,2,2,medium,1
81,EB01-021,,Hannyabal,2736,544550,115,market_number_eq_canonical_or_extracted;set_code_match;rarity_match;alt_art_signal;card_name_substring_product;source_tcgcsv,multiple_scored_candidates n=3; flagged_needs_manual_review,3,3,medium,1
86,EB01-022,,Inazuma,2738,544552,115,market_number_eq_canonical_or_extracted;set_code_match;rarity_match;alt_art_signal;card_name_substring_product;source_tcgcsv,multiple_scored_candidates n=2; flagged_needs_manual_review,2,2,medium,1
101,EB01-027,,Mr.1(Daz.Bonez),2744,544558,111,market_number_eq_canonical_or_extracted;set_code_match;rarity_match;alt_art_signal;name_token_overlap;source_tcgcsv,multiple_scored_candidates n=4; flagged_needs_manual_review,4,4,medium,1
111,EB01-031,,Kalifa,2749,544563,115,market_number_eq_canonical_or_extracted;set_code_match;rarity_match;alt_art_signal;card_name_substring_product;source_tcgcsv,multiple_scored_candidates n=2; flagged_needs_manual_review,2,2,medium,1
119,EB01-034,,Ms. Wednesday,2753,544567,115,market_number_eq_canonical_or_extracted;set_code_match;rarity_match;alt_art_signal;card_name_substring_product;source_tcgcsv,multiple_scored_candidates n=2; flagged_needs_manual_review,2,2,medium,1
135,EB01-040,,Kyros,2760,544574,115,market_number_eq_canonical_or_extracted;set_code_match;rarity_match;alt_art_signal;card_name_substring_product;source_tcgcsv,multiple_scored_candidates n=3; flagged_needs_manual_review,3,3,medium,1
158,EB01-046,,Brook,2767,544581,115,market_number_eq_canonical_or_extracted;set_code_match;rarity_match;alt_art_signal;card_name_substring_product;source_tcgcsv,multiple_scored_candidates n=3; flagged_needs_manual_review,3,3,medium,1
165,EB01-048,,Laboon,2770,544584,115,market_number_eq_canonical_or_extracted;set_code_match;rarity_match;alt_art_signal;card_name_substring_product;source_tcgcsv,multiple_scored_candidates n=4; flagged_needs_manual_review,4,4,medium,1
171,EB01-049,,T-Bone,2772,544586,115,market_number_eq_canonical_or_extracted;set_code_match;rarity_match;alt_art_signal;card_name_substring_product;source_tcgcsv,multiple_scored_candidates n=3; flagged_needs_manual_review,3,3,medium,1
182,EB01-052,,Viola,2776,544590,115,market_number_eq_canonical_or_extracted;set_code_match;rarity_match;alt_art_signal;card_name_substring_product;source_tcgcsv,multiple_scored_candidates n=2; flagged_needs_manual_review,2,2,medium,1
192,EB01-056,,Charlotte Flampe,2781,544595,115,market_number_eq_canonical_or_extracted;set_code_match;rarity_match;alt_art_signal;card_name_substring_product;source_tcgcsv,multiple_scored_candidates n=3; flagged_needs_manual_review,3,3,medium,1
198,EB01-057,,Shirahoshi,2783,544597,115,market_number_eq_canonical_or_extracted;set_code_match;rarity_match;alt_art_signal;card_name_substring_product;source_tcgcsv,multiple_scored_candidates n=4; flagged_needs_manual_review,4,4,medium,1
213,EB01-061,,Mr.2.Bon.Kurei(Bentham),2788,544602,111,market_number_eq_canonical_or_extracted;set_code_match;rarity_match;alt_art_signal;name_token_overlap;source_tcgcsv,multiple_scored_candidates n=3; flagged_needs_manual_review,3,3,medium,1
223,EB02-003,,Tony Tony.Chopper,3913,629092,127,market_number_eq_canonical_or_extracted;image_basename_number_agrees;set_code_match;rarity_match;alt_art_signal;card_name_substring_product;source_tcgcsv,multiple_scored_candidates n=2; flagged_needs_manual_review,2,2,medium,1
231,EB02-006,,Yamato,3917,629096,127,market_number_eq_canonical_or_extracted;image_basename_number_agrees;set_code_match;rarity_match;alt_art_signal;card_name_substring_product;source_tcgcsv,multiple_scored_candidates n=3; flagged_needs_manual_review,3,3,medium,1
244,EB02-010,,Monkey.D.Luffy,3922,629101,127,market_number_eq_canonical_or_extracted;image_basename_number_agrees;set_code_match;rarity_match;alt_art_signal;card_name_substring_product;source_tcgcsv,multiple_scored_candidates n=4; flagged_needs_manual_review,4,4,medium,1
251,EB02-011,,Arlong,3924,629103,127,market_number_eq_canonical_or_extracted;image_basename_number_agrees;set_code_match;rarity_match;alt_art_signal;card_name_substring_product;source_tcgcsv,multiple_scored_candidates n=2; flagged_needs_manual_review,2,2,medium,1
261,EB02-015,,Jewelry Bonney,3929,629108,127,market_number_eq_canonical_or_extracted;image_basename_number_agrees;set_code_match;rarity_match;alt_art_signal;card_name_substring_product;source_tcgcsv,multiple_scored_candidates n=2; flagged_needs_manual_review,2,2,medium,1
267,EB02-017,,Nami,3932,629111,127,market_number_eq_canonical_or_extracted;image_basename_number_agrees;set_code_match;rarity_match;alt_art_signal;card_name_substring_product;source_tcgcsv,multiple_scored_candidates n=2; flagged_needs_manual_review,2,2,medium,1
268,EB02-017,,Nami,3932,629111,127,market_number_eq_canonical_or_extracted;image_basename_number_agrees;set_code_match;rarity_match;alt_art_signal;card_name_substring_product;source_tcgcsv,multiple_scored_candidates n=2; flagged_needs_manual_review,2,2,medium,1
284,EB02-022,,Usopp,3938,629117,127,market_number_eq_canonical_or_extracted;image_basename_number_agrees;set_code_match;rarity_match;alt_art_signal;card_name_substring_product;source_tcgcsv,multiple_scored_candidates n=2; flagged_needs_manual_review,2,2,medium,1
294,EB02-026,,Nefeltari Vivi,3943,629122,127,market_number_eq_canonical_or_extracted;image_basename_number_agrees;set_code_match;rarity_match;alt_art_signal;card_name_substring_product;source_tcgcsv,multiple_scored_candidates n=3; flagged_needs_manual_review,3,3,medium,1
319,EB02-035,,Sanji & Pudding,3953,629132,127,market_number_eq_canonical_or_extracted;image_basename_number_agrees;set_code_match;rarity_match;alt_art_signal;card_name_substring_product;source_tcgcsv,multiple_scored_candidates n=2; flagged_needs_manual_review,2,2,medium,1
323,EB02-036,,Nico Robin,3955,629134,127,market_number_eq_canonical_or_extracted;image_basename_number_agrees;set_code_match;rarity_match;alt_art_signal;card_name_substring_product;source_tcgcsv,multiple_scored_candidates n=2; flagged_needs_manual_review,2,2,medium,1
343,EB02-044,,Sengoku,3964,629143,127,market_number_eq_canonical_or_extracted;image_basename_number_agrees;set_code_match;rarity_match;alt_art_signal;card_name_substring_product;source_tcgcsv,multiple_scored_candidates n=2; flagged_needs_manual_review,2,2,medium,1
347,EB02-045,,Trafalgar Law,3966,629145,127,market_number_eq_canonical_or_extracted;image_basename_number_agrees;set_code_match;rarity_match;alt_art_signal;card_name_substring_product;source_tcgcsv,multiple_scored_candidates n=2; flagged_needs_manual_review,2,2,medium,1
355,EB02-048,,Brook,3970,629149,127,market_number_eq_canonical_or_extracted;image_basename_number_agrees;set_code_match;rarity_match;alt_art_signal;card_name_substring_product;source_tcgcsv,multiple_scored_candidates n=2; flagged_needs_manual_review,2,2,medium,1
365,EB02-052,,Enel,3975,629154,127,market_number_eq_canonical_or_extracted;image_basename_number_agrees;set_code_match;rarity_match;alt_art_signal;card_name_substring_product;source_tcgcsv,multiple_scored_candidates n=3; flagged_needs_manual_review,3,3,medium,1
371,EB02-054,,Sanji,3978,629157,127,market_number_eq_canonical_or_extracted;image_basename_number_agrees;set_code_match;rarity_match;alt_art_signal;card_name_substring_product;source_tcgcsv,multiple_scored_candidates n=2; flagged_needs_manual_review,2,2,medium,1
382,EB02-056,,Vegapunk,3981,629160,127,market_number_eq_canonical_or_extracted;image_basename_number_agrees;set_code_match;rarity_match;alt_art_signal;card_name_substring_product;source_tcgcsv,multiple_scored_candidates n=2; flagged_needs_manual_review,2,2,medium,1
394,EB02-061,,Monkey.D.Luffy,3987,629166,127,market_number_eq_canonical_or_extracted;image_basename_number_agrees;set_code_match;rarity_match;alt_art_signal;card_name_substring_product;source_tcgcsv,multiple_scored_candidates n=5; flagged_needs_manual_review,5,5,medium,1
399,EB02-061,,Monkey.D.Luffy,3987,629166,127,market_number_eq_canonical_or_extracted;image_basename_number_agrees;set_code_match;rarity_match;alt_art_signal;card_name_substring_product;source_tcgcsv,multiple_scored_candidates n=5; flagged_needs_manual_review,5,5,medium,1
403,EB03-001,,Nefeltari Vivi,5263,672740,127,market_number_eq_canonical_or_extracted;image_basename_number_agrees;set_code_match;rarity_match;alt_art_signal;card_name_substring_product;source_tcgcsv,multiple_scored_candidates n=2; flagged_needs_manual_review,2,2,medium,1
409,EB03-003,,Uta,5266,672743,117,market_number_eq_canonical_or_extracted;image_basename_number_agrees;set_code_match;rarity_match;alt_art_signal;source_tcgcsv,multiple_scored_candidates n=3; flagged_needs_manual_review,3,3,medium,1
423,EB03-008,,Hibari,5272,672749,127,market_number_eq_canonical_or_extracted;image_basename_number_agrees;set_code_match;rarity_match;alt_art_signal;card_name_substring_product;source_tcgcsv,multiple_scored_candidates n=2; flagged_needs_manual_review,2,2,medium,1
435,EB03-013,,Carrot,5278,672755,127,market_number_eq_canonical_or_extracted;image_basename_number_agrees;set_code_match;rarity_match;alt_art_signal;card_name_substring_product;source_tcgcsv,multiple_scored_candidates n=2; flagged_needs_manual_review,2,2,medium,1
447,EB03-018,,Tashigi,5284,672761,127,market_number_eq_canonical_or_extracted;image_basename_number_agrees;set_code_match;rarity_match;alt_art_signal;card_name_substring_product;source_tcgcsv,multiple_scored_candidates n=3; flagged_needs_manual_review,3,3,medium,1
463,EB03-024,,Nefeltari Vivi,5291,672768,127,market_number_eq_canonical_or_extracted;image_basename_number_agrees;set_code_match;rarity_match;alt_art_signal;card_name_substring_product;source_tcgcsv,multiple_scored_candidates n=3; flagged_needs_manual_review,3,3,medium,1
469,EB03-025,,Hina,5293,672770,127,market_number_eq_canonical_or_extracted;image_basename_number_agrees;set_code_match;rarity_match;alt_art_signal;card_name_substring_product;source_tcgcsv,multiple_scored_candidates n=2; flagged_needs_manual_review,2,2,medium,1
473,EB03-026,,Boa Hancock,5295,672772,127,market_number_eq_canonical_or_extracted;image_basename_number_agrees;set_code_match;rarity_match;alt_art_signal;card_name_substring_product;source_tcgcsv,multiple_scored_candidates n=3; flagged_needs_manual_review,3,3,medium,1
487,EB03-031,,Vinsmoke Reiju,5301,672778,127,market_number_eq_canonical_or_extracted;image_basename_number_agrees;set_code_match;rarity_match;alt_art_signal;card_name_substring_product;source_tcgcsv,multiple_scored_candidates n=3; flagged_needs_manual_review,3,3,medium,1
497,EB03-034,,Charlotte Linlin,5305,672782,127,market_number_eq_canonical_or_extracted;image_basename_number_agrees;set_code_match;rarity_match;alt_art_signal;card_name_substring_product;source_tcgcsv,multiple_scored_candidates n=2; flagged_needs_manual_review,2,2,medium,1
513,EB03-041,,Kujyaku,5313,672790,127,market_number_eq_canonical_or_extracted;image_basename_number_agrees;set_code_match;rarity_match;alt_art_signal;card_name_substring_product;source_tcgcsv,multiple_scored_candidates n=2; flagged_needs_manual_review,2,2,medium,1
517,EB03-042,,Koala,5315,672792,127,market_number_eq_canonical_or_extracted;image_basename_number_agrees;set_code_match;rarity_match;alt_art_signal;card_name_substring_product;source_tcgcsv,multiple_scored_candidates n=3; flagged_needs_manual_review,3,3,medium,1
527,EB03-045,,Perona,5319,672796,127,market_number_eq_canonical_or_extracted;image_basename_number_agrees;set_code_match;rarity_match;alt_art_signal;card_name_substring_product;source_tcgcsv,multiple_scored_candidates n=3; flagged_needs_manual_review,3,3,medium,1
547,EB03-053,,Nami,5328,672805,127,market_number_eq_canonical_or_extracted;image_basename_number_agrees;set_code_match;rarity_match;alt_art_signal;card_name_substring_product;source_tcgcsv,multiple_scored_candidates n=3; flagged_needs_manual_review,3,3,medium,1
555,EB03-055,,Nico Robin,5331,672808,127,market_number_eq_canonical_or_extracted;image_basename_number_agrees;set_code_match;rarity_match;alt_art_signal;card_name_substring_product;source_tcgcsv,multiple_scored_candidates n=3; flagged_needs_manual_review,3,3,medium,1
563,EB03-057,,Yamato,5334,672811,127,market_number_eq_canonical_or_extracted;image_basename_number_agrees;set_code_match;rarity_match;alt_art_signal;card_name_substring_product;source_tcgcsv,multiple_scored_candidates n=2; flagged_needs_manual_review,2,2,medium,1
573,EB03-061,,Uta,5339,672816,117,market_number_eq_canonical_or_extracted;image_basename_number_agrees;set_code_match;rarity_match;alt_art_signal;source_tcgcsv,multiple_scored_candidates n=3; flagged_needs_manual_review,3,3,medium,1
579,EB03-062,,Trafalgar Law,5342,672819,127,market_number_eq_canonical_or_extracted;image_basename_number_agrees;set_code_match;rarity_match;alt_art_signal;card_name_substring_product;source_tcgcsv,multiple_scored_candidates n=2; flagged_needs_manual_review,2,2,medium,1
582,EB04-001,,Jewelry Bonney,5414,685296,81,market_number_eq_canonical_or_extracted;image_basename_number_agrees;set_code_mismatch_penalty;rarity_match;alt_art_signal;card_name_substring_product;source_tcgcsv,multiple_scored_candidates n=2; flagged_needs_manual_review,2,2,medium,1
584,EB04-002,,Jewelry Bonney,5416,685298,81,market_number_eq_canonical_or_extracted;image_basename_number_agrees;set_code_mismatch_penalty;rarity_match;alt_art_signal;card_name_substring_product;source_tcgcsv,multiple_scored_candidates n=2; flagged_needs_manual_review,2,2,medium,1
591,EB04-007,,Roronoa Zoro,5422,685304,81,market_number_eq_canonical_or_extracted;image_basename_number_agrees;set_code_mismatch_penalty;rarity_match;alt_art_signal;card_name_substring_product;source_tcgcsv,multiple_scored_candidates n=2; flagged_needs_manual_review,2,2,medium,1
599,EB04-012,,Kikunojo,5091,668645,81,market_number_eq_canonical_or_extracted;image_basename_number_agrees;set_code_mismatch_penalty;rarity_match;alt_art_signal;card_name_substring_product;source_tcgcsv,multiple_scored_candidates n=2; flagged_needs_manual_review,2,2,medium,1
603,EB04-013,,Carrot,5093,668659,81,market_number_eq_canonical_or_extracted;image_basename_number_agrees;set_code_mismatch_penalty;rarity_match;alt_art_signal;card_name_substring_product;source_tcgcsv,multiple_scored_candidates n=2; flagged_needs_manual_review,2,2,medium,1
615,EB04-018,,Megalo,5053,666532,81,market_number_eq_canonical_or_extracted;image_basename_number_agrees;set_code_mismatch_penalty;rarity_match;alt_art_signal;card_name_substring_product;source_tcgcsv,multiple_scored_candidates n=2; flagged_needs_manual_review,2,2,medium,1
625,EB04-022,,Issho,5056,666537,81,market_number_eq_canonical_or_extracted;image_basename_number_agrees;set_code_mismatch_penalty;rarity_match;alt_art_signal;card_name_substring_product;source_tcgcsv,multiple_scored_candidates n=2; flagged_needs_manual_review,2,2,medium,1
629,EB04-023,,Chaka & Pell,5077,668529,67,market_number_eq_canonical_or_extracted;image_basename_number_agrees;set_code_mismatch_penalty;rarity_match;card_name_substring_product;source_tcgcsv,medium_confidence_tier,1,1,medium,0
634,EB04-025,,Nefeltari Vivi,5095,668671,81,market_number_eq_canonical_or_extracted;image_basename_number_agrees;set_code_mismatch_penalty;rarity_match;alt_art_signal;card_name_substring_product;source_tcgcsv,multiple_scored_candidates n=2; flagged_needs_manual_review,2,2,medium,1
648,EB04-031,,King,5058,666540,81,market_number_eq_canonical_or_extracted;image_basename_number_agrees;set_code_mismatch_penalty;rarity_match;alt_art_signal;card_name_substring_product;source_tcgcsv,multiple_scored_candidates n=2; flagged_needs_manual_review,2,2,medium,1
660,EB04-036,,Foxy,5096,668752,81,market_number_eq_canonical_or_extracted;image_basename_number_agrees;set_code_mismatch_penalty;rarity_match;alt_art_signal;card_name_substring_product;source_tcgcsv,multiple_scored_candidates n=2; flagged_needs_manual_review,2,2,medium,1
666,EB04-038,,Rosinante & Law,5099,669240,81,market_number_eq_canonical_or_extracted;image_basename_number_agrees;set_code_mismatch_penalty;rarity_match;alt_art_signal;card_name_substring_product;source_tcgcsv,multiple_scored_candidates n=2; flagged_needs_manual_review,2,2,medium,1
678,EB04-043,,Kaku,5428,685310,81,market_number_eq_canonical_or_extracted;image_basename_number_agrees;set_code_mismatch_penalty;rarity_match;alt_art_signal;card_name_substring_product;source_tcgcsv,multiple_scored_candidates n=2; flagged_needs_manual_review,2,2,medium,1
680,EB04-044,,Koby,5430,685312,81,market_number_eq_canonical_or_extracted;image_basename_number_agrees;set_code_mismatch_penalty;rarity_match;alt_art_signal;card_name_substring_product;source_tcgcsv,multiple_scored_candidates n=3; flagged_needs_manual_review,3,3,medium,1
686,EB04-048,,Rob Lucci,5436,685318,81,market_number_eq_canonical_or_extracted;image_basename_number_agrees;set_code_mismatch_penalty;rarity_match;alt_art_signal;card_name_substring_product;source_tcgcsv,multiple_scored_candidates n=2; flagged_needs_manual_review,2,2,medium,1
691,EB04-052,,Sanji,5441,685323,81,market_number_eq_canonical_or_extracted;image_basename_number_agrees;set_code_mismatch_penalty;rarity_match;alt_art_signal;card_name_substring_product;source_tcgcsv,multiple_scored_candidates n=2; flagged_needs_manual_review,2,2,medium,1
698,EB04-058,,Borsalino,5448,685330,81,market_number_eq_canonical_or_extracted;image_basename_number_agrees;set_code_mismatch_penalty;rarity_match;alt_art_signal;card_name_substring_product;source_tcgcsv,multiple_scored_candidates n=2; flagged_needs_manual_review,2,2,medium,1
702,EB04-061,,Monkey.D.Luffy,5452,685334,81,market_number_eq_canonical_or_extracted;image_basename_number_agrees;set_code_mismatch_penalty;rarity_match;alt_art_signal;card_name_substring_product;source_tcgcsv,multiple_scored_candidates n=3; flagged_needs_manual_review,3,3,medium,1
791,OP01-016,,Nami,2387,527035,101,market_number_eq_canonical_or_extracted;image_basename_number_agrees;set_code_match;rarity_match;parallel_variant_no_parallel_market_penalty;card_name_substring_product;source_tcgcsv,large_candidate_pool n=8; multiple_scored_candidates n=8; flagged_needs_manual_review,8,8,medium,1
794,OP01-016,,Nami,3375,587966,101,market_number_eq_canonical_or_extracted;image_basename_number_agrees;set_code_match;rarity_match;parallel_variant_no_parallel_market_penalty;card_name_substring_product;source_tcgcsv,large_candidate_pool n=8; multiple_scored_candidates n=8; flagged_needs_manual_review,8,8,medium,1
831,OP01-024,,Monkey.D.Luffy,3253,586178,101,market_number_eq_canonical_or_extracted;image_basename_number_agrees;set_code_match;rarity_match;parallel_variant_no_parallel_market_penalty;card_name_substring_product;source_tcgcsv,multiple_scored_candidates n=3; flagged_needs_manual_review,3,3,medium,1
929,OP01-047,,Trafalgar Law,2259,516554,101,market_number_eq_canonical_or_extracted;image_basename_number_agrees;set_code_match;rarity_match;parallel_variant_no_parallel_market_penalty;card_name_substring_product;source_tcgcsv,multiple_scored_candidates n=4; flagged_needs_manual_review,4,4,medium,1
946,OP01-051,,"Eustass""Captain""Kid",2143,501677,101,market_number_eq_canonical_or_extracted;image_basename_number_agrees;set_code_match;rarity_match;parallel_variant_no_parallel_market_penalty;card_name_substring_product;source_tcgcsv,multiple_scored_candidates n=4; flagged_needs_manual_review,4,4,medium,1
947,OP01-051,,"Eustass""Captain""Kid",3336,586892,101,market_number_eq_canonical_or_extracted;image_basename_number_agrees;set_code_match;rarity_match;parallel_variant_no_parallel_market_penalty;card_name_substring_product;source_tcgcsv,multiple_scored_candidates n=4; flagged_needs_manual_review,4,4,medium,1
982,OP01-060,,Donquixote Doflamingo,3191,581006,101,market_number_eq_canonical_or_extracted;image_basename_number_agrees;set_code_match;rarity_match;parallel_variant_no_parallel_market_penalty;card_name_substring_product;source_tcgcsv,multiple_scored_candidates n=3; flagged_needs_manual_review,3,3,medium,1
1027,OP01-073,,Donquixote Doflamingo,2958,545923,89,market_number_eq_canonical_or_extracted;image_basename_number_agrees;set_code_match;parallel_variant_no_parallel_market_penalty;card_name_substring_product;source_tcgcsv,multiple_scored_candidates n=5; flagged_needs_manual_review,5,5,medium,1
1046,OP01-078,,Boa Hancock,2260,516555,101,market_number_eq_canonical_or_extracted;image_basename_number_agrees;set_code_match;rarity_match;parallel_variant_no_parallel_market_penalty;card_name_substring_product;source_tcgcsv,multiple_scored_candidates n=5; flagged_needs_manual_review,5,5,medium,1
1068,OP01-086,,Overheat,419,454617,67,market_number_eq_canonical_or_extracted;image_basename_number_agrees;set_code_mismatch_penalty;rarity_match;card_name_substring_product;source_tcgcsv,medium_confidence_tier,1,1,medium,0
1156,OP01-120,,Shanks,459,454666,127,market_number_eq_canonical_or_extracted;image_basename_number_agrees;set_code_match;rarity_match;alt_art_signal;card_name_substring_product;source_tcgcsv,large_candidate_pool n=7; multiple_scored_candidates n=7; flagged_needs_manual_review,7,7,medium,1
1161,OP01-120,,Shanks,459,454666,127,market_number_eq_canonical_or_extracted;image_basename_number_agrees;set_code_match;rarity_match;alt_art_signal;card_name_substring_product;source_tcgcsv,large_candidate_pool n=7; multiple_scored_candidates n=7; flagged_needs_manual_review,7,7,medium,1
1170,OP01-121,,Yamato,2388,527036,101,market_number_eq_canonical_or_extracted;image_basename_number_agrees;set_code_match;rarity_match;parallel_variant_no_parallel_market_penalty;card_name_substring_product;source_tcgcsv,large_candidate_pool n=6; multiple_scored_candidates n=6; flagged_needs_manual_review,6,6,medium,1
1176,OP02-001,,Edward.Newgate,483,483470,127,market_number_eq_canonical_or_extracted;image_basename_number_agrees;set_code_match;rarity_match;alt_art_signal;card_name_substring_product;source_tcgcsv,multiple_scored_candidates n=4; flagged_needs_manual_review,4,4,medium,1
1177,OP02-001,,Edward.Newgate,483,483470,115,market_number_eq_canonical_or_extracted;set_code_match;rarity_match;alt_art_signal;card_name_substring_product;source_tcgcsv,multiple_scored_candidates n=4; flagged_needs_manual_review,4,4,medium,1
1180,OP02-001,,Edward.Newgate,483,483470,127,market_number_eq_canonical_or_extracted;image_basename_number_agrees;set_code_match;rarity_match;alt_art_signal;card_name_substring_product;source_tcgcsv,multiple_scored_candidates n=4; flagged_needs_manual_review,4,4,medium,1
1183,OP02-002,,Monkey.D.Garp,484,483627,115,market_number_eq_canonical_or_extracted;set_code_match;rarity_match;alt_art_signal;card_name_substring_product;source_tcgcsv,multiple_scored_candidates n=2; flagged_needs_manual_review,2,2,medium,1
1189,OP02-004,,Edward.Newgate,514,485861,127,market_number_eq_canonical_or_extracted;image_basename_number_agrees;set_code_match;rarity_match;alt_art_signal;card_name_substring_product;source_tcgcsv,large_candidate_pool n=6; multiple_scored_candidates n=6; flagged_needs_manual_review,6,6,medium,1
1190,OP02-004,,Edward.Newgate,514,485861,115,market_number_eq_canonical_or_extracted;set_code_match;rarity_match;alt_art_signal;card_name_substring_product;source_tcgcsv,large_candidate_pool n=6; multiple_scored_candidates n=6; flagged_needs_manual_review,6,6,medium,1
1194,OP02-004,,Edward.Newgate,514,485861,127,market_number_eq_canonical_or_extracted;image_basename_number_agrees;set_code_match;rarity_match;alt_art_signal;card_name_substring_product;source_tcgcsv,large_candidate_pool n=6; multiple_scored_candidates n=6; flagged_needs_manual_review,6,6,medium,1
1224,OP02-013,,Portgas.D.Ace,515,485862,127,market_number_eq_canonical_or_extracted;image_basename_number_agrees;set_code_match;rarity_match;alt_art_signal;card_name_substring_product;source_tcgcsv,large_candidate_pool n=6; multiple_scored_candidates n=6; flagged_needs_manual_review,6,6,medium,1
1228,OP02-013,,Portgas.D.Ace,2975,558019,101,market_number_eq_canonical_or_extracted;image_basename_number_agrees;set_code_match;rarity_match;parallel_variant_no_parallel_market_penalty;card_name_substring_product;source_tcgcsv,large_candidate_pool n=6; multiple_scored_candidates n=6; flagged_needs_manual_review,6,6,medium,1
1246,OP02-017,,Masked Deuce,517,485864,115,market_number_eq_canonical_or_extracted;set_code_match;rarity_match;alt_art_signal;card_name_substring_product;source_tcgcsv,multiple_scored_candidates n=2; flagged_needs_manual_review,2,2,medium,1
1250,OP02-018,,Marco,516,485863,127,market_number_eq_canonical_or_extracted;image_basename_number_agrees;set_code_match;rarity_match;alt_art_signal;card_name_substring_product;source_tcgcsv,large_candidate_pool n=9; multiple_scored_candidates n=9; flagged_needs_manual_review,9,9,medium,1
1251,OP02-018,,Marco,516,485863,127,market_number_eq_canonical_or_extracted;image_basename_number_agrees;set_code_match;rarity_match;alt_art_signal;card_name_substring_product;source_tcgcsv,large_candidate_pool n=9; multiple_scored_candidates n=9; flagged_needs_manual_review,9,9,medium,1
1256,OP02-018,,Marco,516,485863,127,market_number_eq_canonical_or_extracted;image_basename_number_agrees;set_code_match;rarity_match;alt_art_signal;card_name_substring_product;source_tcgcsv,large_candidate_pool n=9; multiple_scored_candidates n=9; flagged_needs_manual_review,9,9,medium,1
1257,OP02-018,,Marco,516,485863,127,market_number_eq_canonical_or_extracted;image_basename_number_agrees;set_code_match;rarity_match;alt_art_signal;card_name_substring_product;source_tcgcsv,large_candidate_pool n=9; multiple_scored_candidates n=9; flagged_needs_manual_review,9,9,medium,1
1272,OP02-023,,You May Be a Fool...but I Still Love You,529,486343,67,market_number_eq_canonical_or_extracted;image_basename_number_agrees;set_code_mismatch_penalty;rarity_match;card_name_substring_product;source_tcgcsv,medium_confidence_tier,1,1,medium,0
1277,OP02-025,,Kin'emon,486,483629,127,market_number_eq_canonical_or_extracted;image_basename_number_agrees;set_code_match;rarity_match;alt_art_signal;card_name_substring_product;source_tcgcsv,multiple_scored_candidates n=2; flagged_needs_manual_review,2,2,medium,1
1281,OP02-026,,Sanji,485,483628,127,market_number_eq_canonical_or_extracted;image_basename_number_agrees;set_code_match;rarity_match;alt_art_signal;card_name_substring_product;source_tcgcsv,multiple_scored_candidates n=2; flagged_needs_manual_review,2,2,medium,1
1287,OP02-028,,Usopp,534,486348,55,market_number_eq_canonical_or_extracted;image_basename_number_agrees;set_code_mismatch_penalty;rarity_match;parallel_variant_no_parallel_market_penalty;card_name_substring_product;source_tcgcsv,medium_confidence_tier,1,1,medium,0
1293,OP02-030,,Kouzuki Oden,491,484627,115,market_number_eq_canonical_or_extracted;set_code_match;rarity_match;alt_art_signal;card_name_substring_product;source_tcgcsv,multiple_scored_candidates n=2; flagged_needs_manual_review,2,2,medium,1
1303,OP02-033,,Jinbe,539,486353,55,market_number_eq_canonical_or_extracted;image_basename_number_agrees;set_code_mismatch_penalty;rarity_match;parallel_variant_no_parallel_market_penalty;card_name_substring_product;source_tcgcsv,medium_confidence_tier,1,1,medium,0
1313,OP02-035,,Trafalgar Law,541,486355,55,market_number_eq_canonical_or_extracted;image_basename_number_agrees;set_code_mismatch_penalty;rarity_match;parallel_variant_no_parallel_market_penalty;card_name_substring_product;source_tcgcsv,large_candidate_pool n=7; multiple_scored_candidates n=7; flagged_needs_manual_review,7,7,medium,1
1317,OP02-036,,Nami,472,482429,115,market_number_eq_canonical_or_extracted;set_code_match;rarity_match;alt_art_signal;card_name_substring_product;source_tcgcsv,multiple_scored_candidates n=3; flagged_needs_manual_review,3,3,medium,1
1322,OP02-037,,Nico Robin,543,486357,55,market_number_eq_canonical_or_extracted;image_basename_number_agrees;set_code_mismatch_penalty;rarity_match;parallel_variant_no_parallel_market_penalty;card_name_substring_product;source_tcgcsv,medium_confidence_tier,1,1,medium,0
1327,OP02-039,,Franky,545,486361,55,market_number_eq_canonical_or_extracted;image_basename_number_agrees;set_code_mismatch_penalty;rarity_match;parallel_variant_no_parallel_market_penalty;card_name_substring_product;source_tcgcsv,medium_confidence_tier,1,1,medium,0
1330,OP02-040,,Brook,546,486363,55,market_number_eq_canonical_or_extracted;image_basename_number_agrees;set_code_mismatch_penalty;rarity_match;parallel_variant_no_parallel_market_penalty;card_name_substring_product;source_tcgcsv,multiple_scored_candidates n=2; flagged_needs_manual_review,2,2,medium,1
1333,OP02-041,,Monkey.D.Luffy,467,482337,127,market_number_eq_canonical_or_extracted;image_basename_number_agrees;set_code_match;rarity_match;alt_art_signal;card_name_substring_product;source_tcgcsv,multiple_scored_candidates n=2; flagged_needs_manual_review,2,2,medium,1
1340,OP02-043,,Roronoa Zoro,549,486371,55,market_number_eq_canonical_or_extracted;image_basename_number_agrees;set_code_mismatch_penalty;rarity_match;parallel_variant_no_parallel_market_penalty;card_name_substring_product;source_tcgcsv,medium_confidence_tier,1,1,medium,0
1345,OP02-045,,Three Sword Style Oni Giri,551,486375,55,market_number_eq_canonical_or_extracted;image_basename_number_agrees;set_code_mismatch_penalty;rarity_match;parallel_variant_no_parallel_market_penalty;card_name_substring_product;source_tcgcsv,medium_confidence_tier,1,1,medium,0
1354,OP02-049,,Emporio.Ivankov,487,483949,127,market_number_eq_canonical_or_extracted;image_basename_number_agrees;set_code_match;rarity_match;alt_art_signal;card_name_substring_product;source_tcgcsv,multiple_scored_candidates n=2; flagged_needs_manual_review,2,2,medium,1
1360,OP02-051,,Emporio.Ivankov,511,485812,127,market_number_eq_canonical_or_extracted;image_basename_number_agrees;set_code_match;rarity_match;alt_art_signal;card_name_substring_product;source_tcgcsv,multiple_scored_candidates n=2; flagged_needs_manual_review,2,2,medium,1
1379,OP02-058,,Buggy,512,485813,115,market_number_eq_canonical_or_extracted;set_code_match;rarity_match;alt_art_signal;card_name_substring_product;source_tcgcsv,multiple_scored_candidates n=2; flagged_needs_manual_review,2,2,medium,1
1393,OP02-062,,Monkey.D.Luffy,513,485814,127,market_number_eq_canonical_or_extracted;image_basename_number_agrees;set_code_match;rarity_match;alt_art_signal;card_name_substring_product;source_tcgcsv,multiple_scored_candidates n=2; flagged_needs_manual_review,2,2,medium,1
1418,OP02-071,,Magellan,488,484134,127,market_number_eq_canonical_or_extracted;image_basename_number_agrees;set_code_match;rarity_match;alt_art_signal;card_name_substring_product;source_tcgcsv,multiple_scored_candidates n=2; flagged_needs_manual_review,2,2,medium,1
1422,OP02-072,,Zephyr,489,484314,127,market_number_eq_canonical_or_extracted;image_basename_number_agrees;set_code_match;rarity_match;alt_art_signal;card_name_substring_product;source_tcgcsv,multiple_scored_candidates n=2; flagged_needs_manual_review,2,2,medium,1
1426,OP02-073,,Little Sadi,509,485457,115,market_number_eq_canonical_or_extracted;set_code_match;rarity_match;alt_art_signal;card_name_substring_product;source_tcgcsv,multiple_scored_candidates n=3; flagged_needs_manual_review,3,3,medium,1
1452,OP02-085,,Magellan,510,485459,103,market_number_eq_canonical_or_extracted;set_code_match;alt_art_signal;card_name_substring_product;source_tcgcsv,multiple_scored_candidates n=3; flagged_needs_manual_review,3,3,medium,1
1479,OP02-093,,Smoker,490,484476,127,market_number_eq_canonical_or_extracted;image_basename_number_agrees;set_code_match;rarity_match;alt_art_signal;card_name_substring_product;source_tcgcsv,multiple_scored_candidates n=3; flagged_needs_manual_review,3,3,medium,1
1482,OP02-093,,Smoker,490,484476,127,market_number_eq_canonical_or_extracted;image_basename_number_agrees;set_code_match;rarity_match;alt_art_signal;card_name_substring_product;source_tcgcsv,multiple_scored_candidates n=3; flagged_needs_manual_review,3,3,medium,1
1487,OP02-096,,Kuzan,494,485162,127,market_number_eq_canonical_or_extracted;image_basename_number_agrees;set_code_match;rarity_match;alt_art_signal;card_name_substring_product;source_tcgcsv,multiple_scored_candidates n=5; flagged_needs_manual_review,5,5,medium,1
1490,OP02-096,,Kuzan,494,485162,127,market_number_eq_canonical_or_extracted;image_basename_number_agrees;set_code_match;rarity_match;alt_art_signal;card_name_substring_product;source_tcgcsv,multiple_scored_candidates n=5; flagged_needs_manual_review,5,5,medium,1
1499,OP02-099,,Sakazuki,506,485255,115,market_number_eq_canonical_or_extracted;set_code_match;rarity_match;alt_art_signal;card_name_substring_product;source_tcgcsv,large_candidate_pool n=6; multiple_scored_candidates n=6; flagged_needs_manual_review,6,6,medium,1
1504,OP02-099,,Sakazuki,506,485255,127,market_number_eq_canonical_or_extracted;image_basename_number_agrees;set_code_match;rarity_match;alt_art_signal;card_name_substring_product;source_tcgcsv,large_candidate_pool n=6; multiple_scored_candidates n=6; flagged_needs_manual_review,6,6,medium,1
1555,OP02-114,,Borsalino,493,485087,127,market_number_eq_canonical_or_extracted;image_basename_number_agrees;set_code_match;rarity_match;alt_art_signal;card_name_substring_product;source_tcgcsv,multiple_scored_candidates n=5; flagged_needs_manual_review,5,5,medium,1
1558,OP02-114,,Borsalino,493,485087,127,market_number_eq_canonical_or_extracted;image_basename_number_agrees;set_code_match;rarity_match;alt_art_signal;card_name_substring_product;source_tcgcsv,multiple_scored_candidates n=5; flagged_needs_manual_review,5,5,medium,1
1562,OP02-115,,Monkey.D.Garp,492,484822,127,market_number_eq_canonical_or_extracted;image_basename_number_agrees;set_code_match;rarity_match;alt_art_signal;card_name_substring_product;source_tcgcsv,multiple_scored_candidates n=2; flagged_needs_manual_review,2,2,medium,1
1581,OP02-120,,Uta,482,483360,93,market_number_eq_canonical_or_extracted;set_code_match;alt_art_signal;source_tcgcsv,multiple_scored_candidates n=4; flagged_needs_manual_review,4,4,medium,1
1582,OP02-120,,Uta,482,483360,93,market_number_eq_canonical_or_extracted;set_code_match;alt_art_signal;source_tcgcsv,multiple_scored_candidates n=4; flagged_needs_manual_review,4,4,medium,1
1587,OP02-121,,Kuzan,508,485456,127,market_number_eq_canonical_or_extracted;image_basename_number_agrees;set_code_match;rarity_match;alt_art_signal;card_name_substring_product;source_tcgcsv,multiple_scored_candidates n=4; flagged_needs_manual_review,4,4,medium,1
1590,OP02-121,,Kuzan,508,485456,127,market_number_eq_canonical_or_extracted;image_basename_number_agrees;set_code_match;rarity_match;alt_art_signal;card_name_substring_product;source_tcgcsv,multiple_scored_candidates n=4; flagged_needs_manual_review,4,4,medium,1
1594,OP03-001,,Portgas.D.Ace,1994,497934,115,market_number_eq_canonical_or_extracted;set_code_match;rarity_match;alt_art_signal;card_name_substring_product;source_tcgcsv,multiple_scored_candidates n=3; flagged_needs_manual_review,3,3,medium,1
1629,OP03-009,,Haruta,2033,499887,67,market_number_eq_canonical_or_extracted;image_basename_number_agrees;set_code_mismatch_penalty;rarity_match;card_name_substring_product;source_tcgcsv,medium_confidence_tier,1,1,medium,0
1639,OP03-013,,Marco,2011,498597,115,market_number_eq_canonical_or_extracted;set_code_match;rarity_match;alt_art_signal;card_name_substring_product;source_tcgcsv,multiple_scored_candidates n=4; flagged_needs_manual_review,4,4,medium,1
1640,OP03-013,,Marco,2011,498597,127,market_number_eq_canonical_or_extracted;image_basename_number_agrees;set_code_match;rarity_match;alt_art_signal;card_name_substring_product;source_tcgcsv,multiple_scored_candidates n=4; flagged_needs_manual_review,4,4,medium,1
1641,OP03-013,,Marco,2011,498597,115,market_number_eq_canonical_or_extracted;set_code_match;rarity_match;alt_art_signal;card_name_substring_product;source_tcgcsv,multiple_scored_candidates n=4; flagged_needs_manual_review,4,4,medium,1
1654,OP03-018,,Fire Fist,2013,498784,115,market_number_eq_canonical_or_extracted;set_code_match;rarity_match;alt_art_signal;card_name_substring_product;source_tcgcsv,multiple_scored_candidates n=2; flagged_needs_manual_review,2,2,medium,1
1662,OP03-021,,Kuro,1996,498039,127,market_number_eq_canonical_or_extracted;image_basename_number_agrees;set_code_match;rarity_match;alt_art_signal;card_name_substring_product;source_tcgcsv,multiple_scored_candidates n=2; flagged_needs_manual_review,2,2,medium,1
1666,OP03-022,,Arlong,1998,498064,127,market_number_eq_canonical_or_extracted;image_basename_number_agrees;set_code_match;rarity_match;alt_art_signal;card_name_substring_product;source_tcgcsv,multiple_scored_candidates n=2; flagged_needs_manual_review,2,2,medium,1
1672,OP03-024,,Gin,2015,498862,105,market_number_eq_canonical_or_extracted;set_code_match;rarity_match;alt_art_signal;source_tcgcsv,multiple_scored_candidates n=2; flagged_needs_manual_review,2,2,medium,1
1676,OP03-025,,Krieg,2017,499029,115,market_number_eq_canonical_or_extracted;set_code_match;rarity_match;alt_art_signal;card_name_substring_product;source_tcgcsv,multiple_scored_candidates n=2; flagged_needs_manual_review,2,2,medium,1
1713,OP03-040,,Nami,2000,498254,127,market_number_eq_canonical_or_extracted;image_basename_number_agrees;set_code_match;rarity_match;alt_art_signal;card_name_substring_product;source_tcgcsv,multiple_scored_candidates n=2; flagged_needs_manual_review,2,2,medium,1
1717,OP03-041,,Usopp,2019,499191,127,market_number_eq_canonical_or_extracted;image_basename_number_agrees;set_code_match;rarity_match;alt_art_signal;card_name_substring_product;source_tcgcsv,multiple_scored_candidates n=2; flagged_needs_manual_review,2,2,medium,1
1738,OP03-047,,Zeff,2021,499287,115,market_number_eq_canonical_or_extracted;set_code_match;rarity_match;alt_art_signal;card_name_substring_product;source_tcgcsv,multiple_scored_candidates n=2; flagged_needs_manual_review,2,2,medium,1
1778,OP03-058,,Iceburg,2002,498297,127,market_number_eq_canonical_or_extracted;image_basename_number_agrees;set_code_match;rarity_match;alt_art_signal;card_name_substring_product;source_tcgcsv,multiple_scored_candidates n=2; flagged_needs_manual_review,2,2,medium,1
1800,OP03-066,,Paulie,2023,499400,127,market_number_eq_canonical_or_extracted;image_basename_number_agrees;set_code_match;rarity_match;alt_art_signal;card_name_substring_product;source_tcgcsv,multiple_scored_candidates n=2; flagged_needs_manual_review,2,2,medium,1
1827,OP03-076,,Rob Lucci,2008,498486,127,market_number_eq_canonical_or_extracted;image_basename_number_agrees;set_code_match;rarity_match;alt_art_signal;card_name_substring_product;source_tcgcsv,multiple_scored_candidates n=2; flagged_needs_manual_review,2,2,medium,1
1831,OP03-077,,Charlotte Linlin,2004,498482,127,market_number_eq_canonical_or_extracted;image_basename_number_agrees;set_code_match;rarity_match;alt_art_signal;card_name_substring_product;source_tcgcsv,multiple_scored_candidates n=2; flagged_needs_manual_review,2,2,medium,1
1835,OP03-078,,Issho,2025,499498,103,market_number_eq_canonical_or_extracted;set_code_match;alt_art_signal;card_name_substring_product;source_tcgcsv,multiple_scored_candidates n=3; flagged_needs_manual_review,3,3,medium,1
1848,OP03-080,,Kaku,2091,500018,127,market_number_eq_canonical_or_extracted;image_basename_number_agrees;set_code_match;rarity_match;alt_art_signal;card_name_substring_product;source_tcgcsv,multiple_scored_candidates n=2; flagged_needs_manual_review,2,2,medium,1
1852,OP03-081,,Kalifa,2093,500020,127,market_number_eq_canonical_or_extracted;image_basename_number_agrees;set_code_match;rarity_match;alt_art_signal;card_name_substring_product;source_tcgcsv,multiple_scored_candidates n=4; flagged_needs_manual_review,4,4,medium,1
1853,OP03-081,,Kalifa,2093,500020,115,market_number_eq_canonical_or_extracted;set_code_match;rarity_match;alt_art_signal;card_name_substring_product;source_tcgcsv,multiple_scored_candidates n=4; flagged_needs_manual_review,4,4,medium,1
1865,OP03-086,,Spandam,2099,500033,127,market_number_eq_canonical_or_extracted;image_basename_number_agrees;set_code_match;rarity_match;alt_art_signal;card_name_substring_product;source_tcgcsv,large_candidate_pool n=8; multiple_scored_candidates n=8; flagged_needs_manual_review,8,8,medium,1
1893,OP03-092,,Rob Lucci,2106,500041,115,market_number_eq_canonical_or_extracted;image_basename_number_agrees;set_code_match;alt_art_signal;card_name_substring_product;source_tcgcsv,multiple_scored_candidates n=3; flagged_needs_manual_review,3,3,medium,1
1894,OP03-092,,Rob Lucci,2106,500041,103,market_number_eq_canonical_or_extracted;set_code_match;alt_art_signal;card_name_substring_product;source_tcgcsv,multiple_scored_candidates n=3; flagged_needs_manual_review,3,3,medium,1
1915,OP03-099,,Charlotte Katakuri,2006,498484,127,market_number_eq_canonical_or_extracted;image_basename_number_agrees;set_code_match;rarity_match;alt_art_signal;card_name_substring_product;source_tcgcsv,multiple_scored_candidates n=3; flagged_needs_manual_review,3,3,medium,1
1918,OP03-099,,Charlotte Katakuri,2006,498484,127,market_number_eq_canonical_or_extracted;image_basename_number_agrees;set_code_match;rarity_match;alt_art_signal;card_name_substring_product;source_tcgcsv,multiple_scored_candidates n=3; flagged_needs_manual_review,3,3,medium,1
1943,OP03-108,,Charlotte Cracker,2121,500079,127,market_number_eq_canonical_or_extracted;image_basename_number_agrees;set_code_match;rarity_match;alt_art_signal;card_name_substring_product;source_tcgcsv,multiple_scored_candidates n=4; flagged_needs_manual_review,4,4,medium,1
1946,OP03-108,,Charlotte Cracker,2121,500079,127,market_number_eq_canonical_or_extracted;image_basename_number_agrees;set_code_match;rarity_match;alt_art_signal;card_name_substring_product;source_tcgcsv,multiple_scored_candidates n=4; flagged_needs_manual_review,4,4,medium,1
1963,OP03-112,,Charlotte Pudding,2126,500086,115,market_number_eq_canonical_or_extracted;image_basename_number_agrees;set_code_match;alt_art_signal;card_name_substring_product;source_tcgcsv,large_candidate_pool n=9; multiple_scored_candidates n=9; flagged_needs_manual_review,9,9,medium,1
1964,OP03-112,,Charlotte Pudding,2126,500086,103,market_number_eq_canonical_or_extracted;set_code_match;alt_art_signal;card_name_substring_product;source_tcgcsv,large_candidate_pool n=9; multiple_scored_candidates n=9; flagged_needs_manual_review,9,9,medium,1
1965,OP03-112,,Charlotte Pudding,2126,500086,115,market_number_eq_canonical_or_extracted;image_basename_number_agrees;set_code_match;alt_art_signal;card_name_substring_product;source_tcgcsv,large_candidate_pool n=9; multiple_scored_candidates n=9; flagged_needs_manual_review,9,9,medium,1
1975,OP03-113,,Charlotte Perospero,2128,500090,115,market_number_eq_canonical_or_extracted;set_code_match;rarity_match;alt_art_signal;card_name_substring_product;source_tcgcsv,multiple_scored_candidates n=4; flagged_needs_manual_review,4,4,medium,1
1978,OP03-113,,Charlotte Perospero,2128,500090,127,market_number_eq_canonical_or_extracted;image_basename_number_agrees;set_code_match;rarity_match;alt_art_signal;card_name_substring_product;source_tcgcsv,multiple_scored_candidates n=4; flagged_needs_manual_review,4,4,medium,1
1982,OP03-114,,Charlotte Linlin,2130,500093,115,market_number_eq_canonical_or_extracted;image_basename_number_agrees;set_code_match;alt_art_signal;card_name_substring_product;source_tcgcsv,multiple_scored_candidates n=4; flagged_needs_manual_review,4,4,medium,1
1983,OP03-114,,Charlotte Linlin,2130,500093,103,market_number_eq_canonical_or_extracted;set_code_match;alt_art_signal;card_name_substring_product;source_tcgcsv,multiple_scored_candidates n=4; flagged_needs_manual_review,4,4,medium,1
1990,OP03-115,,Streusen,2131,500094,67,market_number_eq_canonical_or_extracted;image_basename_number_agrees;set_code_mismatch_penalty;rarity_match;card_name_substring_product;source_tcgcsv,medium_confidence_tier,1,1,medium,0
2007,OP03-118,,Ikoku Sovereignty,2134,500105,67,market_number_eq_canonical_or_extracted;image_basename_number_agrees;set_code_mismatch_penalty;rarity_match;card_name_substring_product;source_tcgcsv,medium_confidence_tier,1,1,medium,0
2029,OP03-123,,Charlotte Katakuri,2141,500122,127,market_number_eq_canonical_or_extracted;image_basename_number_agrees;set_code_match;rarity_match;alt_art_signal;card_name_substring_product;source_tcgcsv,multiple_scored_candidates n=5; flagged_needs_manual_review,5,5,medium,1
2030,OP03-123,,Charlotte Katakuri,2141,500122,127,market_number_eq_canonical_or_extracted;image_basename_number_agrees;set_code_match;rarity_match;alt_art_signal;card_name_substring_product;source_tcgcsv,multiple_scored_candidates n=5; flagged_needs_manual_review,5,5,medium,1
2034,OP03-123,,Charlotte Katakuri,2141,500122,127,market_number_eq_canonical_or_extracted;image_basename_number_agrees;set_code_match;rarity_match;alt_art_signal;card_name_substring_product;source_tcgcsv,multiple_scored_candidates n=5; flagged_needs_manual_review,5,5,medium,1
2038,OP04-001,,Nefeltari Vivi,2210,510774,127,market_number_eq_canonical_or_extracted;image_basename_number_agrees;set_code_match;rarity_match;alt_art_signal;card_name_substring_product;source_tcgcsv,multiple_scored_candidates n=2; flagged_needs_manual_review,2,2,medium,1
2067,OP04-013,,Pell,2222,512613,127,market_number_eq_canonical_or_extracted;image_basename_number_agrees;set_code_match;rarity_match;alt_art_signal;card_name_substring_product;source_tcgcsv,multiple_scored_candidates n=2; flagged_needs_manual_review,2,2,medium,1
2084,OP04-019,,Donquixote Doflamingo,2212,510897,127,market_number_eq_canonical_or_extracted;image_basename_number_agrees;set_code_match;rarity_match;alt_art_signal;card_name_substring_product;source_tcgcsv,multiple_scored_candidates n=2; flagged_needs_manual_review,2,2,medium,1
2088,OP04-020,,Issho,2216,510996,127,market_number_eq_canonical_or_extracted;image_basename_number_agrees;set_code_match;rarity_match;alt_art_signal;card_name_substring_product;source_tcgcsv,multiple_scored_candidates n=2; flagged_needs_manual_review,2,2,medium,1
2098,OP04-024,,Sugar,2224,512876,115,market_number_eq_canonical_or_extracted;image_basename_number_agrees;set_code_match;alt_art_signal;card_name_substring_product;source_tcgcsv,multiple_scored_candidates n=3; flagged_needs_manual_review,3,3,medium,1
2110,OP04-028,,Diamante,2226,512961,127,market_number_eq_canonical_or_extracted;image_basename_number_agrees;set_code_match;rarity_match;alt_art_signal;card_name_substring_product;source_tcgcsv,multiple_scored_candidates n=2; flagged_needs_manual_review,2,2,medium,1
2120,OP04-030,,Trebol,2228,513308,127,market_number_eq_canonical_or_extracted;image_basename_number_agrees;set_code_match;rarity_match;alt_art_signal;card_name_substring_product;source_tcgcsv,multiple_scored_candidates n=2; flagged_needs_manual_review,2,2,medium,1
2124,OP04-031,,Donquixote Doflamingo,2230,513466,127,market_number_eq_canonical_or_extracted;image_basename_number_agrees;set_code_match;rarity_match;alt_art_signal;card_name_substring_product;source_tcgcsv,multiple_scored_candidates n=4; flagged_needs_manual_review,4,4,medium,1
2127,OP04-031,,Donquixote Doflamingo,2230,513466,127,market_number_eq_canonical_or_extracted;image_basename_number_agrees;set_code_match;rarity_match;alt_art_signal;card_name_substring_product;source_tcgcsv,multiple_scored_candidates n=4; flagged_needs_manual_review,4,4,medium,1
2154,OP04-039,,Rebecca,2214,510994,127,market_number_eq_canonical_or_extracted;image_basename_number_agrees;set_code_match;rarity_match;alt_art_signal;card_name_substring_product;source_tcgcsv,multiple_scored_candidates n=2; flagged_needs_manual_review,2,2,medium,1
2158,OP04-040,,Queen,2218,511401,127,market_number_eq_canonical_or_extracted;image_basename_number_agrees;set_code_match;rarity_match;alt_art_signal;card_name_substring_product;source_tcgcsv,multiple_scored_candidates n=2; flagged_needs_manual_review,2,2,medium,1
2168,OP04-044,,Kaido,2232,513823,127,market_number_eq_canonical_or_extracted;image_basename_number_agrees;set_code_match;rarity_match;alt_art_signal;card_name_substring_product;source_tcgcsv,multiple_scored_candidates n=5; flagged_needs_manual_review,5,5,medium,1
2169,OP04-044,,Kaido,2232,513823,115,market_number_eq_canonical_or_extracted;set_code_match;rarity_match;alt_art_signal;card_name_substring_product;source_tcgcsv,multiple_scored_candidates n=5; flagged_needs_manual_review,5,5,medium,1
2170,OP04-044,,Kaido,2232,513823,115,market_number_eq_canonical_or_extracted;set_code_match;rarity_match;alt_art_signal;card_name_substring_product;source_tcgcsv,multiple_scored_candidates n=5; flagged_needs_manual_review,5,5,medium,1
2174,OP04-044,,Kaido,2232,513823,127,market_number_eq_canonical_or_extracted;image_basename_number_agrees;set_code_match;rarity_match;alt_art_signal;card_name_substring_product;source_tcgcsv,multiple_scored_candidates n=5; flagged_needs_manual_review,5,5,medium,1
2190,OP04-051,,Who's.Who,2235,514031,127,market_number_eq_canonical_or_extracted;image_basename_number_agrees;set_code_match;rarity_match;alt_art_signal;card_name_substring_product;source_tcgcsv,multiple_scored_candidates n=2; flagged_needs_manual_review,2,2,medium,1
2211,OP04-058,,Crocodile,2220,511766,127,market_number_eq_canonical_or_extracted;image_basename_number_agrees;set_code_match;rarity_match;alt_art_signal;card_name_substring_product;source_tcgcsv,multiple_scored_candidates n=2; flagged_needs_manual_review,2,2,medium,1
2217,OP04-060,,Crocodile,2239,514248,127,market_number_eq_canonical_or_extracted;image_basename_number_agrees;set_code_match;rarity_match;alt_art_signal;card_name_substring_product;source_tcgcsv,multiple_scored_candidates n=2; flagged_needs_manual_review,2,2,medium,1
2227,OP04-064,,Ms. All Sunday,2237,514246,115,market_number_eq_canonical_or_extracted;image_basename_number_agrees;set_code_match;alt_art_signal;card_name_substring_product;source_tcgcsv,multiple_scored_candidates n=3; flagged_needs_manual_review,3,3,medium,1
2247,OP04-072,,Mr.5(Gem),2241,514254,123,market_number_eq_canonical_or_extracted;image_basename_number_agrees;set_code_match;rarity_match;alt_art_signal;name_token_overlap;source_tcgcsv,multiple_scored_candidates n=2; flagged_needs_manual_review,2,2,medium,1
2271,OP04-082,,Kyros,2243,514437,127,market_number_eq_canonical_or_extracted;image_basename_number_agrees;set_code_match;rarity_match;alt_art_signal;card_name_substring_product;source_tcgcsv,multiple_scored_candidates n=2; flagged_needs_manual_review,2,2,medium,1
2306,OP04-090,,Monkey.D.Luffy,2247,515279,127,market_number_eq_canonical_or_extracted;image_basename_number_agrees;set_code_match;rarity_match;alt_art_signal;card_name_substring_product;source_tcgcsv,multiple_scored_candidates n=2; flagged_needs_manual_review,2,2,medium,1
2339,OP04-100,,"Capone""Gang""Bege",2249,515281,127,market_number_eq_canonical_or_extracted;image_basename_number_agrees;set_code_match;rarity_match;alt_art_signal;card_name_substring_product;source_tcgcsv,large_candidate_pool n=9; multiple_scored_candidates n=9; flagged_needs_manual_review,9,9,medium,1
2340,OP04-100,,"Capone""Gang""Bege",2249,515281,115,market_number_eq_canonical_or_extracted;set_code_match;rarity_match;alt_art_signal;card_name_substring_product;source_tcgcsv,large_candidate_pool n=9; multiple_scored_candidates n=9; flagged_needs_manual_review,9,9,medium,1
2345,OP04-100,,"Capone""Gang""Bege",2249,515281,127,market_number_eq_canonical_or_extracted;image_basename_number_agrees;set_code_match;rarity_match;alt_art_signal;card_name_substring_product;source_tcgcsv,large_candidate_pool n=9; multiple_scored_candidates n=9; flagged_needs_manual_review,9,9,medium,1
2355,OP04-104,,Sanji,2251,515283,127,market_number_eq_canonical_or_extracted;image_basename_number_agrees;set_code_match;rarity_match;alt_art_signal;card_name_substring_product;source_tcgcsv,multiple_scored_candidates n=4; flagged_needs_manual_review,4,4,medium,1
2358,OP04-104,,Sanji,2251,515283,127,market_number_eq_canonical_or_extracted;image_basename_number_agrees;set_code_match;rarity_match;alt_art_signal;card_name_substring_product;source_tcgcsv,multiple_scored_candidates n=4; flagged_needs_manual_review,4,4,medium,1
2378,OP04-112,,Yamato,2253,515310,127,market_number_eq_canonical_or_extracted;image_basename_number_agrees;set_code_match;rarity_match;alt_art_signal;card_name_substring_product;source_tcgcsv,large_candidate_pool n=7; multiple_scored_candidates n=7; flagged_needs_manual_review,7,7,medium,1
2379,OP04-112,,Yamato,2253,515310,115,market_number_eq_canonical_or_extracted;set_code_match;rarity_match;alt_art_signal;card_name_substring_product;source_tcgcsv,large_candidate_pool n=7; multiple_scored_candidates n=7; flagged_needs_manual_review,7,7,medium,1
2382,OP04-112,,Yamato,2253,515310,127,market_number_eq_canonical_or_extracted;image_basename_number_agrees;set_code_match;rarity_match;alt_art_signal;card_name_substring_product;source_tcgcsv,large_candidate_pool n=7; multiple_scored_candidates n=7; flagged_needs_manual_review,7,7,medium,1
2396,OP04-118,,Nefeltari Vivi,2255,515333,127,market_number_eq_canonical_or_extracted;image_basename_number_agrees;set_code_match;rarity_match;alt_art_signal;card_name_substring_product;source_tcgcsv,multiple_scored_candidates n=2; flagged_needs_manual_review,2,2,medium,1
2400,OP04-119,,Donquixote Rosinante,2257,515848,115,market_number_eq_canonical_or_extracted;image_basename_number_agrees;set_code_match;alt_art_signal;card_name_substring_product;source_tcgcsv,multiple_scored_candidates n=3; flagged_needs_manual_review,3,3,medium,1
2406,OP05-001,,Sabo,2374,527007,115,market_number_eq_canonical_or_extracted;set_code_match;rarity_match;alt_art_signal;card_name_substring_product;source_tcgcsv,multiple_scored_candidates n=3; flagged_needs_manual_review,3,3,medium,1
2411,OP05-002,,Belo Betty,2375,527008,115,market_number_eq_canonical_or_extracted;set_code_match;rarity_match;alt_art_signal;card_name_substring_product;source_tcgcsv,multiple_scored_candidates n=3; flagged_needs_manual_review,3,3,medium,1
2427,OP05-006,,Koala,2402,527664,115,market_number_eq_canonical_or_extracted;set_code_match;rarity_match;alt_art_signal;card_name_substring_product;source_tcgcsv,multiple_scored_candidates n=5; flagged_needs_manual_review,5,5,medium,1
2431,OP05-006,,Koala,2402,527664,127,market_number_eq_canonical_or_extracted;image_basename_number_agrees;set_code_match;rarity_match;alt_art_signal;card_name_substring_product;source_tcgcsv,multiple_scored_candidates n=5; flagged_needs_manual_review,5,5,medium,1
2435,OP05-007,,Sabo,2397,527659,115,market_number_eq_canonical_or_extracted;set_code_match;rarity_match;alt_art_signal;card_name_substring_product;source_tcgcsv,multiple_scored_candidates n=5; flagged_needs_manual_review,5,5,medium,1
2439,OP05-007,,Sabo,2397,527659,127,market_number_eq_canonical_or_extracted;image_basename_number_agrees;set_code_match;rarity_match;alt_art_signal;card_name_substring_product;source_tcgcsv,multiple_scored_candidates n=5; flagged_needs_manual_review,5,5,medium,1
2462,OP05-015,,Belo Betty,2417,528168,115,market_number_eq_canonical_or_extracted;set_code_match;rarity_match;alt_art_signal;card_name_substring_product;source_tcgcsv,large_candidate_pool n=7; multiple_scored_candidates n=7; flagged_needs_manual_review,7,7,medium,1
2467,OP05-015,,Belo Betty,2417,528168,127,market_number_eq_canonical_or_extracted;image_basename_number_agrees;set_code_match;rarity_match;alt_art_signal;card_name_substring_product;source_tcgcsv,large_candidate_pool n=7; multiple_scored_candidates n=7; flagged_needs_manual_review,7,7,medium,1
2486,OP05-022,,Donquixote Rosinante,2377,527010,127,market_number_eq_canonical_or_extracted;image_basename_number_agrees;set_code_match;rarity_match;alt_art_signal;card_name_substring_product;source_tcgcsv,multiple_scored_candidates n=3; flagged_needs_manual_review,3,3,medium,1
2514,OP05-032,,Pica,2451,528578,115,market_number_eq_canonical_or_extracted;set_code_match;rarity_match;alt_art_signal;card_name_substring_product;source_tcgcsv,multiple_scored_candidates n=2; flagged_needs_manual_review,2,2,medium,1
2520,OP05-034,,Baby 5,2410,527874,115,market_number_eq_canonical_or_extracted;set_code_match;rarity_match;alt_art_signal;card_name_substring_product;source_tcgcsv,large_candidate_pool n=6; multiple_scored_candidates n=6; flagged_needs_manual_review,6,6,medium,1
2525,OP05-034,,Baby 5,2410,527874,127,market_number_eq_canonical_or_extracted;image_basename_number_agrees;set_code_match;rarity_match;alt_art_signal;card_name_substring_product;source_tcgcsv,large_candidate_pool n=6; multiple_scored_candidates n=6; flagged_needs_manual_review,6,6,medium,1
2548,OP05-041,,Sakazuki,2378,527011,115,market_number_eq_canonical_or_extracted;set_code_match;rarity_match;alt_art_signal;card_name_substring_product;source_tcgcsv,multiple_scored_candidates n=2; flagged_needs_manual_review,2,2,medium,1
2554,OP05-043,,Ulti,2406,527794,115,market_number_eq_canonical_or_extracted;set_code_match;rarity_match;alt_art_signal;card_name_substring_product;source_tcgcsv,multiple_scored_candidates n=4; flagged_needs_manual_review,4,4,medium,1
2557,OP05-043,,Ulti,2406,527794,127,market_number_eq_canonical_or_extracted;image_basename_number_agrees;set_code_match;rarity_match;alt_art_signal;card_name_substring_product;source_tcgcsv,multiple_scored_candidates n=4; flagged_needs_manual_review,4,4,medium,1
2575,OP05-051,,Borsalino,2408,527843,103,market_number_eq_canonical_or_extracted;set_code_match;alt_art_signal;card_name_substring_product;source_tcgcsv,multiple_scored_candidates n=3; flagged_needs_manual_review,3,3,medium,1
2589,OP05-055,,X.Drake,2419,528314,115,market_number_eq_canonical_or_extracted;set_code_match;rarity_match;alt_art_signal;card_name_substring_product;source_tcgcsv,multiple_scored_candidates n=2; flagged_needs_manual_review,2,2,medium,1
2606,OP05-060,,Monkey.D.Luffy,2379,527014,127,market_number_eq_canonical_or_extracted;image_basename_number_agrees;set_code_match;rarity_match;alt_art_signal;card_name_substring_product;source_tcgcsv,large_candidate_pool n=6; multiple_scored_candidates n=6; flagged_needs_manual_review,6,6,medium,1
2613,OP05-060,,Monkey.D.Luffy,2379,527014,127,market_number_eq_canonical_or_extracted;image_basename_number_agrees;set_code_match;rarity_match;alt_art_signal;card_name_substring_product;source_tcgcsv,large_candidate_pool n=6; multiple_scored_candidates n=6; flagged_needs_manual_review,6,6,medium,1
2633,OP05-067,,Zoro-Juurou,2403,527665,103,market_number_eq_canonical_or_extracted;set_code_match;alt_art_signal;card_name_substring_product;source_tcgcsv,large_candidate_pool n=8; multiple_scored_candidates n=8; flagged_needs_manual_review,8,8,medium,1
2634,OP05-067,,Zoro-Juurou,2403,527665,115,market_number_eq_canonical_or_extracted;image_basename_number_agrees;set_code_match;alt_art_signal;card_name_substring_product;source_tcgcsv,large_candidate_pool n=8; multiple_scored_candidates n=8; flagged_needs_manual_review,8,8,medium,1
2724,OP05-088,,Mansherry,2413,528037,115,market_number_eq_canonical_or_extracted;set_code_match;rarity_match;alt_art_signal;card_name_substring_product;source_tcgcsv,multiple_scored_candidates n=3; flagged_needs_manual_review,3,3,medium,1
2732,OP05-091,,Rebecca,2416,528166,115,market_number_eq_canonical_or_extracted;set_code_match;rarity_match;alt_art_signal;card_name_substring_product;source_tcgcsv,large_candidate_pool n=6; multiple_scored_candidates n=6; flagged_needs_manual_review,6,6,medium,1
2733,OP05-091,,Rebecca,2416,528166,115,market_number_eq_canonical_or_extracted;set_code_match;rarity_match;alt_art_signal;card_name_substring_product;source_tcgcsv,large_candidate_pool n=6; multiple_scored_candidates n=6; flagged_needs_manual_review,6,6,medium,1
2739,OP05-091,,Rebecca,2416,528166,127,market_number_eq_canonical_or_extracted;image_basename_number_agrees;set_code_match;rarity_match;alt_art_signal;card_name_substring_product;source_tcgcsv,large_candidate_pool n=6; multiple_scored_candidates n=6; flagged_needs_manual_review,6,6,medium,1
2746,OP05-093,,Rob Lucci,2404,527666,103,market_number_eq_canonical_or_extracted;set_code_match;alt_art_signal;card_name_substring_product;source_tcgcsv,multiple_scored_candidates n=4; flagged_needs_manual_review,4,4,medium,1
2747,OP05-093,,Rob Lucci,2404,527666,103,market_number_eq_canonical_or_extracted;set_code_match;alt_art_signal;card_name_substring_product;source_tcgcsv,multiple_scored_candidates n=4; flagged_needs_manual_review,4,4,medium,1
2765,OP05-098,,Enel,2382,527021,127,market_number_eq_canonical_or_extracted;image_basename_number_agrees;set_code_match;rarity_match;alt_art_signal;card_name_substring_product;source_tcgcsv,multiple_scored_candidates n=4; flagged_needs_manual_review,4,4,medium,1
2766,OP05-098,,Enel,2382,527021,127,market_number_eq_canonical_or_extracted;image_basename_number_agrees;set_code_match;rarity_match;alt_art_signal;card_name_substring_product;source_tcgcsv,multiple_scored_candidates n=4; flagged_needs_manual_review,4,4,medium,1
2774,OP05-100,,Enel,2399,527661,115,market_number_eq_canonical_or_extracted;set_code_match;rarity_match;alt_art_signal;card_name_substring_product;source_tcgcsv,multiple_scored_candidates n=3; flagged_needs_manual_review,3,3,medium,1
2775,OP05-100,,Enel,2399,527661,115,market_number_eq_canonical_or_extracted;set_code_match;rarity_match;alt_art_signal;card_name_substring_product;source_tcgcsv,multiple_scored_candidates n=3; flagged_needs_manual_review,3,3,medium,1
2839,OP05-118,,Kaido,2420,528315,115,market_number_eq_canonical_or_extracted;set_code_match;rarity_match;alt_art_signal;card_name_substring_product;source_tcgcsv,multiple_scored_candidates n=4; flagged_needs_manual_review,4,4,medium,1
2842,OP05-118,,Kaido,2420,528315,127,market_number_eq_canonical_or_extracted;image_basename_number_agrees;set_code_match;rarity_match;alt_art_signal;card_name_substring_product;source_tcgcsv,multiple_scored_candidates n=4; flagged_needs_manual_review,4,4,medium,1
2865,OP06-001,,Uta,2553,539285,105,market_number_eq_canonical_or_extracted;set_code_match;rarity_match;alt_art_signal;source_tcgcsv,multiple_scored_candidates n=3; flagged_needs_manual_review,3,3,medium,1
2884,OP06-007,,Shanks,2552,539283,115,market_number_eq_canonical_or_extracted;set_code_match;rarity_match;alt_art_signal;card_name_substring_product;source_tcgcsv,multiple_scored_candidates n=4; flagged_needs_manual_review,4,4,medium,1
2887,OP06-007,,Shanks,2552,539283,127,market_number_eq_canonical_or_extracted;image_basename_number_agrees;set_code_match;rarity_match;alt_art_signal;card_name_substring_product;source_tcgcsv,multiple_scored_candidates n=4; flagged_needs_manual_review,4,4,medium,1
2893,OP06-009,,Shuraiya,2549,539279,115,market_number_eq_canonical_or_extracted;set_code_match;rarity_match;alt_art_signal;card_name_substring_product;source_tcgcsv,multiple_scored_candidates n=2; flagged_needs_manual_review,2,2,medium,1
2903,OP06-013,,Monkey.D.Luffy,2548,539278,115,market_number_eq_canonical_or_extracted;set_code_match;rarity_match;alt_art_signal;card_name_substring_product;source_tcgcsv,multiple_scored_candidates n=2; flagged_needs_manual_review,2,2,medium,1
2921,OP06-020,,Hody Jones,2569,539768,115,market_number_eq_canonical_or_extracted;set_code_match;rarity_match;alt_art_signal;card_name_substring_product;source_tcgcsv,multiple_scored_candidates n=3; flagged_needs_manual_review,3,3,medium,1
2926,OP06-021,,Perona,2579,541044,115,market_number_eq_canonical_or_extracted;set_code_match;rarity_match;alt_art_signal;card_name_substring_product;source_tcgcsv,multiple_scored_candidates n=3; flagged_needs_manual_review,3,3,medium,1
2931,OP06-022,,Yamato,2558,539490,115,market_number_eq_canonical_or_extracted;set_code_match;rarity_match;alt_art_signal;card_name_substring_product;source_tcgcsv,multiple_scored_candidates n=4; flagged_needs_manual_review,4,4,medium,1
2935,OP06-022,,Yamato,2558,539490,127,market_number_eq_canonical_or_extracted;image_basename_number_agrees;set_code_match;rarity_match;alt_art_signal;card_name_substring_product;source_tcgcsv,multiple_scored_candidates n=4; flagged_needs_manual_review,4,4,medium,1
2947,OP06-025,,Camie,2575,539789,115,market_number_eq_canonical_or_extracted;set_code_match;rarity_match;alt_art_signal;card_name_substring_product;source_tcgcsv,large_candidate_pool n=6; multiple_scored_candidates n=6; flagged_needs_manual_review,6,6,medium,1
2948,OP06-025,,Camie,2575,539789,115,market_number_eq_canonical_or_extracted;set_code_match;rarity_match;alt_art_signal;card_name_substring_product;source_tcgcsv,large_candidate_pool n=6; multiple_scored_candidates n=6; flagged_needs_manual_review,6,6,medium,1
2970,OP06-035,,Hody Jones,2570,539770,115,market_number_eq_canonical_or_extracted;set_code_match;rarity_match;alt_art_signal;card_name_substring_product;source_tcgcsv,multiple_scored_candidates n=3; flagged_needs_manual_review,3,3,medium,1
2973,OP06-035,,Hody Jones,2570,539770,127,market_number_eq_canonical_or_extracted;image_basename_number_agrees;set_code_match;rarity_match;alt_art_signal;card_name_substring_product;source_tcgcsv,multiple_scored_candidates n=3; flagged_needs_manual_review,3,3,medium,1
2998,OP06-042,,Vinsmoke Reiju,2577,541007,115,market_number_eq_canonical_or_extracted;set_code_match;rarity_match;alt_art_signal;card_name_substring_product;source_tcgcsv,multiple_scored_candidates n=3; flagged_needs_manual_review,3,3,medium,1
3003,OP06-043,,Aramaki,2584,541049,115,market_number_eq_canonical_or_extracted;set_code_match;rarity_match;alt_art_signal;card_name_substring_product;source_tcgcsv,multiple_scored_candidates n=2; flagged_needs_manual_review,2,2,medium,1
3029,OP06-050,,Tashigi,2586,541051,103,market_number_eq_canonical_or_extracted;set_code_match;alt_art_signal;card_name_substring_product;source_tcgcsv,multiple_scored_candidates n=3; flagged_needs_manual_review,3,3,medium,1
3071,OP06-061,,Vinsmoke Ichiji,2604,541069,115,market_number_eq_canonical_or_extracted;set_code_match;rarity_match;alt_art_signal;card_name_substring_product;source_tcgcsv,multiple_scored_candidates n=3; flagged_needs_manual_review,3,3,medium,1
3075,OP06-062,,Vinsmoke Judge,2597,541062,115,market_number_eq_canonical_or_extracted;set_code_match;rarity_match;alt_art_signal;card_name_substring_product;source_tcgcsv,multiple_scored_candidates n=2; flagged_needs_manual_review,2,2,medium,1
3119,OP06-069,,Vinsmoke Reiju,2599,541064,115,market_number_eq_canonical_or_extracted;set_code_match;rarity_match;alt_art_signal;card_name_substring_product;source_tcgcsv,multiple_scored_candidates n=4; flagged_needs_manual_review,4,4,medium,1
3120,OP06-069,,Vinsmoke Reiju,2599,541064,115,market_number_eq_canonical_or_extracted;set_code_match;rarity_match;alt_art_signal;card_name_substring_product;source_tcgcsv,multiple_scored_candidates n=4; flagged_needs_manual_review,4,4,medium,1
3124,OP06-069,,Vinsmoke Reiju,2599,541064,127,market_number_eq_canonical_or_extracted;image_basename_number_agrees;set_code_match;rarity_match;alt_art_signal;card_name_substring_product;source_tcgcsv,multiple_scored_candidates n=4; flagged_needs_manual_review,4,4,medium,1
3161,OP06-080,,Gecko Moria,2589,541054,115,market_number_eq_canonical_or_extracted;set_code_match;rarity_match;alt_art_signal;card_name_substring_product;source_tcgcsv,multiple_scored_candidates n=3; flagged_needs_manual_review,3,3,medium,1
3166,OP06-081,,Absalom,2593,541058,115,market_number_eq_canonical_or_extracted;set_code_match;rarity_match;alt_art_signal;card_name_substring_product;source_tcgcsv,multiple_scored_candidates n=2; flagged_needs_manual_review,2,2,medium,1
3178,OP06-086,,Gecko Moria,2591,541056,115,market_number_eq_canonical_or_extracted;set_code_match;rarity_match;alt_art_signal;card_name_substring_product;source_tcgcsv,multiple_scored_candidates n=3; flagged_needs_manual_review,3,3,medium,1
3181,OP06-086,,Gecko Moria,2591,541056,127,market_number_eq_canonical_or_extracted;image_basename_number_agrees;set_code_match;rarity_match;alt_art_signal;card_name_substring_product;source_tcgcsv,multiple_scored_candidates n=3; flagged_needs_manual_review,3,3,medium,1
3204,OP06-093,,Perona,2595,541060,103,market_number_eq_canonical_or_extracted;set_code_match;alt_art_signal;card_name_substring_product;source_tcgcsv,multiple_scored_candidates n=5; flagged_needs_manual_review,5,5,medium,1
3205,OP06-093,,Perona,2595,541060,103,market_number_eq_canonical_or_extracted;set_code_match;alt_art_signal;card_name_substring_product;source_tcgcsv,multiple_scored_candidates n=5; flagged_needs_manual_review,5,5,medium,1
3206,OP06-093,,Perona,2595,541060,103,market_number_eq_canonical_or_extracted;set_code_match;alt_art_signal;card_name_substring_product;source_tcgcsv,multiple_scored_candidates n=5; flagged_needs_manual_review,5,5,medium,1
3233,OP06-101,,O-Nami,2560,539492,103,market_number_eq_canonical_or_extracted;set_code_match;alt_art_signal;card_name_substring_product;source_tcgcsv,large_candidate_pool n=9; multiple_scored_candidates n=9; flagged_needs_manual_review,9,9,medium,1
3234,OP06-101,,O-Nami,2560,539492,103,market_number_eq_canonical_or_extracted;set_code_match;alt_art_signal;card_name_substring_product;source_tcgcsv,large_candidate_pool n=9; multiple_scored_candidates n=9; flagged_needs_manual_review,9,9,medium,1
3254,OP06-106,,Kouzuki Hiyori,2564,539502,115,market_number_eq_canonical_or_extracted;set_code_match;rarity_match;alt_art_signal;card_name_substring_product;source_tcgcsv,multiple_scored_candidates n=3; flagged_needs_manual_review,3,3,medium,1
3257,OP06-106,,Kouzuki Hiyori,2564,539502,127,market_number_eq_canonical_or_extracted;image_basename_number_agrees;set_code_match;rarity_match;alt_art_signal;card_name_substring_product;source_tcgcsv,multiple_scored_candidates n=3; flagged_needs_manual_review,3,3,medium,1
3261,OP06-107,,Kouzuki Momonosuke,2562,539500,115,market_number_eq_canonical_or_extracted;set_code_match;rarity_match;alt_art_signal;card_name_substring_product;source_tcgcsv,multiple_scored_candidates n=3; flagged_needs_manual_review,3,3,medium,1
3310,OP06-119,,Sanji,2693,541663,115,market_number_eq_canonical_or_extracted;set_code_match;rarity_match;alt_art_signal;card_name_substring_product;source_tcgcsv,multiple_scored_candidates n=5; flagged_needs_manual_review,5,5,medium,1
3321,OP07-001,,Monkey.D.Dragon,4000,629179,101,market_number_eq_canonical_or_extracted;image_basename_number_agrees;set_code_match;rarity_match;parallel_variant_no_parallel_market_penalty;card_name_substring_product;source_tcgcsv,multiple_scored_candidates n=3; flagged_needs_manual_review,3,3,medium,1
3356,OP07-015,,Monkey.D.Dragon,3588,596916,101,market_number_eq_canonical_or_extracted;image_basename_number_agrees;set_code_match;rarity_match;parallel_variant_no_parallel_market_penalty;card_name_substring_product;source_tcgcsv,multiple_scored_candidates n=4; flagged_needs_manual_review,4,4,medium,1
3371,OP07-019,,Jewelry Bonney,4001,629180,101,market_number_eq_canonical_or_extracted;image_basename_number_agrees;set_code_match;rarity_match;parallel_variant_no_parallel_market_penalty;card_name_substring_product;source_tcgcsv,multiple_scored_candidates n=4; flagged_needs_manual_review,4,4,medium,1
3372,OP07-019,,Jewelry Bonney,4199,634599,101,market_number_eq_canonical_or_extracted;image_basename_number_agrees;set_code_match;rarity_match;parallel_variant_no_parallel_market_penalty;card_name_substring_product;source_tcgcsv,multiple_scored_candidates n=4; flagged_needs_manual_review,4,4,medium,1
3444,OP07-038,,Boa Hancock,4002,629181,101,market_number_eq_canonical_or_extracted;image_basename_number_agrees;set_code_match;rarity_match;parallel_variant_no_parallel_market_penalty;card_name_substring_product;source_tcgcsv,multiple_scored_candidates n=4; flagged_needs_manual_review,4,4,medium,1
3472,OP07-046,,Sengoku,5238,671452,89,market_number_eq_canonical_or_extracted;image_basename_number_agrees;set_code_match;parallel_variant_no_parallel_market_penalty;card_name_substring_product;source_tcgcsv,multiple_scored_candidates n=3; flagged_needs_manual_review,3,3,medium,1
3497,OP07-051,,Boa Hancock,3589,596917,89,market_number_eq_canonical_or_extracted;image_basename_number_agrees;set_code_match;parallel_variant_no_parallel_market_penalty;card_name_substring_product;source_tcgcsv,large_candidate_pool n=6; multiple_scored_candidates n=6; flagged_needs_manual_review,6,6,medium,1
3527,OP07-059,,Foxy,4003,629182,101,market_number_eq_canonical_or_extracted;image_basename_number_agrees;set_code_match;rarity_match;parallel_variant_no_parallel_market_penalty;card_name_substring_product;source_tcgcsv,multiple_scored_candidates n=3; flagged_needs_manual_review,3,3,medium,1
3585,OP07-079,,Rob Lucci,4004,629183,101,market_number_eq_canonical_or_extracted;image_basename_number_agrees;set_code_match;rarity_match;parallel_variant_no_parallel_market_penalty;card_name_substring_product;source_tcgcsv,multiple_scored_candidates n=3; flagged_needs_manual_review,3,3,medium,1
3602,OP07-085,,Stussy,4168,632506,89,market_number_eq_canonical_or_extracted;image_basename_number_agrees;set_code_match;parallel_variant_no_parallel_market_penalty;card_name_substring_product;source_tcgcsv,multiple_scored_candidates n=3; flagged_needs_manual_review,3,3,medium,1
3633,OP07-097,,Vegapunk,4005,629184,101,market_number_eq_canonical_or_extracted;image_basename_number_agrees;set_code_match;rarity_match;parallel_variant_no_parallel_market_penalty;card_name_substring_product;source_tcgcsv,multiple_scored_candidates n=3; flagged_needs_manual_review,3,3,medium,1
3679,OP07-111,,Lilith,4451,655081,89,market_number_eq_canonical_or_extracted;image_basename_number_agrees;set_code_match;parallel_variant_no_parallel_market_penalty;card_name_substring_product;source_tcgcsv,multiple_scored_candidates n=3; flagged_needs_manual_review,3,3,medium,1
3702,OP07-118,,Sabo,4452,655082,101,market_number_eq_canonical_or_extracted;image_basename_number_agrees;set_code_match;rarity_match;parallel_variant_no_parallel_market_penalty;card_name_substring_product;source_tcgcsv,multiple_scored_candidates n=5; flagged_needs_manual_review,5,5,medium,1
3717,OP08-001,,Tony Tony.Chopper,4006,629185,101,market_number_eq_canonical_or_extracted;image_basename_number_agrees;set_code_match;rarity_match;parallel_variant_no_parallel_market_penalty;card_name_substring_product;source_tcgcsv,multiple_scored_candidates n=3; flagged_needs_manual_review,3,3,medium,1
3722,OP08-002,,Marco,4007,629186,101,market_number_eq_canonical_or_extracted;image_basename_number_agrees;set_code_match;rarity_match;parallel_variant_no_parallel_market_penalty;card_name_substring_product;source_tcgcsv,multiple_scored_candidates n=3; flagged_needs_manual_review,3,3,medium,1
3858,OP08-057,,King,4009,629188,101,market_number_eq_canonical_or_extracted;image_basename_number_agrees;set_code_match;rarity_match;parallel_variant_no_parallel_market_penalty;card_name_substring_product;source_tcgcsv,multiple_scored_candidates n=3; flagged_needs_manual_review,3,3,medium,1
3863,OP08-058,,Charlotte Pudding,4010,629189,101,market_number_eq_canonical_or_extracted;image_basename_number_agrees;set_code_match;rarity_match;parallel_variant_no_parallel_market_penalty;card_name_substring_product;source_tcgcsv,multiple_scored_candidates n=3; flagged_needs_manual_review,3,3,medium,1
3971,OP08-098,,Kalgara,4011,629190,101,market_number_eq_canonical_or_extracted;image_basename_number_agrees;set_code_match;rarity_match;parallel_variant_no_parallel_market_penalty;card_name_substring_product;source_tcgcsv,multiple_scored_candidates n=3; flagged_needs_manual_review,3,3,medium,1
3997,OP08-106,,Nami,3590,596918,89,market_number_eq_canonical_or_extracted;image_basename_number_agrees;set_code_match;parallel_variant_no_parallel_market_penalty;card_name_substring_product;source_tcgcsv,multiple_scored_candidates n=3; flagged_needs_manual_review,3,3,medium,1
4044,OP09-001,,Shanks,4180,633760,101,market_number_eq_canonical_or_extracted;image_basename_number_agrees;set_code_match;rarity_match;parallel_variant_no_parallel_market_penalty;card_name_substring_product;source_tcgcsv,multiple_scored_candidates n=5; flagged_needs_manual_review,5,5,medium,1
4056,OP09-004,,Shanks,3598,596926,115,market_number_eq_canonical_or_extracted;set_code_match;rarity_match;alt_art_signal;card_name_substring_product;source_tcgcsv,large_candidate_pool n=9; multiple_scored_candidates n=9; flagged_needs_manual_review,9,9,medium,1
4067,OP09-004,,Shanks,3598,596926,115,market_number_eq_canonical_or_extracted;set_code_match;rarity_match;alt_art_signal;card_name_substring_product;source_tcgcsv,large_candidate_pool n=9; multiple_scored_candidates n=9; flagged_needs_manual_review,9,9,medium,1
4086,OP09-009,,Benn.Beckman,4620,657444,101,market_number_eq_canonical_or_extracted;image_basename_number_agrees;set_code_match;rarity_match;parallel_variant_no_parallel_market_penalty;card_name_substring_product;source_tcgcsv,multiple_scored_candidates n=5; flagged_needs_manual_review,5,5,medium,1
4184,OP09-037,,Lim,4434,646564,79,market_number_eq_canonical_or_extracted;image_basename_number_agrees;set_code_match;parallel_variant_no_parallel_market_penalty;source_tcgcsv,multiple_scored_candidates n=3; flagged_needs_manual_review,3,3,medium,1
4238,OP09-051,,Buggy,3657,596985,103,market_number_eq_canonical_or_extracted;set_code_match;alt_art_signal;card_name_substring_product;source_tcgcsv,large_candidate_pool n=8; multiple_scored_candidates n=8; flagged_needs_manual_review,8,8,medium,1
4272,OP09-061,,Monkey.D.Luffy,4232,632776,101,market_number_eq_canonical_or_extracted;image_basename_number_agrees;set_code_match;rarity_match;parallel_variant_no_parallel_market_penalty;card_name_substring_product;source_tcgcsv,multiple_scored_candidates n=5; flagged_needs_manual_review,5,5,medium,1
4348,OP09-081,,Marshall.D.Teach,4249,632819,101,market_number_eq_canonical_or_extracted;image_basename_number_agrees;set_code_match;rarity_match;parallel_variant_no_parallel_market_penalty;card_name_substring_product;source_tcgcsv,multiple_scored_candidates n=4; flagged_needs_manual_review,4,4,medium,1
4388,OP09-093,,Marshall.D.Teach,3708,597036,115,market_number_eq_canonical_or_extracted;set_code_match;rarity_match;alt_art_signal;card_name_substring_product;source_tcgcsv,large_candidate_pool n=8; multiple_scored_candidates n=8; flagged_needs_manual_review,8,8,medium,1
4398,OP09-093,,Marshall.D.Teach,3708,597036,115,market_number_eq_canonical_or_extracted;set_code_match;rarity_match;alt_art_signal;card_name_substring_product;source_tcgcsv,large_candidate_pool n=8; multiple_scored_candidates n=8; flagged_needs_manual_review,8,8,medium,1
4472,OP09-118,,Gol.D.Roger,3738,597066,103,market_number_eq_canonical_or_extracted;set_code_match;alt_art_signal;card_name_substring_product;source_tcgcsv,multiple_scored_candidates n=4; flagged_needs_manual_review,4,4,medium,1
4480,OP09-119,,Monkey.D.Luffy,3741,597069,103,market_number_eq_canonical_or_extracted;set_code_match;alt_art_signal;card_name_substring_product;source_tcgcsv,multiple_scored_candidates n=5; flagged_needs_manual_review,5,5,medium,1
4569,OP10-030,,Smoker,4623,657449,89,market_number_eq_canonical_or_extracted;image_basename_number_agrees;set_code_match;parallel_variant_no_parallel_market_penalty;card_name_substring_product;source_tcgcsv,multiple_scored_candidates n=3; flagged_needs_manual_review,3,3,medium,1
4708,OP10-082,,Kuzan,4437,646567,89,market_number_eq_canonical_or_extracted;image_basename_number_agrees;set_code_match;parallel_variant_no_parallel_market_penalty;card_name_substring_product;source_tcgcsv,multiple_scored_candidates n=3; flagged_needs_manual_review,3,3,medium,1
4825,OP11-001,,Koby,4018,632356,127,market_number_eq_canonical_or_extracted;image_basename_number_agrees;set_code_match;rarity_match;alt_art_signal;card_name_substring_product;source_tcgcsv,multiple_scored_candidates n=2; flagged_needs_manual_review,2,2,medium,1
4833,OP11-004,,Kujyaku,4022,632360,127,market_number_eq_canonical_or_extracted;image_basename_number_agrees;set_code_match;rarity_match;alt_art_signal;card_name_substring_product;source_tcgcsv,multiple_scored_candidates n=3; flagged_needs_manual_review,3,3,medium,1
4844,OP11-008,,Doll,4027,632365,127,market_number_eq_canonical_or_extracted;image_basename_number_agrees;set_code_match;rarity_match;alt_art_signal;card_name_substring_product;source_tcgcsv,multiple_scored_candidates n=2; flagged_needs_manual_review,2,2,medium,1
4850,OP11-010,,Hibari,4030,632368,127,market_number_eq_canonical_or_extracted;image_basename_number_agrees;set_code_match;rarity_match;alt_art_signal;card_name_substring_product;source_tcgcsv,multiple_scored_candidates n=3; flagged_needs_manual_review,3,3,medium,1
4871,OP11-018,,Honesty Impact,4039,632377,127,market_number_eq_canonical_or_extracted;image_basename_number_agrees;set_code_match;rarity_match;alt_art_signal;card_name_substring_product;source_tcgcsv,multiple_scored_candidates n=2; flagged_needs_manual_review,2,2,medium,1
4879,OP11-021,,Jinbe,4043,632381,127,market_number_eq_canonical_or_extracted;image_basename_number_agrees;set_code_match;rarity_match;alt_art_signal;card_name_substring_product;source_tcgcsv,multiple_scored_candidates n=2; flagged_needs_manual_review,2,2,medium,1
4883,OP11-022,,Shirahoshi,4045,632383,127,market_number_eq_canonical_or_extracted;image_basename_number_agrees;set_code_match;rarity_match;alt_art_signal;card_name_substring_product;source_tcgcsv,multiple_scored_candidates n=2; flagged_needs_manual_review,2,2,medium,1
4887,OP11-023,,Arlong,4047,632385,127,market_number_eq_canonical_or_extracted;image_basename_number_agrees;set_code_match;rarity_match;alt_art_signal;card_name_substring_product;source_tcgcsv,multiple_scored_candidates n=2; flagged_needs_manual_review,2,2,medium,1
4906,OP11-031,,Jinbe,4056,632394,127,market_number_eq_canonical_or_extracted;image_basename_number_agrees;set_code_match;rarity_match;alt_art_signal;card_name_substring_product;source_tcgcsv,multiple_scored_candidates n=2; flagged_needs_manual_review,2,2,medium,1
4926,OP11-040,,Monkey.D.Luffy,4066,632404,127,market_number_eq_canonical_or_extracted;image_basename_number_agrees;set_code_match;rarity_match;alt_art_signal;card_name_substring_product;source_tcgcsv,multiple_scored_candidates n=2; flagged_needs_manual_review,2,2,medium,1
4930,OP11-041,,Nami,4068,632406,127,market_number_eq_canonical_or_extracted;image_basename_number_agrees;set_code_match;rarity_match;alt_art_signal;card_name_substring_product;source_tcgcsv,multiple_scored_candidates n=3; flagged_needs_manual_review,3,3,medium,1
4947,OP11-047,,Vinsmoke Reiju,4075,632413,127,market_number_eq_canonical_or_extracted;image_basename_number_agrees;set_code_match;rarity_match;alt_art_signal;card_name_substring_product;source_tcgcsv,multiple_scored_candidates n=2; flagged_needs_manual_review,2,2,medium,1
4959,OP11-051,,Sanji,4080,632418,127,market_number_eq_canonical_or_extracted;image_basename_number_agrees;set_code_match;rarity_match;alt_art_signal;card_name_substring_product;source_tcgcsv,multiple_scored_candidates n=2; flagged_needs_manual_review,2,2,medium,1
4968,OP11-054,,Nami,4084,632422,127,market_number_eq_canonical_or_extracted;image_basename_number_agrees;set_code_match;rarity_match;alt_art_signal;card_name_substring_product;source_tcgcsv,multiple_scored_candidates n=3; flagged_needs_manual_review,3,3,medium,1
4993,OP11-062,,Charlotte Katakuri,4093,632431,127,market_number_eq_canonical_or_extracted;image_basename_number_agrees;set_code_match;rarity_match;alt_art_signal;card_name_substring_product;source_tcgcsv,multiple_scored_candidates n=2; flagged_needs_manual_review,2,2,medium,1
5007,OP11-067,,Charlotte Katakuri,4099,632437,127,market_number_eq_canonical_or_extracted;image_basename_number_agrees;set_code_match;rarity_match;alt_art_signal;card_name_substring_product;source_tcgcsv,multiple_scored_candidates n=3; flagged_needs_manual_review,3,3,medium,1
5016,OP11-070,,Charlotte Pudding,4103,632441,127,market_number_eq_canonical_or_extracted;image_basename_number_agrees;set_code_match;rarity_match;alt_art_signal;card_name_substring_product;source_tcgcsv,multiple_scored_candidates n=2; flagged_needs_manual_review,2,2,medium,1
5025,OP11-073,,Charlotte Linlin,4107,632445,127,market_number_eq_canonical_or_extracted;image_basename_number_agrees;set_code_match;rarity_match;alt_art_signal;card_name_substring_product;source_tcgcsv,multiple_scored_candidates n=3; flagged_needs_manual_review,3,3,medium,1
5042,OP11-080,,Gear Two,4115,632453,127,market_number_eq_canonical_or_extracted;image_basename_number_agrees;set_code_match;rarity_match;alt_art_signal;card_name_substring_product;source_tcgcsv,multiple_scored_candidates n=2; flagged_needs_manual_review,2,2,medium,1
5052,OP11-084,,Kuzan,4120,632458,127,market_number_eq_canonical_or_extracted;image_basename_number_agrees;set_code_match;rarity_match;alt_art_signal;card_name_substring_product;source_tcgcsv,multiple_scored_candidates n=2; flagged_needs_manual_review,2,2,medium,1
5071,OP11-092,,Helmeppo,4129,632467,127,market_number_eq_canonical_or_extracted;image_basename_number_agrees;set_code_match;rarity_match;alt_art_signal;card_name_substring_product;source_tcgcsv,multiple_scored_candidates n=2; flagged_needs_manual_review,2,2,medium,1
5079,OP11-095,,Monkey.D.Garp,4133,632471,127,market_number_eq_canonical_or_extracted;image_basename_number_agrees;set_code_match;rarity_match;alt_art_signal;card_name_substring_product;source_tcgcsv,multiple_scored_candidates n=2; flagged_needs_manual_review,2,2,medium,1
5094,OP11-101,,"Capone""Gang""Bege",4140,632478,127,market_number_eq_canonical_or_extracted;image_basename_number_agrees;set_code_match;rarity_match;alt_art_signal;card_name_substring_product;source_tcgcsv,multiple_scored_candidates n=2; flagged_needs_manual_review,2,2,medium,1
5106,OP11-106,,Zeus,4146,632484,127,market_number_eq_canonical_or_extracted;image_basename_number_agrees;set_code_match;rarity_match;alt_art_signal;card_name_substring_product;source_tcgcsv,multiple_scored_candidates n=4; flagged_needs_manual_review,4,4,medium,1
5107,OP11-106,,Zeus,4146,632484,127,market_number_eq_canonical_or_extracted;image_basename_number_agrees;set_code_match;rarity_match;alt_art_signal;card_name_substring_product;source_tcgcsv,multiple_scored_candidates n=4; flagged_needs_manual_review,4,4,medium,1
5126,OP11-114,,Gum-Gum Fire-Fist Pistol Red Hawk,4155,632493,127,market_number_eq_canonical_or_extracted;image_basename_number_agrees;set_code_match;rarity_match;alt_art_signal;card_name_substring_product;source_tcgcsv,multiple_scored_candidates n=2; flagged_needs_manual_review,2,2,medium,1
5136,OP11-118,,Monkey.D.Luffy,4160,632498,127,market_number_eq_canonical_or_extracted;image_basename_number_agrees;set_code_match;rarity_match;alt_art_signal;card_name_substring_product;source_tcgcsv,multiple_scored_candidates n=3; flagged_needs_manual_review,3,3,medium,1
5142,OP11-119,,Koby,4163,632501,127,market_number_eq_canonical_or_extracted;image_basename_number_agrees;set_code_match;rarity_match;alt_art_signal;card_name_substring_product;source_tcgcsv,multiple_scored_candidates n=3; flagged_needs_manual_review,3,3,medium,1
5148,OP12-001,,Silvers Rayleigh,4287,643724,127,market_number_eq_canonical_or_extracted;image_basename_number_agrees;set_code_match;rarity_match;alt_art_signal;card_name_substring_product;source_tcgcsv,multiple_scored_candidates n=2; flagged_needs_manual_review,2,2,medium,1
5166,OP12-008,,Shanks,4295,643733,127,market_number_eq_canonical_or_extracted;image_basename_number_agrees;set_code_match;rarity_match;alt_art_signal;card_name_substring_product;source_tcgcsv,multiple_scored_candidates n=2; flagged_needs_manual_review,2,2,medium,1
5180,OP12-014,,Boa Hancock,4302,643740,127,market_number_eq_canonical_or_extracted;image_basename_number_agrees;set_code_match;rarity_match;alt_art_signal;card_name_substring_product;source_tcgcsv,multiple_scored_candidates n=3; flagged_needs_manual_review,3,3,medium,1
5184,OP12-015,,Monkey.D.Luffy,4304,643742,127,market_number_eq_canonical_or_extracted;image_basename_number_agrees;set_code_match;rarity_match;alt_art_signal;card_name_substring_product;source_tcgcsv,multiple_scored_candidates n=3; flagged_needs_manual_review,3,3,medium,1
5198,OP12-020,,Roronoa Zoro,4310,643748,127,market_number_eq_canonical_or_extracted;image_basename_number_agrees;set_code_match;rarity_match;alt_art_signal;card_name_substring_product;source_tcgcsv,multiple_scored_candidates n=4; flagged_needs_manual_review,4,4,medium,1
5231,OP12-030,,Dracule Mihawk,4321,643759,115,market_number_eq_canonical_or_extracted;image_basename_number_agrees;set_code_match;alt_art_signal;card_name_substring_product;source_tcgcsv,multiple_scored_candidates n=3; flagged_needs_manual_review,3,3,medium,1
5237,OP12-031,,Tashigi,4323,643761,127,market_number_eq_canonical_or_extracted;image_basename_number_agrees;set_code_match;rarity_match;alt_art_signal;card_name_substring_product;source_tcgcsv,multiple_scored_candidates n=4; flagged_needs_manual_review,4,4,medium,1
5249,OP12-034,,Perona,4327,643765,127,market_number_eq_canonical_or_extracted;image_basename_number_agrees;set_code_match;rarity_match;alt_art_signal;card_name_substring_product;source_tcgcsv,multiple_scored_candidates n=3; flagged_needs_manual_review,3,3,medium,1
5259,OP12-037,,Demon Aura Nine Sword Style Asura Blades Drawn Dead Man's Game,4331,643769,127,market_number_eq_canonical_or_extracted;image_basename_number_agrees;set_code_match;rarity_match;alt_art_signal;card_name_substring_product;source_tcgcsv,multiple_scored_candidates n=2; flagged_needs_manual_review,2,2,medium,1
5270,OP12-040,,Kuzan,4335,643773,127,market_number_eq_canonical_or_extracted;image_basename_number_agrees;set_code_match;rarity_match;alt_art_signal;card_name_substring_product;source_tcgcsv,multiple_scored_candidates n=2; flagged_needs_manual_review,2,2,medium,1
5274,OP12-041,,Sanji,4337,643775,127,market_number_eq_canonical_or_extracted;image_basename_number_agrees;set_code_match;rarity_match;alt_art_signal;card_name_substring_product;source_tcgcsv,multiple_scored_candidates n=2; flagged_needs_manual_review,2,2,medium,1
5280,OP12-043,,Kuzan,4340,643778,127,market_number_eq_canonical_or_extracted;image_basename_number_agrees;set_code_match;rarity_match;alt_art_signal;card_name_substring_product;source_tcgcsv,multiple_scored_candidates n=2; flagged_needs_manual_review,2,2,medium,1
5310,OP12-056,,Monkey.D.Garp,4354,643792,127,market_number_eq_canonical_or_extracted;image_basename_number_agrees;set_code_match;rarity_match;alt_art_signal;card_name_substring_product;source_tcgcsv,multiple_scored_candidates n=2; flagged_needs_manual_review,2,2,medium,1
5320,OP12-060,,Boeuf Burst,4359,643797,127,market_number_eq_canonical_or_extracted;image_basename_number_agrees;set_code_match;rarity_match;alt_art_signal;card_name_substring_product;source_tcgcsv,multiple_scored_candidates n=2; flagged_needs_manual_review,2,2,medium,1
5325,OP12-061,,Donquixote Rosinante,4361,643799,127,market_number_eq_canonical_or_extracted;image_basename_number_agrees;set_code_match;rarity_match;alt_art_signal;card_name_substring_product;source_tcgcsv,multiple_scored_candidates n=2; flagged_needs_manual_review,2,2,medium,1
5333,OP12-063,,Vinsmoke Reiju,4364,643802,127,market_number_eq_canonical_or_extracted;image_basename_number_agrees;set_code_match;rarity_match;alt_art_signal;card_name_substring_product;source_tcgcsv,multiple_scored_candidates n=2; flagged_needs_manual_review,2,2,medium,1
5351,OP12-070,,Sanji,4372,643810,127,market_number_eq_canonical_or_extracted;image_basename_number_agrees;set_code_match;rarity_match;alt_art_signal;card_name_substring_product;source_tcgcsv,multiple_scored_candidates n=2; flagged_needs_manual_review,2,2,medium,1
5361,OP12-073,,Trafalgar Law,4376,643814,127,market_number_eq_canonical_or_extracted;image_basename_number_agrees;set_code_match;rarity_match;alt_art_signal;card_name_substring_product;source_tcgcsv,multiple_scored_candidates n=2; flagged_needs_manual_review,2,2,medium,1
5381,OP12-081,,Koala,4385,643823,127,market_number_eq_canonical_or_extracted;image_basename_number_agrees;set_code_match;rarity_match;alt_art_signal;card_name_substring_product;source_tcgcsv,multiple_scored_candidates n=2; flagged_needs_manual_review,2,2,medium,1
5393,OP12-086,,Koala,4391,643829,127,market_number_eq_canonical_or_extracted;image_basename_number_agrees;set_code_match;rarity_match;alt_art_signal;card_name_substring_product;source_tcgcsv,multiple_scored_candidates n=2; flagged_needs_manual_review,2,2,medium,1
5397,OP12-087,,Nico Robin,4393,643831,127,market_number_eq_canonical_or_extracted;image_basename_number_agrees;set_code_match;rarity_match;alt_art_signal;card_name_substring_product;source_tcgcsv,multiple_scored_candidates n=2; flagged_needs_manual_review,2,2,medium,1
5417,OP12-094,,Monkey.D.Dragon,4401,643839,127,market_number_eq_canonical_or_extracted;image_basename_number_agrees;set_code_match;rarity_match;alt_art_signal;card_name_substring_product;source_tcgcsv,multiple_scored_candidates n=3; flagged_needs_manual_review,3,3,medium,1
5438,OP12-102,,Shirahoshi,4410,643848,127,market_number_eq_canonical_or_extracted;image_basename_number_agrees;set_code_match;rarity_match;alt_art_signal;card_name_substring_product;source_tcgcsv,multiple_scored_candidates n=2; flagged_needs_manual_review,2,2,medium,1
5454,OP12-108,,Donquixote Rosinante,4417,643855,115,market_number_eq_canonical_or_extracted;image_basename_number_agrees;set_code_match;alt_art_signal;card_name_substring_product;source_tcgcsv,multiple_scored_candidates n=4; flagged_needs_manual_review,4,4,medium,1
5485,OP12-118,,Jewelry Bonney,4428,643866,127,market_number_eq_canonical_or_extracted;image_basename_number_agrees;set_code_match;rarity_match;alt_art_signal;card_name_substring_product;source_tcgcsv,multiple_scored_candidates n=3; flagged_needs_manual_review,3,3,medium,1
5492,OP12-119,,Bartholomew Kuma,4431,643869,127,market_number_eq_canonical_or_extracted;image_basename_number_agrees;set_code_match;rarity_match;alt_art_signal;card_name_substring_product;source_tcgcsv,multiple_scored_candidates n=3; flagged_needs_manual_review,3,3,medium,1
5497,OP13-001,,Monkey.D.Luffy,4454,657251,127,market_number_eq_canonical_or_extracted;image_basename_number_agrees;set_code_match;rarity_match;alt_art_signal;card_name_substring_product;source_tcgcsv,multiple_scored_candidates n=2; flagged_needs_manual_review,2,2,medium,1
5502,OP13-002,,Portgas.D.Ace,4456,657253,127,market_number_eq_canonical_or_extracted;image_basename_number_agrees;set_code_match;rarity_match;alt_art_signal;card_name_substring_product;source_tcgcsv,multiple_scored_candidates n=2; flagged_needs_manual_review,2,2,medium,1
5506,OP13-003,,Gol.D.Roger,4458,657255,127,market_number_eq_canonical_or_extracted;image_basename_number_agrees;set_code_match;rarity_match;alt_art_signal;card_name_substring_product;source_tcgcsv,multiple_scored_candidates n=3; flagged_needs_manual_review,3,3,medium,1
5510,OP13-004,,Sabo,4460,657257,127,market_number_eq_canonical_or_extracted;image_basename_number_agrees;set_code_match;rarity_match;alt_art_signal;card_name_substring_product;source_tcgcsv,multiple_scored_candidates n=2; flagged_needs_manual_review,2,2,medium,1
5518,OP13-007,,Ace & Sabo & Luffy,4464,657261,127,market_number_eq_canonical_or_extracted;image_basename_number_agrees;set_code_match;rarity_match;alt_art_signal;card_name_substring_product;source_tcgcsv,multiple_scored_candidates n=2; flagged_needs_manual_review,2,2,medium,1
5539,OP13-016,,Monkey.D.Garp,4474,657271,127,market_number_eq_canonical_or_extracted;image_basename_number_agrees;set_code_match;rarity_match;alt_art_signal;card_name_substring_product;source_tcgcsv,multiple_scored_candidates n=3; flagged_needs_manual_review,3,3,medium,1
5556,OP13-023,,Uta,4482,657279,117,market_number_eq_canonical_or_extracted;image_basename_number_agrees;set_code_match;rarity_match;alt_art_signal;source_tcgcsv,multiple_scored_candidates n=2; flagged_needs_manual_review,2,2,medium,1
5566,OP13-027,,Sanji,4487,657284,127,market_number_eq_canonical_or_extracted;image_basename_number_agrees;set_code_match;rarity_match;alt_art_signal;card_name_substring_product;source_tcgcsv,multiple_scored_candidates n=2; flagged_needs_manual_review,2,2,medium,1
5570,OP13-028,,Shanks,4489,657286,127,market_number_eq_canonical_or_extracted;image_basename_number_agrees;set_code_match;rarity_match;alt_art_signal;card_name_substring_product;source_tcgcsv,multiple_scored_candidates n=2; flagged_needs_manual_review,2,2,medium,1
5601,OP13-042,,Edward.Newgate,4504,657301,127,market_number_eq_canonical_or_extracted;image_basename_number_agrees;set_code_match;rarity_match;alt_art_signal;card_name_substring_product;source_tcgcsv,multiple_scored_candidates n=3; flagged_needs_manual_review,3,3,medium,1
5621,OP13-051,,Boa Hancock,4514,657311,127,market_number_eq_canonical_or_extracted;image_basename_number_agrees;set_code_match;rarity_match;alt_art_signal;card_name_substring_product;source_tcgcsv,multiple_scored_candidates n=2; flagged_needs_manual_review,2,2,medium,1
5629,OP13-054,,Yamato,4518,657315,127,market_number_eq_canonical_or_extracted;image_basename_number_agrees;set_code_match;rarity_match;alt_art_signal;card_name_substring_product;source_tcgcsv,multiple_scored_candidates n=2; flagged_needs_manual_review,2,2,medium,1
5654,OP13-064,,Gol.D.Roger,4529,657326,127,market_number_eq_canonical_or_extracted;image_basename_number_agrees;set_code_match;rarity_match;alt_art_signal;card_name_substring_product;source_tcgcsv,multiple_scored_candidates n=2; flagged_needs_manual_review,2,2,medium,1
5658,OP13-065,,Shanks,4531,657328,127,market_number_eq_canonical_or_extracted;image_basename_number_agrees;set_code_match;rarity_match;alt_art_signal;card_name_substring_product;source_tcgcsv,multiple_scored_candidates n=2; flagged_needs_manual_review,2,2,medium,1
5662,OP13-066,,Silvers Rayleigh,4533,657330,127,market_number_eq_canonical_or_extracted;image_basename_number_agrees;set_code_match;rarity_match;alt_art_signal;card_name_substring_product;source_tcgcsv,multiple_scored_candidates n=2; flagged_needs_manual_review,2,2,medium,1
5684,OP13-076,,Divine Departure,4544,657341,127,market_number_eq_canonical_or_extracted;image_basename_number_agrees;set_code_match;rarity_match;alt_art_signal;card_name_substring_product;source_tcgcsv,multiple_scored_candidates n=2; flagged_needs_manual_review,2,2,medium,1
5692,OP13-079,,Imu,4548,657345,117,market_number_eq_canonical_or_extracted;image_basename_number_agrees;set_code_match;rarity_match;alt_art_signal;source_tcgcsv,multiple_scored_candidates n=2; flagged_needs_manual_review,2,2,medium,1
5696,OP13-080,,St. Ethanbaron V. Nusjuro,4550,657347,127,market_number_eq_canonical_or_extracted;image_basename_number_agrees;set_code_match;rarity_match;alt_art_signal;card_name_substring_product;source_tcgcsv,multiple_scored_candidates n=3; flagged_needs_manual_review,3,3,medium,1
5697,OP13-080,,St. Ethanbaron V. Nusjuro,4550,657347,127,market_number_eq_canonical_or_extracted;image_basename_number_agrees;set_code_match;rarity_match;alt_art_signal;card_name_substring_product;source_tcgcsv,multiple_scored_candidates n=3; flagged_needs_manual_review,3,3,medium,1
5704,OP13-082,,Five Elders,4554,657351,127,market_number_eq_canonical_or_extracted;image_basename_number_agrees;set_code_match;rarity_match;alt_art_signal;card_name_substring_product;source_tcgcsv,multiple_scored_candidates n=2; flagged_needs_manual_review,2,2,medium,1
5708,OP13-083,,St. Jaygarcia Saturn,4556,657353,127,market_number_eq_canonical_or_extracted;image_basename_number_agrees;set_code_match;rarity_match;alt_art_signal;card_name_substring_product;source_tcgcsv,multiple_scored_candidates n=3; flagged_needs_manual_review,3,3,medium,1
5709,OP13-083,,St. Jaygarcia Saturn,4556,657353,127,market_number_eq_canonical_or_extracted;image_basename_number_agrees;set_code_match;rarity_match;alt_art_signal;card_name_substring_product;source_tcgcsv,multiple_scored_candidates n=3; flagged_needs_manual_review,3,3,medium,1
5714,OP13-084,,St. Shepherd Ju Peter,4559,657356,127,market_number_eq_canonical_or_extracted;image_basename_number_agrees;set_code_match;rarity_match;alt_art_signal;card_name_substring_product;source_tcgcsv,multiple_scored_candidates n=3; flagged_needs_manual_review,3,3,medium,1
5715,OP13-084,,St. Shepherd Ju Peter,4559,657356,127,market_number_eq_canonical_or_extracted;image_basename_number_agrees;set_code_match;rarity_match;alt_art_signal;card_name_substring_product;source_tcgcsv,multiple_scored_candidates n=3; flagged_needs_manual_review,3,3,medium,1
5730,OP13-089,,St. Topman Warcury,4566,657363,127,market_number_eq_canonical_or_extracted;image_basename_number_agrees;set_code_match;rarity_match;alt_art_signal;card_name_substring_product;source_tcgcsv,multiple_scored_candidates n=3; flagged_needs_manual_review,3,3,medium,1
5731,OP13-089,,St. Topman Warcury,4566,657363,127,market_number_eq_canonical_or_extracted;image_basename_number_agrees;set_code_match;rarity_match;alt_art_signal;card_name_substring_product;source_tcgcsv,multiple_scored_candidates n=3; flagged_needs_manual_review,3,3,medium,1
5738,OP13-091,,St. Marcus Mars,4570,657367,127,market_number_eq_canonical_or_extracted;image_basename_number_agrees;set_code_match;rarity_match;alt_art_signal;card_name_substring_product;source_tcgcsv,multiple_scored_candidates n=3; flagged_needs_manual_review,3,3,medium,1
5739,OP13-091,,St. Marcus Mars,4570,657367,127,market_number_eq_canonical_or_extracted;image_basename_number_agrees;set_code_match;rarity_match;alt_art_signal;card_name_substring_product;source_tcgcsv,multiple_scored_candidates n=3; flagged_needs_manual_review,3,3,medium,1
5760,OP13-100,,Jewelry Bonney,4581,657378,127,market_number_eq_canonical_or_extracted;image_basename_number_agrees;set_code_match;rarity_match;alt_art_signal;card_name_substring_product;source_tcgcsv,multiple_scored_candidates n=2; flagged_needs_manual_review,2,2,medium,1
5778,OP13-108,,Jewelry Bonney,4590,657387,127,market_number_eq_canonical_or_extracted;image_basename_number_agrees;set_code_match;rarity_match;alt_art_signal;card_name_substring_product;source_tcgcsv,multiple_scored_candidates n=2; flagged_needs_manual_review,2,2,medium,1
5785,OP13-110,,Stussy,4593,657390,127,market_number_eq_canonical_or_extracted;image_basename_number_agrees;set_code_match;rarity_match;alt_art_signal;card_name_substring_product;source_tcgcsv,multiple_scored_candidates n=2; flagged_needs_manual_review,2,2,medium,1
5793,OP13-113,,Lilith,4597,657394,127,market_number_eq_canonical_or_extracted;image_basename_number_agrees;set_code_match;rarity_match;alt_art_signal;card_name_substring_product;source_tcgcsv,multiple_scored_candidates n=2; flagged_needs_manual_review,2,2,medium,1
5797,OP13-114,,S-Snake,4599,657396,127,market_number_eq_canonical_or_extracted;image_basename_number_agrees;set_code_match;rarity_match;alt_art_signal;card_name_substring_product;source_tcgcsv,multiple_scored_candidates n=2; flagged_needs_manual_review,2,2,medium,1
5840,OP14-001,,Trafalgar Law,5043,666519,127,market_number_eq_canonical_or_extracted;image_basename_number_agrees;set_code_match;rarity_match;alt_art_signal;card_name_substring_product;source_tcgcsv,multiple_scored_candidates n=2; flagged_needs_manual_review,2,2,medium,1
5858,OP14-009,,Trafalgar Law,5083,668637,127,market_number_eq_canonical_or_extracted;image_basename_number_agrees;set_code_match;rarity_match;alt_art_signal;card_name_substring_product;source_tcgcsv,multiple_scored_candidates n=2; flagged_needs_manual_review,2,2,medium,1
5868,OP14-013,,Monkey.D.Luffy,5045,666521,127,market_number_eq_canonical_or_extracted;image_basename_number_agrees;set_code_match;rarity_match;alt_art_signal;card_name_substring_product;source_tcgcsv,multiple_scored_candidates n=2; flagged_needs_manual_review,2,2,medium,1
5875,OP14-015,,Roronoa Zoro,5100,670250,127,market_number_eq_canonical_or_extracted;image_basename_number_agrees;set_code_match;rarity_match;alt_art_signal;card_name_substring_product;source_tcgcsv,multiple_scored_candidates n=2; flagged_needs_manual_review,2,2,medium,1
5887,OP14-020,,Dracule Mihawk,5047,666525,127,market_number_eq_canonical_or_extracted;image_basename_number_agrees;set_code_match;rarity_match;alt_art_signal;card_name_substring_product;source_tcgcsv,multiple_scored_candidates n=2; flagged_needs_manual_review,2,2,medium,1
5904,OP14-027,,Shanks,5104,670255,127,market_number_eq_canonical_or_extracted;image_basename_number_agrees;set_code_match;rarity_match;alt_art_signal;card_name_substring_product;source_tcgcsv,multiple_scored_candidates n=2; flagged_needs_manual_review,2,2,medium,1
5915,OP14-031,,Nami,5103,670254,127,market_number_eq_canonical_or_extracted;image_basename_number_agrees;set_code_match;rarity_match;alt_art_signal;card_name_substring_product;source_tcgcsv,multiple_scored_candidates n=2; flagged_needs_manual_review,2,2,medium,1
5921,OP14-033,,Perona,5049,666527,127,market_number_eq_canonical_or_extracted;image_basename_number_agrees;set_code_match;rarity_match;alt_art_signal;card_name_substring_product;source_tcgcsv,multiple_scored_candidates n=2; flagged_needs_manual_review,2,2,medium,1
5937,OP14-040,,Jinbe,5079,668569,127,market_number_eq_canonical_or_extracted;image_basename_number_agrees;set_code_match;rarity_match;alt_art_signal;card_name_substring_product;source_tcgcsv,multiple_scored_candidates n=2; flagged_needs_manual_review,2,2,medium,1
5941,OP14-041,,Boa Hancock,5072,668335,127,market_number_eq_canonical_or_extracted;image_basename_number_agrees;set_code_match;rarity_match;alt_art_signal;card_name_substring_product;source_tcgcsv,multiple_scored_candidates n=2; flagged_needs_manual_review,2,2,medium,1
5945,OP14-042,,Arlong,5106,670597,127,market_number_eq_canonical_or_extracted;image_basename_number_agrees;set_code_match;rarity_match;alt_art_signal;card_name_substring_product;source_tcgcsv,multiple_scored_candidates n=2; flagged_needs_manual_review,2,2,medium,1
5962,OP14-049,,Jinbe,5081,668571,127,market_number_eq_canonical_or_extracted;image_basename_number_agrees;set_code_match;rarity_match;alt_art_signal;card_name_substring_product;source_tcgcsv,multiple_scored_candidates n=2; flagged_needs_manual_review,2,2,medium,1
5986,OP14-060,,Donquixote Doflamingo,5051,666529,127,market_number_eq_canonical_or_extracted;image_basename_number_agrees;set_code_match;rarity_match;alt_art_signal;card_name_substring_product;source_tcgcsv,multiple_scored_candidates n=2; flagged_needs_manual_review,2,2,medium,1
5990,OP14-061,,Vergo,5101,670251,127,market_number_eq_canonical_or_extracted;image_basename_number_agrees;set_code_match;rarity_match;alt_art_signal;card_name_substring_product;source_tcgcsv,multiple_scored_candidates n=2; flagged_needs_manual_review,2,2,medium,1
6008,OP14-069,,Donquixote Doflamingo,5085,668639,127,market_number_eq_canonical_or_extracted;image_basename_number_agrees;set_code_match;rarity_match;alt_art_signal;card_name_substring_product;source_tcgcsv,multiple_scored_candidates n=2; flagged_needs_manual_review,2,2,medium,1
6031,OP14-079,,Crocodile,5068,666762,127,market_number_eq_canonical_or_extracted;image_basename_number_agrees;set_code_match;rarity_match;alt_art_signal;card_name_substring_product;source_tcgcsv,multiple_scored_candidates n=2; flagged_needs_manual_review,2,2,medium,1
6035,OP14-080,,Gecko Moria,5060,666573,127,market_number_eq_canonical_or_extracted;image_basename_number_agrees;set_code_match;rarity_match;alt_art_signal;card_name_substring_product;source_tcgcsv,multiple_scored_candidates n=2; flagged_needs_manual_review,2,2,medium,1
6045,OP14-084,,Ms. All Sunday,5070,666913,127,market_number_eq_canonical_or_extracted;image_basename_number_agrees;set_code_match;rarity_match;alt_art_signal;card_name_substring_product;source_tcgcsv,multiple_scored_candidates n=2; flagged_needs_manual_review,2,2,medium,1
6062,OP14-090,,Mr.1(Daz.Bonez),5107,670630,123,market_number_eq_canonical_or_extracted;image_basename_number_agrees;set_code_match;rarity_match;alt_art_signal;name_token_overlap;source_tcgcsv,multiple_scored_candidates n=2; flagged_needs_manual_review,2,2,medium,1
6066,OP14-091,,Mr.2.Bon.Kurei(Bentham),5109,670640,123,market_number_eq_canonical_or_extracted;image_basename_number_agrees;set_code_match;rarity_match;alt_art_signal;name_token_overlap;source_tcgcsv,multiple_scored_candidates n=2; flagged_needs_manual_review,2,2,medium,1
6078,OP14-096,,Ground Death,5112,670874,127,market_number_eq_canonical_or_extracted;image_basename_number_agrees;set_code_match;rarity_match;alt_art_signal;card_name_substring_product;source_tcgcsv,multiple_scored_candidates n=2; flagged_needs_manual_review,2,2,medium,1
6096,OP14-104,,Gecko Moria,5062,666575,127,market_number_eq_canonical_or_extracted;image_basename_number_agrees;set_code_match;rarity_match;alt_art_signal;card_name_substring_product;source_tcgcsv,multiple_scored_candidates n=2; flagged_needs_manual_review,2,2,medium,1
6114,OP14-111,,Perona,5105,670596,127,market_number_eq_canonical_or_extracted;image_basename_number_agrees;set_code_match;rarity_match;alt_art_signal;card_name_substring_product;source_tcgcsv,multiple_scored_candidates n=2; flagged_needs_manual_review,2,2,medium,1
6118,OP14-112,,Boa Hancock,5074,668343,127,market_number_eq_canonical_or_extracted;image_basename_number_agrees;set_code_match;rarity_match;alt_art_signal;card_name_substring_product;source_tcgcsv,multiple_scored_candidates n=4; flagged_needs_manual_review,4,4,medium,1
6135,OP14-118,,You'll Frighten Me... ♡,5113,670875,123,market_number_eq_canonical_or_extracted;image_basename_number_agrees;set_code_match;rarity_match;alt_art_signal;name_token_overlap;source_tcgcsv,multiple_scored_candidates n=2; flagged_needs_manual_review,2,2,medium,1
6139,OP14-119,,Dracule Mihawk,5089,668643,127,market_number_eq_canonical_or_extracted;image_basename_number_agrees;set_code_match;rarity_match;alt_art_signal;card_name_substring_product;source_tcgcsv,multiple_scored_candidates n=4; flagged_needs_manual_review,4,4,medium,1
6145,OP14-120,,Crocodile,5088,668642,127,market_number_eq_canonical_or_extracted;image_basename_number_agrees;set_code_match;rarity_match;alt_art_signal;card_name_substring_product;source_tcgcsv,multiple_scored_candidates n=3; flagged_needs_manual_review,3,3,medium,1
6149,OP15-001,,Krieg,5455,685337,127,market_number_eq_canonical_or_extracted;image_basename_number_agrees;set_code_match;rarity_match;alt_art_signal;card_name_substring_product;source_tcgcsv,multiple_scored_candidates n=2; flagged_needs_manual_review,2,2,medium,1
6151,OP15-002,,Lucy,5457,685339,127,market_number_eq_canonical_or_extracted;image_basename_number_agrees;set_code_match;rarity_match;alt_art_signal;card_name_substring_product;source_tcgcsv,multiple_scored_candidates n=2; flagged_needs_manual_review,2,2,medium,1
6153,OP15-003,,Alvida,5459,685341,127,market_number_eq_canonical_or_extracted;image_basename_number_agrees;set_code_match;rarity_match;alt_art_signal;card_name_substring_product;source_tcgcsv,multiple_scored_candidates n=2; flagged_needs_manual_review,2,2,medium,1
6158,OP15-007,,Gin,5464,685346,117,market_number_eq_canonical_or_extracted;image_basename_number_agrees;set_code_match;rarity_match;alt_art_signal;source_tcgcsv,multiple_scored_candidates n=2; flagged_needs_manual_review,2,2,medium,1
6160,OP15-008,,Krieg,5466,685348,127,market_number_eq_canonical_or_extracted;image_basename_number_agrees;set_code_match;rarity_match;alt_art_signal;card_name_substring_product;source_tcgcsv,multiple_scored_candidates n=2; flagged_needs_manual_review,2,2,medium,1
6175,OP15-022,,Brook,5481,685363,127,market_number_eq_canonical_or_extracted;image_basename_number_agrees;set_code_match;rarity_match;alt_art_signal;card_name_substring_product;source_tcgcsv,multiple_scored_candidates n=2; flagged_needs_manual_review,2,2,medium,1
6179,OP15-025,,Kuro,5485,685367,127,market_number_eq_canonical_or_extracted;image_basename_number_agrees;set_code_match;rarity_match;alt_art_signal;card_name_substring_product;source_tcgcsv,multiple_scored_candidates n=2; flagged_needs_manual_review,2,2,medium,1
6187,OP15-032,,Brook,5493,685375,127,market_number_eq_canonical_or_extracted;image_basename_number_agrees;set_code_match;rarity_match;alt_art_signal;card_name_substring_product;source_tcgcsv,multiple_scored_candidates n=2; flagged_needs_manual_review,2,2,medium,1
6195,OP15-039,,Rebecca,5501,685383,127,market_number_eq_canonical_or_extracted;image_basename_number_agrees;set_code_match;rarity_match;alt_art_signal;card_name_substring_product;source_tcgcsv,multiple_scored_candidates n=2; flagged_needs_manual_review,2,2,medium,1
6203,OP15-046,,Sabo,5509,685391,127,market_number_eq_canonical_or_extracted;image_basename_number_agrees;set_code_match;rarity_match;alt_art_signal;card_name_substring_product;source_tcgcsv,multiple_scored_candidates n=2; flagged_needs_manual_review,2,2,medium,1
6205,OP15-047,,Sanji,5511,685393,127,market_number_eq_canonical_or_extracted;image_basename_number_agrees;set_code_match;rarity_match;alt_art_signal;card_name_substring_product;source_tcgcsv,multiple_scored_candidates n=2; flagged_needs_manual_review,2,2,medium,1
6212,OP15-053,,Rebecca,5518,685400,127,market_number_eq_canonical_or_extracted;image_basename_number_agrees;set_code_match;rarity_match;alt_art_signal;card_name_substring_product;source_tcgcsv,multiple_scored_candidates n=2; flagged_needs_manual_review,2,2,medium,1
6218,OP15-058,,Enel,5524,685406,127,market_number_eq_canonical_or_extracted;image_basename_number_agrees;set_code_match;rarity_match;alt_art_signal;card_name_substring_product;source_tcgcsv,multiple_scored_candidates n=2; flagged_needs_manual_review,2,2,medium,1
6221,OP15-060,,Enel,5527,685409,127,market_number_eq_canonical_or_extracted;image_basename_number_agrees;set_code_match;rarity_match;alt_art_signal;card_name_substring_product;source_tcgcsv,multiple_scored_candidates n=2; flagged_needs_manual_review,2,2,medium,1
6223,OP15-061,,Ohm,5529,685411,117,market_number_eq_canonical_or_extracted;image_basename_number_agrees;set_code_match;rarity_match;alt_art_signal;source_tcgcsv,multiple_scored_candidates n=2; flagged_needs_manual_review,2,2,medium,1
6240,OP15-077,,Lightning Dragon,5546,685428,127,market_number_eq_canonical_or_extracted;image_basename_number_agrees;set_code_match;rarity_match;alt_art_signal;card_name_substring_product;source_tcgcsv,multiple_scored_candidates n=2; flagged_needs_manual_review,2,2,medium,1
6242,OP15-078,,Mamaragan,5548,685430,127,market_number_eq_canonical_or_extracted;image_basename_number_agrees;set_code_match;rarity_match;alt_art_signal;card_name_substring_product;source_tcgcsv,multiple_scored_candidates n=2; flagged_needs_manual_review,2,2,medium,1
6251,OP15-086,,Nami,5557,685439,127,market_number_eq_canonical_or_extracted;image_basename_number_agrees;set_code_match;rarity_match;alt_art_signal;card_name_substring_product;source_tcgcsv,multiple_scored_candidates n=2; flagged_needs_manual_review,2,2,medium,1
6258,OP15-092,,Monkey.D.Luffy,5564,685446,127,market_number_eq_canonical_or_extracted;image_basename_number_agrees;set_code_match;rarity_match;alt_art_signal;card_name_substring_product;source_tcgcsv,multiple_scored_candidates n=2; flagged_needs_manual_review,2,2,medium,1
6265,OP15-098,,Monkey.D.Luffy,5571,685453,127,market_number_eq_canonical_or_extracted;image_basename_number_agrees;set_code_match;rarity_match;alt_art_signal;card_name_substring_product;source_tcgcsv,multiple_scored_candidates n=2; flagged_needs_manual_review,2,2,medium,1
6277,OP15-109,,Nico Robin,5583,685465,127,market_number_eq_canonical_or_extracted;image_basename_number_agrees;set_code_match;rarity_match;alt_art_signal;card_name_substring_product;source_tcgcsv,multiple_scored_candidates n=2; flagged_needs_manual_review,2,2,medium,1
6282,OP15-113,,Roronoa Zoro,5588,685470,127,market_number_eq_canonical_or_extracted;image_basename_number_agrees;set_code_match;rarity_match;alt_art_signal;card_name_substring_product;source_tcgcsv,multiple_scored_candidates n=2; flagged_needs_manual_review,2,2,medium,1
6284,OP15-114,,Wyper,5590,685472,127,market_number_eq_canonical_or_extracted;image_basename_number_agrees;set_code_match;rarity_match;alt_art_signal;card_name_substring_product;source_tcgcsv,multiple_scored_candidates n=2; flagged_needs_manual_review,2,2,medium,1
6287,OP15-116,,Gum-Gum Golden Rifle,5593,685475,127,market_number_eq_canonical_or_extracted;image_basename_number_agrees;set_code_match;rarity_match;alt_art_signal;card_name_substring_product;source_tcgcsv,multiple_scored_candidates n=2; flagged_needs_manual_review,2,2,medium,1
6290,OP15-118,,Enel,5596,685478,127,market_number_eq_canonical_or_extracted;image_basename_number_agrees;set_code_match;rarity_match;alt_art_signal;card_name_substring_product;source_tcgcsv,multiple_scored_candidates n=3; flagged_needs_manual_review,3,3,medium,1
6293,OP15-119,,Monkey.D.Luffy,5599,685481,127,market_number_eq_canonical_or_extracted;image_basename_number_agrees;set_code_match;rarity_match;alt_art_signal;card_name_substring_product;source_tcgcsv,multiple_scored_candidates n=2; flagged_needs_manual_review,2,2,medium,1
6449,P-057,,Fleeting Lullaby,3174,580992,77,market_number_eq_canonical_or_extracted;set_code_match;parallel_variant_no_parallel_market_penalty;card_name_substring_product;source_tcgcsv,multiple_scored_candidates n=2,2,2,medium,0
6452,P-058,,Where the Wind Blows,3175,580993,77,market_number_eq_canonical_or_extracted;set_code_match;parallel_variant_no_parallel_market_penalty;card_name_substring_product;source_tcgcsv,multiple_scored_candidates n=2,2,2,medium,0
6455,P-059,,The World's Continuation,3176,580994,77,market_number_eq_canonical_or_extracted;set_code_match;parallel_variant_no_parallel_market_penalty;card_name_substring_product;source_tcgcsv,multiple_scored_candidates n=2,2,2,medium,0
6458,P-060,,Tot Musica,3177,580995,77,market_number_eq_canonical_or_extracted;set_code_match;parallel_variant_no_parallel_market_penalty;card_name_substring_product;source_tcgcsv,multiple_scored_candidates n=2,2,2,medium,0
6664,PRB01-001,,Sanji,3314,586608,115,market_number_eq_canonical_or_extracted;set_code_match;rarity_match;alt_art_signal;card_name_substring_product;source_tcgcsv,multiple_scored_candidates n=2; flagged_needs_manual_review,2,2,medium,1
6668,PRB02-001,,Koby,4680,653429,127,market_number_eq_canonical_or_extracted;image_basename_number_agrees;set_code_match;rarity_match;alt_art_signal;card_name_substring_product;source_tcgcsv,multiple_scored_candidates n=2; flagged_needs_manual_review,2,2,medium,1
6672,PRB02-002,,Trafalgar Law,4677,653423,127,market_number_eq_canonical_or_extracted;image_basename_number_agrees;set_code_match;rarity_match;alt_art_signal;card_name_substring_product;source_tcgcsv,multiple_scored_candidates n=2; flagged_needs_manual_review,2,2,medium,1
6676,PRB02-003,,Lucky.Roux,4664,653262,127,market_number_eq_canonical_or_extracted;image_basename_number_agrees;set_code_match;rarity_match;alt_art_signal;card_name_substring_product;source_tcgcsv,multiple_scored_candidates n=2; flagged_needs_manual_review,2,2,medium,1
6680,PRB02-004,,Jewelry Bonney,4666,653264,127,market_number_eq_canonical_or_extracted;image_basename_number_agrees;set_code_match;rarity_match;alt_art_signal;card_name_substring_product;source_tcgcsv,multiple_scored_candidates n=2; flagged_needs_manual_review,2,2,medium,1
6684,PRB02-005,,Monkey.D.Luffy,4668,653266,127,market_number_eq_canonical_or_extracted;image_basename_number_agrees;set_code_match;rarity_match;alt_art_signal;card_name_substring_product;source_tcgcsv,multiple_scored_candidates n=5; flagged_needs_manual_review,5,5,medium,1
6688,PRB02-006,,Roronoa Zoro,4682,653431,127,market_number_eq_canonical_or_extracted;image_basename_number_agrees;set_code_match;rarity_match;alt_art_signal;card_name_substring_product;source_tcgcsv,multiple_scored_candidates n=3; flagged_needs_manual_review,3,3,medium,1
6694,PRB02-007,,Jinbe,4690,653603,127,market_number_eq_canonical_or_extracted;image_basename_number_agrees;set_code_match;rarity_match;alt_art_signal;card_name_substring_product;source_tcgcsv,multiple_scored_candidates n=2; flagged_needs_manual_review,2,2,medium,1
6698,PRB02-008,,Marco,4687,653586,127,market_number_eq_canonical_or_extracted;image_basename_number_agrees;set_code_match;rarity_match;alt_art_signal;card_name_substring_product;source_tcgcsv,multiple_scored_candidates n=2; flagged_needs_manual_review,2,2,medium,1
6702,PRB02-009,,Mr.3(Galdino),4672,653398,127,market_number_eq_canonical_or_extracted;image_basename_number_agrees;set_code_match;rarity_match;alt_art_signal;card_name_substring_product;source_tcgcsv,multiple_scored_candidates n=2; flagged_needs_manual_review,2,2,medium,1
6706,PRB02-010,,Charlotte Pudding,4684,653536,127,market_number_eq_canonical_or_extracted;image_basename_number_agrees;set_code_match;rarity_match;alt_art_signal;card_name_substring_product;source_tcgcsv,multiple_scored_candidates n=2; flagged_needs_manual_review,2,2,medium,1
6710,PRB02-011,,Donquixote Doflamingo,4686,653544,127,market_number_eq_canonical_or_extracted;image_basename_number_agrees;set_code_match;rarity_match;alt_art_signal;card_name_substring_product;source_tcgcsv,multiple_scored_candidates n=2; flagged_needs_manual_review,2,2,medium,1
6714,PRB02-012,,Nami,4670,653393,127,market_number_eq_canonical_or_extracted;image_basename_number_agrees;set_code_match;rarity_match;alt_art_signal;card_name_substring_product;source_tcgcsv,multiple_scored_candidates n=2; flagged_needs_manual_review,2,2,medium,1
6718,PRB02-013,,Gecko Moria,4700,653843,127,market_number_eq_canonical_or_extracted;image_basename_number_agrees;set_code_match;rarity_match;alt_art_signal;card_name_substring_product;source_tcgcsv,multiple_scored_candidates n=2; flagged_needs_manual_review,2,2,medium,1
6722,PRB02-014,,Sabo,4698,653841,127,market_number_eq_canonical_or_extracted;image_basename_number_agrees;set_code_match;rarity_match;alt_art_signal;card_name_substring_product;source_tcgcsv,multiple_scored_candidates n=3; flagged_needs_manual_review,3,3,medium,1
6727,PRB02-015,,Shiryu,4676,653404,127,market_number_eq_canonical_or_extracted;image_basename_number_agrees;set_code_match;rarity_match;alt_art_signal;card_name_substring_product;source_tcgcsv,multiple_scored_candidates n=2; flagged_needs_manual_review,2,2,medium,1
6731,PRB02-016,,Otama,4674,653401,127,market_number_eq_canonical_or_extracted;image_basename_number_agrees;set_code_match;rarity_match;alt_art_signal;card_name_substring_product;source_tcgcsv,multiple_scored_candidates n=2; flagged_needs_manual_review,2,2,medium,1
6735,PRB02-017,,Boa Hancock,4702,653858,127,market_number_eq_canonical_or_extracted;image_basename_number_agrees;set_code_match;rarity_match;alt_art_signal;card_name_substring_product;source_tcgcsv,multiple_scored_candidates n=2; flagged_needs_manual_review,2,2,medium,1
6739,PRB02-018,,Portgas.D.Ace,4703,653860,127,market_number_eq_canonical_or_extracted;image_basename_number_agrees;set_code_match;rarity_match;alt_art_signal;card_name_substring_product;source_tcgcsv,multiple_scored_candidates n=2; flagged_needs_manual_review,2,2,medium,1
6920,ST03-002,,Edward Weevil,687,288267,67,market_number_eq_canonical_or_extracted;image_basename_number_agrees;set_code_mismatch_penalty;rarity_match;card_name_substring_product;source_tcgcsv,medium_confidence_tier,1,1,medium,0
7190,ST07-014,,Pekoms,2165,500151,67,market_number_eq_canonical_or_extracted;image_basename_number_agrees;set_code_mismatch_penalty;rarity_match;card_name_substring_product;source_tcgcsv,medium_confidence_tier,1,1,medium,0
7298,ST10-010,,Trafalgar Law,3356,587398,69,market_number_eq_canonical_or_extracted;set_code_mismatch_penalty;rarity_match;alt_art_signal;card_name_substring_product;source_tcgcsv,multiple_scored_candidates n=4; flagged_needs_manual_review,4,4,medium,1
7299,ST10-010,,Trafalgar Law,3356,587398,69,market_number_eq_canonical_or_extracted;set_code_mismatch_penalty;rarity_match;alt_art_signal;card_name_substring_product;source_tcgcsv,multiple_scored_candidates n=4; flagged_needs_manual_review,4,4,medium,1
7303,ST10-010,,Trafalgar Law,3356,587398,81,market_number_eq_canonical_or_extracted;image_basename_number_agrees;set_code_mismatch_penalty;rarity_match;alt_art_signal;card_name_substring_product;source_tcgcsv,multiple_scored_candidates n=4; flagged_needs_manual_review,4,4,medium,1
7433,ST13-011,,Portgas.D.Ace,4438,646571,43,market_number_eq_canonical_or_extracted;set_code_mismatch_penalty;card_name_substring_product;source_tcgcsv,flagged_needs_manual_review,1,1,medium,1
7434,ST13-011,,Portgas.D.Ace,4438,646571,43,market_number_eq_canonical_or_extracted;image_basename_number_agrees;set_code_mismatch_penalty;parallel_variant_no_parallel_market_penalty;card_name_substring_product;source_tcgcsv,flagged_needs_manual_review,1,1,medium,1
7436,ST13-011,,Portgas.D.Ace,4438,646571,55,market_number_eq_canonical_or_extracted;image_basename_number_agrees;set_code_mismatch_penalty;card_name_substring_product;source_tcgcsv,medium_confidence_tier,1,1,medium,0
7455,ST13-015,,Monkey.D.Luffy,1465,617594,67,market_number_eq_canonical_or_extracted;image_basename_number_agrees;set_code_mismatch_penalty;rarity_match;card_name_substring_product;source_tcgcsv,medium_confidence_tier,1,1,medium,0
7456,ST13-015,,Monkey.D.Luffy,1465,617594,55,market_number_eq_canonical_or_extracted;set_code_mismatch_penalty;rarity_match;card_name_substring_product;source_tcgcsv,medium_confidence_tier,1,1,medium,0
7457,ST13-015,,Monkey.D.Luffy,1465,617594,55,market_number_eq_canonical_or_extracted;image_basename_number_agrees;set_code_mismatch_penalty;rarity_match;parallel_variant_no_parallel_market_penalty;card_name_substring_product;source_tcgcsv,medium_confidence_tier,1,1,medium,0
7458,ST13-015,,Monkey.D.Luffy,1465,617594,55,market_number_eq_canonical_or_extracted;image_basename_number_agrees;set_code_mismatch_penalty;rarity_match;parallel_variant_no_parallel_market_penalty;card_name_substring_product;source_tcgcsv,medium_confidence_tier,1,1,medium,0
7687,ST21-014,,Monkey.D.Luffy,1818,661704,67,market_number_eq_canonical_or_extracted;image_basename_number_agrees;set_code_mismatch_penalty;rarity_match;card_name_substring_product;source_tcgcsv,medium_confidence_tier,1,1,medium,0
7688,ST21-014,,Monkey.D.Luffy,1818,661704,67,market_number_eq_canonical_or_extracted;image_basename_number_agrees;set_code_mismatch_penalty;rarity_match;card_name_substring_product;source_tcgcsv,medium_confidence_tier,1,1,medium,0
7689,ST21-014,,Monkey.D.Luffy,1818,661704,55,market_number_eq_canonical_or_extracted;image_basename_number_agrees;set_code_mismatch_penalty;rarity_match;parallel_variant_no_parallel_market_penalty;card_name_substring_product;source_tcgcsv,medium_confidence_tier,1,1,medium,0
7690,ST21-014,,Monkey.D.Luffy,1818,661704,67,market_number_eq_canonical_or_extracted;image_basename_number_agrees;set_code_mismatch_penalty;rarity_match;card_name_substring_product;source_tcgcsv,medium_confidence_tier,1,1,medium,0
7703,ST21-017,,Gum-Gum Mole Pistol,1788,657484,55,market_number_eq_canonical_or_extracted;image_basename_number_agrees;set_code_mismatch_penalty;rarity_match;parallel_variant_no_parallel_market_penalty;card_name_substring_product;source_tcgcsv,medium_confidence_tier,1,1,medium,0
7704,ST21-017,,Gum-Gum Mole Pistol,1788,657484,67,market_number_eq_canonical_or_extracted;image_basename_number_agrees;set_code_mismatch_penalty;rarity_match;card_name_substring_product;source_tcgcsv,medium_confidence_tier,1,1,medium,0
7829,ST29-002,,Usopp,5371,671550,127,market_number_eq_canonical_or_extracted;image_basename_number_agrees;set_code_match;rarity_match;alt_art_signal;card_name_substring_product;source_tcgcsv,multiple_scored_candidates n=2; flagged_needs_manual_review,2,2,medium,1
7833,ST29-003,,Kaku,5373,671555,127,market_number_eq_canonical_or_extracted;image_basename_number_agrees;set_code_match;rarity_match;alt_art_signal;card_name_substring_product;source_tcgcsv,multiple_scored_candidates n=2; flagged_needs_manual_review,2,2,medium,1
7837,ST29-004,,Sanji,5375,671558,127,market_number_eq_canonical_or_extracted;image_basename_number_agrees;set_code_match;rarity_match;alt_art_signal;card_name_substring_product;source_tcgcsv,multiple_scored_candidates n=2; flagged_needs_manual_review,2,2,medium,1
7841,ST29-005,,Jinbe,5377,671560,127,market_number_eq_canonical_or_extracted;image_basename_number_agrees;set_code_match;rarity_match;alt_art_signal;card_name_substring_product;source_tcgcsv,multiple_scored_candidates n=2; flagged_needs_manual_review,2,2,medium,1
7845,ST29-006,,Stussy,5379,671563,127,market_number_eq_canonical_or_extracted;image_basename_number_agrees;set_code_match;rarity_match;alt_art_signal;card_name_substring_product;source_tcgcsv,multiple_scored_candidates n=2; flagged_needs_manual_review,2,2,medium,1
7849,ST29-007,,Tony Tony.Chopper,5381,671596,127,market_number_eq_canonical_or_extracted;image_basename_number_agrees;set_code_match;rarity_match;alt_art_signal;card_name_substring_product;source_tcgcsv,multiple_scored_candidates n=2; flagged_needs_manual_review,2,2,medium,1
7853,ST29-008,,Nami,5383,671598,127,market_number_eq_canonical_or_extracted;image_basename_number_agrees;set_code_match;rarity_match;alt_art_signal;card_name_substring_product;source_tcgcsv,multiple_scored_candidates n=2; flagged_needs_manual_review,2,2,medium,1
7857,ST29-009,,Nico Robin,5385,671600,127,market_number_eq_canonical_or_extracted;image_basename_number_agrees;set_code_match;rarity_match;alt_art_signal;card_name_substring_product;source_tcgcsv,multiple_scored_candidates n=2; flagged_needs_manual_review,2,2,medium,1
7861,ST29-010,,Franky,5387,671602,127,market_number_eq_canonical_or_extracted;image_basename_number_agrees;set_code_match;rarity_match;alt_art_signal;card_name_substring_product;source_tcgcsv,multiple_scored_candidates n=2; flagged_needs_manual_review,2,2,medium,1
7865,ST29-011,,Brook,5389,671604,127,market_number_eq_canonical_or_extracted;image_basename_number_agrees;set_code_match;rarity_match;alt_art_signal;card_name_substring_product;source_tcgcsv,multiple_scored_candidates n=2; flagged_needs_manual_review,2,2,medium,1
7869,ST29-012,,Monkey.D.Luffy,5391,671606,127,market_number_eq_canonical_or_extracted;image_basename_number_agrees;set_code_match;rarity_match;alt_art_signal;card_name_substring_product;source_tcgcsv,multiple_scored_candidates n=2; flagged_needs_manual_review,2,2,medium,1
7873,ST29-013,,Rob Lucci,5393,671608,127,market_number_eq_canonical_or_extracted;image_basename_number_agrees;set_code_match;rarity_match;alt_art_signal;card_name_substring_product;source_tcgcsv,multiple_scored_candidates n=2; flagged_needs_manual_review,2,2,medium,1
7877,ST29-014,,Roronoa Zoro,5395,671610,127,market_number_eq_canonical_or_extracted;image_basename_number_agrees;set_code_match;rarity_match;alt_art_signal;card_name_substring_product;source_tcgcsv,multiple_scored_candidates n=2; flagged_needs_manual_review,2,2,medium,1
